customer_id,customer_name,country_name,city_name,window_start_date,window_end_date,window_payment_operations,window_total_amount,amount_ratio_vs_prev_30d_avg_window,distinct_films_in_window_proxy,client_rank_among_all_by_suspicious_amount
459,TOMMY COLLAZO,Iran,Qomsheh,2005-07-28,2005-08-03,16,96.84,182.26,16,1
2,PATRICIA JOHNSON,United States,San Bernardino,2005-07-27,2005-08-02,17,83.83,251.99,17,2
181,ANA BRADLEY,United States,Memphis,2005-07-26,2005-08-01,14,82.86,146.48,14,3
181,ANA BRADLEY,United States,Memphis,2005-07-27,2005-08-02,14,78.86,91.13,14,4
148,ELEANOR HUNT,Runion,Saint-Denis,2005-07-28,2005-08-03,15,78.85,59.27,15,5
181,ANA BRADLEY,United States,Memphis,2005-07-28,2005-08-03,13,77.87,86.68,13,6
522,ARNOLD HAVENS,Philippines,Santa Rosa,2005-07-27,2005-08-02,14,74.86,54.88,14,7
181,ANA BRADLEY,United States,Memphis,2005-07-29,2005-08-04,12,72.88,68.45,12,8
21,MICHELLE CLARK,Bangladesh,Tangail,2005-08-17,2005-08-23,14,72.86,81.23,14,9
237,TANYA GILBERT,South Korea,Naju,2005-07-27,2005-08-02,15,71.85,215.98,15,10
137,RHONDA KENNEDY,Netherlands,Apeldoorn,2005-07-28,2005-08-03,13,69.87,44.69,13,11
522,ARNOLD HAVENS,Philippines,Santa Rosa,2005-07-28,2005-08-03,13,69.87,45.66,13,11
148,ELEANOR HUNT,Runion,Saint-Denis,2005-08-17,2005-08-23,16,69.84,26.57,16,12
21,MICHELLE CLARK,Bangladesh,Tangail,2005-08-18,2005-08-24,12,68.88,66.9,12,13
403,MIKE WAY,India,Valparai,2005-07-27,2005-08-02,13,67.87,70.36,13,14
15,HELEN HARRIS,India,Bhopal,2005-08-17,2005-08-23,14,67.86,61.86,14,15
487,HECTOR POINDEXTER,Russian Federation,Pjatigorsk,2005-07-27,2005-08-02,15,67.85,170.19,15,16
459,TOMMY COLLAZO,Iran,Qomsheh,2005-07-29,2005-08-04,11,66.89,43.73,11,17
2,PATRICIA JOHNSON,United States,San Bernardino,2005-07-29,2005-08-04,14,66.86,74.43,14,18
346,ARTHUR SIMPKINS,Russian Federation,Maikop,2005-07-28,2005-08-03,14,66.86,49.01,14,19
148,ELEANOR HUNT,Runion,Saint-Denis,2005-08-18,2005-08-24,14,65.86,23.85,14,20
198,ELSIE KELLEY,Nigeria,Ikerre,2005-08-17,2005-08-23,14,65.86,63.94,14,20
144,CLARA SHAW,Belarus,Molodetno,2005-07-27,2005-08-02,16,65.84,35.97,16,21
3,LINDA WILLIAMS,Greece,Athenai,2005-07-27,2005-08-02,12,64.88,195.03,12,22
237,TANYA GILBERT,South Korea,Naju,2005-07-28,2005-08-03,13,64.87,114.75,13,23
259,LENA JENSEN,India,Halisahar,2005-08-18,2005-08-24,13,64.87,39.79,12,23
487,HECTOR POINDEXTER,Russian Federation,Pjatigorsk,2005-07-28,2005-08-03,14,64.86,130.15,14,24
187,BRITTANY RILEY,Ukraine,Sumy,2005-08-17,2005-08-23,9,63.91,80.02,9,25
531,JAMIE WAUGH,Japan,Kuwana,2005-07-27,2005-08-02,12,63.88,68.59,12,26
403,MIKE WAY,India,Valparai,2005-07-28,2005-08-03,12,62.88,55.6,12,27
332,STEPHEN QUALLS,Bangladesh,Dhaka,2005-07-27,2005-08-02,13,62.87,78.82,13,28
75,TAMMY SANDERS,Taiwan,Changhwa,2005-07-27,2005-08-02,14,62.86,78.9,14,29
150,DANIELLE DANIELS,Mexico,Hidalgo,2005-08-17,2005-08-23,14,62.86,135.09,14,30
119,SHERRY MARSHALL,Egypt,Shubra al-Khayma,2005-08-17,2005-08-23,14,62.86,54.02,14,31
522,ARNOLD HAVENS,Philippines,Santa Rosa,2005-07-29,2005-08-04,11,61.89,34.45,11,32
526,KARL SEAL,United States,Cape Coral,2005-08-16,2005-08-22,11,61.89,35.11,11,33
209,TONYA CHAPMAN,India,Bhilwara,2005-07-27,2005-08-02,12,61.88,51.68,12,34
372,STEVE MACKENZIE,Indonesia,Probolinggo,2005-07-27,2005-08-02,12,61.88,60.0,12,34
508,MILTON HOWLAND,India,Vijayawada,2005-07-27,2005-08-02,12,61.88,58.1,12,35
121,JOSEPHINE GOMEZ,India,Etawah,2005-08-17,2005-08-23,13,61.87,58.15,13,36
148,ELEANOR HUNT,Runion,Saint-Denis,2005-08-19,2005-08-25,13,61.87,21.38,13,37
566,CASEY MENA,Turkey,Tokat,2005-07-28,2005-08-03,16,61.84,80.84,16,38
187,BRITTANY RILEY,Ukraine,Sumy,2005-08-18,2005-08-24,8,60.92,67.81,8,39
526,KARL SEAL,United States,Cape Coral,2005-08-17,2005-08-23,11,60.89,28.6,11,40
508,MILTON HOWLAND,India,Vijayawada,2005-07-26,2005-08-01,11,60.89,79.56,11,41
90,RUBY WASHINGTON,China,Meixian,2005-07-27,2005-08-02,12,60.88,130.83,12,42
41,STEPHANIE MITCHELL,Armenia,Yerevan,2005-07-27,2005-08-02,13,60.87,87.12,13,43
468,TIM CARY,India,Bijapur,2005-08-17,2005-08-23,13,60.87,48.14,13,43
342,HAROLD MARTINO,Brazil,Boa Vista,2005-08-17,2005-08-23,14,60.86,63.18,14,44
362,NICHOLAS BARFIELD,Brazil,Belm,2005-08-18,2005-08-24,10,59.9,53.01,10,45
513,DUANE TUBBS,Nauru,Yangor,2005-08-17,2005-08-23,11,59.89,40.93,11,46
550,GUY BROWNLEE,China,Zhoushan,2005-08-17,2005-08-23,11,59.89,50.05,11,47
274,NAOMI JENNINGS,India,Karnal,2005-08-18,2005-08-24,12,59.88,45.02,12,48
390,SHAWN HEATON,Thailand,Nakhon Sawan,2005-08-17,2005-08-23,12,59.88,60.02,12,48
410,CURTIS IRBY,Canada,Richmond Hill,2005-08-17,2005-08-23,12,59.88,35.3,12,48
15,HELEN HARRIS,India,Bhopal,2005-08-18,2005-08-24,13,59.87,43.91,13,49
147,JOANNE ROBERTSON,Japan,Urawa,2005-08-18,2005-08-24,13,59.87,78.3,13,50
346,ARTHUR SIMPKINS,Russian Federation,Maikop,2005-07-29,2005-08-04,13,59.87,37.48,13,51
293,MAE FLETCHER,Spain,Donostia-San Sebastin,2005-08-17,2005-08-23,10,58.9,98.44,10,52
295,DAISY BATES,Russian Federation,Kolpino,2005-07-28,2005-08-03,11,58.89,45.42,11,53
558,JIMMIE EGGLESTON,Poland,Wroclaw,2005-07-06,2005-07-12,11,58.89,63.21,11,53
436,TROY QUIGLEY,Canada,Vancouver,2005-08-17,2005-08-23,12,58.88,41.16,12,54
487,HECTOR POINDEXTER,Russian Federation,Pjatigorsk,2005-07-29,2005-08-04,12,58.88,84.4,12,55
257,MARSHA DOUGLAS,Mozambique,Beira,2005-07-27,2005-08-02,14,58.86,49.13,14,56
423,ALFRED CASILLAS,Egypt,Sawhaj,2005-07-27,2005-08-02,11,57.89,249.53,11,57
148,ELEANOR HUNT,Runion,Saint-Denis,2005-07-29,2005-08-04,11,57.89,28.53,11,58
259,LENA JENSEN,India,Halisahar,2005-08-19,2005-08-25,12,57.88,31.06,11,59
373,LOUIS LEONE,Philippines,Tanauan,2005-08-16,2005-08-22,12,57.88,28.53,12,60
569,DAVE GARDINER,China,Leshan,2005-08-17,2005-08-23,13,57.87,58.04,13,61
50,DIANE COLLINS,Sudan,Omdurman,2005-07-27,2005-08-02,13,57.87,43.48,13,62
494,RAMON CHOATE,Ecuador,Robamba,2005-07-27,2005-08-02,13,57.87,56.15,13,62
92,TINA SIMMONS,Brazil,Goinia,2005-07-06,2005-07-12,10,56.9,114.03,10,63
181,ANA BRADLEY,United States,Memphis,2005-07-30,2005-08-05,10,56.9,35.62,10,63
21,MICHELLE CLARK,Bangladesh,Tangail,2005-08-19,2005-08-25,10,56.9,39.82,10,64
403,MIKE WAY,India,Valparai,2005-07-30,2005-08-05,11,56.89,42.75,11,65
279,DIANNE SHELTON,Iran,Tabriz,2005-08-17,2005-08-23,12,56.88,65.78,12,66
119,SHERRY MARSHALL,Egypt,Shubra al-Khayma,2005-08-18,2005-08-24,13,56.87,41.71,13,67
144,CLARA SHAW,Belarus,Molodetno,2005-07-28,2005-08-03,14,56.86,26.69,14,68
293,MAE FLETCHER,Spain,Donostia-San Sebastin,2005-08-19,2005-08-25,9,55.91,80.1,9,69
513,DUANE TUBBS,Nauru,Yangor,2005-08-18,2005-08-24,10,55.9,35.02,10,70
407,DALE RATCLIFF,South Africa,Rustenburg,2005-07-27,2005-08-02,11,55.89,98.86,11,71
137,RHONDA KENNEDY,Netherlands,Apeldoorn,2005-07-30,2005-08-05,11,55.89,27.54,11,72
274,NAOMI JENNINGS,India,Karnal,2005-08-19,2005-08-25,11,55.89,38.2,11,72
425,FRANCIS SIKES,Mexico,San Juan Bautista Tuxtepec,2005-07-06,2005-07-12,11,55.89,239.87,11,72
560,JORDAN ARCHULETA,Argentina,Avellaneda,2005-07-27,2005-08-02,11,55.89,56.02,11,72
373,LOUIS LEONE,Philippines,Tanauan,2005-07-27,2005-08-02,12,55.88,52.5,12,73
439,ALEXANDER FENNELL,Italy,Bergamo,2005-08-17,2005-08-23,12,55.88,57.97,12,74
29,ANGELA HERNANDEZ,Japan,Shimonoseki,2005-08-17,2005-08-23,13,55.87,44.21,13,75
150,DANIELLE DANIELS,Mexico,Hidalgo,2005-08-18,2005-08-24,13,55.87,80.0,13,75
232,CONSTANCE REID,Nigeria,Zaria,2005-07-27,2005-08-02,13,55.87,186.65,13,75
366,BRANDON HUEY,Turkey,Balikesir,2005-07-27,2005-08-02,13,55.87,38.18,13,75
245,COURTNEY DAY,South Korea,Uijongbu,2005-07-27,2005-08-02,14,55.86,84.0,14,76
406,NATHAN RUNYON,"Virgin Islands, U.S.",Charlotte Amalie,2005-07-27,2005-08-02,14,55.86,112.09,14,76
125,ETHEL WEBB,South Africa,Boksburg,2005-07-27,2005-08-02,14,55.86,69.97,14,77
144,CLARA SHAW,Belarus,Molodetno,2005-07-08,2005-07-14,8,54.92,71.82,8,78
582,ANDY VANHORN,Mexico,Huejutla de Reyes,2005-07-27,2005-08-02,9,54.91,236.0,9,79
362,NICHOLAS BARFIELD,Brazil,Belm,2005-08-19,2005-08-25,9,54.91,42.36,9,80
22,LAURA RODRIGUEZ,Morocco,Sal,2005-08-17,2005-08-23,10,54.9,86.87,10,81
78,LORI WOOD,India,Rae Bareli,2005-07-27,2005-08-02,10,54.9,68.85,10,81
220,CHARLENE ALVAREZ,Tanzania,Zanzibar,2005-07-28,2005-08-03,10,54.9,82.6,10,81
404,STANLEY SCROGGINS,Japan,Omiya,2005-08-18,2005-08-24,10,54.9,53.25,10,81
448,MIGUEL BETANCOURT,Germany,Erlangen,2005-08-17,2005-08-23,10,54.9,103.07,10,81
522,ARNOLD HAVENS,Philippines,Santa Rosa,2005-07-30,2005-08-05,10,54.9,27.05,10,81
81,ANDREA HENDERSON,Madagascar,Mahajanga,2005-08-17,2005-08-23,11,54.89,150.25,11,82
137,RHONDA KENNEDY,Netherlands,Apeldoorn,2005-08-17,2005-08-23,11,54.89,23.57,11,82
577,CLIFTON MALCOLM,Taiwan,Tanshui,2005-07-27,2005-08-02,11,54.89,91.74,11,82
75,TAMMY SANDERS,Taiwan,Changhwa,2005-07-28,2005-08-03,12,54.88,51.64,12,83
186,HOLLY FOX,India,Haldia,2005-08-17,2005-08-23,13,54.87,71.82,13,84
487,HECTOR POINDEXTER,Russian Federation,Pjatigorsk,2005-07-26,2005-08-01,14,54.86,183.48,14,85
138,HAZEL WARREN,China,Hohhot,2005-07-27,2005-08-02,15,54.85,110.14,15,86
19,RUTH MARTINEZ,South Africa,Kimberley,2005-08-16,2005-08-22,8,53.92,64.81,8,87
300,JOHN FARNSWORTH,India,Parbhani,2005-08-18,2005-08-24,10,53.9,42.65,10,88
112,ROSA REYNOLDS,United States,Lancaster,2005-08-17,2005-08-23,11,53.89,33.06,11,89
390,SHAWN HEATON,Thailand,Nakhon Sawan,2005-08-19,2005-08-25,11,53.89,45.01,11,89
462,WARREN SHERROD,Russian Federation,Usolje-Sibirskoje,2005-08-17,2005-08-23,11,53.89,33.76,11,89
512,CECIL VINES,United Kingdom,London,2005-08-17,2005-08-23,11,53.89,57.88,11,89
178,MARION SNYDER,Brazil,Santa Brbara dOeste,2005-07-28,2005-08-03,12,53.88,35.21,12,90
39,DEBRA NELSON,Brazil,Vila Velha,2005-07-29,2005-08-04,12,53.88,39.49,12,91
186,HOLLY FOX,India,Haldia,2005-08-18,2005-08-24,12,53.88,67.6,12,91
535,JAVIER ELROD,Chad,NDjamna,2005-08-17,2005-08-23,13,53.87,67.51,13,92
78,LORI WOOD,India,Rae Bareli,2005-07-28,2005-08-03,9,52.91,61.26,9,93
470,GORDON ALLARD,Yemen,Hodeida,2005-07-26,2005-08-01,9,52.91,35.34,9,93
526,KARL SEAL,United States,Cape Coral,2005-08-18,2005-08-24,9,52.91,22.09,9,93
482,MAURICE CRAWLEY,Mexico,Coatzacoalcos,2005-07-06,2005-07-12,9,52.91,398.82,9,94
265,JENNIE TERRY,Czech Republic,Olomouc,2005-07-06,2005-07-12,10,52.9,99.37,10,95
277,OLGA JIMENEZ,Nigeria,Ogbomosho,2005-08-17,2005-08-23,10,52.9,69.18,10,95
454,ALEX GRESHAM,Mexico,Uruapan,2005-06-16,2005-06-22,10,52.9,198.62,10,95
532,NEIL RENNER,Vietnam,Cam Ranh,2005-07-07,2005-07-13,10,52.9,176.73,10,95
102,CRYSTAL FORD,Israel,Ashdod,2005-07-06,2005-07-12,11,52.89,132.45,11,96
327,LARRY THRASHER,Turkey,Adana,2005-08-17,2005-08-23,11,52.89,159.31,11,97
410,CURTIS IRBY,Canada,Richmond Hill,2005-08-19,2005-08-25,11,52.89,27.41,11,97
29,ANGELA HERNANDEZ,Japan,Shimonoseki,2005-08-18,2005-08-24,12,52.88,38.79,12,98
236,MARCIA DEAN,Philippines,Tanza,2005-07-27,2005-08-02,12,52.88,49.73,12,98
373,LOUIS LEONE,Philippines,Tanauan,2005-07-26,2005-08-01,12,52.88,58.89,12,98
526,KARL SEAL,United States,Cape Coral,2005-07-27,2005-08-02,12,52.88,37.85,12,98
569,DAVE GARDINER,China,Leshan,2005-08-18,2005-08-24,12,52.88,45.46,12,98
50,DIANE COLLINS,Sudan,Omdurman,2005-07-28,2005-08-03,12,52.88,35.32,12,99
121,JOSEPHINE GOMEZ,India,Etawah,2005-08-18,2005-08-24,12,52.88,38.78,12,99
225,ARLENE HARVEY,India,Ambattur,2005-07-27,2005-08-02,12,52.88,35.33,12,99
469,WESLEY BULL,Spain,Ourense (Orense),2005-07-26,2005-08-01,12,52.88,36.14,12,99
342,HAROLD MARTINO,Brazil,Boa Vista,2005-08-18,2005-08-24,12,52.88,43.02,12,100
424,KYLE SPURLOCK,China,Shanwei,2005-07-27,2005-08-02,12,52.88,93.7,12,100
210,ELLA OLIVER,Yemen,Aden,2005-07-06,2005-07-12,13,52.87,398.52,13,101
526,KARL SEAL,United States,Cape Coral,2005-08-19,2005-08-25,8,51.92,21.38,8,102
277,OLGA JIMENEZ,Nigeria,Ogbomosho,2005-08-18,2005-08-24,9,51.91,65.08,9,103
426,BRADLEY MOTLEY,India,Purnea (Purnia),2005-07-27,2005-08-02,9,51.91,91.82,9,104
210,ELLA OLIVER,Yemen,Aden,2005-08-18,2005-08-24,9,51.91,60.03,9,105
331,ERIC ROBERT,Argentina,Santa F,2005-07-06,2005-07-12,9,51.91,120.07,9,105
103,GLADYS HAMILTON,Nigeria,Ilorin,2005-08-19,2005-08-25,10,51.9,70.97,10,106
376,RANDY GAITHER,Russian Federation,Kurgan,2005-07-06,2005-07-12,10,51.9,786.36,10,107
2,PATRICIA JOHNSON,United States,San Bernardino,2005-07-30,2005-08-05,11,51.89,37.14,11,108
279,DIANNE SHELTON,Iran,Tabriz,2005-08-19,2005-08-25,11,51.89,50.33,11,109
473,JORGE OLIVARES,Indonesia,Lhokseumawe,2005-07-27,2005-08-02,11,51.89,60.03,11,109
50,DIANE COLLINS,Sudan,Omdurman,2005-07-29,2005-08-04,11,51.89,33.91,11,110
144,CLARA SHAW,Belarus,Molodetno,2005-07-29,2005-08-04,12,51.88,22.6,12,111
168,REGINA BERRY,China,Jinchang,2005-08-17,2005-08-23,12,51.88,43.34,12,111
595,TERRENCE GUNDERSON,China,Jinzhou,2005-07-27,2005-08-02,13,51.87,38.03,13,112
138,HAZEL WARREN,China,Hohhot,2005-07-28,2005-08-03,14,51.86,86.77,14,113
100,ROBIN HAYES,Russian Federation,Jelets,2005-07-06,2005-07-12,8,50.92,80.57,8,114
280,TRACEY BARRETT,Nigeria,Owo,2005-08-17,2005-08-23,9,50.91,32.58,9,115
531,JAMIE WAUGH,Japan,Kuwana,2005-07-28,2005-08-03,9,50.91,37.33,9,116
15,HELEN HARRIS,India,Bhopal,2005-08-19,2005-08-25,10,50.9,30.62,10,117
372,STEVE MACKENZIE,Indonesia,Probolinggo,2005-07-28,2005-08-03,10,50.9,36.43,10,118
373,LOUIS LEONE,Philippines,Tanauan,2005-07-28,2005-08-03,10,50.9,41.37,10,118
425,FRANCIS SIKES,Mexico,San Juan Bautista Tuxtepec,2005-07-07,2005-07-13,10,50.9,127.46,10,118
560,JORDAN ARCHULETA,Argentina,Avellaneda,2005-07-28,2005-08-03,10,50.9,43.73,10,118
388,CRAIG MORRELL,Philippines,Cavite,2005-08-17,2005-08-23,11,50.89,72.94,11,119
410,CURTIS IRBY,Canada,Richmond Hill,2005-07-27,2005-08-02,11,50.89,49.38,11,120
560,JORDAN ARCHULETA,Argentina,Avellaneda,2005-07-26,2005-08-01,11,50.89,56.67,11,120
329,FRANK WAGGONER,Bangladesh,Jamalpur,2005-07-28,2005-08-03,12,50.88,85.04,12,121
360,RALPH MADRIGAL,Puerto Rico,Arecibo,2005-07-27,2005-08-02,12,50.88,52.76,12,121
294,SHELLY WATTS,United States,Dayton,2005-07-27,2005-08-02,13,50.87,63.69,13,122
125,ETHEL WEBB,South Africa,Boksburg,2005-07-28,2005-08-03,13,50.87,52.73,13,123
275,CAROLE BARNETT,United States,Peoria,2005-08-17,2005-08-23,14,50.86,66.51,14,124
157,DARLENE ROSE,North Korea,Pyongyang,2005-07-27,2005-08-02,15,50.85,90.0,15,125
482,MAURICE CRAWLEY,Mexico,Coatzacoalcos,2005-07-08,2005-07-14,8,49.92,214.86,8,126
265,JENNIE TERRY,Czech Republic,Olomouc,2005-07-08,2005-07-14,9,49.91,78.97,9,127
295,DAISY BATES,Russian Federation,Kolpino,2005-07-29,2005-08-04,9,49.91,31.27,9,128
373,LOUIS LEONE,Philippines,Tanauan,2005-07-29,2005-08-04,9,49.91,39.51,9,128
513,DUANE TUBBS,Nauru,Yangor,2005-08-19,2005-08-25,9,49.91,27.79,9,128
532,NEIL RENNER,Vietnam,Cam Ranh,2005-07-08,2005-07-14,9,49.91,125.09,9,129
469,WESLEY BULL,Spain,Ourense (Orense),2005-08-17,2005-08-23,10,49.9,27.79,10,130
499,MARC OUTLAW,Italy,Brindisi,2005-08-16,2005-08-22,10,49.9,65.31,10,130
499,MARC OUTLAW,Italy,Brindisi,2005-08-17,2005-08-23,10,49.9,48.43,10,130
407,DALE RATCLIFF,South Africa,Rustenburg,2005-07-28,2005-08-03,10,49.9,65.23,10,131
179,DANA HART,Russian Federation,Kirovo-Tepetsk,2005-07-27,2005-08-02,11,49.89,51.72,11,132
119,SHERRY MARSHALL,Egypt,Shubra al-Khayma,2005-08-19,2005-08-25,11,49.89,31.26,11,133
129,CARRIE PORTER,China,Liaocheng,2005-07-29,2005-08-04,11,49.89,71.58,11,133
147,JOANNE ROBERTSON,Japan,Urawa,2005-08-20,2005-08-26,11,49.89,45.46,11,133
279,DIANNE SHELTON,Iran,Tabriz,2005-08-16,2005-08-22,11,49.89,65.22,11,133
373,LOUIS LEONE,Philippines,Tanauan,2005-08-17,2005-08-23,11,49.89,21.74,11,133
424,KYLE SPURLOCK,China,Shanwei,2005-07-28,2005-08-03,11,49.89,75.14,11,133
51,ALICE STEWART,United States,Fontana,2005-08-17,2005-08-23,12,49.88,38.48,12,134
135,JUANITA MASON,India,Pune,2005-07-27,2005-08-02,12,49.88,68.2,12,134
232,CONSTANCE REID,Nigeria,Zaria,2005-07-28,2005-08-03,12,49.88,99.96,12,134
469,WESLEY BULL,Spain,Ourense (Orense),2005-07-27,2005-08-02,12,49.88,31.25,12,134
46,CATHERINE CAMPBELL,Russian Federation,Moscow,2005-08-17,2005-08-23,13,49.87,41.65,13,135
266,NORA HERRERA,Austria,Salzburg,2005-08-17,2005-08-23,13,49.87,48.35,13,135
86,JACQUELINE LONG,Thailand,Songkhla,2005-07-27,2005-08-02,8,48.92,39.74,8,136
75,TAMMY SANDERS,Taiwan,Changhwa,2005-07-29,2005-08-04,9,48.91,38.77,9,137
587,SERGIO STANFIELD,Mexico,Celaya,2005-07-27,2005-08-02,9,48.91,91.99,9,137
259,LENA JENSEN,India,Halisahar,2005-07-27,2005-08-02,9,48.91,91.94,9,138
376,RANDY GAITHER,Russian Federation,Kurgan,2005-07-07,2005-07-13,9,48.91,295.23,9,138
434,EDDIE TOMLIN,Philippines,Ozamis,2005-08-17,2005-08-23,9,48.91,70.07,9,139
469,WESLEY BULL,Spain,Ourense (Orense),2005-08-18,2005-08-24,9,48.91,26.75,9,139
487,HECTOR POINDEXTER,Russian Federation,Pjatigorsk,2005-07-30,2005-08-05,9,48.91,47.49,9,139
577,CLIFTON MALCOLM,Taiwan,Tanshui,2005-07-28,2005-08-03,9,48.91,61.32,9,139
515,ANDRE RAPP,Chile,Coquimbo,2005-08-17,2005-08-23,10,48.9,77.41,10,140
13,KAREN JACKSON,Turkey,Osmaniye,2005-07-28,2005-08-03,10,48.9,77.41,10,141
41,STEPHANIE MITCHELL,Armenia,Yerevan,2005-07-28,2005-08-03,10,48.9,44.55,10,141
66,JANICE WARD,Sweden,Malm,2005-07-06,2005-07-12,10,48.9,49.01,10,141
112,ROSA REYNOLDS,United States,Lancaster,2005-07-28,2005-08-03,10,48.9,133.73,10,141
160,ERIN DUNN,Russian Federation,Ljubertsy,2005-08-17,2005-08-23,10,48.9,47.48,10,141
495,CHARLIE BESS,China,Baiyin,2005-07-27,2005-08-02,10,48.9,77.33,10,141
81,ANDREA HENDERSON,Madagascar,Mahajanga,2005-08-18,2005-08-24,10,48.9,86.55,10,142
471,DEAN SAUER,South Africa,Johannesburg,2005-08-17,2005-08-23,10,48.9,98.19,10,142
125,ETHEL WEBB,South Africa,Boksburg,2005-07-29,2005-08-04,11,48.89,47.44,11,143
468,TIM CARY,India,Bijapur,2005-08-19,2005-08-25,11,48.89,29.39,11,143
141,DEBBIE REYES,Japan,Fukuyama,2005-07-27,2005-08-02,11,48.89,113.26,11,144
446,THEODORE CULP,India,Uluberia,2005-07-27,2005-08-02,11,48.89,54.46,11,144
553,MAX PITT,Yugoslavia,Novi Sad,2005-07-06,2005-07-12,12,48.88,54.39,12,145
42,CAROLYN PEREZ,Thailand,Pak Kret,2005-07-27,2005-08-02,12,48.88,58.82,12,146
520,MITCHELL WESTMORELAND,Vietnam,Nha Trang,2005-08-17,2005-08-23,13,48.87,54.46,13,147
263,HILDA HOPKINS,Philippines,Mandaluyong,2005-08-17,2005-08-23,8,47.92,48.03,8,148
362,NICHOLAS BARFIELD,Brazil,Belm,2005-08-20,2005-08-26,8,47.92,31.33,8,148
497,GILBERT SLEDGE,United Kingdom,York,2005-07-27,2005-08-02,8,47.92,51.47,8,148
45,JANET PHILLIPS,Chile,Antofagasta,2005-07-27,2005-08-02,9,47.91,68.64,9,149
80,MARILYN ROSS,Nigeria,Ife,2005-07-06,2005-07-12,9,47.91,90.0,9,149
273,PRISCILLA LOWE,Mexico,Salamanca,2005-07-06,2005-07-12,9,47.91,65.48,9,149
137,RHONDA KENNEDY,Netherlands,Apeldoorn,2005-08-19,2005-08-25,9,47.91,18.7,9,150
3,LINDA WILLIAMS,Greece,Athenai,2005-07-28,2005-08-03,10,47.9,53.3,10,151
178,MARION SNYDER,Brazil,Santa Brbara dOeste,2005-07-29,2005-08-04,10,47.9,27.69,10,151
333,ANDREW PURDY,Azerbaijan,Baku,2005-07-26,2005-08-01,10,47.9,160.38,10,151
106,CONNIE WALLACE,Russian Federation,Ivanovo,2005-07-27,2005-08-02,10,47.9,90.04,10,152
237,TANYA GILBERT,South Korea,Naju,2005-07-29,2005-08-04,10,47.9,42.35,10,152
467,ALVIN DELOACH,Mexico,Cuauhtmoc,2005-07-27,2005-08-02,10,47.9,62.61,10,152
490,SAM MCDUFFIE,Colombia,Sogamoso,2005-07-06,2005-07-12,10,47.9,160.02,10,153
380,RUSSELL BRINSON,Poland,Tychy,2005-07-27,2005-08-02,11,47.89,84.76,11,154
553,MAX PITT,Yugoslavia,Novi Sad,2005-07-05,2005-07-11,11,47.89,71.94,11,154
148,ELEANOR HUNT,Runion,Saint-Denis,2005-08-20,2005-08-26,11,47.89,14.25,11,155
266,NORA HERRERA,Austria,Salzburg,2005-08-18,2005-08-24,11,47.89,43.64,11,155
348,ROGER QUINTANILLA,Taiwan,Hsichuh,2005-07-27,2005-08-02,11,47.89,36.0,11,155
356,GERALD FULTZ,India,Satna,2005-08-17,2005-08-23,11,47.89,35.13,11,155
372,STEVE MACKENZIE,Indonesia,Probolinggo,2005-08-17,2005-08-23,11,47.89,23.22,11,155
461,DEREK BLAKELY,Philippines,Gingoog,2005-08-17,2005-08-23,11,47.89,60.11,11,155
462,WARREN SHERROD,Russian Federation,Usolje-Sibirskoje,2005-07-27,2005-08-02,11,47.89,47.99,11,155
591,KENT ARSENAULT,Brazil,Juiz de Fora,2005-07-27,2005-08-02,11,47.89,43.6,11,155
566,CASEY MENA,Turkey,Tokat,2005-07-29,2005-08-04,12,47.88,38.92,12,156
572,SIDNEY BURLESON,Poland,Czestochowa,2005-07-27,2005-08-02,12,47.88,79.98,12,156
520,MITCHELL WESTMORELAND,Vietnam,Nha Trang,2005-08-18,2005-08-24,12,47.88,51.47,12,157
502,BRETT CORNWELL,India,Siliguri (Shiliguri),2005-07-27,2005-08-02,13,47.87,32.7,13,158
240,MARLENE WELCH,Japan,Iwaki,2005-07-26,2005-08-01,8,46.92,108.69,8,159
137,RHONDA KENNEDY,Netherlands,Apeldoorn,2005-08-20,2005-08-26,8,46.92,18.08,8,160
285,MIRIAM MCKINNEY,Japan,Otsu,2005-07-27,2005-08-02,8,46.92,39.19,8,160
479,ZACHARY HITE,United States,Akron,2005-07-27,2005-08-02,8,46.92,32.8,8,160
550,GUY BROWNLEE,China,Zhoushan,2005-08-19,2005-08-25,8,46.92,28.8,8,160
103,GLADYS HAMILTON,Nigeria,Ilorin,2005-07-06,2005-07-12,9,46.91,176.8,9,161
585,PERRY SWAFFORD,Argentina,Quilmes,2005-07-27,2005-08-02,9,46.91,40.28,9,161
90,RUBY WASHINGTON,China,Meixian,2005-07-28,2005-08-03,9,46.91,50.39,9,162
389,ALAN KAHN,China,Emeishan,2005-07-27,2005-08-02,9,46.91,70.58,9,162
390,SHAWN HEATON,Thailand,Nakhon Sawan,2005-08-20,2005-08-26,9,46.91,32.8,9,162
560,JORDAN ARCHULETA,Argentina,Avellaneda,2005-07-29,2005-08-04,9,46.91,36.17,9,162
584,SALVADOR TEEL,Gambia,Banjul,2005-08-16,2005-08-22,9,46.91,32.81,9,162
206,TERRI VASQUEZ,Brazil,Blumenau,2005-08-17,2005-08-23,9,46.91,47.02,9,163
292,MISTY LAMBERT,United Arab Emirates,Sharja,2005-07-27,2005-08-02,10,46.9,42.73,10,164
137,RHONDA KENNEDY,Netherlands,Apeldoorn,2005-07-06,2005-07-12,10,46.9,70.49,10,165
148,ELEANOR HUNT,Runion,Saint-Denis,2005-08-21,2005-08-27,10,46.9,13.82,10,165
172,BERNICE WILLIS,Turkey,Batman,2005-08-18,2005-08-24,10,46.9,28.2,10,165
306,CHARLES KOWALSKI,Malaysia,Sungai Petani,2005-08-17,2005-08-23,10,46.9,27.13,10,165
424,KYLE SPURLOCK,China,Shanwei,2005-07-30,2005-08-05,10,46.9,61.41,10,165
439,ALEXANDER FENNELL,Italy,Bergamo,2005-08-18,2005-08-24,10,46.9,37.12,10,165
418,JEFF EAST,Dominican Republic,San Felipe de Puerto Plata,2005-07-27,2005-08-02,11,46.89,78.37,11,166
211,STACEY MONTGOMERY,China,Fuyu,2005-07-06,2005-07-12,11,46.89,88.03,11,167
289,VIOLET RODRIQUEZ,Hong Kong,Kowloon and New Kowloon,2005-08-18,2005-08-24,11,46.89,64.09,11,167
529,ERIK GUILLEN,India,Bhimavaram,2005-08-17,2005-08-23,11,46.89,46.98,11,167
306,CHARLES KOWALSKI,Malaysia,Sungai Petani,2005-07-27,2005-08-02,12,46.88,54.22,12,168
38,MARTHA GONZALEZ,Moldova,Chisinau,2005-07-27,2005-08-02,13,46.87,42.71,13,169
326,JOSE ANDREW,Saint Vincent and the Grenadines,Kingstown,2005-07-27,2005-08-02,14,46.86,93.91,14,170
265,JENNIE TERRY,Czech Republic,Olomouc,2005-07-09,2005-07-15,7,45.93,60.07,7,171
86,JACQUELINE LONG,Thailand,Songkhla,2005-07-28,2005-08-03,7,45.93,34.52,7,172
293,MAE FLETCHER,Spain,Donostia-San Sebastin,2005-08-20,2005-08-26,7,45.93,44.56,7,172
19,RUTH MARTINEZ,South Africa,Kimberley,2005-08-17,2005-08-23,8,45.92,40.58,8,173
259,LENA JENSEN,India,Halisahar,2005-07-28,2005-08-03,8,45.92,72.7,8,173
373,LOUIS LEONE,Philippines,Tanauan,2005-07-30,2005-08-05,8,45.92,32.89,8,173
388,CRAIG MORRELL,Philippines,Cavite,2005-08-18,2005-08-24,8,45.92,53.19,8,173
22,LAURA RODRIGUEZ,Morocco,Sal,2005-08-19,2005-08-25,8,45.92,49.31,8,174
26,JESSICA HALL,Holy See (Vatican City State),Citt del Vaticano,2005-08-17,2005-08-23,8,45.92,72.77,8,174
58,JEAN BELL,Malaysia,Kuching,2005-08-18,2005-08-24,8,45.92,34.52,8,174
280,TRACEY BARRETT,Nigeria,Owo,2005-08-19,2005-08-25,8,45.92,26.56,8,174
349,JOE GILLILAND,Philippines,Imus,2005-08-17,2005-08-23,8,45.92,30.01,8,174
491,RICK MATTOX,Egypt,Mit Ghamr,2005-07-27,2005-08-02,8,45.92,51.12,8,174
594,EDUARDO HIATT,China,Jining,2005-07-27,2005-08-02,8,45.92,47.62,8,174
146,JAMIE RICE,United States,Sterling Heights,2005-08-17,2005-08-23,9,45.91,60.04,9,175
176,JUNE CARROLL,Algeria,Skikda,2005-08-17,2005-08-23,9,45.91,37.33,9,175
267,MARGIE WADE,China,Lengshuijiang,2005-08-17,2005-08-23,9,45.91,39.45,9,175
495,CHARLIE BESS,China,Baiyin,2005-07-28,2005-08-03,9,45.91,62.72,9,175
7,MARIA MILLER,Yugoslavia,Kragujevac,2005-07-06,2005-07-12,9,45.91,125.78,9,176
154,MICHELE GRANT,China,Yuncheng,2005-07-27,2005-08-02,9,45.91,49.33,9,176
178,MARION SNYDER,Brazil,Santa Brbara dOeste,2005-07-08,2005-07-14,9,45.91,30.66,9,176
209,TONYA CHAPMAN,India,Bhilwara,2005-07-28,2005-08-03,9,45.91,26.54,9,176
360,RALPH MADRIGAL,Puerto Rico,Arecibo,2005-08-17,2005-08-23,9,45.91,27.07,9,176
459,TOMMY COLLAZO,Iran,Qomsheh,2005-07-30,2005-08-05,9,45.91,20.6,9,176
489,RICARDO MEADOR,Japan,Okayama,2005-08-17,2005-08-23,9,45.91,65.71,9,176
13,KAREN JACKSON,Turkey,Osmaniye,2005-07-29,2005-08-04,9,45.91,62.78,9,177
403,MIKE WAY,India,Valparai,2005-07-31,2005-08-06,9,45.91,27.06,9,177
84,SARA PERRY,Mexico,Atlixco,2005-07-28,2005-08-03,10,45.9,34.49,10,178
144,CLARA SHAW,Belarus,Molodetno,2005-08-17,2005-08-23,10,45.9,20.91,10,178
230,JOY GEORGE,Romania,Botosani,2005-07-27,2005-08-02,10,45.9,62.79,10,178
256,MABEL HOLLAND,Myanmar,Monywa,2005-08-17,2005-08-23,10,45.9,92.05,10,178
296,RAMONA HALE,India,Patiala,2005-08-17,2005-08-23,10,45.9,62.73,10,178
302,MICHAEL SILVERMAN,China,Tiefa,2005-07-27,2005-08-02,10,45.9,60.03,10,178
445,MICHEAL FORMAN,Argentina,Escobar,2005-08-17,2005-08-23,10,45.9,30.67,10,178
453,CALVIN MARTEL,Venezuela,Maracabo,2005-08-17,2005-08-23,10,45.9,81.19,10,178
504,NATHANIEL ADAM,United States,Joliet,2005-08-17,2005-08-23,10,45.9,43.14,10,178
349,JOE GILLILAND,Philippines,Imus,2005-07-27,2005-08-02,10,45.9,72.66,10,179
314,GEORGE LINTON,Brazil,Sorocaba,2005-08-17,2005-08-23,11,45.89,32.08,11,180
144,CLARA SHAW,Belarus,Molodetno,2005-07-30,2005-08-05,11,45.89,18.39,11,181
211,STACEY MONTGOMERY,China,Fuyu,2005-08-17,2005-08-23,11,45.89,41.82,11,181
368,HARRY ARCE,Iran,Najafabad,2005-08-17,2005-08-23,11,45.89,41.81,11,181
416,JEFFERY PINSON,Pakistan,Dadu,2005-07-28,2005-08-03,11,45.89,76.65,11,181
89,JULIA FLORES,Argentina,La Plata,2005-07-27,2005-08-02,12,45.88,43.11,12,182
275,CAROLE BARNETT,United States,Peoria,2005-08-18,2005-08-24,13,45.87,49.27,13,183
367,ADAM GOOCH,India,Adoni,2005-08-18,2005-08-24,7,44.93,67.56,7,184
482,MAURICE CRAWLEY,Mexico,Coatzacoalcos,2005-07-09,2005-07-15,7,44.93,112.7,7,184
497,GILBERT SLEDGE,United Kingdom,York,2005-07-28,2005-08-03,7,44.93,43.59,7,185
459,TOMMY COLLAZO,Iran,Qomsheh,2005-08-18,2005-08-24,8,44.92,13.92,8,186
477,DAN PAINE,United Kingdom,Stockport,2005-07-27,2005-08-02,8,44.92,67.52,8,186
273,PRISCILLA LOWE,Mexico,Salamanca,2005-07-08,2005-07-14,8,44.92,54.03,8,187
300,JOHN FARNSWORTH,India,Parbhani,2005-08-19,2005-08-25,8,44.92,28.74,8,187
347,RYAN SALISBURY,Latvia,Daugavpils,2005-08-17,2005-08-23,8,44.92,32.95,8,187
472,GREG ROBINS,Vietnam,Nam Dinh,2005-08-17,2005-08-23,8,44.92,64.29,8,187
495,CHARLIE BESS,China,Baiyin,2005-07-29,2005-08-04,8,44.92,58.72,8,187
532,NEIL RENNER,Vietnam,Cam Ranh,2005-07-09,2005-07-15,8,44.92,79.46,8,187
583,MARSHALL THORN,United Kingdom,Southampton,2005-07-06,2005-07-12,8,44.92,45.01,8,187
591,KENT ARSENAULT,Brazil,Juiz de Fora,2005-08-18,2005-08-24,8,44.92,28.14,8,187
11,LISA ANDERSON,Japan,Sagamihara,2005-07-27,2005-08-02,9,44.91,64.28,9,188
121,JOSEPHINE GOMEZ,India,Etawah,2005-08-19,2005-08-25,9,44.91,27.56,9,188
178,MARION SNYDER,Brazil,Santa Brbara dOeste,2005-08-17,2005-08-23,9,44.91,25.01,9,188
259,LENA JENSEN,India,Halisahar,2005-08-20,2005-08-26,9,44.91,19.56,8,188
436,TROY QUIGLEY,Canada,Vancouver,2005-08-18,2005-08-24,9,44.91,23.68,9,188
470,GORDON ALLARD,Yemen,Hodeida,2005-07-06,2005-07-12,9,44.91,135.14,9,188
50,DIANE COLLINS,Sudan,Omdurman,2005-07-30,2005-08-05,9,44.91,25.47,9,189
87,WANDA PATTERSON,Colombia,Sincelejo,2005-07-27,2005-08-02,9,44.91,61.35,9,189
327,LARRY THRASHER,Turkey,Adana,2005-08-19,2005-08-25,9,44.91,75.1,9,189
569,DAVE GARDINER,China,Leshan,2005-08-19,2005-08-25,9,44.91,31.43,9,189
589,TRACY HERRMANN,Ecuador,Loja,2005-08-17,2005-08-23,9,44.91,45.02,9,189
40,AMANDA CARTER,Morocco,Nador,2005-08-17,2005-08-23,10,44.9,42.2,10,190
78,LORI WOOD,India,Rae Bareli,2005-08-18,2005-08-24,10,44.9,24.54,10,190
196,ALMA AUSTIN,Germany,Mannheim,2005-07-28,2005-08-03,10,44.9,50.0,10,190
221,BESSIE MORRISON,Italy,Syrakusa,2005-08-17,2005-08-23,10,44.9,45.01,10,190
225,ARLENE HARVEY,India,Ambattur,2005-07-06,2005-07-12,10,44.9,168.59,10,190
302,MICHAEL SILVERMAN,China,Tiefa,2005-08-17,2005-08-23,10,44.9,29.35,10,190
308,THOMAS GRIGSBY,United States,Kansas City,2005-08-17,2005-08-23,10,44.9,64.33,10,190
342,HAROLD MARTINO,Brazil,Boa Vista,2005-08-19,2005-08-25,10,44.9,30.03,10,190
461,DEREK BLAKELY,Philippines,Gingoog,2005-08-19,2005-08-25,10,44.9,50.09,10,190
273,PRISCILLA LOWE,Mexico,Salamanca,2005-07-29,2005-08-04,10,44.9,28.12,10,191
368,HARRY ARCE,Iran,Najafabad,2005-08-18,2005-08-24,10,44.9,39.71,10,191
445,MICHEAL FORMAN,Argentina,Escobar,2005-07-27,2005-08-02,10,44.9,226.01,10,191
475,PEDRO CHESTNUT,Ukraine,ostka,2005-07-28,2005-08-03,10,44.9,35.52,10,191
42,CAROLYN PEREZ,Thailand,Pak Kret,2005-07-28,2005-08-03,11,44.89,46.57,11,192
454,ALEX GRESHAM,Mexico,Uruapan,2005-08-18,2005-08-24,11,44.89,71.07,11,192
494,RAMON CHOATE,Ecuador,Robamba,2005-07-28,2005-08-03,11,44.89,30.68,11,192
541,DARREN WINDHAM,Italy,Livorno,2005-08-18,2005-08-24,11,44.89,61.35,11,193
141,DEBBIE REYES,Japan,Fukuyama,2005-08-17,2005-08-23,12,44.88,27.54,12,194
197,SUE PETERS,China,Changzhou,2005-07-28,2005-08-03,12,44.88,61.31,12,194
144,CLARA SHAW,Belarus,Molodetno,2005-07-09,2005-07-15,6,43.94,38.86,6,195
21,MICHELLE CLARK,Bangladesh,Tangail,2005-08-20,2005-08-26,7,43.93,23.6,7,196
63,ASHLEY RICHARDSON,United States,Lincoln,2005-07-06,2005-07-12,7,43.93,1331.21,7,196
13,KAREN JACKSON,Turkey,Osmaniye,2005-08-17,2005-08-23,8,43.92,26.94,8,197
102,CRYSTAL FORD,Israel,Ashdod,2005-07-07,2005-07-13,8,43.92,62.89,8,197
206,TERRI VASQUEZ,Brazil,Blumenau,2005-08-19,2005-08-25,8,43.92,40.02,8,197
494,RAMON CHOATE,Ecuador,Robamba,2005-08-17,2005-08-23,8,43.92,22.77,8,197
531,JAMIE WAUGH,Japan,Kuwana,2005-07-29,2005-08-04,8,43.92,27.51,8,197
558,JIMMIE EGGLESTON,Poland,Wroclaw,2005-07-07,2005-07-13,8,43.92,30.7,8,197
50,DIANE COLLINS,Sudan,Omdurman,2005-07-31,2005-08-06,8,43.92,24.45,8,198
28,CYNTHIA YOUNG,India,Munger (Monghyr),2005-07-27,2005-08-02,9,43.91,73.47,9,199
81,ANDREA HENDERSON,Madagascar,Mahajanga,2005-08-20,2005-08-26,9,43.91,60.04,9,199
103,GLADYS HAMILTON,Nigeria,Ilorin,2005-08-20,2005-08-26,9,43.91,44.01,9,199
237,TANYA GILBERT,South Korea,Naju,2005-08-17,2005-08-23,9,43.91,18.33,9,199
244,VIOLA HANSON,Philippines,Lapu-Lapu,2005-07-29,2005-08-04,9,43.91,41.28,9,199
274,NAOMI JENNINGS,India,Karnal,2005-08-20,2005-08-26,9,43.91,23.58,9,199
319,RONALD WEINER,Mexico,San Felipe del Progreso,2005-07-07,2005-07-13,9,43.91,60.04,9,199
363,ROY WHITING,Kenya,Nyeri,2005-07-27,2005-08-02,9,43.91,40.0,9,199
377,HOWARD FORTNER,Iran,Kermanshah,2005-07-28,2005-08-03,9,43.91,94.43,9,199
392,SEAN DOUGLASS,Ethiopia,Addis Abeba,2005-08-17,2005-08-23,9,43.91,57.45,9,199
443,FRANCISCO SKIDMORE,Brazil,So Leopoldo,2005-07-27,2005-08-02,9,43.91,77.63,9,199
457,BILL GAVIN,United States,Rockford,2005-08-17,2005-08-23,9,43.91,101.64,9,199
468,TIM CARY,India,Bijapur,2005-08-21,2005-08-27,9,43.91,24.0,9,199
471,DEAN SAUER,South Africa,Johannesburg,2005-08-18,2005-08-24,9,43.91,66.1,9,199
473,JORGE OLIVARES,Indonesia,Lhokseumawe,2005-07-28,2005-08-03,9,43.91,38.85,9,199
502,BRETT CORNWELL,India,Siliguri (Shiliguri),2005-07-26,2005-08-01,9,43.91,37.71,9,199
532,NEIL RENNER,Vietnam,Cam Ranh,2005-07-27,2005-08-02,9,43.91,24.9,9,199
552,HUGH WALDROP,China,Haining,2005-07-28,2005-08-03,9,43.91,65.96,9,199
396,EARL SHANKS,Japan,Iwatsuki,2005-08-18,2005-08-24,9,43.91,47.2,9,200
462,WARREN SHERROD,Russian Federation,Usolje-Sibirskoje,2005-08-18,2005-08-24,9,43.91,22.76,9,200
508,MILTON HOWLAND,India,Vijayawada,2005-07-28,2005-08-03,9,43.91,26.39,9,200
139,AMBER DIXON,Taiwan,Touliu,2005-08-19,2005-08-25,10,43.9,73.37,10,201
141,DEBBIE REYES,Japan,Fukuyama,2005-07-28,2005-08-03,10,43.9,73.41,10,201
262,PATSY DAVIDSON,Ecuador,Portoviejo,2005-08-20,2005-08-26,10,43.9,94.34,10,201
297,SHERRI RHODES,India,Ahmadnagar,2005-08-17,2005-08-23,10,43.9,60.11,10,201
410,CURTIS IRBY,Canada,Richmond Hill,2005-08-20,2005-08-26,10,43.9,19.69,10,201
512,CECIL VINES,United Kingdom,London,2005-08-19,2005-08-25,10,43.9,34.73,10,201
529,ERIK GUILLEN,India,Bhimavaram,2005-08-18,2005-08-24,10,43.9,39.99,10,201
366,BRANDON HUEY,Turkey,Balikesir,2005-07-06,2005-07-12,10,43.9,441.95,10,202
469,WESLEY BULL,Spain,Ourense (Orense),2005-07-06,2005-07-12,10,43.9,119.95,10,202
513,DUANE TUBBS,Nauru,Yangor,2005-07-28,2005-08-03,10,43.9,48.89,10,202
564,BOB PFEIFFER,China,Xintai,2005-07-27,2005-08-02,10,43.9,330.9,10,202
280,TRACEY BARRETT,Nigeria,Owo,2005-07-27,2005-08-02,11,43.89,220.18,11,203
46,CATHERINE CAMPBELL,Russian Federation,Moscow,2005-08-18,2005-08-24,11,43.89,31.42,11,204
348,ROGER QUINTANILLA,Taiwan,Hsichuh,2005-08-18,2005-08-24,11,43.89,27.49,11,204
379,CARLOS COUGHLIN,India,Bhavnagar,2005-08-18,2005-08-24,11,43.89,94.25,11,204
408,MANUEL MURRELL,Sri Lanka,Jaffna,2005-08-17,2005-08-23,11,43.89,37.71,11,204
580,ROSS GREY,Philippines,Iligan,2005-07-28,2005-08-03,11,43.89,57.42,11,204
42,CAROLYN PEREZ,Thailand,Pak Kret,2005-07-26,2005-08-01,12,43.88,54.99,12,205
294,SHELLY WATTS,United States,Dayton,2005-07-28,2005-08-03,12,43.88,42.53,12,205
323,MATTHEW MAHAN,Mexico,Cuautla,2005-07-27,2005-08-02,12,43.88,65.98,12,205
102,CRYSTAL FORD,Israel,Ashdod,2005-07-27,2005-08-02,13,43.87,24.88,13,206
326,JOSE ANDREW,Saint Vincent and the Grenadines,Kingstown,2005-07-28,2005-08-03,13,43.87,73.28,13,206
503,ANGEL BARCLAY,Japan,Ueda,2005-08-17,2005-08-23,13,43.87,69.49,13,206
321,KEVIN SCHULER,Nepal,Birgunj,2005-08-17,2005-08-23,7,42.93,161.39,7,207
434,EDDIE TOMLIN,Philippines,Ozamis,2005-08-18,2005-08-24,7,42.93,47.84,7,207
526,KARL SEAL,United States,Cape Coral,2005-08-20,2005-08-26,7,42.93,15.74,7,208
321,KEVIN SCHULER,Nepal,Birgunj,2005-07-06,2005-07-12,8,42.92,184.47,8,209
536,FERNANDO CHURCHILL,South Korea,Tonghae,2005-07-27,2005-08-02,8,42.92,80.73,8,209
578,WILLARD LUMPKIN,Mexico,Carmen,2005-07-27,2005-08-02,8,42.92,58.69,8,209
80,MARILYN ROSS,Nigeria,Ife,2005-07-07,2005-07-13,8,42.92,61.43,8,210
172,BERNICE WILLIS,Turkey,Batman,2005-08-16,2005-08-22,8,42.92,30.01,8,210
176,JUNE CARROLL,Algeria,Skikda,2005-06-15,2005-06-21,8,42.92,58.66,8,210
178,MARION SNYDER,Brazil,Santa Brbara dOeste,2005-07-09,2005-07-15,8,42.92,26.88,8,210
198,ELSIE KELLEY,Nigeria,Ikerre,2005-08-18,2005-08-24,8,42.92,23.92,8,210
210,ELLA OLIVER,Yemen,Aden,2005-08-19,2005-08-25,8,42.92,36.86,8,210
236,MARCIA DEAN,Philippines,Tanza,2005-08-16,2005-08-22,8,42.92,24.35,8,210
337,JERRY JORDON,Japan,Onomichi,2005-08-17,2005-08-23,8,42.92,43.02,8,210
427,JESUS MCCARTNEY,Brazil,Guaruj,2005-07-26,2005-08-01,8,42.92,56.1,8,210
433,DON BONE,Mozambique,Naala-Porto,2005-08-17,2005-08-23,8,42.92,39.1,8,210
436,TROY QUIGLEY,Canada,Vancouver,2005-07-27,2005-08-02,8,42.92,86.18,8,210
447,CLIFFORD BOWENS,Russian Federation,Nabereznyje Telny,2005-07-29,2005-08-04,8,42.92,53.81,8,210
470,GORDON ALLARD,Yemen,Hodeida,2005-08-17,2005-08-23,8,42.92,21.5,8,210
59,CHERYL MURPHY,India,Mysore,2005-08-19,2005-08-25,9,42.91,41.59,9,211
163,CATHY SPENCER,Japan,Kakamigahara,2005-08-17,2005-08-23,9,42.91,75.99,9,211
166,LYNN PAYNE,Malawi,Lilongwe,2005-08-18,2005-08-24,9,42.91,49.59,9,212
307,JOSEPH JOY,Brazil,Angra dos Reis,2005-07-27,2005-08-02,9,42.91,40.32,9,212
314,GEORGE LINTON,Brazil,Sorocaba,2005-07-27,2005-08-02,9,42.91,51.68,9,212
316,STEVEN CURLEY,India,Miraj,2005-07-27,2005-08-02,9,42.91,61.42,9,212
333,ANDREW PURDY,Azerbaijan,Baku,2005-07-27,2005-08-02,9,42.91,92.28,9,212
454,ALEX GRESHAM,Mexico,Uruapan,2005-08-20,2005-08-26,9,42.91,61.51,9,212
504,NATHANIEL ADAM,United States,Joliet,2005-08-18,2005-08-24,9,42.91,36.87,9,212
49,JOYCE EDWARDS,Saudi Arabia,Jedda,2005-07-27,2005-08-02,9,42.91,37.94,9,213
470,GORDON ALLARD,Yemen,Hodeida,2005-07-28,2005-08-03,9,42.91,20.8,9,213
479,ZACHARY HITE,United States,Akron,2005-07-06,2005-07-12,9,42.91,53.77,9,213
490,SAM MCDUFFIE,Colombia,Sogamoso,2005-07-07,2005-07-13,9,42.91,92.15,9,213
513,DUANE TUBBS,Nauru,Yangor,2005-07-29,2005-08-04,9,42.91,46.09,9,213
532,NEIL RENNER,Vietnam,Cam Ranh,2005-08-17,2005-08-23,9,42.91,29.32,9,213
54,TERESA ROGERS,Japan,Iwakuni,2005-08-17,2005-08-23,10,42.9,47.76,10,214
119,SHERRY MARSHALL,Egypt,Shubra al-Khayma,2005-08-20,2005-08-26,10,42.9,23.46,10,214
150,DANIELLE DANIELS,Mexico,Hidalgo,2005-08-19,2005-08-25,10,42.9,37.94,10,214
172,BERNICE WILLIS,Turkey,Batman,2005-07-27,2005-08-02,10,42.9,39.07,10,214
372,STEVE MACKENZIE,Indonesia,Probolinggo,2005-08-18,2005-08-24,10,42.9,19.25,10,214
441,MARIO CHEATHAM,Algeria,Batna,2005-07-26,2005-08-01,10,42.9,49.65,10,214
485,CLYDE TOBIAS,China,Shaoguan,2005-07-27,2005-08-02,10,42.9,34.89,10,214
576,MORRIS MCCARTER,Taiwan,Fengshan,2005-07-27,2005-08-02,10,42.9,51.6,10,214
579,DARYL LARUE,Iraq,Mosul,2005-07-27,2005-08-02,10,42.9,47.76,10,214
580,ROSS GREY,Philippines,Iligan,2005-07-29,2005-08-04,10,42.9,53.8,10,214
494,RAMON CHOATE,Ecuador,Robamba,2005-07-29,2005-08-04,10,42.9,28.05,10,215
210,ELLA OLIVER,Yemen,Aden,2005-07-07,2005-07-13,11,42.89,92.17,11,216
381,BOBBY BOUDREAU,Anguilla,South Hill,2005-08-17,2005-08-23,11,42.89,56.16,11,216
592,TERRANCE ROUSH,Hungary,Szkesfehrvr,2005-07-27,2005-08-02,11,42.89,40.3,11,216
93,PHYLLIS FOSTER,China,Zalantun,2005-08-18,2005-08-24,11,42.89,129.06,11,217
422,MELVIN ELLINGTON,China,Laohekou,2005-08-17,2005-08-23,11,42.89,51.57,11,217
200,JEANNE LAWSON,Turkmenistan,Ashgabat,2005-08-20,2005-08-26,6,41.94,38.21,6,218
16,SANDRA MARTIN,United Kingdom,Southend-on-Sea,2005-08-17,2005-08-23,7,41.93,52.59,7,219
127,ELAINE STEVENS,Russian Federation,Smolensk,2005-07-28,2005-08-03,7,41.93,70.04,7,219
240,MARLENE WELCH,Japan,Iwaki,2005-07-27,2005-08-02,7,41.93,70.12,7,219
277,OLGA JIMENEZ,Nigeria,Ogbomosho,2005-08-19,2005-08-25,7,41.93,37.1,7,219
309,CHRISTOPHER GRECO,Italy,Brescia,2005-07-06,2005-07-12,7,41.93,48.46,7,219
349,JOE GILLILAND,Philippines,Imus,2005-08-19,2005-08-25,7,41.93,25.21,7,219
477,DAN PAINE,United Kingdom,Stockport,2005-07-28,2005-08-03,7,41.93,54.81,7,219
26,JESSICA HALL,Holy See (Vatican City State),Citt del Vaticano,2005-06-15,2005-06-21,7,41.93,210.35,7,220
207,GERTRUDE CASTILLO,Greenland,Nuuk,2005-08-17,2005-08-23,7,41.93,35.03,7,220
513,DUANE TUBBS,Nauru,Yangor,2005-08-20,2005-08-26,7,41.93,20.33,7,220
23,SARAH LEWIS,Latvia,Liepaja,2005-07-27,2005-08-02,8,41.92,57.32,8,221
189,LORETTA CARPENTER,Canada,Oshawa,2005-07-27,2005-08-02,8,41.92,97.04,8,221
75,TAMMY SANDERS,Taiwan,Changhwa,2005-07-30,2005-08-05,8,41.92,28.05,8,222
87,WANDA PATTERSON,Colombia,Sincelejo,2005-07-28,2005-08-03,8,41.92,50.4,8,222
220,CHARLENE ALVAREZ,Tanzania,Zanzibar,2005-07-29,2005-08-04,8,41.92,38.2,8,222
280,TRACEY BARRETT,Nigeria,Owo,2005-08-16,2005-08-22,8,41.92,28.65,8,222
286,VELMA LUCAS,Nigeria,Effon-Alaiye,2005-07-06,2005-07-12,8,41.92,89.96,8,222
389,ALAN KAHN,China,Emeishan,2005-07-28,2005-08-03,8,41.92,50.45,8,222
425,FRANCIS SIKES,Mexico,San Juan Bautista Tuxtepec,2005-07-08,2005-07-14,8,41.92,60.0,8,222
449,OSCAR AQUINO,Iran,Sirjan,2005-07-28,2005-08-03,8,41.92,74.15,8,222
533,JESSIE MILAM,China,Binzhou,2005-08-17,2005-08-23,8,41.92,30.75,8,222
583,MARSHALL THORN,United Kingdom,Southampton,2005-07-27,2005-08-02,8,41.92,28.0,8,222
371,BILLY POULIN,Philippines,Cabuyao,2005-08-18,2005-08-24,9,41.91,35.98,9,223
526,KARL SEAL,United States,Cape Coral,2005-06-15,2005-06-21,9,41.91,96.94,9,223
526,KARL SEAL,United States,Cape Coral,2005-07-06,2005-07-12,9,41.91,30.0,9,223
123,SHANNON FREEMAN,India,Varanasi (Benares),2005-07-27,2005-08-02,9,41.91,96.86,9,224
129,CARRIE PORTER,China,Liaocheng,2005-07-31,2005-08-06,9,41.91,43.52,9,224
236,MARCIA DEAN,Philippines,Tanza,2005-07-28,2005-08-03,9,41.91,29.33,9,224
273,PRISCILLA LOWE,Mexico,Salamanca,2005-07-30,2005-08-05,9,41.91,24.7,9,224
276,BRANDY GRAVES,United States,Warren,2005-08-17,2005-08-23,9,41.91,32.32,9,224
368,HARRY ARCE,Iran,Najafabad,2005-08-19,2005-08-25,9,41.91,34.06,9,224
374,JEREMY HURTADO,Brazil,Vitria de Santo Anto,2005-08-17,2005-08-23,9,41.91,63.02,9,224
445,MICHEAL FORMAN,Argentina,Escobar,2005-07-28,2005-08-03,9,41.91,140.48,9,224
242,GLENDA FRAZIER,China,Qinhuangdao,2005-07-27,2005-08-02,9,41.91,66.35,9,225
373,LOUIS LEONE,Philippines,Tanauan,2005-08-18,2005-08-24,9,41.91,16.36,9,225
416,JEFFERY PINSON,Pakistan,Dadu,2005-07-29,2005-08-04,9,41.91,57.31,9,225
211,STACEY MONTGOMERY,China,Fuyu,2005-08-18,2005-08-24,10,41.9,34.06,10,226
317,EDWARD BAUGH,Faroe Islands,Trshavn,2005-08-17,2005-08-23,10,41.9,37.06,10,226
418,JEFF EAST,Dominican Republic,San Felipe de Puerto Plata,2005-07-29,2005-08-04,10,41.9,54.8,10,226
517,BRAD MCCURDY,Taiwan,Chungho,2005-07-07,2005-07-13,10,41.9,54.77,10,226
518,GABRIEL HARDER,Turkey,Sivas,2005-07-27,2005-08-02,10,41.9,52.48,10,226
584,SALVADOR TEEL,Gambia,Banjul,2005-07-27,2005-08-02,10,41.9,90.11,10,226
314,GEORGE LINTON,Brazil,Sorocaba,2005-08-18,2005-08-24,10,41.9,26.8,10,227
460,LEON BOSTIC,Colombia,Florencia,2005-08-17,2005-08-23,10,41.9,46.64,10,227
554,DWAYNE OLVERA,India,Rajkot,2005-08-17,2005-08-23,10,41.9,83.91,10,227
581,VIRGIL WOFFORD,Mexico,Jos Azueta,2005-07-07,2005-07-13,10,41.9,105.01,10,227
99,EMILY DIAZ,South Korea,Kimchon,2005-07-06,2005-07-12,11,41.89,157.48,11,228
354,JUSTIN NGO,Brazil,Santo Andr,2005-07-26,2005-08-01,11,41.89,38.19,11,228
197,SUE PETERS,China,Changzhou,2005-07-30,2005-08-05,11,41.89,50.37,11,229
36,KATHLEEN ADAMS,Iran,Arak,2005-07-27,2005-08-02,12,41.88,97.02,12,230
257,MARSHA DOUGLAS,Mozambique,Beira,2005-08-17,2005-08-23,12,41.88,21.35,12,231
309,CHRISTOPHER GRECO,Italy,Brescia,2005-07-27,2005-08-02,12,41.88,29.96,12,231
39,DEBRA NELSON,Brazil,Vila Velha,2005-07-07,2005-07-13,7,40.93,45.58,7,232
238,NELLIE GARRETT,India,Shimoga,2005-07-27,2005-08-02,7,40.93,154.07,7,232
7,MARIA MILLER,Yugoslavia,Kragujevac,2005-07-29,2005-08-04,7,40.93,26.75,7,233
82,KATHRYN COLEMAN,Ukraine,Simferopol,2005-07-28,2005-08-03,7,40.93,42.41,7,233
120,SYLVIA ORTIZ,Colombia,Dos Quebradas,2005-08-19,2005-08-25,7,40.93,37.31,7,233
322,JASON MORRISSEY,Argentina,Baha Blanca,2005-06-15,2005-06-21,7,40.93,205.33,7,233
345,CARL ARTIS,Paraguay,San Lorenzo,2005-07-27,2005-08-02,7,40.93,53.5,7,233
346,ARTHUR SIMPKINS,Russian Federation,Maikop,2005-07-07,2005-07-13,7,40.93,102.58,7,233
565,JAIME NETTLES,Peru,Hunuco,2005-07-27,2005-08-02,7,40.93,61.64,7,233
363,ROY WHITING,Kenya,Nyeri,2005-07-28,2005-08-03,8,40.92,34.18,8,234
66,JANICE WARD,Sweden,Malm,2005-07-07,2005-07-13,8,40.92,32.38,8,235
284,SONIA GREGORY,Nigeria,Benin City,2005-07-27,2005-08-02,8,40.92,37.27,8,235
374,JEREMY HURTADO,Brazil,Vitria de Santo Anto,2005-08-18,2005-08-24,8,40.92,58.62,8,235
427,JESUS MCCARTNEY,Brazil,Guaruj,2005-07-28,2005-08-03,8,40.92,39.68,8,235
489,RICARDO MEADOR,Japan,Okayama,2005-08-18,2005-08-24,8,40.92,47.31,8,235
504,NATHANIEL ADAM,United States,Joliet,2005-08-19,2005-08-25,8,40.92,33.27,8,235
522,ARNOLD HAVENS,Philippines,Santa Rosa,2005-07-06,2005-07-12,8,40.92,72.38,8,235
544,CODY NOLEN,Brazil,So Bernardo do Campo,2005-08-17,2005-08-23,8,40.92,51.26,8,235
593,RENE MCALISTER,United States,Garden Grove,2005-07-28,2005-08-03,8,40.92,53.56,8,235
595,TERRENCE GUNDERSON,China,Jinzhou,2005-07-06,2005-07-12,8,40.92,153.83,8,235
519,RON DELUCA,Japan,Isesaki,2005-07-30,2005-08-05,8,40.92,77.01,8,236
319,RONALD WEINER,Mexico,San Felipe del Progreso,2005-08-17,2005-08-23,9,40.91,136.82,9,237
409,RODNEY MOELLER,Nigeria,Deba Habe,2005-07-06,2005-07-12,9,40.91,81.93,9,237
145,LUCILLE HOLMES,South Africa,Soshanguve,2005-08-17,2005-08-23,9,40.91,55.96,9,238
196,ALMA AUSTIN,Germany,Mannheim,2005-07-29,2005-08-04,9,40.91,39.68,9,238
314,GEORGE LINTON,Brazil,Sorocaba,2005-08-19,2005-08-25,9,40.91,25.63,9,238
365,BRUCE SCHWARZ,Japan,Okinawa,2005-07-27,2005-08-02,9,40.91,175.83,9,238
366,BRANDON HUEY,Turkey,Balikesir,2005-07-28,2005-08-03,9,40.91,20.85,9,238
453,CALVIN MARTEL,Venezuela,Maracabo,2005-08-18,2005-08-24,9,40.91,55.91,9,238
584,SALVADOR TEEL,Gambia,Banjul,2005-08-18,2005-08-24,9,40.91,24.61,9,238
141,DEBBIE REYES,Japan,Fukuyama,2005-07-29,2005-08-04,9,40.91,58.64,9,239
126,ELLEN SIMPSON,Brazil,Po,2005-08-17,2005-08-23,10,40.9,47.28,10,240
225,ARLENE HARVEY,India,Ambattur,2005-07-28,2005-08-03,10,40.9,21.57,10,240
348,ROGER QUINTANILLA,Taiwan,Hsichuh,2005-08-19,2005-08-25,10,40.9,24.12,10,240
356,GERALD FULTZ,India,Satna,2005-07-27,2005-08-02,10,40.9,64.75,10,240
421,LEE HAWKS,India,Pudukkottai,2005-07-27,2005-08-02,10,40.9,40.97,10,240
533,JESSIE MILAM,China,Binzhou,2005-07-27,2005-08-02,10,40.9,43.9,10,240
347,RYAN SALISBURY,Latvia,Daugavpils,2005-07-28,2005-08-03,10,40.9,49.22,10,241
408,MANUEL MURRELL,Sri Lanka,Jaffna,2005-08-18,2005-08-24,10,40.9,32.37,10,241
573,BYRON BOX,Kazakstan,Zhezqazghan,2005-07-06,2005-07-12,10,40.9,58.54,10,241
30,MELISSA KING,Taiwan,Lungtan,2005-07-27,2005-08-02,11,40.89,30.74,11,242
35,VIRGINIA GREEN,France,Toulouse,2005-07-06,2005-07-12,11,40.89,68.38,11,243
128,MARJORIE TUCKER,Poland,Jastrzebie-Zdrj,2005-08-18,2005-08-24,11,40.89,34.16,11,243
131,MONICA HICKS,Ukraine,Mukateve,2005-08-17,2005-08-23,11,40.89,36.16,11,243
300,JOHN FARNSWORTH,India,Parbhani,2005-08-20,2005-08-26,6,39.94,23.1,6,244
550,GUY BROWNLEE,China,Zhoushan,2005-06-15,2005-06-21,6,39.94,149.96,6,245
19,RUTH MARTINEZ,South Africa,Kimberley,2005-08-18,2005-08-24,7,39.93,29.99,7,246
26,JESSICA HALL,Holy See (Vatican City State),Citt del Vaticano,2005-08-19,2005-08-25,7,39.93,48.07,7,246
103,GLADYS HAMILTON,Nigeria,Ilorin,2005-08-21,2005-08-27,7,39.93,35.33,7,246
187,BRITTANY RILEY,Ukraine,Sumy,2005-07-06,2005-07-12,7,39.93,50.06,7,246
536,FERNANDO CHURCHILL,South Korea,Tonghae,2005-08-17,2005-08-23,7,39.93,27.91,7,246
50,DIANE COLLINS,Sudan,Omdurman,2005-07-07,2005-07-13,7,39.93,100.16,7,247
84,SARA PERRY,Mexico,Atlixco,2005-07-07,2005-07-13,7,39.93,80.18,7,247
363,ROY WHITING,Kenya,Nyeri,2005-08-18,2005-08-24,7,39.93,27.28,7,247
433,DON BONE,Mozambique,Naala-Porto,2005-08-18,2005-08-24,7,39.93,33.35,7,247
510,BEN EASTER,Russian Federation,Kamyin,2005-07-27,2005-08-02,7,39.93,80.07,7,247
522,ARNOLD HAVENS,Philippines,Santa Rosa,2005-07-07,2005-07-13,7,39.93,66.74,7,247
7,MARIA MILLER,Yugoslavia,Kragujevac,2005-07-07,2005-07-13,8,39.92,70.7,8,248
11,LISA ANDERSON,Japan,Sagamihara,2005-07-28,2005-08-03,8,39.92,46.15,8,249
40,AMANDA CARTER,Morocco,Nador,2005-08-18,2005-08-24,8,39.92,32.46,8,249
56,GLORIA COOK,French Polynesia,Papeete,2005-08-17,2005-08-23,8,39.92,37.52,8,249
92,TINA SIMMONS,Brazil,Goinia,2005-07-07,2005-07-13,8,39.92,37.48,8,249
142,APRIL BURNS,United Kingdom,Dundee,2005-07-28,2005-08-03,8,39.92,85.79,8,249
176,JUNE CARROLL,Algeria,Skikda,2005-08-18,2005-08-24,8,39.92,27.92,8,249
190,YOLANDA WEAVER,Tanzania,Tabora,2005-07-27,2005-08-02,8,39.92,92.34,8,249
195,VANESSA SIMS,Germany,Siegen,2005-07-27,2005-08-02,8,39.92,57.16,8,249
295,DAISY BATES,Russian Federation,Kolpino,2005-07-30,2005-08-05,8,39.92,20.69,8,249
334,RAYMOND MCWHORTER,Azerbaijan,Sumqayit,2005-07-06,2005-07-12,8,39.92,109.17,8,249
355,TERRY GRISSOM,Japan,Matsue,2005-07-06,2005-07-12,8,39.92,300.9,8,249
404,STANLEY SCROGGINS,Japan,Omiya,2005-08-19,2005-08-25,8,39.92,26.09,8,249
454,ALEX GRESHAM,Mexico,Uruapan,2005-06-17,2005-06-23,8,39.92,57.11,8,249
481,HERMAN DEVORE,Tanzania,Mwanza,2005-07-27,2005-08-02,8,39.92,54.61,8,249
490,SAM MCDUFFIE,Colombia,Sogamoso,2005-07-08,2005-07-14,8,39.92,70.61,8,249
559,EVERETT BANDA,Egypt,Bilbays,2005-08-19,2005-08-25,8,39.92,41.44,8,249
575,ISAAC OGLESBY,Mexico,Cuernavaca,2005-08-18,2005-08-24,8,39.92,30.02,8,249
587,SERGIO STANFIELD,Mexico,Celaya,2005-07-29,2005-08-04,8,39.92,48.02,8,249
589,TRACY HERRMANN,Ecuador,Loja,2005-08-18,2005-08-24,8,39.92,34.3,8,249
257,MARSHA DOUGLAS,Mozambique,Beira,2005-07-28,2005-08-03,9,39.91,21.81,9,250
336,JOSHUA MARK,India,Rampur,2005-08-17,2005-08-23,9,39.91,42.85,9,250
14,BETTY WHITE,United States,Citrus Heights,2005-07-28,2005-08-03,9,39.91,46.16,9,251
54,TERESA ROGERS,Japan,Iwakuni,2005-08-18,2005-08-24,9,39.91,39.99,9,251
58,JEAN BELL,Malaysia,Kuching,2005-07-27,2005-08-02,9,39.91,100.03,9,251
63,ASHLEY RICHARDSON,United States,Lincoln,2005-08-17,2005-08-23,9,39.91,42.88,9,251
184,VIVIAN RUIZ,Netherlands,s-Hertogenbosch,2005-08-18,2005-08-24,9,39.91,66.66,9,251
204,ROSEMARY SCHMIDT,Turkey,Usak,2005-08-17,2005-08-23,9,39.91,35.29,9,251
386,TODD TAN,Ukraine,Kamjanets-Podilskyi,2005-07-06,2005-07-12,9,39.91,70.64,9,251
494,RAMON CHOATE,Ecuador,Robamba,2005-07-30,2005-08-05,9,39.91,24.49,9,251
574,JULIAN VEST,Japan,Akishima,2005-07-06,2005-07-12,9,39.91,75.07,9,251
5,ELIZABETH BROWN,Taiwan,Nantou,2005-07-06,2005-07-12,9,39.91,60.02,9,252
30,MELISSA KING,Taiwan,Lungtan,2005-07-06,2005-07-12,9,39.91,92.38,9,252
87,WANDA PATTERSON,Colombia,Sincelejo,2005-08-18,2005-08-24,9,39.91,26.66,9,252
148,ELEANOR HUNT,Runion,Saint-Denis,2005-07-06,2005-07-12,9,39.91,52.17,9,252
225,ARLENE HARVEY,India,Ambattur,2005-07-07,2005-07-13,9,39.91,92.24,9,252
231,GEORGIA JACOBS,India,Uttarpara-Kotrung,2005-08-17,2005-08-23,9,39.91,57.15,9,252
26,JESSICA HALL,Holy See (Vatican City State),Citt del Vaticano,2005-07-07,2005-07-13,10,39.9,28.55,10,253
114,GRACE ELLIS,Germany,Duisburg,2005-08-17,2005-08-23,10,39.9,33.31,10,253
122,THELMA MURRAY,Peru,Lima,2005-07-27,2005-08-02,10,39.9,38.71,10,253
167,SALLY PIERCE,India,Chandrapur,2005-08-18,2005-08-24,10,39.9,44.47,10,253
181,ANA BRADLEY,United States,Memphis,2005-08-18,2005-08-24,10,39.9,13.63,10,253
306,CHARLES KOWALSKI,Malaysia,Sungai Petani,2005-07-26,2005-08-01,10,39.9,57.14,10,253
506,LESLIE SEWARD,Indonesia,Pontianak,2005-08-17,2005-08-23,10,39.9,42.87,10,253
575,ISAAC OGLESBY,Mexico,Cuernavaca,2005-07-27,2005-08-02,10,39.9,63.1,10,253
274,NAOMI JENNINGS,India,Karnal,2005-07-29,2005-08-04,10,39.9,75.0,10,254
340,PATRICK NEWSOM,Vietnam,Hanoi,2005-07-28,2005-08-03,11,39.89,133.41,11,255
132,ESTHER CRAWFORD,South Africa,Botshabelo,2005-07-06,2005-07-12,11,39.89,60.02,11,256
138,HAZEL WARREN,China,Hohhot,2005-07-29,2005-08-04,11,39.89,40.02,11,256
380,RUSSELL BRINSON,Poland,Tychy,2005-08-17,2005-08-23,11,39.89,24.99,11,256
157,DARLENE ROSE,North Korea,Pyongyang,2005-07-28,2005-08-03,12,39.88,42.85,12,257
16,SANDRA MARTIN,United Kingdom,Southend-on-Sea,2005-08-18,2005-08-24,6,38.94,43.41,6,258
470,GORDON ALLARD,Yemen,Hodeida,2005-08-18,2005-08-24,6,38.94,18.29,6,258
148,ELEANOR HUNT,Runion,Saint-Denis,2005-07-30,2005-08-05,7,38.93,14.63,7,259
203,TARA RYAN,Indonesia,Gorontalo,2005-07-28,2005-08-03,7,38.93,130.06,7,259
337,JERRY JORDON,Japan,Onomichi,2005-08-18,2005-08-24,7,38.93,34.43,7,259
389,ALAN KAHN,China,Emeishan,2005-08-17,2005-08-23,7,38.93,24.9,7,259
484,ROBERTO VU,China,Yinchuan,2005-07-27,2005-08-02,7,38.93,30.01,7,259
65,ROSE HOWARD,French Guiana,Cayenne,2005-07-28,2005-08-03,7,38.93,61.63,7,260
192,LAURIE LAWRENCE,India,Firozabad,2005-08-17,2005-08-23,7,38.93,31.63,7,260
273,PRISCILLA LOWE,Mexico,Salamanca,2005-07-09,2005-07-15,7,38.93,37.76,7,260
479,ZACHARY HITE,United States,Akron,2005-07-28,2005-08-03,7,38.93,22.94,7,260
520,MITCHELL WESTMORELAND,Vietnam,Nha Trang,2005-07-05,2005-07-11,7,38.93,90.05,7,260
157,DARLENE ROSE,North Korea,Pyongyang,2005-08-18,2005-08-24,8,38.92,22.96,8,261
324,GARY COY,China,Yuzhou,2005-08-17,2005-08-23,8,38.92,37.74,8,261
471,DEAN SAUER,South Africa,Johannesburg,2005-08-20,2005-08-26,8,38.92,46.85,8,261
112,ROSA REYNOLDS,United States,Lancaster,2005-07-30,2005-08-05,8,38.92,55.73,8,262
148,ELEANOR HUNT,Runion,Saint-Denis,2005-07-07,2005-07-13,8,38.92,48.77,8,262
204,ROSEMARY SCHMIDT,Turkey,Usak,2005-08-18,2005-08-24,8,38.92,33.44,8,262
267,MARGIE WADE,China,Lengshuijiang,2005-08-18,2005-08-24,8,38.92,27.87,8,262
306,CHARLES KOWALSKI,Malaysia,Sungai Petani,2005-08-18,2005-08-24,8,38.92,19.51,8,262
461,DEREK BLAKELY,Philippines,Gingoog,2005-08-21,2005-08-27,8,38.92,35.52,8,262
467,ALVIN DELOACH,Mexico,Cuauhtmoc,2005-07-28,2005-08-03,8,38.92,36.57,8,262
480,COREY HAUSER,Turkey,Gaziantep,2005-07-27,2005-08-02,8,38.92,83.58,8,262
484,ROBERTO VU,China,Yinchuan,2005-07-07,2005-07-13,8,38.92,61.58,8,262
532,NEIL RENNER,Vietnam,Cam Ranh,2005-08-18,2005-08-24,8,38.92,24.38,8,262
412,ALLEN BUTTERFIELD,India,Hoshiarpur,2005-07-28,2005-08-03,8,38.92,589.7,8,263
4,BARBARA JONES,Myanmar,Myingyan,2005-08-17,2005-08-23,9,38.91,45.02,9,264
6,JENNIFER DAVIS,United States,Laredo,2005-08-17,2005-08-23,9,38.91,68.91,9,264
101,PEGGY MYERS,Saudi Arabia,Abha,2005-07-27,2005-08-02,9,38.91,48.76,9,264
199,BETH FRANKLIN,Vietnam,Haiphong,2005-07-28,2005-08-03,9,38.91,34.4,9,264
291,TONI HOLT,United States,Roanoke,2005-07-27,2005-08-02,9,38.91,58.51,9,264
598,WADE DELVALLE,Switzerland,Lausanne,2005-07-06,2005-07-12,9,38.91,390.4,9,264
145,LUCILLE HOLMES,South Africa,Soshanguve,2005-07-06,2005-07-12,9,38.91,195.2,9,265
267,MARGIE WADE,China,Lengshuijiang,2005-06-15,2005-06-21,9,38.91,68.79,9,265
498,GENE SANBORN,Oman,Salala,2005-07-27,2005-08-02,9,38.91,55.8,9,265
66,JANICE WARD,Sweden,Malm,2005-08-17,2005-08-23,10,38.9,53.19,10,266
166,LYNN PAYNE,Malawi,Lilongwe,2005-07-06,2005-07-12,10,38.9,83.6,10,266
186,HOLLY FOX,India,Haldia,2005-08-19,2005-08-25,10,38.9,30.01,10,266
280,TRACEY BARRETT,Nigeria,Owo,2005-07-28,2005-08-03,10,38.9,106.38,10,266
379,CARLOS COUGHLIN,India,Bhavnagar,2005-08-19,2005-08-25,10,38.9,61.55,10,266
441,MARIO CHEATHAM,Algeria,Batna,2005-07-29,2005-08-04,10,38.9,36.57,10,266
521,ROLAND SOUTH,China,Yingkou,2005-08-17,2005-08-23,10,38.9,78.01,10,266
276,BRANDY GRAVES,United States,Warren,2005-07-27,2005-08-02,10,38.9,83.6,10,267
295,DAISY BATES,Russian Federation,Kolpino,2005-07-05,2005-07-11,10,38.9,35.46,10,267
502,BRETT CORNWELL,India,Siliguri (Shiliguri),2005-07-28,2005-08-03,11,38.89,22.05,11,268
51,ALICE STEWART,United States,Fontana,2005-07-27,2005-08-02,11,38.89,36.52,11,269
157,DARLENE ROSE,North Korea,Pyongyang,2005-07-29,2005-08-04,11,38.89,40.36,11,269
228,ALLISON STANLEY,Cambodia,Phnom Penh,2005-07-06,2005-07-12,11,38.89,83.57,11,269
294,SHELLY WATTS,United States,Dayton,2005-07-29,2005-08-04,11,38.89,32.46,11,269
503,ANGEL BARCLAY,Japan,Ueda,2005-08-18,2005-08-24,12,38.88,48.74,12,270
322,JASON MORRISSEY,Argentina,Baha Blanca,2005-06-16,2005-06-22,6,37.94,126.89,6,271
45,JANET PHILLIPS,Chile,Antofagasta,2005-08-17,2005-08-23,6,37.94,23.76,6,272
35,VIRGINIA GREEN,France,Toulouse,2005-07-27,2005-08-02,7,37.93,27.83,7,273
83,LOUISE JENKINS,South Africa,Springs,2005-08-17,2005-08-23,7,37.93,127.0,7,273
436,TROY QUIGLEY,Canada,Vancouver,2005-07-28,2005-08-03,7,37.93,57.09,7,273
443,FRANCISCO SKIDMORE,Brazil,So Leopoldo,2005-07-28,2005-08-03,7,37.93,49.58,7,273
466,LEO EBERT,China,Dongying,2005-08-17,2005-08-23,7,37.93,51.89,7,273
472,GREG ROBINS,Vietnam,Nam Dinh,2005-08-18,2005-08-24,7,37.93,40.71,7,273
13,KAREN JACKSON,Turkey,Osmaniye,2005-08-19,2005-08-25,7,37.93,20.73,7,274
106,CONNIE WALLACE,Russian Federation,Ivanovo,2005-07-28,2005-08-03,7,37.93,43.88,7,274
121,JOSEPHINE GOMEZ,India,Etawah,2005-08-21,2005-08-27,7,37.93,20.37,7,274
148,ELEANOR HUNT,Runion,Saint-Denis,2005-07-08,2005-07-14,7,37.93,45.64,7,274
174,YVONNE WATKINS,Venezuela,Ocumare del Tuy,2005-07-29,2005-08-04,7,37.93,95.06,7,274
198,ELSIE KELLEY,Nigeria,Ikerre,2005-08-19,2005-08-25,7,37.93,19.34,7,274
265,JENNIE TERRY,Czech Republic,Olomouc,2005-08-18,2005-08-24,7,37.93,43.9,7,274
374,JEREMY HURTADO,Brazil,Vitria de Santo Anto,2005-08-19,2005-08-25,7,37.93,47.55,7,274
412,ALLEN BUTTERFIELD,India,Hoshiarpur,2005-07-29,2005-08-04,7,37.93,383.13,7,274
462,WARREN SHERROD,Russian Federation,Usolje-Sibirskoje,2005-08-19,2005-08-25,7,37.93,17.82,7,274
468,TIM CARY,India,Bijapur,2005-07-27,2005-08-02,7,37.93,35.65,7,274
494,RAMON CHOATE,Ecuador,Robamba,2005-08-19,2005-08-25,7,37.93,17.82,7,274
536,FERNANDO CHURCHILL,South Korea,Tonghae,2005-07-29,2005-08-04,7,37.93,54.34,7,274
544,CODY NOLEN,Brazil,So Bernardo do Campo,2005-08-18,2005-08-24,7,37.93,42.24,7,274
558,JIMMIE EGGLESTON,Poland,Wroclaw,2005-07-08,2005-07-14,7,37.93,23.27,7,274
560,JORDAN ARCHULETA,Argentina,Avellaneda,2005-07-30,2005-08-05,7,37.93,23.76,7,274
20,SHARON ROBINSON,Pakistan,Mardan,2005-07-27,2005-08-02,8,37.92,57.02,8,275
337,JERRY JORDON,Japan,Onomichi,2005-07-06,2005-07-12,8,37.92,103.61,8,275
49,JOYCE EDWARDS,Saudi Arabia,Jedda,2005-07-28,2005-08-03,8,37.92,29.23,8,276
81,ANDREA HENDERSON,Madagascar,Mahajanga,2005-08-21,2005-08-27,8,37.92,40.73,8,276
84,SARA PERRY,Mexico,Atlixco,2005-07-29,2005-08-04,8,37.92,23.74,8,276
107,FLORENCE WOODS,Argentina,Merlo,2005-07-26,2005-08-01,8,37.92,39.32,8,276
125,ETHEL WEBB,South Africa,Boksburg,2005-07-30,2005-08-05,8,37.92,27.16,8,276
160,ERIN DUNN,Russian Federation,Ljubertsy,2005-08-18,2005-08-24,8,37.92,27.16,8,276
166,LYNN PAYNE,Malawi,Lilongwe,2005-08-19,2005-08-25,8,37.92,36.76,8,276
206,TERRI VASQUEZ,Brazil,Blumenau,2005-07-06,2005-07-12,8,37.92,95.04,8,276
232,CONSTANCE REID,Nigeria,Zaria,2005-07-29,2005-08-04,8,37.92,42.24,8,276
236,MARCIA DEAN,Philippines,Tanza,2005-06-15,2005-06-21,8,37.92,126.82,8,276
242,GLENDA FRAZIER,China,Qinhuangdao,2005-07-29,2005-08-04,8,37.92,49.59,8,276
253,TERRY CARLSON,Japan,Miyakonojo,2005-08-18,2005-08-24,8,37.92,34.57,8,276
302,MICHAEL SILVERMAN,China,Tiefa,2005-07-29,2005-08-04,8,37.92,36.79,8,276
372,STEVE MACKENZIE,Indonesia,Probolinggo,2005-08-19,2005-08-25,8,37.92,15.83,8,276
396,EARL SHANKS,Japan,Iwatsuki,2005-08-19,2005-08-25,8,37.92,33.56,8,276
439,ALEXANDER FENNELL,Italy,Bergamo,2005-08-19,2005-08-25,8,37.92,24.27,8,276
453,CALVIN MARTEL,Venezuela,Maracabo,2005-08-20,2005-08-26,8,37.92,45.61,8,276
470,GORDON ALLARD,Yemen,Hodeida,2005-07-29,2005-08-04,8,37.92,17.01,8,276
565,JAIME NETTLES,Peru,Hunuco,2005-08-16,2005-08-22,8,37.92,27.79,8,276
237,TANYA GILBERT,South Korea,Naju,2005-08-18,2005-08-24,8,37.92,14.61,8,277
29,ANGELA HERNANDEZ,Japan,Shimonoseki,2005-07-27,2005-08-02,9,37.91,51.81,9,278
242,GLENDA FRAZIER,China,Qinhuangdao,2005-08-17,2005-08-23,9,37.91,27.14,9,278
5,ELIZABETH BROWN,Taiwan,Nantou,2005-08-17,2005-08-23,9,37.91,31.69,9,279
168,REGINA BERRY,China,Jinchang,2005-08-18,2005-08-24,9,37.91,22.8,9,279
179,DANA HART,Russian Federation,Kirovo-Tepetsk,2005-07-28,2005-08-03,9,37.91,27.79,9,279
217,AGNES BISHOP,India,Sambhal,2005-07-27,2005-08-02,9,37.91,95.01,9,279
219,WILLIE HOWELL,Argentina,Vicente Lpez,2005-07-08,2005-07-14,9,37.91,228.37,9,279
280,TRACEY BARRETT,Nigeria,Owo,2005-07-29,2005-08-04,9,37.91,95.09,9,279
300,JOHN FARNSWORTH,India,Parbhani,2005-07-27,2005-08-02,9,37.91,42.22,9,279
332,STEPHEN QUALLS,Bangladesh,Dhaka,2005-07-28,2005-08-03,9,37.91,23.26,9,279
348,ROGER QUINTANILLA,Taiwan,Hsichuh,2005-07-28,2005-08-03,9,37.91,22.8,9,279
356,GERALD FULTZ,India,Satna,2005-07-28,2005-08-03,9,37.91,51.84,9,279
485,CLYDE TOBIAS,China,Shaoguan,2005-07-30,2005-08-05,9,37.91,27.16,9,279
534,CHRISTIAN JUNG,India,Amroha,2005-07-27,2005-08-02,9,37.91,142.52,9,279
119,SHERRY MARSHALL,Egypt,Shubra al-Khayma,2005-08-21,2005-08-27,9,37.91,19.0,9,280
201,VICKI FIELDS,Germany,Witten,2005-08-17,2005-08-23,9,37.91,71.35,9,280
245,COURTNEY DAY,South Korea,Uijongbu,2005-07-29,2005-08-04,9,37.91,30.01,9,280
380,RUSSELL BRINSON,Poland,Tychy,2005-08-18,2005-08-24,9,37.91,22.81,9,280
30,MELISSA KING,Taiwan,Lungtan,2005-07-28,2005-08-03,10,37.9,26.5,10,281
35,VIRGINIA GREEN,France,Toulouse,2005-07-07,2005-07-13,10,37.9,54.32,10,281
128,MARJORIE TUCKER,Poland,Jastrzebie-Zdrj,2005-08-19,2005-08-25,10,37.9,29.23,10,281
202,CARLA GUTIERREZ,India,Bhusawal,2005-07-28,2005-08-03,10,37.9,49.54,10,281
226,MAUREEN LITTLE,Paraguay,Asuncin,2005-08-18,2005-08-24,10,37.9,71.24,10,281
328,JEFFREY SPEAR,Indonesia,Ciparay,2005-08-18,2005-08-24,10,37.9,49.56,10,281
329,FRANK WAGGONER,Bangladesh,Jamalpur,2005-07-29,2005-08-04,10,37.9,36.76,10,281
360,RALPH MADRIGAL,Puerto Rico,Arecibo,2005-07-28,2005-08-03,10,37.9,27.13,10,281
366,BRANDON HUEY,Turkey,Balikesir,2005-08-18,2005-08-24,10,37.9,20.35,10,281
397,JIMMY SCHRADER,Russian Federation,Atinsk,2005-08-16,2005-08-22,10,37.9,43.87,10,281
572,SIDNEY BURLESON,Poland,Czestochowa,2005-07-28,2005-08-03,10,37.9,40.69,10,281
51,ALICE STEWART,United States,Fontana,2005-08-18,2005-08-24,10,37.9,22.35,10,282
93,PHYLLIS FOSTER,China,Zalantun,2005-08-20,2005-08-26,10,37.9,76.0,10,282
211,STACEY MONTGOMERY,China,Fuyu,2005-07-07,2005-07-13,10,37.9,45.53,10,282
89,JULIA FLORES,Argentina,La Plata,2005-07-28,2005-08-03,11,37.89,28.47,11,283
91,LOIS BUTLER,Brunei,Bandar Seri Begawan,2005-07-06,2005-07-12,11,37.89,87.71,11,283
275,CAROLE BARNETT,United States,Peoria,2005-08-19,2005-08-25,11,37.89,31.65,11,283
207,GERTRUDE CASTILLO,Greenland,Nuuk,2005-07-06,2005-07-12,11,37.89,284.89,11,284
78,LORI WOOD,India,Rae Bareli,2005-07-30,2005-08-05,6,36.94,26.46,6,285
196,ALMA AUSTIN,Germany,Mannheim,2005-07-30,2005-08-05,6,36.94,31.75,6,285
263,HILDA HOPKINS,Philippines,Mandaluyong,2005-08-18,2005-08-24,6,36.94,27.09,6,285
50,DIANE COLLINS,Sudan,Omdurman,2005-07-09,2005-07-15,6,36.94,74.13,6,286
277,OLGA JIMENEZ,Nigeria,Ogbomosho,2005-08-20,2005-08-26,6,36.94,28.49,6,286
349,JOE GILLILAND,Philippines,Imus,2005-08-20,2005-08-26,6,36.94,20.19,6,286
510,BEN EASTER,Russian Federation,Kamyin,2005-07-28,2005-08-03,6,36.94,61.74,6,286
92,TINA SIMMONS,Brazil,Goinia,2005-07-08,2005-07-14,7,36.93,31.71,7,287
181,ANA BRADLEY,United States,Memphis,2005-07-31,2005-08-06,7,36.93,16.32,7,287
189,LORETTA CARPENTER,Canada,Oshawa,2005-07-28,2005-08-03,7,36.93,61.72,7,287
195,VANESSA SIMS,Germany,Siegen,2005-07-29,2005-08-04,7,36.93,46.28,7,287
7,MARIA MILLER,Yugoslavia,Kragujevac,2005-07-08,2005-07-14,7,36.93,55.59,7,288
58,JEAN BELL,Malaysia,Kuching,2005-08-19,2005-08-25,7,36.93,22.66,7,288
80,MARILYN ROSS,Nigeria,Ife,2005-07-27,2005-08-02,7,36.93,23.12,7,288
86,JACQUELINE LONG,Thailand,Songkhla,2005-07-06,2005-07-12,7,36.93,44.44,7,288
90,RUBY WASHINGTON,China,Meixian,2005-07-29,2005-08-04,7,36.93,29.22,7,288
102,CRYSTAL FORD,Israel,Ashdod,2005-07-08,2005-07-14,7,36.93,39.65,7,288
142,APRIL BURNS,United Kingdom,Dundee,2005-07-29,2005-08-04,7,36.93,65.36,7,288
176,JUNE CARROLL,Algeria,Skikda,2005-06-16,2005-06-22,7,36.93,39.65,7,288
220,CHARLENE ALVAREZ,Tanzania,Zanzibar,2005-07-30,2005-08-05,7,36.93,29.22,7,288
236,MARCIA DEAN,Philippines,Tanza,2005-08-17,2005-08-23,7,36.93,18.82,7,288
237,TANYA GILBERT,South Korea,Naju,2005-08-20,2005-08-26,7,36.93,14.05,7,288
244,VIOLA HANSON,Philippines,Lapu-Lapu,2005-07-31,2005-08-06,7,36.93,28.49,7,288
253,TERRY CARLSON,Japan,Miyakonojo,2005-08-19,2005-08-25,7,36.93,32.68,7,288
319,RONALD WEINER,Mexico,San Felipe del Progreso,2005-07-08,2005-07-14,7,36.93,38.31,7,288
327,LARRY THRASHER,Turkey,Adana,2005-08-20,2005-08-26,7,36.93,42.74,7,288
427,JESUS MCCARTNEY,Brazil,Guaruj,2005-07-29,2005-08-04,7,36.93,31.72,7,288
436,TROY QUIGLEY,Canada,Vancouver,2005-08-19,2005-08-25,7,36.93,17.08,7,288
469,WESLEY BULL,Spain,Ourense (Orense),2005-08-20,2005-08-26,7,36.93,16.58,7,288
578,WILLARD LUMPKIN,Mexico,Carmen,2005-07-28,2005-08-03,7,36.93,39.67,7,288
594,EDUARDO HIATT,China,Jining,2005-07-29,2005-08-04,7,36.93,29.22,7,288
234,CLAUDIA FULLER,Kuwait,Jalib al-Shuyukh,2005-06-15,2005-06-21,8,36.92,221.96,8,289
336,JOSHUA MARK,India,Rampur,2005-08-18,2005-08-24,8,36.92,35.81,8,289
426,BRADLEY MOTLEY,India,Purnea (Purnia),2005-08-17,2005-08-23,8,36.92,21.34,8,289
526,KARL SEAL,United States,Cape Coral,2005-06-17,2005-06-23,8,36.92,61.67,8,289
576,MORRIS MCCARTER,Taiwan,Fengshan,2005-07-30,2005-08-05,8,36.92,35.82,8,289
12,NANCY THOMAS,India,Yamuna Nagar,2005-07-27,2005-08-02,8,36.92,79.45,8,290
123,SHANNON FREEMAN,India,Varanasi (Benares),2005-07-28,2005-08-03,8,36.92,61.64,8,290
139,AMBER DIXON,Taiwan,Touliu,2005-07-08,2005-07-14,8,36.92,74.04,8,290
192,LAURIE LAWRENCE,India,Firozabad,2005-07-27,2005-08-02,8,36.92,85.53,8,290
201,VICKI FIELDS,Germany,Witten,2005-08-19,2005-08-25,8,36.92,65.42,8,290
268,NINA SOTO,India,Palghat (Palakkad),2005-07-06,2005-07-12,8,36.92,41.14,8,290
308,THOMAS GRIGSBY,United States,Kansas City,2005-08-18,2005-08-24,8,36.92,38.3,8,290
348,ROGER QUINTANILLA,Taiwan,Hsichuh,2005-07-05,2005-07-11,8,36.92,85.4,8,290
416,JEFFERY PINSON,Pakistan,Dadu,2005-08-17,2005-08-23,8,36.92,24.14,8,290
428,HERBERT KRUGER,Russian Federation,Syktyvkar,2005-07-28,2005-08-03,8,36.92,52.87,8,290
445,MICHEAL FORMAN,Argentina,Escobar,2005-07-29,2005-08-04,8,36.92,79.45,8,290
445,MICHEAL FORMAN,Argentina,Escobar,2005-08-20,2005-08-26,8,36.92,20.56,8,290
446,THEODORE CULP,India,Uluberia,2005-07-29,2005-08-04,8,36.92,28.47,8,290
529,ERIK GUILLEN,India,Bhimavaram,2005-08-19,2005-08-25,8,36.92,27.75,8,290
573,BYRON BOX,Kazakstan,Zhezqazghan,2005-07-07,2005-07-13,8,36.92,44.41,8,290
71,KATHY JAMES,Philippines,Baybay,2005-07-08,2005-07-14,8,36.92,79.28,8,291
112,ROSA REYNOLDS,United States,Lancaster,2005-08-20,2005-08-26,8,36.92,16.81,8,291
73,BEVERLY BROOKS,Taiwan,Chiayi,2005-07-27,2005-08-02,9,36.91,42.67,9,292
153,SUZANNE NICHOLS,Indonesia,Jakarta,2005-08-17,2005-08-23,9,36.91,58.4,9,292
256,MABEL HOLLAND,Myanmar,Monywa,2005-08-20,2005-08-26,9,36.91,46.23,9,292
282,JENNY CASTRO,Puerto Rico,Ponce,2005-07-27,2005-08-02,9,36.91,35.8,9,292
295,DAISY BATES,Russian Federation,Kolpino,2005-07-06,2005-07-12,9,36.91,31.73,9,292
302,MICHAEL SILVERMAN,China,Tiefa,2005-08-18,2005-08-24,9,36.91,20.55,9,292
346,ARTHUR SIMPKINS,Russian Federation,Maikop,2005-07-31,2005-08-06,9,36.91,15.62,9,292
381,BOBBY BOUDREAU,Anguilla,South Hill,2005-08-18,2005-08-24,9,36.91,38.33,9,292
387,JESSE SCHILLING,"Congo, The Democratic Republic of the",Lubumbashi,2005-08-17,2005-08-23,9,36.91,111.17,9,292
482,MAURICE CRAWLEY,Mexico,Coatzacoalcos,2005-08-19,2005-08-25,9,36.91,34.67,9,292
595,TERRENCE GUNDERSON,China,Jinzhou,2005-07-30,2005-08-05,9,36.91,19.82,9,292
34,REBECCA SCOTT,Japan,Kurashiki,2005-08-16,2005-08-22,9,36.91,61.76,9,293
131,MONICA HICKS,Ukraine,Mukateve,2005-08-18,2005-08-24,9,36.91,29.22,9,293
538,TED BREAUX,China,Baicheng,2005-07-28,2005-08-03,9,36.91,37.01,9,293
176,JUNE CARROLL,Algeria,Skikda,2005-07-27,2005-08-02,10,36.9,42.66,10,294
335,GREGORY MAULDIN,Tunisia,Sousse,2005-07-06,2005-07-12,10,36.9,221.84,10,295
340,PATRICK NEWSOM,Vietnam,Hanoi,2005-07-29,2005-08-04,10,36.9,92.56,10,295
442,LEROY BUSTAMANTE,China,Tongliao,2005-07-27,2005-08-02,10,36.9,34.68,10,295
37,PAMELA BAKER,China,Nanyang,2005-08-19,2005-08-25,10,36.9,46.22,10,296
91,LOIS BUTLER,Brunei,Bandar Seri Begawan,2005-07-07,2005-07-13,10,36.9,79.35,10,296
214,KRISTIN JOHNSTON,United States,Sunnyvale,2005-08-18,2005-08-24,10,36.9,33.62,10,296
551,CLAYTON BARBEE,Brazil,Alvorada,2005-08-17,2005-08-23,10,36.9,55.49,10,296
535,JAVIER ELROD,Chad,NDjamna,2005-08-18,2005-08-24,11,36.89,27.05,11,297
563,KEN PREWITT,Romania,Bucuresti,2005-07-07,2005-07-13,11,36.89,185.07,11,297
485,CLYDE TOBIAS,China,Shaoguan,2005-07-06,2005-07-12,11,36.89,92.38,11,298
514,FRANKLIN TROUTMAN,China,Zaoyang,2005-08-17,2005-08-23,11,36.89,123.24,11,298
31,BRENDA WRIGHT,India,Kamarhati,2005-07-06,2005-07-12,6,35.94,30.04,6,299
193,KATIE ELLIOTT,Kenya,Kisumu,2005-06-15,2005-06-21,6,35.94,270.9,6,299
238,NELLIE GARRETT,India,Shimoga,2005-07-29,2005-08-04,6,35.94,83.19,6,299
257,MARSHA DOUGLAS,Mozambique,Beira,2005-07-08,2005-07-14,6,35.94,180.3,6,299
272,KAY CALDWELL,China,Yantai,2005-07-27,2005-08-02,6,35.94,154.47,6,299
479,ZACHARY HITE,United States,Akron,2005-07-30,2005-08-05,6,35.94,20.01,6,299
487,HECTOR POINDEXTER,Russian Federation,Pjatigorsk,2005-08-17,2005-08-23,6,35.94,15.22,6,299
26,JESSICA HALL,Holy See (Vatican City State),Citt del Vaticano,2005-06-16,2005-06-22,6,35.94,90.08,6,300
44,MARIE TURNER,Russian Federation,Lipetsk,2005-07-07,2005-07-13,6,35.94,67.56,6,300
80,MARILYN ROSS,Nigeria,Ife,2005-07-29,2005-08-04,6,35.94,22.05,6,300
90,RUBY WASHINGTON,China,Meixian,2005-07-30,2005-08-05,6,35.94,27.72,6,300
100,ROBIN HAYES,Russian Federation,Jelets,2005-07-07,2005-07-13,6,35.94,31.77,6,300
311,PAUL TROUT,Russian Federation,Kursk,2005-07-28,2005-08-03,6,35.94,72.02,6,300
327,LARRY THRASHER,Turkey,Adana,2005-08-22,2005-08-28,6,35.94,40.07,6,300
346,ARTHUR SIMPKINS,Russian Federation,Maikop,2005-07-08,2005-07-14,6,35.94,63.57,6,300
403,MIKE WAY,India,Valparai,2005-06-15,2005-06-21,6,35.94,270.9,6,300
170,BEATRICE ARNOLD,India,Udaipur,2005-08-18,2005-08-24,7,35.93,34.84,7,301
293,MAE FLETCHER,Spain,Donostia-San Sebastin,2005-06-16,2005-06-22,7,35.93,72.0,7,301
316,STEVEN CURLEY,India,Miraj,2005-06-15,2005-06-21,7,35.93,67.5,7,301
426,BRADLEY MOTLEY,India,Purnea (Purnia),2005-07-28,2005-08-03,7,35.93,32.72,7,301
431,JOEL FRANCISCO,Bolivia,Sucre,2005-06-16,2005-06-22,7,35.93,360.5,7,301
438,BARRY LOVELACE,Zambia,Kitwe,2005-08-17,2005-08-23,7,35.93,33.77,7,301
445,MICHEAL FORMAN,Argentina,Escobar,2005-08-21,2005-08-27,7,35.93,19.64,7,301
486,GLEN TALBERT,Mexico,Acua,2005-07-06,2005-07-12,7,35.93,63.56,7,301
555,DWIGHT LOMBARDI,South Africa,Chatsworth,2005-07-28,2005-08-03,7,35.93,360.5,7,301
114,GRACE ELLIS,Germany,Duisburg,2005-07-27,2005-08-02,7,35.93,41.59,7,302
347,RYAN SALISBURY,Latvia,Daugavpils,2005-08-18,2005-08-24,7,35.93,21.61,7,302
459,TOMMY COLLAZO,Iran,Qomsheh,2005-07-31,2005-08-06,7,35.93,14.03,7,302
465,FLOYD GANDY,Mexico,Zapopan,2005-08-17,2005-08-23,7,35.93,108.11,7,302
472,GREG ROBINS,Vietnam,Nam Dinh,2005-07-06,2005-07-12,7,35.93,43.22,7,302
480,COREY HAUSER,Turkey,Gaziantep,2005-07-28,2005-08-03,7,35.93,63.56,7,302
532,NEIL RENNER,Vietnam,Cam Ranh,2005-07-29,2005-08-04,7,35.93,17.71,7,302
550,GUY BROWNLEE,China,Zhoushan,2005-08-20,2005-08-26,7,35.93,18.01,7,302
583,MARSHALL THORN,United Kingdom,Southampton,2005-07-29,2005-08-04,7,35.93,21.17,7,302
593,RENE MCALISTER,United States,Garden Grove,2005-07-29,2005-08-04,7,35.93,38.62,7,302
209,TONYA CHAPMAN,India,Bhilwara,2005-07-06,2005-07-12,8,35.92,53.99,8,303
296,RAMONA HALE,India,Patiala,2005-08-18,2005-08-24,8,35.92,33.75,8,303
490,SAM MCDUFFIE,Colombia,Sogamoso,2005-07-05,2005-07-11,8,35.92,270.08,8,303
15,HELEN HARRIS,India,Bhopal,2005-08-20,2005-08-26,8,35.92,16.62,8,304
27,SHIRLEY ALLEN,Philippines,Davao,2005-07-28,2005-08-03,8,35.92,43.23,8,304
46,CATHERINE CAMPBELL,Russian Federation,Moscow,2005-07-27,2005-08-02,8,35.92,83.08,8,304
52,JULIE SANCHEZ,Spain,A Corua (La Corua),2005-08-17,2005-08-23,8,35.92,31.79,8,304
141,DEBBIE REYES,Japan,Fukuyama,2005-07-30,2005-08-05,8,35.92,41.57,8,304
147,JOANNE ROBERTSON,Japan,Urawa,2005-08-21,2005-08-27,8,35.92,22.98,8,304
230,JOY GEORGE,Romania,Botosani,2005-07-28,2005-08-03,8,35.92,33.77,8,304
235,JACKIE LYNCH,Colombia,Buenaventura,2005-07-06,2005-07-12,8,35.92,180.2,8,304
257,MARSHA DOUGLAS,Mozambique,Beira,2005-07-29,2005-08-04,8,35.92,18.3,8,304
261,DEANNA BYRD,Philippines,Tuguegarao,2005-08-17,2005-08-23,8,35.92,63.54,8,304
285,MIRIAM MCKINNEY,Japan,Otsu,2005-07-07,2005-07-13,8,35.92,59.97,8,304
289,VIOLET RODRIQUEZ,Hong Kong,Kowloon and New Kowloon,2005-07-06,2005-07-12,8,35.92,28.4,8,304
289,VIOLET RODRIQUEZ,Hong Kong,Kowloon and New Kowloon,2005-08-19,2005-08-25,8,35.92,32.73,8,304
299,JAMES GANNON,Japan,Hiroshima,2005-08-17,2005-08-23,8,35.92,43.21,8,304
334,RAYMOND MCWHORTER,Azerbaijan,Sumqayit,2005-07-27,2005-08-02,8,35.92,26.99,8,304
349,JOE GILLILAND,Philippines,Imus,2005-07-28,2005-08-03,8,35.92,37.25,8,304
356,GERALD FULTZ,India,Satna,2005-08-19,2005-08-25,8,35.92,20.38,8,304
366,BRANDON HUEY,Turkey,Balikesir,2005-07-07,2005-07-13,8,35.92,98.32,8,304
398,ANTONIO MEEK,Brazil,Bag,2005-07-28,2005-08-03,8,35.92,179.9,8,304
402,LUIS YANEZ,France,Brest,2005-07-06,2005-07-12,8,35.92,83.08,8,304
448,MIGUEL BETANCOURT,Germany,Erlangen,2005-08-18,2005-08-24,8,35.92,30.82,8,304
456,RONNIE RICKETTS,Senegal,Ziguinchor,2005-08-18,2005-08-24,8,35.92,63.54,8,304
518,GABRIEL HARDER,Turkey,Sivas,2005-08-18,2005-08-24,8,35.92,25.72,8,304
526,KARL SEAL,United States,Cape Coral,2005-07-28,2005-08-03,8,35.92,18.3,8,304
538,TED BREAUX,China,Baicheng,2005-07-29,2005-08-04,8,35.92,34.86,8,304
545,JULIO NOLAND,Ukraine,Konotop,2005-08-17,2005-08-23,8,35.92,45.01,8,304
565,JAIME NETTLES,Peru,Hunuco,2005-08-17,2005-08-23,8,35.92,23.47,8,304
575,ISAAC OGLESBY,Mexico,Cuernavaca,2005-07-29,2005-08-04,8,35.92,46.95,8,304
128,MARJORIE TUCKER,Poland,Jastrzebie-Zdrj,2005-07-27,2005-08-02,9,35.91,32.72,9,305
132,ESTHER CRAWFORD,South Africa,Botshabelo,2005-07-07,2005-07-13,9,35.91,45.04,9,305
135,JUANITA MASON,India,Pune,2005-07-28,2005-08-03,9,35.91,30.0,9,305
168,REGINA BERRY,China,Jinchang,2005-07-29,2005-08-04,9,35.91,30.0,9,305
193,KATIE ELLIOTT,Kenya,Kisumu,2005-08-18,2005-08-24,9,35.91,45.0,9,305
197,SUE PETERS,China,Changzhou,2005-07-31,2005-08-06,9,35.91,34.83,9,305
207,GERTRUDE CASTILLO,Greenland,Nuuk,2005-07-27,2005-08-02,9,35.91,28.43,9,305
213,GINA WILLIAMSON,Yemen,Taizz,2005-06-15,2005-06-21,9,35.91,1088.18,9,305
226,MAUREEN LITTLE,Paraguay,Asuncin,2005-08-21,2005-08-27,9,35.91,60.02,9,305
241,HEIDI LARSON,China,Xiangfan,2005-08-18,2005-08-24,9,35.91,32.73,9,305
262,PATSY DAVIDSON,Ecuador,Portoviejo,2005-07-06,2005-07-12,9,35.91,51.4,9,305
547,KURT EMMONS,Japan,Kanazawa,2005-07-27,2005-08-02,9,35.91,51.42,9,305
582,ANDY VANHORN,Mexico,Huejutla de Reyes,2005-08-17,2005-08-23,9,35.91,19.62,9,305
168,REGINA BERRY,China,Jinchang,2005-07-06,2005-07-12,9,35.91,215.89,9,306
335,GREGORY MAULDIN,Tunisia,Sousse,2005-07-07,2005-07-13,9,35.91,180.15,9,306
375,AARON SELBY,"Congo, The Democratic Republic of the",Mwene-Ditu,2005-07-28,2005-08-03,9,35.91,71.96,9,306
533,JESSIE MILAM,China,Binzhou,2005-07-28,2005-08-03,9,35.91,32.7,9,306
86,JACQUELINE LONG,Thailand,Songkhla,2005-08-17,2005-08-23,10,35.9,22.02,10,307
357,KEITH RICO,Slovakia,Bratislava,2005-07-27,2005-08-02,10,35.9,45.01,10,307
469,WESLEY BULL,Spain,Ourense (Orense),2005-07-28,2005-08-03,10,35.9,17.41,10,307
550,GUY BROWNLEE,China,Zhoushan,2005-07-27,2005-08-02,10,35.9,83.04,10,307
64,JUDITH COX,China,Daxian,2005-07-27,2005-08-02,10,35.9,30.88,10,308
98,LILLIAN GRIFFIN,United Arab Emirates,al-Ayn,2005-07-27,2005-08-02,10,35.9,67.44,10,308
138,HAZEL WARREN,China,Hohhot,2005-07-30,2005-08-05,10,35.9,31.78,10,308
309,CHRISTOPHER GRECO,Italy,Brescia,2005-07-28,2005-08-03,11,35.89,22.47,11,309
5,ELIZABETH BROWN,Taiwan,Nantou,2005-07-27,2005-08-02,11,35.89,26.98,11,310
326,JOSE ANDREW,Saint Vincent and the Grenadines,Kingstown,2005-07-29,2005-08-04,11,35.89,41.51,11,310
503,ANGEL BARCLAY,Japan,Ueda,2005-08-19,2005-08-25,11,35.89,40.0,11,310
158,VERONICA STONE,United States,Greensboro,2005-07-27,2005-08-02,12,35.88,41.48,12,311
44,MARIE TURNER,Russian Federation,Lipetsk,2005-07-08,2005-07-14,5,34.95,61.86,5,312
45,JANET PHILLIPS,Chile,Antofagasta,2005-08-19,2005-08-25,5,34.95,20.6,5,312
293,MAE FLETCHER,Spain,Donostia-San Sebastin,2005-08-21,2005-08-27,5,34.95,25.02,5,312
482,MAURICE CRAWLEY,Mexico,Coatzacoalcos,2005-07-10,2005-07-16,5,34.95,47.79,5,312
497,GILBERT SLEDGE,United Kingdom,York,2005-07-29,2005-08-04,5,34.95,25.64,5,312
7,MARIA MILLER,Yugoslavia,Kragujevac,2005-07-31,2005-08-06,6,34.94,20.2,6,313
12,NANCY THOMAS,India,Yamuna Nagar,2005-07-30,2005-08-05,6,34.94,65.84,6,313
26,JESSICA HALL,Holy See (Vatican City State),Citt del Vaticano,2005-08-21,2005-08-27,6,34.94,35.05,6,313
39,DEBRA NELSON,Brazil,Vila Velha,2005-07-08,2005-07-14,6,34.94,31.83,6,313
77,JANE BENNETT,Brazil,Araatuba,2005-08-17,2005-08-23,6,34.94,43.84,6,313
103,GLADYS HAMILTON,Nigeria,Ilorin,2005-08-22,2005-08-28,6,34.94,26.95,6,313
451,JIM REA,Mexico,El Fuerte,2005-07-06,2005-07-12,6,34.94,45.71,6,313
585,PERRY SWAFFORD,Argentina,Quilmes,2005-07-07,2005-07-13,6,34.94,75.09,6,313
22,LAURA RODRIGUEZ,Morocco,Sal,2005-08-20,2005-08-26,6,34.94,26.93,6,314
50,DIANE COLLINS,Sudan,Omdurman,2005-08-18,2005-08-24,6,34.94,18.11,6,314
63,ASHLEY RICHARDSON,United States,Lincoln,2005-07-08,2005-07-14,6,34.94,105.03,6,314
86,JACQUELINE LONG,Thailand,Songkhla,2005-07-29,2005-08-04,6,34.94,20.59,6,314
137,RHONDA KENNEDY,Netherlands,Apeldoorn,2005-08-21,2005-08-27,6,34.94,11.67,6,314
371,BILLY POULIN,Philippines,Cabuyao,2005-07-27,2005-08-02,6,34.94,45.71,6,314
374,JEREMY HURTADO,Brazil,Vitria de Santo Anto,2005-08-20,2005-08-26,6,34.94,38.94,6,314
376,RANDY GAITHER,Russian Federation,Kurgan,2005-07-08,2005-07-14,6,34.94,55.34,6,314
491,RICK MATTOX,Egypt,Mit Ghamr,2005-07-28,2005-08-03,6,34.94,27.64,6,314
522,ARNOLD HAVENS,Philippines,Santa Rosa,2005-07-08,2005-07-14,6,34.94,45.69,6,314
552,HUGH WALDROP,China,Haining,2005-07-29,2005-08-04,6,34.94,36.22,6,314
555,DWIGHT LOMBARDI,South Africa,Chatsworth,2005-07-29,2005-08-04,6,34.94,263.37,6,314
558,JIMMIE EGGLESTON,Poland,Wroclaw,2005-07-09,2005-07-15,6,34.94,20.2,6,314
558,JIMMIE EGGLESTON,Poland,Wroclaw,2005-08-17,2005-08-23,6,34.94,75.19,6,314
565,JAIME NETTLES,Peru,Hunuco,2005-07-31,2005-08-06,6,34.94,40.46,6,314
36,KATHLEEN ADAMS,Iran,Arak,2005-08-17,2005-08-23,7,34.93,25.02,7,315
45,JANET PHILLIPS,Chile,Antofagasta,2005-07-28,2005-08-03,7,34.93,30.89,7,315
103,GLADYS HAMILTON,Nigeria,Ilorin,2005-07-07,2005-07-13,7,34.93,52.55,7,315
116,VICTORIA GIBSON,Indonesia,Pemalang,2005-08-18,2005-08-24,7,34.93,38.91,7,315
137,RHONDA KENNEDY,Netherlands,Apeldoorn,2005-07-31,2005-08-06,7,34.93,12.8,7,315
163,CATHY SPENCER,Japan,Kakamigahara,2005-08-18,2005-08-24,7,34.93,42.05,7,315
297,SHERRI RHODES,India,Ahmadnagar,2005-08-18,2005-08-24,7,34.93,33.93,7,315
314,GEORGE LINTON,Brazil,Sorocaba,2005-07-28,2005-08-03,7,34.93,31.86,7,315
334,RAYMOND MCWHORTER,Azerbaijan,Sumqayit,2005-07-08,2005-07-14,7,34.93,65.66,7,315
360,RALPH MADRIGAL,Puerto Rico,Arecibo,2005-08-18,2005-08-24,7,34.93,16.94,7,315
372,STEVE MACKENZIE,Indonesia,Probolinggo,2005-07-29,2005-08-04,7,34.93,18.1,7,315
393,PHILIP CAUSEY,Russian Federation,Korolev,2005-07-07,2005-07-13,7,34.93,52.53,7,315
479,ZACHARY HITE,United States,Akron,2005-07-07,2005-07-13,7,34.93,32.83,7,315
481,HERMAN DEVORE,Tanzania,Mwanza,2005-07-28,2005-08-03,7,34.93,38.93,7,315
499,MARC OUTLAW,Italy,Brindisi,2005-08-18,2005-08-24,7,34.93,22.84,7,315
502,BRETT CORNWELL,India,Siliguri (Shiliguri),2005-07-06,2005-07-12,7,34.93,105.11,7,315
46,CATHERINE CAMPBELL,Russian Federation,Moscow,2005-07-28,2005-08-03,7,34.93,75.06,7,316
56,GLORIA COOK,French Polynesia,Papeete,2005-08-18,2005-08-24,7,34.93,28.39,7,316
59,CHERYL MURPHY,India,Mysore,2005-07-07,2005-07-13,7,34.93,95.52,7,316
209,TONYA CHAPMAN,India,Bhilwara,2005-07-29,2005-08-04,7,34.93,16.67,7,316
285,MIRIAM MCKINNEY,Japan,Otsu,2005-08-17,2005-08-23,7,34.93,22.33,7,316
292,MISTY LAMBERT,United Arab Emirates,Sharja,2005-07-28,2005-08-03,7,34.93,23.34,7,316
338,DENNIS GILMAN,South Africa,Paarl,2005-06-15,2005-06-21,7,34.93,1058.48,7,316
384,ERNEST STEPP,China,Huaian,2005-06-17,2005-06-23,7,34.93,87.62,7,316
403,MIKE WAY,India,Valparai,2005-08-01,2005-08-07,7,34.93,16.93,7,316
463,DARRELL POWER,Canada,Halifax,2005-08-17,2005-08-23,7,34.93,33.9,7,316
476,DERRICK BOURQUE,Canada,Gatineau,2005-07-27,2005-08-02,7,34.93,38.88,7,316
535,JAVIER ELROD,Chad,NDjamna,2005-07-07,2005-07-13,7,34.93,105.0,7,316
538,TED BREAUX,China,Baicheng,2005-07-30,2005-08-05,7,34.93,32.85,7,316
5,ELIZABETH BROWN,Taiwan,Nantou,2005-07-08,2005-07-14,8,34.92,42.0,8,317
18,CAROL GARCIA,Nigeria,Kaduna,2005-07-28,2005-08-03,8,34.92,65.68,8,317
30,MELISSA KING,Taiwan,Lungtan,2005-07-08,2005-07-14,8,34.92,58.36,8,317
63,ASHLEY RICHARDSON,United States,Lincoln,2005-08-18,2005-08-24,8,34.92,31.83,8,317
135,JUANITA MASON,India,Pune,2005-07-29,2005-08-04,8,34.92,28.39,8,317
153,SUZANNE NICHOLS,Indonesia,Jakarta,2005-08-18,2005-08-24,8,34.92,50.0,8,317
197,SUE PETERS,China,Changzhou,2005-08-17,2005-08-23,8,34.92,23.34,8,317
213,GINA WILLIAMSON,Yemen,Taizz,2005-06-17,2005-06-23,8,34.92,529.09,8,317
217,AGNES BISHOP,India,Sambhal,2005-07-29,2005-08-04,8,34.92,70.03,8,317
254,MAXINE SILVA,Brazil,Poos de Caldas,2005-07-06,2005-07-12,8,34.92,75.1,8,317
260,CHRISTY VARGAS,China,Datong,2005-06-16,2005-06-22,8,34.92,116.53,8,317
262,PATSY DAVIDSON,Ecuador,Portoviejo,2005-08-21,2005-08-27,8,34.92,45.67,8,317
268,NINA SOTO,India,Palghat (Palakkad),2005-08-17,2005-08-23,8,34.92,41.99,8,317
287,BECKY MILES,India,Tambaram,2005-07-27,2005-08-02,8,34.92,55.31,8,317
305,RICHARD MCCRARY,United States,Arlington,2005-07-07,2005-07-13,8,34.92,55.25,8,317
342,HAROLD MARTINO,Brazil,Boa Vista,2005-08-20,2005-08-26,8,34.92,19.1,8,317
348,ROGER QUINTANILLA,Taiwan,Hsichuh,2005-07-06,2005-07-12,8,34.92,58.33,8,317
408,MANUEL MURRELL,Sri Lanka,Jaffna,2005-07-27,2005-08-02,8,34.92,75.1,8,317
409,RODNEY MOELLER,Nigeria,Deba Habe,2005-07-08,2005-07-14,8,34.92,49.96,8,317
410,CURTIS IRBY,Canada,Richmond Hill,2005-07-29,2005-08-04,8,34.92,22.34,8,317
418,JEFF EAST,Dominican Republic,San Felipe de Puerto Plata,2005-07-30,2005-08-05,8,34.92,35.01,8,317
420,JACOB LANCE,United States,El Monte,2005-07-07,2005-07-13,8,34.92,175.48,8,317
438,BARRY LOVELACE,Zambia,Kitwe,2005-07-07,2005-07-13,8,34.92,58.39,8,317
529,ERIK GUILLEN,India,Bhimavaram,2005-07-07,2005-07-13,8,34.92,263.88,8,317
534,CHRISTIAN JUNG,India,Amroha,2005-07-28,2005-08-03,8,34.92,95.5,8,317
573,BYRON BOX,Kazakstan,Zhezqazghan,2005-07-29,2005-08-04,8,34.92,25.61,8,317
304,DAVID ROYAL,Peru,Callao,2005-07-08,2005-07-14,8,34.92,49.98,8,318
114,GRACE ELLIS,Germany,Duisburg,2005-08-18,2005-08-24,9,34.91,25.59,9,319
119,SHERRY MARSHALL,Egypt,Shubra al-Khayma,2005-07-28,2005-08-03,9,34.91,41.98,9,319
175,ANNETTE OLSON,India,Allappuzha (Alleppey),2005-07-27,2005-08-02,9,34.91,49.97,9,319
202,CARLA GUTIERREZ,India,Bhusawal,2005-07-29,2005-08-04,9,34.91,40.37,9,319
267,MARGIE WADE,China,Lengshuijiang,2005-07-28,2005-08-03,9,34.91,70.01,9,319
340,PATRICK NEWSOM,Vietnam,Hanoi,2005-08-18,2005-08-24,9,34.91,26.25,9,319
422,MELVIN ELLINGTON,China,Laohekou,2005-08-19,2005-08-25,9,34.91,31.8,9,319
541,DARREN WINDHAM,Italy,Livorno,2005-08-19,2005-08-25,9,34.91,32.8,9,319
570,IVAN CROMWELL,Mexico,Monclova,2005-07-27,2005-08-02,9,34.91,75.13,9,319
86,JACQUELINE LONG,Thailand,Songkhla,2005-08-18,2005-08-24,9,34.91,20.98,9,320
286,VELMA LUCAS,Nigeria,Effon-Alaiye,2005-07-27,2005-08-02,9,34.91,24.98,9,320
354,JUSTIN NGO,Brazil,Santo Andr,2005-07-27,2005-08-02,9,34.91,26.25,9,320
506,LESLIE SEWARD,Indonesia,Pontianak,2005-08-19,2005-08-25,9,34.91,31.82,9,320
550,GUY BROWNLEE,China,Zhoushan,2005-07-28,2005-08-03,9,34.91,75.02,9,320
5,ELIZABETH BROWN,Taiwan,Nantou,2005-07-28,2005-08-03,10,34.9,25.6,10,321
99,EMILY DIAZ,South Korea,Kimchon,2005-07-07,2005-07-13,10,34.9,69.94,10,321
361,LAWRENCE LAWTON,Cameroon,Yaound,2005-07-27,2005-08-02,10,34.9,87.62,10,321
102,CRYSTAL FORD,Israel,Ashdod,2005-07-28,2005-08-03,10,34.9,16.93,10,322
306,CHARLES KOWALSKI,Malaysia,Sungai Petani,2005-07-28,2005-08-03,10,34.9,27.61,10,322
414,VINCENT RALSTON,Mexico,Allende,2005-08-17,2005-08-23,10,34.9,65.64,10,322
36,KATHLEEN ADAMS,Iran,Arak,2005-07-28,2005-08-03,11,34.89,52.49,11,323
74,DENISE KELLY,Brazil,Rio Claro,2005-08-18,2005-08-24,11,34.89,45.61,11,323
283,FELICIA SUTTON,China,Korla,2005-07-06,2005-07-12,11,34.89,58.31,11,323
393,PHILIP CAUSEY,Russian Federation,Korolev,2005-08-17,2005-08-23,11,34.89,40.35,11,323
592,TERRANCE ROUSH,Hungary,Szkesfehrvr,2005-07-26,2005-08-01,11,34.89,33.83,11,323
64,JUDITH COX,China,Daxian,2005-07-06,2005-07-12,12,34.88,262.91,12,324
187,BRITTANY RILEY,Ukraine,Sumy,2005-08-20,2005-08-26,5,33.95,18.89,5,325
582,ANDY VANHORN,Mexico,Huejutla de Reyes,2005-07-29,2005-08-04,5,33.95,36.45,5,325
25,DEBORAH WALKER,Pakistan,Shikarpur,2005-06-15,2005-06-21,6,33.94,92.73,6,326
192,LAURIE LAWRENCE,India,Firozabad,2005-08-19,2005-08-25,6,33.94,24.29,6,326
345,CARL ARTIS,Paraguay,San Lorenzo,2005-07-28,2005-08-03,6,33.94,34.01,6,326
493,BRENT HARKINS,Turkey,Sultanbeyli,2005-07-27,2005-08-02,6,33.94,42.5,6,326
17,DONNA THOMPSON,Russian Federation,Elista,2005-07-28,2005-08-03,6,33.94,102.13,6,327
108,TRACY COLE,Mexico,Huixquilucan,2005-07-29,2005-08-04,6,33.94,32.94,6,327
147,JOANNE ROBERTSON,Japan,Urawa,2005-08-22,2005-08-28,6,33.94,20.83,6,327
176,JUNE CARROLL,Algeria,Skikda,2005-08-19,2005-08-25,6,33.94,20.83,6,327
333,ANDREW PURDY,Azerbaijan,Baku,2005-07-29,2005-08-04,6,33.94,44.42,6,327
362,NICHOLAS BARFIELD,Brazil,Belm,2005-08-21,2005-08-27,6,33.94,17.01,6,327
476,DERRICK BOURQUE,Canada,Gatineau,2005-07-28,2005-08-03,6,33.94,36.44,6,327
487,HECTOR POINDEXTER,Russian Federation,Pjatigorsk,2005-07-31,2005-08-06,6,33.94,22.2,6,327
509,RAUL FORTIER,India,Chapra,2005-07-28,2005-08-03,6,33.94,53.73,6,327
520,MITCHELL WESTMORELAND,Vietnam,Nha Trang,2005-07-06,2005-07-12,6,33.94,56.69,6,327
538,TED BREAUX,China,Baicheng,2005-07-31,2005-08-06,6,33.94,30.96,6,327
544,CODY NOLEN,Brazil,So Bernardo do Campo,2005-08-21,2005-08-27,6,33.94,32.92,6,327
585,PERRY SWAFFORD,Argentina,Quilmes,2005-07-29,2005-08-04,6,33.94,21.25,6,327
49,JOYCE EDWARDS,Saudi Arabia,Jedda,2005-07-06,2005-07-12,7,33.93,42.5,7,328
59,CHERYL MURPHY,India,Mysore,2005-08-20,2005-08-26,7,33.93,25.49,7,328
87,WANDA PATTERSON,Colombia,Sincelejo,2005-07-29,2005-08-04,7,33.93,30.9,7,328
182,RENEE LANE,United States,Compton,2005-08-17,2005-08-23,7,33.93,48.59,7,328
199,BETH FRANKLIN,Vietnam,Haiphong,2005-07-08,2005-07-14,7,33.93,113.48,7,328
204,ROSEMARY SCHMIDT,Turkey,Usak,2005-07-27,2005-08-02,7,33.93,35.21,7,328
237,TANYA GILBERT,South Korea,Naju,2005-07-30,2005-08-05,7,33.93,21.25,7,328
343,DOUGLAS GRAF,Mexico,Mexicali,2005-07-27,2005-08-02,7,33.93,44.33,7,328
461,DEREK BLAKELY,Philippines,Gingoog,2005-08-22,2005-08-28,7,33.93,26.89,7,328
473,JORGE OLIVARES,Indonesia,Lhokseumawe,2005-07-30,2005-08-05,7,33.93,23.19,7,328
526,KARL SEAL,United States,Cape Coral,2005-07-07,2005-07-13,7,33.93,20.4,7,328
569,DAVE GARDINER,China,Leshan,2005-08-20,2005-08-26,7,33.93,18.9,7,328
23,SARAH LEWIS,Latvia,Liepaja,2005-07-28,2005-08-03,7,33.93,34.01,7,329
69,JUDY GRAY,Algeria,Bchar,2005-07-06,2005-07-12,7,33.93,127.56,7,329
135,JUANITA MASON,India,Pune,2005-07-30,2005-08-05,7,33.93,26.86,7,329
149,VALERIE BLACK,United States,Brockton,2005-07-06,2005-07-12,7,33.93,30.91,7,329
192,LAURIE LAWRENCE,India,Firozabad,2005-07-28,2005-08-03,7,33.93,63.86,7,329
267,MARGIE WADE,China,Lengshuijiang,2005-08-19,2005-08-25,7,33.93,21.71,7,329
297,SHERRI RHODES,India,Ahmadnagar,2005-07-06,2005-07-12,7,33.93,42.5,7,329
301,ROBERT BAUGHMAN,Russian Federation,Kaliningrad,2005-07-07,2005-07-13,7,33.93,113.48,7,329
314,GEORGE LINTON,Brazil,Sorocaba,2005-08-20,2005-08-26,7,33.93,18.55,7,329
392,SEAN DOUGLASS,Ethiopia,Addis Abeba,2005-08-18,2005-08-24,7,33.93,30.93,7,329
447,CLIFFORD BOWENS,Russian Federation,Nabereznyje Telny,2005-07-30,2005-08-05,7,33.93,30.92,7,329
484,ROBERTO VU,China,Yinchuan,2005-07-09,2005-07-15,7,33.93,42.5,7,329
490,SAM MCDUFFIE,Colombia,Sogamoso,2005-07-09,2005-07-15,7,33.93,44.35,7,329
496,TYLER WREN,China,Rizhao,2005-08-17,2005-08-23,7,33.93,53.69,7,329
528,CLAUDE HERZOG,Angola,Benguela,2005-07-27,2005-08-02,7,33.93,37.78,7,329
539,MATHEW BOLIN,Venezuela,Valencia,2005-07-28,2005-08-03,7,33.93,39.24,7,329
549,NELSON CHRISTENSON,Spain,Santiago de Compostela,2005-07-27,2005-08-02,7,33.93,113.48,7,329
561,IAN STILL,United States,Garland,2005-07-28,2005-08-03,7,33.93,102.2,7,329
576,MORRIS MCCARTER,Taiwan,Fengshan,2005-06-15,2005-06-21,7,33.93,255.75,7,329
587,SERGIO STANFIELD,Mexico,Celaya,2005-07-31,2005-08-06,7,33.93,32.91,7,329
27,SHIRLEY ALLEN,Philippines,Davao,2005-07-30,2005-08-05,7,33.93,37.81,7,330
4,BARBARA JONES,Myanmar,Myingyan,2005-08-18,2005-08-24,8,33.92,32.91,8,331
5,ELIZABETH BROWN,Taiwan,Nantou,2005-08-18,2005-08-24,8,33.92,25.52,8,331
131,MONICA HICKS,Ukraine,Mukateve,2005-07-27,2005-08-02,8,33.92,44.36,8,331
28,CYNTHIA YOUNG,India,Munger (Monghyr),2005-07-29,2005-08-04,8,33.92,36.45,8,332
34,REBECCA SCOTT,Japan,Kurashiki,2005-08-17,2005-08-23,8,33.92,48.64,8,332
39,DEBRA NELSON,Brazil,Vila Velha,2005-07-30,2005-08-05,8,33.92,16.71,8,332
42,CAROLYN PEREZ,Thailand,Pak Kret,2005-07-29,2005-08-04,8,33.92,25.51,8,332
70,CHRISTINA RAMIREZ,Saudi Arabia,al-Hawiya,2005-08-17,2005-08-23,8,33.92,33.99,8,332
96,DIANA ALEXANDER,United States,Augusta-Richmond County,2005-08-17,2005-08-23,8,33.92,33.99,8,332
127,ELAINE STEVENS,Russian Federation,Smolensk,2005-08-17,2005-08-23,8,33.92,24.27,8,332
199,BETH FRANKLIN,Vietnam,Haiphong,2005-07-29,2005-08-04,8,33.92,26.15,8,332
220,CHARLENE ALVAREZ,Tanzania,Zanzibar,2005-08-17,2005-08-23,8,33.92,18.54,8,332
231,GEORGIA JACOBS,India,Uttarpara-Kotrung,2005-08-18,2005-08-24,8,33.92,37.77,8,332
258,MYRTLE FLEMING,Dominican Republic,Santiago de los Caballeros,2005-07-28,2005-08-03,8,33.92,31.87,8,332
317,EDWARD BAUGH,Faroe Islands,Trshavn,2005-07-27,2005-08-02,8,33.92,51.01,8,332
380,RUSSELL BRINSON,Poland,Tychy,2005-08-19,2005-08-25,8,33.92,18.89,8,332
387,JESSE SCHILLING,"Congo, The Democratic Republic of the",Lubumbashi,2005-08-18,2005-08-24,8,33.92,78.58,8,332
510,BEN EASTER,Russian Federation,Kamyin,2005-06-15,2005-06-21,8,33.92,50.96,8,332
555,DWIGHT LOMBARDI,South Africa,Chatsworth,2005-08-17,2005-08-23,8,33.92,28.32,8,332
562,WALLACE SLONE,Nigeria,Sokoto,2005-08-17,2005-08-23,8,33.92,56.69,8,332
580,ROSS GREY,Philippines,Iligan,2005-07-30,2005-08-05,8,33.92,30.93,8,332
584,SALVADOR TEEL,Gambia,Banjul,2005-07-28,2005-08-03,8,33.92,46.4,8,332
129,CARRIE PORTER,China,Liaocheng,2005-08-18,2005-08-24,8,33.92,20.4,8,333
53,HEATHER MORRIS,Japan,Nagareyama,2005-08-17,2005-08-23,9,33.91,40.77,9,334
138,HAZEL WARREN,China,Hohhot,2005-07-31,2005-08-06,9,33.91,28.35,9,334
339,WALTER PERRYMAN,China,Xinxiang,2005-08-17,2005-08-23,9,33.91,35.16,9,334
414,VINCENT RALSTON,Mexico,Allende,2005-08-19,2005-08-25,9,33.91,60.05,9,334
551,CLAYTON BARBEE,Brazil,Alvorada,2005-08-18,2005-08-24,9,33.91,44.35,9,334
561,IAN STILL,United States,Garland,2005-06-15,2005-06-21,9,33.91,101.93,9,334
563,KEN PREWITT,Romania,Bucuresti,2005-07-08,2005-07-14,9,33.91,113.54,9,334
25,DEBORAH WALKER,Pakistan,Shikarpur,2005-07-29,2005-08-04,9,33.91,56.71,9,335
102,CRYSTAL FORD,Israel,Ashdod,2005-07-29,2005-08-04,9,33.91,16.19,9,335
239,MINNIE ROMERO,Indonesia,Ciomas,2005-07-27,2005-08-02,9,33.91,46.37,9,335
481,HERMAN DEVORE,Tanzania,Mwanza,2005-08-17,2005-08-23,9,33.91,25.48,9,335
52,JULIE SANCHEZ,Spain,A Corua (La Corua),2005-07-27,2005-08-02,10,33.9,56.66,10,336
71,KATHY JAMES,Philippines,Baybay,2005-07-27,2005-08-02,10,33.9,27.55,10,336
275,CAROLE BARNETT,United States,Peoria,2005-08-20,2005-08-26,10,33.9,25.49,10,336
294,SHELLY WATTS,United States,Dayton,2005-07-30,2005-08-05,10,33.9,24.85,10,336
362,NICHOLAS BARFIELD,Brazil,Belm,2005-07-27,2005-08-02,10,33.9,31.84,10,336
444,MARCUS HIDALGO,Estonia,Tartu,2005-08-17,2005-08-23,10,33.9,42.48,10,336
80,MARILYN ROSS,Nigeria,Ife,2005-08-17,2005-08-23,10,33.9,27.54,10,337
64,JUDITH COX,China,Daxian,2005-07-07,2005-07-13,11,33.89,204.57,11,338
418,JEFF EAST,Dominican Republic,San Felipe de Puerto Plata,2005-08-17,2005-08-23,11,33.89,21.68,11,338
100,ROBIN HAYES,Russian Federation,Jelets,2005-07-08,2005-07-14,5,32.95,26.77,5,339
265,JENNIE TERRY,Czech Republic,Olomouc,2005-07-10,2005-07-16,5,32.95,27.52,5,339
289,VIOLET RODRIQUEZ,Hong Kong,Kowloon and New Kowloon,2005-06-18,2005-06-24,5,32.95,198.1,5,339
384,ERNEST STEPP,China,Huaian,2005-06-18,2005-06-24,5,32.95,70.91,5,339
476,DERRICK BOURQUE,Canada,Gatineau,2005-07-30,2005-08-05,5,32.95,34.17,5,339
487,HECTOR POINDEXTER,Russian Federation,Pjatigorsk,2005-08-01,2005-08-07,5,32.95,21.09,5,339
494,RAMON CHOATE,Ecuador,Robamba,2005-08-21,2005-08-27,5,32.95,14.36,5,339
526,KARL SEAL,United States,Cape Coral,2005-08-21,2005-08-27,5,32.95,10.77,5,339
550,GUY BROWNLEE,China,Zhoushan,2005-06-17,2005-06-23,5,32.95,65.99,5,339
591,KENT ARSENAULT,Brazil,Juiz de Fora,2005-07-06,2005-07-12,5,32.95,110.2,5,339
32,AMY LOPEZ,India,Jhansi,2005-08-17,2005-08-23,6,32.94,30.01,6,340
247,STELLA MORENO,Mexico,Coacalco de Berriozbal,2005-08-18,2005-08-24,6,32.94,45.04,6,340
284,SONIA GREGORY,Nigeria,Benin City,2005-07-06,2005-07-12,6,32.94,110.17,6,340
286,VELMA LUCAS,Nigeria,Effon-Alaiye,2005-07-07,2005-07-13,6,32.94,43.04,6,340
363,ROY WHITING,Kenya,Nyeri,2005-07-29,2005-08-04,6,32.94,22.51,6,340
421,LEE HAWKS,India,Pudukkottai,2005-08-17,2005-08-23,6,32.94,24.16,6,340
423,ALFRED CASILLAS,Egypt,Sawhaj,2005-07-28,2005-08-03,6,32.94,30.97,6,340
468,TIM CARY,India,Bijapur,2005-07-28,2005-08-03,6,32.94,26.77,6,340
571,JOHNNIE CHISHOLM,Poland,Plock,2005-06-15,2005-06-21,6,32.94,70.69,6,340
593,RENE MCALISTER,United States,Garden Grove,2005-07-30,2005-08-05,6,32.94,31.98,6,340
27,SHIRLEY ALLEN,Philippines,Davao,2005-07-31,2005-08-06,6,32.94,35.41,6,341
35,VIRGINIA GREEN,France,Toulouse,2005-07-29,2005-08-04,6,32.94,21.54,6,341
84,SARA PERRY,Mexico,Atlixco,2005-07-08,2005-07-14,6,32.94,45.06,6,341
102,CRYSTAL FORD,Israel,Ashdod,2005-07-09,2005-07-15,6,32.94,30.95,6,341
106,CONNIE WALLACE,Russian Federation,Ivanovo,2005-07-30,2005-08-05,6,32.94,31.96,6,341
139,AMBER DIXON,Taiwan,Touliu,2005-07-09,2005-07-15,6,32.94,52.18,6,341
172,BERNICE WILLIS,Turkey,Batman,2005-07-08,2005-07-14,6,32.94,248.92,6,341
192,LAURIE LAWRENCE,India,Firozabad,2005-07-29,2005-08-04,6,32.94,58.37,6,341
259,LENA JENSEN,India,Halisahar,2005-07-30,2005-08-05,6,32.94,30.95,6,341
297,SHERRI RHODES,India,Ahmadnagar,2005-07-08,2005-07-14,6,32.94,39.62,6,341
331,ERIC ROBERT,Argentina,Santa F,2005-07-07,2005-07-13,6,32.94,30.94,6,341
431,JOEL FRANCISCO,Bolivia,Sucre,2005-06-17,2005-06-23,6,32.94,165.25,6,341
433,DON BONE,Mozambique,Naala-Porto,2005-08-19,2005-08-25,6,32.94,23.03,6,341
472,GREG ROBINS,Vietnam,Nam Dinh,2005-08-19,2005-08-25,6,32.94,30.0,6,341
531,JAMIE WAUGH,Japan,Kuwana,2005-07-30,2005-08-05,6,32.94,16.78,6,341
540,TYRONE ASHER,Bulgaria,Ruse,2005-07-31,2005-08-06,6,32.94,30.95,6,341
550,GUY BROWNLEE,China,Zhoushan,2005-08-21,2005-08-27,6,32.94,15.72,6,341
561,IAN STILL,United States,Garland,2005-07-29,2005-08-04,6,32.94,90.25,6,341
10,DOROTHY TAYLOR,Iran,Esfahan,2005-07-28,2005-08-03,7,32.93,38.1,7,342
32,AMY LOPEZ,India,Jhansi,2005-07-27,2005-08-02,7,32.93,31.96,7,342
43,CHRISTINE ROBERTS,French Polynesia,Faaa,2005-08-17,2005-08-23,7,32.93,49.49,7,342
67,KELLY TORRES,China,Xiangtan,2005-08-17,2005-08-23,7,32.93,38.07,7,342
175,ANNETTE OLSON,India,Allappuzha (Alleppey),2005-08-17,2005-08-23,7,32.93,28.3,7,342
214,KRISTIN JOHNSTON,United States,Sunnyvale,2005-07-27,2005-08-02,7,32.93,49.52,7,342
234,CLAUDIA FULLER,Kuwait,Jalib al-Shuyukh,2005-06-16,2005-06-22,7,32.93,110.01,7,342
242,GLENDA FRAZIER,China,Qinhuangdao,2005-07-30,2005-08-05,7,32.93,35.37,7,342
279,DIANNE SHELTON,Iran,Tabriz,2005-08-20,2005-08-26,7,32.93,19.8,7,342
289,VIOLET RODRIQUEZ,Hong Kong,Kowloon and New Kowloon,2005-07-08,2005-07-14,7,32.93,24.14,7,342
292,MISTY LAMBERT,United Arab Emirates,Sharja,2005-07-06,2005-07-12,7,32.93,66.04,7,342
296,RAMONA HALE,India,Patiala,2005-07-05,2005-07-11,7,32.93,141.74,7,342
334,RAYMOND MCWHORTER,Azerbaijan,Sumqayit,2005-07-30,2005-08-05,7,32.93,23.02,7,342
368,HARRY ARCE,Iran,Najafabad,2005-07-27,2005-08-02,7,32.93,33.01,7,342
394,CHRIS BROTHERS,Spain,Gijn,2005-07-06,2005-07-12,7,32.93,197.98,7,342
448,MIGUEL BETANCOURT,Germany,Erlangen,2005-08-19,2005-08-25,7,32.93,26.03,7,342
570,IVAN CROMWELL,Mexico,Monclova,2005-06-15,2005-06-21,7,32.93,123.64,7,342
575,ISAAC OGLESBY,Mexico,Cuernavaca,2005-07-30,2005-08-05,7,32.93,38.08,7,342
7,MARIA MILLER,Yugoslavia,Kragujevac,2005-08-17,2005-08-23,7,32.93,24.14,7,343
20,SHARON ROBINSON,Pakistan,Mardan,2005-07-28,2005-08-03,7,32.93,39.61,7,343
72,THERESA WATSON,Philippines,Taguig,2005-07-29,2005-08-04,7,32.93,55.07,7,343
149,VALERIE BLACK,United States,Brockton,2005-06-15,2005-06-21,7,32.93,197.98,7,343
166,LYNN PAYNE,Malawi,Lilongwe,2005-08-20,2005-08-26,7,32.93,27.49,7,343
171,DOLORES WAGNER,Malaysia,Ipoh,2005-06-16,2005-06-22,7,32.93,98.89,7,343
178,MARION SNYDER,Brazil,Santa Brbara dOeste,2005-07-30,2005-08-05,7,32.93,14.78,7,343
197,SUE PETERS,China,Changzhou,2005-08-19,2005-08-25,7,32.93,21.08,7,343
199,BETH FRANKLIN,Vietnam,Haiphong,2005-07-31,2005-08-06,7,32.93,24.75,7,343
202,CARLA GUTIERREZ,India,Bhusawal,2005-08-17,2005-08-23,7,32.93,26.07,7,343
209,TONYA CHAPMAN,India,Bhilwara,2005-07-07,2005-07-13,7,32.93,43.05,7,343
269,CASSANDRA WALTERS,United States,Salinas,2005-08-17,2005-08-23,7,32.93,35.36,7,343
270,LEAH CURTIS,Poland,Kalisz,2005-07-29,2005-08-04,7,32.93,49.49,7,343
276,BRANDY GRAVES,United States,Warren,2005-08-18,2005-08-24,7,32.93,20.63,7,343
349,JOE GILLILAND,Philippines,Imus,2005-07-29,2005-08-04,7,32.93,30.95,7,343
352,ALBERT CROUSE,Cameroon,Bamenda,2005-07-27,2005-08-02,7,32.93,89.97,7,343
363,ROY WHITING,Kenya,Nyeri,2005-07-06,2005-07-12,7,32.93,43.05,7,343
366,BRANDON HUEY,Turkey,Balikesir,2005-07-08,2005-07-14,7,32.93,70.82,7,343
372,STEVE MACKENZIE,Indonesia,Probolinggo,2005-08-20,2005-08-26,7,32.93,12.86,7,343
433,DON BONE,Mozambique,Naala-Porto,2005-07-28,2005-08-03,7,32.93,26.05,7,343
515,ANDRE RAPP,Chile,Coquimbo,2005-08-18,2005-08-24,7,32.93,28.29,7,343
532,NEIL RENNER,Vietnam,Cam Ranh,2005-08-19,2005-08-25,7,32.93,18.33,7,343
38,MARTHA GONZALEZ,Moldova,Chisinau,2005-07-07,2005-07-13,8,32.92,61.92,8,344
101,PEGGY MYERS,Saudi Arabia,Abha,2005-07-28,2005-08-03,8,32.92,33.0,8,344
128,MARJORIE TUCKER,Poland,Jastrzebie-Zdrj,2005-07-06,2005-07-12,8,32.92,109.98,8,344
139,AMBER DIXON,Taiwan,Touliu,2005-08-21,2005-08-27,8,32.92,34.14,8,344
145,LUCILLE HOLMES,South Africa,Soshanguve,2005-07-07,2005-07-13,8,32.92,82.51,8,344
165,LORRAINE STEPHENS,China,Hami,2005-07-06,2005-07-12,8,32.92,141.49,8,344
166,LYNN PAYNE,Malawi,Lilongwe,2005-07-07,2005-07-13,8,32.92,49.53,8,344
168,REGINA BERRY,China,Jinchang,2005-07-07,2005-07-13,8,32.92,123.76,8,344
170,BEATRICE ARNOLD,India,Udaipur,2005-07-06,2005-07-12,8,32.92,98.96,8,344
171,DOLORES WAGNER,Malaysia,Ipoh,2005-08-18,2005-08-24,8,32.92,49.48,8,344
172,BERNICE WILLIS,Turkey,Batman,2005-08-19,2005-08-25,8,32.92,15.46,8,344
179,DANA HART,Russian Federation,Kirovo-Tepetsk,2005-07-29,2005-08-04,8,32.92,21.51,8,344
211,STACEY MONTGOMERY,China,Fuyu,2005-07-27,2005-08-02,8,32.92,21.06,8,344
273,PRISCILLA LOWE,Mexico,Salamanca,2005-08-18,2005-08-24,8,32.92,19.8,8,344
277,OLGA JIMENEZ,Nigeria,Ogbomosho,2005-07-06,2005-07-12,8,32.92,34.14,8,344
300,JOHN FARNSWORTH,India,Parbhani,2005-07-28,2005-08-03,8,32.92,30.93,8,344
333,ANDREW PURDY,Azerbaijan,Baku,2005-08-18,2005-08-24,8,32.92,20.62,8,344
339,WALTER PERRYMAN,China,Xinxiang,2005-07-06,2005-07-12,8,32.92,38.06,8,344
348,ROGER QUINTANILLA,Taiwan,Hsichuh,2005-07-29,2005-08-04,8,32.92,18.0,8,344
365,BRUCE SCHWARZ,Japan,Okinawa,2005-07-28,2005-08-03,8,32.92,65.97,8,344
386,TODD TAN,Ukraine,Kamjanets-Podilskyi,2005-07-07,2005-07-13,8,32.92,41.25,8,344
408,MANUEL MURRELL,Sri Lanka,Jaffna,2005-08-19,2005-08-25,8,32.92,21.52,8,344
442,LEROY BUSTAMANTE,China,Tongliao,2005-07-28,2005-08-03,8,32.92,27.51,8,344
460,LEON BOSTIC,Colombia,Florencia,2005-08-18,2005-08-24,8,32.92,27.49,8,344
485,CLYDE TOBIAS,China,Shaoguan,2005-07-07,2005-07-13,8,32.92,61.92,8,344
592,TERRANCE ROUSH,Hungary,Szkesfehrvr,2005-07-29,2005-08-04,8,32.92,23.57,8,344
597,FREDDIE DUGGAN,Peru,Sullana,2005-07-28,2005-08-03,8,32.92,82.58,8,344
15,HELEN HARRIS,India,Bhopal,2005-07-27,2005-08-02,9,32.91,49.46,9,345
69,JUDY GRAY,Algeria,Bchar,2005-08-17,2005-08-23,9,32.91,70.72,9,345
241,HEIDI LARSON,China,Xiangfan,2005-07-27,2005-08-02,9,32.91,33.01,9,345
253,TERRY CARLSON,Japan,Miyakonojo,2005-07-28,2005-08-03,9,32.91,61.82,9,345
276,BRANDY GRAVES,United States,Warren,2005-07-28,2005-08-03,9,32.91,49.49,9,345
328,JEFFREY SPEAR,Indonesia,Ciparay,2005-08-19,2005-08-25,9,32.91,35.35,9,345
354,JUSTIN NGO,Brazil,Santo Andr,2005-07-06,2005-07-12,9,32.91,61.86,9,345
419,CHAD CARBONE,India,Katihar,2005-07-27,2005-08-02,9,32.91,41.29,9,345
467,ALVIN DELOACH,Mexico,Cuauhtmoc,2005-08-17,2005-08-23,9,32.91,20.61,9,345
474,DUSTIN GILLETTE,Netherlands,Emmen,2005-08-17,2005-08-23,9,32.91,76.18,9,345
588,MARION OCAMPO,China,Weifang,2005-07-27,2005-08-02,9,32.91,39.59,9,345
35,VIRGINIA GREEN,France,Toulouse,2005-07-09,2005-07-15,9,32.91,38.09,9,346
120,SYLVIA ORTIZ,Colombia,Dos Quebradas,2005-07-27,2005-08-02,9,32.91,38.08,9,346
126,ELLEN SIMPSON,Brazil,Po,2005-07-06,2005-07-12,9,32.91,330.2,9,346
260,CHRISTY VARGAS,China,Datong,2005-08-19,2005-08-25,9,32.91,30.94,9,346
295,DAISY BATES,Russian Federation,Kolpino,2005-06-15,2005-06-21,9,32.91,247.44,9,346
397,JIMMY SCHRADER,Russian Federation,Atinsk,2005-08-18,2005-08-24,9,32.91,31.94,9,346
538,TED BREAUX,China,Baicheng,2005-07-26,2005-08-01,9,32.91,34.13,9,346
563,KEN PREWITT,Romania,Bucuresti,2005-08-17,2005-08-23,9,32.91,41.22,9,346
596,ENRIQUE FORSYTHE,Greece,Patras,2005-08-17,2005-08-23,9,32.91,55.0,9,346
224,PEARL GARZA,India,Jodhpur,2005-08-17,2005-08-23,10,32.9,76.22,10,347
323,MATTHEW MAHAN,Mexico,Cuautla,2005-07-28,2005-08-03,10,32.9,31.91,10,347
257,MARSHA DOUGLAS,Mozambique,Beira,2005-08-19,2005-08-25,10,32.9,14.55,10,348
158,VERONICA STONE,United States,Greensboro,2005-07-28,2005-08-03,11,32.89,34.09,11,349
369,FRED WHEAT,Mexico,Jurez,2005-07-29,2005-08-04,11,32.89,35.31,11,349
72,THERESA WATSON,Philippines,Taguig,2005-08-17,2005-08-23,13,32.87,29.95,13,350
21,MICHELLE CLARK,Bangladesh,Tangail,2005-06-18,2005-06-24,5,31.95,106.86,5,351
51,ALICE STEWART,United States,Fontana,2005-07-06,2005-07-12,5,31.95,321.64,5,351
148,ELEANOR HUNT,Runion,Saint-Denis,2005-07-09,2005-07-15,5,31.95,31.01,5,351
249,DORA MEDINA,China,Tianjin,2005-07-07,2005-07-13,5,31.95,48.05,5,351
284,SONIA GREGORY,Nigeria,Benin City,2005-07-07,2005-07-13,5,31.95,96.23,5,351
468,TIM CARY,India,Bijapur,2005-07-29,2005-08-04,5,31.95,25.29,5,351
560,JORDAN ARCHULETA,Argentina,Avellaneda,2005-07-31,2005-08-06,5,31.95,17.79,5,351
22,LAURA RODRIGUEZ,Morocco,Sal,2005-08-21,2005-08-27,5,31.95,22.87,5,352
50,DIANE COLLINS,Sudan,Omdurman,2005-07-10,2005-07-16,5,31.95,48.07,5,352
146,JAMIE RICE,United States,Sterling Heights,2005-07-08,2005-07-14,5,31.95,36.96,5,352
349,JOE GILLILAND,Philippines,Imus,2005-08-21,2005-08-27,5,31.95,16.01,5,352
434,EDDIE TOMLIN,Philippines,Ozamis,2005-08-19,2005-08-25,5,31.95,25.29,5,352
504,NATHANIEL ADAM,United States,Joliet,2005-08-20,2005-08-26,5,31.95,20.9,5,352
11,LISA ANDERSON,Japan,Sagamihara,2005-07-29,2005-08-04,6,31.94,28.24,6,353
116,VICTORIA GIBSON,Indonesia,Pemalang,2005-08-19,2005-08-25,6,31.94,32.03,6,353
170,BEATRICE ARNOLD,India,Udaipur,2005-08-19,2005-08-25,6,31.94,27.43,6,353
171,DOLORES WAGNER,Malaysia,Ipoh,2005-06-17,2005-06-23,6,31.94,87.27,6,353
181,ANA BRADLEY,United States,Memphis,2005-08-01,2005-08-07,6,31.94,13.15,6,353
197,SUE PETERS,China,Changzhou,2005-08-20,2005-08-26,6,31.94,20.02,6,353
198,ELSIE KELLEY,Nigeria,Ikerre,2005-08-20,2005-08-26,6,31.94,14.78,6,353
204,ROSEMARY SCHMIDT,Turkey,Usak,2005-06-15,2005-06-21,6,31.94,73.94,6,353
258,MYRTLE FLEMING,Dominican Republic,Santiago de los Caballeros,2005-08-18,2005-08-24,6,31.94,28.25,6,353
289,VIOLET RODRIQUEZ,Hong Kong,Kowloon and New Kowloon,2005-07-09,2005-07-15,6,31.94,22.86,6,353
292,MISTY LAMBERT,United Arab Emirates,Sharja,2005-07-07,2005-07-13,6,31.94,60.08,6,353
319,RONALD WEINER,Mexico,San Felipe del Progreso,2005-07-10,2005-07-16,6,31.94,28.26,6,353
321,KEVIN SCHULER,Nepal,Birgunj,2005-07-07,2005-07-13,6,31.94,53.35,6,353
362,NICHOLAS BARFIELD,Brazil,Belm,2005-07-08,2005-07-14,6,31.94,64.09,6,353
567,ALFREDO MCADAMS,Russian Federation,Serpuhov,2005-07-27,2005-08-02,6,31.94,56.56,6,353
92,TINA SIMMONS,Brazil,Goinia,2005-07-10,2005-07-16,6,31.94,24.0,6,354
163,CATHY SPENCER,Japan,Kakamigahara,2005-08-19,2005-08-25,6,31.94,34.33,6,354
337,JERRY JORDON,Japan,Onomichi,2005-08-19,2005-08-25,6,31.94,23.42,6,354
393,PHILIP CAUSEY,Russian Federation,Korolev,2005-07-08,2005-07-14,6,31.94,41.77,6,354
424,KYLE SPURLOCK,China,Shanwei,2005-07-31,2005-08-06,6,31.94,25.3,6,354
451,JIM REA,Mexico,El Fuerte,2005-07-27,2005-08-02,6,31.94,27.42,6,354
502,BRETT CORNWELL,India,Siliguri (Shiliguri),2005-07-08,2005-07-14,6,31.94,73.94,6,354
65,ROSE HOWARD,French Guiana,Cayenne,2005-07-29,2005-08-04,6,31.94,36.94,6,355
236,MARCIA DEAN,Philippines,Tanza,2005-08-19,2005-08-25,6,31.94,15.0,6,355
269,CASSANDRA WALTERS,United States,Salinas,2005-07-07,2005-07-13,6,31.94,68.59,6,355
133,PAULINE HENRY,Mexico,Torren,2005-07-08,2005-07-14,7,31.93,68.62,7,356
145,LUCILLE HOLMES,South Africa,Soshanguve,2005-08-18,2005-08-24,7,31.93,30.99,7,356
180,STACY CUNNINGHAM,Colombia,Pereira,2005-07-27,2005-08-02,7,31.93,40.0,7,356
296,RAMONA HALE,India,Patiala,2005-08-20,2005-08-26,7,31.93,26.67,7,356
491,RICK MATTOX,Egypt,Mit Ghamr,2005-06-15,2005-06-21,7,31.93,240.68,7,356
5,ELIZABETH BROWN,Taiwan,Nantou,2005-07-09,2005-07-15,7,31.93,34.3,7,357
18,CAROL GARCIA,Nigeria,Kaduna,2005-07-29,2005-08-04,7,31.93,50.58,7,357
108,TRACY COLE,Mexico,Huixquilucan,2005-08-17,2005-08-23,7,31.93,28.22,7,357
118,KIM CRUZ,United States,Grand Prairie,2005-07-27,2005-08-02,7,31.93,160.72,7,357
201,VICKI FIELDS,Germany,Witten,2005-08-20,2005-08-26,7,31.93,43.7,7,357
211,STACEY MONTGOMERY,China,Fuyu,2005-07-28,2005-08-03,7,31.93,20.01,7,357
240,MARLENE WELCH,Japan,Iwaki,2005-08-17,2005-08-23,7,31.93,20.42,7,357
268,NINA SOTO,India,Palghat (Palakkad),2005-07-08,2005-07-14,7,31.93,30.02,7,357
291,TONI HOLT,United States,Roanoke,2005-07-29,2005-08-04,7,31.93,35.57,7,357
307,JOSEPH JOY,Brazil,Angra dos Reis,2005-07-06,2005-07-12,7,31.93,41.76,7,357
367,ADAM GOOCH,India,Adoni,2005-07-07,2005-07-13,7,31.93,967.58,7,357
540,TYRONE ASHER,Bulgaria,Ruse,2005-07-08,2005-07-14,7,31.93,50.55,7,357
571,JOHNNIE CHISHOLM,Poland,Plock,2005-07-28,2005-08-03,7,31.93,30.95,7,357
589,TRACY HERRMANN,Ecuador,Loja,2005-08-19,2005-08-25,7,31.93,22.32,7,357
1,MARY SMITH,Japan,Sasebo,2005-06-15,2005-06-21,7,31.93,240.68,7,358
14,BETTY WHITE,United States,Citrus Heights,2005-07-29,2005-08-04,7,31.93,28.24,7,358
39,DEBRA NELSON,Brazil,Vila Velha,2005-07-31,2005-08-06,7,31.93,15.23,7,358
52,JULIE SANCHEZ,Spain,A Corua (La Corua),2005-08-18,2005-08-24,7,31.93,25.28,7,358
71,KATHY JAMES,Philippines,Baybay,2005-07-09,2005-07-15,7,31.93,50.52,7,358
71,KATHY JAMES,Philippines,Baybay,2005-08-18,2005-08-24,7,31.93,28.26,7,358
85,ANNE POWELL,United Kingdom,Bradford,2005-07-28,2005-08-03,7,31.93,96.17,7,358
88,BONNIE HUGHES,South Korea,Cheju,2005-07-27,2005-08-02,7,31.93,45.74,7,358
89,JULIA FLORES,Argentina,La Plata,2005-07-07,2005-07-13,7,31.93,30.95,7,358
113,CINDY FISHER,Venezuela,Cuman,2005-08-17,2005-08-23,7,31.93,40.01,7,358
136,ANITA MORALES,India,Hubli-Dharwad,2005-08-17,2005-08-23,7,31.93,137.23,7,358
173,AUDREY RAY,Austria,Graz,2005-07-28,2005-08-03,7,31.93,30.01,7,358
200,JEANNE LAWSON,Turkmenistan,Ashgabat,2005-06-15,2005-06-21,7,31.93,95.89,7,358
204,ROSEMARY SCHMIDT,Turkey,Usak,2005-08-19,2005-08-25,7,31.93,22.86,7,358
221,BESSIE MORRISON,Italy,Syrakusa,2005-08-18,2005-08-24,7,31.93,22.33,7,358
234,CLAUDIA FULLER,Kuwait,Jalib al-Shuyukh,2005-07-31,2005-08-06,7,31.93,106.67,7,358
258,MYRTLE FLEMING,Dominican Republic,Santiago de los Caballeros,2005-07-07,2005-07-13,7,31.93,73.86,7,358
273,PRISCILLA LOWE,Mexico,Salamanca,2005-08-20,2005-08-26,7,31.93,18.83,7,358
287,BECKY MILES,India,Tambaram,2005-07-28,2005-08-03,7,31.93,43.68,7,358
299,JAMES GANNON,Japan,Hiroshima,2005-06-16,2005-06-22,7,31.93,63.95,7,358
312,MARK RINEHART,Saudi Arabia,Tabuk,2005-07-28,2005-08-03,7,31.93,45.74,7,358
337,JERRY JORDON,Japan,Onomichi,2005-07-07,2005-07-13,7,31.93,56.45,7,358
380,RUSSELL BRINSON,Poland,Tychy,2005-07-28,2005-08-03,7,31.93,29.11,7,358
408,MANUEL MURRELL,Sri Lanka,Jaffna,2005-08-20,2005-08-26,7,31.93,20.43,7,358
420,JACOB LANCE,United States,El Monte,2005-07-27,2005-08-02,7,31.93,27.43,7,358
457,BILL GAVIN,United States,Rockford,2005-08-18,2005-08-24,7,31.93,38.41,7,358
475,PEDRO CHESTNUT,Ukraine,ostka,2005-07-07,2005-07-13,7,31.93,159.92,7,358
483,VERNON CHAPA,Turkey,Denizli,2005-07-27,2005-08-02,7,31.93,38.38,7,358
534,CHRISTIAN JUNG,India,Amroha,2005-07-29,2005-08-04,7,31.93,68.62,7,358
27,SHIRLEY ALLEN,Philippines,Davao,2005-08-17,2005-08-23,7,31.93,26.67,7,359
95,PAULA BRYANT,India,Pathankot,2005-07-27,2005-08-02,7,31.93,73.86,7,359
242,GLENDA FRAZIER,China,Qinhuangdao,2005-08-18,2005-08-24,7,31.93,20.0,7,359
125,ETHEL WEBB,South Africa,Boksburg,2005-08-17,2005-08-23,8,31.92,17.14,8,360
442,LEROY BUSTAMANTE,China,Tongliao,2005-07-06,2005-07-12,8,31.92,50.51,8,361
484,ROBERTO VU,China,Yinchuan,2005-08-17,2005-08-23,8,31.92,24.6,8,361
504,NATHANIEL ADAM,United States,Joliet,2005-07-27,2005-08-02,8,31.92,30.94,8,361
38,MARTHA GONZALEZ,Moldova,Chisinau,2005-08-17,2005-08-23,8,31.92,20.43,8,362
40,AMANDA CARTER,Morocco,Nador,2005-07-28,2005-08-03,8,31.92,80.07,8,362
51,ALICE STEWART,United States,Fontana,2005-08-19,2005-08-25,8,31.92,16.84,8,362
56,GLORIA COOK,French Polynesia,Papeete,2005-07-27,2005-08-02,8,31.92,38.38,8,362
66,JANICE WARD,Sweden,Malm,2005-08-18,2005-08-24,8,31.92,33.11,8,362
73,BEVERLY BROOKS,Taiwan,Chiayi,2005-07-28,2005-08-03,8,31.92,30.95,8,362
76,IRENE PRICE,Kazakstan,Pavlodar,2005-07-29,2005-08-04,8,31.92,137.39,8,362
98,LILLIAN GRIFFIN,United Arab Emirates,al-Ayn,2005-07-26,2005-08-01,8,31.92,73.78,8,362
121,JOSEPHINE GOMEZ,India,Etawah,2005-07-27,2005-08-02,8,31.92,160.13,8,362
173,AUDREY RAY,Austria,Graz,2005-07-06,2005-07-12,8,31.92,56.5,8,362
196,ALMA AUSTIN,Germany,Mannheim,2005-06-15,2005-06-21,8,31.92,41.71,8,362
197,SUE PETERS,China,Changzhou,2005-06-15,2005-06-21,8,31.92,45.77,8,362
225,ARLENE HARVEY,India,Ambattur,2005-07-08,2005-07-14,8,31.92,45.67,8,362
302,MICHAEL SILVERMAN,China,Tiefa,2005-08-19,2005-08-25,8,31.92,16.26,8,362
328,JEFFREY SPEAR,Indonesia,Ciparay,2005-08-20,2005-08-26,8,31.92,33.11,8,362
334,RAYMOND MCWHORTER,Azerbaijan,Sumqayit,2005-08-18,2005-08-24,8,31.92,26.66,8,362
404,STANLEY SCROGGINS,Japan,Omiya,2005-07-06,2005-07-12,8,31.92,60.0,8,362
405,LEONARD SCHOFIELD,Argentina,Tandil,2005-07-27,2005-08-02,8,31.92,60.08,8,362
438,BARRY LOVELACE,Zambia,Kitwe,2005-07-27,2005-08-02,8,31.92,27.42,8,362
468,TIM CARY,India,Bijapur,2005-07-06,2005-07-12,8,31.92,40.0,8,362
482,MAURICE CRAWLEY,Mexico,Coatzacoalcos,2005-08-21,2005-08-27,8,31.92,25.93,8,362
574,JULIAN VEST,Japan,Akishima,2005-07-07,2005-07-13,8,31.92,40.0,8,362
584,SALVADOR TEEL,Gambia,Banjul,2005-07-26,2005-08-01,8,31.92,73.89,8,362
590,SETH HANNON,Bahrain,al-Manama,2005-07-08,2005-07-14,8,31.92,30.94,8,362
86,JACQUELINE LONG,Thailand,Songkhla,2005-08-19,2005-08-25,8,31.92,18.1,8,363
175,ANNETTE OLSON,India,Allappuzha (Alleppey),2005-07-28,2005-08-03,8,31.92,39.98,8,363
421,LEE HAWKS,India,Pudukkottai,2005-07-28,2005-08-03,8,31.92,24.6,8,363
550,GUY BROWNLEE,China,Zhoushan,2005-07-29,2005-08-04,8,31.92,56.5,8,363
141,DEBBIE REYES,Japan,Fukuyama,2005-08-18,2005-08-24,9,31.91,15.48,9,364
158,VERONICA STONE,United States,Greensboro,2005-08-17,2005-08-23,9,31.91,26.68,9,364
208,LUCY WHEELER,India,Balurghat,2005-07-27,2005-08-02,9,31.91,33.09,9,364
214,KRISTIN JOHNSTON,United States,Sunnyvale,2005-08-19,2005-08-25,9,31.91,25.25,9,364
260,CHRISTY VARGAS,China,Datong,2005-07-27,2005-08-02,9,31.91,68.57,9,364
278,BILLIE HORTON,Turkey,Inegl,2005-07-27,2005-08-02,9,31.91,43.59,9,364
306,CHARLES KOWALSKI,Malaysia,Sungai Petani,2005-07-29,2005-08-04,9,31.91,23.4,9,364
361,LAWRENCE LAWTON,Cameroon,Yaound,2005-07-28,2005-08-03,9,31.91,64.08,9,364
564,BOB PFEIFFER,China,Xintai,2005-08-17,2005-08-23,9,31.91,21.81,9,364
161,GERALDINE PERKINS,Israel,Tel Aviv-Jaffa,2005-07-27,2005-08-02,9,31.91,34.26,9,365
186,HOLLY FOX,India,Haldia,2005-08-20,2005-08-26,9,31.91,20.87,9,365
224,PEARL GARZA,India,Jodhpur,2005-08-18,2005-08-24,9,31.91,68.67,9,365
244,VIOLA HANSON,Philippines,Lapu-Lapu,2005-07-08,2005-07-14,9,31.91,56.41,9,365
251,VICKIE BREWER,Germany,Halle/Saale,2005-08-17,2005-08-23,9,31.91,38.38,9,365
351,JACK FOUST,Russian Federation,Zeleznogorsk,2005-07-06,2005-07-12,9,31.91,96.02,9,365
417,TRAVIS ESTEP,Saudi Arabia,al-Qatif,2005-08-17,2005-08-23,9,31.91,41.73,9,365
320,ANTHONY SCHWAB,American Samoa,Tafuna,2005-07-27,2005-08-02,9,31.91,106.72,9,366
462,WARREN SHERROD,Russian Federation,Usolje-Sibirskoje,2005-07-28,2005-08-03,9,31.91,20.85,9,366
530,DARRYL ASHCRAFT,Argentina,Ezeiza,2005-07-27,2005-08-02,9,31.91,106.72,9,366
254,MAXINE SILVA,Brazil,Poos de Caldas,2005-08-17,2005-08-23,10,31.9,35.54,10,367
406,NATHAN RUNYON,"Virgin Islands, U.S.",Charlotte Amalie,2005-07-28,2005-08-03,10,31.9,24.6,10,367
236,MARCIA DEAN,Philippines,Tanza,2005-07-06,2005-07-12,10,31.9,25.24,10,368
451,JIM REA,Mexico,El Fuerte,2005-08-17,2005-08-23,11,31.89,29.95,11,369
59,CHERYL MURPHY,India,Mysore,2005-07-28,2005-08-03,5,30.95,26.58,5,370
86,JACQUELINE LONG,Thailand,Songkhla,2005-07-07,2005-07-13,5,30.95,30.04,5,370
193,KATIE ELLIOTT,Kenya,Kisumu,2005-06-18,2005-06-24,5,30.95,103.51,5,370
196,ALMA AUSTIN,Germany,Mannheim,2005-07-31,2005-08-06,5,30.95,22.71,5,370
263,HILDA HOPKINS,Philippines,Mandaluyong,2005-08-19,2005-08-25,5,30.95,19.8,5,370
265,JENNIE TERRY,Czech Republic,Olomouc,2005-08-20,2005-08-26,5,30.95,28.22,5,370
345,CARL ARTIS,Paraguay,San Lorenzo,2005-07-29,2005-08-04,5,30.95,28.2,5,370
373,LOUIS LEONE,Philippines,Tanauan,2005-07-31,2005-08-06,5,30.95,16.33,5,370
478,LEWIS LYMAN,Israel,Ashqelon,2005-06-18,2005-06-24,5,30.95,937.88,5,370
513,DUANE TUBBS,Nauru,Yangor,2005-08-22,2005-08-28,5,30.95,12.75,5,370
571,JOHNNIE CHISHOLM,Poland,Plock,2005-07-06,2005-07-12,5,30.95,28.19,5,370
578,WILLARD LUMPKIN,Mexico,Carmen,2005-07-31,2005-08-06,5,30.95,27.38,5,370
589,TRACY HERRMANN,Ecuador,Loja,2005-06-15,2005-06-21,5,30.95,84.64,5,370
590,SETH HANNON,Bahrain,al-Manama,2005-06-15,2005-06-21,5,30.95,232.71,5,370
26,JESSICA HALL,Holy See (Vatican City State),Citt del Vaticano,2005-06-17,2005-06-23,5,30.95,54.75,5,371
89,JULIA FLORES,Argentina,La Plata,2005-06-15,2005-06-21,5,30.95,93.13,5,371
195,VANESSA SIMS,Germany,Siegen,2005-07-30,2005-08-05,5,30.95,31.03,5,371
203,TARA RYAN,Indonesia,Gorontalo,2005-07-29,2005-08-04,5,30.95,54.75,5,371
484,ROBERTO VU,China,Yinchuan,2005-07-29,2005-08-04,5,30.95,19.8,5,371
495,CHARLIE BESS,China,Baiyin,2005-07-30,2005-08-05,5,30.95,25.15,5,371
555,DWIGHT LOMBARDI,South Africa,Chatsworth,2005-07-30,2005-08-05,5,30.95,116.5,5,371
371,BILLY POULIN,Philippines,Cabuyao,2005-07-28,2005-08-03,5,30.95,34.49,5,372
504,NATHANIEL ADAM,United States,Joliet,2005-07-06,2005-07-12,5,30.95,103.4,5,372
585,PERRY SWAFFORD,Argentina,Quilmes,2005-07-30,2005-08-05,5,30.95,18.24,5,372
41,STEPHANIE MITCHELL,Armenia,Yerevan,2005-07-29,2005-08-04,6,30.94,18.24,6,373
45,JANET PHILLIPS,Chile,Antofagasta,2005-08-01,2005-08-07,6,30.94,24.48,6,373
85,ANNE POWELL,United Kingdom,Bradford,2005-07-30,2005-08-05,6,30.94,84.77,6,373
105,DAWN SULLIVAN,Tuvalu,Funafuti,2005-07-27,2005-08-02,6,30.94,40.44,6,373
154,MICHELE GRANT,China,Yuncheng,2005-07-28,2005-08-03,6,30.94,21.64,6,373
173,AUDREY RAY,Austria,Graz,2005-07-29,2005-08-04,6,30.94,28.2,6,373
178,MARION SNYDER,Brazil,Santa Brbara dOeste,2005-06-16,2005-06-22,6,30.94,66.39,6,373
261,DEANNA BYRD,Philippines,Tuguegarao,2005-08-18,2005-08-24,6,30.94,42.31,6,373
293,MAE FLETCHER,Spain,Donostia-San Sebastin,2005-07-06,2005-07-12,6,30.94,25.83,6,373
294,SHELLY WATTS,United States,Dayton,2005-08-17,2005-08-23,6,30.94,18.25,6,373
324,GARY COY,China,Yuzhou,2005-07-27,2005-08-02,6,30.94,40.48,6,373
327,LARRY THRASHER,Turkey,Adana,2005-06-15,2005-06-21,6,30.94,132.79,6,373
356,GERALD FULTZ,India,Satna,2005-07-30,2005-08-05,6,30.94,32.11,6,373
368,HARRY ARCE,Iran,Najafabad,2005-06-15,2005-06-21,6,30.94,51.68,6,373
372,STEVE MACKENZIE,Indonesia,Probolinggo,2005-07-09,2005-07-15,6,30.94,77.54,6,373
385,PHILLIP HOLM,Japan,Tama,2005-08-17,2005-08-23,6,30.94,28.21,6,373
432,EDWIN BURK,South Africa,Newcastle,2005-07-08,2005-07-14,6,30.94,66.44,6,373
484,ROBERTO VU,China,Yinchuan,2005-07-10,2005-07-16,6,30.94,34.45,6,373
486,GLEN TALBERT,Mexico,Acua,2005-07-07,2005-07-13,6,30.94,42.29,6,373
534,CHRISTIAN JUNG,India,Amroha,2005-07-30,2005-08-05,6,30.94,62.09,6,373
539,MATHEW BOLIN,Venezuela,Valencia,2005-07-29,2005-08-04,6,30.94,32.08,6,373
573,BYRON BOX,Kazakstan,Zhezqazghan,2005-07-08,2005-07-14,6,30.94,30.02,6,373
592,TERRANCE ROUSH,Hungary,Szkesfehrvr,2005-07-06,2005-07-12,6,30.94,37.2,6,373
46,CATHERINE CAMPBELL,Russian Federation,Moscow,2005-07-30,2005-08-05,6,30.94,51.71,6,374
148,ELEANOR HUNT,Runion,Saint-Denis,2005-08-22,2005-08-28,6,30.94,7.88,6,374
170,BEATRICE ARNOLD,India,Udaipur,2005-07-28,2005-08-03,6,30.94,28.2,6,374
236,MARCIA DEAN,Philippines,Tanza,2005-06-17,2005-06-23,6,30.94,58.19,6,374
477,DAN PAINE,United Kingdom,Stockport,2005-07-29,2005-08-04,6,30.94,27.35,6,374
508,MILTON HOWLAND,India,Vijayawada,2005-07-31,2005-08-06,6,30.94,14.76,6,374
23,SARAH LEWIS,Latvia,Liepaja,2005-07-29,2005-08-04,6,30.94,28.2,6,375
63,ASHLEY RICHARDSON,United States,Lincoln,2005-08-19,2005-08-25,6,30.94,25.16,6,375
266,NORA HERRERA,Austria,Salzburg,2005-07-29,2005-08-04,6,30.94,77.54,6,375
66,JANICE WARD,Sweden,Malm,2005-08-20,2005-08-26,7,30.93,31.02,7,376
233,LILLIE KIM,Egypt,Idfu,2005-07-06,2005-07-12,7,30.93,66.47,7,376
404,STANLEY SCROGGINS,Japan,Omiya,2005-07-27,2005-08-02,7,30.93,29.07,7,376
13,KAREN JACKSON,Turkey,Osmaniye,2005-07-30,2005-08-05,7,30.93,25.13,7,377
126,ELLEN SIMPSON,Brazil,Po,2005-08-19,2005-08-25,7,30.93,25.83,7,377
131,MONICA HICKS,Ukraine,Mukateve,2005-07-28,2005-08-03,7,30.93,35.78,7,377
153,SUZANNE NICHOLS,Indonesia,Jakarta,2005-08-19,2005-08-25,7,30.93,37.21,7,377
175,ANNETTE OLSON,India,Allappuzha (Alleppey),2005-07-29,2005-08-04,7,30.93,37.21,7,377
256,MABEL HOLLAND,Myanmar,Monywa,2005-06-16,2005-06-22,7,30.93,62.07,7,377
306,CHARLES KOWALSKI,Malaysia,Sungai Petani,2005-08-19,2005-08-25,7,30.93,13.68,7,377
322,JASON MORRISSEY,Argentina,Baha Blanca,2005-07-27,2005-08-02,7,30.93,44.33,7,377
340,PATRICK NEWSOM,Vietnam,Hanoi,2005-06-16,2005-06-22,7,30.93,185.95,7,377
343,DOUGLAS GRAF,Mexico,Mexicali,2005-06-16,2005-06-22,7,30.93,116.28,7,377
435,RICKY SHELBY,China,Junan,2005-07-29,2005-08-04,7,30.93,40.43,7,377
493,BRENT HARKINS,Turkey,Sultanbeyli,2005-08-20,2005-08-26,7,30.93,27.34,7,377
506,LESLIE SEWARD,Indonesia,Pontianak,2005-08-20,2005-08-26,7,30.93,25.15,7,377
560,JORDAN ARCHULETA,Argentina,Avellaneda,2005-08-17,2005-08-23,7,30.93,15.76,7,377
580,ROSS GREY,Philippines,Iligan,2005-08-18,2005-08-24,7,30.93,21.14,7,377
54,TERESA ROGERS,Japan,Iwakuni,2005-08-19,2005-08-25,7,30.93,23.84,7,378
107,FLORENCE WOODS,Argentina,Merlo,2005-07-27,2005-08-02,7,30.93,25.83,7,378
134,EMMA BOYD,Egypt,Qalyub,2005-07-27,2005-08-02,7,30.93,103.44,7,378
162,LAUREN HUDSON,France,Le Mans,2005-07-29,2005-08-04,7,30.93,310.33,7,378
173,AUDREY RAY,Austria,Graz,2005-07-08,2005-07-14,7,30.93,51.72,7,378
173,AUDREY RAY,Austria,Graz,2005-08-17,2005-08-23,7,30.93,29.06,7,378
230,JOY GEORGE,Romania,Botosani,2005-07-29,2005-08-04,7,30.93,25.15,7,378
255,IRMA PEARSON,Philippines,Hagonoy,2005-08-17,2005-08-23,7,30.93,46.49,7,378
258,MYRTLE FLEMING,Dominican Republic,Santiago de los Caballeros,2005-07-29,2005-08-04,7,30.93,26.57,7,378
282,JENNY CASTRO,Puerto Rico,Ponce,2005-07-06,2005-07-12,7,30.93,66.47,7,378
317,EDWARD BAUGH,Faroe Islands,Trshavn,2005-07-28,2005-08-03,7,30.93,40.45,7,378
341,PETER MENARD,Netherlands,Ede,2005-08-17,2005-08-23,7,30.93,38.74,7,378
377,HOWARD FORTNER,Iran,Kermanshah,2005-07-30,2005-08-05,7,30.93,34.46,7,378
410,CURTIS IRBY,Canada,Richmond Hill,2005-07-30,2005-08-05,7,30.93,18.24,7,378
456,RONNIE RICKETTS,Senegal,Ziguinchor,2005-08-19,2005-08-25,7,30.93,42.27,7,378
482,MAURICE CRAWLEY,Mexico,Coatzacoalcos,2005-08-16,2005-08-22,7,30.93,37.19,7,378
546,KELLY KNOTT,China,Sanya,2005-08-17,2005-08-23,7,30.93,40.45,7,378
581,VIRGIL WOFFORD,Mexico,Jos Azueta,2005-07-08,2005-07-14,7,30.93,40.45,7,378
595,TERRENCE GUNDERSON,China,Jinzhou,2005-07-07,2005-07-13,7,30.93,51.64,7,378
260,CHRISTY VARGAS,China,Datong,2005-06-17,2005-06-23,7,30.93,71.49,7,379
79,RACHEL BARNES,Japan,Kamakura,2005-07-06,2005-07-12,8,30.92,116.24,8,380
25,DEBORAH WALKER,Pakistan,Shikarpur,2005-07-30,2005-08-05,8,30.92,44.32,8,381
27,SHIRLEY ALLEN,Philippines,Davao,2005-06-15,2005-06-21,8,30.92,310.23,8,382
29,ANGELA HERNANDEZ,Japan,Shimonoseki,2005-08-19,2005-08-25,8,30.92,14.76,8,382
57,EVELYN MORGAN,Liechtenstein,Vaduz,2005-07-06,2005-07-12,8,30.92,44.28,8,382
60,MILDRED BAILEY,India,Jaipur,2005-07-27,2005-08-02,8,30.92,77.49,8,382
78,LORI WOOD,India,Rae Bareli,2005-08-19,2005-08-25,8,30.92,13.47,8,382
80,MARILYN ROSS,Nigeria,Ife,2005-08-18,2005-08-24,8,30.92,23.24,8,382
98,LILLIAN GRIFFIN,United Arab Emirates,al-Ayn,2005-07-29,2005-08-04,8,30.92,44.28,8,382
122,THELMA MURRAY,Peru,Lima,2005-07-06,2005-07-12,8,30.92,35.77,8,382
128,MARJORIE TUCKER,Poland,Jastrzebie-Zdrj,2005-07-29,2005-08-04,8,30.92,24.47,8,382
132,ESTHER CRAWFORD,South Africa,Botshabelo,2005-07-08,2005-07-14,8,30.92,32.09,8,382
188,MELANIE ARMSTRONG,Philippines,Bayugan,2005-07-27,2005-08-02,8,30.92,44.28,8,382
197,SUE PETERS,China,Changzhou,2005-08-01,2005-08-07,8,30.92,25.82,8,382
208,LUCY WHEELER,India,Balurghat,2005-07-28,2005-08-03,8,30.92,31.0,8,382
241,HEIDI LARSON,China,Xiangfan,2005-08-19,2005-08-25,8,30.92,24.47,8,382
273,PRISCILLA LOWE,Mexico,Salamanca,2005-08-16,2005-08-22,8,30.92,20.66,8,382
278,BILLIE HORTON,Turkey,Inegl,2005-07-28,2005-08-03,8,30.92,40.42,8,382
298,ERIKA PENA,Finland,Oulu,2005-08-17,2005-08-23,8,30.92,30.98,8,382
317,EDWARD BAUGH,Faroe Islands,Trshavn,2005-08-18,2005-08-24,8,30.92,20.66,8,382
375,AARON SELBY,"Congo, The Democratic Republic of the",Mwene-Ditu,2005-07-30,2005-08-05,8,30.92,46.47,8,382
376,RANDY GAITHER,Russian Federation,Kurgan,2005-07-29,2005-08-04,8,30.92,17.87,8,382
410,CURTIS IRBY,Canada,Richmond Hill,2005-07-07,2005-07-13,8,30.92,40.44,8,382
440,BERNARD COLBY,India,Dhule (Dhulia),2005-08-18,2005-08-24,8,30.92,32.05,8,382
455,JON WILES,Bolivia,El Alto,2005-08-17,2005-08-23,8,30.92,46.5,8,382
494,RAMON CHOATE,Ecuador,Robamba,2005-07-06,2005-07-12,8,30.92,310.23,8,382
543,LANCE PEMBERTON,Morocco,Beni-Mellal,2005-07-27,2005-08-02,8,30.92,71.52,8,382
579,DARYL LARUE,Iraq,Mosul,2005-07-29,2005-08-04,8,30.92,23.83,8,382
417,TRAVIS ESTEP,Saudi Arabia,al-Qatif,2005-08-18,2005-08-24,8,30.92,38.76,8,383
32,AMY LOPEZ,India,Jhansi,2005-07-06,2005-07-12,9,30.91,58.1,9,384
294,SHELLY WATTS,United States,Dayton,2005-07-31,2005-08-06,9,30.91,21.11,9,384
473,JORGE OLIVARES,Indonesia,Lhokseumawe,2005-08-17,2005-08-23,9,30.91,17.87,9,384
520,MITCHELL WESTMORELAND,Vietnam,Nha Trang,2005-08-19,2005-08-25,9,30.91,20.66,9,384
572,SIDNEY BURLESON,Poland,Czestochowa,2005-07-29,2005-08-04,9,30.91,26.55,9,384
108,TRACY COLE,Mexico,Huixquilucan,2005-07-06,2005-07-12,9,30.91,37.17,9,385
115,WENDY HARRISON,Mexico,Nezahualcyotl,2005-07-27,2005-08-02,9,30.91,32.08,9,385
329,FRANK WAGGONER,Bangladesh,Jamalpur,2005-07-30,2005-08-05,9,30.91,24.45,9,385
370,WAYNE TRUONG,India,Gulbarga,2005-08-17,2005-08-23,9,30.91,38.75,9,385
415,GLENN PULLEN,Netherlands,Amersfoort,2005-07-27,2005-08-02,9,30.91,44.26,9,385
457,BILL GAVIN,United States,Rockford,2005-06-15,2005-06-21,9,30.91,116.06,9,385
20,SHARON ROBINSON,Pakistan,Mardan,2005-08-17,2005-08-23,10,30.9,24.45,10,386
1,MARY SMITH,Japan,Sasebo,2005-07-27,2005-08-02,10,30.9,30.95,10,387
152,ALICIA MILLS,India,Nagaon,2005-08-17,2005-08-23,10,30.9,71.42,10,387
160,ERIN DUNN,Russian Federation,Ljubertsy,2005-07-27,2005-08-02,10,30.9,58.08,10,388
198,ELSIE KELLEY,Nigeria,Ikerre,2005-07-27,2005-08-02,10,30.9,34.42,10,388
1,MARY SMITH,Japan,Sasebo,2005-07-08,2005-07-14,5,29.95,28.14,5,389
23,SARAH LEWIS,Latvia,Liepaja,2005-07-30,2005-08-05,5,29.95,26.5,5,389
75,TAMMY SANDERS,Taiwan,Changhwa,2005-06-17,2005-06-23,5,29.95,150.25,5,389
80,MARILYN ROSS,Nigeria,Ife,2005-07-30,2005-08-05,5,29.95,16.37,5,389
82,KATHRYN COLEMAN,Ukraine,Simferopol,2005-07-29,2005-08-04,5,29.95,22.5,5,389
120,SYLVIA ORTIZ,Colombia,Dos Quebradas,2005-08-20,2005-08-26,5,29.95,20.47,5,389
148,ELEANOR HUNT,Runion,Saint-Denis,2005-07-31,2005-08-06,5,29.95,10.12,5,389
209,TONYA CHAPMAN,India,Bhilwara,2005-08-17,2005-08-23,5,29.95,14.52,5,389
374,JEREMY HURTADO,Brazil,Vitria de Santo Anto,2005-08-21,2005-08-27,5,29.95,28.16,5,389
389,ALAN KAHN,China,Emeishan,2005-08-21,2005-08-27,5,29.95,16.08,5,389
412,ALLEN BUTTERFIELD,India,Hoshiarpur,2005-08-20,2005-08-26,5,29.95,23.09,5,389
451,JIM REA,Mexico,El Fuerte,2005-07-08,2005-07-14,5,29.95,32.18,5,389
542,LONNIE TIRADO,Indonesia,Pangkal Pinang,2005-07-09,2005-07-15,5,29.95,56.23,5,389
585,PERRY SWAFFORD,Argentina,Quilmes,2005-07-08,2005-07-14,5,29.95,47.41,5,389
63,ASHLEY RICHARDSON,United States,Lincoln,2005-07-10,2005-07-16,5,29.95,60.02,5,390
106,CONNIE WALLACE,Russian Federation,Ivanovo,2005-07-31,2005-08-06,5,29.95,26.5,5,390
127,ELAINE STEVENS,Russian Federation,Smolensk,2005-07-31,2005-08-06,5,29.95,30.01,5,390
210,ELLA OLIVER,Yemen,Aden,2005-08-21,2005-08-27,5,29.95,18.76,5,390
322,JASON MORRISSEY,Argentina,Baha Blanca,2005-08-19,2005-08-25,5,29.95,29.05,5,390
417,TRAVIS ESTEP,Saudi Arabia,al-Qatif,2005-07-06,2005-07-12,5,29.95,225.19,5,390
421,LEE HAWKS,India,Pudukkottai,2005-07-05,2005-07-11,5,29.95,69.28,5,390
70,CHRISTINA RAMIREZ,Saudi Arabia,al-Hawiya,2005-07-27,2005-08-02,6,29.94,128.68,6,391
120,SYLVIA ORTIZ,Colombia,Dos Quebradas,2005-06-15,2005-06-21,6,29.94,100.02,6,391
242,GLENDA FRAZIER,China,Qinhuangdao,2005-06-15,2005-06-21,6,29.94,75.04,6,391
253,TERRY CARLSON,Japan,Miyakonojo,2005-06-15,2005-06-21,6,29.94,81.88,6,391
314,GEORGE LINTON,Brazil,Sorocaba,2005-08-21,2005-08-27,6,29.94,15.26,6,391
453,CALVIN MARTEL,Venezuela,Maracabo,2005-07-06,2005-07-12,6,29.94,47.35,6,391
466,LEO EBERT,China,Dongying,2005-08-20,2005-08-26,6,29.94,30.02,6,391
527,CORY MEEHAN,Belarus,Mogiljov,2005-08-17,2005-08-23,6,29.94,33.37,6,391
529,ERIK GUILLEN,India,Bhimavaram,2005-07-27,2005-08-02,6,29.94,25.72,6,391
6,JENNIFER DAVIS,United States,Laredo,2005-08-18,2005-08-24,6,29.94,34.67,6,392
80,MARILYN ROSS,Nigeria,Ife,2005-07-08,2005-07-14,6,29.94,26.46,6,392
96,DIANA ALEXANDER,United States,Augusta-Richmond County,2005-07-28,2005-08-03,6,29.94,45.05,6,392
104,RITA GRAHAM,France,Toulon,2005-07-07,2005-07-13,6,29.94,100.25,6,392
131,MONICA HICKS,Ukraine,Mukateve,2005-07-29,2005-08-04,6,29.94,33.37,6,392
182,RENEE LANE,United States,Compton,2005-08-18,2005-08-24,6,29.94,36.01,6,392
222,DELORES HANSEN,Russian Federation,Jaroslavl,2005-07-09,2005-07-15,6,29.94,56.21,6,392
285,MIRIAM MCKINNEY,Japan,Otsu,2005-07-28,2005-08-03,6,29.94,16.98,6,392
298,ERIKA PENA,Finland,Oulu,2005-07-28,2005-08-03,6,29.94,50.09,6,392
309,CHRISTOPHER GRECO,Italy,Brescia,2005-08-17,2005-08-23,6,29.94,21.45,6,392
311,PAUL TROUT,Russian Federation,Kursk,2005-08-19,2005-08-25,6,29.94,24.99,6,392
416,JEFFERY PINSON,Pakistan,Dadu,2005-07-30,2005-08-05,6,29.94,26.49,6,392
462,WARREN SHERROD,Russian Federation,Usolje-Sibirskoje,2005-07-08,2005-07-14,6,29.94,42.83,6,392
532,NEIL RENNER,Vietnam,Cam Ranh,2005-07-31,2005-08-06,6,29.94,13.43,6,392
3,LINDA WILLIAMS,Greece,Athenai,2005-08-18,2005-08-24,6,29.94,13.84,6,393
149,VALERIE BLACK,United States,Brockton,2005-06-16,2005-06-22,6,29.94,112.56,6,393
273,PRISCILLA LOWE,Mexico,Salamanca,2005-07-31,2005-08-06,6,29.94,14.29,6,393
329,FRANK WAGGONER,Bangladesh,Jamalpur,2005-08-17,2005-08-23,6,29.94,17.65,6,393
338,DENNIS GILMAN,South Africa,Paarl,2005-06-16,2005-06-22,6,29.94,150.2,6,393
354,JUSTIN NGO,Brazil,Santo Andr,2005-07-29,2005-08-04,6,29.94,20.02,6,393
433,DON BONE,Mozambique,Naala-Porto,2005-07-09,2005-07-15,6,29.94,112.56,6,393
459,TOMMY COLLAZO,Iran,Qomsheh,2005-08-20,2005-08-26,6,29.94,8.03,6,393
496,TYLER WREN,China,Rizhao,2005-08-18,2005-08-24,6,29.94,39.14,6,393
518,GABRIEL HARDER,Turkey,Sivas,2005-08-19,2005-08-25,6,29.94,18.76,6,393
535,JAVIER ELROD,Chad,NDjamna,2005-07-08,2005-07-14,6,29.94,60.0,6,393
40,AMANDA CARTER,Morocco,Nador,2005-08-19,2005-08-25,7,29.93,19.15,7,394
219,WILLIE HOWELL,Argentina,Vicente Lpez,2005-07-27,2005-08-02,7,29.93,23.69,7,394
408,MANUEL MURRELL,Sri Lanka,Jaffna,2005-07-28,2005-08-03,7,29.93,47.41,7,394
409,RODNEY MOELLER,Nigeria,Deba Habe,2005-07-09,2005-07-15,7,29.93,34.59,7,394
589,TRACY HERRMANN,Ecuador,Loja,2005-07-27,2005-08-02,7,29.93,69.28,7,394
597,FREDDIE DUGGAN,Peru,Sullana,2005-08-17,2005-08-23,7,29.93,27.28,7,394
66,JANICE WARD,Sweden,Malm,2005-06-15,2005-06-21,7,29.93,179.94,7,395
92,TINA SIMMONS,Brazil,Goinia,2005-07-27,2005-08-02,7,29.93,15.78,7,395
206,TERRI VASQUEZ,Brazil,Blumenau,2005-07-27,2005-08-02,7,29.93,23.68,7,395
211,STACEY MONTGOMERY,China,Fuyu,2005-08-20,2005-08-26,7,29.93,18.37,7,395
212,WILMA RICHARDS,United States,Bellevue,2005-08-18,2005-08-24,7,29.93,50.02,7,395
213,GINA WILLIAMSON,Yemen,Taizz,2005-06-18,2005-06-24,7,29.93,128.82,7,395
305,RICHARD MCCRARY,United States,Arlington,2005-07-08,2005-07-14,7,29.93,37.49,7,395
390,SHAWN HEATON,Thailand,Nakhon Sawan,2005-07-27,2005-08-02,7,29.93,33.34,7,395
420,JACOB LANCE,United States,El Monte,2005-07-09,2005-07-15,7,29.93,81.93,7,395
33,ANNA HILL,Italy,Alessandria,2005-08-19,2005-08-25,7,29.93,36.0,7,396
64,JUDITH COX,China,Daxian,2005-07-29,2005-08-04,7,29.93,21.98,7,396
99,EMILY DIAZ,South Korea,Kimchon,2005-07-27,2005-08-02,7,29.93,21.43,7,396
144,CLARA SHAW,Belarus,Molodetno,2005-08-18,2005-08-24,7,29.93,10.98,7,396
193,KATIE ELLIOTT,Kenya,Kisumu,2005-08-20,2005-08-26,7,29.93,30.01,7,396
216,NATALIE MEYER,Brazil,Aparecida de Goinia,2005-08-17,2005-08-23,7,29.93,42.86,7,396
217,AGNES BISHOP,India,Sambhal,2005-07-30,2005-08-05,7,29.93,45.01,7,396
221,BESSIE MORRISON,Italy,Syrakusa,2005-07-27,2005-08-02,7,29.93,31.02,7,396
233,LILLIE KIM,Egypt,Idfu,2005-07-27,2005-08-02,7,29.93,29.03,7,396
254,MAXINE SILVA,Brazil,Poos de Caldas,2005-07-09,2005-07-15,7,29.93,47.41,7,396
262,PATSY DAVIDSON,Ecuador,Portoviejo,2005-07-08,2005-07-14,7,29.93,33.33,7,396
263,HILDA HOPKINS,Philippines,Mandaluyong,2005-07-27,2005-08-02,7,29.93,33.37,7,396
266,NORA HERRERA,Austria,Salzburg,2005-08-20,2005-08-26,7,29.93,17.65,7,396
271,PENNY NEAL,India,Kumbakonam,2005-07-28,2005-08-03,7,29.93,69.34,7,396
282,JENNY CASTRO,Puerto Rico,Ponce,2005-07-28,2005-08-03,7,29.93,23.69,7,396
298,ERIKA PENA,Finland,Oulu,2005-08-18,2005-08-24,7,29.93,29.03,7,396
306,CHARLES KOWALSKI,Malaysia,Sungai Petani,2005-07-30,2005-08-05,7,29.93,20.93,7,396
337,JERRY JORDON,Japan,Onomichi,2005-07-27,2005-08-02,7,29.93,23.68,7,396
339,WALTER PERRYMAN,China,Xinxiang,2005-07-07,2005-07-13,7,29.93,31.03,7,396
348,ROGER QUINTANILLA,Taiwan,Hsichuh,2005-07-08,2005-07-14,7,29.93,39.12,7,396
368,HARRY ARCE,Iran,Najafabad,2005-07-06,2005-07-12,7,29.93,29.02,7,396
416,JEFFERY PINSON,Pakistan,Dadu,2005-08-18,2005-08-24,7,29.93,16.98,7,396
563,KEN PREWITT,Romania,Bucuresti,2005-08-18,2005-08-24,7,29.93,33.34,7,396
566,CASEY MENA,Turkey,Tokat,2005-07-30,2005-08-05,7,29.93,16.37,7,396
573,BYRON BOX,Kazakstan,Zhezqazghan,2005-07-31,2005-08-06,7,29.93,19.57,7,396
574,JULIAN VEST,Japan,Akishima,2005-07-27,2005-08-02,7,29.93,22.5,7,396
579,DARYL LARUE,Iraq,Mosul,2005-07-30,2005-08-05,7,29.93,22.49,7,396
590,SETH HANNON,Bahrain,al-Manama,2005-07-27,2005-08-02,7,29.93,28.13,7,396
210,ELLA OLIVER,Yemen,Aden,2005-07-08,2005-07-14,7,29.93,33.35,7,397
229,TAMARA NGUYEN,Brazil,Anpolis,2005-07-06,2005-07-12,8,29.92,60.0,8,398
5,ELIZABETH BROWN,Taiwan,Nantou,2005-07-29,2005-08-04,8,29.92,19.56,8,399
108,TRACY COLE,Mexico,Huixquilucan,2005-07-07,2005-07-13,8,29.92,34.6,8,399
151,MEGAN PALMER,China,Laiwu,2005-08-17,2005-08-23,8,29.92,31.04,8,399
158,VERONICA STONE,United States,Greensboro,2005-08-18,2005-08-24,8,29.92,23.7,8,399
167,SALLY PIERCE,India,Chandrapur,2005-08-19,2005-08-25,8,29.92,24.33,8,399
230,JOY GEORGE,Romania,Botosani,2005-08-17,2005-08-23,8,29.92,19.56,8,399
276,BRANDY GRAVES,United States,Warren,2005-07-30,2005-08-05,8,29.92,39.13,8,399
340,PATRICK NEWSOM,Vietnam,Hanoi,2005-08-19,2005-08-25,8,29.92,20.0,8,399
354,JUSTIN NGO,Brazil,Santo Andr,2005-07-07,2005-07-13,8,29.92,47.37,8,399
366,BRANDON HUEY,Turkey,Balikesir,2005-08-20,2005-08-26,8,29.92,14.06,8,399
379,CARLOS COUGHLIN,India,Bhavnagar,2005-08-20,2005-08-26,8,29.92,32.13,8,399
386,TODD TAN,Ukraine,Kamjanets-Podilskyi,2005-07-29,2005-08-04,8,29.92,22.49,8,399
400,BRYAN HARDISON,United States,Dallas,2005-07-27,2005-08-02,8,29.92,31.01,8,399
403,MIKE WAY,India,Valparai,2005-08-17,2005-08-23,8,29.92,13.23,8,399
443,FRANCISCO SKIDMORE,Brazil,So Leopoldo,2005-08-18,2005-08-24,8,29.92,20.44,8,399
473,JORGE OLIVARES,Indonesia,Lhokseumawe,2005-08-20,2005-08-26,8,29.92,16.97,8,399
512,CECIL VINES,United Kingdom,London,2005-08-20,2005-08-26,8,29.92,17.29,8,399
564,BOB PFEIFFER,China,Xintai,2005-07-29,2005-08-04,8,29.92,49.98,8,399
570,IVAN CROMWELL,Mexico,Monclova,2005-07-29,2005-08-04,8,29.92,47.42,8,399
588,MARION OCAMPO,China,Weifang,2005-07-28,2005-08-03,8,29.92,32.14,8,399
267,MARGIE WADE,China,Lengshuijiang,2005-07-29,2005-08-04,8,29.92,44.99,8,400
290,KRISTINA CHAMBERS,Venezuela,Valle de la Pascua,2005-07-26,2005-08-01,8,29.92,37.51,8,400
20,SHARON ROBINSON,Pakistan,Mardan,2005-08-18,2005-08-24,9,29.91,23.06,9,401
160,ERIN DUNN,Russian Federation,Ljubertsy,2005-07-28,2005-08-03,9,29.91,52.94,9,401
241,HEIDI LARSON,China,Xiangfan,2005-07-06,2005-07-12,9,29.91,75.09,9,401
385,PHILLIP HOLM,Japan,Tama,2005-07-26,2005-08-01,9,29.91,35.96,9,401
488,SHANE MILLARD,Mexico,La Paz,2005-07-27,2005-08-02,9,29.91,32.09,9,401
569,DAVE GARDINER,China,Leshan,2005-07-30,2005-08-05,9,29.91,69.18,9,401
393,PHILIP CAUSEY,Russian Federation,Korolev,2005-08-18,2005-08-24,9,29.91,29.02,9,402
514,FRANKLIN TROUTMAN,China,Zaoyang,2005-08-18,2005-08-24,9,29.91,56.22,9,402
30,MELISSA KING,Taiwan,Lungtan,2005-08-18,2005-08-24,10,29.9,21.94,10,403
48,ANN EVANS,Russian Federation,Niznekamsk,2005-07-28,2005-08-03,5,28.95,45.81,5,404
82,KATHRYN COLEMAN,Ukraine,Simferopol,2005-07-06,2005-07-12,5,28.95,41.46,5,404
149,VALERIE BLACK,United States,Brockton,2005-07-26,2005-08-01,5,28.95,25.6,5,404
154,MICHELE GRANT,China,Yuncheng,2005-07-29,2005-08-04,5,28.95,19.35,5,404
189,LORETTA CARPENTER,Canada,Oshawa,2005-07-30,2005-08-05,5,28.95,33.49,5,404
204,ROSEMARY SCHMIDT,Turkey,Usak,2005-06-16,2005-06-22,5,28.95,54.45,5,404
221,BESSIE MORRISON,Italy,Syrakusa,2005-07-07,2005-07-13,5,28.95,36.26,5,404
234,CLAUDIA FULLER,Kuwait,Jalib al-Shuyukh,2005-06-17,2005-06-23,5,28.95,67.01,5,404
239,MINNIE ROMERO,Indonesia,Ciomas,2005-05-27,2005-06-02,5,28.95,174.05,5,404
309,CHRISTOPHER GRECO,Italy,Brescia,2005-07-07,2005-07-13,5,28.95,22.3,5,404
311,PAUL TROUT,Russian Federation,Kursk,2005-07-29,2005-08-04,5,28.95,39.55,5,404
322,JASON MORRISSEY,Argentina,Baha Blanca,2005-06-18,2005-06-24,5,28.95,48.36,5,404
329,FRANK WAGGONER,Bangladesh,Jamalpur,2005-08-18,2005-08-24,5,28.95,16.74,5,404
333,ANDREW PURDY,Azerbaijan,Baku,2005-07-30,2005-08-05,5,28.95,31.12,5,404
345,CARL ARTIS,Paraguay,San Lorenzo,2005-08-17,2005-08-23,5,28.95,21.22,5,404
363,ROY WHITING,Kenya,Nyeri,2005-08-20,2005-08-26,5,28.95,15.82,5,404
400,BRYAN HARDISON,United States,Dallas,2005-07-08,2005-07-14,5,28.95,72.56,5,404
421,LEE HAWKS,India,Pudukkottai,2005-08-18,2005-08-24,5,28.95,19.35,5,404
451,JIM REA,Mexico,El Fuerte,2005-08-01,2005-08-07,5,28.95,22.9,5,404
453,CALVIN MARTEL,Venezuela,Maracabo,2005-07-07,2005-07-13,5,28.95,43.51,5,404
511,CHESTER BENNER,China,Suihua,2005-08-17,2005-08-23,5,28.95,36.28,5,404
552,HUGH WALDROP,China,Haining,2005-07-30,2005-08-05,5,28.95,24.86,5,404
567,ALFREDO MCADAMS,Russian Federation,Serpuhov,2005-07-28,2005-08-03,5,28.95,43.58,5,404
142,APRIL BURNS,United Kingdom,Dundee,2005-07-30,2005-08-05,5,28.95,34.84,5,405
143,LESLIE GORDON,Turkey,Kilis,2005-07-07,2005-07-13,5,28.95,51.24,5,405
163,CATHY SPENCER,Japan,Kakamigahara,2005-08-20,2005-08-26,5,28.95,28.11,5,405
218,VERA MCCOY,Afghanistan,Kabul,2005-07-27,2005-08-02,5,28.95,96.82,5,405
466,LEO EBERT,China,Dongying,2005-06-16,2005-06-22,5,28.95,290.47,5,405
469,WESLEY BULL,Spain,Ourense (Orense),2005-08-21,2005-08-27,5,28.95,11.61,5,405
502,BRETT CORNWELL,India,Siliguri (Shiliguri),2005-07-09,2005-07-15,5,28.95,54.45,5,405
505,RAFAEL ABNEY,Philippines,Talavera,2005-07-07,2005-07-13,5,28.95,34.8,5,405
532,NEIL RENNER,Vietnam,Cam Ranh,2005-07-10,2005-07-16,5,28.95,26.37,5,405
145,LUCILLE HOLMES,South Africa,Soshanguve,2005-08-19,2005-08-25,6,28.94,25.61,6,406
180,STACY CUNNINGHAM,Colombia,Pereira,2005-07-29,2005-08-04,6,28.94,32.23,6,406
187,BRITTANY RILEY,Ukraine,Sumy,2005-07-07,2005-07-13,6,28.94,24.86,6,406
200,JEANNE LAWSON,Turkmenistan,Ashgabat,2005-07-27,2005-08-02,6,28.94,41.46,6,406
204,ROSEMARY SCHMIDT,Turkey,Usak,2005-07-30,2005-08-05,6,28.94,25.61,6,406
258,MYRTLE FLEMING,Dominican Republic,Santiago de los Caballeros,2005-07-08,2005-07-14,6,28.94,54.4,6,406
269,CASSANDRA WALTERS,United States,Salinas,2005-08-18,2005-08-24,6,28.94,27.19,6,406
287,BECKY MILES,India,Tambaram,2005-07-30,2005-08-05,6,28.94,34.84,6,406
301,ROBERT BAUGHMAN,Russian Federation,Kaliningrad,2005-07-08,2005-07-14,6,28.94,62.19,6,406
324,GARY COY,China,Yuzhou,2005-08-18,2005-08-24,6,28.94,21.22,6,406
360,RALPH MADRIGAL,Puerto Rico,Arecibo,2005-08-19,2005-08-25,6,28.94,12.8,6,406
426,BRADLEY MOTLEY,India,Purnea (Purnia),2005-08-18,2005-08-24,6,28.94,14.5,6,406
440,BERNARD COLBY,India,Dhule (Dhulia),2005-07-27,2005-08-02,6,28.94,45.84,6,406
480,COREY HAUSER,Turkey,Gaziantep,2005-08-19,2005-08-25,6,28.94,22.31,6,406
516,ELMER NOE,Cambodia,Battambang,2005-07-28,2005-08-03,6,28.94,48.31,6,406
522,ARNOLD HAVENS,Philippines,Santa Rosa,2005-08-17,2005-08-23,6,28.94,11.6,6,406
565,JAIME NETTLES,Peru,Hunuco,2005-08-18,2005-08-24,6,28.94,16.41,6,406
567,ALFREDO MCADAMS,Russian Federation,Serpuhov,2005-08-17,2005-08-23,6,28.94,27.18,6,406
576,MORRIS MCCARTER,Taiwan,Fengshan,2005-06-16,2005-06-22,6,28.94,96.79,6,406
592,TERRANCE ROUSH,Hungary,Szkesfehrvr,2005-07-30,2005-08-05,6,28.94,18.92,6,406
57,EVELYN MORGAN,Liechtenstein,Vaduz,2005-08-19,2005-08-25,6,28.94,45.86,6,407
108,TRACY COLE,Mexico,Huixquilucan,2005-08-18,2005-08-24,6,28.94,23.51,6,407
118,KIM CRUZ,United States,Grand Prairie,2005-07-28,2005-08-03,6,28.94,97.01,6,407
179,DANA HART,Russian Federation,Kirovo-Tepetsk,2005-07-06,2005-07-12,6,28.94,66.89,6,407
211,STACEY MONTGOMERY,China,Fuyu,2005-07-30,2005-08-05,6,28.94,17.07,6,407
223,MELINDA FERNANDEZ,Pakistan,Mandi Bahauddin,2005-08-19,2005-08-25,6,28.94,37.81,6,407
242,GLENDA FRAZIER,China,Qinhuangdao,2005-07-31,2005-08-06,6,28.94,27.2,6,407
262,PATSY DAVIDSON,Ecuador,Portoviejo,2005-07-10,2005-07-16,6,28.94,31.08,6,407
284,SONIA GREGORY,Nigeria,Benin City,2005-08-18,2005-08-24,6,28.94,21.22,6,407
305,RICHARD MCCRARY,United States,Arlington,2005-07-29,2005-08-04,6,28.94,24.86,6,407
363,ROY WHITING,Kenya,Nyeri,2005-07-10,2005-07-16,6,28.94,32.23,6,407
403,MIKE WAY,India,Valparai,2005-07-06,2005-07-12,6,28.94,24.16,6,407
404,STANLEY SCROGGINS,Japan,Omiya,2005-08-21,2005-08-27,6,28.94,15.26,6,407
410,CURTIS IRBY,Canada,Richmond Hill,2005-07-09,2005-07-15,6,28.94,34.84,6,407
502,BRETT CORNWELL,India,Siliguri (Shiliguri),2005-08-17,2005-08-23,6,28.94,15.27,6,407
30,MELISSA KING,Taiwan,Lungtan,2005-07-09,2005-07-15,6,28.94,36.28,6,408
247,STELLA MORENO,Mexico,Coacalco de Berriozbal,2005-08-16,2005-08-22,6,28.94,41.44,6,408
295,DAISY BATES,Russian Federation,Kolpino,2005-07-31,2005-08-06,6,28.94,12.61,6,408
415,GLENN PULLEN,Netherlands,Amersfoort,2005-08-17,2005-08-23,6,28.94,28.09,6,408
420,JACOB LANCE,United States,El Monte,2005-07-29,2005-08-04,6,28.94,22.9,6,408
439,ALEXANDER FENNELL,Italy,Bergamo,2005-08-21,2005-08-27,6,28.94,15.54,6,408
470,GORDON ALLARD,Yemen,Hodeida,2005-07-07,2005-07-13,6,28.94,33.47,6,408
472,GREG ROBINS,Vietnam,Nam Dinh,2005-07-09,2005-07-15,6,28.94,27.19,6,408
519,RON DELUCA,Japan,Isesaki,2005-07-31,2005-08-06,6,28.94,31.1,6,408
540,TYRONE ASHER,Bulgaria,Ruse,2005-08-17,2005-08-23,6,28.94,26.36,6,408
559,EVERETT BANDA,Egypt,Bilbays,2005-07-06,2005-07-12,6,28.94,66.99,6,408
28,CYNTHIA YOUNG,India,Munger (Monghyr),2005-07-30,2005-08-05,7,28.93,26.37,7,409
312,MARK RINEHART,Saudi Arabia,Tabuk,2005-08-17,2005-08-23,7,28.93,27.18,7,409
339,WALTER PERRYMAN,China,Xinxiang,2005-07-27,2005-08-02,7,28.93,26.36,7,409
381,BOBBY BOUDREAU,Anguilla,South Hill,2005-08-19,2005-08-25,7,28.93,23.54,7,409
56,GLORIA COOK,French Polynesia,Papeete,2005-07-28,2005-08-03,7,28.93,31.06,7,410
127,ELAINE STEVENS,Russian Federation,Smolensk,2005-08-19,2005-08-25,7,28.93,18.5,7,410
137,RHONDA KENNEDY,Netherlands,Apeldoorn,2005-07-07,2005-07-13,7,28.93,22.88,7,410
208,LUCY WHEELER,India,Balurghat,2005-07-06,2005-07-12,7,28.93,72.63,7,410
267,MARGIE WADE,China,Lengshuijiang,2005-06-18,2005-06-24,7,28.93,32.2,7,410
338,DENNIS GILMAN,South Africa,Paarl,2005-08-17,2005-08-23,7,28.93,39.56,7,410
352,ALBERT CROUSE,Cameroon,Bamenda,2005-08-17,2005-08-23,7,28.93,26.36,7,410
360,RALPH MADRIGAL,Puerto Rico,Arecibo,2005-07-07,2005-07-13,7,28.93,45.78,7,410
366,BRANDON HUEY,Turkey,Balikesir,2005-07-29,2005-08-04,7,28.93,12.25,7,410
387,JESSE SCHILLING,"Congo, The Democratic Republic of the",Lubumbashi,2005-08-19,2005-08-25,7,28.93,48.38,7,410
421,LEE HAWKS,India,Pudukkottai,2005-07-29,2005-08-04,7,28.93,20.7,7,410
434,EDDIE TOMLIN,Philippines,Ozamis,2005-06-15,2005-06-21,7,28.93,144.89,7,410
439,ALEXANDER FENNELL,Italy,Bergamo,2005-07-06,2005-07-12,7,28.93,36.25,7,410
485,CLYDE TOBIAS,China,Shaoguan,2005-07-08,2005-07-14,7,28.93,43.53,7,410
512,CECIL VINES,United Kingdom,London,2005-08-21,2005-08-27,7,28.93,16.41,7,410
538,TED BREAUX,China,Baicheng,2005-07-06,2005-07-12,7,28.93,45.78,7,410
566,CASEY MENA,Turkey,Tokat,2005-08-17,2005-08-23,7,28.93,14.03,7,410
34,REBECCA SCOTT,Japan,Kurashiki,2005-08-18,2005-08-24,7,28.93,33.5,7,411
49,JOYCE EDWARDS,Saudi Arabia,Jedda,2005-07-29,2005-08-04,7,28.93,18.12,7,411
84,SARA PERRY,Mexico,Atlixco,2005-07-30,2005-08-05,7,28.93,15.25,7,411
107,FLORENCE WOODS,Argentina,Merlo,2005-07-06,2005-07-12,7,28.93,34.81,7,411
179,DANA HART,Russian Federation,Kirovo-Tepetsk,2005-08-19,2005-08-25,7,28.93,17.4,7,411
180,STACY CUNNINGHAM,Colombia,Pereira,2005-08-18,2005-08-24,7,28.93,27.18,7,411
219,WILLIE HOWELL,Argentina,Vicente Lpez,2005-07-09,2005-07-15,7,28.93,62.17,7,411
241,HEIDI LARSON,China,Xiangfan,2005-07-28,2005-08-03,7,28.93,25.61,7,411
260,CHRISTY VARGAS,China,Datong,2005-07-28,2005-08-03,7,28.93,51.23,7,411
260,CHRISTY VARGAS,China,Datong,2005-08-20,2005-08-26,7,28.93,24.18,7,411
277,OLGA JIMENEZ,Nigeria,Ogbomosho,2005-06-15,2005-06-21,7,28.93,124.16,7,411
285,MIRIAM MCKINNEY,Japan,Otsu,2005-07-09,2005-07-15,7,28.93,34.77,7,411
302,MICHAEL SILVERMAN,China,Tiefa,2005-08-20,2005-08-26,7,28.93,14.03,7,411
307,JOSEPH JOY,Brazil,Angra dos Reis,2005-07-28,2005-08-03,7,28.93,18.9,7,411
382,VICTOR BARKLEY,United States,Manchester,2005-07-28,2005-08-03,7,28.93,58.01,7,411
404,STANLEY SCROGGINS,Japan,Omiya,2005-07-08,2005-07-14,7,28.93,45.8,7,411
405,LEONARD SCHOFIELD,Argentina,Tandil,2005-07-28,2005-08-03,7,28.93,45.85,7,411
410,CURTIS IRBY,Canada,Richmond Hill,2005-08-21,2005-08-27,7,28.93,10.6,7,411
470,GORDON ALLARD,Yemen,Hodeida,2005-07-30,2005-08-05,7,28.93,11.44,7,411
475,PEDRO CHESTNUT,Ukraine,ostka,2005-07-30,2005-08-05,7,28.93,16.11,7,411
537,CLINTON BUFORD,United States,Aurora,2005-08-19,2005-08-25,7,28.93,41.43,7,411
572,SIDNEY BURLESON,Poland,Czestochowa,2005-07-30,2005-08-05,7,28.93,23.51,7,411
584,SALVADOR TEEL,Gambia,Banjul,2005-07-30,2005-08-05,7,28.93,32.24,7,411
562,WALLACE SLONE,Nigeria,Sokoto,2005-08-18,2005-08-24,7,28.93,37.83,7,412
8,SUSAN WILSON,New Zealand,Hamilton,2005-07-05,2005-07-11,8,28.92,62.1,8,413
20,SHARON ROBINSON,Pakistan,Mardan,2005-08-19,2005-08-25,8,28.92,21.74,8,413
122,THELMA MURRAY,Peru,Lima,2005-07-28,2005-08-03,8,28.92,20.71,8,413
141,DEBBIE REYES,Japan,Fukuyama,2005-08-19,2005-08-25,8,28.92,13.38,8,413
151,MEGAN PALMER,China,Laiwu,2005-07-27,2005-08-02,8,28.92,96.83,8,413
161,GERALDINE PERKINS,Israel,Tel Aviv-Jaffa,2005-07-29,2005-08-04,8,28.92,28.05,8,413
211,STACEY MONTGOMERY,China,Fuyu,2005-07-08,2005-07-14,8,28.92,25.56,8,413
239,MINNIE ROMERO,Indonesia,Ciomas,2005-08-17,2005-08-23,8,28.92,25.59,8,413
241,HEIDI LARSON,China,Xiangfan,2005-07-08,2005-07-14,8,28.92,67.05,8,413
350,JUAN FRALEY,Russian Federation,Teboksary,2005-08-17,2005-08-23,8,28.92,145.08,8,413
351,JACK FOUST,Russian Federation,Zeleznogorsk,2005-07-08,2005-07-14,8,28.92,66.94,8,413
391,CLARENCE GAMEZ,Japan,Izumisano,2005-07-28,2005-08-03,8,28.92,31.06,8,413
439,ALEXANDER FENNELL,Italy,Bergamo,2005-07-29,2005-08-04,8,28.92,29.99,8,413
447,CLIFFORD BOWENS,Russian Federation,Nabereznyje Telny,2005-08-18,2005-08-24,8,28.92,20.21,8,413
525,ADRIAN CLARY,Italy,Udine,2005-07-27,2005-08-02,8,28.92,32.19,8,413
551,CLAYTON BARBEE,Brazil,Alvorada,2005-08-19,2005-08-25,8,28.92,31.06,8,413
564,BOB PFEIFFER,China,Xintai,2005-08-18,2005-08-24,8,28.92,18.5,8,413
132,ESTHER CRAWFORD,South Africa,Botshabelo,2005-07-27,2005-08-02,8,28.92,21.75,8,414
169,ERICA MATTHEWS,China,Pingxiang,2005-08-17,2005-08-23,8,28.92,62.15,8,414
115,WENDY HARRISON,Mexico,Nezahualcyotl,2005-07-06,2005-07-12,9,28.91,79.06,9,415
158,VERONICA STONE,United States,Greensboro,2005-07-29,2005-08-04,9,28.91,26.35,9,415
204,ROSEMARY SCHMIDT,Turkey,Usak,2005-07-07,2005-07-13,9,28.91,27.15,9,415
330,SCOTT SHELLEY,United States,Aurora,2005-07-06,2005-07-12,9,28.91,39.51,9,415
31,BRENDA WRIGHT,India,Kamarhati,2005-06-18,2005-06-24,9,28.91,124.26,9,416
38,MARTHA GONZALEZ,Moldova,Chisinau,2005-07-28,2005-08-03,9,28.91,17.05,9,416
91,LOIS BUTLER,Brunei,Bandar Seri Begawan,2005-08-19,2005-08-25,9,28.91,37.86,9,416
444,MARCUS HIDALGO,Estonia,Tartu,2005-08-18,2005-08-24,9,28.91,29.98,9,416
474,DUSTIN GILLETTE,Netherlands,Emmen,2005-07-06,2005-07-12,9,28.91,51.08,9,417
342,HAROLD MARTINO,Brazil,Boa Vista,2005-07-27,2005-08-02,10,28.9,33.41,10,418
559,EVERETT BANDA,Egypt,Bilbays,2005-07-27,2005-08-02,10,28.9,29.96,10,418
64,JUDITH COX,China,Daxian,2005-07-08,2005-07-14,10,28.9,87.05,10,419
451,JIM REA,Mexico,El Fuerte,2005-08-18,2005-08-24,10,28.9,24.82,10,419
507,EDGAR RHOADS,Turkey,Eskisehir,2005-07-06,2005-07-12,10,28.9,57.92,10,419
32,AMY LOPEZ,India,Jhansi,2005-08-18,2005-08-24,5,27.95,22.11,5,420
41,STEPHANIE MITCHELL,Armenia,Yerevan,2005-07-30,2005-08-05,5,27.95,15.56,5,420
45,JANET PHILLIPS,Chile,Antofagasta,2005-08-02,2005-08-08,5,27.95,20.5,5,420
49,JOYCE EDWARDS,Saudi Arabia,Jedda,2005-07-10,2005-07-16,5,27.95,28.02,5,420
50,DIANE COLLINS,Sudan,Omdurman,2005-08-19,2005-08-25,5,27.95,12.93,5,420
52,JULIE SANCHEZ,Spain,A Corua (La Corua),2005-08-19,2005-08-25,5,27.95,20.03,5,420
56,GLORIA COOK,French Polynesia,Papeete,2005-08-20,2005-08-26,5,27.95,19.1,5,420
105,DAWN SULLIVAN,Tuvalu,Funafuti,2005-07-30,2005-08-05,5,27.95,32.32,5,420
155,GAIL KNIGHT,Switzerland,Bern,2005-06-15,2005-06-21,5,27.95,280.43,5,420
192,LAURIE LAWRENCE,India,Firozabad,2005-08-21,2005-08-27,5,27.95,17.51,5,420
246,MARIAN MENDOZA,Brazil,Maring,2005-08-19,2005-08-25,5,27.95,60.02,5,420
253,TERRY CARLSON,Japan,Miyakonojo,2005-06-16,2005-06-22,5,27.95,64.7,5,420
272,KAY CALDWELL,China,Yantai,2005-07-28,2005-08-03,5,27.95,56.01,5,420
385,PHILLIP HOLM,Japan,Tama,2005-08-18,2005-08-24,5,27.95,23.36,5,420
404,STANLEY SCROGGINS,Japan,Omiya,2005-08-22,2005-08-28,5,27.95,14.49,5,420
431,JOEL FRANCISCO,Bolivia,Sucre,2005-06-18,2005-06-24,5,27.95,76.44,5,420
449,OSCAR AQUINO,Iran,Sirjan,2005-07-31,2005-08-06,5,27.95,27.11,5,420
490,SAM MCDUFFIE,Colombia,Sogamoso,2005-07-29,2005-08-04,5,27.95,15.85,5,420
506,LESLIE SEWARD,Indonesia,Pontianak,2005-06-15,2005-06-21,5,27.95,28.98,5,420
506,LESLIE SEWARD,Indonesia,Pontianak,2005-08-21,2005-08-27,5,27.95,21.03,5,420
524,JARED ELY,Indonesia,Purwakarta,2005-07-07,2005-07-13,5,27.95,84.1,5,420
533,JESSIE MILAM,China,Binzhou,2005-07-07,2005-07-13,5,27.95,44.27,5,420
536,FERNANDO CHURCHILL,South Korea,Tonghae,2005-07-30,2005-08-05,5,27.95,27.12,5,420
558,JIMMIE EGGLESTON,Poland,Wroclaw,2005-07-10,2005-07-16,5,27.95,14.24,5,420
562,WALLACE SLONE,Nigeria,Sokoto,2005-07-08,2005-07-14,5,27.95,46.69,5,420
207,GERTRUDE CASTILLO,Greenland,Nuuk,2005-08-20,2005-08-26,5,27.95,16.81,5,421
262,PATSY DAVIDSON,Ecuador,Portoviejo,2005-07-11,2005-07-17,5,27.95,28.99,5,421
266,NORA HERRERA,Austria,Salzburg,2005-07-30,2005-08-05,5,27.95,56.05,5,421
433,DON BONE,Mozambique,Naala-Porto,2005-08-20,2005-08-26,5,27.95,17.51,5,421
460,LEON BOSTIC,Colombia,Florencia,2005-07-06,2005-07-12,5,27.95,846.97,5,421
502,BRETT CORNWELL,India,Siliguri (Shiliguri),2005-08-18,2005-08-24,5,27.95,14.49,5,421
420,JACOB LANCE,United States,El Monte,2005-07-30,2005-08-05,5,27.95,21.56,5,422
506,LESLIE SEWARD,Indonesia,Pontianak,2005-07-08,2005-07-14,5,27.95,30.0,5,422
46,CATHERINE CAMPBELL,Russian Federation,Moscow,2005-06-15,2005-06-21,6,27.94,52.52,6,423
66,JANICE WARD,Sweden,Malm,2005-08-21,2005-08-27,6,27.94,25.48,6,423
146,JAMIE RICE,United States,Sterling Heights,2005-08-18,2005-08-24,6,27.94,20.49,6,423
161,GERALDINE PERKINS,Israel,Tel Aviv-Jaffa,2005-07-06,2005-07-12,6,27.94,120.09,6,423
175,ANNETTE OLSON,India,Allappuzha (Alleppey),2005-08-18,2005-08-24,6,27.94,21.01,6,423
233,LILLIE KIM,Egypt,Idfu,2005-07-07,2005-07-13,6,27.94,49.45,6,423
247,STELLA MORENO,Mexico,Coacalco de Berriozbal,2005-07-06,2005-07-12,6,27.94,139.93,6,423
264,GWENDOLYN MAY,Japan,Higashiosaka,2005-07-27,2005-08-02,6,27.94,31.13,6,423
310,DANIEL CABRAL,Brazil,Ibirit,2005-06-14,2005-06-20,6,27.94,846.67,6,423
317,EDWARD BAUGH,Faroe Islands,Trshavn,2005-07-29,2005-08-04,6,27.94,32.33,6,423
383,MARTIN BALES,Angola,Namibe,2005-06-16,2005-06-22,6,27.94,83.99,6,423
405,LEONARD SCHOFIELD,Argentina,Tandil,2005-07-29,2005-08-04,6,27.94,42.08,6,423
503,ANGEL BARCLAY,Japan,Ueda,2005-07-06,2005-07-12,6,27.94,93.44,6,423
526,KARL SEAL,United States,Cape Coral,2005-07-29,2005-08-04,6,27.94,12.54,6,423
583,MARSHALL THORN,United Kingdom,Southampton,2005-07-31,2005-08-06,6,27.94,14.23,6,423
594,EDUARDO HIATT,China,Jining,2005-07-06,2005-07-12,6,27.94,33.62,6,423
35,VIRGINIA GREEN,France,Toulouse,2005-07-10,2005-07-16,6,27.94,27.13,6,424
43,CHRISTINE ROBERTS,French Polynesia,Faaa,2005-08-21,2005-08-27,6,27.94,33.6,6,424
46,CATHERINE CAMPBELL,Russian Federation,Moscow,2005-06-14,2005-06-20,6,27.94,76.41,6,424
47,FRANCES PARKER,Brazil,Juazeiro do Norte,2005-07-28,2005-08-03,6,27.94,31.11,6,424
72,THERESA WATSON,Philippines,Taguig,2005-07-30,2005-08-05,6,27.94,36.55,6,424
118,KIM CRUZ,United States,Grand Prairie,2005-08-18,2005-08-24,6,27.94,26.25,6,424
134,EMMA BOYD,Egypt,Qalyub,2005-07-28,2005-08-03,6,27.94,70.08,6,424
173,AUDREY RAY,Austria,Graz,2005-08-18,2005-08-24,6,27.94,24.0,6,424
214,KRISTIN JOHNSTON,United States,Sunnyvale,2005-07-28,2005-08-03,6,27.94,33.61,6,424
236,MARCIA DEAN,Philippines,Tanza,2005-07-29,2005-08-04,6,27.94,14.75,6,424
237,TANYA GILBERT,South Korea,Naju,2005-07-31,2005-08-06,6,27.94,15.55,6,424
240,MARLENE WELCH,Japan,Iwaki,2005-08-18,2005-08-24,6,27.94,16.46,6,424
256,MABEL HOLLAND,Myanmar,Monywa,2005-06-17,2005-06-23,6,27.94,46.72,6,424
269,CASSANDRA WALTERS,United States,Salinas,2005-07-27,2005-08-02,6,27.94,26.24,6,424
279,DIANNE SHELTON,Iran,Tabriz,2005-08-21,2005-08-27,6,27.94,15.27,6,424
306,CHARLES KOWALSKI,Malaysia,Sungai Petani,2005-08-20,2005-08-26,6,27.94,11.83,6,424
331,ERIC ROBERT,Argentina,Santa F,2005-07-29,2005-08-04,6,27.94,16.15,6,424
334,RAYMOND MCWHORTER,Azerbaijan,Sumqayit,2005-07-09,2005-07-15,6,27.94,36.52,6,424
368,HARRY ARCE,Iran,Najafabad,2005-07-28,2005-08-03,6,27.94,24.0,6,424
369,FRED WHEAT,Mexico,Jurez,2005-07-05,2005-07-11,6,27.94,846.67,6,424
396,EARL SHANKS,Japan,Iwatsuki,2005-08-20,2005-08-26,6,27.94,19.1,6,424
434,EDDIE TOMLIN,Philippines,Ozamis,2005-06-16,2005-06-22,6,27.94,120.09,6,424
529,ERIK GUILLEN,India,Bhimavaram,2005-08-20,2005-08-26,6,27.94,17.14,6,424
531,JAMIE WAUGH,Japan,Kuwana,2005-07-06,2005-07-12,6,27.94,280.33,6,424
545,JULIO NOLAND,Ukraine,Konotop,2005-08-18,2005-08-24,6,27.94,26.26,6,424
580,ROSS GREY,Philippines,Iligan,2005-08-19,2005-08-25,6,27.94,17.88,6,424
113,CINDY FISHER,Venezuela,Cuman,2005-06-17,2005-06-23,6,27.94,423.33,6,425
202,CARLA GUTIERREZ,India,Bhusawal,2005-08-19,2005-08-25,6,27.94,19.54,6,425
213,GINA WILLIAMSON,Yemen,Taizz,2005-07-06,2005-07-12,6,27.94,23.34,6,425
336,JOSHUA MARK,India,Rampur,2005-07-29,2005-08-04,6,27.94,33.61,6,425
341,PETER MENARD,Netherlands,Ede,2005-08-19,2005-08-25,6,27.94,31.11,6,425
349,JOE GILLILAND,Philippines,Imus,2005-07-30,2005-08-05,6,27.94,22.71,6,425
382,VICTOR BARKLEY,United States,Manchester,2005-07-29,2005-08-04,6,27.94,52.55,6,425
389,ALAN KAHN,China,Emeishan,2005-07-29,2005-08-04,6,27.94,21.54,6,425
486,GLEN TALBERT,Mexico,Acua,2005-07-27,2005-08-02,6,27.94,23.33,6,425
563,KEN PREWITT,Romania,Bucuresti,2005-08-19,2005-08-25,6,27.94,28.98,6,425
181,ANA BRADLEY,United States,Memphis,2005-08-19,2005-08-25,7,27.93,8.39,7,426
191,JEANETTE GREENE,Russian Federation,Novoterkassk,2005-07-27,2005-08-02,7,27.93,55.97,7,426
391,CLARENCE GAMEZ,Japan,Izumisano,2005-07-07,2005-07-13,7,27.93,76.52,7,426
62,JOAN COOPER,United States,Saint Louis,2005-08-17,2005-08-23,7,27.93,56.01,7,427
84,SARA PERRY,Mexico,Atlixco,2005-08-17,2005-08-23,7,27.93,18.25,7,427
141,DEBBIE REYES,Japan,Fukuyama,2005-07-31,2005-08-06,7,27.93,24.71,7,427
229,TAMARA NGUYEN,Brazil,Anpolis,2005-08-17,2005-08-23,7,27.93,42.0,7,427
234,CLAUDIA FULLER,Kuwait,Jalib al-Shuyukh,2005-08-17,2005-08-23,7,27.93,26.24,7,427
267,MARGIE WADE,China,Lengshuijiang,2005-07-30,2005-08-05,7,27.93,38.19,7,427
325,TIMOTHY BUNN,Brazil,Braslia,2005-07-27,2005-08-02,7,27.93,42.0,7,427
338,DENNIS GILMAN,South Africa,Paarl,2005-07-06,2005-07-12,7,27.93,23.99,7,427
370,WAYNE TRUONG,India,Gulbarga,2005-08-18,2005-08-24,7,27.93,31.14,7,427
391,CLARENCE GAMEZ,Japan,Izumisano,2005-07-30,2005-08-05,7,27.93,28.97,7,427
397,JIMMY SCHRADER,Russian Federation,Atinsk,2005-07-05,2005-07-11,7,27.93,105.0,7,427
400,BRYAN HARDISON,United States,Dallas,2005-08-17,2005-08-23,7,27.93,22.7,7,427
411,NORMAN CURRIER,Indonesia,Cianjur,2005-08-17,2005-08-23,7,27.93,42.06,7,427
447,CLIFFORD BOWENS,Russian Federation,Nabereznyje Telny,2005-08-19,2005-08-25,7,27.93,19.08,7,427
497,GILBERT SLEDGE,United Kingdom,York,2005-07-06,2005-07-12,7,27.93,36.49,7,427
512,CECIL VINES,United Kingdom,London,2005-07-27,2005-08-02,7,27.93,46.65,7,427
24,KIMBERLY LEE,Argentina,Crdoba,2005-08-17,2005-08-23,7,27.93,56.08,7,428
46,CATHERINE CAMPBELL,Russian Federation,Moscow,2005-08-19,2005-08-25,7,27.93,14.48,7,428
80,MARILYN ROSS,Nigeria,Ife,2005-08-19,2005-08-25,7,27.93,19.53,7,428
82,KATHRYN COLEMAN,Ukraine,Simferopol,2005-08-17,2005-08-23,7,27.93,20.47,7,428
123,SHANNON FREEMAN,India,Varanasi (Benares),2005-08-18,2005-08-24,7,27.93,19.99,7,428
128,MARJORIE TUCKER,Poland,Jastrzebie-Zdrj,2005-07-30,2005-08-05,7,27.93,20.49,7,428
144,CLARA SHAW,Belarus,Molodetno,2005-07-31,2005-08-06,7,27.93,9.03,7,428
154,MICHELE GRANT,China,Yuncheng,2005-08-18,2005-08-24,7,27.93,18.25,7,428
161,GERALDINE PERKINS,Israel,Tel Aviv-Jaffa,2005-08-17,2005-08-23,7,27.93,26.26,7,428
168,REGINA BERRY,China,Jinchang,2005-08-19,2005-08-25,7,27.93,14.0,7,428
171,DOLORES WAGNER,Malaysia,Ipoh,2005-08-19,2005-08-25,7,27.93,33.58,7,428
241,HEIDI LARSON,China,Xiangfan,2005-07-09,2005-07-15,7,27.93,60.15,7,428
317,EDWARD BAUGH,Faroe Islands,Trshavn,2005-08-19,2005-08-25,7,27.93,17.5,7,428
336,JOSHUA MARK,India,Rampur,2005-08-19,2005-08-25,7,27.93,20.99,7,428
375,AARON SELBY,"Congo, The Democratic Republic of the",Mwene-Ditu,2005-08-01,2005-08-07,7,27.93,36.51,7,428
445,MICHEAL FORMAN,Argentina,Escobar,2005-07-30,2005-08-05,7,27.93,36.54,7,428
460,LEON BOSTIC,Colombia,Florencia,2005-08-19,2005-08-25,7,27.93,20.48,7,428
488,SHANE MILLARD,Mexico,La Paz,2005-08-17,2005-08-23,7,27.93,28.01,7,428
510,BEN EASTER,Russian Federation,Kamyin,2005-06-16,2005-06-22,7,27.93,32.28,7,428
543,LANCE PEMBERTON,Morocco,Beni-Mellal,2005-07-29,2005-08-04,7,27.93,52.5,7,428
546,KELLY KNOTT,China,Sanya,2005-07-06,2005-07-12,7,27.93,64.65,7,428
561,IAN STILL,United States,Garland,2005-06-16,2005-06-22,7,27.93,52.5,7,428
576,MORRIS MCCARTER,Taiwan,Fengshan,2005-08-17,2005-08-23,7,27.93,19.53,7,428
596,ENRIQUE FORSYTHE,Greece,Patras,2005-08-18,2005-08-24,7,27.93,36.54,7,428
597,FREDDIE DUGGAN,Peru,Sullana,2005-07-30,2005-08-05,7,27.93,49.43,7,428
599,AUSTIN CINTRON,China,Tieli,2005-08-17,2005-08-23,7,27.93,64.6,7,428
227,COLLEEN BURTON,Germany,Saarbrcken,2005-07-27,2005-08-02,8,27.92,39.98,8,429
120,SYLVIA ORTIZ,Colombia,Dos Quebradas,2005-07-28,2005-08-03,8,27.92,27.09,8,430
463,DARRELL POWER,Canada,Halifax,2005-07-26,2005-08-01,8,27.92,105.23,8,430
506,LESLIE SEWARD,Indonesia,Pontianak,2005-07-27,2005-08-02,8,27.92,29.97,8,430
15,HELEN HARRIS,India,Bhopal,2005-07-28,2005-08-03,8,27.92,33.57,8,431
32,AMY LOPEZ,India,Jhansi,2005-07-07,2005-07-13,8,27.92,44.2,8,431
38,MARTHA GONZALEZ,Moldova,Chisinau,2005-07-30,2005-08-05,8,27.92,16.15,8,431
43,CHRISTINE ROBERTS,French Polynesia,Faaa,2005-07-06,2005-07-12,8,27.92,167.86,8,431
63,ASHLEY RICHARDSON,United States,Lincoln,2005-07-29,2005-08-04,8,27.92,19.07,8,431
71,KATHY JAMES,Philippines,Baybay,2005-07-28,2005-08-03,8,27.92,19.52,8,431
102,CRYSTAL FORD,Israel,Ashdod,2005-07-30,2005-08-05,8,27.92,12.17,8,431
105,DAWN SULLIVAN,Tuvalu,Funafuti,2005-08-18,2005-08-24,8,27.92,27.07,8,431
156,BERTHA FERGUSON,Nigeria,Ondo,2005-08-17,2005-08-23,8,27.92,32.29,8,431
204,ROSEMARY SCHMIDT,Turkey,Usak,2005-07-09,2005-07-15,8,27.92,25.44,8,431
225,ARLENE HARVEY,India,Ambattur,2005-07-31,2005-08-06,8,27.92,11.99,8,431
290,KRISTINA CHAMBERS,Venezuela,Valle de la Pascua,2005-07-27,2005-08-02,8,27.92,28.96,8,431
323,MATTHEW MAHAN,Mexico,Cuautla,2005-08-17,2005-08-23,8,27.92,19.09,8,431
380,RUSSELL BRINSON,Poland,Tychy,2005-06-17,2005-06-23,8,27.92,209.92,8,431
419,CHAD CARBONE,India,Katihar,2005-07-28,2005-08-03,8,27.92,28.98,8,431
448,MIGUEL BETANCOURT,Germany,Erlangen,2005-07-06,2005-07-12,8,27.92,33.57,8,431
450,JAY ROBB,Indonesia,Surakarta,2005-08-19,2005-08-25,8,27.92,49.45,8,431
467,ALVIN DELOACH,Mexico,Cuauhtmoc,2005-08-18,2005-08-24,8,27.92,15.84,8,431
469,WESLEY BULL,Spain,Ourense (Orense),2005-07-07,2005-07-13,8,27.92,31.07,8,431
579,DARYL LARUE,Iraq,Mosul,2005-08-17,2005-08-23,8,27.92,19.52,8,431
53,HEATHER MORRIS,Japan,Nagareyama,2005-08-18,2005-08-24,8,27.92,27.07,8,432
113,CINDY FISHER,Venezuela,Cuman,2005-07-06,2005-07-12,8,27.92,29.98,8,432
154,MICHELE GRANT,China,Yuncheng,2005-07-06,2005-07-12,8,27.92,93.38,8,432
364,BENJAMIN VARNEY,Mexico,Guadalajara,2005-08-17,2005-08-23,8,27.92,55.99,8,432
385,PHILLIP HOLM,Japan,Tama,2005-07-28,2005-08-03,9,27.91,27.97,9,433
503,ANGEL BARCLAY,Japan,Ueda,2005-08-20,2005-08-26,9,27.91,23.99,9,433
1,MARY SMITH,Japan,Sasebo,2005-07-28,2005-08-03,9,27.91,25.42,9,434
396,EARL SHANKS,Japan,Iwatsuki,2005-07-27,2005-08-02,9,27.91,41.97,9,434
407,DALE RATCLIFF,South Africa,Rustenburg,2005-08-16,2005-08-22,9,27.91,14.98,9,434
7,MARIA MILLER,Yugoslavia,Kragujevac,2005-08-01,2005-08-07,5,26.95,13.5,5,435
54,TERESA ROGERS,Japan,Iwakuni,2005-07-30,2005-08-05,5,26.95,32.43,5,435
59,CHERYL MURPHY,India,Mysore,2005-07-08,2005-07-14,5,26.95,42.66,5,435
83,LOUISE JENKINS,South Africa,Springs,2005-08-18,2005-08-24,5,26.95,40.55,5,435
121,JOSEPHINE GOMEZ,India,Etawah,2005-07-29,2005-08-04,5,26.95,73.84,5,435
124,SHEILA WELLS,Turkey,Ktahya,2005-07-27,2005-08-02,5,26.95,47.67,5,435
140,EVA RAMOS,United States,Clarksville,2005-08-17,2005-08-23,5,26.95,36.83,5,435
169,ERICA MATTHEWS,China,Pingxiang,2005-07-08,2005-07-14,5,26.95,47.64,5,435
171,DOLORES WAGNER,Malaysia,Ipoh,2005-06-18,2005-06-24,5,26.95,50.63,5,435
175,ANNETTE OLSON,India,Allappuzha (Alleppey),2005-08-19,2005-08-25,5,26.95,19.77,5,435
221,BESSIE MORRISON,Italy,Syrakusa,2005-08-19,2005-08-25,5,26.95,16.89,5,435
292,MISTY LAMBERT,United Arab Emirates,Sharja,2005-07-09,2005-07-15,5,26.95,38.61,5,435
292,MISTY LAMBERT,United Arab Emirates,Sharja,2005-07-29,2005-08-04,5,26.95,15.29,5,435
293,MAE FLETCHER,Spain,Donostia-San Sebastin,2005-07-07,2005-07-13,5,26.95,20.25,5,435
316,STEVEN CURLEY,India,Miraj,2005-07-28,2005-08-03,5,26.95,21.9,5,435
341,PETER MENARD,Netherlands,Ede,2005-06-16,2005-06-22,5,26.95,73.63,5,435
346,ARTHUR SIMPKINS,Russian Federation,Maikop,2005-07-09,2005-07-15,5,26.95,31.16,5,435
364,BENJAMIN VARNEY,Mexico,Guadalajara,2005-07-06,2005-07-12,5,26.95,40.53,5,435
365,BRUCE SCHWARZ,Japan,Okinawa,2005-08-18,2005-08-24,5,26.95,19.76,5,435
368,HARRY ARCE,Iran,Najafabad,2005-07-29,2005-08-04,5,26.95,22.51,5,435
388,CRAIG MORRELL,Philippines,Cavite,2005-06-15,2005-06-21,5,26.95,81.01,5,435
416,JEFFERY PINSON,Pakistan,Dadu,2005-08-01,2005-08-07,5,26.95,21.91,5,435
455,JON WILES,Bolivia,El Alto,2005-07-07,2005-07-13,5,26.95,101.57,5,435
464,JEROME KENYON,Chile,Rancagua,2005-07-06,2005-07-12,5,26.95,101.32,5,435
476,DERRICK BOURQUE,Canada,Gatineau,2005-07-05,2005-07-11,5,26.95,62.38,5,435
491,RICK MATTOX,Egypt,Mit Ghamr,2005-07-07,2005-07-13,5,26.95,25.32,5,435
532,NEIL RENNER,Vietnam,Cam Ranh,2005-08-01,2005-08-07,5,26.95,11.57,5,435
583,MARSHALL THORN,United Kingdom,Southampton,2005-07-08,2005-07-14,5,26.95,16.88,5,435
6,JENNIFER DAVIS,United States,Laredo,2005-08-20,2005-08-26,5,26.95,27.98,5,436
19,RUTH MARTINEZ,South Africa,Kimberley,2005-08-20,2005-08-26,5,26.95,15.28,5,436
137,RHONDA KENNEDY,Netherlands,Apeldoorn,2005-08-22,2005-08-28,5,26.95,8.27,5,436
149,VALERIE BLACK,United States,Brockton,2005-06-17,2005-06-23,5,26.95,73.7,5,436
230,JOY GEORGE,Romania,Botosani,2005-07-31,2005-08-06,5,26.95,19.78,5,436
279,DIANNE SHELTON,Iran,Tabriz,2005-07-08,2005-07-14,5,26.95,47.7,5,436
302,MICHAEL SILVERMAN,China,Tiefa,2005-07-30,2005-08-05,5,26.95,19.3,5,436
331,ERIC ROBERT,Argentina,Santa F,2005-07-30,2005-08-05,5,26.95,15.28,5,436
410,CURTIS IRBY,Canada,Richmond Hill,2005-08-01,2005-08-07,5,26.95,14.74,5,436
454,ALEX GRESHAM,Mexico,Uruapan,2005-06-18,2005-06-24,5,26.95,23.82,5,436
460,LEON BOSTIC,Colombia,Florencia,2005-07-27,2005-08-02,5,26.95,28.93,5,436
525,ADRIAN CLARY,Italy,Udine,2005-07-06,2005-07-12,5,26.95,270.4,5,436
529,ERIK GUILLEN,India,Bhimavaram,2005-07-08,2005-07-14,5,26.95,67.71,5,436
575,ISAAC OGLESBY,Mexico,Cuernavaca,2005-07-31,2005-08-06,5,26.95,25.33,5,436
579,DARYL LARUE,Iraq,Mosul,2005-07-08,2005-07-14,5,26.95,62.34,5,436
382,VICTOR BARKLEY,United States,Manchester,2005-07-30,2005-08-05,5,26.95,47.73,5,437
419,CHAD CARBONE,India,Katihar,2005-08-17,2005-08-23,5,26.95,24.57,5,437
501,RUBEN GEARY,Poland,Lublin,2005-07-06,2005-07-12,5,26.95,57.83,5,437
2,PATRICIA JOHNSON,United States,San Bernardino,2005-08-17,2005-08-23,6,26.94,9.64,6,438
55,DORIS REED,Russian Federation,Balaiha,2005-08-18,2005-08-24,6,26.94,31.16,6,438
79,RACHEL BARNES,Japan,Kamakura,2005-07-07,2005-07-13,6,26.94,67.58,6,438
89,JULIA FLORES,Argentina,La Plata,2005-07-08,2005-07-14,6,26.94,22.49,6,438
112,ROSA REYNOLDS,United States,Lancaster,2005-07-31,2005-08-06,6,26.94,24.54,6,438
128,MARJORIE TUCKER,Poland,Jastrzebie-Zdrj,2005-08-20,2005-08-26,6,26.94,16.21,6,438
154,MICHELE GRANT,China,Yuncheng,2005-08-20,2005-08-26,6,26.94,17.23,6,438
155,GAIL KNIGHT,Switzerland,Bern,2005-07-27,2005-08-02,6,26.94,38.58,6,438
178,MARION SNYDER,Brazil,Santa Brbara dOeste,2005-08-18,2005-08-24,6,26.94,11.25,6,438
196,ALMA AUSTIN,Germany,Mannheim,2005-07-08,2005-07-14,6,26.94,25.32,6,438
219,WILLIE HOWELL,Argentina,Vicente Lpez,2005-07-28,2005-08-03,6,26.94,19.76,6,438
275,CAROLE BARNETT,United States,Peoria,2005-08-21,2005-08-27,6,26.94,17.25,6,438
300,JOHN FARNSWORTH,India,Parbhani,2005-07-06,2005-07-12,6,26.94,203.07,6,438
313,DONALD MAHON,China,Ezhou,2005-07-27,2005-08-02,6,26.94,67.52,6,438
428,HERBERT KRUGER,Russian Federation,Syktyvkar,2005-07-29,2005-08-04,6,26.94,26.13,6,438
457,BILL GAVIN,United States,Rockford,2005-08-19,2005-08-25,6,26.94,27.0,6,438
513,DUANE TUBBS,Nauru,Yangor,2005-07-06,2005-07-12,6,26.94,62.31,6,438
518,GABRIEL HARDER,Turkey,Sivas,2005-07-28,2005-08-03,6,26.94,20.77,6,438
560,JORDAN ARCHULETA,Argentina,Avellaneda,2005-07-06,2005-07-12,6,26.94,115.79,6,438
12,NANCY THOMAS,India,Yamuna Nagar,2005-06-16,2005-06-22,6,26.94,80.98,6,439
18,CAROL GARCIA,Nigeria,Kaduna,2005-07-30,2005-08-05,6,26.94,33.77,6,439
29,ANGELA HERNANDEZ,Japan,Shimonoseki,2005-08-20,2005-08-26,6,26.94,12.09,6,439
47,FRANCES PARKER,Brazil,Juazeiro do Norte,2005-07-06,2005-07-12,6,26.94,44.97,6,439
62,JOAN COOPER,United States,Saint Louis,2005-08-20,2005-08-26,6,26.94,50.67,6,439
66,JANICE WARD,Sweden,Malm,2005-06-17,2005-06-23,6,26.94,101.28,6,439
71,KATHY JAMES,Philippines,Baybay,2005-08-21,2005-08-27,6,26.94,20.78,6,439
144,CLARA SHAW,Belarus,Molodetno,2005-08-01,2005-08-07,6,26.94,8.61,6,439
160,ERIN DUNN,Russian Federation,Ljubertsy,2005-08-19,2005-08-25,6,26.94,15.29,6,439
238,NELLIE GARRETT,India,Shimoga,2005-08-17,2005-08-23,6,26.94,19.75,6,439
259,LENA JENSEN,India,Halisahar,2005-08-21,2005-08-27,6,26.94,9.31,5,439
268,NINA SOTO,India,Palghat (Palakkad),2005-07-09,2005-07-15,6,26.94,21.9,6,439
295,DAISY BATES,Russian Federation,Kolpino,2005-08-17,2005-08-23,6,26.94,13.72,6,439
305,RICHARD MCCRARY,United States,Arlington,2005-07-09,2005-07-15,6,26.94,30.0,6,439
312,MARK RINEHART,Saudi Arabia,Tabuk,2005-07-29,2005-08-04,6,26.94,31.17,6,439
340,PATRICK NEWSOM,Vietnam,Hanoi,2005-06-18,2005-06-24,6,26.94,90.0,6,439
355,TERRY GRISSOM,Japan,Matsue,2005-07-09,2005-07-15,6,26.94,47.65,6,439
366,BRANDON HUEY,Turkey,Balikesir,2005-07-09,2005-07-15,6,26.94,40.53,6,439
366,BRANDON HUEY,Turkey,Balikesir,2005-07-30,2005-08-05,6,26.94,11.1,6,439
373,LOUIS LEONE,Philippines,Tanauan,2005-07-06,2005-07-12,6,26.94,80.98,6,439
405,LEONARD SCHOFIELD,Argentina,Tandil,2005-06-15,2005-06-21,6,26.94,101.28,6,439
437,RANDALL NEUMANN,Dominican Republic,La Romana,2005-07-06,2005-07-12,6,26.94,67.52,6,439
438,BARRY LOVELACE,Zambia,Kitwe,2005-07-09,2005-07-15,6,26.94,31.18,6,439
442,LEROY BUSTAMANTE,China,Tongliao,2005-07-29,2005-08-04,6,26.94,19.3,6,439
445,MICHEAL FORMAN,Argentina,Escobar,2005-07-31,2005-08-06,6,26.94,33.79,6,439
454,ALEX GRESHAM,Mexico,Uruapan,2005-07-06,2005-07-12,6,26.94,15.28,6,439
463,DARRELL POWER,Canada,Halifax,2005-08-18,2005-08-24,6,26.94,20.78,6,439
481,HERMAN DEVORE,Tanzania,Mwanza,2005-07-29,2005-08-04,6,26.94,23.15,6,439
510,BEN EASTER,Russian Federation,Kamyin,2005-06-17,2005-06-23,6,26.94,29.99,6,439
526,KARL SEAL,United States,Cape Coral,2005-07-09,2005-07-15,6,26.94,14.21,6,439
528,CLAUDE HERZOG,Angola,Benguela,2005-07-06,2005-07-12,6,26.94,101.28,6,439
540,TYRONE ASHER,Bulgaria,Ruse,2005-07-09,2005-07-15,6,26.94,33.76,6,439
577,CLIFTON MALCOLM,Taiwan,Tanshui,2005-07-29,2005-08-04,6,26.94,17.61,6,439
46,CATHERINE CAMPBELL,Russian Federation,Moscow,2005-08-21,2005-08-27,6,26.94,13.73,6,440
61,KATHERINE RIVERA,Switzerland,Basel,2005-07-28,2005-08-03,6,26.94,80.98,6,440
65,ROSE HOWARD,French Guiana,Cayenne,2005-08-17,2005-08-23,6,26.94,20.76,6,440
144,CLARA SHAW,Belarus,Molodetno,2005-08-19,2005-08-25,6,26.94,9.53,6,440
343,DOUGLAS GRAF,Mexico,Mexicali,2005-07-28,2005-08-03,6,26.94,26.98,6,440
383,MARTIN BALES,Angola,Namibe,2005-08-17,2005-08-23,6,26.94,36.89,6,440
398,ANTONIO MEEK,Brazil,Bag,2005-07-29,2005-08-04,6,26.94,53.99,6,440
407,DALE RATCLIFF,South Africa,Rustenburg,2005-07-29,2005-08-04,6,26.94,17.6,6,440
489,RICARDO MEADOR,Japan,Okayama,2005-08-20,2005-08-26,6,26.94,20.24,6,440
494,RAMON CHOATE,Ecuador,Robamba,2005-07-31,2005-08-06,6,26.94,13.07,6,440
5,ELIZABETH BROWN,Taiwan,Nantou,2005-07-30,2005-08-05,7,26.93,16.53,7,441
120,SYLVIA ORTIZ,Colombia,Dos Quebradas,2005-07-29,2005-08-04,7,26.93,25.32,7,441
130,CHARLOTTE HUNTER,Brazil,guas Lindas de Gois,2005-07-27,2005-08-02,7,26.93,57.83,7,441
139,AMBER DIXON,Taiwan,Touliu,2005-08-22,2005-08-28,7,26.93,23.14,7,441
151,MEGAN PALMER,China,Laiwu,2005-08-19,2005-08-25,7,26.93,25.32,7,441
294,SHELLY WATTS,United States,Dayton,2005-08-01,2005-08-07,7,26.93,16.87,7,441
348,ROGER QUINTANILLA,Taiwan,Hsichuh,2005-08-20,2005-08-26,7,26.93,12.46,7,441
354,JUSTIN NGO,Brazil,Santo Andr,2005-08-18,2005-08-24,7,26.93,19.29,7,441
390,SHAWN HEATON,Thailand,Nakhon Sawan,2005-07-06,2005-07-12,7,26.93,31.13,7,441
506,LESLIE SEWARD,Indonesia,Pontianak,2005-07-28,2005-08-03,7,26.93,27.92,7,441
521,ROLAND SOUTH,China,Yingkou,2005-08-18,2005-08-24,7,26.93,30.0,7,441
15,HELEN HARRIS,India,Bhopal,2005-07-29,2005-08-04,7,26.93,31.14,7,442
73,BEVERLY BROOKS,Taiwan,Chiayi,2005-07-29,2005-08-04,7,26.93,22.49,7,442
105,DAWN SULLIVAN,Tuvalu,Funafuti,2005-08-19,2005-08-25,7,26.93,25.3,7,442
114,GRACE ELLIS,Germany,Duisburg,2005-08-20,2005-08-26,7,26.93,16.52,7,442
115,WENDY HARRISON,Mexico,Nezahualcyotl,2005-07-08,2005-07-14,7,26.93,62.39,7,442
116,VICTORIA GIBSON,Indonesia,Pemalang,2005-07-27,2005-08-02,7,26.93,33.75,7,442
159,JILL HAWKINS,Austria,Linz,2005-07-28,2005-08-03,7,26.93,47.64,7,442
198,ELSIE KELLEY,Nigeria,Ikerre,2005-07-06,2005-07-12,7,26.93,816.06,7,442
213,GINA WILLIAMSON,Yemen,Taizz,2005-07-27,2005-08-02,7,26.93,28.92,7,442
235,JACKIE LYNCH,Colombia,Buenaventura,2005-07-28,2005-08-03,7,26.93,22.49,7,442
251,VICKIE BREWER,Germany,Halle/Saale,2005-08-18,2005-08-24,7,26.93,27.0,7,442
264,GWENDOLYN MAY,Japan,Higashiosaka,2005-07-06,2005-07-12,7,26.93,57.87,7,442
264,GWENDOLYN MAY,Japan,Higashiosaka,2005-08-17,2005-08-23,7,26.93,28.92,7,442
334,RAYMOND MCWHORTER,Azerbaijan,Sumqayit,2005-08-19,2005-08-25,7,26.93,19.75,7,442
350,JUAN FRALEY,Russian Federation,Teboksary,2005-08-16,2005-08-22,7,26.93,161.9,7,442
380,RUSSELL BRINSON,Poland,Tychy,2005-08-21,2005-08-27,7,26.93,13.28,7,442
397,JIMMY SCHRADER,Russian Federation,Atinsk,2005-07-07,2005-07-13,7,26.93,57.83,7,442
406,NATHAN RUNYON,"Virgin Islands, U.S.",Charlotte Amalie,2005-06-17,2005-06-23,7,26.93,816.06,7,442
446,THEODORE CULP,India,Uluberia,2005-07-07,2005-07-13,7,26.93,38.58,7,442
450,JAY ROBB,Indonesia,Surakarta,2005-08-20,2005-08-26,7,26.93,45.06,7,442
458,LLOYD DOWD,Indonesia,Tegal,2005-07-08,2005-07-14,7,26.93,115.74,7,442
474,DUSTIN GILLETTE,Netherlands,Emmen,2005-08-18,2005-08-24,7,26.93,42.66,7,442
520,MITCHELL WESTMORELAND,Vietnam,Nha Trang,2005-08-20,2005-08-26,7,26.93,16.53,7,442
547,KURT EMMONS,Japan,Kanazawa,2005-07-28,2005-08-03,7,26.93,26.99,7,442
582,ANDY VANHORN,Mexico,Huejutla de Reyes,2005-08-20,2005-08-26,7,26.93,12.65,7,442
588,MARION OCAMPO,China,Weifang,2005-07-29,2005-08-04,7,26.93,26.13,7,442
591,KENT ARSENAULT,Brazil,Juiz de Fora,2005-07-28,2005-08-03,7,26.93,14.99,7,442
254,MAXINE SILVA,Brazil,Poos de Caldas,2005-07-27,2005-08-02,7,26.93,23.14,7,443
138,HAZEL WARREN,China,Hohhot,2005-08-18,2005-08-24,8,26.92,14.72,8,444
231,GEORGIA JACOBS,India,Uttarpara-Kotrung,2005-07-06,2005-07-12,8,26.92,815.76,8,444
28,CYNTHIA YOUNG,India,Munger (Monghyr),2005-08-17,2005-08-23,8,26.92,18.39,8,445
52,JULIE SANCHEZ,Spain,A Corua (La Corua),2005-07-28,2005-08-03,8,26.92,32.39,8,445
99,EMILY DIAZ,South Korea,Kimchon,2005-07-08,2005-07-14,8,26.92,35.19,8,445
167,SALLY PIERCE,India,Chandrapur,2005-07-28,2005-08-03,8,26.92,31.16,8,445
224,PEARL GARZA,India,Jodhpur,2005-08-19,2005-08-25,8,26.92,42.66,8,445
244,VIOLA HANSON,Philippines,Lapu-Lapu,2005-07-09,2005-07-15,8,26.92,36.78,8,445
295,DAISY BATES,Russian Federation,Kolpino,2005-07-07,2005-07-13,8,26.92,17.99,8,445
357,KEITH RICO,Slovakia,Bratislava,2005-07-28,2005-08-03,8,26.92,24.54,8,445
385,PHILLIP HOLM,Japan,Tama,2005-07-29,2005-08-04,8,26.92,26.11,8,445
413,MARVIN YEE,India,Berhampore (Baharampur),2005-08-17,2005-08-23,8,26.92,57.93,8,445
520,MITCHELL WESTMORELAND,Vietnam,Nha Trang,2005-07-27,2005-08-02,8,26.92,20.74,8,445
527,CORY MEEHAN,Belarus,Mogiljov,2005-07-27,2005-08-02,8,26.92,57.89,8,445
598,WADE DELVALLE,Switzerland,Lausanne,2005-07-27,2005-08-02,8,26.92,20.76,8,446
74,DENISE KELLY,Brazil,Rio Claro,2005-08-19,2005-08-25,9,26.91,26.1,9,447
263,HILDA HOPKINS,Philippines,Mandaluyong,2005-07-06,2005-07-12,9,26.91,73.52,9,448
369,FRED WHEAT,Mexico,Jurez,2005-07-30,2005-08-05,9,26.91,23.8,9,448
406,NATHAN RUNYON,"Virgin Islands, U.S.",Charlotte Amalie,2005-07-29,2005-08-04,9,26.91,18.39,9,448
452,TOM MILNER,United Arab Emirates,Abu Dhabi,2005-07-06,2005-07-12,9,26.91,35.21,9,448
559,EVERETT BANDA,Egypt,Bilbays,2005-07-28,2005-08-03,9,26.91,26.1,9,448
7,MARIA MILLER,Yugoslavia,Kragujevac,2005-07-09,2005-07-15,5,25.95,25.19,5,449
35,VIRGINIA GREEN,France,Toulouse,2005-07-30,2005-08-05,5,25.95,14.72,5,449
40,AMANDA CARTER,Morocco,Nador,2005-07-30,2005-08-05,5,25.95,43.42,5,449
58,JEAN BELL,Malaysia,Kuching,2005-08-20,2005-08-26,5,25.95,13.0,5,449
67,KELLY TORRES,China,Xiangtan,2005-07-27,2005-08-02,5,25.95,55.77,5,449
73,BEVERLY BROOKS,Taiwan,Chiayi,2005-07-07,2005-07-13,5,25.95,130.18,5,449
87,WANDA PATTERSON,Colombia,Sincelejo,2005-06-16,2005-06-22,5,25.95,97.56,5,449
103,GLADYS HAMILTON,Nigeria,Ilorin,2005-08-23,2005-08-29,5,25.95,16.26,5,449
109,EDNA WEST,South Africa,Klerksdorp,2005-06-16,2005-06-22,5,25.95,27.87,5,449
120,SYLVIA ORTIZ,Colombia,Dos Quebradas,2005-06-16,2005-06-22,5,25.95,60.02,5,449
126,ELLEN SIMPSON,Brazil,Po,2005-07-28,2005-08-03,5,25.95,23.66,5,449
143,LESLIE GORDON,Turkey,Kilis,2005-08-17,2005-08-23,5,25.95,65.15,5,449
158,VERONICA STONE,United States,Greensboro,2005-07-07,2005-07-13,5,25.95,35.45,5,449
176,JUNE CARROLL,Algeria,Skikda,2005-07-06,2005-07-12,5,25.95,18.14,5,449
193,KATIE ELLIOTT,Kenya,Kisumu,2005-08-21,2005-08-27,5,25.95,22.96,5,449
198,ELSIE KELLEY,Nigeria,Ikerre,2005-08-21,2005-08-27,5,25.95,10.99,5,449
200,JEANNE LAWSON,Turkmenistan,Ashgabat,2005-07-29,2005-08-04,5,25.95,32.53,5,449
201,VICKI FIELDS,Germany,Witten,2005-06-17,2005-06-23,5,25.95,45.88,5,449
206,TERRI VASQUEZ,Brazil,Blumenau,2005-07-07,2005-07-13,5,25.95,32.52,5,449
217,AGNES BISHOP,India,Sambhal,2005-07-31,2005-08-06,5,25.95,32.53,5,449
226,MAUREEN LITTLE,Paraguay,Asuncin,2005-07-06,2005-07-12,5,25.95,97.56,5,449
270,LEAH CURTIS,Poland,Kalisz,2005-07-31,2005-08-06,5,25.95,28.9,5,449
284,SONIA GREGORY,Nigeria,Benin City,2005-07-28,2005-08-03,5,25.95,16.25,5,449
300,JOHN FARNSWORTH,India,Parbhani,2005-07-07,2005-07-13,5,25.95,156.64,5,449
310,DANIEL CABRAL,Brazil,Ibirit,2005-07-28,2005-08-03,5,25.95,41.06,5,449
313,DONALD MAHON,China,Ezhou,2005-07-29,2005-08-04,5,25.95,60.07,5,449
316,STEVEN CURLEY,India,Miraj,2005-06-17,2005-06-23,5,25.95,30.0,5,449
324,GARY COY,China,Yuzhou,2005-08-19,2005-08-25,5,25.95,17.73,5,449
327,LARRY THRASHER,Turkey,Adana,2005-06-16,2005-06-22,5,25.95,64.98,5,449
339,WALTER PERRYMAN,China,Xinxiang,2005-06-15,2005-06-21,5,25.95,129.97,5,449
366,BRANDON HUEY,Turkey,Balikesir,2005-07-11,2005-07-17,5,25.95,37.2,5,449
390,SHAWN HEATON,Thailand,Nakhon Sawan,2005-06-16,2005-06-22,5,25.95,78.01,5,449
392,SEAN DOUGLASS,Ethiopia,Addis Abeba,2005-08-20,2005-08-26,5,25.95,19.04,5,449
438,BARRY LOVELACE,Zambia,Kitwe,2005-08-18,2005-08-24,5,25.95,18.58,5,449
445,MICHEAL FORMAN,Argentina,Escobar,2005-08-22,2005-08-28,5,25.95,12.0,5,449
448,MIGUEL BETANCOURT,Germany,Erlangen,2005-08-20,2005-08-26,5,25.95,17.33,5,449
472,GREG ROBINS,Vietnam,Nam Dinh,2005-07-10,2005-07-16,5,25.95,22.29,5,449
500,REGINALD KINDER,Indonesia,Madiun,2005-06-15,2005-06-21,5,25.95,41.04,5,449
509,RAUL FORTIER,India,Chapra,2005-08-17,2005-08-23,5,25.95,22.94,5,449
510,BEN EASTER,Russian Federation,Kamyin,2005-06-19,2005-06-25,5,25.95,27.86,5,449
513,DUANE TUBBS,Nauru,Yangor,2005-07-07,2005-07-13,5,25.95,55.77,5,449
520,MITCHELL WESTMORELAND,Vietnam,Nha Trang,2005-07-07,2005-07-13,5,25.95,30.0,5,449
529,ERIK GUILLEN,India,Bhimavaram,2005-07-29,2005-08-04,5,25.95,20.01,5,449
556,ARMANDO GRUBER,United Kingdom,Southport,2005-06-17,2005-06-23,5,25.95,70.97,5,449
559,EVERETT BANDA,Egypt,Bilbays,2005-08-20,2005-08-26,5,25.95,18.16,5,449
576,MORRIS MCCARTER,Taiwan,Fengshan,2005-06-18,2005-06-24,5,25.95,65.09,5,449
16,SANDRA MARTIN,United Kingdom,Southend-on-Sea,2005-06-17,2005-06-23,5,25.95,71.03,4,450
59,CHERYL MURPHY,India,Mysore,2005-08-21,2005-08-27,5,25.95,16.25,5,450
66,JANICE WARD,Sweden,Malm,2005-07-08,2005-07-14,5,25.95,14.72,5,450
75,TAMMY SANDERS,Taiwan,Changhwa,2005-07-31,2005-08-06,5,25.95,12.8,5,450
84,SARA PERRY,Mexico,Atlixco,2005-07-09,2005-07-15,5,25.95,26.92,5,450
185,ROBERTA HARPER,Iran,Shahr-e Kord,2005-07-07,2005-07-13,5,25.95,52.0,5,450
190,YOLANDA WEAVER,Tanzania,Tabora,2005-07-29,2005-08-04,5,25.95,28.9,5,450
204,ROSEMARY SCHMIDT,Turkey,Usak,2005-08-20,2005-08-26,5,25.95,16.26,5,450
291,TONI HOLT,United States,Roanoke,2005-07-30,2005-08-05,5,25.95,23.66,5,450
342,HAROLD MARTINO,Brazil,Boa Vista,2005-07-10,2005-07-16,5,25.95,52.0,5,450
349,JOE GILLILAND,Philippines,Imus,2005-07-31,2005-08-06,5,25.95,20.01,5,450
430,RAY HOULE,Russian Federation,Dzerzinsk,2005-07-09,2005-07-15,5,25.95,48.84,5,450
494,RAMON CHOATE,Ecuador,Robamba,2005-07-07,2005-07-13,5,25.95,97.8,5,450
548,ALLAN CORNISH,Philippines,Tarlac,2005-08-19,2005-08-25,5,25.95,111.53,5,450
566,CASEY MENA,Turkey,Tokat,2005-08-18,2005-08-24,5,25.95,12.01,5,450
583,MARSHALL THORN,United Kingdom,Southampton,2005-06-18,2005-06-24,5,25.95,195.11,5,450
71,KATHY JAMES,Philippines,Baybay,2005-07-10,2005-07-16,5,25.95,31.21,5,451
290,KRISTINA CHAMBERS,Venezuela,Valle de la Pascua,2005-06-15,2005-06-21,5,25.95,260.37,5,451
483,VERNON CHAPA,Turkey,Denizli,2005-07-28,2005-08-03,5,25.95,25.16,5,451
14,BETTY WHITE,United States,Citrus Heights,2005-07-06,2005-07-12,6,25.94,155.95,6,452
28,CYNTHIA YOUNG,India,Munger (Monghyr),2005-07-31,2005-08-06,6,25.94,21.68,6,452
74,DENISE KELLY,Brazil,Rio Claro,2005-07-06,2005-07-12,6,25.94,60.05,6,452
79,RACHEL BARNES,Japan,Kamakura,2005-07-27,2005-08-02,6,25.94,25.17,6,452
98,LILLIAN GRIFFIN,United Arab Emirates,al-Ayn,2005-06-15,2005-06-21,6,25.94,195.04,6,452
156,BERTHA FERGUSON,Nigeria,Ondo,2005-07-27,2005-08-02,6,25.94,41.07,6,452
157,DARLENE ROSE,North Korea,Pyongyang,2005-08-19,2005-08-25,6,25.94,12.19,6,452
202,CARLA GUTIERREZ,India,Bhusawal,2005-07-30,2005-08-05,6,25.94,22.29,6,452
210,ELLA OLIVER,Yemen,Aden,2005-07-28,2005-08-03,6,25.94,14.72,6,452
213,GINA WILLIAMSON,Yemen,Taizz,2005-07-29,2005-08-04,6,25.94,26.9,6,452
220,CHARLENE ALVAREZ,Tanzania,Zanzibar,2005-08-18,2005-08-24,6,25.94,12.38,6,452
253,TERRY CARLSON,Japan,Miyakonojo,2005-07-29,2005-08-04,6,25.94,33.92,6,452
255,IRMA PEARSON,Philippines,Hagonoy,2005-08-18,2005-08-24,6,25.94,31.19,6,452
271,PENNY NEAL,India,Kumbakonam,2005-07-29,2005-08-04,6,25.94,45.94,6,452
274,NAOMI JENNINGS,India,Karnal,2005-08-21,2005-08-27,6,25.94,10.54,6,452
339,WALTER PERRYMAN,China,Xinxiang,2005-07-28,2005-08-03,6,25.94,21.67,6,452
366,BRANDON HUEY,Turkey,Balikesir,2005-08-21,2005-08-27,6,25.94,11.47,6,452
382,VICTOR BARKLEY,United States,Manchester,2005-08-18,2005-08-24,6,25.94,26.9,6,452
397,JIMMY SCHRADER,Russian Federation,Atinsk,2005-07-09,2005-07-15,6,25.94,52.02,6,452
404,STANLEY SCROGGINS,Japan,Omiya,2005-07-28,2005-08-03,6,25.94,21.08,6,452
478,LEWIS LYMAN,Israel,Ashqelon,2005-08-17,2005-08-23,6,25.94,41.07,6,452
501,RUBEN GEARY,Poland,Lublin,2005-08-17,2005-08-23,6,25.94,39.03,6,452
515,ANDRE RAPP,Chile,Coquimbo,2005-06-15,2005-06-21,6,25.94,48.7,6,452
539,MATHEW BOLIN,Venezuela,Valencia,2005-07-07,2005-07-13,6,25.94,78.05,6,452
546,KELLY KNOTT,China,Sanya,2005-08-18,2005-08-24,6,25.94,27.86,6,452
576,MORRIS MCCARTER,Taiwan,Fengshan,2005-07-31,2005-08-06,6,25.94,18.57,6,452
29,ANGELA HERNANDEZ,Japan,Shimonoseki,2005-07-29,2005-08-04,6,25.94,22.94,6,453
38,MARTHA GONZALEZ,Moldova,Chisinau,2005-08-18,2005-08-24,6,25.94,14.72,6,453
55,DORIS REED,Russian Federation,Balaiha,2005-07-27,2005-08-02,6,25.94,59.95,6,453
84,SARA PERRY,Mexico,Atlixco,2005-07-31,2005-08-06,6,25.94,12.99,6,453
128,MARJORIE TUCKER,Poland,Jastrzebie-Zdrj,2005-07-09,2005-07-15,6,25.94,48.76,6,453
151,MEGAN PALMER,China,Laiwu,2005-08-20,2005-08-26,6,25.94,23.65,6,453
153,SUZANNE NICHOLS,Indonesia,Jakarta,2005-08-21,2005-08-27,6,25.94,26.0,6,453
157,DARLENE ROSE,North Korea,Pyongyang,2005-07-30,2005-08-05,6,25.94,18.59,6,453
172,BERNICE WILLIS,Turkey,Batman,2005-07-28,2005-08-03,6,25.94,15.6,6,453
186,HOLLY FOX,India,Haldia,2005-06-15,2005-06-21,6,25.94,261.14,6,453
195,VANESSA SIMS,Germany,Siegen,2005-08-17,2005-08-23,6,25.94,19.49,6,453
208,LUCY WHEELER,India,Balurghat,2005-07-07,2005-07-13,6,25.94,52.09,6,453
234,CLAUDIA FULLER,Kuwait,Jalib al-Shuyukh,2005-08-01,2005-08-07,6,25.94,51.98,6,453
235,JACKIE LYNCH,Colombia,Buenaventura,2005-07-29,2005-08-04,6,25.94,21.08,6,453
262,PATSY DAVIDSON,Ecuador,Portoviejo,2005-08-22,2005-08-28,6,25.94,24.38,6,453
267,MARGIE WADE,China,Lengshuijiang,2005-06-19,2005-06-25,6,25.94,25.99,6,453
277,OLGA JIMENEZ,Nigeria,Ogbomosho,2005-06-16,2005-06-22,6,25.94,77.98,6,453
285,MIRIAM MCKINNEY,Japan,Otsu,2005-07-10,2005-07-16,6,25.94,27.84,6,453
302,MICHAEL SILVERMAN,China,Tiefa,2005-08-21,2005-08-27,6,25.94,12.0,6,453
304,DAVID ROYAL,Peru,Callao,2005-08-17,2005-08-23,6,25.94,41.07,6,453
308,THOMAS GRIGSBY,United States,Kansas City,2005-08-19,2005-08-25,6,25.94,19.5,6,453
322,JASON MORRISSEY,Argentina,Baha Blanca,2005-07-28,2005-08-03,6,25.94,30.02,6,453
393,PHILIP CAUSEY,Russian Federation,Korolev,2005-07-26,2005-08-01,6,25.94,22.28,6,453
401,TONY CARRANZA,Japan,Koriyama,2005-07-28,2005-08-03,6,25.94,71.0,6,453
424,KYLE SPURLOCK,China,Shanwei,2005-08-17,2005-08-23,6,25.94,14.72,6,453
429,FREDERICK ISBELL,Japan,Tsuyama,2005-07-27,2005-08-02,6,25.94,38.97,6,453
432,EDWIN BURK,South Africa,Newcastle,2005-07-27,2005-08-02,6,25.94,25.15,6,453
444,MARCUS HIDALGO,Estonia,Tartu,2005-06-15,2005-06-21,6,25.94,77.98,6,453
479,ZACHARY HITE,United States,Akron,2005-07-09,2005-07-15,6,25.94,19.02,6,453
482,MAURICE CRAWLEY,Mexico,Coatzacoalcos,2005-08-22,2005-08-28,6,25.94,18.14,6,453
484,ROBERTO VU,China,Yinchuan,2005-08-18,2005-08-24,6,25.94,17.33,6,453
485,CLYDE TOBIAS,China,Shaoguan,2005-07-09,2005-07-15,6,25.94,33.94,6,453
530,DARRYL ASHCRAFT,Argentina,Ezeiza,2005-08-18,2005-08-24,6,25.94,24.39,6,453
549,NELSON CHRISTENSON,Spain,Santiago de Compostela,2005-07-29,2005-08-04,6,25.94,45.88,6,453
560,JORDAN ARCHULETA,Argentina,Avellaneda,2005-08-20,2005-08-26,6,25.94,12.18,6,453
571,JOHNNIE CHISHOLM,Poland,Plock,2005-07-29,2005-08-04,6,25.94,21.07,6,453
598,WADE DELVALLE,Switzerland,Lausanne,2005-07-07,2005-07-13,6,25.94,48.76,6,453
51,ALICE STEWART,United States,Fontana,2005-08-20,2005-08-26,6,25.94,12.39,6,454
70,CHRISTINA RAMIREZ,Saudi Arabia,al-Hawiya,2005-08-18,2005-08-24,6,25.94,20.52,6,454
88,BONNIE HUGHES,South Korea,Cheju,2005-07-28,2005-08-03,6,25.94,28.9,6,454
116,VICTORIA GIBSON,Indonesia,Pemalang,2005-07-28,2005-08-03,6,25.94,31.22,6,454
132,ESTHER CRAWFORD,South Africa,Botshabelo,2005-07-28,2005-08-03,6,25.94,18.15,6,454
241,HEIDI LARSON,China,Xiangfan,2005-07-30,2005-08-05,6,25.94,21.1,6,454
258,MYRTLE FLEMING,Dominican Republic,Santiago de los Caballeros,2005-07-30,2005-08-05,6,25.94,19.5,6,454
285,MIRIAM MCKINNEY,Japan,Otsu,2005-08-18,2005-08-24,6,25.94,13.92,6,454
346,ARTHUR SIMPKINS,Russian Federation,Maikop,2005-08-22,2005-08-28,6,25.94,11.64,6,454
480,COREY HAUSER,Turkey,Gaziantep,2005-07-29,2005-08-04,6,25.94,28.88,6,454
490,SAM MCDUFFIE,Colombia,Sogamoso,2005-07-10,2005-07-16,6,25.94,25.15,6,454
528,CLAUDE HERZOG,Angola,Benguela,2005-07-28,2005-08-03,6,25.94,22.28,6,454
413,MARVIN YEE,India,Berhampore (Baharampur),2005-08-18,2005-08-24,7,25.93,52.1,7,455
43,CHRISTINE ROBERTS,French Polynesia,Faaa,2005-07-08,2005-07-14,7,25.93,111.45,7,456
122,THELMA MURRAY,Peru,Lima,2005-06-15,2005-06-21,7,25.93,130.08,7,456
331,ERIC ROBERT,Argentina,Santa F,2005-08-18,2005-08-24,7,25.93,27.84,7,456
417,TRAVIS ESTEP,Saudi Arabia,al-Qatif,2005-08-20,2005-08-26,7,25.93,26.9,7,456
473,JORGE OLIVARES,Indonesia,Lhokseumawe,2005-07-06,2005-07-12,7,25.93,55.72,7,456
553,MAX PITT,Yugoslavia,Novi Sad,2005-07-07,2005-07-13,7,25.93,15.59,7,456
10,DOROTHY TAYLOR,Iran,Esfahan,2005-07-06,2005-07-12,7,25.93,48.77,7,457
57,EVELYN MORGAN,Liechtenstein,Vaduz,2005-07-07,2005-07-13,7,25.93,29.99,7,457
60,MILDRED BAILEY,India,Jaipur,2005-08-17,2005-08-23,7,25.93,25.16,7,457
120,SYLVIA ORTIZ,Colombia,Dos Quebradas,2005-07-07,2005-07-13,7,25.93,25.98,7,457
133,PAULINE HENRY,Mexico,Torren,2005-08-18,2005-08-24,7,25.93,45.95,7,457
146,JAMIE RICE,United States,Sterling Heights,2005-06-15,2005-06-21,7,25.93,59.93,7,457
153,SUZANNE NICHOLS,Indonesia,Jakarta,2005-07-06,2005-07-12,7,25.93,60.02,7,457
166,LYNN PAYNE,Malawi,Lilongwe,2005-07-08,2005-07-14,7,25.93,28.89,7,457
243,LYDIA BURKE,Argentina,San Miguel de Tucumn,2005-07-27,2005-08-02,7,25.93,39.01,7,457
287,BECKY MILES,India,Tambaram,2005-08-17,2005-08-23,7,25.93,22.28,7,457
360,RALPH MADRIGAL,Puerto Rico,Arecibo,2005-07-29,2005-08-04,7,25.93,14.44,7,457
455,JON WILES,Bolivia,El Alto,2005-08-18,2005-08-24,7,25.93,31.19,7,457
456,RONNIE RICKETTS,Senegal,Ziguinchor,2005-06-15,2005-06-21,7,25.93,155.89,7,457
459,TOMMY COLLAZO,Iran,Qomsheh,2005-06-17,2005-06-23,7,25.93,260.17,7,457
97,ANNIE RUSSELL,Mozambique,Tete,2005-07-06,2005-07-12,8,25.92,86.69,8,458
21,MICHELLE CLARK,Bangladesh,Tangail,2005-07-26,2005-08-01,8,25.92,64.96,8,459
36,KATHLEEN ADAMS,Iran,Arak,2005-07-29,2005-08-04,8,25.92,26.9,8,459
74,DENISE KELLY,Brazil,Rio Claro,2005-08-20,2005-08-26,8,25.92,24.36,8,459
90,RUBY WASHINGTON,China,Meixian,2005-08-17,2005-08-23,8,25.92,12.57,8,459
158,VERONICA STONE,United States,Greensboro,2005-07-30,2005-08-05,8,25.92,21.65,8,459
167,SALLY PIERCE,India,Chandrapur,2005-07-06,2005-07-12,8,25.92,48.69,8,459
185,ROBERTA HARPER,Iran,Shahr-e Kord,2005-07-27,2005-08-02,8,25.92,29.97,8,459
236,MARCIA DEAN,Philippines,Tanza,2005-07-08,2005-07-14,8,25.92,17.71,8,459
265,JENNIE TERRY,Czech Republic,Olomouc,2005-07-27,2005-08-02,8,25.92,14.7,8,459
303,WILLIAM SATTERFIELD,Yemen,Sanaa,2005-08-17,2005-08-23,8,25.92,31.19,8,459
329,FRANK WAGGONER,Bangladesh,Jamalpur,2005-06-17,2005-06-23,8,25.92,260.07,8,459
361,LAWRENCE LAWTON,Cameroon,Yaound,2005-08-17,2005-08-23,8,25.92,22.28,8,459
397,JIMMY SCHRADER,Russian Federation,Atinsk,2005-07-27,2005-08-02,8,25.92,23.62,8,459
441,MARIO CHEATHAM,Algeria,Batna,2005-07-06,2005-07-12,8,25.92,77.92,8,459
452,TOM MILNER,United Arab Emirates,Abu Dhabi,2005-08-17,2005-08-23,8,25.92,41.01,8,459
457,BILL GAVIN,United States,Rockford,2005-06-16,2005-06-22,8,25.92,59.91,8,459
415,GLENN PULLEN,Netherlands,Amersfoort,2005-07-28,2005-08-03,8,25.92,29.98,8,460
469,WESLEY BULL,Spain,Ourense (Orense),2005-07-29,2005-08-04,8,25.92,10.82,8,460
401,TONY CARRANZA,Japan,Koriyama,2005-08-17,2005-08-23,9,25.91,29.97,9,461
405,LEONARD SCHOFIELD,Argentina,Tandil,2005-08-17,2005-08-23,9,25.91,24.35,9,461
51,ALICE STEWART,United States,Fontana,2005-07-28,2005-08-03,9,25.91,17.3,9,462
147,JOANNE ROBERTSON,Japan,Urawa,2005-07-06,2005-07-12,9,25.91,45.83,9,462
24,KIMBERLY LEE,Argentina,Crdoba,2005-06-16,2005-06-22,5,24.95,75.0,5,463
36,KATHLEEN ADAMS,Iran,Arak,2005-08-20,2005-08-26,5,24.95,14.43,5,463
53,HEATHER MORRIS,Japan,Nagareyama,2005-07-27,2005-08-02,5,24.95,68.23,5,463
56,GLORIA COOK,French Polynesia,Papeete,2005-07-06,2005-07-12,5,24.95,53.62,5,463
60,MILDRED BAILEY,India,Jaipur,2005-07-30,2005-08-05,5,24.95,41.72,5,463
96,DIANA ALEXANDER,United States,Augusta-Richmond County,2005-07-29,2005-08-04,5,24.95,30.02,5,463
98,LILLIAN GRIFFIN,United Arab Emirates,al-Ayn,2005-08-17,2005-08-23,5,24.95,19.25,5,463
108,TRACY COLE,Mexico,Huixquilucan,2005-06-15,2005-06-21,5,24.95,125.17,5,463
119,SHERRY MARSHALL,Egypt,Shubra al-Khayma,2005-07-08,2005-07-14,5,24.95,44.11,5,463
146,JAMIE RICE,United States,Sterling Heights,2005-08-19,2005-08-25,5,24.95,17.05,5,463
182,RENEE LANE,United States,Compton,2005-08-19,2005-08-25,5,24.95,25.01,5,463
192,LAURIE LAWRENCE,India,Firozabad,2005-07-30,2005-08-05,5,24.95,30.04,5,463
200,JEANNE LAWSON,Turkmenistan,Ashgabat,2005-06-17,2005-06-23,5,24.95,44.11,5,463
206,TERRI VASQUEZ,Brazil,Blumenau,2005-08-20,2005-08-26,5,24.95,14.42,5,463
232,CONSTANCE REID,Nigeria,Zaria,2005-07-30,2005-08-05,5,24.95,18.76,5,463
236,MARCIA DEAN,Philippines,Tanza,2005-07-30,2005-08-05,5,24.95,12.51,5,463
247,STELLA MORENO,Mexico,Coacalco de Berriozbal,2005-07-07,2005-07-13,5,24.95,83.35,5,463
253,TERRY CARLSON,Japan,Miyakonojo,2005-08-20,2005-08-26,5,24.95,16.31,5,463
268,NINA SOTO,India,Palghat (Palakkad),2005-07-30,2005-08-05,5,24.95,20.27,5,463
271,PENNY NEAL,India,Kumbakonam,2005-07-31,2005-08-06,5,24.95,41.75,5,463
280,TRACEY BARRETT,Nigeria,Owo,2005-08-20,2005-08-26,5,24.95,10.28,5,463
282,JENNY CASTRO,Puerto Rico,Ponce,2005-07-07,2005-07-13,5,24.95,37.54,5,463
284,SONIA GREGORY,Nigeria,Benin City,2005-08-20,2005-08-26,5,24.95,16.67,5,463
286,VELMA LUCAS,Nigeria,Effon-Alaiye,2005-07-28,2005-08-03,5,24.95,14.43,5,463
301,ROBERT BAUGHMAN,Russian Federation,Kaliningrad,2005-07-09,2005-07-15,5,24.95,41.7,5,463
315,KENNETH GOODEN,Israel,Bat Yam,2005-07-07,2005-07-13,5,24.95,250.33,5,463
337,JERRY JORDON,Japan,Onomichi,2005-08-20,2005-08-26,5,24.95,15.63,5,463
385,PHILLIP HOLM,Japan,Tama,2005-07-06,2005-07-12,5,24.95,150.6,5,463
394,CHRIS BROTHERS,Spain,Gijn,2005-07-07,2005-07-13,5,24.95,57.71,5,463
405,LEONARD SCHOFIELD,Argentina,Tandil,2005-07-30,2005-08-05,5,24.95,32.67,5,463
414,VINCENT RALSTON,Mexico,Allende,2005-07-06,2005-07-12,5,24.95,35.69,5,463
422,MELVIN ELLINGTON,China,Laohekou,2005-07-28,2005-08-03,5,24.95,68.29,5,463
427,JESUS MCCARTNEY,Brazil,Guaruj,2005-07-31,2005-08-06,5,24.95,15.96,5,463
448,MIGUEL BETANCOURT,Germany,Erlangen,2005-06-15,2005-06-21,5,24.95,93.8,5,463
479,ZACHARY HITE,United States,Akron,2005-07-10,2005-07-16,5,24.95,17.86,5,463
496,TYLER WREN,China,Rizhao,2005-08-20,2005-08-26,5,24.95,26.79,5,463
507,EDGAR RHOADS,Turkey,Eskisehir,2005-08-17,2005-08-23,5,24.95,35.73,5,463
519,RON DELUCA,Japan,Isesaki,2005-08-18,2005-08-24,5,24.95,18.29,5,463
522,ARNOLD HAVENS,Philippines,Santa Rosa,2005-07-31,2005-08-06,5,24.95,8.24,5,463
528,CLAUDE HERZOG,Angola,Benguela,2005-08-19,2005-08-25,5,24.95,22.06,5,463
563,KEN PREWITT,Romania,Bucuresti,2005-08-20,2005-08-26,5,24.95,23.46,5,463
574,JULIAN VEST,Japan,Akishima,2005-07-28,2005-08-03,5,24.95,16.67,5,463
580,ROSS GREY,Philippines,Iligan,2005-08-20,2005-08-26,5,24.95,15.01,5,463
588,MARION OCAMPO,China,Weifang,2005-06-17,2005-06-23,5,24.95,93.8,5,463
589,TRACY HERRMANN,Ecuador,Loja,2005-07-28,2005-08-03,5,24.95,41.72,5,463
595,TERRENCE GUNDERSON,China,Jinzhou,2005-07-31,2005-08-06,5,24.95,11.03,5,463
118,KIM CRUZ,United States,Grand Prairie,2005-08-19,2005-08-25,5,24.95,21.43,5,464
163,CATHY SPENCER,Japan,Kakamigahara,2005-06-17,2005-06-23,5,24.95,150.0,5,464
174,YVONNE WATKINS,Venezuela,Ocumare del Tuy,2005-07-30,2005-08-05,5,24.95,30.0,5,464
197,SUE PETERS,China,Changzhou,2005-06-16,2005-06-22,5,24.95,26.84,5,464
464,JEROME KENYON,Chile,Rancagua,2005-08-20,2005-08-26,5,24.95,93.8,5,464
482,MAURICE CRAWLEY,Mexico,Coatzacoalcos,2005-07-28,2005-08-03,5,24.95,14.15,5,464
3,LINDA WILLIAMS,Greece,Athenai,2005-08-19,2005-08-25,5,24.95,10.71,5,465
380,RUSSELL BRINSON,Poland,Tychy,2005-07-30,2005-08-05,5,24.95,18.76,5,465
426,BRADLEY MOTLEY,India,Purnea (Purnia),2005-07-30,2005-08-05,5,24.95,17.04,5,465
518,GABRIEL HARDER,Turkey,Sivas,2005-08-20,2005-08-26,5,24.95,14.16,5,465
7,MARIA MILLER,Yugoslavia,Kragujevac,2005-08-18,2005-08-24,6,24.94,15.29,6,466
24,KIMBERLY LEE,Argentina,Crdoba,2005-08-18,2005-08-24,6,24.94,41.73,6,466
33,ANNA HILL,Italy,Alessandria,2005-07-28,2005-08-03,6,24.94,57.73,6,466
64,JUDITH COX,China,Daxian,2005-07-31,2005-08-06,6,24.94,16.32,6,466
69,JUDY GRAY,Algeria,Bchar,2005-07-07,2005-07-13,6,24.94,44.09,6,466
96,DIANA ALEXANDER,United States,Augusta-Richmond County,2005-08-18,2005-08-24,6,24.94,19.22,6,466
99,EMILY DIAZ,South Korea,Kimchon,2005-07-28,2005-08-03,6,24.94,15.96,6,466
141,DEBBIE REYES,Japan,Fukuyama,2005-08-20,2005-08-26,6,24.94,10.87,6,466
165,LORRAINE STEPHENS,China,Hami,2005-07-27,2005-08-02,6,24.94,22.73,6,466
188,MELANIE ARMSTRONG,Philippines,Bayugan,2005-07-31,2005-08-06,6,24.94,27.78,6,466
208,LUCY WHEELER,India,Balurghat,2005-07-29,2005-08-04,6,24.94,20.84,6,466
339,WALTER PERRYMAN,China,Xinxiang,2005-07-08,2005-07-14,6,24.94,22.05,6,466
368,HARRY ARCE,Iran,Najafabad,2005-07-07,2005-07-13,6,24.94,20.82,6,466
400,BRYAN HARDISON,United States,Dallas,2005-08-16,2005-08-22,6,24.94,25.01,6,466
408,MANUEL MURRELL,Sri Lanka,Jaffna,2005-07-29,2005-08-04,6,24.94,31.27,6,466
475,PEDRO CHESTNUT,Ukraine,ostka,2005-07-08,2005-07-14,6,24.94,57.64,6,466
499,MARC OUTLAW,Italy,Brindisi,2005-07-06,2005-07-12,6,24.94,50.01,6,466
588,MARION OCAMPO,China,Weifang,2005-07-06,2005-07-12,6,24.94,29.99,6,466
590,SETH HANNON,Bahrain,al-Manama,2005-07-28,2005-08-03,6,24.94,20.27,6,466
92,TINA SIMMONS,Brazil,Goinia,2005-07-28,2005-08-03,6,24.94,12.09,6,467
108,TRACY COLE,Mexico,Huixquilucan,2005-07-08,2005-07-14,6,24.94,24.2,6,467
115,WENDY HARRISON,Mexico,Nezahualcyotl,2005-07-09,2005-07-15,6,24.94,50.08,6,467
120,SYLVIA ORTIZ,Colombia,Dos Quebradas,2005-07-30,2005-08-05,6,24.94,22.07,6,467
130,CHARLOTTE HUNTER,Brazil,guas Lindas de Gois,2005-08-17,2005-08-23,6,24.94,27.78,6,467
161,GERALDINE PERKINS,Israel,Tel Aviv-Jaffa,2005-08-21,2005-08-27,6,24.94,21.44,6,467
168,REGINA BERRY,China,Jinchang,2005-07-30,2005-08-05,6,24.94,15.96,6,467
250,JO FOWLER,Nigeria,Oyo,2005-08-18,2005-08-24,6,24.94,83.41,6,467
251,VICKIE BREWER,Germany,Halle/Saale,2005-07-06,2005-07-12,6,24.94,41.64,6,467
268,NINA SOTO,India,Palghat (Palakkad),2005-08-18,2005-08-24,6,24.94,21.42,6,467
296,RAMONA HALE,India,Patiala,2005-07-06,2005-07-12,6,24.94,50.01,6,467
299,JAMES GANNON,Japan,Hiroshima,2005-07-27,2005-08-02,6,24.94,31.27,6,467
325,TIMOTHY BUNN,Brazil,Braslia,2005-08-17,2005-08-23,6,24.94,26.79,6,467
333,ANDREW PURDY,Azerbaijan,Baku,2005-08-20,2005-08-26,6,24.94,13.39,6,467
334,RAYMOND MCWHORTER,Azerbaijan,Sumqayit,2005-07-31,2005-08-06,6,24.94,14.7,6,467
336,JOSHUA MARK,India,Rampur,2005-07-07,2005-07-13,6,24.94,28.87,6,467
347,RYAN SALISBURY,Latvia,Daugavpils,2005-07-29,2005-08-04,6,24.94,18.3,6,467
435,RICKY SHELBY,China,Junan,2005-07-30,2005-08-05,6,24.94,25.85,6,467
471,DEAN SAUER,South Africa,Johannesburg,2005-08-21,2005-08-27,6,24.94,19.23,6,467
473,JORGE OLIVARES,Indonesia,Lhokseumawe,2005-07-07,2005-07-13,6,24.94,50.05,6,467
497,GILBERT SLEDGE,United Kingdom,York,2005-07-07,2005-07-13,6,24.94,28.83,6,467
504,NATHANIEL ADAM,United States,Joliet,2005-07-28,2005-08-03,6,24.94,19.73,6,467
506,LESLIE SEWARD,Indonesia,Pontianak,2005-05-27,2005-06-02,6,24.94,187.52,6,467
535,JAVIER ELROD,Chad,NDjamna,2005-08-20,2005-08-26,6,24.94,14.15,6,467
572,SIDNEY BURLESON,Poland,Czestochowa,2005-07-31,2005-08-06,6,24.94,18.29,6,467
576,MORRIS MCCARTER,Taiwan,Fengshan,2005-07-06,2005-07-12,6,24.94,22.05,6,467
131,MONICA HICKS,Ukraine,Mukateve,2005-08-19,2005-08-25,6,24.94,15.0,6,468
163,CATHY SPENCER,Japan,Kakamigahara,2005-07-06,2005-07-12,6,24.94,24.99,6,468
166,LYNN PAYNE,Malawi,Lilongwe,2005-07-09,2005-07-15,6,24.94,26.8,6,468
251,VICKIE BREWER,Germany,Halle/Saale,2005-07-27,2005-08-02,6,24.94,30.0,6,468
337,JERRY JORDON,Japan,Onomichi,2005-07-29,2005-08-04,6,24.94,17.44,6,468
453,CALVIN MARTEL,Venezuela,Maracabo,2005-08-21,2005-08-27,6,24.94,19.73,6,468
472,GREG ROBINS,Vietnam,Nam Dinh,2005-06-15,2005-06-21,6,24.94,75.12,6,468
129,CARRIE PORTER,China,Liaocheng,2005-08-20,2005-08-26,6,24.94,12.71,6,469
32,AMY LOPEZ,India,Jhansi,2005-07-08,2005-07-14,7,24.93,34.09,7,470
303,WILLIAM SATTERFIELD,Yemen,Sanaa,2005-07-27,2005-08-02,7,24.93,37.47,7,470
54,TERESA ROGERS,Japan,Iwakuni,2005-07-08,2005-07-14,7,24.93,37.47,7,471
62,JOAN COOPER,United States,Saint Louis,2005-06-15,2005-06-21,7,24.93,125.07,7,471
86,JACQUELINE LONG,Thailand,Songkhla,2005-06-16,2005-06-22,7,24.93,375.83,7,471
100,ROBIN HAYES,Russian Federation,Jelets,2005-07-28,2005-08-03,7,24.93,14.69,7,471
218,VERA MCCOY,Afghanistan,Kabul,2005-08-17,2005-08-23,7,24.93,25.83,7,471
229,TAMARA NGUYEN,Brazil,Anpolis,2005-07-07,2005-07-13,7,24.93,37.49,7,471
376,RANDY GAITHER,Russian Federation,Kurgan,2005-08-17,2005-08-23,7,24.93,24.19,7,471
457,BILL GAVIN,United States,Rockford,2005-06-17,2005-06-23,7,24.93,53.54,7,471
27,SHIRLEY ALLEN,Philippines,Davao,2005-07-07,2005-07-13,7,24.93,24.19,7,472
53,HEATHER MORRIS,Japan,Nagareyama,2005-08-19,2005-08-25,7,24.93,22.04,7,472
58,JEAN BELL,Malaysia,Kuching,2005-07-29,2005-08-04,7,24.93,27.75,7,472
90,RUBY WASHINGTON,China,Meixian,2005-08-19,2005-08-25,7,24.93,11.9,7,472
107,FLORENCE WOODS,Argentina,Merlo,2005-06-15,2005-06-21,7,24.93,62.43,7,472
117,EDITH MCDONALD,India,Gandhinagar,2005-08-18,2005-08-24,7,24.93,49.99,7,472
167,SALLY PIERCE,India,Chandrapur,2005-08-20,2005-08-26,7,24.93,17.85,7,472
196,ALMA AUSTIN,Germany,Mannheim,2005-08-18,2005-08-24,7,24.93,16.66,7,472
274,NAOMI JENNINGS,India,Karnal,2005-07-30,2005-08-05,7,24.93,24.18,7,472
290,KRISTINA CHAMBERS,Venezuela,Valle de la Pascua,2005-07-28,2005-08-03,7,24.93,23.44,7,472
313,DONALD MAHON,China,Ezhou,2005-08-17,2005-08-23,7,24.93,27.76,7,472
443,FRANCISCO SKIDMORE,Brazil,So Leopoldo,2005-08-19,2005-08-25,7,24.93,15.29,7,472
458,LLOYD DOWD,Indonesia,Tegal,2005-08-17,2005-08-23,7,24.93,93.84,7,472
469,WESLEY BULL,Spain,Ourense (Orense),2005-07-30,2005-08-05,7,24.93,10.27,7,472
473,JORGE OLIVARES,Indonesia,Lhokseumawe,2005-08-21,2005-08-27,7,24.93,12.92,7,472
500,REGINALD KINDER,Indonesia,Madiun,2005-07-28,2005-08-03,7,24.93,32.6,7,472
564,BOB PFEIFFER,China,Xintai,2005-07-30,2005-08-05,7,24.93,32.59,7,472
570,IVAN CROMWELL,Mexico,Monclova,2005-07-30,2005-08-05,7,24.93,31.27,7,472
577,CLIFTON MALCOLM,Taiwan,Tanshui,2005-08-18,2005-08-24,7,24.93,13.63,7,472
581,VIRGIL WOFFORD,Mexico,Jos Azueta,2005-08-17,2005-08-23,7,24.93,39.47,7,472
588,MARION OCAMPO,China,Weifang,2005-08-18,2005-08-24,7,24.93,22.73,7,472
347,RYAN SALISBURY,Latvia,Daugavpils,2005-07-06,2005-07-12,7,24.93,23.41,7,473
21,MICHELLE CLARK,Bangladesh,Tangail,2005-07-28,2005-08-03,8,24.92,53.55,8,474
160,ERIN DUNN,Russian Federation,Ljubertsy,2005-07-31,2005-08-06,8,24.92,34.07,8,474
190,YOLANDA WEAVER,Tanzania,Tabora,2005-08-17,2005-08-23,8,24.92,18.73,8,474
244,VIOLA HANSON,Philippines,Lapu-Lapu,2005-08-17,2005-08-23,8,24.92,17.03,8,474
342,HAROLD MARTINO,Brazil,Boa Vista,2005-07-30,2005-08-05,8,24.92,24.98,8,474
405,LEONARD SCHOFIELD,Argentina,Tandil,2005-08-18,2005-08-24,8,24.92,22.72,8,474
418,JEFF EAST,Dominican Republic,San Felipe de Puerto Plata,2005-08-19,2005-08-25,8,24.92,13.38,8,474
503,ANGEL BARCLAY,Japan,Ueda,2005-08-22,2005-08-28,8,24.92,19.73,8,474
559,EVERETT BANDA,Egypt,Bilbays,2005-07-29,2005-08-04,8,24.92,22.71,8,474
309,CHRISTOPHER GRECO,Italy,Brescia,2005-07-29,2005-08-04,9,24.91,12.69,9,475
177,SAMANTHA DUNCAN,Mexico,Matamoros,2005-07-27,2005-08-02,9,24.91,53.49,9,476
207,GERTRUDE CASTILLO,Greenland,Nuuk,2005-07-07,2005-07-13,9,24.91,44.04,9,476
254,MAXINE SILVA,Brazil,Poos de Caldas,2005-08-18,2005-08-24,9,24.91,22.03,9,476
314,GEORGE LINTON,Brazil,Sorocaba,2005-07-06,2005-07-12,9,24.91,107.06,9,476
215,JESSIE BANKS,Bulgaria,Stara Zagora,2005-08-17,2005-08-23,10,24.9,68.16,10,477
2,PATRICIA JOHNSON,United States,San Bernardino,2005-08-19,2005-08-25,5,23.95,8.28,5,478
37,PAMELA BAKER,China,Nanyang,2005-07-28,2005-08-03,5,23.95,35.98,5,478
38,MARTHA GONZALEZ,Moldova,Chisinau,2005-08-21,2005-08-27,5,23.95,13.1,5,478
44,MARIE TURNER,Russian Federation,Lipetsk,2005-08-18,2005-08-24,5,23.95,34.3,5,478
68,NICOLE PETERSON,India,Shivapuri,2005-07-30,2005-08-05,5,23.95,31.32,5,478
99,EMILY DIAZ,South Korea,Kimchon,2005-07-29,2005-08-04,5,23.95,15.01,5,478
122,THELMA MURRAY,Peru,Lima,2005-08-18,2005-08-24,5,23.95,18.01,5,478
125,ETHEL WEBB,South Africa,Boksburg,2005-07-06,2005-07-12,5,23.95,36.0,5,478
149,VALERIE BLACK,United States,Brockton,2005-07-08,2005-07-14,5,23.95,16.74,5,478
153,SUZANNE NICHOLS,Indonesia,Jakarta,2005-07-07,2005-07-13,5,23.95,48.09,5,478
178,MARION SNYDER,Brazil,Santa Brbara dOeste,2005-07-11,2005-07-17,5,23.95,10.74,5,478
178,MARION SNYDER,Brazil,Santa Brbara dOeste,2005-08-19,2005-08-25,5,23.95,9.6,5,478
187,BRITTANY RILEY,Ukraine,Sumy,2005-07-09,2005-07-15,5,23.95,18.0,5,478
196,ALMA AUSTIN,Germany,Mannheim,2005-07-09,2005-07-15,5,23.95,20.58,5,478
211,STACEY MONTGOMERY,China,Fuyu,2005-08-22,2005-08-28,5,23.95,13.1,5,478
221,BESSIE MORRISON,Italy,Syrakusa,2005-06-15,2005-06-21,5,23.95,143.99,5,478
245,COURTNEY DAY,South Korea,Uijongbu,2005-05-26,2005-06-01,5,23.95,143.99,5,478
250,JO FOWLER,Nigeria,Oyo,2005-08-19,2005-08-25,5,23.95,72.14,5,478
261,DEANNA BYRD,Philippines,Tuguegarao,2005-08-19,2005-08-25,5,23.95,24.84,5,478
269,CASSANDRA WALTERS,United States,Salinas,2005-08-19,2005-08-25,5,23.95,19.46,5,478
305,RICHARD MCCRARY,United States,Arlington,2005-07-30,2005-08-05,5,23.95,18.0,5,478
307,JOSEPH JOY,Brazil,Angra dos Reis,2005-07-29,2005-08-04,5,23.95,14.12,5,478
338,DENNIS GILMAN,South Africa,Paarl,2005-06-17,2005-06-23,5,23.95,60.03,5,478
338,DENNIS GILMAN,South Africa,Paarl,2005-07-07,2005-07-13,5,23.95,18.47,5,478
341,PETER MENARD,Netherlands,Ede,2005-07-27,2005-08-02,5,23.95,51.47,5,478
368,HARRY ARCE,Iran,Najafabad,2005-07-08,2005-07-14,5,23.95,19.46,5,478
368,HARRY ARCE,Iran,Najafabad,2005-08-20,2005-08-26,5,23.95,13.09,5,478
375,AARON SELBY,"Congo, The Democratic Republic of the",Mwene-Ditu,2005-08-17,2005-08-23,5,23.95,20.01,5,478
383,MARTIN BALES,Angola,Namibe,2005-08-18,2005-08-24,5,23.95,28.86,5,478
396,EARL SHANKS,Japan,Iwatsuki,2005-08-21,2005-08-27,5,23.95,15.01,5,478
406,NATHAN RUNYON,"Virgin Islands, U.S.",Charlotte Amalie,2005-08-17,2005-08-23,5,23.95,12.86,5,478
440,BERNARD COLBY,India,Dhule (Dhulia),2005-07-28,2005-08-03,5,23.95,30.03,5,478
447,CLIFFORD BOWENS,Russian Federation,Nabereznyje Telny,2005-08-20,2005-08-26,5,23.95,15.0,5,478
470,GORDON ALLARD,Yemen,Hodeida,2005-07-08,2005-07-14,5,23.95,23.23,5,478
472,GREG ROBINS,Vietnam,Nam Dinh,2005-08-21,2005-08-27,5,23.95,17.14,5,478
491,RICK MATTOX,Egypt,Mit Ghamr,2005-06-17,2005-06-23,5,23.95,60.08,5,478
512,CECIL VINES,United Kingdom,London,2005-07-28,2005-08-03,5,23.95,32.75,5,478
518,GABRIEL HARDER,Turkey,Sivas,2005-07-06,2005-07-12,5,23.95,102.94,5,478
548,ALLAN CORNISH,Philippines,Tarlac,2005-07-06,2005-07-12,5,23.95,120.35,5,478
20,SHARON ROBINSON,Pakistan,Mardan,2005-07-30,2005-08-05,5,23.95,21.18,5,479
80,MARILYN ROSS,Nigeria,Ife,2005-07-09,2005-07-15,5,23.95,17.99,5,479
132,ESTHER CRAWFORD,South Africa,Botshabelo,2005-08-01,2005-08-07,5,23.95,16.02,5,479
149,VALERIE BLACK,United States,Brockton,2005-07-27,2005-08-02,5,23.95,18.0,5,479
180,STACY CUNNINGHAM,Colombia,Pereira,2005-07-08,2005-07-14,5,23.95,120.15,5,479
297,SHERRI RHODES,India,Ahmadnagar,2005-06-15,2005-06-21,5,23.95,144.28,5,479
409,RODNEY MOELLER,Nigeria,Deba Habe,2005-08-19,2005-08-25,5,23.95,40.05,5,479
437,RANDALL NEUMANN,Dominican Republic,La Romana,2005-08-18,2005-08-24,5,23.95,31.32,5,479
563,KEN PREWITT,Romania,Bucuresti,2005-07-28,2005-08-03,5,23.95,19.48,5,479
544,CODY NOLEN,Brazil,So Bernardo do Campo,2005-07-29,2005-08-04,5,23.95,65.5,5,480
42,CAROLYN PEREZ,Thailand,Pak Kret,2005-07-07,2005-07-13,6,23.94,55.42,6,481
58,JEAN BELL,Malaysia,Kuching,2005-07-31,2005-08-06,6,23.94,25.71,6,481
78,LORI WOOD,India,Rae Bareli,2005-08-20,2005-08-26,6,23.94,9.47,6,481
83,LOUISE JENKINS,South Africa,Springs,2005-07-06,2005-07-12,6,23.94,34.27,6,481
116,VICTORIA GIBSON,Indonesia,Pemalang,2005-07-06,2005-07-12,6,23.94,34.3,6,481
159,JILL HAWKINS,Austria,Linz,2005-07-29,2005-08-04,6,23.94,36.0,6,481
183,IDA ANDREWS,Brazil,Luzinia,2005-07-27,2005-08-02,6,23.94,36.04,6,481
193,KATIE ELLIOTT,Kenya,Kisumu,2005-07-28,2005-08-03,6,23.94,102.75,6,481
200,JEANNE LAWSON,Turkmenistan,Ashgabat,2005-07-26,2005-08-01,6,23.94,42.37,6,481
278,BILLIE HORTON,Turkey,Inegl,2005-07-30,2005-08-05,6,23.94,24.0,6,481
290,KRISTINA CHAMBERS,Venezuela,Valle de la Pascua,2005-08-17,2005-08-23,6,23.94,21.82,6,481
305,RICHARD MCCRARY,United States,Arlington,2005-08-17,2005-08-23,6,23.94,24.82,6,481
335,GREGORY MAULDIN,Tunisia,Sousse,2005-07-29,2005-08-04,6,23.94,19.46,6,481
439,ALEXANDER FENNELL,Italy,Bergamo,2005-06-15,2005-06-21,6,23.94,51.41,6,481
479,ZACHARY HITE,United States,Akron,2005-06-17,2005-06-23,6,23.94,59.95,6,481
488,SHANE MILLARD,Mexico,La Paz,2005-08-18,2005-08-24,6,23.94,21.19,6,481
538,TED BREAUX,China,Baicheng,2005-08-17,2005-08-23,6,23.94,18.95,6,481
545,JULIO NOLAND,Ukraine,Konotop,2005-07-27,2005-08-02,6,23.94,32.7,6,481
27,SHIRLEY ALLEN,Philippines,Davao,2005-07-08,2005-07-14,6,23.94,22.51,6,482
60,MILDRED BAILEY,India,Jaipur,2005-08-18,2005-08-24,6,23.94,21.82,6,482
67,KELLY TORRES,China,Xiangtan,2005-08-19,2005-08-25,6,23.94,20.56,6,482
87,WANDA PATTERSON,Colombia,Sincelejo,2005-08-20,2005-08-26,6,23.94,11.8,6,482
113,CINDY FISHER,Venezuela,Cuman,2005-07-27,2005-08-02,6,23.94,25.72,6,482
151,MEGAN PALMER,China,Laiwu,2005-07-30,2005-08-05,6,23.94,51.52,6,482
184,VIVIAN RUIZ,Netherlands,s-Hertogenbosch,2005-08-19,2005-08-25,6,23.94,21.17,6,482
198,ELSIE KELLEY,Nigeria,Ikerre,2005-07-08,2005-07-14,6,23.94,180.45,6,482
215,JESSIE BANKS,Bulgaria,Stara Zagora,2005-06-15,2005-06-21,6,23.94,71.96,6,482
234,CLAUDIA FULLER,Kuwait,Jalib al-Shuyukh,2005-08-18,2005-08-24,6,23.94,19.99,6,482
277,OLGA JIMENEZ,Nigeria,Ogbomosho,2005-07-07,2005-07-13,6,23.94,18.94,6,482
297,SHERRI RHODES,India,Ahmadnagar,2005-08-19,2005-08-25,6,23.94,17.15,6,482
346,ARTHUR SIMPKINS,Russian Federation,Maikop,2005-08-01,2005-08-07,6,23.94,8.57,6,482
360,RALPH MADRIGAL,Puerto Rico,Arecibo,2005-07-08,2005-07-14,6,23.94,29.99,6,482
384,ERNEST STEPP,China,Huaian,2005-08-17,2005-08-23,6,23.94,241.01,6,482
390,SHAWN HEATON,Thailand,Nakhon Sawan,2005-07-07,2005-07-13,6,23.94,24.82,6,482
435,RICKY SHELBY,China,Junan,2005-07-26,2005-08-01,6,23.94,35.98,6,482
442,LEROY BUSTAMANTE,China,Tongliao,2005-07-07,2005-07-13,6,23.94,26.66,6,482
444,MARCUS HIDALGO,Estonia,Tartu,2005-07-28,2005-08-03,6,23.94,32.73,6,482
457,BILL GAVIN,United States,Rockford,2005-06-18,2005-06-24,6,23.94,48.01,6,482
458,LLOYD DOWD,Indonesia,Tegal,2005-07-09,2005-07-15,6,23.94,72.04,6,482
468,TIM CARY,India,Bijapur,2005-06-15,2005-06-21,6,23.94,34.28,6,482
496,TYLER WREN,China,Rizhao,2005-07-06,2005-07-12,6,23.94,240.2,6,482
511,CHESTER BENNER,China,Suihua,2005-07-28,2005-08-03,6,23.94,40.06,6,482
512,CECIL VINES,United Kingdom,London,2005-08-22,2005-08-28,6,23.94,12.41,6,482
517,BRAD MCCURDY,Taiwan,Chungho,2005-07-08,2005-07-14,6,23.94,17.56,6,482
535,JAVIER ELROD,Chad,NDjamna,2005-07-29,2005-08-04,6,23.94,20.56,6,482
537,CLINTON BUFORD,United States,Aurora,2005-08-20,2005-08-26,6,23.94,27.69,6,482
538,TED BREAUX,China,Baicheng,2005-07-09,2005-07-15,6,23.94,29.99,6,482
551,CLAYTON BARBEE,Brazil,Alvorada,2005-08-21,2005-08-27,6,23.94,21.82,6,482
569,DAVE GARDINER,China,Leshan,2005-08-21,2005-08-27,6,23.94,11.25,6,482
599,AUSTIN CINTRON,China,Tieli,2005-08-21,2005-08-27,6,23.94,42.35,6,482
242,GLENDA FRAZIER,China,Qinhuangdao,2005-08-19,2005-08-25,6,23.94,12.85,6,483
261,DEANNA BYRD,Philippines,Tuguegarao,2005-06-16,2005-06-22,6,23.94,42.35,6,483
400,BRYAN HARDISON,United States,Dallas,2005-07-28,2005-08-03,6,23.94,20.56,6,483
492,LESTER KRAUS,India,Kanchrapara,2005-07-07,2005-07-13,6,23.94,32.7,6,483
594,EDUARDO HIATT,China,Jining,2005-06-16,2005-06-22,6,23.94,32.7,6,483
138,HAZEL WARREN,China,Hohhot,2005-08-19,2005-08-25,7,23.93,12.41,7,484
371,BILLY POULIN,Philippines,Cabuyao,2005-08-19,2005-08-25,7,23.93,13.57,7,484
393,PHILIP CAUSEY,Russian Federation,Korolev,2005-08-19,2005-08-25,7,23.93,19.46,7,484
481,HERMAN DEVORE,Tanzania,Mwanza,2005-08-18,2005-08-24,7,23.93,14.39,7,484
5,ELIZABETH BROWN,Taiwan,Nantou,2005-08-19,2005-08-25,7,23.93,14.4,7,485
75,TAMMY SANDERS,Taiwan,Changhwa,2005-08-17,2005-08-23,7,23.93,11.42,7,485
91,LOIS BUTLER,Brunei,Bandar Seri Begawan,2005-07-08,2005-07-14,7,23.93,26.67,7,485
101,PEGGY MYERS,Saudi Arabia,Abha,2005-07-29,2005-08-04,7,23.93,18.45,7,485
115,WENDY HARRISON,Mexico,Nezahualcyotl,2005-07-28,2005-08-03,7,23.93,20.0,7,485
119,SHERRY MARSHALL,Egypt,Shubra al-Khayma,2005-07-29,2005-08-04,7,23.93,19.98,7,485
158,VERONICA STONE,United States,Greensboro,2005-08-19,2005-08-25,7,23.93,16.37,7,485
161,GERALDINE PERKINS,Israel,Tel Aviv-Jaffa,2005-07-30,2005-08-05,7,23.93,19.99,7,485
187,BRITTANY RILEY,Ukraine,Sumy,2005-06-15,2005-06-21,7,23.93,89.85,7,485
188,MELANIE ARMSTRONG,Philippines,Bayugan,2005-08-20,2005-08-26,7,23.93,23.22,7,485
207,GERTRUDE CASTILLO,Greenland,Nuuk,2005-07-29,2005-08-04,7,23.93,14.4,7,485
265,JENNIE TERRY,Czech Republic,Olomouc,2005-07-28,2005-08-03,7,23.93,13.08,7,485
290,KRISTINA CHAMBERS,Venezuela,Valle de la Pascua,2005-07-07,2005-07-13,7,23.93,27.66,7,485
295,DAISY BATES,Russian Federation,Kolpino,2005-06-17,2005-06-23,7,23.93,55.35,7,485
299,JAMES GANNON,Japan,Hiroshima,2005-07-06,2005-07-12,7,23.93,22.48,7,485
361,LAWRENCE LAWTON,Cameroon,Yaound,2005-07-31,2005-08-06,7,23.93,31.32,7,485
362,NICHOLAS BARFIELD,Brazil,Belm,2005-07-28,2005-08-03,7,23.93,17.13,7,485
370,WAYNE TRUONG,India,Gulbarga,2005-07-27,2005-08-02,7,23.93,79.94,7,485
386,TODD TAN,Ukraine,Kamjanets-Podilskyi,2005-07-10,2005-07-16,7,23.93,21.8,7,485
396,EARL SHANKS,Japan,Iwatsuki,2005-07-29,2005-08-04,7,23.93,30.0,7,485
418,JEFF EAST,Dominican Republic,San Felipe de Puerto Plata,2005-07-31,2005-08-06,7,23.93,17.55,7,485
418,JEFF EAST,Dominican Republic,San Felipe de Puerto Plata,2005-08-20,2005-08-26,7,23.93,12.63,7,485
440,BERNARD COLBY,India,Dhule (Dhulia),2005-08-19,2005-08-25,7,23.93,19.98,7,485
533,JESSIE MILAM,China,Binzhou,2005-07-29,2005-08-04,7,23.93,15.98,7,485
357,KEITH RICO,Slovakia,Bratislava,2005-07-06,2005-07-12,7,23.93,42.33,7,486
371,BILLY POULIN,Philippines,Cabuyao,2005-06-15,2005-06-21,7,23.93,27.68,7,486
447,CLIFFORD BOWENS,Russian Federation,Nabereznyje Telny,2005-07-07,2005-07-13,7,23.93,51.43,7,486
37,PAMELA BAKER,China,Nanyang,2005-08-20,2005-08-26,8,23.92,19.43,8,487
16,SANDRA MARTIN,United Kingdom,Southend-on-Sea,2005-07-27,2005-08-02,8,23.92,39.98,8,488
182,RENEE LANE,United States,Compton,2005-07-06,2005-07-12,8,23.92,51.4,8,488
463,DARRELL POWER,Canada,Halifax,2005-07-27,2005-08-02,8,23.92,48.0,8,488
474,DUSTIN GILLETTE,Netherlands,Emmen,2005-07-07,2005-07-13,8,23.92,32.66,8,488
488,SHANE MILLARD,Mexico,La Paz,2005-07-28,2005-08-03,8,23.92,21.14,8,488
502,BRETT CORNWELL,India,Siliguri (Shiliguri),2005-07-30,2005-08-05,8,23.92,10.57,8,488
8,SUSAN WILSON,New Zealand,Hamilton,2005-07-07,2005-07-13,8,23.92,35.95,8,489
78,LORI WOOD,India,Rae Bareli,2005-07-06,2005-07-12,8,23.92,39.93,8,489
104,RITA GRAHAM,France,Toulon,2005-08-17,2005-08-23,8,23.92,47.97,8,489
77,JANE BENNETT,Brazil,Araatuba,2005-07-27,2005-08-02,9,23.91,144.33,9,490
419,CHAD CARBONE,India,Katihar,2005-07-06,2005-07-12,9,23.91,239.9,9,491
461,DEREK BLAKELY,Philippines,Gingoog,2005-07-27,2005-08-02,10,23.9,90.08,10,492
75,TAMMY SANDERS,Taiwan,Changhwa,2005-07-06,2005-07-12,10,23.9,23.94,10,493
14,BETTY WHITE,United States,Citrus Heights,2005-07-08,2005-07-14,5,22.95,86.28,5,494
14,BETTY WHITE,United States,Citrus Heights,2005-07-30,2005-08-05,5,22.95,16.05,5,494
29,ANGELA HERNANDEZ,Japan,Shimonoseki,2005-07-30,2005-08-05,5,22.95,18.65,5,494
34,REBECCA SCOTT,Japan,Kurashiki,2005-07-06,2005-07-12,5,22.95,57.52,5,494
42,CAROLYN PEREZ,Thailand,Pak Kret,2005-07-30,2005-08-05,5,22.95,13.54,5,494
46,CATHERINE CAMPBELL,Russian Federation,Moscow,2005-06-17,2005-06-23,5,22.95,32.86,5,494
47,FRANCES PARKER,Brazil,Juazeiro do Norte,2005-07-29,2005-08-04,5,22.95,21.56,5,494
53,HEATHER MORRIS,Japan,Nagareyama,2005-05-27,2005-06-02,5,22.95,172.56,5,494
85,ANNE POWELL,United Kingdom,Bradford,2005-07-31,2005-08-06,5,22.95,36.35,5,494
87,WANDA PATTERSON,Colombia,Sincelejo,2005-07-30,2005-08-05,5,22.95,15.68,5,494
92,TINA SIMMONS,Brazil,Goinia,2005-07-29,2005-08-04,5,22.95,10.78,5,494
105,DAWN SULLIVAN,Tuvalu,Funafuti,2005-07-09,2005-07-15,5,22.95,57.52,5,494
111,CARMEN OWENS,Venezuela,Caracas,2005-07-06,2005-07-12,5,22.95,27.62,5,494
119,SHERRY MARSHALL,Egypt,Shubra al-Khayma,2005-08-22,2005-08-28,5,22.95,9.2,5,494
128,MARJORIE TUCKER,Poland,Jastrzebie-Zdrj,2005-07-10,2005-07-16,5,22.95,36.33,5,494
148,ELEANOR HUNT,Runion,Saint-Denis,2005-06-15,2005-06-21,5,22.95,137.98,5,494
156,BERTHA FERGUSON,Nigeria,Ondo,2005-07-28,2005-08-03,5,22.95,31.38,5,494
159,JILL HAWKINS,Austria,Linz,2005-07-30,2005-08-05,5,22.95,32.88,5,494
161,GERALDINE PERKINS,Israel,Tel Aviv-Jaffa,2005-07-07,2005-07-13,5,22.95,57.52,5,494
164,JOANN GARDNER,Turkey,Tarsus,2005-07-27,2005-08-02,5,22.95,36.35,5,494
183,IDA ANDREWS,Brazil,Luzinia,2005-07-31,2005-08-06,5,22.95,32.91,5,494
194,KRISTEN CHAVEZ,Japan,Hino,2005-08-19,2005-08-25,5,22.95,49.25,5,494
202,CARLA GUTIERREZ,India,Bhusawal,2005-07-06,2005-07-12,5,22.95,69.13,5,494
208,LUCY WHEELER,India,Balurghat,2005-07-30,2005-08-05,5,22.95,18.17,5,494
209,TONYA CHAPMAN,India,Bhilwara,2005-07-30,2005-08-05,5,22.95,9.2,5,494
213,GINA WILLIAMSON,Yemen,Taizz,2005-07-07,2005-07-13,5,22.95,16.83,5,494
223,MELINDA FERNANDEZ,Pakistan,Mandi Bahauddin,2005-08-20,2005-08-26,5,22.95,23.78,5,494
234,CLAUDIA FULLER,Kuwait,Jalib al-Shuyukh,2005-08-19,2005-08-25,5,22.95,18.65,5,494
249,DORA MEDINA,China,Tianjin,2005-07-27,2005-08-02,5,22.95,21.55,5,494
253,TERRY CARLSON,Japan,Miyakonojo,2005-07-31,2005-08-06,5,22.95,26.55,5,494
256,MABEL HOLLAND,Myanmar,Monywa,2005-08-21,2005-08-27,5,22.95,18.16,5,494
272,KAY CALDWELL,China,Yantai,2005-08-17,2005-08-23,5,22.95,19.16,5,494
273,PRISCILLA LOWE,Mexico,Salamanca,2005-07-10,2005-07-16,5,22.95,14.68,5,494
277,OLGA JIMENEZ,Nigeria,Ogbomosho,2005-06-17,2005-06-23,5,22.95,53.08,5,494
279,DIANNE SHELTON,Iran,Tabriz,2005-07-28,2005-08-03,5,22.95,25.55,5,494
292,MISTY LAMBERT,United Arab Emirates,Sharja,2005-08-18,2005-08-24,5,22.95,14.68,5,494
309,CHRISTOPHER GRECO,Italy,Brescia,2005-08-19,2005-08-25,5,22.95,14.09,5,494
310,DANIEL CABRAL,Brazil,Ibirit,2005-06-15,2005-06-21,5,22.95,115.13,5,494
329,FRANK WAGGONER,Bangladesh,Jamalpur,2005-07-31,2005-08-06,5,22.95,15.01,5,494
345,CARL ARTIS,Paraguay,San Lorenzo,2005-07-07,2005-07-13,5,22.95,57.57,5,494
351,JACK FOUST,Russian Federation,Zeleznogorsk,2005-08-21,2005-08-27,5,22.95,30.01,5,494
362,NICHOLAS BARFIELD,Brazil,Belm,2005-07-09,2005-07-15,5,22.95,28.76,5,494
363,ROY WHITING,Kenya,Nyeri,2005-06-15,2005-06-21,5,22.95,172.56,5,494
399,DANNY ISOM,Pakistan,Okara,2005-07-29,2005-08-04,5,22.95,31.38,5,494
423,ALFRED CASILLAS,Egypt,Sawhaj,2005-08-19,2005-08-25,5,22.95,10.95,5,494
427,JESUS MCCARTNEY,Brazil,Guaruj,2005-07-08,2005-07-14,5,22.95,36.33,5,494
431,JOEL FRANCISCO,Bolivia,Sucre,2005-07-28,2005-08-03,5,22.95,86.39,5,494
432,EDWIN BURK,South Africa,Newcastle,2005-08-17,2005-08-23,5,22.95,26.54,5,494
433,DON BONE,Mozambique,Naala-Porto,2005-07-29,2005-08-04,5,22.95,14.37,5,494
439,ALEXANDER FENNELL,Italy,Bergamo,2005-08-22,2005-08-28,5,22.95,11.13,5,494
467,ALVIN DELOACH,Mexico,Cuauhtmoc,2005-07-07,2005-07-13,5,22.95,22.24,5,494
478,LEWIS LYMAN,Israel,Ashqelon,2005-08-19,2005-08-25,5,22.95,31.38,5,494
523,HARVEY GUAJARDO,Vietnam,Vinh,2005-07-08,2005-07-14,5,22.95,27.58,5,494
546,KELLY KNOTT,China,Sanya,2005-08-20,2005-08-26,5,22.95,22.27,5,494
559,EVERETT BANDA,Egypt,Bilbays,2005-07-07,2005-07-13,5,22.95,36.33,5,494
565,JAIME NETTLES,Peru,Hunuco,2005-08-19,2005-08-25,5,22.95,11.69,5,494
566,CASEY MENA,Turkey,Tokat,2005-07-06,2005-07-12,5,22.95,40.6,5,494
570,IVAN CROMWELL,Mexico,Monclova,2005-06-16,2005-06-22,5,22.95,38.31,5,494
580,ROSS GREY,Philippines,Iligan,2005-07-31,2005-08-06,5,22.95,15.69,5,494
74,DENISE KELLY,Brazil,Rio Claro,2005-07-27,2005-08-02,5,22.95,26.54,5,495
113,CINDY FISHER,Venezuela,Cuman,2005-06-18,2005-06-24,5,22.95,98.78,5,495
134,EMMA BOYD,Egypt,Qalyub,2005-07-29,2005-08-04,5,22.95,40.62,5,495
170,BEATRICE ARNOLD,India,Udaipur,2005-07-31,2005-08-06,5,22.95,16.83,5,495
196,ALMA AUSTIN,Germany,Mannheim,2005-08-19,2005-08-25,5,22.95,14.69,5,495
213,GINA WILLIAMSON,Yemen,Taizz,2005-06-19,2005-06-25,5,22.95,49.35,5,495
257,MARSHA DOUGLAS,Mozambique,Beira,2005-07-30,2005-08-05,5,22.95,9.58,5,495
415,GLENN PULLEN,Netherlands,Amersfoort,2005-08-18,2005-08-24,5,22.95,18.66,5,495
423,ALFRED CASILLAS,Egypt,Sawhaj,2005-08-16,2005-08-22,5,22.95,11.89,5,495
517,BRAD MCCURDY,Taiwan,Chungho,2005-06-16,2005-06-22,5,22.95,137.98,5,495
517,BRAD MCCURDY,Taiwan,Chungho,2005-07-09,2005-07-15,5,22.95,16.43,5,495
179,DANA HART,Russian Federation,Kirovo-Tepetsk,2005-08-20,2005-08-26,5,22.95,12.32,5,496
3,LINDA WILLIAMS,Greece,Athenai,2005-07-29,2005-08-04,6,22.94,13.26,6,497
17,DONNA THOMPSON,Russian Federation,Elista,2005-08-17,2005-08-23,6,22.94,20.28,6,497
68,NICOLE PETERSON,India,Shivapuri,2005-07-06,2005-07-12,6,22.94,26.52,6,497
69,JUDY GRAY,Algeria,Bchar,2005-08-19,2005-08-25,6,22.94,28.76,6,497
111,CARMEN OWENS,Venezuela,Caracas,2005-06-16,2005-06-22,6,22.94,230.17,6,497
144,CLARA SHAW,Belarus,Molodetno,2005-06-16,2005-06-22,6,22.94,115.08,6,497
173,AUDREY RAY,Austria,Graz,2005-07-09,2005-07-15,6,22.94,26.54,6,497
176,JUNE CARROLL,Algeria,Skikda,2005-07-28,2005-08-03,6,22.94,17.24,6,497
219,WILLIE HOWELL,Argentina,Vicente Lpez,2005-08-17,2005-08-23,6,22.94,22.99,6,497
282,JENNY CASTRO,Puerto Rico,Ponce,2005-07-29,2005-08-04,6,22.94,15.33,6,497
307,JOSEPH JOY,Brazil,Angra dos Reis,2005-06-17,2005-06-23,6,22.94,36.3,6,497
328,JEFFREY SPEAR,Indonesia,Ciparay,2005-07-28,2005-08-03,6,22.94,137.92,6,497
359,WILLIE MARKHAM,Argentina,Almirante Brown,2005-07-27,2005-08-02,6,22.94,31.34,6,497
365,BRUCE SCHWARZ,Japan,Okinawa,2005-07-29,2005-08-04,6,22.94,27.58,6,497
413,MARVIN YEE,India,Berhampore (Baharampur),2005-08-19,2005-08-25,6,22.94,38.4,6,497
456,RONNIE RICKETTS,Senegal,Ziguinchor,2005-06-16,2005-06-22,6,22.94,86.24,6,497
469,WESLEY BULL,Spain,Ourense (Orense),2005-07-09,2005-07-15,6,22.94,21.55,6,497
500,REGINALD KINDER,Indonesia,Madiun,2005-07-06,2005-07-12,6,22.94,26.52,6,497
43,CHRISTINE ROBERTS,French Polynesia,Faaa,2005-07-09,2005-07-15,6,22.94,69.03,6,498
86,JACQUELINE LONG,Thailand,Songkhla,2005-08-20,2005-08-26,6,22.94,11.12,6,498
125,ETHEL WEBB,South Africa,Boksburg,2005-07-31,2005-08-06,6,22.94,12.1,6,498
131,MONICA HICKS,Ukraine,Mukateve,2005-07-06,2005-07-12,6,22.94,45.94,6,498
146,JAMIE RICE,United States,Sterling Heights,2005-07-27,2005-08-02,6,22.94,21.54,6,498
147,JOANNE ROBERTSON,Japan,Urawa,2005-07-27,2005-08-02,6,22.94,26.56,6,498
155,GAIL KNIGHT,Switzerland,Bern,2005-08-17,2005-08-23,6,22.94,25.55,6,498
170,BEATRICE ARNOLD,India,Udaipur,2005-07-07,2005-07-13,6,22.94,34.48,6,498
196,ALMA AUSTIN,Germany,Mannheim,2005-06-16,2005-06-22,6,22.94,21.55,6,498
211,STACEY MONTGOMERY,China,Fuyu,2005-07-10,2005-07-16,6,22.94,17.24,6,498
229,TAMARA NGUYEN,Brazil,Anpolis,2005-08-19,2005-08-25,6,22.94,27.59,6,498
239,MINNIE ROMERO,Indonesia,Ciomas,2005-08-18,2005-08-24,6,22.94,17.25,6,498
241,HEIDI LARSON,China,Xiangfan,2005-08-21,2005-08-27,6,22.94,15.0,6,498
275,CAROLE BARNETT,United States,Peoria,2005-07-27,2005-08-02,6,22.94,36.32,6,498
277,OLGA JIMENEZ,Nigeria,Ogbomosho,2005-07-27,2005-08-02,6,22.94,20.91,6,498
295,DAISY BATES,Russian Federation,Kolpino,2005-07-09,2005-07-15,6,22.94,14.08,6,498
299,JAMES GANNON,Japan,Hiroshima,2005-06-19,2005-06-25,6,22.94,28.71,6,498
299,JAMES GANNON,Japan,Hiroshima,2005-07-07,2005-07-13,6,22.94,20.91,6,498
302,MICHAEL SILVERMAN,China,Tiefa,2005-07-08,2005-07-14,6,22.94,230.17,6,498
312,MARK RINEHART,Saudi Arabia,Tabuk,2005-08-18,2005-08-24,6,22.94,18.15,6,498
317,EDWARD BAUGH,Faroe Islands,Trshavn,2005-08-20,2005-08-26,6,22.94,13.01,6,498
351,JACK FOUST,Russian Federation,Zeleznogorsk,2005-07-28,2005-08-03,6,22.94,21.57,6,498
360,RALPH MADRIGAL,Puerto Rico,Arecibo,2005-07-30,2005-08-05,6,22.94,12.1,6,498
367,ADAM GOOCH,India,Adoni,2005-07-10,2005-07-16,6,22.94,68.96,6,498
370,WAYNE TRUONG,India,Gulbarga,2005-08-19,2005-08-25,6,22.94,21.57,6,498
379,CARLOS COUGHLIN,India,Bhavnagar,2005-08-21,2005-08-27,6,22.94,19.71,6,498
386,TODD TAN,Ukraine,Kamjanets-Podilskyi,2005-08-17,2005-08-23,6,22.94,23.0,6,498
417,TRAVIS ESTEP,Saudi Arabia,al-Qatif,2005-07-30,2005-08-05,6,22.94,22.98,6,498
425,FRANCIS SIKES,Mexico,San Juan Bautista Tuxtepec,2005-08-19,2005-08-25,6,22.94,53.23,6,498
431,JOEL FRANCISCO,Bolivia,Sucre,2005-08-17,2005-08-23,6,22.94,29.99,6,498
439,ALEXANDER FENNELL,Italy,Bergamo,2005-07-08,2005-07-14,6,22.94,22.99,6,498
468,TIM CARY,India,Bijapur,2005-07-07,2005-07-13,6,22.94,20.91,6,498
524,JARED ELY,Indonesia,Purwakarta,2005-08-20,2005-08-26,6,22.94,32.82,6,498
561,IAN STILL,United States,Garland,2005-06-17,2005-06-23,6,22.94,32.85,6,498
562,WALLACE SLONE,Nigeria,Sokoto,2005-08-19,2005-08-25,6,22.94,23.79,6,498
574,JULIAN VEST,Japan,Akishima,2005-08-17,2005-08-23,6,22.94,22.99,6,498
589,TRACY HERRMANN,Ecuador,Loja,2005-08-20,2005-08-26,6,22.94,13.26,6,498
596,ENRIQUE FORSYTHE,Greece,Patras,2005-08-19,2005-08-25,6,22.94,24.65,6,498
597,FREDDIE DUGGAN,Peru,Sullana,2005-07-31,2005-08-06,6,22.94,31.37,6,498
122,THELMA MURRAY,Peru,Lima,2005-07-07,2005-07-13,6,22.94,20.29,6,499
290,KRISTINA CHAMBERS,Venezuela,Valle de la Pascua,2005-07-29,2005-08-04,6,22.94,20.3,6,499
354,JUSTIN NGO,Brazil,Santo Andr,2005-07-08,2005-07-14,6,22.94,26.54,6,499
437,RANDALL NEUMANN,Dominican Republic,La Romana,2005-07-28,2005-08-03,6,22.94,25.55,6,499
546,KELLY KNOTT,China,Sanya,2005-07-08,2005-07-14,6,22.94,38.34,6,499
546,KELLY KNOTT,China,Sanya,2005-07-29,2005-08-04,6,22.94,24.64,5,499
584,SALVADOR TEEL,Gambia,Banjul,2005-08-19,2005-08-25,6,22.94,10.14,6,499
336,JOSHUA MARK,India,Rampur,2005-06-18,2005-06-24,7,22.93,230.07,7,500
364,BENJAMIN VARNEY,Mexico,Guadalajara,2005-08-18,2005-08-24,7,22.93,34.48,7,500
371,BILLY POULIN,Philippines,Cabuyao,2005-07-07,2005-07-13,7,22.93,28.75,7,500
500,REGINALD KINDER,Indonesia,Madiun,2005-08-18,2005-08-24,7,22.93,27.59,7,500
559,EVERETT BANDA,Egypt,Bilbays,2005-07-30,2005-08-05,7,22.93,19.7,7,500
580,ROSS GREY,Philippines,Iligan,2005-07-06,2005-07-12,7,22.93,694.85,7,500
23,SARAH LEWIS,Latvia,Liepaja,2005-08-16,2005-08-22,7,22.93,16.41,7,501
28,CYNTHIA YOUNG,India,Munger (Monghyr),2005-08-18,2005-08-24,7,22.93,14.36,7,501
30,MELISSA KING,Taiwan,Lungtan,2005-08-19,2005-08-25,7,22.93,14.37,7,501
36,KATHLEEN ADAMS,Iran,Arak,2005-07-30,2005-08-05,7,22.93,21.56,7,501
101,PEGGY MYERS,Saudi Arabia,Abha,2005-08-17,2005-08-23,7,22.93,17.68,7,501
111,CARMEN OWENS,Venezuela,Caracas,2005-07-29,2005-08-04,7,22.93,27.58,7,501
320,ANTHONY SCHWAB,American Samoa,Tafuna,2005-07-28,2005-08-03,7,22.93,38.32,7,501
324,GARY COY,China,Yuzhou,2005-07-06,2005-07-12,7,22.93,172.84,7,501
353,JONATHAN SCARBOROUGH,Mexico,Pachuca de Soto,2005-08-17,2005-08-23,7,22.93,53.08,7,501
359,WILLIE MARKHAM,Argentina,Almirante Brown,2005-08-18,2005-08-24,7,22.93,29.99,7,501
397,JIMMY SCHRADER,Russian Federation,Atinsk,2005-07-28,2005-08-03,7,22.93,19.16,7,501
406,NATHAN RUNYON,"Virgin Islands, U.S.",Charlotte Amalie,2005-07-30,2005-08-05,7,22.93,14.37,7,501
422,MELVIN ELLINGTON,China,Laohekou,2005-08-20,2005-08-26,7,22.93,15.32,7,501
450,JAY ROBB,Indonesia,Surakarta,2005-06-16,2005-06-22,7,22.93,172.41,7,501
451,JIM REA,Mexico,El Fuerte,2005-06-15,2005-06-21,7,22.93,98.69,7,501
452,TOM MILNER,United Arab Emirates,Abu Dhabi,2005-06-15,2005-06-21,7,22.93,86.31,7,501
502,BRETT CORNWELL,India,Siliguri (Shiliguri),2005-07-31,2005-08-06,7,22.93,9.99,7,501
392,SEAN DOUGLASS,Ethiopia,Addis Abeba,2005-07-28,2005-08-03,7,22.93,98.69,7,502
152,ALICIA MILLS,India,Nagaon,2005-08-18,2005-08-24,8,22.92,32.81,8,503
270,LEAH CURTIS,Poland,Kalisz,2005-08-17,2005-08-23,8,22.92,20.88,8,503
401,TONY CARRANZA,Japan,Koriyama,2005-08-18,2005-08-24,8,22.92,23.77,8,503
407,DALE RATCLIFF,South Africa,Rustenburg,2005-08-17,2005-08-23,8,22.92,11.29,8,503
499,MARC OUTLAW,Italy,Brindisi,2005-07-28,2005-08-03,8,22.92,27.57,8,503
593,RENE MCALISTER,United States,Garden Grove,2005-07-06,2005-07-12,8,22.92,32.81,8,503
186,HOLLY FOX,India,Haldia,2005-07-28,2005-08-03,8,22.92,137.8,8,504
75,TAMMY SANDERS,Taiwan,Changhwa,2005-07-07,2005-07-13,9,22.91,22.21,9,505
91,LOIS BUTLER,Brunei,Bandar Seri Begawan,2005-07-27,2005-08-02,9,22.91,18.14,9,506
381,BOBBY BOUDREAU,Anguilla,South Hill,2005-07-27,2005-08-02,9,22.91,40.6,9,506
435,RICKY SHELBY,China,Junan,2005-08-17,2005-08-23,9,22.91,20.26,9,506
38,MARTHA GONZALEZ,Moldova,Chisinau,2005-07-31,2005-08-06,5,21.95,11.38,5,507
46,CATHERINE CAMPBELL,Russian Federation,Moscow,2005-07-31,2005-08-06,5,21.95,24.44,5,507
47,FRANCES PARKER,Brazil,Juazeiro do Norte,2005-07-07,2005-07-13,5,21.95,28.68,5,507
55,DORIS REED,Russian Federation,Balaiha,2005-08-19,2005-08-25,5,21.95,21.29,5,507
74,DENISE KELLY,Brazil,Rio Claro,2005-07-10,2005-07-16,5,21.95,38.85,5,507
79,RACHEL BARNES,Japan,Kamakura,2005-07-08,2005-07-14,5,21.95,38.85,5,507
80,MARILYN ROSS,Nigeria,Ife,2005-08-20,2005-08-26,5,21.95,13.47,5,507
84,SARA PERRY,Mexico,Atlixco,2005-08-18,2005-08-24,5,21.95,12.69,5,507
98,LILLIAN GRIFFIN,United Arab Emirates,al-Ayn,2005-06-16,2005-06-22,5,21.95,82.52,5,507
106,CONNIE WALLACE,Russian Federation,Ivanovo,2005-08-18,2005-08-24,5,21.95,13.75,5,507
111,CARMEN OWENS,Venezuela,Caracas,2005-07-05,2005-07-11,5,21.95,28.71,5,507
140,EVA RAMOS,United States,Clarksville,2005-07-27,2005-08-02,5,21.95,34.73,5,507
146,JAMIE RICE,United States,Sterling Heights,2005-07-29,2005-08-04,5,21.95,19.99,5,507
147,JOANNE ROBERTSON,Japan,Urawa,2005-07-28,2005-08-03,5,21.95,24.48,5,507
154,MICHELE GRANT,China,Yuncheng,2005-08-21,2005-08-27,5,21.95,12.69,5,507
165,LORRAINE STEPHENS,China,Hami,2005-07-29,2005-08-04,5,21.95,18.34,5,507
176,JUNE CARROLL,Algeria,Skikda,2005-06-18,2005-06-24,5,21.95,15.34,5,507
196,ALMA AUSTIN,Germany,Mannheim,2005-06-19,2005-06-25,5,21.95,20.0,5,507
199,BETH FRANKLIN,Vietnam,Haiphong,2005-07-09,2005-07-15,5,21.95,31.43,5,507
214,KRISTIN JOHNSTON,United States,Sunnyvale,2005-07-29,2005-08-04,5,21.95,21.29,5,507
219,WILLIE HOWELL,Argentina,Vicente Lpez,2005-08-20,2005-08-26,5,21.95,21.3,5,507
226,MAUREEN LITTLE,Paraguay,Asuncin,2005-08-22,2005-08-28,5,21.95,20.64,5,507
233,LILLIE KIM,Egypt,Idfu,2005-07-08,2005-07-14,5,21.95,28.71,5,507
236,MARCIA DEAN,Philippines,Tanza,2005-06-18,2005-06-24,5,21.95,26.4,5,507
242,GLENDA FRAZIER,China,Qinhuangdao,2005-08-01,2005-08-07,5,21.95,16.92,5,507
243,LYDIA BURKE,Argentina,San Miguel de Tucumn,2005-07-29,2005-08-04,5,21.95,27.53,5,507
246,MARIAN MENDOZA,Brazil,Maring,2005-07-07,2005-07-13,5,21.95,50.85,5,507
259,LENA JENSEN,India,Halisahar,2005-08-22,2005-08-28,5,21.95,7.17,4,507
269,CASSANDRA WALTERS,United States,Salinas,2005-07-08,2005-07-14,5,21.95,27.48,5,507
287,BECKY MILES,India,Tambaram,2005-07-31,2005-08-06,5,21.95,20.64,5,507
289,VIOLET RODRIQUEZ,Hong Kong,Kowloon and New Kowloon,2005-07-27,2005-08-02,5,21.95,18.33,5,507
296,RAMONA HALE,India,Patiala,2005-07-08,2005-07-14,5,21.95,36.69,5,507
296,RAMONA HALE,India,Patiala,2005-07-27,2005-08-02,5,21.95,20.0,5,507
299,JAMES GANNON,Japan,Hiroshima,2005-08-19,2005-08-25,5,21.95,16.92,5,507
330,SCOTT SHELLEY,United States,Aurora,2005-06-15,2005-06-21,5,21.95,54.97,5,507
334,RAYMOND MCWHORTER,Azerbaijan,Sumqayit,2005-08-01,2005-08-07,5,21.95,12.22,5,507
340,PATRICK NEWSOM,Vietnam,Hanoi,2005-08-21,2005-08-27,5,21.95,12.46,5,507
342,HAROLD MARTINO,Brazil,Boa Vista,2005-08-21,2005-08-27,5,21.95,9.71,5,507
347,RYAN SALISBURY,Latvia,Daugavpils,2005-08-19,2005-08-25,5,21.95,10.31,5,507
355,TERRY GRISSOM,Japan,Matsue,2005-07-10,2005-07-16,5,21.95,30.0,5,507
370,WAYNE TRUONG,India,Gulbarga,2005-08-21,2005-08-27,5,21.95,20.02,5,507
377,HOWARD FORTNER,Iran,Kermanshah,2005-07-31,2005-08-06,5,21.95,18.34,5,507
405,LEONARD SCHOFIELD,Argentina,Tandil,2005-06-17,2005-06-23,5,21.95,50.77,5,507
425,FRANCIS SIKES,Mexico,San Juan Bautista Tuxtepec,2005-08-20,2005-08-26,5,21.95,47.31,5,507
434,EDDIE TOMLIN,Philippines,Ozamis,2005-06-18,2005-06-24,5,21.95,50.77,5,507
437,RANDALL NEUMANN,Dominican Republic,La Romana,2005-07-08,2005-07-14,5,21.95,38.83,5,507
441,MARIO CHEATHAM,Algeria,Batna,2005-08-20,2005-08-26,5,21.95,14.67,5,507
442,LEROY BUSTAMANTE,China,Tongliao,2005-07-30,2005-08-05,5,21.95,14.05,5,507
456,RONNIE RICKETTS,Senegal,Ziguinchor,2005-06-17,2005-06-23,5,21.95,73.41,5,507
471,DEAN SAUER,South Africa,Johannesburg,2005-07-06,2005-07-12,5,21.95,31.43,5,507
489,RICARDO MEADOR,Japan,Okayama,2005-08-21,2005-08-27,5,21.95,14.66,5,507
531,JAMIE WAUGH,Japan,Kuwana,2005-07-10,2005-07-16,5,21.95,73.33,5,507
540,TYRONE ASHER,Bulgaria,Ruse,2005-07-11,2005-07-17,5,21.95,22.76,5,507
543,LANCE PEMBERTON,Morocco,Beni-Mellal,2005-06-16,2005-06-22,5,21.95,73.33,5,507
547,KURT EMMONS,Japan,Kanazawa,2005-08-18,2005-08-24,5,21.95,18.34,5,507
560,JORDAN ARCHULETA,Argentina,Avellaneda,2005-07-07,2005-07-13,5,21.95,55.01,5,507
561,IAN STILL,United States,Garland,2005-07-31,2005-08-06,5,21.95,30.01,5,507
572,SIDNEY BURLESON,Poland,Czestochowa,2005-08-17,2005-08-23,5,21.95,13.75,5,507
29,ANGELA HERNANDEZ,Japan,Shimonoseki,2005-07-07,2005-07-13,5,21.95,30.03,5,508
77,JANE BENNETT,Brazil,Araatuba,2005-06-16,2005-06-22,5,21.95,44.05,5,508
328,JEFFREY SPEAR,Indonesia,Ciparay,2005-06-16,2005-06-22,5,21.95,220.23,5,508
371,BILLY POULIN,Philippines,Cabuyao,2005-05-26,2005-06-01,5,21.95,165.04,5,508
436,TROY QUIGLEY,Canada,Vancouver,2005-07-30,2005-08-05,5,21.95,18.34,5,508
533,JESSIE MILAM,China,Binzhou,2005-08-18,2005-08-24,5,21.95,10.82,5,508
541,DARREN WINDHAM,Italy,Livorno,2005-07-28,2005-08-03,5,21.95,34.73,5,508
273,PRISCILLA LOWE,Mexico,Salamanca,2005-06-15,2005-06-21,5,21.95,132.23,5,509
394,CHRIS BROTHERS,Spain,Gijn,2005-08-17,2005-08-23,5,21.95,50.89,5,509
10,DOROTHY TAYLOR,Iran,Esfahan,2005-07-07,2005-07-13,6,21.94,33.01,6,510
82,KATHRYN COLEMAN,Ukraine,Simferopol,2005-08-18,2005-08-24,6,21.94,14.03,6,510
103,GLADYS HAMILTON,Nigeria,Ilorin,2005-07-26,2005-08-01,6,21.94,14.03,6,510
135,JUANITA MASON,India,Pune,2005-08-17,2005-08-23,6,21.94,13.2,6,510
216,NATALIE MEYER,Brazil,Aparecida de Goinia,2005-08-19,2005-08-25,6,21.94,22.74,6,510
376,RANDY GAITHER,Russian Federation,Kurgan,2005-07-31,2005-08-06,6,21.94,10.81,6,510
386,TODD TAN,Ukraine,Kamjanets-Podilskyi,2005-07-31,2005-08-06,6,21.94,13.74,6,510
391,CLARENCE GAMEZ,Japan,Izumisano,2005-07-08,2005-07-14,6,21.94,38.85,6,510
399,DANNY ISOM,Pakistan,Okara,2005-07-08,2005-07-14,6,21.94,73.3,6,510
444,MARCUS HIDALGO,Estonia,Tartu,2005-07-06,2005-07-12,6,21.94,25.37,6,510
458,LLOYD DOWD,Indonesia,Tegal,2005-08-18,2005-08-24,6,21.94,60.05,6,510
463,DARRELL POWER,Canada,Halifax,2005-07-29,2005-08-04,6,21.94,38.88,6,510
495,CHARLIE BESS,China,Baiyin,2005-08-18,2005-08-24,6,21.94,13.46,6,510
574,JULIAN VEST,Japan,Akishima,2005-07-08,2005-07-14,6,21.94,19.4,6,510
581,VIRGIL WOFFORD,Mexico,Jos Azueta,2005-08-20,2005-08-26,6,21.94,30.0,6,510
594,EDUARDO HIATT,China,Jining,2005-07-05,2005-07-11,6,21.94,27.49,6,510
4,BARBARA JONES,Myanmar,Myingyan,2005-08-19,2005-08-25,6,21.94,15.34,6,511
8,SUSAN WILSON,New Zealand,Hamilton,2005-07-29,2005-08-04,6,21.94,22.01,6,511
23,SARAH LEWIS,Latvia,Liepaja,2005-07-06,2005-07-12,6,21.94,38.83,6,511
30,MELISSA KING,Taiwan,Lungtan,2005-08-20,2005-08-26,6,21.94,13.47,6,511
33,ANNA HILL,Italy,Alessandria,2005-08-20,2005-08-26,6,21.94,19.99,6,511
35,VIRGINIA GREEN,France,Toulouse,2005-08-17,2005-08-23,6,21.94,17.35,6,511
66,JANICE WARD,Sweden,Malm,2005-07-27,2005-08-02,6,21.94,13.46,6,511
73,BEVERLY BROOKS,Taiwan,Chiayi,2005-07-30,2005-08-05,6,21.94,16.09,6,511
107,FLORENCE WOODS,Argentina,Merlo,2005-06-19,2005-06-25,6,21.94,43.97,6,511
107,FLORENCE WOODS,Argentina,Merlo,2005-07-09,2005-07-15,6,21.94,20.62,6,511
109,EDNA WEST,South Africa,Klerksdorp,2005-05-27,2005-06-02,6,21.94,109.88,6,511
111,CARMEN OWENS,Venezuela,Caracas,2005-07-31,2005-08-06,6,21.94,25.38,6,511
130,CHARLOTTE HUNTER,Brazil,guas Lindas de Gois,2005-06-16,2005-06-22,6,21.94,110.07,6,511
130,CHARLOTTE HUNTER,Brazil,guas Lindas de Gois,2005-07-28,2005-08-03,6,21.94,34.72,6,511
135,JUANITA MASON,India,Pune,2005-07-07,2005-07-13,6,21.94,110.25,6,511
137,RHONDA KENNEDY,Netherlands,Apeldoorn,2005-07-08,2005-07-14,6,21.94,14.65,6,511
138,HAZEL WARREN,China,Hohhot,2005-08-01,2005-08-07,6,21.94,13.76,6,511
158,VERONICA STONE,United States,Greensboro,2005-08-20,2005-08-26,6,21.94,14.36,6,511
165,LORRAINE STEPHENS,China,Hami,2005-07-07,2005-07-13,6,21.94,36.65,6,511
204,ROSEMARY SCHMIDT,Turkey,Usak,2005-07-10,2005-07-16,6,21.94,16.92,6,511
217,AGNES BISHOP,India,Sambhal,2005-08-17,2005-08-23,6,21.94,17.36,6,511
218,VERA MCCOY,Afghanistan,Kabul,2005-08-18,2005-08-24,6,21.94,20.61,6,511
229,TAMARA NGUYEN,Brazil,Anpolis,2005-07-08,2005-07-14,6,21.94,28.69,6,511
239,MINNIE ROMERO,Indonesia,Ciomas,2005-07-06,2005-07-12,6,21.94,27.48,6,511
251,VICKIE BREWER,Germany,Halle/Saale,2005-08-19,2005-08-25,6,21.94,18.85,6,511
323,MATTHEW MAHAN,Mexico,Cuautla,2005-08-18,2005-08-24,6,21.94,13.2,6,511
334,RAYMOND MCWHORTER,Azerbaijan,Sumqayit,2005-08-20,2005-08-26,6,21.94,14.34,6,511
338,DENNIS GILMAN,South Africa,Paarl,2005-07-27,2005-08-02,6,21.94,23.57,6,511
374,JEREMY HURTADO,Brazil,Vitria de Santo Anto,2005-07-06,2005-07-12,6,21.94,55.03,6,511
411,NORMAN CURRIER,Indonesia,Cianjur,2005-08-20,2005-08-26,6,21.94,25.4,6,511
441,MARIO CHEATHAM,Algeria,Batna,2005-07-07,2005-07-13,6,21.94,47.15,6,511
446,THEODORE CULP,India,Uluberia,2005-07-09,2005-07-15,6,21.94,25.38,6,511
451,JIM REA,Mexico,El Fuerte,2005-06-17,2005-06-23,6,21.94,82.69,6,511
469,WESLEY BULL,Spain,Ourense (Orense),2005-07-31,2005-08-06,6,21.94,8.68,6,511
498,GENE SANBORN,Oman,Salala,2005-07-28,2005-08-03,6,21.94,17.37,6,511
521,ROLAND SOUTH,China,Yingkou,2005-08-20,2005-08-26,6,21.94,20.62,6,511
550,GUY BROWNLEE,China,Zhoushan,2005-07-30,2005-08-05,6,21.94,24.44,6,511
559,EVERETT BANDA,Egypt,Bilbays,2005-07-31,2005-08-06,6,21.94,18.33,6,511
576,MORRIS MCCARTER,Taiwan,Fengshan,2005-08-18,2005-08-24,6,21.94,13.46,6,511
578,WILLARD LUMPKIN,Mexico,Carmen,2005-07-08,2005-07-14,6,21.94,43.97,6,511
588,MARION OCAMPO,China,Weifang,2005-08-19,2005-08-25,6,21.94,18.33,6,511
68,NICOLE PETERSON,India,Shivapuri,2005-08-18,2005-08-24,6,21.94,27.48,6,512
319,RONALD WEINER,Mexico,San Felipe del Progreso,2005-06-16,2005-06-22,6,21.94,38.79,6,512
342,HAROLD MARTINO,Brazil,Boa Vista,2005-07-31,2005-08-06,7,21.93,19.98,7,513
407,DALE RATCLIFF,South Africa,Rustenburg,2005-08-18,2005-08-24,7,21.93,10.63,7,513
29,ANGELA HERNANDEZ,Japan,Shimonoseki,2005-06-19,2005-06-25,7,21.93,330.6,7,514
52,JULIE SANCHEZ,Spain,A Corua (La Corua),2005-07-29,2005-08-04,7,21.93,21.99,7,514
63,ASHLEY RICHARDSON,United States,Lincoln,2005-07-30,2005-08-05,7,21.93,13.18,7,514
89,JULIA FLORES,Argentina,La Plata,2005-07-30,2005-08-05,7,21.93,11.77,7,514
113,CINDY FISHER,Venezuela,Cuman,2005-07-07,2005-07-13,7,21.93,19.39,7,514
145,LUCILLE HOLMES,South Africa,Soshanguve,2005-07-27,2005-08-02,7,21.93,16.91,7,514
156,BERTHA FERGUSON,Nigeria,Ondo,2005-08-20,2005-08-26,7,21.93,20.6,7,514
230,JOY GEORGE,Romania,Botosani,2005-07-08,2005-07-14,7,21.93,31.42,7,514
332,STEPHEN QUALLS,Bangladesh,Dhaka,2005-07-30,2005-08-05,7,21.93,10.14,7,514
361,LAWRENCE LAWTON,Cameroon,Yaound,2005-08-18,2005-08-24,7,21.93,16.92,7,514
430,RAY HOULE,Russian Federation,Dzerzinsk,2005-08-18,2005-08-24,7,21.93,82.44,7,514
466,LEO EBERT,China,Dongying,2005-07-27,2005-08-02,7,21.93,50.72,7,514
474,DUSTIN GILLETTE,Netherlands,Emmen,2005-07-08,2005-07-14,7,21.93,27.46,7,514
481,HERMAN DEVORE,Tanzania,Mwanza,2005-07-06,2005-07-12,7,21.93,47.13,7,515
541,DARREN WINDHAM,Italy,Livorno,2005-08-20,2005-08-26,7,21.93,14.65,7,515
1,MARY SMITH,Japan,Sasebo,2005-08-17,2005-08-23,8,21.92,21.28,8,516
207,GERTRUDE CASTILLO,Greenland,Nuuk,2005-07-08,2005-07-14,8,21.92,32.95,8,516
326,JOSE ANDREW,Saint Vincent and the Grenadines,Kingstown,2005-07-31,2005-08-06,8,21.92,16.48,8,516
91,LOIS BUTLER,Brunei,Bandar Seri Begawan,2005-07-28,2005-08-03,8,21.92,16.91,8,517
215,JESSIE BANKS,Bulgaria,Stara Zagora,2005-08-18,2005-08-24,9,21.91,47.12,9,518
383,MARTIN BALES,Angola,Namibe,2005-07-27,2005-08-02,9,21.91,38.76,9,518
297,SHERRI RHODES,India,Ahmadnagar,2005-07-27,2005-08-02,9,21.91,19.37,9,519
15,HELEN HARRIS,India,Bhopal,2005-08-21,2005-08-27,5,20.95,7.87,5,520
32,AMY LOPEZ,India,Jhansi,2005-07-09,2005-07-15,5,20.95,24.25,5,520
39,DEBRA NELSON,Brazil,Vila Velha,2005-06-17,2005-06-23,5,20.95,104.92,5,520
41,STEPHANIE MITCHELL,Armenia,Yerevan,2005-08-18,2005-08-24,5,20.95,10.33,5,520
42,CAROLYN PEREZ,Thailand,Pak Kret,2005-07-09,2005-07-15,5,20.95,39.4,5,520
44,MARIE TURNER,Russian Federation,Lipetsk,2005-07-27,2005-08-02,5,20.95,17.49,5,520
81,ANDREA HENDERSON,Madagascar,Mahajanga,2005-08-22,2005-08-28,5,20.95,14.0,5,520
109,EDNA WEST,South Africa,Klerksdorp,2005-05-28,2005-06-03,5,20.95,90.04,5,520
111,CARMEN OWENS,Venezuela,Caracas,2005-08-18,2005-08-24,5,20.95,27.41,5,520
123,SHANNON FREEMAN,India,Varanasi (Benares),2005-08-20,2005-08-26,5,20.95,12.86,5,520
130,CHARLOTTE HUNTER,Brazil,guas Lindas de Gois,2005-07-30,2005-08-05,5,20.95,31.5,5,520
135,JUANITA MASON,India,Pune,2005-07-09,2005-07-15,5,20.95,90.3,5,520
150,DANIELLE DANIELS,Mexico,Hidalgo,2005-08-20,2005-08-26,5,20.95,11.25,5,520
155,GAIL KNIGHT,Switzerland,Bern,2005-07-09,2005-07-15,5,20.95,22.49,5,520
172,BERNICE WILLIS,Turkey,Batman,2005-07-30,2005-08-05,5,20.95,11.45,5,520
172,BERNICE WILLIS,Turkey,Batman,2005-08-20,2005-08-26,5,20.95,8.29,5,520
182,RENEE LANE,United States,Compton,2005-07-27,2005-08-02,5,20.95,26.28,5,520
188,MELANIE ARMSTRONG,Philippines,Bayugan,2005-07-06,2005-07-12,5,20.95,45.02,5,520
193,KATIE ELLIOTT,Kenya,Kisumu,2005-07-29,2005-08-04,5,20.95,62.98,5,520
216,NATALIE MEYER,Brazil,Aparecida de Goinia,2005-08-21,2005-08-27,5,20.95,21.0,5,520
219,WILLIE HOWELL,Argentina,Vicente Lpez,2005-07-29,2005-08-04,5,20.95,13.4,5,520
220,CHARLENE ALVAREZ,Tanzania,Zanzibar,2005-08-19,2005-08-25,5,20.95,9.26,5,520
227,COLLEEN BURTON,Germany,Saarbrcken,2005-07-06,2005-07-12,5,20.95,48.5,5,520
228,ALLISON STANLEY,Cambodia,Phnom Penh,2005-07-26,2005-08-01,5,20.95,16.16,5,520
231,GEORGIA JACOBS,India,Uttarpara-Kotrung,2005-07-29,2005-08-04,5,20.95,23.35,5,520
235,JACKIE LYNCH,Colombia,Buenaventura,2005-07-08,2005-07-14,5,20.95,30.0,5,520
247,STELLA MORENO,Mexico,Coacalco de Berriozbal,2005-07-28,2005-08-03,5,20.95,22.49,5,520
273,PRISCILLA LOWE,Mexico,Salamanca,2005-08-21,2005-08-27,5,20.95,10.16,5,520
297,SHERRI RHODES,India,Ahmadnagar,2005-08-20,2005-08-26,5,20.95,14.01,5,520
304,DAVID ROYAL,Peru,Callao,2005-08-18,2005-08-24,5,20.95,26.25,5,520
306,CHARLES KOWALSKI,Malaysia,Sungai Petani,2005-07-06,2005-07-12,5,20.95,78.76,5,520
322,JASON MORRISSEY,Argentina,Baha Blanca,2005-07-30,2005-08-05,5,20.95,20.33,5,520
328,JEFFREY SPEAR,Indonesia,Ciparay,2005-07-29,2005-08-04,5,20.95,90.04,5,520
339,WALTER PERRYMAN,China,Xinxiang,2005-07-30,2005-08-05,5,20.95,15.37,5,520
352,ALBERT CROUSE,Cameroon,Bamenda,2005-06-15,2005-06-21,5,20.95,210.2,5,520
369,FRED WHEAT,Mexico,Jurez,2005-07-06,2005-07-12,5,20.95,78.76,5,520
373,LOUIS LEONE,Philippines,Tanauan,2005-08-19,2005-08-25,5,20.95,6.43,5,520
389,ALAN KAHN,China,Emeishan,2005-07-30,2005-08-05,5,20.95,13.69,5,520
397,JIMMY SCHRADER,Russian Federation,Atinsk,2005-07-10,2005-07-16,5,20.95,31.5,5,520
399,DANNY ISOM,Pakistan,Okara,2005-07-09,2005-07-15,5,20.95,63.04,5,520
401,TONY CARRANZA,Japan,Koriyama,2005-07-29,2005-08-04,5,20.95,39.4,5,520
415,GLENN PULLEN,Netherlands,Amersfoort,2005-07-08,2005-07-14,5,20.95,78.76,5,520
428,HERBERT KRUGER,Russian Federation,Syktyvkar,2005-07-06,2005-07-12,5,20.95,42.04,5,520
432,EDWIN BURK,South Africa,Newcastle,2005-07-28,2005-08-03,5,20.95,17.49,5,520
458,LLOYD DOWD,Indonesia,Tegal,2005-07-10,2005-07-16,5,20.95,48.5,5,520
458,LLOYD DOWD,Indonesia,Tegal,2005-08-19,2005-08-25,5,20.95,52.59,5,520
471,DEAN SAUER,South Africa,Johannesburg,2005-06-15,2005-06-21,5,20.95,210.2,5,520
480,COREY HAUSER,Turkey,Gaziantep,2005-07-30,2005-08-05,5,20.95,19.68,5,520
484,ROBERTO VU,China,Yinchuan,2005-08-19,2005-08-25,5,20.95,12.6,5,520
485,CLYDE TOBIAS,China,Shaoguan,2005-08-17,2005-08-23,5,20.95,14.65,5,520
490,SAM MCDUFFIE,Colombia,Sogamoso,2005-08-17,2005-08-23,5,20.95,22.49,5,520
493,BRENT HARKINS,Turkey,Sultanbeyli,2005-08-21,2005-08-27,5,20.95,14.31,5,520
500,REGINALD KINDER,Indonesia,Madiun,2005-07-29,2005-08-04,5,20.95,23.35,5,520
503,ANGEL BARCLAY,Japan,Ueda,2005-07-08,2005-07-14,5,20.95,39.38,5,520
507,EDGAR RHOADS,Turkey,Eskisehir,2005-07-28,2005-08-03,5,20.95,21.75,5,520
515,ANDRE RAPP,Chile,Coquimbo,2005-06-16,2005-06-22,5,20.95,29.97,5,520
515,ANDRE RAPP,Chile,Coquimbo,2005-08-19,2005-08-25,5,20.95,13.4,5,520
537,CLINTON BUFORD,United States,Aurora,2005-07-27,2005-08-02,5,20.95,31.54,5,520
555,DWIGHT LOMBARDI,South Africa,Chatsworth,2005-08-18,2005-08-24,5,20.95,12.85,5,520
571,JOHNNIE CHISHOLM,Poland,Plock,2005-07-30,2005-08-05,5,20.95,14.99,5,520
595,TERRENCE GUNDERSON,China,Jinzhou,2005-07-08,2005-07-14,5,20.95,22.49,5,520
598,WADE DELVALLE,Switzerland,Lausanne,2005-07-10,2005-07-16,5,20.95,30.0,5,520
12,NANCY THOMAS,India,Yamuna Nagar,2005-06-18,2005-06-24,5,20.95,39.36,5,521
55,DORIS REED,Russian Federation,Balaiha,2005-07-29,2005-08-04,5,20.95,34.97,5,521
57,EVELYN MORGAN,Liechtenstein,Vaduz,2005-06-17,2005-06-23,5,20.95,41.96,5,521
61,KATHERINE RIVERA,Switzerland,Basel,2005-08-17,2005-08-23,5,20.95,17.02,5,521
82,KATHRYN COLEMAN,Ukraine,Simferopol,2005-06-15,2005-06-21,5,20.95,52.46,5,521
84,SARA PERRY,Mexico,Atlixco,2005-08-01,2005-08-07,5,20.95,9.69,5,521
95,PAULA BRYANT,India,Pathankot,2005-07-30,2005-08-05,5,20.95,26.24,5,521
162,LAUREN HUDSON,France,Le Mans,2005-07-30,2005-08-05,5,20.95,48.46,5,521
165,LORRAINE STEPHENS,China,Hami,2005-07-08,2005-07-14,5,20.95,33.17,5,521
209,TONYA CHAPMAN,India,Bhilwara,2005-07-08,2005-07-14,5,20.95,17.99,5,521
216,NATALIE MEYER,Brazil,Aparecida de Goinia,2005-07-28,2005-08-03,5,20.95,34.97,5,521
240,MARLENE WELCH,Japan,Iwaki,2005-08-19,2005-08-25,5,20.95,10.85,5,521
254,MAXINE SILVA,Brazil,Poos de Caldas,2005-07-28,2005-08-03,5,20.95,15.37,5,521
258,MYRTLE FLEMING,Dominican Republic,Santiago de los Caballeros,2005-08-01,2005-08-07,5,20.95,14.0,5,521
468,TIM CARY,India,Bijapur,2005-06-16,2005-06-22,5,20.95,26.25,5,521
547,KURT EMMONS,Japan,Kanazawa,2005-07-06,2005-07-12,5,20.95,69.91,5,521
587,SERGIO STANFIELD,Mexico,Celaya,2005-08-18,2005-08-24,5,20.95,12.85,5,521
163,CATHY SPENCER,Japan,Kakamigahara,2005-07-07,2005-07-13,5,20.95,18.52,5,522
261,DEANNA BYRD,Philippines,Tuguegarao,2005-06-17,2005-06-23,5,20.95,31.5,5,522
528,CLAUDE HERZOG,Angola,Benguela,2005-07-29,2005-08-04,5,20.95,15.74,5,522
265,JENNIE TERRY,Czech Republic,Olomouc,2005-07-29,2005-08-04,6,20.94,10.85,6,523
287,BECKY MILES,India,Tambaram,2005-08-19,2005-08-25,6,20.94,15.74,6,523
357,KEITH RICO,Slovakia,Bratislava,2005-07-30,2005-08-05,6,20.94,16.15,6,523
362,NICHOLAS BARFIELD,Brazil,Belm,2005-07-29,2005-08-04,6,20.94,13.99,6,523
385,PHILLIP HOLM,Japan,Tama,2005-07-31,2005-08-06,6,20.94,17.02,6,523
434,EDDIE TOMLIN,Philippines,Ozamis,2005-07-27,2005-08-02,6,20.94,26.22,6,523
2,PATRICIA JOHNSON,United States,San Bernardino,2005-07-31,2005-08-06,6,20.94,8.62,6,524
9,MARGARET MOORE,Oman,Masqat,2005-07-28,2005-08-03,6,20.94,31.5,6,524
14,BETTY WHITE,United States,Citrus Heights,2005-08-17,2005-08-23,6,20.94,15.74,6,524
45,JANET PHILLIPS,Chile,Antofagasta,2005-07-08,2005-07-14,6,20.94,35.0,6,524
57,EVELYN MORGAN,Liechtenstein,Vaduz,2005-07-09,2005-07-15,6,20.94,20.31,6,524
63,ASHLEY RICHARDSON,United States,Lincoln,2005-07-31,2005-08-06,6,20.94,12.34,6,524
75,TAMMY SANDERS,Taiwan,Changhwa,2005-08-18,2005-08-24,6,20.94,9.54,6,524
88,BONNIE HUGHES,South Korea,Cheju,2005-07-06,2005-07-12,6,20.94,44.97,6,524
92,TINA SIMMONS,Brazil,Goinia,2005-08-17,2005-08-23,6,20.94,20.99,6,524
116,VICTORIA GIBSON,Indonesia,Pemalang,2005-06-15,2005-06-21,6,20.94,125.89,6,524
133,PAULINE HENRY,Mexico,Torren,2005-08-19,2005-08-25,6,20.94,28.66,6,524
136,ANITA MORALES,India,Hubli-Dharwad,2005-08-18,2005-08-24,6,20.94,34.96,6,524
138,HAZEL WARREN,China,Hohhot,2005-08-21,2005-08-27,6,20.94,10.33,6,524
158,VERONICA STONE,United States,Greensboro,2005-07-31,2005-08-06,6,20.94,15.36,6,524
168,REGINA BERRY,China,Jinchang,2005-07-08,2005-07-14,6,20.94,31.47,6,524
179,DANA HART,Russian Federation,Kirovo-Tepetsk,2005-07-30,2005-08-05,6,20.94,10.85,6,524
203,TARA RYAN,Indonesia,Gorontalo,2005-08-17,2005-08-23,6,20.94,16.14,6,524
225,ARLENE HARVEY,India,Ambattur,2005-07-09,2005-07-15,6,20.94,19.66,6,524
230,JOY GEORGE,Romania,Botosani,2005-06-15,2005-06-21,6,20.94,105.05,6,524
235,JACKIE LYNCH,Colombia,Buenaventura,2005-08-18,2005-08-24,6,20.94,23.33,6,524
239,MINNIE ROMERO,Indonesia,Ciomas,2005-07-29,2005-08-04,6,20.94,17.99,6,524
244,VIOLA HANSON,Philippines,Lapu-Lapu,2005-07-10,2005-07-16,6,20.94,22.48,6,524
260,CHRISTY VARGAS,China,Datong,2005-07-29,2005-08-04,6,20.94,25.2,6,524
298,ERIKA PENA,Finland,Oulu,2005-08-19,2005-08-25,6,20.94,15.74,6,524
308,THOMAS GRIGSBY,United States,Kansas City,2005-07-30,2005-08-05,6,20.94,39.34,6,524
312,MARK RINEHART,Saudi Arabia,Tabuk,2005-07-06,2005-07-12,6,20.94,126.14,6,524
331,ERIC ROBERT,Argentina,Santa F,2005-08-20,2005-08-26,6,20.94,19.08,6,524
332,STEPHEN QUALLS,Bangladesh,Dhaka,2005-08-17,2005-08-23,6,20.94,9.99,6,524
339,WALTER PERRYMAN,China,Xinxiang,2005-08-18,2005-08-24,6,20.94,14.99,6,524
340,PATRICK NEWSOM,Vietnam,Hanoi,2005-07-31,2005-08-06,6,20.94,22.5,6,524
359,WILLIE MARKHAM,Argentina,Almirante Brown,2005-08-19,2005-08-25,6,20.94,25.2,6,524
378,EUGENE CULPEPPER,China,Shenzhen,2005-07-28,2005-08-03,6,20.94,63.07,6,524
407,DALE RATCLIFF,South Africa,Rustenburg,2005-08-19,2005-08-25,6,20.94,9.99,6,524
416,JEFFERY PINSON,Pakistan,Dadu,2005-08-19,2005-08-25,6,20.94,10.15,6,524
430,RAY HOULE,Russian Federation,Dzerzinsk,2005-08-19,2005-08-25,6,20.94,70.03,6,524
446,THEODORE CULP,India,Uluberia,2005-06-18,2005-06-24,6,20.94,90.13,6,524
475,PEDRO CHESTNUT,Ukraine,ostka,2005-07-31,2005-08-06,6,20.94,10.15,6,524
481,HERMAN DEVORE,Tanzania,Mwanza,2005-07-08,2005-07-14,6,20.94,42.02,6,524
481,HERMAN DEVORE,Tanzania,Mwanza,2005-08-19,2005-08-25,6,20.94,11.88,6,524
523,HARVEY GUAJARDO,Vietnam,Vinh,2005-07-28,2005-08-03,6,20.94,27.37,6,524
530,DARRYL ASHCRAFT,Argentina,Ezeiza,2005-07-28,2005-08-03,6,20.94,31.5,6,524
553,MAX PITT,Yugoslavia,Novi Sad,2005-07-08,2005-07-14,6,20.94,11.44,6,524
554,DWAYNE OLVERA,India,Rajkot,2005-08-19,2005-08-25,6,20.94,17.48,6,524
573,BYRON BOX,Kazakstan,Zhezqazghan,2005-08-17,2005-08-23,6,20.94,17.99,6,524
582,ANDY VANHORN,Mexico,Huejutla de Reyes,2005-08-21,2005-08-27,6,20.94,8.99,6,524
27,SHIRLEY ALLEN,Philippines,Davao,2005-06-16,2005-06-22,6,20.94,48.43,6,525
541,DARREN WINDHAM,Italy,Livorno,2005-08-22,2005-08-28,6,20.94,13.69,6,525
104,RITA GRAHAM,France,Toulon,2005-08-18,2005-08-24,7,20.93,34.98,7,526
114,GRACE ELLIS,Germany,Duisburg,2005-07-05,2005-07-11,7,20.93,31.46,7,526
114,GRACE ELLIS,Germany,Duisburg,2005-07-06,2005-07-12,7,20.93,25.17,7,526
167,SALLY PIERCE,India,Chandrapur,2005-07-08,2005-07-14,7,20.93,29.96,7,526
198,ELSIE KELLEY,Nigeria,Ikerre,2005-07-28,2005-08-03,7,20.93,17.02,7,526
228,ALLISON STANLEY,Cambodia,Phnom Penh,2005-07-07,2005-07-13,7,20.93,19.67,7,526
369,FRED WHEAT,Mexico,Jurez,2005-07-31,2005-08-06,7,20.93,15.74,7,526
377,HOWARD FORTNER,Iran,Kermanshah,2005-08-18,2005-08-24,7,20.93,14.3,7,526
388,CRAIG MORRELL,Philippines,Cavite,2005-07-28,2005-08-03,7,20.93,41.97,7,526
520,MITCHELL WESTMORELAND,Vietnam,Nha Trang,2005-07-28,2005-08-03,7,20.93,13.98,7,526
579,DARYL LARUE,Iraq,Mosul,2005-08-18,2005-08-24,7,20.93,12.59,7,526
177,SAMANTHA DUNCAN,Mexico,Matamoros,2005-07-28,2005-08-03,8,20.92,34.94,8,527
451,JIM REA,Mexico,El Fuerte,2005-08-19,2005-08-25,8,20.92,14.63,8,527
498,GENE SANBORN,Oman,Salala,2005-07-06,2005-07-12,8,20.92,31.47,8,527
507,EDGAR RHOADS,Turkey,Eskisehir,2005-07-07,2005-07-13,8,20.92,27.35,8,527
129,CARRIE PORTER,China,Liaocheng,2005-07-06,2005-07-12,9,20.91,31.46,9,528
461,DEREK BLAKELY,Philippines,Gingoog,2005-07-28,2005-08-03,9,20.91,57.29,9,529
3,LINDA WILLIAMS,Greece,Athenai,2005-07-30,2005-08-05,5,19.95,10.9,5,530
4,BARBARA JONES,Myanmar,Myingyan,2005-07-29,2005-08-04,5,19.95,100.08,5,530
5,ELIZABETH BROWN,Taiwan,Nantou,2005-06-15,2005-06-21,5,19.95,60.03,5,530
5,ELIZABETH BROWN,Taiwan,Nantou,2005-07-31,2005-08-06,5,19.95,10.72,5,530
8,SUSAN WILSON,New Zealand,Hamilton,2005-07-31,2005-08-06,5,19.95,18.76,5,530
8,SUSAN WILSON,New Zealand,Hamilton,2005-08-18,2005-08-24,5,19.95,27.28,5,530
9,MARGARET MOORE,Oman,Masqat,2005-08-17,2005-08-23,5,19.95,28.58,5,530
10,DOROTHY TAYLOR,Iran,Esfahan,2005-08-17,2005-08-23,5,19.95,18.17,5,530
13,KAREN JACKSON,Turkey,Osmaniye,2005-07-31,2005-08-06,5,19.95,12.49,5,530
20,SHARON ROBINSON,Pakistan,Mardan,2005-07-07,2005-07-13,5,19.95,40.01,5,530
32,AMY LOPEZ,India,Jhansi,2005-07-28,2005-08-03,5,19.95,13.64,5,530
33,ANNA HILL,Italy,Alessandria,2005-07-30,2005-08-05,5,19.95,33.34,5,530
38,MARTHA GONZALEZ,Moldova,Chisinau,2005-07-08,2005-07-14,5,19.95,20.7,5,530
45,JANET PHILLIPS,Chile,Antofagasta,2005-07-09,2005-07-15,5,19.95,31.6,5,530
56,GLORIA COOK,French Polynesia,Papeete,2005-07-29,2005-08-04,5,19.95,16.21,5,530
94,NORMA GONZALES,Philippines,Bislig,2005-06-15,2005-06-21,5,19.95,75.0,5,530
102,CRYSTAL FORD,Israel,Ashdod,2005-07-31,2005-08-06,5,19.95,7.79,5,530
115,WENDY HARRISON,Mexico,Nezahualcyotl,2005-07-11,2005-07-17,5,19.95,30.03,5,530
116,VICTORIA GIBSON,Indonesia,Pemalang,2005-06-16,2005-06-22,5,19.95,100.08,5,530
116,VICTORIA GIBSON,Indonesia,Pemalang,2005-07-30,2005-08-05,5,19.95,19.36,5,530
122,THELMA MURRAY,Peru,Lima,2005-07-29,2005-08-04,5,19.95,11.77,5,530
131,MONICA HICKS,Ukraine,Mukateve,2005-07-09,2005-07-15,5,19.95,33.31,5,530
134,EMMA BOYD,Egypt,Qalyub,2005-08-18,2005-08-24,5,19.95,19.35,5,530
141,DEBBIE REYES,Japan,Fukuyama,2005-08-01,2005-08-07,5,19.95,14.29,5,530
149,VALERIE BLACK,United States,Brockton,2005-08-17,2005-08-23,5,19.95,19.99,5,530
151,MEGAN PALMER,China,Laiwu,2005-08-22,2005-08-28,5,19.95,15.39,5,530
152,ALICIA MILLS,India,Nagaon,2005-07-06,2005-07-12,5,19.95,119.94,5,530
160,ERIN DUNN,Russian Federation,Ljubertsy,2005-08-22,2005-08-28,5,19.95,10.0,5,530
178,MARION SNYDER,Brazil,Santa Brbara dOeste,2005-07-31,2005-08-06,5,19.95,7.5,5,530
188,MELANIE ARMSTRONG,Philippines,Bayugan,2005-08-01,2005-08-07,5,19.95,18.75,5,530
190,YOLANDA WEAVER,Tanzania,Tabora,2005-06-15,2005-06-21,5,19.95,75.0,5,530
194,KRISTEN CHAVEZ,Japan,Hino,2005-06-15,2005-06-21,5,19.95,46.11,5,530
206,TERRI VASQUEZ,Brazil,Blumenau,2005-07-28,2005-08-03,5,19.95,12.49,5,530
214,KRISTIN JOHNSTON,United States,Sunnyvale,2005-07-07,2005-07-13,5,19.95,54.56,5,530
229,TAMARA NGUYEN,Brazil,Anpolis,2005-07-27,2005-08-02,5,19.95,20.0,5,530
231,GEORGIA JACOBS,India,Uttarpara-Kotrung,2005-08-20,2005-08-26,5,19.95,14.63,5,530
245,COURTNEY DAY,South Korea,Uijongbu,2005-07-06,2005-07-12,5,19.95,66.72,5,530
249,DORA MEDINA,China,Tianjin,2005-06-15,2005-06-21,5,19.95,31.57,5,530
251,VICKIE BREWER,Germany,Halle/Saale,2005-07-07,2005-07-13,5,19.95,26.07,5,530
263,HILDA HOPKINS,Philippines,Mandaluyong,2005-07-28,2005-08-03,5,19.95,16.22,5,530
268,NINA SOTO,India,Palghat (Palakkad),2005-08-20,2005-08-26,5,19.95,14.99,5,530
291,TONI HOLT,United States,Roanoke,2005-07-06,2005-07-12,5,19.95,66.72,5,530
293,MAE FLETCHER,Spain,Donostia-San Sebastin,2005-06-17,2005-06-23,5,19.95,19.34,5,530
299,JAMES GANNON,Japan,Hiroshima,2005-07-28,2005-08-03,5,19.95,20.7,5,530
305,RICHARD MCCRARY,United States,Arlington,2005-08-18,2005-08-24,5,19.95,18.17,5,530
306,CHARLES KOWALSKI,Malaysia,Sungai Petani,2005-07-31,2005-08-06,5,19.95,11.32,5,530
307,JOSEPH JOY,Brazil,Angra dos Reis,2005-07-08,2005-07-14,5,19.95,17.14,5,530
308,THOMAS GRIGSBY,United States,Kansas City,2005-06-17,2005-06-23,5,19.95,150.0,5,530
312,MARK RINEHART,Saudi Arabia,Tabuk,2005-08-19,2005-08-25,5,19.95,14.63,5,530
317,EDWARD BAUGH,Faroe Islands,Trshavn,2005-07-07,2005-07-13,5,19.95,54.56,5,530
323,MATTHEW MAHAN,Mexico,Cuautla,2005-07-06,2005-07-12,5,19.95,66.72,5,530
331,ERIC ROBERT,Argentina,Santa F,2005-08-21,2005-08-27,5,19.95,17.64,5,530
337,JERRY JORDON,Japan,Onomichi,2005-07-08,2005-07-14,5,19.95,20.67,5,530
337,JERRY JORDON,Japan,Onomichi,2005-07-30,2005-08-05,5,19.95,12.49,5,530
339,WALTER PERRYMAN,China,Xinxiang,2005-08-19,2005-08-25,5,19.95,13.95,5,530
348,ROGER QUINTANILLA,Taiwan,Hsichuh,2005-07-30,2005-08-05,5,19.95,8.82,5,530
351,JACK FOUST,Russian Federation,Zeleznogorsk,2005-07-09,2005-07-15,5,19.95,27.29,5,530
354,JUSTIN NGO,Brazil,Santo Andr,2005-07-09,2005-07-15,5,19.95,20.7,5,530
364,BENJAMIN VARNEY,Mexico,Guadalajara,2005-06-16,2005-06-22,5,19.95,99.92,5,530
367,ADAM GOOCH,India,Adoni,2005-07-29,2005-08-04,5,19.95,18.74,5,530
374,JEREMY HURTADO,Brazil,Vitria de Santo Anto,2005-07-28,2005-08-03,5,19.95,27.28,5,530
378,EUGENE CULPEPPER,China,Shenzhen,2005-07-29,2005-08-04,5,19.95,54.66,5,530
383,MARTIN BALES,Angola,Namibe,2005-06-18,2005-06-24,5,19.95,33.31,5,530
386,TODD TAN,Ukraine,Kamjanets-Podilskyi,2005-07-11,2005-07-17,5,19.95,16.22,5,530
390,SHAWN HEATON,Thailand,Nakhon Sawan,2005-07-29,2005-08-04,5,19.95,16.22,5,530
393,PHILIP CAUSEY,Russian Federation,Korolev,2005-06-16,2005-06-22,5,19.95,100.08,5,530
396,EARL SHANKS,Japan,Iwatsuki,2005-07-06,2005-07-12,5,19.95,42.84,5,530
399,DANNY ISOM,Pakistan,Okara,2005-08-17,2005-08-23,5,19.95,26.08,5,530
403,MIKE WAY,India,Valparai,2005-08-19,2005-08-25,5,19.95,7.69,5,530
404,STANLEY SCROGGINS,Japan,Omiya,2005-07-29,2005-08-04,5,19.95,13.95,5,530
410,CURTIS IRBY,Canada,Richmond Hill,2005-06-17,2005-06-23,5,19.95,200.17,5,530
418,JEFF EAST,Dominican Republic,San Felipe de Puerto Plata,2005-08-21,2005-08-27,5,19.95,9.84,5,530
420,JACOB LANCE,United States,El Monte,2005-07-10,2005-07-16,5,19.95,28.58,5,530
431,JOEL FRANCISCO,Bolivia,Sucre,2005-08-18,2005-08-24,5,19.95,23.07,5,530
437,RANDALL NEUMANN,Dominican Republic,La Romana,2005-07-30,2005-08-05,5,19.95,20.0,5,530
438,BARRY LOVELACE,Zambia,Kitwe,2005-07-29,2005-08-04,5,19.95,12.76,5,530
439,ALEXANDER FENNELL,Italy,Bergamo,2005-07-30,2005-08-05,5,19.95,15.79,5,530
444,MARCUS HIDALGO,Estonia,Tartu,2005-07-31,2005-08-06,5,19.95,23.08,5,530
463,DARRELL POWER,Canada,Halifax,2005-08-19,2005-08-25,5,19.95,13.04,5,530
473,JORGE OLIVARES,Indonesia,Lhokseumawe,2005-07-08,2005-07-14,5,19.95,30.02,5,530
473,JORGE OLIVARES,Indonesia,Lhokseumawe,2005-08-02,2005-08-08,5,19.95,10.34,5,530
475,PEDRO CHESTNUT,Ukraine,ostka,2005-07-09,2005-07-15,5,19.95,33.31,5,530
479,ZACHARY HITE,United States,Akron,2005-08-17,2005-08-23,5,19.95,12.76,5,530
485,CLYDE TOBIAS,China,Shaoguan,2005-07-31,2005-08-06,5,19.95,10.0,5,530
496,TYLER WREN,China,Rizhao,2005-07-07,2005-07-13,5,19.95,85.74,5,530
499,MARC OUTLAW,Italy,Brindisi,2005-07-09,2005-07-15,5,19.95,30.0,5,530
540,TYRONE ASHER,Bulgaria,Ruse,2005-08-18,2005-08-24,5,19.95,14.27,5,530
543,LANCE PEMBERTON,Morocco,Beni-Mellal,2005-07-31,2005-08-06,5,19.95,25.0,5,530
560,JORDAN ARCHULETA,Argentina,Avellaneda,2005-08-21,2005-08-27,5,19.95,8.57,5,530
564,BOB PFEIFFER,China,Xintai,2005-07-31,2005-08-06,5,19.95,21.43,5,530
566,CASEY MENA,Turkey,Tokat,2005-07-31,2005-08-06,5,19.95,9.23,5,530
577,CLIFTON MALCOLM,Taiwan,Tanshui,2005-08-01,2005-08-07,5,19.95,11.32,5,530
584,SALVADOR TEEL,Gambia,Banjul,2005-07-31,2005-08-06,5,19.95,16.67,5,530
588,MARION OCAMPO,China,Weifang,2005-07-07,2005-07-13,5,19.95,19.99,5,530
4,BARBARA JONES,Myanmar,Myingyan,2005-08-20,2005-08-26,5,19.95,13.33,5,531
166,LYNN PAYNE,Malawi,Lilongwe,2005-08-21,2005-08-27,5,19.95,12.23,5,531
208,LUCY WHEELER,India,Balurghat,2005-07-09,2005-07-15,5,19.95,28.6,5,531
325,TIMOTHY BUNN,Brazil,Braslia,2005-07-09,2005-07-15,5,19.95,46.14,5,531
325,TIMOTHY BUNN,Brazil,Braslia,2005-08-18,2005-08-24,5,19.95,18.18,5,531
346,ARTHUR SIMPKINS,Russian Federation,Maikop,2005-08-23,2005-08-29,5,19.95,8.22,5,531
374,JEREMY HURTADO,Brazil,Vitria de Santo Anto,2005-07-09,2005-07-15,5,19.95,42.9,5,531
441,MARIO CHEATHAM,Algeria,Batna,2005-07-31,2005-08-06,5,19.95,11.77,5,531
455,JON WILES,Bolivia,El Alto,2005-07-27,2005-08-02,5,19.95,22.21,5,531
472,GREG ROBINS,Vietnam,Nam Dinh,2005-06-16,2005-06-22,5,19.95,40.03,5,531
551,CLAYTON BARBEE,Brazil,Alvorada,2005-07-27,2005-08-02,5,19.95,60.09,5,531
426,BRADLEY MOTLEY,India,Purnea (Purnia),2005-06-16,2005-06-22,5,19.95,604.55,5,532
516,ELMER NOE,Cambodia,Battambang,2005-06-14,2005-06-20,5,19.95,100.08,5,532
584,SALVADOR TEEL,Gambia,Banjul,2005-08-21,2005-08-27,5,19.95,8.45,5,532
243,LYDIA BURKE,Argentina,San Miguel de Tucumn,2005-07-06,2005-07-12,6,19.94,46.12,6,533
552,HUGH WALDROP,China,Haining,2005-08-18,2005-08-24,6,19.94,13.62,6,533
6,JENNIFER DAVIS,United States,Laredo,2005-07-06,2005-07-12,6,19.94,66.76,6,534
9,MARGARET MOORE,Oman,Masqat,2005-07-07,2005-07-13,6,19.94,46.09,6,534
15,HELEN HARRIS,India,Bhopal,2005-07-30,2005-08-05,6,19.94,18.17,6,534
16,SANDRA MARTIN,United Kingdom,Southend-on-Sea,2005-07-29,2005-08-04,6,19.94,27.28,6,534
54,TERESA ROGERS,Japan,Iwakuni,2005-07-09,2005-07-15,6,19.94,23.98,6,534
71,KATHY JAMES,Philippines,Baybay,2005-07-29,2005-08-04,6,19.94,11.76,6,534
85,ANNE POWELL,United Kingdom,Bradford,2005-06-16,2005-06-22,6,19.94,39.93,6,534
96,DIANA ALEXANDER,United States,Augusta-Richmond County,2005-07-06,2005-07-12,6,19.94,27.28,6,534
114,GRACE ELLIS,Germany,Duisburg,2005-08-21,2005-08-27,6,19.94,10.7,6,534
167,SALLY PIERCE,India,Chandrapur,2005-07-09,2005-07-15,6,19.94,27.25,6,534
180,STACY CUNNINGHAM,Colombia,Pereira,2005-08-19,2005-08-25,6,19.94,14.62,6,534
186,HOLLY FOX,India,Haldia,2005-08-21,2005-08-27,6,19.94,10.34,6,534
205,EILEEN CARR,Paraguay,Ciudad del Este,2005-08-20,2005-08-26,6,19.94,28.54,6,534
220,CHARLENE ALVAREZ,Tanzania,Zanzibar,2005-07-08,2005-07-14,6,19.94,604.24,6,534
236,MARCIA DEAN,Philippines,Tanza,2005-07-09,2005-07-15,6,19.94,11.99,6,534
254,MAXINE SILVA,Brazil,Poos de Caldas,2005-08-19,2005-08-25,6,19.94,15.38,6,534
264,GWENDOLYN MAY,Japan,Higashiosaka,2005-07-07,2005-07-13,6,19.94,28.55,6,534
274,NAOMI JENNINGS,India,Karnal,2005-07-31,2005-08-06,6,19.94,16.65,6,534
314,GEORGE LINTON,Brazil,Sorocaba,2005-07-07,2005-07-13,6,19.94,50.06,6,534
322,JASON MORRISSEY,Argentina,Baha Blanca,2005-07-06,2005-07-12,6,19.94,14.27,6,534
380,RUSSELL BRINSON,Poland,Tychy,2005-08-22,2005-08-28,6,19.94,8.82,6,534
389,ALAN KAHN,China,Emeishan,2005-07-06,2005-07-12,6,19.94,42.82,6,534
415,GLENN PULLEN,Netherlands,Amersfoort,2005-07-29,2005-08-04,6,19.94,18.74,6,534
419,CHAD CARBONE,India,Katihar,2005-07-31,2005-08-06,6,19.94,16.22,6,534
443,FRANCISCO SKIDMORE,Brazil,So Leopoldo,2005-08-20,2005-08-26,6,19.94,11.1,6,534
486,GLEN TALBERT,Mexico,Acua,2005-08-18,2005-08-24,6,19.94,21.41,6,534
500,REGINALD KINDER,Indonesia,Madiun,2005-08-19,2005-08-25,6,19.94,21.43,6,534
501,RUBEN GEARY,Poland,Lublin,2005-07-27,2005-08-02,6,19.94,22.2,6,534
521,ROLAND SOUTH,China,Yingkou,2005-07-07,2005-07-13,6,19.94,302.12,6,534
569,DAVE GARDINER,China,Leshan,2005-07-31,2005-08-06,6,19.94,26.08,6,534
23,SARAH LEWIS,Latvia,Liepaja,2005-08-19,2005-08-25,6,19.94,13.32,6,535
344,HENRY BILLINGSLEY,Tonga,Nukualofa,2005-08-18,2005-08-24,6,19.94,31.55,6,535
357,KEITH RICO,Slovakia,Bratislava,2005-07-08,2005-07-14,6,19.94,28.55,6,535
498,GENE SANBORN,Oman,Salala,2005-06-15,2005-06-21,6,19.94,39.96,6,535
152,ALICIA MILLS,India,Nagaon,2005-08-19,2005-08-25,7,19.93,24.96,7,536
183,IDA ANDREWS,Brazil,Luzinia,2005-07-06,2005-07-12,7,19.93,39.97,7,536
227,COLLEEN BURTON,Germany,Saarbrcken,2005-07-28,2005-08-03,7,19.93,20.66,7,536
245,COURTNEY DAY,South Korea,Uijongbu,2005-07-30,2005-08-05,7,19.93,10.7,7,536
286,VELMA LUCAS,Nigeria,Effon-Alaiye,2005-08-17,2005-08-23,7,19.93,17.13,7,536
323,MATTHEW MAHAN,Mexico,Cuautla,2005-07-29,2005-08-04,7,19.93,13.62,7,536
350,JUAN FRALEY,Russian Federation,Teboksary,2005-07-06,2005-07-12,7,19.93,66.73,7,536
537,CLINTON BUFORD,United States,Aurora,2005-07-06,2005-07-12,7,19.93,24.95,7,536
593,RENE MCALISTER,United States,Garden Grove,2005-07-07,2005-07-13,7,19.93,24.96,7,536
51,ALICE STEWART,United States,Fontana,2005-07-29,2005-08-04,8,19.92,11.74,8,537
75,TAMMY SANDERS,Taiwan,Changhwa,2005-07-08,2005-07-14,8,19.92,17.61,8,537
77,JANE BENNETT,Brazil,Araatuba,2005-07-28,2005-08-03,8,19.92,66.7,8,537
381,BOBBY BOUDREAU,Anguilla,South Hill,2005-07-28,2005-08-03,8,19.92,30.0,8,537
411,NORMAN CURRIER,Indonesia,Cianjur,2005-07-27,2005-08-02,8,19.92,37.47,8,537
568,ALBERTO HENNING,Venezuela,Barcelona,2005-07-27,2005-08-02,8,19.92,49.97,8,537
586,KIRK STCLAIR,Taiwan,Tsaotun,2005-08-17,2005-08-23,8,19.92,66.62,8,537
288,BOBBIE CRAIG,Mexico,Valle de Santiago,2005-08-17,2005-08-23,9,19.91,33.28,9,538
13,KAREN JACKSON,Turkey,Osmaniye,2005-07-06,2005-07-12,5,18.95,28.48,5,539
26,JESSICA HALL,Holy See (Vatican City State),Citt del Vaticano,2005-07-08,2005-07-14,5,18.95,9.04,5,539
55,DORIS REED,Russian Federation,Balaiha,2005-06-16,2005-06-22,5,18.95,35.6,5,539
66,JANICE WARD,Sweden,Malm,2005-07-28,2005-08-03,5,18.95,10.96,5,539
67,KELLY TORRES,China,Xiangtan,2005-08-20,2005-08-26,5,18.95,14.24,5,539
68,NICOLE PETERSON,India,Shivapuri,2005-08-20,2005-08-26,5,18.95,21.1,5,539
73,BEVERLY BROOKS,Taiwan,Chiayi,2005-07-31,2005-08-06,5,18.95,12.95,5,539
86,JACQUELINE LONG,Thailand,Songkhla,2005-06-17,2005-06-23,5,18.95,71.33,5,539
103,GLADYS HAMILTON,Nigeria,Ilorin,2005-07-27,2005-08-02,5,18.95,11.39,5,539
112,ROSA REYNOLDS,United States,Lancaster,2005-08-21,2005-08-27,5,18.95,6.78,5,539
129,CARRIE PORTER,China,Liaocheng,2005-06-19,2005-06-25,5,18.95,574.24,5,539
130,CHARLOTTE HUNTER,Brazil,guas Lindas de Gois,2005-06-17,2005-06-23,5,18.95,63.38,5,539
132,ESTHER CRAWFORD,South Africa,Botshabelo,2005-06-18,2005-06-24,5,18.95,574.24,5,539
132,ESTHER CRAWFORD,South Africa,Botshabelo,2005-07-09,2005-07-15,5,18.95,13.91,5,539
135,JUANITA MASON,India,Pune,2005-07-31,2005-08-06,5,18.95,10.75,5,539
151,MEGAN PALMER,China,Laiwu,2005-07-31,2005-08-06,5,18.95,30.03,5,539
156,BERTHA FERGUSON,Nigeria,Ondo,2005-07-07,2005-07-13,5,18.95,33.52,5,539
184,VIVIAN RUIZ,Netherlands,s-Hertogenbosch,2005-07-07,2005-07-13,5,18.95,142.84,5,539
204,ROSEMARY SCHMIDT,Turkey,Usak,2005-07-11,2005-07-17,5,18.95,13.57,5,539
215,JESSIE BANKS,Bulgaria,Stara Zagora,2005-06-16,2005-06-22,5,18.95,37.98,5,539
230,JOY GEORGE,Romania,Botosani,2005-08-18,2005-08-24,5,18.95,10.0,5,539
242,GLENDA FRAZIER,China,Qinhuangdao,2005-07-05,2005-07-11,5,18.95,18.99,5,539
264,GWENDOLYN MAY,Japan,Higashiosaka,2005-07-30,2005-08-05,5,18.95,15.83,5,539
267,MARGIE WADE,China,Lengshuijiang,2005-08-21,2005-08-27,5,18.95,9.19,5,539
277,OLGA JIMENEZ,Nigeria,Ogbomosho,2005-07-09,2005-07-15,5,18.95,13.25,5,539
303,WILLIAM SATTERFIELD,Yemen,Sanaa,2005-08-18,2005-08-24,5,18.95,17.82,5,539
308,THOMAS GRIGSBY,United States,Kansas City,2005-08-20,2005-08-26,5,18.95,12.12,5,539
313,DONALD MAHON,China,Ezhou,2005-08-21,2005-08-27,5,18.95,17.27,5,539
314,GEORGE LINTON,Brazil,Sorocaba,2005-07-09,2005-07-15,5,18.95,43.93,5,539
319,RONALD WEINER,Mexico,San Felipe del Progreso,2005-06-17,2005-06-23,5,18.95,28.48,5,539
334,RAYMOND MCWHORTER,Azerbaijan,Sumqayit,2005-08-21,2005-08-27,5,18.95,11.63,5,539
336,JOSHUA MARK,India,Rampur,2005-07-08,2005-07-14,5,18.95,17.82,5,539
343,DOUGLAS GRAF,Mexico,Mexicali,2005-08-17,2005-08-23,5,18.95,16.76,5,539
349,JOE GILLILAND,Philippines,Imus,2005-07-05,2005-07-11,5,18.95,28.48,5,539
356,GERALD FULTZ,India,Satna,2005-07-06,2005-07-12,5,18.95,63.38,5,539
381,BOBBY BOUDREAU,Anguilla,South Hill,2005-08-20,2005-08-26,5,18.95,12.13,5,539
389,ALAN KAHN,China,Emeishan,2005-07-07,2005-07-13,5,18.95,38.0,5,539
398,ANTONIO MEEK,Brazil,Bag,2005-07-30,2005-08-05,5,18.95,24.76,5,539
400,BRYAN HARDISON,United States,Dallas,2005-08-18,2005-08-24,5,18.95,12.39,5,539
402,LUIS YANEZ,France,Brest,2005-07-07,2005-07-13,5,18.95,18.99,5,539
421,LEE HAWKS,India,Pudukkottai,2005-07-30,2005-08-05,5,18.95,10.95,5,539
436,TROY QUIGLEY,Canada,Vancouver,2005-08-20,2005-08-26,5,18.95,6.86,5,539
439,ALEXANDER FENNELL,Italy,Bergamo,2005-06-16,2005-06-22,5,18.95,29.98,5,539
443,FRANCISCO SKIDMORE,Brazil,So Leopoldo,2005-07-31,2005-08-06,5,18.95,13.56,5,539
454,ALEX GRESHAM,Mexico,Uruapan,2005-07-29,2005-08-04,5,18.95,21.1,5,539
463,DARRELL POWER,Canada,Halifax,2005-07-30,2005-08-05,5,18.95,28.54,5,539
468,TIM CARY,India,Bijapur,2005-07-08,2005-07-14,5,18.95,15.4,5,539
478,LEWIS LYMAN,Israel,Ashqelon,2005-07-27,2005-08-02,5,18.95,56.96,5,539
501,RUBEN GEARY,Poland,Lublin,2005-07-28,2005-08-03,5,18.95,20.35,5,539
509,RAUL FORTIER,India,Chapra,2005-07-07,2005-07-13,5,18.95,71.24,5,539
511,CHESTER BENNER,China,Suihua,2005-07-30,2005-08-05,5,18.95,24.8,5,539
515,ANDRE RAPP,Chile,Coquimbo,2005-07-27,2005-08-02,5,18.95,33.54,5,539
521,ROLAND SOUTH,China,Yingkou,2005-08-21,2005-08-27,5,18.95,16.28,5,539
523,HARVEY GUAJARDO,Vietnam,Vinh,2005-08-17,2005-08-23,5,18.95,27.15,5,539
572,SIDNEY BURLESON,Poland,Czestochowa,2005-08-01,2005-08-07,5,18.95,12.12,5,539
574,JULIAN VEST,Japan,Akishima,2005-07-09,2005-07-15,5,18.95,15.4,5,539
574,JULIAN VEST,Japan,Akishima,2005-08-18,2005-08-24,5,18.95,16.76,5,539
577,CLIFTON MALCOLM,Taiwan,Tanshui,2005-08-19,2005-08-25,5,18.95,9.34,5,539
580,ROSS GREY,Philippines,Iligan,2005-07-07,2005-07-13,5,18.95,114.39,5,539
581,VIRGIL WOFFORD,Mexico,Jos Azueta,2005-07-27,2005-08-02,5,18.95,13.57,5,539
590,SETH HANNON,Bahrain,al-Manama,2005-07-09,2005-07-15,5,18.95,12.94,5,539
597,FREDDIE DUGGAN,Peru,Sullana,2005-08-19,2005-08-25,5,18.95,12.95,5,539
5,ELIZABETH BROWN,Taiwan,Nantou,2005-08-20,2005-08-26,5,18.95,10.36,5,540
6,JENNIFER DAVIS,United States,Laredo,2005-07-07,2005-07-13,5,18.95,57.14,5,540
65,ROSE HOWARD,French Guiana,Cayenne,2005-07-06,2005-07-12,5,18.95,43.8,5,540
218,VERA MCCOY,Afghanistan,Kabul,2005-08-19,2005-08-25,5,18.95,16.28,5,540
241,HEIDI LARSON,China,Xiangfan,2005-07-31,2005-08-06,5,18.95,12.96,5,540
268,NINA SOTO,India,Palghat (Palakkad),2005-07-10,2005-07-16,5,18.95,12.66,5,540
275,CAROLE BARNETT,United States,Peoria,2005-07-07,2005-07-13,5,18.95,43.87,5,540
304,DAVID ROYAL,Peru,Callao,2005-07-27,2005-08-02,5,18.95,16.28,5,540
323,MATTHEW MAHAN,Mexico,Cuautla,2005-08-19,2005-08-25,5,18.95,10.76,5,540
343,DOUGLAS GRAF,Mexico,Mexicali,2005-06-17,2005-06-23,5,18.95,28.48,5,540
347,RYAN SALISBURY,Latvia,Daugavpils,2005-07-07,2005-07-13,5,18.95,14.99,5,540
371,BILLY POULIN,Philippines,Cabuyao,2005-06-16,2005-06-22,5,18.95,18.39,5,540
417,TRAVIS ESTEP,Saudi Arabia,al-Qatif,2005-08-21,2005-08-27,5,18.95,15.84,5,540
427,JESUS MCCARTNEY,Brazil,Guaruj,2005-06-15,2005-06-21,5,18.95,81.33,5,540
454,ALEX GRESHAM,Mexico,Uruapan,2005-07-08,2005-07-14,5,18.95,9.34,5,540
357,KEITH RICO,Slovakia,Bratislava,2005-07-10,2005-07-16,5,18.95,25.91,5,541
25,DEBORAH WALKER,Pakistan,Shikarpur,2005-08-17,2005-08-23,6,18.94,16.76,6,542
53,HEATHER MORRIS,Japan,Nagareyama,2005-08-20,2005-08-26,6,18.94,14.23,6,542
91,LOIS BUTLER,Brunei,Bandar Seri Begawan,2005-07-09,2005-07-15,6,18.94,17.81,6,542
115,WENDY HARRISON,Mexico,Nezahualcyotl,2005-07-29,2005-08-04,6,18.94,13.9,6,542
119,SHERRY MARSHALL,Egypt,Shubra al-Khayma,2005-07-30,2005-08-05,6,18.94,13.89,6,542
154,MICHELE GRANT,China,Yuncheng,2005-07-07,2005-07-13,6,18.94,31.65,6,542
164,JOANN GARDNER,Turkey,Tarsus,2005-07-08,2005-07-14,6,18.94,33.48,6,542
167,SALLY PIERCE,India,Chandrapur,2005-07-29,2005-08-04,6,18.94,16.76,6,542
168,REGINA BERRY,China,Jinchang,2005-08-20,2005-08-26,6,18.94,8.25,6,542
171,DOLORES WAGNER,Malaysia,Ipoh,2005-07-06,2005-07-12,6,18.94,17.25,6,542
224,PEARL GARZA,India,Jodhpur,2005-08-21,2005-08-27,6,18.94,21.11,6,542
268,NINA SOTO,India,Palghat (Palakkad),2005-06-16,2005-06-22,6,18.94,71.2,6,542
286,VELMA LUCAS,Nigeria,Effon-Alaiye,2005-08-18,2005-08-24,6,18.94,15.83,6,542
287,BECKY MILES,India,Tambaram,2005-07-08,2005-07-14,6,18.94,20.32,6,542
304,DAVID ROYAL,Peru,Callao,2005-07-09,2005-07-15,6,18.94,15.38,6,542
358,SAMUEL MARLOW,India,Ranchi,2005-06-15,2005-06-21,6,18.94,113.87,6,542
358,SAMUEL MARLOW,India,Ranchi,2005-07-29,2005-08-04,6,18.94,37.98,6,542
418,JEFF EAST,Dominican Republic,San Felipe de Puerto Plata,2005-08-01,2005-08-07,6,18.94,12.38,6,542
447,CLIFFORD BOWENS,Russian Federation,Nabereznyje Telny,2005-07-08,2005-07-14,6,18.94,29.98,6,542
466,LEO EBERT,China,Dongying,2005-07-29,2005-08-04,6,18.94,35.6,6,542
525,ADRIAN CLARY,Italy,Udine,2005-07-28,2005-08-03,6,18.94,15.39,6,542
533,JESSIE MILAM,China,Binzhou,2005-06-15,2005-06-21,6,18.94,63.34,6,542
598,WADE DELVALLE,Switzerland,Lausanne,2005-07-28,2005-08-03,6,18.94,12.12,6,542
113,CINDY FISHER,Venezuela,Cuman,2005-07-09,2005-07-15,6,18.94,15.39,6,543
564,BOB PFEIFFER,China,Xintai,2005-08-19,2005-08-25,6,18.94,9.99,6,543
26,JESSICA HALL,Holy See (Vatican City State),Citt del Vaticano,2005-07-27,2005-08-02,7,18.93,14.23,7,544
57,EVELYN MORGAN,Liechtenstein,Vaduz,2005-07-29,2005-08-04,7,18.93,18.37,7,544
77,JANE BENNETT,Brazil,Araatuba,2005-07-30,2005-08-05,7,18.93,57.08,7,544
78,LORI WOOD,India,Rae Bareli,2005-07-07,2005-07-13,7,18.93,24.73,7,544
243,LYDIA BURKE,Argentina,San Miguel de Tucumn,2005-08-18,2005-08-24,7,18.93,21.9,7,544
263,HILDA HOPKINS,Philippines,Mandaluyong,2005-07-08,2005-07-14,7,18.93,29.95,7,544
405,LEONARD SCHOFIELD,Argentina,Tandil,2005-08-19,2005-08-25,7,18.93,14.6,7,544
444,MARCUS HIDALGO,Estonia,Tartu,2005-08-19,2005-08-25,7,18.93,14.6,7,544
557,FELIX GAFFNEY,Lithuania,Vilnius,2005-08-18,2005-08-24,7,18.93,40.71,7,544
565,JAIME NETTLES,Peru,Hunuco,2005-07-06,2005-07-12,7,18.93,31.62,7,544
90,RUBY WASHINGTON,China,Meixian,2005-08-16,2005-08-22,8,18.92,9.32,8,545
252,MATTIE HOFFMAN,United Kingdom,London,2005-07-27,2005-08-02,8,18.92,95.23,8,545
297,SHERRI RHODES,India,Ahmadnagar,2005-07-28,2005-08-03,8,18.92,15.37,8,545
72,THERESA WATSON,Philippines,Taguig,2005-08-18,2005-08-24,9,18.91,12.1,9,546
16,SANDRA MARTIN,United Kingdom,Southend-on-Sea,2005-07-06,2005-07-12,5,17.95,20.75,5,547
17,DONNA THOMPSON,Russian Federation,Elista,2005-08-20,2005-08-26,5,17.95,13.83,5,547
24,KIMBERLY LEE,Argentina,Crdoba,2005-07-06,2005-07-12,5,17.95,21.58,5,547
25,DEBORAH WALKER,Pakistan,Shikarpur,2005-07-31,2005-08-06,5,17.95,15.88,5,547
25,DEBORAH WALKER,Pakistan,Shikarpur,2005-08-19,2005-08-25,5,17.95,15.43,5,547
27,SHIRLEY ALLEN,Philippines,Davao,2005-06-17,2005-06-23,5,17.95,33.74,5,547
27,SHIRLEY ALLEN,Philippines,Davao,2005-07-10,2005-07-16,5,17.95,14.21,5,547
45,JANET PHILLIPS,Chile,Antofagasta,2005-06-16,2005-06-22,5,17.95,180.1,5,547
52,JULIE SANCHEZ,Spain,A Corua (La Corua),2005-07-06,2005-07-12,5,17.95,38.57,5,547
54,TERESA ROGERS,Japan,Iwakuni,2005-07-10,2005-07-16,5,17.95,19.99,5,547
62,JOAN COOPER,United States,Saint Louis,2005-08-21,2005-08-27,5,17.95,21.59,5,547
73,BEVERLY BROOKS,Taiwan,Chiayi,2005-08-17,2005-08-23,5,17.95,14.59,5,547
76,IRENE PRICE,Kazakstan,Pavlodar,2005-07-30,2005-08-05,5,17.95,25.72,5,547
78,LORI WOOD,India,Rae Bareli,2005-08-21,2005-08-27,5,17.95,6.58,5,547
82,KATHRYN COLEMAN,Ukraine,Simferopol,2005-08-19,2005-08-25,5,17.95,10.58,5,547
85,ANNE POWELL,United Kingdom,Bradford,2005-06-17,2005-06-23,5,17.95,31.73,5,547
89,JULIA FLORES,Argentina,La Plata,2005-07-31,2005-08-06,5,17.95,9.0,5,547
97,ANNIE RUSSELL,Mozambique,Tete,2005-07-27,2005-08-02,5,17.95,20.78,5,547
99,EMILY DIAZ,South Korea,Kimchon,2005-07-09,2005-07-15,5,17.95,16.87,5,547
107,FLORENCE WOODS,Argentina,Merlo,2005-07-28,2005-08-03,5,17.95,11.01,5,547
113,CINDY FISHER,Venezuela,Cuman,2005-08-18,2005-08-24,5,17.95,14.2,5,547
120,SYLVIA ORTIZ,Colombia,Dos Quebradas,2005-07-31,2005-08-06,5,17.95,13.17,5,547
137,RHONDA KENNEDY,Netherlands,Apeldoorn,2005-07-09,2005-07-15,5,17.95,11.01,5,547
139,AMBER DIXON,Taiwan,Touliu,2005-07-27,2005-08-02,5,17.95,14.59,5,547
160,ERIN DUNN,Russian Federation,Ljubertsy,2005-08-01,2005-08-07,5,17.95,18.63,5,547
161,GERALDINE PERKINS,Israel,Tel Aviv-Jaffa,2005-08-01,2005-08-07,5,17.95,12.85,5,547
168,REGINA BERRY,China,Jinchang,2005-07-09,2005-07-15,5,17.95,23.46,5,547
203,TARA RYAN,Indonesia,Gorontalo,2005-08-18,2005-08-24,5,17.95,12.85,5,547
212,WILMA RICHARDS,United States,Bellevue,2005-07-28,2005-08-03,5,17.95,18.59,5,547
220,CHARLENE ALVAREZ,Tanzania,Zanzibar,2005-07-31,2005-08-06,5,17.95,9.47,5,547
255,IRMA PEARSON,Philippines,Hagonoy,2005-08-19,2005-08-25,5,17.95,16.35,5,547
277,OLGA JIMENEZ,Nigeria,Ogbomosho,2005-07-29,2005-08-04,5,17.95,14.2,5,547
287,BECKY MILES,India,Tambaram,2005-08-21,2005-08-27,5,17.95,12.55,5,547
288,BOBBIE CRAIG,Mexico,Valle de Santiago,2005-07-28,2005-08-03,5,17.95,36.02,5,547
290,KRISTINA CHAMBERS,Venezuela,Valle de la Pascua,2005-07-30,2005-08-05,5,17.95,13.85,5,547
295,DAISY BATES,Russian Federation,Kolpino,2005-06-18,2005-06-24,5,17.95,28.42,5,547
302,MICHAEL SILVERMAN,China,Tiefa,2005-07-10,2005-07-16,5,17.95,67.48,5,547
323,MATTHEW MAHAN,Mexico,Cuautla,2005-07-30,2005-08-05,5,17.95,11.74,5,547
329,FRANK WAGGONER,Bangladesh,Jamalpur,2005-06-18,2005-06-24,5,17.95,49.13,5,547
329,FRANK WAGGONER,Bangladesh,Jamalpur,2005-07-06,2005-07-12,5,17.95,18.63,5,547
332,STEPHEN QUALLS,Bangladesh,Dhaka,2005-08-18,2005-08-24,5,17.95,8.18,5,547
335,GREGORY MAULDIN,Tunisia,Sousse,2005-07-09,2005-07-15,5,17.95,22.49,5,547
338,DENNIS GILMAN,South Africa,Paarl,2005-07-29,2005-08-04,5,17.95,16.87,5,547
338,DENNIS GILMAN,South Africa,Paarl,2005-08-18,2005-08-24,5,17.95,16.36,5,547
384,ERNEST STEPP,China,Huaian,2005-08-20,2005-08-26,5,17.95,60.03,5,547
396,EARL SHANKS,Japan,Iwatsuki,2005-07-30,2005-08-05,5,17.95,18.0,5,547
400,BRYAN HARDISON,United States,Dallas,2005-07-30,2005-08-05,5,17.95,13.16,5,547
406,NATHAN RUNYON,"Virgin Islands, U.S.",Charlotte Amalie,2005-06-18,2005-06-24,5,17.95,54.01,5,547
418,JEFF EAST,Dominican Republic,San Felipe de Puerto Plata,2005-07-06,2005-07-12,5,17.95,60.03,5,547
440,BERNARD COLBY,India,Dhule (Dhulia),2005-08-20,2005-08-26,5,17.95,12.85,5,547
466,LEO EBERT,China,Dongying,2005-07-30,2005-08-05,5,17.95,31.77,5,547
488,SHANE MILLARD,Mexico,La Paz,2005-08-20,2005-08-26,5,17.95,13.5,5,547
500,REGINALD KINDER,Indonesia,Madiun,2005-07-08,2005-07-14,5,17.95,17.4,5,547
505,RAFAEL ABNEY,Philippines,Talavera,2005-08-17,2005-08-23,5,17.95,36.0,5,547
516,ELMER NOE,Cambodia,Battambang,2005-06-15,2005-06-21,5,17.95,49.09,5,547
520,MITCHELL WESTMORELAND,Vietnam,Nha Trang,2005-08-21,2005-08-27,5,17.95,9.31,5,547
525,ADRIAN CLARY,Italy,Udine,2005-07-30,2005-08-05,5,17.95,14.2,5,547
538,TED BREAUX,China,Baicheng,2005-08-20,2005-08-26,5,17.95,12.27,5,547
545,JULIO NOLAND,Ukraine,Konotop,2005-07-29,2005-08-04,5,17.95,19.27,5,547
546,KELLY KNOTT,China,Sanya,2005-07-30,2005-08-05,5,17.95,16.36,4,547
547,KURT EMMONS,Japan,Kanazawa,2005-07-29,2005-08-04,5,17.95,13.84,5,547
562,WALLACE SLONE,Nigeria,Sokoto,2005-07-27,2005-08-02,5,17.95,19.27,5,547
564,BOB PFEIFFER,China,Xintai,2005-08-20,2005-08-26,5,17.95,9.31,5,547
569,DAVE GARDINER,China,Leshan,2005-08-01,2005-08-07,5,17.95,21.6,5,547
577,CLIFTON MALCOLM,Taiwan,Tanshui,2005-07-06,2005-07-12,5,17.95,38.55,5,547
596,ENRIQUE FORSYTHE,Greece,Patras,2005-05-28,2005-06-03,5,17.95,107.92,5,547
596,ENRIQUE FORSYTHE,Greece,Patras,2005-07-10,2005-07-16,5,17.95,135.3,5,547
596,ENRIQUE FORSYTHE,Greece,Patras,2005-07-31,2005-08-06,5,17.95,30.0,5,547
596,ENRIQUE FORSYTHE,Greece,Patras,2005-08-20,2005-08-26,5,17.95,16.36,5,547
2,PATRICIA JOHNSON,United States,San Bernardino,2005-08-01,2005-08-07,5,17.95,7.1,5,548
170,BEATRICE ARNOLD,India,Udaipur,2005-07-08,2005-07-14,5,17.95,21.58,5,548
293,MAE FLETCHER,Spain,Donostia-San Sebastin,2005-07-28,2005-08-03,5,17.95,17.4,5,548
340,PATRICK NEWSOM,Vietnam,Hanoi,2005-08-01,2005-08-07,5,17.95,17.42,5,548
351,JACK FOUST,Russian Federation,Zeleznogorsk,2005-07-29,2005-08-04,5,17.95,14.59,5,548
359,WILLIE MARKHAM,Argentina,Almirante Brown,2005-08-21,2005-08-27,5,17.95,19.29,5,548
365,BRUCE SCHWARZ,Japan,Okinawa,2005-06-15,2005-06-21,5,17.95,49.04,5,548
386,TODD TAN,Ukraine,Kamjanets-Podilskyi,2005-08-19,2005-08-25,5,17.95,15.43,5,548
392,SEAN DOUGLASS,Ethiopia,Addis Abeba,2005-07-29,2005-08-04,5,17.95,45.06,5,548
402,LUIS YANEZ,France,Brest,2005-07-28,2005-08-03,5,17.95,14.99,5,548
407,DALE RATCLIFF,South Africa,Rustenburg,2005-08-20,2005-08-26,5,17.95,8.18,5,548
455,JON WILES,Bolivia,El Alto,2005-08-19,2005-08-25,5,17.95,16.36,5,548
537,CLINTON BUFORD,United States,Aurora,2005-07-10,2005-07-16,5,17.95,20.76,5,548
561,IAN STILL,United States,Garland,2005-06-18,2005-06-24,5,17.95,20.76,5,548
597,FREDDIE DUGGAN,Peru,Sullana,2005-08-01,2005-08-07,5,17.95,20.0,5,548
598,WADE DELVALLE,Switzerland,Lausanne,2005-07-29,2005-08-04,5,17.95,11.25,5,548
25,DEBORAH WALKER,Pakistan,Shikarpur,2005-07-07,2005-07-13,6,17.94,15.86,6,549
26,JESSICA HALL,Holy See (Vatican City State),Citt del Vaticano,2005-07-29,2005-08-04,6,17.94,13.16,6,549
30,MELISSA KING,Taiwan,Lungtan,2005-07-29,2005-08-04,6,17.94,8.56,6,549
35,VIRGINIA GREEN,France,Toulouse,2005-06-16,2005-06-22,6,17.94,49.02,6,549
49,JOYCE EDWARDS,Saudi Arabia,Jedda,2005-07-30,2005-08-05,6,17.94,9.14,6,549
72,THERESA WATSON,Philippines,Taguig,2005-07-06,2005-07-12,6,17.94,107.86,6,549
91,LOIS BUTLER,Brunei,Bandar Seri Begawan,2005-08-21,2005-08-27,6,17.94,15.89,6,549
93,PHYLLIS FOSTER,China,Zalantun,2005-08-21,2005-08-27,6,17.94,15.41,6,549
94,NORMA GONZALES,Philippines,Bislig,2005-08-18,2005-08-24,6,17.94,60.0,6,549
101,PEGGY MYERS,Saudi Arabia,Abha,2005-08-18,2005-08-24,6,17.94,12.26,6,549
114,GRACE ELLIS,Germany,Duisburg,2005-07-07,2005-07-13,6,17.94,19.26,6,549
146,JAMIE RICE,United States,Sterling Heights,2005-06-16,2005-06-22,6,17.94,25.67,6,549
177,SAMANTHA DUNCAN,Mexico,Matamoros,2005-07-30,2005-08-05,6,17.94,25.7,6,549
177,SAMANTHA DUNCAN,Mexico,Matamoros,2005-08-17,2005-08-23,6,17.94,21.61,6,549
185,ROBERTA HARPER,Iran,Shahr-e Kord,2005-07-28,2005-08-03,6,17.94,15.86,6,549
191,JEANETTE GREENE,Russian Federation,Novoterkassk,2005-06-14,2005-06-20,6,17.94,67.44,6,549
207,GERTRUDE CASTILLO,Greenland,Nuuk,2005-07-31,2005-08-06,6,17.94,9.63,6,549
283,FELICIA SUTTON,China,Korla,2005-08-17,2005-08-23,6,17.94,33.76,6,549
324,GARY COY,China,Yuzhou,2005-07-07,2005-07-13,6,17.94,60.0,6,549
325,TIMOTHY BUNN,Brazil,Braslia,2005-07-28,2005-08-03,6,17.94,17.98,6,549
330,SCOTT SHELLEY,United States,Aurora,2005-07-07,2005-07-13,6,17.94,16.35,6,549
353,JONATHAN SCARBOROUGH,Mexico,Pachuca de Soto,2005-08-19,2005-08-25,6,17.94,29.98,6,549
409,RODNEY MOELLER,Nigeria,Deba Habe,2005-07-28,2005-08-03,6,17.94,13.16,6,549
438,BARRY LOVELACE,Zambia,Kitwe,2005-06-15,2005-06-21,6,17.94,41.5,6,549
502,BRETT CORNWELL,India,Siliguri (Shiliguri),2005-08-01,2005-08-07,6,17.94,7.29,6,549
186,HOLLY FOX,India,Haldia,2005-07-29,2005-08-04,6,17.94,53.98,6,550
28,CYNTHIA YOUNG,India,Munger (Monghyr),2005-07-06,2005-07-12,7,17.93,38.56,7,551
34,REBECCA SCOTT,Japan,Kurashiki,2005-07-27,2005-08-02,7,17.93,23.44,7,551
197,SUE PETERS,China,Changzhou,2005-05-26,2005-06-01,7,17.93,179.9,7,551
419,CHAD CARBONE,India,Katihar,2005-07-07,2005-07-13,7,17.93,59.97,7,551
497,GILBERT SLEDGE,United Kingdom,York,2005-08-17,2005-08-23,7,17.93,11.22,7,551
511,CHESTER BENNER,China,Suihua,2005-07-06,2005-07-12,7,17.93,24.49,7,551
278,BILLIE HORTON,Turkey,Inegl,2005-08-17,2005-08-23,8,17.92,16.85,8,552
383,MARTIN BALES,Angola,Namibe,2005-07-29,2005-08-04,8,17.92,25.66,8,552
9,MARGARET MOORE,Oman,Masqat,2005-07-08,2005-07-14,5,16.95,31.84,5,553
23,SARAH LEWIS,Latvia,Liepaja,2005-06-19,2005-06-25,5,16.95,39.21,5,553
30,MELISSA KING,Taiwan,Lungtan,2005-08-21,2005-08-27,5,16.95,9.44,5,553
35,VIRGINIA GREEN,France,Toulouse,2005-06-17,2005-06-23,5,16.95,42.48,5,553
49,JOYCE EDWARDS,Saudi Arabia,Jedda,2005-07-31,2005-08-06,5,16.95,8.49,5,553
62,JOAN COOPER,United States,Saint Louis,2005-06-16,2005-06-22,5,16.95,36.43,5,553
74,DENISE KELLY,Brazil,Rio Claro,2005-08-22,2005-08-28,5,16.95,12.44,5,553
88,BONNIE HUGHES,South Korea,Cheju,2005-07-29,2005-08-04,5,16.95,14.16,5,553
90,RUBY WASHINGTON,China,Meixian,2005-08-21,2005-08-27,5,16.95,7.18,5,553
91,LOIS BUTLER,Brunei,Bandar Seri Begawan,2005-08-22,2005-08-28,5,16.95,14.58,5,553
105,DAWN SULLIVAN,Tuvalu,Funafuti,2005-08-20,2005-08-26,5,16.95,12.13,5,553
107,FLORENCE WOODS,Argentina,Merlo,2005-07-10,2005-07-16,5,16.95,13.78,5,553
114,GRACE ELLIS,Germany,Duisburg,2005-07-09,2005-07-15,5,16.95,17.58,5,553
122,THELMA MURRAY,Peru,Lima,2005-06-18,2005-06-24,5,16.95,33.99,5,553
143,LESLIE GORDON,Turkey,Kilis,2005-06-17,2005-06-23,5,16.95,85.03,5,553
144,CLARA SHAW,Belarus,Molodetno,2005-06-17,2005-06-23,5,16.95,42.48,5,553
157,DARLENE ROSE,North Korea,Pyongyang,2005-07-06,2005-07-12,5,16.95,513.64,5,553
173,AUDREY RAY,Austria,Graz,2005-06-15,2005-06-21,5,16.95,63.72,5,553
176,JUNE CARROLL,Algeria,Skikda,2005-07-29,2005-08-04,5,16.95,11.08,5,553
180,STACY CUNNINGHAM,Colombia,Pereira,2005-08-20,2005-08-26,5,16.95,11.58,5,553
183,IDA ANDREWS,Brazil,Luzinia,2005-08-18,2005-08-24,5,16.95,21.24,5,553
200,JEANNE LAWSON,Turkmenistan,Ashgabat,2005-07-06,2005-07-12,5,16.95,15.93,5,553
220,CHARLENE ALVAREZ,Tanzania,Zanzibar,2005-07-10,2005-07-16,5,16.95,127.76,5,553
225,ARLENE HARVEY,India,Ambattur,2005-08-01,2005-08-07,5,16.95,6.29,5,553
230,JOY GEORGE,Romania,Botosani,2005-07-09,2005-07-15,5,16.95,19.62,5,553
236,MARCIA DEAN,Philippines,Tanza,2005-07-10,2005-07-16,5,16.95,9.62,5,553
269,CASSANDRA WALTERS,United States,Salinas,2005-05-25,2005-05-31,5,16.95,255.53,5,553
279,DIANNE SHELTON,Iran,Tabriz,2005-06-15,2005-06-21,5,16.95,127.76,5,553
290,KRISTINA CHAMBERS,Venezuela,Valle de la Pascua,2005-08-18,2005-08-24,5,16.95,12.74,5,553
303,WILLIAM SATTERFIELD,Yemen,Sanaa,2005-07-29,2005-08-04,5,16.95,18.2,5,553
317,EDWARD BAUGH,Faroe Islands,Trshavn,2005-08-21,2005-08-27,5,16.95,8.64,5,553
336,JOSHUA MARK,India,Rampur,2005-06-19,2005-06-25,5,16.95,56.69,5,553
357,KEITH RICO,Slovakia,Bratislava,2005-08-01,2005-08-07,5,16.95,11.86,5,553
380,RUSSELL BRINSON,Poland,Tychy,2005-06-18,2005-06-24,5,16.95,33.99,5,553
381,BOBBY BOUDREAU,Anguilla,South Hill,2005-06-15,2005-06-21,5,16.95,72.96,5,553
386,TODD TAN,Ukraine,Kamjanets-Podilskyi,2005-06-16,2005-06-22,5,16.95,63.64,5,553
393,PHILIP CAUSEY,Russian Federation,Korolev,2005-07-27,2005-08-02,5,16.95,11.58,5,553
419,CHAD CARBONE,India,Katihar,2005-08-01,2005-08-07,5,16.95,12.75,5,553
450,JAY ROBB,Indonesia,Surakarta,2005-06-17,2005-06-23,5,16.95,51.0,5,553
456,RONNIE RICKETTS,Senegal,Ziguinchor,2005-08-20,2005-08-26,5,16.95,14.15,5,553
488,SHANE MILLARD,Mexico,La Paz,2005-07-30,2005-08-05,5,16.95,12.43,5,553
497,GILBERT SLEDGE,United Kingdom,York,2005-07-08,2005-07-14,5,16.95,14.98,5,553
498,GENE SANBORN,Oman,Salala,2005-07-29,2005-08-04,5,16.95,11.86,5,553
500,REGINALD KINDER,Indonesia,Madiun,2005-08-20,2005-08-26,5,16.95,16.45,5,553
513,DUANE TUBBS,Nauru,Yangor,2005-07-31,2005-08-06,5,16.95,9.44,5,553
515,ANDRE RAPP,Chile,Coquimbo,2005-07-06,2005-07-12,5,16.95,19.6,5,553
517,BRAD MCCURDY,Taiwan,Chungho,2005-08-17,2005-08-23,5,16.95,26.82,5,553
575,ISAAC OGLESBY,Mexico,Cuernavaca,2005-08-19,2005-08-25,5,16.95,8.09,5,553
578,WILLARD LUMPKIN,Mexico,Carmen,2005-07-09,2005-07-15,5,16.95,25.48,5,553
14,BETTY WHITE,United States,Citrus Heights,2005-08-18,2005-08-24,5,16.95,11.58,5,554
72,THERESA WATSON,Philippines,Taguig,2005-07-09,2005-07-15,5,16.95,85.03,5,554
97,ANNIE RUSSELL,Mozambique,Tete,2005-07-07,2005-07-13,5,16.95,28.34,5,554
155,GAIL KNIGHT,Switzerland,Bern,2005-08-21,2005-08-27,5,16.95,15.44,5,554
205,EILEEN CARR,Paraguay,Ciudad del Este,2005-08-21,2005-08-27,5,16.95,21.23,5,554
222,DELORES HANSEN,Russian Federation,Jaroslavl,2005-07-28,2005-08-03,5,16.95,16.98,5,554
230,JOY GEORGE,Romania,Botosani,2005-06-16,2005-06-22,5,16.95,51.0,5,554
328,JEFFREY SPEAR,Indonesia,Ciparay,2005-08-21,2005-08-27,5,16.95,11.59,5,554
361,LAWRENCE LAWTON,Cameroon,Yaound,2005-08-01,2005-08-07,5,16.95,17.01,5,554
380,RUSSELL BRINSON,Poland,Tychy,2005-07-06,2005-07-12,5,16.95,18.21,5,554
415,GLENN PULLEN,Netherlands,Amersfoort,2005-07-31,2005-08-06,5,16.95,14.57,5,554
443,FRANCISCO SKIDMORE,Brazil,So Leopoldo,2005-08-21,2005-08-27,5,16.95,8.94,5,554
456,RONNIE RICKETTS,Senegal,Ziguinchor,2005-07-06,2005-07-12,5,16.95,19.61,5,554
469,WESLEY BULL,Spain,Ourense (Orense),2005-08-01,2005-08-07,5,16.95,6.29,5,554
534,CHRISTIAN JUNG,India,Amroha,2005-08-18,2005-08-24,5,16.95,13.41,5,554
549,NELSON CHRISTENSON,Spain,Santiago de Compostela,2005-08-17,2005-08-23,5,16.95,14.99,5,554
576,MORRIS MCCARTER,Taiwan,Fengshan,2005-08-19,2005-08-25,5,16.95,9.44,5,554
6,JENNIFER DAVIS,United States,Laredo,2005-07-27,2005-08-02,6,16.94,25.49,6,555
11,LISA ANDERSON,Japan,Sagamihara,2005-08-16,2005-08-22,6,16.94,11.32,6,555
21,MICHELLE CLARK,Bangladesh,Tangail,2005-07-29,2005-08-04,6,16.94,23.16,6,555
28,CYNTHIA YOUNG,India,Munger (Monghyr),2005-07-08,2005-07-14,6,16.94,34.02,6,555
52,JULIE SANCHEZ,Spain,A Corua (La Corua),2005-07-30,2005-08-05,6,16.94,14.56,6,555
104,RITA GRAHAM,France,Toulon,2005-08-19,2005-08-25,6,16.94,23.16,6,555
163,CATHY SPENCER,Japan,Kakamigahara,2005-07-27,2005-08-02,6,16.94,20.38,6,555
169,ERICA MATTHEWS,China,Pingxiang,2005-08-19,2005-08-25,6,16.94,19.59,6,555
183,IDA ANDREWS,Brazil,Luzinia,2005-07-07,2005-07-13,6,16.94,28.31,6,555
197,SUE PETERS,China,Changzhou,2005-05-27,2005-06-02,6,16.94,127.69,6,555
227,COLLEEN BURTON,Germany,Saarbrcken,2005-07-29,2005-08-04,6,16.94,15.92,6,555
228,ALLISON STANLEY,Cambodia,Phnom Penh,2005-07-08,2005-07-14,6,16.94,14.15,6,555
297,SHERRI RHODES,India,Ahmadnagar,2005-07-30,2005-08-05,6,16.94,13.06,6,555
298,ERIKA PENA,Finland,Oulu,2005-07-05,2005-07-11,6,16.94,26.8,6,555
298,ERIKA PENA,Finland,Oulu,2005-07-06,2005-07-12,6,16.94,25.47,6,555
316,STEVEN CURLEY,India,Miraj,2005-08-17,2005-08-23,6,16.94,11.84,6,555
395,JOHNNY TURPIN,Sudan,al-Qadarif,2005-08-17,2005-08-23,6,16.94,46.28,6,555
419,CHAD CARBONE,India,Katihar,2005-07-09,2005-07-15,6,16.94,51.02,6,555
435,RICKY SHELBY,China,Junan,2005-08-18,2005-08-24,6,16.94,12.74,6,555
450,JAY ROBB,Indonesia,Surakarta,2005-07-27,2005-08-02,6,16.94,29.95,6,555
452,TOM MILNER,United Arab Emirates,Abu Dhabi,2005-08-18,2005-08-24,6,16.94,18.19,6,555
497,GILBERT SLEDGE,United Kingdom,York,2005-08-19,2005-08-25,6,16.94,10.39,6,555
498,GENE SANBORN,Oman,Salala,2005-07-07,2005-07-13,6,16.94,21.25,6,555
506,LESLIE SEWARD,Indonesia,Pontianak,2005-07-29,2005-08-04,6,16.94,13.05,6,555
507,EDGAR RHOADS,Turkey,Eskisehir,2005-07-08,2005-07-14,6,16.94,18.87,6,555
557,FELIX GAFFNEY,Lithuania,Vilnius,2005-08-19,2005-08-25,6,16.94,31.88,6,555
567,ALFREDO MCADAMS,Russian Federation,Serpuhov,2005-07-06,2005-07-12,6,16.94,63.68,6,555
1,MARY SMITH,Japan,Sasebo,2005-08-18,2005-08-24,7,16.93,14.15,7,556
72,THERESA WATSON,Philippines,Taguig,2005-08-19,2005-08-25,7,16.93,10.39,7,556
133,PAULINE HENRY,Mexico,Torren,2005-07-27,2005-08-02,7,16.93,15.91,7,556
215,JESSIE BANKS,Bulgaria,Stara Zagora,2005-08-19,2005-08-25,7,16.93,26.83,7,556
278,BILLIE HORTON,Turkey,Inegl,2005-08-19,2005-08-25,7,16.93,15.44,7,556
283,FELICIA SUTTON,China,Korla,2005-07-08,2005-07-14,7,16.93,14.14,7,556
381,BOBBY BOUDREAU,Anguilla,South Hill,2005-07-06,2005-07-12,7,16.93,29.96,7,556
381,BOBBY BOUDREAU,Anguilla,South Hill,2005-07-29,2005-08-04,7,16.93,22.17,7,556
424,KYLE SPURLOCK,China,Shanwei,2005-07-06,2005-07-12,7,16.93,39.16,7,556
442,LEROY BUSTAMANTE,China,Tongliao,2005-08-19,2005-08-25,7,16.93,13.76,7,556
516,ELMER NOE,Cambodia,Battambang,2005-08-17,2005-08-23,7,16.93,17.55,7,556
568,ALBERTO HENNING,Venezuela,Barcelona,2005-07-28,2005-08-03,7,16.93,33.97,7,556
1,MARY SMITH,Japan,Sasebo,2005-07-29,2005-08-04,5,15.95,10.66,5,557
8,SUSAN WILSON,New Zealand,Hamilton,2005-07-08,2005-07-14,5,15.95,17.13,5,557
10,DOROTHY TAYLOR,Iran,Esfahan,2005-06-16,2005-06-22,5,15.95,95.89,5,557
11,LISA ANDERSON,Japan,Sagamihara,2005-08-17,2005-08-23,5,15.95,10.42,5,557
18,CAROL GARCIA,Nigeria,Kaduna,2005-07-08,2005-07-14,5,15.95,18.43,5,557
20,SHARON ROBINSON,Pakistan,Mardan,2005-08-21,2005-08-27,5,15.95,9.05,5,557
57,EVELYN MORGAN,Liechtenstein,Vaduz,2005-07-10,2005-07-16,5,15.95,13.32,5,557
60,MILDRED BAILEY,India,Jaipur,2005-08-22,2005-08-28,5,15.95,11.7,5,557
79,RACHEL BARNES,Japan,Kamakura,2005-07-29,2005-08-04,5,15.95,11.7,5,557
89,JULIA FLORES,Argentina,La Plata,2005-08-17,2005-08-23,5,15.95,10.43,5,557
92,TINA SIMMONS,Brazil,Goinia,2005-08-19,2005-08-25,5,15.95,13.7,5,557
111,CARMEN OWENS,Venezuela,Caracas,2005-06-17,2005-06-23,5,15.95,47.95,5,557
119,SHERRY MARSHALL,Egypt,Shubra al-Khayma,2005-07-31,2005-08-06,5,15.95,10.9,5,557
146,JAMIE RICE,United States,Sterling Heights,2005-06-17,2005-06-23,5,15.95,20.84,5,557
167,SALLY PIERCE,India,Chandrapur,2005-08-22,2005-08-28,5,15.95,9.41,5,557
177,SAMANTHA DUNCAN,Mexico,Matamoros,2005-08-01,2005-08-07,5,15.95,20.87,5,557
179,DANA HART,Russian Federation,Kirovo-Tepetsk,2005-07-31,2005-08-06,5,15.95,7.61,5,557
216,NATALIE MEYER,Brazil,Aparecida de Goinia,2005-06-15,2005-06-21,5,15.95,95.89,5,557
225,ARLENE HARVEY,India,Ambattur,2005-07-11,2005-07-17,5,15.95,12.95,5,557
233,LILLIE KIM,Egypt,Idfu,2005-07-29,2005-08-04,5,15.95,10.65,5,557
250,JO FOWLER,Nigeria,Oyo,2005-07-06,2005-07-12,5,15.95,95.89,5,557
251,VICKIE BREWER,Germany,Halle/Saale,2005-07-29,2005-08-04,5,15.95,14.1,5,557
270,LEAH CURTIS,Poland,Kalisz,2005-08-18,2005-08-24,5,15.95,11.99,5,557
285,MIRIAM MCKINNEY,Japan,Otsu,2005-07-11,2005-07-17,5,15.95,12.61,5,557
304,DAVID ROYAL,Peru,Callao,2005-07-10,2005-07-16,5,15.95,11.98,5,557
316,STEVEN CURLEY,India,Miraj,2005-08-18,2005-08-24,5,15.95,10.9,5,557
330,SCOTT SHELLEY,United States,Aurora,2005-07-09,2005-07-15,5,15.95,13.71,5,557
354,JUSTIN NGO,Brazil,Santo Andr,2005-08-19,2005-08-25,5,15.95,9.05,5,557
358,SAMUEL MARLOW,India,Ranchi,2005-06-17,2005-06-23,5,15.95,59.96,5,557
358,SAMUEL MARLOW,India,Ranchi,2005-07-30,2005-08-05,5,15.95,26.66,5,557
360,RALPH MADRIGAL,Puerto Rico,Arecibo,2005-07-09,2005-07-15,5,15.95,14.98,5,557
364,BENJAMIN VARNEY,Mexico,Guadalajara,2005-08-19,2005-08-25,5,15.95,17.77,5,557
382,VICTOR BARKLEY,United States,Manchester,2005-06-18,2005-06-24,5,15.95,80.02,5,557
395,JOHNNY TURPIN,Sudan,al-Qadarif,2005-08-21,2005-08-27,5,15.95,39.97,5,557
405,LEONARD SCHOFIELD,Argentina,Tandil,2005-08-21,2005-08-27,5,15.95,11.43,5,557
411,NORMAN CURRIER,Indonesia,Cianjur,2005-07-06,2005-07-12,5,15.95,96.28,5,557
414,VINCENT RALSTON,Mexico,Allende,2005-07-27,2005-08-02,5,15.95,19.18,5,557
416,JEFFERY PINSON,Pakistan,Dadu,2005-08-21,2005-08-27,5,15.95,7.16,5,557
440,BERNARD COLBY,India,Dhule (Dhulia),2005-07-08,2005-07-14,5,15.95,160.03,5,557
457,BILL GAVIN,United States,Rockford,2005-06-19,2005-06-25,5,15.95,20.85,5,557
470,GORDON ALLARD,Yemen,Hodeida,2005-07-31,2005-08-06,5,15.95,5.39,5,557
477,DAN PAINE,United Kingdom,Stockport,2005-08-18,2005-08-24,5,15.95,10.65,5,557
481,HERMAN DEVORE,Tanzania,Mwanza,2005-08-20,2005-08-26,5,15.95,8.27,5,557
491,RICK MATTOX,Egypt,Mit Ghamr,2005-08-17,2005-08-23,5,15.95,10.42,5,557
495,CHARLIE BESS,China,Baiyin,2005-08-19,2005-08-25,5,15.95,8.72,5,557
506,LESLIE SEWARD,Indonesia,Pontianak,2005-07-31,2005-08-06,5,15.95,11.99,5,557
514,FRANKLIN TROUTMAN,China,Zaoyang,2005-08-19,2005-08-25,5,15.95,15.99,5,557
530,DARRYL ASHCRAFT,Argentina,Ezeiza,2005-07-29,2005-08-04,5,15.95,19.19,5,557
534,CHRISTIAN JUNG,India,Amroha,2005-06-16,2005-06-22,5,15.95,68.55,5,557
536,FERNANDO CHURCHILL,South Korea,Tonghae,2005-07-05,2005-07-11,5,15.95,43.62,5,557
542,LONNIE TIRADO,Indonesia,Pangkal Pinang,2005-08-17,2005-08-23,5,15.95,20.84,5,557
554,DWAYNE OLVERA,India,Rajkot,2005-08-20,2005-08-26,5,15.95,11.69,5,557
574,JULIAN VEST,Japan,Akishima,2005-06-16,2005-06-22,5,15.95,483.33,5,557
587,SERGIO STANFIELD,Mexico,Celaya,2005-07-06,2005-07-12,5,15.95,29.98,5,557
589,TRACY HERRMANN,Ecuador,Loja,2005-08-21,2005-08-27,5,15.95,8.13,5,557
1,MARY SMITH,Japan,Sasebo,2005-08-19,2005-08-25,6,15.94,12.97,6,558
91,LOIS BUTLER,Brunei,Bandar Seri Begawan,2005-07-29,2005-08-04,6,15.94,10.66,6,558
201,VICKI FIELDS,Germany,Witten,2005-07-27,2005-08-02,6,15.94,39.92,6,558
214,KRISTIN JOHNSTON,United States,Sunnyvale,2005-08-20,2005-08-26,6,15.94,8.87,6,558
215,JESSIE BANKS,Bulgaria,Stara Zagora,2005-08-21,2005-08-27,6,15.94,24.01,6,558
243,LYDIA BURKE,Argentina,San Miguel de Tucumn,2005-08-19,2005-08-25,6,15.94,16.54,6,558
278,BILLIE HORTON,Turkey,Inegl,2005-08-20,2005-08-26,6,15.94,14.11,6,558
283,FELICIA SUTTON,China,Korla,2005-07-27,2005-08-02,6,15.94,13.71,6,558
381,BOBBY BOUDREAU,Anguilla,South Hill,2005-07-30,2005-08-05,6,15.94,20.01,6,558
384,ERNEST STEPP,China,Huaian,2005-07-07,2005-07-13,6,15.94,13.69,6,558
405,LEONARD SCHOFIELD,Argentina,Tandil,2005-07-07,2005-07-13,6,15.94,17.75,6,558
424,KYLE SPURLOCK,China,Shanwei,2005-07-08,2005-07-14,6,15.94,34.26,6,558
430,RAY HOULE,Russian Federation,Dzerzinsk,2005-06-15,2005-06-21,6,15.94,59.92,6,558
444,MARCUS HIDALGO,Estonia,Tartu,2005-08-20,2005-08-26,6,15.94,11.41,6,558
459,TOMMY COLLAZO,Iran,Qomsheh,2005-07-06,2005-07-12,6,15.94,18.44,6,558
461,DEREK BLAKELY,Philippines,Gingoog,2005-07-30,2005-08-05,6,15.94,30.04,6,558
519,RON DELUCA,Japan,Isesaki,2005-07-08,2005-07-14,6,15.94,26.61,6,558
527,CORY MEEHAN,Belarus,Mogiljov,2005-07-29,2005-08-04,6,15.94,19.18,6,558
565,JAIME NETTLES,Peru,Hunuco,2005-07-05,2005-07-11,6,15.94,28.18,6,558
565,JAIME NETTLES,Peru,Hunuco,2005-07-07,2005-07-13,6,15.94,22.83,6,558
568,ALBERTO HENNING,Venezuela,Barcelona,2005-07-31,2005-08-06,6,15.94,30.0,6,558
12,NANCY THOMAS,India,Yamuna Nagar,2005-08-16,2005-08-22,5,14.95,12.15,5,559
12,NANCY THOMAS,India,Yamuna Nagar,2005-08-18,2005-08-24,5,14.95,11.83,5,559
15,HELEN HARRIS,India,Bhopal,2005-07-31,2005-08-06,5,14.95,11.83,5,559
30,MELISSA KING,Taiwan,Lungtan,2005-07-30,2005-08-05,5,14.95,6.81,5,559
36,KATHLEEN ADAMS,Iran,Arak,2005-07-31,2005-08-06,5,14.95,11.25,5,559
91,LOIS BUTLER,Brunei,Bandar Seri Begawan,2005-07-30,2005-08-05,5,14.95,9.78,5,559
94,NORMA GONZALES,Philippines,Bislig,2005-08-20,2005-08-26,5,14.95,37.5,5,559
122,THELMA MURRAY,Peru,Lima,2005-07-08,2005-07-14,5,14.95,10.7,5,559
123,SHANNON FREEMAN,India,Varanasi (Benares),2005-06-15,2005-06-21,5,14.95,150.0,5,559
129,CARRIE PORTER,China,Liaocheng,2005-08-01,2005-08-07,5,14.95,8.03,5,559
174,YVONNE WATKINS,Venezuela,Ocumare del Tuy,2005-08-17,2005-08-23,5,14.95,11.82,5,559
185,ROBERTA HARPER,Iran,Shahr-e Kord,2005-07-29,2005-08-04,5,14.95,12.15,5,559
188,MELANIE ARMSTRONG,Philippines,Bayugan,2005-08-21,2005-08-27,5,14.95,11.24,5,559
191,JEANETTE GREENE,Russian Federation,Novoterkassk,2005-06-15,2005-06-21,5,14.95,40.88,5,559
201,VICKI FIELDS,Germany,Witten,2005-07-28,2005-08-03,5,14.95,34.58,5,559
207,GERTRUDE CASTILLO,Greenland,Nuuk,2005-08-01,2005-08-07,5,14.95,7.62,5,559
215,JESSIE BANKS,Bulgaria,Stara Zagora,2005-08-22,2005-08-28,5,14.95,21.45,5,559
233,LILLIE KIM,Egypt,Idfu,2005-08-18,2005-08-24,5,14.95,14.98,5,559
263,HILDA HOPKINS,Philippines,Mandaluyong,2005-07-09,2005-07-15,5,14.95,19.55,5,559
264,GWENDOLYN MAY,Japan,Higashiosaka,2005-07-08,2005-07-14,5,14.95,17.29,5,559
268,NINA SOTO,India,Palghat (Palakkad),2005-06-17,2005-06-23,5,14.95,37.47,5,559
283,FELICIA SUTTON,China,Korla,2005-07-28,2005-08-03,5,14.95,12.5,5,559
288,BOBBIE CRAIG,Mexico,Valle de Santiago,2005-07-06,2005-07-12,5,14.95,74.87,5,559
325,TIMOTHY BUNN,Brazil,Braslia,2005-07-29,2005-08-04,5,14.95,13.62,5,559
326,JOSE ANDREW,Saint Vincent and the Grenadines,Kingstown,2005-08-01,2005-08-07,5,14.95,9.57,5,559
355,TERRY GRISSOM,Japan,Matsue,2005-07-27,2005-08-02,5,14.95,11.23,5,559
362,NICHOLAS BARFIELD,Brazil,Belm,2005-06-15,2005-06-21,5,14.95,89.88,5,559
369,FRED WHEAT,Mexico,Jurez,2005-08-01,2005-08-07,5,14.95,9.78,5,559
376,RANDY GAITHER,Russian Federation,Kurgan,2005-08-19,2005-08-25,5,14.95,10.97,5,559
384,ERNEST STEPP,China,Huaian,2005-07-09,2005-07-15,5,14.95,12.49,5,559
395,JOHNNY TURPIN,Sudan,al-Qadarif,2005-06-16,2005-06-22,5,14.95,453.03,5,559
406,NATHAN RUNYON,"Virgin Islands, U.S.",Charlotte Amalie,2005-07-07,2005-07-13,5,14.95,16.65,5,559
428,HERBERT KRUGER,Russian Federation,Syktyvkar,2005-06-15,2005-06-21,5,14.95,89.88,5,559
454,ALEX GRESHAM,Mexico,Uruapan,2005-08-22,2005-08-28,5,14.95,9.17,5,559
520,MITCHELL WESTMORELAND,Vietnam,Nha Trang,2005-07-29,2005-08-04,5,14.95,8.81,5,559
527,CORY MEEHAN,Belarus,Mogiljov,2005-07-31,2005-08-06,5,14.95,17.3,5,559
552,HUGH WALDROP,China,Haining,2005-08-19,2005-08-25,5,14.95,9.17,5,559
24,KIMBERLY LEE,Argentina,Crdoba,2005-07-27,2005-08-02,6,14.94,24.97,6,560
84,SARA PERRY,Mexico,Atlixco,2005-06-15,2005-06-21,6,14.94,34.56,6,560
207,GERTRUDE CASTILLO,Greenland,Nuuk,2005-07-09,2005-07-15,6,14.94,16.64,6,560
388,CRAIG MORRELL,Philippines,Cavite,2005-07-29,2005-08-04,6,14.94,21.39,6,560
436,TROY QUIGLEY,Canada,Vancouver,2005-07-06,2005-07-12,6,14.94,44.86,6,560
448,MIGUEL BETANCOURT,Germany,Erlangen,2005-07-07,2005-07-13,6,14.94,11.82,6,560
471,DEAN SAUER,South Africa,Johannesburg,2005-07-28,2005-08-03,6,14.94,20.42,6,560
514,FRANKLIN TROUTMAN,China,Zaoyang,2005-06-16,2005-06-22,6,14.94,89.82,6,560
579,DARYL LARUE,Iraq,Mosul,2005-08-20,2005-08-26,6,14.94,8.02,6,560
387,JESSE SCHILLING,"Congo, The Democratic Republic of the",Lubumbashi,2005-06-15,2005-06-21,6,14.94,20.41,6,561
147,JOANNE ROBERTSON,Japan,Urawa,2005-07-08,2005-07-14,7,14.93,16.03,7,562
244,VIOLA HANSON,Philippines,Lapu-Lapu,2005-08-20,2005-08-26,7,14.93,8.31,7,562
288,BOBBIE CRAIG,Mexico,Valle de Santiago,2005-08-19,2005-08-25,7,14.93,19.53,7,562
64,JUDITH COX,China,Daxian,2005-07-09,2005-07-15,7,14.93,18.72,7,563
142,APRIL BURNS,United Kingdom,Dundee,2005-08-19,2005-08-25,8,14.92,11.21,8,564
16,SANDRA MARTIN,United Kingdom,Southend-on-Sea,2005-07-30,2005-08-05,5,13.95,14.99,5,565
21,MICHELLE CLARK,Bangladesh,Tangail,2005-07-30,2005-08-05,5,13.95,16.79,5,565
28,CYNTHIA YOUNG,India,Munger (Monghyr),2005-06-15,2005-06-21,5,13.95,69.98,5,565
98,LILLIAN GRIFFIN,United Arab Emirates,al-Ayn,2005-07-31,2005-08-06,5,13.95,11.04,5,565
114,GRACE ELLIS,Germany,Duisburg,2005-08-22,2005-08-28,5,13.95,6.76,5,565
115,WENDY HARRISON,Mexico,Nezahualcyotl,2005-07-31,2005-08-06,5,13.95,9.12,5,565
135,JUANITA MASON,India,Pune,2005-08-18,2005-08-24,5,13.95,7.23,5,565
151,MEGAN PALMER,China,Laiwu,2005-06-18,2005-06-24,5,13.95,38.11,5,565
164,JOANN GARDNER,Turkey,Tarsus,2005-07-10,2005-07-16,5,13.95,19.06,5,565
189,LORETTA CARPENTER,Canada,Oshawa,2005-06-16,2005-06-22,5,13.95,69.87,5,565
197,SUE PETERS,China,Changzhou,2005-05-28,2005-06-03,5,13.95,60.04,5,565
198,ELSIE KELLEY,Nigeria,Ikerre,2005-07-30,2005-08-05,5,13.95,9.54,5,565
239,MINNIE ROMERO,Indonesia,Ciomas,2005-07-31,2005-08-06,5,13.95,9.99,5,565
254,MAXINE SILVA,Brazil,Poos de Caldas,2005-06-15,2005-06-21,5,13.95,46.6,5,565
287,BECKY MILES,India,Tambaram,2005-07-09,2005-07-15,5,13.95,12.7,5,565
297,SHERRI RHODES,India,Ahmadnagar,2005-07-31,2005-08-06,5,13.95,9.99,5,565
298,ERIKA PENA,Finland,Oulu,2005-07-07,2005-07-13,5,13.95,18.24,5,565
300,JOHN FARNSWORTH,India,Parbhani,2005-07-29,2005-08-04,5,13.95,8.22,5,565
332,STEPHEN QUALLS,Bangladesh,Dhaka,2005-07-31,2005-08-06,5,13.95,5.74,5,565
344,HENRY BILLINGSLEY,Tonga,Nukualofa,2005-08-19,2005-08-25,5,13.95,16.77,5,565
350,JUAN FRALEY,Russian Federation,Teboksary,2005-08-18,2005-08-24,5,13.95,19.98,5,565
372,STEVE MACKENZIE,Indonesia,Probolinggo,2005-08-21,2005-08-27,5,13.95,4.37,5,565
377,HOWARD FORTNER,Iran,Kermanshah,2005-08-19,2005-08-25,5,13.95,8.22,5,565
393,PHILIP CAUSEY,Russian Federation,Korolev,2005-08-20,2005-08-26,5,13.95,8.93,5,565
395,JOHNNY TURPIN,Sudan,al-Qadarif,2005-07-06,2005-07-12,5,13.95,26.25,5,565
408,MANUEL MURRELL,Sri Lanka,Jaffna,2005-07-07,2005-07-13,5,13.95,38.15,5,565
411,NORMAN CURRIER,Indonesia,Cianjur,2005-07-28,2005-08-03,5,13.95,19.09,5,565
450,JAY ROBB,Indonesia,Surakarta,2005-07-28,2005-08-03,5,13.95,20.97,5,565
471,DEAN SAUER,South Africa,Johannesburg,2005-07-30,2005-08-05,5,13.95,18.24,5,565
503,ANGEL BARCLAY,Japan,Ueda,2005-07-28,2005-08-03,5,13.95,12.71,5,565
516,ELMER NOE,Cambodia,Battambang,2005-08-18,2005-08-24,5,13.95,13.11,5,565
527,CORY MEEHAN,Belarus,Mogiljov,2005-07-08,2005-07-14,5,13.95,52.58,5,565
557,FELIX GAFFNEY,Lithuania,Vilnius,2005-07-30,2005-08-05,5,13.95,30.02,5,565
557,FELIX GAFFNEY,Lithuania,Vilnius,2005-08-20,2005-08-26,5,13.95,22.11,5,565
245,COURTNEY DAY,South Korea,Uijongbu,2005-07-31,2005-08-06,5,13.95,6.77,5,566
377,HOWARD FORTNER,Iran,Kermanshah,2005-07-06,2005-07-12,5,13.95,27.99,5,566
51,ALICE STEWART,United States,Fontana,2005-07-30,2005-08-05,6,13.94,7.35,6,567
77,JANE BENNETT,Brazil,Araatuba,2005-07-31,2005-08-06,6,13.94,27.99,6,567
109,EDNA WEST,South Africa,Klerksdorp,2005-07-27,2005-08-02,6,13.94,23.29,6,567
126,ELLEN SIMPSON,Brazil,Po,2005-07-08,2005-07-14,6,13.94,19.04,6,567
129,CARRIE PORTER,China,Liaocheng,2005-07-07,2005-07-13,6,13.94,15.54,6,567
147,JOANNE ROBERTSON,Japan,Urawa,2005-07-09,2005-07-15,6,13.94,14.46,6,567
182,RENEE LANE,United States,Compton,2005-07-07,2005-07-13,6,13.94,17.47,6,567
190,YOLANDA WEAVER,Tanzania,Tabora,2005-08-18,2005-08-24,6,13.94,8.22,6,567
231,GEORGIA JACOBS,India,Uttarpara-Kotrung,2005-07-07,2005-07-13,6,13.94,29.94,6,567
309,CHRISTOPHER GRECO,Italy,Brescia,2005-07-30,2005-08-05,6,13.94,5.99,6,567
371,BILLY POULIN,Philippines,Cabuyao,2005-07-08,2005-07-14,6,13.94,12.7,6,567
383,MARTIN BALES,Angola,Namibe,2005-07-31,2005-08-06,6,13.94,16.77,6,567
413,MARVIN YEE,India,Berhampore (Baharampur),2005-07-27,2005-08-02,6,13.94,29.94,6,567
557,FELIX GAFFNEY,Lithuania,Vilnius,2005-07-08,2005-07-14,6,13.94,34.94,6,567
558,JIMMIE EGGLESTON,Poland,Wroclaw,2005-07-27,2005-08-02,6,13.94,7.1,6,567
586,KIRK STCLAIR,Taiwan,Tsaotun,2005-08-19,2005-08-25,6,13.94,27.97,6,567
12,NANCY THOMAS,India,Yamuna Nagar,2005-07-06,2005-07-12,6,13.94,15.52,6,568
570,IVAN CROMWELL,Mexico,Monclova,2005-07-06,2005-07-12,6,13.94,12.7,6,568
24,KIMBERLY LEE,Argentina,Crdoba,2005-07-30,2005-08-05,5,12.95,19.48,5,569
26,JESSICA HALL,Holy See (Vatican City State),Citt del Vaticano,2005-07-30,2005-08-05,5,12.95,8.47,5,569
31,BRENDA WRIGHT,India,Kamarhati,2005-07-27,2005-08-02,5,12.95,10.81,5,569
36,KATHLEEN ADAMS,Iran,Arak,2005-07-07,2005-07-13,5,12.95,392.42,5,569
51,ALICE STEWART,United States,Fontana,2005-07-31,2005-08-06,5,12.95,6.71,5,569
77,JANE BENNETT,Brazil,Araatuba,2005-08-01,2005-08-07,5,12.95,24.39,5,569
109,EDNA WEST,South Africa,Klerksdorp,2005-07-28,2005-08-03,5,12.95,20.5,5,569
115,WENDY HARRISON,Mexico,Nezahualcyotl,2005-08-17,2005-08-23,5,12.95,12.57,5,569
133,PAULINE HENRY,Mexico,Torren,2005-07-29,2005-08-04,5,12.95,10.82,5,569
141,DEBBIE REYES,Japan,Fukuyama,2005-07-07,2005-07-13,5,12.95,18.53,5,569
147,JOANNE ROBERTSON,Japan,Urawa,2005-07-10,2005-07-16,5,12.95,12.98,5,569
162,LAUREN HUDSON,France,Le Mans,2005-06-15,2005-06-21,5,12.95,32.46,5,569
186,HOLLY FOX,India,Haldia,2005-07-30,2005-08-05,5,12.95,25.97,5,569
192,LAURIE LAWRENCE,India,Firozabad,2005-07-06,2005-07-12,5,12.95,97.37,5,569
224,PEARL GARZA,India,Jodhpur,2005-07-27,2005-08-02,5,12.95,25.97,5,569
231,GEORGIA JACOBS,India,Uttarpara-Kotrung,2005-07-08,2005-07-14,5,12.95,25.97,5,569
237,TANYA GILBERT,South Korea,Naju,2005-06-15,2005-06-21,5,12.95,64.97,5,569
240,MARLENE WELCH,Japan,Iwaki,2005-07-07,2005-07-13,5,12.95,25.95,5,569
243,LYDIA BURKE,Argentina,San Miguel de Tucumn,2005-08-20,2005-08-26,5,12.95,12.17,5,569
246,MARIAN MENDOZA,Brazil,Maring,2005-06-15,2005-06-21,5,12.95,12.55,5,569
248,CAROLINE BOWMAN,United States,Tallahassee,2005-07-06,2005-07-12,5,12.95,78.01,5,569
271,PENNY NEAL,India,Kumbakonam,2005-07-06,2005-07-12,5,12.95,129.93,5,569
320,ANTHONY SCHWAB,American Samoa,Tafuna,2005-07-29,2005-08-04,5,12.95,13.91,5,569
350,JUAN FRALEY,Russian Federation,Teboksary,2005-07-08,2005-07-14,5,12.95,24.37,5,569
381,BOBBY BOUDREAU,Anguilla,South Hill,2005-07-08,2005-07-14,5,12.95,18.56,5,569
416,JEFFERY PINSON,Pakistan,Dadu,2005-06-14,2005-06-20,5,12.95,48.75,5,569
438,BARRY LOVELACE,Zambia,Kitwe,2005-06-16,2005-06-22,5,12.95,21.63,5,569
459,TOMMY COLLAZO,Iran,Qomsheh,2005-07-08,2005-07-14,5,12.95,13.43,5,569
498,GENE SANBORN,Oman,Salala,2005-06-16,2005-06-22,5,12.95,17.69,5,569
502,BRETT CORNWELL,India,Siliguri (Shiliguri),2005-08-02,2005-08-08,5,12.95,4.93,5,569
533,JESSIE MILAM,China,Binzhou,2005-06-16,2005-06-22,5,12.95,25.97,5,569
550,GUY BROWNLEE,China,Zhoushan,2005-07-31,2005-08-06,5,12.95,10.82,5,569
558,JIMMIE EGGLESTON,Poland,Wroclaw,2005-07-29,2005-08-04,5,12.95,6.49,5,569
565,JAIME NETTLES,Peru,Hunuco,2005-07-09,2005-07-15,5,12.95,16.23,5,569
570,IVAN CROMWELL,Mexico,Monclova,2005-07-07,2005-07-13,5,12.95,11.45,5,569
586,KIRK STCLAIR,Taiwan,Tsaotun,2005-08-20,2005-08-26,5,12.95,24.37,5,569
593,RENE MCALISTER,United States,Garden Grove,2005-07-08,2005-07-14,5,12.95,12.56,5,569
361,LAWRENCE LAWTON,Cameroon,Yaound,2005-08-19,2005-08-25,5,12.95,8.12,5,570
57,EVELYN MORGAN,Liechtenstein,Vaduz,2005-07-30,2005-08-05,6,12.94,10.52,6,571
75,TAMMY SANDERS,Taiwan,Changhwa,2005-07-09,2005-07-15,6,12.94,9.49,6,571
76,IRENE PRICE,Kazakstan,Pavlodar,2005-06-15,2005-06-21,6,12.94,130.27,6,571
78,LORI WOOD,India,Rae Bareli,2005-07-08,2005-07-14,6,12.94,13.41,6,571
142,APRIL BURNS,United Kingdom,Dundee,2005-08-20,2005-08-26,6,12.94,9.26,6,571
394,CHRIS BROTHERS,Spain,Gijn,2005-07-27,2005-08-02,6,12.94,11.79,6,571
401,TONY CARRANZA,Japan,Koriyama,2005-08-19,2005-08-25,6,12.94,9.98,6,571
452,TOM MILNER,United Arab Emirates,Abu Dhabi,2005-07-07,2005-07-13,6,12.94,10.52,6,571
425,FRANCIS SIKES,Mexico,San Juan Bautista Tuxtepec,2005-07-27,2005-08-02,7,12.93,6.94,7,572
4,BARBARA JONES,Myanmar,Myingyan,2005-06-16,2005-06-22,5,11.95,71.84,5,573
31,BRENDA WRIGHT,India,Kamarhati,2005-06-19,2005-06-25,5,11.95,14.97,5,573
52,JULIE SANCHEZ,Spain,A Corua (La Corua),2005-07-31,2005-08-06,5,11.95,8.98,5,573
64,JUDITH COX,China,Daxian,2005-08-18,2005-08-24,5,11.95,9.99,5,573
76,IRENE PRICE,Kazakstan,Pavlodar,2005-06-16,2005-06-22,5,11.95,90.3,5,573
138,HAZEL WARREN,China,Hohhot,2005-07-09,2005-07-15,5,11.95,27.66,5,573
145,LUCILLE HOLMES,South Africa,Soshanguve,2005-07-08,2005-07-14,5,11.95,10.88,5,573
187,BRITTANY RILEY,Ukraine,Sumy,2005-06-16,2005-06-22,5,11.95,17.95,5,573
208,LUCY WHEELER,India,Balurghat,2005-06-16,2005-06-22,5,11.95,71.84,5,573
241,HEIDI LARSON,China,Xiangfan,2005-06-18,2005-06-24,5,11.95,29.92,5,573
252,MATTIE HOFFMAN,United Kingdom,London,2005-07-28,2005-08-03,5,11.95,27.73,5,573
257,MARSHA DOUGLAS,Mozambique,Beira,2005-08-20,2005-08-26,5,11.95,4.04,5,573
283,FELICIA SUTTON,China,Korla,2005-07-11,2005-07-17,5,11.95,8.77,5,573
335,GREGORY MAULDIN,Tunisia,Sousse,2005-08-19,2005-08-25,5,11.95,14.97,5,573
353,JONATHAN SCARBOROUGH,Mexico,Pachuca de Soto,2005-08-20,2005-08-26,5,11.95,14.97,5,573
361,LAWRENCE LAWTON,Cameroon,Yaound,2005-07-09,2005-07-15,5,11.95,27.66,5,573
371,BILLY POULIN,Philippines,Cabuyao,2005-07-09,2005-07-15,5,11.95,10.27,5,573
391,CLARENCE GAMEZ,Japan,Izumisano,2005-08-17,2005-08-23,5,11.95,12.4,5,573
435,RICKY SHELBY,China,Junan,2005-08-19,2005-08-25,5,11.95,7.99,5,573
447,CLIFFORD BOWENS,Russian Federation,Nabereznyje Telny,2005-07-09,2005-07-15,5,11.95,13.82,5,573
452,TOM MILNER,United Arab Emirates,Abu Dhabi,2005-06-16,2005-06-22,5,11.95,18.92,5,573
462,WARREN SHERROD,Russian Federation,Usolje-Sibirskoje,2005-07-29,2005-08-04,5,11.95,5.44,5,573
467,ALVIN DELOACH,Mexico,Cuauhtmoc,2005-08-21,2005-08-27,5,11.95,5.21,5,573
498,GENE SANBORN,Oman,Salala,2005-07-08,2005-07-14,5,11.95,12.4,5,573
511,CHESTER BENNER,China,Suihua,2005-07-08,2005-07-14,5,11.95,12.83,5,573
556,ARMANDO GRUBER,United Kingdom,Southport,2005-07-08,2005-07-14,5,11.95,13.82,5,573
579,DARYL LARUE,Iraq,Mosul,2005-08-21,2005-08-27,5,11.95,6.09,5,573
143,LESLIE GORDON,Turkey,Kilis,2005-07-29,2005-08-04,5,11.95,12.38,5,574
232,CONSTANCE REID,Nigeria,Zaria,2005-08-17,2005-08-23,6,11.94,6.41,6,575
7,MARIA MILLER,Yugoslavia,Kragujevac,2005-06-16,2005-06-22,5,10.95,15.68,5,576
53,HEATHER MORRIS,Japan,Nagareyama,2005-06-17,2005-06-23,5,10.95,12.19,5,576
72,THERESA WATSON,Philippines,Taguig,2005-08-20,2005-08-26,5,10.95,5.99,5,576
129,CARRIE PORTER,China,Liaocheng,2005-07-08,2005-07-14,5,10.95,10.99,5,576
145,LUCILLE HOLMES,South Africa,Soshanguve,2005-07-28,2005-08-03,5,10.95,6.58,5,576
177,SAMANTHA DUNCAN,Mexico,Matamoros,2005-08-18,2005-08-24,5,10.95,10.3,5,576
232,CONSTANCE REID,Nigeria,Zaria,2005-08-19,2005-08-25,5,10.95,5.78,5,576
309,CHRISTOPHER GRECO,Italy,Brescia,2005-07-31,2005-08-06,5,10.95,4.51,5,576
388,CRAIG MORRELL,Philippines,Cavite,2005-07-30,2005-08-05,5,10.95,13.17,5,576
391,CLARENCE GAMEZ,Japan,Izumisano,2005-06-15,2005-06-21,5,10.95,13.17,5,576
397,JIMMY SCHRADER,Russian Federation,Atinsk,2005-07-30,2005-08-05,5,10.95,6.86,5,576
419,CHAD CARBONE,India,Katihar,2005-07-10,2005-07-16,5,10.95,20.6,5,576
461,DEREK BLAKELY,Philippines,Gingoog,2005-07-31,2005-08-06,5,10.95,15.71,5,576
567,ALFREDO MCADAMS,Russian Federation,Serpuhov,2005-07-07,2005-07-13,5,10.95,23.51,5,576
592,TERRANCE ROUSH,Hungary,Szkesfehrvr,2005-08-17,2005-08-23,5,10.95,7.49,5,576
75,TAMMY SANDERS,Taiwan,Changhwa,2005-07-11,2005-07-17,5,9.95,6.8,5,577
332,STEPHEN QUALLS,Bangladesh,Dhaka,2005-07-09,2005-07-15,5,9.95,21.35,5,577
514,FRANKLIN TROUTMAN,China,Zaoyang,2005-06-17,2005-06-23,5,9.95,29.91,5,577
12,NANCY THOMAS,India,Yamuna Nagar,2005-07-09,2005-07-15,5,9.95,9.65,5,578
595,TERRENCE GUNDERSON,China,Jinzhou,2005-08-17,2005-08-23,6,9.94,5.75,6,579
394,CHRIS BROTHERS,Spain,Gijn,2005-07-30,2005-08-05,5,8.95,7.27,5,580
413,MARVIN YEE,India,Berhampore (Baharampur),2005-07-28,2005-08-03,5,8.95,14.16,5,580
595,TERRENCE GUNDERSON,China,Jinzhou,2005-08-18,2005-08-24,5,8.95,5.08,5,580
425,FRANCIS SIKES,Mexico,San Juan Bautista Tuxtepec,2005-07-30,2005-08-05,6,7.94,3.91,6,581
