customer_name,country,city,payment_date,window_amount,window_count,unique_films_count,window_staffs,window_stores,global_suspicious_rank
TOMMY COLLAZO,Iran,Qomsheh,2005-08-01,96.84,16,16,"1,2,1,2,1,2,1,1,2","1,2,1,2,1,2,1,1,2",1
ELEANOR HUNT,Runion,Saint-Denis,2005-08-02,78.85,15,15,"1,2,2,1,1,1,2,2,1","1,2,2,1,1,1,2,2,1",2
ARNOLD HAVENS,Philippines,Santa Rosa,2005-08-01,74.86,14,14,"2,1,2,1,1,2,2,2,1","2,1,2,1,1,2,2,2,1",3
TOMMY COLLAZO,Iran,Qomsheh,2005-07-31,73.88000000000001,12,12,"1,2,1,2,1,2,1","1,2,1,2,1,2,1",4
MICHELLE CLARK,Bangladesh,Tangail,2005-08-22,72.86,14,13,"2,2,1,1,2,1,2,2,1","2,2,1,1,2,1,2,2,1",5
RHONDA KENNEDY,Netherlands,Apeldoorn,2005-08-02,69.87,13,12,"1,2,1,1,2,2,1","1,2,1,1,2,2,1",6
ELEANOR HUNT,Runion,Saint-Denis,2005-08-23,69.83999999999999,16,16,"1,2,2,1,1,1,2,2,1,2","1,2,2,1,1,1,2,2,1,2",7
MICHELLE CLARK,Bangladesh,Tangail,2005-08-21,67.87,13,12,"2,2,1,1,2,1,2,2","2,2,1,1,2,1,2,2",8
HELEN HARRIS,India,Bhopal,2005-08-23,67.86,14,14,"1,2,1,2,1,2,1,2,2,1,1","1,2,1,2,1,2,1,2,2,1,1",9
ELEANOR HUNT,Runion,Saint-Denis,2005-08-01,67.86,14,14,"1,2,2,1,1,1,2,2","1,2,2,1,1,1,2,2",9
ARTHUR SIMPKINS,Russian Federation,Maikop,2005-08-02,66.86,14,14,"2,2,1,2,1,1,2,2,1","2,2,1,2,1,1,2,2,1",11
ELSIE KELLEY,Nigeria,Ikerre,2005-08-23,65.86,14,14,"1,2,2,1,1,1,2,2,1,1","1,2,2,1,1,1,2,2,1,1",12
LENA JENSEN,India,Halisahar,2005-08-23,62.88,12,12,"2,1,2,1,2,2,2,1","2,1,2,1,2,2,2,1",13
HELEN HARRIS,India,Bhopal,2005-08-22,62.870000000000005,13,13,"1,2,1,2,1,2,1,2,2,1","1,2,1,2,1,2,1,2,2,1",14
TAMMY SANDERS,Taiwan,Changhwa,2005-08-02,62.860000000000014,14,14,"1,1,2,1,2,1,2,1,1","1,1,2,1,2,1,2,1,1",15
SHERRY MARSHALL,Egypt,Shubra al-Khayma,2005-08-23,62.86,14,14,"1,2,2,1,2,1,2,1,2","1,2,2,1,2,1,2,1,2",16
KARL SEAL,United States,Cape Coral,2005-08-22,61.890000000000015,11,11,"1,1,2,1,2,2,1,2,1,1","1,1,2,1,2,2,1,2,1,1",17
MICHELLE CLARK,Bangladesh,Tangail,2005-08-20,61.89000000000001,11,11,"2,2,1,1,2,1,2","2,2,1,1,2,1,2",18
TONYA CHAPMAN,India,Bhilwara,2005-08-01,61.88000000000001,12,11,"1,2,1,2,2,1,2,1","1,2,1,2,2,1,2,1",19
ELEANOR HUNT,Runion,Saint-Denis,2005-08-22,61.85999999999999,14,14,"1,2,2,1,1,1,2,2","1,2,2,1,1,1,2,2",20
TOMMY COLLAZO,Iran,Qomsheh,2005-07-30,60.91000000000001,9,9,"1,2,1,2,1","1,2,1,2,1",21
KARL SEAL,United States,Cape Coral,2005-08-23,60.890000000000015,11,11,"1,2,1,2,2,1,2,1,1,1","1,2,1,2,2,1,2,1,1,1",22
RHONDA KENNEDY,Netherlands,Apeldoorn,2005-08-01,60.89,11,10,"1,2,1,1,2","1,2,1,1,2",23
ELEANOR HUNT,Runion,Saint-Denis,2005-07-31,60.870000000000005,13,13,"1,2,2,1,1,1,2","1,2,2,1,1,1,2",24
ELSIE KELLEY,Nigeria,Ikerre,2005-08-22,60.870000000000005,13,13,"1,2,2,1,1,1,2,2,1","1,2,2,1,1,1,2,2,1",24
TIM CARY,India,Bijapur,2005-08-23,60.87,13,13,"2,2,1,2,1,2,1","2,2,1,2,1,2,1",26
HAROLD MARTINO,Brazil,Boa Vista,2005-08-23,60.86,14,14,"1,1,2,2,1,2,1","1,1,2,2,1,2,1",27
NICHOLAS BARFIELD,Brazil,Belm,2005-08-22,59.900000000000006,10,10,"2,1,1,2,2,1,1","2,1,1,2,2,1,1",28
GUY BROWNLEE,China,Zhoushan,2005-08-23,59.889999999999986,11,11,"1,2,1,2,2,1,2,1","1,2,1,2,2,1,2,1",29
NAOMI JENNINGS,India,Karnal,2005-08-23,59.88,12,12,"1,1,2,1,2,1,2,1,2","1,1,2,1,2,1,2,1,2",30
CURTIS IRBY,Canada,Richmond Hill,2005-08-23,59.879999999999995,12,12,"1,2,1,2,1,2,2,1,1","1,2,1,2,1,2,2,1,1",31
JOANNE ROBERTSON,Japan,Urawa,2005-08-23,59.870000000000005,13,13,"1,2,1,2,2,1,2,1","1,2,1,2,2,1,2,1",32
JIMMIE EGGLESTON,Poland,Wroclaw,2005-07-12,58.89000000000001,11,11,"1,1,1,2,1,2,2,1","1,1,1,2,1,2,2,1",33
DAISY BATES,Russian Federation,Kolpino,2005-08-02,58.88999999999999,11,11,"2,1,1,2,1,2,2,1,2","2,1,1,2,1,2,2,1,2",34
TROY QUIGLEY,Canada,Vancouver,2005-08-23,58.88,12,12,"1,2,2,2,1,2,2","1,2,2,2,1,2,2",35
LOUIS LEONE,Philippines,Tanauan,2005-08-22,57.879999999999995,12,12,"2,2,1,2,2,1,2,2,1","2,2,1,2,2,1,2,2,1",36
TAMMY SANDERS,Taiwan,Changhwa,2005-08-01,56.88000000000001,12,12,"1,1,2,1,2,1,2,1","1,1,2,1,2,1,2,1",37
DIANNE SHELTON,Iran,Tabriz,2005-08-23,56.879999999999995,12,12,"1,2,1,2,2,1,1,2,1","1,2,1,2,2,1,1,2,1",38
ARNOLD HAVENS,Philippines,Santa Rosa,2005-07-31,55.9,10,10,"2,1,2,1,1,2,2","2,1,2,1,1,2,2",39
NAOMI JENNINGS,India,Karnal,2005-08-22,55.89,11,11,"1,1,2,1,2,1,2,1","1,1,2,1,2,1,2,1",40
JORDAN ARCHULETA,Argentina,Avellaneda,2005-08-02,55.89,11,11,"2,1,1,2,2,1,2,2,1,1","2,1,1,2,2,1,2,2,1,1",40
LOUIS LEONE,Philippines,Tanauan,2005-08-02,55.88000000000001,12,12,"1,2,1,1,2,1,1,1,2","1,2,1,1,2,1,1,1,2",42
SHERRY MARSHALL,Egypt,Shubra al-Khayma,2005-08-22,55.88,12,12,"1,2,2,1,2,1,2","1,2,2,1,2,1,2",43
ANGELA HERNANDEZ,Japan,Shimonoseki,2005-08-22,55.870000000000005,13,13,"2,1,2,2,1,2,1,1,1","2,1,2,2,1,2,1,1,1",44
BRANDON HUEY,Turkey,Balikesir,2005-08-02,55.870000000000005,13,13,"2,1,1,2,2,2,1,1,2","2,1,1,2,2,2,1,1,2",44
COURTNEY DAY,South Korea,Uijongbu,2005-08-02,55.860000000000014,14,14,"2,1,2,1,2,1,2,1","2,1,2,1,2,1,2,1",46
CLARA SHAW,Belarus,Molodetno,2005-07-12,54.92,8,8,"1,2,2,2,2","1,2,2,2,2",47
LORI WOOD,India,Rae Bareli,2005-08-02,54.9,10,10,"2,2,1,2,1,2,1,1","2,2,1,2,1,2,1,1",48
STANLEY SCROGGINS,Japan,Omiya,2005-08-22,54.89999999999999,10,10,"1,2,1,1,2","1,2,1,1,2",49
RHONDA KENNEDY,Netherlands,Apeldoorn,2005-08-23,54.89,11,11,"2,1,1,1,1,2,1,2,1","2,1,1,1,1,2,1,2,1",50
CURTIS IRBY,Canada,Richmond Hill,2005-08-22,54.88999999999999,11,11,"1,2,1,2,1,2,2,1","1,2,1,2,1,2,2,1",51
HOLLY FOX,India,Haldia,2005-08-23,54.87,13,13,"1,1,1,2,1,2,2,1","1,1,1,2,1,2,2,1",52
KARL SEAL,United States,Cape Coral,2005-08-21,53.91000000000001,9,9,"1,1,2,1,2,2,1,2,1","1,1,2,1,2,2,1,2,1",53
JOHN FARNSWORTH,India,Parbhani,2005-08-23,53.90000000000002,10,10,"2,2,1,2,1,1,2,2","2,2,1,2,1,1,2,2",54
DAISY BATES,Russian Federation,Kolpino,2005-08-01,53.89999999999999,10,10,"2,1,1,2,1,2,2,1","2,1,1,2,1,2,2,1",55
ROSA REYNOLDS,United States,Lancaster,2005-08-23,53.89,11,11,"1,2,2,1,2,1","1,2,2,1,2,1",56
TROY QUIGLEY,Canada,Vancouver,2005-08-20,53.89,11,11,"1,2,2,2,1,2","1,2,2,2,1,2",56
WARREN SHERROD,Russian Federation,Usolje-Sibirskoje,2005-08-23,53.89,11,11,"2,1,1,2,1,2,1,2,1","2,1,1,2,1,2,1,2,1",56
ARTHUR SIMPKINS,Russian Federation,Maikop,2005-08-01,53.88999999999999,11,11,"2,2,1,2,1,1,2","2,2,1,2,1,1,2",59
DEBRA NELSON,Brazil,Vila Velha,2005-08-01,53.88000000000001,12,12,"2,1,1,1,2,1,2","2,1,1,1,2,1,2",60
HOLLY FOX,India,Haldia,2005-08-22,53.879999999999995,12,12,"1,1,1,2,1,2,2","1,1,1,2,1,2,2",61
GORDON ALLARD,Yemen,Hodeida,2005-08-01,52.910000000000004,9,9,"1,1,2,1,1,1","1,1,2,1,1,1",62
COURTNEY DAY,South Korea,Uijongbu,2005-07-31,52.890000000000015,11,11,"2,1,2,1,2,1","2,1,2,1,2,1",63
HELEN HARRIS,India,Bhopal,2005-08-21,52.89,11,11,"1,2,1,2,1,2,1,2","1,2,1,2,1,2,1,2",64
WESLEY BULL,Spain,Ourense (Orense),2005-08-01,52.88000000000002,12,12,"1,2,2,1,2,1,2,1","1,2,2,1,2,1,2,1",65
MARCIA DEAN,Philippines,Tanza,2005-08-02,52.88000000000001,12,12,"2,1,2,1,1,1,2,2","2,1,2,1,1,1,2,2",66
KARL SEAL,United States,Cape Coral,2005-08-02,52.88000000000001,12,12,"2,2,1,1,2,2,2","2,2,1,1,2,2,2",66
ARLENE HARVEY,India,Ambattur,2005-08-02,52.88,12,12,"2,1,1,2,1,2,1,2","2,1,1,2,1,2,1,2",68
NICHOLAS BARFIELD,Brazil,Belm,2005-08-21,51.92,8,8,"2,1,1,2,2,1","2,1,1,2,2,1",69
GORDON ALLARD,Yemen,Hodeida,2005-07-31,51.92,8,8,"1,1,2,1,1","1,1,2,1,1",69
JORGE OLIVARES,Indonesia,Lhokseumawe,2005-08-02,51.89,11,11,"1,2,1,2,1,2","1,2,1,2,1,2",71
HAROLD MARTINO,Brazil,Boa Vista,2005-08-21,51.879999999999995,12,12,"1,1,2,2,1,2","1,1,2,2,1,2",72
TERRENCE GUNDERSON,China,Jinzhou,2005-08-02,51.870000000000005,13,13,"1,2,1,2,2,1,1,1","1,2,1,2,2,1,1,1",73
TOMMY COLLAZO,Iran,Qomsheh,2005-07-29,50.93000000000001,7,7,"1,2,1,2","1,2,1,2",74
TRACEY BARRETT,Nigeria,Owo,2005-08-23,50.91,9,9,"1,1,2,1,2,1,2","1,1,2,1,2,1,2",75
RALPH MADRIGAL,Puerto Rico,Arecibo,2005-08-02,50.88000000000001,12,12,"1,2,1,2,2,1,2,1,2,2","1,2,1,2,2,1,2,1,2,2",76
CAROLE BARNETT,United States,Peoria,2005-08-23,50.86000000000001,14,14,"1,2,1,1,2,1,2,2,2","1,2,1,1,2,1,2,2,2",77
RHONDA KENNEDY,Netherlands,Apeldoorn,2005-07-31,49.910000000000004,9,9,"1,2,1,1","1,2,1,1",78
TIM CARY,India,Bijapur,2005-08-21,49.91,9,9,"2,2,1,2,1","2,2,1,2,1",79
ARNOLD HAVENS,Philippines,Santa Rosa,2005-07-30,49.91,9,9,"2,1,2,1,1,2","2,1,2,1,1,2",79
WESLEY BULL,Spain,Ourense (Orense),2005-08-23,49.90000000000002,10,10,"2,1,1,2,1","2,1,1,2,1",81
MARC OUTLAW,Italy,Brindisi,2005-08-23,49.900000000000006,10,10,"2,1,1,2,2,1,1","2,1,1,2,2,1,1",82
WESLEY BULL,Spain,Ourense (Orense),2005-08-02,49.88000000000002,12,12,"2,2,1,2,1,2,1,2","2,2,1,2,1,2,1,2",83
ALICE STEWART,United States,Fontana,2005-08-22,49.88,12,12,"2,1,2,1,1,2,2,1,1","2,1,2,1,1,2,2,1,1",84
JUANITA MASON,India,Pune,2005-08-02,49.88,12,12,"2,1,1,1,2,1,2,2,1,2","2,1,1,1,2,1,2,2,1,2",84
CATHERINE CAMPBELL,Russian Federation,Moscow,2005-08-23,49.870000000000005,13,13,"1,2,2,1,1,2,1,1","1,2,2,1,1,2,1,1",86
JACQUELINE LONG,Thailand,Songkhla,2005-08-01,48.92,8,8,"1,1,2,1,2,2","1,1,2,1,2,2",87
DAISY BATES,Russian Federation,Kolpino,2005-07-31,48.91999999999999,8,8,"2,1,1,2,1,2","2,1,1,2,1,2",88
ANDRE RAPP,Chile,Coquimbo,2005-08-22,48.90000000000001,10,10,"2,1,2,1,1,2,2,2","2,1,2,1,1,2,2,2",89
ELEANOR HUNT,Runion,Saint-Denis,2005-07-30,48.900000000000006,10,10,"1,2,2,1,1","1,2,2,1,1",90
ERIN DUNN,Russian Federation,Ljubertsy,2005-08-23,48.900000000000006,10,9,"1,2,1,2,1,2,1","1,2,1,2,1,2,1",90
ELSIE KELLEY,Nigeria,Ikerre,2005-08-21,48.89,11,11,"1,2,2,1,1,1,2","1,2,2,1,1,1,2",92
CAROLYN PEREZ,Thailand,Pak Kret,2005-08-02,48.88000000000001,12,11,"1,1,1,2,2,2,2,1","1,1,1,2,2,2,2,1",93
TERRENCE GUNDERSON,China,Jinzhou,2005-08-01,48.88,12,12,"1,2,1,2,2,1,1","1,2,1,2,2,1,1",94
MITCHELL WESTMORELAND,Vietnam,Nha Trang,2005-08-23,48.86999999999999,13,13,"1,1,1,2,2,1,1,2","1,1,1,2,2,1,1,2",95
JOHN FARNSWORTH,India,Parbhani,2005-08-22,47.91000000000002,9,9,"2,2,1,2,1,1,2","2,2,1,2,1,1,2",96
GERALD FULTZ,India,Satna,2005-08-23,47.89000000000001,11,11,"1,2,2,1,2,1,2","1,2,2,1,2,1,2",97
STEVE MACKENZIE,Indonesia,Probolinggo,2005-08-23,47.89000000000001,11,11,"2,1,2,2,1,2,1","2,1,2,2,1,2,1",97
KARL SEAL,United States,Cape Coral,2005-08-01,47.89000000000001,11,11,"2,2,1,1,2,2","2,2,1,1,2,2",97
ROGER QUINTANILLA,Taiwan,Hsichuh,2005-08-02,47.89,11,11,"2,1,2,1,2,2,1,2,1","2,1,2,1,2,2,1,2,1",100
DEREK BLAKELY,Philippines,Gingoog,2005-08-23,47.89,11,11,"2,1,1,1,2,2","2,1,1,1,2,2",100
BRETT CORNWELL,India,Siliguri (Shiliguri),2005-08-02,47.870000000000005,13,12,"2,1,1,2,2,1,2,1,2","2,1,1,2,2,1,2,1,2",102
ZACHARY HITE,United States,Akron,2005-08-02,46.920000000000016,8,8,"1,2,1,2,2,2","1,2,1,2,2,2",103
MARLENE WELCH,Japan,Iwaki,2005-08-01,46.92000000000001,8,8,"1,1,2,1,2,2,1","1,1,2,1,2,2,1",104
NAOMI JENNINGS,India,Karnal,2005-08-21,46.92,8,8,"1,1,2,1,2,1","1,1,2,1,2,1",105
WARREN SHERROD,Russian Federation,Usolje-Sibirskoje,2005-08-20,46.92,8,8,"2,1,1,2,1,2,1","2,1,1,2,1,2,1",105
MIRIAM MCKINNEY,Japan,Otsu,2005-08-01,46.919999999999995,8,8,"1,1,2,1,2","1,1,2,1,2",107
TONYA CHAPMAN,India,Bhilwara,2005-07-31,46.91000000000001,9,9,"1,2,1,2,2,1","1,2,1,2,2,1",108
PERRY SWAFFORD,Argentina,Quilmes,2005-08-02,46.91000000000001,9,9,"1,2,2,2,1,2,1","1,2,2,2,1,2,1",108
HELEN HARRIS,India,Bhopal,2005-08-20,46.910000000000004,9,9,"1,2,1,2,1,2,1","1,2,1,2,1,2,1",110
ALAN KAHN,China,Emeishan,2005-08-02,46.910000000000004,9,9,"1,1,2,1,1,1,1,2","1,1,2,1,1,1,1,2",110
TERRI VASQUEZ,Brazil,Blumenau,2005-08-23,46.91,9,9,"2,1,2,2,2,2,1","2,1,2,2,2,2,1",112
SALVADOR TEEL,Gambia,Banjul,2005-08-22,46.91,9,9,"2,2,1,2,1","2,2,1,2,1",112
TAMMY SANDERS,Taiwan,Changhwa,2005-07-31,46.90000000000001,10,10,"1,1,2,1,2,1","1,1,2,1,2,1",114
MISTY LAMBERT,United Arab Emirates,Sharja,2005-08-02,46.90000000000001,10,10,"2,1,1,2,1,1,2,1","2,1,1,2,1,1,2,1",114
BERNICE WILLIS,Turkey,Batman,2005-08-23,46.900000000000006,10,10,"2,2,1,2,1,2,1","2,2,1,2,1,2,1",116
CHARLES KOWALSKI,Malaysia,Sungai Petani,2005-08-23,46.900000000000006,10,10,"2,1,1,1,2,1,2","2,1,1,1,2,1,2",116
LOUIS LEONE,Philippines,Tanauan,2005-08-20,46.9,10,10,"2,2,1,2,2,1,2","2,2,1,2,2,1,2",118
BRANDON HUEY,Turkey,Balikesir,2005-08-01,46.89,11,11,"2,1,1,2,2,2,1,1","2,1,1,2,2,2,1,1",119
CHARLES KOWALSKI,Malaysia,Sungai Petani,2005-08-02,46.88,12,12,"1,2,2,1,2,1,1,2,1","1,2,2,1,2,1,1,2,1",120
MARTHA GONZALEZ,Moldova,Chisinau,2005-08-02,46.870000000000005,13,13,"1,2,1,2,1,1,2,2,2,1","1,2,1,2,1,1,2,2,2,1",121
CAROLE BARNETT,United States,Peoria,2005-08-22,46.870000000000005,13,13,"1,2,1,1,2,1,2,2","1,2,1,1,2,1,2,2",121
JEAN BELL,Malaysia,Kuching,2005-08-22,45.92000000000001,8,8,"2,1,1,2,2,1,1","2,1,1,2,2,1,1",123
TONYA CHAPMAN,India,Bhilwara,2005-07-30,45.92000000000001,8,8,"1,2,1,2,2","1,2,1,2,2",123
JOE GILLILAND,Philippines,Imus,2005-08-23,45.92,8,7,"1,1,2,2,2,1","1,1,2,2,2,1",125
JESSICA HALL,Holy See (Vatican City State),Citt del Vaticano,2005-08-23,45.919999999999995,8,8,"1,2,2,1,1,1","1,2,2,1,1,1",126
EDUARDO HIATT,China,Jining,2005-08-01,45.919999999999995,8,8,"1,1,2,1,2,2","1,1,2,1,2,2",126
JUNE CARROLL,Algeria,Skikda,2005-08-23,45.91000000000002,9,9,"1,1,1,2,1,2,2,1","1,1,1,2,1,2,2,1",128
RALPH MADRIGAL,Puerto Rico,Arecibo,2005-08-22,45.91000000000001,9,9,"2,1,2,1,2,1,1","2,1,2,1,2,1,1",129
MICHELE GRANT,China,Yuncheng,2005-08-02,45.910000000000004,9,9,"2,1,2,2,2,1,1","2,1,2,2,2,1,1",130
MARION SNYDER,Brazil,Santa Brbara dOeste,2005-07-12,45.910000000000004,9,9,"1,1,1,2,1,2","1,1,1,2,1,2",130
LENA JENSEN,India,Halisahar,2005-08-22,45.910000000000004,9,9,"2,1,2,1,2,2,2","2,1,2,1,2,2,2",130
MARGIE WADE,China,Lengshuijiang,2005-08-23,45.91,9,9,"1,1,1,2,1,2,1,1","1,1,1,2,1,2,1,1",133
MICHEAL FORMAN,Argentina,Escobar,2005-08-23,45.900000000000006,10,10,"1,2,1,2,1,1,2","1,2,1,2,1,1,2",134
CLARA SHAW,Belarus,Molodetno,2005-08-23,45.9,10,10,"1,2,2,1,2,2,2,1,1","1,2,2,1,2,2,2,1,1",135
HARRY ARCE,Iran,Najafabad,2005-08-23,45.89000000000001,11,11,"1,2,1,2,2,1,1,1","1,2,1,2,2,1,1,1",136
STACEY MONTGOMERY,China,Fuyu,2005-08-23,45.89,11,11,"2,2,2,1,2,1,2","2,2,2,1,2,1,2",137
TERRENCE GUNDERSON,China,Jinzhou,2005-07-31,45.89,11,11,"1,2,1,2,2,1","1,2,1,2,2,1",137
JOHN FARNSWORTH,India,Parbhani,2005-08-21,44.920000000000016,8,8,"2,2,1,2,1,1","2,2,1,2,1,1",139
KENT ARSENAULT,Brazil,Juiz de Fora,2005-08-20,44.920000000000016,8,8,"2,1,1,2,1","2,1,1,2,1",139
MARSHALL THORN,United Kingdom,Southampton,2005-07-12,44.92,8,8,"1,2,1,1,2,2","1,2,1,1,2,2",141
CURTIS IRBY,Canada,Richmond Hill,2005-08-21,44.919999999999995,8,8,"1,2,1,2,1,2","1,2,1,2,1,2",142
SALVADOR TEEL,Gambia,Banjul,2005-08-21,44.919999999999995,8,8,"2,2,1,2","2,2,1,2",142
MARION SNYDER,Brazil,Santa Brbara dOeste,2005-08-22,44.910000000000025,9,9,"2,2,1,1,2,1","2,2,1,1,2,1",144
HOLLY FOX,India,Haldia,2005-08-21,44.91,9,9,"1,1,1,2,1,2","1,1,1,2,1,2",145
TRACY HERRMANN,Ecuador,Loja,2005-08-23,44.91,9,9,"1,1,2,1,1,2,2","1,1,2,1,1,2,2",145
MICHAEL SILVERMAN,China,Tiefa,2005-08-23,44.900000000000006,10,10,"1,2,1,1,1,2,2,1","1,2,1,1,1,2,2,1",147
STEVE MACKENZIE,Indonesia,Probolinggo,2005-08-22,44.900000000000006,10,10,"2,1,2,2,1,2","2,1,2,2,1,2",147
KARL SEAL,United States,Cape Coral,2005-07-31,44.900000000000006,10,10,"2,2,1,1,2","2,2,1,1,2",147
LORI WOOD,India,Rae Bareli,2005-08-23,44.9,10,10,"2,2,1,2,2,1,1,2,2","2,2,1,2,2,1,1,2,2",150
PRISCILLA LOWE,Mexico,Salamanca,2005-08-02,44.9,10,10,"1,1,2,2,1,1","1,1,2,2,1,1",150
PEDRO CHESTNUT,Ukraine,ostka,2005-08-02,44.9,10,10,"1,2,1,1,2,1,1","1,2,1,1,2,1,1",150
ALICE STEWART,United States,Fontana,2005-08-21,44.89,11,11,"2,1,2,1,1,2,2,1","2,1,2,1,1,2,2,1",153
DARREN WINDHAM,Italy,Livorno,2005-08-23,44.89,11,11,"1,2,1,2,2,2,1,2","1,2,1,2,2,2,1,2",153
DEBBIE REYES,Japan,Fukuyama,2005-08-23,44.87999999999999,12,12,"1,2,2,1,2,2,1,1,1","1,2,2,1,2,2,1,1,1",155
GORDON ALLARD,Yemen,Hodeida,2005-07-30,43.94,6,6,"1,1,2,1","1,1,2,1",156
KAREN JACKSON,Turkey,Osmaniye,2005-08-22,43.92,8,8,"2,2,1,1,2,1","2,2,1,1,2,1",157
RAMON CHOATE,Ecuador,Robamba,2005-08-22,43.92,8,8,"1,2,2,1,2","1,2,2,1,2",157
GUY BROWNLEE,China,Zhoushan,2005-08-21,43.91999999999999,8,8,"1,2,1,2,2,1","1,2,1,2,2,1",159
ANDRE RAPP,Chile,Coquimbo,2005-08-21,43.91000000000001,9,9,"2,1,2,1,1,2,2","2,1,2,1,1,2,2",160
CYNTHIA YOUNG,India,Munger (Monghyr),2005-08-02,43.910000000000004,9,9,"1,1,1,2,2,1","1,1,1,2,2,1",161
TANYA GILBERT,South Korea,Naju,2005-08-23,43.910000000000004,9,9,"2,1,2,2,2,1,2","2,1,2,2,2,1,2",161
VIOLA HANSON,Philippines,Lapu-Lapu,2005-08-02,43.910000000000004,9,9,"2,1,2,2,2,1","2,1,2,2,2,1",161
STEVE MACKENZIE,Indonesia,Probolinggo,2005-08-21,43.910000000000004,9,9,"2,1,2,2,1","2,1,2,2,1",161
BRETT CORNWELL,India,Siliguri (Shiliguri),2005-08-01,43.910000000000004,9,8,"2,2,1,1,2,2,1,2","2,2,1,1,2,2,1,2",161
NEIL RENNER,Vietnam,Cam Ranh,2005-08-02,43.910000000000004,9,9,"1,2,1,1,2,1,2","1,2,1,1,2,1,2",161
LORI WOOD,India,Rae Bareli,2005-08-01,43.91,9,9,"2,2,1,2,1,2,1","2,2,1,2,1,2,1",167
RONALD WEINER,Mexico,San Felipe del Progreso,2005-07-12,43.91,9,9,"2,1,1,2,1,1","2,1,1,2,1,1",167
LOUIS LEONE,Philippines,Tanauan,2005-08-19,43.91,9,9,"2,2,1,2,2,1","2,2,1,2,2,1",167
SEAN DOUGLASS,Ethiopia,Addis Abeba,2005-08-21,43.91,9,9,"1,2,1,2,1,2,1,2","1,2,1,2,1,2,1,2",167
EARL SHANKS,Japan,Iwatsuki,2005-08-22,43.91,9,9,"2,1,2,1,1,2,1,2","2,1,2,1,1,2,1,2",167
AMBER DIXON,Taiwan,Touliu,2005-08-23,43.900000000000006,10,10,"1,2,2,1,2,1","1,2,2,1,2,1",172
SHERRI RHODES,India,Ahmadnagar,2005-08-23,43.900000000000006,10,10,"2,1,1,1,2,1,1,2,1","2,1,1,1,2,1,1,2,1",172
JUANITA MASON,India,Pune,2005-08-01,43.89,11,11,"2,1,1,1,2,1,2,2,1","2,1,1,1,2,1,2,2,1",174
ROGER QUINTANILLA,Taiwan,Hsichuh,2005-08-23,43.89,11,11,"2,2,2,1,2,2,1","2,2,2,1,2,2,1",174
MANUEL MURRELL,Sri Lanka,Jaffna,2005-08-23,43.89,11,11,"1,1,2,1,2,2,1,2","1,1,2,1,2,2,1,2",174
ROSS GREY,Philippines,Iligan,2005-08-02,43.89,11,11,"1,2,1,1,2,1,2,1","1,2,1,1,2,1,2,1",174
CAROLYN PEREZ,Thailand,Pak Kret,2005-08-01,43.88000000000001,12,11,"1,1,1,1,2,2,2,2","1,1,1,1,2,2,2,2",178
CAROLE BARNETT,United States,Peoria,2005-08-21,43.88,12,12,"1,2,1,1,2,1,2","1,2,1,1,2,1,2",179
CRYSTAL FORD,Israel,Ashdod,2005-08-02,43.870000000000005,13,13,"2,1,1,2,1,2,1,2,2,1","2,1,1,2,1,2,1,2,2,1",180
MARCIA DEAN,Philippines,Tanza,2005-08-21,42.92000000000001,8,8,"2,1,1,2,1","2,1,1,2,1",181
RALPH MADRIGAL,Puerto Rico,Arecibo,2005-08-21,42.92000000000001,8,8,"2,1,2,1,2,1","2,1,2,1,2,1",181
GORDON ALLARD,Yemen,Hodeida,2005-08-21,42.92000000000001,8,8,"2,1,2,1,2,1,2","2,1,2,1,2,1,2",181
FERNANDO CHURCHILL,South Korea,Tonghae,2005-08-02,42.92000000000001,8,8,"1,2,1,1,1,2,1","1,2,1,1,1,2,1",181
JIMMIE EGGLESTON,Poland,Wroclaw,2005-07-11,42.92000000000001,8,8,"1,1,1,2,1,2","1,1,1,2,1,2",181
LENA JENSEN,India,Halisahar,2005-08-21,42.92,8,8,"2,1,2,1,2,2","2,1,2,1,2,2",186
JERRY JORDON,Japan,Onomichi,2005-08-22,42.92,8,8,"1,1,2,1,2,2,2,1","1,1,2,1,2,2,2,1",186
JESUS MCCARTNEY,Brazil,Guaruj,2005-08-01,42.92,8,8,"2,2,1,2,2,1,2","2,2,1,2,2,1,2",186
ARTHUR SIMPKINS,Russian Federation,Maikop,2005-07-31,42.919999999999995,8,8,"2,2,1,2,1","2,2,1,2,1",189
CLIFFORD BOWENS,Russian Federation,Nabereznyje Telny,2005-08-02,42.919999999999995,8,8,"1,2,1,1,2,1","1,2,1,1,2,1",189
CHERYL MURPHY,India,Mysore,2005-08-23,42.91000000000001,9,9,"1,2,1,2,1,1,2,2","1,2,1,2,1,1,2,2",191
GORDON ALLARD,Yemen,Hodeida,2005-08-02,42.91000000000001,9,9,"1,2,1,1,1,2","1,2,1,1,1,2",191
NEIL RENNER,Vietnam,Cam Ranh,2005-08-23,42.910000000000004,9,9,"2,2,2,1,1,2,1","2,2,2,1,1,2,1",193
GEORGE LINTON,Brazil,Sorocaba,2005-07-30,42.91,9,9,"2,1,2,1,2,2","2,1,2,1,2,2",194
HARRY ARCE,Iran,Najafabad,2005-08-22,42.900000000000006,10,10,"1,2,1,2,2,1,1","1,2,1,2,2,1,1",195
MARIO CHEATHAM,Algeria,Batna,2005-08-01,42.900000000000006,10,10,"1,2,1,2,1","1,2,1,2,1",195
CLYDE TOBIAS,China,Shaoguan,2005-08-02,42.9,10,10,"1,2,1,1,1,2,2","1,2,1,1,1,2,2",197
DARREN WINDHAM,Italy,Livorno,2005-08-22,42.9,10,10,"1,2,1,2,2,2,1","1,2,1,2,2,2,1",197
BOBBY BOUDREAU,Anguilla,South Hill,2005-08-23,42.89,11,11,"1,2,2,2,1,2,1,2,1","1,2,2,2,1,2,1,2,1",199
JEANNE LAWSON,Turkmenistan,Ashgabat,2005-08-23,41.940000000000005,6,6,"1,2,2,1","1,2,2,1",200
ZACHARY HITE,United States,Akron,2005-08-01,41.930000000000014,7,7,"1,2,1,2,2","1,2,1,2,2",201
GERTRUDE CASTILLO,Greenland,Nuuk,2005-08-23,41.93000000000001,7,7,"1,2,2,1","1,2,2,1",202
SANDRA MARTIN,United Kingdom,Southend-on-Sea,2005-08-21,41.93,7,7,"2,1,2,1,1,1","2,1,2,1,1,1",203
TANYA GILBERT,South Korea,Naju,2005-08-22,41.92,8,8,"2,1,2,2,2,1","2,1,2,2,2,1",204
TRACEY BARRETT,Nigeria,Owo,2005-08-22,41.92,8,8,"1,1,1,2,1,2,1","1,1,1,2,1,2,1",204
JESSIE MILAM,China,Binzhou,2005-08-23,41.92,8,8,"2,1,1,1,1,2","2,1,1,1,1,2",204
MARSHALL THORN,United Kingdom,Southampton,2005-08-02,41.92,8,7,"1,2,1,2,2,2","1,2,1,2,2,2",204
COURTNEY DAY,South Korea,Uijongbu,2005-07-30,41.91000000000001,9,9,"2,1,2,1,2","2,1,2,1,2",208
MISTY LAMBERT,United Arab Emirates,Sharja,2005-07-31,41.91000000000001,9,9,"2,1,1,2,1,1,2","2,1,1,2,1,1,2",208
KARL SEAL,United States,Cape Coral,2005-07-12,41.91000000000001,9,9,"1,2,1,2,1,2,1","1,2,1,2,1,2,1",208
JEREMY HURTADO,Brazil,Vitria de Santo Anto,2005-08-22,41.910000000000004,9,9,"1,2,1,2,2,2,1","1,2,1,2,2,2,1",211
LORI WOOD,India,Rae Bareli,2005-08-22,41.91,9,9,"2,2,1,2,2,1,1,2","2,2,1,2,2,1,1,2",212
GLENDA FRAZIER,China,Qinhuangdao,2005-08-02,41.91,9,9,"2,1,1,1,2,2,1","2,1,1,1,2,2,1",212
BRANDY GRAVES,United States,Warren,2005-08-23,41.91,9,9,"1,2,2,1,1,2,1","1,2,2,1,1,2,1",212
BILLY POULIN,Philippines,Cabuyao,2005-08-23,41.91,9,9,"2,1,2,2,1,1","2,1,2,2,1,1",212
MARCIA DEAN,Philippines,Tanza,2005-07-31,41.900000000000006,10,10,"2,1,2,1,1,1,2","2,1,2,1,1,1,2",216
EDWARD BAUGH,Faroe Islands,Trshavn,2005-08-22,41.900000000000006,10,10,"2,2,1,1,2,1","2,2,1,1,2,1",216
LEON BOSTIC,Colombia,Florencia,2005-08-23,41.9,10,9,"2,1,2,1,2,2,2,1,2","2,1,2,1,2,2,2,1,2",218
ANGELA HERNANDEZ,Japan,Shimonoseki,2005-08-21,41.89,11,11,"2,1,2,2,1,2,1,1","2,1,2,2,1,2,1,1",219
JUSTIN NGO,Brazil,Santo Andr,2005-08-01,41.88999999999999,11,11,"1,2,2,1,2,1,1","1,2,2,1,2,1,1",220
DEBBIE REYES,Japan,Fukuyama,2005-08-22,41.889999999999986,11,11,"1,2,2,1,2,2,1,1","1,2,2,1,2,2,1,1",221
MARSHA DOUGLAS,Mozambique,Beira,2005-08-23,41.88000000000001,12,12,"2,2,1,2,2,1,1,2","2,2,1,2,2,1,1,2",222
CHRISTOPHER GRECO,Italy,Brescia,2005-08-01,41.88000000000001,12,12,"2,2,1,1,1,2,1,1","2,2,1,1,1,2,1,1",222
DEBRA NELSON,Brazil,Vila Velha,2005-07-11,40.93000000000001,7,7,"1,2,1,2,1","1,2,1,2,1",224
JEAN BELL,Malaysia,Kuching,2005-08-21,40.93000000000001,7,7,"2,1,1,2,2,1","2,1,1,2,2,1",224
MARIA MILLER,Yugoslavia,Kragujevac,2005-08-02,40.93,7,7,"2,2,2,1,2","2,2,2,1,2",226
KATHRYN COLEMAN,Ukraine,Simferopol,2005-08-02,40.93,7,7,"2,1,2,1,1","2,1,2,1,1",226
SYLVIA ORTIZ,Colombia,Dos Quebradas,2005-08-22,40.93,7,7,"2,1,1,2,2","2,1,1,2,2",226
JESSIE MILAM,China,Binzhou,2005-08-22,40.93,7,7,"2,1,1,1,1","2,1,1,1,1",226
JAIME NETTLES,Peru,Hunuco,2005-08-02,40.93,7,7,"2,1,2,2,1","2,1,2,2,1",226
MARGIE WADE,China,Lengshuijiang,2005-08-22,40.92999999999999,7,7,"1,1,1,2,1,2,1","1,1,1,2,1,2,1",231
JUNE CARROLL,Algeria,Skikda,2005-08-22,40.920000000000016,8,8,"1,1,1,2,1,2,2","1,1,1,2,1,2,2",232
SONIA GREGORY,Nigeria,Benin City,2005-08-01,40.92000000000001,8,8,"2,1,2,1,1,1","2,1,2,1,1,1",233
CYNTHIA YOUNG,India,Munger (Monghyr),2005-08-01,40.92,8,8,"1,1,1,2,2","1,1,1,2,2",234
ROSA REYNOLDS,United States,Lancaster,2005-08-22,40.92,8,8,"1,2,2,1,2","1,2,2,1,2",234
JESUS MCCARTNEY,Brazil,Guaruj,2005-08-02,40.92,8,8,"2,1,2,2,1,2,1","2,1,2,2,1,2,1",234
RENE MCALISTER,United States,Garden Grove,2005-08-02,40.92,8,8,"2,1,2,1,1,2,2","2,1,2,1,1,2,2",234
RON DELUCA,Japan,Isesaki,2005-08-01,40.919999999999995,8,8,"1,2,2,1,2","1,2,2,1,2",238
MARIO CHEATHAM,Algeria,Batna,2005-07-31,40.910000000000004,9,9,"1,2,1,2","1,2,1,2",239
LUCILLE HOLMES,South Africa,Soshanguve,2005-08-21,40.91,9,9,"2,1,2,1,2,2","2,1,2,1,2,2",240
SALVADOR TEEL,Gambia,Banjul,2005-08-23,40.91,9,9,"2,1,2,1,1","2,1,2,1,1",240
RALPH MADRIGAL,Puerto Rico,Arecibo,2005-07-31,40.900000000000006,10,10,"1,2,1,2,2,1,2,1,2","1,2,1,2,2,1,2,1,2",242
RYAN SALISBURY,Latvia,Daugavpils,2005-07-31,40.9,10,10,"1,2,2,1,1","1,2,2,1,1",243
VIRGINIA GREEN,France,Toulouse,2005-07-12,40.89,11,11,"2,2,2,1,1,1,1","2,2,2,1,1,1,1",244
MARJORIE TUCKER,Poland,Jastrzebie-Zdrj,2005-08-23,40.89,11,11,"2,2,1,2,2,1,1","2,2,1,2,2,1,1",244
MONICA HICKS,Ukraine,Mukateve,2005-08-23,40.89,11,11,"2,1,1,2,2,1,2,1","2,1,1,2,2,1,2,1",244
GERTRUDE CASTILLO,Greenland,Nuuk,2005-08-20,39.940000000000005,6,6,"1,2,2","1,2,2",247
BRITTANY RILEY,Ukraine,Sumy,2005-07-12,39.93000000000001,7,7,"2,1,2,1,2,1,2","2,1,2,1,2,1,2",248
FERNANDO CHURCHILL,South Korea,Tonghae,2005-08-23,39.93000000000001,7,7,"1,2,2,1,1","1,2,2,1,1",248
ROY WHITING,Kenya,Nyeri,2005-08-22,39.93,7,7,"2,1,1,1,2","2,1,1,1,2",250
TROY QUIGLEY,Canada,Vancouver,2005-08-19,39.93,7,7,"1,2,2,2","1,2,2,2",250
MARION SNYDER,Brazil,Santa Brbara dOeste,2005-08-21,39.92000000000002,8,8,"2,2,1,1,2","2,2,1,1,2",252
GLORIA COOK,French Polynesia,Papeete,2005-08-23,39.92000000000001,8,8,"1,2,2,1,2,2","1,2,2,1,2,2",253
ELEANOR HUNT,Runion,Saint-Denis,2005-07-29,39.92,8,8,"1,2,2,1","1,2,2,1",254
MICHELE GRANT,China,Yuncheng,2005-08-01,39.92,8,8,"2,1,2,2,2,1","2,1,2,2,2,1",254
EVERETT BANDA,Egypt,Bilbays,2005-08-23,39.92,8,8,"1,2,1,1,2,2,1","1,2,1,1,2,2,1",254
ISAAC OGLESBY,Mexico,Cuernavaca,2005-08-23,39.92,8,8,"1,2,2,2,2,2","1,2,2,2,2,2",254
SHERRY MARSHALL,Egypt,Shubra al-Khayma,2005-08-21,39.910000000000004,9,9,"1,2,2,1,2","1,2,2,1,2",258
ELSIE KELLEY,Nigeria,Ikerre,2005-08-20,39.910000000000004,9,9,"1,2,2,1,1","1,2,2,1,1",258
ROSEMARY SCHMIDT,Turkey,Usak,2005-08-22,39.910000000000004,9,9,"2,1,1,2,2,1,2","2,1,1,2,2,1,2",258
HARRY ARCE,Iran,Najafabad,2005-08-21,39.910000000000004,9,9,"1,2,1,2,2,1","1,2,1,2,2,1",258
ELIZABETH BROWN,Taiwan,Nantou,2005-07-12,39.91,9,9,"2,2,1,2,2,1,1,2","2,2,1,2,2,1,1,2",262
WANDA PATTERSON,Colombia,Sincelejo,2005-08-23,39.91,9,9,"1,1,2,1,1,2","1,1,2,1,1,2",262
PRISCILLA LOWE,Mexico,Salamanca,2005-08-01,39.91,9,9,"1,1,2,2,1","1,1,2,2,1",262
ANA BRADLEY,United States,Memphis,2005-08-23,39.90000000000002,10,10,"1,2,2,2,2","1,2,2,2,2",265
CATHERINE CAMPBELL,Russian Federation,Moscow,2005-08-22,39.900000000000006,10,10,"1,2,2,1,1,2,1","1,2,2,1,1,2,1",266
THELMA MURRAY,Peru,Lima,2005-08-02,39.900000000000006,10,9,"2,1,2,1,1,2,1,2","2,1,2,1,1,2,1,2",266
LESLIE SEWARD,Indonesia,Pontianak,2005-08-23,39.900000000000006,10,10,"2,1,2,2,1,1,2,2,2,1","2,1,2,2,1,1,2,2,2,1",266
JESSICA HALL,Holy See (Vatican City State),Citt del Vaticano,2005-07-11,39.89999999999999,10,10,"1,2,1,1,1,2","1,2,1,1,1,2",269
MARTHA GONZALEZ,Moldova,Chisinau,2005-08-01,39.89000000000001,11,11,"1,2,1,2,1,1,2,2","1,2,1,2,1,1,2,2",270
RUSSELL BRINSON,Poland,Tychy,2005-08-23,39.89000000000001,11,11,"1,2,1,1,1,1,2,2,1","1,2,1,1,1,1,2,2,1",270
TONYA CHAPMAN,India,Bhilwara,2005-07-29,38.93000000000001,7,7,"1,2,1,2","1,2,1,2",272
MARLENE WELCH,Japan,Iwaki,2005-07-30,38.93000000000001,7,7,"1,1,2,1,2,2","1,1,2,1,2,2",272
ALAN KAHN,China,Emeishan,2005-08-23,38.93000000000001,7,7,"2,2,1,1,2","2,2,1,1,2",272
ANDRE RAPP,Chile,Coquimbo,2005-08-20,38.93000000000001,7,7,"2,1,2,1,1,2","2,1,2,1,1,2",272
KARL SEAL,United States,Cape Coral,2005-08-20,38.93000000000001,7,7,"1,1,2,1,2,2,1","1,1,2,1,2,2,1",272
KAREN JACKSON,Turkey,Osmaniye,2005-08-21,38.93,7,7,"2,2,1,1,2","2,2,1,1,2",277
ROSE HOWARD,French Guiana,Cayenne,2005-08-02,38.93,7,7,"1,2,1,2,1","1,2,1,2,1",277
LAURIE LAWRENCE,India,Firozabad,2005-08-23,38.93,7,7,"1,1,2,1,2","1,1,2,1,2",277
WARREN SHERROD,Russian Federation,Usolje-Sibirskoje,2005-08-19,38.93,7,7,"2,1,1,2,1,2","2,1,1,2,1,2",277
ROBERTO VU,China,Yinchuan,2005-07-31,38.92999999999999,7,7,"2,2,2,1,2","2,2,2,1,2",281
DARLENE ROSE,North Korea,Pyongyang,2005-08-22,38.92000000000001,8,8,"1,1,1,2","1,1,1,2",282
GARY COY,China,Yuzhou,2005-08-22,38.92000000000001,8,8,"1,2,2,1,1,2,1","1,2,2,1,1,2,1",282
AMBER DIXON,Taiwan,Touliu,2005-08-22,38.92,8,8,"1,2,2,1,2","1,2,2,1,2",284
ARLENE HARVEY,India,Ambattur,2005-08-01,38.92,8,8,"2,1,1,2,1,2,1","2,1,1,2,1,2,1",284
BRETT CORNWELL,India,Siliguri (Shiliguri),2005-07-31,38.92,8,7,"2,2,1,1,2,2,1","2,2,1,1,2,2,1",284
HAROLD MARTINO,Brazil,Boa Vista,2005-08-20,38.91,9,9,"1,1,2,2,1","1,1,2,2,1",287
BRANDON HUEY,Turkey,Balikesir,2005-07-30,38.91,9,9,"2,1,1,2,2,2,1","2,1,1,2,2,2,1",287
LEON BOSTIC,Colombia,Florencia,2005-08-22,38.91,9,8,"2,1,2,1,2,2,2,1","2,1,2,1,2,2,2,1",287
PEDRO CHESTNUT,Ukraine,ostka,2005-08-01,38.91,9,9,"1,2,1,1,2,1","1,2,1,1,2,1",287
CLYDE TOBIAS,China,Shaoguan,2005-08-01,38.91,9,9,"1,2,1,1,1,2","1,2,1,1,1,2",287
GENE SANBORN,Oman,Salala,2005-08-02,38.90999999999999,9,9,"1,2,1,2,2,1,1","1,2,1,2,2,1,1",292
JANICE WARD,Sweden,Malm,2005-08-23,38.900000000000006,10,10,"1,1,1,2,1,2,1","1,1,1,2,1,2,1",293
JOANNE ROBERTSON,Japan,Urawa,2005-08-22,38.900000000000006,10,10,"1,2,1,2,2,1","1,2,1,2,2,1",293
MARIO CHEATHAM,Algeria,Batna,2005-08-02,38.900000000000006,10,10,"2,1,2,1,2","2,1,2,1,2",293
DAISY BATES,Russian Federation,Kolpino,2005-07-11,38.9,10,10,"2,1,1,1,2,2,1","2,1,1,1,2,2,1",296
DEBRA NELSON,Brazil,Vila Velha,2005-07-10,37.940000000000005,6,6,"1,2,1,2","1,2,1,2",297
JENNIE TERRY,Czech Republic,Olomouc,2005-08-22,37.93000000000001,7,7,"1,2,2,2,1,1","1,2,2,2,1,1",298
RALPH MADRIGAL,Puerto Rico,Arecibo,2005-08-20,37.93000000000001,7,7,"2,1,2,1,2","2,1,2,1,2",298
LEO EBERT,China,Dongying,2005-08-23,37.93000000000001,7,7,"1,1,2,2,1","1,1,2,2,1",298
GORDON ALLARD,Yemen,Hodeida,2005-08-20,37.93000000000001,7,7,"2,1,2,1,2,1","2,1,2,1,2,1",298
LENA JENSEN,India,Halisahar,2005-08-20,37.93,7,7,"2,1,2,1,2","2,1,2,1,2",302
MARSHALL THORN,United Kingdom,Southampton,2005-07-10,37.93,7,7,"1,2,1,1,2","1,2,1,1,2",302
TRACY HERRMANN,Ecuador,Loja,2005-08-21,37.93,7,7,"1,1,2,1,1,2","1,1,2,1,1,2",302
JESSICA HALL,Holy See (Vatican City State),Citt del Vaticano,2005-08-22,37.92999999999999,7,7,"1,2,2,1,1","1,2,2,1,1",305
VIRGINIA GREEN,France,Toulouse,2005-08-02,37.92999999999999,7,7,"1,1,1,2,1,1","1,1,1,2,1,1",305
BILLY POULIN,Philippines,Cabuyao,2005-08-21,37.92999999999999,7,7,"2,1,2,2,1","2,1,2,2,1",305
TIM CARY,India,Bijapur,2005-08-02,37.92999999999999,7,7,"2,1,2,1,2","2,1,2,1,2",305
TERRY CARLSON,Japan,Miyakonojo,2005-08-22,37.92000000000001,8,8,"1,2,1,2,2,1,2","1,2,1,2,2,1,2",309
FLORENCE WOODS,Argentina,Merlo,2005-08-01,37.919999999999995,8,8,"2,2,1,1,2,1,2,1","2,2,1,1,2,1,2,1",310
VICKI FIELDS,Germany,Witten,2005-08-23,37.91000000000001,9,9,"2,2,2,2,1,1,2","2,2,2,2,1,1,2",311
JOHN FARNSWORTH,India,Parbhani,2005-08-02,37.91000000000001,9,9,"1,1,1,1,2,2,1","1,1,1,1,2,2,1",311
ELIZABETH BROWN,Taiwan,Nantou,2005-08-22,37.910000000000004,9,9,"2,1,1,2,1,2,2","2,1,1,2,1,2,2",313
CLARA SHAW,Belarus,Molodetno,2005-08-22,37.91,9,9,"1,2,2,1,2,2,2,1","1,2,2,1,2,2,2,1",314
GLENDA FRAZIER,China,Qinhuangdao,2005-08-22,37.91,9,9,"2,1,2,1,2,1,1","2,1,2,1,2,1,1",314
ROGER QUINTANILLA,Taiwan,Hsichuh,2005-08-22,37.91,9,9,"2,2,2,1,2","2,2,2,1,2",314
MARSHA DOUGLAS,Mozambique,Beira,2005-08-22,37.90000000000001,10,10,"2,2,1,2,2,1","2,2,1,2,2,1",317
CAROLYN PEREZ,Thailand,Pak Kret,2005-07-31,37.900000000000006,10,9,"1,1,1,1,2,2,2","1,1,1,1,2,2,2",318
BRANDON HUEY,Turkey,Balikesir,2005-08-23,37.900000000000006,10,10,"2,1,2,1,1,1,1","2,1,2,1,1,1,1",318
JIMMY SCHRADER,Russian Federation,Atinsk,2005-08-22,37.900000000000006,10,10,"2,2,1,2,1","2,2,1,2,1",318
BOBBY BOUDREAU,Anguilla,South Hill,2005-08-22,37.9,10,10,"1,2,2,2,1,2,1,2","1,2,2,2,1,2,1,2",321
ZACHARY HITE,United States,Akron,2005-07-31,36.94000000000001,6,6,"1,2,1,2","1,2,1,2",322
CLARA SHAW,Belarus,Molodetno,2005-07-10,36.940000000000005,6,6,"1,2,2,2","1,2,2,2",323
BRITTANY RILEY,Ukraine,Sumy,2005-07-11,36.940000000000005,6,6,"2,1,2,1,2,1","2,1,2,1,2,1",323
MARIA MILLER,Yugoslavia,Kragujevac,2005-08-01,36.94,6,6,"2,2,2,1","2,2,2,1",325
ERIN DUNN,Russian Federation,Ljubertsy,2005-08-22,36.93000000000001,7,7,"1,2,1,2,1","1,2,1,2,1",326
MARILYN ROSS,Nigeria,Ife,2005-08-02,36.93,7,7,"2,1,1,1,2","2,1,1,1,2",327
LOUIS LEONE,Philippines,Tanauan,2005-08-18,36.93,7,7,"2,2,1,2","2,2,1,2",327
MARSHALL THORN,United Kingdom,Southampton,2005-08-01,36.93,7,7,"1,2,1,2,2","1,2,1,2,2",327
EDUARDO HIATT,China,Jining,2005-07-31,36.92999999999999,7,7,"1,1,2,1,2","1,1,2,1,2",330
BRADLEY MOTLEY,India,Purnea (Purnia),2005-08-22,36.920000000000016,8,8,"2,2,1,2,2,2","2,2,1,2,2,2",331
WESLEY BULL,Spain,Ourense (Orense),2005-07-31,36.920000000000016,8,8,"1,2,2,1,2,1,2","1,2,2,1,2,1,2",331
NINA SOTO,India,Palghat (Palakkad),2005-07-12,36.92000000000001,8,8,"2,2,1,2,1,2","2,2,1,2,1,2",333
PERRY SWAFFORD,Argentina,Quilmes,2005-08-01,36.92000000000001,8,8,"1,2,2,2,1,2","1,2,2,2,1,2",333
ELIZABETH BROWN,Taiwan,Nantou,2005-08-21,36.92,8,8,"2,1,1,2,1,2","2,1,1,2,1,2",335
LAURIE LAWRENCE,India,Firozabad,2005-08-02,36.92,8,8,"2,2,2,1,1,2,1,1","2,2,2,1,1,2,1,1",335
NEIL RENNER,Vietnam,Cam Ranh,2005-08-22,36.92,8,8,"2,2,2,1,1,2","2,2,2,1,1,2",335
GLENDA FRAZIER,China,Qinhuangdao,2005-08-21,36.919999999999995,8,8,"2,1,2,1,2,1","2,1,2,1,2,1",338
RONALD WEINER,Mexico,San Felipe del Progreso,2005-07-11,36.919999999999995,8,8,"2,1,1,2,1","2,1,1,2,1",338
JEFFERY PINSON,Pakistan,Dadu,2005-08-23,36.919999999999995,8,8,"1,1,1,1,1,2,1","1,1,1,1,1,2,1",338
TAMMY SANDERS,Taiwan,Changhwa,2005-07-30,36.91000000000001,9,9,"1,1,2,1,2","1,1,2,1,2",341
MARSHA DOUGLAS,Mozambique,Beira,2005-08-21,36.91000000000001,9,9,"2,2,1,2,2","2,2,1,2,2",341
DEREK BLAKELY,Philippines,Gingoog,2005-08-22,36.910000000000004,9,9,"2,1,1,1,2","2,1,1,1,2",343
TED BREAUX,China,Baicheng,2005-08-02,36.910000000000004,9,9,"1,1,1,1,2,2,1,1","1,1,1,1,2,2,1,1",343
MAURICE CRAWLEY,Mexico,Coatzacoalcos,2005-08-23,36.90999999999998,9,9,"1,2,2,1,1,2","1,2,2,1,1,2",345
PAMELA BAKER,China,Nanyang,2005-08-23,36.900000000000006,10,10,"1,2,2,1,2,1,1,2","1,2,2,1,2,1,1,2",346
KRISTIN JOHNSTON,United States,Sunnyvale,2005-08-23,36.9,10,10,"2,2,1,1,2,1,2","2,2,1,1,2,1,2",347
MITCHELL WESTMORELAND,Vietnam,Nha Trang,2005-08-21,36.89999999999999,10,10,"1,1,1,2,2,1","1,1,1,2,2,1",348
BRENDA WRIGHT,India,Kamarhati,2005-07-12,35.94000000000001,6,6,"1,2,1,2,1,2","1,2,1,2,1,2",349
ALAN KAHN,China,Emeishan,2005-08-01,35.940000000000005,6,6,"1,1,2,1,1,1","1,1,2,1,1,1",350
HECTOR POINDEXTER,Russian Federation,Pjatigorsk,2005-08-23,35.940000000000005,6,6,"1,2,1,2,1,2","1,2,1,2,1,2",350
KATHRYN COLEMAN,Ukraine,Simferopol,2005-07-30,35.94,6,6,"2,1,2,1","2,1,2,1",352
LAURIE LAWRENCE,India,Firozabad,2005-08-21,35.94,6,6,"1,1,2,1","1,1,2,1",352
JESSIE MILAM,China,Binzhou,2005-08-21,35.94,6,6,"2,1,1,1","2,1,1,1",352
JUNE CARROLL,Algeria,Skikda,2005-08-21,35.930000000000014,7,7,"1,1,1,2,1,2","1,1,1,2,1,2",355
COURTNEY DAY,South Korea,Uijongbu,2005-07-29,35.93000000000001,7,7,"2,1,2,1","2,1,2,1",356
BARRY LOVELACE,Zambia,Kitwe,2005-08-23,35.93000000000001,7,6,"2,2,2,1,2,2","2,2,2,1,2,2",356
FERNANDO CHURCHILL,South Korea,Tonghae,2005-07-31,35.93000000000001,7,7,"1,2,1,1,1,2","1,2,1,1,1,2",356
PERRY SWAFFORD,Argentina,Quilmes,2005-07-31,35.93000000000001,7,7,"1,2,2,2,1","1,2,2,2,1",356
ROSA REYNOLDS,United States,Lancaster,2005-08-21,35.93,7,7,"1,2,2,1","1,2,2,1",360
GRACE ELLIS,Germany,Duisburg,2005-07-31,35.93,7,7,"2,2,2,1,1","2,2,2,1,1",360
ARLENE HARVEY,India,Ambattur,2005-07-31,35.93,7,7,"2,1,1,2,1,2","2,1,1,2,1,2",360
GLENDA FRAZIER,China,Qinhuangdao,2005-08-01,35.93,7,7,"2,1,1,1,2","2,1,1,1,2",360
GREG ROBINS,Vietnam,Nam Dinh,2005-07-12,35.93,7,7,"2,2,1,1,2,1","2,2,1,1,2,1",360
RENE MCALISTER,United States,Garden Grove,2005-08-01,35.93,7,7,"2,1,2,1,1,2","2,1,2,1,1,2",360
GLENDA FRAZIER,China,Qinhuangdao,2005-08-20,35.92999999999999,7,7,"2,1,2,1,2","2,1,2,1,2",366
RON DELUCA,Japan,Isesaki,2005-07-31,35.92999999999999,7,7,"1,2,2,1","1,2,2,1",366
JULIE SANCHEZ,Spain,A Corua (La Corua),2005-08-23,35.92000000000001,8,8,"1,2,2,2,1,2","1,2,2,2,1,2",368
MARSHA DOUGLAS,Mozambique,Beira,2005-08-20,35.92000000000001,8,8,"2,2,1,2","2,2,1,2",368
GABRIEL HARDER,Turkey,Sivas,2005-08-23,35.92000000000001,8,8,"2,1,1,1,2,2","2,1,1,1,2,2",368
SHIRLEY ALLEN,Philippines,Davao,2005-08-02,35.92,8,8,"1,2,2,1,1,1","1,2,2,1,1,1",371
JUANITA MASON,India,Pune,2005-07-31,35.92,8,8,"2,1,1,1,2,1,2","2,1,1,1,2,1,2",371
SHERRI RHODES,India,Ahmadnagar,2005-08-21,35.92,8,8,"2,1,1,1,2,1,1","2,1,1,1,2,1,1",371
CHARLES KOWALSKI,Malaysia,Sungai Petani,2005-08-20,35.92,8,8,"2,1,1,1,2","2,1,1,1,2",371
RAYMOND MCWHORTER,Azerbaijan,Sumqayit,2005-08-02,35.92,8,8,"1,1,1,1,1,2","1,1,1,1,1,2",371
MICHEAL FORMAN,Argentina,Escobar,2005-08-22,35.92,8,8,"1,2,1,2,1","1,2,1,2,1",371
JAIME NETTLES,Peru,Hunuco,2005-08-23,35.92,8,8,"1,2,2,1,1,1","1,2,2,1,1,1",371
CLARA SHAW,Belarus,Molodetno,2005-08-21,35.919999999999995,8,8,"1,2,2,1,2,2,2","1,2,2,1,2,2,2",378
HEIDI LARSON,China,Xiangfan,2005-08-23,35.91000000000001,9,9,"2,1,2,2,1,2,1","2,1,2,2,1,2,1",379
MARJORIE TUCKER,Poland,Jastrzebie-Zdrj,2005-08-01,35.910000000000004,9,9,"2,2,2,1,2,1,1","2,2,2,1,2,1,1",380
REGINA BERRY,China,Jinchang,2005-08-01,35.910000000000004,9,9,"2,1,2,1,2,2","2,1,2,1,2,2",380
KATIE ELLIOTT,Kenya,Kisumu,2005-08-23,35.910000000000004,9,9,"2,1,1,1,2,2","2,1,1,1,2,2",380
GERTRUDE CASTILLO,Greenland,Nuuk,2005-08-02,35.910000000000004,9,9,"2,1,1,2,2,1,2","2,1,1,2,2,1,2",380
ANGELA HERNANDEZ,Japan,Shimonoseki,2005-08-20,35.91,9,9,"2,1,2,2,1,2,1","2,1,2,2,1,2,1",384
DEBBIE REYES,Japan,Fukuyama,2005-08-21,35.90999999999999,9,9,"1,2,2,1,2,2,1","1,2,2,1,2,2,1",385
JACQUELINE LONG,Thailand,Songkhla,2005-08-23,35.900000000000006,10,10,"2,1,2,1,2,2,1,2","2,1,2,1,2,2,1,2",386
KEITH RICO,Slovakia,Bratislava,2005-08-02,35.900000000000006,10,10,"1,2,1,2,2,1,2","1,2,1,2,2,1,2",386
JUDITH COX,China,Daxian,2005-08-02,35.9,10,10,"2,1,2,1,2,1","2,1,2,1,2,1",388
ELIZABETH BROWN,Taiwan,Nantou,2005-08-02,35.89,11,11,"2,2,1,1,1,2,1,2,1","2,2,1,1,1,2,1,2,1",389
DEBRA NELSON,Brazil,Vila Velha,2005-07-09,34.95,5,5,"1,2,1","1,2,1",390
JANE BENNETT,Brazil,Araatuba,2005-08-22,34.940000000000005,6,6,"2,1,2,2,2,2","2,1,2,2,2,2",391
RHONDA KENNEDY,Netherlands,Apeldoorn,2005-07-30,34.940000000000005,6,6,"1,2,1","1,2,1",391
JENNIE TERRY,Czech Republic,Olomouc,2005-08-21,34.940000000000005,6,6,"1,2,2,2,1","1,2,2,2,1",391
JIM REA,Mexico,El Fuerte,2005-07-10,34.940000000000005,6,6,"2,1,2,1,2","2,1,2,1,2",391
DIANE COLLINS,Sudan,Omdurman,2005-08-23,34.94,6,6,"1,2,1,2,1","1,2,1,2,1",395
ROSA REYNOLDS,United States,Lancaster,2005-08-20,34.94,6,6,"1,2,2","1,2,2",395
JIMMIE EGGLESTON,Poland,Wroclaw,2005-08-21,34.94,6,6,"2,1,2,2,1","2,1,2,2,1",395
JESSICA HALL,Holy See (Vatican City State),Citt del Vaticano,2005-08-21,34.93999999999999,6,6,"1,2,2,1","1,2,2,1",398
BILLY POULIN,Philippines,Cabuyao,2005-08-02,34.93999999999999,6,6,"1,1,1,1,1","1,1,1,1,1",398
BILLY POULIN,Philippines,Cabuyao,2005-08-20,34.93999999999999,6,6,"2,1,2,2","2,1,2,2",398
VICTORIA GIBSON,Indonesia,Pemalang,2005-08-22,34.930000000000014,7,7,"2,2,1,1,2,1","2,2,1,1,2,1",401
KENT ARSENAULT,Brazil,Juiz de Fora,2005-08-19,34.930000000000014,7,7,"2,1,1,2","2,1,1,2",401
KATHLEEN ADAMS,Iran,Arak,2005-08-23,34.93000000000001,7,7,"2,1,2,1,1,2","2,1,2,1,1,2",403
CHERYL MURPHY,India,Mysore,2005-08-22,34.93000000000001,7,7,"1,2,1,2,1,1,2","1,2,1,2,1,1,2",403
TERRY CARLSON,Japan,Miyakonojo,2005-08-21,34.93000000000001,7,7,"1,2,1,2,2,1","1,2,1,2,2,1",403
NINA SOTO,India,Palghat (Palakkad),2005-07-11,34.93000000000001,7,7,"2,2,1,2,1","2,2,1,2,1",403
DARRELL POWER,Canada,Halifax,2005-08-22,34.93000000000001,7,7,"2,2,1,2,1,1,2","2,2,1,2,1,1,2",403
KARL SEAL,United States,Cape Coral,2005-07-11,34.93000000000001,7,7,"1,2,1,2,1","1,2,1,2,1",403
JIMMIE EGGLESTON,Poland,Wroclaw,2005-07-10,34.93000000000001,7,7,"1,1,1,2,1","1,1,1,2,1",403
HOLLY FOX,India,Haldia,2005-08-20,34.93,7,7,"1,1,1,2,1","1,1,1,2,1",410
PAMELA BAKER,China,Nanyang,2005-08-22,34.92000000000001,8,8,"1,2,2,1,2,1","1,2,2,1,2,1",411
REGINA BERRY,China,Jinchang,2005-07-31,34.92,8,8,"2,1,2,1,2","2,1,2,1,2",412
BARRY LOVELACE,Zambia,Kitwe,2005-07-12,34.92,8,8,"1,2,2,1,2,1,2","1,2,2,1,2,1,2",412
BYRON BOX,Kazakstan,Zhezqazghan,2005-08-02,34.92,8,8,"1,2,1,1","1,2,1,1",412
JESSICA HALL,Holy See (Vatican City State),Citt del Vaticano,2005-07-09,34.919999999999995,8,8,"1,2,1,1","1,2,1,1",415
SUE PETERS,China,Changzhou,2005-08-23,34.919999999999995,8,8,"1,1,2,1,2,1,1","1,1,2,1,2,1,1",415
ANA BRADLEY,United States,Memphis,2005-08-22,34.91000000000002,9,9,"1,2,2,2","1,2,2,2",417
CHRISTOPHER GRECO,Italy,Brescia,2005-07-31,34.91000000000001,9,9,"2,2,1,1,1,2,1","2,2,1,1,1,2,1",418
IVAN CROMWELL,Mexico,Monclova,2005-08-02,34.91000000000001,9,9,"2,2,1,2,1,2,1","2,2,1,2,1,2,1",418
CATHERINE CAMPBELL,Russian Federation,Moscow,2005-08-21,34.910000000000004,9,9,"1,2,2,1,1,2","1,2,2,1,1,2",420
MONICA HICKS,Ukraine,Mukateve,2005-08-19,34.910000000000004,9,9,"2,1,1,2,2,1","2,1,1,2,2,1",420
BRANDON HUEY,Turkey,Balikesir,2005-08-22,34.910000000000004,9,9,"2,1,2,1,1,1","2,1,2,1,1,1",420
VELMA LUCAS,Nigeria,Effon-Alaiye,2005-07-31,34.91,9,9,"1,1,2,2,1,2","1,1,2,2,1,2",423
PATRICK NEWSOM,Vietnam,Hanoi,2005-08-22,34.91,9,9,"2,2,1,1,2,1,2","2,2,1,1,2,1,2",423
JUSTIN NGO,Brazil,Santo Andr,2005-07-30,34.89999999999999,10,10,"1,2,2,1,2,1","1,2,2,1,2,1",425
DENISE KELLY,Brazil,Rio Claro,2005-08-23,34.89,11,11,"2,2,2,1,1,2,2,1","2,2,2,1,1,2,2,1",426
PHILIP CAUSEY,Russian Federation,Korolev,2005-08-23,34.89,11,11,"2,1,1,1,2,2,1,2,2","2,1,1,1,2,2,1,2,2",426
JUNE CARROLL,Algeria,Skikda,2005-08-20,33.94000000000001,6,6,"1,1,1,2,1","1,1,1,2,1",428
TRACY COLE,Mexico,Huixquilucan,2005-08-02,33.940000000000005,6,6,"2,1,2,1,2","2,1,2,1,2",429
NAOMI JENNINGS,India,Karnal,2005-08-20,33.940000000000005,6,6,"1,1,2,1","1,1,2,1",429
ANDRE RAPP,Chile,Coquimbo,2005-08-19,33.940000000000005,6,6,"2,1,2,1,1","2,1,2,1,1",429
NEIL RENNER,Vietnam,Cam Ranh,2005-08-20,33.940000000000005,6,6,"2,2,2,1,1","2,2,2,1,1",429
ISAAC OGLESBY,Mexico,Cuernavaca,2005-08-22,33.940000000000005,6,6,"1,2,2,2,2","1,2,2,2,2",429
SYLVIA ORTIZ,Colombia,Dos Quebradas,2005-08-21,33.94,6,6,"2,1,1,2","2,1,1,2",434
TRACEY BARRETT,Nigeria,Owo,2005-08-20,33.94,6,6,"1,1,1,2,1","1,1,1,2,1",434
MISTY LAMBERT,United Arab Emirates,Sharja,2005-07-30,33.930000000000014,7,7,"2,1,1,2,1","2,1,1,2,1",436
BRADLEY MOTLEY,India,Purnea (Purnia),2005-08-21,33.930000000000014,7,7,"2,2,1,2,2","2,2,1,2,2",436
DARLENE ROSE,North Korea,Pyongyang,2005-08-20,33.93000000000001,7,7,"1,1,1","1,1,1",438
ROSEMARY SCHMIDT,Turkey,Usak,2005-08-02,33.93000000000001,7,7,"1,2,1,2,2,1","1,2,1,2,2,1",438
GARY COY,China,Yuzhou,2005-08-21,33.93000000000001,7,7,"1,2,2,1,1,2","1,2,2,1,1,2",438
CYNTHIA YOUNG,India,Munger (Monghyr),2005-07-31,33.93,7,7,"1,1,1,2","1,1,1,2",441
VALERIE BLACK,United States,Brockton,2005-07-11,33.93,7,7,"1,1,1,1","1,1,1,1",441
TERRI VASQUEZ,Brazil,Blumenau,2005-08-21,33.93,7,7,"2,1,2,2,2","2,1,2,2,2",441
EARL SHANKS,Japan,Iwatsuki,2005-08-21,33.93,7,7,"2,1,2,1,1,2","2,1,2,1,1,2",441
LEON BOSTIC,Colombia,Florencia,2005-08-20,33.93,7,7,"2,1,2,1,2,2","2,1,2,1,2,2",441
BRETT CORNWELL,India,Siliguri (Shiliguri),2005-07-30,33.93,7,6,"2,2,1,1,2,2","2,2,1,1,2,2",441
CLAUDE HERZOG,Angola,Benguela,2005-08-02,33.93,7,7,"1,2,1,2,1,1,1","1,2,1,2,1,1,1",441
PEDRO CHESTNUT,Ukraine,ostka,2005-07-31,33.92999999999999,7,7,"1,2,1,1,2","1,2,1,1,2",448
MARCIA DEAN,Philippines,Tanza,2005-07-30,33.92000000000001,8,8,"2,1,2,1,1","2,1,2,1,1",449
GERALD FULTZ,India,Satna,2005-08-20,33.92000000000001,8,8,"1,2,2,1,2","1,2,2,1,2",449
ELSIE KELLEY,Nigeria,Ikerre,2005-08-19,33.92,8,8,"1,2,2,1","1,2,2,1",451
CHARLENE ALVAREZ,Tanzania,Zanzibar,2005-08-23,33.92,8,8,"1,2,1,1,2,2,2","1,2,1,1,2,2,2",451
ROGER QUINTANILLA,Taiwan,Hsichuh,2005-08-01,33.92,8,8,"2,1,2,1,2,2,1","2,1,2,1,2,2,1",451
RALPH MADRIGAL,Puerto Rico,Arecibo,2005-07-30,33.92,8,8,"1,2,1,2,2,1,2","1,2,1,2,2,1,2",451
DWIGHT LOMBARDI,South Africa,Chatsworth,2005-08-22,33.92,8,8,"1,2,2,1,1,2","1,2,2,1,1,2",451
LUCILLE HOLMES,South Africa,Soshanguve,2005-08-20,33.919999999999995,8,8,"2,1,2,1,2","2,1,2,1,2",456
MYRTLE FLEMING,Dominican Republic,Santiago de los Caballeros,2005-08-01,33.919999999999995,8,8,"1,1,2,2,1","1,1,2,2,1",456
HEATHER MORRIS,Japan,Nagareyama,2005-08-22,33.910000000000004,9,9,"1,1,1,2,1,2,1,2","1,1,1,2,1,2,1,2",458
KRISTIN JOHNSTON,United States,Sunnyvale,2005-08-21,33.91,9,9,"2,2,1,1,2,1","2,2,1,1,2,1",459
WALTER PERRYMAN,China,Xinxiang,2005-08-21,33.91,9,9,"1,2,1,1,1,1,2","1,2,1,1,1,1,2",459
HERMAN DEVORE,Tanzania,Mwanza,2005-08-21,33.91,9,9,"1,2,1,2,1,2","1,2,1,2,1,2",459
NICHOLAS BARFIELD,Brazil,Belm,2005-08-01,33.900000000000006,10,10,"1,1,2,1,1,2","1,1,2,1,1,2",462
KATHY JAMES,Philippines,Baybay,2005-07-30,33.9,10,10,"2,1,2,1,1","2,1,2,1,1",463
MARILYN ROSS,Nigeria,Ife,2005-08-23,33.89999999999999,10,10,"2,1,2,1,2,1,2,1,1","2,1,2,1,2,1,2,1,1",464
CRYSTAL FORD,Israel,Ashdod,2005-08-01,33.89000000000001,11,11,"2,1,1,2,1,2,1,2","2,1,1,2,1,2,1,2",465
JEFF EAST,Dominican Republic,San Felipe de Puerto Plata,2005-08-23,33.89,11,11,"1,2,1,1,1,2,1,2","1,2,1,1,1,2,1,2",466
BRITTANY RILEY,Ukraine,Sumy,2005-07-10,32.95,5,5,"2,1,2,1,2","2,1,2,1,2",467
HECTOR POINDEXTER,Russian Federation,Pjatigorsk,2005-08-20,32.95,5,5,"1,2,1,2,1","1,2,1,2,1",467
MARGIE WADE,China,Lengshuijiang,2005-08-21,32.949999999999996,5,5,"1,1,1,2,1","1,1,1,2,1",469
MIRIAM MCKINNEY,Japan,Otsu,2005-07-29,32.949999999999996,5,5,"1,1,2","1,1,2",469
LEE HAWKS,India,Pudukkottai,2005-08-22,32.94000000000001,6,6,"1,1,2,1,1,1","1,1,2,1,1,1",471
AMY LOPEZ,India,Jhansi,2005-08-21,32.940000000000005,6,6,"2,2,1,2","2,2,1,2",472
MARLENE WELCH,Japan,Iwaki,2005-07-29,32.940000000000005,6,6,"1,1,2,1,2","1,1,2,1,2",472
JERRY JORDON,Japan,Onomichi,2005-08-21,32.940000000000005,6,6,"1,1,2,1,2,2","1,1,2,1,2,2",472
JOE GILLILAND,Philippines,Imus,2005-08-22,32.940000000000005,6,6,"1,1,2,2,2","1,1,2,2,2",472
SANDRA MARTIN,United Kingdom,Southend-on-Sea,2005-08-20,32.94,6,6,"2,1,2,1,1","2,1,2,1,1",476
TERRI VASQUEZ,Brazil,Blumenau,2005-08-20,32.94,6,6,"2,1,2,2","2,1,2,2",476
GREG ROBINS,Vietnam,Nam Dinh,2005-07-11,32.94,6,6,"2,2,1,1,2","2,2,1,1,2",476
BRETT CORNWELL,India,Siliguri (Shiliguri),2005-07-28,32.94,6,6,"2,2,1,1,2","2,2,1,1,2",476
KELLY TORRES,China,Xiangtan,2005-08-22,32.93000000000001,7,7,"1,2,1,2,2","1,2,1,2,2",480
ANNETTE OLSON,India,Allappuzha (Alleppey),2005-08-22,32.93000000000001,7,7,"2,1,1,2,2,2","2,1,1,2,2,2",480
CARLA GUTIERREZ,India,Bhusawal,2005-08-23,32.93000000000001,7,7,"2,2,1,1,1,2","2,2,1,1,1,2",480
HARRY ARCE,Iran,Najafabad,2005-08-01,32.93000000000001,7,7,"2,1,2,1,1,2","2,1,2,1,1,2",480
AMY LOPEZ,India,Jhansi,2005-08-02,32.93,7,7,"1,1,2,2,1","1,1,2,2,1",484
ROY WHITING,Kenya,Nyeri,2005-07-12,32.93,7,7,"1,2,1,2,2","1,2,1,2,2",484
FLORENCE WOODS,Argentina,Merlo,2005-07-30,32.92999999999999,7,7,"2,2,1,1,2,1,2","2,2,1,1,2,1,2",486
CLARA SHAW,Belarus,Molodetno,2005-08-20,32.92999999999999,7,7,"1,2,2,1,2,2","1,2,2,1,2,2",486
ANDREW PURDY,Azerbaijan,Baku,2005-08-22,32.920000000000016,8,8,"1,2,1,2,1,2,1","1,2,1,2,1,2,1",488
DEBRA NELSON,Brazil,Vila Velha,2005-07-31,32.92000000000001,8,8,"2,1,1,1,2","2,1,1,1,2",489
THELMA MURRAY,Peru,Lima,2005-08-01,32.92000000000001,8,8,"2,1,2,1,1,2,1","2,1,2,1,1,2,1",489
JOHN FARNSWORTH,India,Parbhani,2005-07-31,32.92000000000001,8,8,"1,1,1,1,2,2","1,1,1,1,2,2",489
HEATHER MORRIS,Japan,Nagareyama,2005-08-21,32.92,8,8,"1,1,1,2,1,2,1","1,1,1,2,1,2,1",492
MARJORIE TUCKER,Poland,Jastrzebie-Zdrj,2005-07-31,32.92,8,8,"2,2,2,1,2,1","2,2,2,1,2,1",492
STACEY MONTGOMERY,China,Fuyu,2005-08-02,32.92,8,8,"2,1,2,1,1,1,2","2,1,2,1,1,1,2",492
PRISCILLA LOWE,Mexico,Salamanca,2005-08-23,32.92,8,8,"1,2,1,2,2,1","1,2,1,2,2,1",492
KARL SEAL,United States,Cape Coral,2005-07-29,32.92,8,8,"2,2,1,1","2,2,1,1",492
OLGA JIMENEZ,Nigeria,Ogbomosho,2005-07-12,32.919999999999995,8,8,"2,1,2,1,2,1","2,1,2,1,2,1",497
DEBBIE REYES,Japan,Fukuyama,2005-08-20,32.91999999999999,8,8,"1,2,2,1,2,2","1,2,2,1,2,2",498
HEIDI LARSON,China,Xiangfan,2005-08-02,32.91000000000001,9,9,"1,1,1,1,2,1,1","1,1,1,1,2,1,1",499
STACEY MONTGOMERY,China,Fuyu,2005-08-22,32.910000000000004,9,9,"2,2,2,1,2,1","2,2,2,1,2,1",500
CHRISTY VARGAS,China,Datong,2005-08-21,32.910000000000004,9,9,"1,2,1,2,2,1","1,2,1,2,2,1",500
KEITH RICO,Slovakia,Bratislava,2005-08-01,32.910000000000004,9,9,"1,2,1,2,2,1","1,2,1,2,2,1",500
ALVIN DELOACH,Mexico,Cuauhtmoc,2005-08-23,32.910000000000004,9,9,"1,1,1,1,2","1,1,1,1,2",500
KATHY JAMES,Philippines,Baybay,2005-07-29,32.91,9,9,"2,1,2,1","2,1,2,1",504
BOBBY BOUDREAU,Anguilla,South Hill,2005-08-21,32.91,9,9,"1,2,2,2,1,2,1","1,2,2,2,1,2,1",504
CHAD CARBONE,India,Katihar,2005-08-02,32.91,9,9,"1,1,1,1,2,1","1,1,1,1,2,1",504
MARTHA GONZALEZ,Moldova,Chisinau,2005-07-31,32.900000000000006,10,10,"1,2,1,2,1,1,2","1,2,1,2,1,1,2",507
FRED WHEAT,Mexico,Jurez,2005-08-02,32.89,11,11,"1,2,2,1,2,1,1,2,1,2","1,2,2,1,2,1,1,2,1,2",508
THERESA WATSON,Philippines,Taguig,2005-08-22,32.870000000000005,13,12,"1,2,1,2,1,2,2,1,2","1,2,1,2,1,2,2,1,2",509
JANE BENNETT,Brazil,Araatuba,2005-08-21,31.950000000000003,5,5,"2,1,2,2,2","2,1,2,2,2",510
JAMIE RICE,United States,Sterling Heights,2005-07-11,31.949999999999996,5,5,"1,2,1,2","1,2,1,2",511
VICTORIA GIBSON,Indonesia,Pemalang,2005-08-21,31.940000000000012,6,6,"2,2,1,1,2","2,2,1,1,2",512
HELEN HARRIS,India,Bhopal,2005-08-19,31.940000000000005,6,6,"1,2,1,2,1","1,2,1,2,1",513
ALFREDO MCADAMS,Russian Federation,Serpuhov,2005-08-01,31.940000000000005,6,6,"2,1,1,1,2","2,1,1,1,2",513
JORGE OLIVARES,Indonesia,Lhokseumawe,2005-07-30,31.94,6,6,"1,2,1,2","1,2,1,2",515
WESLEY BULL,Spain,Ourense (Orense),2005-08-21,31.930000000000017,7,7,"2,1,1,2","2,1,1,2",516
WESLEY BULL,Spain,Ourense (Orense),2005-07-30,31.930000000000014,7,7,"1,2,2,1,2,1","1,2,2,1,2,1",517
GLORIA COOK,French Polynesia,Papeete,2005-08-21,31.93000000000001,7,7,"1,2,2,1,2","1,2,2,1,2",518
MARLENE WELCH,Japan,Iwaki,2005-08-23,31.93000000000001,7,7,"1,2,2,1,2,2","1,2,2,1,2,2",518
JOHN FARNSWORTH,India,Parbhani,2005-07-30,31.93000000000001,7,7,"1,1,1,1,2","1,1,1,1,2",518
AUDREY RAY,Austria,Graz,2005-08-01,31.930000000000007,7,7,"1,2,1,2,1","1,2,1,2,1",521
LAURIE LAWRENCE,India,Firozabad,2005-08-01,31.930000000000003,7,7,"2,2,2,1,1,2,1","2,2,2,1,1,2,1",522
GEORGE LINTON,Brazil,Sorocaba,2005-07-29,31.93,7,7,"2,1,2,1,2","2,1,2,1,2",523
JACOB LANCE,United States,El Monte,2005-08-02,31.93,7,7,"2,2,1,2,1,2","2,2,1,2,1,2",523
JESSICA HALL,Holy See (Vatican City State),Citt del Vaticano,2005-07-08,31.929999999999996,7,7,"1,2,1","1,2,1",525
SHIRLEY ALLEN,Philippines,Davao,2005-08-22,31.929999999999996,7,7,"1,2,2,1,2,1","1,2,2,1,2,1",525
WANDA PATTERSON,Colombia,Sincelejo,2005-08-21,31.929999999999993,7,7,"1,1,2,1","1,1,2,1",527
ETHEL WEBB,South Africa,Boksburg,2005-08-22,31.920000000000016,8,8,"1,2,2,2,1","1,2,2,2,1",528
MARTHA GONZALEZ,Moldova,Chisinau,2005-08-23,31.920000000000005,8,8,"1,2,2,1,2,1,1","1,2,2,1,2,1,1",529
HARRY ARCE,Iran,Najafabad,2005-08-20,31.920000000000005,8,8,"1,2,1,2,2","1,2,1,2,2",529
SUE PETERS,China,Changzhou,2005-06-19,31.92,8,8,"2,1,2,2,1,1,2","2,1,2,2,1,1,2",531
MANUEL MURRELL,Sri Lanka,Jaffna,2005-08-21,31.92,8,8,"1,1,2,1,2,2","1,1,2,1,2,2",531
BARRY LOVELACE,Zambia,Kitwe,2005-08-01,31.92,8,8,"2,1,2,1,2,1","2,1,2,1,2,1",531
RAYMOND MCWHORTER,Azerbaijan,Sumqayit,2005-08-23,31.919999999999995,8,8,"2,2,1,1,1,2,1","2,2,1,1,1,2,1",534
TIM CARY,India,Bijapur,2005-07-12,31.919999999999995,8,8,"2,1,2,2,1,1,1,2","2,1,2,2,1,1,1,2",534
GENE SANBORN,Oman,Salala,2005-08-01,31.91999999999999,8,8,"1,2,1,2,2,1","1,2,1,2,2,1",536
VERONICA STONE,United States,Greensboro,2005-08-23,31.910000000000004,9,9,"2,2,2,2,1,1","2,2,2,2,1,1",537
GERALDINE PERKINS,Israel,Tel Aviv-Jaffa,2005-08-02,31.910000000000004,9,9,"1,2,1,2,1,1,2","1,2,1,2,1,1,2",537
LUCY WHEELER,India,Balurghat,2005-08-02,31.910000000000004,9,9,"1,1,2,1,2,1,2,2","1,1,2,1,2,1,2,2",537
BOB PFEIFFER,China,Xintai,2005-08-22,31.910000000000004,9,9,"2,2,2,2,1,2,1,2","2,2,2,2,1,2,1,2",537
VICKIE BREWER,Germany,Halle/Saale,2005-08-23,31.909999999999997,9,9,"1,2,2,2,1,1,2","1,2,2,2,1,1,2",541
CRYSTAL FORD,Israel,Ashdod,2005-07-31,31.90000000000001,10,10,"2,1,1,2,1,2,1","2,1,1,2,1,2,1",542
MARCIA DEAN,Philippines,Tanza,2005-07-11,31.900000000000006,10,10,"1,2,2,1,1,1,2,2,1","1,2,2,1,1,1,2,2,1",543
MARJORIE TUCKER,Poland,Jastrzebie-Zdrj,2005-08-22,31.9,10,10,"2,2,1,2,2,1","2,2,1,2,2,1",544
MAXINE SILVA,Brazil,Poos de Caldas,2005-08-23,31.899999999999995,10,10,"1,2,1,1,2,2,1","1,2,1,1,2,2,1",545
BRENDA WRIGHT,India,Kamarhati,2005-07-11,30.95000000000001,5,5,"1,2,1,2,1","1,2,1,2,1",546
JOHNNIE CHISHOLM,Poland,Plock,2005-07-12,30.950000000000006,5,5,"2,1,2,2,1","2,1,2,2,1",547
ALAN KAHN,China,Emeishan,2005-07-30,30.950000000000003,5,5,"1,1,2,1,1","1,1,2,1,1",548
ISAAC OGLESBY,Mexico,Cuernavaca,2005-08-20,30.950000000000003,5,5,"1,2,2,2","1,2,2,2",548
CURTIS IRBY,Canada,Richmond Hill,2005-08-20,30.949999999999996,5,5,"1,2,1,2","1,2,1,2",550
MARLENE WELCH,Japan,Iwaki,2005-08-21,30.940000000000012,6,6,"1,2,2,1,2","1,2,2,1,2",551
MAE FLETCHER,Spain,Donostia-San Sebastin,2005-07-12,30.940000000000012,6,6,"1,2,2,2,1","1,2,2,2,1",551
NINA SOTO,India,Palghat (Palakkad),2005-07-10,30.940000000000005,6,6,"2,2,1,2","2,2,1,2",553
PHILLIP HOLM,Japan,Tama,2005-08-23,30.940000000000005,6,6,"1,2,2,1,1","1,2,2,1,1",553
JIMMIE EGGLESTON,Poland,Wroclaw,2005-07-09,30.940000000000005,6,6,"1,1,1,2","1,1,1,2",553
MARILYN ROSS,Nigeria,Ife,2005-08-01,30.94,6,6,"2,1,1,1","2,1,1,1",556
BEATRICE ARNOLD,India,Udaipur,2005-08-02,30.94,6,6,"1,2,1,2,1","1,2,1,2,1",556
CLAUDE HERZOG,Angola,Benguela,2005-08-01,30.94,6,6,"1,2,1,2,1,1","1,2,1,2,1,1",556
SHIRLEY ALLEN,Philippines,Davao,2005-08-20,30.939999999999998,6,6,"1,2,2,1,2","1,2,2,1,2",559
GRACE ELLIS,Germany,Duisburg,2005-07-29,30.939999999999998,6,6,"2,2,2,1","2,2,2,1",559
SHELLY WATTS,United States,Dayton,2005-08-23,30.939999999999998,6,6,"2,1,1,2,1","2,1,1,2,1",559
BYRON BOX,Kazakstan,Zhezqazghan,2005-08-01,30.939999999999998,6,6,"1,2,1","1,2,1",559
SEAN DOUGLASS,Ethiopia,Addis Abeba,2005-08-20,30.939999999999994,6,6,"1,2,1,2,1,2","1,2,1,2,1,2",563
GABRIEL HARDER,Turkey,Sivas,2005-08-22,30.93000000000001,7,7,"2,1,1,1,2","2,1,1,1,2",564
PAMELA BAKER,China,Nanyang,2005-08-21,30.930000000000007,7,7,"1,2,2,1,2","1,2,2,1,2",565
THELMA MURRAY,Peru,Lima,2005-07-31,30.930000000000007,7,7,"2,1,2,1,1,2","2,1,2,1,1,2",565
AUDREY RAY,Austria,Graz,2005-08-23,30.930000000000007,7,7,"2,1,2,1,2,1","2,1,2,1,2,1",565
CHRISTOPHER GRECO,Italy,Brescia,2005-07-30,30.930000000000007,7,7,"2,2,1,1,1","2,2,1,1,1",565
KELLY KNOTT,China,Sanya,2005-08-23,30.930000000000007,7,7,"1,2,2,1,2","1,2,2,1,2",565
JUANITA MASON,India,Pune,2005-07-30,30.930000000000003,7,7,"2,1,1,1,2,1","2,1,1,1,2,1",570
MABEL HOLLAND,Myanmar,Monywa,2005-06-19,30.930000000000003,7,7,"1,2,2,1,2,1","1,2,2,1,2,1",570
ROSS GREY,Philippines,Iligan,2005-08-23,30.930000000000003,7,7,"2,2,2,2,1,1","2,2,2,2,1,1",570
ELIZABETH BROWN,Taiwan,Nantou,2005-07-11,30.93,7,7,"2,2,1,2,2,1","2,2,1,2,2,1",573
ROGER QUINTANILLA,Taiwan,Hsichuh,2005-07-30,30.93,7,7,"2,1,2,1,2,2","2,1,2,1,2,2",573
STANLEY SCROGGINS,Japan,Omiya,2005-08-01,30.93,7,7,"1,1,1,1,2,1","1,1,1,1,2,1",573
JORDAN ARCHULETA,Argentina,Avellaneda,2005-08-22,30.929999999999996,7,7,"1,2,1,2,2,1","1,2,1,2,2,1",576
GENE SANBORN,Oman,Salala,2005-07-31,30.929999999999993,7,7,"1,2,1,2,2","1,2,1,2,2",577
HEIDI LARSON,China,Xiangfan,2005-08-01,30.92000000000001,8,8,"1,1,1,1,2,1","1,1,1,1,2,1",578
RUSSELL BRINSON,Poland,Tychy,2005-08-22,30.92000000000001,8,8,"1,2,1,1,1,1,2","1,2,1,1,1,1,2",578
IVAN CROMWELL,Mexico,Monclova,2005-07-31,30.92000000000001,8,8,"2,2,1,2,1,2","2,2,1,2,1,2",578
MELANIE ARMSTRONG,Philippines,Bayugan,2005-08-02,30.92,8,8,"2,1,2,2,1,2","2,1,2,2,1,2",581
PRISCILLA LOWE,Mexico,Salamanca,2005-08-22,30.92,8,7,"2,1,2,1,2,2","2,1,2,1,2,2",581
JUSTIN NGO,Brazil,Santo Andr,2005-07-29,30.919999999999995,8,8,"1,2,2,1","1,2,2,1",583
CURTIS IRBY,Canada,Richmond Hill,2005-07-11,30.919999999999995,8,8,"2,1,1,2,1,2","2,1,1,2,1,2",583
MITCHELL WESTMORELAND,Vietnam,Nha Trang,2005-08-20,30.91999999999999,8,8,"1,1,1,2,2","1,1,1,2,2",585
VIRGINIA GREEN,France,Toulouse,2005-07-11,30.910000000000004,9,9,"2,2,2,1,1,1","2,2,2,1,1,1",586
CAROLYN PEREZ,Thailand,Pak Kret,2005-07-30,30.910000000000004,9,8,"1,1,1,1,2,2","1,1,1,1,2,2",586
ROSS GREY,Philippines,Iligan,2005-08-01,30.910000000000004,9,9,"1,2,1,1,2,1","1,2,1,1,2,1",586
JUDITH COX,China,Daxian,2005-08-01,30.91,9,9,"2,1,2,1,2","2,1,2,1,2",589
WENDY HARRISON,Mexico,Nezahualcyotl,2005-08-02,30.91,9,9,"2,1,1,2,2,2","2,1,1,2,2,2",589
WAYNE TRUONG,India,Gulbarga,2005-08-23,30.91,9,9,"1,2,1,1,1,2,1","1,2,1,1,1,2,1",589
MAXINE SILVA,Brazil,Poos de Caldas,2005-08-21,30.909999999999997,9,9,"1,2,1,1,2,2","1,2,1,1,2,2",592
SHARON ROBINSON,Pakistan,Mardan,2005-08-23,30.900000000000006,10,10,"1,1,2,1,2,2,1,1","1,1,2,1,2,2,1,1",593
FERNANDO CHURCHILL,South Korea,Tonghae,2005-08-22,29.95000000000001,5,5,"1,2,2,1","1,2,2,1",594
BEATRICE ARNOLD,India,Udaipur,2005-08-01,29.950000000000003,5,5,"1,2,1,2","1,2,1,2",595
TOMMY COLLAZO,Iran,Qomsheh,2005-07-28,29.950000000000003,5,5,"1,2","1,2",595
CLAUDE HERZOG,Angola,Benguela,2005-07-31,29.950000000000003,5,5,"1,2,1,2,1","1,2,1,2,1",595
DIANE COLLINS,Sudan,Omdurman,2005-08-22,29.95,5,5,"1,2,1,2","1,2,1,2",598
BYRON BOX,Kazakstan,Zhezqazghan,2005-07-31,29.95,5,5,"1,2","1,2",598
ALLEN BUTTERFIELD,India,Hoshiarpur,2005-08-23,29.949999999999996,5,5,"1,1,2,2,1","1,1,2,2,1",600
CLIFFORD BOWENS,Russian Federation,Nabereznyje Telny,2005-08-01,29.949999999999996,5,5,"1,2,1,1","1,2,1,1",600
DAISY BATES,Russian Federation,Kolpino,2005-07-30,29.949999999999992,5,5,"2,1,1,2,1","2,1,1,2,1",602
ARTHUR SIMPKINS,Russian Federation,Maikop,2005-07-29,29.949999999999992,5,5,"2,2,1","2,2,1",602
BILLY POULIN,Philippines,Cabuyao,2005-08-19,29.94999999999999,5,5,"2,1,2","2,1,2",604
GABRIEL HARDER,Turkey,Sivas,2005-08-21,29.940000000000012,6,6,"2,1,1,1","2,1,1,1",605
CHRISTOPHER GRECO,Italy,Brescia,2005-08-22,29.94000000000001,6,6,"2,2,2,2","2,2,2,2",606
KATHLEEN ADAMS,Iran,Arak,2005-08-21,29.940000000000005,6,6,"2,1,2,1,1","2,1,2,1,1",607
ANNETTE OLSON,India,Allappuzha (Alleppey),2005-08-21,29.940000000000005,6,6,"2,1,1,2,2","2,1,1,2,2",607
VIOLA HANSON,Philippines,Lapu-Lapu,2005-08-01,29.940000000000005,6,6,"2,1,2,2","2,1,2,2",607
FRANK WAGGONER,Bangladesh,Jamalpur,2005-08-22,29.940000000000005,6,6,"2,1,1,1,2","2,1,1,1,2",607
RALPH MADRIGAL,Puerto Rico,Arecibo,2005-08-19,29.940000000000005,6,6,"2,1,2,1","2,1,2,1",607
BARRY LOVELACE,Zambia,Kitwe,2005-08-21,29.940000000000005,6,6,"2,2,2,1,2","2,2,2,1,2",607
LEO EBERT,China,Dongying,2005-08-22,29.940000000000005,6,6,"1,1,2,2","1,1,2,2",607
CORY MEEHAN,Belarus,Mogiljov,2005-08-23,29.940000000000005,6,6,"1,1,1,1,1","1,1,1,1,1",607
MARION SNYDER,Brazil,Santa Brbara dOeste,2005-07-11,29.94,6,6,"1,1,1,2","1,1,1,2",615
ERIKA PENA,Finland,Oulu,2005-08-02,29.94,6,6,"2,1,2,2,1,2","2,1,2,2,1,2",615
NEIL RENNER,Vietnam,Cam Ranh,2005-08-01,29.94,6,6,"1,2,1,1,2","1,2,1,1,2",615
EVERETT BANDA,Egypt,Bilbays,2005-08-21,29.94,6,6,"1,2,1,1,2","1,2,1,1,2",615
MARSHALL THORN,United Kingdom,Southampton,2005-07-09,29.94,6,6,"1,2,1,1","1,2,1,1",615
SHIRLEY ALLEN,Philippines,Davao,2005-08-01,29.939999999999998,6,6,"1,2,2,1,1","1,2,2,1,1",620
BRANDY GRAVES,United States,Warren,2005-08-20,29.939999999999998,6,6,"1,2,2,1,1","1,2,2,1,1",620
CLARA SHAW,Belarus,Molodetno,2005-08-19,29.939999999999994,6,6,"1,2,2,1,2","1,2,2,1,2",622
JULIE SANCHEZ,Spain,A Corua (La Corua),2005-08-22,29.930000000000007,7,7,"1,2,2,2,1","1,2,2,2,1",623
EMILY DIAZ,South Korea,Kimchon,2005-08-02,29.930000000000007,7,7,"1,1,2,2,1,2","1,1,2,2,1,2",623
WILLIE HOWELL,Argentina,Vicente Lpez,2005-08-02,29.930000000000007,7,7,"2,1,1,2,1,1","2,1,1,2,1,1",623
MARSHA DOUGLAS,Mozambique,Beira,2005-08-19,29.930000000000007,7,7,"2,2,1","2,2,1",623
JERRY JORDON,Japan,Onomichi,2005-08-02,29.930000000000007,7,7,"1,1,2,1,2,2","1,1,2,1,2,2",623
JULIAN VEST,Japan,Akishima,2005-08-01,29.930000000000007,7,7,"1,1,1,1,1","1,1,1,1,1",623
SHERRI RHODES,India,Ahmadnagar,2005-08-20,29.930000000000003,7,7,"2,1,1,1,2,1","2,1,1,1,2,1",629
SHAWN HEATON,Thailand,Nakhon Sawan,2005-07-31,29.930000000000003,7,7,"2,1,1,1,2,1","2,1,1,1,2,1",629
NATALIE MEYER,Brazil,Aparecida de Goinia,2005-08-23,29.93,7,7,"2,2,2,1,2,2","2,2,2,1,2,2",631
LILLIE KIM,Egypt,Idfu,2005-08-01,29.93,7,7,"1,2,2,1,1","1,2,2,1,1",631
HILDA HOPKINS,Philippines,Mandaluyong,2005-08-02,29.93,7,7,"2,1,1,2,1,1","2,1,1,2,1,1",631
SETH HANNON,Bahrain,al-Manama,2005-08-01,29.93,7,7,"1,2,1,1,2,1,1","1,2,1,1,2,1,1",631
FREDDIE DUGGAN,Peru,Sullana,2005-08-23,29.93,7,7,"1,1,2,2,1","1,1,2,2,1",631
FRANCISCO SKIDMORE,Brazil,So Leopoldo,2005-08-23,29.920000000000005,8,8,"1,2,1,1,2,1,2,1","1,2,1,1,2,1,2,1",636
WENDY HARRISON,Mexico,Nezahualcyotl,2005-08-01,29.92,8,8,"2,1,1,2,2","2,1,1,2,2",637
KATIE ELLIOTT,Kenya,Kisumu,2005-08-22,29.92,8,8,"2,1,1,1,2","2,1,1,1,2",637
JOY GEORGE,Romania,Botosani,2005-08-21,29.92,8,8,"1,2,2,2,1,1","1,2,2,2,1,1",637
TODD TAN,Ukraine,Kamjanets-Podilskyi,2005-08-02,29.92,8,8,"2,1,2,1,1,2,2","2,1,2,1,1,2,2",637
ALVIN DELOACH,Mexico,Cuauhtmoc,2005-08-22,29.92,8,8,"1,1,1,1","1,1,1,1",637
ROGER QUINTANILLA,Taiwan,Hsichuh,2005-08-20,29.919999999999995,8,8,"2,2,2,1","2,2,2,1",642
JANICE WARD,Sweden,Malm,2005-08-22,29.910000000000004,9,9,"1,1,1,2,1,2","1,1,1,2,1,2",643
NICHOLAS BARFIELD,Brazil,Belm,2005-07-31,29.910000000000004,9,9,"1,1,2,1,1","1,1,2,1,1",643
PHILIP CAUSEY,Russian Federation,Korolev,2005-08-22,29.910000000000004,9,9,"2,1,1,1,2,2,1,2","2,1,1,1,2,2,1,2",643
MELISSA KING,Taiwan,Lungtan,2005-08-23,29.900000000000002,10,10,"1,2,1,1,1,1,1,2","1,2,1,1,1,1,1,2",646
LEE HAWKS,India,Pudukkottai,2005-08-21,28.95000000000001,5,5,"1,1,2,1,1","1,1,2,1,1",647
KATHRYN COLEMAN,Ukraine,Simferopol,2005-07-12,28.950000000000003,5,5,"1,1,2,2,2","1,1,2,2,2",648
CLARA SHAW,Belarus,Molodetno,2005-07-09,28.950000000000003,5,5,"1,2,2","1,2,2",648
ERIN DUNN,Russian Federation,Ljubertsy,2005-08-19,28.950000000000003,5,5,"1,2,1,2","1,2,1,2",648
MARLENE WELCH,Japan,Iwaki,2005-07-28,28.950000000000003,5,5,"1,1,2,1","1,1,2,1",648
CARL ARTIS,Paraguay,San Lorenzo,2005-08-23,28.950000000000003,5,5,"1,1,2,1,1","1,1,2,1,1",648
KARL SEAL,United States,Cape Coral,2005-08-19,28.950000000000003,5,5,"1,1,2,1,2","1,1,2,1,2",648
NEIL RENNER,Vietnam,Cam Ranh,2005-08-19,28.950000000000003,5,5,"2,2,2,1","2,2,2,1",648
TRACEY BARRETT,Nigeria,Owo,2005-08-19,28.95,5,5,"1,1,1,2","1,1,1,2",655
GLENDA FRAZIER,China,Qinhuangdao,2005-08-19,28.94999999999999,5,5,"2,1,2,1","2,1,2,1",656
WESLEY BULL,Spain,Ourense (Orense),2005-07-29,28.940000000000012,6,6,"1,2,2,1,2","1,2,2,1,2",657
SONIA GREGORY,Nigeria,Benin City,2005-08-22,28.94000000000001,6,6,"2,1,1,2,1,2","2,1,1,2,1,2",658
BRETT CORNWELL,India,Siliguri (Shiliguri),2005-08-23,28.940000000000005,6,6,"1,1,1,1,1","1,1,1,1,1",659
GLENN PULLEN,Netherlands,Amersfoort,2005-08-23,28.94,6,6,"2,2,2,1,2,1","2,2,2,1,2,1",660
LORI WOOD,India,Rae Bareli,2005-07-30,28.939999999999998,6,6,"2,2,1,2,1","2,2,1,2,1",661
VALERIE BLACK,United States,Brockton,2005-07-09,28.939999999999998,6,6,"1,1,1","1,1,1",661
RICHARD MCCRARY,United States,Arlington,2005-08-02,28.939999999999998,6,6,"2,2,2,2,1","2,2,2,2,1",661
COREY HAUSER,Turkey,Gaziantep,2005-08-23,28.939999999999998,6,6,"2,1,2,2","2,1,2,2",661
ALFREDO MCADAMS,Russian Federation,Serpuhov,2005-08-23,28.939999999999998,6,6,"2,1,2,2,2","2,1,2,2,2",661
WANDA PATTERSON,Colombia,Sincelejo,2005-08-20,28.93999999999999,6,6,"1,1,2","1,1,2",666
ETHEL WEBB,South Africa,Boksburg,2005-08-21,28.930000000000014,7,7,"1,2,2,2","1,2,2,2",667
MICHELLE CLARK,Bangladesh,Tangail,2005-08-19,28.930000000000007,7,7,"2,2,1,1,2","2,2,1,1,2",668
DANA HART,Russian Federation,Kirovo-Tepetsk,2005-08-23,28.930000000000007,7,7,"2,1,2,1,1","2,1,2,1,1",668
VICKI FIELDS,Germany,Witten,2005-08-22,28.930000000000007,7,7,"2,2,2,2,1","2,2,2,2,1",668
FRANCISCO SKIDMORE,Brazil,So Leopoldo,2005-08-22,28.930000000000007,7,7,"1,2,1,1,2,1,2","1,2,1,1,2,1,2",668
EDWARD BAUGH,Faroe Islands,Trshavn,2005-08-21,28.930000000000003,7,7,"2,2,1,1,2","2,2,1,1,2",672
ALEXANDER FENNELL,Italy,Bergamo,2005-07-12,28.930000000000003,7,7,"2,1,2,1,1,2","2,1,2,1,1,2",672
STACY CUNNINGHAM,Colombia,Pereira,2005-08-22,28.93,7,7,"1,1,2,1,1,1","1,1,2,1,1,1",674
CHARLENE ALVAREZ,Tanzania,Zanzibar,2005-08-20,28.93,7,7,"1,2,1,1,2,2","1,2,1,1,2,2",674
WALTER PERRYMAN,China,Xinxiang,2005-08-02,28.93,7,7,"2,2,1,2,1,2,2","2,2,1,2,1,2,2",674
RYAN SALISBURY,Latvia,Daugavpils,2005-07-30,28.93,7,7,"1,2,2,1","1,2,2,1",674
ANGELA HERNANDEZ,Japan,Shimonoseki,2005-08-19,28.929999999999996,7,7,"2,1,2,2,1","2,1,2,2,1",678
DENNIS GILMAN,South Africa,Paarl,2005-08-22,28.929999999999996,7,7,"2,1,1,1,2","2,1,1,1,2",678
BRANDON HUEY,Turkey,Balikesir,2005-07-29,28.929999999999996,7,7,"2,1,1,2,2","2,1,1,2,2",678
ESTHER CRAWFORD,South Africa,Botshabelo,2005-08-02,28.92000000000001,8,7,"1,2,1,2,1,2","1,2,1,2,1,2",681
LUCY WHEELER,India,Balurghat,2005-08-01,28.920000000000005,8,8,"1,1,2,1,2,1,2","1,1,2,1,2,1,2",682
CLARENCE GAMEZ,Japan,Izumisano,2005-08-02,28.920000000000005,8,8,"2,1,2,1,2,1,2","2,1,2,1,2,1,2",682
MINNIE ROMERO,Indonesia,Ciomas,2005-08-20,28.919999999999998,8,8,"2,1,1,1,2,2","2,1,1,1,2,2",684
LOIS BUTLER,Brunei,Bandar Seri Begawan,2005-08-23,28.910000000000007,9,9,"1,2,1,2,1,1,2","1,2,1,2,1,1,2",685
ROSEMARY SCHMIDT,Turkey,Usak,2005-07-12,28.910000000000004,9,9,"1,1,2,1,2,2,1","1,1,2,1,2,2,1",686
EVERETT BANDA,Egypt,Bilbays,2005-08-02,28.899999999999995,10,10,"1,1,1,2,1,2,1,2","1,1,1,2,1,2,1,2",687
THERESA WATSON,Philippines,Taguig,2005-08-20,28.89,11,11,"1,2,1,2,1,2,2,1","1,2,1,2,1,2,2,1",688
WESLEY BULL,Spain,Ourense (Orense),2005-07-28,27.950000000000014,5,5,"1,2,2,1","1,2,2,1",689
MARLENE WELCH,Japan,Iwaki,2005-08-20,27.95000000000001,5,5,"1,2,2,1","1,2,2,1",690
JOHN FARNSWORTH,India,Parbhani,2005-07-29,27.95000000000001,5,5,"1,1,1","1,1,1",690
JEAN BELL,Malaysia,Kuching,2005-08-20,27.950000000000006,5,5,"2,1,1,2","2,1,1,2",692
JACQUELINE LONG,Thailand,Songkhla,2005-07-30,27.950000000000003,5,5,"1,1,2,1,2","1,1,2,1,2",693
JOE GILLILAND,Philippines,Imus,2005-08-21,27.950000000000003,5,5,"1,1,2,2","1,1,2,2",693
GLENN PULLEN,Netherlands,Amersfoort,2005-08-22,27.950000000000003,5,5,"2,2,2,1,2","2,2,2,1,2",693
GORDON ALLARD,Yemen,Hodeida,2005-08-18,27.950000000000003,5,5,"2,1,2,1","2,1,2,1",693
SAM MCDUFFIE,Colombia,Sogamoso,2005-08-02,27.950000000000003,5,5,"1,2,1,1,1","1,2,1,1,1",693
ANDRE RAPP,Chile,Coquimbo,2005-08-18,27.950000000000003,5,5,"2,1,2,1","2,1,2,1",693
JESSIE MILAM,China,Binzhou,2005-07-12,27.950000000000003,5,5,"1,1,2","1,1,2",693
JESSIE MILAM,China,Binzhou,2005-08-18,27.95,5,5,"2,1,1","2,1,1",700
VIRGINIA GREEN,France,Toulouse,2005-07-31,27.949999999999996,5,5,"1,1,1,2,1","1,1,1,2,1",701
LESLIE SEWARD,Indonesia,Pontianak,2005-06-19,27.949999999999996,5,5,"1,2,1,2","1,2,1,2",701
SALVADOR TEEL,Gambia,Banjul,2005-08-19,27.949999999999996,5,5,"2,2,1","2,2,1",701
JEFFERY PINSON,Pakistan,Dadu,2005-08-22,27.949999999999992,5,5,"1,1,1,1,1","1,1,1,1,1",704
SONIA GREGORY,Nigeria,Benin City,2005-07-31,27.94000000000001,6,6,"2,1,2,1,1","2,1,2,1,1",705
PAMELA BAKER,China,Nanyang,2005-08-20,27.940000000000005,6,6,"1,2,2,1","1,2,2,1",706
CARLA GUTIERREZ,India,Bhusawal,2005-08-22,27.940000000000005,6,6,"2,2,1,1,1","2,2,1,1,1",706
MICHAEL SILVERMAN,China,Tiefa,2005-08-21,27.940000000000005,6,6,"1,2,1,1,1,2","1,2,1,1,1,2",706
CHRISTOPHER GRECO,Italy,Brescia,2005-07-29,27.940000000000005,6,6,"2,2,1,1","2,2,1,1",706
RALPH MADRIGAL,Puerto Rico,Arecibo,2005-07-29,27.940000000000005,6,6,"1,2,1,2,2","1,2,1,2,2",706
GLEN TALBERT,Mexico,Acua,2005-08-02,27.940000000000005,6,6,"2,2,2,1,2","2,2,2,1,2",706
KIM CRUZ,United States,Grand Prairie,2005-08-23,27.94,6,6,"2,2,2,1,1","2,2,2,1,1",712
LEON BOSTIC,Colombia,Florencia,2005-08-19,27.94,6,6,"2,1,2,1,2","2,1,2,1,2",712
AMY LOPEZ,India,Jhansi,2005-07-30,27.939999999999998,6,6,"1,1,2,2","1,1,2,2",714
MICHELE GRANT,China,Yuncheng,2005-07-30,27.939999999999998,6,6,"2,1,2,2,2","2,1,2,2,2",714
GINA WILLIAMSON,Yemen,Taizz,2005-07-12,27.939999999999998,6,6,"2,2,1,2,1,2","2,2,1,2,1,2",714
GWENDOLYN MAY,Japan,Higashiosaka,2005-08-01,27.939999999999998,6,6,"1,2,2,1,2","1,2,2,1,2",714
ROGER QUINTANILLA,Taiwan,Hsichuh,2005-07-29,27.939999999999998,6,6,"2,1,2,1,2","2,1,2,1,2",714
STANLEY SCROGGINS,Japan,Omiya,2005-07-31,27.939999999999998,6,6,"1,1,1,1,2","1,1,1,1,2",714
EDUARDO HIATT,China,Jining,2005-07-12,27.939999999999998,6,6,"1,2,1,2,1","1,2,1,2,1",714
ESTHER CRAWFORD,South Africa,Botshabelo,2005-08-01,27.93000000000001,7,6,"1,2,1,2,1","1,2,1,2,1",721
HEIDI LARSON,China,Xiangfan,2005-08-22,27.93000000000001,7,7,"2,1,2,2,1,2","2,1,2,2,1,2",721
KIMBERLY LEE,Argentina,Crdoba,2005-08-22,27.930000000000007,7,7,"2,2,1,1,2,2","2,2,1,1,2,2",723
MICHELE GRANT,China,Yuncheng,2005-08-23,27.930000000000007,7,7,"1,2,2,2,1,1","1,2,2,2,1,1",723
MARCIA DEAN,Philippines,Tanza,2005-07-29,27.930000000000007,7,7,"2,1,2,1","2,1,2,1",723
SHANE MILLARD,Mexico,La Paz,2005-08-23,27.930000000000007,7,7,"1,2,2,2,1,2","1,2,2,2,1,2",723
BRYAN HARDISON,United States,Dallas,2005-08-23,27.930000000000003,7,7,"2,1,1,2,1,2","2,1,1,2,1,2",727
NORMAN CURRIER,Indonesia,Cianjur,2005-08-23,27.930000000000003,7,7,"1,2,2,1,2,1","1,2,2,1,2,1",727
SHANNON FREEMAN,India,Varanasi (Benares),2005-08-23,27.93,7,7,"1,1,2,2,1","1,1,2,2,1",729
GERALDINE PERKINS,Israel,Tel Aviv-Jaffa,2005-08-22,27.93,7,7,"1,2,1,1,2","1,2,1,1,2",729
MELANIE ARMSTRONG,Philippines,Bayugan,2005-08-01,27.93,7,7,"2,1,2,2,1","2,1,2,2,1",729
ELSIE KELLEY,Nigeria,Ikerre,2005-08-18,27.93,7,7,"1,2,2","1,2,2",729
KRISTIN JOHNSTON,United States,Sunnyvale,2005-08-20,27.93,7,7,"2,2,1,1","2,2,1,1",729
HERMAN DEVORE,Tanzania,Mwanza,2005-08-20,27.93,7,7,"1,2,1,2,1","1,2,1,2,1",729
SARA PERRY,Mexico,Atlixco,2005-08-22,27.929999999999996,7,7,"2,2,2,1,1","2,2,2,1,1",735
DENNIS GILMAN,South Africa,Paarl,2005-07-11,27.929999999999996,7,7,"1,2,2,2,1,1","1,2,2,2,1,1",735
LUCILLE HOLMES,South Africa,Soshanguve,2005-08-19,27.929999999999993,7,7,"2,1,2,1","2,1,2,1",737
MATTHEW MAHAN,Mexico,Cuautla,2005-08-23,27.920000000000005,8,8,"2,1,1,1,1,1,1","2,1,1,1,1,1,1",738
ALICE STEWART,United States,Fontana,2005-08-20,27.92,8,8,"2,1,2,1,1,2","2,1,2,1,1,2",739
BERTHA FERGUSON,Nigeria,Ondo,2005-08-22,27.92,8,8,"1,2,1,2","1,2,1,2",739
KRISTINA CHAMBERS,Venezuela,Valle de la Pascua,2005-08-02,27.92,8,8,"2,1,1,1,2,1,1","2,1,1,1,2,1,1",739
LESLIE SEWARD,Indonesia,Pontianak,2005-08-22,27.92,8,8,"2,1,2,2,1,1,2,2","2,1,2,2,1,1,2,2",739
DARYL LARUE,Iraq,Mosul,2005-08-23,27.92,8,8,"2,2,2,1,2,2,1","2,2,2,1,2,2,1",739
DENISE KELLY,Brazil,Rio Claro,2005-08-22,27.919999999999998,8,8,"2,2,2,1,1,2","2,2,2,1,1,2",744
BOBBY BOUDREAU,Anguilla,South Hill,2005-08-20,27.919999999999998,8,8,"1,2,2,2,1,2","1,2,2,2,1,2",744
JAY ROBB,Indonesia,Surakarta,2005-08-22,27.919999999999995,8,8,"2,2,1,1,2,1","2,2,1,1,2,1",746
SHARON ROBINSON,Pakistan,Mardan,2005-08-22,27.910000000000004,9,9,"1,1,2,1,2,2,1","1,1,2,1,2,2,1",747
PHILLIP HOLM,Japan,Tama,2005-08-02,27.910000000000004,9,9,"2,1,1,1,1","2,1,1,1,1",747
GLORIA COOK,French Polynesia,Papeete,2005-08-20,26.95000000000001,5,5,"1,2,2,1","1,2,2,1",749
SONIA GREGORY,Nigeria,Benin City,2005-07-30,26.95000000000001,5,5,"2,1,2,1","2,1,2,1",749
RICK MATTOX,Egypt,Mit Ghamr,2005-07-11,26.95000000000001,5,5,"1,2,1,2","1,2,1,2",749
TERESA ROGERS,Japan,Iwakuni,2005-08-02,26.950000000000006,5,5,"2,2,2,1","2,2,2,1",752
CARLA GUTIERREZ,India,Bhusawal,2005-08-20,26.950000000000006,5,5,"2,2,1,1","2,2,1,1",752
TONYA CHAPMAN,India,Bhilwara,2005-07-28,26.950000000000006,5,5,"1,2,1","1,2,1",752
AMY LOPEZ,India,Jhansi,2005-08-20,26.950000000000003,5,5,"2,2,1","2,2,1",755
KIM CRUZ,United States,Grand Prairie,2005-08-22,26.950000000000003,5,5,"2,2,2,1","2,2,2,1",755
JERRY JORDON,Japan,Onomichi,2005-08-20,26.950000000000003,5,5,"1,1,2,1,2","1,1,2,1,2",755
BRUCE SCHWARZ,Japan,Okinawa,2005-08-21,26.950000000000003,5,5,"2,1,1,2","2,1,1,2",755
JESUS MCCARTNEY,Brazil,Guaruj,2005-07-31,26.950000000000003,5,5,"2,2,1,2,2","2,2,1,2,2",755
FERNANDO CHURCHILL,South Korea,Tonghae,2005-07-30,26.950000000000003,5,5,"1,2,1,1","1,2,1,1",755
CHAD CARBONE,India,Katihar,2005-08-23,26.949999999999996,5,5,"2,1,2,2","2,1,2,2",761
FLORENCE WOODS,Argentina,Merlo,2005-07-29,26.949999999999992,5,5,"2,2,1,1,2","2,2,1,1,2",762
STANLEY SCROGGINS,Japan,Omiya,2005-08-21,26.949999999999992,5,5,"1,2,1,1","1,2,1,1",762
GUY BROWNLEE,China,Zhoushan,2005-08-20,26.94999999999999,5,5,"1,2,1,2","1,2,1,2",764
JOHN FARNSWORTH,India,Parbhani,2005-08-20,26.940000000000012,6,6,"2,2,1,2,1","2,2,1,2,1",765
BRADLEY MOTLEY,India,Purnea (Purnia),2005-08-20,26.940000000000012,6,6,"2,2,1,2","2,2,1,2",765
JERRY JORDON,Japan,Onomichi,2005-08-01,26.94000000000001,6,6,"1,1,2,1,2","1,1,2,1,2",767
DORIS REED,Russian Federation,Balaiha,2005-08-22,26.940000000000005,6,6,"1,1,2,1,1","1,1,2,1,1",768
ALMA AUSTIN,Germany,Mannheim,2005-07-12,26.940000000000005,6,6,"1,2,2,2","1,2,2,2",768
WILLIE HOWELL,Argentina,Vicente Lpez,2005-07-31,26.940000000000005,6,6,"2,1,1,2,1","2,1,1,2,1",768
NELLIE GARRETT,India,Shimoga,2005-08-23,26.940000000000005,6,6,"2,1,1,1","2,1,1,1",768
NORMAN CURRIER,Indonesia,Cianjur,2005-08-22,26.940000000000005,6,6,"1,2,2,1,2","1,2,2,1,2",768
ELIZABETH BROWN,Taiwan,Nantou,2005-08-20,26.94,6,6,"2,1,1,2","2,1,1,2",773
HILDA HOPKINS,Philippines,Mandaluyong,2005-08-01,26.94,6,6,"2,1,1,2,1","2,1,1,2,1",773
BRANDON HUEY,Turkey,Balikesir,2005-07-28,26.939999999999998,6,6,"2,1,1,2","2,1,1,2",775
MARTIN BALES,Angola,Namibe,2005-08-23,26.939999999999998,6,6,"1,1,2,2,1,1","1,1,2,2,1,1",775
TIM CARY,India,Bijapur,2005-07-31,26.939999999999994,6,6,"2,1,2,1","2,1,2,1",777
VICTORIA GIBSON,Indonesia,Pemalang,2005-08-02,26.930000000000007,7,7,"1,2,2,1,2,1,2","1,2,2,1,2,1,2",778
MATTHEW MAHAN,Mexico,Cuautla,2005-08-22,26.930000000000007,7,7,"2,1,1,1,1,1","2,1,1,1,1,1",778
GERALD FULTZ,India,Satna,2005-08-19,26.930000000000007,7,7,"1,2,2,1","1,2,2,1",778
JACKIE LYNCH,Colombia,Buenaventura,2005-07-31,26.93,7,7,"1,2,1,2,1","1,2,1,2,1",781
TODD TAN,Ukraine,Kamjanets-Podilskyi,2005-08-01,26.93,7,7,"2,1,2,1,1,2","2,1,2,1,1,2",781
MANUEL MURRELL,Sri Lanka,Jaffna,2005-08-20,26.93,7,7,"1,1,2,1,2","1,1,2,1,2",781
DWIGHT LOMBARDI,South Africa,Chatsworth,2005-08-19,26.93,7,7,"1,2,2,1,1","1,2,2,1,1",781
DAISY BATES,Russian Federation,Kolpino,2005-07-09,26.929999999999996,7,7,"2,1,1,1,2","2,1,1,1,2",785
JUSTIN NGO,Brazil,Santo Andr,2005-08-23,26.929999999999996,7,7,"2,1,1,2,1,2","2,1,1,2,1,2",785
CLYDE TOBIAS,China,Shaoguan,2005-07-31,26.929999999999996,7,7,"1,2,1,1","1,2,1,1",785
GINA WILLIAMSON,Yemen,Taizz,2005-08-01,26.929999999999993,7,7,"2,2,2,1,1","2,2,2,1,1",788
ROSS GREY,Philippines,Iligan,2005-07-31,26.920000000000005,8,8,"1,2,1,1,2","1,2,1,1,2",789
CAROLYN PEREZ,Thailand,Pak Kret,2005-07-29,26.92,8,7,"1,1,1,1,2","1,1,1,1,2",790
SALLY PIERCE,India,Chandrapur,2005-08-01,26.92,8,7,"1,2,1,2,2","1,2,1,2,2",790
TERRENCE GUNDERSON,China,Jinzhou,2005-07-30,26.92,8,8,"1,2,1,2","1,2,1,2",790
CYNTHIA YOUNG,India,Munger (Monghyr),2005-08-23,26.919999999999998,8,8,"1,2,1,2,2,1","1,2,1,2,2,1",793
HAZEL WARREN,China,Hohhot,2005-08-23,26.919999999999998,8,8,"2,2,1,2,1,1","2,2,1,2,1,1",793
MITCHELL WESTMORELAND,Vietnam,Nha Trang,2005-08-01,26.919999999999995,8,8,"2,1,1,2,1,2","2,1,1,2,1,2",795
JUNE CARROLL,Algeria,Skikda,2005-08-19,25.95000000000001,5,5,"1,1,1,2","1,1,1,2",796
NELLIE GARRETT,India,Shimoga,2005-08-21,25.950000000000006,5,5,"2,1,1","2,1,1",797
EDNA WEST,South Africa,Klerksdorp,2005-06-20,25.950000000000003,5,5,"2,2,2,2,2","2,2,2,2,2",798
JIM REA,Mexico,El Fuerte,2005-07-09,25.950000000000003,5,5,"2,1,2,1","2,1,2,1",798
CORY MEEHAN,Belarus,Mogiljov,2005-08-22,25.950000000000003,5,5,"1,1,1,1","1,1,1,1",798
SHIRLEY ALLEN,Philippines,Davao,2005-08-18,25.95,5,5,"1,2,2,1","1,2,2,1",801
SANDRA MARTIN,United Kingdom,Southend-on-Sea,2005-08-19,25.949999999999996,5,5,"2,1,2,1","2,1,2,1",802
ELLEN SIMPSON,Brazil,Po,2005-08-02,25.949999999999996,5,5,"1,1,2,1","1,1,2,1",802
RACHEL BARNES,Japan,Kamakura,2005-08-01,25.940000000000012,6,6,"1,1,1,2,1","1,1,1,2,1",804
ETHEL WEBB,South Africa,Boksburg,2005-08-19,25.940000000000012,6,6,"1,2,2","1,2,2",804
THELMA MURRAY,Peru,Lima,2005-07-29,25.940000000000005,6,6,"2,1,2,1,1","2,1,2,1,1",806
AUDREY RAY,Austria,Graz,2005-07-31,25.940000000000005,6,6,"1,2,1,2","1,2,1,2",806
VICKI FIELDS,Germany,Witten,2005-08-21,25.940000000000005,6,6,"2,2,2,2","2,2,2,2",806
ROSEMARY SCHMIDT,Turkey,Usak,2005-08-01,25.940000000000005,6,6,"1,2,1,2,2","1,2,1,2,2",806
ELLA OLIVER,Yemen,Aden,2005-08-02,25.940000000000005,6,6,"1,2,2,2","1,2,2,2",806
VICTOR BARKLEY,United States,Manchester,2005-08-23,25.940000000000005,6,6,"2,1,2,2","2,1,2,2",806
PHILIP CAUSEY,Russian Federation,Korolev,2005-07-31,25.940000000000005,6,6,"1,2,2,2,2,1","1,2,2,2,2,1",806
BARRY LOVELACE,Zambia,Kitwe,2005-07-11,25.940000000000005,6,6,"1,2,2,1,2","1,2,2,1,2",806
KELLY KNOTT,China,Sanya,2005-08-22,25.940000000000005,6,6,"1,2,2,1","1,2,2,1",806
VANESSA SIMS,Germany,Siegen,2005-08-23,25.94,6,6,"2,2,2,2,2","2,2,2,2,2",815
GERTRUDE CASTILLO,Greenland,Nuuk,2005-08-01,25.94,6,6,"2,1,1,2,2","2,1,1,2,2",815
RAYMOND MCWHORTER,Azerbaijan,Sumqayit,2005-08-01,25.939999999999998,6,6,"1,1,1,1","1,1,1,1",817
HAROLD MARTINO,Brazil,Boa Vista,2005-08-19,25.939999999999998,6,6,"1,1,2","1,1,2",817
JUSTIN NGO,Brazil,Santo Andr,2005-08-22,25.939999999999998,6,6,"2,1,1,2,1","2,1,1,2,1",817
JACOB LANCE,United States,El Monte,2005-08-01,25.939999999999998,6,6,"2,2,1,2,1","2,2,1,2,1",817
RUBEN GEARY,Poland,Lublin,2005-08-23,25.939999999999998,6,6,"1,2,1,2,1,1","1,2,1,2,1,1",817
GENE SANBORN,Oman,Salala,2005-07-30,25.939999999999994,6,6,"1,2,1,2","1,2,1,2",822
DARRYL ASHCRAFT,Argentina,Ezeiza,2005-08-22,25.939999999999994,6,6,"1,1,2,2","1,1,2,2",822
PAULINE HENRY,Mexico,Torren,2005-08-23,25.930000000000007,7,7,"1,1,2,1,2,2,1","1,1,2,1,2,2,1",824
LYDIA BURKE,Argentina,San Miguel de Tucumn,2005-07-31,25.930000000000007,7,7,"2,1,2,2","2,1,2,2",824
JOANNE ROBERTSON,Japan,Urawa,2005-08-21,25.930000000000003,7,7,"1,2,1,2","1,2,1,2",826
DOROTHY TAYLOR,Iran,Esfahan,2005-07-10,25.93,7,7,"2,2,1,1,2,1","2,2,1,1,2,1",827
MILDRED BAILEY,India,Jaipur,2005-08-23,25.93,7,7,"1,2,1,1","1,2,1,1",827
SYLVIA ORTIZ,Colombia,Dos Quebradas,2005-07-12,25.93,7,7,"1,2,2,1,2,2","1,2,2,1,2,2",827
BECKY MILES,India,Tambaram,2005-08-23,25.929999999999993,7,7,"1,2,2,2,1,1","1,2,2,2,1,1",830
JIMMY SCHRADER,Russian Federation,Atinsk,2005-08-01,25.92000000000001,8,8,"2,2,1,1,2,1,2","2,2,1,1,2,1,2",831
LAWRENCE LAWTON,Cameroon,Yaound,2005-08-23,25.92,8,8,"1,2,1,2,1,1,2","1,2,1,2,1,1,2",832
MAXINE SILVA,Brazil,Poos de Caldas,2005-08-19,25.919999999999995,8,8,"1,2,1,1,2","1,2,1,1,2",833
EVERETT BANDA,Egypt,Bilbays,2005-08-01,25.919999999999995,8,8,"1,1,1,2,1,2,1","1,1,1,2,1,2,1",833
FRED WHEAT,Mexico,Jurez,2005-08-01,25.910000000000004,9,9,"1,2,2,1,2,1,1,2","1,2,2,1,2,1,1,2",835
LEONARD SCHOFIELD,Argentina,Tandil,2005-08-23,25.910000000000004,9,9,"1,2,1,1,2,1,2,1","1,2,1,1,2,1,2,1",835
ELIZABETH BROWN,Taiwan,Nantou,2005-08-01,25.909999999999997,9,9,"2,2,1,1,1,2,1","2,2,1,1,1,2,1",837
KELLY TORRES,China,Xiangtan,2005-08-20,24.950000000000003,5,5,"1,2,1,2","1,2,1,2",838
SHERRY MARSHALL,Egypt,Shubra al-Khayma,2005-08-20,24.950000000000003,5,5,"1,2,2,1","1,2,2,1",838
ANNETTE OLSON,India,Allappuzha (Alleppey),2005-08-20,24.950000000000003,5,5,"2,1,1,2","2,1,1,2",838
NINA SOTO,India,Palghat (Palakkad),2005-08-02,24.950000000000003,5,5,"1,2,2,1,2","1,2,2,1,2",838
EDWARD BAUGH,Faroe Islands,Trshavn,2005-08-20,24.950000000000003,5,5,"2,2,1,1","2,2,1,1",838
RALPH MADRIGAL,Puerto Rico,Arecibo,2005-07-28,24.950000000000003,5,5,"1,2,1,2","1,2,1,2",838
LEO EBERT,China,Dongying,2005-08-21,24.950000000000003,5,5,"1,1,2","1,1,2",838
PERRY SWAFFORD,Argentina,Quilmes,2005-07-30,24.950000000000003,5,5,"1,2,2,2","1,2,2,2",838
AMY LOPEZ,India,Jhansi,2005-07-29,24.95,5,5,"1,1,2","1,1,2",846
GINA WILLIAMSON,Yemen,Taizz,2005-07-09,24.95,5,5,"2,2,1,2,1","2,2,1,2,1",846
STANLEY SCROGGINS,Japan,Omiya,2005-07-30,24.95,5,5,"1,1,1,1","1,1,1,1",846
ANGELA HERNANDEZ,Japan,Shimonoseki,2005-08-18,24.949999999999996,5,5,"2,1,2","2,1,2",849
LILLIAN GRIFFIN,United Arab Emirates,al-Ayn,2005-08-23,24.949999999999996,5,5,"1,2,2,1","1,2,2,1",849
MICHELE GRANT,China,Yuncheng,2005-07-29,24.949999999999996,5,5,"2,1,2,2","2,1,2,2",849
GWENDOLYN MAY,Japan,Higashiosaka,2005-07-31,24.949999999999996,5,5,"1,2,2,1","1,2,2,1",849
BRANDY GRAVES,United States,Warren,2005-08-18,24.949999999999996,5,5,"1,2,2,1","1,2,2,1",849
SHELLY WATTS,United States,Dayton,2005-08-21,24.949999999999996,5,5,"2,1,1,2","2,1,1,2",849
ROBERTO VU,China,Yinchuan,2005-07-30,24.949999999999996,5,5,"2,2,2","2,2,2",849
GENE SANBORN,Oman,Salala,2005-07-29,24.949999999999996,5,5,"1,2,1","1,2,1",849
CLAUDE HERZOG,Angola,Benguela,2005-08-23,24.949999999999996,5,5,"1,2,1,2,2","1,2,1,2,2",849
DARRYL ASHCRAFT,Argentina,Ezeiza,2005-08-21,24.949999999999996,5,5,"1,1,2","1,1,2",849
MISTY LAMBERT,United Arab Emirates,Sharja,2005-07-29,24.940000000000012,6,6,"2,1,1,2","2,1,1,2",859
ANDREW PURDY,Azerbaijan,Baku,2005-08-21,24.940000000000012,6,6,"1,2,1,2,1","1,2,1,2,1",859
CHARLOTTE HUNTER,Brazil,guas Lindas de Gois,2005-08-23,24.94000000000001,6,6,"1,1,2,2,1","1,1,2,2,1",861
EMILY DIAZ,South Korea,Kimchon,2005-08-01,24.940000000000005,6,6,"1,1,2,2,1","1,1,2,2,1",862
MICHELE GRANT,China,Yuncheng,2005-08-22,24.940000000000005,6,6,"1,2,2,2,1","1,2,2,2,1",862
LORRAINE STEPHENS,China,Hami,2005-08-02,24.940000000000005,6,6,"1,1,2,2,1,1","1,1,2,2,1,1",862
MARCIA DEAN,Philippines,Tanza,2005-07-28,24.940000000000005,6,6,"2,1,2","2,1,2",862
JOSHUA MARK,India,Rampur,2005-07-11,24.940000000000005,6,6,"2,1,2,2","2,1,2,2",862
BRYAN HARDISON,United States,Dallas,2005-08-21,24.940000000000005,6,6,"2,2,1,1,2,1","2,2,1,1,2,1",862
MARIO CHEATHAM,Algeria,Batna,2005-07-29,24.940000000000005,6,6,"1,2,1","1,2,1",862
SHANE MILLARD,Mexico,La Paz,2005-08-22,24.940000000000005,6,6,"1,2,2,2,1","1,2,2,2,1",862
JULIAN VEST,Japan,Akishima,2005-07-31,24.940000000000005,6,6,"1,1,1,1","1,1,1,1",862
SYLVIA ORTIZ,Colombia,Dos Quebradas,2005-07-09,24.94,6,6,"1,2,2,1,2","1,2,2,1,2",871
NATALIE MEYER,Brazil,Aparecida de Goinia,2005-08-22,24.94,6,6,"2,2,2,1,2","2,2,2,1,2",871
LILLIE KIM,Egypt,Idfu,2005-07-31,24.94,6,6,"1,2,2,1","1,2,2,1",871
JAMES GANNON,Japan,Hiroshima,2005-08-01,24.94,6,6,"1,1,2,1,1,2","1,1,2,1,1,2",871
VICKIE BREWER,Germany,Halle/Saale,2005-08-01,24.939999999999998,6,6,"2,2,2,1,1,1","2,2,2,1,1,1",875
MORRIS MCCARTER,Taiwan,Fengshan,2005-07-10,24.939999999999998,6,6,"1,2,1,2,1","1,2,1,2,1",875
SETH HANNON,Bahrain,al-Manama,2005-07-31,24.939999999999998,6,6,"1,2,1,1,2,1","1,2,1,1,2,1",875
FREDDIE DUGGAN,Peru,Sullana,2005-08-22,24.939999999999998,6,6,"1,1,2,2","1,1,2,2",875
TIMOTHY BUNN,Brazil,Braslia,2005-08-22,24.939999999999994,6,6,"2,1,2,2,1,2","2,1,2,2,1,2",879
DONALD MAHON,China,Ezhou,2005-08-23,24.930000000000007,7,7,"2,2,1,2,1,2","2,2,1,2,1,2",880
SHIRLEY ALLEN,Philippines,Davao,2005-07-12,24.930000000000003,7,7,"2,1,1,2,2","2,1,1,2,2",881
ALMA AUSTIN,Germany,Mannheim,2005-08-23,24.930000000000003,7,7,"2,2,1,2,1,2","2,2,1,2,1,2",881
JUDITH COX,China,Daxian,2005-07-31,24.93,7,7,"2,1,2,1","2,1,2,1",883
MARION OCAMPO,China,Weifang,2005-08-22,24.93,7,7,"1,2,1,1,1","1,2,1,1,1",883
WALTER PERRYMAN,China,Xinxiang,2005-08-20,24.929999999999996,7,7,"1,2,1,1,1","1,2,1,1,1",885
MARTHA GONZALEZ,Moldova,Chisinau,2005-07-30,24.92,8,8,"1,2,1,2,1","1,2,1,2,1",886
JANICE WARD,Sweden,Malm,2005-08-21,24.92,8,8,"1,1,1,2,1","1,1,1,2,1",886
NICHOLAS BARFIELD,Brazil,Belm,2005-07-29,24.92,8,8,"1,1,2,1","1,1,2,1",886
HEIDI LARSON,China,Xiangfan,2005-08-21,23.95000000000001,5,5,"2,1,2,2","2,1,2,2",889
DARRELL POWER,Canada,Halifax,2005-08-21,23.950000000000006,5,5,"2,2,1,2,1","2,2,1,2,1",890
THELMA MURRAY,Peru,Lima,2005-08-21,23.950000000000003,5,4,"2,1,1,2","2,1,1,2",891
JOANNE ROBERTSON,Japan,Urawa,2005-08-20,23.950000000000003,5,5,"1,2","1,2",891
DARLENE ROSE,North Korea,Pyongyang,2005-08-19,23.950000000000003,5,5,"1,1","1,1",891
LILLIE KIM,Egypt,Idfu,2005-07-29,23.950000000000003,5,5,"1,2,2","1,2,2",891
PHILLIP HOLM,Japan,Tama,2005-08-19,23.950000000000003,5,5,"1,2,2,1","1,2,2,1",891
NORMAN CURRIER,Indonesia,Cianjur,2005-08-21,23.950000000000003,5,5,"1,2,2,1","1,2,2,1",891
BARRY LOVELACE,Zambia,Kitwe,2005-08-19,23.950000000000003,5,5,"2,2,2,1","2,2,2,1",891
JIMMIE EGGLESTON,Poland,Wroclaw,2005-07-08,23.950000000000003,5,5,"1,1,1","1,1,1",891
ALFREDO MCADAMS,Russian Federation,Serpuhov,2005-07-30,23.950000000000003,5,5,"2,1,1,1","2,1,1,1",891
DARREN WINDHAM,Italy,Livorno,2005-08-20,23.95,5,5,"1,2,1,2,2","1,2,1,2,2",900
RONALD WEINER,Mexico,San Felipe del Progreso,2005-07-10,23.949999999999996,5,5,"2,1,1","2,1,1",901
TIMOTHY BUNN,Brazil,Braslia,2005-08-21,23.949999999999996,5,5,"2,1,2,2,1","2,1,2,2,1",901
COREY HAUSER,Turkey,Gaziantep,2005-08-22,23.949999999999996,5,5,"2,1,2","2,1,2",901
BILLY POULIN,Philippines,Cabuyao,2005-07-31,23.949999999999992,5,5,"1,1,1,1","1,1,1,1",904
RANDALL NEUMANN,Dominican Republic,La Romana,2005-08-22,23.949999999999992,5,5,"1,2,1,1","1,2,1,1",904
HEIDI LARSON,China,Xiangfan,2005-07-31,23.94000000000001,6,6,"1,1,1,1","1,1,1,1",906
DANA HART,Russian Federation,Kirovo-Tepetsk,2005-08-21,23.940000000000005,6,6,"2,1,2,1","2,1,2,1",907
ALMA AUSTIN,Germany,Mannheim,2005-08-21,23.940000000000005,6,6,"2,2,1,2,1","2,2,1,2,1",907
KRISTINA CHAMBERS,Venezuela,Valle de la Pascua,2005-08-20,23.940000000000005,6,6,"1,2,2,1,2","1,2,2,1,2",907
GREGORY MAULDIN,Tunisia,Sousse,2005-08-01,23.940000000000005,6,6,"2,1,1,2,2","2,1,1,2,2",907
ALICE STEWART,United States,Fontana,2005-08-19,23.94,6,6,"2,1,2,1","2,1,2,1",911
SUE PETERS,China,Changzhou,2005-06-17,23.94,6,6,"2,1,2,2,1","2,1,2,2,1",911
CHESTER BENNER,China,Suihua,2005-08-01,23.94,6,6,"1,1,1,1,2","1,1,1,1,2",911
IDA ANDREWS,Brazil,Luzinia,2005-08-02,23.939999999999998,6,6,"2,2,1,2,2","2,2,1,2,2",914
WALTER PERRYMAN,China,Xinxiang,2005-08-01,23.939999999999998,6,6,"2,2,1,2,1,2","2,2,1,2,1,2",914
RYAN SALISBURY,Latvia,Daugavpils,2005-07-29,23.939999999999998,6,6,"1,2,2","1,2,2",914
BOBBY BOUDREAU,Anguilla,South Hill,2005-08-19,23.939999999999998,6,6,"1,2,2,2","1,2,2,2",914
TED BREAUX,China,Baicheng,2005-08-22,23.939999999999998,6,6,"2,1,2,2,1,1","2,1,2,2,1,1",914
GINA WILLIAMSON,Yemen,Taizz,2005-07-30,23.939999999999994,6,6,"2,2,2,1","2,2,2,1",919
OLGA JIMENEZ,Nigeria,Ogbomosho,2005-07-10,23.939999999999994,6,6,"2,1,2,1","2,1,2,1",919
CINDY FISHER,Venezuela,Cuman,2005-08-01,23.93999999999999,6,6,"2,2,2,1","2,2,2,1",921
GERALDINE PERKINS,Israel,Tel Aviv-Jaffa,2005-08-01,23.930000000000003,7,7,"1,2,1,2,1","1,2,1,2,1",922
VICKIE BREWER,Germany,Halle/Saale,2005-08-21,23.929999999999996,7,7,"1,2,2,2,1,1","1,2,2,2,1,1",923
JIMMY SCHRADER,Russian Federation,Atinsk,2005-08-21,23.92000000000001,8,8,"2,2,1,2","2,2,1,2",924
CAROLE BARNETT,United States,Peoria,2005-08-20,23.92,8,8,"1,2,1,1,2","1,2,1,1,2",925
RACHEL BARNES,Japan,Kamakura,2005-07-31,22.95000000000001,5,5,"1,1,1,2","1,1,1,2",926
DANA HART,Russian Federation,Kirovo-Tepetsk,2005-08-20,22.950000000000006,5,5,"2,1,2","2,1,2",927
CHERYL MURPHY,India,Mysore,2005-08-21,22.950000000000003,5,5,"1,2,1,2,1","1,2,1,2,1",928
CARMEN OWENS,Venezuela,Caracas,2005-07-12,22.950000000000003,5,5,"1,2,1,2,1","1,2,1,2,1",928
SYLVIA ORTIZ,Colombia,Dos Quebradas,2005-07-08,22.950000000000003,5,5,"1,2,2,1","1,2,2,1",928
MARJORIE TUCKER,Poland,Jastrzebie-Zdrj,2005-07-30,22.950000000000003,5,5,"2,2,2,1","2,2,2,1",928
AUDREY RAY,Austria,Graz,2005-07-30,22.950000000000003,5,5,"1,2,1","1,2,1",928
LAURIE LAWRENCE,India,Firozabad,2005-07-31,22.950000000000003,5,5,"2,2,2,1,1","2,2,2,1,1",928
VICKI FIELDS,Germany,Witten,2005-08-20,22.950000000000003,5,5,"2,2,2","2,2,2",928
VIOLA HANSON,Philippines,Lapu-Lapu,2005-07-31,22.950000000000003,5,5,"2,1,2","2,1,2",928
KAY CALDWELL,China,Yantai,2005-08-20,22.950000000000003,5,5,"2,1,2,1","2,1,2,1",928
SHERRI RHODES,India,Ahmadnagar,2005-08-19,22.950000000000003,5,5,"2,1,1,1","2,1,1,1",928
JACK FOUST,Russian Federation,Zeleznogorsk,2005-08-23,22.950000000000003,5,5,"1,2,1,2","1,2,1,2",928
ALEXANDER FENNELL,Italy,Bergamo,2005-07-10,22.950000000000003,5,5,"2,1,2,1","2,1,2,1",928
GLEN TALBERT,Mexico,Acua,2005-07-31,22.950000000000003,5,5,"2,2,2,1","2,2,2,1",928
DANNY ISOM,Pakistan,Okara,2005-08-02,22.95,5,5,"2,2,2,2,1","2,2,2,2,1",941
CLYDE TOBIAS,China,Shaoguan,2005-07-30,22.949999999999996,5,5,"1,2,1","1,2,1",942
JULIAN VEST,Japan,Akishima,2005-08-22,22.94000000000001,6,6,"2,1,1,2","2,1,1,2",943
KIMBERLY LEE,Argentina,Crdoba,2005-08-19,22.940000000000005,6,6,"2,2,1,1,2","2,2,1,1,2",944
WILLIE HOWELL,Argentina,Vicente Lpez,2005-08-22,22.940000000000005,6,6,"2,1,2,1,1","2,1,2,1,1",944
DOROTHY TAYLOR,Iran,Esfahan,2005-07-09,22.94,6,6,"2,2,1,1,2","2,2,1,1,2",946
JACK FOUST,Russian Federation,Zeleznogorsk,2005-08-02,22.94,6,6,"2,2,1,2,2,2","2,2,1,2,2,2",946
JOANNE ROBERTSON,Japan,Urawa,2005-08-01,22.939999999999998,6,6,"2,1,1,2,1,2","2,1,1,2,1,2",948
REGINA BERRY,China,Jinchang,2005-07-30,22.939999999999998,6,6,"2,1,2,1","2,1,2,1",948
ELSIE KELLEY,Nigeria,Ikerre,2005-08-17,22.939999999999998,6,6,"1,2","1,2",948
MINNIE ROMERO,Indonesia,Ciomas,2005-08-19,22.939999999999998,6,6,"2,1,1,1,2","2,1,1,1,2",948
VICKIE BREWER,Germany,Halle/Saale,2005-08-19,22.939999999999998,6,6,"1,2,2,2,1","1,2,2,2,1",948
OLGA JIMENEZ,Nigeria,Ogbomosho,2005-08-02,22.939999999999998,6,6,"2,2,2,1,2","2,2,2,1,2",948
BECKY MILES,India,Tambaram,2005-08-22,22.93999999999999,6,6,"1,2,2,2,1","1,2,2,2,1",954
SARAH LEWIS,Latvia,Liepaja,2005-08-21,22.930000000000007,7,7,"2,2,2,2","2,2,2,2",955
CATHERINE CAMPBELL,Russian Federation,Moscow,2005-08-19,22.930000000000003,7,7,"1,2,2,1,1","1,2,2,1,1",956
MARCIA DEAN,Philippines,Tanza,2005-07-10,22.930000000000003,7,7,"1,2,2,1,1,1,2","1,2,2,1,1,1,2",956
PHILIP CAUSEY,Russian Federation,Korolev,2005-08-20,22.930000000000003,7,7,"2,1,1,1,2,2","2,1,1,1,2,2",956
SALLY PIERCE,India,Chandrapur,2005-07-31,22.93,7,7,"1,2,1,2","1,2,1,2",959
BILLY POULIN,Philippines,Cabuyao,2005-07-12,22.929999999999996,7,7,"2,1,1,2,1,1","2,1,1,2,1,1",960
LOIS BUTLER,Brunei,Bandar Seri Begawan,2005-08-02,22.910000000000007,9,9,"2,2,1,1,2,2,2","2,2,1,1,2,2,2",961
RICKY SHELBY,China,Junan,2005-08-22,22.910000000000007,9,9,"1,2,1,2,1,1","1,2,1,2,1,1",961
BOBBY BOUDREAU,Anguilla,South Hill,2005-08-01,22.910000000000004,9,9,"1,1,2,2,1,2,1,2","1,1,2,2,1,2,1,2",963
HARRY ARCE,Iran,Najafabad,2005-07-31,21.950000000000006,5,5,"2,1,2,1,1","2,1,2,1,1",964
KARL SEAL,United States,Cape Coral,2005-07-09,21.950000000000006,5,5,"1,2,1,2","1,2,1,2",964
IVAN CROMWELL,Mexico,Monclova,2005-07-30,21.950000000000006,5,5,"2,2,1,2","2,2,1,2",964
DORIS REED,Russian Federation,Balaiha,2005-08-21,21.950000000000003,5,5,"1,1,2,1","1,1,2,1",967
CARMEN OWENS,Venezuela,Caracas,2005-07-07,21.950000000000003,5,5,"2,1,2,1,2","2,1,2,1,2",967
LORRAINE STEPHENS,China,Hami,2005-08-01,21.950000000000003,5,5,"1,1,2,2,1","1,1,2,2,1",967
ALMA AUSTIN,Germany,Mannheim,2005-07-10,21.950000000000003,5,5,"1,2,2","1,2,2",967
RAMONA HALE,India,Patiala,2005-07-30,21.950000000000003,5,5,"1,2,2,1","1,2,2,1",967
JACK FOUST,Russian Federation,Zeleznogorsk,2005-08-01,21.950000000000003,5,5,"2,2,1,2,2","2,2,1,2,2",967
BRYAN HARDISON,United States,Dallas,2005-08-20,21.950000000000003,5,5,"2,2,1,1,2","2,2,1,1,2",967
SIDNEY BURLESON,Poland,Czestochowa,2005-08-20,21.950000000000003,5,5,"1,1,2,2,1","1,1,2,2,1",967
SHIRLEY ALLEN,Philippines,Davao,2005-07-31,21.95,5,5,"1,2,2,1","1,2,2,1",975
TROY QUIGLEY,Canada,Vancouver,2005-08-18,21.95,5,5,"1,2,2","1,2,2",975
VIOLET RODRIQUEZ,Hong Kong,Kowloon and New Kowloon,2005-08-01,21.949999999999996,5,5,"1,2,1,2","1,2,1,2",977
RAYMOND MCWHORTER,Azerbaijan,Sumqayit,2005-08-22,21.949999999999996,5,5,"2,2,1,1,1","2,2,1,1,1",977
FREDDIE DUGGAN,Peru,Sullana,2005-08-19,21.949999999999996,5,5,"1,1,2","1,1,2",977
CATHERINE CAMPBELL,Russian Federation,Moscow,2005-08-18,21.940000000000005,6,6,"1,2,2,1","1,2,2,1",980
VICTORIA GIBSON,Indonesia,Pemalang,2005-08-01,21.940000000000005,6,6,"1,2,2,1,2,1","1,2,2,1,2,1",980
ROSEMARY SCHMIDT,Turkey,Usak,2005-08-21,21.940000000000005,6,6,"2,1,1,2,2","2,1,1,2,2",980
STACEY MONTGOMERY,China,Fuyu,2005-08-20,21.940000000000005,6,6,"2,2,2,1","2,2,2,1",980
HARRY ARCE,Iran,Najafabad,2005-08-19,21.940000000000005,6,6,"1,2,1,2","1,2,1,2",980
ELIZABETH BROWN,Taiwan,Nantou,2005-07-10,21.94,6,6,"2,2,1,2,2","2,2,1,2,2",985
WENDY HARRISON,Mexico,Nezahualcyotl,2005-07-31,21.94,6,6,"2,1,1,2","2,1,1,2",985
AGNES BISHOP,India,Sambhal,2005-08-22,21.94,6,6,"1,2,1,2","1,2,1,2",985
DWIGHT LOMBARDI,South Africa,Chatsworth,2005-08-18,21.94,6,6,"1,2,2,1","1,2,2,1",985
SUSAN WILSON,New Zealand,Hamilton,2005-08-02,21.939999999999998,6,6,"1,2,2,1,2","1,2,2,1,2",989
JUANITA MASON,India,Pune,2005-08-23,21.939999999999998,6,6,"1,1,1,1,2,2","1,1,1,1,2,2",989
EDUARDO HIATT,China,Jining,2005-07-09,21.939999999999998,6,6,"2,1,2,1,2","2,1,2,1,2",989
DENNIS GILMAN,South Africa,Paarl,2005-08-02,21.939999999999994,6,6,"2,1,1,2,1,2","2,1,1,2,1,2",992
MITCHELL WESTMORELAND,Vietnam,Nha Trang,2005-08-19,21.93999999999999,6,6,"1,1,1,2","1,1,1,2",993
LOIS BUTLER,Brunei,Bandar Seri Begawan,2005-08-22,21.930000000000007,7,7,"1,2,1,2,1","1,2,1,2,1",994
LESLIE SEWARD,Indonesia,Pontianak,2005-08-21,21.93,7,7,"2,1,2,2,1,1,2","2,1,2,2,1,1,2",995
MARY SMITH,Japan,Sasebo,2005-08-22,21.92000000000001,8,7,"2,1,2,1,1,2","2,1,2,1,1,2",996
LOIS BUTLER,Brunei,Bandar Seri Begawan,2005-07-31,21.92000000000001,8,8,"2,2,1,1,2,2","2,2,1,1,2,2",996
MELISSA KING,Taiwan,Lungtan,2005-08-22,21.92,8,8,"1,2,1,1,1,1","1,2,1,1,1,1",998
THERESA WATSON,Philippines,Taguig,2005-08-19,21.919999999999998,8,8,"1,2,1,2,1,2","1,2,1,2,1,2",999
WESLEY BULL,Spain,Ourense (Orense),2005-08-20,20.950000000000017,5,5,"2,1,1","2,1,1",1000
KATHERINE RIVERA,Switzerland,Basel,2005-08-23,20.950000000000006,5,5,"1,1,2,1","1,1,2,1",1001
ELIZABETH BROWN,Taiwan,Nantou,2005-07-09,20.950000000000003,5,5,"2,2,1,2","2,2,1,2",1002
GAIL KNIGHT,Switzerland,Bern,2005-07-12,20.950000000000003,5,5,"1,1,2,1","1,1,2,1",1002
ALLISON STANLEY,Cambodia,Phnom Penh,2005-08-01,20.950000000000003,5,5,"1,2,1,1,1","1,2,1,1,1",1002
STELLA MORENO,Mexico,Coacalco de Berriozbal,2005-08-02,20.950000000000003,5,5,"1,1,2","1,1,2",1002
MABEL HOLLAND,Myanmar,Monywa,2005-06-18,20.950000000000003,5,5,"1,2,2,1","1,2,2,1",1002
KRISTINA CHAMBERS,Venezuela,Valle de la Pascua,2005-08-19,20.950000000000003,5,5,"1,2,2,1","1,2,2,1",1002
JEREMY HURTADO,Brazil,Vitria de Santo Anto,2005-08-21,20.950000000000003,5,5,"1,2,1,2,2","1,2,1,2,2",1002
BARRY LOVELACE,Zambia,Kitwe,2005-07-10,20.950000000000003,5,5,"1,2,2,1","1,2,2,1",1002
SAM MCDUFFIE,Colombia,Sogamoso,2005-08-23,20.950000000000003,5,5,"2,2,2,1","2,2,2,1",1002
HEATHER MORRIS,Japan,Nagareyama,2005-08-20,20.95,5,5,"1,1,1,2,1","1,1,1,2,1",1011
STACY CUNNINGHAM,Colombia,Pereira,2005-08-21,20.95,5,5,"1,1,2,1,1","1,1,2,1,1",1011
IDA ANDREWS,Brazil,Luzinia,2005-08-01,20.949999999999996,5,5,"2,2,1,2","2,2,1,2",1013
GEORGIA JACOBS,India,Uttarpara-Kotrung,2005-08-02,20.949999999999996,5,5,"1,2,2,2,1","1,2,2,2,1",1013
DENNIS GILMAN,South Africa,Paarl,2005-08-21,20.949999999999996,5,5,"2,1,1,1","2,1,1,1",1013
EDGAR RHOADS,Turkey,Eskisehir,2005-07-30,20.949999999999996,5,5,"2,1,2,2,1","2,1,2,2,1",1013
TAMMY SANDERS,Taiwan,Changhwa,2005-07-29,20.94000000000001,6,6,"1,1,2,1","1,1,2,1",1017
CLARENCE GAMEZ,Japan,Izumisano,2005-08-01,20.940000000000005,6,6,"2,1,2,1,2","2,1,2,1,2",1018
PHILIP CAUSEY,Russian Federation,Korolev,2005-08-19,20.940000000000005,6,6,"2,1,1,1,2","2,1,1,1,2",1018
ROSS GREY,Philippines,Iligan,2005-07-30,20.940000000000005,6,6,"1,2,1,1","1,2,1,1",1018
BETTY WHITE,United States,Citrus Heights,2005-08-23,20.94,6,6,"2,1,1,2,1,1","2,1,1,2,1,1",1021
TINA SIMMONS,Brazil,Goinia,2005-08-22,20.94,6,6,"1,2,1,1,2","1,2,1,1,2",1021
TIM CARY,India,Bijapur,2005-07-11,20.939999999999994,6,6,"2,1,2,2,1,1","2,1,2,2,1,1",1023
BOBBY BOUDREAU,Anguilla,South Hill,2005-07-31,20.930000000000003,7,7,"1,1,2,2,1,2","1,1,2,2,1,2",1024
LEONARD SCHOFIELD,Argentina,Tandil,2005-08-22,20.92,8,8,"1,2,1,1,2,1,2","1,2,1,1,2,1,2",1025
GENE SANBORN,Oman,Salala,2005-07-11,20.919999999999998,8,8,"2,1,2,1,2,1","2,1,2,1,2,1",1026
VICTORIA GIBSON,Indonesia,Pemalang,2005-08-20,19.95000000000001,5,5,"2,2,1,1","2,2,1,1",1027
MISTY LAMBERT,United Arab Emirates,Sharja,2005-07-28,19.95000000000001,5,5,"2,1,1","2,1,1",1027
KATHLEEN ADAMS,Iran,Arak,2005-08-20,19.950000000000006,5,5,"2,1,2,1","2,1,2,1",1029
THELMA MURRAY,Peru,Lima,2005-07-28,19.950000000000003,5,5,"2,1,2,1","2,1,2,1",1030
VALERIE BLACK,United States,Brockton,2005-08-23,19.950000000000003,5,5,"1,1,2","1,1,2",1030
ROSEMARY SCHMIDT,Turkey,Usak,2005-07-31,19.950000000000003,5,5,"1,2,1,2","1,2,1,2",1030
TAMARA NGUYEN,Brazil,Anpolis,2005-07-31,19.950000000000003,5,5,"2,2,2","2,2,2",1030
SHAWN HEATON,Thailand,Nakhon Sawan,2005-07-30,19.950000000000003,5,5,"2,1,1,1,2","2,1,1,1,2",1030
MICHEAL FORMAN,Argentina,Escobar,2005-08-21,19.950000000000003,5,5,"1,2,1,2","1,2,1,2",1030
GEORGE LINTON,Brazil,Sorocaba,2005-07-28,19.95,5,5,"2,1,2,1","2,1,2,1",1036
MARTIN BALES,Angola,Namibe,2005-08-22,19.95,5,5,"1,1,2,2,1","1,1,2,2,1",1036
RUBEN GEARY,Poland,Lublin,2005-08-22,19.95,5,5,"1,2,1,2,1","1,2,1,2,1",1036
WALTER PERRYMAN,China,Xinxiang,2005-07-31,19.949999999999996,5,5,"2,2,1,2,1","2,2,1,2,1",1039
BILLY POULIN,Philippines,Cabuyao,2005-07-11,19.949999999999996,5,5,"2,1,1,2,1","2,1,1,2,1",1039
TIM CARY,India,Bijapur,2005-07-09,19.949999999999996,5,5,"2,1,2,2,1","2,1,2,2,1",1039
SETH HANNON,Bahrain,al-Manama,2005-07-30,19.949999999999996,5,5,"1,2,1,1,2","1,2,1,1,2",1039
GLEN TALBERT,Mexico,Acua,2005-08-21,19.940000000000005,6,6,"1,2,1,2,2","1,2,1,2,2",1043
JASON MORRISSEY,Argentina,Baha Blanca,2005-07-12,19.939999999999998,6,6,"2,1,2,1,2","2,1,2,1,2",1044
CURTIS IRBY,Canada,Richmond Hill,2005-07-09,19.939999999999994,6,6,"2,1,1,2","2,1,1,2",1045
JIMMY SCHRADER,Russian Federation,Atinsk,2005-08-18,19.930000000000007,7,7,"2,2,1","2,2,1",1046
VIRGINIA GREEN,France,Toulouse,2005-07-10,19.930000000000003,7,7,"2,2,2,1,1","2,2,2,1,1",1047
WAYNE TRUONG,India,Gulbarga,2005-08-22,19.93,7,7,"1,2,1,1,1,2","1,2,1,1,1,2",1048
DOUGLAS GRAF,Mexico,Mexicali,2005-08-23,18.950000000000003,5,5,"2,2,2,2","2,2,2,2",1049
KEITH RICO,Slovakia,Bratislava,2005-07-30,18.950000000000003,5,5,"1,2,1,2","1,2,1,2",1049
ALEX GRESHAM,Mexico,Uruapan,2005-07-31,18.950000000000003,5,5,"2,1,2,1,1","2,1,2,1,1",1049
HARVEY GUAJARDO,Vietnam,Vinh,2005-08-22,18.950000000000003,5,5,"1,1,1,1,1","1,1,1,1,1",1049
CHAD CARBONE,India,Katihar,2005-08-01,18.949999999999996,5,5,"1,1,1,1","1,1,1,1",1053
EDUARDO HIATT,China,Jining,2005-07-07,18.949999999999996,5,5,"2,1,2,1","2,1,2,1",1053
PAULINE HENRY,Mexico,Torren,2005-08-22,18.940000000000005,6,6,"1,1,2,1,2,2","1,1,2,1,2,2",1055
EVELYN MORGAN,Liechtenstein,Vaduz,2005-07-31,18.93,7,7,"2,1,2,1,2","2,1,2,1,2",1056
JIMMY SCHRADER,Russian Federation,Atinsk,2005-07-31,17.95000000000001,5,5,"2,2,1,1,2","2,2,1,1,2",1057
PAULINE HENRY,Mexico,Torren,2005-08-20,17.950000000000006,5,5,"1,1,2,1,2","1,1,2,1,2",1058
ANNIE RUSSELL,Mozambique,Tete,2005-08-01,17.950000000000003,5,5,"2,2,2,1,1","2,2,2,1,1",1059
COURTNEY DAY,South Korea,Uijongbu,2005-07-27,17.950000000000003,5,5,"2,1","2,1",1059
FRANK WAGGONER,Bangladesh,Jamalpur,2005-07-08,17.950000000000003,5,5,"2,2,1,1,2","2,2,1,1,2",1059
VICTOR BARKLEY,United States,Manchester,2005-08-21,17.950000000000003,5,5,"2,1,2","2,1,2",1059
BEVERLY BROOKS,Taiwan,Chiayi,2005-08-23,17.949999999999996,5,5,"2,2,1,1,2","2,2,1,1,2",1063
WALTER PERRYMAN,China,Xinxiang,2005-08-19,17.949999999999996,5,5,"1,2,1,1","1,2,1,1",1063
LUCY WHEELER,India,Balurghat,2005-07-31,17.940000000000005,6,6,"1,1,2,1,2,1","1,1,2,1,2,1",1065
DONALD MAHON,China,Ezhou,2005-08-22,17.940000000000005,6,6,"2,2,1,2,1","2,2,1,2,1",1065
SALLY PIERCE,India,Chandrapur,2005-07-29,17.94,6,6,"1,2,1","1,2,1",1067
SAMANTHA DUNCAN,Mexico,Matamoros,2005-08-22,17.94,6,6,"2,1,2,2","2,1,2,2",1067
FRED WHEAT,Mexico,Jurez,2005-07-31,17.94,6,6,"1,2,2,1,2,1","1,2,2,1,2,1",1067
DENISE KELLY,Brazil,Rio Claro,2005-08-20,17.939999999999998,6,6,"2,2,2,1","2,2,2,1",1070
CYNTHIA YOUNG,India,Munger (Monghyr),2005-07-12,17.93,7,7,"1,2,2,1,2,2","1,2,2,1,2,2",1071
ANDRE RAPP,Chile,Coquimbo,2005-07-10,16.950000000000003,5,5,"2,2,2,2","2,2,2,2",1072
RONNIE RICKETTS,Senegal,Ziguinchor,2005-07-11,16.95,5,5,"1,2,1,2,2","1,2,1,2,2",1073
TED BREAUX,China,Baicheng,2005-08-21,16.95,5,5,"2,1,2,2,1","2,1,2,2,1",1073
VICKIE BREWER,Germany,Halle/Saale,2005-07-31,16.949999999999996,5,5,"2,2,2,1,1","2,2,2,1,1",1075
JAY ROBB,Indonesia,Surakarta,2005-08-21,16.949999999999996,5,5,"2,2,1,1","2,2,1,1",1075
JENNIFER DAVIS,United States,Laredo,2005-08-02,16.940000000000005,6,6,"2,1,1,1","2,1,1,1",1077
CYNTHIA YOUNG,India,Munger (Monghyr),2005-07-11,16.94,6,6,"1,2,2,1,2","1,2,2,1,2",1078
ERIKA PENA,Finland,Oulu,2005-07-12,16.94,6,6,"1,2,1,2,1,2","1,2,1,2,1,2",1078
CATHY SPENCER,Japan,Kakamigahara,2005-08-01,16.939999999999998,6,6,"1,2,2,2","1,2,2,2",1080
LOIS BUTLER,Brunei,Bandar Seri Begawan,2005-07-30,16.930000000000007,7,7,"2,2,1,1,2","2,2,1,1,2",1081
MONICA HICKS,Ukraine,Mukateve,2005-08-18,15.950000000000008,5,5,"2,1,1,2","2,1,1,2",1082
CAROLYN PEREZ,Thailand,Pak Kret,2005-07-28,15.950000000000003,5,5,"1,1,1","1,1,1",1083
JUANITA MASON,India,Pune,2005-07-29,15.950000000000003,5,5,"2,1,1,1","2,1,1,1",1083
CYNTHIA YOUNG,India,Munger (Monghyr),2005-07-10,15.950000000000001,5,5,"1,2,2,1","1,2,2,1",1085
CATHY SPENCER,Japan,Kakamigahara,2005-07-29,15.949999999999998,5,5,"1,2,2","1,2,2",1086
LEONARD SCHOFIELD,Argentina,Tandil,2005-08-21,15.940000000000003,6,6,"1,2,1,1,2","1,2,1,1,2",1087
GENE SANBORN,Oman,Salala,2005-07-10,15.939999999999998,6,6,"2,1,2,1,2","2,1,2,1,2",1088
GENE SANBORN,Oman,Salala,2005-07-09,14.949999999999998,5,5,"2,1,2,1","2,1,2,1",1089
KIMBERLY LEE,Argentina,Crdoba,2005-08-02,14.940000000000003,6,6,"1,1,1,2,2,1","1,1,1,2,2,1",1090
TAMMY SANDERS,Taiwan,Changhwa,2005-07-28,13.950000000000008,5,5,"1,1,2","1,1,2",1091
SHIRLEY ALLEN,Philippines,Davao,2005-07-11,13.950000000000003,5,5,"2,1,1,2","2,1,1,2",1092
VIRGINIA GREEN,France,Toulouse,2005-07-09,12.950000000000003,5,5,"2,2,2,1","2,2,2,1",1093
BOBBY BOUDREAU,Anguilla,South Hill,2005-07-30,12.950000000000003,5,5,"1,1,2,2","1,1,2,2",1093
KIMBERLY LEE,Argentina,Crdoba,2005-08-01,11.950000000000003,5,5,"1,1,1,2,2","1,1,1,2,2",1095
