customer_id,customer_name,country,city,window_end_date,window_amount,window_count,unique_films_count,global_suspicion_rank
459,TOMMY COLLAZO,Iran,Qomsheh,2005-08-01,96.84,16,16,1
2,PATRICIA JOHNSON,United States,San Bernardino,2005-08-02,83.82999999999998,17,17,2
181,ANA BRADLEY,United States,Memphis,2005-08-01,82.86000000000001,14,14,3
181,ANA BRADLEY,United States,Memphis,2005-08-02,78.86000000000001,14,14,4
148,ELEANOR HUNT,Runion,Saint-Denis,2005-08-02,78.85,15,15,5
522,ARNOLD HAVENS,Philippines,Santa Rosa,2005-08-01,74.86,14,14,6
459,TOMMY COLLAZO,Iran,Qomsheh,2005-07-31,73.88000000000001,12,12,7
21,MICHELLE CLARK,Bangladesh,Tangail,2005-08-22,72.86,14,13,8
237,TANYA GILBERT,South Korea,Naju,2005-08-02,71.85000000000001,15,15,9
137,RHONDA KENNEDY,Netherlands,Apeldoorn,2005-08-02,69.87,13,12,10
148,ELEANOR HUNT,Runion,Saint-Denis,2005-08-23,69.83999999999999,16,16,11
21,MICHELLE CLARK,Bangladesh,Tangail,2005-08-21,67.87,13,12,12
403,MIKE WAY,India,Valparai,2005-08-02,67.86999999999999,13,13,13
15,HELEN HARRIS,India,Bhopal,2005-08-23,67.86,14,14,14
148,ELEANOR HUNT,Runion,Saint-Denis,2005-08-01,67.86,14,14,14
487,HECTOR POINDEXTER,Russian Federation,Pjatigorsk,2005-08-02,67.85,15,15,16
2,PATRICIA JOHNSON,United States,San Bernardino,2005-08-01,66.86999999999999,13,13,17
346,ARTHUR SIMPKINS,Russian Federation,Maikop,2005-08-02,66.86,14,14,18
2,PATRICIA JOHNSON,United States,San Bernardino,2005-07-31,65.88,12,12,19
198,ELSIE KELLEY,Nigeria,Ikerre,2005-08-23,65.86,14,14,20
144,CLARA SHAW,Belarus,Molodetno,2005-08-02,65.84,16,16,21
3,LINDA WILLIAMS,Greece,Athenai,2005-08-01,64.88,12,12,22
259,LENA JENSEN,India,Halisahar,2005-08-23,64.87,13,12,23
187,BRITTANY RILEY,Ukraine,Sumy,2005-08-23,63.91000000000001,9,9,24
531,JAMIE WAUGH,Japan,Kuwana,2005-08-02,63.88,12,12,25
2,PATRICIA JOHNSON,United States,San Bernardino,2005-07-30,62.89,11,11,26
15,HELEN HARRIS,India,Bhopal,2005-08-22,62.870000000000005,13,13,27
332,STEPHEN QUALLS,Bangladesh,Dhaka,2005-08-02,62.870000000000005,13,13,27
75,TAMMY SANDERS,Taiwan,Changhwa,2005-08-02,62.860000000000014,14,14,29
150,DANIELLE DANIELS,Mexico,Hidalgo,2005-08-21,62.86000000000001,14,14,30
119,SHERRY MARSHALL,Egypt,Shubra al-Khayma,2005-08-23,62.86,14,14,31
526,KARL SEAL,United States,Cape Coral,2005-08-22,61.890000000000015,11,11,32
21,MICHELLE CLARK,Bangladesh,Tangail,2005-08-20,61.89000000000001,11,11,33
209,TONYA CHAPMAN,India,Bhilwara,2005-08-01,61.88000000000001,12,11,34
372,STEVE MACKENZIE,Indonesia,Probolinggo,2005-08-02,61.88000000000001,12,12,34
508,MILTON HOWLAND,India,Vijayawada,2005-08-02,61.879999999999995,12,12,36
121,JOSEPHINE GOMEZ,India,Etawah,2005-08-23,61.87000000000001,13,13,37
148,ELEANOR HUNT,Runion,Saint-Denis,2005-08-22,61.85999999999999,14,14,38
566,CASEY MENA,Turkey,Tokat,2005-08-02,61.84000000000001,16,15,39
459,TOMMY COLLAZO,Iran,Qomsheh,2005-07-30,60.91000000000001,9,9,40
526,KARL SEAL,United States,Cape Coral,2005-08-23,60.890000000000015,11,11,41
137,RHONDA KENNEDY,Netherlands,Apeldoorn,2005-08-01,60.89,11,10,42
508,MILTON HOWLAND,India,Vijayawada,2005-08-01,60.88999999999999,11,11,43
90,RUBY WASHINGTON,China,Meixian,2005-08-02,60.88,12,12,44
41,STEPHANIE MITCHELL,Armenia,Yerevan,2005-08-02,60.870000000000005,13,13,45
148,ELEANOR HUNT,Runion,Saint-Denis,2005-07-31,60.870000000000005,13,13,45
198,ELSIE KELLEY,Nigeria,Ikerre,2005-08-22,60.870000000000005,13,13,45
468,TIM CARY,India,Bijapur,2005-08-23,60.87,13,13,48
342,HAROLD MARTINO,Brazil,Boa Vista,2005-08-23,60.86,14,14,49
362,NICHOLAS BARFIELD,Brazil,Belm,2005-08-22,59.900000000000006,10,10,50
513,DUANE TUBBS,Nauru,Yangor,2005-08-23,59.89000000000001,11,11,51
550,GUY BROWNLEE,China,Zhoushan,2005-08-23,59.889999999999986,11,11,52
390,SHAWN HEATON,Thailand,Nakhon Sawan,2005-08-22,59.88000000000001,12,12,53
274,NAOMI JENNINGS,India,Karnal,2005-08-23,59.88,12,12,54
410,CURTIS IRBY,Canada,Richmond Hill,2005-08-23,59.879999999999995,12,12,55
147,JOANNE ROBERTSON,Japan,Urawa,2005-08-23,59.870000000000005,13,13,56
293,MAE FLETCHER,Spain,Donostia-San Sebastin,2005-08-23,58.90000000000002,10,10,57
558,JIMMIE EGGLESTON,Poland,Wroclaw,2005-07-12,58.89000000000001,11,11,58
3,LINDA WILLIAMS,Greece,Athenai,2005-07-31,58.89,11,11,59
295,DAISY BATES,Russian Federation,Kolpino,2005-08-02,58.88999999999999,11,11,60
121,JOSEPHINE GOMEZ,India,Etawah,2005-08-22,58.88000000000001,12,12,61
436,TROY QUIGLEY,Canada,Vancouver,2005-08-23,58.88,12,12,62
257,MARSHA DOUGLAS,Mozambique,Beira,2005-08-02,58.860000000000014,14,14,63
566,CASEY MENA,Turkey,Tokat,2005-08-01,58.85000000000001,15,14,64
423,ALFRED CASILLAS,Egypt,Sawhaj,2005-08-02,57.890000000000015,11,11,65
373,LOUIS LEONE,Philippines,Tanauan,2005-08-22,57.879999999999995,12,12,66
569,DAVE GARDINER,China,Leshan,2005-08-23,57.87000000000002,13,13,67
50,DIANE COLLINS,Sudan,Omdurman,2005-08-02,57.87,13,13,68
494,RAMON CHOATE,Ecuador,Robamba,2005-08-02,57.87,13,13,68
92,TINA SIMMONS,Brazil,Goinia,2005-07-11,56.900000000000006,10,10,70
75,TAMMY SANDERS,Taiwan,Changhwa,2005-08-01,56.88000000000001,12,12,71
332,STEPHEN QUALLS,Bangladesh,Dhaka,2005-08-01,56.88,12,12,72
279,DIANNE SHELTON,Iran,Tabriz,2005-08-23,56.879999999999995,12,12,73
181,ANA BRADLEY,United States,Memphis,2005-07-31,55.910000000000004,9,9,74
522,ARNOLD HAVENS,Philippines,Santa Rosa,2005-07-31,55.9,10,10,75
407,DALE RATCLIFF,South Africa,Rustenburg,2005-08-02,55.89000000000001,11,10,76
90,RUBY WASHINGTON,China,Meixian,2005-08-01,55.89,11,11,77
274,NAOMI JENNINGS,India,Karnal,2005-08-22,55.89,11,11,77
425,FRANCIS SIKES,Mexico,San Juan Bautista Tuxtepec,2005-07-12,55.89,11,11,77
560,JORDAN ARCHULETA,Argentina,Avellaneda,2005-08-02,55.89,11,11,77
373,LOUIS LEONE,Philippines,Tanauan,2005-08-02,55.88000000000001,12,12,81
119,SHERRY MARSHALL,Egypt,Shubra al-Khayma,2005-08-22,55.88,12,12,82
439,ALEXANDER FENNELL,Italy,Bergamo,2005-08-23,55.879999999999995,12,12,83
29,ANGELA HERNANDEZ,Japan,Shimonoseki,2005-08-22,55.870000000000005,13,13,84
232,CONSTANCE REID,Nigeria,Zaria,2005-08-01,55.870000000000005,13,13,84
366,BRANDON HUEY,Turkey,Balikesir,2005-08-02,55.870000000000005,13,13,84
245,COURTNEY DAY,South Korea,Uijongbu,2005-08-02,55.860000000000014,14,14,87
406,NATHAN RUNYON,"Virgin Islands, U.S.",Charlotte Amalie,2005-08-01,55.860000000000014,14,14,87
125,ETHEL WEBB,South Africa,Boksburg,2005-08-02,55.86000000000001,14,14,89
144,CLARA SHAW,Belarus,Molodetno,2005-07-12,54.92,8,8,90
582,ANDY VANHORN,Mexico,Huejutla de Reyes,2005-08-02,54.910000000000004,9,9,91
423,ALFRED CASILLAS,Egypt,Sawhaj,2005-08-01,54.90000000000001,10,10,92
22,LAURA RODRIGUEZ,Morocco,Sal,2005-08-23,54.900000000000006,10,10,93
220,CHARLENE ALVAREZ,Tanzania,Zanzibar,2005-08-02,54.900000000000006,10,10,93
332,STEPHEN QUALLS,Bangladesh,Dhaka,2005-07-31,54.900000000000006,10,10,93
448,MIGUEL BETANCOURT,Germany,Erlangen,2005-08-23,54.900000000000006,10,10,93
78,LORI WOOD,India,Rae Bareli,2005-08-02,54.9,10,10,97
404,STANLEY SCROGGINS,Japan,Omiya,2005-08-22,54.89999999999999,10,10,98
81,ANDREA HENDERSON,Madagascar,Mahajanga,2005-08-23,54.89,11,11,99
137,RHONDA KENNEDY,Netherlands,Apeldoorn,2005-08-23,54.89,11,11,99
577,CLIFTON MALCOLM,Taiwan,Tanshui,2005-08-02,54.89,11,11,99
410,CURTIS IRBY,Canada,Richmond Hill,2005-08-22,54.88999999999999,11,11,102
41,STEPHANIE MITCHELL,Armenia,Yerevan,2005-08-01,54.88,12,12,103
237,TANYA GILBERT,South Korea,Naju,2005-07-31,54.870000000000005,13,13,104
186,HOLLY FOX,India,Haldia,2005-08-23,54.87,13,13,105
487,HECTOR POINDEXTER,Russian Federation,Pjatigorsk,2005-08-01,54.86,14,14,106
138,HAZEL WARREN,China,Hohhot,2005-08-02,54.85,15,15,107
19,RUTH MARTINEZ,South Africa,Kimberley,2005-08-22,53.92000000000001,8,8,108
526,KARL SEAL,United States,Cape Coral,2005-08-21,53.91000000000001,9,9,109
300,JOHN FARNSWORTH,India,Parbhani,2005-08-23,53.90000000000002,10,10,110
513,DUANE TUBBS,Nauru,Yangor,2005-08-22,53.900000000000006,10,10,111
295,DAISY BATES,Russian Federation,Kolpino,2005-08-01,53.89999999999999,10,10,112
112,ROSA REYNOLDS,United States,Lancaster,2005-08-23,53.89,11,11,113
436,TROY QUIGLEY,Canada,Vancouver,2005-08-20,53.89,11,11,113
462,WARREN SHERROD,Russian Federation,Usolje-Sibirskoje,2005-08-23,53.89,11,11,113
512,CECIL VINES,United Kingdom,London,2005-08-23,53.89,11,11,113
346,ARTHUR SIMPKINS,Russian Federation,Maikop,2005-08-01,53.88999999999999,11,11,117
178,MARION SNYDER,Brazil,Santa Brbara dOeste,2005-08-02,53.88000000000002,12,12,118
39,DEBRA NELSON,Brazil,Vila Velha,2005-08-01,53.88000000000001,12,12,119
50,DIANE COLLINS,Sudan,Omdurman,2005-08-01,53.879999999999995,12,12,120
186,HOLLY FOX,India,Haldia,2005-08-22,53.879999999999995,12,12,120
494,RAMON CHOATE,Ecuador,Robamba,2005-08-01,53.879999999999995,12,12,120
406,NATHAN RUNYON,"Virgin Islands, U.S.",Charlotte Amalie,2005-07-31,53.87000000000001,13,13,123
535,JAVIER ELROD,Chad,NDjamna,2005-08-23,53.87,13,13,124
187,BRITTANY RILEY,Ukraine,Sumy,2005-08-22,52.93000000000001,7,7,125
470,GORDON ALLARD,Yemen,Hodeida,2005-08-01,52.910000000000004,9,9,126
482,MAURICE CRAWLEY,Mexico,Coatzacoalcos,2005-07-12,52.91,9,9,127
265,JENNIE TERRY,Czech Republic,Olomouc,2005-07-12,52.900000000000006,10,10,128
277,OLGA JIMENEZ,Nigeria,Ogbomosho,2005-08-22,52.900000000000006,10,10,128
454,ALEX GRESHAM,Mexico,Uruapan,2005-06-21,52.900000000000006,10,10,128
532,NEIL RENNER,Vietnam,Cam Ranh,2005-07-12,52.900000000000006,10,10,128
425,FRANCIS SIKES,Mexico,San Juan Bautista Tuxtepec,2005-07-11,52.9,10,10,132
245,COURTNEY DAY,South Korea,Uijongbu,2005-07-31,52.890000000000015,11,11,133
102,CRYSTAL FORD,Israel,Ashdod,2005-07-12,52.89000000000001,11,11,134
15,HELEN HARRIS,India,Bhopal,2005-08-21,52.89,11,11,135
327,LARRY THRASHER,Turkey,Adana,2005-08-23,52.89,11,11,135
469,WESLEY BULL,Spain,Ourense (Orense),2005-08-01,52.88000000000002,12,12,137
236,MARCIA DEAN,Philippines,Tanza,2005-08-02,52.88000000000001,12,12,138
257,MARSHA DOUGLAS,Mozambique,Beira,2005-07-31,52.88000000000001,12,12,138
373,LOUIS LEONE,Philippines,Tanauan,2005-08-01,52.88000000000001,12,12,138
526,KARL SEAL,United States,Cape Coral,2005-08-02,52.88000000000001,12,12,138
225,ARLENE HARVEY,India,Ambattur,2005-08-02,52.88,12,12,142
424,KYLE SPURLOCK,China,Shanwei,2005-08-02,52.879999999999995,12,12,143
535,JAVIER ELROD,Chad,NDjamna,2005-08-22,52.879999999999995,12,12,143
210,ELLA OLIVER,Yemen,Aden,2005-07-12,52.870000000000005,13,13,145
362,NICHOLAS BARFIELD,Brazil,Belm,2005-08-21,51.92,8,8,146
470,GORDON ALLARD,Yemen,Hodeida,2005-07-31,51.92,8,8,146
210,ELLA OLIVER,Yemen,Aden,2005-08-23,51.91000000000001,9,9,148
423,ALFRED CASILLAS,Egypt,Sawhaj,2005-07-30,51.91000000000001,9,9,148
426,BRADLEY MOTLEY,India,Purnea (Purnia),2005-08-02,51.910000000000004,9,9,150
331,ERIC ROBERT,Argentina,Santa F,2005-07-10,51.91,9,9,151
103,GLADYS HAMILTON,Nigeria,Ilorin,2005-08-23,51.900000000000006,10,10,152
376,RANDY GAITHER,Russian Federation,Kurgan,2005-07-12,51.9,10,10,153
508,MILTON HOWLAND,India,Vijayawada,2005-07-31,51.89999999999999,10,10,154
569,DAVE GARDINER,China,Leshan,2005-08-22,51.890000000000015,11,11,155
473,JORGE OLIVARES,Indonesia,Lhokseumawe,2005-08-02,51.89,11,11,156
168,REGINA BERRY,China,Jinchang,2005-08-23,51.88,12,12,157
342,HAROLD MARTINO,Brazil,Boa Vista,2005-08-21,51.879999999999995,12,12,158
595,TERRENCE GUNDERSON,China,Jinzhou,2005-08-02,51.870000000000005,13,13,159
19,RUTH MARTINEZ,South Africa,Kimberley,2005-08-21,50.93000000000001,7,7,160
459,TOMMY COLLAZO,Iran,Qomsheh,2005-07-29,50.93000000000001,7,7,160
100,ROBIN HAYES,Russian Federation,Jelets,2005-07-12,50.92,8,8,162
181,ANA BRADLEY,United States,Memphis,2005-07-30,50.92,8,8,162
426,BRADLEY MOTLEY,India,Purnea (Purnia),2005-08-01,50.92,8,8,162
3,LINDA WILLIAMS,Greece,Athenai,2005-07-30,50.91,9,9,165
280,TRACEY BARRETT,Nigeria,Owo,2005-08-23,50.91,9,9,165
388,CRAIG MORRELL,Philippines,Cavite,2005-08-23,50.89000000000001,11,11,167
560,JORDAN ARCHULETA,Argentina,Avellaneda,2005-08-01,50.89,11,11,168
410,CURTIS IRBY,Canada,Richmond Hill,2005-08-02,50.88999999999999,11,11,169
329,FRANK WAGGONER,Bangladesh,Jamalpur,2005-08-02,50.88000000000001,12,12,170
360,RALPH MADRIGAL,Puerto Rico,Arecibo,2005-08-02,50.88000000000001,12,12,170
210,ELLA OLIVER,Yemen,Aden,2005-07-11,50.88,12,12,172
294,SHELLY WATTS,United States,Dayton,2005-08-02,50.870000000000005,13,13,173
144,CLARA SHAW,Belarus,Molodetno,2005-08-01,50.87,13,13,174
275,CAROLE BARNETT,United States,Peoria,2005-08-23,50.86000000000001,14,14,175
157,DARLENE ROSE,North Korea,Pyongyang,2005-08-02,50.85000000000001,15,15,176
137,RHONDA KENNEDY,Netherlands,Apeldoorn,2005-07-31,49.910000000000004,9,9,177
448,MIGUEL BETANCOURT,Germany,Erlangen,2005-08-22,49.910000000000004,9,9,177
425,FRANCIS SIKES,Mexico,San Juan Bautista Tuxtepec,2005-07-09,49.91,9,9,179
468,TIM CARY,India,Bijapur,2005-08-21,49.91,9,9,179
522,ARNOLD HAVENS,Philippines,Santa Rosa,2005-07-30,49.91,9,9,179
469,WESLEY BULL,Spain,Ourense (Orense),2005-08-23,49.90000000000002,10,10,182
121,JOSEPHINE GOMEZ,India,Etawah,2005-08-21,49.900000000000006,10,10,183
499,MARC OUTLAW,Italy,Brindisi,2005-08-22,49.900000000000006,10,10,183
499,MARC OUTLAW,Italy,Brindisi,2005-08-23,49.900000000000006,10,10,183
494,RAMON CHOATE,Ecuador,Robamba,2005-07-31,49.9,10,10,186
129,CARRIE PORTER,China,Liaocheng,2005-08-01,49.89000000000001,11,11,187
179,DANA HART,Russian Federation,Kirovo-Tepetsk,2005-08-02,49.89000000000001,11,11,187
41,STEPHANIE MITCHELL,Armenia,Yerevan,2005-07-31,49.89,11,11,189
279,DIANNE SHELTON,Iran,Tabriz,2005-08-22,49.89,11,11,189
469,WESLEY BULL,Spain,Ourense (Orense),2005-08-02,49.88000000000002,12,12,191
51,ALICE STEWART,United States,Fontana,2005-08-22,49.88,12,12,192
135,JUANITA MASON,India,Pune,2005-08-02,49.88,12,12,192
46,CATHERINE CAMPBELL,Russian Federation,Moscow,2005-08-23,49.870000000000005,13,13,194
266,NORA HERRERA,Austria,Salzburg,2005-08-22,49.87,13,13,195
426,BRADLEY MOTLEY,India,Purnea (Purnia),2005-07-31,48.93,7,7,196
423,ALFRED CASILLAS,Egypt,Sawhaj,2005-07-29,48.92000000000001,8,8,197
86,JACQUELINE LONG,Thailand,Songkhla,2005-08-01,48.92,8,8,198
92,TINA SIMMONS,Brazil,Goinia,2005-07-10,48.92,8,8,198
332,STEPHEN QUALLS,Bangladesh,Dhaka,2005-07-30,48.92,8,8,198
295,DAISY BATES,Russian Federation,Kolpino,2005-07-31,48.91999999999999,8,8,201
587,SERGIO STANFIELD,Mexico,Celaya,2005-08-02,48.91000000000001,9,9,202
259,LENA JENSEN,India,Halisahar,2005-08-02,48.910000000000004,9,9,203
434,EDDIE TOMLIN,Philippines,Ozamis,2005-08-22,48.91,9,9,204
471,DEAN SAUER,South Africa,Johannesburg,2005-08-23,48.90000000000001,10,10,205
515,ANDRE RAPP,Chile,Coquimbo,2005-08-22,48.90000000000001,10,10,205
13,KAREN JACKSON,Turkey,Osmaniye,2005-08-02,48.900000000000006,10,10,207
66,JANICE WARD,Sweden,Malm,2005-07-11,48.900000000000006,10,10,207
112,ROSA REYNOLDS,United States,Lancaster,2005-08-02,48.900000000000006,10,10,207
148,ELEANOR HUNT,Runion,Saint-Denis,2005-07-30,48.900000000000006,10,10,207
160,ERIN DUNN,Russian Federation,Ljubertsy,2005-08-23,48.900000000000006,10,9,207
179,DANA HART,Russian Federation,Kirovo-Tepetsk,2005-08-01,48.900000000000006,10,10,207
495,CHARLIE BESS,China,Baiyin,2005-08-01,48.900000000000006,10,10,207
141,DEBBIE REYES,Japan,Fukuyama,2005-08-02,48.89,11,11,214
168,REGINA BERRY,China,Jinchang,2005-08-22,48.89,11,11,214
198,ELSIE KELLEY,Nigeria,Ikerre,2005-08-21,48.89,11,11,214
446,THEODORE CULP,India,Uluberia,2005-08-02,48.88999999999999,11,11,217
42,CAROLYN PEREZ,Thailand,Pak Kret,2005-08-02,48.88000000000001,12,11,218
232,CONSTANCE REID,Nigeria,Zaria,2005-07-31,48.88,12,12,219
595,TERRENCE GUNDERSON,China,Jinzhou,2005-08-01,48.88,12,12,219
553,MAX PITT,Yugoslavia,Novi Sad,2005-07-12,48.879999999999995,12,12,221
566,CASEY MENA,Turkey,Tokat,2005-07-31,48.870000000000005,13,12,222
520,MITCHELL WESTMORELAND,Vietnam,Nha Trang,2005-08-23,48.86999999999999,13,13,223
263,HILDA HOPKINS,Philippines,Mandaluyong,2005-08-23,47.92,8,8,224
497,GILBERT SLEDGE,United Kingdom,York,2005-08-01,47.92,8,8,224
300,JOHN FARNSWORTH,India,Parbhani,2005-08-22,47.91000000000002,9,9,226
45,JANET PHILLIPS,Chile,Antofagasta,2005-08-02,47.910000000000004,9,9,227
80,MARILYN ROSS,Nigeria,Ife,2005-07-12,47.910000000000004,9,8,227
273,PRISCILLA LOWE,Mexico,Salamanca,2005-07-12,47.91,9,9,229
439,ALEXANDER FENNELL,Italy,Bergamo,2005-08-22,47.91,9,9,229
333,ANDREW PURDY,Azerbaijan,Baku,2005-08-01,47.90000000000001,10,10,231
106,CONNIE WALLACE,Russian Federation,Ivanovo,2005-08-02,47.900000000000006,10,10,232
150,DANIELLE DANIELS,Mexico,Hidalgo,2005-08-20,47.900000000000006,10,10,232
467,ALVIN DELOACH,Mexico,Cuauhtmoc,2005-08-02,47.900000000000006,10,10,232
490,SAM MCDUFFIE,Colombia,Sogamoso,2005-07-12,47.900000000000006,10,10,232
591,KENT ARSENAULT,Brazil,Juiz de Fora,2005-08-01,47.890000000000015,11,11,236
356,GERALD FULTZ,India,Satna,2005-08-23,47.89000000000001,11,11,237
372,STEVE MACKENZIE,Indonesia,Probolinggo,2005-08-23,47.89000000000001,11,11,237
380,RUSSELL BRINSON,Poland,Tychy,2005-08-02,47.89000000000001,11,11,237
526,KARL SEAL,United States,Cape Coral,2005-08-01,47.89000000000001,11,11,237
348,ROGER QUINTANILLA,Taiwan,Hsichuh,2005-08-02,47.89,11,11,241
461,DEREK BLAKELY,Philippines,Gingoog,2005-08-23,47.89,11,11,241
462,WARREN SHERROD,Russian Federation,Usolje-Sibirskoje,2005-08-01,47.89,11,11,241
553,MAX PITT,Yugoslavia,Novi Sad,2005-07-11,47.89,11,11,241
138,HAZEL WARREN,China,Hohhot,2005-08-01,47.88,12,12,245
572,SIDNEY BURLESON,Poland,Czestochowa,2005-08-02,47.88,12,12,245
125,ETHEL WEBB,South Africa,Boksburg,2005-08-01,47.870000000000005,13,13,247
502,BRETT CORNWELL,India,Siliguri (Shiliguri),2005-08-02,47.870000000000005,13,12,247
479,ZACHARY HITE,United States,Akron,2005-08-02,46.920000000000016,8,8,249
240,MARLENE WELCH,Japan,Iwaki,2005-08-01,46.92000000000001,8,8,250
274,NAOMI JENNINGS,India,Karnal,2005-08-21,46.92,8,8,251
462,WARREN SHERROD,Russian Federation,Usolje-Sibirskoje,2005-08-20,46.92,8,8,251
582,ANDY VANHORN,Mexico,Huejutla de Reyes,2005-07-31,46.92,8,8,251
285,MIRIAM MCKINNEY,Japan,Otsu,2005-08-01,46.919999999999995,8,8,254
103,GLADYS HAMILTON,Nigeria,Ilorin,2005-07-12,46.91000000000001,9,9,255
209,TONYA CHAPMAN,India,Bhilwara,2005-07-31,46.91000000000001,9,9,255
471,DEAN SAUER,South Africa,Johannesburg,2005-08-22,46.91000000000001,9,9,255
585,PERRY SWAFFORD,Argentina,Quilmes,2005-08-02,46.91000000000001,9,9,255
15,HELEN HARRIS,India,Bhopal,2005-08-20,46.910000000000004,9,9,259
106,CONNIE WALLACE,Russian Federation,Ivanovo,2005-08-01,46.910000000000004,9,9,259
389,ALAN KAHN,China,Emeishan,2005-08-02,46.910000000000004,9,9,259
206,TERRI VASQUEZ,Brazil,Blumenau,2005-08-23,46.91,9,9,262
584,SALVADOR TEEL,Gambia,Banjul,2005-08-22,46.91,9,9,262
75,TAMMY SANDERS,Taiwan,Changhwa,2005-07-31,46.90000000000001,10,10,264
292,MISTY LAMBERT,United Arab Emirates,Sharja,2005-08-02,46.90000000000001,10,10,264
372,STEVE MACKENZIE,Indonesia,Probolinggo,2005-07-30,46.90000000000001,10,10,264
102,CRYSTAL FORD,Israel,Ashdod,2005-07-10,46.900000000000006,10,10,267
137,RHONDA KENNEDY,Netherlands,Apeldoorn,2005-07-11,46.900000000000006,10,10,267
172,BERNICE WILLIS,Turkey,Batman,2005-08-23,46.900000000000006,10,10,267
306,CHARLES KOWALSKI,Malaysia,Sungai Petani,2005-08-23,46.900000000000006,10,10,267
373,LOUIS LEONE,Philippines,Tanauan,2005-08-20,46.9,10,10,271
424,KYLE SPURLOCK,China,Shanwei,2005-08-01,46.9,10,10,271
178,MARION SNYDER,Brazil,Santa Brbara dOeste,2005-08-01,46.890000000000015,11,11,273
529,ERIK GUILLEN,India,Bhimavaram,2005-08-22,46.890000000000015,11,11,273
418,JEFF EAST,Dominican Republic,San Felipe de Puerto Plata,2005-08-02,46.89000000000001,11,11,275
211,STACEY MONTGOMERY,China,Fuyu,2005-07-12,46.89,11,11,276
289,VIOLET RODRIQUEZ,Hong Kong,Kowloon and New Kowloon,2005-08-22,46.89,11,11,276
366,BRANDON HUEY,Turkey,Balikesir,2005-08-01,46.89,11,11,276
306,CHARLES KOWALSKI,Malaysia,Sungai Petani,2005-08-02,46.88,12,12,279
38,MARTHA GONZALEZ,Moldova,Chisinau,2005-08-02,46.870000000000005,13,13,280
275,CAROLE BARNETT,United States,Peoria,2005-08-22,46.870000000000005,13,13,280
326,JOSE ANDREW,Saint Vincent and the Grenadines,Kingstown,2005-08-02,46.86000000000001,14,14,282
19,RUTH MARTINEZ,South Africa,Kimberley,2005-08-20,45.940000000000005,6,6,283
100,ROBIN HAYES,Russian Federation,Jelets,2005-07-09,45.93,7,7,284
491,RICK MATTOX,Egypt,Mit Ghamr,2005-08-02,45.920000000000016,8,8,285
19,RUTH MARTINEZ,South Africa,Kimberley,2005-08-23,45.92000000000001,8,8,286
58,JEAN BELL,Malaysia,Kuching,2005-08-22,45.92000000000001,8,8,286
209,TONYA CHAPMAN,India,Bhilwara,2005-07-30,45.92000000000001,8,8,286
80,MARILYN ROSS,Nigeria,Ife,2005-07-11,45.92,8,7,289
349,JOE GILLILAND,Philippines,Imus,2005-08-23,45.92,8,7,289
26,JESSICA HALL,Holy See (Vatican City State),Citt del Vaticano,2005-08-23,45.919999999999995,8,8,291
594,EDUARDO HIATT,China,Jining,2005-08-01,45.919999999999995,8,8,291
176,JUNE CARROLL,Algeria,Skikda,2005-08-23,45.91000000000002,9,9,293
360,RALPH MADRIGAL,Puerto Rico,Arecibo,2005-08-22,45.91000000000001,9,9,294
7,MARIA MILLER,Yugoslavia,Kragujevac,2005-07-12,45.910000000000004,9,9,295
112,ROSA REYNOLDS,United States,Lancaster,2005-08-01,45.910000000000004,9,9,295
154,MICHELE GRANT,China,Yuncheng,2005-08-02,45.910000000000004,9,9,295
178,MARION SNYDER,Brazil,Santa Brbara dOeste,2005-07-12,45.910000000000004,9,9,295
259,LENA JENSEN,India,Halisahar,2005-08-22,45.910000000000004,9,9,295
489,RICARDO MEADOR,Japan,Okayama,2005-08-23,45.910000000000004,9,9,295
499,MARC OUTLAW,Italy,Brindisi,2005-08-20,45.910000000000004,9,9,295
577,CLIFTON MALCOLM,Taiwan,Tanshui,2005-08-01,45.910000000000004,9,9,295
146,JAMIE RICE,United States,Sterling Heights,2005-08-23,45.91,9,9,303
267,MARGIE WADE,China,Lengshuijiang,2005-08-23,45.91,9,9,303
403,MIKE WAY,India,Valparai,2005-08-01,45.91,9,9,303
453,CALVIN MARTEL,Venezuela,Maracabo,2005-08-23,45.90000000000001,10,10,306
84,SARA PERRY,Mexico,Atlixco,2005-08-02,45.900000000000006,10,10,307
230,JOY GEORGE,Romania,Botosani,2005-08-02,45.900000000000006,10,10,307
256,MABEL HOLLAND,Myanmar,Monywa,2005-08-23,45.900000000000006,10,10,307
296,RAMONA HALE,India,Patiala,2005-08-23,45.900000000000006,10,10,307
302,MICHAEL SILVERMAN,China,Tiefa,2005-08-01,45.900000000000006,10,10,307
445,MICHEAL FORMAN,Argentina,Escobar,2005-08-23,45.900000000000006,10,10,307
144,CLARA SHAW,Belarus,Molodetno,2005-08-23,45.9,10,10,313
349,JOE GILLILAND,Philippines,Imus,2005-08-02,45.9,10,10,313
504,NATHANIEL ADAM,United States,Joliet,2005-08-23,45.9,10,10,313
368,HARRY ARCE,Iran,Najafabad,2005-08-23,45.89000000000001,11,11,316
210,ELLA OLIVER,Yemen,Aden,2005-07-10,45.89,11,11,317
211,STACEY MONTGOMERY,China,Fuyu,2005-08-23,45.89,11,11,317
232,CONSTANCE REID,Nigeria,Zaria,2005-07-30,45.89,11,11,317
416,JEFFERY PINSON,Pakistan,Dadu,2005-08-02,45.89,11,11,317
595,TERRENCE GUNDERSON,China,Jinzhou,2005-07-31,45.89,11,11,317
314,GEORGE LINTON,Brazil,Sorocaba,2005-08-23,45.88999999999999,11,11,322
89,JULIA FLORES,Argentina,La Plata,2005-08-02,45.88,12,12,323
220,CHARLENE ALVAREZ,Tanzania,Zanzibar,2005-08-01,44.93000000000001,7,7,324
367,ADAM GOOCH,India,Adoni,2005-08-21,44.93000000000001,7,7,324
3,LINDA WILLIAMS,Greece,Athenai,2005-07-29,44.93,7,7,326
293,MAE FLETCHER,Spain,Donostia-San Sebastin,2005-08-22,44.920000000000016,8,8,327
300,JOHN FARNSWORTH,India,Parbhani,2005-08-21,44.920000000000016,8,8,327
591,KENT ARSENAULT,Brazil,Juiz de Fora,2005-08-20,44.920000000000016,8,8,327
454,ALEX GRESHAM,Mexico,Uruapan,2005-06-19,44.92000000000001,8,8,330
477,DAN PAINE,United Kingdom,Stockport,2005-08-02,44.92000000000001,8,8,330
178,MARION SNYDER,Brazil,Santa Brbara dOeste,2005-06-20,44.92,8,8,332
259,LENA JENSEN,India,Halisahar,2005-08-01,44.92,8,8,332
347,RYAN SALISBURY,Latvia,Daugavpils,2005-08-23,44.92,8,8,332
583,MARSHALL THORN,United Kingdom,Southampton,2005-07-12,44.92,8,8,332
410,CURTIS IRBY,Canada,Richmond Hill,2005-08-21,44.919999999999995,8,8,336
459,TOMMY COLLAZO,Iran,Qomsheh,2005-08-23,44.919999999999995,8,8,336
584,SALVADOR TEEL,Gambia,Banjul,2005-08-21,44.919999999999995,8,8,336
472,GREG ROBINS,Vietnam,Nam Dinh,2005-08-22,44.91999999999999,8,8,339
178,MARION SNYDER,Brazil,Santa Brbara dOeste,2005-08-22,44.910000000000025,9,9,340
11,LISA ANDERSON,Japan,Sagamihara,2005-08-02,44.910000000000004,9,9,341
302,MICHAEL SILVERMAN,China,Tiefa,2005-07-31,44.910000000000004,9,9,341
467,ALVIN DELOACH,Mexico,Cuauhtmoc,2005-08-01,44.910000000000004,9,9,341
470,GORDON ALLARD,Yemen,Hodeida,2005-07-12,44.910000000000004,9,9,341
87,WANDA PATTERSON,Colombia,Sincelejo,2005-08-01,44.91,9,9,345
186,HOLLY FOX,India,Haldia,2005-08-21,44.91,9,9,345
589,TRACY HERRMANN,Ecuador,Loja,2005-08-23,44.91,9,9,345
221,BESSIE MORRISON,Italy,Syrakusa,2005-08-22,44.90000000000001,10,10,348
40,AMANDA CARTER,Morocco,Nador,2005-08-22,44.900000000000006,10,10,349
196,ALMA AUSTIN,Germany,Mannheim,2005-08-02,44.900000000000006,10,10,349
225,ARLENE HARVEY,India,Ambattur,2005-07-12,44.900000000000006,10,10,349
302,MICHAEL SILVERMAN,China,Tiefa,2005-08-23,44.900000000000006,10,10,349
308,THOMAS GRIGSBY,United States,Kansas City,2005-08-23,44.900000000000006,10,10,349
372,STEVE MACKENZIE,Indonesia,Probolinggo,2005-08-22,44.900000000000006,10,10,349
388,CRAIG MORRELL,Philippines,Cavite,2005-08-22,44.900000000000006,10,10,349
445,MICHEAL FORMAN,Argentina,Escobar,2005-08-02,44.900000000000006,10,10,349
526,KARL SEAL,United States,Cape Coral,2005-07-31,44.900000000000006,10,10,349
78,LORI WOOD,India,Rae Bareli,2005-08-23,44.9,10,10,358
210,ELLA OLIVER,Yemen,Aden,2005-07-09,44.9,10,10,358
273,PRISCILLA LOWE,Mexico,Salamanca,2005-08-02,44.9,10,10,358
462,WARREN SHERROD,Russian Federation,Usolje-Sibirskoje,2005-07-31,44.9,10,10,358
475,PEDRO CHESTNUT,Ukraine,ostka,2005-08-02,44.9,10,10,358
553,MAX PITT,Yugoslavia,Novi Sad,2005-07-08,44.9,10,10,358
446,THEODORE CULP,India,Uluberia,2005-07-30,44.89999999999999,10,10,364
454,ALEX GRESHAM,Mexico,Uruapan,2005-08-23,44.89000000000001,11,11,365
51,ALICE STEWART,United States,Fontana,2005-08-21,44.89,11,11,366
294,SHELLY WATTS,United States,Dayton,2005-08-01,44.89,11,11,366
541,DARREN WINDHAM,Italy,Livorno,2005-08-23,44.89,11,11,366
406,NATHAN RUNYON,"Virgin Islands, U.S.",Charlotte Amalie,2005-07-30,44.88000000000001,12,12,369
197,SUE PETERS,China,Changzhou,2005-08-02,44.88,12,12,370
141,DEBBIE REYES,Japan,Fukuyama,2005-08-23,44.87999999999999,12,12,371
470,GORDON ALLARD,Yemen,Hodeida,2005-07-30,43.94,6,6,372
477,DAN PAINE,United Kingdom,Stockport,2005-08-01,43.93000000000001,7,7,373
63,ASHLEY RICHARDSON,United States,Lincoln,2005-07-12,43.93,7,7,374
331,ERIC ROBERT,Argentina,Santa F,2005-07-09,43.93,7,7,374
459,TOMMY COLLAZO,Iran,Qomsheh,2005-08-22,43.92999999999999,7,7,376
532,NEIL RENNER,Vietnam,Cam Ranh,2005-07-11,43.92000000000001,8,8,377
13,KAREN JACKSON,Turkey,Osmaniye,2005-08-22,43.92,8,8,378
467,ALVIN DELOACH,Mexico,Cuauhtmoc,2005-07-29,43.92,8,8,378
494,RAMON CHOATE,Ecuador,Robamba,2005-08-22,43.92,8,8,378
550,GUY BROWNLEE,China,Zhoushan,2005-08-21,43.91999999999999,8,8,381
515,ANDRE RAPP,Chile,Coquimbo,2005-08-21,43.91000000000001,9,9,382
28,CYNTHIA YOUNG,India,Munger (Monghyr),2005-08-02,43.910000000000004,9,9,383
237,TANYA GILBERT,South Korea,Naju,2005-07-30,43.910000000000004,9,9,383
237,TANYA GILBERT,South Korea,Naju,2005-08-23,43.910000000000004,9,9,383
244,VIOLA HANSON,Philippines,Lapu-Lapu,2005-08-02,43.910000000000004,9,9,383
363,ROY WHITING,Kenya,Nyeri,2005-08-01,43.910000000000004,9,9,383
372,STEVE MACKENZIE,Indonesia,Probolinggo,2005-08-21,43.910000000000004,9,9,383
377,HOWARD FORTNER,Iran,Kermanshah,2005-08-02,43.910000000000004,9,9,383
443,FRANCISCO SKIDMORE,Brazil,So Leopoldo,2005-08-02,43.910000000000004,9,9,383
457,BILL GAVIN,United States,Rockford,2005-08-22,43.910000000000004,9,9,383
502,BRETT CORNWELL,India,Siliguri (Shiliguri),2005-08-01,43.910000000000004,9,8,383
532,NEIL RENNER,Vietnam,Cam Ranh,2005-08-02,43.910000000000004,9,9,383
78,LORI WOOD,India,Rae Bareli,2005-08-01,43.91,9,9,394
319,RONALD WEINER,Mexico,San Felipe del Progreso,2005-07-12,43.91,9,9,394
373,LOUIS LEONE,Philippines,Tanauan,2005-08-19,43.91,9,9,394
392,SEAN DOUGLASS,Ethiopia,Addis Abeba,2005-08-21,43.91,9,9,394
396,EARL SHANKS,Japan,Iwatsuki,2005-08-22,43.91,9,9,394
462,WARREN SHERROD,Russian Federation,Usolje-Sibirskoje,2005-07-29,43.91,9,9,394
512,CECIL VINES,United Kingdom,London,2005-08-22,43.91,9,9,394
552,HUGH WALDROP,China,Haining,2005-08-02,43.91,9,9,394
469,WESLEY BULL,Spain,Ourense (Orense),2005-07-12,43.90000000000001,10,10,402
139,AMBER DIXON,Taiwan,Touliu,2005-08-23,43.900000000000006,10,10,403
262,PATSY DAVIDSON,Ecuador,Portoviejo,2005-08-23,43.900000000000006,10,10,403
297,SHERRI RHODES,India,Ahmadnagar,2005-08-23,43.900000000000006,10,10,403
329,FRANK WAGGONER,Bangladesh,Jamalpur,2005-08-01,43.900000000000006,10,10,403
380,RUSSELL BRINSON,Poland,Tychy,2005-08-01,43.900000000000006,10,10,403
513,DUANE TUBBS,Nauru,Yangor,2005-08-02,43.900000000000006,10,10,403
366,BRANDON HUEY,Turkey,Balikesir,2005-07-12,43.9,10,10,409
564,BOB PFEIFFER,China,Xintai,2005-08-01,43.9,10,10,409
280,TRACEY BARRETT,Nigeria,Owo,2005-08-02,43.89000000000001,11,11,411
135,JUANITA MASON,India,Pune,2005-08-01,43.89,11,11,412
348,ROGER QUINTANILLA,Taiwan,Hsichuh,2005-08-23,43.89,11,11,412
379,CARLOS COUGHLIN,India,Bhavnagar,2005-08-23,43.89,11,11,412
408,MANUEL MURRELL,Sri Lanka,Jaffna,2005-08-23,43.89,11,11,412
580,ROSS GREY,Philippines,Iligan,2005-08-02,43.89,11,11,412
42,CAROLYN PEREZ,Thailand,Pak Kret,2005-08-01,43.88000000000001,12,11,417
323,MATTHEW MAHAN,Mexico,Cuautla,2005-08-02,43.88000000000001,12,12,417
275,CAROLE BARNETT,United States,Peoria,2005-08-21,43.88,12,12,419
102,CRYSTAL FORD,Israel,Ashdod,2005-08-02,43.870000000000005,13,13,420
503,ANGEL BARCLAY,Japan,Ueda,2005-08-23,43.870000000000005,13,12,420
321,KEVIN SCHULER,Nepal,Birgunj,2005-08-23,42.93000000000001,7,7,422
172,BERNICE WILLIS,Turkey,Batman,2005-08-22,42.92000000000001,8,8,423
176,JUNE CARROLL,Algeria,Skikda,2005-06-20,42.92000000000001,8,8,423
236,MARCIA DEAN,Philippines,Tanza,2005-08-21,42.92000000000001,8,8,423
321,KEVIN SCHULER,Nepal,Birgunj,2005-07-12,42.92000000000001,8,8,423
360,RALPH MADRIGAL,Puerto Rico,Arecibo,2005-08-21,42.92000000000001,8,8,423
470,GORDON ALLARD,Yemen,Hodeida,2005-08-21,42.92000000000001,8,8,423
536,FERNANDO CHURCHILL,South Korea,Tonghae,2005-08-02,42.92000000000001,8,8,423
558,JIMMIE EGGLESTON,Poland,Wroclaw,2005-07-11,42.92000000000001,8,8,423
578,WILLARD LUMPKIN,Mexico,Carmen,2005-08-02,42.92000000000001,8,8,423
13,KAREN JACKSON,Turkey,Osmaniye,2005-07-31,42.92,8,8,432
259,LENA JENSEN,India,Halisahar,2005-08-21,42.92,8,8,432
337,JERRY JORDON,Japan,Onomichi,2005-08-22,42.92,8,8,432
427,JESUS MCCARTNEY,Brazil,Guaruj,2005-08-01,42.92,8,8,432
433,DON BONE,Mozambique,Naala-Porto,2005-08-23,42.92,8,8,432
436,TROY QUIGLEY,Canada,Vancouver,2005-08-02,42.92,8,8,432
346,ARTHUR SIMPKINS,Russian Federation,Maikop,2005-07-31,42.919999999999995,8,8,438
447,CLIFFORD BOWENS,Russian Federation,Nabereznyje Telny,2005-08-02,42.919999999999995,8,8,438
59,CHERYL MURPHY,India,Mysore,2005-08-23,42.91000000000001,9,9,440
333,ANDREW PURDY,Azerbaijan,Baku,2005-07-31,42.91000000000001,9,9,440
470,GORDON ALLARD,Yemen,Hodeida,2005-08-02,42.91000000000001,9,9,440
479,ZACHARY HITE,United States,Akron,2005-07-12,42.91000000000001,9,9,440
49,JOYCE EDWARDS,Saudi Arabia,Jedda,2005-08-01,42.910000000000004,9,9,444
166,LYNN PAYNE,Malawi,Lilongwe,2005-08-23,42.910000000000004,9,9,444
307,JOSEPH JOY,Brazil,Angra dos Reis,2005-08-02,42.910000000000004,9,9,444
316,STEVEN CURLEY,India,Miraj,2005-08-01,42.910000000000004,9,9,444
532,NEIL RENNER,Vietnam,Cam Ranh,2005-08-23,42.910000000000004,9,9,444
163,CATHY SPENCER,Japan,Kakamigahara,2005-08-23,42.91,9,9,449
314,GEORGE LINTON,Brazil,Sorocaba,2005-07-30,42.91,9,9,449
54,TERESA ROGERS,Japan,Iwakuni,2005-08-23,42.90000000000001,10,10,451
591,KENT ARSENAULT,Brazil,Juiz de Fora,2005-07-31,42.90000000000001,10,10,451
172,BERNICE WILLIS,Turkey,Batman,2005-08-01,42.900000000000006,10,10,453
257,MARSHA DOUGLAS,Mozambique,Beira,2005-07-30,42.900000000000006,10,10,453
368,HARRY ARCE,Iran,Najafabad,2005-08-22,42.900000000000006,10,10,453
441,MARIO CHEATHAM,Algeria,Batna,2005-08-01,42.900000000000006,10,10,453
454,ALEX GRESHAM,Mexico,Uruapan,2005-08-22,42.900000000000006,10,10,453
485,CLYDE TOBIAS,China,Shaoguan,2005-08-02,42.9,10,10,458
541,DARREN WINDHAM,Italy,Livorno,2005-08-22,42.9,10,10,458
576,MORRIS MCCARTER,Taiwan,Fengshan,2005-08-01,42.9,10,10,458
579,DARYL LARUE,Iraq,Mosul,2005-08-02,42.9,10,10,458
93,PHYLLIS FOSTER,China,Zalantun,2005-08-23,42.89,11,11,462
381,BOBBY BOUDREAU,Anguilla,South Hill,2005-08-23,42.89,11,11,462
422,MELVIN ELLINGTON,China,Laohekou,2005-08-22,42.89,11,11,462
592,TERRANCE ROUSH,Hungary,Szkesfehrvr,2005-08-02,42.89,11,11,462
200,JEANNE LAWSON,Turkmenistan,Ashgabat,2005-08-23,41.940000000000005,6,6,466
3,LINDA WILLIAMS,Greece,Athenai,2005-07-28,41.94,6,6,467
479,ZACHARY HITE,United States,Akron,2005-08-01,41.930000000000014,7,7,468
16,SANDRA MARTIN,United Kingdom,Southend-on-Sea,2005-08-21,41.93000000000001,7,7,469
127,ELAINE STEVENS,Russian Federation,Smolensk,2005-08-02,41.93000000000001,7,7,469
207,GERTRUDE CASTILLO,Greenland,Nuuk,2005-08-23,41.93000000000001,7,7,469
210,ELLA OLIVER,Yemen,Aden,2005-08-22,41.93000000000001,7,7,469
309,CHRISTOPHER GRECO,Italy,Brescia,2005-07-12,41.93000000000001,7,7,469
26,JESSICA HALL,Holy See (Vatican City State),Citt del Vaticano,2005-06-19,41.93,7,7,474
425,FRANCIS SIKES,Mexico,San Juan Bautista Tuxtepec,2005-07-08,41.93,7,7,474
436,TROY QUIGLEY,Canada,Vancouver,2005-08-01,41.93,7,7,474
23,SARAH LEWIS,Latvia,Liepaja,2005-08-02,41.92000000000001,8,8,477
189,LORETTA CARPENTER,Canada,Oshawa,2005-08-02,41.92000000000001,8,8,477
7,MARIA MILLER,Yugoslavia,Kragujevac,2005-07-11,41.92,8,8,479
237,TANYA GILBERT,South Korea,Naju,2005-08-22,41.92,8,8,479
280,TRACEY BARRETT,Nigeria,Owo,2005-08-22,41.92,8,8,479
286,VELMA LUCAS,Nigeria,Effon-Alaiye,2005-07-12,41.92,8,8,479
449,OSCAR AQUINO,Iran,Sirjan,2005-08-01,41.92,8,8,479
499,MARC OUTLAW,Italy,Brindisi,2005-08-19,41.92,8,8,479
533,JESSIE MILAM,China,Binzhou,2005-08-23,41.92,8,8,479
583,MARSHALL THORN,United Kingdom,Southampton,2005-08-02,41.92,8,7,479
245,COURTNEY DAY,South Korea,Uijongbu,2005-07-30,41.91000000000001,9,9,487
292,MISTY LAMBERT,United Arab Emirates,Sharja,2005-07-31,41.91000000000001,9,9,487
526,KARL SEAL,United States,Cape Coral,2005-06-21,41.91000000000001,9,9,487
526,KARL SEAL,United States,Cape Coral,2005-07-12,41.91000000000001,9,9,487
591,KENT ARSENAULT,Brazil,Juiz de Fora,2005-07-29,41.91000000000001,9,9,487
40,AMANDA CARTER,Morocco,Nador,2005-08-21,41.910000000000004,9,9,492
123,SHANNON FREEMAN,India,Varanasi (Benares),2005-08-01,41.910000000000004,9,9,492
150,DANIELLE DANIELS,Mexico,Hidalgo,2005-08-19,41.910000000000004,9,9,492
168,REGINA BERRY,China,Jinchang,2005-08-21,41.910000000000004,9,9,492
196,ALMA AUSTIN,Germany,Mannheim,2005-08-01,41.910000000000004,9,9,492
374,JEREMY HURTADO,Brazil,Vitria de Santo Anto,2005-08-22,41.910000000000004,9,9,492
380,RUSSELL BRINSON,Poland,Tychy,2005-07-31,41.910000000000004,9,9,492
78,LORI WOOD,India,Rae Bareli,2005-08-22,41.91,9,9,499
242,GLENDA FRAZIER,China,Qinhuangdao,2005-08-02,41.91,9,9,499
276,BRANDY GRAVES,United States,Warren,2005-08-23,41.91,9,9,499
371,BILLY POULIN,Philippines,Cabuyao,2005-08-23,41.91,9,9,499
424,KYLE SPURLOCK,China,Shanwei,2005-07-31,41.91,9,9,499
518,GABRIEL HARDER,Turkey,Sivas,2005-08-02,41.90000000000001,10,10,504
236,MARCIA DEAN,Philippines,Tanza,2005-07-31,41.900000000000006,10,10,505
317,EDWARD BAUGH,Faroe Islands,Trshavn,2005-08-22,41.900000000000006,10,10,505
373,LOUIS LEONE,Philippines,Tanauan,2005-07-31,41.900000000000006,10,10,505
517,BRAD MCCURDY,Taiwan,Chungho,2005-07-12,41.900000000000006,10,10,505
584,SALVADOR TEEL,Gambia,Banjul,2005-08-02,41.900000000000006,10,10,505
289,VIOLET RODRIQUEZ,Hong Kong,Kowloon and New Kowloon,2005-08-21,41.9,10,10,510
460,LEON BOSTIC,Colombia,Florencia,2005-08-23,41.9,10,9,510
554,DWAYNE OLVERA,India,Rajkot,2005-08-23,41.9,10,10,510
581,VIRGIL WOFFORD,Mexico,Jos Azueta,2005-07-10,41.9,10,10,510
314,GEORGE LINTON,Brazil,Sorocaba,2005-08-22,41.89999999999999,10,10,514
99,EMILY DIAZ,South Korea,Kimchon,2005-07-12,41.89000000000001,11,11,515
29,ANGELA HERNANDEZ,Japan,Shimonoseki,2005-08-21,41.89,11,11,516
89,JULIA FLORES,Argentina,La Plata,2005-08-01,41.89,11,11,516
125,ETHEL WEBB,South Africa,Boksburg,2005-07-31,41.89,11,11,516
566,CASEY MENA,Turkey,Tokat,2005-07-30,41.89,11,11,516
354,JUSTIN NGO,Brazil,Santo Andr,2005-08-01,41.88999999999999,11,11,520
141,DEBBIE REYES,Japan,Fukuyama,2005-08-22,41.889999999999986,11,11,521
36,KATHLEEN ADAMS,Iran,Arak,2005-08-02,41.88000000000001,12,11,522
257,MARSHA DOUGLAS,Mozambique,Beira,2005-08-23,41.88000000000001,12,12,522
309,CHRISTOPHER GRECO,Italy,Brescia,2005-08-01,41.88000000000001,12,12,522
331,ERIC ROBERT,Argentina,Santa F,2005-07-07,40.94,6,6,525
332,STEPHEN QUALLS,Bangladesh,Dhaka,2005-07-28,40.94,6,6,525
39,DEBRA NELSON,Brazil,Vila Velha,2005-07-11,40.93000000000001,7,7,527
58,JEAN BELL,Malaysia,Kuching,2005-08-21,40.93000000000001,7,7,527
238,NELLIE GARRETT,India,Shimoga,2005-08-01,40.93000000000001,7,7,527
345,CARL ARTIS,Paraguay,San Lorenzo,2005-08-02,40.93000000000001,7,7,527
587,SERGIO STANFIELD,Mexico,Celaya,2005-08-01,40.93000000000001,7,7,527
7,MARIA MILLER,Yugoslavia,Kragujevac,2005-08-02,40.93,7,7,532
82,KATHRYN COLEMAN,Ukraine,Simferopol,2005-08-02,40.93,7,7,532
120,SYLVIA ORTIZ,Colombia,Dos Quebradas,2005-08-22,40.93,7,7,532
322,JASON MORRISSEY,Argentina,Baha Blanca,2005-06-21,40.93,7,7,532
346,ARTHUR SIMPKINS,Russian Federation,Maikop,2005-07-12,40.93,7,7,532
533,JESSIE MILAM,China,Binzhou,2005-08-22,40.93,7,7,532
565,JAIME NETTLES,Peru,Hunuco,2005-08-02,40.93,7,7,532
267,MARGIE WADE,China,Lengshuijiang,2005-08-22,40.92999999999999,7,7,539
176,JUNE CARROLL,Algeria,Skikda,2005-08-22,40.920000000000016,8,8,540
284,SONIA GREGORY,Nigeria,Benin City,2005-08-01,40.92000000000001,8,8,541
28,CYNTHIA YOUNG,India,Munger (Monghyr),2005-08-01,40.92,8,8,542
112,ROSA REYNOLDS,United States,Lancaster,2005-08-22,40.92,8,8,542
166,LYNN PAYNE,Malawi,Lilongwe,2005-08-22,40.92,8,8,542
377,HOWARD FORTNER,Iran,Kermanshah,2005-08-01,40.92,8,8,542
427,JESUS MCCARTNEY,Brazil,Guaruj,2005-08-02,40.92,8,8,542
489,RICARDO MEADOR,Japan,Okayama,2005-08-22,40.92,8,8,542
522,ARNOLD HAVENS,Philippines,Santa Rosa,2005-07-10,40.92,8,8,542
593,RENE MCALISTER,United States,Garden Grove,2005-08-02,40.92,8,8,542
595,TERRENCE GUNDERSON,China,Jinzhou,2005-07-12,40.92,8,8,542
519,RON DELUCA,Japan,Isesaki,2005-08-01,40.919999999999995,8,8,551
544,CODY NOLEN,Brazil,So Bernardo do Campo,2005-08-23,40.919999999999995,8,8,551
372,STEVE MACKENZIE,Indonesia,Probolinggo,2005-07-29,40.91000000000001,9,9,553
390,SHAWN HEATON,Thailand,Nakhon Sawan,2005-08-20,40.91000000000001,9,9,553
409,RODNEY MOELLER,Nigeria,Deba Habe,2005-07-12,40.91000000000001,9,9,553
453,CALVIN MARTEL,Venezuela,Maracabo,2005-08-22,40.91000000000001,9,9,553
365,BRUCE SCHWARZ,Japan,Okinawa,2005-08-01,40.910000000000004,9,9,557
441,MARIO CHEATHAM,Algeria,Batna,2005-07-31,40.910000000000004,9,9,557
145,LUCILLE HOLMES,South Africa,Soshanguve,2005-08-21,40.91,9,9,559
210,ELLA OLIVER,Yemen,Aden,2005-07-08,40.91,9,9,559
319,RONALD WEINER,Mexico,San Felipe del Progreso,2005-08-22,40.91,9,9,559
584,SALVADOR TEEL,Gambia,Banjul,2005-08-23,40.91,9,9,559
356,GERALD FULTZ,India,Satna,2005-08-02,40.900000000000006,10,10,563
360,RALPH MADRIGAL,Puerto Rico,Arecibo,2005-07-31,40.900000000000006,10,10,563
421,LEE HAWKS,India,Pudukkottai,2005-08-02,40.900000000000006,10,10,563
533,JESSIE MILAM,China,Binzhou,2005-08-01,40.900000000000006,10,10,563
50,DIANE COLLINS,Sudan,Omdurman,2005-07-31,40.9,10,10,567
126,ELLEN SIMPSON,Brazil,Po,2005-08-23,40.9,10,10,567
266,NORA HERRERA,Austria,Salzburg,2005-08-21,40.9,10,10,567
347,RYAN SALISBURY,Latvia,Daugavpils,2005-07-31,40.9,10,10,567
573,BYRON BOX,Kazakstan,Zhezqazghan,2005-07-12,40.9,10,10,567
30,MELISSA KING,Taiwan,Lungtan,2005-08-01,40.89,11,11,572
35,VIRGINIA GREEN,France,Toulouse,2005-07-12,40.89,11,11,572
128,MARJORIE TUCKER,Poland,Jastrzebie-Zdrj,2005-08-23,40.89,11,11,572
131,MONICA HICKS,Ukraine,Mukateve,2005-08-23,40.89,11,11,572
157,DARLENE ROSE,North Korea,Pyongyang,2005-08-01,40.870000000000005,13,13,576
207,GERTRUDE CASTILLO,Greenland,Nuuk,2005-08-20,39.940000000000005,6,6,577
220,CHARLENE ALVAREZ,Tanzania,Zanzibar,2005-07-31,39.940000000000005,6,6,577
550,GUY BROWNLEE,China,Zhoushan,2005-06-21,39.94,6,6,579
50,DIANE COLLINS,Sudan,Omdurman,2005-07-12,39.93000000000001,7,7,580
187,BRITTANY RILEY,Ukraine,Sumy,2005-07-12,39.93000000000001,7,7,580
536,FERNANDO CHURCHILL,South Korea,Tonghae,2005-08-23,39.93000000000001,7,7,580
81,ANDREA HENDERSON,Madagascar,Mahajanga,2005-08-22,39.93,7,7,583
84,SARA PERRY,Mexico,Atlixco,2005-07-11,39.93,7,7,583
263,HILDA HOPKINS,Philippines,Mandaluyong,2005-08-22,39.93,7,7,583
363,ROY WHITING,Kenya,Nyeri,2005-08-22,39.93,7,7,583
434,EDDIE TOMLIN,Philippines,Ozamis,2005-08-21,39.93,7,7,583
436,TROY QUIGLEY,Canada,Vancouver,2005-08-19,39.93,7,7,583
489,RICARDO MEADOR,Japan,Okayama,2005-08-21,39.93,7,7,583
497,GILBERT SLEDGE,United Kingdom,York,2005-07-31,39.93,7,7,583
510,BEN EASTER,Russian Federation,Kamyin,2005-08-01,39.93,7,7,583
508,MILTON HOWLAND,India,Vijayawada,2005-07-28,39.92999999999999,7,7,592
178,MARION SNYDER,Brazil,Santa Brbara dOeste,2005-08-21,39.92000000000002,8,8,593
56,GLORIA COOK,French Polynesia,Papeete,2005-08-23,39.92000000000001,8,8,594
453,CALVIN MARTEL,Venezuela,Maracabo,2005-08-21,39.92000000000001,8,8,594
112,ROSA REYNOLDS,United States,Lancaster,2005-07-31,39.92,8,8,596
142,APRIL BURNS,United Kingdom,Dundee,2005-08-02,39.92,8,8,596
148,ELEANOR HUNT,Runion,Saint-Denis,2005-07-29,39.92,8,8,596
154,MICHELE GRANT,China,Yuncheng,2005-08-01,39.92,8,8,596
179,DANA HART,Russian Federation,Kirovo-Tepetsk,2005-07-31,39.92,8,8,596
190,YOLANDA WEAVER,Tanzania,Tabora,2005-08-02,39.92,8,8,596
195,VANESSA SIMS,Germany,Siegen,2005-08-02,39.92,8,8,596
265,JENNIE TERRY,Czech Republic,Olomouc,2005-07-11,39.92,8,8,596
334,RAYMOND MCWHORTER,Azerbaijan,Sumqayit,2005-07-12,39.92,8,8,596
355,TERRY GRISSOM,Japan,Matsue,2005-07-12,39.92,8,8,596
448,MIGUEL BETANCOURT,Germany,Erlangen,2005-08-21,39.92,8,8,596
457,BILL GAVIN,United States,Rockford,2005-08-21,39.92,8,8,596
470,GORDON ALLARD,Yemen,Hodeida,2005-07-11,39.92,8,8,596
481,HERMAN DEVORE,Tanzania,Mwanza,2005-08-02,39.92,8,8,596
559,EVERETT BANDA,Egypt,Bilbays,2005-08-23,39.92,8,8,596
575,ISAAC OGLESBY,Mexico,Cuernavaca,2005-08-23,39.92,8,8,596
178,MARION SNYDER,Brazil,Santa Brbara dOeste,2005-07-31,39.91000000000001,9,9,612
184,VIVIAN RUIZ,Netherlands,s-Hertogenbosch,2005-08-23,39.91000000000001,9,9,612
569,DAVE GARDINER,China,Leshan,2005-08-21,39.91000000000001,9,9,612
14,BETTY WHITE,United States,Citrus Heights,2005-08-02,39.910000000000004,9,9,615
58,JEAN BELL,Malaysia,Kuching,2005-08-02,39.910000000000004,9,9,615
63,ASHLEY RICHARDSON,United States,Lincoln,2005-08-22,39.910000000000004,9,9,615
119,SHERRY MARSHALL,Egypt,Shubra al-Khayma,2005-08-21,39.910000000000004,9,9,615
141,DEBBIE REYES,Japan,Fukuyama,2005-08-01,39.910000000000004,9,9,615
148,ELEANOR HUNT,Runion,Saint-Denis,2005-07-12,39.910000000000004,9,9,615
198,ELSIE KELLEY,Nigeria,Ikerre,2005-08-20,39.910000000000004,9,9,615
204,ROSEMARY SCHMIDT,Turkey,Usak,2005-08-22,39.910000000000004,9,9,615
336,JOSHUA MARK,India,Rampur,2005-08-23,39.910000000000004,9,9,615
368,HARRY ARCE,Iran,Najafabad,2005-08-21,39.910000000000004,9,9,615
386,TODD TAN,Ukraine,Kamjanets-Podilskyi,2005-07-12,39.910000000000004,9,9,615
574,JULIAN VEST,Japan,Akishima,2005-07-12,39.910000000000004,9,9,615
5,ELIZABETH BROWN,Taiwan,Nantou,2005-07-12,39.91,9,9,627
30,MELISSA KING,Taiwan,Lungtan,2005-07-11,39.91,9,8,627
87,WANDA PATTERSON,Colombia,Sincelejo,2005-08-23,39.91,9,9,627
231,GEORGIA JACOBS,India,Uttarpara-Kotrung,2005-08-22,39.91,9,9,627
273,PRISCILLA LOWE,Mexico,Salamanca,2005-08-01,39.91,9,9,627
181,ANA BRADLEY,United States,Memphis,2005-08-23,39.90000000000002,10,10,632
46,CATHERINE CAMPBELL,Russian Federation,Moscow,2005-08-22,39.900000000000006,10,10,633
114,GRACE ELLIS,Germany,Duisburg,2005-08-23,39.900000000000006,10,10,633
122,THELMA MURRAY,Peru,Lima,2005-08-02,39.900000000000006,10,9,633
167,SALLY PIERCE,India,Chandrapur,2005-08-23,39.900000000000006,10,10,633
274,NAOMI JENNINGS,India,Karnal,2005-08-02,39.900000000000006,10,10,633
306,CHARLES KOWALSKI,Malaysia,Sungai Petani,2005-08-01,39.900000000000006,10,10,633
506,LESLIE SEWARD,Indonesia,Pontianak,2005-08-23,39.900000000000006,10,10,633
575,ISAAC OGLESBY,Mexico,Cuernavaca,2005-08-02,39.900000000000006,10,10,633
535,JAVIER ELROD,Chad,NDjamna,2005-08-21,39.9,10,10,641
26,JESSICA HALL,Holy See (Vatican City State),Citt del Vaticano,2005-07-11,39.89999999999999,10,10,642
38,MARTHA GONZALEZ,Moldova,Chisinau,2005-08-01,39.89000000000001,11,11,643
132,ESTHER CRAWFORD,South Africa,Botshabelo,2005-07-11,39.89000000000001,11,11,643
323,MATTHEW MAHAN,Mexico,Cuautla,2005-08-01,39.89000000000001,11,11,643
380,RUSSELL BRINSON,Poland,Tychy,2005-08-23,39.89000000000001,11,11,643
340,PATRICK NEWSOM,Vietnam,Hanoi,2005-08-02,39.89,11,11,647
187,BRITTANY RILEY,Ukraine,Sumy,2005-08-20,38.95,5,5,648
477,DAN PAINE,United Kingdom,Stockport,2005-07-30,38.940000000000005,6,6,649
23,SARAH LEWIS,Latvia,Liepaja,2005-07-31,38.93000000000001,7,7,650
203,TARA RYAN,Indonesia,Gorontalo,2005-08-01,38.93000000000001,7,7,650
209,TONYA CHAPMAN,India,Bhilwara,2005-07-29,38.93000000000001,7,7,650
240,MARLENE WELCH,Japan,Iwaki,2005-07-30,38.93000000000001,7,7,650
389,ALAN KAHN,China,Emeishan,2005-08-23,38.93000000000001,7,7,650
423,ALFRED CASILLAS,Egypt,Sawhaj,2005-07-28,38.93000000000001,7,7,650
515,ANDRE RAPP,Chile,Coquimbo,2005-08-20,38.93000000000001,7,7,650
526,KARL SEAL,United States,Cape Coral,2005-08-20,38.93000000000001,7,7,650
13,KAREN JACKSON,Turkey,Osmaniye,2005-08-21,38.93,7,7,658
65,ROSE HOWARD,French Guiana,Cayenne,2005-08-02,38.93,7,7,658
192,LAURIE LAWRENCE,India,Firozabad,2005-08-23,38.93,7,7,658
286,VELMA LUCAS,Nigeria,Effon-Alaiye,2005-07-10,38.93,7,7,658
462,WARREN SHERROD,Russian Federation,Usolje-Sibirskoje,2005-08-19,38.93,7,7,658
482,MAURICE CRAWLEY,Mexico,Coatzacoalcos,2005-07-11,38.93,7,7,658
520,MITCHELL WESTMORELAND,Vietnam,Nha Trang,2005-07-11,38.93,7,7,658
484,ROBERTO VU,China,Yinchuan,2005-07-31,38.92999999999999,7,7,665
137,RHONDA KENNEDY,Netherlands,Apeldoorn,2005-07-10,38.92000000000001,8,8,666
157,DARLENE ROSE,North Korea,Pyongyang,2005-08-22,38.92000000000001,8,8,666
184,VIVIAN RUIZ,Netherlands,s-Hertogenbosch,2005-08-22,38.92000000000001,8,8,666
324,GARY COY,China,Yuzhou,2005-08-22,38.92000000000001,8,8,666
139,AMBER DIXON,Taiwan,Touliu,2005-08-22,38.92,8,8,670
168,REGINA BERRY,China,Jinchang,2005-08-20,38.92,8,8,670
211,STACEY MONTGOMERY,China,Fuyu,2005-07-10,38.92,8,8,670
225,ARLENE HARVEY,India,Ambattur,2005-08-01,38.92,8,8,670
302,MICHAEL SILVERMAN,China,Tiefa,2005-07-30,38.92,8,8,670
443,FRANCISCO SKIDMORE,Brazil,So Leopoldo,2005-08-01,38.92,8,8,670
480,COREY HAUSER,Turkey,Gaziantep,2005-08-02,38.92,8,8,670
484,ROBERTO VU,China,Yinchuan,2005-07-12,38.92,8,8,670
502,BRETT CORNWELL,India,Siliguri (Shiliguri),2005-07-31,38.92,8,7,670
146,JAMIE RICE,United States,Sterling Heights,2005-08-21,38.919999999999995,8,8,679
412,ALLEN BUTTERFIELD,India,Hoshiarpur,2005-08-02,38.919999999999995,8,8,679
291,TONI HOLT,United States,Roanoke,2005-08-02,38.91000000000001,9,9,681
469,WESLEY BULL,Spain,Ourense (Orense),2005-07-11,38.91000000000001,9,9,681
4,BARBARA JONES,Myanmar,Myingyan,2005-08-23,38.910000000000004,9,9,683
6,JENNIFER DAVIS,United States,Laredo,2005-08-23,38.910000000000004,9,9,683
41,STEPHANIE MITCHELL,Armenia,Yerevan,2005-07-30,38.910000000000004,9,9,683
101,PEGGY MYERS,Saudi Arabia,Abha,2005-08-01,38.910000000000004,9,9,683
199,BETH FRANKLIN,Vietnam,Haiphong,2005-08-02,38.910000000000004,9,9,683
388,CRAIG MORRELL,Philippines,Cavite,2005-08-21,38.910000000000004,9,9,683
598,WADE DELVALLE,Switzerland,Lausanne,2005-07-12,38.910000000000004,9,9,683
145,LUCILLE HOLMES,South Africa,Soshanguve,2005-07-11,38.91,9,9,690
267,MARGIE WADE,China,Lengshuijiang,2005-06-20,38.91,9,9,690
279,DIANNE SHELTON,Iran,Tabriz,2005-08-21,38.91,9,9,690
342,HAROLD MARTINO,Brazil,Boa Vista,2005-08-20,38.91,9,9,690
366,BRANDON HUEY,Turkey,Balikesir,2005-07-30,38.91,9,9,690
460,LEON BOSTIC,Colombia,Florencia,2005-08-22,38.91,9,8,690
475,PEDRO CHESTNUT,Ukraine,ostka,2005-08-01,38.91,9,9,690
485,CLYDE TOBIAS,China,Shaoguan,2005-08-01,38.91,9,9,690
576,MORRIS MCCARTER,Taiwan,Fengshan,2005-07-31,38.91,9,9,690
579,DARYL LARUE,Iraq,Mosul,2005-07-31,38.91,9,9,690
498,GENE SANBORN,Oman,Salala,2005-08-02,38.90999999999999,9,9,700
66,JANICE WARD,Sweden,Malm,2005-08-23,38.900000000000006,10,10,701
147,JOANNE ROBERTSON,Japan,Urawa,2005-08-22,38.900000000000006,10,10,701
166,LYNN PAYNE,Malawi,Lilongwe,2005-07-12,38.900000000000006,10,10,701
280,TRACEY BARRETT,Nigeria,Owo,2005-08-01,38.900000000000006,10,10,701
323,MATTHEW MAHAN,Mexico,Cuautla,2005-07-31,38.900000000000006,10,10,701
441,MARIO CHEATHAM,Algeria,Batna,2005-08-02,38.900000000000006,10,10,701
521,ROLAND SOUTH,China,Yingkou,2005-08-22,38.900000000000006,10,10,701
144,CLARA SHAW,Belarus,Molodetno,2005-07-31,38.9,10,10,708
276,BRANDY GRAVES,United States,Warren,2005-08-02,38.9,10,10,708
295,DAISY BATES,Russian Federation,Kolpino,2005-07-11,38.9,10,10,708
340,PATRICK NEWSOM,Vietnam,Hanoi,2005-08-01,38.9,10,10,708
148,ELEANOR HUNT,Runion,Saint-Denis,2005-08-21,38.89999999999999,10,10,712
51,ALICE STEWART,United States,Fontana,2005-08-02,38.89,11,11,713
228,ALLISON STANLEY,Cambodia,Phnom Penh,2005-07-11,38.89,11,11,713
39,DEBRA NELSON,Brazil,Vila Velha,2005-07-10,37.940000000000005,6,6,715
45,JANET PHILLIPS,Chile,Antofagasta,2005-08-23,37.94,6,6,716
259,LENA JENSEN,India,Halisahar,2005-07-30,37.94,6,6,716
289,VIOLET RODRIQUEZ,Hong Kong,Kowloon and New Kowloon,2005-06-20,37.94,6,6,716
426,BRADLEY MOTLEY,India,Purnea (Purnia),2005-07-30,37.94,6,6,716
436,TROY QUIGLEY,Canada,Vancouver,2005-07-31,37.94,6,6,716
22,LAURA RODRIGUEZ,Morocco,Sal,2005-08-22,37.93000000000001,7,7,721
83,LOUISE JENKINS,South Africa,Springs,2005-08-23,37.93000000000001,7,7,721
172,BERNICE WILLIS,Turkey,Batman,2005-08-20,37.93000000000001,7,7,721
176,JUNE CARROLL,Algeria,Skikda,2005-06-18,37.93000000000001,7,7,721
265,JENNIE TERRY,Czech Republic,Olomouc,2005-08-22,37.93000000000001,7,7,721
341,PETER MENARD,Netherlands,Ede,2005-06-21,37.93000000000001,7,7,721
360,RALPH MADRIGAL,Puerto Rico,Arecibo,2005-08-20,37.93000000000001,7,7,721
466,LEO EBERT,China,Dongying,2005-08-23,37.93000000000001,7,7,721
470,GORDON ALLARD,Yemen,Hodeida,2005-08-20,37.93000000000001,7,7,721
471,DEAN SAUER,South Africa,Johannesburg,2005-08-21,37.93000000000001,7,7,721
174,YVONNE WATKINS,Venezuela,Ocumare del Tuy,2005-08-01,37.93,7,7,731
259,LENA JENSEN,India,Halisahar,2005-08-20,37.93,7,7,731
443,FRANCISCO SKIDMORE,Brazil,So Leopoldo,2005-07-31,37.93,7,7,731
583,MARSHALL THORN,United Kingdom,Southampton,2005-07-10,37.93,7,7,731
589,TRACY HERRMANN,Ecuador,Loja,2005-08-21,37.93,7,7,731
26,JESSICA HALL,Holy See (Vatican City State),Citt del Vaticano,2005-08-22,37.92999999999999,7,7,736
35,VIRGINIA GREEN,France,Toulouse,2005-08-02,37.92999999999999,7,7,736
371,BILLY POULIN,Philippines,Cabuyao,2005-08-21,37.92999999999999,7,7,736
468,TIM CARY,India,Bijapur,2005-08-02,37.92999999999999,7,7,736
20,SHARON ROBINSON,Pakistan,Mardan,2005-08-02,37.92000000000001,8,8,740
253,TERRY CARLSON,Japan,Miyakonojo,2005-08-22,37.92000000000001,8,8,740
291,TONI HOLT,United States,Roanoke,2005-08-01,37.92000000000001,8,8,740
337,JERRY JORDON,Japan,Onomichi,2005-07-12,37.92000000000001,8,8,740
407,DALE RATCLIFF,South Africa,Rustenburg,2005-08-01,37.92000000000001,8,8,740
409,RODNEY MOELLER,Nigeria,Deba Habe,2005-07-11,37.92000000000001,8,8,740
11,LISA ANDERSON,Japan,Sagamihara,2005-08-01,37.92,8,8,746
90,RUBY WASHINGTON,China,Meixian,2005-07-30,37.92,8,8,746
102,CRYSTAL FORD,Israel,Ashdod,2005-07-09,37.92,8,8,746
172,BERNICE WILLIS,Turkey,Batman,2005-07-30,37.92,8,8,746
206,TERRI VASQUEZ,Brazil,Blumenau,2005-07-11,37.92,8,8,746
225,ARLENE HARVEY,India,Ambattur,2005-07-11,37.92,8,8,746
236,MARCIA DEAN,Philippines,Tanza,2005-06-21,37.92,8,8,746
237,TANYA GILBERT,South Korea,Naju,2005-07-29,37.92,8,8,746
365,BRUCE SCHWARZ,Japan,Okinawa,2005-07-31,37.92,8,8,746
433,DON BONE,Mozambique,Naala-Porto,2005-07-12,37.92,8,8,746
475,PEDRO CHESTNUT,Ukraine,ostka,2005-07-11,37.92,8,8,746
495,CHARLIE BESS,China,Baiyin,2005-07-31,37.92,8,8,746
565,JAIME NETTLES,Peru,Hunuco,2005-08-20,37.92,8,8,746
107,FLORENCE WOODS,Argentina,Merlo,2005-08-01,37.919999999999995,8,8,759
54,TERESA ROGERS,Japan,Iwakuni,2005-08-22,37.91000000000001,9,9,760
201,VICKI FIELDS,Germany,Witten,2005-08-23,37.91000000000001,9,9,760
300,JOHN FARNSWORTH,India,Parbhani,2005-08-02,37.91000000000001,9,9,760
518,GABRIEL HARDER,Turkey,Sivas,2005-08-01,37.91000000000001,9,9,760
529,ERIK GUILLEN,India,Bhimavaram,2005-08-21,37.91000000000001,9,9,760
5,ELIZABETH BROWN,Taiwan,Nantou,2005-08-22,37.910000000000004,9,9,765
217,AGNES BISHOP,India,Sambhal,2005-08-02,37.910000000000004,9,9,765
219,WILLIE HOWELL,Argentina,Vicente Lpez,2005-07-12,37.910000000000004,9,9,765
296,RAMONA HALE,India,Patiala,2005-08-22,37.910000000000004,9,9,765
534,CHRISTIAN JUNG,India,Amroha,2005-08-02,37.910000000000004,9,9,765
29,ANGELA HERNANDEZ,Japan,Shimonoseki,2005-08-02,37.91,9,9,770
144,CLARA SHAW,Belarus,Molodetno,2005-07-30,37.91,9,9,770
144,CLARA SHAW,Belarus,Molodetno,2005-08-22,37.91,9,9,770
242,GLENDA FRAZIER,China,Qinhuangdao,2005-08-22,37.91,9,9,770
266,NORA HERRERA,Austria,Salzburg,2005-08-20,37.91,9,9,770
348,ROGER QUINTANILLA,Taiwan,Hsichuh,2005-08-22,37.91,9,9,770
257,MARSHA DOUGLAS,Mozambique,Beira,2005-08-22,37.90000000000001,10,10,776
328,JEFFREY SPEAR,Indonesia,Ciparay,2005-08-23,37.90000000000001,10,10,776
42,CAROLYN PEREZ,Thailand,Pak Kret,2005-07-31,37.900000000000006,10,9,778
202,CARLA GUTIERREZ,India,Bhusawal,2005-08-02,37.900000000000006,10,10,778
226,MAUREEN LITTLE,Paraguay,Asuncin,2005-08-23,37.900000000000006,10,10,778
366,BRANDON HUEY,Turkey,Balikesir,2005-08-23,37.900000000000006,10,10,778
397,JIMMY SCHRADER,Russian Federation,Atinsk,2005-08-22,37.900000000000006,10,10,778
381,BOBBY BOUDREAU,Anguilla,South Hill,2005-08-22,37.9,10,10,783
91,LOIS BUTLER,Brunei,Bandar Seri Begawan,2005-07-12,37.89000000000001,11,11,784
207,GERTRUDE CASTILLO,Greenland,Nuuk,2005-07-12,37.89,11,11,785
487,HECTOR POINDEXTER,Russian Federation,Pjatigorsk,2005-07-31,37.89,11,11,785
220,CHARLENE ALVAREZ,Tanzania,Zanzibar,2005-07-30,36.95,5,5,787
479,ZACHARY HITE,United States,Akron,2005-07-31,36.94000000000001,6,6,788
7,MARIA MILLER,Yugoslavia,Kragujevac,2005-07-10,36.940000000000005,6,6,789
144,CLARA SHAW,Belarus,Molodetno,2005-07-10,36.940000000000005,6,6,789
187,BRITTANY RILEY,Ukraine,Sumy,2005-07-11,36.940000000000005,6,6,789
210,ELLA OLIVER,Yemen,Aden,2005-08-21,36.940000000000005,6,6,789
309,CHRISTOPHER GRECO,Italy,Brescia,2005-07-11,36.940000000000005,6,6,789
7,MARIA MILLER,Yugoslavia,Kragujevac,2005-08-01,36.94,6,6,794
347,RYAN SALISBURY,Latvia,Daugavpils,2005-08-22,36.94,6,6,794
160,ERIN DUNN,Russian Federation,Ljubertsy,2005-08-22,36.93000000000001,7,7,796
321,KEVIN SCHULER,Nepal,Birgunj,2005-07-11,36.93000000000001,7,7,796
80,MARILYN ROSS,Nigeria,Ife,2005-08-02,36.93,7,7,798
86,JACQUELINE LONG,Thailand,Songkhla,2005-07-12,36.93,7,7,798
373,LOUIS LEONE,Philippines,Tanauan,2005-08-18,36.93,7,7,798
499,MARC OUTLAW,Italy,Brindisi,2005-08-18,36.93,7,7,798
582,ANDY VANHORN,Mexico,Huejutla de Reyes,2005-07-29,36.93,7,7,798
583,MARSHALL THORN,United Kingdom,Southampton,2005-08-01,36.93,7,7,798
594,EDUARDO HIATT,China,Jining,2005-07-31,36.92999999999999,7,7,804
426,BRADLEY MOTLEY,India,Purnea (Purnia),2005-08-22,36.920000000000016,8,8,805
469,WESLEY BULL,Spain,Ourense (Orense),2005-07-31,36.920000000000016,8,8,805
61,KATHERINE RIVERA,Switzerland,Basel,2005-08-02,36.92000000000001,8,8,807
234,CLAUDIA FULLER,Kuwait,Jalib al-Shuyukh,2005-06-21,36.92000000000001,8,8,807
268,NINA SOTO,India,Palghat (Palakkad),2005-07-12,36.92000000000001,8,8,807
585,PERRY SWAFFORD,Argentina,Quilmes,2005-08-01,36.92000000000001,8,8,807
4,BARBARA JONES,Myanmar,Myingyan,2005-08-22,36.92,8,8,811
5,ELIZABETH BROWN,Taiwan,Nantou,2005-08-21,36.92,8,8,811
12,NANCY THOMAS,India,Yamuna Nagar,2005-08-01,36.92,8,8,811
93,PHYLLIS FOSTER,China,Zalantun,2005-08-22,36.92,8,8,811
137,RHONDA KENNEDY,Netherlands,Apeldoorn,2005-08-22,36.92,8,8,811
139,AMBER DIXON,Taiwan,Touliu,2005-07-12,36.92,8,8,811
192,LAURIE LAWRENCE,India,Firozabad,2005-08-02,36.92,8,8,811
196,ALMA AUSTIN,Germany,Mannheim,2005-07-31,36.92,8,8,811
230,JOY GEORGE,Romania,Botosani,2005-07-31,36.92,8,8,811
308,THOMAS GRIGSBY,United States,Kansas City,2005-08-22,36.92,8,8,811
336,JOSHUA MARK,India,Rampur,2005-08-22,36.92,8,8,811
348,ROGER QUINTANILLA,Taiwan,Hsichuh,2005-07-10,36.92,8,8,811
363,ROY WHITING,Kenya,Nyeri,2005-07-31,36.92,8,8,811
428,HERBERT KRUGER,Russian Federation,Syktyvkar,2005-08-02,36.92,8,8,811
531,JAMIE WAUGH,Japan,Kuwana,2005-07-30,36.92,8,8,811
532,NEIL RENNER,Vietnam,Cam Ranh,2005-08-22,36.92,8,8,811
574,JULIAN VEST,Japan,Akishima,2005-07-10,36.92,8,8,811
71,KATHY JAMES,Philippines,Baybay,2005-07-12,36.919999999999995,8,8,828
242,GLENDA FRAZIER,China,Qinhuangdao,2005-08-21,36.919999999999995,8,8,828
319,RONALD WEINER,Mexico,San Felipe del Progreso,2005-07-11,36.919999999999995,8,8,828
416,JEFFERY PINSON,Pakistan,Dadu,2005-08-23,36.919999999999995,8,8,828
34,REBECCA SCOTT,Japan,Kurashiki,2005-08-21,36.91000000000001,9,9,832
75,TAMMY SANDERS,Taiwan,Changhwa,2005-07-30,36.91000000000001,9,9,832
257,MARSHA DOUGLAS,Mozambique,Beira,2005-08-21,36.91000000000001,9,9,832
328,JEFFREY SPEAR,Indonesia,Ciparay,2005-08-22,36.91000000000001,9,9,832
73,BEVERLY BROOKS,Taiwan,Chiayi,2005-08-02,36.910000000000004,9,9,836
153,SUZANNE NICHOLS,Indonesia,Jakarta,2005-08-23,36.910000000000004,9,9,836
387,JESSE SCHILLING,"Congo, The Democratic Republic of the",Lubumbashi,2005-08-22,36.910000000000004,9,9,836
461,DEREK BLAKELY,Philippines,Gingoog,2005-08-22,36.910000000000004,9,9,836
538,TED BREAUX,China,Baicheng,2005-08-02,36.910000000000004,9,9,836
282,JENNY CASTRO,Puerto Rico,Ponce,2005-08-02,36.91,9,9,841
289,VIOLET RODRIQUEZ,Hong Kong,Kowloon and New Kowloon,2005-08-20,36.91,9,9,841
554,DWAYNE OLVERA,India,Rajkot,2005-08-21,36.91,9,9,841
482,MAURICE CRAWLEY,Mexico,Coatzacoalcos,2005-08-23,36.90999999999998,9,9,844
176,JUNE CARROLL,Algeria,Skikda,2005-08-02,36.90000000000001,10,10,845
37,PAMELA BAKER,China,Nanyang,2005-08-23,36.900000000000006,10,10,846
99,EMILY DIAZ,South Korea,Kimchon,2005-07-11,36.900000000000006,10,10,846
335,GREGORY MAULDIN,Tunisia,Sousse,2005-07-12,36.900000000000006,10,10,846
442,LEROY BUSTAMANTE,China,Tongliao,2005-08-01,36.900000000000006,10,10,846
89,JULIA FLORES,Argentina,La Plata,2005-07-31,36.9,10,10,850
214,KRISTIN JOHNSTON,United States,Sunnyvale,2005-08-23,36.9,10,10,850
228,ALLISON STANLEY,Cambodia,Phnom Penh,2005-07-10,36.9,10,10,850
487,HECTOR POINDEXTER,Russian Federation,Pjatigorsk,2005-07-30,36.9,10,10,850
551,CLAYTON BARBEE,Brazil,Alvorada,2005-08-22,36.9,10,10,850
520,MITCHELL WESTMORELAND,Vietnam,Nha Trang,2005-08-21,36.89999999999999,10,10,855
563,KEN PREWITT,Romania,Bucuresti,2005-07-11,36.89000000000001,11,11,856
485,CLYDE TOBIAS,China,Shaoguan,2005-07-12,36.89,11,11,857
514,FRANKLIN TROUTMAN,China,Zaoyang,2005-08-23,36.89,11,11,857
31,BRENDA WRIGHT,India,Kamarhati,2005-07-12,35.94000000000001,6,6,859
49,JOYCE EDWARDS,Saudi Arabia,Jedda,2005-07-31,35.940000000000005,6,6,860
193,KATIE ELLIOTT,Kenya,Kisumu,2005-06-21,35.940000000000005,6,6,860
257,MARSHA DOUGLAS,Mozambique,Beira,2005-07-12,35.940000000000005,6,6,860
272,KAY CALDWELL,China,Yantai,2005-08-02,35.940000000000005,6,6,860
345,CARL ARTIS,Paraguay,San Lorenzo,2005-08-01,35.940000000000005,6,6,860
389,ALAN KAHN,China,Emeishan,2005-08-01,35.940000000000005,6,6,860
487,HECTOR POINDEXTER,Russian Federation,Pjatigorsk,2005-08-23,35.940000000000005,6,6,860
44,MARIE TURNER,Russian Federation,Lipetsk,2005-07-10,35.94,6,6,867
82,KATHRYN COLEMAN,Ukraine,Simferopol,2005-07-30,35.94,6,6,867
192,LAURIE LAWRENCE,India,Firozabad,2005-08-21,35.94,6,6,867
311,PAUL TROUT,Russian Federation,Kursk,2005-08-01,35.94,6,6,867
403,MIKE WAY,India,Valparai,2005-06-21,35.94,6,5,867
462,WARREN SHERROD,Russian Federation,Usolje-Sibirskoje,2005-07-28,35.94,6,6,867
481,HERMAN DEVORE,Tanzania,Mwanza,2005-07-31,35.94,6,6,867
520,MITCHELL WESTMORELAND,Vietnam,Nha Trang,2005-07-10,35.94,6,6,867
533,JESSIE MILAM,China,Binzhou,2005-08-21,35.94,6,6,867
472,GREG ROBINS,Vietnam,Nam Dinh,2005-08-21,35.93999999999999,6,6,876
176,JUNE CARROLL,Algeria,Skikda,2005-08-21,35.930000000000014,7,7,877
20,SHARON ROBINSON,Pakistan,Mardan,2005-08-01,35.93000000000001,7,7,878
137,RHONDA KENNEDY,Netherlands,Apeldoorn,2005-07-09,35.93000000000001,7,7,878
170,BEATRICE ARNOLD,India,Udaipur,2005-08-23,35.93000000000001,7,7,878
245,COURTNEY DAY,South Korea,Uijongbu,2005-07-29,35.93000000000001,7,7,878
293,MAE FLETCHER,Spain,Donostia-San Sebastin,2005-06-21,35.93000000000001,7,7,878
316,STEVEN CURLEY,India,Miraj,2005-06-21,35.93000000000001,7,7,878
431,JOEL FRANCISCO,Bolivia,Sucre,2005-06-21,35.93000000000001,7,7,878
438,BARRY LOVELACE,Zambia,Kitwe,2005-08-23,35.93000000000001,7,6,878
486,GLEN TALBERT,Mexico,Acua,2005-07-11,35.93000000000001,7,7,878
532,NEIL RENNER,Vietnam,Cam Ranh,2005-07-10,35.93000000000001,7,7,878
536,FERNANDO CHURCHILL,South Korea,Tonghae,2005-07-31,35.93000000000001,7,7,878
555,DWIGHT LOMBARDI,South Africa,Chatsworth,2005-08-02,35.93000000000001,7,7,878
585,PERRY SWAFFORD,Argentina,Quilmes,2005-07-31,35.93000000000001,7,7,878
112,ROSA REYNOLDS,United States,Lancaster,2005-08-21,35.93,7,7,891
114,GRACE ELLIS,Germany,Duisburg,2005-07-31,35.93,7,7,891
225,ARLENE HARVEY,India,Ambattur,2005-07-31,35.93,7,7,891
242,GLENDA FRAZIER,China,Qinhuangdao,2005-08-01,35.93,7,7,891
267,MARGIE WADE,China,Lengshuijiang,2005-06-19,35.93,7,7,891
348,ROGER QUINTANILLA,Taiwan,Hsichuh,2005-07-09,35.93,7,7,891
472,GREG ROBINS,Vietnam,Nam Dinh,2005-07-12,35.93,7,7,891
593,RENE MCALISTER,United States,Garden Grove,2005-08-01,35.93,7,7,891
146,JAMIE RICE,United States,Sterling Heights,2005-08-20,35.92999999999999,7,7,899
242,GLENDA FRAZIER,China,Qinhuangdao,2005-08-20,35.92999999999999,7,7,899
465,FLOYD GANDY,Mexico,Zapopan,2005-08-23,35.92999999999999,7,7,899
519,RON DELUCA,Japan,Isesaki,2005-07-31,35.92999999999999,7,7,899
544,CODY NOLEN,Brazil,So Bernardo do Campo,2005-08-22,35.92999999999999,7,7,899
46,CATHERINE CAMPBELL,Russian Federation,Moscow,2005-08-01,35.92000000000001,8,8,904
52,JULIE SANCHEZ,Spain,A Corua (La Corua),2005-08-23,35.92000000000001,8,8,904
209,TONYA CHAPMAN,India,Bhilwara,2005-07-11,35.92000000000001,8,8,904
257,MARSHA DOUGLAS,Mozambique,Beira,2005-08-20,35.92000000000001,8,8,904
490,SAM MCDUFFIE,Colombia,Sogamoso,2005-07-11,35.92000000000001,8,8,904
518,GABRIEL HARDER,Turkey,Sivas,2005-08-23,35.92000000000001,8,8,904
27,SHIRLEY ALLEN,Philippines,Davao,2005-08-02,35.92,8,8,910
135,JUANITA MASON,India,Pune,2005-07-31,35.92,8,8,910
199,BETH FRANKLIN,Vietnam,Haiphong,2005-08-01,35.92,8,8,910
219,WILLIE HOWELL,Argentina,Vicente Lpez,2005-07-11,35.92,8,8,910
235,JACKIE LYNCH,Colombia,Buenaventura,2005-07-12,35.92,8,8,910
261,DEANNA BYRD,Philippines,Tuguegarao,2005-08-22,35.92,8,8,910
277,OLGA JIMENEZ,Nigeria,Ogbomosho,2005-08-21,35.92,8,8,910
285,MIRIAM MCKINNEY,Japan,Otsu,2005-07-12,35.92,8,8,910
297,SHERRI RHODES,India,Ahmadnagar,2005-08-21,35.92,8,8,910
299,JAMES GANNON,Japan,Hiroshima,2005-08-22,35.92,8,8,910
306,CHARLES KOWALSKI,Malaysia,Sungai Petani,2005-08-20,35.92,8,8,910
334,RAYMOND MCWHORTER,Azerbaijan,Sumqayit,2005-08-02,35.92,8,8,910
340,PATRICK NEWSOM,Vietnam,Hanoi,2005-06-21,35.92,8,8,910
387,JESSE SCHILLING,"Congo, The Democratic Republic of the",Lubumbashi,2005-08-21,35.92,8,8,910
398,ANTONIO MEEK,Brazil,Bag,2005-08-02,35.92,8,8,910
402,LUIS YANEZ,France,Brest,2005-07-11,35.92,8,8,910
445,MICHEAL FORMAN,Argentina,Escobar,2005-08-22,35.92,8,8,910
456,RONNIE RICKETTS,Senegal,Ziguinchor,2005-08-23,35.92,8,8,910
517,BRAD MCCURDY,Taiwan,Chungho,2005-07-11,35.92,8,8,910
545,JULIO NOLAND,Ukraine,Konotop,2005-08-23,35.92,8,8,910
565,JAIME NETTLES,Peru,Hunuco,2005-08-23,35.92,8,8,910
144,CLARA SHAW,Belarus,Molodetno,2005-08-21,35.919999999999995,8,8,931
289,VIOLET RODRIQUEZ,Hong Kong,Kowloon and New Kowloon,2005-07-12,35.919999999999995,8,8,931
221,BESSIE MORRISON,Italy,Syrakusa,2005-08-21,35.91000000000001,9,9,933
241,HEIDI LARSON,China,Xiangfan,2005-08-23,35.91000000000001,9,9,933
128,MARJORIE TUCKER,Poland,Jastrzebie-Zdrj,2005-08-01,35.910000000000004,9,9,935
166,LYNN PAYNE,Malawi,Lilongwe,2005-07-11,35.910000000000004,9,9,935
168,REGINA BERRY,China,Jinchang,2005-08-01,35.910000000000004,9,9,935
193,KATIE ELLIOTT,Kenya,Kisumu,2005-08-23,35.910000000000004,9,9,935
207,GERTRUDE CASTILLO,Greenland,Nuuk,2005-08-02,35.910000000000004,9,9,935
213,GINA WILLIAMSON,Yemen,Taizz,2005-06-21,35.910000000000004,9,9,935
257,MARSHA DOUGLAS,Mozambique,Beira,2005-07-29,35.910000000000004,9,9,935
356,GERALD FULTZ,India,Satna,2005-08-01,35.910000000000004,9,9,935
547,KURT EMMONS,Japan,Kanazawa,2005-08-02,35.910000000000004,9,9,935
582,ANDY VANHORN,Mexico,Huejutla de Reyes,2005-08-23,35.910000000000004,9,9,935
29,ANGELA HERNANDEZ,Japan,Shimonoseki,2005-08-20,35.91,9,9,945
168,REGINA BERRY,China,Jinchang,2005-07-12,35.91,9,9,945
228,ALLISON STANLEY,Cambodia,Phnom Penh,2005-07-09,35.91,9,9,945
262,PATSY DAVIDSON,Ecuador,Portoviejo,2005-07-12,35.91,9,9,945
276,BRANDY GRAVES,United States,Warren,2005-08-01,35.91,9,9,945
375,AARON SELBY,"Congo, The Democratic Republic of the",Mwene-Ditu,2005-08-02,35.91,9,9,945
141,DEBBIE REYES,Japan,Fukuyama,2005-08-21,35.90999999999999,9,9,951
86,JACQUELINE LONG,Thailand,Songkhla,2005-08-23,35.900000000000006,10,10,952
357,KEITH RICO,Slovakia,Bratislava,2005-08-02,35.900000000000006,10,10,952
64,JUDITH COX,China,Daxian,2005-08-02,35.9,10,10,954
98,LILLIAN GRIFFIN,United Arab Emirates,al-Ayn,2005-08-02,35.9,10,10,954
550,GUY BROWNLEE,China,Zhoushan,2005-08-02,35.89999999999999,10,10,956
31,BRENDA WRIGHT,India,Kamarhati,2005-06-21,35.89000000000001,11,11,957
5,ELIZABETH BROWN,Taiwan,Nantou,2005-08-02,35.89,11,11,958
157,DARLENE ROSE,North Korea,Pyongyang,2005-07-31,35.88,12,12,959
158,VERONICA STONE,United States,Greensboro,2005-08-02,35.88,12,12,959
39,DEBRA NELSON,Brazil,Vila Velha,2005-07-09,34.95,5,5,961
459,TOMMY COLLAZO,Iran,Qomsheh,2005-08-21,34.949999999999996,5,5,962
77,JANE BENNETT,Brazil,Araatuba,2005-08-22,34.940000000000005,6,6,963
129,CARRIE PORTER,China,Liaocheng,2005-07-31,34.940000000000005,6,6,963
137,RHONDA KENNEDY,Netherlands,Apeldoorn,2005-07-30,34.940000000000005,6,6,963
238,NELLIE GARRETT,India,Shimoga,2005-07-31,34.940000000000005,6,6,963
265,JENNIE TERRY,Czech Republic,Olomouc,2005-08-21,34.940000000000005,6,6,963
451,JIM REA,Mexico,El Fuerte,2005-07-10,34.940000000000005,6,6,963
577,CLIFTON MALCOLM,Taiwan,Tanshui,2005-07-29,34.940000000000005,6,6,963
585,PERRY SWAFFORD,Argentina,Quilmes,2005-07-12,34.940000000000005,6,6,963
50,DIANE COLLINS,Sudan,Omdurman,2005-08-23,34.94,6,6,971
112,ROSA REYNOLDS,United States,Lancaster,2005-08-20,34.94,6,6,971
263,HILDA HOPKINS,Philippines,Mandaluyong,2005-08-21,34.94,6,6,971
434,EDDIE TOMLIN,Philippines,Ozamis,2005-08-19,34.94,6,6,971
497,GILBERT SLEDGE,United Kingdom,York,2005-07-30,34.94,6,6,971
558,JIMMIE EGGLESTON,Poland,Wroclaw,2005-08-21,34.94,6,6,971
26,JESSICA HALL,Holy See (Vatican City State),Citt del Vaticano,2005-08-21,34.93999999999999,6,6,977
371,BILLY POULIN,Philippines,Cabuyao,2005-08-02,34.93999999999999,6,6,977
371,BILLY POULIN,Philippines,Cabuyao,2005-08-20,34.93999999999999,6,6,977
116,VICTORIA GIBSON,Indonesia,Pemalang,2005-08-22,34.930000000000014,7,7,980
591,KENT ARSENAULT,Brazil,Juiz de Fora,2005-08-19,34.930000000000014,7,7,980
36,KATHLEEN ADAMS,Iran,Arak,2005-08-23,34.93000000000001,7,7,982
59,CHERYL MURPHY,India,Mysore,2005-08-22,34.93000000000001,7,7,982
189,LORETTA CARPENTER,Canada,Oshawa,2005-08-01,34.93000000000001,7,7,982
209,TONYA CHAPMAN,India,Bhilwara,2005-07-09,34.93000000000001,7,7,982
253,TERRY CARLSON,Japan,Miyakonojo,2005-08-21,34.93000000000001,7,7,982
268,NINA SOTO,India,Palghat (Palakkad),2005-07-11,34.93000000000001,7,7,982
333,ANDREW PURDY,Azerbaijan,Baku,2005-07-30,34.93000000000001,7,7,982
337,JERRY JORDON,Japan,Onomichi,2005-07-11,34.93000000000001,7,7,982
393,PHILIP CAUSEY,Russian Federation,Korolev,2005-07-12,34.93000000000001,7,7,982
418,JEFF EAST,Dominican Republic,San Felipe de Puerto Plata,2005-08-01,34.93000000000001,7,7,982
454,ALEX GRESHAM,Mexico,Uruapan,2005-06-18,34.93000000000001,7,7,982
463,DARRELL POWER,Canada,Halifax,2005-08-22,34.93000000000001,7,7,982
502,BRETT CORNWELL,India,Siliguri (Shiliguri),2005-07-12,34.93000000000001,7,7,982
526,KARL SEAL,United States,Cape Coral,2005-07-11,34.93000000000001,7,7,982
558,JIMMIE EGGLESTON,Poland,Wroclaw,2005-07-10,34.93000000000001,7,7,982
578,WILLARD LUMPKIN,Mexico,Carmen,2005-08-01,34.93000000000001,7,7,982
59,CHERYL MURPHY,India,Mysore,2005-07-10,34.93,7,7,998
87,WANDA PATTERSON,Colombia,Sincelejo,2005-07-30,34.93,7,7,998
178,MARION SNYDER,Brazil,Santa Brbara dOeste,2005-06-19,34.93,7,7,998
186,HOLLY FOX,India,Haldia,2005-08-20,34.93,7,7,998
285,MIRIAM MCKINNEY,Japan,Otsu,2005-07-11,34.93,7,7,998
338,DENNIS GILMAN,South Africa,Paarl,2005-06-21,34.93,7,7,998
365,BRUCE SCHWARZ,Japan,Okinawa,2005-07-30,34.93,7,7,998
384,ERNEST STEPP,China,Huaian,2005-06-20,34.93,7,7,998
476,DERRICK BOURQUE,Canada,Gatineau,2005-08-01,34.93,7,7,998
535,JAVIER ELROD,Chad,NDjamna,2005-07-12,34.93,7,7,998
553,MAX PITT,Yugoslavia,Novi Sad,2005-07-07,34.93,7,7,998
285,MIRIAM MCKINNEY,Japan,Otsu,2005-08-23,34.92999999999999,7,7,1009
37,PAMELA BAKER,China,Nanyang,2005-08-22,34.92000000000001,8,8,1010
526,KARL SEAL,United States,Cape Coral,2005-06-20,34.92000000000001,8,8,1010
14,BETTY WHITE,United States,Citrus Heights,2005-08-01,34.92,8,8,1012
18,CAROL GARCIA,Nigeria,Kaduna,2005-08-02,34.92,8,8,1012
40,AMANDA CARTER,Morocco,Nador,2005-08-20,34.92,8,8,1012
166,LYNN PAYNE,Malawi,Lilongwe,2005-07-10,34.92,8,8,1012
168,REGINA BERRY,China,Jinchang,2005-07-31,34.92,8,8,1012
217,AGNES BISHOP,India,Sambhal,2005-08-01,34.92,8,8,1012
254,MAXINE SILVA,Brazil,Poos de Caldas,2005-07-10,34.92,8,8,1012
260,CHRISTY VARGAS,China,Datong,2005-06-20,34.92,8,8,1012
268,NINA SOTO,India,Palghat (Palakkad),2005-08-22,34.92,8,8,1012
296,RAMONA HALE,India,Patiala,2005-08-21,34.92,8,8,1012
305,RICHARD MCCRARY,United States,Arlington,2005-07-12,34.92,8,8,1012
307,JOSEPH JOY,Brazil,Angra dos Reis,2005-08-01,34.92,8,8,1012
316,STEVEN CURLEY,India,Miraj,2005-07-31,34.92,8,8,1012
329,FRANK WAGGONER,Bangladesh,Jamalpur,2005-07-31,34.92,8,8,1012
348,ROGER QUINTANILLA,Taiwan,Hsichuh,2005-07-12,34.92,8,8,1012
386,TODD TAN,Ukraine,Kamjanets-Podilskyi,2005-07-11,34.92,8,8,1012
408,MANUEL MURRELL,Sri Lanka,Jaffna,2005-08-02,34.92,8,8,1012
420,JACOB LANCE,United States,El Monte,2005-07-12,34.92,8,8,1012
438,BARRY LOVELACE,Zambia,Kitwe,2005-07-12,34.92,8,8,1012
529,ERIK GUILLEN,India,Bhimavaram,2005-07-12,34.92,8,8,1012
573,BYRON BOX,Kazakstan,Zhezqazghan,2005-08-02,34.92,8,8,1012
26,JESSICA HALL,Holy See (Vatican City State),Citt del Vaticano,2005-07-09,34.919999999999995,8,8,1033
197,SUE PETERS,China,Changzhou,2005-08-23,34.919999999999995,8,8,1033
287,BECKY MILES,India,Tambaram,2005-08-02,34.919999999999995,8,8,1033
304,DAVID ROYAL,Peru,Callao,2005-07-12,34.919999999999995,8,8,1033
181,ANA BRADLEY,United States,Memphis,2005-08-22,34.91000000000002,9,9,1037
309,CHRISTOPHER GRECO,Italy,Brescia,2005-07-31,34.91000000000001,9,9,1038
570,IVAN CROMWELL,Mexico,Monclova,2005-08-02,34.91000000000001,9,9,1038
46,CATHERINE CAMPBELL,Russian Federation,Moscow,2005-08-21,34.910000000000004,9,9,1040
119,SHERRY MARSHALL,Egypt,Shubra al-Khayma,2005-08-02,34.910000000000004,9,9,1040
131,MONICA HICKS,Ukraine,Mukateve,2005-08-19,34.910000000000004,9,9,1040
175,ANNETTE OLSON,India,Allappuzha (Alleppey),2005-08-02,34.910000000000004,9,9,1040
366,BRANDON HUEY,Turkey,Balikesir,2005-08-22,34.910000000000004,9,9,1040
379,CARLOS COUGHLIN,India,Bhavnagar,2005-08-22,34.910000000000004,9,9,1040
51,ALICE STEWART,United States,Fontana,2005-08-01,34.91,9,9,1046
267,MARGIE WADE,China,Lengshuijiang,2005-08-02,34.91,9,9,1046
286,VELMA LUCAS,Nigeria,Effon-Alaiye,2005-07-31,34.91,9,9,1046
340,PATRICK NEWSOM,Vietnam,Hanoi,2005-08-22,34.91,9,9,1046
535,JAVIER ELROD,Chad,NDjamna,2005-08-20,34.91,9,9,1046
31,BRENDA WRIGHT,India,Kamarhati,2005-06-20,34.900000000000006,10,10,1051
91,LOIS BUTLER,Brunei,Bandar Seri Begawan,2005-07-11,34.900000000000006,10,10,1051
361,LAWRENCE LAWTON,Cameroon,Yaound,2005-08-02,34.900000000000006,10,10,1051
414,VINCENT RALSTON,Mexico,Allende,2005-08-23,34.9,10,10,1054
354,JUSTIN NGO,Brazil,Santo Andr,2005-07-30,34.89999999999999,10,10,1055
74,DENISE KELLY,Brazil,Rio Claro,2005-08-23,34.89,11,11,1056
283,FELICIA SUTTON,China,Korla,2005-07-12,34.89,11,11,1056
393,PHILIP CAUSEY,Russian Federation,Korolev,2005-08-23,34.89,11,11,1056
592,TERRANCE ROUSH,Hungary,Szkesfehrvr,2005-08-01,34.89,11,11,1056
64,JUDITH COX,China,Daxian,2005-07-12,34.88,12,12,1060
176,JUNE CARROLL,Algeria,Skikda,2005-08-20,33.94000000000001,6,6,1061
491,RICK MATTOX,Egypt,Mit Ghamr,2005-07-31,33.94000000000001,6,6,1061
25,DEBORAH WALKER,Pakistan,Shikarpur,2005-06-21,33.940000000000005,6,6,1063
108,TRACY COLE,Mexico,Huixquilucan,2005-08-02,33.940000000000005,6,6,1063
274,NAOMI JENNINGS,India,Karnal,2005-08-20,33.940000000000005,6,6,1063
321,KEVIN SCHULER,Nepal,Birgunj,2005-07-10,33.940000000000005,6,6,1063
372,STEVE MACKENZIE,Indonesia,Probolinggo,2005-08-20,33.940000000000005,6,6,1063
393,PHILIP CAUSEY,Russian Federation,Korolev,2005-07-11,33.940000000000005,6,6,1063
493,BRENT HARKINS,Turkey,Sultanbeyli,2005-08-02,33.940000000000005,6,6,1063
515,ANDRE RAPP,Chile,Coquimbo,2005-08-19,33.940000000000005,6,6,1063
532,NEIL RENNER,Vietnam,Cam Ranh,2005-08-20,33.940000000000005,6,6,1063
575,ISAAC OGLESBY,Mexico,Cuernavaca,2005-08-22,33.940000000000005,6,6,1063
17,DONNA THOMPSON,Russian Federation,Elista,2005-07-30,33.94,6,6,1073
81,ANDREA HENDERSON,Madagascar,Mahajanga,2005-08-21,33.94,6,6,1073
120,SYLVIA ORTIZ,Colombia,Dos Quebradas,2005-08-21,33.94,6,6,1073
179,DANA HART,Russian Federation,Kirovo-Tepetsk,2005-07-30,33.94,6,6,1073
280,TRACEY BARRETT,Nigeria,Owo,2005-08-20,33.94,6,6,1073
286,VELMA LUCAS,Nigeria,Effon-Alaiye,2005-07-08,33.94,6,6,1073
509,RAUL FORTIER,India,Chapra,2005-08-02,33.94,6,6,1073
292,MISTY LAMBERT,United Arab Emirates,Sharja,2005-07-30,33.930000000000014,7,7,1080
426,BRADLEY MOTLEY,India,Purnea (Purnia),2005-08-21,33.930000000000014,7,7,1080
49,JOYCE EDWARDS,Saudi Arabia,Jedda,2005-07-12,33.93000000000001,7,7,1082
61,KATHERINE RIVERA,Switzerland,Basel,2005-08-01,33.93000000000001,7,7,1082
103,GLADYS HAMILTON,Nigeria,Ilorin,2005-07-09,33.93000000000001,7,7,1082
157,DARLENE ROSE,North Korea,Pyongyang,2005-08-20,33.93000000000001,7,7,1082
178,MARION SNYDER,Brazil,Santa Brbara dOeste,2005-07-30,33.93000000000001,7,7,1082
182,RENEE LANE,United States,Compton,2005-08-22,33.93000000000001,7,7,1082
199,BETH FRANKLIN,Vietnam,Haiphong,2005-07-12,33.93000000000001,7,7,1082
204,ROSEMARY SCHMIDT,Turkey,Usak,2005-08-02,33.93000000000001,7,7,1082
324,GARY COY,China,Yuzhou,2005-08-21,33.93000000000001,7,7,1082
343,DOUGLAS GRAF,Mexico,Mexicali,2005-08-02,33.93000000000001,7,7,1082
513,DUANE TUBBS,Nauru,Yangor,2005-07-31,33.93000000000001,7,7,1082
539,MATHEW BOLIN,Venezuela,Valencia,2005-08-02,33.93000000000001,7,7,1082
569,DAVE GARDINER,China,Leshan,2005-08-20,33.93000000000001,7,7,1082
4,BARBARA JONES,Myanmar,Myingyan,2005-08-21,33.93,7,7,1095
28,CYNTHIA YOUNG,India,Munger (Monghyr),2005-07-31,33.93,7,7,1095
69,JUDY GRAY,Algeria,Bchar,2005-07-12,33.93,7,7,1095
149,VALERIE BLACK,United States,Brockton,2005-07-11,33.93,7,7,1095
206,TERRI VASQUEZ,Brazil,Blumenau,2005-08-21,33.93,7,7,1095
297,SHERRI RHODES,India,Ahmadnagar,2005-07-11,33.93,7,7,1095
301,ROBERT BAUGHMAN,Russian Federation,Kaliningrad,2005-07-12,33.93,7,7,1095
305,RICHARD MCCRARY,United States,Arlington,2005-07-11,33.93,7,7,1095
396,EARL SHANKS,Japan,Iwatsuki,2005-08-21,33.93,7,7,1095
428,HERBERT KRUGER,Russian Federation,Syktyvkar,2005-08-01,33.93,7,7,1095
460,LEON BOSTIC,Colombia,Florencia,2005-08-20,33.93,7,7,1095
496,TYLER WREN,China,Rizhao,2005-08-23,33.93,7,7,1095
502,BRETT CORNWELL,India,Siliguri (Shiliguri),2005-07-30,33.93,7,6,1095
528,CLAUDE HERZOG,Angola,Benguela,2005-08-02,33.93,7,7,1095
549,NELSON CHRISTENSON,Spain,Santiago de Compostela,2005-08-01,33.93,7,7,1095
561,IAN STILL,United States,Garland,2005-08-02,33.93,7,7,1095
564,BOB PFEIFFER,China,Xintai,2005-07-31,33.93,7,7,1095
574,JULIAN VEST,Japan,Akishima,2005-07-09,33.93,7,7,1095
576,MORRIS MCCARTER,Taiwan,Fengshan,2005-06-21,33.93,7,7,1095
595,TERRENCE GUNDERSON,China,Jinzhou,2005-07-11,33.93,7,7,1095
412,ALLEN BUTTERFIELD,India,Hoshiarpur,2005-08-01,33.92999999999999,7,7,1115
475,PEDRO CHESTNUT,Ukraine,ostka,2005-07-31,33.92999999999999,7,7,1115
127,ELAINE STEVENS,Russian Federation,Smolensk,2005-08-23,33.920000000000016,8,8,1117
131,MONICA HICKS,Ukraine,Mukateve,2005-08-02,33.92000000000001,8,8,1118
236,MARCIA DEAN,Philippines,Tanza,2005-07-30,33.92000000000001,8,8,1118
356,GERALD FULTZ,India,Satna,2005-08-20,33.92000000000001,8,8,1118
70,CHRISTINA RAMIREZ,Saudi Arabia,al-Hawiya,2005-08-23,33.92,8,8,1121
96,DIANA ALEXANDER,United States,Augusta-Richmond County,2005-08-23,33.92,8,8,1121
129,CARRIE PORTER,China,Liaocheng,2005-08-22,33.92,8,8,1121
175,ANNETTE OLSON,India,Allappuzha (Alleppey),2005-08-01,33.92,8,8,1121
198,ELSIE KELLEY,Nigeria,Ikerre,2005-08-19,33.92,8,8,1121
220,CHARLENE ALVAREZ,Tanzania,Zanzibar,2005-08-23,33.92,8,8,1121
317,EDWARD BAUGH,Faroe Islands,Trshavn,2005-08-01,33.92,8,8,1121
348,ROGER QUINTANILLA,Taiwan,Hsichuh,2005-08-01,33.92,8,8,1121
360,RALPH MADRIGAL,Puerto Rico,Arecibo,2005-07-30,33.92,8,8,1121
510,BEN EASTER,Russian Federation,Kamyin,2005-06-21,33.92,8,8,1121
555,DWIGHT LOMBARDI,South Africa,Chatsworth,2005-08-22,33.92,8,8,1121
562,WALLACE SLONE,Nigeria,Sokoto,2005-08-23,33.92,8,8,1121
572,SIDNEY BURLESON,Poland,Czestochowa,2005-08-01,33.92,8,8,1121
145,LUCILLE HOLMES,South Africa,Soshanguve,2005-08-20,33.919999999999995,8,8,1134
258,MYRTLE FLEMING,Dominican Republic,Santiago de los Caballeros,2005-08-01,33.919999999999995,8,8,1134
267,MARGIE WADE,China,Lengshuijiang,2005-08-01,33.919999999999995,8,8,1134
282,JENNY CASTRO,Puerto Rico,Ponce,2005-07-31,33.919999999999995,8,8,1134
25,DEBORAH WALKER,Pakistan,Shikarpur,2005-08-02,33.91000000000001,9,9,1138
176,JUNE CARROLL,Algeria,Skikda,2005-08-01,33.91000000000001,9,9,1138
53,HEATHER MORRIS,Japan,Nagareyama,2005-08-22,33.910000000000004,9,9,1140
561,IAN STILL,United States,Garland,2005-06-21,33.910000000000004,9,9,1140
214,KRISTIN JOHNSTON,United States,Sunnyvale,2005-08-21,33.91,9,9,1142
239,MINNIE ROMERO,Indonesia,Ciomas,2005-08-02,33.91,9,9,1142
339,WALTER PERRYMAN,China,Xinxiang,2005-08-21,33.91,9,9,1142
414,VINCENT RALSTON,Mexico,Allende,2005-08-22,33.91,9,9,1142
481,HERMAN DEVORE,Tanzania,Mwanza,2005-08-21,33.91,9,9,1142
36,KATHLEEN ADAMS,Iran,Arak,2005-08-01,33.900000000000006,10,9,1147
52,JULIE SANCHEZ,Spain,A Corua (La Corua),2005-08-02,33.900000000000006,10,10,1147
362,NICHOLAS BARFIELD,Brazil,Belm,2005-08-01,33.900000000000006,10,10,1147
444,MARCUS HIDALGO,Estonia,Tartu,2005-08-23,33.900000000000006,10,10,1147
563,KEN PREWITT,Romania,Bucuresti,2005-07-09,33.900000000000006,10,10,1147
30,MELISSA KING,Taiwan,Lungtan,2005-07-31,33.9,10,10,1152
71,KATHY JAMES,Philippines,Baybay,2005-07-30,33.9,10,10,1152
80,MARILYN ROSS,Nigeria,Ife,2005-08-23,33.89999999999999,10,10,1154
102,CRYSTAL FORD,Israel,Ashdod,2005-08-01,33.89000000000001,11,11,1155
418,JEFF EAST,Dominican Republic,San Felipe de Puerto Plata,2005-08-23,33.89,11,11,1156
127,ELAINE STEVENS,Russian Federation,Smolensk,2005-08-01,32.95,5,5,1157
187,BRITTANY RILEY,Ukraine,Sumy,2005-07-10,32.95,5,5,1157
272,KAY CALDWELL,China,Yantai,2005-08-01,32.95,5,5,1157
487,HECTOR POINDEXTER,Russian Federation,Pjatigorsk,2005-08-20,32.95,5,5,1157
587,SERGIO STANFIELD,Mexico,Celaya,2005-07-31,32.95,5,5,1157
591,KENT ARSENAULT,Brazil,Juiz de Fora,2005-07-10,32.95,5,5,1157
267,MARGIE WADE,China,Lengshuijiang,2005-08-21,32.949999999999996,5,5,1163
285,MIRIAM MCKINNEY,Japan,Otsu,2005-07-29,32.949999999999996,5,5,1163
421,LEE HAWKS,India,Pudukkottai,2005-08-22,32.94000000000001,6,6,1165
16,SANDRA MARTIN,United Kingdom,Southend-on-Sea,2005-08-20,32.940000000000005,6,6,1166
32,AMY LOPEZ,India,Jhansi,2005-08-21,32.940000000000005,6,6,1166
61,KATHERINE RIVERA,Switzerland,Basel,2005-07-31,32.940000000000005,6,6,1166
168,REGINA BERRY,China,Jinchang,2005-08-19,32.940000000000005,6,6,1166
172,BERNICE WILLIS,Turkey,Batman,2005-08-19,32.940000000000005,6,6,1166
240,MARLENE WELCH,Japan,Iwaki,2005-07-29,32.940000000000005,6,6,1166
247,STELLA MORENO,Mexico,Coacalco de Berriozbal,2005-08-23,32.940000000000005,6,6,1166
284,SONIA GREGORY,Nigeria,Benin City,2005-07-11,32.940000000000005,6,6,1166
337,JERRY JORDON,Japan,Onomichi,2005-08-21,32.940000000000005,6,6,1166
343,DOUGLAS GRAF,Mexico,Mexicali,2005-08-01,32.940000000000005,6,6,1166
349,JOE GILLILAND,Philippines,Imus,2005-08-22,32.940000000000005,6,6,1166
470,GORDON ALLARD,Yemen,Hodeida,2005-07-09,32.940000000000005,6,6,1166
540,TYRONE ASHER,Bulgaria,Ruse,2005-08-02,32.940000000000005,6,6,1166
571,JOHNNIE CHISHOLM,Poland,Plock,2005-06-20,32.940000000000005,6,6,1166
80,MARILYN ROSS,Nigeria,Ife,2005-07-09,32.94,6,5,1180
145,LUCILLE HOLMES,South Africa,Soshanguve,2005-07-08,32.94,6,6,1180
172,BERNICE WILLIS,Turkey,Batman,2005-07-12,32.94,6,6,1180
206,TERRI VASQUEZ,Brazil,Blumenau,2005-08-20,32.94,6,6,1180
403,MIKE WAY,India,Valparai,2005-07-31,32.94,6,6,1180
448,MIGUEL BETANCOURT,Germany,Erlangen,2005-08-20,32.94,6,6,1180
472,GREG ROBINS,Vietnam,Nam Dinh,2005-07-11,32.94,6,6,1180
502,BRETT CORNWELL,India,Siliguri (Shiliguri),2005-07-28,32.94,6,6,1180
549,NELSON CHRISTENSON,Spain,Santiago de Compostela,2005-07-31,32.94,6,6,1180
43,CHRISTINE ROBERTS,French Polynesia,Faaa,2005-08-23,32.93000000000001,7,7,1189
67,KELLY TORRES,China,Xiangtan,2005-08-22,32.93000000000001,7,7,1189
175,ANNETTE OLSON,India,Allappuzha (Alleppey),2005-08-22,32.93000000000001,7,7,1189
184,VIVIAN RUIZ,Netherlands,s-Hertogenbosch,2005-08-21,32.93000000000001,7,7,1189
202,CARLA GUTIERREZ,India,Bhusawal,2005-08-23,32.93000000000001,7,7,1189
214,KRISTIN JOHNSTON,United States,Sunnyvale,2005-08-02,32.93000000000001,7,6,1189
291,TONI HOLT,United States,Roanoke,2005-07-31,32.93000000000001,7,7,1189
292,MISTY LAMBERT,United Arab Emirates,Sharja,2005-07-12,32.93000000000001,7,7,1189
296,RAMONA HALE,India,Patiala,2005-07-11,32.93000000000001,7,7,1189
352,ALBERT CROUSE,Cameroon,Bamenda,2005-07-30,32.93000000000001,7,7,1189
368,HARRY ARCE,Iran,Najafabad,2005-08-01,32.93000000000001,7,7,1189
394,CHRIS BROTHERS,Spain,Gijn,2005-07-11,32.93000000000001,7,7,1189
406,NATHAN RUNYON,"Virgin Islands, U.S.",Charlotte Amalie,2005-07-29,32.93000000000001,7,7,1189
407,DALE RATCLIFF,South Africa,Rustenburg,2005-07-29,32.93000000000001,7,7,1189
409,RODNEY MOELLER,Nigeria,Deba Habe,2005-07-10,32.93000000000001,7,7,1189
469,WESLEY BULL,Spain,Ourense (Orense),2005-07-10,32.93000000000001,7,7,1189
479,ZACHARY HITE,United States,Akron,2005-07-11,32.93000000000001,7,7,1189
490,SAM MCDUFFIE,Colombia,Sogamoso,2005-07-10,32.93000000000001,7,7,1189
570,IVAN CROMWELL,Mexico,Monclova,2005-06-20,32.93000000000001,7,7,1189
11,LISA ANDERSON,Japan,Sagamihara,2005-07-30,32.93,7,7,1208
32,AMY LOPEZ,India,Jhansi,2005-08-02,32.93,7,7,1208
72,THERESA WATSON,Philippines,Taguig,2005-08-02,32.93,7,7,1208
149,VALERIE BLACK,United States,Brockton,2005-06-19,32.93,7,7,1208
171,DOLORES WAGNER,Malaysia,Ipoh,2005-06-21,32.93,7,7,1208
231,GEORGIA JACOBS,India,Uttarpara-Kotrung,2005-08-21,32.93,7,7,1208
269,CASSANDRA WALTERS,United States,Salinas,2005-08-23,32.93,7,7,1208
270,LEAH CURTIS,Poland,Kalisz,2005-08-02,32.93,7,7,1208
363,ROY WHITING,Kenya,Nyeri,2005-07-12,32.93,7,7,1208
376,RANDY GAITHER,Russian Federation,Kurgan,2005-07-10,32.93,7,7,1208
433,DON BONE,Mozambique,Naala-Porto,2005-08-01,32.93,7,7,1208
439,ALEXANDER FENNELL,Italy,Bergamo,2005-08-21,32.93,7,7,1208
475,PEDRO CHESTNUT,Ukraine,ostka,2005-07-09,32.93,7,7,1208
7,MARIA MILLER,Yugoslavia,Kragujevac,2005-08-21,32.92999999999999,7,7,1221
10,DOROTHY TAYLOR,Iran,Esfahan,2005-08-02,32.92999999999999,7,7,1221
107,FLORENCE WOODS,Argentina,Merlo,2005-07-30,32.92999999999999,7,7,1221
144,CLARA SHAW,Belarus,Molodetno,2005-08-20,32.92999999999999,7,7,1221
163,CATHY SPENCER,Japan,Kakamigahara,2005-08-21,32.92999999999999,7,7,1221
333,ANDREW PURDY,Azerbaijan,Baku,2005-08-22,32.920000000000016,8,8,1226
39,DEBRA NELSON,Brazil,Vila Velha,2005-07-31,32.92000000000001,8,8,1227
122,THELMA MURRAY,Peru,Lima,2005-08-01,32.92000000000001,8,8,1227
300,JOHN FARNSWORTH,India,Parbhani,2005-07-31,32.92000000000001,8,8,1227
38,MARTHA GONZALEZ,Moldova,Chisinau,2005-07-12,32.92,8,8,1230
41,STEPHANIE MITCHELL,Armenia,Yerevan,2005-07-29,32.92,8,8,1230
53,HEATHER MORRIS,Japan,Nagareyama,2005-08-21,32.92,8,8,1230
58,JEAN BELL,Malaysia,Kuching,2005-08-01,32.92,8,8,1230
123,SHANNON FREEMAN,India,Varanasi (Benares),2005-07-31,32.92,8,8,1230
125,ETHEL WEBB,South Africa,Boksburg,2005-07-30,32.92,8,8,1230
128,MARJORIE TUCKER,Poland,Jastrzebie-Zdrj,2005-07-12,32.92,8,8,1230
128,MARJORIE TUCKER,Poland,Jastrzebie-Zdrj,2005-07-31,32.92,8,8,1230
165,LORRAINE STEPHENS,China,Hami,2005-07-11,32.92,8,8,1230
170,BEATRICE ARNOLD,India,Udaipur,2005-07-10,32.92,8,8,1230
171,DOLORES WAGNER,Malaysia,Ipoh,2005-08-23,32.92,8,8,1230
211,STACEY MONTGOMERY,China,Fuyu,2005-08-02,32.92,8,8,1230
273,PRISCILLA LOWE,Mexico,Salamanca,2005-08-23,32.92,8,8,1230
339,WALTER PERRYMAN,China,Xinxiang,2005-07-12,32.92,8,8,1230
421,LEE HAWKS,India,Pudukkottai,2005-08-01,32.92,8,8,1230
526,KARL SEAL,United States,Cape Coral,2005-07-29,32.92,8,8,1230
560,JORDAN ARCHULETA,Argentina,Avellaneda,2005-07-31,32.92,8,8,1230
561,IAN STILL,United States,Garland,2005-06-20,32.92,8,8,1230
597,FREDDIE DUGGAN,Peru,Sullana,2005-08-02,32.92,8,8,1230
277,OLGA JIMENEZ,Nigeria,Ogbomosho,2005-07-12,32.919999999999995,8,8,1249
141,DEBBIE REYES,Japan,Fukuyama,2005-08-20,32.91999999999999,8,8,1250
241,HEIDI LARSON,China,Xiangfan,2005-08-02,32.91000000000001,9,9,1251
253,TERRY CARLSON,Japan,Miyakonojo,2005-08-02,32.91000000000001,9,9,1251
15,HELEN HARRIS,India,Bhopal,2005-08-02,32.910000000000004,9,8,1253
52,JULIE SANCHEZ,Spain,A Corua (La Corua),2005-08-01,32.910000000000004,9,9,1253
69,JUDY GRAY,Algeria,Bchar,2005-08-23,32.910000000000004,9,9,1253
138,HAZEL WARREN,China,Hohhot,2005-07-31,32.910000000000004,9,9,1253
202,CARLA GUTIERREZ,India,Bhusawal,2005-08-01,32.910000000000004,9,9,1253
211,STACEY MONTGOMERY,China,Fuyu,2005-08-22,32.910000000000004,9,9,1253
260,CHRISTY VARGAS,China,Datong,2005-08-21,32.910000000000004,9,9,1253
306,CHARLES KOWALSKI,Malaysia,Sungai Petani,2005-07-31,32.910000000000004,9,9,1253
357,KEITH RICO,Slovakia,Bratislava,2005-08-01,32.910000000000004,9,9,1253
416,JEFFERY PINSON,Pakistan,Dadu,2005-08-01,32.910000000000004,9,9,1253
467,ALVIN DELOACH,Mexico,Cuauhtmoc,2005-08-23,32.910000000000004,9,9,1253
538,TED BREAUX,China,Baicheng,2005-08-01,32.910000000000004,9,9,1253
563,KEN PREWITT,Romania,Bucuresti,2005-07-08,32.910000000000004,9,9,1253
563,KEN PREWITT,Romania,Bucuresti,2005-08-23,32.910000000000004,9,9,1253
588,MARION OCAMPO,China,Weifang,2005-08-01,32.910000000000004,9,9,1253
596,ENRIQUE FORSYTHE,Greece,Patras,2005-08-23,32.910000000000004,9,9,1253
71,KATHY JAMES,Philippines,Baybay,2005-07-29,32.91,9,9,1269
120,SYLVIA ORTIZ,Colombia,Dos Quebradas,2005-08-02,32.91,9,9,1269
126,ELLEN SIMPSON,Brazil,Po,2005-07-12,32.91,9,9,1269
295,DAISY BATES,Russian Federation,Kolpino,2005-06-21,32.91,9,9,1269
354,JUSTIN NGO,Brazil,Santo Andr,2005-07-12,32.91,9,9,1269
381,BOBBY BOUDREAU,Anguilla,South Hill,2005-08-21,32.91,9,9,1269
419,CHAD CARBONE,India,Katihar,2005-08-02,32.91,9,9,1269
474,DUSTIN GILLETTE,Netherlands,Emmen,2005-08-23,32.91,9,9,1269
573,BYRON BOX,Kazakstan,Zhezqazghan,2005-07-10,32.91,9,9,1269
38,MARTHA GONZALEZ,Moldova,Chisinau,2005-07-31,32.900000000000006,10,10,1278
132,ESTHER CRAWFORD,South Africa,Botshabelo,2005-07-10,32.900000000000006,10,10,1278
326,JOSE ANDREW,Saint Vincent and the Grenadines,Kingstown,2005-08-01,32.900000000000006,10,10,1278
224,PEARL GARZA,India,Jodhpur,2005-08-23,32.9,10,10,1281
157,DARLENE ROSE,North Korea,Pyongyang,2005-07-30,32.89,11,11,1282
369,FRED WHEAT,Mexico,Jurez,2005-08-02,32.89,11,11,1282
72,THERESA WATSON,Philippines,Taguig,2005-08-22,32.870000000000005,13,12,1284
21,MICHELLE CLARK,Bangladesh,Tangail,2005-06-21,31.950000000000003,5,5,1285
51,ALICE STEWART,United States,Fontana,2005-07-10,31.950000000000003,5,5,1285
77,JANE BENNETT,Brazil,Araatuba,2005-08-21,31.950000000000003,5,5,1285
203,TARA RYAN,Indonesia,Gorontalo,2005-07-30,31.950000000000003,5,5,1285
249,DORA MEDINA,China,Tianjin,2005-07-12,31.950000000000003,5,5,1285
309,CHRISTOPHER GRECO,Italy,Brescia,2005-07-09,31.950000000000003,5,5,1285
343,DOUGLAS GRAF,Mexico,Mexicali,2005-07-31,31.950000000000003,5,5,1285
347,RYAN SALISBURY,Latvia,Daugavpils,2005-06-21,31.950000000000003,5,5,1285
26,JESSICA HALL,Holy See (Vatican City State),Citt del Vaticano,2005-06-18,31.95,5,5,1293
146,JAMIE RICE,United States,Sterling Heights,2005-07-11,31.949999999999996,5,5,1294
481,HERMAN DEVORE,Tanzania,Mwanza,2005-07-30,31.949999999999996,5,5,1294
116,VICTORIA GIBSON,Indonesia,Pemalang,2005-08-21,31.940000000000012,6,6,1296
15,HELEN HARRIS,India,Bhopal,2005-08-19,31.940000000000005,6,6,1297
204,ROSEMARY SCHMIDT,Turkey,Usak,2005-06-19,31.940000000000005,6,6,1297
237,TANYA GILBERT,South Korea,Naju,2005-08-21,31.940000000000005,6,6,1297
269,CASSANDRA WALTERS,United States,Salinas,2005-07-12,31.940000000000005,6,6,1297
341,PETER MENARD,Netherlands,Ede,2005-06-20,31.940000000000005,6,6,1297
352,ALBERT CROUSE,Cameroon,Bamenda,2005-07-28,31.940000000000005,6,6,1297
362,NICHOLAS BARFIELD,Brazil,Belm,2005-07-12,31.940000000000005,6,6,1297
451,JIM REA,Mexico,El Fuerte,2005-08-02,31.940000000000005,6,6,1297
567,ALFREDO MCADAMS,Russian Federation,Serpuhov,2005-08-01,31.940000000000005,6,6,1297
340,PATRICK NEWSOM,Vietnam,Hanoi,2005-06-19,31.94,6,6,1306
346,ARTHUR SIMPKINS,Russian Federation,Maikop,2005-07-11,31.94,6,6,1306
355,TERRY GRISSOM,Japan,Matsue,2005-07-11,31.94,6,6,1306
433,DON BONE,Mozambique,Naala-Porto,2005-08-21,31.94,6,6,1306
473,JORGE OLIVARES,Indonesia,Lhokseumawe,2005-07-30,31.94,6,6,1306
510,BEN EASTER,Russian Federation,Kamyin,2005-07-31,31.94,6,6,1306
535,JAVIER ELROD,Chad,NDjamna,2005-07-10,31.94,6,6,1306
2,PATRICIA JOHNSON,United States,San Bernardino,2005-07-29,31.939999999999998,6,6,1313
149,VALERIE BLACK,United States,Brockton,2005-06-18,31.939999999999998,6,6,1313
166,LYNN PAYNE,Malawi,Lilongwe,2005-08-21,31.939999999999998,6,6,1313
322,JASON MORRISSEY,Argentina,Baha Blanca,2005-06-20,31.939999999999998,6,6,1313
478,LEWIS LYMAN,Israel,Ashqelon,2005-06-21,31.939999999999998,6,6,1313
480,COREY HAUSER,Turkey,Gaziantep,2005-08-01,31.939999999999998,6,6,1313
258,MYRTLE FLEMING,Dominican Republic,Santiago de los Caballeros,2005-08-22,31.93999999999999,6,6,1319
469,WESLEY BULL,Spain,Ourense (Orense),2005-08-21,31.930000000000017,7,7,1320
469,WESLEY BULL,Spain,Ourense (Orense),2005-07-30,31.930000000000014,7,7,1321
56,GLORIA COOK,French Polynesia,Papeete,2005-08-21,31.93000000000001,7,7,1322
240,MARLENE WELCH,Japan,Iwaki,2005-08-23,31.93000000000001,7,7,1322
300,JOHN FARNSWORTH,India,Parbhani,2005-07-30,31.93000000000001,7,7,1322
529,ERIK GUILLEN,India,Bhimavaram,2005-08-20,31.93000000000001,7,7,1322
108,TRACY COLE,Mexico,Huixquilucan,2005-08-23,31.930000000000007,7,7,1326
131,MONICA HICKS,Ukraine,Mukateve,2005-08-01,31.930000000000007,7,7,1326
133,PAULINE HENRY,Mexico,Torren,2005-07-12,31.930000000000007,7,7,1326
173,AUDREY RAY,Austria,Graz,2005-08-01,31.930000000000007,7,7,1326
234,CLAUDIA FULLER,Kuwait,Jalib al-Shuyukh,2005-06-20,31.930000000000007,7,7,1326
234,CLAUDIA FULLER,Kuwait,Jalib al-Shuyukh,2005-08-02,31.930000000000007,7,7,1326
491,RICK MATTOX,Egypt,Mit Ghamr,2005-06-21,31.930000000000007,7,7,1326
6,JENNIFER DAVIS,United States,Laredo,2005-08-21,31.930000000000003,7,7,1333
118,KIM CRUZ,United States,Grand Prairie,2005-07-31,31.930000000000003,7,7,1333
129,CARRIE PORTER,China,Liaocheng,2005-08-21,31.930000000000003,7,7,1333
165,LORRAINE STEPHENS,China,Hami,2005-07-10,31.930000000000003,7,7,1333
171,DOLORES WAGNER,Malaysia,Ipoh,2005-08-21,31.930000000000003,7,7,1333
192,LAURIE LAWRENCE,India,Firozabad,2005-08-01,31.930000000000003,7,7,1333
274,NAOMI JENNINGS,India,Karnal,2005-08-01,31.930000000000003,7,7,1333
307,JOSEPH JOY,Brazil,Angra dos Reis,2005-07-11,31.930000000000003,7,7,1333
367,ADAM GOOCH,India,Adoni,2005-07-12,31.930000000000003,7,7,1333
484,ROBERTO VU,China,Yinchuan,2005-07-11,31.930000000000003,7,7,1333
540,TYRONE ASHER,Bulgaria,Ruse,2005-07-12,31.930000000000003,7,7,1333
571,JOHNNIE CHISHOLM,Poland,Plock,2005-08-02,31.930000000000003,7,7,1333
1,MARY SMITH,Japan,Sasebo,2005-06-21,31.93,7,7,1345
85,ANNE POWELL,United Kingdom,Bradford,2005-08-02,31.93,7,7,1345
88,BONNIE HUGHES,South Korea,Cheju,2005-08-02,31.93,7,7,1345
89,JULIA FLORES,Argentina,La Plata,2005-07-12,31.93,7,7,1345
136,ANITA MORALES,India,Hubli-Dharwad,2005-08-23,31.93,7,7,1345
180,STACY CUNNINGHAM,Colombia,Pereira,2005-08-02,31.93,7,7,1345
200,JEANNE LAWSON,Turkmenistan,Ashgabat,2005-06-20,31.93,7,7,1345
258,MYRTLE FLEMING,Dominican Republic,Santiago de los Caballeros,2005-07-11,31.93,7,7,1345
276,BRANDY GRAVES,United States,Warren,2005-07-31,31.93,7,7,1345
279,DIANNE SHELTON,Iran,Tabriz,2005-08-20,31.93,7,7,1345
299,JAMES GANNON,Japan,Hiroshima,2005-06-21,31.93,7,7,1345
312,MARK RINEHART,Saudi Arabia,Tabuk,2005-08-02,31.93,7,7,1345
314,GEORGE LINTON,Brazil,Sorocaba,2005-07-29,31.93,7,7,1345
408,MANUEL MURRELL,Sri Lanka,Jaffna,2005-07-31,31.93,7,7,1345
420,JACOB LANCE,United States,El Monte,2005-08-02,31.93,7,7,1345
483,VERNON CHAPA,Turkey,Denizli,2005-08-02,31.93,7,7,1345
26,JESSICA HALL,Holy See (Vatican City State),Citt del Vaticano,2005-07-08,31.929999999999996,7,7,1361
27,SHIRLEY ALLEN,Philippines,Davao,2005-08-22,31.929999999999996,7,7,1361
71,KATHY JAMES,Philippines,Baybay,2005-08-23,31.929999999999996,7,7,1361
95,PAULA BRYANT,India,Pathankot,2005-08-01,31.929999999999996,7,7,1361
87,WANDA PATTERSON,Colombia,Sincelejo,2005-08-21,31.929999999999993,7,7,1365
113,CINDY FISHER,Venezuela,Cuman,2005-08-23,31.929999999999993,7,7,1365
125,ETHEL WEBB,South Africa,Boksburg,2005-08-22,31.920000000000016,8,8,1367
181,ANA BRADLEY,United States,Memphis,2005-08-21,31.920000000000016,8,8,1367
518,GABRIEL HARDER,Turkey,Sivas,2005-07-29,31.92000000000001,8,8,1369
38,MARTHA GONZALEZ,Moldova,Chisinau,2005-08-23,31.920000000000005,8,8,1370
56,GLORIA COOK,French Polynesia,Papeete,2005-08-02,31.920000000000005,8,8,1370
356,GERALD FULTZ,India,Satna,2005-07-31,31.920000000000005,8,8,1370
368,HARRY ARCE,Iran,Najafabad,2005-08-20,31.920000000000005,8,8,1370
442,LEROY BUSTAMANTE,China,Tongliao,2005-07-12,31.920000000000005,8,8,1370
40,AMANDA CARTER,Morocco,Nador,2005-08-01,31.92,8,8,1375
76,IRENE PRICE,Kazakstan,Pavlodar,2005-08-02,31.92,8,8,1375
98,LILLIAN GRIFFIN,United Arab Emirates,al-Ayn,2005-08-01,31.92,8,8,1375
119,SHERRY MARSHALL,Egypt,Shubra al-Khayma,2005-08-01,31.92,8,8,1375
121,JOSEPHINE GOMEZ,India,Etawah,2005-08-01,31.92,8,8,1375
173,AUDREY RAY,Austria,Graz,2005-07-11,31.92,8,8,1375
197,SUE PETERS,China,Changzhou,2005-06-19,31.92,8,8,1375
306,CHARLES KOWALSKI,Malaysia,Sungai Petani,2005-07-30,31.92,8,8,1375
404,STANLEY SCROGGINS,Japan,Omiya,2005-07-12,31.92,8,8,1375
405,LEONARD SCHOFIELD,Argentina,Tandil,2005-08-02,31.92,8,8,1375
408,MANUEL MURRELL,Sri Lanka,Jaffna,2005-08-21,31.92,8,8,1375
438,BARRY LOVELACE,Zambia,Kitwe,2005-08-01,31.92,8,8,1375
534,CHRISTIAN JUNG,India,Amroha,2005-08-01,31.92,8,8,1375
584,SALVADOR TEEL,Gambia,Banjul,2005-07-31,31.92,8,8,1375
196,ALMA AUSTIN,Germany,Mannheim,2005-06-21,31.919999999999998,8,8,1389
484,ROBERTO VU,China,Yinchuan,2005-08-23,31.919999999999998,8,8,1389
504,NATHANIEL ADAM,United States,Joliet,2005-08-01,31.919999999999998,8,8,1389
504,NATHANIEL ADAM,United States,Joliet,2005-08-22,31.919999999999998,8,8,1389
334,RAYMOND MCWHORTER,Azerbaijan,Sumqayit,2005-08-23,31.919999999999995,8,8,1393
410,CURTIS IRBY,Canada,Richmond Hill,2005-08-01,31.919999999999995,8,8,1393
468,TIM CARY,India,Bijapur,2005-07-12,31.919999999999995,8,8,1393
550,GUY BROWNLEE,China,Zhoushan,2005-07-31,31.919999999999995,8,8,1393
590,SETH HANNON,Bahrain,al-Manama,2005-07-12,31.919999999999995,8,8,1393
498,GENE SANBORN,Oman,Salala,2005-08-01,31.91999999999999,8,8,1398
158,VERONICA STONE,United States,Greensboro,2005-08-23,31.910000000000004,9,9,1399
161,GERALDINE PERKINS,Israel,Tel Aviv-Jaffa,2005-08-02,31.910000000000004,9,9,1399
208,LUCY WHEELER,India,Balurghat,2005-08-02,31.910000000000004,9,9,1399
260,CHRISTY VARGAS,China,Datong,2005-08-02,31.910000000000004,9,9,1399
278,BILLIE HORTON,Turkey,Inegl,2005-08-02,31.910000000000004,9,9,1399
326,JOSE ANDREW,Saint Vincent and the Grenadines,Kingstown,2005-07-31,31.910000000000004,9,9,1399
564,BOB PFEIFFER,China,Xintai,2005-08-22,31.910000000000004,9,9,1399
566,CASEY MENA,Turkey,Tokat,2005-07-29,31.910000000000004,9,9,1399
244,VIOLA HANSON,Philippines,Lapu-Lapu,2005-07-12,31.91,9,8,1407
351,JACK FOUST,Russian Federation,Zeleznogorsk,2005-07-12,31.91,9,9,1407
417,TRAVIS ESTEP,Saudi Arabia,al-Qatif,2005-08-23,31.91,9,9,1407
251,VICKIE BREWER,Germany,Halle/Saale,2005-08-23,31.909999999999997,9,9,1410
320,ANTHONY SCHWAB,American Samoa,Tafuna,2005-08-02,31.909999999999997,9,9,1410
530,DARRYL ASHCRAFT,Argentina,Ezeiza,2005-08-02,31.909999999999997,9,9,1410
102,CRYSTAL FORD,Israel,Ashdod,2005-07-31,31.90000000000001,10,10,1413
236,MARCIA DEAN,Philippines,Tanza,2005-07-11,31.900000000000006,10,10,1414
128,MARJORIE TUCKER,Poland,Jastrzebie-Zdrj,2005-08-22,31.9,10,10,1415
254,MAXINE SILVA,Brazil,Poos de Caldas,2005-08-23,31.899999999999995,10,10,1416
451,JIM REA,Mexico,El Fuerte,2005-08-23,31.89,11,11,1417
31,BRENDA WRIGHT,India,Kamarhati,2005-07-11,30.95000000000001,5,5,1418
571,JOHNNIE CHISHOLM,Poland,Plock,2005-07-12,30.950000000000006,5,5,1419
59,CHERYL MURPHY,India,Mysore,2005-08-02,30.950000000000003,5,5,1420
246,MARIAN MENDOZA,Brazil,Maring,2005-05-31,30.950000000000003,5,5,1420
389,ALAN KAHN,China,Emeishan,2005-07-30,30.950000000000003,5,5,1420
393,PHILIP CAUSEY,Russian Federation,Korolev,2005-07-09,30.950000000000003,5,5,1420
510,BEN EASTER,Russian Federation,Kamyin,2005-07-30,30.950000000000003,5,5,1420
575,ISAAC OGLESBY,Mexico,Cuernavaca,2005-08-20,30.950000000000003,5,5,1420
589,TRACY HERRMANN,Ecuador,Loja,2005-06-20,30.950000000000003,5,5,1420
590,SETH HANNON,Bahrain,al-Manama,2005-06-20,30.950000000000003,5,5,1420
63,ASHLEY RICHARDSON,United States,Lincoln,2005-07-10,30.95,5,5,1428
89,JULIA FLORES,Argentina,La Plata,2005-06-19,30.95,5,5,1428
181,ANA BRADLEY,United States,Memphis,2005-07-29,30.95,5,5,1428
311,PAUL TROUT,Russian Federation,Kursk,2005-07-31,30.95,5,5,1428
410,CURTIS IRBY,Canada,Richmond Hill,2005-08-20,30.949999999999996,5,5,1432
504,NATHANIEL ADAM,United States,Joliet,2005-07-09,30.949999999999996,5,5,1432
240,MARLENE WELCH,Japan,Iwaki,2005-08-21,30.940000000000012,6,6,1434
293,MAE FLETCHER,Spain,Donostia-San Sebastin,2005-07-12,30.940000000000012,6,6,1434
293,MAE FLETCHER,Spain,Donostia-San Sebastin,2005-08-21,30.940000000000012,6,6,1434
105,DAWN SULLIVAN,Tuvalu,Funafuti,2005-08-01,30.940000000000005,6,6,1437
114,GRACE ELLIS,Germany,Duisburg,2005-08-22,30.940000000000005,6,6,1437
129,CARRIE PORTER,China,Liaocheng,2005-08-20,30.940000000000005,6,6,1437
268,NINA SOTO,India,Palghat (Palakkad),2005-07-10,30.940000000000005,6,6,1437
307,JOSEPH JOY,Brazil,Angra dos Reis,2005-07-31,30.940000000000005,6,6,1437
324,GARY COY,China,Yuzhou,2005-08-01,30.940000000000005,6,6,1437
327,LARRY THRASHER,Turkey,Adana,2005-06-19,30.940000000000005,6,6,1437
368,HARRY ARCE,Iran,Najafabad,2005-06-21,30.940000000000005,6,6,1437
372,STEVE MACKENZIE,Indonesia,Probolinggo,2005-07-12,30.940000000000005,6,6,1437
385,PHILLIP HOLM,Japan,Tama,2005-08-23,30.940000000000005,6,6,1437
432,EDWIN BURK,South Africa,Newcastle,2005-07-11,30.940000000000005,6,6,1437
486,GLEN TALBERT,Mexico,Acua,2005-07-09,30.940000000000005,6,6,1437
558,JIMMIE EGGLESTON,Poland,Wroclaw,2005-07-09,30.940000000000005,6,6,1437
592,TERRANCE ROUSH,Hungary,Szkesfehrvr,2005-07-08,30.940000000000005,6,6,1437
80,MARILYN ROSS,Nigeria,Ife,2005-08-01,30.94,6,6,1451
170,BEATRICE ARNOLD,India,Udaipur,2005-08-02,30.94,6,6,1451
268,NINA SOTO,India,Palghat (Palakkad),2005-08-21,30.94,6,6,1451
348,ROGER QUINTANILLA,Taiwan,Hsichuh,2005-07-08,30.94,6,6,1451
496,TYLER WREN,China,Rizhao,2005-08-21,30.94,6,6,1451
528,CLAUDE HERZOG,Angola,Benguela,2005-08-01,30.94,6,6,1451
531,JAMIE WAUGH,Japan,Kuwana,2005-07-29,30.94,6,6,1451
27,SHIRLEY ALLEN,Philippines,Davao,2005-08-20,30.939999999999998,6,6,1458
95,PAULA BRYANT,India,Pathankot,2005-07-31,30.939999999999998,6,6,1458
114,GRACE ELLIS,Germany,Duisburg,2005-07-29,30.939999999999998,6,6,1458
266,NORA HERRERA,Austria,Salzburg,2005-08-02,30.939999999999998,6,6,1458
294,SHELLY WATTS,United States,Dayton,2005-08-23,30.939999999999998,6,6,1458
573,BYRON BOX,Kazakstan,Zhezqazghan,2005-08-01,30.939999999999998,6,6,1458
392,SEAN DOUGLASS,Ethiopia,Addis Abeba,2005-08-20,30.939999999999994,6,6,1464
518,GABRIEL HARDER,Turkey,Sivas,2005-08-22,30.93000000000001,7,7,1465
37,PAMELA BAKER,China,Nanyang,2005-08-21,30.930000000000007,7,7,1466
122,THELMA MURRAY,Peru,Lima,2005-07-31,30.930000000000007,7,7,1466
173,AUDREY RAY,Austria,Graz,2005-08-23,30.930000000000007,7,7,1466
233,LILLIE KIM,Egypt,Idfu,2005-07-12,30.930000000000007,7,7,1466
309,CHRISTOPHER GRECO,Italy,Brescia,2005-07-30,30.930000000000007,7,7,1466
591,KENT ARSENAULT,Brazil,Juiz de Fora,2005-07-28,30.930000000000007,7,7,1466
52,JULIE SANCHEZ,Spain,A Corua (La Corua),2005-07-31,30.930000000000003,7,7,1472
93,PHYLLIS FOSTER,China,Zalantun,2005-08-21,30.930000000000003,7,7,1472
135,JUANITA MASON,India,Pune,2005-07-30,30.930000000000003,7,7,1472
235,JACKIE LYNCH,Colombia,Buenaventura,2005-07-11,30.930000000000003,7,7,1472
256,MABEL HOLLAND,Myanmar,Monywa,2005-06-19,30.930000000000003,7,7,1472
317,EDWARD BAUGH,Faroe Islands,Trshavn,2005-07-31,30.930000000000003,7,7,1472
343,DOUGLAS GRAF,Mexico,Mexicali,2005-06-21,30.930000000000003,7,7,1472
404,STANLEY SCROGGINS,Japan,Omiya,2005-07-11,30.930000000000003,7,7,1472
435,RICKY SHELBY,China,Junan,2005-08-02,30.930000000000003,7,7,1472
493,BRENT HARKINS,Turkey,Sultanbeyli,2005-08-23,30.930000000000003,7,7,1472
580,ROSS GREY,Philippines,Iligan,2005-08-23,30.930000000000003,7,7,1472
5,ELIZABETH BROWN,Taiwan,Nantou,2005-07-11,30.93,7,7,1483
29,ANGELA HERNANDEZ,Japan,Shimonoseki,2005-08-01,30.93,7,7,1483
134,EMMA BOYD,Egypt,Qalyub,2005-08-02,30.93,7,7,1483
162,LAUREN HUDSON,France,Le Mans,2005-08-02,30.93,7,7,1483
168,REGINA BERRY,China,Jinchang,2005-07-11,30.93,7,7,1483
255,IRMA PEARSON,Philippines,Hagonoy,2005-08-21,30.93,7,7,1483
261,DEANNA BYRD,Philippines,Tuguegarao,2005-08-20,30.93,7,7,1483
282,JENNY CASTRO,Puerto Rico,Ponce,2005-07-10,30.93,7,7,1483
341,PETER MENARD,Netherlands,Ede,2005-08-23,30.93,7,7,1483
348,ROGER QUINTANILLA,Taiwan,Hsichuh,2005-07-30,30.93,7,7,1483
398,ANTONIO MEEK,Brazil,Bag,2005-08-01,30.93,7,7,1483
404,STANLEY SCROGGINS,Japan,Omiya,2005-08-01,30.93,7,7,1483
494,RAMON CHOATE,Ecuador,Robamba,2005-07-30,30.93,7,7,1483
546,KELLY KNOTT,China,Sanya,2005-08-23,30.93,7,7,1483
71,KATHY JAMES,Philippines,Baybay,2005-07-11,30.929999999999996,7,7,1497
78,LORI WOOD,India,Rae Bareli,2005-08-21,30.929999999999996,7,7,1497
267,MARGIE WADE,China,Lengshuijiang,2005-07-31,30.929999999999996,7,7,1497
322,JASON MORRISSEY,Argentina,Baha Blanca,2005-08-02,30.929999999999996,7,7,1497
560,JORDAN ARCHULETA,Argentina,Avellaneda,2005-08-22,30.929999999999996,7,7,1497
498,GENE SANBORN,Oman,Salala,2005-07-31,30.929999999999993,7,7,1502
482,MAURICE CRAWLEY,Mexico,Coatzacoalcos,2005-08-22,30.929999999999986,7,7,1503
79,RACHEL BARNES,Japan,Kamakura,2005-07-11,30.92000000000001,8,8,1504
241,HEIDI LARSON,China,Xiangfan,2005-08-01,30.92000000000001,8,8,1504
380,RUSSELL BRINSON,Poland,Tychy,2005-08-22,30.92000000000001,8,8,1504
570,IVAN CROMWELL,Mexico,Monclova,2005-07-31,30.92000000000001,8,8,1504
380,RUSSELL BRINSON,Poland,Tychy,2005-07-30,30.920000000000005,8,8,1508
575,ISAAC OGLESBY,Mexico,Cuernavaca,2005-08-01,30.920000000000005,8,8,1508
27,SHIRLEY ALLEN,Philippines,Davao,2005-06-21,30.92,8,8,1510
57,EVELYN MORGAN,Liechtenstein,Vaduz,2005-07-12,30.92,8,8,1510
60,MILDRED BAILEY,India,Jaipur,2005-08-02,30.92,8,8,1510
122,THELMA MURRAY,Peru,Lima,2005-07-12,30.92,8,7,1510
188,MELANIE ARMSTRONG,Philippines,Bayugan,2005-08-02,30.92,8,8,1510
232,CONSTANCE REID,Nigeria,Zaria,2005-07-29,30.92,8,8,1510
273,PRISCILLA LOWE,Mexico,Salamanca,2005-08-22,30.92,8,7,1510
298,ERIKA PENA,Finland,Oulu,2005-08-23,30.92,8,8,1510
376,RANDY GAITHER,Russian Federation,Kurgan,2005-08-02,30.92,8,7,1510
417,TRAVIS ESTEP,Saudi Arabia,al-Qatif,2005-08-22,30.92,8,8,1510
440,BERNARD COLBY,India,Dhule (Dhulia),2005-08-23,30.92,8,8,1510
494,RAMON CHOATE,Ecuador,Robamba,2005-07-09,30.92,8,8,1510
521,ROLAND SOUTH,China,Yingkou,2005-08-21,30.92,8,8,1510
533,JESSIE MILAM,China,Binzhou,2005-07-31,30.92,8,8,1510
543,LANCE PEMBERTON,Morocco,Beni-Mellal,2005-08-02,30.92,8,7,1510
320,ANTHONY SCHWAB,American Samoa,Tafuna,2005-07-31,30.919999999999998,8,8,1525
455,JON WILES,Bolivia,El Alto,2005-08-23,30.919999999999998,8,8,1525
530,DARRYL ASHCRAFT,Argentina,Ezeiza,2005-08-01,30.919999999999998,8,8,1525
314,GEORGE LINTON,Brazil,Sorocaba,2005-08-21,30.919999999999995,8,8,1528
354,JUSTIN NGO,Brazil,Santo Andr,2005-07-29,30.919999999999995,8,8,1528
410,CURTIS IRBY,Canada,Richmond Hill,2005-07-11,30.919999999999995,8,8,1528
520,MITCHELL WESTMORELAND,Vietnam,Nha Trang,2005-08-20,30.91999999999999,8,8,1531
32,AMY LOPEZ,India,Jhansi,2005-07-12,30.910000000000004,9,9,1532
35,VIRGINIA GREEN,France,Toulouse,2005-07-11,30.910000000000004,9,9,1532
42,CAROLYN PEREZ,Thailand,Pak Kret,2005-07-30,30.910000000000004,9,8,1532
64,JUDITH COX,China,Daxian,2005-07-11,30.910000000000004,9,9,1532
108,TRACY COLE,Mexico,Huixquilucan,2005-07-12,30.910000000000004,9,9,1532
415,GLENN PULLEN,Netherlands,Amersfoort,2005-08-02,30.910000000000004,9,9,1532
503,ANGEL BARCLAY,Japan,Ueda,2005-08-22,30.910000000000004,9,8,1532
580,ROSS GREY,Philippines,Iligan,2005-08-01,30.910000000000004,9,9,1532
592,TERRANCE ROUSH,Hungary,Szkesfehrvr,2005-07-31,30.910000000000004,9,9,1532
64,JUDITH COX,China,Daxian,2005-08-01,30.91,9,9,1541
115,WENDY HARRISON,Mexico,Nezahualcyotl,2005-08-02,30.91,9,9,1541
207,GERTRUDE CASTILLO,Greenland,Nuuk,2005-07-10,30.91,9,9,1541
224,PEARL GARZA,India,Jodhpur,2005-08-22,30.91,9,9,1541
370,WAYNE TRUONG,India,Gulbarga,2005-08-23,30.91,9,9,1541
457,BILL GAVIN,United States,Rockford,2005-06-20,30.91,9,9,1541
254,MAXINE SILVA,Brazil,Poos de Caldas,2005-08-21,30.909999999999997,9,9,1547
473,JORGE OLIVARES,Indonesia,Lhokseumawe,2005-08-23,30.90999999999999,9,9,1548
1,MARY SMITH,Japan,Sasebo,2005-08-02,30.90000000000001,10,10,1549
20,SHARON ROBINSON,Pakistan,Mardan,2005-08-23,30.900000000000006,10,10,1550
152,ALICIA MILLS,India,Nagaon,2005-08-21,30.900000000000006,10,10,1550
160,ERIN DUNN,Russian Federation,Ljubertsy,2005-08-02,30.9,10,10,1552
198,ELSIE KELLEY,Nigeria,Ikerre,2005-08-02,30.9,10,10,1552
209,TONYA CHAPMAN,India,Bhilwara,2005-08-23,29.95000000000001,5,5,1554
321,KEVIN SCHULER,Nepal,Birgunj,2005-08-20,29.95000000000001,5,5,1554
536,FERNANDO CHURCHILL,South Korea,Tonghae,2005-08-22,29.95000000000001,5,5,1554
1,MARY SMITH,Japan,Sasebo,2005-07-11,29.950000000000003,5,5,1557
50,DIANE COLLINS,Sudan,Omdurman,2005-07-10,29.950000000000003,5,5,1557
75,TAMMY SANDERS,Taiwan,Changhwa,2005-06-21,29.950000000000003,5,5,1557
170,BEATRICE ARNOLD,India,Udaipur,2005-08-01,29.950000000000003,5,5,1557
257,MARSHA DOUGLAS,Mozambique,Beira,2005-07-11,29.950000000000003,5,5,1557
459,TOMMY COLLAZO,Iran,Qomsheh,2005-07-28,29.950000000000003,5,5,1557
477,DAN PAINE,United Kingdom,Stockport,2005-07-29,29.950000000000003,5,5,1557
528,CLAUDE HERZOG,Angola,Benguela,2005-07-31,29.950000000000003,5,5,1557
542,LONNIE TIRADO,Indonesia,Pangkal Pinang,2005-07-12,29.950000000000003,5,5,1557
50,DIANE COLLINS,Sudan,Omdurman,2005-08-22,29.95,5,5,1566
403,MIKE WAY,India,Valparai,2005-06-20,29.95,5,4,1566
417,TRAVIS ESTEP,Saudi Arabia,al-Qatif,2005-07-11,29.95,5,5,1566
421,LEE HAWKS,India,Pudukkottai,2005-07-11,29.95,5,5,1566
480,COREY HAUSER,Turkey,Gaziantep,2005-07-30,29.95,5,5,1566
573,BYRON BOX,Kazakstan,Zhezqazghan,2005-07-31,29.95,5,5,1566
322,JASON MORRISSEY,Argentina,Baha Blanca,2005-08-23,29.949999999999996,5,5,1572
412,ALLEN BUTTERFIELD,India,Hoshiarpur,2005-08-23,29.949999999999996,5,5,1572
447,CLIFFORD BOWENS,Russian Federation,Nabereznyje Telny,2005-08-01,29.949999999999996,5,5,1572
512,CECIL VINES,United Kingdom,London,2005-08-21,29.949999999999996,5,5,1572
295,DAISY BATES,Russian Federation,Kolpino,2005-07-30,29.949999999999992,5,5,1576
346,ARTHUR SIMPKINS,Russian Federation,Maikop,2005-07-29,29.949999999999992,5,5,1576
371,BILLY POULIN,Philippines,Cabuyao,2005-08-19,29.94999999999999,5,5,1578
518,GABRIEL HARDER,Turkey,Sivas,2005-08-21,29.940000000000012,6,6,1579
529,ERIK GUILLEN,India,Bhimavaram,2005-08-01,29.940000000000012,6,6,1579
309,CHRISTOPHER GRECO,Italy,Brescia,2005-08-22,29.94000000000001,6,6,1581
22,LAURA RODRIGUEZ,Morocco,Sal,2005-08-21,29.940000000000005,6,6,1582
36,KATHLEEN ADAMS,Iran,Arak,2005-08-21,29.940000000000005,6,6,1582
70,CHRISTINA RAMIREZ,Saudi Arabia,al-Hawiya,2005-08-02,29.940000000000005,6,6,1582
96,DIANA ALEXANDER,United States,Augusta-Richmond County,2005-07-31,29.940000000000005,6,6,1582
101,PEGGY MYERS,Saudi Arabia,Abha,2005-07-31,29.940000000000005,6,6,1582
118,KIM CRUZ,United States,Grand Prairie,2005-07-30,29.940000000000005,6,6,1582
120,SYLVIA ORTIZ,Colombia,Dos Quebradas,2005-06-20,29.940000000000005,6,6,1582
175,ANNETTE OLSON,India,Allappuzha (Alleppey),2005-08-21,29.940000000000005,6,6,1582
242,GLENDA FRAZIER,China,Qinhuangdao,2005-06-20,29.940000000000005,6,6,1582
244,VIOLA HANSON,Philippines,Lapu-Lapu,2005-08-01,29.940000000000005,6,6,1582
253,TERRY CARLSON,Japan,Miyakonojo,2005-06-19,29.940000000000005,6,6,1582
265,JENNIE TERRY,Czech Republic,Olomouc,2005-07-10,29.940000000000005,6,6,1582
274,NAOMI JENNINGS,India,Karnal,2005-07-31,29.940000000000005,6,6,1582
329,FRANK WAGGONER,Bangladesh,Jamalpur,2005-08-22,29.940000000000005,6,6,1582
343,DOUGLAS GRAF,Mexico,Mexicali,2005-06-20,29.940000000000005,6,6,1582
360,RALPH MADRIGAL,Puerto Rico,Arecibo,2005-08-19,29.940000000000005,6,6,1582
438,BARRY LOVELACE,Zambia,Kitwe,2005-08-21,29.940000000000005,6,6,1582
453,CALVIN MARTEL,Venezuela,Maracabo,2005-07-12,29.940000000000005,6,6,1582
466,LEO EBERT,China,Dongying,2005-08-22,29.940000000000005,6,6,1582
527,CORY MEEHAN,Belarus,Mogiljov,2005-08-23,29.940000000000005,6,6,1582
539,MATHEW BOLIN,Venezuela,Valencia,2005-07-31,29.940000000000005,6,6,1582
570,IVAN CROMWELL,Mexico,Monclova,2005-06-18,29.940000000000005,6,6,1582
59,CHERYL MURPHY,India,Mysore,2005-07-09,29.94,6,6,1604
104,RITA GRAHAM,France,Toulon,2005-07-09,29.94,6,6,1604
162,LAUREN HUDSON,France,Le Mans,2005-07-31,29.94,6,6,1604
163,CATHY SPENCER,Japan,Kakamigahara,2005-06-20,29.94,6,6,1604
178,MARION SNYDER,Brazil,Santa Brbara dOeste,2005-07-11,29.94,6,6,1604
222,DELORES HANSEN,Russian Federation,Jaroslavl,2005-07-12,29.94,6,6,1604
236,MARCIA DEAN,Philippines,Tanza,2005-06-19,29.94,6,6,1604
269,CASSANDRA WALTERS,United States,Salinas,2005-08-21,29.94,6,6,1604
298,ERIKA PENA,Finland,Oulu,2005-08-02,29.94,6,6,1604
454,ALEX GRESHAM,Mexico,Uruapan,2005-08-20,29.94,6,6,1604
482,MAURICE CRAWLEY,Mexico,Coatzacoalcos,2005-07-10,29.94,6,6,1604
532,NEIL RENNER,Vietnam,Cam Ranh,2005-08-01,29.94,6,6,1604
553,MAX PITT,Yugoslavia,Novi Sad,2005-07-06,29.94,6,6,1604
559,EVERETT BANDA,Egypt,Bilbays,2005-08-21,29.94,6,6,1604
583,MARSHALL THORN,United Kingdom,Southampton,2005-06-21,29.94,6,6,1604
583,MARSHALL THORN,United Kingdom,Southampton,2005-07-09,29.94,6,6,1604
27,SHIRLEY ALLEN,Philippines,Davao,2005-08-01,29.939999999999998,6,6,1620
71,KATHY JAMES,Philippines,Baybay,2005-07-10,29.939999999999998,6,6,1620
260,CHRISTY VARGAS,China,Datong,2005-06-19,29.939999999999998,6,6,1620
270,LEAH CURTIS,Poland,Kalisz,2005-08-01,29.939999999999998,6,6,1620
276,BRANDY GRAVES,United States,Warren,2005-08-20,29.939999999999998,6,6,1620
311,PAUL TROUT,Russian Federation,Kursk,2005-08-23,29.939999999999998,6,6,1620
462,WARREN SHERROD,Russian Federation,Usolje-Sibirskoje,2005-07-12,29.939999999999998,6,6,1620
467,ALVIN DELOACH,Mexico,Cuauhtmoc,2005-07-28,29.939999999999998,6,6,1620
545,JULIO NOLAND,Ukraine,Konotop,2005-08-20,29.939999999999998,6,6,1620
144,CLARA SHAW,Belarus,Molodetno,2005-08-19,29.939999999999994,6,6,1629
285,MIRIAM MCKINNEY,Japan,Otsu,2005-08-22,29.939999999999994,6,6,1629
3,LINDA WILLIAMS,Greece,Athenai,2005-08-23,29.939999999999984,6,6,1631
52,JULIE SANCHEZ,Spain,A Corua (La Corua),2005-08-22,29.930000000000007,7,7,1632
99,EMILY DIAZ,South Korea,Kimchon,2005-08-02,29.930000000000007,7,7,1632
176,JUNE CARROLL,Algeria,Skikda,2005-07-30,29.930000000000007,7,7,1632
219,WILLIE HOWELL,Argentina,Vicente Lpez,2005-08-02,29.930000000000007,7,7,1632
221,BESSIE MORRISON,Italy,Syrakusa,2005-07-31,29.930000000000007,7,7,1632
256,MABEL HOLLAND,Myanmar,Monywa,2005-08-21,29.930000000000007,7,7,1632
257,MARSHA DOUGLAS,Mozambique,Beira,2005-08-19,29.930000000000007,7,7,1632
337,JERRY JORDON,Japan,Onomichi,2005-08-02,29.930000000000007,7,7,1632
368,HARRY ARCE,Iran,Najafabad,2005-07-12,29.930000000000007,7,7,1632
574,JULIAN VEST,Japan,Akishima,2005-08-01,29.930000000000007,7,7,1632
66,JANICE WARD,Sweden,Malm,2005-06-21,29.930000000000003,7,7,1642
66,JANICE WARD,Sweden,Malm,2005-07-10,29.930000000000003,7,7,1642
70,CHRISTINA RAMIREZ,Saudi Arabia,al-Hawiya,2005-08-22,29.930000000000003,7,7,1642
122,THELMA MURRAY,Peru,Lima,2005-07-11,29.930000000000003,7,6,1642
206,TERRI VASQUEZ,Brazil,Blumenau,2005-08-02,29.930000000000003,7,7,1642
212,WILMA RICHARDS,United States,Bellevue,2005-08-23,29.930000000000003,7,7,1642
213,GINA WILLIAMSON,Yemen,Taizz,2005-06-20,29.930000000000003,7,7,1642
297,SHERRI RHODES,India,Ahmadnagar,2005-08-20,29.930000000000003,7,7,1642
390,SHAWN HEATON,Thailand,Nakhon Sawan,2005-07-31,29.930000000000003,7,7,1642
33,ANNA HILL,Italy,Alessandria,2005-08-22,29.93,7,7,1651
41,STEPHANIE MITCHELL,Armenia,Yerevan,2005-07-28,29.93,7,7,1651
216,NATALIE MEYER,Brazil,Aparecida de Goinia,2005-08-23,29.93,7,7,1651
233,LILLIE KIM,Egypt,Idfu,2005-08-01,29.93,7,7,1651
263,HILDA HOPKINS,Philippines,Mandaluyong,2005-08-02,29.93,7,7,1651
271,PENNY NEAL,India,Kumbakonam,2005-08-02,29.93,7,7,1651
320,ANTHONY SCHWAB,American Samoa,Tafuna,2005-07-29,29.93,7,7,1651
366,BRANDON HUEY,Turkey,Balikesir,2005-07-11,29.93,7,7,1651
387,JESSE SCHILLING,"Congo, The Democratic Republic of the",Lubumbashi,2005-08-20,29.93,7,7,1651
517,BRAD MCCURDY,Taiwan,Chungho,2005-07-09,29.93,7,7,1651
589,TRACY HERRMANN,Ecuador,Loja,2005-08-01,29.93,7,7,1651
590,SETH HANNON,Bahrain,al-Manama,2005-08-01,29.93,7,7,1651
597,FREDDIE DUGGAN,Peru,Sullana,2005-08-23,29.93,7,7,1651
92,TINA SIMMONS,Brazil,Goinia,2005-08-02,29.929999999999996,7,7,1664
287,BECKY MILES,India,Tambaram,2005-08-01,29.929999999999996,7,7,1664
304,DAVID ROYAL,Peru,Callao,2005-07-11,29.929999999999996,7,7,1664
319,RONALD WEINER,Mexico,San Felipe del Progreso,2005-08-20,29.929999999999993,7,7,1667
446,THEODORE CULP,India,Uluberia,2005-07-29,29.929999999999993,7,7,1667
108,TRACY COLE,Mexico,Huixquilucan,2005-07-10,29.920000000000005,8,8,1669
151,MEGAN PALMER,China,Laiwu,2005-08-23,29.920000000000005,8,8,1669
229,TAMARA NGUYEN,Brazil,Anpolis,2005-07-12,29.920000000000005,8,8,1669
443,FRANCISCO SKIDMORE,Brazil,So Leopoldo,2005-08-23,29.920000000000005,8,8,1669
31,BRENDA WRIGHT,India,Kamarhati,2005-06-19,29.92,8,8,1673
69,JUDY GRAY,Algeria,Bchar,2005-08-21,29.92,8,8,1673
99,EMILY DIAZ,South Korea,Kimchon,2005-07-10,29.92,8,8,1673
115,WENDY HARRISON,Mexico,Nezahualcyotl,2005-08-01,29.92,8,8,1673
193,KATIE ELLIOTT,Kenya,Kisumu,2005-08-22,29.92,8,8,1673
202,CARLA GUTIERREZ,India,Bhusawal,2005-07-31,29.92,8,8,1673
207,GERTRUDE CASTILLO,Greenland,Nuuk,2005-07-09,29.92,8,8,1673
230,JOY GEORGE,Romania,Botosani,2005-08-21,29.92,8,8,1673
373,LOUIS LEONE,Philippines,Tanauan,2005-07-30,29.92,8,8,1673
386,TODD TAN,Ukraine,Kamjanets-Podilskyi,2005-08-02,29.92,8,8,1673
400,BRYAN HARDISON,United States,Dallas,2005-08-01,29.92,8,8,1673
467,ALVIN DELOACH,Mexico,Cuauhtmoc,2005-08-22,29.92,8,8,1673
290,KRISTINA CHAMBERS,Venezuela,Valle de la Pascua,2005-08-01,29.919999999999998,8,8,1685
348,ROGER QUINTANILLA,Taiwan,Hsichuh,2005-08-20,29.919999999999995,8,8,1686
403,MIKE WAY,India,Valparai,2005-08-22,29.919999999999987,8,8,1687
66,JANICE WARD,Sweden,Malm,2005-08-22,29.910000000000004,9,9,1688
241,HEIDI LARSON,China,Xiangfan,2005-07-11,29.910000000000004,9,9,1688
362,NICHOLAS BARFIELD,Brazil,Belm,2005-07-31,29.910000000000004,9,9,1688
385,PHILLIP HOLM,Japan,Tama,2005-08-01,29.910000000000004,9,9,1688
393,PHILIP CAUSEY,Russian Federation,Korolev,2005-08-22,29.910000000000004,9,9,1688
488,SHANE MILLARD,Mexico,La Paz,2005-08-01,29.910000000000004,9,9,1688
569,DAVE GARDINER,China,Leshan,2005-08-02,29.910000000000004,9,9,1688
30,MELISSA KING,Taiwan,Lungtan,2005-08-23,29.900000000000002,10,10,1695
283,FELICIA SUTTON,China,Korla,2005-07-11,29.900000000000002,10,10,1695
221,BESSIE MORRISON,Italy,Syrakusa,2005-07-10,28.95000000000001,5,5,1697
421,LEE HAWKS,India,Pudukkottai,2005-08-21,28.95000000000001,5,5,1697
7,MARIA MILLER,Yugoslavia,Kragujevac,2005-07-09,28.950000000000003,5,5,1699
25,DEBORAH WALKER,Pakistan,Shikarpur,2005-06-20,28.950000000000003,5,5,1699
48,ANN EVANS,Russian Federation,Niznekamsk,2005-08-01,28.950000000000003,5,5,1699
82,KATHRYN COLEMAN,Ukraine,Simferopol,2005-07-12,28.950000000000003,5,5,1699
137,RHONDA KENNEDY,Netherlands,Apeldoorn,2005-07-08,28.950000000000003,5,5,1699
143,LESLIE GORDON,Turkey,Kilis,2005-07-11,28.950000000000003,5,5,1699
144,CLARA SHAW,Belarus,Molodetno,2005-07-09,28.950000000000003,5,5,1699
149,VALERIE BLACK,United States,Brockton,2005-08-01,28.950000000000003,5,5,1699
160,ERIN DUNN,Russian Federation,Ljubertsy,2005-08-19,28.950000000000003,5,5,1699
222,DELORES HANSEN,Russian Federation,Jaroslavl,2005-07-11,28.950000000000003,5,5,1699
225,ARLENE HARVEY,India,Ambattur,2005-07-09,28.950000000000003,5,5,1699
239,MINNIE ROMERO,Indonesia,Ciomas,2005-05-31,28.950000000000003,5,5,1699
240,MARLENE WELCH,Japan,Iwaki,2005-07-28,28.950000000000003,5,5,1699
293,MAE FLETCHER,Spain,Donostia-San Sebastin,2005-06-20,28.950000000000003,5,5,1699
345,CARL ARTIS,Paraguay,San Lorenzo,2005-08-23,28.950000000000003,5,5,1699
400,BRYAN HARDISON,United States,Dallas,2005-07-12,28.950000000000003,5,5,1699
406,NATHAN RUNYON,"Virgin Islands, U.S.",Charlotte Amalie,2005-07-28,28.950000000000003,5,5,1699
407,DALE RATCLIFF,South Africa,Rustenburg,2005-07-28,28.950000000000003,5,5,1699
511,CHESTER BENNER,China,Suihua,2005-08-22,28.950000000000003,5,5,1699
526,KARL SEAL,United States,Cape Coral,2005-08-19,28.950000000000003,5,5,1699
532,NEIL RENNER,Vietnam,Cam Ranh,2005-08-19,28.950000000000003,5,5,1699
583,MARSHALL THORN,United Kingdom,Southampton,2005-06-20,28.950000000000003,5,5,1699
13,KAREN JACKSON,Turkey,Osmaniye,2005-07-30,28.95,5,5,1721
179,DANA HART,Russian Federation,Kirovo-Tepetsk,2005-07-29,28.95,5,5,1721
218,VERA MCCOY,Afghanistan,Kabul,2005-07-31,28.95,5,5,1721
280,TRACEY BARRETT,Nigeria,Owo,2005-08-19,28.95,5,5,1721
448,MIGUEL BETANCOURT,Germany,Erlangen,2005-08-19,28.95,5,5,1721
466,LEO EBERT,China,Dongying,2005-06-21,28.95,5,5,1721
505,RAFAEL ABNEY,Philippines,Talavera,2005-07-12,28.95,5,5,1721
10,DOROTHY TAYLOR,Iran,Esfahan,2005-08-01,28.949999999999996,5,5,1728
285,MIRIAM MCKINNEY,Japan,Otsu,2005-08-19,28.949999999999996,5,5,1728
242,GLENDA FRAZIER,China,Qinhuangdao,2005-08-19,28.94999999999999,5,5,1730
469,WESLEY BULL,Spain,Ourense (Orense),2005-07-29,28.940000000000012,6,6,1731
221,BESSIE MORRISON,Italy,Syrakusa,2005-07-30,28.94000000000001,6,6,1732
284,SONIA GREGORY,Nigeria,Benin City,2005-08-22,28.94000000000001,6,6,1732
66,JANICE WARD,Sweden,Malm,2005-07-08,28.940000000000005,6,6,1734
70,CHRISTINA RAMIREZ,Saudi Arabia,al-Hawiya,2005-08-20,28.940000000000005,6,6,1734
103,GLADYS HAMILTON,Nigeria,Ilorin,2005-07-08,28.940000000000005,6,6,1734
200,JEANNE LAWSON,Turkmenistan,Ashgabat,2005-08-02,28.940000000000005,6,6,1734
245,COURTNEY DAY,South Korea,Uijongbu,2005-05-30,28.940000000000005,6,6,1734
247,STELLA MORENO,Mexico,Coacalco de Berriozbal,2005-08-20,28.940000000000005,6,6,1734
308,THOMAS GRIGSBY,United States,Kansas City,2005-08-20,28.940000000000005,6,6,1734
402,LUIS YANEZ,France,Brest,2005-07-09,28.940000000000005,6,6,1734
404,STANLEY SCROGGINS,Japan,Omiya,2005-07-10,28.940000000000005,6,6,1734
440,BERNARD COLBY,India,Dhule (Dhulia),2005-07-31,28.940000000000005,6,6,1734
502,BRETT CORNWELL,India,Siliguri (Shiliguri),2005-08-23,28.940000000000005,6,6,1734
540,TYRONE ASHER,Bulgaria,Ruse,2005-08-23,28.940000000000005,6,6,1734
4,BARBARA JONES,Myanmar,Myingyan,2005-08-20,28.94,6,6,1746
57,EVELYN MORGAN,Liechtenstein,Vaduz,2005-08-23,28.94,6,6,1746
141,DEBBIE REYES,Japan,Fukuyama,2005-07-31,28.94,6,6,1746
179,DANA HART,Russian Federation,Kirovo-Tepetsk,2005-07-12,28.94,6,6,1746
223,MELINDA FERNANDEZ,Pakistan,Mandi Bahauddin,2005-08-23,28.94,6,6,1746
262,PATSY DAVIDSON,Ecuador,Portoviejo,2005-08-22,28.94,6,6,1746
334,RAYMOND MCWHORTER,Azerbaijan,Sumqayit,2005-07-10,28.94,6,6,1746
338,DENNIS GILMAN,South Africa,Paarl,2005-06-18,28.94,6,6,1746
415,GLENN PULLEN,Netherlands,Amersfoort,2005-08-23,28.94,6,6,1746
428,HERBERT KRUGER,Russian Federation,Syktyvkar,2005-07-31,28.94,6,6,1746
456,RONNIE RICKETTS,Senegal,Ziguinchor,2005-08-21,28.94,6,6,1746
513,DUANE TUBBS,Nauru,Yangor,2005-08-20,28.94,6,6,1746
78,LORI WOOD,India,Rae Bareli,2005-07-30,28.939999999999998,6,6,1758
86,JACQUELINE LONG,Thailand,Songkhla,2005-07-10,28.939999999999998,6,6,1758
89,JULIA FLORES,Argentina,La Plata,2005-07-09,28.939999999999998,6,6,1758
139,AMBER DIXON,Taiwan,Touliu,2005-07-10,28.939999999999998,6,6,1758
149,VALERIE BLACK,United States,Brockton,2005-07-09,28.939999999999998,6,6,1758
304,DAVID ROYAL,Peru,Callao,2005-07-10,28.939999999999998,6,6,1758
305,RICHARD MCCRARY,United States,Arlington,2005-08-02,28.939999999999998,6,6,1758
403,MIKE WAY,India,Valparai,2005-07-11,28.939999999999998,6,6,1758
480,COREY HAUSER,Turkey,Gaziantep,2005-08-23,28.939999999999998,6,6,1758
516,ELMER NOE,Cambodia,Battambang,2005-07-30,28.939999999999998,6,6,1758
522,ARNOLD HAVENS,Philippines,Santa Rosa,2005-08-23,28.939999999999998,6,6,1758
552,HUGH WALDROP,China,Haining,2005-07-30,28.939999999999998,6,6,1758
554,DWAYNE OLVERA,India,Rajkot,2005-08-20,28.939999999999998,6,6,1758
559,EVERETT BANDA,Egypt,Bilbays,2005-07-12,28.939999999999998,6,6,1758
562,WALLACE SLONE,Nigeria,Sokoto,2005-08-22,28.939999999999998,6,6,1758
567,ALFREDO MCADAMS,Russian Federation,Serpuhov,2005-08-23,28.939999999999998,6,6,1758
87,WANDA PATTERSON,Colombia,Sincelejo,2005-08-20,28.93999999999999,6,6,1774
125,ETHEL WEBB,South Africa,Boksburg,2005-08-21,28.930000000000014,7,7,1775
566,CASEY MENA,Turkey,Tokat,2005-08-21,28.93000000000001,7,7,1776
21,MICHELLE CLARK,Bangladesh,Tangail,2005-08-19,28.930000000000007,7,7,1777
179,DANA HART,Russian Federation,Kirovo-Tepetsk,2005-08-23,28.930000000000007,7,7,1777
201,VICKI FIELDS,Germany,Witten,2005-08-22,28.930000000000007,7,7,1777
328,JEFFREY SPEAR,Indonesia,Ciparay,2005-08-21,28.930000000000007,7,7,1777
443,FRANCISCO SKIDMORE,Brazil,So Leopoldo,2005-08-22,28.930000000000007,7,7,1777
518,GABRIEL HARDER,Turkey,Sivas,2005-07-28,28.930000000000007,7,7,1777
167,SALLY PIERCE,India,Chandrapur,2005-08-22,28.930000000000003,7,7,1783
208,LUCY WHEELER,India,Balurghat,2005-07-12,28.930000000000003,7,7,1783
317,EDWARD BAUGH,Faroe Islands,Trshavn,2005-08-21,28.930000000000003,7,7,1783
352,ALBERT CROUSE,Cameroon,Bamenda,2005-08-22,28.930000000000003,7,7,1783
360,RALPH MADRIGAL,Puerto Rico,Arecibo,2005-07-12,28.930000000000003,7,7,1783
434,EDDIE TOMLIN,Philippines,Ozamis,2005-06-20,28.930000000000003,7,7,1783
439,ALEXANDER FENNELL,Italy,Bergamo,2005-07-12,28.930000000000003,7,7,1783
538,TED BREAUX,China,Baicheng,2005-07-11,28.930000000000003,7,7,1783
30,MELISSA KING,Taiwan,Lungtan,2005-07-30,28.93,7,7,1791
40,AMANDA CARTER,Morocco,Nador,2005-07-31,28.93,7,7,1791
96,DIANA ALEXANDER,United States,Augusta-Richmond County,2005-08-21,28.93,7,7,1791
107,FLORENCE WOODS,Argentina,Merlo,2005-07-12,28.93,7,7,1791
180,STACY CUNNINGHAM,Colombia,Pereira,2005-08-22,28.93,7,7,1791
220,CHARLENE ALVAREZ,Tanzania,Zanzibar,2005-08-20,28.93,7,7,1791
277,OLGA JIMENEZ,Nigeria,Ogbomosho,2005-06-21,28.93,7,7,1791
312,MARK RINEHART,Saudi Arabia,Tabuk,2005-08-23,28.93,7,7,1791
339,WALTER PERRYMAN,China,Xinxiang,2005-08-02,28.93,7,7,1791
347,RYAN SALISBURY,Latvia,Daugavpils,2005-07-30,28.93,7,7,1791
382,VICTOR BARKLEY,United States,Manchester,2005-08-01,28.93,7,7,1791
455,JON WILES,Bolivia,El Alto,2005-08-21,28.93,7,7,1791
506,LESLIE SEWARD,Indonesia,Pontianak,2005-05-31,28.93,7,7,1791
535,JAVIER ELROD,Chad,NDjamna,2005-08-18,28.93,7,7,1791
565,JAIME NETTLES,Peru,Hunuco,2005-08-19,28.93,7,7,1791
572,SIDNEY BURLESON,Poland,Czestochowa,2005-07-31,28.93,7,7,1791
581,VIRGIL WOFFORD,Mexico,Jos Azueta,2005-07-08,28.93,7,7,1791
29,ANGELA HERNANDEZ,Japan,Shimonoseki,2005-08-19,28.929999999999996,7,7,1808
289,VIOLET RODRIQUEZ,Hong Kong,Kowloon and New Kowloon,2005-08-19,28.929999999999996,7,7,1808
338,DENNIS GILMAN,South Africa,Paarl,2005-08-22,28.929999999999996,7,7,1808
366,BRANDON HUEY,Turkey,Balikesir,2005-07-29,28.929999999999996,7,7,1808
537,CLINTON BUFORD,United States,Aurora,2005-08-23,28.929999999999993,7,7,1812
132,ESTHER CRAWFORD,South Africa,Botshabelo,2005-08-02,28.92000000000001,8,7,1813
208,LUCY WHEELER,India,Balurghat,2005-08-01,28.920000000000005,8,8,1814
391,CLARENCE GAMEZ,Japan,Izumisano,2005-08-02,28.920000000000005,8,8,1814
415,GLENN PULLEN,Netherlands,Amersfoort,2005-08-01,28.920000000000005,8,8,1814
442,LEROY BUSTAMANTE,China,Tongliao,2005-07-31,28.920000000000005,8,8,1814
8,SUSAN WILSON,New Zealand,Hamilton,2005-07-11,28.92,8,7,1818
151,MEGAN PALMER,China,Laiwu,2005-08-01,28.92,8,8,1818
323,MATTHEW MAHAN,Mexico,Cuautla,2005-07-30,28.92,8,8,1818
327,LARRY THRASHER,Turkey,Adana,2005-08-22,28.92,8,8,1818
439,ALEXANDER FENNELL,Italy,Bergamo,2005-08-02,28.92,8,8,1818
525,ADRIAN CLARY,Italy,Udine,2005-08-02,28.92,8,7,1818
169,ERICA MATTHEWS,China,Pingxiang,2005-08-23,28.919999999999998,8,8,1824
239,MINNIE ROMERO,Indonesia,Ciomas,2005-08-20,28.919999999999998,8,8,1824
350,JUAN FRALEY,Russian Federation,Teboksary,2005-08-23,28.919999999999998,8,8,1824
447,CLIFFORD BOWENS,Russian Federation,Nabereznyje Telny,2005-08-23,28.919999999999995,8,8,1827
91,LOIS BUTLER,Brunei,Bandar Seri Begawan,2005-08-23,28.910000000000007,9,9,1828
115,WENDY HARRISON,Mexico,Nezahualcyotl,2005-07-12,28.910000000000004,9,9,1829
204,ROSEMARY SCHMIDT,Turkey,Usak,2005-07-12,28.910000000000004,9,9,1829
280,TRACEY BARRETT,Nigeria,Owo,2005-07-30,28.910000000000004,9,9,1829
329,FRANK WAGGONER,Bangladesh,Jamalpur,2005-06-21,28.910000000000004,9,9,1829
330,SCOTT SHELLEY,United States,Aurora,2005-07-12,28.910000000000004,9,9,1829
474,DUSTIN GILLETTE,Netherlands,Emmen,2005-07-12,28.909999999999997,9,9,1834
342,HAROLD MARTINO,Brazil,Boa Vista,2005-08-02,28.900000000000002,10,10,1835
507,EDGAR RHOADS,Turkey,Eskisehir,2005-07-12,28.9,10,10,1836
559,EVERETT BANDA,Egypt,Bilbays,2005-08-02,28.899999999999995,10,10,1837
72,THERESA WATSON,Philippines,Taguig,2005-08-20,28.89,11,11,1838
469,WESLEY BULL,Spain,Ourense (Orense),2005-07-28,27.950000000000014,5,5,1839
240,MARLENE WELCH,Japan,Iwaki,2005-08-20,27.95000000000001,5,5,1840
300,JOHN FARNSWORTH,India,Parbhani,2005-07-29,27.95000000000001,5,5,1840
58,JEAN BELL,Malaysia,Kuching,2005-08-20,27.950000000000006,5,5,1842
23,SARAH LEWIS,Latvia,Liepaja,2005-07-30,27.950000000000003,5,5,1843
86,JACQUELINE LONG,Thailand,Songkhla,2005-07-30,27.950000000000003,5,5,1843
104,RITA GRAHAM,France,Toulon,2005-07-08,27.950000000000003,5,5,1843
122,THELMA MURRAY,Peru,Lima,2005-07-09,27.950000000000003,5,5,1843
155,GAIL KNIGHT,Switzerland,Bern,2005-06-21,27.950000000000003,5,5,1843
237,TANYA GILBERT,South Korea,Naju,2005-08-20,27.950000000000003,5,5,1843
246,MARIAN MENDOZA,Brazil,Maring,2005-08-23,27.950000000000003,5,5,1843
324,GARY COY,China,Yuzhou,2005-07-31,27.950000000000003,5,5,1843
349,JOE GILLILAND,Philippines,Imus,2005-08-21,27.950000000000003,5,5,1843
415,GLENN PULLEN,Netherlands,Amersfoort,2005-08-22,27.950000000000003,5,5,1843
418,JEFF EAST,Dominican Republic,San Felipe de Puerto Plata,2005-07-31,27.950000000000003,5,5,1843
423,ALFRED CASILLAS,Egypt,Sawhaj,2005-06-20,27.950000000000003,5,5,1843
470,GORDON ALLARD,Yemen,Hodeida,2005-07-08,27.950000000000003,5,5,1843
470,GORDON ALLARD,Yemen,Hodeida,2005-08-18,27.950000000000003,5,5,1843
490,SAM MCDUFFIE,Colombia,Sogamoso,2005-08-02,27.950000000000003,5,5,1843
515,ANDRE RAPP,Chile,Coquimbo,2005-08-18,27.950000000000003,5,5,1843
522,ARNOLD HAVENS,Philippines,Santa Rosa,2005-07-09,27.950000000000003,5,5,1843
524,JARED ELY,Indonesia,Purwakarta,2005-07-12,27.950000000000003,5,5,1843
533,JESSIE MILAM,China,Binzhou,2005-07-12,27.950000000000003,5,5,1843
558,JIMMIE EGGLESTON,Poland,Wroclaw,2005-06-21,27.950000000000003,5,5,1843
562,WALLACE SLONE,Nigeria,Sokoto,2005-07-12,27.950000000000003,5,5,1843
577,CLIFTON MALCOLM,Taiwan,Tanshui,2005-07-28,27.950000000000003,5,5,1843
585,PERRY SWAFFORD,Argentina,Quilmes,2005-07-10,27.950000000000003,5,5,1843
592,TERRANCE ROUSH,Hungary,Szkesfehrvr,2005-07-07,27.950000000000003,5,5,1843
312,MARK RINEHART,Saudi Arabia,Tabuk,2005-07-30,27.95,5,5,1867
460,LEON BOSTIC,Colombia,Florencia,2005-07-12,27.95,5,5,1867
533,JESSIE MILAM,China,Binzhou,2005-08-18,27.95,5,5,1867
35,VIRGINIA GREEN,France,Toulouse,2005-07-31,27.949999999999996,5,5,1870
273,PRISCILLA LOWE,Mexico,Salamanca,2005-07-10,27.949999999999996,5,5,1870
506,LESLIE SEWARD,Indonesia,Pontianak,2005-06-19,27.949999999999996,5,5,1870
506,LESLIE SEWARD,Indonesia,Pontianak,2005-07-12,27.949999999999996,5,5,1870
509,RAUL FORTIER,India,Chapra,2005-08-01,27.949999999999996,5,5,1870
584,SALVADOR TEEL,Gambia,Banjul,2005-08-19,27.949999999999996,5,5,1870
416,JEFFERY PINSON,Pakistan,Dadu,2005-08-22,27.949999999999992,5,5,1876
284,SONIA GREGORY,Nigeria,Benin City,2005-07-31,27.94000000000001,6,6,1877
37,PAMELA BAKER,China,Nanyang,2005-08-20,27.940000000000005,6,6,1878
46,CATHERINE CAMPBELL,Russian Federation,Moscow,2005-06-21,27.940000000000005,6,6,1878
133,PAULINE HENRY,Mexico,Torren,2005-07-11,27.940000000000005,6,6,1878
137,RHONDA KENNEDY,Netherlands,Apeldoorn,2005-08-21,27.940000000000005,6,6,1878
161,GERALDINE PERKINS,Israel,Tel Aviv-Jaffa,2005-07-12,27.940000000000005,6,6,1878
170,BEATRICE ARNOLD,India,Udaipur,2005-08-21,27.940000000000005,6,6,1878
184,VIVIAN RUIZ,Netherlands,s-Hertogenbosch,2005-08-19,27.940000000000005,6,6,1878
202,CARLA GUTIERREZ,India,Bhusawal,2005-08-22,27.940000000000005,6,6,1878
219,WILLIE HOWELL,Argentina,Vicente Lpez,2005-07-10,27.940000000000005,6,6,1878
233,LILLIE KIM,Egypt,Idfu,2005-07-11,27.940000000000005,6,6,1878
247,STELLA MORENO,Mexico,Coacalco de Berriozbal,2005-07-10,27.940000000000005,6,6,1878
302,MICHAEL SILVERMAN,China,Tiefa,2005-08-21,27.940000000000005,6,6,1878
309,CHRISTOPHER GRECO,Italy,Brescia,2005-07-29,27.940000000000005,6,6,1878
310,DANIEL CABRAL,Brazil,Ibirit,2005-06-19,27.940000000000005,6,6,1878
352,ALBERT CROUSE,Cameroon,Bamenda,2005-08-21,27.940000000000005,6,6,1878
360,RALPH MADRIGAL,Puerto Rico,Arecibo,2005-07-29,27.940000000000005,6,6,1878
383,MARTIN BALES,Angola,Namibe,2005-06-20,27.940000000000005,6,6,1878
394,CHRIS BROTHERS,Spain,Gijn,2005-07-10,27.940000000000005,6,6,1878
486,GLEN TALBERT,Mexico,Acua,2005-08-02,27.940000000000005,6,6,1878
491,RICK MATTOX,Egypt,Mit Ghamr,2005-06-20,27.940000000000005,6,6,1878
503,ANGEL BARCLAY,Japan,Ueda,2005-07-12,27.940000000000005,6,6,1878
1,MARY SMITH,Japan,Sasebo,2005-06-18,27.94,6,6,1899
46,CATHERINE CAMPBELL,Russian Federation,Moscow,2005-06-20,27.94,6,6,1899
118,KIM CRUZ,United States,Grand Prairie,2005-08-23,27.94,6,6,1899
200,JEANNE LAWSON,Turkmenistan,Ashgabat,2005-06-19,27.94,6,6,1899
269,CASSANDRA WALTERS,United States,Salinas,2005-08-02,27.94,6,6,1899
331,ERIC ROBERT,Argentina,Santa F,2005-08-02,27.94,6,6,1899
369,FRED WHEAT,Mexico,Jurez,2005-07-10,27.94,6,6,1899
376,RANDY GAITHER,Russian Federation,Kurgan,2005-07-08,27.94,6,6,1899
377,HOWARD FORTNER,Iran,Kermanshah,2005-07-31,27.94,6,6,1899
433,DON BONE,Mozambique,Naala-Porto,2005-07-30,27.94,6,6,1899
460,LEON BOSTIC,Colombia,Florencia,2005-08-19,27.94,6,6,1899
531,JAMIE WAUGH,Japan,Kuwana,2005-07-12,27.94,6,6,1899
30,MELISSA KING,Taiwan,Lungtan,2005-07-09,27.939999999999998,6,6,1911
32,AMY LOPEZ,India,Jhansi,2005-07-30,27.939999999999998,6,6,1911
113,CINDY FISHER,Venezuela,Cuman,2005-06-20,27.939999999999998,6,6,1911
142,APRIL BURNS,United Kingdom,Dundee,2005-07-30,27.939999999999998,6,6,1911
154,MICHELE GRANT,China,Yuncheng,2005-07-30,27.939999999999998,6,6,1911
178,MARION SNYDER,Brazil,Santa Brbara dOeste,2005-06-18,27.939999999999998,6,6,1911
213,GINA WILLIAMSON,Yemen,Taizz,2005-07-12,27.939999999999998,6,6,1911
231,GEORGIA JACOBS,India,Uttarpara-Kotrung,2005-08-20,27.939999999999998,6,6,1911
264,GWENDOLYN MAY,Japan,Higashiosaka,2005-08-01,27.939999999999998,6,6,1911
336,JOSHUA MARK,India,Rampur,2005-07-31,27.939999999999998,6,6,1911
348,ROGER QUINTANILLA,Taiwan,Hsichuh,2005-07-29,27.939999999999998,6,6,1911
398,ANTONIO MEEK,Brazil,Bag,2005-07-31,27.939999999999998,6,6,1911
404,STANLEY SCROGGINS,Japan,Omiya,2005-07-31,27.939999999999998,6,6,1911
495,CHARLIE BESS,China,Baiyin,2005-07-30,27.939999999999998,6,6,1911
594,EDUARDO HIATT,China,Jining,2005-07-12,27.939999999999998,6,6,1911
47,FRANCES PARKER,Brazil,Juazeiro do Norte,2005-08-02,27.939999999999994,6,6,1926
181,ANA BRADLEY,United States,Memphis,2005-08-19,27.930000000000017,7,7,1927
132,ESTHER CRAWFORD,South Africa,Botshabelo,2005-08-01,27.93000000000001,7,6,1928
241,HEIDI LARSON,China,Xiangfan,2005-08-22,27.93000000000001,7,7,1928
24,KIMBERLY LEE,Argentina,Crdoba,2005-08-22,27.930000000000007,7,7,1930
25,DEBORAH WALKER,Pakistan,Shikarpur,2005-08-01,27.930000000000007,7,7,1930
154,MICHELE GRANT,China,Yuncheng,2005-08-23,27.930000000000007,7,7,1930
191,JEANETTE GREENE,Russian Federation,Novoterkassk,2005-08-01,27.930000000000007,7,7,1930
236,MARCIA DEAN,Philippines,Tanza,2005-07-29,27.930000000000007,7,7,1930
391,CLARENCE GAMEZ,Japan,Izumisano,2005-07-12,27.930000000000007,7,7,1930
488,SHANE MILLARD,Mexico,La Paz,2005-08-23,27.930000000000007,7,7,1930
526,KARL SEAL,United States,Cape Coral,2005-06-19,27.930000000000007,7,7,1930
62,JOAN COOPER,United States,Saint Louis,2005-08-23,27.930000000000003,7,7,1938
229,TAMARA NGUYEN,Brazil,Anpolis,2005-08-23,27.930000000000003,7,7,1938
234,CLAUDIA FULLER,Kuwait,Jalib al-Shuyukh,2005-08-22,27.930000000000003,7,6,1938
329,FRANK WAGGONER,Bangladesh,Jamalpur,2005-07-30,27.930000000000003,7,7,1938
397,JIMMY SCHRADER,Russian Federation,Atinsk,2005-07-11,27.930000000000003,7,7,1938
400,BRYAN HARDISON,United States,Dallas,2005-08-23,27.930000000000003,7,7,1938
411,NORMAN CURRIER,Indonesia,Cianjur,2005-08-23,27.930000000000003,7,7,1938
421,LEE HAWKS,India,Pudukkottai,2005-07-31,27.930000000000003,7,7,1938
497,GILBERT SLEDGE,United Kingdom,York,2005-07-09,27.930000000000003,7,7,1938
512,CECIL VINES,United Kingdom,London,2005-08-01,27.930000000000003,7,7,1938
82,KATHRYN COLEMAN,Ukraine,Simferopol,2005-08-23,27.93,7,7,1948
98,LILLIAN GRIFFIN,United Arab Emirates,al-Ayn,2005-07-31,27.93,7,7,1948
109,EDNA WEST,South Africa,Klerksdorp,2005-05-31,27.93,7,7,1948
120,SYLVIA ORTIZ,Colombia,Dos Quebradas,2005-08-01,27.93,7,7,1948
123,SHANNON FREEMAN,India,Varanasi (Benares),2005-08-23,27.93,7,7,1948
161,GERALDINE PERKINS,Israel,Tel Aviv-Jaffa,2005-08-22,27.93,7,7,1948
188,MELANIE ARMSTRONG,Philippines,Bayugan,2005-08-01,27.93,7,7,1948
198,ELSIE KELLEY,Nigeria,Ikerre,2005-08-18,27.93,7,7,1948
214,KRISTIN JOHNSTON,United States,Sunnyvale,2005-08-20,27.93,7,7,1948
239,MINNIE ROMERO,Indonesia,Ciomas,2005-08-01,27.93,7,7,1948
290,KRISTINA CHAMBERS,Venezuela,Valle de la Pascua,2005-07-31,27.93,7,7,1948
325,TIMOTHY BUNN,Brazil,Braslia,2005-08-01,27.93,7,7,1948
417,TRAVIS ESTEP,Saudi Arabia,al-Qatif,2005-08-21,27.93,7,7,1948
422,MELVIN ELLINGTON,China,Laohekou,2005-08-20,27.93,7,7,1948
481,HERMAN DEVORE,Tanzania,Mwanza,2005-08-20,27.93,7,7,1948
546,KELLY KNOTT,China,Sanya,2005-07-12,27.93,7,7,1948
576,MORRIS MCCARTER,Taiwan,Fengshan,2005-08-23,27.93,7,7,1948
599,AUSTIN CINTRON,China,Tieli,2005-08-23,27.93,7,7,1948
84,SARA PERRY,Mexico,Atlixco,2005-08-22,27.929999999999996,7,7,1966
89,JULIA FLORES,Argentina,La Plata,2005-07-30,27.929999999999996,7,7,1966
228,ALLISON STANLEY,Cambodia,Phnom Penh,2005-07-08,27.929999999999996,7,7,1966
338,DENNIS GILMAN,South Africa,Paarl,2005-07-11,27.929999999999996,7,7,1966
145,LUCILLE HOLMES,South Africa,Soshanguve,2005-08-19,27.929999999999993,7,7,1970
289,VIOLET RODRIQUEZ,Hong Kong,Kowloon and New Kowloon,2005-07-11,27.929999999999993,7,7,1970
227,COLLEEN BURTON,Germany,Saarbrcken,2005-08-02,27.92000000000001,8,8,1972
323,MATTHEW MAHAN,Mexico,Cuautla,2005-08-23,27.920000000000005,8,8,1973
364,BENJAMIN VARNEY,Mexico,Guadalajara,2005-08-22,27.920000000000005,8,8,1973
366,BRANDON HUEY,Turkey,Balikesir,2005-08-21,27.920000000000005,8,8,1973
463,DARRELL POWER,Canada,Halifax,2005-08-01,27.920000000000005,8,8,1973
588,MARION OCAMPO,China,Weifang,2005-07-30,27.920000000000005,8,8,1973
32,AMY LOPEZ,India,Jhansi,2005-07-11,27.92,8,8,1978
36,KATHLEEN ADAMS,Iran,Arak,2005-07-31,27.92,8,7,1978
43,CHRISTINE ROBERTS,French Polynesia,Faaa,2005-07-12,27.92,8,8,1978
51,ALICE STEWART,United States,Fontana,2005-08-20,27.92,8,8,1978
63,ASHLEY RICHARDSON,United States,Lincoln,2005-08-01,27.92,8,8,1978
64,JUDITH COX,China,Daxian,2005-07-09,27.92,8,8,1978
86,JACQUELINE LONG,Thailand,Songkhla,2005-08-22,27.92,8,8,1978
105,DAWN SULLIVAN,Tuvalu,Funafuti,2005-08-23,27.92,8,8,1978
156,BERTHA FERGUSON,Nigeria,Ondo,2005-08-22,27.92,8,8,1978
290,KRISTINA CHAMBERS,Venezuela,Valle de la Pascua,2005-08-02,27.92,8,8,1978
335,GREGORY MAULDIN,Tunisia,Sousse,2005-07-10,27.92,8,8,1978
380,RUSSELL BRINSON,Poland,Tychy,2005-06-21,27.92,8,8,1978
388,CRAIG MORRELL,Philippines,Cavite,2005-08-19,27.92,8,8,1978
444,MARCUS HIDALGO,Estonia,Tartu,2005-08-22,27.92,8,8,1978
448,MIGUEL BETANCOURT,Germany,Erlangen,2005-07-11,27.92,8,8,1978
506,LESLIE SEWARD,Indonesia,Pontianak,2005-08-22,27.92,8,8,1978
579,DARYL LARUE,Iraq,Mosul,2005-08-23,27.92,8,8,1978
74,DENISE KELLY,Brazil,Rio Claro,2005-08-22,27.919999999999998,8,8,1995
126,ELLEN SIMPSON,Brazil,Po,2005-08-21,27.919999999999998,8,8,1995
154,MICHELE GRANT,China,Yuncheng,2005-07-11,27.919999999999998,8,8,1995
354,JUSTIN NGO,Brazil,Santo Andr,2005-07-11,27.919999999999998,8,8,1995
381,BOBBY BOUDREAU,Anguilla,South Hill,2005-08-20,27.919999999999998,8,8,1995
506,LESLIE SEWARD,Indonesia,Pontianak,2005-08-02,27.919999999999998,8,8,1995
450,JAY ROBB,Indonesia,Surakarta,2005-08-22,27.919999999999995,8,8,2001
113,CINDY FISHER,Venezuela,Cuman,2005-07-12,27.91999999999999,8,8,2002
407,DALE RATCLIFF,South Africa,Rustenburg,2005-08-22,27.910000000000007,9,9,2003
20,SHARON ROBINSON,Pakistan,Mardan,2005-08-22,27.910000000000004,9,9,2004
385,PHILLIP HOLM,Japan,Tama,2005-08-02,27.910000000000004,9,9,2004
396,EARL SHANKS,Japan,Iwatsuki,2005-08-01,27.910000000000004,9,9,2004
514,FRANKLIN TROUTMAN,China,Zaoyang,2005-08-21,27.909999999999997,9,9,2007
56,GLORIA COOK,French Polynesia,Papeete,2005-08-20,26.95000000000001,5,5,2008
284,SONIA GREGORY,Nigeria,Benin City,2005-07-30,26.95000000000001,5,5,2008
491,RICK MATTOX,Egypt,Mit Ghamr,2005-07-11,26.95000000000001,5,5,2008
54,TERESA ROGERS,Japan,Iwakuni,2005-08-02,26.950000000000006,5,5,2011
202,CARLA GUTIERREZ,India,Bhusawal,2005-08-20,26.950000000000006,5,5,2011
209,TONYA CHAPMAN,India,Bhilwara,2005-07-28,26.950000000000006,5,5,2011
372,STEVE MACKENZIE,Indonesia,Probolinggo,2005-07-28,26.950000000000006,5,5,2011
513,DUANE TUBBS,Nauru,Yangor,2005-07-29,26.950000000000006,5,5,2011
32,AMY LOPEZ,India,Jhansi,2005-08-20,26.950000000000003,5,5,2016
83,LOUISE JENKINS,South Africa,Springs,2005-08-20,26.950000000000003,5,5,2016
118,KIM CRUZ,United States,Grand Prairie,2005-08-22,26.950000000000003,5,5,2016
120,SYLVIA ORTIZ,Colombia,Dos Quebradas,2005-06-19,26.950000000000003,5,5,2016
124,SHEILA WELLS,Turkey,Ktahya,2005-08-02,26.950000000000003,5,5,2016
140,EVA RAMOS,United States,Clarksville,2005-08-23,26.950000000000003,5,5,2016
169,ERICA MATTHEWS,China,Pingxiang,2005-07-12,26.950000000000003,5,5,2016
193,KATIE ELLIOTT,Kenya,Kisumu,2005-06-20,26.950000000000003,5,5,2016
204,ROSEMARY SCHMIDT,Turkey,Usak,2005-06-18,26.950000000000003,5,5,2016
238,NELLIE GARRETT,India,Shimoga,2005-07-30,26.950000000000003,5,5,2016
284,SONIA GREGORY,Nigeria,Benin City,2005-07-09,26.950000000000003,5,5,2016
311,PAUL TROUT,Russian Federation,Kursk,2005-05-31,26.950000000000003,5,5,2016
327,LARRY THRASHER,Turkey,Adana,2005-06-18,26.950000000000003,5,5,2016
337,JERRY JORDON,Japan,Onomichi,2005-08-20,26.950000000000003,5,5,2016
345,CARL ARTIS,Paraguay,San Lorenzo,2005-07-30,26.950000000000003,5,5,2016
362,NICHOLAS BARFIELD,Brazil,Belm,2005-07-11,26.950000000000003,5,5,2016
364,BENJAMIN VARNEY,Mexico,Guadalajara,2005-07-10,26.950000000000003,5,5,2016
365,BRUCE SCHWARZ,Japan,Okinawa,2005-08-21,26.950000000000003,5,5,2016
367,ADAM GOOCH,India,Adoni,2005-08-19,26.950000000000003,5,5,2016
388,CRAIG MORRELL,Philippines,Cavite,2005-06-20,26.950000000000003,5,5,2016
427,JESUS MCCARTNEY,Brazil,Guaruj,2005-07-31,26.950000000000003,5,5,2016
429,FREDERICK ISBELL,Japan,Tsuyama,2005-05-30,26.950000000000003,5,5,2016
455,JON WILES,Bolivia,El Alto,2005-07-12,26.950000000000003,5,5,2016
464,JEROME KENYON,Chile,Rancagua,2005-07-12,26.950000000000003,5,5,2016
476,DERRICK BOURQUE,Canada,Gatineau,2005-07-11,26.950000000000003,5,5,2016
490,SAM MCDUFFIE,Colombia,Sogamoso,2005-07-09,26.950000000000003,5,5,2016
536,FERNANDO CHURCHILL,South Korea,Tonghae,2005-07-30,26.950000000000003,5,5,2016
555,DWIGHT LOMBARDI,South Africa,Chatsworth,2005-07-31,26.950000000000003,5,5,2016
172,BERNICE WILLIS,Turkey,Batman,2005-07-11,26.95,5,5,2044
279,DIANNE SHELTON,Iran,Tabriz,2005-07-11,26.95,5,5,2044
336,JOSHUA MARK,India,Rampur,2005-07-30,26.95,5,5,2044
365,BRUCE SCHWARZ,Japan,Okinawa,2005-07-29,26.95,5,5,2044
460,LEON BOSTIC,Colombia,Florencia,2005-08-02,26.95,5,5,2044
478,LEWIS LYMAN,Israel,Ashqelon,2005-06-19,26.95,5,5,2044
525,ADRIAN CLARY,Italy,Udine,2005-07-12,26.95,5,5,2044
579,DARYL LARUE,Iraq,Mosul,2005-07-12,26.95,5,5,2044
78,LORI WOOD,India,Rae Bareli,2005-08-20,26.949999999999996,5,5,2052
419,CHAD CARBONE,India,Katihar,2005-08-23,26.949999999999996,5,5,2052
465,FLOYD GANDY,Mexico,Zapopan,2005-08-19,26.949999999999996,5,5,2052
501,RUBEN GEARY,Poland,Lublin,2005-07-11,26.949999999999996,5,5,2052
107,FLORENCE WOODS,Argentina,Merlo,2005-07-29,26.949999999999992,5,5,2056
113,CINDY FISHER,Venezuela,Cuman,2005-08-19,26.949999999999992,5,5,2056
404,STANLEY SCROGGINS,Japan,Omiya,2005-08-21,26.949999999999992,5,5,2056
550,GUY BROWNLEE,China,Zhoushan,2005-08-20,26.94999999999999,5,5,2059
3,LINDA WILLIAMS,Greece,Athenai,2005-08-22,26.949999999999985,5,5,2060
300,JOHN FARNSWORTH,India,Parbhani,2005-08-20,26.940000000000012,6,6,2061
426,BRADLEY MOTLEY,India,Purnea (Purnia),2005-08-20,26.940000000000012,6,6,2061
337,JERRY JORDON,Japan,Onomichi,2005-08-01,26.94000000000001,6,6,2063
19,RUTH MARTINEZ,South Africa,Kimberley,2005-05-29,26.940000000000005,6,6,2064
39,DEBRA NELSON,Brazil,Vila Velha,2005-06-20,26.940000000000005,6,6,2064
53,HEATHER MORRIS,Japan,Nagareyama,2005-05-31,26.940000000000005,6,6,2064
55,DORIS REED,Russian Federation,Balaiha,2005-08-22,26.940000000000005,6,6,2064
63,ASHLEY RICHARDSON,United States,Lincoln,2005-08-20,26.940000000000005,6,6,2064
131,MONICA HICKS,Ukraine,Mukateve,2005-07-31,26.940000000000005,6,6,2064
155,GAIL KNIGHT,Switzerland,Bern,2005-08-02,26.940000000000005,6,6,2064
195,VANESSA SIMS,Germany,Siegen,2005-07-31,26.940000000000005,6,6,2064
196,ALMA AUSTIN,Germany,Mannheim,2005-07-12,26.940000000000005,6,6,2064
206,TERRI VASQUEZ,Brazil,Blumenau,2005-07-08,26.940000000000005,6,6,2064
208,LUCY WHEELER,India,Balurghat,2005-07-11,26.940000000000005,6,6,2064
219,WILLIE HOWELL,Argentina,Vicente Lpez,2005-07-31,26.940000000000005,6,6,2064
238,NELLIE GARRETT,India,Shimoga,2005-08-23,26.940000000000005,6,6,2064
300,JOHN FARNSWORTH,India,Parbhani,2005-07-12,26.940000000000005,6,6,2064
313,DONALD MAHON,China,Ezhou,2005-08-02,26.940000000000005,6,6,2064
316,STEVEN CURLEY,India,Miraj,2005-06-19,26.940000000000005,6,6,2064
368,HARRY ARCE,Iran,Najafabad,2005-07-11,26.940000000000005,6,6,2064
411,NORMAN CURRIER,Indonesia,Cianjur,2005-08-22,26.940000000000005,6,6,2064
421,LEE HAWKS,India,Pudukkottai,2005-07-30,26.940000000000005,6,6,2064
513,DUANE TUBBS,Nauru,Yangor,2005-07-11,26.940000000000005,6,6,2064
560,JORDAN ARCHULETA,Argentina,Avellaneda,2005-07-11,26.940000000000005,6,6,2064
582,ANDY VANHORN,Mexico,Huejutla de Reyes,2005-08-22,26.940000000000005,6,6,2064
5,ELIZABETH BROWN,Taiwan,Nantou,2005-08-20,26.94,6,6,2086
12,NANCY THOMAS,India,Yamuna Nagar,2005-06-21,26.94,6,6,2086
58,JEAN BELL,Malaysia,Kuching,2005-07-31,26.94,6,6,2086
69,JUDY GRAY,Algeria,Bchar,2005-07-11,26.94,6,6,2086
136,ANITA MORALES,India,Hubli-Dharwad,2005-08-21,26.94,6,6,2086
239,MINNIE ROMERO,Indonesia,Ciomas,2005-07-31,26.94,6,6,2086
255,IRMA PEARSON,Philippines,Hagonoy,2005-08-20,26.94,6,6,2086
258,MYRTLE FLEMING,Dominican Republic,Santiago de los Caballeros,2005-07-10,26.94,6,6,2086
263,HILDA HOPKINS,Philippines,Mandaluyong,2005-08-01,26.94,6,6,2086
271,PENNY NEAL,India,Kumbakonam,2005-08-01,26.94,6,6,2086
279,DIANNE SHELTON,Iran,Tabriz,2005-08-19,26.94,6,6,2086
301,ROBERT BAUGHMAN,Russian Federation,Kaliningrad,2005-07-10,26.94,6,6,2086
373,LOUIS LEONE,Philippines,Tanauan,2005-07-11,26.94,6,6,2086
405,LEONARD SCHOFIELD,Argentina,Tandil,2005-06-21,26.94,6,6,2086
408,MANUEL MURRELL,Sri Lanka,Jaffna,2005-07-30,26.94,6,6,2086
437,RANDALL NEUMANN,Dominican Republic,La Romana,2005-07-10,26.94,6,6,2086
439,ALEXANDER FENNELL,Italy,Bergamo,2005-08-19,26.94,6,6,2086
454,ALEX GRESHAM,Mexico,Uruapan,2005-07-12,26.94,6,6,2086
528,CLAUDE HERZOG,Angola,Benguela,2005-07-12,26.94,6,6,2086
576,MORRIS MCCARTER,Taiwan,Fengshan,2005-06-19,26.94,6,6,2086
576,MORRIS MCCARTER,Taiwan,Fengshan,2005-08-21,26.94,6,6,2086
595,TERRENCE GUNDERSON,China,Jinzhou,2005-07-10,26.94,6,6,2086
47,FRANCES PARKER,Brazil,Juazeiro do Norte,2005-07-11,26.939999999999998,6,6,2108
65,ROSE HOWARD,French Guiana,Cayenne,2005-08-21,26.939999999999998,6,6,2108
295,DAISY BATES,Russian Federation,Kolpino,2005-08-21,26.939999999999998,6,6,2108
366,BRANDON HUEY,Turkey,Balikesir,2005-07-28,26.939999999999998,6,6,2108
383,MARTIN BALES,Angola,Namibe,2005-08-23,26.939999999999998,6,6,2108
504,NATHANIEL ADAM,United States,Joliet,2005-07-29,26.939999999999998,6,6,2108
7,MARIA MILLER,Yugoslavia,Kragujevac,2005-08-20,26.939999999999994,6,6,2114
468,TIM CARY,India,Bijapur,2005-07-31,26.939999999999994,6,6,2114
2,PATRICIA JOHNSON,United States,San Bernardino,2005-08-23,26.939999999999984,6,6,2116
116,VICTORIA GIBSON,Indonesia,Pemalang,2005-08-02,26.930000000000007,7,7,2117
323,MATTHEW MAHAN,Mexico,Cuautla,2005-08-22,26.930000000000007,7,7,2117
356,GERALD FULTZ,India,Satna,2005-08-19,26.930000000000007,7,7,2117
364,BENJAMIN VARNEY,Mexico,Guadalajara,2005-08-21,26.930000000000007,7,7,2117
397,JIMMY SCHRADER,Russian Federation,Atinsk,2005-07-12,26.930000000000007,7,7,2117
27,SHIRLEY ALLEN,Philippines,Davao,2005-06-20,26.930000000000003,7,7,2122
36,KATHLEEN ADAMS,Iran,Arak,2005-07-30,26.930000000000003,7,6,2122
130,CHARLOTTE HUNTER,Brazil,guas Lindas de Gois,2005-08-01,26.930000000000003,7,7,2122
153,SUZANNE NICHOLS,Indonesia,Jakarta,2005-08-22,26.930000000000003,7,7,2122
198,ELSIE KELLEY,Nigeria,Ikerre,2005-07-12,26.930000000000003,7,7,2122
230,JOY GEORGE,Romania,Botosani,2005-08-20,26.930000000000003,7,7,2122
280,TRACEY BARRETT,Nigeria,Owo,2005-07-29,26.930000000000003,7,7,2122
296,RAMONA HALE,India,Patiala,2005-08-20,26.930000000000003,7,7,2122
390,SHAWN HEATON,Thailand,Nakhon Sawan,2005-07-12,26.930000000000003,7,7,2122
560,JORDAN ARCHULETA,Argentina,Avellaneda,2005-07-30,26.930000000000003,7,7,2122
38,MARTHA GONZALEZ,Moldova,Chisinau,2005-07-10,26.93,7,7,2132
51,ALICE STEWART,United States,Fontana,2005-07-31,26.93,7,7,2132
99,EMILY DIAZ,South Korea,Kimchon,2005-07-09,26.93,7,7,2132
154,MICHELE GRANT,China,Yuncheng,2005-07-10,26.93,7,7,2132
159,JILL HAWKINS,Austria,Linz,2005-08-02,26.93,7,7,2132
173,AUDREY RAY,Austria,Graz,2005-07-10,26.93,7,7,2132
224,PEARL GARZA,India,Jodhpur,2005-08-21,26.93,7,7,2132
235,JACKIE LYNCH,Colombia,Buenaventura,2005-07-31,26.93,7,7,2132
264,GWENDOLYN MAY,Japan,Higashiosaka,2005-07-12,26.93,7,7,2132
264,GWENDOLYN MAY,Japan,Higashiosaka,2005-08-23,26.93,7,7,2132
349,JOE GILLILAND,Philippines,Imus,2005-07-31,26.93,7,7,2132
354,JUSTIN NGO,Brazil,Santo Andr,2005-07-10,26.93,7,7,2132
386,TODD TAN,Ukraine,Kamjanets-Podilskyi,2005-08-01,26.93,7,7,2132
406,NATHAN RUNYON,"Virgin Islands, U.S.",Charlotte Amalie,2005-06-21,26.93,7,7,2132
408,MANUEL MURRELL,Sri Lanka,Jaffna,2005-08-20,26.93,7,7,2132
446,THEODORE CULP,India,Uluberia,2005-07-12,26.93,7,7,2132
458,LLOYD DOWD,Indonesia,Tegal,2005-07-12,26.93,7,7,2132
533,JESSIE MILAM,China,Binzhou,2005-07-29,26.93,7,7,2132
555,DWIGHT LOMBARDI,South Africa,Chatsworth,2005-08-19,26.93,7,7,2132
254,MAXINE SILVA,Brazil,Poos de Caldas,2005-08-02,26.929999999999996,7,7,2151
295,DAISY BATES,Russian Federation,Kolpino,2005-07-09,26.929999999999996,7,7,2151
350,JUAN FRALEY,Russian Federation,Teboksary,2005-08-19,26.929999999999996,7,7,2151
354,JUSTIN NGO,Brazil,Santo Andr,2005-08-23,26.929999999999996,7,7,2151
485,CLYDE TOBIAS,China,Shaoguan,2005-07-31,26.929999999999996,7,7,2151
590,SETH HANNON,Bahrain,al-Manama,2005-07-11,26.929999999999996,7,7,2151
113,CINDY FISHER,Venezuela,Cuman,2005-07-11,26.929999999999993,7,7,2157
213,GINA WILLIAMSON,Yemen,Taizz,2005-08-01,26.929999999999993,7,7,2157
54,TERESA ROGERS,Japan,Iwakuni,2005-08-21,26.92000000000001,8,8,2159
268,NINA SOTO,India,Palghat (Palakkad),2005-06-21,26.920000000000005,8,8,2160
580,ROSS GREY,Philippines,Iligan,2005-07-31,26.920000000000005,8,8,2160
598,WADE DELVALLE,Switzerland,Lausanne,2005-08-02,26.920000000000005,8,8,2160
42,CAROLYN PEREZ,Thailand,Pak Kret,2005-07-29,26.92,8,7,2163
91,LOIS BUTLER,Brunei,Bandar Seri Begawan,2005-07-10,26.92,8,8,2163
167,SALLY PIERCE,India,Chandrapur,2005-08-01,26.92,8,7,2163
197,SUE PETERS,China,Changzhou,2005-08-01,26.92,8,8,2163
413,MARVIN YEE,India,Berhampore (Baharampur),2005-08-23,26.92,8,8,2163
445,MICHEAL FORMAN,Argentina,Escobar,2005-08-01,26.92,8,8,2163
527,CORY MEEHAN,Belarus,Mogiljov,2005-08-02,26.92,8,8,2163
595,TERRENCE GUNDERSON,China,Jinzhou,2005-07-30,26.92,8,8,2163
28,CYNTHIA YOUNG,India,Munger (Monghyr),2005-08-23,26.919999999999998,8,8,2171
138,HAZEL WARREN,China,Hohhot,2005-08-23,26.919999999999998,8,8,2171
231,GEORGIA JACOBS,India,Uttarpara-Kotrung,2005-07-12,26.919999999999998,8,8,2171
414,VINCENT RALSTON,Mexico,Allende,2005-08-20,26.919999999999998,8,8,2171
520,MITCHELL WESTMORELAND,Vietnam,Nha Trang,2005-08-01,26.919999999999995,8,8,2175
485,CLYDE TOBIAS,China,Shaoguan,2005-07-10,26.910000000000004,9,9,2176
198,ELSIE KELLEY,Nigeria,Ikerre,2005-08-01,26.91,9,9,2177
263,HILDA HOPKINS,Philippines,Mandaluyong,2005-07-12,26.91,9,9,2177
452,TOM MILNER,United Arab Emirates,Abu Dhabi,2005-07-09,26.909999999999997,9,9,2179
451,JIM REA,Mexico,El Fuerte,2005-08-21,26.9,10,10,2180
176,JUNE CARROLL,Algeria,Skikda,2005-08-19,25.95000000000001,5,5,2181
176,JUNE CARROLL,Algeria,Skikda,2005-07-11,25.950000000000006,5,5,2182
238,NELLIE GARRETT,India,Shimoga,2005-08-21,25.950000000000006,5,5,2182
12,NANCY THOMAS,India,Yamuna Nagar,2005-06-20,25.950000000000003,5,5,2184
16,SANDRA MARTIN,United Kingdom,Southend-on-Sea,2005-08-19,25.950000000000003,5,5,2184
61,KATHERINE RIVERA,Switzerland,Basel,2005-07-29,25.950000000000003,5,5,2184
67,KELLY TORRES,China,Xiangtan,2005-08-02,25.950000000000003,5,5,2184
68,NICOLE PETERSON,India,Shivapuri,2005-06-19,25.950000000000003,5,5,2184
73,BEVERLY BROOKS,Taiwan,Chiayi,2005-07-12,25.950000000000003,5,5,2184
87,WANDA PATTERSON,Colombia,Sincelejo,2005-06-20,25.950000000000003,5,5,2184
103,GLADYS HAMILTON,Nigeria,Ilorin,2005-08-22,25.950000000000003,5,5,2184
105,DAWN SULLIVAN,Tuvalu,Funafuti,2005-07-30,25.950000000000003,5,5,2184
109,EDNA WEST,South Africa,Klerksdorp,2005-06-20,25.950000000000003,5,5,2184
114,GRACE ELLIS,Germany,Duisburg,2005-08-21,25.950000000000003,5,5,2184
143,LESLIE GORDON,Turkey,Kilis,2005-08-23,25.950000000000003,5,5,2184
158,VERONICA STONE,United States,Greensboro,2005-07-12,25.950000000000003,5,5,2184
199,BETH FRANKLIN,Vietnam,Haiphong,2005-07-10,25.950000000000003,5,5,2184
201,VICKI FIELDS,Germany,Witten,2005-06-21,25.950000000000003,5,5,2184
226,MAUREEN LITTLE,Paraguay,Asuncin,2005-07-12,25.950000000000003,5,5,2184
307,JOSEPH JOY,Brazil,Angra dos Reis,2005-07-29,25.950000000000003,5,5,2184
308,THOMAS GRIGSBY,United States,Kansas City,2005-08-19,25.950000000000003,5,5,2184
310,DANIEL CABRAL,Brazil,Ibirit,2005-08-02,25.950000000000003,5,5,2184
337,JERRY JORDON,Japan,Onomichi,2005-07-09,25.950000000000003,5,5,2184
339,WALTER PERRYMAN,China,Xinxiang,2005-06-21,25.950000000000003,5,5,2184
368,HARRY ARCE,Iran,Najafabad,2005-06-19,25.950000000000003,5,5,2184
372,STEVE MACKENZIE,Indonesia,Probolinggo,2005-07-10,25.950000000000003,5,5,2184
390,SHAWN HEATON,Thailand,Nakhon Sawan,2005-06-20,25.950000000000003,5,5,2184
432,EDWIN BURK,South Africa,Newcastle,2005-07-10,25.950000000000003,5,5,2184
433,DON BONE,Mozambique,Naala-Porto,2005-07-11,25.950000000000003,5,5,2184
451,JIM REA,Mexico,El Fuerte,2005-07-09,25.950000000000003,5,5,2184
454,ALEX GRESHAM,Mexico,Uruapan,2005-06-17,25.950000000000003,5,5,2184
454,ALEX GRESHAM,Mexico,Uruapan,2005-07-11,25.950000000000003,5,5,2184
486,GLEN TALBERT,Mexico,Acua,2005-07-08,25.950000000000003,5,5,2184
493,BRENT HARKINS,Turkey,Sultanbeyli,2005-08-01,25.950000000000003,5,5,2184
500,REGINALD KINDER,Indonesia,Madiun,2005-06-20,25.950000000000003,5,5,2184
509,RAUL FORTIER,India,Chapra,2005-08-23,25.950000000000003,5,5,2184
527,CORY MEEHAN,Belarus,Mogiljov,2005-08-22,25.950000000000003,5,5,2184
528,CLAUDE HERZOG,Angola,Benguela,2005-07-09,25.950000000000003,5,5,2184
548,ALLAN CORNISH,Philippines,Tarlac,2005-08-21,25.950000000000003,5,5,2184
556,ARMANDO GRUBER,United Kingdom,Southport,2005-06-21,25.950000000000003,5,5,2184
570,IVAN CROMWELL,Mexico,Monclova,2005-06-17,25.950000000000003,5,5,2184
16,SANDRA MARTIN,United Kingdom,Southend-on-Sea,2005-06-21,25.95,5,4,2222
27,SHIRLEY ALLEN,Philippines,Davao,2005-08-18,25.95,5,5,2222
185,ROBERTA HARPER,Iran,Shahr-e Kord,2005-07-11,25.95,5,5,2222
342,HAROLD MARTINO,Brazil,Boa Vista,2005-07-12,25.95,5,5,2222
398,ANTONIO MEEK,Brazil,Bag,2005-07-30,25.95,5,5,2222
430,RAY HOULE,Russian Federation,Dzerzinsk,2005-07-11,25.95,5,5,2222
562,WALLACE SLONE,Nigeria,Sokoto,2005-08-20,25.95,5,5,2222
71,KATHY JAMES,Philippines,Baybay,2005-08-22,25.949999999999996,5,5,2229
126,ELLEN SIMPSON,Brazil,Po,2005-08-02,25.949999999999996,5,5,2229
146,JAMIE RICE,United States,Sterling Heights,2005-08-19,25.949999999999996,5,5,2229
290,KRISTINA CHAMBERS,Venezuela,Valle de la Pascua,2005-06-20,25.949999999999996,5,5,2229
554,DWAYNE OLVERA,India,Rajkot,2005-08-19,25.949999999999996,5,5,2229
559,EVERETT BANDA,Egypt,Bilbays,2005-07-11,25.949999999999996,5,5,2229
544,CODY NOLEN,Brazil,So Bernardo do Campo,2005-08-21,25.949999999999992,5,5,2235
79,RACHEL BARNES,Japan,Kamakura,2005-08-01,25.940000000000012,6,6,2236
125,ETHEL WEBB,South Africa,Boksburg,2005-08-19,25.940000000000012,6,6,2236
14,BETTY WHITE,United States,Citrus Heights,2005-07-10,25.940000000000005,6,6,2238
73,BEVERLY BROOKS,Taiwan,Chiayi,2005-08-01,25.940000000000005,6,6,2238
74,DENISE KELLY,Brazil,Rio Claro,2005-07-12,25.940000000000005,6,6,2238
98,LILLIAN GRIFFIN,United Arab Emirates,al-Ayn,2005-06-21,25.940000000000005,6,6,2238
106,CONNIE WALLACE,Russian Federation,Ivanovo,2005-07-31,25.940000000000005,6,6,2238
122,THELMA MURRAY,Peru,Lima,2005-07-29,25.940000000000005,6,6,2238
156,BERTHA FERGUSON,Nigeria,Ondo,2005-08-02,25.940000000000005,6,6,2238
173,AUDREY RAY,Austria,Graz,2005-07-31,25.940000000000005,6,6,2238
201,VICKI FIELDS,Germany,Witten,2005-08-21,25.940000000000005,6,6,2238
204,ROSEMARY SCHMIDT,Turkey,Usak,2005-08-01,25.940000000000005,6,6,2238
210,ELLA OLIVER,Yemen,Aden,2005-08-02,25.940000000000005,6,6,2238
292,MISTY LAMBERT,United Arab Emirates,Sharja,2005-07-11,25.940000000000005,6,6,2238
382,VICTOR BARKLEY,United States,Manchester,2005-08-23,25.940000000000005,6,6,2238
390,SHAWN HEATON,Thailand,Nakhon Sawan,2005-07-11,25.940000000000005,6,6,2238
393,PHILIP CAUSEY,Russian Federation,Korolev,2005-07-31,25.940000000000005,6,6,2238
432,EDWIN BURK,South Africa,Newcastle,2005-07-31,25.940000000000005,6,6,2238
438,BARRY LOVELACE,Zambia,Kitwe,2005-07-11,25.940000000000005,6,6,2238
469,WESLEY BULL,Spain,Ourense (Orense),2005-07-09,25.940000000000005,6,6,2238
478,LEWIS LYMAN,Israel,Ashqelon,2005-08-23,25.940000000000005,6,6,2238
515,ANDRE RAPP,Chile,Coquimbo,2005-06-20,25.940000000000005,6,6,2238
539,MATHEW BOLIN,Venezuela,Valencia,2005-07-12,25.940000000000005,6,6,2238
40,AMANDA CARTER,Morocco,Nador,2005-08-19,25.94,6,6,2259
51,ALICE STEWART,United States,Fontana,2005-07-30,25.94,6,6,2259
55,DORIS REED,Russian Federation,Balaiha,2005-08-02,25.94,6,6,2259
84,SARA PERRY,Mexico,Atlixco,2005-08-01,25.94,6,6,2259
171,DOLORES WAGNER,Malaysia,Ipoh,2005-06-19,25.94,6,6,2259
186,HOLLY FOX,India,Haldia,2005-06-20,25.94,6,6,2259
195,VANESSA SIMS,Germany,Siegen,2005-08-23,25.94,6,6,2259
207,GERTRUDE CASTILLO,Greenland,Nuuk,2005-08-01,25.94,6,6,2259
264,GWENDOLYN MAY,Japan,Higashiosaka,2005-07-11,25.94,6,6,2259
276,BRANDY GRAVES,United States,Warren,2005-07-30,25.94,6,6,2259
371,BILLY POULIN,Philippines,Cabuyao,2005-05-29,25.94,6,6,2259
401,TONY CARRANZA,Japan,Koriyama,2005-07-31,25.94,6,6,2259
444,MARCUS HIDALGO,Estonia,Tartu,2005-06-21,25.94,6,6,2259
30,MELISSA KING,Taiwan,Lungtan,2005-07-29,25.939999999999998,6,6,2272
254,MAXINE SILVA,Brazil,Poos de Caldas,2005-08-01,25.939999999999998,6,6,2272
277,OLGA JIMENEZ,Nigeria,Ogbomosho,2005-08-20,25.939999999999998,6,6,2272
305,RICHARD MCCRARY,United States,Arlington,2005-07-10,25.939999999999998,6,6,2272
334,RAYMOND MCWHORTER,Azerbaijan,Sumqayit,2005-08-01,25.939999999999998,6,6,2272
342,HAROLD MARTINO,Brazil,Boa Vista,2005-08-19,25.939999999999998,6,6,2272
346,ARTHUR SIMPKINS,Russian Federation,Maikop,2005-08-23,25.939999999999998,6,6,2272
350,JUAN FRALEY,Russian Federation,Teboksary,2005-08-18,25.939999999999998,6,6,2272
354,JUSTIN NGO,Brazil,Santo Andr,2005-08-22,25.939999999999998,6,6,2272
420,JACOB LANCE,United States,El Monte,2005-08-01,25.939999999999998,6,6,2272
429,FREDERICK ISBELL,Japan,Tsuyama,2005-07-31,25.939999999999998,6,6,2272
501,RUBEN GEARY,Poland,Lublin,2005-08-23,25.939999999999998,6,6,2272
546,KELLY KNOTT,China,Sanya,2005-08-22,25.939999999999998,6,6,2272
113,CINDY FISHER,Venezuela,Cuman,2005-07-10,25.939999999999994,6,6,2285
498,GENE SANBORN,Oman,Salala,2005-07-30,25.939999999999994,6,6,2285
530,DARRYL ASHCRAFT,Argentina,Ezeiza,2005-08-22,25.939999999999994,6,6,2285
304,DAVID ROYAL,Peru,Callao,2005-08-22,25.93999999999999,6,6,2288
319,RONALD WEINER,Mexico,San Felipe del Progreso,2005-08-18,25.93999999999999,6,6,2288
424,KYLE SPURLOCK,China,Shanwei,2005-08-23,25.93999999999999,6,6,2288
133,PAULINE HENRY,Mexico,Torren,2005-08-23,25.930000000000007,7,7,2291
243,LYDIA BURKE,Argentina,San Miguel de Tucumn,2005-07-31,25.930000000000007,7,7,2291
598,WADE DELVALLE,Switzerland,Lausanne,2005-07-31,25.930000000000007,7,7,2291
4,BARBARA JONES,Myanmar,Myingyan,2005-08-02,25.930000000000003,7,7,2294
12,NANCY THOMAS,India,Yamuna Nagar,2005-07-31,25.930000000000003,7,7,2294
91,LOIS BUTLER,Brunei,Bandar Seri Begawan,2005-07-09,25.930000000000003,7,7,2294
122,THELMA MURRAY,Peru,Lima,2005-06-19,25.930000000000003,7,7,2294
147,JOANNE ROBERTSON,Japan,Urawa,2005-08-21,25.930000000000003,7,7,2294
323,MATTHEW MAHAN,Mexico,Cuautla,2005-07-29,25.930000000000003,7,7,2294
331,ERIC ROBERT,Argentina,Santa F,2005-08-23,25.930000000000003,7,7,2294
376,RANDY GAITHER,Russian Federation,Kurgan,2005-08-01,25.930000000000003,7,6,2294
440,BERNARD COLBY,India,Dhule (Dhulia),2005-08-22,25.930000000000003,7,7,2294
473,JORGE OLIVARES,Indonesia,Lhokseumawe,2005-07-12,25.930000000000003,7,7,2294
10,DOROTHY TAYLOR,Iran,Esfahan,2005-07-10,25.93,7,7,2304
60,MILDRED BAILEY,India,Jaipur,2005-08-23,25.93,7,7,2304
120,SYLVIA ORTIZ,Colombia,Dos Quebradas,2005-07-12,25.93,7,7,2304
121,JOSEPHINE GOMEZ,India,Etawah,2005-07-30,25.93,7,7,2304
146,JAMIE RICE,United States,Sterling Heights,2005-06-20,25.93,7,7,2304
153,SUZANNE NICHOLS,Indonesia,Jakarta,2005-07-12,25.93,7,7,2304
175,ANNETTE OLSON,India,Allappuzha (Alleppey),2005-07-31,25.93,7,7,2304
244,VIOLA HANSON,Philippines,Lapu-Lapu,2005-07-11,25.93,7,6,2304
298,ERIKA PENA,Finland,Oulu,2005-08-22,25.93,7,7,2304
336,JOSHUA MARK,India,Rampur,2005-08-21,25.93,7,7,2304
456,RONNIE RICKETTS,Senegal,Ziguinchor,2005-06-19,25.93,7,7,2304
459,TOMMY COLLAZO,Iran,Qomsheh,2005-06-21,25.93,7,7,2304
525,ADRIAN CLARY,Italy,Udine,2005-08-01,25.93,7,6,2304
197,SUE PETERS,China,Changzhou,2005-08-22,25.929999999999993,7,7,2317
287,BECKY MILES,India,Tambaram,2005-08-23,25.929999999999993,7,7,2317
1,MARY SMITH,Japan,Sasebo,2005-08-01,25.92000000000001,8,8,2319
90,RUBY WASHINGTON,China,Meixian,2005-08-23,25.92000000000001,8,8,2319
253,TERRY CARLSON,Japan,Miyakonojo,2005-08-01,25.92000000000001,8,8,2319
303,WILLIAM SATTERFIELD,Yemen,Sanaa,2005-08-23,25.92000000000001,8,8,2319
397,JIMMY SCHRADER,Russian Federation,Atinsk,2005-08-01,25.92000000000001,8,8,2319
21,MICHELLE CLARK,Bangladesh,Tangail,2005-08-01,25.920000000000005,8,7,2324
97,ANNIE RUSSELL,Mozambique,Tete,2005-07-12,25.920000000000005,8,8,2324
336,JOSHUA MARK,India,Rampur,2005-06-21,25.920000000000005,8,8,2324
167,SALLY PIERCE,India,Chandrapur,2005-07-11,25.92,8,8,2327
198,ELSIE KELLEY,Nigeria,Ikerre,2005-07-31,25.92,8,8,2327
265,JENNIE TERRY,Czech Republic,Olomouc,2005-08-02,25.92,8,8,2327
278,BILLIE HORTON,Turkey,Inegl,2005-08-01,25.92,8,8,2327
361,LAWRENCE LAWTON,Cameroon,Yaound,2005-08-23,25.92,8,8,2327
441,MARIO CHEATHAM,Algeria,Batna,2005-07-12,25.92,8,8,2327
596,ENRIQUE FORSYTHE,Greece,Patras,2005-08-22,25.92,8,8,2327
185,ROBERTA HARPER,Iran,Shahr-e Kord,2005-08-02,25.919999999999998,8,8,2334
514,FRANKLIN TROUTMAN,China,Zaoyang,2005-08-20,25.919999999999998,8,8,2334
254,MAXINE SILVA,Brazil,Poos de Caldas,2005-08-19,25.919999999999995,8,8,2336
452,TOM MILNER,United Arab Emirates,Abu Dhabi,2005-08-23,25.919999999999995,8,8,2336
474,DUSTIN GILLETTE,Netherlands,Emmen,2005-08-22,25.919999999999995,8,8,2336
559,EVERETT BANDA,Egypt,Bilbays,2005-08-01,25.919999999999995,8,8,2336
473,JORGE OLIVARES,Indonesia,Lhokseumawe,2005-08-22,25.91999999999999,8,8,2340
369,FRED WHEAT,Mexico,Jurez,2005-08-01,25.910000000000004,9,9,2341
401,TONY CARRANZA,Japan,Koriyama,2005-08-23,25.910000000000004,9,9,2341
405,LEONARD SCHOFIELD,Argentina,Tandil,2005-08-23,25.910000000000004,9,9,2341
147,JOANNE ROBERTSON,Japan,Urawa,2005-07-12,25.91,9,9,2344
451,JIM REA,Mexico,El Fuerte,2005-08-20,25.91,9,9,2344
507,EDGAR RHOADS,Turkey,Eskisehir,2005-07-11,25.91,9,9,2344
5,ELIZABETH BROWN,Taiwan,Nantou,2005-08-01,25.909999999999997,9,9,2347
236,MARCIA DEAN,Philippines,Tanza,2005-08-19,24.95000000000001,5,5,2348
518,GABRIEL HARDER,Turkey,Sivas,2005-08-20,24.95000000000001,5,5,2348
423,ALFRED CASILLAS,Egypt,Sawhaj,2005-07-27,24.950000000000006,5,5,2350
540,TYRONE ASHER,Bulgaria,Ruse,2005-08-22,24.950000000000006,5,5,2350
24,KIMBERLY LEE,Argentina,Crdoba,2005-06-20,24.950000000000003,5,5,2352
50,DIANE COLLINS,Sudan,Omdurman,2005-05-31,24.950000000000003,5,5,2352
51,ALICE STEWART,United States,Fontana,2005-07-29,24.950000000000003,5,5,2352
53,HEATHER MORRIS,Japan,Nagareyama,2005-08-01,24.950000000000003,5,5,2352
56,GLORIA COOK,French Polynesia,Papeete,2005-07-09,24.950000000000003,5,5,2352
67,KELLY TORRES,China,Xiangtan,2005-08-20,24.950000000000003,5,5,2352
84,SARA PERRY,Mexico,Atlixco,2005-07-31,24.950000000000003,5,5,2352
93,PHYLLIS FOSTER,China,Zalantun,2005-08-20,24.950000000000003,5,5,2352
108,TRACY COLE,Mexico,Huixquilucan,2005-06-20,24.950000000000003,5,5,2352
118,KIM CRUZ,United States,Grand Prairie,2005-07-29,24.950000000000003,5,5,2352
119,SHERRY MARSHALL,Egypt,Shubra al-Khayma,2005-08-20,24.950000000000003,5,5,2352
170,BEATRICE ARNOLD,India,Udaipur,2005-08-20,24.950000000000003,5,5,2352
175,ANNETTE OLSON,India,Allappuzha (Alleppey),2005-08-20,24.950000000000003,5,5,2352
182,RENEE LANE,United States,Compton,2005-08-21,24.950000000000003,5,5,2352
209,TONYA CHAPMAN,India,Bhilwara,2005-07-08,24.950000000000003,5,5,2352
214,KRISTIN JOHNSTON,United States,Sunnyvale,2005-08-01,24.950000000000003,5,4,2352
242,GLENDA FRAZIER,China,Qinhuangdao,2005-06-19,24.950000000000003,5,5,2352
253,TERRY CARLSON,Japan,Miyakonojo,2005-06-18,24.950000000000003,5,5,2352
268,NINA SOTO,India,Palghat (Palakkad),2005-08-02,24.950000000000003,5,5,2352
310,DANIEL CABRAL,Brazil,Ibirit,2005-06-18,24.950000000000003,5,5,2352
315,KENNETH GOODEN,Israel,Bat Yam,2005-07-12,24.950000000000003,5,5,2352
317,EDWARD BAUGH,Faroe Islands,Trshavn,2005-08-20,24.950000000000003,5,5,2352
321,KEVIN SCHULER,Nepal,Birgunj,2005-07-09,24.950000000000003,5,5,2352
360,RALPH MADRIGAL,Puerto Rico,Arecibo,2005-07-28,24.950000000000003,5,5,2352
367,ADAM GOOCH,India,Adoni,2005-07-11,24.950000000000003,5,5,2352
383,MARTIN BALES,Angola,Namibe,2005-06-19,24.950000000000003,5,5,2352
385,PHILLIP HOLM,Japan,Tama,2005-07-12,24.950000000000003,5,5,2352
391,CLARENCE GAMEZ,Japan,Izumisano,2005-05-30,24.950000000000003,5,5,2352
404,STANLEY SCROGGINS,Japan,Omiya,2005-07-08,24.950000000000003,5,5,2352
422,MELVIN ELLINGTON,China,Laohekou,2005-08-02,24.950000000000003,5,5,2352
448,MIGUEL BETANCOURT,Germany,Erlangen,2005-06-21,24.950000000000003,5,5,2352
453,CALVIN MARTEL,Venezuela,Maracabo,2005-07-09,24.950000000000003,5,5,2352
466,LEO EBERT,China,Dongying,2005-08-21,24.950000000000003,5,5,2352
503,ANGEL BARCLAY,Japan,Ueda,2005-07-11,24.950000000000003,5,5,2352
519,RON DELUCA,Japan,Isesaki,2005-08-22,24.950000000000003,5,5,2352
538,TED BREAUX,China,Baicheng,2005-07-10,24.950000000000003,5,5,2352
585,PERRY SWAFFORD,Argentina,Quilmes,2005-07-30,24.950000000000003,5,5,2352
588,MARION OCAMPO,China,Weifang,2005-06-20,24.950000000000003,5,5,2352
592,TERRANCE ROUSH,Hungary,Szkesfehrvr,2005-06-20,24.950000000000003,5,5,2352
32,AMY LOPEZ,India,Jhansi,2005-07-29,24.95,5,5,2391
119,SHERRY MARSHALL,Egypt,Shubra al-Khayma,2005-07-11,24.95,5,5,2391
213,GINA WILLIAMSON,Yemen,Taizz,2005-07-09,24.95,5,5,2391
404,STANLEY SCROGGINS,Japan,Omiya,2005-07-30,24.95,5,5,2391
414,VINCENT RALSTON,Mexico,Allende,2005-07-12,24.95,5,5,2391
429,FREDERICK ISBELL,Japan,Tsuyama,2005-07-28,24.95,5,5,2391
464,JEROME KENYON,Chile,Rancagua,2005-08-23,24.95,5,5,2391
29,ANGELA HERNANDEZ,Japan,Shimonoseki,2005-08-18,24.949999999999996,5,5,2398
98,LILLIAN GRIFFIN,United Arab Emirates,al-Ayn,2005-08-23,24.949999999999996,5,5,2398
154,MICHELE GRANT,China,Yuncheng,2005-07-29,24.949999999999996,5,5,2398
264,GWENDOLYN MAY,Japan,Higashiosaka,2005-07-31,24.949999999999996,5,5,2398
276,BRANDY GRAVES,United States,Warren,2005-08-18,24.949999999999996,5,5,2398
294,SHELLY WATTS,United States,Dayton,2005-08-21,24.949999999999996,5,5,2398
322,JASON MORRISSEY,Argentina,Baha Blanca,2005-07-30,24.949999999999996,5,5,2398
412,ALLEN BUTTERFIELD,India,Hoshiarpur,2005-07-31,24.949999999999996,5,5,2398
484,ROBERTO VU,China,Yinchuan,2005-07-30,24.949999999999996,5,5,2398
498,GENE SANBORN,Oman,Salala,2005-07-29,24.949999999999996,5,5,2398
507,EDGAR RHOADS,Turkey,Eskisehir,2005-08-22,24.949999999999996,5,5,2398
528,CLAUDE HERZOG,Angola,Benguela,2005-08-23,24.949999999999996,5,5,2398
530,DARRYL ASHCRAFT,Argentina,Ezeiza,2005-08-21,24.949999999999996,5,5,2398
545,JULIO NOLAND,Ukraine,Konotop,2005-08-19,24.949999999999996,5,5,2398
258,MYRTLE FLEMING,Dominican Republic,Santiago de los Caballeros,2005-08-20,24.94999999999999,5,5,2412
482,MAURICE CRAWLEY,Mexico,Coatzacoalcos,2005-08-01,24.94999999999999,5,5,2412
292,MISTY LAMBERT,United Arab Emirates,Sharja,2005-07-29,24.940000000000012,6,6,2414
333,ANDREW PURDY,Azerbaijan,Baku,2005-08-21,24.940000000000012,6,6,2414
130,CHARLOTTE HUNTER,Brazil,guas Lindas de Gois,2005-08-23,24.94000000000001,6,6,2416
14,BETTY WHITE,United States,Citrus Heights,2005-07-31,24.940000000000005,6,6,2417
27,SHIRLEY ALLEN,Philippines,Davao,2005-06-19,24.940000000000005,6,6,2417
33,ANNA HILL,Italy,Alessandria,2005-08-02,24.940000000000005,6,6,2417
99,EMILY DIAZ,South Korea,Kimchon,2005-08-01,24.940000000000005,6,6,2417
154,MICHELE GRANT,China,Yuncheng,2005-08-22,24.940000000000005,6,6,2417
165,LORRAINE STEPHENS,China,Hami,2005-08-02,24.940000000000005,6,6,2417
189,LORETTA CARPENTER,Canada,Oshawa,2005-07-31,24.940000000000005,6,6,2417
191,JEANETTE GREENE,Russian Federation,Novoterkassk,2005-07-31,24.940000000000005,6,6,2417
234,CLAUDIA FULLER,Kuwait,Jalib al-Shuyukh,2005-06-18,24.940000000000005,6,6,2417
236,MARCIA DEAN,Philippines,Tanza,2005-07-28,24.940000000000005,6,6,2417
250,JO FOWLER,Nigeria,Oyo,2005-08-22,24.940000000000005,6,6,2417
274,NAOMI JENNINGS,India,Karnal,2005-05-30,24.940000000000005,6,6,2417
291,TONI HOLT,United States,Roanoke,2005-07-30,24.940000000000005,6,6,2417
336,JOSHUA MARK,India,Rampur,2005-07-11,24.940000000000005,6,6,2417
391,CLARENCE GAMEZ,Japan,Izumisano,2005-07-11,24.940000000000005,6,6,2417
400,BRYAN HARDISON,United States,Dallas,2005-08-21,24.940000000000005,6,6,2417
441,MARIO CHEATHAM,Algeria,Batna,2005-07-29,24.940000000000005,6,6,2417
488,SHANE MILLARD,Mexico,La Paz,2005-08-22,24.940000000000005,6,6,2417
499,MARC OUTLAW,Italy,Brindisi,2005-07-12,24.940000000000005,6,6,2417
526,KARL SEAL,United States,Cape Coral,2005-06-18,24.940000000000005,6,6,2417
526,KARL SEAL,United States,Cape Coral,2005-07-28,24.940000000000005,6,6,2417
574,JULIAN VEST,Japan,Akishima,2005-07-31,24.940000000000005,6,6,2417
588,MARION OCAMPO,China,Weifang,2005-07-11,24.940000000000005,6,6,2417
18,CAROL GARCIA,Nigeria,Kaduna,2005-08-01,24.94,6,6,2440
88,BONNIE HUGHES,South Korea,Cheju,2005-08-01,24.94,6,6,2440
90,RUBY WASHINGTON,China,Meixian,2005-07-29,24.94,6,6,2440
96,DIANA ALEXANDER,United States,Augusta-Richmond County,2005-08-20,24.94,6,6,2440
98,LILLIAN GRIFFIN,United Arab Emirates,al-Ayn,2005-07-29,24.94,6,6,2440
120,SYLVIA ORTIZ,Colombia,Dos Quebradas,2005-07-09,24.94,6,6,2440
216,NATALIE MEYER,Brazil,Aparecida de Goinia,2005-08-22,24.94,6,6,2440
233,LILLIE KIM,Egypt,Idfu,2005-07-31,24.94,6,6,2440
273,PRISCILLA LOWE,Mexico,Salamanca,2005-08-21,24.94,6,5,2440
299,JAMES GANNON,Japan,Hiroshima,2005-08-01,24.94,6,6,2440
326,JOSE ANDREW,Saint Vincent and the Grenadines,Kingstown,2005-07-29,24.94,6,6,2440
420,JACOB LANCE,United States,El Monte,2005-07-11,24.94,6,6,2440
467,ALVIN DELOACH,Mexico,Cuauhtmoc,2005-08-21,24.94,6,6,2440
483,VERNON CHAPA,Turkey,Denizli,2005-08-01,24.94,6,6,2440
29,ANGELA HERNANDEZ,Japan,Shimonoseki,2005-07-31,24.939999999999998,6,6,2454
163,CATHY SPENCER,Japan,Kakamigahara,2005-07-12,24.939999999999998,6,6,2454
168,REGINA BERRY,China,Jinchang,2005-07-10,24.939999999999998,6,6,2454
251,VICKIE BREWER,Germany,Halle/Saale,2005-07-11,24.939999999999998,6,6,2454
251,VICKIE BREWER,Germany,Halle/Saale,2005-08-01,24.939999999999998,6,6,2454
382,VICTOR BARKLEY,United States,Manchester,2005-07-31,24.939999999999998,6,6,2454
472,GREG ROBINS,Vietnam,Nam Dinh,2005-06-21,24.939999999999998,6,6,2454
576,MORRIS MCCARTER,Taiwan,Fengshan,2005-07-10,24.939999999999998,6,6,2454
579,DARYL LARUE,Iraq,Mosul,2005-07-30,24.939999999999998,6,6,2454
589,TRACY HERRMANN,Ecuador,Loja,2005-07-30,24.939999999999998,6,6,2454
590,SETH HANNON,Bahrain,al-Manama,2005-07-31,24.939999999999998,6,6,2454
597,FREDDIE DUGGAN,Peru,Sullana,2005-08-22,24.939999999999998,6,6,2454
325,TIMOTHY BUNN,Brazil,Braslia,2005-08-22,24.939999999999994,6,6,2466
79,RACHEL BARNES,Japan,Kamakura,2005-07-10,24.930000000000007,7,7,2467
268,NINA SOTO,India,Palghat (Palakkad),2005-06-20,24.930000000000007,7,7,2467
303,WILLIAM SATTERFIELD,Yemen,Sanaa,2005-08-02,24.930000000000007,7,7,2467
313,DONALD MAHON,China,Ezhou,2005-08-23,24.930000000000007,7,7,2467
407,DALE RATCLIFF,South Africa,Rustenburg,2005-08-21,24.930000000000007,7,7,2467
27,SHIRLEY ALLEN,Philippines,Davao,2005-07-12,24.930000000000003,7,7,2472
54,TERESA ROGERS,Japan,Iwakuni,2005-07-12,24.930000000000003,7,7,2472
62,JOAN COOPER,United States,Saint Louis,2005-06-21,24.930000000000003,7,7,2472
86,JACQUELINE LONG,Thailand,Songkhla,2005-06-21,24.930000000000003,7,7,2472
196,ALMA AUSTIN,Germany,Mannheim,2005-08-23,24.930000000000003,7,7,2472
202,CARLA GUTIERREZ,India,Bhusawal,2005-07-30,24.930000000000003,7,7,2472
339,WALTER PERRYMAN,China,Xinxiang,2005-07-11,24.930000000000003,7,7,2472
376,RANDY GAITHER,Russian Federation,Kurgan,2005-08-22,24.930000000000003,7,7,2472
379,CARLOS COUGHLIN,India,Bhavnagar,2005-08-21,24.930000000000003,7,7,2472
448,MIGUEL BETANCOURT,Germany,Erlangen,2005-07-08,24.930000000000003,7,7,2472
500,REGINALD KINDER,Indonesia,Madiun,2005-08-02,24.930000000000003,7,7,2472
596,ENRIQUE FORSYTHE,Greece,Patras,2005-08-21,24.930000000000003,7,7,2472
64,JUDITH COX,China,Daxian,2005-07-31,24.93,7,7,2484
107,FLORENCE WOODS,Argentina,Merlo,2005-06-20,24.93,7,7,2484
117,EDITH MCDONALD,India,Gandhinagar,2005-08-23,24.93,7,7,2484
185,ROBERTA HARPER,Iran,Shahr-e Kord,2005-07-30,24.93,7,7,2484
335,GREGORY MAULDIN,Tunisia,Sousse,2005-07-09,24.93,7,7,2484
457,BILL GAVIN,United States,Rockford,2005-06-19,24.93,7,7,2484
458,LLOYD DOWD,Indonesia,Tegal,2005-08-23,24.93,7,7,2484
514,FRANKLIN TROUTMAN,China,Zaoyang,2005-08-19,24.93,7,7,2484
581,VIRGIL WOFFORD,Mexico,Jos Azueta,2005-08-23,24.93,7,7,2484
588,MARION OCAMPO,China,Weifang,2005-08-22,24.93,7,7,2484
100,ROBIN HAYES,Russian Federation,Jelets,2005-08-02,24.929999999999996,7,7,2494
126,ELLEN SIMPSON,Brazil,Po,2005-07-10,24.929999999999996,7,7,2494
218,VERA MCCOY,Afghanistan,Kabul,2005-08-23,24.929999999999996,7,7,2494
339,WALTER PERRYMAN,China,Xinxiang,2005-08-20,24.929999999999996,7,7,2494
347,RYAN SALISBURY,Latvia,Daugavpils,2005-07-11,24.929999999999996,7,7,2494
452,TOM MILNER,United Arab Emirates,Abu Dhabi,2005-08-21,24.929999999999996,7,7,2494
577,CLIFTON MALCOLM,Taiwan,Tanshui,2005-08-23,24.929999999999996,7,7,2494
286,VELMA LUCAS,Nigeria,Effon-Alaiye,2005-07-30,24.929999999999993,7,7,2501
403,MIKE WAY,India,Valparai,2005-08-21,24.929999999999986,7,7,2502
244,VIOLA HANSON,Philippines,Lapu-Lapu,2005-08-22,24.92000000000001,8,8,2503
21,MICHELLE CLARK,Bangladesh,Tangail,2005-08-02,24.920000000000005,8,8,2504
152,ALICIA MILLS,India,Nagaon,2005-08-20,24.920000000000005,8,8,2504
190,YOLANDA WEAVER,Tanzania,Tabora,2005-08-21,24.920000000000005,8,7,2504
38,MARTHA GONZALEZ,Moldova,Chisinau,2005-07-30,24.92,8,8,2507
66,JANICE WARD,Sweden,Malm,2005-08-21,24.92,8,8,2507
342,HAROLD MARTINO,Brazil,Boa Vista,2005-08-01,24.92,8,8,2507
362,NICHOLAS BARFIELD,Brazil,Belm,2005-07-29,24.92,8,8,2507
157,DARLENE ROSE,North Korea,Pyongyang,2005-07-29,24.910000000000004,9,9,2511
177,SAMANTHA DUNCAN,Mexico,Matamoros,2005-08-02,24.91,9,9,2512
314,GEORGE LINTON,Brazil,Sorocaba,2005-07-12,24.91,9,8,2512
215,JESSIE BANKS,Bulgaria,Stara Zagora,2005-08-23,24.900000000000006,10,10,2514
178,MARION SNYDER,Brazil,Santa Brbara dOeste,2005-08-19,23.950000000000024,5,5,2515
241,HEIDI LARSON,China,Xiangfan,2005-08-21,23.95000000000001,5,5,2516
293,MAE FLETCHER,Spain,Donostia-San Sebastin,2005-08-20,23.95000000000001,5,5,2516
406,NATHAN RUNYON,"Virgin Islands, U.S.",Charlotte Amalie,2005-08-21,23.95000000000001,5,5,2516
426,BRADLEY MOTLEY,India,Purnea (Purnia),2005-08-19,23.95000000000001,5,5,2516
409,RODNEY MOELLER,Nigeria,Deba Habe,2005-08-21,23.950000000000006,5,5,2520
463,DARRELL POWER,Canada,Halifax,2005-08-21,23.950000000000006,5,5,2520
563,KEN PREWITT,Romania,Bucuresti,2005-07-29,23.950000000000006,5,5,2520
19,RUTH MARTINEZ,South Africa,Kimberley,2005-05-28,23.950000000000003,5,5,2523
37,PAMELA BAKER,China,Nanyang,2005-08-02,23.950000000000003,5,5,2523
53,HEATHER MORRIS,Japan,Nagareyama,2005-05-30,23.950000000000003,5,5,2523
55,DORIS REED,Russian Federation,Balaiha,2005-07-31,23.950000000000003,5,5,2523
68,NICOLE PETERSON,India,Shivapuri,2005-08-02,23.950000000000003,5,5,2523
70,CHRISTINA RAMIREZ,Saudi Arabia,al-Hawiya,2005-08-19,23.950000000000003,5,5,2523
88,BONNIE HUGHES,South Korea,Cheju,2005-07-29,23.950000000000003,5,5,2523
90,RUBY WASHINGTON,China,Meixian,2005-07-28,23.950000000000003,5,5,2523
103,GLADYS HAMILTON,Nigeria,Ilorin,2005-07-07,23.950000000000003,5,5,2523
122,THELMA MURRAY,Peru,Lima,2005-08-21,23.950000000000003,5,4,2523
131,MONICA HICKS,Ukraine,Mukateve,2005-07-30,23.950000000000003,5,5,2523
147,JOANNE ROBERTSON,Japan,Urawa,2005-08-20,23.950000000000003,5,5,2523
157,DARLENE ROSE,North Korea,Pyongyang,2005-08-19,23.950000000000003,5,5,2523
167,SALLY PIERCE,India,Chandrapur,2005-08-20,23.950000000000003,5,5,2523
168,REGINA BERRY,China,Jinchang,2005-08-18,23.950000000000003,5,5,2523
221,BESSIE MORRISON,Italy,Syrakusa,2005-06-21,23.950000000000003,5,5,2523
233,LILLIE KIM,Egypt,Idfu,2005-07-29,23.950000000000003,5,5,2523
247,STELLA MORENO,Mexico,Coacalco de Berriozbal,2005-08-19,23.950000000000003,5,5,2523
307,JOSEPH JOY,Brazil,Angra dos Reis,2005-07-10,23.950000000000003,5,5,2523
320,ANTHONY SCHWAB,American Samoa,Tafuna,2005-06-20,23.950000000000003,5,5,2523
323,MATTHEW MAHAN,Mexico,Cuautla,2005-07-28,23.950000000000003,5,5,2523
341,PETER MENARD,Netherlands,Ede,2005-06-19,23.950000000000003,5,5,2523
341,PETER MENARD,Netherlands,Ede,2005-08-02,23.950000000000003,5,5,2523
385,PHILLIP HOLM,Japan,Tama,2005-08-19,23.950000000000003,5,5,2523
402,LUIS YANEZ,France,Brest,2005-07-08,23.950000000000003,5,5,2523
411,NORMAN CURRIER,Indonesia,Cianjur,2005-08-21,23.950000000000003,5,5,2523
438,BARRY LOVELACE,Zambia,Kitwe,2005-08-19,23.950000000000003,5,5,2523
440,BERNARD COLBY,India,Dhule (Dhulia),2005-07-30,23.950000000000003,5,5,2523
483,VERNON CHAPA,Turkey,Denizli,2005-07-29,23.950000000000003,5,5,2523
518,GABRIEL HARDER,Turkey,Sivas,2005-07-12,23.950000000000003,5,5,2523
532,NEIL RENNER,Vietnam,Cam Ranh,2005-07-09,23.950000000000003,5,5,2523
540,TYRONE ASHER,Bulgaria,Ruse,2005-07-11,23.950000000000003,5,5,2523
548,ALLAN CORNISH,Philippines,Tarlac,2005-07-12,23.950000000000003,5,5,2523
558,JIMMIE EGGLESTON,Poland,Wroclaw,2005-07-08,23.950000000000003,5,5,2523
567,ALFREDO MCADAMS,Russian Federation,Serpuhov,2005-07-30,23.950000000000003,5,5,2523
578,WILLARD LUMPKIN,Mexico,Carmen,2005-07-31,23.950000000000003,5,5,2523
598,WADE DELVALLE,Switzerland,Lausanne,2005-07-10,23.950000000000003,5,5,2523
125,ETHEL WEBB,South Africa,Boksburg,2005-07-11,23.95,5,5,2560
149,VALERIE BLACK,United States,Brockton,2005-08-02,23.95,5,5,2560
180,STACY CUNNINGHAM,Colombia,Pereira,2005-07-10,23.95,5,5,2560
211,STACEY MONTGOMERY,China,Fuyu,2005-07-08,23.95,5,5,2560
237,TANYA GILBERT,South Korea,Naju,2005-07-28,23.95,5,5,2560
297,SHERRI RHODES,India,Ahmadnagar,2005-06-18,23.95,5,5,2560
382,VICTOR BARKLEY,United States,Manchester,2005-07-30,23.95,5,5,2560
387,JESSE SCHILLING,"Congo, The Democratic Republic of the",Lubumbashi,2005-08-19,23.95,5,5,2560
472,GREG ROBINS,Vietnam,Nam Dinh,2005-06-20,23.95,5,5,2560
541,DARREN WINDHAM,Italy,Livorno,2005-08-20,23.95,5,5,2560
564,BOB PFEIFFER,China,Xintai,2005-07-30,23.95,5,5,2560
44,MARIE TURNER,Russian Federation,Lipetsk,2005-08-22,23.949999999999996,5,5,2571
89,JULIA FLORES,Argentina,La Plata,2005-07-28,23.949999999999996,5,5,2571
319,RONALD WEINER,Mexico,San Felipe del Progreso,2005-07-10,23.949999999999996,5,5,2571
325,TIMOTHY BUNN,Brazil,Braslia,2005-08-21,23.949999999999996,5,5,2571
375,AARON SELBY,"Congo, The Democratic Republic of the",Mwene-Ditu,2005-08-23,23.949999999999996,5,5,2571
480,COREY HAUSER,Turkey,Gaziantep,2005-08-22,23.949999999999996,5,5,2571
516,ELMER NOE,Cambodia,Battambang,2005-07-29,23.949999999999996,5,5,2571
544,CODY NOLEN,Brazil,So Bernardo do Campo,2005-08-02,23.949999999999996,5,5,2571
371,BILLY POULIN,Philippines,Cabuyao,2005-07-31,23.949999999999992,5,5,2579
437,RANDALL NEUMANN,Dominican Republic,La Romana,2005-08-22,23.949999999999992,5,5,2579
241,HEIDI LARSON,China,Xiangfan,2005-07-31,23.94000000000001,6,6,2581
42,CAROLYN PEREZ,Thailand,Pak Kret,2005-07-12,23.940000000000005,6,6,2582
83,LOUISE JENKINS,South Africa,Springs,2005-07-12,23.940000000000005,6,6,2582
97,ANNIE RUSSELL,Mozambique,Tete,2005-07-09,23.940000000000005,6,6,2582
101,PEGGY MYERS,Saudi Arabia,Abha,2005-07-12,23.940000000000005,6,6,2582
116,VICTORIA GIBSON,Indonesia,Pemalang,2005-07-12,23.940000000000005,6,6,2582
151,MEGAN PALMER,China,Laiwu,2005-08-22,23.940000000000005,6,6,2582
179,DANA HART,Russian Federation,Kirovo-Tepetsk,2005-08-21,23.940000000000005,6,6,2582
193,KATIE ELLIOTT,Kenya,Kisumu,2005-08-01,23.940000000000005,6,6,2582
196,ALMA AUSTIN,Germany,Mannheim,2005-08-21,23.940000000000005,6,6,2582
200,JEANNE LAWSON,Turkmenistan,Ashgabat,2005-08-01,23.940000000000005,6,6,2582
290,KRISTINA CHAMBERS,Venezuela,Valle de la Pascua,2005-08-20,23.940000000000005,6,6,2582
335,GREGORY MAULDIN,Tunisia,Sousse,2005-08-01,23.940000000000005,6,6,2582
384,ERNEST STEPP,China,Huaian,2005-08-22,23.940000000000005,6,6,2582
439,ALEXANDER FENNELL,Italy,Bergamo,2005-06-21,23.940000000000005,6,6,2582
442,LEROY BUSTAMANTE,China,Tongliao,2005-07-08,23.940000000000005,6,6,2582
479,ZACHARY HITE,United States,Akron,2005-06-19,23.940000000000005,6,6,2582
569,DAVE GARDINER,China,Leshan,2005-08-19,23.940000000000005,6,6,2582
596,ENRIQUE FORSYTHE,Greece,Patras,2005-08-20,23.940000000000005,6,6,2582
31,BRENDA WRIGHT,India,Kamarhati,2005-06-18,23.94,6,6,2600
38,MARTHA GONZALEZ,Moldova,Chisinau,2005-07-09,23.94,6,6,2600
51,ALICE STEWART,United States,Fontana,2005-08-19,23.94,6,6,2600
99,EMILY DIAZ,South Korea,Kimchon,2005-07-08,23.94,6,6,2600
121,JOSEPHINE GOMEZ,India,Etawah,2005-08-19,23.94,6,6,2600
154,MICHELE GRANT,China,Yuncheng,2005-07-09,23.94,6,6,2600
166,LYNN PAYNE,Malawi,Lilongwe,2005-07-09,23.94,6,6,2600
197,SUE PETERS,China,Changzhou,2005-06-17,23.94,6,6,2600
215,JESSIE BANKS,Bulgaria,Stara Zagora,2005-06-20,23.94,6,6,2600
282,JENNY CASTRO,Puerto Rico,Ponce,2005-07-09,23.94,6,6,2600
290,KRISTINA CHAMBERS,Venezuela,Valle de la Pascua,2005-07-30,23.94,6,6,2600
294,SHELLY WATTS,United States,Dayton,2005-07-31,23.94,6,6,2600
299,JAMES GANNON,Japan,Hiroshima,2005-08-21,23.94,6,6,2600
341,PETER MENARD,Netherlands,Ede,2005-08-22,23.94,6,6,2600
435,RICKY SHELBY,China,Junan,2005-07-31,23.94,6,6,2600
445,MICHEAL FORMAN,Argentina,Escobar,2005-07-31,23.94,6,6,2600
496,TYLER WREN,China,Rizhao,2005-07-10,23.94,6,6,2600
511,CHESTER BENNER,China,Suihua,2005-08-01,23.94,6,6,2600
82,KATHRYN COLEMAN,Ukraine,Simferopol,2005-08-22,23.939999999999998,6,6,2618
126,ELLEN SIMPSON,Brazil,Po,2005-07-09,23.939999999999998,6,6,2618
183,IDA ANDREWS,Brazil,Luzinia,2005-08-02,23.939999999999998,6,6,2618
218,VERA MCCOY,Afghanistan,Kabul,2005-08-22,23.939999999999998,6,6,2618
220,CHARLENE ALVAREZ,Tanzania,Zanzibar,2005-08-19,23.939999999999998,6,6,2618
231,GEORGIA JACOBS,India,Uttarpara-Kotrung,2005-07-10,23.939999999999998,6,6,2618
261,DEANNA BYRD,Philippines,Tuguegarao,2005-06-21,23.939999999999998,6,6,2618
305,RICHARD MCCRARY,United States,Arlington,2005-08-23,23.939999999999998,6,6,2618
339,WALTER PERRYMAN,China,Xinxiang,2005-08-01,23.939999999999998,6,6,2618
347,RYAN SALISBURY,Latvia,Daugavpils,2005-07-29,23.939999999999998,6,6,2618
381,BOBBY BOUDREAU,Anguilla,South Hill,2005-08-19,23.939999999999998,6,6,2618
444,MARCUS HIDALGO,Estonia,Tartu,2005-08-02,23.939999999999998,6,6,2618
452,TOM MILNER,United Arab Emirates,Abu Dhabi,2005-08-20,23.939999999999998,6,6,2618
484,ROBERTO VU,China,Yinchuan,2005-08-20,23.939999999999998,6,6,2618
492,LESTER KRAUS,India,Kanchrapara,2005-07-11,23.939999999999998,6,6,2618
535,JAVIER ELROD,Chad,NDjamna,2005-08-01,23.939999999999998,6,6,2618
538,TED BREAUX,China,Baicheng,2005-08-22,23.939999999999998,6,6,2618
545,JULIO NOLAND,Ukraine,Konotop,2005-08-02,23.939999999999998,6,6,2618
594,EDUARDO HIATT,China,Jining,2005-06-21,23.939999999999998,6,6,2618
213,GINA WILLIAMSON,Yemen,Taizz,2005-07-30,23.939999999999994,6,6,2637
277,OLGA JIMENEZ,Nigeria,Ogbomosho,2005-07-10,23.939999999999994,6,6,2637
289,VIOLET RODRIQUEZ,Hong Kong,Kowloon and New Kowloon,2005-07-10,23.939999999999994,6,6,2637
410,CURTIS IRBY,Canada,Richmond Hill,2005-07-30,23.939999999999994,6,6,2637
468,TIM CARY,India,Bijapur,2005-06-19,23.939999999999994,6,6,2637
113,CINDY FISHER,Venezuela,Cuman,2005-08-01,23.93999999999999,6,6,2642
75,TAMMY SANDERS,Taiwan,Changhwa,2005-08-23,23.930000000000014,7,7,2643
132,ESTHER CRAWFORD,South Africa,Botshabelo,2005-07-09,23.930000000000007,7,7,2644
188,MELANIE ARMSTRONG,Philippines,Bayugan,2005-08-23,23.930000000000007,7,7,2644
227,COLLEEN BURTON,Germany,Saarbrcken,2005-07-31,23.930000000000007,7,7,2644
8,SUSAN WILSON,New Zealand,Hamilton,2005-07-09,23.930000000000003,7,6,2647
32,AMY LOPEZ,India,Jhansi,2005-07-10,23.930000000000003,7,7,2647
161,GERALDINE PERKINS,Israel,Tel Aviv-Jaffa,2005-08-01,23.930000000000003,7,7,2647
401,TONY CARRANZA,Japan,Koriyama,2005-08-21,23.930000000000003,7,7,2647
405,LEONARD SCHOFIELD,Argentina,Tandil,2005-08-01,23.930000000000003,7,7,2647
76,IRENE PRICE,Kazakstan,Pavlodar,2005-08-01,23.93,7,7,2652
187,BRITTANY RILEY,Ukraine,Sumy,2005-06-21,23.93,7,7,2652
290,KRISTINA CHAMBERS,Venezuela,Valle de la Pascua,2005-07-12,23.93,7,7,2652
299,JAMES GANNON,Japan,Hiroshima,2005-07-12,23.93,7,7,2652
332,STEPHEN QUALLS,Bangladesh,Dhaka,2005-07-09,23.93,7,7,2652
370,WAYNE TRUONG,India,Gulbarga,2005-08-01,23.93,7,7,2652
413,MARVIN YEE,India,Berhampore (Baharampur),2005-08-21,23.93,7,7,2652
251,VICKIE BREWER,Germany,Halle/Saale,2005-08-21,23.929999999999996,7,7,2659
282,JENNY CASTRO,Puerto Rico,Ponce,2005-07-30,23.929999999999996,7,7,2659
357,KEITH RICO,Slovakia,Bratislava,2005-07-12,23.929999999999996,7,7,2659
371,BILLY POULIN,Philippines,Cabuyao,2005-06-21,23.929999999999996,7,7,2659
447,CLIFFORD BOWENS,Russian Federation,Nabereznyje Telny,2005-07-12,23.929999999999996,7,7,2659
452,TOM MILNER,United Arab Emirates,Abu Dhabi,2005-07-08,23.929999999999996,7,7,2659
102,CRYSTAL FORD,Israel,Ashdod,2005-07-30,23.92000000000001,8,8,2665
397,JIMMY SCHRADER,Russian Federation,Atinsk,2005-08-21,23.92000000000001,8,8,2665
463,DARRELL POWER,Canada,Halifax,2005-08-02,23.92000000000001,8,8,2665
592,TERRANCE ROUSH,Hungary,Szkesfehrvr,2005-07-30,23.920000000000005,8,8,2668
16,SANDRA MARTIN,United Kingdom,Southend-on-Sea,2005-08-02,23.92,8,8,2669
182,RENEE LANE,United States,Compton,2005-07-10,23.92,8,8,2669
275,CAROLE BARNETT,United States,Peoria,2005-08-20,23.92,8,8,2669
329,FRANK WAGGONER,Bangladesh,Jamalpur,2005-06-20,23.92,8,8,2669
8,SUSAN WILSON,New Zealand,Hamilton,2005-07-12,23.919999999999998,8,7,2673
78,LORI WOOD,India,Rae Bareli,2005-07-11,23.919999999999998,8,8,2673
104,RITA GRAHAM,France,Toulon,2005-08-22,23.919999999999998,8,8,2673
77,JANE BENNETT,Brazil,Araatuba,2005-08-02,23.910000000000004,9,9,2676
419,CHAD CARBONE,India,Katihar,2005-07-12,23.909999999999997,9,9,2677
75,TAMMY SANDERS,Taiwan,Changhwa,2005-07-12,23.900000000000006,10,10,2678
461,DEREK BLAKELY,Philippines,Gingoog,2005-08-02,23.900000000000002,10,10,2679
292,MISTY LAMBERT,United Arab Emirates,Sharja,2005-08-22,22.950000000000017,5,5,2680
423,ALFRED CASILLAS,Egypt,Sawhaj,2005-08-23,22.950000000000017,5,5,2680
423,ALFRED CASILLAS,Egypt,Sawhaj,2005-08-22,22.950000000000014,5,5,2682
79,RACHEL BARNES,Japan,Kamakura,2005-07-31,22.95000000000001,5,5,2683
179,DANA HART,Russian Federation,Kirovo-Tepetsk,2005-08-20,22.950000000000006,5,5,2684
256,MABEL HOLLAND,Myanmar,Monywa,2005-08-20,22.950000000000006,5,5,2684
352,ALBERT CROUSE,Cameroon,Bamenda,2005-08-18,22.950000000000006,5,5,2684
443,FRANCISCO SKIDMORE,Brazil,So Leopoldo,2005-08-21,22.950000000000006,5,5,2684
20,SHARON ROBINSON,Pakistan,Mardan,2005-07-30,22.950000000000003,5,5,2688
22,LAURA RODRIGUEZ,Morocco,Sal,2005-08-20,22.950000000000003,5,5,2688
34,REBECCA SCOTT,Japan,Kurashiki,2005-07-10,22.950000000000003,5,5,2688
43,CHRISTINE ROBERTS,French Polynesia,Faaa,2005-08-22,22.950000000000003,5,5,2688
59,CHERYL MURPHY,India,Mysore,2005-08-21,22.950000000000003,5,5,2688
66,JANICE WARD,Sweden,Malm,2005-07-07,22.950000000000003,5,5,2688
74,DENISE KELLY,Brazil,Rio Claro,2005-07-11,22.950000000000003,5,5,2688
101,PEGGY MYERS,Saudi Arabia,Abha,2005-07-29,22.950000000000003,5,5,2688
105,DAWN SULLIVAN,Tuvalu,Funafuti,2005-07-12,22.950000000000003,5,5,2688
111,CARMEN OWENS,Venezuela,Caracas,2005-07-12,22.950000000000003,5,5,2688
120,SYLVIA ORTIZ,Colombia,Dos Quebradas,2005-07-08,22.950000000000003,5,5,2688
128,MARJORIE TUCKER,Poland,Jastrzebie-Zdrj,2005-07-30,22.950000000000003,5,5,2688
133,PAULINE HENRY,Mexico,Torren,2005-07-09,22.950000000000003,5,5,2688
148,ELEANOR HUNT,Runion,Saint-Denis,2005-06-19,22.950000000000003,5,5,2688
154,MICHELE GRANT,China,Yuncheng,2005-07-08,22.950000000000003,5,5,2688
156,BERTHA FERGUSON,Nigeria,Ondo,2005-08-01,22.950000000000003,5,5,2688
161,GERALDINE PERKINS,Israel,Tel Aviv-Jaffa,2005-07-09,22.950000000000003,5,5,2688
173,AUDREY RAY,Austria,Graz,2005-07-30,22.950000000000003,5,5,2688
192,LAURIE LAWRENCE,India,Firozabad,2005-07-31,22.950000000000003,5,5,2688
194,KRISTEN CHAVEZ,Japan,Hino,2005-08-23,22.950000000000003,5,5,2688
201,VICKI FIELDS,Germany,Witten,2005-08-20,22.950000000000003,5,5,2688
202,CARLA GUTIERREZ,India,Bhusawal,2005-07-10,22.950000000000003,5,5,2688
206,TERRI VASQUEZ,Brazil,Blumenau,2005-07-30,22.950000000000003,5,5,2688
207,GERTRUDE CASTILLO,Greenland,Nuuk,2005-07-08,22.950000000000003,5,5,2688
233,LILLIE KIM,Egypt,Idfu,2005-07-10,22.950000000000003,5,5,2688
235,JACKIE LYNCH,Colombia,Buenaventura,2005-07-10,22.950000000000003,5,5,2688
244,VIOLA HANSON,Philippines,Lapu-Lapu,2005-07-31,22.950000000000003,5,5,2688
247,STELLA MORENO,Mexico,Coacalco de Berriozbal,2005-07-09,22.950000000000003,5,5,2688
249,DORA MEDINA,China,Tianjin,2005-08-02,22.950000000000003,5,5,2688
272,KAY CALDWELL,China,Yantai,2005-08-20,22.950000000000003,5,5,2688
279,DIANNE SHELTON,Iran,Tabriz,2005-08-02,22.950000000000003,5,5,2688
297,SHERRI RHODES,India,Ahmadnagar,2005-08-19,22.950000000000003,5,5,2688
341,PETER MENARD,Netherlands,Ede,2005-08-21,22.950000000000003,5,5,2688
345,CARL ARTIS,Paraguay,San Lorenzo,2005-07-11,22.950000000000003,5,5,2688
351,JACK FOUST,Russian Federation,Zeleznogorsk,2005-08-23,22.950000000000003,5,5,2688
363,ROY WHITING,Kenya,Nyeri,2005-06-21,22.950000000000003,5,5,2688
389,ALAN KAHN,China,Emeishan,2005-08-21,22.950000000000003,5,5,2688
394,CHRIS BROTHERS,Spain,Gijn,2005-07-09,22.950000000000003,5,5,2688
400,BRYAN HARDISON,United States,Dallas,2005-07-31,22.950000000000003,5,5,2688
427,JESUS MCCARTNEY,Brazil,Guaruj,2005-07-12,22.950000000000003,5,5,2688
431,JOEL FRANCISCO,Bolivia,Sucre,2005-08-02,22.950000000000003,5,5,2688
432,EDWIN BURK,South Africa,Newcastle,2005-08-23,22.950000000000003,5,5,2688
434,EDDIE TOMLIN,Philippines,Ozamis,2005-06-18,22.950000000000003,5,5,2688
439,ALEXANDER FENNELL,Italy,Bergamo,2005-07-10,22.950000000000003,5,5,2688
479,ZACHARY HITE,United States,Akron,2005-07-10,22.950000000000003,5,5,2688
484,ROBERTO VU,China,Yinchuan,2005-07-10,22.950000000000003,5,5,2688
486,GLEN TALBERT,Mexico,Acua,2005-07-31,22.950000000000003,5,5,2688
491,RICK MATTOX,Egypt,Mit Ghamr,2005-06-18,22.950000000000003,5,5,2688
502,BRETT CORNWELL,India,Siliguri (Shiliguri),2005-07-11,22.950000000000003,5,5,2688
523,HARVEY GUAJARDO,Vietnam,Vinh,2005-07-12,22.950000000000003,5,5,2688
566,CASEY MENA,Turkey,Tokat,2005-07-11,22.950000000000003,5,5,2688
74,DENISE KELLY,Brazil,Rio Claro,2005-08-01,22.95,5,5,2739
126,ELLEN SIMPSON,Brazil,Po,2005-07-08,22.95,5,5,2739
163,CATHY SPENCER,Japan,Kakamigahara,2005-07-11,22.95,5,5,2739
178,MARION SNYDER,Brazil,Santa Brbara dOeste,2005-06-17,22.95,5,5,2739
261,DEANNA BYRD,Philippines,Tuguegarao,2005-06-18,22.95,5,5,2739
299,JAMES GANNON,Japan,Hiroshima,2005-06-20,22.95,5,5,2739
399,DANNY ISOM,Pakistan,Okara,2005-08-02,22.95,5,5,2739
517,BRAD MCCURDY,Taiwan,Chungho,2005-06-20,22.95,5,5,2739
30,MELISSA KING,Taiwan,Lungtan,2005-07-28,22.949999999999996,5,5,2747
164,JOANN GARDNER,Turkey,Tarsus,2005-08-02,22.949999999999996,5,5,2747
267,MARGIE WADE,China,Lengshuijiang,2005-07-30,22.949999999999996,5,5,2747
467,ALVIN DELOACH,Mexico,Cuauhtmoc,2005-07-11,22.949999999999996,5,5,2747
468,TIM CARY,India,Bijapur,2005-06-18,22.949999999999996,5,5,2747
485,CLYDE TOBIAS,China,Shaoguan,2005-07-30,22.949999999999996,5,5,2747
550,GUY BROWNLEE,China,Zhoushan,2005-07-30,22.949999999999996,5,5,2747
574,JULIAN VEST,Japan,Akishima,2005-08-22,22.94000000000001,6,6,2754
17,DONNA THOMPSON,Russian Federation,Elista,2005-08-23,22.940000000000005,6,6,2755
24,KIMBERLY LEE,Argentina,Crdoba,2005-08-19,22.940000000000005,6,6,2755
38,MARTHA GONZALEZ,Moldova,Chisinau,2005-08-22,22.940000000000005,6,6,2755
68,NICOLE PETERSON,India,Shivapuri,2005-07-12,22.940000000000005,6,6,2755
111,CARMEN OWENS,Venezuela,Caracas,2005-06-21,22.940000000000005,6,6,2755
123,SHANNON FREEMAN,India,Varanasi (Benares),2005-07-29,22.940000000000005,6,6,2755
144,CLARA SHAW,Belarus,Molodetno,2005-06-21,22.940000000000005,6,6,2755
152,ALICIA MILLS,India,Nagaon,2005-08-19,22.940000000000005,6,6,2755
155,GAIL KNIGHT,Switzerland,Bern,2005-08-22,22.940000000000005,6,6,2755
176,JUNE CARROLL,Algeria,Skikda,2005-07-29,22.940000000000005,6,6,2755
219,WILLIE HOWELL,Argentina,Vicente Lpez,2005-08-22,22.940000000000005,6,6,2755
257,MARSHA DOUGLAS,Mozambique,Beira,2005-07-28,22.940000000000005,6,6,2755
307,JOSEPH JOY,Brazil,Angra dos Reis,2005-06-21,22.940000000000005,6,6,2755
316,STEVEN CURLEY,India,Miraj,2005-07-29,22.940000000000005,6,6,2755
328,JEFFREY SPEAR,Indonesia,Ciparay,2005-08-02,22.940000000000005,6,6,2755
359,WILLIE MARKHAM,Argentina,Almirante Brown,2005-08-02,22.940000000000005,6,6,2755
380,RUSSELL BRINSON,Poland,Tychy,2005-07-28,22.940000000000005,6,6,2755
463,DARRELL POWER,Canada,Halifax,2005-07-31,22.940000000000005,6,6,2755
500,REGINALD KINDER,Indonesia,Madiun,2005-07-12,22.940000000000005,6,6,2755
563,KEN PREWITT,Romania,Bucuresti,2005-08-21,22.940000000000005,6,6,2755
10,DOROTHY TAYLOR,Iran,Esfahan,2005-07-09,22.94,6,6,2775
43,CHRISTINE ROBERTS,French Polynesia,Faaa,2005-07-10,22.94,6,6,2775
85,ANNE POWELL,United Kingdom,Bradford,2005-08-01,22.94,6,6,2775
128,MARJORIE TUCKER,Poland,Jastrzebie-Zdrj,2005-07-11,22.94,6,6,2775
131,MONICA HICKS,Ukraine,Mukateve,2005-07-10,22.94,6,6,2775
210,ELLA OLIVER,Yemen,Aden,2005-07-07,22.94,6,6,2775
275,CAROLE BARNETT,United States,Peoria,2005-08-02,22.94,6,6,2775
283,FELICIA SUTTON,China,Korla,2005-07-08,22.94,6,6,2775
302,MICHAEL SILVERMAN,China,Tiefa,2005-07-12,22.94,6,6,2775
351,JACK FOUST,Russian Federation,Zeleznogorsk,2005-08-02,22.94,6,6,2775
386,TODD TAN,Ukraine,Kamjanets-Podilskyi,2005-08-23,22.94,6,6,2775
417,TRAVIS ESTEP,Saudi Arabia,al-Qatif,2005-08-02,22.94,6,6,2775
425,FRANCIS SIKES,Mexico,San Juan Bautista Tuxtepec,2005-08-23,22.94,6,6,2775
431,JOEL FRANCISCO,Bolivia,Sucre,2005-08-23,22.94,6,6,2775
456,RONNIE RICKETTS,Senegal,Ziguinchor,2005-06-18,22.94,6,6,2775
494,RAMON CHOATE,Ecuador,Robamba,2005-07-08,22.94,6,6,2775
561,IAN STILL,United States,Garland,2005-06-19,22.94,6,6,2775
584,SALVADOR TEEL,Gambia,Banjul,2005-07-30,22.94,6,6,2775
596,ENRIQUE FORSYTHE,Greece,Patras,2005-05-30,22.94,6,6,2775
107,FLORENCE WOODS,Argentina,Merlo,2005-07-11,22.939999999999998,6,6,2794
120,SYLVIA ORTIZ,Colombia,Dos Quebradas,2005-07-31,22.939999999999998,6,6,2794
138,HAZEL WARREN,China,Hohhot,2005-08-22,22.939999999999998,6,6,2794
147,JOANNE ROBERTSON,Japan,Urawa,2005-08-01,22.939999999999998,6,6,2794
168,REGINA BERRY,China,Jinchang,2005-07-30,22.939999999999998,6,6,2794
169,ERICA MATTHEWS,China,Pingxiang,2005-08-22,22.939999999999998,6,6,2794
180,STACY CUNNINGHAM,Colombia,Pereira,2005-08-01,22.939999999999998,6,6,2794
198,ELSIE KELLEY,Nigeria,Ikerre,2005-08-17,22.939999999999998,6,6,2794
239,MINNIE ROMERO,Indonesia,Ciomas,2005-08-19,22.939999999999998,6,6,2794
251,VICKIE BREWER,Germany,Halle/Saale,2005-08-19,22.939999999999998,6,6,2794
277,OLGA JIMENEZ,Nigeria,Ogbomosho,2005-08-02,22.939999999999998,6,6,2794
336,JOSHUA MARK,India,Rampur,2005-08-20,22.939999999999998,6,6,2794
347,RYAN SALISBURY,Latvia,Daugavpils,2005-07-10,22.939999999999998,6,6,2794
357,KEITH RICO,Slovakia,Bratislava,2005-07-11,22.939999999999998,6,6,2794
363,ROY WHITING,Kenya,Nyeri,2005-07-29,22.939999999999998,6,6,2794
371,BILLY POULIN,Philippines,Cabuyao,2005-06-20,22.939999999999998,6,6,2794
410,CURTIS IRBY,Canada,Richmond Hill,2005-06-21,22.939999999999998,6,6,2794
437,RANDALL NEUMANN,Dominican Republic,La Romana,2005-08-02,22.939999999999998,6,6,2794
452,TOM MILNER,United Arab Emirates,Abu Dhabi,2005-07-07,22.939999999999998,6,6,2794
524,JARED ELY,Indonesia,Purwakarta,2005-08-22,22.939999999999998,6,6,2794
525,ADRIAN CLARY,Italy,Udine,2005-07-31,22.939999999999998,6,5,2794
546,KELLY KNOTT,China,Sanya,2005-08-02,22.939999999999998,6,5,2794
572,SIDNEY BURLESON,Poland,Czestochowa,2005-07-30,22.939999999999998,6,6,2794
146,JAMIE RICE,United States,Sterling Heights,2005-08-02,22.939999999999994,6,6,2817
287,BECKY MILES,India,Tambaram,2005-08-22,22.93999999999999,6,6,2818
148,ELEANOR HUNT,Runion,Saint-Denis,2005-08-20,22.939999999999987,6,6,2819
23,SARAH LEWIS,Latvia,Liepaja,2005-08-21,22.930000000000007,7,7,2820
34,REBECCA SCOTT,Japan,Kurashiki,2005-08-20,22.930000000000007,7,7,2820
16,SANDRA MARTIN,United Kingdom,Southend-on-Sea,2005-08-01,22.930000000000003,7,7,2822
46,CATHERINE CAMPBELL,Russian Federation,Moscow,2005-08-19,22.930000000000003,7,7,2822
111,CARMEN OWENS,Venezuela,Caracas,2005-08-02,22.930000000000003,7,7,2822
236,MARCIA DEAN,Philippines,Tanza,2005-07-10,22.930000000000003,7,7,2822
359,WILLIE MARKHAM,Argentina,Almirante Brown,2005-08-23,22.930000000000003,7,7,2822
380,RUSSELL BRINSON,Poland,Tychy,2005-06-20,22.930000000000003,7,7,2822
388,CRAIG MORRELL,Philippines,Cavite,2005-08-18,22.930000000000003,7,7,2822
393,PHILIP CAUSEY,Russian Federation,Korolev,2005-08-20,22.930000000000003,7,7,2822
488,SHANE MILLARD,Mexico,La Paz,2005-07-31,22.930000000000003,7,7,2822
500,REGINALD KINDER,Indonesia,Madiun,2005-08-23,22.930000000000003,7,7,2822
538,TED BREAUX,China,Baicheng,2005-07-31,22.930000000000003,7,7,2822
580,ROSS GREY,Philippines,Iligan,2005-07-11,22.930000000000003,7,7,2822
86,JACQUELINE LONG,Thailand,Songkhla,2005-08-21,22.93,7,7,2834
101,PEGGY MYERS,Saudi Arabia,Abha,2005-08-22,22.93,7,7,2834
104,RITA GRAHAM,France,Toulon,2005-08-21,22.93,7,7,2834
167,SALLY PIERCE,India,Chandrapur,2005-07-31,22.93,7,7,2834
324,GARY COY,China,Yuzhou,2005-07-11,22.93,7,7,2834
353,JONATHAN SCARBOROUGH,Mexico,Pachuca de Soto,2005-08-23,22.93,7,7,2834
444,MARCUS HIDALGO,Estonia,Tartu,2005-08-20,22.93,7,7,2834
450,JAY ROBB,Indonesia,Surakarta,2005-06-20,22.93,7,7,2834
451,JIM REA,Mexico,El Fuerte,2005-06-21,22.93,7,7,2834
452,TOM MILNER,United Arab Emirates,Abu Dhabi,2005-06-19,22.93,7,7,2834
371,BILLY POULIN,Philippines,Cabuyao,2005-07-12,22.929999999999996,7,7,2844
392,SEAN DOUGLASS,Ethiopia,Addis Abeba,2005-08-02,22.929999999999996,7,7,2844
260,CHRISTY VARGAS,China,Datong,2005-07-30,22.92,8,8,2846
270,LEAH CURTIS,Poland,Kalisz,2005-08-23,22.92,8,8,2846
499,MARC OUTLAW,Italy,Brindisi,2005-08-01,22.92,8,8,2846
564,BOB PFEIFFER,China,Xintai,2005-08-21,22.92,8,8,2846
593,RENE MCALISTER,United States,Garden Grove,2005-07-12,22.92,8,8,2846
186,HOLLY FOX,India,Haldia,2005-08-02,22.919999999999998,8,8,2851
91,LOIS BUTLER,Brunei,Bandar Seri Begawan,2005-08-02,22.910000000000007,9,9,2852
435,RICKY SHELBY,China,Junan,2005-08-22,22.910000000000007,9,9,2852
381,BOBBY BOUDREAU,Anguilla,South Hill,2005-08-01,22.910000000000004,9,9,2854
418,JEFF EAST,Dominican Republic,San Felipe de Puerto Plata,2005-08-22,22.909999999999997,9,9,2855
333,ANDREW PURDY,Azerbaijan,Baku,2005-08-20,21.95000000000001,5,5,2856
566,CASEY MENA,Turkey,Tokat,2005-08-20,21.95000000000001,5,5,2856
39,DEBRA NELSON,Brazil,Vila Velha,2005-07-30,21.950000000000006,5,5,2858
368,HARRY ARCE,Iran,Najafabad,2005-07-31,21.950000000000006,5,5,2858
526,KARL SEAL,United States,Cape Coral,2005-07-09,21.950000000000006,5,5,2858
570,IVAN CROMWELL,Mexico,Monclova,2005-07-30,21.950000000000006,5,5,2858
4,BARBARA JONES,Myanmar,Myingyan,2005-07-30,21.950000000000003,5,5,2862
14,BETTY WHITE,United States,Citrus Heights,2005-07-30,21.950000000000003,5,5,2862
39,DEBRA NELSON,Brazil,Vila Velha,2005-06-19,21.950000000000003,5,5,2862
52,JULIE SANCHEZ,Spain,A Corua (La Corua),2005-07-30,21.950000000000003,5,5,2862
55,DORIS REED,Russian Federation,Balaiha,2005-08-21,21.950000000000003,5,5,2862
106,CONNIE WALLACE,Russian Federation,Ivanovo,2005-08-22,21.950000000000003,5,5,2862
111,CARMEN OWENS,Venezuela,Caracas,2005-07-07,21.950000000000003,5,5,2862
140,EVA RAMOS,United States,Clarksville,2005-08-02,21.950000000000003,5,5,2862
155,GAIL KNIGHT,Switzerland,Bern,2005-07-31,21.950000000000003,5,5,2862
165,LORRAINE STEPHENS,China,Hami,2005-08-01,21.950000000000003,5,5,2862
172,BERNICE WILLIS,Turkey,Batman,2005-07-28,21.950000000000003,5,5,2862
176,JUNE CARROLL,Algeria,Skikda,2005-05-31,21.950000000000003,5,5,2862
196,ALMA AUSTIN,Germany,Mannheim,2005-07-10,21.950000000000003,5,5,2862
206,TERRI VASQUEZ,Brazil,Blumenau,2005-07-07,21.950000000000003,5,5,2862
212,WILMA RICHARDS,United States,Bellevue,2005-08-21,21.950000000000003,5,5,2862
219,WILLIE HOWELL,Argentina,Vicente Lpez,2005-07-29,21.950000000000003,5,5,2862
246,MARIAN MENDOZA,Brazil,Maring,2005-07-12,21.950000000000003,5,5,2862
296,RAMONA HALE,India,Patiala,2005-07-10,21.950000000000003,5,5,2862
296,RAMONA HALE,India,Patiala,2005-07-30,21.950000000000003,5,5,2862
316,STEVEN CURLEY,India,Miraj,2005-06-18,21.950000000000003,5,5,2862
330,SCOTT SHELLEY,United States,Aurora,2005-06-20,21.950000000000003,5,5,2862
351,JACK FOUST,Russian Federation,Zeleznogorsk,2005-08-01,21.950000000000003,5,5,2862
360,RALPH MADRIGAL,Puerto Rico,Arecibo,2005-07-11,21.950000000000003,5,5,2862
386,TODD TAN,Ukraine,Kamjanets-Podilskyi,2005-08-20,21.950000000000003,5,5,2862
394,CHRIS BROTHERS,Spain,Gijn,2005-08-21,21.950000000000003,5,5,2862
397,JIMMY SCHRADER,Russian Federation,Atinsk,2005-07-10,21.950000000000003,5,5,2862
400,BRYAN HARDISON,United States,Dallas,2005-08-20,21.950000000000003,5,5,2862
409,RODNEY MOELLER,Nigeria,Deba Habe,2005-07-09,21.950000000000003,5,5,2862
421,LEE HAWKS,India,Pudukkottai,2005-07-29,21.950000000000003,5,5,2862
441,MARIO CHEATHAM,Algeria,Batna,2005-08-22,21.950000000000003,5,5,2862
471,DEAN SAUER,South Africa,Johannesburg,2005-07-12,21.950000000000003,5,5,2862
513,DUANE TUBBS,Nauru,Yangor,2005-07-10,21.950000000000003,5,5,2862
515,ANDRE RAPP,Chile,Coquimbo,2005-06-18,21.950000000000003,5,5,2862
543,LANCE PEMBERTON,Morocco,Beni-Mellal,2005-06-21,21.950000000000003,5,5,2862
547,KURT EMMONS,Japan,Kanazawa,2005-08-22,21.950000000000003,5,5,2862
560,JORDAN ARCHULETA,Argentina,Avellaneda,2005-07-09,21.950000000000003,5,5,2862
561,IAN STILL,United States,Garland,2005-06-18,21.950000000000003,5,5,2862
571,JOHNNIE CHISHOLM,Poland,Plock,2005-06-18,21.950000000000003,5,5,2862
572,SIDNEY BURLESON,Poland,Czestochowa,2005-08-20,21.950000000000003,5,5,2862
27,SHIRLEY ALLEN,Philippines,Davao,2005-07-31,21.95,5,5,2901
29,ANGELA HERNANDEZ,Japan,Shimonoseki,2005-07-10,21.95,5,5,2901
69,JUDY GRAY,Algeria,Bchar,2005-08-19,21.95,5,5,2901
77,JANE BENNETT,Brazil,Araatuba,2005-06-21,21.95,5,5,2901
139,AMBER DIXON,Taiwan,Touliu,2005-07-09,21.95,5,5,2901
260,CHRISTY VARGAS,China,Datong,2005-06-18,21.95,5,5,2901
325,TIMOTHY BUNN,Brazil,Braslia,2005-07-31,21.95,5,5,2901
328,JEFFREY SPEAR,Indonesia,Ciparay,2005-06-21,21.95,5,5,2901
436,TROY QUIGLEY,Canada,Vancouver,2005-08-18,21.95,5,5,2901
541,DARREN WINDHAM,Italy,Livorno,2005-08-02,21.95,5,5,2901
594,EDUARDO HIATT,China,Jining,2005-06-19,21.95,5,5,2901
92,TINA SIMMONS,Brazil,Goinia,2005-07-30,21.949999999999996,5,5,2912
163,CATHY SPENCER,Japan,Kakamigahara,2005-08-20,21.949999999999996,5,5,2912
228,ALLISON STANLEY,Cambodia,Phnom Penh,2005-07-07,21.949999999999996,5,5,2912
273,PRISCILLA LOWE,Mexico,Salamanca,2005-06-21,21.949999999999996,5,5,2912
287,BECKY MILES,India,Tambaram,2005-07-31,21.949999999999996,5,5,2912
289,VIOLET RODRIQUEZ,Hong Kong,Kowloon and New Kowloon,2005-08-01,21.949999999999996,5,5,2912
334,RAYMOND MCWHORTER,Azerbaijan,Sumqayit,2005-08-22,21.949999999999996,5,5,2912
522,ARNOLD HAVENS,Philippines,Santa Rosa,2005-08-21,21.949999999999996,5,5,2912
597,FREDDIE DUGGAN,Peru,Sullana,2005-08-19,21.949999999999996,5,5,2912
148,ELEANOR HUNT,Runion,Saint-Denis,2005-08-19,21.94999999999999,5,5,2921
2,PATRICIA JOHNSON,United States,San Bernardino,2005-08-22,21.94999999999998,5,5,2922
127,ELAINE STEVENS,Russian Federation,Smolensk,2005-08-21,21.940000000000012,6,6,2923
23,SARAH LEWIS,Latvia,Liepaja,2005-07-12,21.940000000000005,6,6,2924
25,DEBORAH WALKER,Pakistan,Shikarpur,2005-07-31,21.940000000000005,6,6,2924
46,CATHERINE CAMPBELL,Russian Federation,Moscow,2005-08-18,21.940000000000005,6,6,2924
66,JANICE WARD,Sweden,Malm,2005-08-02,21.940000000000005,6,6,2924
68,NICOLE PETERSON,India,Shivapuri,2005-08-23,21.940000000000005,6,6,2924
79,RACHEL BARNES,Japan,Kamakura,2005-07-09,21.940000000000005,6,6,2924
103,GLADYS HAMILTON,Nigeria,Ilorin,2005-07-30,21.940000000000005,6,6,2924
116,VICTORIA GIBSON,Indonesia,Pemalang,2005-08-01,21.940000000000005,6,6,2924
204,ROSEMARY SCHMIDT,Turkey,Usak,2005-08-21,21.940000000000005,6,6,2924
211,STACEY MONTGOMERY,China,Fuyu,2005-08-20,21.940000000000005,6,6,2924
229,TAMARA NGUYEN,Brazil,Anpolis,2005-07-11,21.940000000000005,6,6,2924
330,SCOTT SHELLEY,United States,Aurora,2005-07-10,21.940000000000005,6,6,2924
364,BENJAMIN VARNEY,Mexico,Guadalajara,2005-08-20,21.940000000000005,6,6,2924
368,HARRY ARCE,Iran,Najafabad,2005-08-19,21.940000000000005,6,6,2924
457,BILL GAVIN,United States,Rockford,2005-08-20,21.940000000000005,6,6,2924
495,CHARLIE BESS,China,Baiyin,2005-08-23,21.940000000000005,6,6,2924
5,ELIZABETH BROWN,Taiwan,Nantou,2005-07-10,21.94,6,6,2940
115,WENDY HARRISON,Mexico,Nezahualcyotl,2005-07-31,21.94,6,6,2940
117,EDITH MCDONALD,India,Gandhinagar,2005-08-22,21.94,6,6,2940
130,CHARLOTTE HUNTER,Brazil,guas Lindas de Gois,2005-06-20,21.94,6,6,2940
135,JUANITA MASON,India,Pune,2005-07-12,21.94,6,6,2940
159,JILL HAWKINS,Austria,Linz,2005-07-31,21.94,6,6,2940
217,AGNES BISHOP,India,Sambhal,2005-07-31,21.94,6,6,2940
217,AGNES BISHOP,India,Sambhal,2005-08-22,21.94,6,6,2940
239,MINNIE ROMERO,Indonesia,Ciomas,2005-07-12,21.94,6,6,2940
306,CHARLES KOWALSKI,Malaysia,Sungai Petani,2005-07-29,21.94,6,6,2940
374,JEREMY HURTADO,Brazil,Vitria de Santo Anto,2005-07-11,21.94,6,6,2940
406,NATHAN RUNYON,"Virgin Islands, U.S.",Charlotte Amalie,2005-06-20,21.94,6,6,2940
452,TOM MILNER,United Arab Emirates,Abu Dhabi,2005-06-18,21.94,6,6,2940
555,DWIGHT LOMBARDI,South Africa,Chatsworth,2005-08-18,21.94,6,6,2940
578,WILLARD LUMPKIN,Mexico,Carmen,2005-07-12,21.94,6,6,2940
579,DARYL LARUE,Iraq,Mosul,2005-08-21,21.94,6,6,2940
8,SUSAN WILSON,New Zealand,Hamilton,2005-08-02,21.939999999999998,6,6,2956
126,ELLEN SIMPSON,Brazil,Po,2005-08-19,21.939999999999998,6,6,2956
135,JUANITA MASON,India,Pune,2005-08-23,21.939999999999998,6,6,2956
264,GWENDOLYN MAY,Japan,Higashiosaka,2005-08-20,21.939999999999998,6,6,2956
282,JENNY CASTRO,Puerto Rico,Ponce,2005-07-29,21.939999999999998,6,6,2956
312,MARK RINEHART,Saudi Arabia,Tabuk,2005-08-22,21.939999999999998,6,6,2956
319,RONALD WEINER,Mexico,San Felipe del Progreso,2005-06-21,21.939999999999998,6,6,2956
340,PATRICK NEWSOM,Vietnam,Hanoi,2005-07-31,21.939999999999998,6,6,2956
392,SEAN DOUGLASS,Ethiopia,Addis Abeba,2005-08-01,21.939999999999998,6,6,2956
399,DANNY ISOM,Pakistan,Okara,2005-07-12,21.939999999999998,6,6,2956
444,MARCUS HIDALGO,Estonia,Tartu,2005-07-11,21.939999999999998,6,6,2956
506,LESLIE SEWARD,Indonesia,Pontianak,2005-08-01,21.939999999999998,6,6,2956
530,DARRYL ASHCRAFT,Argentina,Ezeiza,2005-07-31,21.939999999999998,6,6,2956
594,EDUARDO HIATT,China,Jining,2005-07-09,21.939999999999998,6,6,2956
338,DENNIS GILMAN,South Africa,Paarl,2005-08-02,21.939999999999994,6,6,2970
35,VIRGINIA GREEN,France,Toulouse,2005-08-21,21.93999999999999,6,6,2971
520,MITCHELL WESTMORELAND,Vietnam,Nha Trang,2005-08-19,21.93999999999999,6,6,2971
54,TERESA ROGERS,Japan,Iwakuni,2005-08-20,21.930000000000007,7,7,2973
91,LOIS BUTLER,Brunei,Bandar Seri Begawan,2005-08-22,21.930000000000007,7,7,2973
303,WILLIAM SATTERFIELD,Yemen,Sanaa,2005-08-22,21.930000000000007,7,7,2973
96,DIANA ALEXANDER,United States,Augusta-Richmond County,2005-06-21,21.930000000000003,7,7,2976
230,JOY GEORGE,Romania,Botosani,2005-07-11,21.930000000000003,7,7,2976
29,ANGELA HERNANDEZ,Japan,Shimonoseki,2005-06-21,21.93,7,7,2978
186,HOLLY FOX,India,Haldia,2005-07-31,21.93,7,7,2978
263,HILDA HOPKINS,Philippines,Mandaluyong,2005-07-11,21.93,7,7,2978
265,JENNIE TERRY,Czech Republic,Olomouc,2005-08-01,21.93,7,7,2978
295,DAISY BATES,Russian Federation,Kolpino,2005-06-20,21.93,7,7,2978
430,RAY HOULE,Russian Federation,Dzerzinsk,2005-08-22,21.93,7,7,2978
466,LEO EBERT,China,Dongying,2005-08-02,21.93,7,7,2978
487,HECTOR POINDEXTER,Russian Federation,Pjatigorsk,2005-07-29,21.93,7,7,2978
506,LESLIE SEWARD,Indonesia,Pontianak,2005-08-21,21.93,7,7,2978
551,CLAYTON BARBEE,Brazil,Alvorada,2005-08-21,21.93,7,7,2978
481,HERMAN DEVORE,Tanzania,Mwanza,2005-07-11,21.929999999999996,7,7,2988
520,MITCHELL WESTMORELAND,Vietnam,Nha Trang,2005-07-31,21.929999999999996,7,7,2988
145,LUCILLE HOLMES,South Africa,Soshanguve,2005-08-01,21.929999999999993,7,7,2990
1,MARY SMITH,Japan,Sasebo,2005-08-22,21.92000000000001,8,7,2991
91,LOIS BUTLER,Brunei,Bandar Seri Begawan,2005-07-31,21.92000000000001,8,8,2991
30,MELISSA KING,Taiwan,Lungtan,2005-08-22,21.92,8,8,2993
461,DEREK BLAKELY,Philippines,Gingoog,2005-08-01,21.92,8,8,2993
485,CLYDE TOBIAS,China,Shaoguan,2005-07-09,21.92,8,8,2993
72,THERESA WATSON,Philippines,Taguig,2005-08-19,21.919999999999998,8,8,2996
383,MARTIN BALES,Angola,Namibe,2005-08-02,21.910000000000004,9,9,2997
297,SHERRI RHODES,India,Ahmadnagar,2005-08-02,21.91,9,9,2998
469,WESLEY BULL,Spain,Ourense (Orense),2005-08-20,20.950000000000017,5,5,2999
293,MAE FLETCHER,Spain,Donostia-San Sebastin,2005-07-10,20.95000000000001,5,5,3000
61,KATHERINE RIVERA,Switzerland,Basel,2005-08-23,20.950000000000006,5,5,3001
328,JEFFREY SPEAR,Indonesia,Ciparay,2005-08-20,20.950000000000006,5,5,3001
457,BILL GAVIN,United States,Rockford,2005-08-19,20.950000000000006,5,5,3001
587,SERGIO STANFIELD,Mexico,Celaya,2005-08-22,20.950000000000006,5,5,3001
5,ELIZABETH BROWN,Taiwan,Nantou,2005-07-09,20.950000000000003,5,5,3005
7,MARIA MILLER,Yugoslavia,Kragujevac,2005-05-31,20.950000000000003,5,5,3005
15,HELEN HARRIS,India,Bhopal,2005-07-31,20.950000000000003,5,5,3005
41,STEPHANIE MITCHELL,Armenia,Yerevan,2005-08-23,20.950000000000003,5,5,3005
42,CAROLYN PEREZ,Thailand,Pak Kret,2005-07-11,20.950000000000003,5,5,3005
49,JOYCE EDWARDS,Saudi Arabia,Jedda,2005-07-11,20.950000000000003,5,5,3005
54,TERESA ROGERS,Japan,Iwakuni,2005-07-11,20.950000000000003,5,5,3005
73,BEVERLY BROOKS,Taiwan,Chiayi,2005-07-31,20.950000000000003,5,5,3005
83,LOUISE JENKINS,South Africa,Springs,2005-07-11,20.950000000000003,5,5,3005
98,LILLIAN GRIFFIN,United Arab Emirates,al-Ayn,2005-06-19,20.950000000000003,5,5,3005
111,CARMEN OWENS,Venezuela,Caracas,2005-08-22,20.950000000000003,5,5,3005
153,SUZANNE NICHOLS,Indonesia,Jakarta,2005-08-21,20.950000000000003,5,5,3005
155,GAIL KNIGHT,Switzerland,Bern,2005-07-12,20.950000000000003,5,5,3005
178,MARION SNYDER,Brazil,Santa Brbara dOeste,2005-07-29,20.950000000000003,5,5,3005
182,RENEE LANE,United States,Compton,2005-08-02,20.950000000000003,5,5,3005
188,MELANIE ARMSTRONG,Philippines,Bayugan,2005-07-12,20.950000000000003,5,4,3005
193,KATIE ELLIOTT,Kenya,Kisumu,2005-07-31,20.950000000000003,5,5,3005
195,VANESSA SIMS,Germany,Siegen,2005-07-11,20.950000000000003,5,5,3005
200,JEANNE LAWSON,Turkmenistan,Ashgabat,2005-07-31,20.950000000000003,5,5,3005
210,ELLA OLIVER,Yemen,Aden,2005-07-29,20.950000000000003,5,5,3005
227,COLLEEN BURTON,Germany,Saarbrcken,2005-07-09,20.950000000000003,5,5,3005
228,ALLISON STANLEY,Cambodia,Phnom Penh,2005-08-01,20.950000000000003,5,5,3005
239,MINNIE ROMERO,Indonesia,Ciomas,2005-07-10,20.950000000000003,5,5,3005
247,STELLA MORENO,Mexico,Coacalco de Berriozbal,2005-08-02,20.950000000000003,5,5,3005
256,MABEL HOLLAND,Myanmar,Monywa,2005-06-18,20.950000000000003,5,5,3005
275,CAROLE BARNETT,United States,Peoria,2005-08-01,20.950000000000003,5,5,3005
290,KRISTINA CHAMBERS,Venezuela,Valle de la Pascua,2005-08-19,20.950000000000003,5,5,3005
300,JOHN FARNSWORTH,India,Parbhani,2005-07-11,20.950000000000003,5,5,3005
306,CHARLES KOWALSKI,Malaysia,Sungai Petani,2005-07-12,20.950000000000003,5,5,3005
343,DOUGLAS GRAF,Mexico,Mexicali,2005-06-18,20.950000000000003,5,5,3005
352,ALBERT CROUSE,Cameroon,Bamenda,2005-06-21,20.950000000000003,5,5,3005
374,JEREMY HURTADO,Brazil,Vitria de Santo Anto,2005-07-10,20.950000000000003,5,5,3005
374,JEREMY HURTADO,Brazil,Vitria de Santo Anto,2005-08-21,20.950000000000003,5,5,3005
379,CARLOS COUGHLIN,India,Bhavnagar,2005-08-20,20.950000000000003,5,5,3005
390,SHAWN HEATON,Thailand,Nakhon Sawan,2005-07-08,20.950000000000003,5,5,3005
391,CLARENCE GAMEZ,Japan,Izumisano,2005-07-10,20.950000000000003,5,5,3005
401,TONY CARRANZA,Japan,Koriyama,2005-08-19,20.950000000000003,5,5,3005
415,GLENN PULLEN,Netherlands,Amersfoort,2005-07-12,20.950000000000003,5,5,3005
428,HERBERT KRUGER,Russian Federation,Syktyvkar,2005-07-12,20.950000000000003,5,5,3005
438,BARRY LOVELACE,Zambia,Kitwe,2005-07-10,20.950000000000003,5,5,3005
471,DEAN SAUER,South Africa,Johannesburg,2005-06-20,20.950000000000003,5,5,3005
478,LEWIS LYMAN,Israel,Ashqelon,2005-08-22,20.950000000000003,5,5,3005
490,SAM MCDUFFIE,Colombia,Sogamoso,2005-08-23,20.950000000000003,5,5,3005
493,BRENT HARKINS,Turkey,Sultanbeyli,2005-08-22,20.950000000000003,5,5,3005
547,KURT EMMONS,Japan,Kanazawa,2005-07-29,20.950000000000003,5,5,3005
551,CLAYTON BARBEE,Brazil,Alvorada,2005-05-31,20.950000000000003,5,5,3005
560,JORDAN ARCHULETA,Argentina,Avellaneda,2005-07-29,20.950000000000003,5,5,3005
569,DAVE GARDINER,China,Leshan,2005-05-31,20.950000000000003,5,5,3005
571,JOHNNIE CHISHOLM,Poland,Plock,2005-08-01,20.950000000000003,5,5,3005
582,ANDY VANHORN,Mexico,Huejutla de Reyes,2005-08-21,20.950000000000003,5,5,3005
13,KAREN JACKSON,Turkey,Osmaniye,2005-08-20,20.95,5,5,3055
14,BETTY WHITE,United States,Citrus Heights,2005-05-29,20.95,5,5,3055
33,ANNA HILL,Italy,Alessandria,2005-08-21,20.95,5,5,3055
53,HEATHER MORRIS,Japan,Nagareyama,2005-08-20,20.95,5,5,3055
57,EVELYN MORGAN,Liechtenstein,Vaduz,2005-06-21,20.95,5,5,3055
82,KATHRYN COLEMAN,Ukraine,Simferopol,2005-06-21,20.95,5,5,3055
180,STACY CUNNINGHAM,Colombia,Pereira,2005-08-21,20.95,5,5,3055
185,ROBERTA HARPER,Iran,Shahr-e Kord,2005-07-29,20.95,5,5,3055
216,NATALIE MEYER,Brazil,Aparecida de Goinia,2005-08-02,20.95,5,5,3055
254,MAXINE SILVA,Brazil,Poos de Caldas,2005-07-30,20.95,5,5,3055
455,JON WILES,Bolivia,El Alto,2005-08-20,20.95,5,5,3055
506,LESLIE SEWARD,Indonesia,Pontianak,2005-05-30,20.95,5,5,3055
547,KURT EMMONS,Japan,Kanazawa,2005-07-12,20.95,5,5,3055
26,JESSICA HALL,Holy See (Vatican City State),Citt del Vaticano,2005-07-07,20.949999999999996,5,5,3068
44,MARIE TURNER,Russian Federation,Lipetsk,2005-08-02,20.949999999999996,5,5,3068
183,IDA ANDREWS,Brazil,Luzinia,2005-08-01,20.949999999999996,5,5,3068
231,GEORGIA JACOBS,India,Uttarpara-Kotrung,2005-08-02,20.949999999999996,5,5,3068
338,DENNIS GILMAN,South Africa,Paarl,2005-08-21,20.949999999999996,5,5,3068
447,CLIFFORD BOWENS,Russian Federation,Nabereznyje Telny,2005-07-11,20.949999999999996,5,5,3068
468,TIM CARY,India,Bijapur,2005-05-28,20.949999999999996,5,5,3068
485,CLYDE TOBIAS,China,Shaoguan,2005-08-19,20.949999999999996,5,5,3068
492,LESTER KRAUS,India,Kanchrapara,2005-07-10,20.949999999999996,5,5,3068
507,EDGAR RHOADS,Turkey,Eskisehir,2005-07-30,20.949999999999996,5,5,3068
537,CLINTON BUFORD,United States,Aurora,2005-07-31,20.949999999999996,5,5,3068
545,JULIO NOLAND,Ukraine,Konotop,2005-07-31,20.949999999999996,5,5,3068
560,JORDAN ARCHULETA,Argentina,Avellaneda,2005-08-21,20.949999999999996,5,5,3068
221,BESSIE MORRISON,Italy,Syrakusa,2005-08-19,20.940000000000012,6,6,3081
54,TERESA ROGERS,Japan,Iwakuni,2005-08-19,20.94000000000001,6,6,3082
75,TAMMY SANDERS,Taiwan,Changhwa,2005-07-29,20.94000000000001,6,6,3082
9,MARGARET MOORE,Oman,Masqat,2005-08-02,20.940000000000005,6,6,3084
56,GLORIA COOK,French Polynesia,Papeete,2005-08-01,20.940000000000005,6,6,3084
132,ESTHER CRAWFORD,South Africa,Botshabelo,2005-07-08,20.940000000000005,6,6,3084
203,TARA RYAN,Indonesia,Gorontalo,2005-08-23,20.940000000000005,6,6,3084
227,COLLEEN BURTON,Germany,Saarbrcken,2005-07-30,20.940000000000005,6,6,3084
268,NINA SOTO,India,Palghat (Palakkad),2005-06-19,20.940000000000005,6,6,3084
308,THOMAS GRIGSBY,United States,Kansas City,2005-08-01,20.940000000000005,6,6,3084
332,STEPHEN QUALLS,Bangladesh,Dhaka,2005-08-22,20.940000000000005,6,6,3084
356,GERALD FULTZ,India,Satna,2005-07-30,20.940000000000005,6,6,3084
359,WILLIE MARKHAM,Argentina,Almirante Brown,2005-08-22,20.940000000000005,6,6,3084
391,CLARENCE GAMEZ,Japan,Izumisano,2005-08-01,20.940000000000005,6,6,3084
393,PHILIP CAUSEY,Russian Federation,Korolev,2005-08-19,20.940000000000005,6,6,3084
580,ROSS GREY,Philippines,Iligan,2005-07-30,20.940000000000005,6,6,3084
598,WADE DELVALLE,Switzerland,Lausanne,2005-07-30,20.940000000000005,6,6,3084
14,BETTY WHITE,United States,Citrus Heights,2005-08-23,20.94,6,6,3098
45,JANET PHILLIPS,Chile,Antofagasta,2005-07-11,20.94,6,6,3098
86,JACQUELINE LONG,Thailand,Songkhla,2005-08-20,20.94,6,6,3098
88,BONNIE HUGHES,South Korea,Cheju,2005-07-12,20.94,6,6,3098
92,TINA SIMMONS,Brazil,Goinia,2005-08-22,20.94,6,6,3098
116,VICTORIA GIBSON,Indonesia,Pemalang,2005-06-19,20.94,6,6,3098
138,HAZEL WARREN,China,Hohhot,2005-07-30,20.94,6,6,3098
146,JAMIE RICE,United States,Sterling Heights,2005-06-19,20.94,6,6,3098
151,MEGAN PALMER,China,Laiwu,2005-07-31,20.94,6,6,3098
175,ANNETTE OLSON,India,Allappuzha (Alleppey),2005-07-29,20.94,6,6,3098
187,BRITTANY RILEY,Ukraine,Sumy,2005-06-19,20.94,6,6,3098
226,MAUREEN LITTLE,Paraguay,Asuncin,2005-08-22,20.94,6,6,3098
230,JOY GEORGE,Romania,Botosani,2005-06-19,20.94,6,6,3098
235,JACKIE LYNCH,Colombia,Buenaventura,2005-08-22,20.94,6,6,3098
312,MARK RINEHART,Saudi Arabia,Tabuk,2005-07-12,20.94,6,6,3098
378,EUGENE CULPEPPER,China,Shenzhen,2005-08-02,20.94,6,6,3098
413,MARVIN YEE,India,Berhampore (Baharampur),2005-08-20,20.94,6,6,3098
446,THEODORE CULP,India,Uluberia,2005-06-20,20.94,6,6,3098
514,FRANKLIN TROUTMAN,China,Zaoyang,2005-08-18,20.94,6,6,3098
523,HARVEY GUAJARDO,Vietnam,Vinh,2005-08-01,20.94,6,6,3098
573,BYRON BOX,Kazakstan,Zhezqazghan,2005-08-19,20.94,6,6,3098
196,ALMA AUSTIN,Germany,Mannheim,2005-06-20,20.939999999999998,6,6,3119
244,VIOLA HANSON,Philippines,Lapu-Lapu,2005-07-10,20.939999999999998,6,5,3119
424,KYLE SPURLOCK,China,Shanwei,2005-07-30,20.939999999999998,6,6,3119
434,EDDIE TOMLIN,Philippines,Ozamis,2005-08-02,20.939999999999998,6,6,3119
481,HERMAN DEVORE,Tanzania,Mwanza,2005-07-10,20.939999999999998,6,6,3119
468,TIM CARY,India,Bijapur,2005-07-11,20.939999999999994,6,6,3124
1,MARY SMITH,Japan,Sasebo,2005-07-31,20.930000000000007,7,7,3125
377,HOWARD FORTNER,Iran,Kermanshah,2005-08-23,20.930000000000003,7,7,3126
381,BOBBY BOUDREAU,Anguilla,South Hill,2005-07-31,20.930000000000003,7,7,3126
388,CRAIG MORRELL,Philippines,Cavite,2005-07-31,20.930000000000003,7,7,3126
63,ASHLEY RICHARDSON,United States,Lincoln,2005-07-31,20.93,7,7,3129
114,GRACE ELLIS,Germany,Duisburg,2005-07-11,20.93,7,7,3129
114,GRACE ELLIS,Germany,Duisburg,2005-07-12,20.93,7,7,3129
167,SALLY PIERCE,India,Chandrapur,2005-07-10,20.93,7,7,3129
182,RENEE LANE,United States,Compton,2005-07-08,20.93,7,7,3129
351,JACK FOUST,Russian Federation,Zeleznogorsk,2005-07-11,20.93,7,7,3129
543,LANCE PEMBERTON,Morocco,Beni-Mellal,2005-08-01,20.93,7,6,3129
474,DUSTIN GILLETTE,Netherlands,Emmen,2005-08-21,20.929999999999996,7,7,3136
197,SUE PETERS,China,Changzhou,2005-05-30,20.92,8,8,3137
405,LEONARD SCHOFIELD,Argentina,Tandil,2005-08-22,20.92,8,8,3137
474,DUSTIN GILLETTE,Netherlands,Emmen,2005-07-09,20.919999999999998,8,8,3139
498,GENE SANBORN,Oman,Salala,2005-07-11,20.919999999999998,8,8,3139
129,CARRIE PORTER,China,Liaocheng,2005-07-09,20.910000000000004,9,9,3141
116,VICTORIA GIBSON,Indonesia,Pemalang,2005-08-20,19.95000000000001,5,5,3142
292,MISTY LAMBERT,United Arab Emirates,Sharja,2005-07-28,19.95000000000001,5,5,3142
479,ZACHARY HITE,United States,Akron,2005-08-20,19.95000000000001,5,5,3142
36,KATHLEEN ADAMS,Iran,Arak,2005-08-20,19.950000000000006,5,5,3145
46,CATHERINE CAMPBELL,Russian Federation,Moscow,2005-07-31,19.950000000000006,5,5,3145
108,TRACY COLE,Mexico,Huixquilucan,2005-08-21,19.950000000000006,5,5,3145
176,JUNE CARROLL,Algeria,Skikda,2005-07-28,19.950000000000006,5,5,3145
380,RUSSELL BRINSON,Poland,Tychy,2005-08-21,19.950000000000006,5,5,3145
5,ELIZABETH BROWN,Taiwan,Nantou,2005-06-20,19.950000000000003,5,5,3150
9,MARGARET MOORE,Oman,Masqat,2005-08-21,19.950000000000003,5,5,3150
14,BETTY WHITE,United States,Citrus Heights,2005-08-22,19.950000000000003,5,5,3150
20,SHARON ROBINSON,Pakistan,Mardan,2005-07-11,19.950000000000003,5,5,3150
27,SHIRLEY ALLEN,Philippines,Davao,2005-06-18,19.950000000000003,5,5,3150
32,AMY LOPEZ,India,Jhansi,2005-07-09,19.950000000000003,5,5,3150
33,ANNA HILL,Italy,Alessandria,2005-08-01,19.950000000000003,5,5,3150
62,JOAN COOPER,United States,Saint Louis,2005-06-20,19.950000000000003,5,5,3150
62,JOAN COOPER,United States,Saint Louis,2005-08-22,19.950000000000003,5,5,3150
64,JUDITH COX,China,Daxian,2005-07-08,19.950000000000003,5,5,3150
70,CHRISTINA RAMIREZ,Saudi Arabia,al-Hawiya,2005-07-29,19.950000000000003,5,5,3150
94,NORMA GONZALES,Philippines,Bislig,2005-06-19,19.950000000000003,5,5,3150
96,DIANA ALEXANDER,United States,Augusta-Richmond County,2005-06-20,19.950000000000003,5,5,3150
102,CRYSTAL FORD,Israel,Ashdod,2005-07-08,19.950000000000003,5,5,3150
111,CARMEN OWENS,Venezuela,Caracas,2005-06-20,19.950000000000003,5,5,3150
122,THELMA MURRAY,Peru,Lima,2005-07-28,19.950000000000003,5,5,3150
137,RHONDA KENNEDY,Netherlands,Apeldoorn,2005-08-20,19.950000000000003,5,5,3150
144,CLARA SHAW,Belarus,Molodetno,2005-06-20,19.950000000000003,5,5,3150
146,JAMIE RICE,United States,Sterling Heights,2005-06-18,19.950000000000003,5,5,3150
149,VALERIE BLACK,United States,Brockton,2005-08-23,19.950000000000003,5,5,3150
152,ALICIA MILLS,India,Nagaon,2005-07-12,19.950000000000003,5,5,3150
165,LORRAINE STEPHENS,China,Hami,2005-07-09,19.950000000000003,5,5,3150
171,DOLORES WAGNER,Malaysia,Ipoh,2005-08-19,19.950000000000003,5,5,3150
189,LORETTA CARPENTER,Canada,Oshawa,2005-07-30,19.950000000000003,5,5,3150
190,YOLANDA WEAVER,Tanzania,Tabora,2005-06-21,19.950000000000003,5,5,3150
191,JEANETTE GREENE,Russian Federation,Novoterkassk,2005-07-30,19.950000000000003,5,5,3150
194,KRISTEN CHAVEZ,Japan,Hino,2005-06-19,19.950000000000003,5,5,3150
204,ROSEMARY SCHMIDT,Turkey,Usak,2005-07-31,19.950000000000003,5,5,3150
208,LUCY WHEELER,India,Balurghat,2005-07-10,19.950000000000003,5,5,3150
213,GINA WILLIAMSON,Yemen,Taizz,2005-06-19,19.950000000000003,5,5,3150
214,KRISTIN JOHNSTON,United States,Sunnyvale,2005-07-12,19.950000000000003,5,5,3150
219,WILLIE HOWELL,Argentina,Vicente Lpez,2005-07-09,19.950000000000003,5,5,3150
229,TAMARA NGUYEN,Brazil,Anpolis,2005-07-31,19.950000000000003,5,5,3150
229,TAMARA NGUYEN,Brazil,Anpolis,2005-08-20,19.950000000000003,5,5,3150
230,JOY GEORGE,Romania,Botosani,2005-08-18,19.950000000000003,5,5,3150
245,COURTNEY DAY,South Korea,Uijongbu,2005-05-29,19.950000000000003,5,5,3150
245,COURTNEY DAY,South Korea,Uijongbu,2005-07-12,19.950000000000003,5,5,3150
249,DORA MEDINA,China,Tianjin,2005-06-20,19.950000000000003,5,5,3150
265,JENNIE TERRY,Czech Republic,Olomouc,2005-07-09,19.950000000000003,5,5,3150
274,NAOMI JENNINGS,India,Karnal,2005-05-27,19.950000000000003,5,5,3150
291,TONI HOLT,United States,Roanoke,2005-07-12,19.950000000000003,5,5,3150
308,THOMAS GRIGSBY,United States,Kansas City,2005-06-18,19.950000000000003,5,5,3150
317,EDWARD BAUGH,Faroe Islands,Trshavn,2005-07-10,19.950000000000003,5,5,3150
323,MATTHEW MAHAN,Mexico,Cuautla,2005-07-12,19.950000000000003,5,5,3150
328,JEFFREY SPEAR,Indonesia,Ciparay,2005-07-31,19.950000000000003,5,5,3150
364,BENJAMIN VARNEY,Mexico,Guadalajara,2005-06-20,19.950000000000003,5,5,3150
367,ADAM GOOCH,India,Adoni,2005-08-01,19.950000000000003,5,5,3150
374,JEREMY HURTADO,Brazil,Vitria de Santo Anto,2005-08-01,19.950000000000003,5,5,3150
390,SHAWN HEATON,Thailand,Nakhon Sawan,2005-07-30,19.950000000000003,5,5,3150
393,PHILIP CAUSEY,Russian Federation,Korolev,2005-06-20,19.950000000000003,5,5,3150
396,EARL SHANKS,Japan,Iwatsuki,2005-07-12,19.950000000000003,5,5,3150
399,DANNY ISOM,Pakistan,Okara,2005-08-23,19.950000000000003,5,5,3150
431,JOEL FRANCISCO,Bolivia,Sucre,2005-06-19,19.950000000000003,5,5,3150
442,LEROY BUSTAMANTE,China,Tongliao,2005-07-07,19.950000000000003,5,5,3150
445,MICHEAL FORMAN,Argentina,Escobar,2005-08-21,19.950000000000003,5,5,3150
463,DARRELL POWER,Canada,Halifax,2005-07-30,19.950000000000003,5,5,3150
499,MARC OUTLAW,Italy,Brindisi,2005-07-10,19.950000000000003,5,5,3150
521,ROLAND SOUTH,China,Yingkou,2005-08-20,19.950000000000003,5,5,3150
526,KARL SEAL,United States,Cape Coral,2005-06-17,19.950000000000003,5,5,3150
539,MATHEW BOLIN,Venezuela,Valencia,2005-07-10,19.950000000000003,5,5,3150
588,MARION OCAMPO,China,Weifang,2005-07-09,19.950000000000003,5,5,3150
8,SUSAN WILSON,New Zealand,Hamilton,2005-08-23,19.95,5,5,3211
29,ANGELA HERNANDEZ,Japan,Shimonoseki,2005-07-30,19.95,5,5,3211
72,THERESA WATSON,Philippines,Taguig,2005-08-01,19.95,5,5,3211
86,JACQUELINE LONG,Thailand,Songkhla,2005-07-09,19.95,5,5,3211
119,SHERRY MARSHALL,Egypt,Shubra al-Khayma,2005-07-31,19.95,5,5,3211
314,GEORGE LINTON,Brazil,Sorocaba,2005-07-28,19.95,5,5,3211
325,TIMOTHY BUNN,Brazil,Braslia,2005-07-12,19.95,5,5,3211
347,RYAN SALISBURY,Latvia,Daugavpils,2005-07-09,19.95,5,5,3211
349,JOE GILLILAND,Philippines,Imus,2005-07-30,19.95,5,5,3211
354,JUSTIN NGO,Brazil,Santo Andr,2005-08-21,19.95,5,5,3211
383,MARTIN BALES,Angola,Namibe,2005-08-22,19.95,5,5,3211
455,JON WILES,Bolivia,El Alto,2005-08-01,19.95,5,5,3211
501,RUBEN GEARY,Poland,Lublin,2005-08-22,19.95,5,5,3211
551,CLAYTON BARBEE,Brazil,Alvorada,2005-08-02,19.95,5,5,3211
589,TRACY HERRMANN,Ecuador,Loja,2005-07-29,19.95,5,5,3211
10,DOROTHY TAYLOR,Iran,Esfahan,2005-08-22,19.949999999999996,5,5,3226
84,SARA PERRY,Mexico,Atlixco,2005-08-21,19.949999999999996,5,5,3226
134,EMMA BOYD,Egypt,Qalyub,2005-08-23,19.949999999999996,5,5,3226
144,CLARA SHAW,Belarus,Molodetno,2005-07-29,19.949999999999996,5,5,3226
338,DENNIS GILMAN,South Africa,Paarl,2005-07-09,19.949999999999996,5,5,3226
339,WALTER PERRYMAN,China,Xinxiang,2005-07-31,19.949999999999996,5,5,3226
371,BILLY POULIN,Philippines,Cabuyao,2005-07-11,19.949999999999996,5,5,3226
426,BRADLEY MOTLEY,India,Purnea (Purnia),2005-06-21,19.949999999999996,5,5,3226
452,TOM MILNER,United Arab Emirates,Abu Dhabi,2005-08-19,19.949999999999996,5,5,3226
468,TIM CARY,India,Bijapur,2005-07-09,19.949999999999996,5,5,3226
484,ROBERTO VU,China,Yinchuan,2005-08-19,19.949999999999996,5,5,3226
516,ELMER NOE,Cambodia,Battambang,2005-06-20,19.949999999999996,5,5,3226
590,SETH HANNON,Bahrain,al-Manama,2005-07-30,19.949999999999996,5,5,3226
23,SARAH LEWIS,Latvia,Liepaja,2005-08-20,19.94000000000001,6,6,3239
21,MICHELLE CLARK,Bangladesh,Tangail,2005-07-31,19.940000000000005,6,5,3240
34,REBECCA SCOTT,Japan,Kurashiki,2005-08-19,19.940000000000005,6,6,3240
96,DIANA ALEXANDER,United States,Augusta-Richmond County,2005-07-10,19.940000000000005,6,6,3240
243,LYDIA BURKE,Argentina,San Miguel de Tucumn,2005-07-12,19.940000000000005,6,6,3240
303,WILLIAM SATTERFIELD,Yemen,Sanaa,2005-08-01,19.940000000000005,6,6,3240
336,JOSHUA MARK,India,Rampur,2005-06-20,19.940000000000005,6,6,3240
385,PHILLIP HOLM,Japan,Tama,2005-07-31,19.940000000000005,6,6,3240
415,GLENN PULLEN,Netherlands,Amersfoort,2005-07-31,19.940000000000005,6,6,3240
442,LEROY BUSTAMANTE,China,Tongliao,2005-07-30,19.940000000000005,6,6,3240
486,GLEN TALBERT,Mexico,Acua,2005-08-21,19.940000000000005,6,6,3240
588,MARION OCAMPO,China,Weifang,2005-07-29,19.940000000000005,6,6,3240
6,JENNIFER DAVIS,United States,Laredo,2005-07-12,19.94,6,6,3251
9,MARGARET MOORE,Oman,Masqat,2005-07-11,19.94,6,6,3251
85,ANNE POWELL,United Kingdom,Bradford,2005-06-21,19.94,6,6,3251
129,CARRIE PORTER,China,Liaocheng,2005-06-21,19.94,6,6,3251
132,ESTHER CRAWFORD,South Africa,Botshabelo,2005-06-20,19.94,6,6,3251
186,HOLLY FOX,India,Haldia,2005-07-30,19.94,6,6,3251
205,EILEEN CARR,Paraguay,Ciudad del Este,2005-08-22,19.94,6,6,3251
220,CHARLENE ALVAREZ,Tanzania,Zanzibar,2005-07-12,19.94,6,6,3251
251,VICKIE BREWER,Germany,Halle/Saale,2005-05-31,19.94,6,6,3251
389,ALAN KAHN,China,Emeishan,2005-07-12,19.94,6,6,3251
438,BARRY LOVELACE,Zambia,Kitwe,2005-07-31,19.94,6,6,3251
521,ROLAND SOUTH,China,Yingkou,2005-07-10,19.94,6,6,3251
101,PEGGY MYERS,Saudi Arabia,Abha,2005-08-21,19.939999999999998,6,6,3263
322,JASON MORRISSEY,Argentina,Baha Blanca,2005-07-12,19.939999999999998,6,6,3263
344,HENRY BILLINGSLEY,Tonga,Nukualofa,2005-08-22,19.939999999999998,6,6,3263
458,LLOYD DOWD,Indonesia,Tegal,2005-08-21,19.939999999999998,6,6,3263
474,DUSTIN GILLETTE,Netherlands,Emmen,2005-08-18,19.939999999999998,6,6,3263
498,GENE SANBORN,Oman,Salala,2005-06-21,19.939999999999998,6,6,3263
501,RUBEN GEARY,Poland,Lublin,2005-08-02,19.939999999999998,6,6,3263
504,NATHANIEL ADAM,United States,Joliet,2005-08-20,19.939999999999998,6,6,3263
552,HUGH WALDROP,China,Haining,2005-08-23,19.939999999999998,6,6,3263
581,VIRGIL WOFFORD,Mexico,Jos Azueta,2005-08-22,19.939999999999998,6,6,3263
266,NORA HERRERA,Austria,Salzburg,2005-08-18,19.939999999999994,6,6,3273
273,PRISCILLA LOWE,Mexico,Salamanca,2005-07-31,19.939999999999994,6,6,3273
410,CURTIS IRBY,Canada,Richmond Hill,2005-07-09,19.939999999999994,6,6,3273
141,DEBBIE REYES,Japan,Fukuyama,2005-08-19,19.93999999999999,6,6,3276
537,CLINTON BUFORD,United States,Aurora,2005-08-22,19.93999999999999,6,6,3276
397,JIMMY SCHRADER,Russian Federation,Atinsk,2005-08-18,19.930000000000007,7,7,3278
35,VIRGINIA GREEN,France,Toulouse,2005-07-10,19.930000000000003,7,7,3279
148,ELEANOR HUNT,Runion,Saint-Denis,2005-07-11,19.930000000000003,7,7,3279
396,EARL SHANKS,Japan,Iwatsuki,2005-07-31,19.930000000000003,7,7,3279
183,IDA ANDREWS,Brazil,Luzinia,2005-07-12,19.93,7,7,3282
297,SHERRI RHODES,India,Ahmadnagar,2005-08-01,19.93,7,7,3282
342,HAROLD MARTINO,Brazil,Boa Vista,2005-07-31,19.93,7,7,3282
350,JUAN FRALEY,Russian Federation,Teboksary,2005-07-11,19.93,7,7,3282
370,WAYNE TRUONG,India,Gulbarga,2005-08-22,19.93,7,7,3282
451,JIM REA,Mexico,El Fuerte,2005-08-19,19.93,7,7,3282
474,DUSTIN GILLETTE,Netherlands,Emmen,2005-07-08,19.93,7,7,3282
573,BYRON BOX,Kazakstan,Zhezqazghan,2005-07-09,19.93,7,7,3282
593,RENE MCALISTER,United States,Garden Grove,2005-07-11,19.93,7,7,3282
5,ELIZABETH BROWN,Taiwan,Nantou,2005-07-31,19.929999999999996,7,7,3291
286,VELMA LUCAS,Nigeria,Effon-Alaiye,2005-08-23,19.929999999999996,7,7,3291
537,CLINTON BUFORD,United States,Aurora,2005-07-12,19.929999999999996,7,7,3291
158,VERONICA STONE,United States,Greensboro,2005-07-31,19.92,8,8,3294
411,NORMAN CURRIER,Indonesia,Cianjur,2005-08-02,19.92,8,8,3294
568,ALBERTO HENNING,Venezuela,Barcelona,2005-08-02,19.92,8,8,3294
586,KIRK STCLAIR,Taiwan,Tsaotun,2005-08-23,19.92,8,8,3294
419,CHAD CARBONE,India,Katihar,2005-07-11,19.919999999999998,8,8,3298
288,BOBBIE CRAIG,Mexico,Valle de Santiago,2005-08-22,19.91,9,9,3299
125,ETHEL WEBB,South Africa,Boksburg,2005-08-18,18.95000000000001,5,5,3300
127,ELAINE STEVENS,Russian Federation,Smolensk,2005-08-20,18.95000000000001,5,5,3300
529,ERIK GUILLEN,India,Bhimavaram,2005-07-30,18.95000000000001,5,5,3300
529,ERIK GUILLEN,India,Bhimavaram,2005-08-19,18.95000000000001,5,5,3300
199,BETH FRANKLIN,Vietnam,Haiphong,2005-07-31,18.950000000000006,5,5,3304
257,MARSHA DOUGLAS,Mozambique,Beira,2005-07-27,18.950000000000006,5,5,3304
6,JENNIFER DAVIS,United States,Laredo,2005-07-11,18.950000000000003,5,5,3306
6,JENNIFER DAVIS,United States,Laredo,2005-08-20,18.950000000000003,5,5,3306
36,KATHLEEN ADAMS,Iran,Arak,2005-07-29,18.950000000000003,5,4,3306
55,DORIS REED,Russian Federation,Balaiha,2005-06-20,18.950000000000003,5,5,3306
66,JANICE WARD,Sweden,Malm,2005-06-19,18.950000000000003,5,5,3306
79,RACHEL BARNES,Japan,Kamakura,2005-07-08,18.950000000000003,5,5,3306
86,JACQUELINE LONG,Thailand,Songkhla,2005-06-19,18.950000000000003,5,5,3306
91,LOIS BUTLER,Brunei,Bandar Seri Begawan,2005-07-08,18.950000000000003,5,5,3306
97,ANNIE RUSSELL,Mozambique,Tete,2005-07-08,18.950000000000003,5,5,3306
116,VICTORIA GIBSON,Indonesia,Pemalang,2005-07-09,18.950000000000003,5,5,3306
122,THELMA MURRAY,Peru,Lima,2005-06-18,18.950000000000003,5,5,3306
138,HAZEL WARREN,China,Hohhot,2005-07-29,18.950000000000003,5,5,3306
156,BERTHA FERGUSON,Nigeria,Ondo,2005-07-12,18.950000000000003,5,5,3306
184,VIVIAN RUIZ,Netherlands,s-Hertogenbosch,2005-07-12,18.950000000000003,5,5,3306
205,EILEEN CARR,Paraguay,Ciudad del Este,2005-08-21,18.950000000000003,5,5,3306
230,JOY GEORGE,Romania,Botosani,2005-07-29,18.950000000000003,5,5,3306
234,CLAUDIA FULLER,Kuwait,Jalib al-Shuyukh,2005-06-17,18.950000000000003,5,5,3306
234,CLAUDIA FULLER,Kuwait,Jalib al-Shuyukh,2005-08-19,18.950000000000003,5,4,3306
242,GLENDA FRAZIER,China,Qinhuangdao,2005-07-10,18.950000000000003,5,5,3306
250,JO FOWLER,Nigeria,Oyo,2005-05-31,18.950000000000003,5,5,3306
302,MICHAEL SILVERMAN,China,Tiefa,2005-07-29,18.950000000000003,5,5,3306
313,DONALD MAHON,China,Ezhou,2005-08-01,18.950000000000003,5,5,3306
331,ERIC ROBERT,Argentina,Santa F,2005-08-22,18.950000000000003,5,5,3306
333,ANDREW PURDY,Azerbaijan,Baku,2005-07-29,18.950000000000003,5,5,3306
335,GREGORY MAULDIN,Tunisia,Sousse,2005-07-30,18.950000000000003,5,5,3306
343,DOUGLAS GRAF,Mexico,Mexicali,2005-08-23,18.950000000000003,5,5,3306
356,GERALD FULTZ,India,Satna,2005-07-12,18.950000000000003,5,5,3306
357,KEITH RICO,Slovakia,Bratislava,2005-07-30,18.950000000000003,5,5,3306
380,RUSSELL BRINSON,Poland,Tychy,2005-06-18,18.950000000000003,5,5,3306
438,BARRY LOVELACE,Zambia,Kitwe,2005-07-30,18.950000000000003,5,5,3306
448,MIGUEL BETANCOURT,Germany,Erlangen,2005-07-07,18.950000000000003,5,5,3306
454,ALEX GRESHAM,Mexico,Uruapan,2005-07-31,18.950000000000003,5,5,3306
469,WESLEY BULL,Spain,Ourense (Orense),2005-05-31,18.950000000000003,5,5,3306
478,LEWIS LYMAN,Israel,Ashqelon,2005-07-31,18.950000000000003,5,5,3306
488,SHANE MILLARD,Mexico,La Paz,2005-07-30,18.950000000000003,5,5,3306
495,CHARLIE BESS,China,Baiyin,2005-08-20,18.950000000000003,5,5,3306
500,REGINALD KINDER,Indonesia,Madiun,2005-07-11,18.950000000000003,5,5,3306
503,ANGEL BARCLAY,Japan,Ueda,2005-08-20,18.950000000000003,5,5,3306
509,RAUL FORTIER,India,Chapra,2005-07-12,18.950000000000003,5,5,3306
512,CECIL VINES,United Kingdom,London,2005-07-30,18.950000000000003,5,5,3306
515,ANDRE RAPP,Chile,Coquimbo,2005-08-02,18.950000000000003,5,5,3306
523,HARVEY GUAJARDO,Vietnam,Vinh,2005-07-31,18.950000000000003,5,5,3306
523,HARVEY GUAJARDO,Vietnam,Vinh,2005-08-22,18.950000000000003,5,5,3306
540,TYRONE ASHER,Bulgaria,Ruse,2005-06-21,18.950000000000003,5,5,3306
580,ROSS GREY,Philippines,Iligan,2005-08-22,18.950000000000003,5,5,3306
13,KAREN JACKSON,Turkey,Osmaniye,2005-07-12,18.95,5,5,3351
38,MARTHA GONZALEZ,Moldova,Chisinau,2005-07-28,18.95,5,5,3351
57,EVELYN MORGAN,Liechtenstein,Vaduz,2005-07-10,18.95,5,5,3351
65,ROSE HOWARD,French Guiana,Cayenne,2005-07-12,18.95,5,5,3351
82,KATHRYN COLEMAN,Ukraine,Simferopol,2005-08-21,18.95,5,5,3351
135,JUANITA MASON,India,Pune,2005-08-21,18.95,5,5,3351
168,REGINA BERRY,China,Jinchang,2005-07-09,18.95,5,5,3351
218,VERA MCCOY,Afghanistan,Kabul,2005-08-20,18.95,5,5,3351
275,CAROLE BARNETT,United States,Peoria,2005-07-12,18.95,5,5,3351
335,GREGORY MAULDIN,Tunisia,Sousse,2005-07-07,18.95,5,5,3351
349,JOE GILLILAND,Philippines,Imus,2005-07-09,18.95,5,5,3351
371,BILLY POULIN,Philippines,Cabuyao,2005-06-19,18.95,5,5,3351
427,JESUS MCCARTNEY,Brazil,Guaruj,2005-06-18,18.95,5,5,3351
437,RANDALL NEUMANN,Dominican Republic,La Romana,2005-08-01,18.95,5,5,3351
444,MARCUS HIDALGO,Estonia,Tartu,2005-07-10,18.95,5,5,3351
498,GENE SANBORN,Oman,Salala,2005-06-20,18.95,5,5,3351
517,BRAD MCCURDY,Taiwan,Chungho,2005-07-08,18.95,5,5,3351
572,SIDNEY BURLESON,Poland,Czestochowa,2005-07-29,18.95,5,5,3351
581,VIRGIL WOFFORD,Mexico,Jos Azueta,2005-08-02,18.95,5,5,3351
100,ROBIN HAYES,Russian Federation,Jelets,2005-07-30,18.949999999999996,5,5,3370
340,PATRICK NEWSOM,Vietnam,Hanoi,2005-07-29,18.949999999999996,5,5,3370
419,CHAD CARBONE,India,Katihar,2005-08-01,18.949999999999996,5,5,3370
506,LESLIE SEWARD,Indonesia,Pontianak,2005-07-31,18.949999999999996,5,5,3370
594,EDUARDO HIATT,China,Jining,2005-07-07,18.949999999999996,5,5,3370
304,DAVID ROYAL,Peru,Callao,2005-08-01,18.949999999999992,5,5,3375
25,DEBORAH WALKER,Pakistan,Shikarpur,2005-08-23,18.940000000000012,6,6,3376
244,VIOLA HANSON,Philippines,Lapu-Lapu,2005-08-21,18.94000000000001,6,6,3377
108,TRACY COLE,Mexico,Huixquilucan,2005-07-09,18.940000000000005,6,6,3378
133,PAULINE HENRY,Mexico,Torren,2005-08-22,18.940000000000005,6,6,3378
171,DOLORES WAGNER,Malaysia,Ipoh,2005-07-12,18.940000000000005,6,6,3378
188,MELANIE ARMSTRONG,Philippines,Bayugan,2005-08-22,18.940000000000005,6,6,3378
29,ANGELA HERNANDEZ,Japan,Shimonoseki,2005-06-20,18.94,6,6,3382
76,IRENE PRICE,Kazakstan,Pavlodar,2005-07-31,18.94,6,6,3382
104,RITA GRAHAM,France,Toulon,2005-08-19,18.94,6,6,3382
358,SAMUEL MARLOW,India,Ranchi,2005-06-21,18.94,6,6,3382
358,SAMUEL MARLOW,India,Ranchi,2005-08-02,18.94,6,6,3382
361,LAWRENCE LAWTON,Cameroon,Yaound,2005-08-01,18.94,6,6,3382
416,JEFFERY PINSON,Pakistan,Dadu,2005-07-30,18.94,6,6,3382
439,ALEXANDER FENNELL,Italy,Bergamo,2005-08-01,18.94,6,6,3382
440,BERNARD COLBY,India,Dhule (Dhulia),2005-07-10,18.94,6,6,3382
499,MARC OUTLAW,Italy,Brindisi,2005-07-31,18.94,6,6,3382
533,JESSIE MILAM,China,Binzhou,2005-06-20,18.94,6,6,3382
28,CYNTHIA YOUNG,India,Munger (Monghyr),2005-08-21,18.939999999999998,6,6,3393
164,JOANN GARDNER,Turkey,Tarsus,2005-07-12,18.939999999999998,6,6,3393
211,STACEY MONTGOMERY,China,Fuyu,2005-08-01,18.939999999999998,6,6,3393
287,BECKY MILES,India,Tambaram,2005-07-11,18.939999999999998,6,6,3393
290,KRISTINA CHAMBERS,Venezuela,Valle de la Pascua,2005-07-10,18.939999999999998,6,6,3393
295,DAISY BATES,Russian Federation,Kolpino,2005-06-19,18.939999999999998,6,6,3393
340,PATRICK NEWSOM,Vietnam,Hanoi,2005-08-21,18.939999999999998,6,6,3393
370,WAYNE TRUONG,India,Gulbarga,2005-07-31,18.939999999999998,6,6,3393
414,VINCENT RALSTON,Mexico,Allende,2005-08-19,18.939999999999998,6,6,3393
510,BEN EASTER,Russian Federation,Kamyin,2005-06-19,18.939999999999998,6,6,3393
537,CLINTON BUFORD,United States,Aurora,2005-07-11,18.939999999999998,6,6,3393
447,CLIFFORD BOWENS,Russian Federation,Nabereznyje Telny,2005-08-22,18.939999999999994,6,6,3404
243,LYDIA BURKE,Argentina,San Miguel de Tucumn,2005-08-21,18.930000000000007,7,7,3405
435,RICKY SHELBY,China,Junan,2005-08-21,18.930000000000007,7,7,3405
75,TAMMY SANDERS,Taiwan,Changhwa,2005-07-11,18.930000000000003,7,7,3407
57,EVELYN MORGAN,Liechtenstein,Vaduz,2005-07-31,18.93,7,7,3408
419,CHAD CARBONE,India,Katihar,2005-07-10,18.93,7,7,3408
461,DEREK BLAKELY,Philippines,Gingoog,2005-07-31,18.93,7,7,3408
557,FELIX GAFFNEY,Lithuania,Vilnius,2005-08-23,18.93,7,7,3408
565,JAIME NETTLES,Peru,Hunuco,2005-07-12,18.93,7,7,3408
26,JESSICA HALL,Holy See (Vatican City State),Citt del Vaticano,2005-08-02,18.92999999999999,7,7,3413
90,RUBY WASHINGTON,China,Meixian,2005-08-22,18.92000000000001,8,8,3414
252,MATTIE HOFFMAN,United Kingdom,London,2005-08-01,18.92,8,8,3415
128,MARJORIE TUCKER,Poland,Jastrzebie-Zdrj,2005-08-21,18.919999999999998,8,8,3416
80,MARILYN ROSS,Nigeria,Ife,2005-08-22,18.919999999999995,8,8,3417
221,BESSIE MORRISON,Italy,Syrakusa,2005-08-18,17.95000000000001,5,5,3418
293,MAE FLETCHER,Spain,Donostia-San Sebastin,2005-08-02,17.95000000000001,5,5,3418
397,JIMMY SCHRADER,Russian Federation,Atinsk,2005-07-31,17.95000000000001,5,5,3418
133,PAULINE HENRY,Mexico,Torren,2005-08-20,17.950000000000006,5,5,3421
316,STEVEN CURLEY,India,Miraj,2005-07-28,17.950000000000006,5,5,3421
323,MATTHEW MAHAN,Mexico,Cuautla,2005-08-21,17.950000000000006,5,5,3421
563,KEN PREWITT,Romania,Bucuresti,2005-08-20,17.950000000000006,5,5,3421
8,SUSAN WILSON,New Zealand,Hamilton,2005-07-08,17.950000000000003,5,5,3425
14,BETTY WHITE,United States,Citrus Heights,2005-07-09,17.950000000000003,5,5,3425
24,KIMBERLY LEE,Argentina,Crdoba,2005-07-12,17.950000000000003,5,5,3425
45,JANET PHILLIPS,Chile,Antofagasta,2005-06-21,17.950000000000003,5,5,3425
52,JULIE SANCHEZ,Spain,A Corua (La Corua),2005-07-11,17.950000000000003,5,5,3425
63,ASHLEY RICHARDSON,United States,Lincoln,2005-08-19,17.950000000000003,5,5,3425
68,NICOLE PETERSON,India,Shivapuri,2005-07-08,17.950000000000003,5,5,3425
76,IRENE PRICE,Kazakstan,Pavlodar,2005-07-30,17.950000000000003,5,5,3425
97,ANNIE RUSSELL,Mozambique,Tete,2005-08-01,17.950000000000003,5,5,3425
101,PEGGY MYERS,Saudi Arabia,Abha,2005-07-10,17.950000000000003,5,5,3425
106,CONNIE WALLACE,Russian Federation,Ivanovo,2005-07-30,17.950000000000003,5,5,3425
123,SHANNON FREEMAN,India,Varanasi (Benares),2005-07-28,17.950000000000003,5,5,3425
130,CHARLOTTE HUNTER,Brazil,guas Lindas de Gois,2005-07-31,17.950000000000003,5,5,3425
212,WILMA RICHARDS,United States,Bellevue,2005-08-01,17.950000000000003,5,5,3425
219,WILLIE HOWELL,Argentina,Vicente Lpez,2005-08-21,17.950000000000003,5,5,3425
227,COLLEEN BURTON,Germany,Saarbrcken,2005-07-29,17.950000000000003,5,5,3425
232,CONSTANCE REID,Nigeria,Zaria,2005-07-28,17.950000000000003,5,5,3425
245,COURTNEY DAY,South Korea,Uijongbu,2005-07-27,17.950000000000003,5,5,3425
268,NINA SOTO,India,Palghat (Palakkad),2005-06-18,17.950000000000003,5,5,3425
283,FELICIA SUTTON,China,Korla,2005-06-19,17.950000000000003,5,5,3425
307,JOSEPH JOY,Brazil,Angra dos Reis,2005-06-20,17.950000000000003,5,5,3425
329,FRANK WAGGONER,Bangladesh,Jamalpur,2005-07-08,17.950000000000003,5,5,3425
359,WILLIE MARKHAM,Argentina,Almirante Brown,2005-07-31,17.950000000000003,5,5,3425
361,LAWRENCE LAWTON,Cameroon,Yaound,2005-07-31,17.950000000000003,5,5,3425
376,RANDY GAITHER,Russian Federation,Kurgan,2005-07-31,17.950000000000003,5,5,3425
382,VICTOR BARKLEY,United States,Manchester,2005-08-21,17.950000000000003,5,5,3425
418,JEFF EAST,Dominican Republic,San Felipe de Puerto Plata,2005-07-11,17.950000000000003,5,5,3425
473,JORGE OLIVARES,Indonesia,Lhokseumawe,2005-07-09,17.950000000000003,5,5,3425
497,GILBERT SLEDGE,United Kingdom,York,2005-07-08,17.950000000000003,5,5,3425
499,MARC OUTLAW,Italy,Brindisi,2005-07-29,17.950000000000003,5,5,3425
505,RAFAEL ABNEY,Philippines,Talavera,2005-08-23,17.950000000000003,5,5,3425
528,CLAUDE HERZOG,Angola,Benguela,2005-05-29,17.950000000000003,5,5,3425
533,JESSIE MILAM,China,Binzhou,2005-06-19,17.950000000000003,5,5,3425
534,CHRISTIAN JUNG,India,Amroha,2005-07-30,17.950000000000003,5,5,3425
562,WALLACE SLONE,Nigeria,Sokoto,2005-08-02,17.950000000000003,5,5,3425
568,ALBERTO HENNING,Venezuela,Barcelona,2005-06-21,17.950000000000003,5,5,3425
577,CLIFTON MALCOLM,Taiwan,Tanshui,2005-07-12,17.950000000000003,5,5,3425
596,ENRIQUE FORSYTHE,Greece,Patras,2005-07-12,17.950000000000003,5,5,3425
596,ENRIQUE FORSYTHE,Greece,Patras,2005-08-02,17.950000000000003,5,5,3425
16,SANDRA MARTIN,United Kingdom,Southend-on-Sea,2005-07-11,17.95,5,5,3464
139,AMBER DIXON,Taiwan,Touliu,2005-08-02,17.95,5,5,3464
169,ERICA MATTHEWS,China,Pingxiang,2005-08-21,17.95,5,5,3464
231,GEORGIA JACOBS,India,Uttarpara-Kotrung,2005-07-09,17.95,5,5,3464
288,BOBBIE CRAIG,Mexico,Valle de Santiago,2005-08-02,17.95,5,5,3464
319,RONALD WEINER,Mexico,San Felipe del Progreso,2005-06-20,17.95,5,5,3464
336,JOSHUA MARK,India,Rampur,2005-08-19,17.95,5,5,3464
354,JUSTIN NGO,Brazil,Santo Andr,2005-07-09,17.95,5,5,3464
365,BRUCE SCHWARZ,Japan,Okinawa,2005-06-20,17.95,5,5,3464
366,BRANDON HUEY,Turkey,Balikesir,2005-07-09,17.95,5,5,3464
370,WAYNE TRUONG,India,Gulbarga,2005-07-29,17.95,5,5,3464
402,LUIS YANEZ,France,Brest,2005-08-02,17.95,5,5,3464
410,CURTIS IRBY,Canada,Richmond Hill,2005-06-20,17.95,5,5,3464
481,HERMAN DEVORE,Tanzania,Mwanza,2005-07-08,17.95,5,5,3464
495,CHARLIE BESS,China,Baiyin,2005-07-29,17.95,5,5,3464
567,ALFREDO MCADAMS,Russian Federation,Serpuhov,2005-08-22,17.95,5,5,3464
73,BEVERLY BROOKS,Taiwan,Chiayi,2005-08-23,17.949999999999996,5,5,3480
138,HAZEL WARREN,China,Hohhot,2005-08-21,17.949999999999996,5,5,3480
339,WALTER PERRYMAN,China,Xinxiang,2005-08-19,17.949999999999996,5,5,3480
516,ELMER NOE,Cambodia,Battambang,2005-06-21,17.949999999999996,5,5,3480
520,MITCHELL WESTMORELAND,Vietnam,Nha Trang,2005-07-29,17.949999999999996,5,5,3480
75,TAMMY SANDERS,Taiwan,Changhwa,2005-08-18,17.940000000000012,6,6,3485
253,TERRY CARLSON,Japan,Miyakonojo,2005-07-31,17.94000000000001,6,6,3486
407,DALE RATCLIFF,South Africa,Rustenburg,2005-08-20,17.94000000000001,6,6,3486
409,RODNEY MOELLER,Nigeria,Deba Habe,2005-07-30,17.94000000000001,6,5,3486
1,MARY SMITH,Japan,Sasebo,2005-07-29,17.940000000000005,6,6,3489
20,SHARON ROBINSON,Pakistan,Mardan,2005-08-21,17.940000000000005,6,6,3489
25,DEBORAH WALKER,Pakistan,Shikarpur,2005-07-12,17.940000000000005,6,6,3489
148,ELEANOR HUNT,Runion,Saint-Denis,2005-07-09,17.940000000000005,6,6,3489
208,LUCY WHEELER,India,Balurghat,2005-07-31,17.940000000000005,6,6,3489
283,FELICIA SUTTON,China,Korla,2005-08-23,17.940000000000005,6,6,3489
313,DONALD MAHON,China,Ezhou,2005-08-22,17.940000000000005,6,6,3489
575,ISAAC OGLESBY,Mexico,Cuernavaca,2005-07-31,17.940000000000005,6,6,3489
35,VIRGINIA GREEN,France,Toulouse,2005-06-20,17.94,6,6,3497
72,THERESA WATSON,Philippines,Taguig,2005-07-11,17.94,6,6,3497
94,NORMA GONZALES,Philippines,Bislig,2005-08-23,17.94,6,6,3497
125,ETHEL WEBB,South Africa,Boksburg,2005-07-29,17.94,6,6,3497
161,GERALDINE PERKINS,Israel,Tel Aviv-Jaffa,2005-05-31,17.94,6,6,3497
167,SALLY PIERCE,India,Chandrapur,2005-07-09,17.94,6,6,3497
167,SALLY PIERCE,India,Chandrapur,2005-07-29,17.94,6,6,3497
177,SAMANTHA DUNCAN,Mexico,Matamoros,2005-08-22,17.94,6,6,3497
191,JEANETTE GREENE,Russian Federation,Novoterkassk,2005-06-19,17.94,6,6,3497
198,ELSIE KELLEY,Nigeria,Ikerre,2005-07-30,17.94,6,6,3497
204,ROSEMARY SCHMIDT,Turkey,Usak,2005-07-11,17.94,6,6,3497
207,GERTRUDE CASTILLO,Greenland,Nuuk,2005-05-31,17.94,6,6,3497
265,JENNIE TERRY,Czech Republic,Olomouc,2005-07-30,17.94,6,6,3497
369,FRED WHEAT,Mexico,Jurez,2005-07-31,17.94,6,6,3497
438,BARRY LOVELACE,Zambia,Kitwe,2005-06-21,17.94,6,6,3497
441,MARIO CHEATHAM,Algeria,Batna,2005-07-10,17.94,6,6,3497
450,JAY ROBB,Indonesia,Surakarta,2005-06-19,17.94,6,6,3497
527,CORY MEEHAN,Belarus,Mogiljov,2005-08-01,17.94,6,6,3497
74,DENISE KELLY,Brazil,Rio Claro,2005-08-20,17.939999999999998,6,6,3515
78,LORI WOOD,India,Rae Bareli,2005-07-10,17.939999999999998,6,6,3515
114,GRACE ELLIS,Germany,Duisburg,2005-07-10,17.939999999999998,6,6,3515
286,VELMA LUCAS,Nigeria,Effon-Alaiye,2005-07-29,17.939999999999994,6,6,3518
473,JORGE OLIVARES,Indonesia,Lhokseumawe,2005-08-21,17.93999999999999,6,6,3519
34,REBECCA SCOTT,Japan,Kurashiki,2005-08-02,17.930000000000003,7,7,3520
28,CYNTHIA YOUNG,India,Munger (Monghyr),2005-07-12,17.93,7,7,3521
128,MARJORIE TUCKER,Poland,Jastrzebie-Zdrj,2005-08-20,17.93,7,7,3521
147,JOANNE ROBERTSON,Japan,Urawa,2005-07-11,17.93,7,7,3521
177,SAMANTHA DUNCAN,Mexico,Matamoros,2005-08-01,17.93,7,7,3521
314,GEORGE LINTON,Brazil,Sorocaba,2005-07-11,17.93,7,6,3521
497,GILBERT SLEDGE,United Kingdom,York,2005-08-23,17.93,7,7,3521
511,CHESTER BENNER,China,Suihua,2005-07-11,17.93,7,7,3521
80,MARILYN ROSS,Nigeria,Ife,2005-08-20,17.929999999999996,7,7,3528
278,BILLIE HORTON,Turkey,Inegl,2005-08-23,17.92,8,8,3529
409,RODNEY MOELLER,Nigeria,Deba Habe,2005-07-29,16.95000000000001,5,4,3530
517,BRAD MCCURDY,Taiwan,Chungho,2005-08-23,16.95000000000001,5,5,3530
103,GLADYS HAMILTON,Nigeria,Ilorin,2005-07-29,16.950000000000006,5,5,3532
16,SANDRA MARTIN,United Kingdom,Southend-on-Sea,2005-07-31,16.950000000000003,5,5,3533
17,DONNA THOMPSON,Russian Federation,Elista,2005-08-21,16.950000000000003,5,5,3533
23,SARAH LEWIS,Latvia,Liepaja,2005-06-21,16.950000000000003,5,5,3533
68,NICOLE PETERSON,India,Shivapuri,2005-08-22,16.950000000000003,5,5,3533
72,THERESA WATSON,Philippines,Taguig,2005-07-10,16.950000000000003,5,5,3533
94,NORMA GONZALES,Philippines,Bislig,2005-08-22,16.950000000000003,5,5,3533
143,LESLIE GORDON,Turkey,Kilis,2005-06-19,16.950000000000003,5,5,3533
157,DARLENE ROSE,North Korea,Pyongyang,2005-07-10,16.950000000000003,5,5,3533
161,GERALDINE PERKINS,Israel,Tel Aviv-Jaffa,2005-05-28,16.950000000000003,5,5,3533
173,AUDREY RAY,Austria,Graz,2005-06-21,16.950000000000003,5,5,3533
198,ELSIE KELLEY,Nigeria,Ikerre,2005-05-31,16.950000000000003,5,5,3533
198,ELSIE KELLEY,Nigeria,Ikerre,2005-07-28,16.950000000000003,5,5,3533
200,JEANNE LAWSON,Turkmenistan,Ashgabat,2005-07-11,16.950000000000003,5,5,3533
204,ROSEMARY SCHMIDT,Turkey,Usak,2005-08-20,16.950000000000003,5,5,3533
229,TAMARA NGUYEN,Brazil,Anpolis,2005-07-10,16.950000000000003,5,5,3533
243,LYDIA BURKE,Argentina,San Miguel de Tucumn,2005-07-11,16.950000000000003,5,5,3533
269,CASSANDRA WALTERS,United States,Salinas,2005-05-31,16.950000000000003,5,5,3533
279,DIANNE SHELTON,Iran,Tabriz,2005-06-21,16.950000000000003,5,5,3533
292,MISTY LAMBERT,United Arab Emirates,Sharja,2005-07-10,16.950000000000003,5,5,3533
303,WILLIAM SATTERFIELD,Yemen,Sanaa,2005-07-29,16.950000000000003,5,5,3533
317,EDWARD BAUGH,Faroe Islands,Trshavn,2005-07-30,16.950000000000003,5,5,3533
324,GARY COY,China,Yuzhou,2005-08-19,16.950000000000003,5,5,3533
336,JOSHUA MARK,India,Rampur,2005-06-19,16.950000000000003,5,5,3533
339,WALTER PERRYMAN,China,Xinxiang,2005-07-10,16.950000000000003,5,5,3533
376,RANDY GAITHER,Russian Federation,Kurgan,2005-08-20,16.950000000000003,5,5,3533
380,RUSSELL BRINSON,Poland,Tychy,2005-07-09,16.950000000000003,5,5,3533
381,BOBBY BOUDREAU,Anguilla,South Hill,2005-06-21,16.950000000000003,5,5,3533
386,TODD TAN,Ukraine,Kamjanets-Podilskyi,2005-06-21,16.950000000000003,5,5,3533
439,ALEXANDER FENNELL,Italy,Bergamo,2005-06-20,16.950000000000003,5,5,3533
439,ALEXANDER FENNELL,Italy,Bergamo,2005-07-30,16.950000000000003,5,5,3533
440,BERNARD COLBY,India,Dhule (Dhulia),2005-08-21,16.950000000000003,5,5,3533
441,MARIO CHEATHAM,Algeria,Batna,2005-07-09,16.950000000000003,5,5,3533
479,ZACHARY HITE,United States,Akron,2005-06-18,16.950000000000003,5,5,3533
500,REGINALD KINDER,Indonesia,Madiun,2005-08-22,16.950000000000003,5,5,3533
515,ANDRE RAPP,Chile,Coquimbo,2005-07-10,16.950000000000003,5,5,3533
575,ISAAC OGLESBY,Mexico,Cuernavaca,2005-05-29,16.950000000000003,5,5,3533
580,ROSS GREY,Philippines,Iligan,2005-07-10,16.950000000000003,5,5,3533
78,LORI WOOD,India,Rae Bareli,2005-07-09,16.95,5,5,3570
170,BEATRICE ARNOLD,India,Udaipur,2005-07-09,16.95,5,5,3570
180,STACY CUNNINGHAM,Colombia,Pereira,2005-07-31,16.95,5,5,3570
183,IDA ANDREWS,Brazil,Luzinia,2005-08-20,16.95,5,5,3570
222,DELORES HANSEN,Russian Federation,Jaroslavl,2005-07-31,16.95,5,5,3570
295,DAISY BATES,Russian Federation,Kolpino,2005-06-18,16.95,5,5,3570
298,ERIKA PENA,Finland,Oulu,2005-08-21,16.95,5,5,3570
327,LARRY THRASHER,Turkey,Adana,2005-08-20,16.95,5,5,3570
344,HENRY BILLINGSLEY,Tonga,Nukualofa,2005-08-21,16.95,5,5,3570
392,SEAN DOUGLASS,Ethiopia,Addis Abeba,2005-07-31,16.95,5,5,3570
399,DANNY ISOM,Pakistan,Okara,2005-07-11,16.95,5,5,3570
434,EDDIE TOMLIN,Philippines,Ozamis,2005-07-30,16.95,5,5,3570
456,RONNIE RICKETTS,Senegal,Ziguinchor,2005-07-11,16.95,5,5,3570
530,DARRYL ASHCRAFT,Argentina,Ezeiza,2005-07-29,16.95,5,5,3570
534,CHRISTIAN JUNG,India,Amroha,2005-08-22,16.95,5,5,3570
538,TED BREAUX,China,Baicheng,2005-08-21,16.95,5,5,3570
546,KELLY KNOTT,China,Sanya,2005-08-01,16.95,5,4,3570
251,VICKIE BREWER,Germany,Halle/Saale,2005-07-31,16.949999999999996,5,5,3587
286,VELMA LUCAS,Nigeria,Effon-Alaiye,2005-07-28,16.949999999999996,5,5,3587
305,RICHARD MCCRARY,United States,Arlington,2005-08-22,16.949999999999996,5,5,3587
312,MARK RINEHART,Saudi Arabia,Tabuk,2005-08-21,16.949999999999996,5,5,3587
450,JAY ROBB,Indonesia,Surakarta,2005-08-21,16.949999999999996,5,5,3587
504,NATHANIEL ADAM,United States,Joliet,2005-07-28,16.949999999999996,5,5,3587
549,NELSON CHRISTENSON,Spain,Santiago de Compostela,2005-08-21,16.949999999999996,5,5,3587
552,HUGH WALDROP,China,Haining,2005-08-21,16.949999999999996,5,5,3587
590,SETH HANNON,Bahrain,al-Manama,2005-07-10,16.949999999999996,5,5,3587
319,RONALD WEINER,Mexico,San Felipe del Progreso,2005-08-17,16.949999999999992,5,5,3596
537,CLINTON BUFORD,United States,Aurora,2005-08-21,16.949999999999992,5,5,3596
6,JENNIFER DAVIS,United States,Laredo,2005-08-02,16.940000000000005,6,6,3598
34,REBECCA SCOTT,Japan,Kurashiki,2005-08-01,16.940000000000005,6,6,3598
303,WILLIAM SATTERFIELD,Yemen,Sanaa,2005-08-21,16.940000000000005,6,6,3598
316,STEVEN CURLEY,India,Miraj,2005-08-23,16.940000000000005,6,6,3598
4,BARBARA JONES,Myanmar,Myingyan,2005-06-19,16.94,6,6,3602
11,LISA ANDERSON,Japan,Sagamihara,2005-08-22,16.94,6,6,3602
28,CYNTHIA YOUNG,India,Munger (Monghyr),2005-07-11,16.94,6,6,3602
60,MILDRED BAILEY,India,Jaipur,2005-08-01,16.94,6,6,3602
147,JOANNE ROBERTSON,Japan,Urawa,2005-07-10,16.94,6,6,3602
158,VERONICA STONE,United States,Greensboro,2005-08-20,16.94,6,6,3602
260,CHRISTY VARGAS,China,Datong,2005-07-29,16.94,6,6,3602
263,HILDA HOPKINS,Philippines,Mandaluyong,2005-07-09,16.94,6,6,3602
298,ERIKA PENA,Finland,Oulu,2005-07-09,16.94,6,6,3602
298,ERIKA PENA,Finland,Oulu,2005-07-12,16.94,6,6,3602
329,FRANK WAGGONER,Bangladesh,Jamalpur,2005-06-19,16.94,6,6,3602
351,JACK FOUST,Russian Federation,Zeleznogorsk,2005-07-10,16.94,6,6,3602
375,AARON SELBY,"Congo, The Democratic Republic of the",Mwene-Ditu,2005-08-01,16.94,6,6,3602
395,JOHNNY TURPIN,Sudan,al-Qadarif,2005-08-23,16.94,6,6,3602
567,ALFREDO MCADAMS,Russian Federation,Serpuhov,2005-07-12,16.94,6,6,3602
593,RENE MCALISTER,United States,Garden Grove,2005-07-08,16.94,6,6,3602
163,CATHY SPENCER,Japan,Kakamigahara,2005-08-01,16.939999999999998,6,6,3618
430,RAY HOULE,Russian Federation,Dzerzinsk,2005-08-20,16.939999999999998,6,6,3618
450,JAY ROBB,Indonesia,Surakarta,2005-08-02,16.939999999999998,6,6,3618
145,LUCILLE HOLMES,South Africa,Soshanguve,2005-07-31,16.939999999999994,6,6,3621
91,LOIS BUTLER,Brunei,Bandar Seri Begawan,2005-07-30,16.930000000000007,7,7,3622
133,PAULINE HENRY,Mexico,Torren,2005-08-01,16.930000000000007,7,7,3622
381,BOBBY BOUDREAU,Anguilla,South Hill,2005-07-12,16.930000000000003,7,7,3624
30,MELISSA KING,Taiwan,Lungtan,2005-08-21,16.93,7,7,3625
160,ERIN DUNN,Russian Federation,Ljubertsy,2005-08-01,16.93,7,7,3625
411,NORMAN CURRIER,Indonesia,Cianjur,2005-07-31,16.93,7,7,3625
424,KYLE SPURLOCK,China,Shanwei,2005-07-12,16.93,7,7,3625
442,LEROY BUSTAMANTE,China,Tongliao,2005-08-22,16.93,7,7,3625
507,EDGAR RHOADS,Turkey,Eskisehir,2005-07-10,16.93,7,7,3625
516,ELMER NOE,Cambodia,Battambang,2005-08-23,16.929999999999996,7,6,3631
491,RICK MATTOX,Egypt,Mit Ghamr,2005-08-23,15.950000000000012,5,5,3632
131,MONICA HICKS,Ukraine,Mukateve,2005-08-18,15.950000000000008,5,5,3633
102,CRYSTAL FORD,Israel,Ashdod,2005-07-29,15.950000000000006,5,5,3634
190,YOLANDA WEAVER,Tanzania,Tabora,2005-08-20,15.950000000000005,5,5,3635
477,DAN PAINE,United Kingdom,Stockport,2005-08-23,15.950000000000005,5,5,3635
23,SARAH LEWIS,Latvia,Liepaja,2005-07-11,15.950000000000003,5,5,3637
38,MARTHA GONZALEZ,Moldova,Chisinau,2005-08-21,15.950000000000003,5,5,3637
42,CAROLYN PEREZ,Thailand,Pak Kret,2005-07-28,15.950000000000003,5,5,3637
135,JUANITA MASON,India,Pune,2005-07-29,15.950000000000003,5,5,3637
250,JO FOWLER,Nigeria,Oyo,2005-07-11,15.950000000000003,5,5,3637
330,SCOTT SHELLEY,United States,Aurora,2005-07-09,15.950000000000003,5,5,3637
396,EARL SHANKS,Japan,Iwatsuki,2005-07-30,15.950000000000003,5,5,3637
500,REGINALD KINDER,Indonesia,Madiun,2005-07-30,15.950000000000003,5,5,3637
598,WADE DELVALLE,Switzerland,Lausanne,2005-07-29,15.950000000000003,5,5,3637
10,DOROTHY TAYLOR,Iran,Esfahan,2005-06-20,15.950000000000001,5,5,3646
11,LISA ANDERSON,Japan,Sagamihara,2005-07-29,15.950000000000001,5,5,3646
28,CYNTHIA YOUNG,India,Munger (Monghyr),2005-07-10,15.950000000000001,5,5,3646
29,ANGELA HERNANDEZ,Japan,Shimonoseki,2005-06-19,15.950000000000001,5,5,3646
38,MARTHA GONZALEZ,Moldova,Chisinau,2005-06-21,15.950000000000001,5,5,3646
60,MILDRED BAILEY,India,Jaipur,2005-07-31,15.950000000000001,5,5,3646
77,JANE BENNETT,Brazil,Araatuba,2005-08-01,15.950000000000001,5,5,3646
129,CARRIE PORTER,China,Liaocheng,2005-06-20,15.950000000000001,5,5,3646
216,NATALIE MEYER,Brazil,Aparecida de Goinia,2005-06-21,15.950000000000001,5,5,3646
226,MAUREEN LITTLE,Paraguay,Asuncin,2005-08-21,15.950000000000001,5,5,3646
269,CASSANDRA WALTERS,United States,Salinas,2005-05-29,15.950000000000001,5,5,3646
358,SAMUEL MARLOW,India,Ranchi,2005-06-19,15.950000000000001,5,5,3646
382,VICTOR BARKLEY,United States,Manchester,2005-06-20,15.950000000000001,5,5,3646
389,ALAN KAHN,China,Emeishan,2005-07-11,15.950000000000001,5,5,3646
411,NORMAN CURRIER,Indonesia,Cianjur,2005-07-10,15.950000000000001,5,5,3646
416,JEFFERY PINSON,Pakistan,Dadu,2005-07-29,15.950000000000001,5,5,3646
466,LEO EBERT,China,Dongying,2005-08-01,15.950000000000001,5,5,3646
497,GILBERT SLEDGE,United Kingdom,York,2005-08-22,15.950000000000001,5,5,3646
511,CHESTER BENNER,China,Suihua,2005-07-10,15.950000000000001,5,5,3646
534,CHRISTIAN JUNG,India,Amroha,2005-06-21,15.950000000000001,5,5,3646
536,FERNANDO CHURCHILL,South Korea,Tonghae,2005-07-11,15.950000000000001,5,5,3646
542,LONNIE TIRADO,Indonesia,Pangkal Pinang,2005-08-22,15.950000000000001,5,5,3646
567,ALFREDO MCADAMS,Russian Federation,Serpuhov,2005-07-11,15.950000000000001,5,5,3646
574,JULIAN VEST,Japan,Akishima,2005-06-21,15.950000000000001,5,5,3646
587,SERGIO STANFIELD,Mexico,Celaya,2005-07-12,15.950000000000001,5,5,3646
18,CAROL GARCIA,Nigeria,Kaduna,2005-07-12,15.95,5,5,3671
89,JULIA FLORES,Argentina,La Plata,2005-08-23,15.95,5,5,3671
278,BILLIE HORTON,Turkey,Inegl,2005-07-30,15.95,5,5,3671
414,VINCENT RALSTON,Mexico,Allende,2005-07-31,15.95,5,4,3671
524,JARED ELY,Indonesia,Purwakarta,2005-08-21,15.95,5,5,3671
28,CYNTHIA YOUNG,India,Munger (Monghyr),2005-08-20,15.949999999999998,5,5,3676
163,CATHY SPENCER,Japan,Kakamigahara,2005-07-29,15.949999999999998,5,5,3676
211,STACEY MONTGOMERY,China,Fuyu,2005-07-31,15.949999999999998,5,5,3676
290,KRISTINA CHAMBERS,Venezuela,Valle de la Pascua,2005-07-09,15.949999999999998,5,5,3676
145,LUCILLE HOLMES,South Africa,Soshanguve,2005-07-30,15.949999999999996,5,5,3680
314,GEORGE LINTON,Brazil,Sorocaba,2005-08-20,15.949999999999994,5,5,3681
447,CLIFFORD BOWENS,Russian Federation,Nabereznyje Telny,2005-08-21,15.949999999999994,5,5,3681
424,KYLE SPURLOCK,China,Shanwei,2005-08-22,15.949999999999992,5,5,3683
133,PAULINE HENRY,Mexico,Torren,2005-07-31,15.940000000000007,6,6,3684
384,ERNEST STEPP,China,Huaian,2005-07-11,15.940000000000005,6,6,3685
201,VICKI FIELDS,Germany,Witten,2005-08-02,15.940000000000003,6,6,3686
283,FELICIA SUTTON,China,Korla,2005-07-31,15.940000000000003,6,6,3686
361,LAWRENCE LAWTON,Cameroon,Yaound,2005-08-21,15.940000000000003,6,6,3686
405,LEONARD SCHOFIELD,Argentina,Tandil,2005-07-11,15.940000000000003,6,6,3686
405,LEONARD SCHOFIELD,Argentina,Tandil,2005-08-21,15.940000000000003,6,6,3686
568,ALBERTO HENNING,Venezuela,Barcelona,2005-08-01,15.940000000000003,6,6,3686
153,SUZANNE NICHOLS,Indonesia,Jakarta,2005-07-10,15.940000000000001,6,6,3692
197,SUE PETERS,China,Changzhou,2005-05-29,15.940000000000001,6,6,3692
350,JUAN FRALEY,Russian Federation,Teboksary,2005-07-10,15.940000000000001,6,6,3692
395,JOHNNY TURPIN,Sudan,al-Qadarif,2005-06-21,15.940000000000001,6,6,3692
411,NORMAN CURRIER,Indonesia,Cianjur,2005-07-29,15.940000000000001,6,6,3692
430,RAY HOULE,Russian Federation,Dzerzinsk,2005-06-20,15.940000000000001,6,6,3692
451,JIM REA,Mexico,El Fuerte,2005-06-20,15.940000000000001,6,6,3692
459,TOMMY COLLAZO,Iran,Qomsheh,2005-06-20,15.940000000000001,6,6,3692
459,TOMMY COLLAZO,Iran,Qomsheh,2005-07-12,15.940000000000001,6,6,3692
507,EDGAR RHOADS,Turkey,Eskisehir,2005-07-08,15.940000000000001,6,6,3692
519,RON DELUCA,Japan,Isesaki,2005-07-12,15.94,6,6,3702
564,BOB PFEIFFER,China,Xintai,2005-08-20,15.94,6,6,3702
565,JAIME NETTLES,Peru,Hunuco,2005-07-11,15.94,6,6,3702
72,THERESA WATSON,Philippines,Taguig,2005-08-18,15.939999999999998,6,6,3705
498,GENE SANBORN,Oman,Salala,2005-07-10,15.939999999999998,6,6,3705
5,ELIZABETH BROWN,Taiwan,Nantou,2005-07-30,15.939999999999996,6,6,3707
270,LEAH CURTIS,Poland,Kalisz,2005-08-21,15.930000000000003,7,7,3708
115,WENDY HARRISON,Mexico,Nezahualcyotl,2005-07-11,15.930000000000001,7,7,3709
12,NANCY THOMAS,India,Yamuna Nagar,2005-08-21,14.950000000000006,5,5,3710
12,NANCY THOMAS,India,Yamuna Nagar,2005-08-23,14.950000000000006,5,5,3710
20,SHARON ROBINSON,Pakistan,Mardan,2005-08-19,14.950000000000006,5,5,3710
133,PAULINE HENRY,Mexico,Torren,2005-07-30,14.950000000000006,5,5,3710
384,ERNEST STEPP,China,Huaian,2005-07-10,14.950000000000005,5,5,3714
442,LEROY BUSTAMANTE,China,Tongliao,2005-07-29,14.950000000000005,5,5,3714
1,MARY SMITH,Japan,Sasebo,2005-07-28,14.950000000000003,5,5,3716
9,MARGARET MOORE,Oman,Masqat,2005-08-01,14.950000000000003,5,5,3716
34,REBECCA SCOTT,Japan,Kurashiki,2005-08-18,14.950000000000003,5,5,3716
105,DAWN SULLIVAN,Tuvalu,Funafuti,2005-08-20,14.950000000000003,5,5,3716
236,MARCIA DEAN,Philippines,Tanza,2005-07-09,14.950000000000003,5,5,3716
283,FELICIA SUTTON,China,Korla,2005-08-19,14.950000000000003,5,5,3716
355,TERRY GRISSOM,Japan,Matsue,2005-08-02,14.950000000000003,5,5,3716
361,LAWRENCE LAWTON,Cameroon,Yaound,2005-08-20,14.950000000000003,5,5,3716
569,DAVE GARDINER,China,Leshan,2005-08-01,14.950000000000003,5,5,3716
77,JANE BENNETT,Brazil,Araatuba,2005-05-29,14.950000000000001,5,5,3725
123,SHANNON FREEMAN,India,Varanasi (Benares),2005-06-19,14.950000000000001,5,5,3725
130,CHARLOTTE HUNTER,Brazil,guas Lindas de Gois,2005-06-19,14.950000000000001,5,5,3725
174,YVONNE WATKINS,Venezuela,Ocumare del Tuy,2005-08-23,14.950000000000001,5,5,3725
177,SAMANTHA DUNCAN,Mexico,Matamoros,2005-06-18,14.950000000000001,5,5,3725
191,JEANETTE GREENE,Russian Federation,Novoterkassk,2005-06-17,14.950000000000001,5,5,3725
256,MABEL HOLLAND,Myanmar,Monywa,2005-05-31,14.950000000000001,5,5,3725
265,JENNIE TERRY,Czech Republic,Olomouc,2005-07-29,14.950000000000001,5,5,3725
302,MICHAEL SILVERMAN,China,Tiefa,2005-07-10,14.950000000000001,5,5,3725
324,GARY COY,China,Yuzhou,2005-07-10,14.950000000000001,5,5,3725
362,NICHOLAS BARFIELD,Brazil,Belm,2005-06-21,14.950000000000001,5,5,3725
373,LOUIS LEONE,Philippines,Tanauan,2005-07-29,14.950000000000001,5,5,3725
377,HOWARD FORTNER,Iran,Kermanshah,2005-06-21,14.950000000000001,5,5,3725
428,HERBERT KRUGER,Russian Federation,Syktyvkar,2005-06-21,14.950000000000001,5,5,3725
450,JAY ROBB,Indonesia,Surakarta,2005-06-18,14.950000000000001,5,5,3725
494,RAMON CHOATE,Ecuador,Robamba,2005-07-07,14.950000000000001,5,5,3725
543,LANCE PEMBERTON,Morocco,Beni-Mellal,2005-07-31,14.950000000000001,5,4,3725
233,LILLIE KIM,Egypt,Idfu,2005-08-23,14.95,5,5,3742
288,BOBBIE CRAIG,Mexico,Valle de Santiago,2005-07-12,14.95,5,5,3742
406,NATHAN RUNYON,"Virgin Islands, U.S.",Charlotte Amalie,2005-07-12,14.95,5,5,3742
299,JAMES GANNON,Japan,Hiroshima,2005-07-10,14.949999999999998,5,5,3745
458,LLOYD DOWD,Indonesia,Tegal,2005-08-20,14.949999999999998,5,5,3745
498,GENE SANBORN,Oman,Salala,2005-07-09,14.949999999999998,5,5,3745
516,ELMER NOE,Cambodia,Battambang,2005-08-22,14.949999999999998,5,5,3745
501,RUBEN GEARY,Poland,Lublin,2005-08-01,14.949999999999996,5,5,3749
471,DEAN SAUER,South Africa,Johannesburg,2005-08-01,14.940000000000007,6,6,3750
260,CHRISTY VARGAS,China,Datong,2005-08-20,14.940000000000005,6,6,3751
592,TERRANCE ROUSH,Hungary,Szkesfehrvr,2005-07-29,14.940000000000005,6,6,3751
24,KIMBERLY LEE,Argentina,Crdoba,2005-08-02,14.940000000000003,6,6,3753
215,JESSIE BANKS,Bulgaria,Stara Zagora,2005-08-22,14.940000000000003,6,6,3753
270,LEAH CURTIS,Poland,Kalisz,2005-08-20,14.940000000000003,6,6,3753
84,SARA PERRY,Mexico,Atlixco,2005-06-18,14.940000000000001,6,6,3756
158,VERONICA STONE,United States,Greensboro,2005-07-30,14.940000000000001,6,6,3756
241,HEIDI LARSON,China,Xiangfan,2005-07-10,14.940000000000001,6,6,3756
252,MATTIE HOFFMAN,United Kingdom,London,2005-07-30,14.940000000000001,6,6,3756
383,MARTIN BALES,Angola,Namibe,2005-08-01,14.940000000000001,6,6,3756
514,FRANKLIN TROUTMAN,China,Zaoyang,2005-06-21,14.940000000000001,6,6,3756
586,KIRK STCLAIR,Taiwan,Tsaotun,2005-08-21,14.940000000000001,6,6,3756
387,JESSE SCHILLING,"Congo, The Democratic Republic of the",Lubumbashi,2005-06-21,14.94,6,6,3763
436,TROY QUIGLEY,Canada,Vancouver,2005-07-10,14.94,6,6,3763
297,SHERRI RHODES,India,Ahmadnagar,2005-07-31,14.939999999999998,6,6,3765
286,VELMA LUCAS,Nigeria,Effon-Alaiye,2005-08-22,14.939999999999996,6,6,3766
418,JEFF EAST,Dominican Republic,San Felipe de Puerto Plata,2005-08-21,14.929999999999998,7,7,3767
142,APRIL BURNS,United Kingdom,Dundee,2005-08-23,14.92,8,8,3768
75,TAMMY SANDERS,Taiwan,Changhwa,2005-07-28,13.950000000000008,5,5,3769
316,STEVEN CURLEY,India,Miraj,2005-08-21,13.950000000000006,5,5,3770
50,DIANE COLLINS,Sudan,Omdurman,2005-07-30,13.950000000000005,5,5,3771
12,NANCY THOMAS,India,Yamuna Nagar,2005-07-30,13.950000000000003,5,5,3772
21,MICHELLE CLARK,Bangladesh,Tangail,2005-07-30,13.950000000000003,5,4,3772
27,SHIRLEY ALLEN,Philippines,Davao,2005-07-11,13.950000000000003,5,5,3772
75,TAMMY SANDERS,Taiwan,Changhwa,2005-07-09,13.950000000000003,5,5,3772
196,ALMA AUSTIN,Germany,Mannheim,2005-07-30,13.950000000000003,5,5,3772
230,JOY GEORGE,Romania,Botosani,2005-07-09,13.950000000000003,5,5,3772
405,LEONARD SCHOFIELD,Argentina,Tandil,2005-07-31,13.950000000000003,5,5,3772
28,CYNTHIA YOUNG,India,Munger (Monghyr),2005-06-21,13.950000000000001,5,5,3779
84,SARA PERRY,Mexico,Atlixco,2005-06-17,13.950000000000001,5,5,3779
121,JOSEPHINE GOMEZ,India,Etawah,2005-07-29,13.950000000000001,5,5,3779
151,MEGAN PALMER,China,Laiwu,2005-06-21,13.950000000000001,5,5,3779
189,LORETTA CARPENTER,Canada,Oshawa,2005-06-21,13.950000000000001,5,5,3779
195,VANESSA SIMS,Germany,Siegen,2005-08-21,13.950000000000001,5,5,3779
207,GERTRUDE CASTILLO,Greenland,Nuuk,2005-05-30,13.950000000000001,5,5,3779
235,JACKIE LYNCH,Colombia,Buenaventura,2005-08-21,13.950000000000001,5,5,3779
252,MATTIE HOFFMAN,United Kingdom,London,2005-07-29,13.950000000000001,5,5,3779
254,MAXINE SILVA,Brazil,Poos de Caldas,2005-06-19,13.950000000000001,5,5,3779
329,FRANK WAGGONER,Bangladesh,Jamalpur,2005-06-18,13.950000000000001,5,5,3779
350,JUAN FRALEY,Russian Federation,Teboksary,2005-07-09,13.950000000000001,5,5,3779
395,JOHNNY TURPIN,Sudan,al-Qadarif,2005-07-09,13.950000000000001,5,5,3779
406,NATHAN RUNYON,"Virgin Islands, U.S.",Charlotte Amalie,2005-06-19,13.950000000000001,5,5,3779
408,MANUEL MURRELL,Sri Lanka,Jaffna,2005-07-12,13.950000000000001,5,5,3779
503,ANGEL BARCLAY,Japan,Ueda,2005-08-02,13.950000000000001,5,5,3779
514,FRANKLIN TROUTMAN,China,Zaoyang,2005-06-20,13.950000000000001,5,5,3779
527,CORY MEEHAN,Belarus,Mogiljov,2005-07-11,13.950000000000001,5,5,3779
529,ERIK GUILLEN,India,Bhimavaram,2005-07-11,13.950000000000001,5,5,3779
557,FELIX GAFFNEY,Lithuania,Vilnius,2005-08-02,13.950000000000001,5,5,3779
128,MARJORIE TUCKER,Poland,Jastrzebie-Zdrj,2005-08-19,13.95,5,5,3799
377,HOWARD FORTNER,Iran,Kermanshah,2005-07-12,13.95,5,5,3799
436,TROY QUIGLEY,Canada,Vancouver,2005-07-08,13.95,5,5,3799
504,NATHANIEL ADAM,United States,Joliet,2005-08-19,13.949999999999998,5,5,3802
286,VELMA LUCAS,Nigeria,Effon-Alaiye,2005-08-20,13.949999999999996,5,5,3803
570,IVAN CROMWELL,Mexico,Monclova,2005-07-12,13.940000000000007,6,6,3804
12,NANCY THOMAS,India,Yamuna Nagar,2005-07-12,13.940000000000003,6,6,3805
129,CARRIE PORTER,China,Liaocheng,2005-07-08,13.940000000000003,6,6,3805
109,EDNA WEST,South Africa,Klerksdorp,2005-08-02,13.940000000000001,6,6,3807
413,MARVIN YEE,India,Berhampore (Baharampur),2005-08-02,13.940000000000001,6,6,3807
424,KYLE SPURLOCK,China,Shanwei,2005-07-10,13.940000000000001,6,6,3807
442,LEROY BUSTAMANTE,China,Tongliao,2005-08-21,13.940000000000001,6,6,3807
557,FELIX GAFFNEY,Lithuania,Vilnius,2005-07-12,13.940000000000001,6,6,3807
558,JIMMIE EGGLESTON,Poland,Wroclaw,2005-08-02,13.940000000000001,6,6,3807
573,BYRON BOX,Kazakstan,Zhezqazghan,2005-07-08,13.940000000000001,6,6,3807
418,JEFF EAST,Dominican Republic,San Felipe de Puerto Plata,2005-08-20,13.939999999999998,6,6,3814
288,BOBBIE CRAIG,Mexico,Valle de Santiago,2005-08-21,13.93,7,7,3815
31,BRENDA WRIGHT,India,Kamarhati,2005-07-30,12.950000000000014,5,5,3816
570,IVAN CROMWELL,Mexico,Monclova,2005-07-11,12.950000000000006,5,5,3817
35,VIRGINIA GREEN,France,Toulouse,2005-07-09,12.950000000000003,5,5,3818
193,KATIE ELLIOTT,Kenya,Kisumu,2005-08-21,12.950000000000003,5,5,3818
208,LUCY WHEELER,India,Balurghat,2005-07-30,12.950000000000003,5,5,3818
270,LEAH CURTIS,Poland,Kalisz,2005-08-18,12.950000000000003,5,5,3818
381,BOBBY BOUDREAU,Anguilla,South Hill,2005-07-30,12.950000000000003,5,5,3818
405,LEONARD SCHOFIELD,Argentina,Tandil,2005-07-10,12.950000000000003,5,5,3818
575,ISAAC OGLESBY,Mexico,Cuernavaca,2005-07-30,12.950000000000003,5,5,3818
35,VIRGINIA GREEN,France,Toulouse,2005-06-19,12.950000000000001,5,5,3825
36,KATHLEEN ADAMS,Iran,Arak,2005-07-11,12.950000000000001,5,5,3825
44,MARIE TURNER,Russian Federation,Lipetsk,2005-05-30,12.950000000000001,5,5,3825
160,ERIN DUNN,Russian Federation,Ljubertsy,2005-07-31,12.950000000000001,5,5,3825
162,LAUREN HUDSON,France,Le Mans,2005-06-20,12.950000000000001,5,5,3825
192,LAURIE LAWRENCE,India,Firozabad,2005-07-12,12.950000000000001,5,5,3825
214,KRISTIN JOHNSTON,United States,Sunnyvale,2005-05-31,12.950000000000001,5,5,3825
224,PEARL GARZA,India,Jodhpur,2005-07-30,12.950000000000001,5,5,3825
237,TANYA GILBERT,South Korea,Naju,2005-06-20,12.950000000000001,5,5,3825
240,MARLENE WELCH,Japan,Iwaki,2005-07-12,12.950000000000001,5,5,3825
246,MARIAN MENDOZA,Brazil,Maring,2005-06-20,12.950000000000001,5,5,3825
248,CAROLINE BOWMAN,United States,Tallahassee,2005-07-12,12.950000000000001,5,5,3825
271,PENNY NEAL,India,Kumbakonam,2005-07-11,12.950000000000001,5,5,3825
351,JACK FOUST,Russian Federation,Zeleznogorsk,2005-07-09,12.950000000000001,5,5,3825
358,SAMUEL MARLOW,India,Ranchi,2005-08-01,12.950000000000001,5,5,3825
416,JEFFERY PINSON,Pakistan,Dadu,2005-06-16,12.950000000000001,5,5,3825
461,DEREK BLAKELY,Philippines,Gingoog,2005-07-30,12.950000000000001,5,5,3825
558,JIMMIE EGGLESTON,Poland,Wroclaw,2005-08-01,12.950000000000001,5,5,3825
141,DEBBIE REYES,Japan,Fukuyama,2005-07-10,12.95,5,5,3843
370,WAYNE TRUONG,India,Gulbarga,2005-08-21,12.95,5,5,3843
450,JAY ROBB,Indonesia,Surakarta,2005-08-01,12.95,5,5,3843
565,JAIME NETTLES,Peru,Hunuco,2005-07-09,12.95,5,5,3843
30,MELISSA KING,Taiwan,Lungtan,2005-08-20,12.949999999999998,5,5,3847
115,WENDY HARRISON,Mexico,Nezahualcyotl,2005-08-23,12.949999999999998,5,5,3847
394,CHRIS BROTHERS,Spain,Gijn,2005-08-01,12.940000000000007,6,6,3849
76,IRENE PRICE,Kazakstan,Pavlodar,2005-06-21,12.940000000000001,6,6,3850
559,EVERETT BANDA,Egypt,Bilbays,2005-07-31,12.939999999999994,6,6,3851
278,BILLIE HORTON,Turkey,Inegl,2005-08-22,12.930000000000003,7,7,3852
425,FRANCIS SIKES,Mexico,San Juan Bautista Tuxtepec,2005-08-01,12.930000000000001,7,7,3853
142,APRIL BURNS,United Kingdom,Dundee,2005-08-22,12.93,7,7,3854
391,CLARENCE GAMEZ,Japan,Izumisano,2005-08-21,11.950000000000008,5,5,3855
90,RUBY WASHINGTON,China,Meixian,2005-08-21,11.950000000000006,5,5,3856
335,GREGORY MAULDIN,Tunisia,Sousse,2005-08-22,11.950000000000005,5,5,3857
435,RICKY SHELBY,China,Junan,2005-08-19,11.950000000000005,5,5,3857
24,KIMBERLY LEE,Argentina,Crdoba,2005-08-01,11.950000000000003,5,5,3859
108,TRACY COLE,Mexico,Huixquilucan,2005-07-08,11.950000000000003,5,5,3859
143,LESLIE GORDON,Turkey,Kilis,2005-08-02,11.950000000000003,5,5,3859
377,HOWARD FORTNER,Iran,Kermanshah,2005-08-22,11.950000000000003,5,5,3859
76,IRENE PRICE,Kazakstan,Pavlodar,2005-06-20,11.950000000000001,5,5,3863
138,HAZEL WARREN,China,Hohhot,2005-07-12,11.950000000000001,5,5,3863
208,LUCY WHEELER,India,Balurghat,2005-06-20,11.950000000000001,5,5,3863
241,HEIDI LARSON,China,Xiangfan,2005-06-21,11.950000000000001,5,5,3863
361,LAWRENCE LAWTON,Cameroon,Yaound,2005-07-12,11.950000000000001,5,5,3863
459,TOMMY COLLAZO,Iran,Qomsheh,2005-07-11,11.950000000000001,5,5,3863
556,ARMANDO GRUBER,United Kingdom,Southport,2005-07-12,11.950000000000001,5,5,3863
557,FELIX GAFFNEY,Lithuania,Vilnius,2005-08-22,11.950000000000001,5,5,3863
288,BOBBIE CRAIG,Mexico,Valle de Santiago,2005-08-19,11.95,5,5,3871
519,RON DELUCA,Japan,Isesaki,2005-07-11,11.95,5,5,3871
64,JUDITH COX,China,Daxian,2005-08-21,11.949999999999998,5,5,3873
506,LESLIE SEWARD,Indonesia,Pontianak,2005-08-20,11.949999999999998,5,5,3873
80,MARILYN ROSS,Nigeria,Ife,2005-08-19,11.949999999999996,5,5,3875
354,JUSTIN NGO,Brazil,Santo Andr,2005-07-27,11.949999999999996,5,5,3875
232,CONSTANCE REID,Nigeria,Zaria,2005-08-23,11.940000000000003,6,6,3877
314,GEORGE LINTON,Brazil,Sorocaba,2005-07-10,11.940000000000001,6,5,3878
425,FRANCIS SIKES,Mexico,San Juan Bautista Tuxtepec,2005-07-31,11.940000000000001,6,6,3878
1,MARY SMITH,Japan,Sasebo,2005-08-21,10.95000000000001,5,5,3880
303,WILLIAM SATTERFIELD,Yemen,Sanaa,2005-08-18,10.950000000000006,5,5,3881
7,MARIA MILLER,Yugoslavia,Kragujevac,2005-06-20,10.950000000000003,5,5,3882
12,NANCY THOMAS,India,Yamuna Nagar,2005-07-09,10.950000000000003,5,5,3882
4,BARBARA JONES,Myanmar,Myingyan,2005-06-17,10.950000000000001,5,5,3884
53,HEATHER MORRIS,Japan,Nagareyama,2005-06-21,10.950000000000001,5,5,3884
220,CHARLENE ALVAREZ,Tanzania,Zanzibar,2005-07-11,10.950000000000001,5,5,3884
241,HEIDI LARSON,China,Xiangfan,2005-07-09,10.950000000000001,5,5,3884
314,GEORGE LINTON,Brazil,Sorocaba,2005-07-09,10.950000000000001,5,5,3884
391,CLARENCE GAMEZ,Japan,Izumisano,2005-06-20,10.950000000000001,5,5,3884
592,TERRANCE ROUSH,Hungary,Szkesfehrvr,2005-08-20,10.950000000000001,5,5,3884
485,CLYDE TOBIAS,China,Shaoguan,2005-07-08,10.95,5,5,3891
215,JESSIE BANKS,Bulgaria,Stara Zagora,2005-08-21,9.950000000000003,5,5,3892
109,EDNA WEST,South Africa,Klerksdorp,2005-08-01,9.950000000000001,5,5,3893
183,IDA ANDREWS,Brazil,Luzinia,2005-07-10,9.950000000000001,5,5,3893
383,MARTIN BALES,Angola,Namibe,2005-07-31,9.950000000000001,5,5,3893
411,NORMAN CURRIER,Indonesia,Cianjur,2005-07-28,9.950000000000001,5,5,3893
387,JESSE SCHILLING,"Congo, The Democratic Republic of the",Lubumbashi,2005-06-20,9.95,5,5,3897
595,TERRENCE GUNDERSON,China,Jinzhou,2005-08-23,9.940000000000005,6,6,3898
232,CONSTANCE REID,Nigeria,Zaria,2005-08-22,8.950000000000003,5,5,3899
381,BOBBY BOUDREAU,Anguilla,South Hill,2005-07-11,8.950000000000003,5,5,3899
142,APRIL BURNS,United Kingdom,Dundee,2005-08-21,8.95,5,5,3901
262,PATSY DAVIDSON,Ecuador,Portoviejo,2005-07-11,8.95,5,5,3901
278,BILLIE HORTON,Turkey,Inegl,2005-08-21,6.950000000000004,5,5,3903
