payment_date,h03,h04,country_name,city_name,store_id,payment_count,day_amount,avg_30d,deviation,country_rank
2005-08-20,MICHELLE,CLARK,Bangladesh,Tangail,1,4,32.96,5.58,27.38,1
2005-08-20,MICHELLE,CLARK,Bangladesh,Tangail,1,4,32.96,5.58,27.38,1
2005-08-20,MICHELLE,CLARK,Bangladesh,Tangail,1,4,32.96,5.58,27.38,1
2005-08-21,TIM,CARY,India,Bijapur,1,5,32.95,7.84,25.11,1
2005-08-21,TIM,CARY,India,Bijapur,1,5,32.95,7.84,25.11,1
2005-08-21,TIM,CARY,India,Bijapur,1,5,32.95,7.84,25.11,1
2005-08-21,TIM,CARY,India,Bijapur,1,5,32.95,7.84,25.11,1
2005-08-21,TIM,CARY,India,Bijapur,1,5,32.95,7.84,25.11,1
2005-08-21,TIM,CARY,India,Bijapur,1,5,32.95,7.84,25.11,1
2005-08-21,TIM,CARY,India,Bijapur,1,5,32.95,7.84,25.11,1
2005-08-21,TIM,CARY,India,Bijapur,1,5,32.95,7.84,25.11,1
2005-08-21,TIM,CARY,India,Bijapur,1,5,32.95,7.84,25.11,1
2005-08-21,TIM,CARY,India,Bijapur,1,5,32.95,7.84,25.11,1
2005-08-21,TIM,CARY,India,Bijapur,1,5,32.95,7.84,25.11,1
2005-08-21,TIM,CARY,India,Bijapur,1,5,32.95,7.84,25.11,1
2005-08-21,TIM,CARY,India,Bijapur,1,5,32.95,7.84,25.11,1
2005-08-21,TIM,CARY,India,Bijapur,1,5,32.95,7.84,25.11,1
2005-08-21,TIM,CARY,India,Bijapur,1,5,32.95,7.84,25.11,1
2005-08-21,TIM,CARY,India,Bijapur,1,5,32.95,7.84,25.11,1
2005-08-21,TIM,CARY,India,Bijapur,1,5,32.95,7.84,25.11,1
2005-08-21,TIM,CARY,India,Bijapur,1,5,32.95,7.84,25.11,1
2005-08-21,TIM,CARY,India,Bijapur,1,5,32.95,7.84,25.11,1
2005-08-21,TIM,CARY,India,Bijapur,1,5,32.95,7.84,25.11,1
2005-08-21,TIM,CARY,India,Bijapur,1,5,32.95,7.84,25.11,1
2005-08-21,TIM,CARY,India,Bijapur,1,5,32.95,7.84,25.11,1
2005-08-21,TIM,CARY,India,Bijapur,1,5,32.95,7.84,25.11,1
2005-08-21,TIM,CARY,India,Bijapur,1,5,32.95,7.84,25.11,1
2005-08-21,TIM,CARY,India,Bijapur,1,5,32.95,7.84,25.11,1
2005-08-21,TIM,CARY,India,Bijapur,1,5,32.95,7.84,25.11,1
2005-08-21,TIM,CARY,India,Bijapur,1,5,32.95,7.84,25.11,1
2005-08-21,TIM,CARY,India,Bijapur,1,5,32.95,7.84,25.11,1
2005-08-21,TIM,CARY,India,Bijapur,1,5,32.95,7.84,25.11,1
2005-08-21,TIM,CARY,India,Bijapur,1,5,32.95,7.84,25.11,1
2005-08-21,TIM,CARY,India,Bijapur,1,5,32.95,7.84,25.11,1
2005-08-21,TIM,CARY,India,Bijapur,1,5,32.95,7.84,25.11,1
2005-08-21,TIM,CARY,India,Bijapur,1,5,32.95,7.84,25.11,1
2005-08-21,TIM,CARY,India,Bijapur,1,5,32.95,7.84,25.11,1
2005-08-21,TIM,CARY,India,Bijapur,1,5,32.95,7.84,25.11,1
2005-08-21,TIM,CARY,India,Bijapur,1,5,32.95,7.84,25.11,1
2005-08-21,TIM,CARY,India,Bijapur,1,5,32.95,7.84,25.11,1
2005-08-21,TIM,CARY,India,Bijapur,1,5,32.95,7.84,25.11,1
2005-08-21,TIM,CARY,India,Bijapur,1,5,32.95,7.84,25.11,1
2005-08-21,TIM,CARY,India,Bijapur,1,5,32.95,7.84,25.11,1
2005-08-21,TIM,CARY,India,Bijapur,1,5,32.95,7.84,25.11,1
2005-08-21,TIM,CARY,India,Bijapur,1,5,32.95,7.84,25.11,1
2005-08-21,TIM,CARY,India,Bijapur,1,5,32.95,7.84,25.11,1
2005-08-21,TIM,CARY,India,Bijapur,1,5,32.95,7.84,25.11,1
2005-08-21,TIM,CARY,India,Bijapur,1,5,32.95,7.84,25.11,1
2005-08-21,TIM,CARY,India,Bijapur,1,5,32.95,7.84,25.11,1
2005-07-28,TOMMY,COLLAZO,Iran,Qomsheh,1,5,29.95,2.66,27.29,1
2005-07-28,TOMMY,COLLAZO,Iran,Qomsheh,1,5,29.95,2.66,27.29,1
2005-07-28,TOMMY,COLLAZO,Iran,Qomsheh,1,5,29.95,2.66,27.29,1
2005-07-28,TOMMY,COLLAZO,Iran,Qomsheh,1,5,29.95,2.66,27.29,1
2005-07-28,TOMMY,COLLAZO,Iran,Qomsheh,1,5,29.95,2.66,27.29,1
2005-07-28,TOMMY,COLLAZO,Iran,Qomsheh,1,5,29.95,2.66,27.29,1
2005-07-28,TOMMY,COLLAZO,Iran,Qomsheh,1,5,29.95,2.66,27.29,1
2005-07-28,TOMMY,COLLAZO,Iran,Qomsheh,1,5,29.95,2.66,27.29,1
2005-07-30,ARNOLD,HAVENS,Philippines,Santa Rosa,2,5,29.95,7.61,22.34,1
2005-07-30,ARNOLD,HAVENS,Philippines,Santa Rosa,2,5,29.95,7.61,22.34,1
2005-07-30,ARNOLD,HAVENS,Philippines,Santa Rosa,2,5,29.95,7.61,22.34,1
2005-07-30,ARNOLD,HAVENS,Philippines,Santa Rosa,2,5,29.95,7.61,22.34,1
2005-07-30,ARNOLD,HAVENS,Philippines,Santa Rosa,2,5,29.95,7.61,22.34,1
2005-07-30,ARNOLD,HAVENS,Philippines,Santa Rosa,2,5,29.95,7.61,22.34,1
2005-07-30,ARNOLD,HAVENS,Philippines,Santa Rosa,2,5,29.95,7.61,22.34,1
2005-07-30,ARNOLD,HAVENS,Philippines,Santa Rosa,2,5,29.95,7.61,22.34,1
2005-07-30,ARNOLD,HAVENS,Philippines,Santa Rosa,2,5,29.95,7.61,22.34,1
2005-07-30,ARNOLD,HAVENS,Philippines,Santa Rosa,2,5,29.95,7.61,22.34,1
2005-07-30,ARNOLD,HAVENS,Philippines,Santa Rosa,2,5,29.95,7.61,22.34,1
2005-07-30,ARNOLD,HAVENS,Philippines,Santa Rosa,2,5,29.95,7.61,22.34,1
2005-07-30,ARNOLD,HAVENS,Philippines,Santa Rosa,2,5,29.95,7.61,22.34,1
2005-07-08,KEN,PREWITT,Romania,Bucuresti,2,7,29.93,2.99,26.94,1
2005-07-08,KEN,PREWITT,Romania,Bucuresti,2,7,29.93,2.99,26.94,1
2005-07-08,FRANCIS,SIKES,Mexico,San Juan Bautista Tuxtepec,2,4,27.96,6.99,20.97,1
2005-07-08,FRANCIS,SIKES,Mexico,San Juan Bautista Tuxtepec,2,4,27.96,6.99,20.97,1
2005-07-08,FRANCIS,SIKES,Mexico,San Juan Bautista Tuxtepec,2,4,27.96,6.99,20.97,1
2005-07-08,FRANCIS,SIKES,Mexico,San Juan Bautista Tuxtepec,2,4,27.96,6.99,20.97,1
2005-07-08,FRANCIS,SIKES,Mexico,San Juan Bautista Tuxtepec,2,4,27.96,6.99,20.97,1
2005-07-08,FRANCIS,SIKES,Mexico,San Juan Bautista Tuxtepec,2,4,27.96,6.99,20.97,1
2005-07-08,FRANCIS,SIKES,Mexico,San Juan Bautista Tuxtepec,2,4,27.96,6.99,20.97,1
2005-07-08,FRANCIS,SIKES,Mexico,San Juan Bautista Tuxtepec,2,4,27.96,6.99,20.97,1
2005-07-08,FRANCIS,SIKES,Mexico,San Juan Bautista Tuxtepec,2,4,27.96,6.99,20.97,1
2005-07-08,FRANCIS,SIKES,Mexico,San Juan Bautista Tuxtepec,2,4,27.96,6.99,20.97,1
2005-07-08,FRANCIS,SIKES,Mexico,San Juan Bautista Tuxtepec,2,4,27.96,6.99,20.97,1
2005-07-08,FRANCIS,SIKES,Mexico,San Juan Bautista Tuxtepec,2,4,27.96,6.99,20.97,1
2005-07-08,FRANCIS,SIKES,Mexico,San Juan Bautista Tuxtepec,2,4,27.96,6.99,20.97,1
2005-07-08,FRANCIS,SIKES,Mexico,San Juan Bautista Tuxtepec,2,4,27.96,6.99,20.97,1
2005-07-08,FRANCIS,SIKES,Mexico,San Juan Bautista Tuxtepec,2,4,27.96,6.99,20.97,1
2005-07-08,FRANCIS,SIKES,Mexico,San Juan Bautista Tuxtepec,2,4,27.96,6.99,20.97,1
2005-07-08,FRANCIS,SIKES,Mexico,San Juan Bautista Tuxtepec,2,4,27.96,6.99,20.97,1
2005-07-08,FRANCIS,SIKES,Mexico,San Juan Bautista Tuxtepec,2,4,27.96,6.99,20.97,1
2005-07-08,FRANCIS,SIKES,Mexico,San Juan Bautista Tuxtepec,2,4,27.96,6.99,20.97,1
2005-07-08,FRANCIS,SIKES,Mexico,San Juan Bautista Tuxtepec,2,4,27.96,6.99,20.97,1
2005-07-08,FRANCIS,SIKES,Mexico,San Juan Bautista Tuxtepec,2,4,27.96,6.99,20.97,1
2005-07-08,FRANCIS,SIKES,Mexico,San Juan Bautista Tuxtepec,2,4,27.96,6.99,20.97,1
2005-08-20,ALEX,GRESHAM,Mexico,Uruapan,2,4,27.96,5.23,22.73,1
2005-08-20,ALEX,GRESHAM,Mexico,Uruapan,2,4,27.96,5.23,22.73,1
2005-08-20,ALEX,GRESHAM,Mexico,Uruapan,2,4,27.96,5.23,22.73,1
2005-08-20,ALEX,GRESHAM,Mexico,Uruapan,2,4,27.96,5.23,22.73,1
2005-08-20,ALEX,GRESHAM,Mexico,Uruapan,2,4,27.96,5.23,22.73,1
2005-08-20,ALEX,GRESHAM,Mexico,Uruapan,2,4,27.96,5.23,22.73,1
2005-08-20,ALEX,GRESHAM,Mexico,Uruapan,2,4,27.96,5.23,22.73,1
2005-08-20,ALEX,GRESHAM,Mexico,Uruapan,2,4,27.96,5.23,22.73,1
2005-08-20,ALEX,GRESHAM,Mexico,Uruapan,2,4,27.96,5.23,22.73,1
2005-08-20,ALEX,GRESHAM,Mexico,Uruapan,2,4,27.96,5.23,22.73,1
2005-08-20,ALEX,GRESHAM,Mexico,Uruapan,2,4,27.96,5.23,22.73,1
2005-08-20,ALEX,GRESHAM,Mexico,Uruapan,2,4,27.96,5.23,22.73,1
2005-08-20,ALEX,GRESHAM,Mexico,Uruapan,2,4,27.96,5.23,22.73,1
2005-08-20,ALEX,GRESHAM,Mexico,Uruapan,2,4,27.96,5.23,22.73,1
2005-08-20,ALEX,GRESHAM,Mexico,Uruapan,2,4,27.96,5.23,22.73,1
2005-08-20,ALEX,GRESHAM,Mexico,Uruapan,2,4,27.96,5.23,22.73,1
2005-08-20,ALEX,GRESHAM,Mexico,Uruapan,2,4,27.96,5.23,22.73,1
2005-08-20,ALEX,GRESHAM,Mexico,Uruapan,2,4,27.96,5.23,22.73,1
2005-08-20,ALEX,GRESHAM,Mexico,Uruapan,2,4,27.96,5.23,22.73,1
2005-08-20,ALEX,GRESHAM,Mexico,Uruapan,2,4,27.96,5.23,22.73,1
2005-08-02,JANET,PHILLIPS,Chile,Antofagasta,1,5,27.95,5.84,22.11,1
2005-08-02,JANET,PHILLIPS,Chile,Antofagasta,1,5,27.95,5.84,22.11,1
2005-08-02,JANET,PHILLIPS,Chile,Antofagasta,1,5,27.95,5.84,22.11,1
2005-08-22,STANLEY,SCROGGINS,Japan,Omiya,2,5,27.95,6.43,21.52,1
2005-08-22,STANLEY,SCROGGINS,Japan,Omiya,2,5,27.95,6.43,21.52,1
2005-08-22,STANLEY,SCROGGINS,Japan,Omiya,2,5,27.95,6.43,21.52,1
2005-08-22,STANLEY,SCROGGINS,Japan,Omiya,2,5,27.95,6.43,21.52,1
2005-08-22,STANLEY,SCROGGINS,Japan,Omiya,2,5,27.95,6.43,21.52,1
2005-08-22,STANLEY,SCROGGINS,Japan,Omiya,2,5,27.95,6.43,21.52,1
2005-08-22,STANLEY,SCROGGINS,Japan,Omiya,2,5,27.95,6.43,21.52,1
2005-08-22,STANLEY,SCROGGINS,Japan,Omiya,2,5,27.95,6.43,21.52,1
2005-08-22,STANLEY,SCROGGINS,Japan,Omiya,2,5,27.95,6.43,21.52,1
2005-08-22,STANLEY,SCROGGINS,Japan,Omiya,2,5,27.95,6.43,21.52,1
2005-08-22,STANLEY,SCROGGINS,Japan,Omiya,2,5,27.95,6.43,21.52,1
2005-08-22,STANLEY,SCROGGINS,Japan,Omiya,2,5,27.95,6.43,21.52,1
2005-08-22,STANLEY,SCROGGINS,Japan,Omiya,2,5,27.95,6.43,21.52,1
2005-08-22,STANLEY,SCROGGINS,Japan,Omiya,2,5,27.95,6.43,21.52,1
2005-08-22,STANLEY,SCROGGINS,Japan,Omiya,2,5,27.95,6.43,21.52,1
2005-08-22,STANLEY,SCROGGINS,Japan,Omiya,2,5,27.95,6.43,21.52,1
2005-08-22,STANLEY,SCROGGINS,Japan,Omiya,2,5,27.95,6.43,21.52,1
2005-08-22,STANLEY,SCROGGINS,Japan,Omiya,2,5,27.95,6.43,21.52,1
2005-08-22,STANLEY,SCROGGINS,Japan,Omiya,2,5,27.95,6.43,21.52,1
2005-08-22,STANLEY,SCROGGINS,Japan,Omiya,2,5,27.95,6.43,21.52,1
2005-08-20,SHAWN,HEATON,Thailand,Nakhon Sawan,1,6,27.94,7.15,20.79,1
2005-08-20,SHAWN,HEATON,Thailand,Nakhon Sawan,1,6,27.94,7.15,20.79,1
2005-08-18,BRITTANY,RILEY,Ukraine,Sumy,2,3,26.97,6.74,20.23,1
2005-08-18,BRITTANY,RILEY,Ukraine,Sumy,2,3,26.97,6.74,20.23,1
2005-08-18,BRITTANY,RILEY,Ukraine,Sumy,2,3,26.97,6.74,20.23,1
2005-08-18,BRITTANY,RILEY,Ukraine,Sumy,2,3,26.97,6.74,20.23,1
2005-07-31,CARRIE,PORTER,China,Liaocheng,1,4,26.96,5.78,21.18,1
2005-07-31,CARRIE,PORTER,China,Liaocheng,1,4,26.96,5.78,21.18,1
2005-07-31,CARRIE,PORTER,China,Liaocheng,1,4,26.96,5.78,21.18,1
2005-07-31,CARRIE,PORTER,China,Liaocheng,1,4,26.96,5.78,21.18,1
2005-07-31,CARRIE,PORTER,China,Liaocheng,1,4,26.96,5.78,21.18,1
2005-07-31,CARRIE,PORTER,China,Liaocheng,1,4,26.96,5.78,21.18,1
2005-07-31,CARRIE,PORTER,China,Liaocheng,1,4,26.96,5.78,21.18,1
2005-07-31,CARRIE,PORTER,China,Liaocheng,1,4,26.96,5.78,21.18,1
2005-07-31,CARRIE,PORTER,China,Liaocheng,1,4,26.96,5.78,21.18,1
2005-07-31,CARRIE,PORTER,China,Liaocheng,1,4,26.96,5.78,21.18,1
2005-07-31,CARRIE,PORTER,China,Liaocheng,1,4,26.96,5.78,21.18,1
2005-07-31,CARRIE,PORTER,China,Liaocheng,1,4,26.96,5.78,21.18,1
2005-07-31,CARRIE,PORTER,China,Liaocheng,1,4,26.96,5.78,21.18,1
2005-07-31,CARRIE,PORTER,China,Liaocheng,1,4,26.96,5.78,21.18,1
2005-07-31,CARRIE,PORTER,China,Liaocheng,1,4,26.96,5.78,21.18,1
2005-07-31,CARRIE,PORTER,China,Liaocheng,1,4,26.96,5.78,21.18,1
2005-07-31,CARRIE,PORTER,China,Liaocheng,1,4,26.96,5.78,21.18,1
2005-07-31,CARRIE,PORTER,China,Liaocheng,1,4,26.96,5.78,21.18,1
2005-07-31,CARRIE,PORTER,China,Liaocheng,1,4,26.96,5.78,21.18,1
2005-07-31,CARRIE,PORTER,China,Liaocheng,1,4,26.96,5.78,21.18,1
2005-07-31,CARRIE,PORTER,China,Liaocheng,1,4,26.96,5.78,21.18,1
2005-07-31,CARRIE,PORTER,China,Liaocheng,1,4,26.96,5.78,21.18,1
2005-07-31,CARRIE,PORTER,China,Liaocheng,1,4,26.96,5.78,21.18,1
2005-07-31,CARRIE,PORTER,China,Liaocheng,1,4,26.96,5.78,21.18,1
2005-07-31,CARRIE,PORTER,China,Liaocheng,1,4,26.96,5.78,21.18,1
2005-07-31,CARRIE,PORTER,China,Liaocheng,1,4,26.96,5.78,21.18,1
2005-07-31,CARRIE,PORTER,China,Liaocheng,1,4,26.96,5.78,21.18,1
2005-07-31,CARRIE,PORTER,China,Liaocheng,1,4,26.96,5.78,21.18,1
2005-07-31,CARRIE,PORTER,China,Liaocheng,1,4,26.96,5.78,21.18,1
2005-07-31,CARRIE,PORTER,China,Liaocheng,1,4,26.96,5.78,21.18,1
2005-07-31,CARRIE,PORTER,China,Liaocheng,1,4,26.96,5.78,21.18,1
2005-07-31,CARRIE,PORTER,China,Liaocheng,1,4,26.96,5.78,21.18,1
2005-07-31,CARRIE,PORTER,China,Liaocheng,1,4,26.96,5.78,21.18,1
2005-07-31,CARRIE,PORTER,China,Liaocheng,1,4,26.96,5.78,21.18,1
2005-07-31,CARRIE,PORTER,China,Liaocheng,1,4,26.96,5.78,21.18,1
2005-07-31,CARRIE,PORTER,China,Liaocheng,1,4,26.96,5.78,21.18,1
2005-07-31,CARRIE,PORTER,China,Liaocheng,1,4,26.96,5.78,21.18,1
2005-07-31,CARRIE,PORTER,China,Liaocheng,1,4,26.96,5.78,21.18,1
2005-07-12,PATSY,DAVIDSON,Ecuador,Portoviejo,2,4,26.96,4.27,22.69,1
2005-08-22,RAMON,CHOATE,Ecuador,Robamba,2,4,26.96,7.48,19.48,1
2005-08-22,RAMON,CHOATE,Ecuador,Robamba,2,4,26.96,7.48,19.48,1
2005-08-01,ANA,BRADLEY,United States,Memphis,2,5,26.95,8.1,18.85,1
2005-08-01,ANA,BRADLEY,United States,Memphis,2,5,26.95,8.1,18.85,1
2005-08-01,ANA,BRADLEY,United States,Memphis,2,5,26.95,8.1,18.85,1
2005-08-01,ANA,BRADLEY,United States,Memphis,2,5,26.95,8.1,18.85,1
2005-08-01,ANA,BRADLEY,United States,Memphis,2,5,26.95,8.1,18.85,1
2005-08-01,ANA,BRADLEY,United States,Memphis,2,5,26.95,8.1,18.85,1
2005-08-01,ANA,BRADLEY,United States,Memphis,2,5,26.95,8.1,18.85,1
2005-08-01,ANA,BRADLEY,United States,Memphis,2,5,26.95,8.1,18.85,1
2005-08-01,ANA,BRADLEY,United States,Memphis,2,5,26.95,8.1,18.85,1
2005-08-01,ANA,BRADLEY,United States,Memphis,2,5,26.95,8.1,18.85,1
2005-08-01,ANA,BRADLEY,United States,Memphis,2,5,26.95,8.1,18.85,1
2005-08-01,ANA,BRADLEY,United States,Memphis,2,5,26.95,8.1,18.85,1
2005-08-01,ANA,BRADLEY,United States,Memphis,2,5,26.95,8.1,18.85,1
2005-08-01,ANA,BRADLEY,United States,Memphis,2,5,26.95,8.1,18.85,1
2005-08-01,ANA,BRADLEY,United States,Memphis,2,5,26.95,8.1,18.85,1
2005-08-01,ANA,BRADLEY,United States,Memphis,2,5,26.95,8.1,18.85,1
2005-08-01,ANA,BRADLEY,United States,Memphis,2,5,26.95,8.1,18.85,1
2005-08-01,ANA,BRADLEY,United States,Memphis,2,5,26.95,8.1,18.85,1
2005-08-01,ANA,BRADLEY,United States,Memphis,2,5,26.95,8.1,18.85,1
2005-08-01,ANA,BRADLEY,United States,Memphis,2,5,26.95,8.1,18.85,1
2005-08-01,ANA,BRADLEY,United States,Memphis,2,5,26.95,8.1,18.85,1
2005-08-01,ANA,BRADLEY,United States,Memphis,2,5,26.95,8.1,18.85,1
2005-08-01,ANA,BRADLEY,United States,Memphis,2,5,26.95,8.1,18.85,1
2005-08-01,ANA,BRADLEY,United States,Memphis,2,5,26.95,8.1,18.85,1
2005-08-01,ANA,BRADLEY,United States,Memphis,2,5,26.95,8.1,18.85,1
2005-08-01,ANA,BRADLEY,United States,Memphis,2,5,26.95,8.1,18.85,1
2005-08-01,ANA,BRADLEY,United States,Memphis,2,5,26.95,8.1,18.85,1
2005-08-01,ANA,BRADLEY,United States,Memphis,2,5,26.95,8.1,18.85,1
2005-07-31,DIANE,COLLINS,Sudan,Omdurman,1,5,26.95,6.74,20.22,1
2005-08-21,NICHOLAS,BARFIELD,Brazil,Belm,1,4,25.96,7.48,18.48,1
2005-08-21,NICHOLAS,BARFIELD,Brazil,Belm,1,4,25.96,7.48,18.48,1
2005-08-21,NICHOLAS,BARFIELD,Brazil,Belm,1,4,25.96,7.48,18.48,1
2005-08-21,NICHOLAS,BARFIELD,Brazil,Belm,1,4,25.96,7.48,18.48,1
2005-08-21,NICHOLAS,BARFIELD,Brazil,Belm,1,4,25.96,7.48,18.48,1
2005-08-21,NICHOLAS,BARFIELD,Brazil,Belm,1,4,25.96,7.48,18.48,1
2005-08-21,NICHOLAS,BARFIELD,Brazil,Belm,1,4,25.96,7.48,18.48,1
2005-08-21,NICHOLAS,BARFIELD,Brazil,Belm,1,4,25.96,7.48,18.48,1
2005-08-21,NICHOLAS,BARFIELD,Brazil,Belm,1,4,25.96,7.48,18.48,1
2005-08-21,NICHOLAS,BARFIELD,Brazil,Belm,1,4,25.96,7.48,18.48,1
2005-08-21,NICHOLAS,BARFIELD,Brazil,Belm,1,4,25.96,7.48,18.48,1
2005-08-21,NICHOLAS,BARFIELD,Brazil,Belm,1,4,25.96,7.48,18.48,1
2005-08-21,NICHOLAS,BARFIELD,Brazil,Belm,1,4,25.96,7.48,18.48,1
2005-08-21,NICHOLAS,BARFIELD,Brazil,Belm,1,4,25.96,7.48,18.48,1
2005-08-21,NICHOLAS,BARFIELD,Brazil,Belm,1,4,25.96,7.48,18.48,1
2005-08-21,NICHOLAS,BARFIELD,Brazil,Belm,1,4,25.96,7.48,18.48,1
2005-08-21,NICHOLAS,BARFIELD,Brazil,Belm,1,4,25.96,7.48,18.48,1
2005-08-21,NICHOLAS,BARFIELD,Brazil,Belm,1,4,25.96,7.48,18.48,1
2005-08-21,NICHOLAS,BARFIELD,Brazil,Belm,1,4,25.96,7.48,18.48,1
2005-08-21,NICHOLAS,BARFIELD,Brazil,Belm,1,4,25.96,7.48,18.48,1
2005-08-20,GERTRUDE,CASTILLO,Greenland,Nuuk,1,4,25.96,8.32,17.65,1
2005-07-29,DUANE,TUBBS,Nauru,Yangor,2,4,25.96,5.59,20.37,1
2005-08-23,GLADYS,HAMILTON,Nigeria,Ilorin,1,5,25.95,5.99,19.96,1
2005-08-23,GLADYS,HAMILTON,Nigeria,Ilorin,1,5,25.95,5.99,19.96,1
2005-08-23,GLADYS,HAMILTON,Nigeria,Ilorin,1,5,25.95,5.99,19.96,1
2005-08-23,GLADYS,HAMILTON,Nigeria,Ilorin,1,5,25.95,5.99,19.96,1
2005-08-23,GLADYS,HAMILTON,Nigeria,Ilorin,1,5,25.95,5.99,19.96,1
2005-08-23,GLADYS,HAMILTON,Nigeria,Ilorin,1,5,25.95,5.99,19.96,1
2005-08-23,GLADYS,HAMILTON,Nigeria,Ilorin,1,5,25.95,5.99,19.96,1
2005-08-02,TYRONE,ASHER,Bulgaria,Ruse,1,4,24.96,7.98,16.98,1
2005-07-31,BYRON,BOX,Kazakstan,Zhezqazghan,1,4,24.96,6.56,18.4,1
2005-07-31,BYRON,BOX,Kazakstan,Zhezqazghan,1,4,24.96,6.56,18.4,1
2005-07-10,MARIE,TURNER,Russian Federation,Lipetsk,1,4,24.96,4.49,20.47,1
2005-07-10,MARIE,TURNER,Russian Federation,Lipetsk,1,4,24.96,4.49,20.47,1
2005-07-10,MARIE,TURNER,Russian Federation,Lipetsk,1,4,24.96,4.49,20.47,1
2005-07-10,MARIE,TURNER,Russian Federation,Lipetsk,1,4,24.96,4.49,20.47,1
2005-07-10,MARIE,TURNER,Russian Federation,Lipetsk,1,4,24.96,4.49,20.47,1
2005-07-10,MARIE,TURNER,Russian Federation,Lipetsk,1,4,24.96,4.49,20.47,1
2005-07-10,MARIE,TURNER,Russian Federation,Lipetsk,1,4,24.96,4.49,20.47,1
2005-07-10,MARIE,TURNER,Russian Federation,Lipetsk,1,4,24.96,4.49,20.47,1
2005-07-10,MARIE,TURNER,Russian Federation,Lipetsk,1,4,24.96,4.49,20.47,1
2005-07-10,MARIE,TURNER,Russian Federation,Lipetsk,1,4,24.96,4.49,20.47,1
2005-07-10,MARIE,TURNER,Russian Federation,Lipetsk,1,4,24.96,4.49,20.47,1
2005-07-10,MARIE,TURNER,Russian Federation,Lipetsk,1,4,24.96,4.49,20.47,1
2005-07-10,MARIE,TURNER,Russian Federation,Lipetsk,1,4,24.96,4.49,20.47,1
2005-07-10,MARIE,TURNER,Russian Federation,Lipetsk,1,4,24.96,4.49,20.47,1
2005-07-10,MARIE,TURNER,Russian Federation,Lipetsk,1,4,24.96,4.49,20.47,1
2005-07-10,MARIE,TURNER,Russian Federation,Lipetsk,1,4,24.96,4.49,20.47,1
2005-08-02,YOLANDA,WEAVER,Tanzania,Tabora,2,4,24.96,6.98,17.98,1
2005-08-02,YOLANDA,WEAVER,Tanzania,Tabora,2,4,24.96,6.98,17.98,1
2005-08-02,YOLANDA,WEAVER,Tanzania,Tabora,2,4,24.96,6.98,17.98,1
2005-07-27,ALFRED,CASILLAS,Egypt,Sawhaj,2,5,24.95,2.32,22.63,1
2005-07-27,ALFRED,CASILLAS,Egypt,Sawhaj,2,5,24.95,2.32,22.63,1
2005-07-27,ALFRED,CASILLAS,Egypt,Sawhaj,2,5,24.95,2.32,22.63,1
2005-07-27,ALFRED,CASILLAS,Egypt,Sawhaj,2,5,24.95,2.32,22.63,1
2005-07-27,ALFRED,CASILLAS,Egypt,Sawhaj,2,5,24.95,2.32,22.63,1
2005-07-08,DEBRA,NELSON,Brazil,Vila Velha,1,3,23.97,5.49,18.48,21
2005-07-08,DEBRA,NELSON,Brazil,Vila Velha,1,3,23.97,5.49,18.48,21
2005-07-08,DEBRA,NELSON,Brazil,Vila Velha,1,3,23.97,5.49,18.48,21
2005-07-08,DEBRA,NELSON,Brazil,Vila Velha,1,3,23.97,5.49,18.48,21
2005-07-08,DEBRA,NELSON,Brazil,Vila Velha,1,3,23.97,5.49,18.48,21
2005-07-08,DEBRA,NELSON,Brazil,Vila Velha,1,3,23.97,5.49,18.48,21
2005-07-08,DEBRA,NELSON,Brazil,Vila Velha,1,3,23.97,5.49,18.48,21
2005-07-08,DEBRA,NELSON,Brazil,Vila Velha,1,3,23.97,5.49,18.48,21
2005-07-08,DEBRA,NELSON,Brazil,Vila Velha,1,3,23.97,5.49,18.48,21
2005-07-08,DEBRA,NELSON,Brazil,Vila Velha,1,3,23.97,5.49,18.48,21
2005-07-08,DEBRA,NELSON,Brazil,Vila Velha,1,3,23.97,5.49,18.48,21
2005-07-08,DEBRA,NELSON,Brazil,Vila Velha,1,3,23.97,5.49,18.48,21
2005-07-08,DEBRA,NELSON,Brazil,Vila Velha,1,3,23.97,5.49,18.48,21
2005-07-08,DEBRA,NELSON,Brazil,Vila Velha,1,3,23.97,5.49,18.48,21
2005-07-08,DEBRA,NELSON,Brazil,Vila Velha,1,3,23.97,5.49,18.48,21
2005-08-23,LARRY,THRASHER,Turkey,Adana,2,3,23.97,4.86,19.11,1
2005-08-23,LARRY,THRASHER,Turkey,Adana,2,3,23.97,4.86,19.11,1
2005-08-23,LARRY,THRASHER,Turkey,Adana,2,3,23.97,4.86,19.11,1
2005-08-23,LARRY,THRASHER,Turkey,Adana,2,3,23.97,4.86,19.11,1
2005-08-23,LARRY,THRASHER,Turkey,Adana,2,3,23.97,4.86,19.11,1
2005-08-23,LARRY,THRASHER,Turkey,Adana,2,3,23.97,4.86,19.11,1
2005-08-23,LARRY,THRASHER,Turkey,Adana,2,3,23.97,4.86,19.11,1
2005-08-23,LARRY,THRASHER,Turkey,Adana,2,3,23.97,4.86,19.11,1
2005-08-23,LARRY,THRASHER,Turkey,Adana,2,3,23.97,4.86,19.11,1
2005-08-18,GORDON,ALLARD,Yemen,Hodeida,1,3,23.97,7.98,15.99,1
2005-08-18,GORDON,ALLARD,Yemen,Hodeida,1,3,23.97,7.98,15.99,1
2005-08-18,GORDON,ALLARD,Yemen,Hodeida,1,3,23.97,7.98,15.99,1
2005-07-10,TINA,SIMMONS,Brazil,Goinia,2,4,23.96,7.99,15.97,36
2005-07-10,TINA,SIMMONS,Brazil,Goinia,2,4,23.96,7.99,15.97,36
2005-07-10,TINA,SIMMONS,Brazil,Goinia,2,4,23.96,7.99,15.97,36
2005-07-10,TINA,SIMMONS,Brazil,Goinia,2,4,23.96,7.99,15.97,36
2005-07-10,TINA,SIMMONS,Brazil,Goinia,2,4,23.96,7.99,15.97,36
2005-07-10,TINA,SIMMONS,Brazil,Goinia,2,4,23.96,7.99,15.97,36
2005-07-10,TINA,SIMMONS,Brazil,Goinia,2,4,23.96,7.99,15.97,36
2005-07-10,TINA,SIMMONS,Brazil,Goinia,2,4,23.96,7.99,15.97,36
2005-07-10,TINA,SIMMONS,Brazil,Goinia,2,4,23.96,7.99,15.97,36
2005-07-10,TINA,SIMMONS,Brazil,Goinia,2,4,23.96,7.99,15.97,36
2005-07-10,TINA,SIMMONS,Brazil,Goinia,2,4,23.96,7.99,15.97,36
2005-07-10,TINA,SIMMONS,Brazil,Goinia,2,4,23.96,7.99,15.97,36
2005-07-10,TINA,SIMMONS,Brazil,Goinia,2,4,23.96,7.99,15.97,36
2005-07-10,TINA,SIMMONS,Brazil,Goinia,2,4,23.96,7.99,15.97,36
2005-07-10,TINA,SIMMONS,Brazil,Goinia,2,4,23.96,7.99,15.97,36
2005-07-10,TINA,SIMMONS,Brazil,Goinia,2,4,23.96,7.99,15.97,36
2005-07-10,TINA,SIMMONS,Brazil,Goinia,2,4,23.96,7.99,15.97,36
2005-07-10,TINA,SIMMONS,Brazil,Goinia,2,4,23.96,7.99,15.97,36
2005-08-21,JESSICA,HALL,Holy See (Vatican City State),Citt del Vaticano,2,4,23.96,4.27,19.69,1
2005-07-27,NATHAN,RUNYON,"Virgin Islands, U.S.",Charlotte Amalie,1,4,23.96,3.74,20.22,1
2005-07-31,RON,DELUCA,Japan,Isesaki,2,5,23.95,4.65,19.3,21
2005-07-31,RON,DELUCA,Japan,Isesaki,2,5,23.95,4.65,19.3,21
2005-07-31,RON,DELUCA,Japan,Isesaki,2,5,23.95,4.65,19.3,21
2005-07-31,RON,DELUCA,Japan,Isesaki,2,5,23.95,4.65,19.3,21
2005-07-31,RON,DELUCA,Japan,Isesaki,2,5,23.95,4.65,19.3,21
2005-07-31,RON,DELUCA,Japan,Isesaki,2,5,23.95,4.65,19.3,21
2005-07-31,RON,DELUCA,Japan,Isesaki,2,5,23.95,4.65,19.3,21
2005-07-31,RON,DELUCA,Japan,Isesaki,2,5,23.95,4.65,19.3,21
2005-07-31,RON,DELUCA,Japan,Isesaki,2,5,23.95,4.65,19.3,21
2005-07-31,RON,DELUCA,Japan,Isesaki,2,5,23.95,4.65,19.3,21
2005-07-31,RON,DELUCA,Japan,Isesaki,2,5,23.95,4.65,19.3,21
2005-07-31,RON,DELUCA,Japan,Isesaki,2,5,23.95,4.65,19.3,21
2005-07-31,RON,DELUCA,Japan,Isesaki,2,5,23.95,4.65,19.3,21
2005-07-31,RON,DELUCA,Japan,Isesaki,2,5,23.95,4.65,19.3,21
2005-07-31,RON,DELUCA,Japan,Isesaki,2,5,23.95,4.65,19.3,21
2005-07-31,RON,DELUCA,Japan,Isesaki,2,5,23.95,4.65,19.3,21
2005-07-31,RON,DELUCA,Japan,Isesaki,2,5,23.95,4.65,19.3,21
2005-07-31,RON,DELUCA,Japan,Isesaki,2,5,23.95,4.65,19.3,21
2005-07-31,ALMA,AUSTIN,Germany,Mannheim,1,3,22.97,5.84,17.13,1
2005-07-31,ALMA,AUSTIN,Germany,Mannheim,1,3,22.97,5.84,17.13,1
2005-07-31,ALMA,AUSTIN,Germany,Mannheim,1,3,22.97,5.84,17.13,1
2005-07-31,ALMA,AUSTIN,Germany,Mannheim,1,3,22.97,5.84,17.13,1
2005-07-31,ALMA,AUSTIN,Germany,Mannheim,1,3,22.97,5.84,17.13,1
2005-08-18,ISAAC,OGLESBY,Mexico,Cuernavaca,2,3,22.97,6.65,16.32,43
2005-08-18,ISAAC,OGLESBY,Mexico,Cuernavaca,2,3,22.97,6.65,16.32,43
2005-08-18,ISAAC,OGLESBY,Mexico,Cuernavaca,2,3,22.97,6.65,16.32,43
2005-08-18,ISAAC,OGLESBY,Mexico,Cuernavaca,2,3,22.97,6.65,16.32,43
2005-08-18,ISAAC,OGLESBY,Mexico,Cuernavaca,2,3,22.97,6.65,16.32,43
2005-08-18,ISAAC,OGLESBY,Mexico,Cuernavaca,2,3,22.97,6.65,16.32,43
2005-08-18,ISAAC,OGLESBY,Mexico,Cuernavaca,2,3,22.97,6.65,16.32,43
2005-08-18,ISAAC,OGLESBY,Mexico,Cuernavaca,2,3,22.97,6.65,16.32,43
2005-08-18,ISAAC,OGLESBY,Mexico,Cuernavaca,2,3,22.97,6.65,16.32,43
2005-08-18,ISAAC,OGLESBY,Mexico,Cuernavaca,2,3,22.97,6.65,16.32,43
2005-08-18,ISAAC,OGLESBY,Mexico,Cuernavaca,2,3,22.97,6.65,16.32,43
2005-08-18,ISAAC,OGLESBY,Mexico,Cuernavaca,2,3,22.97,6.65,16.32,43
2005-08-18,ISAAC,OGLESBY,Mexico,Cuernavaca,2,3,22.97,6.65,16.32,43
2005-08-18,ISAAC,OGLESBY,Mexico,Cuernavaca,2,3,22.97,6.65,16.32,43
2005-08-18,ISAAC,OGLESBY,Mexico,Cuernavaca,2,3,22.97,6.65,16.32,43
2005-08-18,ISAAC,OGLESBY,Mexico,Cuernavaca,2,3,22.97,6.65,16.32,43
2005-08-18,ISAAC,OGLESBY,Mexico,Cuernavaca,2,3,22.97,6.65,16.32,43
2005-08-18,ISAAC,OGLESBY,Mexico,Cuernavaca,2,3,22.97,6.65,16.32,43
2005-08-18,ISAAC,OGLESBY,Mexico,Cuernavaca,2,3,22.97,6.65,16.32,43
2005-07-08,PHILIP,CAUSEY,Russian Federation,Korolev,1,3,22.97,4.59,18.38,17
2005-07-08,PHILIP,CAUSEY,Russian Federation,Korolev,1,3,22.97,4.59,18.38,17
2005-07-08,PHILIP,CAUSEY,Russian Federation,Korolev,1,3,22.97,4.59,18.38,17
2005-07-08,PHILIP,CAUSEY,Russian Federation,Korolev,1,3,22.97,4.59,18.38,17
2005-07-08,PHILIP,CAUSEY,Russian Federation,Korolev,1,3,22.97,4.59,18.38,17
2005-07-08,PHILIP,CAUSEY,Russian Federation,Korolev,1,3,22.97,4.59,18.38,17
2005-07-08,PHILIP,CAUSEY,Russian Federation,Korolev,1,3,22.97,4.59,18.38,17
2005-07-08,PHILIP,CAUSEY,Russian Federation,Korolev,1,3,22.97,4.59,18.38,17
2005-07-08,PHILIP,CAUSEY,Russian Federation,Korolev,1,3,22.97,4.59,18.38,17
2005-07-08,PHILIP,CAUSEY,Russian Federation,Korolev,1,3,22.97,4.59,18.38,17
2005-07-08,PHILIP,CAUSEY,Russian Federation,Korolev,1,3,22.97,4.59,18.38,17
2005-07-08,PHILIP,CAUSEY,Russian Federation,Korolev,1,3,22.97,4.59,18.38,17
2005-07-08,PHILIP,CAUSEY,Russian Federation,Korolev,1,3,22.97,4.59,18.38,17
2005-07-08,PHILIP,CAUSEY,Russian Federation,Korolev,1,3,22.97,4.59,18.38,17
2005-07-08,PHILIP,CAUSEY,Russian Federation,Korolev,1,3,22.97,4.59,18.38,17
2005-07-08,PHILIP,CAUSEY,Russian Federation,Korolev,1,3,22.97,4.59,18.38,17
2005-07-08,PHILIP,CAUSEY,Russian Federation,Korolev,1,3,22.97,4.59,18.38,17
2005-07-08,PHILIP,CAUSEY,Russian Federation,Korolev,1,3,22.97,4.59,18.38,17
2005-07-27,ALBERT,CROUSE,Cameroon,Bamenda,1,4,22.96,5.49,17.47,1
2005-07-27,ALBERT,CROUSE,Cameroon,Bamenda,1,4,22.96,5.49,17.47,1
2005-06-19,MARGIE,WADE,China,Lengshuijiang,1,4,22.96,5.99,16.97,39
2005-06-19,MARGIE,WADE,China,Lengshuijiang,1,4,22.96,5.99,16.97,39
2005-06-19,MARGIE,WADE,China,Lengshuijiang,1,4,22.96,5.99,16.97,39
2005-06-19,MARGIE,WADE,China,Lengshuijiang,1,4,22.96,5.99,16.97,39
2005-06-19,MARGIE,WADE,China,Lengshuijiang,1,4,22.96,5.99,16.97,39
2005-06-19,MARGIE,WADE,China,Lengshuijiang,1,4,22.96,5.99,16.97,39
2005-06-19,MARGIE,WADE,China,Lengshuijiang,1,4,22.96,5.99,16.97,39
2005-06-19,MARGIE,WADE,China,Lengshuijiang,1,4,22.96,5.99,16.97,39
2005-06-19,MARGIE,WADE,China,Lengshuijiang,1,4,22.96,5.99,16.97,39
2005-06-19,MARGIE,WADE,China,Lengshuijiang,1,4,22.96,5.99,16.97,39
2005-06-19,MARGIE,WADE,China,Lengshuijiang,1,4,22.96,5.99,16.97,39
2005-06-19,MARGIE,WADE,China,Lengshuijiang,1,4,22.96,5.99,16.97,39
2005-06-19,MARGIE,WADE,China,Lengshuijiang,1,4,22.96,5.99,16.97,39
2005-06-19,MARGIE,WADE,China,Lengshuijiang,1,4,22.96,5.99,16.97,39
2005-06-19,MARGIE,WADE,China,Lengshuijiang,1,4,22.96,5.99,16.97,39
2005-06-19,MARGIE,WADE,China,Lengshuijiang,1,4,22.96,5.99,16.97,39
2005-06-19,MARGIE,WADE,China,Lengshuijiang,1,4,22.96,5.99,16.97,39
2005-06-19,MARGIE,WADE,China,Lengshuijiang,1,4,22.96,5.99,16.97,39
2005-06-19,MARGIE,WADE,China,Lengshuijiang,1,4,22.96,5.99,16.97,39
2005-06-19,MARGIE,WADE,China,Lengshuijiang,1,4,22.96,5.99,16.97,39
2005-06-19,MARGIE,WADE,China,Lengshuijiang,1,4,22.96,5.99,16.97,39
2005-06-19,MARGIE,WADE,China,Lengshuijiang,1,4,22.96,5.99,16.97,39
2005-06-19,MARGIE,WADE,China,Lengshuijiang,1,4,22.96,5.99,16.97,39
2005-07-29,KEN,PREWITT,Romania,Bucuresti,2,4,22.96,7.58,15.38,3
2005-07-29,KEN,PREWITT,Romania,Bucuresti,2,4,22.96,7.58,15.38,3
2005-07-29,ARTHUR,SIMPKINS,Russian Federation,Maikop,1,4,22.96,6.85,16.11,35
2005-07-29,ARTHUR,SIMPKINS,Russian Federation,Maikop,1,4,22.96,6.85,16.11,35
2005-07-29,ARTHUR,SIMPKINS,Russian Federation,Maikop,1,4,22.96,6.85,16.11,35
2005-07-29,ARTHUR,SIMPKINS,Russian Federation,Maikop,1,4,22.96,6.85,16.11,35
2005-07-29,ARTHUR,SIMPKINS,Russian Federation,Maikop,1,4,22.96,6.85,16.11,35
2005-07-29,ARTHUR,SIMPKINS,Russian Federation,Maikop,1,4,22.96,6.85,16.11,35
2005-07-29,ARTHUR,SIMPKINS,Russian Federation,Maikop,1,4,22.96,6.85,16.11,35
2005-07-29,ARTHUR,SIMPKINS,Russian Federation,Maikop,1,4,22.96,6.85,16.11,35
2005-07-29,ARTHUR,SIMPKINS,Russian Federation,Maikop,1,4,22.96,6.85,16.11,35
2005-07-29,ARTHUR,SIMPKINS,Russian Federation,Maikop,1,4,22.96,6.85,16.11,35
2005-07-29,ARTHUR,SIMPKINS,Russian Federation,Maikop,1,4,22.96,6.85,16.11,35
2005-07-29,ARTHUR,SIMPKINS,Russian Federation,Maikop,1,4,22.96,6.85,16.11,35
2005-07-29,ARTHUR,SIMPKINS,Russian Federation,Maikop,1,4,22.96,6.85,16.11,35
2005-07-29,ARTHUR,SIMPKINS,Russian Federation,Maikop,1,4,22.96,6.85,16.11,35
2005-07-29,ARTHUR,SIMPKINS,Russian Federation,Maikop,1,4,22.96,6.85,16.11,35
2005-07-29,ARTHUR,SIMPKINS,Russian Federation,Maikop,1,4,22.96,6.85,16.11,35
2005-07-29,ARTHUR,SIMPKINS,Russian Federation,Maikop,1,4,22.96,6.85,16.11,35
2005-07-29,ARTHUR,SIMPKINS,Russian Federation,Maikop,1,4,22.96,6.85,16.11,35
2005-07-29,ARTHUR,SIMPKINS,Russian Federation,Maikop,1,4,22.96,6.85,16.11,35
2005-08-01,ESTHER,CRAWFORD,South Africa,Botshabelo,2,4,22.96,5.61,17.35,1
2005-08-01,ESTHER,CRAWFORD,South Africa,Botshabelo,2,4,22.96,5.61,17.35,1
2005-08-01,ESTHER,CRAWFORD,South Africa,Botshabelo,2,4,22.96,5.61,17.35,1
2005-08-01,ESTHER,CRAWFORD,South Africa,Botshabelo,2,4,22.96,5.61,17.35,1
2005-08-01,ESTHER,CRAWFORD,South Africa,Botshabelo,2,4,22.96,5.61,17.35,1
2005-08-01,ESTHER,CRAWFORD,South Africa,Botshabelo,2,4,22.96,5.61,17.35,1
2005-08-01,ESTHER,CRAWFORD,South Africa,Botshabelo,2,4,22.96,5.61,17.35,1
2005-07-28,DALE,RATCLIFF,South Africa,Rustenburg,1,4,22.96,4.59,18.37,1
2005-07-28,DALE,RATCLIFF,South Africa,Rustenburg,1,4,22.96,4.59,18.37,1
2005-07-28,DALE,RATCLIFF,South Africa,Rustenburg,1,4,22.96,4.59,18.37,1
2005-07-28,DALE,RATCLIFF,South Africa,Rustenburg,1,4,22.96,4.59,18.37,1
2005-07-28,DALE,RATCLIFF,South Africa,Rustenburg,1,4,22.96,4.59,18.37,1
2005-07-28,DALE,RATCLIFF,South Africa,Rustenburg,1,4,22.96,4.59,18.37,1
2005-07-28,DALE,RATCLIFF,South Africa,Rustenburg,1,4,22.96,4.59,18.37,1
2005-07-28,DALE,RATCLIFF,South Africa,Rustenburg,1,4,22.96,4.59,18.37,1
2005-07-28,DALE,RATCLIFF,South Africa,Rustenburg,1,4,22.96,4.59,18.37,1
2005-07-30,DAWN,SULLIVAN,Tuvalu,Funafuti,1,4,22.96,6.49,16.48,1
2005-08-01,MARIA,MILLER,Yugoslavia,Kragujevac,1,4,22.96,6.65,16.31,1
2005-08-22,DEREK,BLAKELY,Philippines,Gingoog,1,5,22.95,4.21,18.74,14
2005-08-22,DEREK,BLAKELY,Philippines,Gingoog,1,5,22.95,4.21,18.74,14
2005-08-22,DEREK,BLAKELY,Philippines,Gingoog,1,5,22.95,4.21,18.74,14
2005-08-22,DEREK,BLAKELY,Philippines,Gingoog,1,5,22.95,4.21,18.74,14
2005-08-22,DEREK,BLAKELY,Philippines,Gingoog,1,5,22.95,4.21,18.74,14
2005-08-22,DEREK,BLAKELY,Philippines,Gingoog,1,5,22.95,4.21,18.74,14
2005-08-22,DEREK,BLAKELY,Philippines,Gingoog,1,5,22.95,4.21,18.74,14
2005-08-22,DEREK,BLAKELY,Philippines,Gingoog,1,5,22.95,4.21,18.74,14
2005-08-22,DEREK,BLAKELY,Philippines,Gingoog,1,5,22.95,4.21,18.74,14
2005-08-22,DEREK,BLAKELY,Philippines,Gingoog,1,5,22.95,4.21,18.74,14
2005-08-22,DEREK,BLAKELY,Philippines,Gingoog,1,5,22.95,4.21,18.74,14
2005-08-22,DEREK,BLAKELY,Philippines,Gingoog,1,5,22.95,4.21,18.74,14
2005-08-22,DEREK,BLAKELY,Philippines,Gingoog,1,5,22.95,4.21,18.74,14
2005-08-22,DEREK,BLAKELY,Philippines,Gingoog,1,5,22.95,4.21,18.74,14
2005-08-22,DEREK,BLAKELY,Philippines,Gingoog,1,5,22.95,4.21,18.74,14
2005-07-06,MAX,PITT,Yugoslavia,Novi Sad,1,5,22.95,6.74,16.21,2
2005-07-06,MAX,PITT,Yugoslavia,Novi Sad,1,5,22.95,6.74,16.21,2
2005-08-17,ELSIE,KELLEY,Nigeria,Ikerre,2,6,22.94,5.15,17.79,8
2005-08-17,ELSIE,KELLEY,Nigeria,Ikerre,2,6,22.94,5.15,17.79,8
2005-08-17,ELSIE,KELLEY,Nigeria,Ikerre,2,6,22.94,5.15,17.79,8
2005-08-17,ELSIE,KELLEY,Nigeria,Ikerre,2,6,22.94,5.15,17.79,8
2005-08-17,ELSIE,KELLEY,Nigeria,Ikerre,2,6,22.94,5.15,17.79,8
2005-08-17,ELSIE,KELLEY,Nigeria,Ikerre,2,6,22.94,5.15,17.79,8
2005-08-17,ELSIE,KELLEY,Nigeria,Ikerre,2,6,22.94,5.15,17.79,8
2005-08-17,ELSIE,KELLEY,Nigeria,Ikerre,2,6,22.94,5.15,17.79,8
2005-08-01,DERRICK,BOURQUE,Canada,Gatineau,1,3,21.97,4.99,16.98,1
2005-08-01,DERRICK,BOURQUE,Canada,Gatineau,1,3,21.97,4.99,16.98,1
2005-08-01,DERRICK,BOURQUE,Canada,Gatineau,1,3,21.97,4.99,16.98,1
2005-08-01,DERRICK,BOURQUE,Canada,Gatineau,1,3,21.97,4.99,16.98,1
2005-08-01,DERRICK,BOURQUE,Canada,Gatineau,1,3,21.97,4.99,16.98,1
2005-07-30,LENA,JENSEN,India,Halisahar,2,3,21.97,5.32,16.65,47
2005-07-30,LENA,JENSEN,India,Halisahar,2,3,21.97,5.32,16.65,47
2005-07-30,LENA,JENSEN,India,Halisahar,2,3,21.97,5.32,16.65,47
2005-07-30,LENA,JENSEN,India,Halisahar,2,3,21.97,5.32,16.65,47
2005-07-30,LENA,JENSEN,India,Halisahar,2,3,21.97,5.32,16.65,47
2005-07-30,LENA,JENSEN,India,Halisahar,2,3,21.97,5.32,16.65,47
2005-07-30,LENA,JENSEN,India,Halisahar,2,3,21.97,5.32,16.65,47
2005-07-30,LENA,JENSEN,India,Halisahar,2,3,21.97,5.32,16.65,47
2005-07-30,LENA,JENSEN,India,Halisahar,2,3,21.97,5.32,16.65,47
2005-07-30,LENA,JENSEN,India,Halisahar,2,3,21.97,5.32,16.65,47
2005-07-30,LENA,JENSEN,India,Halisahar,2,3,21.97,5.32,16.65,47
2005-07-30,LENA,JENSEN,India,Halisahar,2,3,21.97,5.32,16.65,47
2005-07-30,LENA,JENSEN,India,Halisahar,2,3,21.97,5.32,16.65,47
2005-07-30,LENA,JENSEN,India,Halisahar,2,3,21.97,5.32,16.65,47
2005-07-30,LENA,JENSEN,India,Halisahar,2,3,21.97,5.32,16.65,47
2005-07-30,LENA,JENSEN,India,Halisahar,2,3,21.97,5.32,16.65,47
2005-07-30,LENA,JENSEN,India,Halisahar,2,3,21.97,5.32,16.65,47
2005-07-30,LENA,JENSEN,India,Halisahar,2,3,21.97,5.32,16.65,47
2005-07-30,LENA,JENSEN,India,Halisahar,2,3,21.97,5.32,16.65,47
2005-07-30,LENA,JENSEN,India,Halisahar,2,3,21.97,5.32,16.65,47
2005-07-30,LENA,JENSEN,India,Halisahar,2,3,21.97,5.32,16.65,47
2005-07-30,LENA,JENSEN,India,Halisahar,2,3,21.97,5.32,16.65,47
2005-07-30,LENA,JENSEN,India,Halisahar,2,3,21.97,5.32,16.65,47
2005-07-30,LENA,JENSEN,India,Halisahar,2,3,21.97,5.32,16.65,47
2005-07-30,LENA,JENSEN,India,Halisahar,2,3,21.97,5.32,16.65,47
2005-07-30,LENA,JENSEN,India,Halisahar,2,3,21.97,5.32,16.65,47
2005-07-30,LENA,JENSEN,India,Halisahar,2,3,21.97,5.32,16.65,47
2005-07-30,LENA,JENSEN,India,Halisahar,2,3,21.97,5.32,16.65,47
2005-07-30,LENA,JENSEN,India,Halisahar,2,3,21.97,5.32,16.65,47
2005-07-30,LENA,JENSEN,India,Halisahar,2,3,21.97,5.32,16.65,47
2005-07-30,LENA,JENSEN,India,Halisahar,2,3,21.97,5.32,16.65,47
2005-07-30,LENA,JENSEN,India,Halisahar,2,3,21.97,5.32,16.65,47
2005-07-30,LENA,JENSEN,India,Halisahar,2,3,21.97,5.32,16.65,47
2005-07-30,LENA,JENSEN,India,Halisahar,2,3,21.97,5.32,16.65,47
2005-07-30,LENA,JENSEN,India,Halisahar,2,3,21.97,5.32,16.65,47
2005-07-30,LENA,JENSEN,India,Halisahar,2,3,21.97,5.32,16.65,47
2005-07-30,LENA,JENSEN,India,Halisahar,2,3,21.97,5.32,16.65,47
2005-07-30,LENA,JENSEN,India,Halisahar,2,3,21.97,5.32,16.65,47
2005-07-30,LENA,JENSEN,India,Halisahar,2,3,21.97,5.32,16.65,47
2005-07-30,LENA,JENSEN,India,Halisahar,2,3,21.97,5.32,16.65,47
2005-07-30,LENA,JENSEN,India,Halisahar,2,3,21.97,5.32,16.65,47
2005-07-30,LENA,JENSEN,India,Halisahar,2,3,21.97,5.32,16.65,47
2005-07-28,RAUL,FORTIER,India,Chapra,1,3,21.97,4.74,17.23,47
2005-07-28,RAUL,FORTIER,India,Chapra,1,3,21.97,4.74,17.23,47
2005-07-28,RAUL,FORTIER,India,Chapra,1,3,21.97,4.74,17.23,47
2005-07-28,RAUL,FORTIER,India,Chapra,1,3,21.97,4.74,17.23,47
2005-07-28,RAUL,FORTIER,India,Chapra,1,3,21.97,4.74,17.23,47
2005-07-28,RAUL,FORTIER,India,Chapra,1,3,21.97,4.74,17.23,47
2005-07-28,RAUL,FORTIER,India,Chapra,1,3,21.97,4.74,17.23,47
2005-07-28,RAUL,FORTIER,India,Chapra,1,3,21.97,4.74,17.23,47
2005-07-28,RAUL,FORTIER,India,Chapra,1,3,21.97,4.74,17.23,47
2005-07-28,RAUL,FORTIER,India,Chapra,1,3,21.97,4.74,17.23,47
2005-07-28,RAUL,FORTIER,India,Chapra,1,3,21.97,4.74,17.23,47
2005-07-28,RAUL,FORTIER,India,Chapra,1,3,21.97,4.74,17.23,47
2005-07-28,RAUL,FORTIER,India,Chapra,1,3,21.97,4.74,17.23,47
2005-07-28,RAUL,FORTIER,India,Chapra,1,3,21.97,4.74,17.23,47
2005-07-28,RAUL,FORTIER,India,Chapra,1,3,21.97,4.74,17.23,47
2005-07-28,RAUL,FORTIER,India,Chapra,1,3,21.97,4.74,17.23,47
2005-07-28,RAUL,FORTIER,India,Chapra,1,3,21.97,4.74,17.23,47
2005-07-28,RAUL,FORTIER,India,Chapra,1,3,21.97,4.74,17.23,47
2005-07-28,RAUL,FORTIER,India,Chapra,1,3,21.97,4.74,17.23,47
2005-07-28,RAUL,FORTIER,India,Chapra,1,3,21.97,4.74,17.23,47
2005-07-28,RAUL,FORTIER,India,Chapra,1,3,21.97,4.74,17.23,47
2005-07-28,RAUL,FORTIER,India,Chapra,1,3,21.97,4.74,17.23,47
2005-07-28,RAUL,FORTIER,India,Chapra,1,3,21.97,4.74,17.23,47
2005-07-28,RAUL,FORTIER,India,Chapra,1,3,21.97,4.74,17.23,47
2005-07-28,RAUL,FORTIER,India,Chapra,1,3,21.97,4.74,17.23,47
2005-07-28,RAUL,FORTIER,India,Chapra,1,3,21.97,4.74,17.23,47
2005-07-28,RAUL,FORTIER,India,Chapra,1,3,21.97,4.74,17.23,47
2005-07-28,RAUL,FORTIER,India,Chapra,1,3,21.97,4.74,17.23,47
2005-07-28,RAUL,FORTIER,India,Chapra,1,3,21.97,4.74,17.23,47
2005-07-28,RAUL,FORTIER,India,Chapra,1,3,21.97,4.74,17.23,47
2005-07-28,RAUL,FORTIER,India,Chapra,1,3,21.97,4.74,17.23,47
2005-07-28,RAUL,FORTIER,India,Chapra,1,3,21.97,4.74,17.23,47
2005-07-28,RAUL,FORTIER,India,Chapra,1,3,21.97,4.74,17.23,47
2005-07-28,RAUL,FORTIER,India,Chapra,1,3,21.97,4.74,17.23,47
2005-07-28,RAUL,FORTIER,India,Chapra,1,3,21.97,4.74,17.23,47
2005-07-28,RAUL,FORTIER,India,Chapra,1,3,21.97,4.74,17.23,47
2005-08-17,SHIRLEY,ALLEN,Philippines,Davao,2,3,21.97,7.18,14.79,29
2005-08-17,SHIRLEY,ALLEN,Philippines,Davao,2,3,21.97,7.18,14.79,29
2005-08-17,SHIRLEY,ALLEN,Philippines,Davao,2,3,21.97,7.18,14.79,29
2005-08-17,SHIRLEY,ALLEN,Philippines,Davao,2,3,21.97,7.18,14.79,29
2005-08-17,SHIRLEY,ALLEN,Philippines,Davao,2,3,21.97,7.18,14.79,29
2005-08-17,SHIRLEY,ALLEN,Philippines,Davao,2,3,21.97,7.18,14.79,29
2005-08-17,SHIRLEY,ALLEN,Philippines,Davao,2,3,21.97,7.18,14.79,29
2005-08-17,SHIRLEY,ALLEN,Philippines,Davao,2,3,21.97,7.18,14.79,29
2005-08-17,SHIRLEY,ALLEN,Philippines,Davao,2,3,21.97,7.18,14.79,29
2005-08-17,SHIRLEY,ALLEN,Philippines,Davao,2,3,21.97,7.18,14.79,29
2005-08-17,SHIRLEY,ALLEN,Philippines,Davao,2,3,21.97,7.18,14.79,29
2005-08-17,SHIRLEY,ALLEN,Philippines,Davao,2,3,21.97,7.18,14.79,29
2005-08-17,SHIRLEY,ALLEN,Philippines,Davao,2,3,21.97,7.18,14.79,29
2005-08-17,SHIRLEY,ALLEN,Philippines,Davao,2,3,21.97,7.18,14.79,29
2005-07-10,DIANE,COLLINS,Sudan,Omdurman,1,3,21.97,3.99,17.98,2
2005-07-28,CLIFTON,MALCOLM,Taiwan,Tanshui,2,3,21.97,5.98,15.99,1
2005-07-28,CLIFTON,MALCOLM,Taiwan,Tanshui,2,3,21.97,5.98,15.99,1
2005-07-28,CLIFTON,MALCOLM,Taiwan,Tanshui,2,3,21.97,5.98,15.99,1
2005-07-28,CLIFTON,MALCOLM,Taiwan,Tanshui,2,3,21.97,5.98,15.99,1
2005-07-28,CLIFTON,MALCOLM,Taiwan,Tanshui,2,3,21.97,5.98,15.99,1
2005-07-28,CLIFTON,MALCOLM,Taiwan,Tanshui,2,3,21.97,5.98,15.99,1
2005-07-28,CLIFTON,MALCOLM,Taiwan,Tanshui,2,3,21.97,5.98,15.99,1
2005-07-28,CLIFTON,MALCOLM,Taiwan,Tanshui,2,3,21.97,5.98,15.99,1
2005-07-08,WILMA,RICHARDS,United States,Bellevue,2,3,21.97,4.99,16.98,29
2005-07-08,WILMA,RICHARDS,United States,Bellevue,2,3,21.97,4.99,16.98,29
2005-07-08,WILMA,RICHARDS,United States,Bellevue,2,3,21.97,4.99,16.98,29
2005-07-08,WILMA,RICHARDS,United States,Bellevue,2,3,21.97,4.99,16.98,29
2005-07-08,WILMA,RICHARDS,United States,Bellevue,2,3,21.97,4.99,16.98,29
2005-07-08,WILMA,RICHARDS,United States,Bellevue,2,3,21.97,4.99,16.98,29
2005-07-08,WILMA,RICHARDS,United States,Bellevue,2,3,21.97,4.99,16.98,29
2005-07-08,WILMA,RICHARDS,United States,Bellevue,2,3,21.97,4.99,16.98,29
2005-07-08,WILMA,RICHARDS,United States,Bellevue,2,3,21.97,4.99,16.98,29
2005-07-08,WILMA,RICHARDS,United States,Bellevue,2,3,21.97,4.99,16.98,29
2005-07-08,WILMA,RICHARDS,United States,Bellevue,2,3,21.97,4.99,16.98,29
2005-07-08,WILMA,RICHARDS,United States,Bellevue,2,3,21.97,4.99,16.98,29
2005-07-08,WILMA,RICHARDS,United States,Bellevue,2,3,21.97,4.99,16.98,29
2005-07-08,WILMA,RICHARDS,United States,Bellevue,2,3,21.97,4.99,16.98,29
2005-07-08,WILMA,RICHARDS,United States,Bellevue,2,3,21.97,4.99,16.98,29
2005-07-08,WILMA,RICHARDS,United States,Bellevue,2,3,21.97,4.99,16.98,29
2005-07-08,WILMA,RICHARDS,United States,Bellevue,2,3,21.97,4.99,16.98,29
2005-07-08,WILMA,RICHARDS,United States,Bellevue,2,3,21.97,4.99,16.98,29
2005-07-08,WILMA,RICHARDS,United States,Bellevue,2,3,21.97,4.99,16.98,29
2005-07-08,WILMA,RICHARDS,United States,Bellevue,2,3,21.97,4.99,16.98,29
2005-08-18,ANGELA,HERNANDEZ,Japan,Shimonoseki,2,4,21.96,5.84,16.12,39
2005-08-18,ANGELA,HERNANDEZ,Japan,Shimonoseki,2,4,21.96,5.84,16.12,39
2005-08-18,ANGELA,HERNANDEZ,Japan,Shimonoseki,2,4,21.96,5.84,16.12,39
2005-08-18,ANGELA,HERNANDEZ,Japan,Shimonoseki,2,4,21.96,5.84,16.12,39
2005-08-18,ANGELA,HERNANDEZ,Japan,Shimonoseki,2,4,21.96,5.84,16.12,39
2005-08-18,ANGELA,HERNANDEZ,Japan,Shimonoseki,2,4,21.96,5.84,16.12,39
2005-08-18,ANGELA,HERNANDEZ,Japan,Shimonoseki,2,4,21.96,5.84,16.12,39
2005-08-18,ANGELA,HERNANDEZ,Japan,Shimonoseki,2,4,21.96,5.84,16.12,39
2005-08-18,ANGELA,HERNANDEZ,Japan,Shimonoseki,2,4,21.96,5.84,16.12,39
2005-08-18,ANGELA,HERNANDEZ,Japan,Shimonoseki,2,4,21.96,5.84,16.12,39
2005-08-18,ANGELA,HERNANDEZ,Japan,Shimonoseki,2,4,21.96,5.84,16.12,39
2005-08-18,ANGELA,HERNANDEZ,Japan,Shimonoseki,2,4,21.96,5.84,16.12,39
2005-08-18,ANGELA,HERNANDEZ,Japan,Shimonoseki,2,4,21.96,5.84,16.12,39
2005-08-18,ANGELA,HERNANDEZ,Japan,Shimonoseki,2,4,21.96,5.84,16.12,39
2005-08-18,ANGELA,HERNANDEZ,Japan,Shimonoseki,2,4,21.96,5.84,16.12,39
2005-08-18,ANGELA,HERNANDEZ,Japan,Shimonoseki,2,4,21.96,5.84,16.12,39
2005-08-18,ANGELA,HERNANDEZ,Japan,Shimonoseki,2,4,21.96,5.84,16.12,39
2005-08-18,ANGELA,HERNANDEZ,Japan,Shimonoseki,2,4,21.96,5.84,16.12,39
2005-08-18,ANGELA,HERNANDEZ,Japan,Shimonoseki,2,4,21.96,5.84,16.12,39
2005-08-18,ANGELA,HERNANDEZ,Japan,Shimonoseki,2,4,21.96,5.84,16.12,39
2005-08-18,ANGELA,HERNANDEZ,Japan,Shimonoseki,2,4,21.96,5.84,16.12,39
2005-08-18,ANGELA,HERNANDEZ,Japan,Shimonoseki,2,4,21.96,5.84,16.12,39
2005-08-18,ANGELA,HERNANDEZ,Japan,Shimonoseki,2,4,21.96,5.84,16.12,39
2005-08-18,ANGELA,HERNANDEZ,Japan,Shimonoseki,2,4,21.96,5.84,16.12,39
2005-07-08,STANLEY,SCROGGINS,Japan,Omiya,2,4,21.96,3.79,18.17,39
2005-07-08,STANLEY,SCROGGINS,Japan,Omiya,2,4,21.96,3.79,18.17,39
2005-07-08,STANLEY,SCROGGINS,Japan,Omiya,2,4,21.96,3.79,18.17,39
2005-07-08,STANLEY,SCROGGINS,Japan,Omiya,2,4,21.96,3.79,18.17,39
2005-07-08,STANLEY,SCROGGINS,Japan,Omiya,2,4,21.96,3.79,18.17,39
2005-07-08,STANLEY,SCROGGINS,Japan,Omiya,2,4,21.96,3.79,18.17,39
2005-07-08,STANLEY,SCROGGINS,Japan,Omiya,2,4,21.96,3.79,18.17,39
2005-07-08,STANLEY,SCROGGINS,Japan,Omiya,2,4,21.96,3.79,18.17,39
2005-07-08,STANLEY,SCROGGINS,Japan,Omiya,2,4,21.96,3.79,18.17,39
2005-07-08,STANLEY,SCROGGINS,Japan,Omiya,2,4,21.96,3.79,18.17,39
2005-07-08,STANLEY,SCROGGINS,Japan,Omiya,2,4,21.96,3.79,18.17,39
2005-07-08,STANLEY,SCROGGINS,Japan,Omiya,2,4,21.96,3.79,18.17,39
2005-07-08,STANLEY,SCROGGINS,Japan,Omiya,2,4,21.96,3.79,18.17,39
2005-07-08,STANLEY,SCROGGINS,Japan,Omiya,2,4,21.96,3.79,18.17,39
2005-07-08,STANLEY,SCROGGINS,Japan,Omiya,2,4,21.96,3.79,18.17,39
2005-07-08,STANLEY,SCROGGINS,Japan,Omiya,2,4,21.96,3.79,18.17,39
2005-07-08,STANLEY,SCROGGINS,Japan,Omiya,2,4,21.96,3.79,18.17,39
2005-07-30,DONNA,THOMPSON,Russian Federation,Elista,1,4,21.96,7.32,14.64,54
2005-07-30,DONNA,THOMPSON,Russian Federation,Elista,1,4,21.96,7.32,14.64,54
2005-07-30,DONNA,THOMPSON,Russian Federation,Elista,1,4,21.96,7.32,14.64,54
2005-07-30,DONNA,THOMPSON,Russian Federation,Elista,1,4,21.96,7.32,14.64,54
2005-07-30,DONNA,THOMPSON,Russian Federation,Elista,1,4,21.96,7.32,14.64,54
2005-07-30,DONNA,THOMPSON,Russian Federation,Elista,1,4,21.96,7.32,14.64,54
2005-07-30,DONNA,THOMPSON,Russian Federation,Elista,1,4,21.96,7.32,14.64,54
2005-07-30,DONNA,THOMPSON,Russian Federation,Elista,1,4,21.96,7.32,14.64,54
2005-07-30,DONNA,THOMPSON,Russian Federation,Elista,1,4,21.96,7.32,14.64,54
2005-07-30,DONNA,THOMPSON,Russian Federation,Elista,1,4,21.96,7.32,14.64,54
2005-07-30,DONNA,THOMPSON,Russian Federation,Elista,1,4,21.96,7.32,14.64,54
2005-07-30,DONNA,THOMPSON,Russian Federation,Elista,1,4,21.96,7.32,14.64,54
2005-07-30,DONNA,THOMPSON,Russian Federation,Elista,1,4,21.96,7.32,14.64,54
2005-07-30,DONNA,THOMPSON,Russian Federation,Elista,1,4,21.96,7.32,14.64,54
2005-07-30,DONNA,THOMPSON,Russian Federation,Elista,1,4,21.96,7.32,14.64,54
2005-07-30,DONNA,THOMPSON,Russian Federation,Elista,1,4,21.96,7.32,14.64,54
2005-08-19,DANIELLE,DANIELS,Mexico,Hidalgo,2,5,21.95,5.65,16.3,62
2005-08-19,DANIELLE,DANIELS,Mexico,Hidalgo,2,5,21.95,5.65,16.3,62
2005-08-19,DANIELLE,DANIELS,Mexico,Hidalgo,2,5,21.95,5.65,16.3,62
2005-08-19,DANIELLE,DANIELS,Mexico,Hidalgo,2,5,21.95,5.65,16.3,62
2005-08-19,DANIELLE,DANIELS,Mexico,Hidalgo,2,5,21.95,5.65,16.3,62
2005-08-19,DANIELLE,DANIELS,Mexico,Hidalgo,2,5,21.95,5.65,16.3,62
2005-08-19,DANIELLE,DANIELS,Mexico,Hidalgo,2,5,21.95,5.65,16.3,62
2005-08-19,DANIELLE,DANIELS,Mexico,Hidalgo,2,5,21.95,5.65,16.3,62
2005-08-19,DANIELLE,DANIELS,Mexico,Hidalgo,2,5,21.95,5.65,16.3,62
2005-08-19,DANIELLE,DANIELS,Mexico,Hidalgo,2,5,21.95,5.65,16.3,62
2005-08-19,DANIELLE,DANIELS,Mexico,Hidalgo,2,5,21.95,5.65,16.3,62
2005-08-19,DANIELLE,DANIELS,Mexico,Hidalgo,2,5,21.95,5.65,16.3,62
2005-08-19,DANIELLE,DANIELS,Mexico,Hidalgo,2,5,21.95,5.65,16.3,62
2005-08-19,DANIELLE,DANIELS,Mexico,Hidalgo,2,5,21.95,5.65,16.3,62
2005-08-19,DANIELLE,DANIELS,Mexico,Hidalgo,2,5,21.95,5.65,16.3,62
2005-08-19,DANIELLE,DANIELS,Mexico,Hidalgo,2,5,21.95,5.65,16.3,62
2005-08-19,DANIELLE,DANIELS,Mexico,Hidalgo,2,5,21.95,5.65,16.3,62
2005-08-22,AMBER,DIXON,Taiwan,Touliu,1,5,21.95,4.99,16.96,9
2005-08-22,AMBER,DIXON,Taiwan,Touliu,1,5,21.95,4.99,16.96,9
2005-08-22,AMBER,DIXON,Taiwan,Touliu,1,5,21.95,4.99,16.96,9
2005-08-22,AMBER,DIXON,Taiwan,Touliu,1,5,21.95,4.99,16.96,9
2005-06-21,GUY,BROWNLEE,China,Zhoushan,2,2,20.98,6.74,14.24,62
2005-06-21,GUY,BROWNLEE,China,Zhoushan,2,2,20.98,6.74,14.24,62
2005-06-21,GUY,BROWNLEE,China,Zhoushan,2,2,20.98,6.74,14.24,62
2005-06-21,GUY,BROWNLEE,China,Zhoushan,2,2,20.98,6.74,14.24,62
2005-06-21,GUY,BROWNLEE,China,Zhoushan,2,2,20.98,6.74,14.24,62
2005-06-21,GUY,BROWNLEE,China,Zhoushan,2,2,20.98,6.74,14.24,62
2005-06-21,GUY,BROWNLEE,China,Zhoushan,2,2,20.98,6.74,14.24,62
2005-06-21,GUY,BROWNLEE,China,Zhoushan,2,2,20.98,6.74,14.24,62
2005-06-21,GUY,BROWNLEE,China,Zhoushan,2,2,20.98,6.74,14.24,62
2005-06-21,GUY,BROWNLEE,China,Zhoushan,2,2,20.98,6.74,14.24,62
2005-06-21,GUY,BROWNLEE,China,Zhoushan,2,2,20.98,6.74,14.24,62
2005-06-21,GUY,BROWNLEE,China,Zhoushan,2,2,20.98,6.74,14.24,62
2005-06-21,GUY,BROWNLEE,China,Zhoushan,2,2,20.98,6.74,14.24,62
2005-06-21,GUY,BROWNLEE,China,Zhoushan,2,2,20.98,6.74,14.24,62
2005-06-21,GUY,BROWNLEE,China,Zhoushan,2,2,20.98,6.74,14.24,62
2005-06-21,GUY,BROWNLEE,China,Zhoushan,2,2,20.98,6.74,14.24,62
2005-06-21,GUY,BROWNLEE,China,Zhoushan,2,2,20.98,6.74,14.24,62
2005-06-21,GUY,BROWNLEE,China,Zhoushan,2,2,20.98,6.74,14.24,62
2005-07-29,TOMMY,COLLAZO,Iran,Qomsheh,1,2,20.98,6.56,14.42,9
2005-07-29,TOMMY,COLLAZO,Iran,Qomsheh,1,2,20.98,6.56,14.42,9
2005-07-29,TOMMY,COLLAZO,Iran,Qomsheh,1,2,20.98,6.56,14.42,9
2005-07-29,TOMMY,COLLAZO,Iran,Qomsheh,1,2,20.98,6.56,14.42,9
2005-07-29,TOMMY,COLLAZO,Iran,Qomsheh,1,2,20.98,6.56,14.42,9
2005-07-12,ERIK,GUILLEN,India,Bhimavaram,2,3,20.97,2.99,17.98,125
2005-07-12,ERIK,GUILLEN,India,Bhimavaram,2,3,20.97,2.99,17.98,125
2005-07-12,ERIK,GUILLEN,India,Bhimavaram,2,3,20.97,2.99,17.98,125
2005-07-12,ERIK,GUILLEN,India,Bhimavaram,2,3,20.97,2.99,17.98,125
2005-07-12,ERIK,GUILLEN,India,Bhimavaram,2,3,20.97,2.99,17.98,125
2005-07-12,ERIK,GUILLEN,India,Bhimavaram,2,3,20.97,2.99,17.98,125
2005-07-12,ERIK,GUILLEN,India,Bhimavaram,2,3,20.97,2.99,17.98,125
2005-07-12,ERIK,GUILLEN,India,Bhimavaram,2,3,20.97,2.99,17.98,125
2005-07-12,ERIK,GUILLEN,India,Bhimavaram,2,3,20.97,2.99,17.98,125
2005-07-12,ERIK,GUILLEN,India,Bhimavaram,2,3,20.97,2.99,17.98,125
2005-07-12,ERIK,GUILLEN,India,Bhimavaram,2,3,20.97,2.99,17.98,125
2005-07-12,ERIK,GUILLEN,India,Bhimavaram,2,3,20.97,2.99,17.98,125
2005-07-12,ERIK,GUILLEN,India,Bhimavaram,2,3,20.97,2.99,17.98,125
2005-07-12,ERIK,GUILLEN,India,Bhimavaram,2,3,20.97,2.99,17.98,125
2005-07-12,ERIK,GUILLEN,India,Bhimavaram,2,3,20.97,2.99,17.98,125
2005-07-12,ERIK,GUILLEN,India,Bhimavaram,2,3,20.97,2.99,17.98,125
2005-07-12,ERIK,GUILLEN,India,Bhimavaram,2,3,20.97,2.99,17.98,125
2005-07-12,ERIK,GUILLEN,India,Bhimavaram,2,3,20.97,2.99,17.98,125
2005-07-12,ERIK,GUILLEN,India,Bhimavaram,2,3,20.97,2.99,17.98,125
2005-07-12,ERIK,GUILLEN,India,Bhimavaram,2,3,20.97,2.99,17.98,125
2005-07-12,ERIK,GUILLEN,India,Bhimavaram,2,3,20.97,2.99,17.98,125
2005-07-12,ERIK,GUILLEN,India,Bhimavaram,2,3,20.97,2.99,17.98,125
2005-07-12,ERIK,GUILLEN,India,Bhimavaram,2,3,20.97,2.99,17.98,125
2005-07-12,ERIK,GUILLEN,India,Bhimavaram,2,3,20.97,2.99,17.98,125
2005-07-12,ERIK,GUILLEN,India,Bhimavaram,2,3,20.97,2.99,17.98,125
2005-07-12,ERIK,GUILLEN,India,Bhimavaram,2,3,20.97,2.99,17.98,125
2005-07-12,ERIK,GUILLEN,India,Bhimavaram,2,3,20.97,2.99,17.98,125
2005-07-12,ERIK,GUILLEN,India,Bhimavaram,2,3,20.97,2.99,17.98,125
2005-07-12,ERIK,GUILLEN,India,Bhimavaram,2,3,20.97,2.99,17.98,125
2005-07-09,DIANNE,SHELTON,Iran,Tabriz,2,3,20.97,5.49,15.49,14
2005-07-09,DIANNE,SHELTON,Iran,Tabriz,2,3,20.97,5.49,15.49,14
2005-07-09,DIANNE,SHELTON,Iran,Tabriz,2,3,20.97,5.49,15.49,14
2005-07-09,DIANNE,SHELTON,Iran,Tabriz,2,3,20.97,5.49,15.49,14
2005-06-19,LEWIS,LYMAN,Israel,Ashqelon,1,3,20.97,2.99,17.98,1
2005-06-19,CHRISTOPHER,GRECO,Italy,Brescia,1,3,20.97,4.32,16.65,1
2005-06-19,CHRISTOPHER,GRECO,Italy,Brescia,1,3,20.97,4.32,16.65,1
2005-06-19,CHRISTOPHER,GRECO,Italy,Brescia,1,3,20.97,4.32,16.65,1
2005-06-19,CHRISTOPHER,GRECO,Italy,Brescia,1,3,20.97,4.32,16.65,1
2005-08-23,JOANNE,ROBERTSON,Japan,Urawa,2,3,20.97,6.87,14.1,80
2005-08-23,JOANNE,ROBERTSON,Japan,Urawa,2,3,20.97,6.87,14.1,80
2005-08-23,JOANNE,ROBERTSON,Japan,Urawa,2,3,20.97,6.87,14.1,80
2005-08-23,JOANNE,ROBERTSON,Japan,Urawa,2,3,20.97,6.87,14.1,80
2005-08-23,JOANNE,ROBERTSON,Japan,Urawa,2,3,20.97,6.87,14.1,80
2005-08-23,JOANNE,ROBERTSON,Japan,Urawa,2,3,20.97,6.87,14.1,80
2005-08-23,JOANNE,ROBERTSON,Japan,Urawa,2,3,20.97,6.87,14.1,80
2005-08-23,JOANNE,ROBERTSON,Japan,Urawa,2,3,20.97,6.87,14.1,80
2005-08-23,JOANNE,ROBERTSON,Japan,Urawa,2,3,20.97,6.87,14.1,80
2005-08-23,JOANNE,ROBERTSON,Japan,Urawa,2,3,20.97,6.87,14.1,80
2005-08-23,JOANNE,ROBERTSON,Japan,Urawa,2,3,20.97,6.87,14.1,80
2005-08-23,JOANNE,ROBERTSON,Japan,Urawa,2,3,20.97,6.87,14.1,80
2005-08-23,JOANNE,ROBERTSON,Japan,Urawa,2,3,20.97,6.87,14.1,80
2005-08-19,TRACEY,BARRETT,Nigeria,Owo,2,3,20.97,6.48,14.49,16
2005-08-19,TRACEY,BARRETT,Nigeria,Owo,2,3,20.97,6.48,14.49,16
2005-08-19,TRACEY,BARRETT,Nigeria,Owo,2,3,20.97,6.48,14.49,16
2005-08-19,TRACEY,BARRETT,Nigeria,Owo,2,3,20.97,6.48,14.49,16
2005-08-19,TRACEY,BARRETT,Nigeria,Owo,2,3,20.97,6.48,14.49,16
2005-08-19,TRACEY,BARRETT,Nigeria,Owo,2,3,20.97,6.48,14.49,16
2005-08-19,TRACEY,BARRETT,Nigeria,Owo,2,3,20.97,6.48,14.49,16
2005-08-19,TRACEY,BARRETT,Nigeria,Owo,2,3,20.97,6.48,14.49,16
2005-08-19,TRACEY,BARRETT,Nigeria,Owo,2,3,20.97,6.48,14.49,16
2005-08-01,CONNIE,WALLACE,Russian Federation,Ivanovo,1,3,20.97,5.99,14.98,70
2005-08-01,CONNIE,WALLACE,Russian Federation,Ivanovo,1,3,20.97,5.99,14.98,70
2005-08-01,CONNIE,WALLACE,Russian Federation,Ivanovo,1,3,20.97,5.99,14.98,70
2005-08-01,CONNIE,WALLACE,Russian Federation,Ivanovo,1,3,20.97,5.99,14.98,70
2005-08-01,CONNIE,WALLACE,Russian Federation,Ivanovo,1,3,20.97,5.99,14.98,70
2005-08-01,CONNIE,WALLACE,Russian Federation,Ivanovo,1,3,20.97,5.99,14.98,70
2005-08-01,CONNIE,WALLACE,Russian Federation,Ivanovo,1,3,20.97,5.99,14.98,70
2005-08-01,CONNIE,WALLACE,Russian Federation,Ivanovo,1,3,20.97,5.99,14.98,70
2005-08-01,CONNIE,WALLACE,Russian Federation,Ivanovo,1,3,20.97,5.99,14.98,70
2005-08-01,CONNIE,WALLACE,Russian Federation,Ivanovo,1,3,20.97,5.99,14.98,70
2005-08-01,CONNIE,WALLACE,Russian Federation,Ivanovo,1,3,20.97,5.99,14.98,70
2005-08-01,CONNIE,WALLACE,Russian Federation,Ivanovo,1,3,20.97,5.99,14.98,70
2005-08-01,CONNIE,WALLACE,Russian Federation,Ivanovo,1,3,20.97,5.99,14.98,70
2005-08-01,CONNIE,WALLACE,Russian Federation,Ivanovo,1,3,20.97,5.99,14.98,70
2005-08-01,CONNIE,WALLACE,Russian Federation,Ivanovo,1,3,20.97,5.99,14.98,70
2005-08-01,CONNIE,WALLACE,Russian Federation,Ivanovo,1,3,20.97,5.99,14.98,70
2005-08-01,CONNIE,WALLACE,Russian Federation,Ivanovo,1,3,20.97,5.99,14.98,70
2005-08-01,CONNIE,WALLACE,Russian Federation,Ivanovo,1,3,20.97,5.99,14.98,70
2005-08-01,CONNIE,WALLACE,Russian Federation,Ivanovo,1,3,20.97,5.99,14.98,70
2005-07-31,PAUL,TROUT,Russian Federation,Kursk,2,3,20.97,4.99,15.98,70
2005-07-31,PAUL,TROUT,Russian Federation,Kursk,2,3,20.97,4.99,15.98,70
2005-07-31,PAUL,TROUT,Russian Federation,Kursk,2,3,20.97,4.99,15.98,70
2005-07-31,PAUL,TROUT,Russian Federation,Kursk,2,3,20.97,4.99,15.98,70
2005-07-31,PAUL,TROUT,Russian Federation,Kursk,2,3,20.97,4.99,15.98,70
2005-07-31,PAUL,TROUT,Russian Federation,Kursk,2,3,20.97,4.99,15.98,70
2005-07-31,PAUL,TROUT,Russian Federation,Kursk,2,3,20.97,4.99,15.98,70
2005-07-31,PAUL,TROUT,Russian Federation,Kursk,2,3,20.97,4.99,15.98,70
2005-07-31,PAUL,TROUT,Russian Federation,Kursk,2,3,20.97,4.99,15.98,70
2005-07-31,PAUL,TROUT,Russian Federation,Kursk,2,3,20.97,4.99,15.98,70
2005-07-31,PAUL,TROUT,Russian Federation,Kursk,2,3,20.97,4.99,15.98,70
2005-07-31,PAUL,TROUT,Russian Federation,Kursk,2,3,20.97,4.99,15.98,70
2005-07-31,PAUL,TROUT,Russian Federation,Kursk,2,3,20.97,4.99,15.98,70
2005-07-31,PAUL,TROUT,Russian Federation,Kursk,2,3,20.97,4.99,15.98,70
2005-07-31,PAUL,TROUT,Russian Federation,Kursk,2,3,20.97,4.99,15.98,70
2005-07-31,PAUL,TROUT,Russian Federation,Kursk,2,3,20.97,4.99,15.98,70
2005-07-31,PAUL,TROUT,Russian Federation,Kursk,2,3,20.97,4.99,15.98,70
2005-07-31,PAUL,TROUT,Russian Federation,Kursk,2,3,20.97,4.99,15.98,70
2005-07-31,PAUL,TROUT,Russian Federation,Kursk,2,3,20.97,4.99,15.98,70
2005-07-31,PAUL,TROUT,Russian Federation,Kursk,2,3,20.97,4.99,15.98,70
2005-07-07,LUCILLE,HOLMES,South Africa,Soshanguve,1,3,20.97,3.99,16.98,17
2005-07-07,LUCILLE,HOLMES,South Africa,Soshanguve,1,3,20.97,3.99,16.98,17
2005-07-07,LUCILLE,HOLMES,South Africa,Soshanguve,1,3,20.97,3.99,16.98,17
2005-07-07,LUCILLE,HOLMES,South Africa,Soshanguve,1,3,20.97,3.99,16.98,17
2005-07-07,LUCILLE,HOLMES,South Africa,Soshanguve,1,3,20.97,3.99,16.98,17
2005-08-01,JACQUELINE,LONG,Thailand,Songkhla,2,3,20.97,6.49,14.48,3
2005-08-01,JACQUELINE,LONG,Thailand,Songkhla,2,3,20.97,6.49,14.48,3
2005-06-15,KRISTINA,CHAMBERS,Venezuela,Valle de la Pascua,1,3,20.97,2.99,17.98,1
2005-06-15,KRISTINA,CHAMBERS,Venezuela,Valle de la Pascua,1,3,20.97,2.99,17.98,1
2005-08-22,JEREMY,HURTADO,Brazil,Vitria de Santo Anto,2,4,20.96,4.09,16.87,54
2005-08-22,JEREMY,HURTADO,Brazil,Vitria de Santo Anto,2,4,20.96,4.09,16.87,54
2005-08-22,JEREMY,HURTADO,Brazil,Vitria de Santo Anto,2,4,20.96,4.09,16.87,54
2005-08-22,JEREMY,HURTADO,Brazil,Vitria de Santo Anto,2,4,20.96,4.09,16.87,54
2005-08-22,JEREMY,HURTADO,Brazil,Vitria de Santo Anto,2,4,20.96,4.09,16.87,54
2005-08-22,JEREMY,HURTADO,Brazil,Vitria de Santo Anto,2,4,20.96,4.09,16.87,54
2005-08-22,JEREMY,HURTADO,Brazil,Vitria de Santo Anto,2,4,20.96,4.09,16.87,54
2005-08-22,JEREMY,HURTADO,Brazil,Vitria de Santo Anto,2,4,20.96,4.09,16.87,54
2005-08-22,JEREMY,HURTADO,Brazil,Vitria de Santo Anto,2,4,20.96,4.09,16.87,54
2005-08-22,JEREMY,HURTADO,Brazil,Vitria de Santo Anto,2,4,20.96,4.09,16.87,54
2005-08-22,JEREMY,HURTADO,Brazil,Vitria de Santo Anto,2,4,20.96,4.09,16.87,54
2005-08-22,JEREMY,HURTADO,Brazil,Vitria de Santo Anto,2,4,20.96,4.09,16.87,54
2005-08-22,JEREMY,HURTADO,Brazil,Vitria de Santo Anto,2,4,20.96,4.09,16.87,54
2005-08-22,JEREMY,HURTADO,Brazil,Vitria de Santo Anto,2,4,20.96,4.09,16.87,54
2005-08-22,JEREMY,HURTADO,Brazil,Vitria de Santo Anto,2,4,20.96,4.09,16.87,54
2005-08-22,JEREMY,HURTADO,Brazil,Vitria de Santo Anto,2,4,20.96,4.09,16.87,54
2005-08-22,JEREMY,HURTADO,Brazil,Vitria de Santo Anto,2,4,20.96,4.09,16.87,54
2005-08-02,EMMA,BOYD,Egypt,Qalyub,1,4,20.96,3.16,17.8,6
2005-08-02,EMMA,BOYD,Egypt,Qalyub,1,4,20.96,3.16,17.8,6
2005-08-02,EMMA,BOYD,Egypt,Qalyub,1,4,20.96,3.16,17.8,6
2005-08-02,EMMA,BOYD,Egypt,Qalyub,1,4,20.96,3.16,17.8,6
2005-08-02,EMMA,BOYD,Egypt,Qalyub,1,4,20.96,3.16,17.8,6
2005-07-27,ANDY,VANHORN,Mexico,Huejutla de Reyes,2,4,20.96,3.49,17.47,79
2005-07-27,ANDY,VANHORN,Mexico,Huejutla de Reyes,2,4,20.96,3.49,17.47,79
2005-07-27,ANDY,VANHORN,Mexico,Huejutla de Reyes,2,4,20.96,3.49,17.47,79
2005-07-27,ANDY,VANHORN,Mexico,Huejutla de Reyes,2,4,20.96,3.49,17.47,79
2005-07-27,ANDY,VANHORN,Mexico,Huejutla de Reyes,2,4,20.96,3.49,17.47,79
2005-07-27,ANDY,VANHORN,Mexico,Huejutla de Reyes,2,4,20.96,3.49,17.47,79
2005-07-27,ANDY,VANHORN,Mexico,Huejutla de Reyes,2,4,20.96,3.49,17.47,79
2005-07-27,ANDY,VANHORN,Mexico,Huejutla de Reyes,2,4,20.96,3.49,17.47,79
2005-07-27,ANDY,VANHORN,Mexico,Huejutla de Reyes,2,4,20.96,3.49,17.47,79
2005-07-27,ANDY,VANHORN,Mexico,Huejutla de Reyes,2,4,20.96,3.49,17.47,79
2005-07-27,ANDY,VANHORN,Mexico,Huejutla de Reyes,2,4,20.96,3.49,17.47,79
2005-07-27,ANDY,VANHORN,Mexico,Huejutla de Reyes,2,4,20.96,3.49,17.47,79
2005-07-27,ANDY,VANHORN,Mexico,Huejutla de Reyes,2,4,20.96,3.49,17.47,79
2005-07-27,ANDY,VANHORN,Mexico,Huejutla de Reyes,2,4,20.96,3.49,17.47,79
2005-07-27,ANDY,VANHORN,Mexico,Huejutla de Reyes,2,4,20.96,3.49,17.47,79
2005-07-27,ANDY,VANHORN,Mexico,Huejutla de Reyes,2,4,20.96,3.49,17.47,79
2005-07-27,ANDY,VANHORN,Mexico,Huejutla de Reyes,2,4,20.96,3.49,17.47,79
2005-07-27,ANDY,VANHORN,Mexico,Huejutla de Reyes,2,4,20.96,3.49,17.47,79
2005-07-27,ANDY,VANHORN,Mexico,Huejutla de Reyes,2,4,20.96,3.49,17.47,79
2005-07-28,ELEANOR,HUNT,Runion,Saint-Denis,1,4,20.96,6.65,14.31,1
2005-07-08,ROGER,QUINTANILLA,Taiwan,Hsichuh,2,4,20.96,4.59,16.37,13
2005-07-08,ROGER,QUINTANILLA,Taiwan,Hsichuh,2,4,20.96,4.59,16.37,13
2005-07-08,ROGER,QUINTANILLA,Taiwan,Hsichuh,2,4,20.96,4.59,16.37,13
2005-07-08,ROGER,QUINTANILLA,Taiwan,Hsichuh,2,4,20.96,4.59,16.37,13
2005-07-08,ROGER,QUINTANILLA,Taiwan,Hsichuh,2,4,20.96,4.59,16.37,13
2005-07-08,ROGER,QUINTANILLA,Taiwan,Hsichuh,2,4,20.96,4.59,16.37,13
2005-07-08,ROGER,QUINTANILLA,Taiwan,Hsichuh,2,4,20.96,4.59,16.37,13
2005-07-08,ROGER,QUINTANILLA,Taiwan,Hsichuh,2,4,20.96,4.59,16.37,13
2005-07-08,ROGER,QUINTANILLA,Taiwan,Hsichuh,2,4,20.96,4.59,16.37,13
2005-07-29,TRACEY,BARRETT,Nigeria,Owo,2,5,20.95,2.99,17.96,25
2005-07-29,TRACEY,BARRETT,Nigeria,Owo,2,5,20.95,2.99,17.96,25
2005-07-29,TRACEY,BARRETT,Nigeria,Owo,2,5,20.95,2.99,17.96,25
2005-07-29,TRACEY,BARRETT,Nigeria,Owo,2,5,20.95,2.99,17.96,25
2005-07-29,TRACEY,BARRETT,Nigeria,Owo,2,5,20.95,2.99,17.96,25
2005-07-29,TRACEY,BARRETT,Nigeria,Owo,2,5,20.95,2.99,17.96,25
2005-07-29,TRACEY,BARRETT,Nigeria,Owo,2,5,20.95,2.99,17.96,25
2005-07-29,TRACEY,BARRETT,Nigeria,Owo,2,5,20.95,2.99,17.96,25
2005-07-29,TRACEY,BARRETT,Nigeria,Owo,2,5,20.95,2.99,17.96,25
2005-08-01,MYRTLE,FLEMING,Dominican Republic,Santiago de los Caballeros,1,5,20.95,5.61,15.34,1
2005-08-01,MYRTLE,FLEMING,Dominican Republic,Santiago de los Caballeros,1,5,20.95,5.61,15.34,1
2005-08-01,MYRTLE,FLEMING,Dominican Republic,Santiago de los Caballeros,1,5,20.95,5.61,15.34,1
2005-07-12,ELEANOR,HUNT,Runion,Saint-Denis,1,2,19.98,6.13,13.85,2
2005-07-12,HAROLD,MARTINO,Brazil,Boa Vista,1,3,19.97,5.24,14.73,71
2005-07-12,HAROLD,MARTINO,Brazil,Boa Vista,1,3,19.97,5.24,14.73,71
2005-07-12,HAROLD,MARTINO,Brazil,Boa Vista,1,3,19.97,5.24,14.73,71
2005-07-12,HAROLD,MARTINO,Brazil,Boa Vista,1,3,19.97,5.24,14.73,71
2005-07-12,HAROLD,MARTINO,Brazil,Boa Vista,1,3,19.97,5.24,14.73,71
2005-07-12,HAROLD,MARTINO,Brazil,Boa Vista,1,3,19.97,5.24,14.73,71
2005-07-12,HAROLD,MARTINO,Brazil,Boa Vista,1,3,19.97,5.24,14.73,71
2005-07-12,HAROLD,MARTINO,Brazil,Boa Vista,1,3,19.97,5.24,14.73,71
2005-07-12,HAROLD,MARTINO,Brazil,Boa Vista,1,3,19.97,5.24,14.73,71
2005-07-12,HAROLD,MARTINO,Brazil,Boa Vista,1,3,19.97,5.24,14.73,71
2005-07-12,HAROLD,MARTINO,Brazil,Boa Vista,1,3,19.97,5.24,14.73,71
2005-07-12,HAROLD,MARTINO,Brazil,Boa Vista,1,3,19.97,5.24,14.73,71
2005-07-12,HAROLD,MARTINO,Brazil,Boa Vista,1,3,19.97,5.24,14.73,71
2005-07-12,KELLY,KNOTT,China,Sanya,1,3,19.97,3.49,16.48,80
2005-07-12,KELLY,KNOTT,China,Sanya,1,3,19.97,3.49,16.48,80
2005-07-12,KELLY,KNOTT,China,Sanya,1,3,19.97,3.49,16.48,80
2005-07-12,KELLY,KNOTT,China,Sanya,1,3,19.97,3.49,16.48,80
2005-07-12,KELLY,KNOTT,China,Sanya,1,3,19.97,3.49,16.48,80
2005-07-12,KELLY,KNOTT,China,Sanya,1,3,19.97,3.49,16.48,80
2005-07-12,KELLY,KNOTT,China,Sanya,1,3,19.97,3.49,16.48,80
2005-07-12,KELLY,KNOTT,China,Sanya,1,3,19.97,3.49,16.48,80
2005-07-12,KELLY,KNOTT,China,Sanya,1,3,19.97,3.49,16.48,80
2005-07-12,KELLY,KNOTT,China,Sanya,1,3,19.97,3.49,16.48,80
2005-07-12,KELLY,KNOTT,China,Sanya,1,3,19.97,3.49,16.48,80
2005-07-12,KELLY,KNOTT,China,Sanya,1,3,19.97,3.49,16.48,80
2005-07-12,KELLY,KNOTT,China,Sanya,1,3,19.97,3.49,16.48,80
2005-07-12,KELLY,KNOTT,China,Sanya,1,3,19.97,3.49,16.48,80
2005-07-12,KELLY,KNOTT,China,Sanya,1,3,19.97,3.49,16.48,80
2005-07-12,KELLY,KNOTT,China,Sanya,1,3,19.97,3.49,16.48,80
2005-07-12,KELLY,KNOTT,China,Sanya,1,3,19.97,3.49,16.48,80
2005-07-12,KELLY,KNOTT,China,Sanya,1,3,19.97,3.49,16.48,80
2005-07-12,KELLY,KNOTT,China,Sanya,1,3,19.97,3.49,16.48,80
2005-07-12,KELLY,KNOTT,China,Sanya,1,3,19.97,3.49,16.48,80
2005-07-12,KELLY,KNOTT,China,Sanya,1,3,19.97,3.49,16.48,80
2005-07-12,KELLY,KNOTT,China,Sanya,1,3,19.97,3.49,16.48,80
2005-07-12,KELLY,KNOTT,China,Sanya,1,3,19.97,3.49,16.48,80
2005-07-12,KELLY,KNOTT,China,Sanya,1,3,19.97,3.49,16.48,80
2005-08-21,SYLVIA,ORTIZ,Colombia,Dos Quebradas,2,3,19.97,5.21,14.76,1
2005-08-21,SYLVIA,ORTIZ,Colombia,Dos Quebradas,2,3,19.97,5.21,14.76,1
2005-08-21,SYLVIA,ORTIZ,Colombia,Dos Quebradas,2,3,19.97,5.21,14.76,1
2005-08-21,SYLVIA,ORTIZ,Colombia,Dos Quebradas,2,3,19.97,5.21,14.76,1
2005-08-21,SYLVIA,ORTIZ,Colombia,Dos Quebradas,2,3,19.97,5.21,14.76,1
2005-08-02,ROSE,HOWARD,French Guiana,Cayenne,2,3,19.97,4.74,15.23,1
2005-07-30,KATHRYN,COLEMAN,Ukraine,Simferopol,1,3,19.97,6.42,13.55,5
2005-07-30,KATHRYN,COLEMAN,Ukraine,Simferopol,1,3,19.97,6.42,13.55,5
2005-07-30,KATHRYN,COLEMAN,Ukraine,Simferopol,1,3,19.97,6.42,13.55,5
2005-07-30,KATHRYN,COLEMAN,Ukraine,Simferopol,1,3,19.97,6.42,13.55,5
2005-07-11,JAMIE,RICE,United States,Sterling Heights,1,3,19.97,4.74,15.23,49
2005-07-11,JAMIE,RICE,United States,Sterling Heights,1,3,19.97,4.74,15.23,49
2005-07-11,JAMIE,RICE,United States,Sterling Heights,1,3,19.97,4.74,15.23,49
2005-07-11,JAMIE,RICE,United States,Sterling Heights,1,3,19.97,4.74,15.23,49
2005-07-11,JAMIE,RICE,United States,Sterling Heights,1,3,19.97,4.74,15.23,49
2005-07-11,JAMIE,RICE,United States,Sterling Heights,1,3,19.97,4.74,15.23,49
2005-07-11,JAMIE,RICE,United States,Sterling Heights,1,3,19.97,4.74,15.23,49
2005-07-11,JAMIE,RICE,United States,Sterling Heights,1,3,19.97,4.74,15.23,49
2005-07-11,JAMIE,RICE,United States,Sterling Heights,1,3,19.97,4.74,15.23,49
2005-07-11,JAMIE,RICE,United States,Sterling Heights,1,3,19.97,4.74,15.23,49
2005-07-11,JAMIE,RICE,United States,Sterling Heights,1,3,19.97,4.74,15.23,49
2005-07-11,JAMIE,RICE,United States,Sterling Heights,1,3,19.97,4.74,15.23,49
2005-07-11,JAMIE,RICE,United States,Sterling Heights,1,3,19.97,4.74,15.23,49
2005-07-11,JAMIE,RICE,United States,Sterling Heights,1,3,19.97,4.74,15.23,49
2005-07-11,JAMIE,RICE,United States,Sterling Heights,1,3,19.97,4.74,15.23,49
2005-07-10,MITCHELL,WESTMORELAND,Vietnam,Nha Trang,2,3,19.97,4.82,15.15,1
2005-07-10,MITCHELL,WESTMORELAND,Vietnam,Nha Trang,2,3,19.97,4.82,15.15,1
2005-07-10,MITCHELL,WESTMORELAND,Vietnam,Nha Trang,2,3,19.97,4.82,15.15,1
2005-07-10,MITCHELL,WESTMORELAND,Vietnam,Nha Trang,2,3,19.97,4.82,15.15,1
2005-07-10,MITCHELL,WESTMORELAND,Vietnam,Nha Trang,2,3,19.97,4.82,15.15,1
2005-07-12,PRISCILLA,LOWE,Mexico,Salamanca,2,4,19.96,6.24,13.72,98
2005-07-12,PRISCILLA,LOWE,Mexico,Salamanca,2,4,19.96,6.24,13.72,98
2005-07-12,PRISCILLA,LOWE,Mexico,Salamanca,2,4,19.96,6.24,13.72,98
2005-07-12,PRISCILLA,LOWE,Mexico,Salamanca,2,4,19.96,6.24,13.72,98
2005-07-12,PRISCILLA,LOWE,Mexico,Salamanca,2,4,19.96,6.24,13.72,98
2005-07-12,PRISCILLA,LOWE,Mexico,Salamanca,2,4,19.96,6.24,13.72,98
2005-07-12,PRISCILLA,LOWE,Mexico,Salamanca,2,4,19.96,6.24,13.72,98
2005-07-12,PRISCILLA,LOWE,Mexico,Salamanca,2,4,19.96,6.24,13.72,98
2005-07-12,PRISCILLA,LOWE,Mexico,Salamanca,2,4,19.96,6.24,13.72,98
2005-07-12,PRISCILLA,LOWE,Mexico,Salamanca,2,4,19.96,6.24,13.72,98
2005-07-12,PRISCILLA,LOWE,Mexico,Salamanca,2,4,19.96,6.24,13.72,98
2005-07-12,PRISCILLA,LOWE,Mexico,Salamanca,2,4,19.96,6.24,13.72,98
2005-07-12,PRISCILLA,LOWE,Mexico,Salamanca,2,4,19.96,6.24,13.72,98
2005-07-12,PRISCILLA,LOWE,Mexico,Salamanca,2,4,19.96,6.24,13.72,98
2005-07-12,PRISCILLA,LOWE,Mexico,Salamanca,2,4,19.96,6.24,13.72,98
2005-07-12,PRISCILLA,LOWE,Mexico,Salamanca,2,4,19.96,6.24,13.72,98
2005-07-12,PRISCILLA,LOWE,Mexico,Salamanca,2,4,19.96,6.24,13.72,98
2005-07-12,PRISCILLA,LOWE,Mexico,Salamanca,2,4,19.96,6.24,13.72,98
2005-07-12,PRISCILLA,LOWE,Mexico,Salamanca,2,4,19.96,6.24,13.72,98
2005-07-12,PRISCILLA,LOWE,Mexico,Salamanca,2,4,19.96,6.24,13.72,98
2005-08-21,CAROLE,BARNETT,United States,Peoria,2,4,19.96,5.21,14.75,64
2005-08-21,CAROLE,BARNETT,United States,Peoria,2,4,19.96,5.21,14.75,64
2005-08-21,CAROLE,BARNETT,United States,Peoria,2,4,19.96,5.21,14.75,64
2005-08-21,CAROLE,BARNETT,United States,Peoria,2,4,19.96,5.21,14.75,64
2005-08-21,CAROLE,BARNETT,United States,Peoria,2,4,19.96,5.21,14.75,64
2005-08-21,CAROLE,BARNETT,United States,Peoria,2,4,19.96,5.21,14.75,64
2005-08-21,CAROLE,BARNETT,United States,Peoria,2,4,19.96,5.21,14.75,64
2005-08-21,CAROLE,BARNETT,United States,Peoria,2,4,19.96,5.21,14.75,64
2005-08-21,CAROLE,BARNETT,United States,Peoria,2,4,19.96,5.21,14.75,64
2005-08-21,CAROLE,BARNETT,United States,Peoria,2,4,19.96,5.21,14.75,64
2005-08-21,CAROLE,BARNETT,United States,Peoria,2,4,19.96,5.21,14.75,64
2005-08-21,CAROLE,BARNETT,United States,Peoria,2,4,19.96,5.21,14.75,64
2005-08-21,CAROLE,BARNETT,United States,Peoria,2,4,19.96,5.21,14.75,64
2005-08-21,CAROLE,BARNETT,United States,Peoria,2,4,19.96,5.21,14.75,64
2005-08-21,CAROLE,BARNETT,United States,Peoria,2,4,19.96,5.21,14.75,64
2005-08-21,CAROLE,BARNETT,United States,Peoria,2,4,19.96,5.21,14.75,64
2005-08-21,CAROLE,BARNETT,United States,Peoria,2,4,19.96,5.21,14.75,64
2005-08-21,CAROLE,BARNETT,United States,Peoria,2,4,19.96,5.21,14.75,64
2005-08-21,CAROLE,BARNETT,United States,Peoria,2,4,19.96,5.21,14.75,64
2005-08-21,CAROLE,BARNETT,United States,Peoria,2,4,19.96,5.21,14.75,64
2005-08-21,CAROLE,BARNETT,United States,Peoria,2,4,19.96,5.21,14.75,64
2005-08-21,CAROLE,BARNETT,United States,Peoria,2,4,19.96,5.21,14.75,64
2005-08-21,CAROLE,BARNETT,United States,Peoria,2,4,19.96,5.21,14.75,64
2005-08-21,CAROLE,BARNETT,United States,Peoria,2,4,19.96,5.21,14.75,64
2005-08-21,CAROLE,BARNETT,United States,Peoria,2,4,19.96,5.21,14.75,64
2005-08-21,CAROLE,BARNETT,United States,Peoria,2,4,19.96,5.21,14.75,64
2005-07-30,CHARLENE,ALVAREZ,Tanzania,Zanzibar,2,2,18.98,6.32,12.66,4
2005-07-30,CHARLENE,ALVAREZ,Tanzania,Zanzibar,2,2,18.98,6.32,12.66,4
2005-07-06,ELLEN,SIMPSON,Brazil,Po,1,3,18.97,2.99,15.98,84
2005-07-06,ELLEN,SIMPSON,Brazil,Po,1,3,18.97,2.99,15.98,84
2005-07-06,ELLEN,SIMPSON,Brazil,Po,1,3,18.97,2.99,15.98,84
2005-07-06,ELLEN,SIMPSON,Brazil,Po,1,3,18.97,2.99,15.98,84
2005-07-06,ELLEN,SIMPSON,Brazil,Po,1,3,18.97,2.99,15.98,84
2005-07-06,ELLEN,SIMPSON,Brazil,Po,1,3,18.97,2.99,15.98,84
2005-07-06,ELLEN,SIMPSON,Brazil,Po,1,3,18.97,2.99,15.98,84
2005-07-06,ELLEN,SIMPSON,Brazil,Po,1,3,18.97,2.99,15.98,84
2005-07-06,ELLEN,SIMPSON,Brazil,Po,1,3,18.97,2.99,15.98,84
2005-07-06,ELLEN,SIMPSON,Brazil,Po,1,3,18.97,2.99,15.98,84
2005-07-06,ELLEN,SIMPSON,Brazil,Po,1,3,18.97,2.99,15.98,84
2005-07-06,ELLEN,SIMPSON,Brazil,Po,1,3,18.97,2.99,15.98,84
2005-07-06,ELLEN,SIMPSON,Brazil,Po,1,3,18.97,2.99,15.98,84
2005-07-06,ELLEN,SIMPSON,Brazil,Po,1,3,18.97,2.99,15.98,84
2005-07-06,ELLEN,SIMPSON,Brazil,Po,1,3,18.97,2.99,15.98,84
2005-07-06,ELLEN,SIMPSON,Brazil,Po,1,3,18.97,2.99,15.98,84
2005-08-19,TERRI,VASQUEZ,Brazil,Blumenau,1,3,18.97,5.49,13.48,84
2005-08-19,TERRI,VASQUEZ,Brazil,Blumenau,1,3,18.97,5.49,13.48,84
2005-08-19,TERRI,VASQUEZ,Brazil,Blumenau,1,3,18.97,5.49,13.48,84
2005-08-19,TERRI,VASQUEZ,Brazil,Blumenau,1,3,18.97,5.49,13.48,84
2005-08-19,TERRI,VASQUEZ,Brazil,Blumenau,1,3,18.97,5.49,13.48,84
2005-08-19,TERRI,VASQUEZ,Brazil,Blumenau,1,3,18.97,5.49,13.48,84
2005-08-19,TERRI,VASQUEZ,Brazil,Blumenau,1,3,18.97,5.49,13.48,84
2005-08-19,TERRI,VASQUEZ,Brazil,Blumenau,1,3,18.97,5.49,13.48,84
2005-08-19,TERRI,VASQUEZ,Brazil,Blumenau,1,3,18.97,5.49,13.48,84
2005-08-19,TERRI,VASQUEZ,Brazil,Blumenau,1,3,18.97,5.49,13.48,84
2005-08-19,TERRI,VASQUEZ,Brazil,Blumenau,1,3,18.97,5.49,13.48,84
2005-08-19,TERRI,VASQUEZ,Brazil,Blumenau,1,3,18.97,5.49,13.48,84
2005-08-19,TERRI,VASQUEZ,Brazil,Blumenau,1,3,18.97,5.49,13.48,84
2005-08-19,TERRI,VASQUEZ,Brazil,Blumenau,1,3,18.97,5.49,13.48,84
2005-08-19,TERRI,VASQUEZ,Brazil,Blumenau,1,3,18.97,5.49,13.48,84
2005-08-19,TERRI,VASQUEZ,Brazil,Blumenau,1,3,18.97,5.49,13.48,84
2005-08-19,TERRI,VASQUEZ,Brazil,Blumenau,1,3,18.97,5.49,13.48,84
2005-08-19,TERRI,VASQUEZ,Brazil,Blumenau,1,3,18.97,5.49,13.48,84
2005-08-19,TERRI,VASQUEZ,Brazil,Blumenau,1,3,18.97,5.49,13.48,84
2005-08-19,TERRI,VASQUEZ,Brazil,Blumenau,1,3,18.97,5.49,13.48,84
2005-08-19,TERRI,VASQUEZ,Brazil,Blumenau,1,3,18.97,5.49,13.48,84
2005-08-19,TERRI,VASQUEZ,Brazil,Blumenau,1,3,18.97,5.49,13.48,84
2005-06-20,ERNEST,STEPP,China,Huaian,2,3,18.97,4.65,14.32,104
2005-06-20,ERNEST,STEPP,China,Huaian,2,3,18.97,4.65,14.32,104
2005-06-20,ERNEST,STEPP,China,Huaian,2,3,18.97,4.65,14.32,104
2005-06-20,ERNEST,STEPP,China,Huaian,2,3,18.97,4.65,14.32,104
2005-06-20,ERNEST,STEPP,China,Huaian,2,3,18.97,4.65,14.32,104
2005-06-20,ERNEST,STEPP,China,Huaian,2,3,18.97,4.65,14.32,104
2005-06-20,ERNEST,STEPP,China,Huaian,2,3,18.97,4.65,14.32,104
2005-06-20,ERNEST,STEPP,China,Huaian,2,3,18.97,4.65,14.32,104
2005-06-20,ERNEST,STEPP,China,Huaian,2,3,18.97,4.65,14.32,104
2005-06-20,ERNEST,STEPP,China,Huaian,2,3,18.97,4.65,14.32,104
2005-06-20,ERNEST,STEPP,China,Huaian,2,3,18.97,4.65,14.32,104
2005-06-20,ERNEST,STEPP,China,Huaian,2,3,18.97,4.65,14.32,104
2005-06-20,ERNEST,STEPP,China,Huaian,2,3,18.97,4.65,14.32,104
2005-06-20,ERNEST,STEPP,China,Huaian,2,3,18.97,4.65,14.32,104
2005-06-20,ERNEST,STEPP,China,Huaian,2,3,18.97,4.65,14.32,104
2005-06-20,ERNEST,STEPP,China,Huaian,2,3,18.97,4.65,14.32,104
2005-06-20,ERNEST,STEPP,China,Huaian,2,3,18.97,4.65,14.32,104
2005-06-20,ERNEST,STEPP,China,Huaian,2,3,18.97,4.65,14.32,104
2005-06-20,ERNEST,STEPP,China,Huaian,2,3,18.97,4.65,14.32,104
2005-06-20,ERNEST,STEPP,China,Huaian,2,3,18.97,4.65,14.32,104
2005-06-20,ERNEST,STEPP,China,Huaian,2,3,18.97,4.65,14.32,104
2005-06-20,ERNEST,STEPP,China,Huaian,2,3,18.97,4.65,14.32,104
2005-08-02,AARON,SELBY,"Congo, The Democratic Republic of the",Mwene-Ditu,2,3,18.97,5.32,13.65,1
2005-08-21,JENNIE,TERRY,Czech Republic,Olomouc,2,3,18.97,5.24,13.73,1
2005-06-16,LENA,JENSEN,India,Halisahar,2,3,18.97,5.32,13.65,154
2005-06-16,LENA,JENSEN,India,Halisahar,2,3,18.97,5.32,13.65,154
2005-06-16,LENA,JENSEN,India,Halisahar,2,3,18.97,5.32,13.65,154
2005-06-16,LENA,JENSEN,India,Halisahar,2,3,18.97,5.32,13.65,154
2005-06-16,LENA,JENSEN,India,Halisahar,2,3,18.97,5.32,13.65,154
2005-06-16,LENA,JENSEN,India,Halisahar,2,3,18.97,5.32,13.65,154
2005-06-16,LENA,JENSEN,India,Halisahar,2,3,18.97,5.32,13.65,154
2005-06-16,LENA,JENSEN,India,Halisahar,2,3,18.97,5.32,13.65,154
2005-06-16,LENA,JENSEN,India,Halisahar,2,3,18.97,5.32,13.65,154
2005-06-16,LENA,JENSEN,India,Halisahar,2,3,18.97,5.32,13.65,154
2005-06-16,LENA,JENSEN,India,Halisahar,2,3,18.97,5.32,13.65,154
2005-06-16,LENA,JENSEN,India,Halisahar,2,3,18.97,5.32,13.65,154
2005-06-16,LENA,JENSEN,India,Halisahar,2,3,18.97,5.32,13.65,154
2005-06-16,LENA,JENSEN,India,Halisahar,2,3,18.97,5.32,13.65,154
2005-06-16,LENA,JENSEN,India,Halisahar,2,3,18.97,5.32,13.65,154
2005-06-16,LENA,JENSEN,India,Halisahar,2,3,18.97,5.32,13.65,154
2005-06-16,LENA,JENSEN,India,Halisahar,2,3,18.97,5.32,13.65,154
2005-06-16,LENA,JENSEN,India,Halisahar,2,3,18.97,5.32,13.65,154
2005-06-16,LENA,JENSEN,India,Halisahar,2,3,18.97,5.32,13.65,154
2005-06-16,LENA,JENSEN,India,Halisahar,2,3,18.97,5.32,13.65,154
2005-06-16,LENA,JENSEN,India,Halisahar,2,3,18.97,5.32,13.65,154
2005-06-16,LENA,JENSEN,India,Halisahar,2,3,18.97,5.32,13.65,154
2005-06-16,LENA,JENSEN,India,Halisahar,2,3,18.97,5.32,13.65,154
2005-06-16,LENA,JENSEN,India,Halisahar,2,3,18.97,5.32,13.65,154
2005-06-16,LENA,JENSEN,India,Halisahar,2,3,18.97,5.32,13.65,154
2005-06-16,LENA,JENSEN,India,Halisahar,2,3,18.97,5.32,13.65,154
2005-07-29,ALLEN,BUTTERFIELD,India,Hoshiarpur,2,3,18.97,0.99,17.98,154
2005-07-29,ALLEN,BUTTERFIELD,India,Hoshiarpur,2,3,18.97,0.99,17.98,154
2005-07-29,ALLEN,BUTTERFIELD,India,Hoshiarpur,2,3,18.97,0.99,17.98,154
2005-07-29,ALLEN,BUTTERFIELD,India,Hoshiarpur,2,3,18.97,0.99,17.98,154
2005-07-29,ALLEN,BUTTERFIELD,India,Hoshiarpur,2,3,18.97,0.99,17.98,154
2005-07-29,ALLEN,BUTTERFIELD,India,Hoshiarpur,2,3,18.97,0.99,17.98,154
2005-07-29,ALLEN,BUTTERFIELD,India,Hoshiarpur,2,3,18.97,0.99,17.98,154
2005-07-29,ALLEN,BUTTERFIELD,India,Hoshiarpur,2,3,18.97,0.99,17.98,154
2005-07-29,ALLEN,BUTTERFIELD,India,Hoshiarpur,2,3,18.97,0.99,17.98,154
2005-07-29,ALLEN,BUTTERFIELD,India,Hoshiarpur,2,3,18.97,0.99,17.98,154
2005-07-29,ALLEN,BUTTERFIELD,India,Hoshiarpur,2,3,18.97,0.99,17.98,154
2005-07-29,ALLEN,BUTTERFIELD,India,Hoshiarpur,2,3,18.97,0.99,17.98,154
2005-07-29,ALLEN,BUTTERFIELD,India,Hoshiarpur,2,3,18.97,0.99,17.98,154
2005-07-29,ALLEN,BUTTERFIELD,India,Hoshiarpur,2,3,18.97,0.99,17.98,154
2005-07-29,ALLEN,BUTTERFIELD,India,Hoshiarpur,2,3,18.97,0.99,17.98,154
2005-07-29,ALLEN,BUTTERFIELD,India,Hoshiarpur,2,3,18.97,0.99,17.98,154
2005-07-29,ALLEN,BUTTERFIELD,India,Hoshiarpur,2,3,18.97,0.99,17.98,154
2005-07-29,ALLEN,BUTTERFIELD,India,Hoshiarpur,2,3,18.97,0.99,17.98,154
2005-07-29,ALLEN,BUTTERFIELD,India,Hoshiarpur,2,3,18.97,0.99,17.98,154
2005-07-29,ALLEN,BUTTERFIELD,India,Hoshiarpur,2,3,18.97,0.99,17.98,154
2005-07-29,ALLEN,BUTTERFIELD,India,Hoshiarpur,2,3,18.97,0.99,17.98,154
2005-07-29,ALLEN,BUTTERFIELD,India,Hoshiarpur,2,3,18.97,0.99,17.98,154
2005-07-29,ALLEN,BUTTERFIELD,India,Hoshiarpur,2,3,18.97,0.99,17.98,154
2005-07-29,ALLEN,BUTTERFIELD,India,Hoshiarpur,2,3,18.97,0.99,17.98,154
2005-07-29,ALLEN,BUTTERFIELD,India,Hoshiarpur,2,3,18.97,0.99,17.98,154
2005-07-29,ALLEN,BUTTERFIELD,India,Hoshiarpur,2,3,18.97,0.99,17.98,154
2005-07-29,ALLEN,BUTTERFIELD,India,Hoshiarpur,2,3,18.97,0.99,17.98,154
2005-07-29,ALLEN,BUTTERFIELD,India,Hoshiarpur,2,3,18.97,0.99,17.98,154
2005-07-29,ALLEN,BUTTERFIELD,India,Hoshiarpur,2,3,18.97,0.99,17.98,154
2005-07-29,ALLEN,BUTTERFIELD,India,Hoshiarpur,2,3,18.97,0.99,17.98,154
2005-07-29,ALLEN,BUTTERFIELD,India,Hoshiarpur,2,3,18.97,0.99,17.98,154
2005-07-29,ALLEN,BUTTERFIELD,India,Hoshiarpur,2,3,18.97,0.99,17.98,154
2005-07-29,ALLEN,BUTTERFIELD,India,Hoshiarpur,2,3,18.97,0.99,17.98,154
2005-07-29,ALLEN,BUTTERFIELD,India,Hoshiarpur,2,3,18.97,0.99,17.98,154
2005-07-27,MARLENE,WELCH,Japan,Iwaki,1,3,18.97,2.99,15.98,93
2005-07-27,MARLENE,WELCH,Japan,Iwaki,1,3,18.97,2.99,15.98,93
2005-07-27,MARLENE,WELCH,Japan,Iwaki,1,3,18.97,2.99,15.98,93
2005-07-27,MARLENE,WELCH,Japan,Iwaki,1,3,18.97,2.99,15.98,93
2005-07-27,MARLENE,WELCH,Japan,Iwaki,1,3,18.97,2.99,15.98,93
2005-07-27,MARLENE,WELCH,Japan,Iwaki,1,3,18.97,2.99,15.98,93
2005-07-27,MARLENE,WELCH,Japan,Iwaki,1,3,18.97,2.99,15.98,93
2005-07-27,MARLENE,WELCH,Japan,Iwaki,1,3,18.97,2.99,15.98,93
2005-07-27,MARLENE,WELCH,Japan,Iwaki,1,3,18.97,2.99,15.98,93
2005-07-27,MARLENE,WELCH,Japan,Iwaki,1,3,18.97,2.99,15.98,93
2005-07-27,MARLENE,WELCH,Japan,Iwaki,1,3,18.97,2.99,15.98,93
2005-07-27,MARLENE,WELCH,Japan,Iwaki,1,3,18.97,2.99,15.98,93
2005-07-27,MARLENE,WELCH,Japan,Iwaki,1,3,18.97,2.99,15.98,93
2005-07-27,MARLENE,WELCH,Japan,Iwaki,1,3,18.97,2.99,15.98,93
2005-07-27,MARLENE,WELCH,Japan,Iwaki,1,3,18.97,2.99,15.98,93
2005-07-27,MARLENE,WELCH,Japan,Iwaki,1,3,18.97,2.99,15.98,93
2005-07-27,MARLENE,WELCH,Japan,Iwaki,1,3,18.97,2.99,15.98,93
2005-07-27,MARLENE,WELCH,Japan,Iwaki,1,3,18.97,2.99,15.98,93
2005-07-27,MARLENE,WELCH,Japan,Iwaki,1,3,18.97,2.99,15.98,93
2005-07-27,MARLENE,WELCH,Japan,Iwaki,1,3,18.97,2.99,15.98,93
2005-07-27,MARLENE,WELCH,Japan,Iwaki,1,3,18.97,2.99,15.98,93
2005-07-27,MARLENE,WELCH,Japan,Iwaki,1,3,18.97,2.99,15.98,93
2005-07-27,MARLENE,WELCH,Japan,Iwaki,1,3,18.97,2.99,15.98,93
2005-07-11,SARA,PERRY,Mexico,Atlixco,2,3,18.97,5.13,13.84,118
2005-07-11,SARA,PERRY,Mexico,Atlixco,2,3,18.97,5.13,13.84,118
2005-07-11,SARA,PERRY,Mexico,Atlixco,2,3,18.97,5.13,13.84,118
2005-07-11,SARA,PERRY,Mexico,Atlixco,2,3,18.97,5.13,13.84,118
2005-07-11,SARA,PERRY,Mexico,Atlixco,2,3,18.97,5.13,13.84,118
2005-07-11,SARA,PERRY,Mexico,Atlixco,2,3,18.97,5.13,13.84,118
2005-07-11,SARA,PERRY,Mexico,Atlixco,2,3,18.97,5.13,13.84,118
2005-07-11,SARA,PERRY,Mexico,Atlixco,2,3,18.97,5.13,13.84,118
2005-07-11,SARA,PERRY,Mexico,Atlixco,2,3,18.97,5.13,13.84,118
2005-07-11,SARA,PERRY,Mexico,Atlixco,2,3,18.97,5.13,13.84,118
2005-07-11,SARA,PERRY,Mexico,Atlixco,2,3,18.97,5.13,13.84,118
2005-07-11,SARA,PERRY,Mexico,Atlixco,2,3,18.97,5.13,13.84,118
2005-07-31,SHIRLEY,ALLEN,Philippines,Davao,2,3,18.97,3.99,14.98,43
2005-07-31,SHIRLEY,ALLEN,Philippines,Davao,2,3,18.97,3.99,14.98,43
2005-07-31,SHIRLEY,ALLEN,Philippines,Davao,2,3,18.97,3.99,14.98,43
2005-07-31,SHIRLEY,ALLEN,Philippines,Davao,2,3,18.97,3.99,14.98,43
2005-07-31,SHIRLEY,ALLEN,Philippines,Davao,2,3,18.97,3.99,14.98,43
2005-07-31,SHIRLEY,ALLEN,Philippines,Davao,2,3,18.97,3.99,14.98,43
2005-07-31,SHIRLEY,ALLEN,Philippines,Davao,2,3,18.97,3.99,14.98,43
2005-07-31,SHIRLEY,ALLEN,Philippines,Davao,2,3,18.97,3.99,14.98,43
2005-07-31,SHIRLEY,ALLEN,Philippines,Davao,2,3,18.97,3.99,14.98,43
2005-07-31,SHIRLEY,ALLEN,Philippines,Davao,2,3,18.97,3.99,14.98,43
2005-07-31,SHIRLEY,ALLEN,Philippines,Davao,2,3,18.97,3.99,14.98,43
2005-07-31,SHIRLEY,ALLEN,Philippines,Davao,2,3,18.97,3.99,14.98,43
2005-07-31,SHIRLEY,ALLEN,Philippines,Davao,2,3,18.97,3.99,14.98,43
2005-07-31,SHIRLEY,ALLEN,Philippines,Davao,2,3,18.97,3.99,14.98,43
2005-07-31,SHIRLEY,ALLEN,Philippines,Davao,2,3,18.97,3.99,14.98,43
2005-07-10,KATHY,JAMES,Philippines,Baybay,1,3,18.97,4.99,13.98,43
2005-07-10,KATHY,JAMES,Philippines,Baybay,1,3,18.97,4.99,13.98,43
2005-07-10,KATHY,JAMES,Philippines,Baybay,1,3,18.97,4.99,13.98,43
2005-07-10,KATHY,JAMES,Philippines,Baybay,1,3,18.97,4.99,13.98,43
2005-07-10,KATHY,JAMES,Philippines,Baybay,1,3,18.97,4.99,13.98,43
2005-07-10,KATHY,JAMES,Philippines,Baybay,1,3,18.97,4.99,13.98,43
2005-07-10,KATHY,JAMES,Philippines,Baybay,1,3,18.97,4.99,13.98,43
2005-07-10,KATHY,JAMES,Philippines,Baybay,1,3,18.97,4.99,13.98,43
2005-07-10,KATHY,JAMES,Philippines,Baybay,1,3,18.97,4.99,13.98,43
2005-07-10,KATHY,JAMES,Philippines,Baybay,1,3,18.97,4.99,13.98,43
2005-07-10,KATHY,JAMES,Philippines,Baybay,1,3,18.97,4.99,13.98,43
2005-07-10,KATHY,JAMES,Philippines,Baybay,1,3,18.97,4.99,13.98,43
2005-07-10,KATHY,JAMES,Philippines,Baybay,1,3,18.97,4.99,13.98,43
2005-06-17,DEANNA,BYRD,Philippines,Tuguegarao,1,3,18.97,3.99,14.98,43
2005-06-17,DEANNA,BYRD,Philippines,Tuguegarao,1,3,18.97,3.99,14.98,43
2005-06-17,DEANNA,BYRD,Philippines,Tuguegarao,1,3,18.97,3.99,14.98,43
2005-06-17,DEANNA,BYRD,Philippines,Tuguegarao,1,3,18.97,3.99,14.98,43
2005-06-17,DEANNA,BYRD,Philippines,Tuguegarao,1,3,18.97,3.99,14.98,43
2005-06-17,DEANNA,BYRD,Philippines,Tuguegarao,1,3,18.97,3.99,14.98,43
2005-06-17,DEANNA,BYRD,Philippines,Tuguegarao,1,3,18.97,3.99,14.98,43
2005-06-17,DEANNA,BYRD,Philippines,Tuguegarao,1,3,18.97,3.99,14.98,43
2005-08-02,JOE,GILLILAND,Philippines,Imus,2,3,18.97,5.1,13.87,43
2005-08-02,JOE,GILLILAND,Philippines,Imus,2,3,18.97,5.1,13.87,43
2005-08-02,JOE,GILLILAND,Philippines,Imus,2,3,18.97,5.1,13.87,43
2005-08-02,JOE,GILLILAND,Philippines,Imus,2,3,18.97,5.1,13.87,43
2005-08-02,JOE,GILLILAND,Philippines,Imus,2,3,18.97,5.1,13.87,43
2005-08-02,JOE,GILLILAND,Philippines,Imus,2,3,18.97,5.1,13.87,43
2005-08-02,JOE,GILLILAND,Philippines,Imus,2,3,18.97,5.1,13.87,43
2005-08-02,JOE,GILLILAND,Philippines,Imus,2,3,18.97,5.1,13.87,43
2005-08-02,JOE,GILLILAND,Philippines,Imus,2,3,18.97,5.1,13.87,43
2005-08-02,JOE,GILLILAND,Philippines,Imus,2,3,18.97,5.1,13.87,43
2005-08-02,JOE,GILLILAND,Philippines,Imus,2,3,18.97,5.1,13.87,43
2005-08-02,JOE,GILLILAND,Philippines,Imus,2,3,18.97,5.1,13.87,43
2005-08-02,JOE,GILLILAND,Philippines,Imus,2,3,18.97,5.1,13.87,43
2005-08-01,LEAH,CURTIS,Poland,Kalisz,1,3,18.97,6.19,12.78,1
2005-08-01,LEAH,CURTIS,Poland,Kalisz,1,3,18.97,6.19,12.78,1
2005-08-01,LEAH,CURTIS,Poland,Kalisz,1,3,18.97,6.19,12.78,1
2005-08-01,LEAH,CURTIS,Poland,Kalisz,1,3,18.97,6.19,12.78,1
2005-08-01,LEAH,CURTIS,Poland,Kalisz,1,3,18.97,6.19,12.78,1
2005-08-01,LEAH,CURTIS,Poland,Kalisz,1,3,18.97,6.19,12.78,1
2005-08-01,LEAH,CURTIS,Poland,Kalisz,1,3,18.97,6.19,12.78,1
2005-06-18,VALERIE,BLACK,United States,Brockton,1,3,18.97,4.49,14.48,90
2005-06-18,VALERIE,BLACK,United States,Brockton,1,3,18.97,4.49,14.48,90
2005-06-18,VALERIE,BLACK,United States,Brockton,1,3,18.97,4.49,14.48,90
2005-06-18,VALERIE,BLACK,United States,Brockton,1,3,18.97,4.49,14.48,90
2005-06-18,VALERIE,BLACK,United States,Brockton,1,3,18.97,4.49,14.48,90
2005-06-18,VALERIE,BLACK,United States,Brockton,1,3,18.97,4.49,14.48,90
2005-06-18,VALERIE,BLACK,United States,Brockton,1,3,18.97,4.49,14.48,90
2005-06-18,VALERIE,BLACK,United States,Brockton,1,3,18.97,4.49,14.48,90
2005-06-18,VALERIE,BLACK,United States,Brockton,1,3,18.97,4.49,14.48,90
2005-06-18,VALERIE,BLACK,United States,Brockton,1,3,18.97,4.49,14.48,90
2005-06-18,VALERIE,BLACK,United States,Brockton,1,3,18.97,4.49,14.48,90
2005-06-18,VALERIE,BLACK,United States,Brockton,1,3,18.97,4.49,14.48,90
2005-06-18,VALERIE,BLACK,United States,Brockton,1,3,18.97,4.49,14.48,90
2005-06-18,VALERIE,BLACK,United States,Brockton,1,3,18.97,4.49,14.48,90
2005-06-18,VALERIE,BLACK,United States,Brockton,1,3,18.97,4.49,14.48,90
2005-06-18,VALERIE,BLACK,United States,Brockton,1,3,18.97,4.49,14.48,90
2005-06-18,VALERIE,BLACK,United States,Brockton,1,3,18.97,4.49,14.48,90
2005-06-18,VALERIE,BLACK,United States,Brockton,1,3,18.97,4.49,14.48,90
2005-06-18,VALERIE,BLACK,United States,Brockton,1,3,18.97,4.49,14.48,90
2005-06-18,VALERIE,BLACK,United States,Brockton,1,3,18.97,4.49,14.48,90
2005-07-11,GREG,ROBINS,Vietnam,Nam Dinh,1,3,18.97,4.86,14.11,6
2005-07-11,GREG,ROBINS,Vietnam,Nam Dinh,1,3,18.97,4.86,14.11,6
2005-07-11,GREG,ROBINS,Vietnam,Nam Dinh,1,3,18.97,4.86,14.11,6
2005-07-11,GREG,ROBINS,Vietnam,Nam Dinh,1,3,18.97,4.86,14.11,6
2005-08-19,DIANNE,SHELTON,Iran,Tabriz,2,4,18.96,5.16,13.81,18
2005-08-19,DIANNE,SHELTON,Iran,Tabriz,2,4,18.96,5.16,13.81,18
2005-08-19,DIANNE,SHELTON,Iran,Tabriz,2,4,18.96,5.16,13.81,18
2005-08-19,DIANNE,SHELTON,Iran,Tabriz,2,4,18.96,5.16,13.81,18
2005-08-19,DIANNE,SHELTON,Iran,Tabriz,2,4,18.96,5.16,13.81,18
2005-08-21,CALVIN,MARTEL,Venezuela,Maracabo,1,4,18.96,6.32,12.64,3
2005-08-19,MONICA,HICKS,Ukraine,Mukateve,2,4,18.96,5.54,13.42,9
2005-08-19,MONICA,HICKS,Ukraine,Mukateve,2,4,18.96,5.54,13.42,9
2005-08-19,MONICA,HICKS,Ukraine,Mukateve,2,4,18.96,5.54,13.42,9
2005-08-19,MONICA,HICKS,Ukraine,Mukateve,2,4,18.96,5.54,13.42,9
2005-07-29,MARIO,CHEATHAM,Algeria,Batna,1,5,18.95,5.32,13.63,1
2005-07-29,MARIO,CHEATHAM,Algeria,Batna,1,5,18.95,5.32,13.63,1
2005-07-29,MARIO,CHEATHAM,Algeria,Batna,1,5,18.95,5.32,13.63,1
2005-08-22,DARREN,WINDHAM,Italy,Livorno,2,5,18.95,5.74,13.21,5
2005-08-22,DARREN,WINDHAM,Italy,Livorno,2,5,18.95,5.74,13.21,5
2005-08-22,DARREN,WINDHAM,Italy,Livorno,2,5,18.95,5.74,13.21,5
2005-08-22,DARREN,WINDHAM,Italy,Livorno,2,5,18.95,5.74,13.21,5
2005-08-22,DARREN,WINDHAM,Italy,Livorno,2,5,18.95,5.74,13.21,5
2005-08-22,DARREN,WINDHAM,Italy,Livorno,2,5,18.95,5.74,13.21,5
2005-08-22,DARREN,WINDHAM,Italy,Livorno,2,5,18.95,5.74,13.21,5
2005-08-02,MICHEAL,FORMAN,Argentina,Escobar,1,2,17.98,3.65,14.33,1
2005-08-02,MICHEAL,FORMAN,Argentina,Escobar,1,2,17.98,3.65,14.33,1
2005-08-02,MICHEAL,FORMAN,Argentina,Escobar,1,2,17.98,3.65,14.33,1
2005-08-02,MICHEAL,FORMAN,Argentina,Escobar,1,2,17.98,3.65,14.33,1
2005-08-02,MICHEAL,FORMAN,Argentina,Escobar,1,2,17.98,3.65,14.33,1
2005-08-02,MICHEAL,FORMAN,Argentina,Escobar,1,2,17.98,3.65,14.33,1
2005-08-02,MICHEAL,FORMAN,Argentina,Escobar,1,2,17.98,3.65,14.33,1
2005-08-02,MICHEAL,FORMAN,Argentina,Escobar,1,2,17.98,3.65,14.33,1
2005-08-02,MICHEAL,FORMAN,Argentina,Escobar,1,2,17.98,3.65,14.33,1
2005-08-02,MICHEAL,FORMAN,Argentina,Escobar,1,2,17.98,3.65,14.33,1
2005-08-02,MICHEAL,FORMAN,Argentina,Escobar,1,2,17.98,3.65,14.33,1
2005-07-08,STACY,CUNNINGHAM,Colombia,Pereira,2,2,17.98,5.98,12.0,6
2005-07-08,STACY,CUNNINGHAM,Colombia,Pereira,2,2,17.98,5.98,12.0,6
2005-07-08,STACY,CUNNINGHAM,Colombia,Pereira,2,2,17.98,5.98,12.0,6
2005-07-08,STACY,CUNNINGHAM,Colombia,Pereira,2,2,17.98,5.98,12.0,6
2005-06-19,TRACY,HERRMANN,Ecuador,Loja,1,2,17.98,5.24,12.74,4
2005-06-19,TRACY,HERRMANN,Ecuador,Loja,1,2,17.98,5.24,12.74,4
2005-07-12,JOHNNIE,CHISHOLM,Poland,Plock,2,2,17.98,5.74,12.24,8
2005-07-12,JOHNNIE,CHISHOLM,Poland,Plock,2,2,17.98,5.74,12.24,8
2005-07-12,JOHNNIE,CHISHOLM,Poland,Plock,2,2,17.98,5.74,12.24,8
2005-07-12,JOHNNIE,CHISHOLM,Poland,Plock,2,2,17.98,5.74,12.24,8
2005-07-31,RUTH,MARTINEZ,South Africa,Kimberley,1,2,17.98,5.65,12.33,22
2005-07-31,RUTH,MARTINEZ,South Africa,Kimberley,1,2,17.98,5.65,12.33,22
2005-07-31,RUTH,MARTINEZ,South Africa,Kimberley,1,2,17.98,5.65,12.33,22
2005-07-31,RUTH,MARTINEZ,South Africa,Kimberley,1,2,17.98,5.65,12.33,22
2005-07-31,RUTH,MARTINEZ,South Africa,Kimberley,1,2,17.98,5.65,12.33,22
2005-07-31,RUTH,MARTINEZ,South Africa,Kimberley,1,2,17.98,5.65,12.33,22
2005-07-31,RUTH,MARTINEZ,South Africa,Kimberley,1,2,17.98,5.65,12.33,22
2005-07-31,RUTH,MARTINEZ,South Africa,Kimberley,1,2,17.98,5.65,12.33,22
2005-08-01,JORDAN,ARCHULETA,Argentina,Avellaneda,1,3,17.97,5.99,11.98,12
2005-08-01,JORDAN,ARCHULETA,Argentina,Avellaneda,1,3,17.97,5.99,11.98,12
2005-08-01,JORDAN,ARCHULETA,Argentina,Avellaneda,1,3,17.97,5.99,11.98,12
2005-08-01,JORDAN,ARCHULETA,Argentina,Avellaneda,1,3,17.97,5.99,11.98,12
2005-08-01,JORDAN,ARCHULETA,Argentina,Avellaneda,1,3,17.97,5.99,11.98,12
2005-08-01,JORDAN,ARCHULETA,Argentina,Avellaneda,1,3,17.97,5.99,11.98,12
2005-08-01,JORDAN,ARCHULETA,Argentina,Avellaneda,1,3,17.97,5.99,11.98,12
2005-08-01,JORDAN,ARCHULETA,Argentina,Avellaneda,1,3,17.97,5.99,11.98,12
2005-08-01,JORDAN,ARCHULETA,Argentina,Avellaneda,1,3,17.97,5.99,11.98,12
2005-07-09,CLARA,SHAW,Belarus,Molodetno,1,3,17.97,5.65,12.32,1
2005-07-09,CLARA,SHAW,Belarus,Molodetno,1,3,17.97,5.65,12.32,1
2005-08-17,KEVIN,SCHULER,Nepal,Birgunj,1,3,17.97,3.99,13.98,1
2005-07-06,RHONDA,KENNEDY,Netherlands,Apeldoorn,2,3,17.97,4.99,12.98,1
2005-07-06,RHONDA,KENNEDY,Netherlands,Apeldoorn,2,3,17.97,4.99,12.98,1
2005-07-06,RHONDA,KENNEDY,Netherlands,Apeldoorn,2,3,17.97,4.99,12.98,1
2005-07-09,AMBER,DIXON,Taiwan,Touliu,1,3,17.97,4.74,13.24,22
2005-07-09,AMBER,DIXON,Taiwan,Touliu,1,3,17.97,4.74,13.24,22
2005-07-09,AMBER,DIXON,Taiwan,Touliu,1,3,17.97,4.74,13.24,22
2005-07-09,AMBER,DIXON,Taiwan,Touliu,1,3,17.97,4.74,13.24,22
2005-07-09,AMBER,DIXON,Taiwan,Touliu,1,3,17.97,4.74,13.24,22
2005-07-09,AMBER,DIXON,Taiwan,Touliu,1,3,17.97,4.74,13.24,22
2005-07-09,AMBER,DIXON,Taiwan,Touliu,1,3,17.97,4.74,13.24,22
2005-07-09,AMBER,DIXON,Taiwan,Touliu,1,3,17.97,4.74,13.24,22
2005-07-08,BERNICE,WILLIS,Turkey,Batman,1,3,17.97,1.32,16.65,10
2005-07-08,BERNICE,WILLIS,Turkey,Batman,1,3,17.97,1.32,16.65,10
2005-07-08,BERNICE,WILLIS,Turkey,Batman,1,3,17.97,1.32,16.65,10
2005-07-08,BERNICE,WILLIS,Turkey,Batman,1,3,17.97,1.32,16.65,10
2005-07-08,BERNICE,WILLIS,Turkey,Batman,1,3,17.97,1.32,16.65,10
2005-07-08,BERNICE,WILLIS,Turkey,Batman,1,3,17.97,1.32,16.65,10
2005-07-08,BERNICE,WILLIS,Turkey,Batman,1,3,17.97,1.32,16.65,10
2005-07-08,BERNICE,WILLIS,Turkey,Batman,1,3,17.97,1.32,16.65,10
2005-07-08,BERNICE,WILLIS,Turkey,Batman,1,3,17.97,1.32,16.65,10
2005-08-22,ROSEMARY,SCHMIDT,Turkey,Usak,1,3,17.97,5.59,12.38,10
2005-08-22,ROSEMARY,SCHMIDT,Turkey,Usak,1,3,17.97,5.59,12.38,10
2005-08-22,ROSEMARY,SCHMIDT,Turkey,Usak,1,3,17.97,5.59,12.38,10
2005-08-22,ROSEMARY,SCHMIDT,Turkey,Usak,1,3,17.97,5.59,12.38,10
2005-08-22,ROSEMARY,SCHMIDT,Turkey,Usak,1,3,17.97,5.59,12.38,10
2005-08-22,ROSEMARY,SCHMIDT,Turkey,Usak,1,3,17.97,5.59,12.38,10
2005-08-22,ROSEMARY,SCHMIDT,Turkey,Usak,1,3,17.97,5.59,12.38,10
2005-08-22,ROSEMARY,SCHMIDT,Turkey,Usak,1,3,17.97,5.59,12.38,10
2005-08-22,ROSEMARY,SCHMIDT,Turkey,Usak,1,3,17.97,5.59,12.38,10
2005-08-22,ROSEMARY,SCHMIDT,Turkey,Usak,1,3,17.97,5.59,12.38,10
2005-08-22,ROSEMARY,SCHMIDT,Turkey,Usak,1,3,17.97,5.59,12.38,10
2005-08-22,ROSEMARY,SCHMIDT,Turkey,Usak,1,3,17.97,5.59,12.38,10
2005-07-06,MARSHALL,THORN,United Kingdom,Southampton,1,3,17.97,5.99,11.98,1
2005-07-06,MARSHALL,THORN,United Kingdom,Southampton,1,3,17.97,5.99,11.98,1
2005-07-06,MARSHALL,THORN,United Kingdom,Southampton,1,3,17.97,5.99,11.98,1
2005-07-09,CURTIS,IRBY,Canada,Richmond Hill,2,4,17.96,4.15,13.81,6
2005-07-09,CURTIS,IRBY,Canada,Richmond Hill,2,4,17.96,4.15,13.81,6
2005-08-18,EDITH,MCDONALD,India,Gandhinagar,1,4,17.96,4.99,12.97,214
2005-08-18,EDITH,MCDONALD,India,Gandhinagar,1,4,17.96,4.99,12.97,214
2005-08-18,EDITH,MCDONALD,India,Gandhinagar,1,4,17.96,4.99,12.97,214
2005-08-18,EDITH,MCDONALD,India,Gandhinagar,1,4,17.96,4.99,12.97,214
2005-08-18,EDITH,MCDONALD,India,Gandhinagar,1,4,17.96,4.99,12.97,214
2005-08-18,EDITH,MCDONALD,India,Gandhinagar,1,4,17.96,4.99,12.97,214
2005-08-18,EDITH,MCDONALD,India,Gandhinagar,1,4,17.96,4.99,12.97,214
2005-08-18,EDITH,MCDONALD,India,Gandhinagar,1,4,17.96,4.99,12.97,214
2005-08-18,EDITH,MCDONALD,India,Gandhinagar,1,4,17.96,4.99,12.97,214
2005-08-18,EDITH,MCDONALD,India,Gandhinagar,1,4,17.96,4.99,12.97,214
2005-08-18,EDITH,MCDONALD,India,Gandhinagar,1,4,17.96,4.99,12.97,214
2005-08-18,EDITH,MCDONALD,India,Gandhinagar,1,4,17.96,4.99,12.97,214
2005-08-18,EDITH,MCDONALD,India,Gandhinagar,1,4,17.96,4.99,12.97,214
2005-08-18,EDITH,MCDONALD,India,Gandhinagar,1,4,17.96,4.99,12.97,214
2005-08-18,EDITH,MCDONALD,India,Gandhinagar,1,4,17.96,4.99,12.97,214
2005-08-18,EDITH,MCDONALD,India,Gandhinagar,1,4,17.96,4.99,12.97,214
2005-08-18,EDITH,MCDONALD,India,Gandhinagar,1,4,17.96,4.99,12.97,214
2005-08-18,EDITH,MCDONALD,India,Gandhinagar,1,4,17.96,4.99,12.97,214
2005-08-18,EDITH,MCDONALD,India,Gandhinagar,1,4,17.96,4.99,12.97,214
2005-08-18,EDITH,MCDONALD,India,Gandhinagar,1,4,17.96,4.99,12.97,214
2005-08-18,EDITH,MCDONALD,India,Gandhinagar,1,4,17.96,4.99,12.97,214
2005-08-18,EDITH,MCDONALD,India,Gandhinagar,1,4,17.96,4.99,12.97,214
2005-08-18,EDITH,MCDONALD,India,Gandhinagar,1,4,17.96,4.99,12.97,214
2005-08-18,EDITH,MCDONALD,India,Gandhinagar,1,4,17.96,4.99,12.97,214
2005-08-18,EDITH,MCDONALD,India,Gandhinagar,1,4,17.96,4.99,12.97,214
2005-08-18,EDITH,MCDONALD,India,Gandhinagar,1,4,17.96,4.99,12.97,214
2005-08-18,EDITH,MCDONALD,India,Gandhinagar,1,4,17.96,4.99,12.97,214
2005-08-18,EDITH,MCDONALD,India,Gandhinagar,1,4,17.96,4.99,12.97,214
2005-08-18,EDITH,MCDONALD,India,Gandhinagar,1,4,17.96,4.99,12.97,214
2005-08-18,EDITH,MCDONALD,India,Gandhinagar,1,4,17.96,4.99,12.97,214
2005-08-18,EDITH,MCDONALD,India,Gandhinagar,1,4,17.96,4.99,12.97,214
2005-08-18,EDITH,MCDONALD,India,Gandhinagar,1,4,17.96,4.99,12.97,214
2005-08-18,EDITH,MCDONALD,India,Gandhinagar,1,4,17.96,4.99,12.97,214
2005-08-18,EDITH,MCDONALD,India,Gandhinagar,1,4,17.96,4.99,12.97,214
2005-08-18,EDITH,MCDONALD,India,Gandhinagar,1,4,17.96,4.99,12.97,214
2005-08-18,EDITH,MCDONALD,India,Gandhinagar,1,4,17.96,4.99,12.97,214
2005-08-18,EDITH,MCDONALD,India,Gandhinagar,1,4,17.96,4.99,12.97,214
2005-08-18,EDITH,MCDONALD,India,Gandhinagar,1,4,17.96,4.99,12.97,214
2005-08-18,EDITH,MCDONALD,India,Gandhinagar,1,4,17.96,4.99,12.97,214
2005-08-18,EDITH,MCDONALD,India,Gandhinagar,1,4,17.96,4.99,12.97,214
2005-08-18,EDITH,MCDONALD,India,Gandhinagar,1,4,17.96,4.99,12.97,214
2005-08-18,EDITH,MCDONALD,India,Gandhinagar,1,4,17.96,4.99,12.97,214
2005-08-18,EDITH,MCDONALD,India,Gandhinagar,1,4,17.96,4.99,12.97,214
2005-08-18,EDITH,MCDONALD,India,Gandhinagar,1,4,17.96,4.99,12.97,214
2005-07-07,BRAD,MCCURDY,Taiwan,Chungho,2,4,17.96,5.74,12.22,30
2005-07-07,BRAD,MCCURDY,Taiwan,Chungho,2,4,17.96,5.74,12.22,30
2005-07-07,BRAD,MCCURDY,Taiwan,Chungho,2,4,17.96,5.74,12.22,30
2005-07-07,GREGORY,MAULDIN,Tunisia,Sousse,1,4,17.96,2.99,14.97,1
2005-07-06,ALLISON,STANLEY,Cambodia,Phnom Penh,2,4,17.96,3.49,14.47,1
2005-07-06,FELICIA,SUTTON,China,Korla,1,4,17.96,5.98,11.98,126
2005-07-06,FELICIA,SUTTON,China,Korla,1,4,17.96,5.98,11.98,126
2005-07-06,FELICIA,SUTTON,China,Korla,1,4,17.96,5.98,11.98,126
2005-07-06,FELICIA,SUTTON,China,Korla,1,4,17.96,5.98,11.98,126
2005-07-06,FELICIA,SUTTON,China,Korla,1,4,17.96,5.98,11.98,126
2005-07-06,FELICIA,SUTTON,China,Korla,1,4,17.96,5.98,11.98,126
2005-07-06,FELICIA,SUTTON,China,Korla,1,4,17.96,5.98,11.98,126
2005-07-06,FELICIA,SUTTON,China,Korla,1,4,17.96,5.98,11.98,126
2005-07-06,FELICIA,SUTTON,China,Korla,1,4,17.96,5.98,11.98,126
2005-07-06,FELICIA,SUTTON,China,Korla,1,4,17.96,5.98,11.98,126
2005-07-06,FELICIA,SUTTON,China,Korla,1,4,17.96,5.98,11.98,126
2005-07-06,FELICIA,SUTTON,China,Korla,1,4,17.96,5.98,11.98,126
2005-07-06,FELICIA,SUTTON,China,Korla,1,4,17.96,5.98,11.98,126
2005-07-06,FELICIA,SUTTON,China,Korla,1,4,17.96,5.98,11.98,126
2005-07-06,FELICIA,SUTTON,China,Korla,1,4,17.96,5.98,11.98,126
2005-07-06,FELICIA,SUTTON,China,Korla,1,4,17.96,5.98,11.98,126
2005-07-06,FELICIA,SUTTON,China,Korla,1,4,17.96,5.98,11.98,126
2005-07-06,FELICIA,SUTTON,China,Korla,1,4,17.96,5.98,11.98,126
2005-07-06,FELICIA,SUTTON,China,Korla,1,4,17.96,5.98,11.98,126
2005-07-06,FELICIA,SUTTON,China,Korla,1,4,17.96,5.98,11.98,126
2005-07-06,FELICIA,SUTTON,China,Korla,1,4,17.96,5.98,11.98,126
2005-07-06,FELICIA,SUTTON,China,Korla,1,4,17.96,5.98,11.98,126
2005-07-06,FELICIA,SUTTON,China,Korla,1,4,17.96,5.98,11.98,126
2005-07-06,FELICIA,SUTTON,China,Korla,1,4,17.96,5.98,11.98,126
2005-07-06,FELICIA,SUTTON,China,Korla,1,4,17.96,5.98,11.98,126
2005-07-06,FELICIA,SUTTON,China,Korla,1,4,17.96,5.98,11.98,126
2005-07-06,FELICIA,SUTTON,China,Korla,1,4,17.96,5.98,11.98,126
2005-07-06,FELICIA,SUTTON,China,Korla,1,4,17.96,5.98,11.98,126
2005-07-06,FELICIA,SUTTON,China,Korla,1,4,17.96,5.98,11.98,126
2005-07-06,FELICIA,SUTTON,China,Korla,1,4,17.96,5.98,11.98,126
2005-07-06,FELICIA,SUTTON,China,Korla,1,4,17.96,5.98,11.98,126
2005-07-06,FELICIA,SUTTON,China,Korla,1,4,17.96,5.98,11.98,126
2005-07-27,COURTNEY,DAY,South Korea,Uijongbu,1,5,17.95,3.99,13.96,1
2005-07-27,COURTNEY,DAY,South Korea,Uijongbu,1,5,17.95,3.99,13.96,1
2005-07-27,COURTNEY,DAY,South Korea,Uijongbu,1,5,17.95,3.99,13.96,1
2005-07-27,COURTNEY,DAY,South Korea,Uijongbu,1,5,17.95,3.99,13.96,1
2005-07-27,COURTNEY,DAY,South Korea,Uijongbu,1,5,17.95,3.99,13.96,1
2005-06-15,JULIA,FLORES,Argentina,La Plata,1,2,16.98,3.32,13.66,21
2005-06-15,JULIA,FLORES,Argentina,La Plata,1,2,16.98,3.32,13.66,21
2005-06-15,JULIA,FLORES,Argentina,La Plata,1,2,16.98,3.32,13.66,21
2005-06-15,JULIA,FLORES,Argentina,La Plata,1,2,16.98,3.32,13.66,21
2005-06-15,JULIA,FLORES,Argentina,La Plata,1,2,16.98,3.32,13.66,21
2005-06-15,JULIA,FLORES,Argentina,La Plata,1,2,16.98,3.32,13.66,21
2005-06-15,JULIA,FLORES,Argentina,La Plata,1,2,16.98,3.32,13.66,21
2005-06-15,JULIA,FLORES,Argentina,La Plata,1,2,16.98,3.32,13.66,21
2005-06-15,JULIA,FLORES,Argentina,La Plata,1,2,16.98,3.32,13.66,21
2005-06-15,JULIA,FLORES,Argentina,La Plata,1,2,16.98,3.32,13.66,21
2005-06-20,SETH,HANNON,Bahrain,al-Manama,2,2,16.98,4.49,12.49,1
2005-07-27,LINDA,WILLIAMS,Greece,Athenai,1,2,16.98,4.99,11.99,1
2005-08-01,JOANNE,ROBERTSON,Japan,Urawa,2,2,16.98,3.19,13.79,116
2005-08-01,JOANNE,ROBERTSON,Japan,Urawa,2,2,16.98,3.19,13.79,116
2005-08-01,JOANNE,ROBERTSON,Japan,Urawa,2,2,16.98,3.19,13.79,116
2005-08-01,JOANNE,ROBERTSON,Japan,Urawa,2,2,16.98,3.19,13.79,116
2005-08-01,JOANNE,ROBERTSON,Japan,Urawa,2,2,16.98,3.19,13.79,116
2005-08-01,JOANNE,ROBERTSON,Japan,Urawa,2,2,16.98,3.19,13.79,116
2005-08-01,JOANNE,ROBERTSON,Japan,Urawa,2,2,16.98,3.19,13.79,116
2005-08-01,JOANNE,ROBERTSON,Japan,Urawa,2,2,16.98,3.19,13.79,116
2005-08-01,JOANNE,ROBERTSON,Japan,Urawa,2,2,16.98,3.19,13.79,116
2005-08-01,JOANNE,ROBERTSON,Japan,Urawa,2,2,16.98,3.19,13.79,116
2005-08-01,JOANNE,ROBERTSON,Japan,Urawa,2,2,16.98,3.19,13.79,116
2005-08-01,JOANNE,ROBERTSON,Japan,Urawa,2,2,16.98,3.19,13.79,116
2005-08-01,JOANNE,ROBERTSON,Japan,Urawa,2,2,16.98,3.19,13.79,116
2005-08-01,JOANNE,ROBERTSON,Japan,Urawa,2,2,16.98,3.19,13.79,116
2005-08-01,JOANNE,ROBERTSON,Japan,Urawa,2,2,16.98,3.19,13.79,116
2005-08-01,JOANNE,ROBERTSON,Japan,Urawa,2,2,16.98,3.19,13.79,116
2005-08-01,JOANNE,ROBERTSON,Japan,Urawa,2,2,16.98,3.19,13.79,116
2005-08-01,JOANNE,ROBERTSON,Japan,Urawa,2,2,16.98,3.19,13.79,116
2005-08-01,JOANNE,ROBERTSON,Japan,Urawa,2,2,16.98,3.19,13.79,116
2005-08-01,JOANNE,ROBERTSON,Japan,Urawa,2,2,16.98,3.19,13.79,116
2005-08-01,JOANNE,ROBERTSON,Japan,Urawa,2,2,16.98,3.19,13.79,116
2005-08-01,JOANNE,ROBERTSON,Japan,Urawa,2,2,16.98,3.19,13.79,116
2005-08-01,JOANNE,ROBERTSON,Japan,Urawa,2,2,16.98,3.19,13.79,116
2005-08-01,JOANNE,ROBERTSON,Japan,Urawa,2,2,16.98,3.19,13.79,116
2005-05-29,COREY,HAUSER,Turkey,Gaziantep,1,2,16.98,0.99,15.99,31
2005-05-29,COREY,HAUSER,Turkey,Gaziantep,1,2,16.98,0.99,15.99,31
2005-05-29,COREY,HAUSER,Turkey,Gaziantep,1,2,16.98,0.99,15.99,31
2005-05-29,COREY,HAUSER,Turkey,Gaziantep,1,2,16.98,0.99,15.99,31
2005-05-29,COREY,HAUSER,Turkey,Gaziantep,1,2,16.98,0.99,15.99,31
2005-05-29,COREY,HAUSER,Turkey,Gaziantep,1,2,16.98,0.99,15.99,31
2005-05-29,COREY,HAUSER,Turkey,Gaziantep,1,2,16.98,0.99,15.99,31
2005-08-20,JEANNE,LAWSON,Turkmenistan,Ashgabat,2,2,16.98,5.49,11.49,1
2005-07-06,NATHANIEL,ADAM,United States,Joliet,1,2,16.98,4.49,12.49,110
2005-07-06,NATHANIEL,ADAM,United States,Joliet,1,2,16.98,4.49,12.49,110
2005-07-06,NATHANIEL,ADAM,United States,Joliet,1,2,16.98,4.49,12.49,110
2005-07-06,NATHANIEL,ADAM,United States,Joliet,1,2,16.98,4.49,12.49,110
2005-07-06,NATHANIEL,ADAM,United States,Joliet,1,2,16.98,4.49,12.49,110
2005-07-06,NATHANIEL,ADAM,United States,Joliet,1,2,16.98,4.49,12.49,110
2005-07-06,NATHANIEL,ADAM,United States,Joliet,1,2,16.98,4.49,12.49,110
2005-07-06,NATHANIEL,ADAM,United States,Joliet,1,2,16.98,4.49,12.49,110
2005-07-06,NATHANIEL,ADAM,United States,Joliet,1,2,16.98,4.49,12.49,110
2005-07-06,NATHANIEL,ADAM,United States,Joliet,1,2,16.98,4.49,12.49,110
2005-07-06,NATHANIEL,ADAM,United States,Joliet,1,2,16.98,4.49,12.49,110
2005-07-06,NATHANIEL,ADAM,United States,Joliet,1,2,16.98,4.49,12.49,110
2005-07-06,NATHANIEL,ADAM,United States,Joliet,1,2,16.98,4.49,12.49,110
2005-07-06,NATHANIEL,ADAM,United States,Joliet,1,2,16.98,4.49,12.49,110
2005-07-06,NATHANIEL,ADAM,United States,Joliet,1,2,16.98,4.49,12.49,110
2005-07-06,NATHANIEL,ADAM,United States,Joliet,1,2,16.98,4.49,12.49,110
2005-07-06,NATHANIEL,ADAM,United States,Joliet,1,2,16.98,4.49,12.49,110
2005-07-06,NATHANIEL,ADAM,United States,Joliet,1,2,16.98,4.49,12.49,110
2005-07-06,NATHANIEL,ADAM,United States,Joliet,1,2,16.98,4.49,12.49,110
2005-07-29,AUDREY,RAY,Austria,Graz,1,3,16.97,5.49,11.49,1
2005-07-29,AUDREY,RAY,Austria,Graz,1,3,16.97,5.49,11.49,1
2005-07-29,AUDREY,RAY,Austria,Graz,1,3,16.97,5.49,11.49,1
2005-08-02,NORA,HERRERA,Austria,Salzburg,2,3,16.97,4.32,12.65,1
2005-08-02,NORA,HERRERA,Austria,Salzburg,2,3,16.97,4.32,12.65,1
2005-07-08,JAVIER,ELROD,Chad,NDjamna,1,3,16.97,4.99,11.98,1
2005-07-09,TED,BREAUX,China,Baicheng,2,3,16.97,4.79,12.18,158
2005-07-09,TED,BREAUX,China,Baicheng,2,3,16.97,4.79,12.18,158
2005-07-09,TED,BREAUX,China,Baicheng,2,3,16.97,4.79,12.18,158
2005-07-09,TED,BREAUX,China,Baicheng,2,3,16.97,4.79,12.18,158
2005-07-09,TED,BREAUX,China,Baicheng,2,3,16.97,4.79,12.18,158
2005-07-09,TED,BREAUX,China,Baicheng,2,3,16.97,4.79,12.18,158
2005-07-09,TED,BREAUX,China,Baicheng,2,3,16.97,4.79,12.18,158
2005-07-09,TED,BREAUX,China,Baicheng,2,3,16.97,4.79,12.18,158
2005-07-09,TED,BREAUX,China,Baicheng,2,3,16.97,4.79,12.18,158
2005-07-09,TED,BREAUX,China,Baicheng,2,3,16.97,4.79,12.18,158
2005-07-09,TED,BREAUX,China,Baicheng,2,3,16.97,4.79,12.18,158
2005-07-09,TED,BREAUX,China,Baicheng,2,3,16.97,4.79,12.18,158
2005-07-09,TED,BREAUX,China,Baicheng,2,3,16.97,4.79,12.18,158
2005-07-09,TED,BREAUX,China,Baicheng,2,3,16.97,4.79,12.18,158
2005-07-09,TED,BREAUX,China,Baicheng,2,3,16.97,4.79,12.18,158
2005-07-09,TED,BREAUX,China,Baicheng,2,3,16.97,4.79,12.18,158
2005-07-09,TED,BREAUX,China,Baicheng,2,3,16.97,4.79,12.18,158
2005-07-09,TED,BREAUX,China,Baicheng,2,3,16.97,4.79,12.18,158
2005-07-09,TED,BREAUX,China,Baicheng,2,3,16.97,4.79,12.18,158
2005-07-09,TED,BREAUX,China,Baicheng,2,3,16.97,4.79,12.18,158
2005-07-09,TED,BREAUX,China,Baicheng,2,3,16.97,4.79,12.18,158
2005-07-09,TED,BREAUX,China,Baicheng,2,3,16.97,4.79,12.18,158
2005-07-09,TED,BREAUX,China,Baicheng,2,3,16.97,4.79,12.18,158
2005-07-09,TED,BREAUX,China,Baicheng,2,3,16.97,4.79,12.18,158
2005-07-09,TED,BREAUX,China,Baicheng,2,3,16.97,4.79,12.18,158
2005-07-09,TED,BREAUX,China,Baicheng,2,3,16.97,4.79,12.18,158
2005-07-09,TED,BREAUX,China,Baicheng,2,3,16.97,4.79,12.18,158
2005-07-09,TED,BREAUX,China,Baicheng,2,3,16.97,4.79,12.18,158
2005-07-09,TED,BREAUX,China,Baicheng,2,3,16.97,4.79,12.18,158
2005-07-09,TED,BREAUX,China,Baicheng,2,3,16.97,4.79,12.18,158
2005-07-09,TED,BREAUX,China,Baicheng,2,3,16.97,4.79,12.18,158
2005-07-09,TED,BREAUX,China,Baicheng,2,3,16.97,4.79,12.18,158
2005-07-09,TED,BREAUX,China,Baicheng,2,3,16.97,4.79,12.18,158
2005-07-12,SAM,MCDUFFIE,Colombia,Sogamoso,1,3,16.97,4.99,11.98,10
2005-07-12,SAM,MCDUFFIE,Colombia,Sogamoso,1,3,16.97,4.99,11.98,10
2005-07-12,SAM,MCDUFFIE,Colombia,Sogamoso,1,3,16.97,4.99,11.98,10
2005-07-12,SAM,MCDUFFIE,Colombia,Sogamoso,1,3,16.97,4.99,11.98,10
2005-07-12,SAM,MCDUFFIE,Colombia,Sogamoso,1,3,16.97,4.99,11.98,10
2005-07-06,LUIS,YANEZ,France,Brest,1,3,16.97,4.32,12.65,1
2005-07-06,LUIS,YANEZ,France,Brest,1,3,16.97,4.32,12.65,1
2005-08-20,VICKI,FIELDS,Germany,Witten,1,3,16.97,3.13,13.84,6
2005-08-20,VICKI,FIELDS,Germany,Witten,1,3,16.97,3.13,13.84,6
2005-08-20,VICKI,FIELDS,Germany,Witten,1,3,16.97,3.13,13.84,6
2005-08-20,VICKI,FIELDS,Germany,Witten,1,3,16.97,3.13,13.84,6
2005-08-20,VICKI,FIELDS,Germany,Witten,1,3,16.97,3.13,13.84,6
2005-06-18,SHERRI,RHODES,India,Ahmadnagar,1,3,16.97,2.99,13.98,258
2005-06-18,SHERRI,RHODES,India,Ahmadnagar,1,3,16.97,2.99,13.98,258
2005-06-18,SHERRI,RHODES,India,Ahmadnagar,1,3,16.97,2.99,13.98,258
2005-06-18,SHERRI,RHODES,India,Ahmadnagar,1,3,16.97,2.99,13.98,258
2005-06-18,SHERRI,RHODES,India,Ahmadnagar,1,3,16.97,2.99,13.98,258
2005-06-18,SHERRI,RHODES,India,Ahmadnagar,1,3,16.97,2.99,13.98,258
2005-06-18,SHERRI,RHODES,India,Ahmadnagar,1,3,16.97,2.99,13.98,258
2005-06-18,SHERRI,RHODES,India,Ahmadnagar,1,3,16.97,2.99,13.98,258
2005-06-18,SHERRI,RHODES,India,Ahmadnagar,1,3,16.97,2.99,13.98,258
2005-06-18,SHERRI,RHODES,India,Ahmadnagar,1,3,16.97,2.99,13.98,258
2005-06-18,SHERRI,RHODES,India,Ahmadnagar,1,3,16.97,2.99,13.98,258
2005-06-18,SHERRI,RHODES,India,Ahmadnagar,1,3,16.97,2.99,13.98,258
2005-06-18,SHERRI,RHODES,India,Ahmadnagar,1,3,16.97,2.99,13.98,258
2005-06-18,SHERRI,RHODES,India,Ahmadnagar,1,3,16.97,2.99,13.98,258
2005-06-18,SHERRI,RHODES,India,Ahmadnagar,1,3,16.97,2.99,13.98,258
2005-06-18,SHERRI,RHODES,India,Ahmadnagar,1,3,16.97,2.99,13.98,258
2005-06-18,SHERRI,RHODES,India,Ahmadnagar,1,3,16.97,2.99,13.98,258
2005-06-18,SHERRI,RHODES,India,Ahmadnagar,1,3,16.97,2.99,13.98,258
2005-06-18,SHERRI,RHODES,India,Ahmadnagar,1,3,16.97,2.99,13.98,258
2005-06-18,SHERRI,RHODES,India,Ahmadnagar,1,3,16.97,2.99,13.98,258
2005-06-18,SHERRI,RHODES,India,Ahmadnagar,1,3,16.97,2.99,13.98,258
2005-06-18,SHERRI,RHODES,India,Ahmadnagar,1,3,16.97,2.99,13.98,258
2005-06-18,SHERRI,RHODES,India,Ahmadnagar,1,3,16.97,2.99,13.98,258
2005-06-18,SHERRI,RHODES,India,Ahmadnagar,1,3,16.97,2.99,13.98,258
2005-06-18,SHERRI,RHODES,India,Ahmadnagar,1,3,16.97,2.99,13.98,258
2005-06-18,SHERRI,RHODES,India,Ahmadnagar,1,3,16.97,2.99,13.98,258
2005-06-18,SHERRI,RHODES,India,Ahmadnagar,1,3,16.97,2.99,13.98,258
2005-06-15,MARY,SMITH,Japan,Sasebo,1,3,16.97,1.99,14.98,140
2005-06-15,MARY,SMITH,Japan,Sasebo,1,3,16.97,1.99,14.98,140
2005-06-15,MARY,SMITH,Japan,Sasebo,1,3,16.97,1.99,14.98,140
2005-06-15,MARY,SMITH,Japan,Sasebo,1,3,16.97,1.99,14.98,140
2005-06-15,MARY,SMITH,Japan,Sasebo,1,3,16.97,1.99,14.98,140
2005-06-15,MARY,SMITH,Japan,Sasebo,1,3,16.97,1.99,14.98,140
2005-06-15,MARY,SMITH,Japan,Sasebo,1,3,16.97,1.99,14.98,140
2005-06-15,MARY,SMITH,Japan,Sasebo,1,3,16.97,1.99,14.98,140
2005-06-15,MARY,SMITH,Japan,Sasebo,1,3,16.97,1.99,14.98,140
2005-06-15,MARY,SMITH,Japan,Sasebo,1,3,16.97,1.99,14.98,140
2005-06-15,MARY,SMITH,Japan,Sasebo,1,3,16.97,1.99,14.98,140
2005-06-15,MARY,SMITH,Japan,Sasebo,1,3,16.97,1.99,14.98,140
2005-06-15,MARY,SMITH,Japan,Sasebo,1,3,16.97,1.99,14.98,140
2005-08-22,KATIE,ELLIOTT,Kenya,Kisumu,2,3,16.97,4.61,12.36,1
2005-08-22,KATIE,ELLIOTT,Kenya,Kisumu,2,3,16.97,4.61,12.36,1
2005-08-21,ANDREA,HENDERSON,Madagascar,Mahajanga,1,3,16.97,3.99,12.98,1
2005-08-17,FLOYD,GANDY,Mexico,Zapopan,1,3,16.97,3.32,13.65,130
2005-08-17,FLOYD,GANDY,Mexico,Zapopan,1,3,16.97,3.32,13.65,130
2005-08-17,FLOYD,GANDY,Mexico,Zapopan,1,3,16.97,3.32,13.65,130
2005-08-17,FLOYD,GANDY,Mexico,Zapopan,1,3,16.97,3.32,13.65,130
2005-08-17,FLOYD,GANDY,Mexico,Zapopan,1,3,16.97,3.32,13.65,130
2005-08-17,FLOYD,GANDY,Mexico,Zapopan,1,3,16.97,3.32,13.65,130
2005-08-17,FLOYD,GANDY,Mexico,Zapopan,1,3,16.97,3.32,13.65,130
2005-08-17,FLOYD,GANDY,Mexico,Zapopan,1,3,16.97,3.32,13.65,130
2005-08-17,FLOYD,GANDY,Mexico,Zapopan,1,3,16.97,3.32,13.65,130
2005-08-17,FLOYD,GANDY,Mexico,Zapopan,1,3,16.97,3.32,13.65,130
2005-08-17,FLOYD,GANDY,Mexico,Zapopan,1,3,16.97,3.32,13.65,130
2005-08-17,FLOYD,GANDY,Mexico,Zapopan,1,3,16.97,3.32,13.65,130
2005-08-17,FLOYD,GANDY,Mexico,Zapopan,1,3,16.97,3.32,13.65,130
2005-08-17,FLOYD,GANDY,Mexico,Zapopan,1,3,16.97,3.32,13.65,130
2005-08-17,FLOYD,GANDY,Mexico,Zapopan,1,3,16.97,3.32,13.65,130
2005-08-17,FLOYD,GANDY,Mexico,Zapopan,1,3,16.97,3.32,13.65,130
2005-08-17,FLOYD,GANDY,Mexico,Zapopan,1,3,16.97,3.32,13.65,130
2005-08-17,FLOYD,GANDY,Mexico,Zapopan,1,3,16.97,3.32,13.65,130
2005-08-17,FLOYD,GANDY,Mexico,Zapopan,1,3,16.97,3.32,13.65,130
2005-07-27,GENE,SANBORN,Oman,Salala,1,3,16.97,3.49,13.48,1
2005-07-11,KEITH,RICO,Slovakia,Bratislava,1,3,16.97,3.82,13.15,1
2005-07-28,TANYA,GILBERT,South Korea,Naju,1,3,16.97,5.65,11.32,6
2005-07-28,TANYA,GILBERT,South Korea,Naju,1,3,16.97,5.65,11.32,6
2005-07-28,TANYA,GILBERT,South Korea,Naju,1,3,16.97,5.65,11.32,6
2005-07-29,LILLIAN,GRIFFIN,United Arab Emirates,al-Ayn,1,3,16.97,5.24,11.73,1
2005-07-29,LILLIAN,GRIFFIN,United Arab Emirates,al-Ayn,1,3,16.97,5.24,11.73,1
2005-07-30,APRIL,BURNS,United Kingdom,Dundee,1,3,16.97,4.99,11.98,4
2005-07-30,APRIL,BURNS,United Kingdom,Dundee,1,3,16.97,4.99,11.98,4
2005-07-30,APRIL,BURNS,United Kingdom,Dundee,1,3,16.97,4.99,11.98,4
2005-07-30,APRIL,BURNS,United Kingdom,Dundee,1,3,16.97,4.99,11.98,4
2005-07-30,APRIL,BURNS,United Kingdom,Dundee,1,3,16.97,4.99,11.98,4
2005-07-30,APRIL,BURNS,United Kingdom,Dundee,1,3,16.97,4.99,11.98,4
2005-07-30,APRIL,BURNS,United Kingdom,Dundee,1,3,16.97,4.99,11.98,4
2005-07-30,APRIL,BURNS,United Kingdom,Dundee,1,3,16.97,4.99,11.98,4
2005-07-10,ASHLEY,RICHARDSON,United States,Lincoln,1,3,16.97,4.99,11.98,129
2005-07-10,ASHLEY,RICHARDSON,United States,Lincoln,1,3,16.97,4.99,11.98,129
2005-07-10,ASHLEY,RICHARDSON,United States,Lincoln,1,3,16.97,4.99,11.98,129
2005-07-10,ASHLEY,RICHARDSON,United States,Lincoln,1,3,16.97,4.99,11.98,129
2005-07-10,ASHLEY,RICHARDSON,United States,Lincoln,1,3,16.97,4.99,11.98,129
2005-07-10,ASHLEY,RICHARDSON,United States,Lincoln,1,3,16.97,4.99,11.98,129
2005-07-10,ASHLEY,RICHARDSON,United States,Lincoln,1,3,16.97,4.99,11.98,129
2005-07-10,ASHLEY,RICHARDSON,United States,Lincoln,1,3,16.97,4.99,11.98,129
2005-07-10,ASHLEY,RICHARDSON,United States,Lincoln,1,3,16.97,4.99,11.98,129
2005-07-10,ASHLEY,RICHARDSON,United States,Lincoln,1,3,16.97,4.99,11.98,129
2005-07-10,ASHLEY,RICHARDSON,United States,Lincoln,1,3,16.97,4.99,11.98,129
2005-07-10,ASHLEY,RICHARDSON,United States,Lincoln,1,3,16.97,4.99,11.98,129
2005-07-10,ASHLEY,RICHARDSON,United States,Lincoln,1,3,16.97,4.99,11.98,129
2005-07-10,ASHLEY,RICHARDSON,United States,Lincoln,1,3,16.97,4.99,11.98,129
2005-07-10,ASHLEY,RICHARDSON,United States,Lincoln,1,3,16.97,4.99,11.98,129
2005-07-10,ASHLEY,RICHARDSON,United States,Lincoln,1,3,16.97,4.99,11.98,129
2005-07-10,ASHLEY,RICHARDSON,United States,Lincoln,1,3,16.97,4.99,11.98,129
2005-07-10,ASHLEY,RICHARDSON,United States,Lincoln,1,3,16.97,4.99,11.98,129
2005-06-20,CINDY,FISHER,Venezuela,Cuman,2,3,16.97,2.59,14.38,4
2005-06-20,CINDY,FISHER,Venezuela,Cuman,2,3,16.97,2.59,14.38,4
2005-06-20,CINDY,FISHER,Venezuela,Cuman,2,3,16.97,2.59,14.38,4
2005-06-20,CINDY,FISHER,Venezuela,Cuman,2,3,16.97,2.59,14.38,4
2005-08-01,YVONNE,WATKINS,Venezuela,Ocumare del Tuy,2,3,16.97,5.49,11.48,4
2005-08-01,YVONNE,WATKINS,Venezuela,Ocumare del Tuy,2,3,16.97,5.49,11.48,4
2005-08-01,YVONNE,WATKINS,Venezuela,Ocumare del Tuy,2,3,16.97,5.49,11.48,4
2005-08-01,YVONNE,WATKINS,Venezuela,Ocumare del Tuy,2,3,16.97,5.49,11.48,4
2005-08-01,YVONNE,WATKINS,Venezuela,Ocumare del Tuy,2,3,16.97,5.49,11.48,4
2005-08-18,MITCHELL,WESTMORELAND,Vietnam,Nha Trang,2,3,16.97,4.65,12.32,10
2005-08-18,MITCHELL,WESTMORELAND,Vietnam,Nha Trang,2,3,16.97,4.65,12.32,10
2005-08-18,MITCHELL,WESTMORELAND,Vietnam,Nha Trang,2,3,16.97,4.65,12.32,10
2005-08-18,MITCHELL,WESTMORELAND,Vietnam,Nha Trang,2,3,16.97,4.65,12.32,10
2005-08-18,MITCHELL,WESTMORELAND,Vietnam,Nha Trang,2,3,16.97,4.65,12.32,10
2005-08-18,MITCHELL,WESTMORELAND,Vietnam,Nha Trang,2,3,16.97,4.65,12.32,10
2005-08-02,FREDDIE,DUGGAN,Peru,Sullana,1,4,16.96,3.99,12.97,1
2005-08-02,FREDDIE,DUGGAN,Peru,Sullana,1,4,16.96,3.99,12.97,1
2005-08-02,FREDDIE,DUGGAN,Peru,Sullana,1,4,16.96,3.99,12.97,1
2005-07-08,HERMAN,DEVORE,Tanzania,Mwanza,1,4,16.96,3.74,13.22,6
2005-07-08,HERMAN,DEVORE,Tanzania,Mwanza,1,4,16.96,3.74,13.22,6
2005-07-30,ANDREW,PURDY,Azerbaijan,Baku,2,2,15.98,4.65,11.33,1
2005-07-30,ANDREW,PURDY,Azerbaijan,Baku,2,2,15.98,4.65,11.33,1
2005-06-21,JOEL,FRANCISCO,Bolivia,Sucre,2,2,15.98,4.59,11.39,1
2005-07-30,CODY,NOLEN,Brazil,So Bernardo do Campo,2,2,15.98,4.65,11.33,122
2005-07-30,CODY,NOLEN,Brazil,So Bernardo do Campo,2,2,15.98,4.65,11.33,122
2005-07-30,CODY,NOLEN,Brazil,So Bernardo do Campo,2,2,15.98,4.65,11.33,122
2005-07-30,CODY,NOLEN,Brazil,So Bernardo do Campo,2,2,15.98,4.65,11.33,122
2005-07-30,CODY,NOLEN,Brazil,So Bernardo do Campo,2,2,15.98,4.65,11.33,122
2005-07-30,CODY,NOLEN,Brazil,So Bernardo do Campo,2,2,15.98,4.65,11.33,122
2005-07-30,CODY,NOLEN,Brazil,So Bernardo do Campo,2,2,15.98,4.65,11.33,122
2005-07-30,CODY,NOLEN,Brazil,So Bernardo do Campo,2,2,15.98,4.65,11.33,122
2005-07-30,CODY,NOLEN,Brazil,So Bernardo do Campo,2,2,15.98,4.65,11.33,122
2005-07-30,CODY,NOLEN,Brazil,So Bernardo do Campo,2,2,15.98,4.65,11.33,122
2005-07-30,CODY,NOLEN,Brazil,So Bernardo do Campo,2,2,15.98,4.65,11.33,122
2005-07-30,CODY,NOLEN,Brazil,So Bernardo do Campo,2,2,15.98,4.65,11.33,122
2005-07-30,CODY,NOLEN,Brazil,So Bernardo do Campo,2,2,15.98,4.65,11.33,122
2005-07-30,CODY,NOLEN,Brazil,So Bernardo do Campo,2,2,15.98,4.65,11.33,122
2005-07-30,CODY,NOLEN,Brazil,So Bernardo do Campo,2,2,15.98,4.65,11.33,122
2005-07-30,CODY,NOLEN,Brazil,So Bernardo do Campo,2,2,15.98,4.65,11.33,122
2005-07-30,CODY,NOLEN,Brazil,So Bernardo do Campo,2,2,15.98,4.65,11.33,122
2005-07-30,CODY,NOLEN,Brazil,So Bernardo do Campo,2,2,15.98,4.65,11.33,122
2005-07-30,CODY,NOLEN,Brazil,So Bernardo do Campo,2,2,15.98,4.65,11.33,122
2005-07-28,TROY,QUIGLEY,Canada,Vancouver,1,2,15.98,4.98,11.0,8
2005-07-28,TROY,QUIGLEY,Canada,Vancouver,1,2,15.98,4.98,11.0,8
2005-07-28,TROY,QUIGLEY,Canada,Vancouver,1,2,15.98,4.98,11.0,8
2005-07-29,GRACE,ELLIS,Germany,Duisburg,2,2,15.98,4.54,11.44,11
2005-07-29,GRACE,ELLIS,Germany,Duisburg,2,2,15.98,4.54,11.44,11
2005-07-29,GRACE,ELLIS,Germany,Duisburg,2,2,15.98,4.54,11.44,11
2005-07-29,GRACE,ELLIS,Germany,Duisburg,2,2,15.98,4.54,11.44,11
2005-07-29,GRACE,ELLIS,Germany,Duisburg,2,2,15.98,4.54,11.44,11
2005-06-16,LINDA,WILLIAMS,Greece,Athenai,1,2,15.98,2.49,13.49,2
2005-06-16,LINDA,WILLIAMS,Greece,Athenai,1,2,15.98,2.49,13.49,2
2005-07-30,SARAH,LEWIS,Latvia,Liepaja,2,2,15.98,4.84,11.14,1
2005-07-30,SARAH,LEWIS,Latvia,Liepaja,2,2,15.98,4.84,11.14,1
2005-07-09,PRISCILLA,LOWE,Mexico,Salamanca,2,2,15.98,5.16,10.83,149
2005-07-09,PRISCILLA,LOWE,Mexico,Salamanca,2,2,15.98,5.16,10.83,149
2005-07-09,PRISCILLA,LOWE,Mexico,Salamanca,2,2,15.98,5.16,10.83,149
2005-07-09,PRISCILLA,LOWE,Mexico,Salamanca,2,2,15.98,5.16,10.83,149
2005-07-09,PRISCILLA,LOWE,Mexico,Salamanca,2,2,15.98,5.16,10.83,149
2005-07-09,PRISCILLA,LOWE,Mexico,Salamanca,2,2,15.98,5.16,10.83,149
2005-07-09,PRISCILLA,LOWE,Mexico,Salamanca,2,2,15.98,5.16,10.83,149
2005-07-09,PRISCILLA,LOWE,Mexico,Salamanca,2,2,15.98,5.16,10.83,149
2005-07-09,PRISCILLA,LOWE,Mexico,Salamanca,2,2,15.98,5.16,10.83,149
2005-07-09,PRISCILLA,LOWE,Mexico,Salamanca,2,2,15.98,5.16,10.83,149
2005-07-09,PRISCILLA,LOWE,Mexico,Salamanca,2,2,15.98,5.16,10.83,149
2005-07-09,PRISCILLA,LOWE,Mexico,Salamanca,2,2,15.98,5.16,10.83,149
2005-07-09,PRISCILLA,LOWE,Mexico,Salamanca,2,2,15.98,5.16,10.83,149
2005-07-09,PRISCILLA,LOWE,Mexico,Salamanca,2,2,15.98,5.16,10.83,149
2005-07-09,PRISCILLA,LOWE,Mexico,Salamanca,2,2,15.98,5.16,10.83,149
2005-07-09,PRISCILLA,LOWE,Mexico,Salamanca,2,2,15.98,5.16,10.83,149
2005-07-09,PRISCILLA,LOWE,Mexico,Salamanca,2,2,15.98,5.16,10.83,149
2005-07-08,SONIA,GREGORY,Nigeria,Benin City,1,2,15.98,2.59,13.39,34
2005-07-08,SONIA,GREGORY,Nigeria,Benin City,1,2,15.98,2.59,13.39,34
2005-07-08,SONIA,GREGORY,Nigeria,Benin City,1,2,15.98,2.59,13.39,34
2005-07-08,SONIA,GREGORY,Nigeria,Benin City,1,2,15.98,2.59,13.39,34
2005-07-08,SONIA,GREGORY,Nigeria,Benin City,1,2,15.98,2.59,13.39,34
2005-07-08,SONIA,GREGORY,Nigeria,Benin City,1,2,15.98,2.59,13.39,34
2005-07-08,SONIA,GREGORY,Nigeria,Benin City,1,2,15.98,2.59,13.39,34
2005-07-08,SONIA,GREGORY,Nigeria,Benin City,1,2,15.98,2.59,13.39,34
2005-07-08,SONIA,GREGORY,Nigeria,Benin City,1,2,15.98,2.59,13.39,34
2005-07-08,DAVID,ROYAL,Peru,Callao,2,2,15.98,5.24,10.74,4
2005-07-08,DAVID,ROYAL,Peru,Callao,2,2,15.98,5.24,10.74,4
2005-06-20,JOE,GILLILAND,Philippines,Imus,2,2,15.98,2.99,12.99,92
2005-06-20,JOE,GILLILAND,Philippines,Imus,2,2,15.98,2.99,12.99,92
2005-06-20,JOE,GILLILAND,Philippines,Imus,2,2,15.98,2.99,12.99,92
2005-06-20,JOE,GILLILAND,Philippines,Imus,2,2,15.98,2.99,12.99,92
2005-06-20,JOE,GILLILAND,Philippines,Imus,2,2,15.98,2.99,12.99,92
2005-06-20,JOE,GILLILAND,Philippines,Imus,2,2,15.98,2.99,12.99,92
2005-06-20,JOE,GILLILAND,Philippines,Imus,2,2,15.98,2.99,12.99,92
2005-06-20,JOE,GILLILAND,Philippines,Imus,2,2,15.98,2.99,12.99,92
2005-06-20,JOE,GILLILAND,Philippines,Imus,2,2,15.98,2.99,12.99,92
2005-06-20,JOE,GILLILAND,Philippines,Imus,2,2,15.98,2.99,12.99,92
2005-06-20,JOE,GILLILAND,Philippines,Imus,2,2,15.98,2.99,12.99,92
2005-06-16,MAE,FLETCHER,Spain,Donostia-San Sebastin,2,2,15.98,4.99,10.99,1
2005-06-16,MAE,FLETCHER,Spain,Donostia-San Sebastin,2,2,15.98,4.99,10.99,1
2005-07-10,BRITTANY,RILEY,Ukraine,Sumy,2,2,15.98,5.11,10.87,13
2005-07-10,BRITTANY,RILEY,Ukraine,Sumy,2,2,15.98,5.11,10.87,13
2005-07-10,BRITTANY,RILEY,Ukraine,Sumy,2,2,15.98,5.11,10.87,13
2005-07-10,BRITTANY,RILEY,Ukraine,Sumy,2,2,15.98,5.11,10.87,13
2005-07-29,ANA,BRADLEY,United States,Memphis,2,2,15.98,5.32,10.66,147
2005-07-29,ANA,BRADLEY,United States,Memphis,2,2,15.98,5.32,10.66,147
2005-07-29,ANA,BRADLEY,United States,Memphis,2,2,15.98,5.32,10.66,147
2005-07-29,ANA,BRADLEY,United States,Memphis,2,2,15.98,5.32,10.66,147
2005-07-29,ANA,BRADLEY,United States,Memphis,2,2,15.98,5.32,10.66,147
2005-07-29,ANA,BRADLEY,United States,Memphis,2,2,15.98,5.32,10.66,147
2005-07-29,ANA,BRADLEY,United States,Memphis,2,2,15.98,5.32,10.66,147
2005-07-29,ANA,BRADLEY,United States,Memphis,2,2,15.98,5.32,10.66,147
2005-07-29,ANA,BRADLEY,United States,Memphis,2,2,15.98,5.32,10.66,147
2005-07-29,ANA,BRADLEY,United States,Memphis,2,2,15.98,5.32,10.66,147
2005-07-29,ANA,BRADLEY,United States,Memphis,2,2,15.98,5.32,10.66,147
2005-07-29,ANA,BRADLEY,United States,Memphis,2,2,15.98,5.32,10.66,147
2005-07-29,ANA,BRADLEY,United States,Memphis,2,2,15.98,5.32,10.66,147
2005-07-29,ANA,BRADLEY,United States,Memphis,2,2,15.98,5.32,10.66,147
2005-07-29,ANA,BRADLEY,United States,Memphis,2,2,15.98,5.32,10.66,147
2005-07-29,ANA,BRADLEY,United States,Memphis,2,2,15.98,5.32,10.66,147
2005-07-29,ANA,BRADLEY,United States,Memphis,2,2,15.98,5.32,10.66,147
2005-07-29,ANA,BRADLEY,United States,Memphis,2,2,15.98,5.32,10.66,147
2005-07-29,ANA,BRADLEY,United States,Memphis,2,2,15.98,5.32,10.66,147
2005-07-29,ANA,BRADLEY,United States,Memphis,2,2,15.98,5.32,10.66,147
2005-07-29,ANA,BRADLEY,United States,Memphis,2,2,15.98,5.32,10.66,147
2005-07-29,ANA,BRADLEY,United States,Memphis,2,2,15.98,5.32,10.66,147
2005-07-29,ANA,BRADLEY,United States,Memphis,2,2,15.98,5.32,10.66,147
2005-07-29,ANA,BRADLEY,United States,Memphis,2,2,15.98,5.32,10.66,147
2005-06-18,MICHELLE,CLARK,Bangladesh,Tangail,1,3,15.97,2.99,12.98,4
2005-06-18,MICHELLE,CLARK,Bangladesh,Tangail,1,3,15.97,2.99,12.98,4
2005-08-17,ANDRE,RAPP,Chile,Coquimbo,1,3,15.97,3.79,12.18,4
2005-08-17,ANDRE,RAPP,Chile,Coquimbo,1,3,15.97,3.79,12.18,4
2005-08-19,JESSE,SCHILLING,"Congo, The Democratic Republic of the",Lubumbashi,2,3,15.97,3.59,12.38,2
2005-07-08,RITA,GRAHAM,France,Toulon,1,3,15.97,4.19,11.78,3
2005-07-08,RITA,GRAHAM,France,Toulon,1,3,15.97,4.19,11.78,3
2005-07-10,BEATRICE,ARNOLD,India,Udaipur,1,3,15.97,4.49,11.48,285
2005-07-10,BEATRICE,ARNOLD,India,Udaipur,1,3,15.97,4.49,11.48,285
2005-07-10,BEATRICE,ARNOLD,India,Udaipur,1,3,15.97,4.49,11.48,285
2005-07-10,BEATRICE,ARNOLD,India,Udaipur,1,3,15.97,4.49,11.48,285
2005-07-10,BEATRICE,ARNOLD,India,Udaipur,1,3,15.97,4.49,11.48,285
2005-07-10,BEATRICE,ARNOLD,India,Udaipur,1,3,15.97,4.49,11.48,285
2005-07-10,BEATRICE,ARNOLD,India,Udaipur,1,3,15.97,4.49,11.48,285
2005-07-10,BEATRICE,ARNOLD,India,Udaipur,1,3,15.97,4.49,11.48,285
2005-07-10,BEATRICE,ARNOLD,India,Udaipur,1,3,15.97,4.49,11.48,285
2005-07-10,BEATRICE,ARNOLD,India,Udaipur,1,3,15.97,4.49,11.48,285
2005-07-10,BEATRICE,ARNOLD,India,Udaipur,1,3,15.97,4.49,11.48,285
2005-07-10,BEATRICE,ARNOLD,India,Udaipur,1,3,15.97,4.49,11.48,285
2005-07-10,BEATRICE,ARNOLD,India,Udaipur,1,3,15.97,4.49,11.48,285
2005-07-10,BEATRICE,ARNOLD,India,Udaipur,1,3,15.97,4.49,11.48,285
2005-07-10,BEATRICE,ARNOLD,India,Udaipur,1,3,15.97,4.49,11.48,285
2005-07-10,BEATRICE,ARNOLD,India,Udaipur,1,3,15.97,4.49,11.48,285
2005-07-10,BEATRICE,ARNOLD,India,Udaipur,1,3,15.97,4.49,11.48,285
2005-07-10,BEATRICE,ARNOLD,India,Udaipur,1,3,15.97,4.49,11.48,285
2005-07-10,BEATRICE,ARNOLD,India,Udaipur,1,3,15.97,4.49,11.48,285
2005-07-10,BEATRICE,ARNOLD,India,Udaipur,1,3,15.97,4.49,11.48,285
2005-07-10,BEATRICE,ARNOLD,India,Udaipur,1,3,15.97,4.49,11.48,285
2005-07-10,BEATRICE,ARNOLD,India,Udaipur,1,3,15.97,4.49,11.48,285
2005-07-10,BEATRICE,ARNOLD,India,Udaipur,1,3,15.97,4.49,11.48,285
2005-07-10,BEATRICE,ARNOLD,India,Udaipur,1,3,15.97,4.49,11.48,285
2005-07-10,BEATRICE,ARNOLD,India,Udaipur,1,3,15.97,4.49,11.48,285
2005-07-10,BEATRICE,ARNOLD,India,Udaipur,1,3,15.97,4.49,11.48,285
2005-07-10,BEATRICE,ARNOLD,India,Udaipur,1,3,15.97,4.49,11.48,285
2005-07-10,BEATRICE,ARNOLD,India,Udaipur,1,3,15.97,4.49,11.48,285
2005-07-10,BEATRICE,ARNOLD,India,Udaipur,1,3,15.97,4.49,11.48,285
2005-07-10,BEATRICE,ARNOLD,India,Udaipur,1,3,15.97,4.49,11.48,285
2005-07-10,BEATRICE,ARNOLD,India,Udaipur,1,3,15.97,4.49,11.48,285
2005-07-10,BEATRICE,ARNOLD,India,Udaipur,1,3,15.97,4.49,11.48,285
2005-07-10,BEATRICE,ARNOLD,India,Udaipur,1,3,15.97,4.49,11.48,285
2005-07-10,BEATRICE,ARNOLD,India,Udaipur,1,3,15.97,4.49,11.48,285
2005-07-12,LLOYD,DOWD,Indonesia,Tegal,1,3,15.97,2.99,12.98,1
2005-07-12,LLOYD,DOWD,Indonesia,Tegal,1,3,15.97,2.99,12.98,1
2005-07-12,LLOYD,DOWD,Indonesia,Tegal,1,3,15.97,2.99,12.98,1
2005-07-12,LLOYD,DOWD,Indonesia,Tegal,1,3,15.97,2.99,12.98,1
2005-07-12,LLOYD,DOWD,Indonesia,Tegal,1,3,15.97,2.99,12.98,1
2005-07-12,LLOYD,DOWD,Indonesia,Tegal,1,3,15.97,2.99,12.98,1
2005-07-12,LLOYD,DOWD,Indonesia,Tegal,1,3,15.97,2.99,12.98,1
2005-07-12,LLOYD,DOWD,Indonesia,Tegal,1,3,15.97,2.99,12.98,1
2005-07-12,LLOYD,DOWD,Indonesia,Tegal,1,3,15.97,2.99,12.98,1
2005-07-12,LLOYD,DOWD,Indonesia,Tegal,1,3,15.97,2.99,12.98,1
2005-07-29,TRACY,COLE,Mexico,Huixquilucan,1,3,15.97,5.15,10.82,166
2005-07-29,TRACY,COLE,Mexico,Huixquilucan,1,3,15.97,5.15,10.82,166
2005-07-29,TRACY,COLE,Mexico,Huixquilucan,1,3,15.97,5.15,10.82,166
2005-07-29,TRACY,COLE,Mexico,Huixquilucan,1,3,15.97,5.15,10.82,166
2005-07-29,TRACY,COLE,Mexico,Huixquilucan,1,3,15.97,5.15,10.82,166
2005-07-29,TRACY,COLE,Mexico,Huixquilucan,1,3,15.97,5.15,10.82,166
2005-07-29,TRACY,COLE,Mexico,Huixquilucan,1,3,15.97,5.15,10.82,166
2005-07-29,TRACY,COLE,Mexico,Huixquilucan,1,3,15.97,5.15,10.82,166
2005-07-29,TRACY,COLE,Mexico,Huixquilucan,1,3,15.97,5.15,10.82,166
2005-07-29,TRACY,COLE,Mexico,Huixquilucan,1,3,15.97,5.15,10.82,166
2005-07-29,TRACY,COLE,Mexico,Huixquilucan,1,3,15.97,5.15,10.82,166
2005-07-29,TRACY,COLE,Mexico,Huixquilucan,1,3,15.97,5.15,10.82,166
2005-07-29,TRACY,COLE,Mexico,Huixquilucan,1,3,15.97,5.15,10.82,166
2005-07-29,TRACY,COLE,Mexico,Huixquilucan,1,3,15.97,5.15,10.82,166
2005-07-29,TRACY,COLE,Mexico,Huixquilucan,1,3,15.97,5.15,10.82,166
2005-06-18,EDDIE,TOMLIN,Philippines,Ozamis,1,3,15.97,4.32,11.65,103
2005-06-18,EDDIE,TOMLIN,Philippines,Ozamis,1,3,15.97,4.32,11.65,103
2005-06-18,EDDIE,TOMLIN,Philippines,Ozamis,1,3,15.97,4.32,11.65,103
2005-06-18,EDDIE,TOMLIN,Philippines,Ozamis,1,3,15.97,4.32,11.65,103
2005-06-18,EDDIE,TOMLIN,Philippines,Ozamis,1,3,15.97,4.32,11.65,103
2005-06-18,EDDIE,TOMLIN,Philippines,Ozamis,1,3,15.97,4.32,11.65,103
2005-06-18,EDDIE,TOMLIN,Philippines,Ozamis,1,3,15.97,4.32,11.65,103
2005-06-18,EDDIE,TOMLIN,Philippines,Ozamis,1,3,15.97,4.32,11.65,103
2005-05-31,EDNA,WEST,South Africa,Klerksdorp,2,3,15.97,2.99,12.98,30
2005-08-22,JULIE,SANCHEZ,Spain,A Corua (La Corua),1,3,15.97,4.79,11.18,3
2005-08-22,JULIE,SANCHEZ,Spain,A Corua (La Corua),1,3,15.97,4.79,11.18,3
2005-07-11,GAIL,KNIGHT,Switzerland,Bern,1,3,15.97,4.99,10.98,1
2005-07-30,TAMMY,SANDERS,Taiwan,Changhwa,2,3,15.97,4.98,10.99,33
2005-07-30,TAMMY,SANDERS,Taiwan,Changhwa,2,3,15.97,4.98,10.99,33
2005-07-30,TAMMY,SANDERS,Taiwan,Changhwa,2,3,15.97,4.98,10.99,33
2005-07-30,TAMMY,SANDERS,Taiwan,Changhwa,2,3,15.97,4.98,10.99,33
2005-07-30,TAMMY,SANDERS,Taiwan,Changhwa,2,3,15.97,4.98,10.99,33
2005-07-30,TAMMY,SANDERS,Taiwan,Changhwa,2,3,15.97,4.98,10.99,33
2005-07-30,TAMMY,SANDERS,Taiwan,Changhwa,2,3,15.97,4.98,10.99,33
2005-07-09,NEIL,RENNER,Vietnam,Cam Ranh,2,3,15.97,4.24,11.73,16
2005-07-09,NEIL,RENNER,Vietnam,Cam Ranh,2,3,15.97,4.24,11.73,16
2005-07-09,NEIL,RENNER,Vietnam,Cam Ranh,2,3,15.97,4.24,11.73,16
2005-07-09,NEIL,RENNER,Vietnam,Cam Ranh,2,3,15.97,4.24,11.73,16
2005-07-06,GORDON,ALLARD,Yemen,Hodeida,1,3,15.97,4.99,10.99,4
2005-07-06,GORDON,ALLARD,Yemen,Hodeida,1,3,15.97,4.99,10.99,4
2005-07-06,GORDON,ALLARD,Yemen,Hodeida,1,3,15.97,4.99,10.99,4
2005-08-02,LAWRENCE,LAWTON,Cameroon,Yaound,2,4,15.96,4.41,11.55,3
2005-07-28,RYAN,SALISBURY,Latvia,Daugavpils,2,4,15.96,4.16,11.81,3
2005-07-28,RYAN,SALISBURY,Latvia,Daugavpils,2,4,15.96,4.16,11.81,3
2005-08-19,LUCILLE,HOLMES,South Africa,Soshanguve,1,4,15.96,4.24,11.72,31
2005-08-19,LUCILLE,HOLMES,South Africa,Soshanguve,1,4,15.96,4.24,11.72,31
2005-08-19,LUCILLE,HOLMES,South Africa,Soshanguve,1,4,15.96,4.24,11.72,31
2005-08-19,LUCILLE,HOLMES,South Africa,Soshanguve,1,4,15.96,4.24,11.72,31
2005-08-19,LUCILLE,HOLMES,South Africa,Soshanguve,1,4,15.96,4.24,11.72,31
2005-08-19,LUCILLE,HOLMES,South Africa,Soshanguve,1,4,15.96,4.24,11.72,31
2005-08-19,LUCILLE,HOLMES,South Africa,Soshanguve,1,4,15.96,4.24,11.72,31
2005-07-29,PATRICK,NEWSOM,Vietnam,Hanoi,1,4,15.96,3.99,11.97,20
2005-07-29,PATRICK,NEWSOM,Vietnam,Hanoi,1,4,15.96,3.99,11.97,20
2005-07-29,PATRICK,NEWSOM,Vietnam,Hanoi,1,4,15.96,3.99,11.97,20
2005-07-29,PATRICK,NEWSOM,Vietnam,Hanoi,1,4,15.96,3.99,11.97,20
2005-07-29,PATRICK,NEWSOM,Vietnam,Hanoi,1,4,15.96,3.99,11.97,20
2005-06-19,ANGELA,HERNANDEZ,Japan,Shimonoseki,2,5,15.95,1.99,13.96,153
2005-06-19,ANGELA,HERNANDEZ,Japan,Shimonoseki,2,5,15.95,1.99,13.96,153
2005-06-19,ANGELA,HERNANDEZ,Japan,Shimonoseki,2,5,15.95,1.99,13.96,153
2005-06-19,ANGELA,HERNANDEZ,Japan,Shimonoseki,2,5,15.95,1.99,13.96,153
2005-06-19,ANGELA,HERNANDEZ,Japan,Shimonoseki,2,5,15.95,1.99,13.96,153
2005-06-19,ANGELA,HERNANDEZ,Japan,Shimonoseki,2,5,15.95,1.99,13.96,153
2005-06-19,ANGELA,HERNANDEZ,Japan,Shimonoseki,2,5,15.95,1.99,13.96,153
2005-06-19,ANGELA,HERNANDEZ,Japan,Shimonoseki,2,5,15.95,1.99,13.96,153
2005-06-19,ANGELA,HERNANDEZ,Japan,Shimonoseki,2,5,15.95,1.99,13.96,153
2005-06-19,ANGELA,HERNANDEZ,Japan,Shimonoseki,2,5,15.95,1.99,13.96,153
2005-06-19,ANGELA,HERNANDEZ,Japan,Shimonoseki,2,5,15.95,1.99,13.96,153
2005-06-19,ANGELA,HERNANDEZ,Japan,Shimonoseki,2,5,15.95,1.99,13.96,153
2005-07-08,PERRY,SWAFFORD,Argentina,Quilmes,1,2,14.98,4.74,10.24,31
2005-07-08,PERRY,SWAFFORD,Argentina,Quilmes,1,2,14.98,4.74,10.24,31
2005-07-08,PERRY,SWAFFORD,Argentina,Quilmes,1,2,14.98,4.74,10.24,31
2005-07-08,PERRY,SWAFFORD,Argentina,Quilmes,1,2,14.98,4.74,10.24,31
2005-07-08,PERRY,SWAFFORD,Argentina,Quilmes,1,2,14.98,4.74,10.24,31
2005-07-11,NATALIE,MEYER,Brazil,Aparecida de Goinia,1,2,14.98,3.79,11.19,141
2005-07-11,NATALIE,MEYER,Brazil,Aparecida de Goinia,1,2,14.98,3.79,11.19,141
2005-07-11,NATALIE,MEYER,Brazil,Aparecida de Goinia,1,2,14.98,3.79,11.19,141
2005-07-11,NATALIE,MEYER,Brazil,Aparecida de Goinia,1,2,14.98,3.79,11.19,141
2005-07-11,NATALIE,MEYER,Brazil,Aparecida de Goinia,1,2,14.98,3.79,11.19,141
2005-07-11,NATALIE,MEYER,Brazil,Aparecida de Goinia,1,2,14.98,3.79,11.19,141
2005-07-11,NATALIE,MEYER,Brazil,Aparecida de Goinia,1,2,14.98,3.79,11.19,141
2005-07-11,NATALIE,MEYER,Brazil,Aparecida de Goinia,1,2,14.98,3.79,11.19,141
2005-07-11,NATALIE,MEYER,Brazil,Aparecida de Goinia,1,2,14.98,3.79,11.19,141
2005-07-11,NATALIE,MEYER,Brazil,Aparecida de Goinia,1,2,14.98,3.79,11.19,141
2005-07-11,NATALIE,MEYER,Brazil,Aparecida de Goinia,1,2,14.98,3.79,11.19,141
2005-07-11,NATALIE,MEYER,Brazil,Aparecida de Goinia,1,2,14.98,3.79,11.19,141
2005-07-11,NATALIE,MEYER,Brazil,Aparecida de Goinia,1,2,14.98,3.79,11.19,141
2005-07-11,NATALIE,MEYER,Brazil,Aparecida de Goinia,1,2,14.98,3.79,11.19,141
2005-07-11,NATALIE,MEYER,Brazil,Aparecida de Goinia,1,2,14.98,3.79,11.19,141
2005-07-11,NATALIE,MEYER,Brazil,Aparecida de Goinia,1,2,14.98,3.79,11.19,141
2005-07-11,NATALIE,MEYER,Brazil,Aparecida de Goinia,1,2,14.98,3.79,11.19,141
2005-07-11,NATALIE,MEYER,Brazil,Aparecida de Goinia,1,2,14.98,3.79,11.19,141
2005-07-11,NATALIE,MEYER,Brazil,Aparecida de Goinia,1,2,14.98,3.79,11.19,141
2005-07-09,JANET,PHILLIPS,Chile,Antofagasta,1,2,14.98,3.79,11.19,6
2005-07-09,JANET,PHILLIPS,Chile,Antofagasta,1,2,14.98,3.79,11.19,6
2005-07-09,JANET,PHILLIPS,Chile,Antofagasta,1,2,14.98,3.79,11.19,6
2005-07-11,ADRIAN,CLARY,Italy,Udine,2,2,14.98,4.32,10.66,12
2005-07-11,ADRIAN,CLARY,Italy,Udine,2,2,14.98,4.32,10.66,12
2005-07-11,ADRIAN,CLARY,Italy,Udine,2,2,14.98,4.32,10.66,12
2005-07-27,JEAN,BELL,Malaysia,Kuching,1,2,14.98,3.99,10.99,1
2005-07-27,JEAN,BELL,Malaysia,Kuching,1,2,14.98,3.99,10.99,1
2005-07-27,JEAN,BELL,Malaysia,Kuching,1,2,14.98,3.99,10.99,1
2005-08-18,CHRIS,BROTHERS,Spain,Gijn,2,2,14.98,3.59,11.39,5
2005-08-18,CHRIS,BROTHERS,Spain,Gijn,2,2,14.98,3.59,11.39,5
2005-08-18,CHRIS,BROTHERS,Spain,Gijn,2,2,14.98,3.59,11.39,5
2005-08-18,CHRIS,BROTHERS,Spain,Gijn,2,2,14.98,3.59,11.39,5
2005-07-12,VERNON,CHAPA,Turkey,Denizli,2,2,14.98,4.99,9.99,38
2005-07-12,VERNON,CHAPA,Turkey,Denizli,2,2,14.98,4.99,9.99,38
2005-07-12,VERNON,CHAPA,Turkey,Denizli,2,2,14.98,4.99,9.99,38
2005-07-12,VERNON,CHAPA,Turkey,Denizli,2,2,14.98,4.99,9.99,38
2005-07-12,VERNON,CHAPA,Turkey,Denizli,2,2,14.98,4.99,9.99,38
2005-07-12,VERNON,CHAPA,Turkey,Denizli,2,2,14.98,4.99,9.99,38
2005-07-12,VERNON,CHAPA,Turkey,Denizli,2,2,14.98,4.99,9.99,38
2005-07-12,VERNON,CHAPA,Turkey,Denizli,2,2,14.98,4.99,9.99,38
2005-07-12,VERNON,CHAPA,Turkey,Denizli,2,2,14.98,4.99,9.99,38
2005-07-12,VERNON,CHAPA,Turkey,Denizli,2,2,14.98,4.99,9.99,38
2005-07-12,VERNON,CHAPA,Turkey,Denizli,2,2,14.98,4.99,9.99,38
2005-07-06,JULIO,NOLAND,Ukraine,Konotop,2,2,14.98,2.99,11.99,17
2005-07-06,JULIO,NOLAND,Ukraine,Konotop,2,2,14.98,2.99,11.99,17
2005-07-06,JULIO,NOLAND,Ukraine,Konotop,2,2,14.98,2.99,11.99,17
2005-07-06,JULIO,NOLAND,Ukraine,Konotop,2,2,14.98,2.99,11.99,17
2005-07-06,JULIO,NOLAND,Ukraine,Konotop,2,2,14.98,2.99,11.99,17
2005-07-06,JULIO,NOLAND,Ukraine,Konotop,2,2,14.98,2.99,11.99,17
2005-06-17,SANDRA,MARTIN,United Kingdom,Southend-on-Sea,2,2,14.98,2.74,12.24,12
2005-06-17,SANDRA,MARTIN,United Kingdom,Southend-on-Sea,2,2,14.98,2.74,12.24,12
2005-06-17,SANDRA,MARTIN,United Kingdom,Southend-on-Sea,2,2,14.98,2.74,12.24,12
2005-06-17,SANDRA,MARTIN,United Kingdom,Southend-on-Sea,2,2,14.98,2.74,12.24,12
2005-06-16,ALBERT,CROUSE,Cameroon,Bamenda,1,3,14.97,1.99,12.98,4
2005-07-27,MICHELE,GRANT,China,Yuncheng,2,3,14.97,4.65,10.32,191
2005-07-27,MICHELE,GRANT,China,Yuncheng,2,3,14.97,4.65,10.32,191
2005-07-27,MICHELE,GRANT,China,Yuncheng,2,3,14.97,4.65,10.32,191
2005-07-27,MICHELE,GRANT,China,Yuncheng,2,3,14.97,4.65,10.32,191
2005-07-27,MICHELE,GRANT,China,Yuncheng,2,3,14.97,4.65,10.32,191
2005-07-27,MICHELE,GRANT,China,Yuncheng,2,3,14.97,4.65,10.32,191
2005-07-27,MICHELE,GRANT,China,Yuncheng,2,3,14.97,4.65,10.32,191
2005-07-27,MICHELE,GRANT,China,Yuncheng,2,3,14.97,4.65,10.32,191
2005-07-27,MICHELE,GRANT,China,Yuncheng,2,3,14.97,4.65,10.32,191
2005-07-27,MICHELE,GRANT,China,Yuncheng,2,3,14.97,4.65,10.32,191
2005-07-27,MICHELE,GRANT,China,Yuncheng,2,3,14.97,4.65,10.32,191
2005-07-27,MICHELE,GRANT,China,Yuncheng,2,3,14.97,4.65,10.32,191
2005-07-27,MICHELE,GRANT,China,Yuncheng,2,3,14.97,4.65,10.32,191
2005-07-27,MICHELE,GRANT,China,Yuncheng,2,3,14.97,4.65,10.32,191
2005-07-27,MICHELE,GRANT,China,Yuncheng,2,3,14.97,4.65,10.32,191
2005-07-27,MICHELE,GRANT,China,Yuncheng,2,3,14.97,4.65,10.32,191
2005-07-27,MICHELE,GRANT,China,Yuncheng,2,3,14.97,4.65,10.32,191
2005-07-27,MICHELE,GRANT,China,Yuncheng,2,3,14.97,4.65,10.32,191
2005-07-27,MICHELE,GRANT,China,Yuncheng,2,3,14.97,4.65,10.32,191
2005-07-27,MICHELE,GRANT,China,Yuncheng,2,3,14.97,4.65,10.32,191
2005-07-27,MICHELE,GRANT,China,Yuncheng,2,3,14.97,4.65,10.32,191
2005-07-27,MICHELE,GRANT,China,Yuncheng,2,3,14.97,4.65,10.32,191
2005-07-27,MICHELE,GRANT,China,Yuncheng,2,3,14.97,4.65,10.32,191
2005-07-27,MICHELE,GRANT,China,Yuncheng,2,3,14.97,4.65,10.32,191
2005-07-27,MICHELE,GRANT,China,Yuncheng,2,3,14.97,4.65,10.32,191
2005-07-27,MICHELE,GRANT,China,Yuncheng,2,3,14.97,4.65,10.32,191
2005-07-27,MICHELE,GRANT,China,Yuncheng,2,3,14.97,4.65,10.32,191
2005-07-27,MICHELE,GRANT,China,Yuncheng,2,3,14.97,4.65,10.32,191
2005-07-27,MICHELE,GRANT,China,Yuncheng,2,3,14.97,4.65,10.32,191
2005-07-27,MICHELE,GRANT,China,Yuncheng,2,3,14.97,4.65,10.32,191
2005-07-27,MICHELE,GRANT,China,Yuncheng,2,3,14.97,4.65,10.32,191
2005-07-27,MICHELE,GRANT,China,Yuncheng,2,3,14.97,4.65,10.32,191
2005-07-27,MICHELE,GRANT,China,Yuncheng,2,3,14.97,4.65,10.32,191
2005-07-27,MICHELE,GRANT,China,Yuncheng,2,3,14.97,4.65,10.32,191
2005-07-27,MICHELE,GRANT,China,Yuncheng,2,3,14.97,4.65,10.32,191
2005-07-27,MICHELE,GRANT,China,Yuncheng,2,3,14.97,4.65,10.32,191
2005-07-27,MICHELE,GRANT,China,Yuncheng,2,3,14.97,4.65,10.32,191
2005-07-11,HEIDI,LARSON,China,Xiangfan,2,3,14.97,3.84,11.13,191
2005-07-11,HEIDI,LARSON,China,Xiangfan,2,3,14.97,3.84,11.13,191
2005-07-11,HEIDI,LARSON,China,Xiangfan,2,3,14.97,3.84,11.13,191
2005-07-11,HEIDI,LARSON,China,Xiangfan,2,3,14.97,3.84,11.13,191
2005-07-11,HEIDI,LARSON,China,Xiangfan,2,3,14.97,3.84,11.13,191
2005-07-11,HEIDI,LARSON,China,Xiangfan,2,3,14.97,3.84,11.13,191
2005-07-11,HEIDI,LARSON,China,Xiangfan,2,3,14.97,3.84,11.13,191
2005-07-11,HEIDI,LARSON,China,Xiangfan,2,3,14.97,3.84,11.13,191
2005-07-11,HEIDI,LARSON,China,Xiangfan,2,3,14.97,3.84,11.13,191
2005-07-11,HEIDI,LARSON,China,Xiangfan,2,3,14.97,3.84,11.13,191
2005-07-11,HEIDI,LARSON,China,Xiangfan,2,3,14.97,3.84,11.13,191
2005-07-11,HEIDI,LARSON,China,Xiangfan,2,3,14.97,3.84,11.13,191
2005-07-11,HEIDI,LARSON,China,Xiangfan,2,3,14.97,3.84,11.13,191
2005-07-11,HEIDI,LARSON,China,Xiangfan,2,3,14.97,3.84,11.13,191
2005-07-11,HEIDI,LARSON,China,Xiangfan,2,3,14.97,3.84,11.13,191
2005-07-11,HEIDI,LARSON,China,Xiangfan,2,3,14.97,3.84,11.13,191
2005-07-11,HEIDI,LARSON,China,Xiangfan,2,3,14.97,3.84,11.13,191
2005-07-11,HEIDI,LARSON,China,Xiangfan,2,3,14.97,3.84,11.13,191
2005-07-11,HEIDI,LARSON,China,Xiangfan,2,3,14.97,3.84,11.13,191
2005-07-11,HEIDI,LARSON,China,Xiangfan,2,3,14.97,3.84,11.13,191
2005-07-11,HEIDI,LARSON,China,Xiangfan,2,3,14.97,3.84,11.13,191
2005-07-11,HEIDI,LARSON,China,Xiangfan,2,3,14.97,3.84,11.13,191
2005-07-11,HEIDI,LARSON,China,Xiangfan,2,3,14.97,3.84,11.13,191
2005-07-11,HEIDI,LARSON,China,Xiangfan,2,3,14.97,3.84,11.13,191
2005-07-11,HEIDI,LARSON,China,Xiangfan,2,3,14.97,3.84,11.13,191
2005-07-11,HEIDI,LARSON,China,Xiangfan,2,3,14.97,3.84,11.13,191
2005-07-11,HEIDI,LARSON,China,Xiangfan,2,3,14.97,3.84,11.13,191
2005-07-11,HEIDI,LARSON,China,Xiangfan,2,3,14.97,3.84,11.13,191
2005-06-15,GLENDA,FRAZIER,China,Qinhuangdao,1,3,14.97,3.99,10.98,191
2005-06-15,GLENDA,FRAZIER,China,Qinhuangdao,1,3,14.97,3.99,10.98,191
2005-06-15,GLENDA,FRAZIER,China,Qinhuangdao,1,3,14.97,3.99,10.98,191
2005-06-15,GLENDA,FRAZIER,China,Qinhuangdao,1,3,14.97,3.99,10.98,191
2005-06-15,GLENDA,FRAZIER,China,Qinhuangdao,1,3,14.97,3.99,10.98,191
2005-06-15,GLENDA,FRAZIER,China,Qinhuangdao,1,3,14.97,3.99,10.98,191
2005-06-15,GLENDA,FRAZIER,China,Qinhuangdao,1,3,14.97,3.99,10.98,191
2005-06-15,GLENDA,FRAZIER,China,Qinhuangdao,1,3,14.97,3.99,10.98,191
2005-06-15,GLENDA,FRAZIER,China,Qinhuangdao,1,3,14.97,3.99,10.98,191
2005-06-15,GLENDA,FRAZIER,China,Qinhuangdao,1,3,14.97,3.99,10.98,191
2005-06-15,GLENDA,FRAZIER,China,Qinhuangdao,1,3,14.97,3.99,10.98,191
2005-06-15,GLENDA,FRAZIER,China,Qinhuangdao,1,3,14.97,3.99,10.98,191
2005-06-15,GLENDA,FRAZIER,China,Qinhuangdao,1,3,14.97,3.99,10.98,191
2005-06-15,GLENDA,FRAZIER,China,Qinhuangdao,1,3,14.97,3.99,10.98,191
2005-06-15,GLENDA,FRAZIER,China,Qinhuangdao,1,3,14.97,3.99,10.98,191
2005-06-15,GLENDA,FRAZIER,China,Qinhuangdao,1,3,14.97,3.99,10.98,191
2005-06-15,GLENDA,FRAZIER,China,Qinhuangdao,1,3,14.97,3.99,10.98,191
2005-06-15,GLENDA,FRAZIER,China,Qinhuangdao,1,3,14.97,3.99,10.98,191
2005-06-15,GLENDA,FRAZIER,China,Qinhuangdao,1,3,14.97,3.99,10.98,191
2005-06-15,GLENDA,FRAZIER,China,Qinhuangdao,1,3,14.97,3.99,10.98,191
2005-07-06,JACKIE,LYNCH,Colombia,Buenaventura,1,3,14.97,2.99,11.98,15
2005-07-06,JACKIE,LYNCH,Colombia,Buenaventura,1,3,14.97,2.99,11.98,15
2005-07-06,JACKIE,LYNCH,Colombia,Buenaventura,1,3,14.97,2.99,11.98,15
2005-06-18,KRISTEN,CHAVEZ,Japan,Hino,2,3,14.97,4.66,10.31,165
2005-06-18,KRISTEN,CHAVEZ,Japan,Hino,2,3,14.97,4.66,10.31,165
2005-06-18,KRISTEN,CHAVEZ,Japan,Hino,2,3,14.97,4.66,10.31,165
2005-06-18,KRISTEN,CHAVEZ,Japan,Hino,2,3,14.97,4.66,10.31,165
2005-06-18,KRISTEN,CHAVEZ,Japan,Hino,2,3,14.97,4.66,10.31,165
2005-06-18,KRISTEN,CHAVEZ,Japan,Hino,2,3,14.97,4.66,10.31,165
2005-06-18,KRISTEN,CHAVEZ,Japan,Hino,2,3,14.97,4.66,10.31,165
2005-06-18,KRISTEN,CHAVEZ,Japan,Hino,2,3,14.97,4.66,10.31,165
2005-06-18,KRISTEN,CHAVEZ,Japan,Hino,2,3,14.97,4.66,10.31,165
2005-06-18,KRISTEN,CHAVEZ,Japan,Hino,2,3,14.97,4.66,10.31,165
2005-06-18,KRISTEN,CHAVEZ,Japan,Hino,2,3,14.97,4.66,10.31,165
2005-06-18,KRISTEN,CHAVEZ,Japan,Hino,2,3,14.97,4.66,10.31,165
2005-07-29,TONY,CARRANZA,Japan,Koriyama,2,3,14.97,3.99,10.98,165
2005-07-29,TONY,CARRANZA,Japan,Koriyama,2,3,14.97,3.99,10.98,165
2005-07-29,TONY,CARRANZA,Japan,Koriyama,2,3,14.97,3.99,10.98,165
2005-07-29,TONY,CARRANZA,Japan,Koriyama,2,3,14.97,3.99,10.98,165
2005-07-29,TONY,CARRANZA,Japan,Koriyama,2,3,14.97,3.99,10.98,165
2005-07-29,TONY,CARRANZA,Japan,Koriyama,2,3,14.97,3.99,10.98,165
2005-07-29,TONY,CARRANZA,Japan,Koriyama,2,3,14.97,3.99,10.98,165
2005-07-29,TONY,CARRANZA,Japan,Koriyama,2,3,14.97,3.99,10.98,165
2005-07-29,TONY,CARRANZA,Japan,Koriyama,2,3,14.97,3.99,10.98,165
2005-07-29,TONY,CARRANZA,Japan,Koriyama,2,3,14.97,3.99,10.98,165
2005-07-29,TONY,CARRANZA,Japan,Koriyama,2,3,14.97,3.99,10.98,165
2005-07-29,TONY,CARRANZA,Japan,Koriyama,2,3,14.97,3.99,10.98,165
2005-07-29,TONY,CARRANZA,Japan,Koriyama,2,3,14.97,3.99,10.98,165
2005-07-29,TONY,CARRANZA,Japan,Koriyama,2,3,14.97,3.99,10.98,165
2005-07-29,TONY,CARRANZA,Japan,Koriyama,2,3,14.97,3.99,10.98,165
2005-07-29,TONY,CARRANZA,Japan,Koriyama,2,3,14.97,3.99,10.98,165
2005-07-29,TONY,CARRANZA,Japan,Koriyama,2,3,14.97,3.99,10.98,165
2005-07-29,TONY,CARRANZA,Japan,Koriyama,2,3,14.97,3.99,10.98,165
2005-07-29,TONY,CARRANZA,Japan,Koriyama,2,3,14.97,3.99,10.98,165
2005-07-12,ELSIE,KELLEY,Nigeria,Ikerre,2,3,14.97,3.24,11.73,43
2005-07-12,ELSIE,KELLEY,Nigeria,Ikerre,2,3,14.97,3.24,11.73,43
2005-07-12,ELSIE,KELLEY,Nigeria,Ikerre,2,3,14.97,3.24,11.73,43
2005-07-12,ELSIE,KELLEY,Nigeria,Ikerre,2,3,14.97,3.24,11.73,43
2005-07-12,ELSIE,KELLEY,Nigeria,Ikerre,2,3,14.97,3.24,11.73,43
2005-07-12,ELSIE,KELLEY,Nigeria,Ikerre,2,3,14.97,3.24,11.73,43
2005-07-12,ELSIE,KELLEY,Nigeria,Ikerre,2,3,14.97,3.24,11.73,43
2005-07-12,ELSIE,KELLEY,Nigeria,Ikerre,2,3,14.97,3.24,11.73,43
2005-07-12,ELSIE,KELLEY,Nigeria,Ikerre,2,3,14.97,3.24,11.73,43
2005-07-12,ELSIE,KELLEY,Nigeria,Ikerre,2,3,14.97,3.24,11.73,43
2005-08-17,JUAN,FRALEY,Russian Federation,Teboksary,1,3,14.97,2.99,11.98,109
2005-08-17,JUAN,FRALEY,Russian Federation,Teboksary,1,3,14.97,2.99,11.98,109
2005-08-17,JUAN,FRALEY,Russian Federation,Teboksary,1,3,14.97,2.99,11.98,109
2005-08-17,JUAN,FRALEY,Russian Federation,Teboksary,1,3,14.97,2.99,11.98,109
2005-08-17,JUAN,FRALEY,Russian Federation,Teboksary,1,3,14.97,2.99,11.98,109
2005-08-17,JUAN,FRALEY,Russian Federation,Teboksary,1,3,14.97,2.99,11.98,109
2005-08-17,JUAN,FRALEY,Russian Federation,Teboksary,1,3,14.97,2.99,11.98,109
2005-08-17,JUAN,FRALEY,Russian Federation,Teboksary,1,3,14.97,2.99,11.98,109
2005-08-17,JUAN,FRALEY,Russian Federation,Teboksary,1,3,14.97,2.99,11.98,109
2005-08-17,JUAN,FRALEY,Russian Federation,Teboksary,1,3,14.97,2.99,11.98,109
2005-08-17,JUAN,FRALEY,Russian Federation,Teboksary,1,3,14.97,2.99,11.98,109
2005-08-17,JUAN,FRALEY,Russian Federation,Teboksary,1,3,14.97,2.99,11.98,109
2005-08-17,JUAN,FRALEY,Russian Federation,Teboksary,1,3,14.97,2.99,11.98,109
2005-05-31,SHEILA,WELLS,Turkey,Ktahya,1,3,14.97,0.99,13.98,49
2005-05-31,SHEILA,WELLS,Turkey,Ktahya,1,3,14.97,0.99,13.98,49
2005-05-31,SHEILA,WELLS,Turkey,Ktahya,1,3,14.97,0.99,13.98,49
2005-05-31,SHEILA,WELLS,Turkey,Ktahya,1,3,14.97,0.99,13.98,49
2005-07-28,RENEE,LANE,United States,Compton,1,3,14.97,4.98,9.99,171
2005-07-28,RENEE,LANE,United States,Compton,1,3,14.97,4.98,9.99,171
2005-07-28,RENEE,LANE,United States,Compton,1,3,14.97,4.98,9.99,171
2005-07-28,RENEE,LANE,United States,Compton,1,3,14.97,4.98,9.99,171
2005-07-28,RENEE,LANE,United States,Compton,1,3,14.97,4.98,9.99,171
2005-07-28,RENEE,LANE,United States,Compton,1,3,14.97,4.98,9.99,171
2005-07-28,RENEE,LANE,United States,Compton,1,3,14.97,4.98,9.99,171
2005-07-28,RENEE,LANE,United States,Compton,1,3,14.97,4.98,9.99,171
2005-07-28,RENEE,LANE,United States,Compton,1,3,14.97,4.98,9.99,171
2005-07-28,RENEE,LANE,United States,Compton,1,3,14.97,4.98,9.99,171
2005-07-28,RENEE,LANE,United States,Compton,1,3,14.97,4.98,9.99,171
2005-07-28,RENEE,LANE,United States,Compton,1,3,14.97,4.98,9.99,171
2005-07-28,RENEE,LANE,United States,Compton,1,3,14.97,4.98,9.99,171
2005-07-28,RENEE,LANE,United States,Compton,1,3,14.97,4.98,9.99,171
2005-07-28,RENEE,LANE,United States,Compton,1,3,14.97,4.98,9.99,171
2005-07-28,RENEE,LANE,United States,Compton,1,3,14.97,4.98,9.99,171
2005-07-28,RENEE,LANE,United States,Compton,1,3,14.97,4.98,9.99,171
2005-07-28,RENEE,LANE,United States,Compton,1,3,14.97,4.98,9.99,171
2005-07-28,RENEE,LANE,United States,Compton,1,3,14.97,4.98,9.99,171
2005-07-28,RENEE,LANE,United States,Compton,1,3,14.97,4.98,9.99,171
2005-07-28,RENEE,LANE,United States,Compton,1,3,14.97,4.98,9.99,171
2005-07-28,RENEE,LANE,United States,Compton,1,3,14.97,4.98,9.99,171
2005-07-28,RENEE,LANE,United States,Compton,1,3,14.97,4.98,9.99,171
2005-07-28,RENEE,LANE,United States,Compton,1,3,14.97,4.98,9.99,171
2005-07-28,RENEE,LANE,United States,Compton,1,3,14.97,4.98,9.99,171
2005-07-27,VERA,MCCOY,Afghanistan,Kabul,1,2,13.98,2.99,10.99,1
2005-07-12,ELMER,NOE,Cambodia,Battambang,2,2,13.98,3.85,10.13,2
2005-06-18,ERNEST,STEPP,China,Huaian,2,2,13.98,2.79,11.19,276
2005-06-18,ERNEST,STEPP,China,Huaian,2,2,13.98,2.79,11.19,276
2005-06-18,ERNEST,STEPP,China,Huaian,2,2,13.98,2.79,11.19,276
2005-06-18,ERNEST,STEPP,China,Huaian,2,2,13.98,2.79,11.19,276
2005-06-18,ERNEST,STEPP,China,Huaian,2,2,13.98,2.79,11.19,276
2005-06-18,ERNEST,STEPP,China,Huaian,2,2,13.98,2.79,11.19,276
2005-06-18,ERNEST,STEPP,China,Huaian,2,2,13.98,2.79,11.19,276
2005-06-18,ERNEST,STEPP,China,Huaian,2,2,13.98,2.79,11.19,276
2005-06-18,ERNEST,STEPP,China,Huaian,2,2,13.98,2.79,11.19,276
2005-06-18,ERNEST,STEPP,China,Huaian,2,2,13.98,2.79,11.19,276
2005-06-18,ERNEST,STEPP,China,Huaian,2,2,13.98,2.79,11.19,276
2005-06-18,ERNEST,STEPP,China,Huaian,2,2,13.98,2.79,11.19,276
2005-06-18,ERNEST,STEPP,China,Huaian,2,2,13.98,2.79,11.19,276
2005-06-18,ERNEST,STEPP,China,Huaian,2,2,13.98,2.79,11.19,276
2005-06-18,ERNEST,STEPP,China,Huaian,2,2,13.98,2.79,11.19,276
2005-06-18,ERNEST,STEPP,China,Huaian,2,2,13.98,2.79,11.19,276
2005-07-28,ALAN,KAHN,China,Emeishan,1,2,13.98,3.56,10.42,276
2005-07-28,ALAN,KAHN,China,Emeishan,1,2,13.98,3.56,10.42,276
2005-07-28,ALAN,KAHN,China,Emeishan,1,2,13.98,3.56,10.42,276
2005-07-28,ALAN,KAHN,China,Emeishan,1,2,13.98,3.56,10.42,276
2005-07-28,ALAN,KAHN,China,Emeishan,1,2,13.98,3.56,10.42,276
2005-07-28,ALAN,KAHN,China,Emeishan,1,2,13.98,3.56,10.42,276
2005-07-28,ALAN,KAHN,China,Emeishan,1,2,13.98,3.56,10.42,276
2005-07-28,ALAN,KAHN,China,Emeishan,1,2,13.98,3.56,10.42,276
2005-07-28,ALAN,KAHN,China,Emeishan,1,2,13.98,3.56,10.42,276
2005-07-28,ALAN,KAHN,China,Emeishan,1,2,13.98,3.56,10.42,276
2005-07-28,ALAN,KAHN,China,Emeishan,1,2,13.98,3.56,10.42,276
2005-07-28,ALAN,KAHN,China,Emeishan,1,2,13.98,3.56,10.42,276
2005-07-28,ALAN,KAHN,China,Emeishan,1,2,13.98,3.56,10.42,276
2005-07-28,ALAN,KAHN,China,Emeishan,1,2,13.98,3.56,10.42,276
2005-07-28,ALAN,KAHN,China,Emeishan,1,2,13.98,3.56,10.42,276
2005-07-28,ALAN,KAHN,China,Emeishan,1,2,13.98,3.56,10.42,276
2005-07-28,ALAN,KAHN,China,Emeishan,1,2,13.98,3.56,10.42,276
2005-07-28,ALAN,KAHN,China,Emeishan,1,2,13.98,3.56,10.42,276
2005-07-28,ALAN,KAHN,China,Emeishan,1,2,13.98,3.56,10.42,276
2005-07-28,ALAN,KAHN,China,Emeishan,1,2,13.98,3.56,10.42,276
2005-07-28,ALAN,KAHN,China,Emeishan,1,2,13.98,3.56,10.42,276
2005-07-28,ALAN,KAHN,China,Emeishan,1,2,13.98,3.56,10.42,276
2005-07-28,ALAN,KAHN,China,Emeishan,1,2,13.98,3.56,10.42,276
2005-07-28,ALAN,KAHN,China,Emeishan,1,2,13.98,3.56,10.42,276
2005-07-28,ALAN,KAHN,China,Emeishan,1,2,13.98,3.56,10.42,276
2005-07-28,ALAN,KAHN,China,Emeishan,1,2,13.98,3.56,10.42,276
2005-07-28,ALAN,KAHN,China,Emeishan,1,2,13.98,3.56,10.42,276
2005-07-28,ALAN,KAHN,China,Emeishan,1,2,13.98,3.56,10.42,276
2005-07-28,ALAN,KAHN,China,Emeishan,1,2,13.98,3.56,10.42,276
2005-07-28,ALAN,KAHN,China,Emeishan,1,2,13.98,3.56,10.42,276
2005-07-28,ALAN,KAHN,China,Emeishan,1,2,13.98,3.56,10.42,276
2005-06-19,ALFRED,CASILLAS,Egypt,Sawhaj,2,2,13.98,2.49,11.49,11
2005-06-19,ALFRED,CASILLAS,Egypt,Sawhaj,2,2,13.98,2.49,11.49,11
2005-06-15,MIKE,WAY,India,Valparai,1,2,13.98,1.99,11.99,319
2005-06-15,MIKE,WAY,India,Valparai,1,2,13.98,1.99,11.99,319
2005-06-15,MIKE,WAY,India,Valparai,1,2,13.98,1.99,11.99,319
2005-06-15,MIKE,WAY,India,Valparai,1,2,13.98,1.99,11.99,319
2005-06-15,MIKE,WAY,India,Valparai,1,2,13.98,1.99,11.99,319
2005-06-15,MIKE,WAY,India,Valparai,1,2,13.98,1.99,11.99,319
2005-06-15,MIKE,WAY,India,Valparai,1,2,13.98,1.99,11.99,319
2005-06-15,MIKE,WAY,India,Valparai,1,2,13.98,1.99,11.99,319
2005-06-15,MIKE,WAY,India,Valparai,1,2,13.98,1.99,11.99,319
2005-06-15,MIKE,WAY,India,Valparai,1,2,13.98,1.99,11.99,319
2005-06-15,MIKE,WAY,India,Valparai,1,2,13.98,1.99,11.99,319
2005-06-15,MIKE,WAY,India,Valparai,1,2,13.98,1.99,11.99,319
2005-06-15,MIKE,WAY,India,Valparai,1,2,13.98,1.99,11.99,319
2005-06-15,MIKE,WAY,India,Valparai,1,2,13.98,1.99,11.99,319
2005-06-15,MIKE,WAY,India,Valparai,1,2,13.98,1.99,11.99,319
2005-06-15,MIKE,WAY,India,Valparai,1,2,13.98,1.99,11.99,319
2005-06-15,MIKE,WAY,India,Valparai,1,2,13.98,1.99,11.99,319
2005-06-15,MIKE,WAY,India,Valparai,1,2,13.98,1.99,11.99,319
2005-06-15,MIKE,WAY,India,Valparai,1,2,13.98,1.99,11.99,319
2005-06-15,MIKE,WAY,India,Valparai,1,2,13.98,1.99,11.99,319
2005-06-15,MIKE,WAY,India,Valparai,1,2,13.98,1.99,11.99,319
2005-06-15,MIKE,WAY,India,Valparai,1,2,13.98,1.99,11.99,319
2005-06-15,MIKE,WAY,India,Valparai,1,2,13.98,1.99,11.99,319
2005-06-15,MIKE,WAY,India,Valparai,1,2,13.98,1.99,11.99,319
2005-06-15,MIKE,WAY,India,Valparai,1,2,13.98,1.99,11.99,319
2005-06-15,MIKE,WAY,India,Valparai,1,2,13.98,1.99,11.99,319
2005-06-15,MIKE,WAY,India,Valparai,1,2,13.98,1.99,11.99,319
2005-06-15,MIKE,WAY,India,Valparai,1,2,13.98,1.99,11.99,319
2005-06-17,FLOYD,GANDY,Mexico,Zapopan,1,2,13.98,1.99,11.99,181
2005-06-17,FLOYD,GANDY,Mexico,Zapopan,1,2,13.98,1.99,11.99,181
2005-06-17,FLOYD,GANDY,Mexico,Zapopan,1,2,13.98,1.99,11.99,181
2005-06-17,FLOYD,GANDY,Mexico,Zapopan,1,2,13.98,1.99,11.99,181
2005-06-17,FLOYD,GANDY,Mexico,Zapopan,1,2,13.98,1.99,11.99,181
2005-06-17,FLOYD,GANDY,Mexico,Zapopan,1,2,13.98,1.99,11.99,181
2005-06-17,FLOYD,GANDY,Mexico,Zapopan,1,2,13.98,1.99,11.99,181
2005-06-17,FLOYD,GANDY,Mexico,Zapopan,1,2,13.98,1.99,11.99,181
2005-06-17,FLOYD,GANDY,Mexico,Zapopan,1,2,13.98,1.99,11.99,181
2005-06-17,FLOYD,GANDY,Mexico,Zapopan,1,2,13.98,1.99,11.99,181
2005-06-17,FLOYD,GANDY,Mexico,Zapopan,1,2,13.98,1.99,11.99,181
2005-06-17,FLOYD,GANDY,Mexico,Zapopan,1,2,13.98,1.99,11.99,181
2005-06-17,FLOYD,GANDY,Mexico,Zapopan,1,2,13.98,1.99,11.99,181
2005-06-17,FLOYD,GANDY,Mexico,Zapopan,1,2,13.98,1.99,11.99,181
2005-06-21,RUBEN,GEARY,Poland,Lublin,1,2,13.98,2.98,11.0,12
2005-06-21,RUBEN,GEARY,Poland,Lublin,1,2,13.98,2.98,11.0,12
2005-06-21,RUBEN,GEARY,Poland,Lublin,1,2,13.98,2.98,11.0,12
2005-06-21,RUBEN,GEARY,Poland,Lublin,1,2,13.98,2.98,11.0,12
2005-08-21,JIMMIE,EGGLESTON,Poland,Wroclaw,1,2,13.98,4.36,9.62,12
2005-08-21,JIMMIE,EGGLESTON,Poland,Wroclaw,1,2,13.98,4.36,9.62,12
2005-08-21,JIMMIE,EGGLESTON,Poland,Wroclaw,1,2,13.98,4.36,9.62,12
2005-08-21,JIMMIE,EGGLESTON,Poland,Wroclaw,1,2,13.98,4.36,9.62,12
2005-08-21,JIMMIE,EGGLESTON,Poland,Wroclaw,1,2,13.98,4.36,9.62,12
2005-06-20,CATHERINE,CAMPBELL,Russian Federation,Moscow,2,2,13.98,4.16,9.83,122
2005-06-20,CATHERINE,CAMPBELL,Russian Federation,Moscow,2,2,13.98,4.16,9.83,122
2005-06-20,CATHERINE,CAMPBELL,Russian Federation,Moscow,2,2,13.98,4.16,9.83,122
2005-06-20,CATHERINE,CAMPBELL,Russian Federation,Moscow,2,2,13.98,4.16,9.83,122
2005-06-20,CATHERINE,CAMPBELL,Russian Federation,Moscow,2,2,13.98,4.16,9.83,122
2005-06-20,CATHERINE,CAMPBELL,Russian Federation,Moscow,2,2,13.98,4.16,9.83,122
2005-06-20,CATHERINE,CAMPBELL,Russian Federation,Moscow,2,2,13.98,4.16,9.83,122
2005-06-20,CATHERINE,CAMPBELL,Russian Federation,Moscow,2,2,13.98,4.16,9.83,122
2005-06-20,CATHERINE,CAMPBELL,Russian Federation,Moscow,2,2,13.98,4.16,9.83,122
2005-06-20,CATHERINE,CAMPBELL,Russian Federation,Moscow,2,2,13.98,4.16,9.83,122
2005-06-20,CATHERINE,CAMPBELL,Russian Federation,Moscow,2,2,13.98,4.16,9.83,122
2005-06-20,CATHERINE,CAMPBELL,Russian Federation,Moscow,2,2,13.98,4.16,9.83,122
2005-06-20,CATHERINE,CAMPBELL,Russian Federation,Moscow,2,2,13.98,4.16,9.83,122
2005-06-20,CATHERINE,CAMPBELL,Russian Federation,Moscow,2,2,13.98,4.16,9.83,122
2005-07-06,CARMEN,OWENS,Venezuela,Caracas,1,2,13.98,4.16,9.83,13
2005-07-06,CARMEN,OWENS,Venezuela,Caracas,1,2,13.98,4.16,9.83,13
2005-07-06,CARMEN,OWENS,Venezuela,Caracas,1,2,13.98,4.16,9.83,13
2005-07-31,LYDIA,BURKE,Argentina,San Miguel de Tucumn,1,3,13.97,3.99,9.98,36
2005-07-31,LYDIA,BURKE,Argentina,San Miguel de Tucumn,1,3,13.97,3.99,9.98,36
2005-07-31,LYDIA,BURKE,Argentina,San Miguel de Tucumn,1,3,13.97,3.99,9.98,36
2005-07-31,LYDIA,BURKE,Argentina,San Miguel de Tucumn,1,3,13.97,3.99,9.98,36
2005-07-31,LYDIA,BURKE,Argentina,San Miguel de Tucumn,1,3,13.97,3.99,9.98,36
2005-07-31,LYDIA,BURKE,Argentina,San Miguel de Tucumn,1,3,13.97,3.99,9.98,36
2005-07-31,LYDIA,BURKE,Argentina,San Miguel de Tucumn,1,3,13.97,3.99,9.98,36
2005-07-31,LYDIA,BURKE,Argentina,San Miguel de Tucumn,1,3,13.97,3.99,9.98,36
2005-07-31,LYDIA,BURKE,Argentina,San Miguel de Tucumn,1,3,13.97,3.99,9.98,36
2005-07-31,LYDIA,BURKE,Argentina,San Miguel de Tucumn,1,3,13.97,3.99,9.98,36
2005-07-31,IDA,ANDREWS,Brazil,Luzinia,2,3,13.97,3.49,10.48,160
2005-07-31,IDA,ANDREWS,Brazil,Luzinia,2,3,13.97,3.49,10.48,160
2005-07-31,IDA,ANDREWS,Brazil,Luzinia,2,3,13.97,3.49,10.48,160
2005-07-31,IDA,ANDREWS,Brazil,Luzinia,2,3,13.97,3.49,10.48,160
2005-07-31,IDA,ANDREWS,Brazil,Luzinia,2,3,13.97,3.49,10.48,160
2005-07-31,IDA,ANDREWS,Brazil,Luzinia,2,3,13.97,3.49,10.48,160
2005-07-31,IDA,ANDREWS,Brazil,Luzinia,2,3,13.97,3.49,10.48,160
2005-07-31,IDA,ANDREWS,Brazil,Luzinia,2,3,13.97,3.49,10.48,160
2005-07-31,IDA,ANDREWS,Brazil,Luzinia,2,3,13.97,3.49,10.48,160
2005-07-31,IDA,ANDREWS,Brazil,Luzinia,2,3,13.97,3.49,10.48,160
2005-07-31,IDA,ANDREWS,Brazil,Luzinia,2,3,13.97,3.49,10.48,160
2005-07-31,IDA,ANDREWS,Brazil,Luzinia,2,3,13.97,3.49,10.48,160
2005-07-31,IDA,ANDREWS,Brazil,Luzinia,2,3,13.97,3.49,10.48,160
2005-07-31,IDA,ANDREWS,Brazil,Luzinia,2,3,13.97,3.49,10.48,160
2005-07-31,IDA,ANDREWS,Brazil,Luzinia,2,3,13.97,3.49,10.48,160
2005-07-31,IDA,ANDREWS,Brazil,Luzinia,2,3,13.97,3.49,10.48,160
2005-07-31,IDA,ANDREWS,Brazil,Luzinia,2,3,13.97,3.49,10.48,160
2005-07-31,IDA,ANDREWS,Brazil,Luzinia,2,3,13.97,3.49,10.48,160
2005-07-31,IDA,ANDREWS,Brazil,Luzinia,2,3,13.97,3.49,10.48,160
2005-07-31,IDA,ANDREWS,Brazil,Luzinia,2,3,13.97,3.49,10.48,160
2005-07-29,CHARLIE,BESS,China,Baiyin,2,3,13.97,4.59,9.38,323
2005-07-29,CHARLIE,BESS,China,Baiyin,2,3,13.97,4.59,9.38,323
2005-07-29,CHARLIE,BESS,China,Baiyin,2,3,13.97,4.59,9.38,323
2005-07-29,CHARLIE,BESS,China,Baiyin,2,3,13.97,4.59,9.38,323
2005-07-29,CHARLIE,BESS,China,Baiyin,2,3,13.97,4.59,9.38,323
2005-07-29,CHARLIE,BESS,China,Baiyin,2,3,13.97,4.59,9.38,323
2005-07-29,CHARLIE,BESS,China,Baiyin,2,3,13.97,4.59,9.38,323
2005-07-29,CHARLIE,BESS,China,Baiyin,2,3,13.97,4.59,9.38,323
2005-07-29,CHARLIE,BESS,China,Baiyin,2,3,13.97,4.59,9.38,323
2005-07-29,CHARLIE,BESS,China,Baiyin,2,3,13.97,4.59,9.38,323
2005-07-29,CHARLIE,BESS,China,Baiyin,2,3,13.97,4.59,9.38,323
2005-07-29,CHARLIE,BESS,China,Baiyin,2,3,13.97,4.59,9.38,323
2005-07-29,CHARLIE,BESS,China,Baiyin,2,3,13.97,4.59,9.38,323
2005-07-29,CHARLIE,BESS,China,Baiyin,2,3,13.97,4.59,9.38,323
2005-07-29,CHARLIE,BESS,China,Baiyin,2,3,13.97,4.59,9.38,323
2005-07-29,CHARLIE,BESS,China,Baiyin,2,3,13.97,4.59,9.38,323
2005-07-29,CHARLIE,BESS,China,Baiyin,2,3,13.97,4.59,9.38,323
2005-07-29,CHARLIE,BESS,China,Baiyin,2,3,13.97,4.59,9.38,323
2005-07-29,CHARLIE,BESS,China,Baiyin,2,3,13.97,4.59,9.38,323
2005-07-29,CHARLIE,BESS,China,Baiyin,2,3,13.97,4.59,9.38,323
2005-07-29,CHARLIE,BESS,China,Baiyin,2,3,13.97,4.59,9.38,323
2005-07-29,CHARLIE,BESS,China,Baiyin,2,3,13.97,4.59,9.38,323
2005-07-29,CHARLIE,BESS,China,Baiyin,2,3,13.97,4.59,9.38,323
2005-07-29,CHARLIE,BESS,China,Baiyin,2,3,13.97,4.59,9.38,323
2005-07-29,CHARLIE,BESS,China,Baiyin,2,3,13.97,4.59,9.38,323
2005-07-29,CHARLIE,BESS,China,Baiyin,2,3,13.97,4.59,9.38,323
2005-07-29,CHARLIE,BESS,China,Baiyin,2,3,13.97,4.59,9.38,323
2005-07-29,CHARLIE,BESS,China,Baiyin,2,3,13.97,4.59,9.38,323
2005-07-29,CHARLIE,BESS,China,Baiyin,2,3,13.97,4.59,9.38,323
2005-07-29,CHARLIE,BESS,China,Baiyin,2,3,13.97,4.59,9.38,323
2005-07-29,CHARLIE,BESS,China,Baiyin,2,3,13.97,4.59,9.38,323
2005-07-29,CHARLIE,BESS,China,Baiyin,2,3,13.97,4.59,9.38,323
2005-07-29,CHARLIE,BESS,China,Baiyin,2,3,13.97,4.59,9.38,323
2005-07-29,CHARLIE,BESS,China,Baiyin,2,3,13.97,4.59,9.38,323
2005-08-19,EVERETT,BANDA,Egypt,Bilbays,2,3,13.97,4.13,9.84,13
2005-08-19,EVERETT,BANDA,Egypt,Bilbays,2,3,13.97,4.13,9.84,13
2005-08-19,EVERETT,BANDA,Egypt,Bilbays,2,3,13.97,4.13,9.84,13
2005-08-19,EVERETT,BANDA,Egypt,Bilbays,2,3,13.97,4.13,9.84,13
2005-07-29,IRENE,PRICE,Kazakstan,Pavlodar,2,3,13.97,2.32,11.65,3
2005-07-29,IRENE,PRICE,Kazakstan,Pavlodar,2,3,13.97,2.32,11.65,3
2005-06-21,OLGA,JIMENEZ,Nigeria,Ogbomosho,2,3,13.97,4.39,9.58,53
2005-06-21,OLGA,JIMENEZ,Nigeria,Ogbomosho,2,3,13.97,4.39,9.58,53
2005-06-21,OLGA,JIMENEZ,Nigeria,Ogbomosho,2,3,13.97,4.39,9.58,53
2005-06-21,OLGA,JIMENEZ,Nigeria,Ogbomosho,2,3,13.97,4.39,9.58,53
2005-07-07,RANDY,GAITHER,Russian Federation,Kurgan,1,3,13.97,1.66,12.31,136
2005-07-07,RANDY,GAITHER,Russian Federation,Kurgan,1,3,13.97,1.66,12.31,136
2005-07-07,RANDY,GAITHER,Russian Federation,Kurgan,1,3,13.97,1.66,12.31,136
2005-07-07,RANDY,GAITHER,Russian Federation,Kurgan,1,3,13.97,1.66,12.31,136
2005-07-07,RANDY,GAITHER,Russian Federation,Kurgan,1,3,13.97,1.66,12.31,136
2005-07-07,RANDY,GAITHER,Russian Federation,Kurgan,1,3,13.97,1.66,12.31,136
2005-07-07,RANDY,GAITHER,Russian Federation,Kurgan,1,3,13.97,1.66,12.31,136
2005-07-07,RANDY,GAITHER,Russian Federation,Kurgan,1,3,13.97,1.66,12.31,136
2005-07-07,RANDY,GAITHER,Russian Federation,Kurgan,1,3,13.97,1.66,12.31,136
2005-07-07,RANDY,GAITHER,Russian Federation,Kurgan,1,3,13.97,1.66,12.31,136
2005-07-07,RANDY,GAITHER,Russian Federation,Kurgan,1,3,13.97,1.66,12.31,136
2005-07-07,RANDY,GAITHER,Russian Federation,Kurgan,1,3,13.97,1.66,12.31,136
2005-07-07,RANDY,GAITHER,Russian Federation,Kurgan,1,3,13.97,1.66,12.31,136
2005-07-07,RANDY,GAITHER,Russian Federation,Kurgan,1,3,13.97,1.66,12.31,136
2005-08-21,JANICE,WARD,Sweden,Malm,2,4,13.96,4.11,9.85,1
2005-07-31,JILL,HAWKINS,Austria,Linz,1,2,12.98,3.7,9.28,6
2005-07-31,JILL,HAWKINS,Austria,Linz,1,2,12.98,3.7,9.28,6
2005-06-18,JANE,BENNETT,Brazil,Araatuba,2,2,12.98,3.99,8.99,180
2005-06-18,JANE,BENNETT,Brazil,Araatuba,2,2,12.98,3.99,8.99,180
2005-06-18,JANE,BENNETT,Brazil,Araatuba,2,2,12.98,3.99,8.99,180
2005-06-18,JANE,BENNETT,Brazil,Araatuba,2,2,12.98,3.99,8.99,180
2005-06-18,JANE,BENNETT,Brazil,Araatuba,2,2,12.98,3.99,8.99,180
2005-06-18,JANE,BENNETT,Brazil,Araatuba,2,2,12.98,3.99,8.99,180
2005-06-18,JANE,BENNETT,Brazil,Araatuba,2,2,12.98,3.99,8.99,180
2005-06-18,JANE,BENNETT,Brazil,Araatuba,2,2,12.98,3.99,8.99,180
2005-06-18,JANE,BENNETT,Brazil,Araatuba,2,2,12.98,3.99,8.99,180
2005-06-18,JANE,BENNETT,Brazil,Araatuba,2,2,12.98,3.99,8.99,180
2005-06-18,JANE,BENNETT,Brazil,Araatuba,2,2,12.98,3.99,8.99,180
2005-06-18,JANE,BENNETT,Brazil,Araatuba,2,2,12.98,3.99,8.99,180
2005-06-18,JANE,BENNETT,Brazil,Araatuba,2,2,12.98,3.99,8.99,180
2005-06-18,JANE,BENNETT,Brazil,Araatuba,2,2,12.98,3.99,8.99,180
2005-06-18,JANE,BENNETT,Brazil,Araatuba,2,2,12.98,3.99,8.99,180
2005-06-18,JANE,BENNETT,Brazil,Araatuba,2,2,12.98,3.99,8.99,180
2005-06-18,JANE,BENNETT,Brazil,Araatuba,2,2,12.98,3.99,8.99,180
2005-05-28,LEROY,BUSTAMANTE,China,Tongliao,1,2,12.98,0.99,11.99,357
2005-05-28,LEROY,BUSTAMANTE,China,Tongliao,1,2,12.98,0.99,11.99,357
2005-05-28,LEROY,BUSTAMANTE,China,Tongliao,1,2,12.98,0.99,11.99,357
2005-05-28,LEROY,BUSTAMANTE,China,Tongliao,1,2,12.98,0.99,11.99,357
2005-05-28,LEROY,BUSTAMANTE,China,Tongliao,1,2,12.98,0.99,11.99,357
2005-05-28,LEROY,BUSTAMANTE,China,Tongliao,1,2,12.98,0.99,11.99,357
2005-05-28,LEROY,BUSTAMANTE,China,Tongliao,1,2,12.98,0.99,11.99,357
2005-05-28,LEROY,BUSTAMANTE,China,Tongliao,1,2,12.98,0.99,11.99,357
2005-05-28,LEROY,BUSTAMANTE,China,Tongliao,1,2,12.98,0.99,11.99,357
2005-05-28,LEROY,BUSTAMANTE,China,Tongliao,1,2,12.98,0.99,11.99,357
2005-05-28,LEROY,BUSTAMANTE,China,Tongliao,1,2,12.98,0.99,11.99,357
2005-05-28,LEROY,BUSTAMANTE,China,Tongliao,1,2,12.98,0.99,11.99,357
2005-05-28,LEROY,BUSTAMANTE,China,Tongliao,1,2,12.98,0.99,11.99,357
2005-05-28,LEROY,BUSTAMANTE,China,Tongliao,1,2,12.98,0.99,11.99,357
2005-05-28,LEROY,BUSTAMANTE,China,Tongliao,1,2,12.98,0.99,11.99,357
2005-05-28,LEROY,BUSTAMANTE,China,Tongliao,1,2,12.98,0.99,11.99,357
2005-05-28,LEROY,BUSTAMANTE,China,Tongliao,1,2,12.98,0.99,11.99,357
2005-05-28,LEROY,BUSTAMANTE,China,Tongliao,1,2,12.98,0.99,11.99,357
2005-05-28,LEROY,BUSTAMANTE,China,Tongliao,1,2,12.98,0.99,11.99,357
2005-05-28,LEROY,BUSTAMANTE,China,Tongliao,1,2,12.98,0.99,11.99,357
2005-07-12,JESSE,SCHILLING,"Congo, The Democratic Republic of the",Lubumbashi,2,2,12.98,3.99,8.99,3
2005-08-01,EVERETT,BANDA,Egypt,Bilbays,2,2,12.98,4.19,8.79,17
2005-08-01,EVERETT,BANDA,Egypt,Bilbays,2,2,12.98,4.19,8.79,17
2005-08-01,EVERETT,BANDA,Egypt,Bilbays,2,2,12.98,4.19,8.79,17
2005-08-01,EVERETT,BANDA,Egypt,Bilbays,2,2,12.98,4.19,8.79,17
2005-07-06,GERTRUDE,CASTILLO,Greenland,Nuuk,1,2,12.98,3.99,8.99,2
2005-07-08,DARYL,LARUE,Iraq,Mosul,2,2,12.98,4.32,8.66,1
2005-07-06,TERRY,GRISSOM,Japan,Matsue,2,2,12.98,1.99,10.99,196
2005-07-06,TERRY,GRISSOM,Japan,Matsue,2,2,12.98,1.99,10.99,196
2005-07-06,TERRY,GRISSOM,Japan,Matsue,2,2,12.98,1.99,10.99,196
2005-07-06,TERRY,GRISSOM,Japan,Matsue,2,2,12.98,1.99,10.99,196
2005-07-06,TERRY,GRISSOM,Japan,Matsue,2,2,12.98,1.99,10.99,196
2005-07-06,TERRY,GRISSOM,Japan,Matsue,2,2,12.98,1.99,10.99,196
2005-07-06,TERRY,GRISSOM,Japan,Matsue,2,2,12.98,1.99,10.99,196
2005-07-06,TERRY,GRISSOM,Japan,Matsue,2,2,12.98,1.99,10.99,196
2005-07-06,TERRY,GRISSOM,Japan,Matsue,2,2,12.98,1.99,10.99,196
2005-07-06,TERRY,GRISSOM,Japan,Matsue,2,2,12.98,1.99,10.99,196
2005-07-06,TERRY,GRISSOM,Japan,Matsue,2,2,12.98,1.99,10.99,196
2005-07-06,TERRY,GRISSOM,Japan,Matsue,2,2,12.98,1.99,10.99,196
2005-07-06,TERRY,GRISSOM,Japan,Matsue,2,2,12.98,1.99,10.99,196
2005-07-06,TERRY,GRISSOM,Japan,Matsue,2,2,12.98,1.99,10.99,196
2005-07-06,TERRY,GRISSOM,Japan,Matsue,2,2,12.98,1.99,10.99,196
2005-07-06,TERRY,GRISSOM,Japan,Matsue,2,2,12.98,1.99,10.99,196
2005-07-06,TERRY,GRISSOM,Japan,Matsue,2,2,12.98,1.99,10.99,196
2005-07-06,TERRY,GRISSOM,Japan,Matsue,2,2,12.98,1.99,10.99,196
2005-07-29,PETER,MENARD,Netherlands,Ede,1,2,12.98,4.24,8.74,4
2005-07-29,PETER,MENARD,Netherlands,Ede,1,2,12.98,4.24,8.74,4
2005-08-02,SUSAN,WILSON,New Zealand,Hamilton,2,2,12.98,4.32,8.66,1
2005-08-17,JIMMIE,EGGLESTON,Poland,Wroclaw,1,2,12.98,2.79,10.19,21
2005-08-17,JIMMIE,EGGLESTON,Poland,Wroclaw,1,2,12.98,2.79,10.19,21
2005-08-17,JIMMIE,EGGLESTON,Poland,Wroclaw,1,2,12.98,2.79,10.19,21
2005-08-17,JIMMIE,EGGLESTON,Poland,Wroclaw,1,2,12.98,2.79,10.19,21
2005-08-17,JIMMIE,EGGLESTON,Poland,Wroclaw,1,2,12.98,2.79,10.19,21
2005-07-27,CHRISTINA,RAMIREZ,Saudi Arabia,al-Hawiya,2,2,12.98,3.49,9.49,1
2005-07-27,CHRISTINA,RAMIREZ,Saudi Arabia,al-Hawiya,2,2,12.98,3.49,9.49,1
2005-07-27,CHRISTINA,RAMIREZ,Saudi Arabia,al-Hawiya,2,2,12.98,3.49,9.49,1
2005-06-17,RONNIE,RICKETTS,Senegal,Ziguinchor,2,2,12.98,2.99,9.99,1
2005-05-28,WESLEY,BULL,Spain,Ourense (Orense),2,2,12.98,0.99,11.99,9
2005-07-12,BEVERLY,BROOKS,Taiwan,Chiayi,2,2,12.98,3.79,9.19,40
2005-07-12,BEVERLY,BROOKS,Taiwan,Chiayi,2,2,12.98,3.79,9.19,40
2005-07-12,BEVERLY,BROOKS,Taiwan,Chiayi,2,2,12.98,3.79,9.19,40
2005-07-12,BEVERLY,BROOKS,Taiwan,Chiayi,2,2,12.98,3.79,9.19,40
2005-07-12,BEVERLY,BROOKS,Taiwan,Chiayi,2,2,12.98,3.79,9.19,40
2005-07-12,BEVERLY,BROOKS,Taiwan,Chiayi,2,2,12.98,3.79,9.19,40
2005-07-12,BEVERLY,BROOKS,Taiwan,Chiayi,2,2,12.98,3.79,9.19,40
2005-07-12,BEVERLY,BROOKS,Taiwan,Chiayi,2,2,12.98,3.79,9.19,40
2005-06-17,ROSEMARY,SCHMIDT,Turkey,Usak,1,2,12.98,3.99,8.99,53
2005-06-17,ROSEMARY,SCHMIDT,Turkey,Usak,1,2,12.98,3.99,8.99,53
2005-06-17,ROSEMARY,SCHMIDT,Turkey,Usak,1,2,12.98,3.99,8.99,53
2005-06-17,ROSEMARY,SCHMIDT,Turkey,Usak,1,2,12.98,3.99,8.99,53
2005-06-17,ROSEMARY,SCHMIDT,Turkey,Usak,1,2,12.98,3.99,8.99,53
2005-06-17,ROSEMARY,SCHMIDT,Turkey,Usak,1,2,12.98,3.99,8.99,53
2005-06-17,ROSEMARY,SCHMIDT,Turkey,Usak,1,2,12.98,3.99,8.99,53
2005-06-17,ROSEMARY,SCHMIDT,Turkey,Usak,1,2,12.98,3.99,8.99,53
2005-06-17,ROSEMARY,SCHMIDT,Turkey,Usak,1,2,12.98,3.99,8.99,53
2005-08-18,SANDRA,MARTIN,United Kingdom,Southend-on-Sea,2,2,12.98,3.84,9.14,16
2005-08-18,SANDRA,MARTIN,United Kingdom,Southend-on-Sea,2,2,12.98,3.84,9.14,16
2005-08-18,SANDRA,MARTIN,United Kingdom,Southend-on-Sea,2,2,12.98,3.84,9.14,16
2005-07-29,YVONNE,WATKINS,Venezuela,Ocumare del Tuy,2,2,12.98,3.99,8.99,16
2005-07-29,YVONNE,WATKINS,Venezuela,Ocumare del Tuy,2,2,12.98,3.99,8.99,16
2005-07-29,YVONNE,WATKINS,Venezuela,Ocumare del Tuy,2,2,12.98,3.99,8.99,16
2005-07-29,YVONNE,WATKINS,Venezuela,Ocumare del Tuy,2,2,12.98,3.99,8.99,16
2005-07-07,LOIS,BUTLER,Brunei,Bandar Seri Begawan,2,3,12.97,2.79,10.18,1
2005-07-07,MARTHA,GONZALEZ,Moldova,Chisinau,1,3,12.97,3.99,8.98,1
2005-07-07,DUANE,TUBBS,Nauru,Yangor,2,3,12.97,3.49,9.48,2
2005-07-06,WADE,DELVALLE,Switzerland,Lausanne,1,3,12.97,2.99,9.98,2
2005-07-07,KENT,ARSENAULT,Brazil,Juiz de Fora,1,1,11.99,3.32,8.67,197
2005-07-07,KENT,ARSENAULT,Brazil,Juiz de Fora,1,1,11.99,3.32,8.67,197
2005-07-07,KENT,ARSENAULT,Brazil,Juiz de Fora,1,1,11.99,3.32,8.67,197
2005-07-07,KENT,ARSENAULT,Brazil,Juiz de Fora,1,1,11.99,3.32,8.67,197
2005-07-07,KENT,ARSENAULT,Brazil,Juiz de Fora,1,1,11.99,3.32,8.67,197
2005-07-07,KENT,ARSENAULT,Brazil,Juiz de Fora,1,1,11.99,3.32,8.67,197
2005-07-07,KENT,ARSENAULT,Brazil,Juiz de Fora,1,1,11.99,3.32,8.67,197
2005-07-07,KENT,ARSENAULT,Brazil,Juiz de Fora,1,1,11.99,3.32,8.67,197
2005-07-07,KENT,ARSENAULT,Brazil,Juiz de Fora,1,1,11.99,3.32,8.67,197
2005-07-07,KENT,ARSENAULT,Brazil,Juiz de Fora,1,1,11.99,3.32,8.67,197
2005-07-07,KENT,ARSENAULT,Brazil,Juiz de Fora,1,1,11.99,3.32,8.67,197
2005-07-07,KENT,ARSENAULT,Brazil,Juiz de Fora,1,1,11.99,3.32,8.67,197
2005-07-07,KENT,ARSENAULT,Brazil,Juiz de Fora,1,1,11.99,3.32,8.67,197
2005-07-07,KENT,ARSENAULT,Brazil,Juiz de Fora,1,1,11.99,3.32,8.67,197
2005-08-18,MICHELLE,CLARK,Bangladesh,Tangail,1,2,11.98,3.86,8.12,6
2005-08-18,MICHELLE,CLARK,Bangladesh,Tangail,1,2,11.98,3.86,8.12,6
2005-08-18,MICHELLE,CLARK,Bangladesh,Tangail,1,2,11.98,3.86,8.12,6
2005-07-08,JON,WILES,Bolivia,El Alto,2,2,11.98,2.19,9.79,2
2005-07-08,JON,WILES,Bolivia,El Alto,2,2,11.98,2.19,9.79,2
2005-08-20,JEROME,KENYON,Chile,Rancagua,1,2,11.98,3.99,7.99,9
2005-08-20,JEROME,KENYON,Chile,Rancagua,1,2,11.98,3.99,7.99,9
2005-07-07,REGINA,BERRY,China,Jinchang,1,2,11.98,3.99,7.99,377
2005-07-07,REGINA,BERRY,China,Jinchang,1,2,11.98,3.99,7.99,377
2005-07-07,REGINA,BERRY,China,Jinchang,1,2,11.98,3.99,7.99,377
2005-07-07,REGINA,BERRY,China,Jinchang,1,2,11.98,3.99,7.99,377
2005-07-07,REGINA,BERRY,China,Jinchang,1,2,11.98,3.99,7.99,377
2005-07-07,REGINA,BERRY,China,Jinchang,1,2,11.98,3.99,7.99,377
2005-07-07,REGINA,BERRY,China,Jinchang,1,2,11.98,3.99,7.99,377
2005-07-07,REGINA,BERRY,China,Jinchang,1,2,11.98,3.99,7.99,377
2005-07-07,REGINA,BERRY,China,Jinchang,1,2,11.98,3.99,7.99,377
2005-07-07,REGINA,BERRY,China,Jinchang,1,2,11.98,3.99,7.99,377
2005-07-07,REGINA,BERRY,China,Jinchang,1,2,11.98,3.99,7.99,377
2005-07-07,REGINA,BERRY,China,Jinchang,1,2,11.98,3.99,7.99,377
2005-07-07,REGINA,BERRY,China,Jinchang,1,2,11.98,3.99,7.99,377
2005-07-07,REGINA,BERRY,China,Jinchang,1,2,11.98,3.99,7.99,377
2005-07-07,REGINA,BERRY,China,Jinchang,1,2,11.98,3.99,7.99,377
2005-07-07,REGINA,BERRY,China,Jinchang,1,2,11.98,3.99,7.99,377
2005-07-07,REGINA,BERRY,China,Jinchang,1,2,11.98,3.99,7.99,377
2005-07-07,REGINA,BERRY,China,Jinchang,1,2,11.98,3.99,7.99,377
2005-07-07,REGINA,BERRY,China,Jinchang,1,2,11.98,3.99,7.99,377
2005-07-07,REGINA,BERRY,China,Jinchang,1,2,11.98,3.99,7.99,377
2005-07-07,REGINA,BERRY,China,Jinchang,1,2,11.98,3.99,7.99,377
2005-07-07,REGINA,BERRY,China,Jinchang,1,2,11.98,3.99,7.99,377
2005-07-07,REGINA,BERRY,China,Jinchang,1,2,11.98,3.99,7.99,377
2005-07-07,REGINA,BERRY,China,Jinchang,1,2,11.98,3.99,7.99,377
2005-07-07,REGINA,BERRY,China,Jinchang,1,2,11.98,3.99,7.99,377
2005-07-07,REGINA,BERRY,China,Jinchang,1,2,11.98,3.99,7.99,377
2005-07-07,REGINA,BERRY,China,Jinchang,1,2,11.98,3.99,7.99,377
2005-07-07,REGINA,BERRY,China,Jinchang,1,2,11.98,3.99,7.99,377
2005-06-16,CLYDE,TOBIAS,China,Shaoguan,1,2,11.98,2.99,8.99,377
2005-06-16,CLYDE,TOBIAS,China,Shaoguan,1,2,11.98,2.99,8.99,377
2005-06-16,CLYDE,TOBIAS,China,Shaoguan,1,2,11.98,2.99,8.99,377
2005-06-16,CLYDE,TOBIAS,China,Shaoguan,1,2,11.98,2.99,8.99,377
2005-06-16,CLYDE,TOBIAS,China,Shaoguan,1,2,11.98,2.99,8.99,377
2005-06-16,CLYDE,TOBIAS,China,Shaoguan,1,2,11.98,2.99,8.99,377
2005-06-16,CLYDE,TOBIAS,China,Shaoguan,1,2,11.98,2.99,8.99,377
2005-06-16,CLYDE,TOBIAS,China,Shaoguan,1,2,11.98,2.99,8.99,377
2005-06-16,CLYDE,TOBIAS,China,Shaoguan,1,2,11.98,2.99,8.99,377
2005-06-16,CLYDE,TOBIAS,China,Shaoguan,1,2,11.98,2.99,8.99,377
2005-06-16,CLYDE,TOBIAS,China,Shaoguan,1,2,11.98,2.99,8.99,377
2005-06-16,CLYDE,TOBIAS,China,Shaoguan,1,2,11.98,2.99,8.99,377
2005-06-16,CLYDE,TOBIAS,China,Shaoguan,1,2,11.98,2.99,8.99,377
2005-06-16,CLYDE,TOBIAS,China,Shaoguan,1,2,11.98,2.99,8.99,377
2005-06-16,CLYDE,TOBIAS,China,Shaoguan,1,2,11.98,2.99,8.99,377
2005-06-16,CLYDE,TOBIAS,China,Shaoguan,1,2,11.98,2.99,8.99,377
2005-06-16,CLYDE,TOBIAS,China,Shaoguan,1,2,11.98,2.99,8.99,377
2005-06-16,CLYDE,TOBIAS,China,Shaoguan,1,2,11.98,2.99,8.99,377
2005-06-16,CLYDE,TOBIAS,China,Shaoguan,1,2,11.98,2.99,8.99,377
2005-06-16,CLYDE,TOBIAS,China,Shaoguan,1,2,11.98,2.99,8.99,377
2005-06-16,CLYDE,TOBIAS,China,Shaoguan,1,2,11.98,2.99,8.99,377
2005-06-16,CLYDE,TOBIAS,China,Shaoguan,1,2,11.98,2.99,8.99,377
2005-06-16,CLYDE,TOBIAS,China,Shaoguan,1,2,11.98,2.99,8.99,377
2005-06-16,CLYDE,TOBIAS,China,Shaoguan,1,2,11.98,2.99,8.99,377
2005-07-07,RITA,GRAHAM,France,Toulon,1,2,11.98,2.24,9.74,5
2005-07-07,RITA,GRAHAM,France,Toulon,1,2,11.98,2.24,9.74,5
2005-07-07,RITA,GRAHAM,France,Toulon,1,2,11.98,2.24,9.74,5
2005-05-28,MINNIE,ROMERO,Indonesia,Ciomas,2,2,11.98,3.99,7.99,11
2005-05-28,MINNIE,ROMERO,Indonesia,Ciomas,2,2,11.98,3.99,7.99,11
2005-05-28,MINNIE,ROMERO,Indonesia,Ciomas,2,2,11.98,3.99,7.99,11
2005-05-28,MINNIE,ROMERO,Indonesia,Ciomas,2,2,11.98,3.99,7.99,11
2005-05-28,MINNIE,ROMERO,Indonesia,Ciomas,2,2,11.98,3.99,7.99,11
2005-06-19,KATIE,ELLIOTT,Kenya,Kisumu,2,2,11.98,3.99,7.99,3
2005-06-19,KATIE,ELLIOTT,Kenya,Kisumu,2,2,11.98,3.99,7.99,3
2005-05-29,SARA,PERRY,Mexico,Atlixco,2,2,11.98,0.99,10.99,195
2005-05-29,SARA,PERRY,Mexico,Atlixco,2,2,11.98,0.99,10.99,195
2005-05-29,SARA,PERRY,Mexico,Atlixco,2,2,11.98,0.99,10.99,195
2005-05-29,SARA,PERRY,Mexico,Atlixco,2,2,11.98,0.99,10.99,195
2005-07-08,MARSHA,DOUGLAS,Mozambique,Beira,2,2,11.98,2.99,8.99,1
2005-07-08,MARSHA,DOUGLAS,Mozambique,Beira,2,2,11.98,2.99,8.99,1
2005-06-18,MABEL,HOLLAND,Myanmar,Monywa,2,2,11.98,3.42,8.56,1
2005-07-06,GLADYS,HAMILTON,Nigeria,Ilorin,1,2,11.98,1.99,9.99,57
2005-07-06,GLADYS,HAMILTON,Nigeria,Ilorin,1,2,11.98,1.99,9.99,57
2005-07-06,GLADYS,HAMILTON,Nigeria,Ilorin,1,2,11.98,1.99,9.99,57
2005-07-06,GLADYS,HAMILTON,Nigeria,Ilorin,1,2,11.98,1.99,9.99,57
2005-07-06,GLADYS,HAMILTON,Nigeria,Ilorin,1,2,11.98,1.99,9.99,57
2005-07-06,GLADYS,HAMILTON,Nigeria,Ilorin,1,2,11.98,1.99,9.99,57
2005-07-06,GLADYS,HAMILTON,Nigeria,Ilorin,1,2,11.98,1.99,9.99,57
2005-07-06,GLADYS,HAMILTON,Nigeria,Ilorin,1,2,11.98,1.99,9.99,57
2005-05-31,MARK,RINEHART,Saudi Arabia,Tabuk,2,2,11.98,2.99,8.99,4
2005-05-31,MARK,RINEHART,Saudi Arabia,Tabuk,2,2,11.98,2.99,8.99,4
2005-05-31,MARK,RINEHART,Saudi Arabia,Tabuk,2,2,11.98,2.99,8.99,4
2005-06-17,DENNIS,GILMAN,South Africa,Paarl,1,2,11.98,3.99,7.99,38
2005-06-17,DENNIS,GILMAN,South Africa,Paarl,1,2,11.98,3.99,7.99,38
2005-06-17,DENNIS,GILMAN,South Africa,Paarl,1,2,11.98,3.99,7.99,38
2005-06-20,KAREN,JACKSON,Turkey,Osmaniye,2,2,11.98,3.99,7.99,62
2005-06-20,KAREN,JACKSON,Turkey,Osmaniye,2,2,11.98,3.99,7.99,62
2005-06-20,KAREN,JACKSON,Turkey,Osmaniye,2,2,11.98,3.99,7.99,62
2005-06-20,KAREN,JACKSON,Turkey,Osmaniye,2,2,11.98,3.99,7.99,62
2005-06-20,KAREN,JACKSON,Turkey,Osmaniye,2,2,11.98,3.99,7.99,62
2005-07-11,BRANDON,HUEY,Turkey,Balikesir,1,2,11.98,3.49,8.49,62
2005-07-11,BRANDON,HUEY,Turkey,Balikesir,1,2,11.98,3.49,8.49,62
2005-07-11,BRANDON,HUEY,Turkey,Balikesir,1,2,11.98,3.49,8.49,62
2005-07-11,BRANDON,HUEY,Turkey,Balikesir,1,2,11.98,3.49,8.49,62
2005-07-11,BRANDON,HUEY,Turkey,Balikesir,1,2,11.98,3.49,8.49,62
2005-07-11,BRANDON,HUEY,Turkey,Balikesir,1,2,11.98,3.49,8.49,62
2005-07-11,BRANDON,HUEY,Turkey,Balikesir,1,2,11.98,3.49,8.49,62
2005-07-11,BRANDON,HUEY,Turkey,Balikesir,1,2,11.98,3.49,8.49,62
2005-07-11,BRANDON,HUEY,Turkey,Balikesir,1,2,11.98,3.49,8.49,62
2005-07-11,BRANDON,HUEY,Turkey,Balikesir,1,2,11.98,3.49,8.49,62
2005-07-08,BETH,FRANKLIN,Vietnam,Haiphong,2,2,11.98,2.99,8.99,25
2005-07-08,BETH,FRANKLIN,Vietnam,Haiphong,2,2,11.98,2.99,8.99,25
2005-07-08,BETH,FRANKLIN,Vietnam,Haiphong,2,2,11.98,2.99,8.99,25
2005-07-08,BETH,FRANKLIN,Vietnam,Haiphong,2,2,11.98,2.99,8.99,25
2005-07-11,CORY,MEEHAN,Belarus,Mogiljov,1,3,11.97,1.99,9.98,3
2005-07-08,JEFF,EAST,Dominican Republic,San Felipe de Puerto Plata,2,3,11.97,3.32,8.65,4
2005-07-08,JEFF,EAST,Dominican Republic,San Felipe de Puerto Plata,2,3,11.97,3.32,8.65,4
2005-07-08,JEFF,EAST,Dominican Republic,San Felipe de Puerto Plata,2,3,11.97,3.32,8.65,4
2005-05-31,VICKIE,BREWER,Germany,Halle/Saale,2,3,11.97,3.99,7.99,16
2005-05-31,VICKIE,BREWER,Germany,Halle/Saale,2,3,11.97,3.99,7.99,16
2005-05-31,VICKIE,BREWER,Germany,Halle/Saale,2,3,11.97,3.99,7.99,16
2005-05-31,VICKIE,BREWER,Germany,Halle/Saale,2,3,11.97,3.99,7.99,16
2005-07-30,IVAN,CROMWELL,Mexico,Monclova,2,3,11.97,2.99,8.98,199
2005-07-30,IVAN,CROMWELL,Mexico,Monclova,2,3,11.97,2.99,8.98,199
2005-07-30,IVAN,CROMWELL,Mexico,Monclova,2,3,11.97,2.99,8.98,199
2005-07-30,IVAN,CROMWELL,Mexico,Monclova,2,3,11.97,2.99,8.98,199
2005-07-30,IVAN,CROMWELL,Mexico,Monclova,2,3,11.97,2.99,8.98,199
2005-07-30,IVAN,CROMWELL,Mexico,Monclova,2,3,11.97,2.99,8.98,199
2005-07-30,IVAN,CROMWELL,Mexico,Monclova,2,3,11.97,2.99,8.98,199
2005-07-30,IVAN,CROMWELL,Mexico,Monclova,2,3,11.97,2.99,8.98,199
2005-07-30,IVAN,CROMWELL,Mexico,Monclova,2,3,11.97,2.99,8.98,199
2005-07-30,IVAN,CROMWELL,Mexico,Monclova,2,3,11.97,2.99,8.98,199
2005-07-30,IVAN,CROMWELL,Mexico,Monclova,2,3,11.97,2.99,8.98,199
2005-07-30,IVAN,CROMWELL,Mexico,Monclova,2,3,11.97,2.99,8.98,199
2005-07-30,IVAN,CROMWELL,Mexico,Monclova,2,3,11.97,2.99,8.98,199
2005-07-30,IVAN,CROMWELL,Mexico,Monclova,2,3,11.97,2.99,8.98,199
2005-07-30,IVAN,CROMWELL,Mexico,Monclova,2,3,11.97,2.99,8.98,199
2005-07-30,IVAN,CROMWELL,Mexico,Monclova,2,3,11.97,2.99,8.98,199
2005-07-30,IVAN,CROMWELL,Mexico,Monclova,2,3,11.97,2.99,8.98,199
2005-07-30,IVAN,CROMWELL,Mexico,Monclova,2,3,11.97,2.99,8.98,199
2005-06-15,ROBIN,HAYES,Russian Federation,Jelets,1,3,11.97,0.99,10.98,150
2005-06-15,ROBIN,HAYES,Russian Federation,Jelets,1,3,11.97,0.99,10.98,150
2005-06-15,ROBIN,HAYES,Russian Federation,Jelets,1,3,11.97,0.99,10.98,150
2005-06-15,ROBIN,HAYES,Russian Federation,Jelets,1,3,11.97,0.99,10.98,150
2005-06-15,ROBIN,HAYES,Russian Federation,Jelets,1,3,11.97,0.99,10.98,150
2005-06-15,ROBIN,HAYES,Russian Federation,Jelets,1,3,11.97,0.99,10.98,150
2005-06-15,ROBIN,HAYES,Russian Federation,Jelets,1,3,11.97,0.99,10.98,150
2005-06-15,ROBIN,HAYES,Russian Federation,Jelets,1,3,11.97,0.99,10.98,150
2005-06-15,ROBIN,HAYES,Russian Federation,Jelets,1,3,11.97,0.99,10.98,150
2005-06-15,ROBIN,HAYES,Russian Federation,Jelets,1,3,11.97,0.99,10.98,150
2005-06-15,ROBIN,HAYES,Russian Federation,Jelets,1,3,11.97,0.99,10.98,150
2005-06-15,ROBIN,HAYES,Russian Federation,Jelets,1,3,11.97,0.99,10.98,150
2005-06-15,ROBIN,HAYES,Russian Federation,Jelets,1,3,11.97,0.99,10.98,150
2005-08-19,RITA,GRAHAM,France,Toulon,1,4,11.96,3.66,8.3,8
2005-08-19,RITA,GRAHAM,France,Toulon,1,4,11.96,3.66,8.3,8
2005-06-16,ELMER,NOE,Cambodia,Battambang,2,1,10.99,3.24,7.75,3
2005-06-15,ANNA,HILL,Italy,Alessandria,2,1,10.99,2.99,8.0,15
2005-06-15,ANNA,HILL,Italy,Alessandria,2,1,10.99,2.99,8.0,15
2005-06-15,ANNA,HILL,Italy,Alessandria,2,1,10.99,2.99,8.0,15
2005-06-15,ANNA,HILL,Italy,Alessandria,2,1,10.99,2.99,8.0,15
2005-06-17,DANIEL,CABRAL,Brazil,Ibirit,2,2,10.98,2.99,7.99,211
2005-06-17,DANIEL,CABRAL,Brazil,Ibirit,2,2,10.98,2.99,7.99,211
2005-06-17,DANIEL,CABRAL,Brazil,Ibirit,2,2,10.98,2.99,7.99,211
2005-06-17,DANIEL,CABRAL,Brazil,Ibirit,2,2,10.98,2.99,7.99,211
2005-06-17,DANIEL,CABRAL,Brazil,Ibirit,2,2,10.98,2.99,7.99,211
2005-06-17,DANIEL,CABRAL,Brazil,Ibirit,2,2,10.98,2.99,7.99,211
2005-06-17,DANIEL,CABRAL,Brazil,Ibirit,2,2,10.98,2.99,7.99,211
2005-06-17,DANIEL,CABRAL,Brazil,Ibirit,2,2,10.98,2.99,7.99,211
2005-06-17,DANIEL,CABRAL,Brazil,Ibirit,2,2,10.98,2.99,7.99,211
2005-06-17,DANIEL,CABRAL,Brazil,Ibirit,2,2,10.98,2.99,7.99,211
2005-06-17,DANIEL,CABRAL,Brazil,Ibirit,2,2,10.98,2.99,7.99,211
2005-06-17,DANIEL,CABRAL,Brazil,Ibirit,2,2,10.98,2.99,7.99,211
2005-06-17,DANIEL,CABRAL,Brazil,Ibirit,2,2,10.98,2.99,7.99,211
2005-06-17,DANIEL,CABRAL,Brazil,Ibirit,2,2,10.98,2.99,7.99,211
2005-06-18,CURTIS,IRBY,Canada,Richmond Hill,2,2,10.98,2.99,7.99,11
2005-06-18,CURTIS,IRBY,Canada,Richmond Hill,2,2,10.98,2.99,7.99,11
2005-06-18,CURTIS,IRBY,Canada,Richmond Hill,2,2,10.98,2.99,7.99,11
2005-05-28,RANDALL,NEUMANN,Dominican Republic,La Romana,2,2,10.98,2.99,7.99,7
2005-07-06,GLORIA,COOK,French Polynesia,Papeete,1,2,10.98,3.49,7.49,1
2005-07-06,GLORIA,COOK,French Polynesia,Papeete,1,2,10.98,3.49,7.49,1
2005-07-06,KEVIN,SCHULER,Nepal,Birgunj,1,2,10.98,3.49,7.49,2
2005-08-21,JO,FOWLER,Nigeria,Oyo,2,2,10.98,2.19,8.79,65
2005-08-21,JO,FOWLER,Nigeria,Oyo,2,2,10.98,2.19,8.79,65
2005-08-21,JO,FOWLER,Nigeria,Oyo,2,2,10.98,2.19,8.79,65
2005-08-21,JO,FOWLER,Nigeria,Oyo,2,2,10.98,2.19,8.79,65
2005-08-21,JO,FOWLER,Nigeria,Oyo,2,2,10.98,2.19,8.79,65
2005-08-21,JO,FOWLER,Nigeria,Oyo,2,2,10.98,2.19,8.79,65
2005-08-21,JO,FOWLER,Nigeria,Oyo,2,2,10.98,2.19,8.79,65
2005-06-19,RALPH,MADRIGAL,Puerto Rico,Arecibo,2,2,10.98,3.49,7.49,1
2005-07-07,JOHNNY,TURPIN,Sudan,al-Qadarif,2,2,10.98,3.39,7.59,3
2005-07-07,JOHNNY,TURPIN,Sudan,al-Qadarif,2,2,10.98,3.39,7.59,3
2005-07-06,BRENT,HARKINS,Turkey,Sultanbeyli,1,2,10.98,3.24,7.74,77
2005-07-06,BRENT,HARKINS,Turkey,Sultanbeyli,1,2,10.98,3.24,7.74,77
2005-07-06,BRENT,HARKINS,Turkey,Sultanbeyli,1,2,10.98,3.24,7.74,77
2005-07-06,BRENT,HARKINS,Turkey,Sultanbeyli,1,2,10.98,3.24,7.74,77
2005-07-06,BRENT,HARKINS,Turkey,Sultanbeyli,1,2,10.98,3.24,7.74,77
2005-07-06,BRENT,HARKINS,Turkey,Sultanbeyli,1,2,10.98,3.24,7.74,77
2005-07-06,BRENT,HARKINS,Turkey,Sultanbeyli,1,2,10.98,3.24,7.74,77
2005-07-06,BRENT,HARKINS,Turkey,Sultanbeyli,1,2,10.98,3.24,7.74,77
2005-07-06,BRENT,HARKINS,Turkey,Sultanbeyli,1,2,10.98,3.24,7.74,77
2005-07-08,MARIA,MILLER,Yugoslavia,Kragujevac,1,2,10.98,3.32,7.66,4
2005-07-08,MARIA,MILLER,Yugoslavia,Kragujevac,1,2,10.98,3.32,7.66,4
2005-06-18,LILLIE,KIM,Egypt,Idfu,2,3,10.97,2.99,7.98,21
2005-06-18,LILLIE,KIM,Egypt,Idfu,2,3,10.97,2.99,7.98,21
2005-07-09,THERESA,WATSON,Philippines,Taguig,2,3,10.97,2.99,7.98,111
2005-07-09,THERESA,WATSON,Philippines,Taguig,2,3,10.97,2.99,7.98,111
2005-07-09,THERESA,WATSON,Philippines,Taguig,2,3,10.97,2.99,7.98,111
2005-07-09,THERESA,WATSON,Philippines,Taguig,2,3,10.97,2.99,7.98,111
2005-07-09,THERESA,WATSON,Philippines,Taguig,2,3,10.97,2.99,7.98,111
2005-07-09,THERESA,WATSON,Philippines,Taguig,2,3,10.97,2.99,7.98,111
2005-07-09,THERESA,WATSON,Philippines,Taguig,2,3,10.97,2.99,7.98,111
2005-07-09,THERESA,WATSON,Philippines,Taguig,2,3,10.97,2.99,7.98,111
2005-07-09,THERESA,WATSON,Philippines,Taguig,2,3,10.97,2.99,7.98,111
2005-07-09,THERESA,WATSON,Philippines,Taguig,2,3,10.97,2.99,7.98,111
2005-07-09,THERESA,WATSON,Philippines,Taguig,2,3,10.97,2.99,7.98,111
2005-07-09,THERESA,WATSON,Philippines,Taguig,2,3,10.97,2.99,7.98,111
2005-07-09,THERESA,WATSON,Philippines,Taguig,2,3,10.97,2.99,7.98,111
2005-05-29,ALEXANDER,FENNELL,Italy,Bergamo,2,1,9.99,1.99,8.0,19
2005-05-29,ALEXANDER,FENNELL,Italy,Bergamo,2,1,9.99,1.99,8.0,19
2005-06-16,ANN,EVANS,Russian Federation,Niznekamsk,1,1,9.99,2.99,7.0,163
2005-06-16,ANN,EVANS,Russian Federation,Niznekamsk,1,1,9.99,2.99,7.0,163
2005-06-16,ANN,EVANS,Russian Federation,Niznekamsk,1,1,9.99,2.99,7.0,163
2005-06-16,ANN,EVANS,Russian Federation,Niznekamsk,1,1,9.99,2.99,7.0,163
2005-06-16,ANN,EVANS,Russian Federation,Niznekamsk,1,1,9.99,2.99,7.0,163
2005-06-16,ANN,EVANS,Russian Federation,Niznekamsk,1,1,9.99,2.99,7.0,163
2005-06-16,ANN,EVANS,Russian Federation,Niznekamsk,1,1,9.99,2.99,7.0,163
2005-06-16,ANN,EVANS,Russian Federation,Niznekamsk,1,1,9.99,2.99,7.0,163
2005-06-16,ANN,EVANS,Russian Federation,Niznekamsk,1,1,9.99,2.99,7.0,163
2005-06-16,ANN,EVANS,Russian Federation,Niznekamsk,1,1,9.99,2.99,7.0,163
2005-06-16,ANN,EVANS,Russian Federation,Niznekamsk,1,1,9.99,2.99,7.0,163
2005-06-16,ANN,EVANS,Russian Federation,Niznekamsk,1,1,9.99,2.99,7.0,163
2005-06-15,JOYCE,EDWARDS,Saudi Arabia,Jedda,2,1,9.99,2.99,7.0,7
2005-06-15,JOYCE,EDWARDS,Saudi Arabia,Jedda,2,1,9.99,2.99,7.0,7
2005-07-10,DALE,RATCLIFF,South Africa,Rustenburg,1,1,9.99,2.49,7.5,41
2005-07-10,DALE,RATCLIFF,South Africa,Rustenburg,1,1,9.99,2.49,7.5,41
2005-07-10,DALE,RATCLIFF,South Africa,Rustenburg,1,1,9.99,2.49,7.5,41
2005-07-10,DALE,RATCLIFF,South Africa,Rustenburg,1,1,9.99,2.49,7.5,41
2005-05-27,BETTY,WHITE,United States,Citrus Heights,2,1,9.99,0.99,9.0,196
2005-05-27,BETTY,WHITE,United States,Citrus Heights,2,1,9.99,0.99,9.0,196
2005-05-27,BETTY,WHITE,United States,Citrus Heights,2,1,9.99,0.99,9.0,196
2005-05-27,BETTY,WHITE,United States,Citrus Heights,2,1,9.99,0.99,9.0,196
2005-05-27,BETTY,WHITE,United States,Citrus Heights,2,1,9.99,0.99,9.0,196
2005-05-27,BETTY,WHITE,United States,Citrus Heights,2,1,9.99,0.99,9.0,196
2005-05-27,BETTY,WHITE,United States,Citrus Heights,2,1,9.99,0.99,9.0,196
2005-05-27,BETTY,WHITE,United States,Citrus Heights,2,1,9.99,0.99,9.0,196
2005-05-27,BETTY,WHITE,United States,Citrus Heights,2,1,9.99,0.99,9.0,196
2005-06-19,WILMA,RICHARDS,United States,Bellevue,2,1,9.99,2.49,7.51,196
2005-06-19,WILMA,RICHARDS,United States,Bellevue,2,1,9.99,2.49,7.51,196
2005-06-19,WILMA,RICHARDS,United States,Bellevue,2,1,9.99,2.49,7.51,196
2005-06-19,WILMA,RICHARDS,United States,Bellevue,2,1,9.99,2.49,7.51,196
2005-06-19,WILMA,RICHARDS,United States,Bellevue,2,1,9.99,2.49,7.51,196
2005-06-19,WILMA,RICHARDS,United States,Bellevue,2,1,9.99,2.49,7.51,196
2005-06-19,WILMA,RICHARDS,United States,Bellevue,2,1,9.99,2.49,7.51,196
2005-06-19,WILMA,RICHARDS,United States,Bellevue,2,1,9.99,2.49,7.51,196
2005-06-19,WILMA,RICHARDS,United States,Bellevue,2,1,9.99,2.49,7.51,196
2005-06-19,WILMA,RICHARDS,United States,Bellevue,2,1,9.99,2.49,7.51,196
2005-06-19,WILMA,RICHARDS,United States,Bellevue,2,1,9.99,2.49,7.51,196
2005-06-19,WILMA,RICHARDS,United States,Bellevue,2,1,9.99,2.49,7.51,196
2005-06-19,WILMA,RICHARDS,United States,Bellevue,2,1,9.99,2.49,7.51,196
2005-06-19,WILMA,RICHARDS,United States,Bellevue,2,1,9.99,2.49,7.51,196
2005-05-29,CLAUDE,HERZOG,Angola,Benguela,1,2,9.98,2.66,7.32,1
2005-05-29,CLAUDE,HERZOG,Angola,Benguela,1,2,9.98,2.66,7.32,1
2005-07-29,LAUREN,HUDSON,France,Le Mans,2,2,9.98,2.99,6.99,10
2005-07-29,LAUREN,HUDSON,France,Le Mans,2,2,9.98,2.99,6.99,10
2005-07-29,LAUREN,HUDSON,France,Le Mans,2,2,9.98,2.99,6.99,10
2005-07-29,LAUREN,HUDSON,France,Le Mans,2,2,9.98,2.99,6.99,10
2005-07-09,CHRISTINE,ROBERTS,French Polynesia,Faaa,2,2,9.98,3.32,6.66,3
2005-07-09,CHRISTINE,ROBERTS,French Polynesia,Faaa,2,2,9.98,3.32,6.66,3
2005-06-17,LESTER,KRAUS,India,Kanchrapara,2,2,9.98,2.49,7.49,347
2005-06-17,LESTER,KRAUS,India,Kanchrapara,2,2,9.98,2.49,7.49,347
2005-06-17,LESTER,KRAUS,India,Kanchrapara,2,2,9.98,2.49,7.49,347
2005-06-17,LESTER,KRAUS,India,Kanchrapara,2,2,9.98,2.49,7.49,347
2005-06-17,LESTER,KRAUS,India,Kanchrapara,2,2,9.98,2.49,7.49,347
2005-06-17,LESTER,KRAUS,India,Kanchrapara,2,2,9.98,2.49,7.49,347
2005-06-17,LESTER,KRAUS,India,Kanchrapara,2,2,9.98,2.49,7.49,347
2005-06-17,LESTER,KRAUS,India,Kanchrapara,2,2,9.98,2.49,7.49,347
2005-06-17,LESTER,KRAUS,India,Kanchrapara,2,2,9.98,2.49,7.49,347
2005-06-17,LESTER,KRAUS,India,Kanchrapara,2,2,9.98,2.49,7.49,347
2005-06-17,LESTER,KRAUS,India,Kanchrapara,2,2,9.98,2.49,7.49,347
2005-06-17,LESTER,KRAUS,India,Kanchrapara,2,2,9.98,2.49,7.49,347
2005-06-17,LESTER,KRAUS,India,Kanchrapara,2,2,9.98,2.49,7.49,347
2005-06-17,LESTER,KRAUS,India,Kanchrapara,2,2,9.98,2.49,7.49,347
2005-06-17,LESTER,KRAUS,India,Kanchrapara,2,2,9.98,2.49,7.49,347
2005-06-17,LESTER,KRAUS,India,Kanchrapara,2,2,9.98,2.49,7.49,347
2005-06-17,LESTER,KRAUS,India,Kanchrapara,2,2,9.98,2.49,7.49,347
2005-06-17,LESTER,KRAUS,India,Kanchrapara,2,2,9.98,2.49,7.49,347
2005-07-06,OSCAR,AQUINO,Iran,Sirjan,2,2,9.98,2.99,6.99,23
2005-07-06,OSCAR,AQUINO,Iran,Sirjan,2,2,9.98,2.99,6.99,23
2005-07-06,OSCAR,AQUINO,Iran,Sirjan,2,2,9.98,2.99,6.99,23
2005-07-06,OSCAR,AQUINO,Iran,Sirjan,2,2,9.98,2.99,6.99,23
2005-07-06,OSCAR,AQUINO,Iran,Sirjan,2,2,9.98,2.99,6.99,23
2005-06-16,MARC,OUTLAW,Italy,Brindisi,2,2,9.98,2.99,6.99,21
2005-06-16,MARC,OUTLAW,Italy,Brindisi,2,2,9.98,2.99,6.99,21
2005-06-16,MARC,OUTLAW,Italy,Brindisi,2,2,9.98,2.99,6.99,21
2005-06-16,MARC,OUTLAW,Italy,Brindisi,2,2,9.98,2.99,6.99,21
2005-07-12,VIVIAN,RUIZ,Netherlands,s-Hertogenbosch,1,2,9.98,2.59,7.39,6
2005-07-12,VIVIAN,RUIZ,Netherlands,s-Hertogenbosch,1,2,9.98,2.59,7.39,6
2005-07-12,VIVIAN,RUIZ,Netherlands,s-Hertogenbosch,1,2,9.98,2.59,7.39,6
2005-07-07,DARLENE,ROSE,North Korea,Pyongyang,2,2,9.98,0.99,8.99,1
2005-06-15,SHIRLEY,ALLEN,Philippines,Davao,2,2,9.98,2.99,6.99,124
2005-06-15,SHIRLEY,ALLEN,Philippines,Davao,2,2,9.98,2.99,6.99,124
2005-06-15,SHIRLEY,ALLEN,Philippines,Davao,2,2,9.98,2.99,6.99,124
2005-06-15,SHIRLEY,ALLEN,Philippines,Davao,2,2,9.98,2.99,6.99,124
2005-06-15,SHIRLEY,ALLEN,Philippines,Davao,2,2,9.98,2.99,6.99,124
2005-06-15,SHIRLEY,ALLEN,Philippines,Davao,2,2,9.98,2.99,6.99,124
2005-06-15,SHIRLEY,ALLEN,Philippines,Davao,2,2,9.98,2.99,6.99,124
2005-06-15,SHIRLEY,ALLEN,Philippines,Davao,2,2,9.98,2.99,6.99,124
2005-06-15,SHIRLEY,ALLEN,Philippines,Davao,2,2,9.98,2.99,6.99,124
2005-06-15,SHIRLEY,ALLEN,Philippines,Davao,2,2,9.98,2.99,6.99,124
2005-06-15,SHIRLEY,ALLEN,Philippines,Davao,2,2,9.98,2.99,6.99,124
2005-06-15,SHIRLEY,ALLEN,Philippines,Davao,2,2,9.98,2.99,6.99,124
2005-06-15,SHIRLEY,ALLEN,Philippines,Davao,2,2,9.98,2.99,6.99,124
2005-06-20,ESTHER,CRAWFORD,South Africa,Botshabelo,2,2,9.98,3.32,6.66,45
2005-06-20,ESTHER,CRAWFORD,South Africa,Botshabelo,2,2,9.98,3.32,6.66,45
2005-06-20,ESTHER,CRAWFORD,South Africa,Botshabelo,2,2,9.98,3.32,6.66,45
2005-06-20,ESTHER,CRAWFORD,South Africa,Botshabelo,2,2,9.98,3.32,6.66,45
2005-06-20,ESTHER,CRAWFORD,South Africa,Botshabelo,2,2,9.98,3.32,6.66,45
2005-06-18,MORRIS,MCCARTER,Taiwan,Fengshan,2,2,9.98,2.99,6.99,48
2005-06-18,MORRIS,MCCARTER,Taiwan,Fengshan,2,2,9.98,2.99,6.99,48
2005-06-18,MORRIS,MCCARTER,Taiwan,Fengshan,2,2,9.98,2.99,6.99,48
2005-07-08,APRIL,BURNS,United Kingdom,Dundee,1,2,9.98,2.66,7.32,19
2005-07-08,APRIL,BURNS,United Kingdom,Dundee,1,2,9.98,2.66,7.32,19
2005-07-08,APRIL,BURNS,United Kingdom,Dundee,1,2,9.98,2.66,7.32,19
2005-07-08,APRIL,BURNS,United Kingdom,Dundee,1,2,9.98,2.66,7.32,19
2005-07-08,APRIL,BURNS,United Kingdom,Dundee,1,2,9.98,2.66,7.32,19
2005-07-08,APRIL,BURNS,United Kingdom,Dundee,1,2,9.98,2.66,7.32,19
2005-07-08,APRIL,BURNS,United Kingdom,Dundee,1,2,9.98,2.66,7.32,19
2005-07-08,APRIL,BURNS,United Kingdom,Dundee,1,2,9.98,2.66,7.32,19
2005-08-23,JESSIE,BANKS,Bulgaria,Stara Zagora,2,4,9.96,3.24,6.72,2
2005-08-23,JESSIE,BANKS,Bulgaria,Stara Zagora,2,4,9.96,3.24,6.72,2
2005-06-20,MYRTLE,FLEMING,Dominican Republic,Santiago de los Caballeros,1,1,8.99,1.99,7.0,8
2005-06-20,MYRTLE,FLEMING,Dominican Republic,Santiago de los Caballeros,1,1,8.99,1.99,7.0,8
2005-05-31,AGNES,BISHOP,India,Sambhal,2,1,8.99,2.99,6.0,365
2005-05-31,AGNES,BISHOP,India,Sambhal,2,1,8.99,2.99,6.0,365
2005-05-31,AGNES,BISHOP,India,Sambhal,2,1,8.99,2.99,6.0,365
2005-05-31,AGNES,BISHOP,India,Sambhal,2,1,8.99,2.99,6.0,365
2005-05-31,AGNES,BISHOP,India,Sambhal,2,1,8.99,2.99,6.0,365
2005-05-31,AGNES,BISHOP,India,Sambhal,2,1,8.99,2.99,6.0,365
2005-05-31,AGNES,BISHOP,India,Sambhal,2,1,8.99,2.99,6.0,365
2005-05-31,AGNES,BISHOP,India,Sambhal,2,1,8.99,2.99,6.0,365
2005-05-31,AGNES,BISHOP,India,Sambhal,2,1,8.99,2.99,6.0,365
2005-05-31,AGNES,BISHOP,India,Sambhal,2,1,8.99,2.99,6.0,365
2005-05-31,AGNES,BISHOP,India,Sambhal,2,1,8.99,2.99,6.0,365
2005-05-31,AGNES,BISHOP,India,Sambhal,2,1,8.99,2.99,6.0,365
2005-05-31,AGNES,BISHOP,India,Sambhal,2,1,8.99,2.99,6.0,365
2005-05-31,AGNES,BISHOP,India,Sambhal,2,1,8.99,2.99,6.0,365
2005-05-31,AGNES,BISHOP,India,Sambhal,2,1,8.99,2.99,6.0,365
2005-06-18,CRYSTAL,FORD,Israel,Ashdod,1,1,8.99,2.74,6.25,2
2005-06-18,CRYSTAL,FORD,Israel,Ashdod,1,1,8.99,2.74,6.25,2
2005-05-27,KURT,EMMONS,Japan,Kanazawa,1,1,8.99,0.99,8.0,214
2005-05-27,KURT,EMMONS,Japan,Kanazawa,1,1,8.99,0.99,8.0,214
2005-05-27,KURT,EMMONS,Japan,Kanazawa,1,1,8.99,0.99,8.0,214
2005-05-27,KURT,EMMONS,Japan,Kanazawa,1,1,8.99,0.99,8.0,214
2005-05-27,KURT,EMMONS,Japan,Kanazawa,1,1,8.99,0.99,8.0,214
2005-05-27,KURT,EMMONS,Japan,Kanazawa,1,1,8.99,0.99,8.0,214
2005-05-27,KURT,EMMONS,Japan,Kanazawa,1,1,8.99,0.99,8.0,214
2005-05-27,KURT,EMMONS,Japan,Kanazawa,1,1,8.99,0.99,8.0,214
2005-05-27,KURT,EMMONS,Japan,Kanazawa,1,1,8.99,0.99,8.0,214
2005-05-27,KURT,EMMONS,Japan,Kanazawa,1,1,8.99,0.99,8.0,214
2005-05-27,KURT,EMMONS,Japan,Kanazawa,1,1,8.99,0.99,8.0,214
2005-05-27,GENE,SANBORN,Oman,Salala,1,1,8.99,2.99,6.0,2
2005-05-27,GENE,SANBORN,Oman,Salala,1,1,8.99,2.99,6.0,2
2005-05-28,FREDDIE,DUGGAN,Peru,Sullana,1,1,8.99,2.99,6.0,6
2005-05-31,MAE,FLETCHER,Spain,Donostia-San Sebastin,2,1,8.99,2.99,6.0,10
2005-05-31,MAE,FLETCHER,Spain,Donostia-San Sebastin,2,1,8.99,2.99,6.0,10
2005-05-31,MAE,FLETCHER,Spain,Donostia-San Sebastin,2,1,8.99,2.99,6.0,10
2005-07-12,CHARLENE,ALVAREZ,Tanzania,Zanzibar,2,1,8.99,2.99,6.01,8
2005-07-12,CHARLENE,ALVAREZ,Tanzania,Zanzibar,2,1,8.99,2.99,6.01,8
2005-05-26,KATHRYN,COLEMAN,Ukraine,Simferopol,1,1,8.99,2.99,6.0,23
2005-05-26,KATHRYN,COLEMAN,Ukraine,Simferopol,1,1,8.99,2.99,6.0,23
2005-05-26,KATHRYN,COLEMAN,Ukraine,Simferopol,1,1,8.99,2.99,6.0,23
2005-07-28,ERIKA,PENA,Finland,Oulu,1,2,8.98,2.99,5.99,1
2005-05-28,SHARON,ROBINSON,Pakistan,Mardan,2,2,8.98,2.99,5.99,1
2005-05-28,SHARON,ROBINSON,Pakistan,Mardan,2,2,8.98,2.99,5.99,1
2005-06-15,THELMA,MURRAY,Peru,Lima,1,2,8.98,2.99,5.99,7
2005-06-15,THELMA,MURRAY,Peru,Lima,1,2,8.98,2.99,5.99,7
2005-06-15,THELMA,MURRAY,Peru,Lima,1,2,8.98,2.99,5.99,7
2005-05-30,NELSON,CHRISTENSON,Spain,Santiago de Compostela,1,2,8.98,0.99,7.99,13
2005-05-30,NELSON,CHRISTENSON,Spain,Santiago de Compostela,1,2,8.98,0.99,7.99,13
2005-05-30,NELSON,CHRISTENSON,Spain,Santiago de Compostela,1,2,8.98,0.99,7.99,13
2005-05-30,NELSON,CHRISTENSON,Spain,Santiago de Compostela,1,2,8.98,0.99,7.99,13
2005-05-30,NELSON,CHRISTENSON,Spain,Santiago de Compostela,1,2,8.98,0.99,7.99,13
2005-05-31,ELIZABETH,BROWN,Taiwan,Nantou,1,2,8.98,0.99,7.99,51
2005-05-31,ELIZABETH,BROWN,Taiwan,Nantou,1,2,8.98,0.99,7.99,51
2005-06-19,AMBER,DIXON,Taiwan,Touliu,1,2,8.98,2.99,5.99,51
2005-06-19,AMBER,DIXON,Taiwan,Touliu,1,2,8.98,2.99,5.99,51
2005-06-19,AMBER,DIXON,Taiwan,Touliu,1,2,8.98,2.99,5.99,51
2005-06-19,AMBER,DIXON,Taiwan,Touliu,1,2,8.98,2.99,5.99,51
2005-06-19,AMBER,DIXON,Taiwan,Touliu,1,2,8.98,2.99,5.99,51
2005-06-19,AMBER,DIXON,Taiwan,Touliu,1,2,8.98,2.99,5.99,51
2005-06-17,NATHAN,RUNYON,"Virgin Islands, U.S.",Charlotte Amalie,1,2,8.98,0.99,7.99,2
2005-07-11,ENRIQUE,FORSYTHE,Greece,Patras,1,3,8.97,2.66,6.31,4
2005-06-17,TOMMY,COLLAZO,Iran,Qomsheh,1,3,8.97,2.99,5.98,28
2005-06-17,TOMMY,COLLAZO,Iran,Qomsheh,1,3,8.97,2.99,5.98,28
2005-06-17,TOMMY,COLLAZO,Iran,Qomsheh,1,3,8.97,2.99,5.98,28
2005-07-06,ANNIE,RUSSELL,Mozambique,Tete,2,3,8.97,2.99,5.98,3
2005-06-17,JENNIE,TERRY,Czech Republic,Olomouc,2,1,7.99,0.99,7.0,2
2005-06-16,GAIL,KNIGHT,Switzerland,Bern,1,1,7.99,2.49,5.5,3
2005-06-16,GORDON,ALLARD,Yemen,Hodeida,1,1,7.99,2.49,5.51,7
2005-06-18,BOBBY,BOUDREAU,Anguilla,South Hill,2,2,7.98,2.59,5.39,1
2005-06-19,ANDREA,HENDERSON,Madagascar,Mahajanga,1,2,7.98,0.99,6.99,2
2005-06-21,JOHNNY,TURPIN,Sudan,al-Qadarif,2,2,7.98,2.65,5.33,5
2005-08-17,LARRY,THRASHER,Turkey,Adana,2,2,7.98,2.49,5.49,86
2005-08-17,LARRY,THRASHER,Turkey,Adana,2,2,7.98,2.49,5.49,86
2005-08-17,LARRY,THRASHER,Turkey,Adana,2,2,7.98,2.49,5.49,86
2005-08-17,LARRY,THRASHER,Turkey,Adana,2,2,7.98,2.49,5.49,86
2005-08-17,LARRY,THRASHER,Turkey,Adana,2,2,7.98,2.49,5.49,86
2005-08-17,LARRY,THRASHER,Turkey,Adana,2,2,7.98,2.49,5.49,86
2005-08-17,LARRY,THRASHER,Turkey,Adana,2,2,7.98,2.49,5.49,86
2005-05-27,JUNE,CARROLL,Algeria,Skikda,1,1,6.99,0.99,6.0,4
2005-05-29,GERTRUDE,CASTILLO,Greenland,Nuuk,1,1,6.99,1.49,5.51,3
2005-06-16,IRENE,PRICE,Kazakstan,Pavlodar,2,1,6.99,1.32,5.67,5
2005-06-16,IRENE,PRICE,Kazakstan,Pavlodar,2,1,6.99,1.32,5.67,5
2005-07-05,FRED,WHEAT,Mexico,Jurez,2,1,6.99,0.99,6.0,217
2005-05-31,SONIA,GREGORY,Nigeria,Benin City,1,1,6.99,0.99,6.0,72
2005-05-31,SONIA,GREGORY,Nigeria,Benin City,1,1,6.99,0.99,6.0,72
2005-05-31,SONIA,GREGORY,Nigeria,Benin City,1,1,6.99,0.99,6.0,72
2005-05-31,SONIA,GREGORY,Nigeria,Benin City,1,1,6.99,0.99,6.0,72
2005-05-31,SONIA,GREGORY,Nigeria,Benin City,1,1,6.99,0.99,6.0,72
2005-05-31,SONIA,GREGORY,Nigeria,Benin City,1,1,6.99,0.99,6.0,72
2005-05-26,JENNY,CASTRO,Puerto Rico,Ponce,2,1,6.99,1.99,5.0,2
2005-06-18,RALPH,MADRIGAL,Puerto Rico,Arecibo,2,1,6.99,2.32,4.67,2
2005-06-18,RALPH,MADRIGAL,Puerto Rico,Arecibo,2,1,6.99,2.32,4.67,2
2005-05-29,DANA,HART,Russian Federation,Kirovo-Tepetsk,1,1,6.99,0.99,6.0,175
2005-05-29,DANA,HART,Russian Federation,Kirovo-Tepetsk,1,1,6.99,0.99,6.0,175
2005-05-29,DANA,HART,Russian Federation,Kirovo-Tepetsk,1,1,6.99,0.99,6.0,175
2005-05-29,DANA,HART,Russian Federation,Kirovo-Tepetsk,1,1,6.99,0.99,6.0,175
2005-05-29,DANA,HART,Russian Federation,Kirovo-Tepetsk,1,1,6.99,0.99,6.0,175
2005-05-29,DANA,HART,Russian Federation,Kirovo-Tepetsk,1,1,6.99,0.99,6.0,175
2005-05-29,DANA,HART,Russian Federation,Kirovo-Tepetsk,1,1,6.99,0.99,6.0,175
2005-07-05,KIRK,STCLAIR,Taiwan,Tsaotun,1,1,6.99,1.99,5.0,59
2005-07-05,KIRK,STCLAIR,Taiwan,Tsaotun,1,1,6.99,1.99,5.0,59
2005-07-10,CHARLENE,ALVAREZ,Tanzania,Zanzibar,2,3,6.97,1.99,4.98,10
2005-07-10,CHARLENE,ALVAREZ,Tanzania,Zanzibar,2,3,6.97,1.99,4.98,10
2005-07-27,MATTIE,HOFFMAN,United Kingdom,London,2,3,6.97,1.99,4.98,27
2005-07-27,MATTIE,HOFFMAN,United Kingdom,London,2,3,6.97,1.99,4.98,27
2005-07-27,MATTIE,HOFFMAN,United Kingdom,London,2,3,6.97,1.99,4.98,27
2005-07-27,MATTIE,HOFFMAN,United Kingdom,London,2,3,6.97,1.99,4.98,27
2005-07-27,MATTIE,HOFFMAN,United Kingdom,London,2,3,6.97,1.99,4.98,27
2005-07-27,MATTIE,HOFFMAN,United Kingdom,London,2,3,6.97,1.99,4.98,27
2005-05-28,CLAUDE,HERZOG,Angola,Benguela,1,1,5.99,0.99,5.0,3
2005-05-29,JULIA,FLORES,Argentina,La Plata,1,1,5.99,1.99,4.0,46
2005-05-29,JULIA,FLORES,Argentina,La Plata,1,1,5.99,1.99,4.0,46
2005-07-06,JILL,HAWKINS,Austria,Linz,1,1,5.99,0.99,5.0,8
2005-07-06,JILL,HAWKINS,Austria,Linz,1,1,5.99,0.99,5.0,8
2005-07-06,JILL,HAWKINS,Austria,Linz,1,1,5.99,0.99,5.0,8
2005-05-26,SHERRY,MARSHALL,Egypt,Shubra al-Khayma,1,1,5.99,0.99,5.0,23
2005-06-14,DANIEL,CABRAL,Brazil,Ibirit,2,1,4.99,0.99,4.0,225
2005-06-18,ROBERTA,HARPER,Iran,Shahr-e Kord,1,1,4.99,1.66,3.33,31
2005-06-18,ROBERTA,HARPER,Iran,Shahr-e Kord,1,1,4.99,1.66,3.33,31
2005-06-18,ROBERTA,HARPER,Iran,Shahr-e Kord,1,1,4.99,1.66,3.33,31
2005-05-28,DARLENE,ROSE,North Korea,Pyongyang,2,1,4.99,0.99,4.0,2
2005-05-31,THELMA,MURRAY,Peru,Lima,1,1,4.99,0.99,4.0,10
2005-05-31,THELMA,MURRAY,Peru,Lima,1,1,4.99,0.99,4.0,10
2005-05-29,RALPH,MADRIGAL,Puerto Rico,Arecibo,2,1,4.99,0.99,4.0,5
2005-05-31,JOY,GEORGE,Romania,Botosani,2,1,4.99,0.99,4.0,5
2005-06-17,EMILY,DIAZ,South Korea,Kimchon,2,1,4.99,0.99,4.0,9
2005-06-17,EMILY,DIAZ,South Korea,Kimchon,2,1,4.99,0.99,4.0,9
2005-06-17,EMILY,DIAZ,South Korea,Kimchon,2,1,4.99,0.99,4.0,9
2005-06-17,EMILY,DIAZ,South Korea,Kimchon,2,1,4.99,0.99,4.0,9
2005-05-26,TANYA,GILBERT,South Korea,Naju,1,1,4.99,0.99,4.0,9
2005-05-26,TANYA,GILBERT,South Korea,Naju,1,1,4.99,0.99,4.0,9
2005-05-26,TANYA,GILBERT,South Korea,Naju,1,1,4.99,0.99,4.0,9
2005-06-15,JULIE,SANCHEZ,Spain,A Corua (La Corua),1,1,4.99,0.99,4.0,18
2005-06-15,JULIE,SANCHEZ,Spain,A Corua (La Corua),1,1,4.99,0.99,4.0,18
2005-06-15,JULIE,SANCHEZ,Spain,A Corua (La Corua),1,1,4.99,0.99,4.0,18
2005-06-20,JOHNNY,TURPIN,Sudan,al-Qadarif,2,1,4.99,1.49,3.51,6
2005-06-20,JOHNNY,TURPIN,Sudan,al-Qadarif,2,1,4.99,1.49,3.51,6
2005-05-27,ROSEMARY,SCHMIDT,Turkey,Usak,1,1,4.99,0.99,4.0,93
2005-05-27,ROSEMARY,SCHMIDT,Turkey,Usak,1,1,4.99,0.99,4.0,93
2005-06-17,CINDY,FISHER,Venezuela,Cuman,2,1,4.99,0.99,4.0,20
2005-06-17,CINDY,FISHER,Venezuela,Cuman,2,1,4.99,0.99,4.0,20
2005-06-17,GINA,WILLIAMSON,Yemen,Taizz,1,1,4.99,0.99,4.0,8
2005-06-17,GINA,WILLIAMSON,Yemen,Taizz,1,1,4.99,0.99,4.0,8
2005-05-29,JULIO,NOLAND,Ukraine,Konotop,2,1,3.99,0.99,3.0,26
2005-05-29,JULIO,NOLAND,Ukraine,Konotop,2,1,3.99,0.99,3.0,26
2005-06-17,MISTY,LAMBERT,United Arab Emirates,Sharja,2,1,3.99,0.99,3.0,3
2005-05-27,BOBBY,BOUDREAU,Anguilla,South Hill,2,1,2.99,0.99,2.0,2
2005-05-28,JAVIER,ELROD,Chad,NDjamna,1,1,2.99,0.99,2.0,2
2005-05-26,GREG,ROBINS,Vietnam,Nam Dinh,1,1,2.99,0.99,2.0,29
2005-05-30,WILLIAM,SATTERFIELD,Yemen,Sanaa,2,1,2.99,0.99,2.0,10
2005-05-30,WILLIAM,SATTERFIELD,Yemen,Sanaa,2,1,2.99,0.99,2.0,10
