amount_to_prev30_ratio,city_name,count_to_prev30_ratio,country_day_amount_percent_rank,country_name,customer_id,customer_name,prev30_avg_payment_amount,suspicion_rank,window_amount,window_end,window_payment_count,window_staff_count,window_start,window_store_count
10.0,Asuncin,1.8,1.0,Paraguay,226,MAUREEN LITTLE,3.59,1,35.91,2005-08-27,9,2,2005-08-21,2
10.0,Imus,0.8,1.0,Philippines,349,JOE GILLILAND,4.59,6,45.92,2005-08-23,8,2,2005-08-17,2
10.0,Karnal,2.5,1.0,India,274,NAOMI JENNINGS,3.99,5,39.9,2005-08-04,10,2,2005-07-29,2
10.0,Kuching,3.0,1.0,Malaysia,58,JEAN BELL,3.99,2,39.91,2005-08-02,9,2,2005-07-27,2
10.0,Mannheim,1.67,1.0,Germany,196,ALMA AUSTIN,4.49,1,44.9,2005-08-03,10,2,2005-07-28,2
10.0,Nantou,1.8,1.0,Taiwan,5,ELIZABETH BROWN,3.99,2,39.91,2005-07-12,9,2,2005-07-06,2
10.0,Santa Brbara dOeste,0.75,1.0,Brazil,178,MARION SNYDER,4.49,5,44.91,2005-08-23,9,2,2005-08-17,2
10.0,Uijongbu,0.9,1.0,South Korea,245,COURTNEY DAY,3.79,2,37.91,2005-08-04,9,2,2005-07-29,2
10.0,Zaria,4.0,1.0,Nigeria,232,CONSTANCE REID,4.99,3,49.88,2005-08-03,12,2,2005-07-28,2
10.0,Zhoushan,2.25,1.0,China,550,GUY BROWNLEE,3.49,6,34.91,2005-08-03,9,2,2005-07-28,2
10.01,Arak,0.58,1.0,Iran,36,KATHLEEN ADAMS,3.49,2,34.93,2005-08-23,7,2,2005-08-17,2
10.01,Cuernavaca,0.8,1.0,Mexico,575,ISAAC OGLESBY,3.99,4,39.92,2005-08-24,8,2,2005-08-18,2
10.01,Moscow,1.75,1.0,Russian Federation,46,CATHERINE CAMPBELL,3.49,8,34.93,2005-08-03,7,2,2005-07-28,2
10.01,Paarl,3.0,1.0,South Africa,338,DENNIS GILMAN,2.99,1,29.94,2005-06-22,6,2,2005-06-16,2
10.01,Parbhani,0.46,0.9722222222222222,India,300,JOHN FARNSWORTH,3.99,2,39.94,2005-08-26,6,2,2005-08-20,2
10.01,Quilmes,1.5,1.0,Argentina,585,PERRY SWAFFORD,3.49,1,34.94,2005-07-13,6,2,2005-07-07,2
10.01,Sharja,1.2,1.0,United Arab Emirates,292,MISTY LAMBERT,3.19,1,31.94,2005-07-13,6,2,2005-07-07,2
10.02,Changhwa,2.5,1.0,Taiwan,75,TAMMY SANDERS,2.99,1,29.95,2005-06-23,5,2,2005-06-17,2
10.02,Nezahualcyotl,1.0,1.0,Mexico,115,WENDY HARRISON,2.49,2,24.94,2005-07-15,6,2,2005-07-09,2
10.03,Ikerre,1.0,1.0,Nigeria,198,ELSIE KELLEY,1.99,1,19.96,2005-07-16,4,2,2005-07-10,2
10.04,Monywa,1.0,1.0,Myanmar,256,MABEL HOLLAND,1.49,1,14.96,2005-08-03,4,2,2005-07-28,2
10.04,Onomichi,1.14,1.0,Japan,337,JERRY JORDON,4.28,6,42.92,2005-08-23,8,2,2005-08-17,2
10.05,Kurashiki,0.78,1.0,Japan,34,REBECCA SCOTT,2.88,8,28.93,2005-08-24,7,2,2005-08-18,2
10.06,La Plata,1.71,1.0,Argentina,89,JULIA FLORES,4.56,6,45.88,2005-08-02,12,2,2005-07-27,2
10.07,Hoshiarpur,3.0,1.0,India,412,ALLEN BUTTERFIELD,0.99,1,9.97,2005-06-02,3,2,2005-05-27,2
10.08,Davao,0.88,1.0,Philippines,27,SHIRLEY ALLEN,3.37,4,33.93,2005-08-05,7,2,2005-07-30,2
10.08,Hsichuh,1.0,1.0,Taiwan,348,ROGER QUINTANILLA,4.35,2,43.89,2005-08-24,11,2,2005-08-18,2
10.08,Southport,2.0,1.0,United Kingdom,556,ARMANDO GRUBER,0.99,1,9.98,2005-06-04,2,2,2005-05-29,2
10.09,Davao,1.14,1.0,Philippines,27,SHIRLEY ALLEN,3.56,5,35.92,2005-08-03,8,2,2005-07-28,2
10.1,Fukuyama,1.09,1.0,Japan,141,DEBBIE REYES,4.44,5,44.88,2005-08-23,12,2,2005-08-17,2
10.12,Hidalgo,1.25,1.0,Mexico,150,DANIELLE DANIELS,4.24,3,42.9,2005-08-25,10,2,2005-08-19,2
10.12,Kaduna,1.17,1.0,Nigeria,18,CAROL GARCIA,3.16,2,31.93,2005-08-04,7,2,2005-07-29,2
10.13,Botosani,0.89,1.0,Romania,230,JOY GEORGE,3.55,1,35.92,2005-08-03,8,2,2005-07-28,2
10.13,Nador,0.71,1.0,Morocco,40,AMANDA CARTER,2.56,1,25.95,2005-08-05,5,2,2005-07-30,2
10.13,Zalantun,2.5,1.0,China,93,PHYLLIS FOSTER,3.74,1,37.9,2005-08-26,10,2,2005-08-20,2
10.14,Jinzhou,1.63,1.0,China,595,TERRENCE GUNDERSON,5.12,14,51.87,2005-08-02,13,2,2005-07-27,2
10.14,Tanauan,0.79,1.0,Philippines,373,LOUIS LEONE,4.92,5,49.89,2005-08-23,11,2,2005-08-17,2
10.15,Santa Brbara dOeste,0.91,1.0,Brazil,178,MARION SNYDER,4.72,1,47.9,2005-08-04,10,2,2005-07-29,2
10.16,Emmen,2.25,1.0,Netherlands,474,DUSTIN GILLETTE,3.24,2,32.91,2005-08-23,9,2,2005-08-17,2
10.16,Shubra al-Khayma,0.77,1.0,Egypt,119,SHERRY MARSHALL,4.22,1,42.9,2005-08-26,10,2,2005-08-20,2
10.16,Toulouse,1.13,1.0,France,35,VIRGINIA GREEN,3.24,1,32.91,2005-07-15,9,2,2005-07-09,2
10.17,Halifax,0.78,1.0,Canada,463,DARRELL POWER,3.43,3,34.93,2005-08-23,7,2,2005-08-17,2
10.17,Serpuhov,0.71,1.0,Russian Federation,567,ALFREDO MCADAMS,2.85,7,28.95,2005-08-03,5,2,2005-07-28,2
10.18,Gijn,0.83,1.0,Spain,394,CHRIS BROTHERS,2.16,4,21.95,2005-08-23,5,2,2005-08-17,2
10.19,Boa Vista,0.5,1.0,Brazil,342,HAROLD MARTINO,3.43,3,34.92,2005-08-26,8,2,2005-08-20,2
10.19,Tambaram,1.0,1.0,India,287,BECKY MILES,3.13,8,31.93,2005-08-03,7,2,2005-07-28,2
10.19,Zanzibar,1.0,1.0,Tanzania,220,CHARLENE ALVAREZ,4.12,1,41.92,2005-08-04,8,2,2005-07-29,2
10.2,Toulouse,0.64,1.0,France,35,VIRGINIA GREEN,3.72,1,37.93,2005-08-02,7,2,2005-07-27,2
10.21,Apeldoorn,0.85,1.0,Netherlands,137,RHONDA KENNEDY,5.37,1,54.89,2005-08-23,11,2,2005-08-17,2
10.21,Elista,2.0,1.0,Russian Federation,17,DONNA THOMPSON,3.32,6,33.94,2005-08-03,6,2,2005-07-28,2
10.21,Kansas City,1.0,1.0,United States,308,THOMAS GRIGSBY,3.62,6,36.92,2005-08-24,8,2,2005-08-18,2
10.21,Nantou,0.67,1.0,Taiwan,5,ELIZABETH BROWN,3.32,1,33.92,2005-08-24,8,2,2005-08-18,2
10.22,Dadu,2.75,1.0,Pakistan,416,JEFFERY PINSON,4.49,1,45.89,2005-08-03,11,2,2005-07-28,2
10.22,Escobar,1.0,1.0,Argentina,445,MICHEAL FORMAN,4.49,2,45.9,2005-08-23,10,2,2005-08-17,2
10.22,Fuyu,1.11,1.0,China,211,STACEY MONTGOMERY,4.1,3,41.9,2005-08-24,10,2,2005-08-18,2
10.22,Karnal,0.69,0.9722222222222222,India,274,NAOMI JENNINGS,4.3,1,43.91,2005-08-26,9,2,2005-08-20,2
10.22,Najafabad,1.0,1.0,Iran,368,HARRY ARCE,4.1,2,41.91,2005-08-25,9,2,2005-08-19,2
10.22,San Felipe del Progreso,0.88,1.0,Mexico,319,RONALD WEINER,3.62,5,36.93,2005-07-14,7,2,2005-07-08,2
10.23,Livorno,2.2,1.0,Italy,541,DARREN WINDHAM,4.39,2,44.89,2005-08-24,11,2,2005-08-18,2
10.23,Robamba,1.1,1.0,Ecuador,494,RAMON CHOATE,4.39,1,44.89,2005-08-03,11,2,2005-07-28,2
10.24,Berhampore (Baharampur),0.75,1.0,India,413,MARVIN YEE,2.24,7,22.94,2005-08-25,6,2,2005-08-19,2
10.24,Ivanovo,1.0,1.0,Russian Federation,106,CONNIE WALLACE,3.7,5,37.93,2005-08-03,7,2,2005-07-28,2
10.25,Binzhou,0.8,1.0,China,533,JESSIE MILAM,4.09,10,41.92,2005-08-23,8,2,2005-08-17,2
10.25,Datong,1.17,1.0,China,260,CHRISTY VARGAS,2.82,5,28.93,2005-08-03,7,2,2005-07-28,2
10.25,Jastrzebie-Zdrj,1.22,1.0,Poland,128,MARJORIE TUCKER,3.99,1,40.89,2005-08-24,11,2,2005-08-18,2
10.26,Jinzhou,4.0,1.0,China,595,TERRENCE GUNDERSON,3.99,5,40.92,2005-07-12,8,2,2005-07-06,2
10.26,Maikop,2.33,1.0,Russian Federation,346,ARTHUR SIMPKINS,3.99,3,40.93,2005-07-13,7,2,2005-07-07,2
10.27,Greensboro,0.62,1.0,United States,158,VERONICA STONE,2.91,5,29.92,2005-08-24,8,2,2005-08-18,2
10.27,Ilorin,1.29,1.0,Nigeria,103,GLADYS HAMILTON,4.28,1,43.91,2005-08-26,9,2,2005-08-20,2
10.28,Robamba,0.91,1.0,Ecuador,494,RAMON CHOATE,4.17,1,42.9,2005-08-04,10,2,2005-07-29,2
10.29,Kamyin,1.2,1.0,Russian Federation,510,BEN EASTER,3.59,4,36.94,2005-08-03,6,2,2005-07-28,2
10.29,Oshawa,1.4,1.0,Canada,189,LORETTA CARPENTER,3.59,2,36.93,2005-08-03,7,2,2005-07-28,2
10.3,Kakamigahara,0.67,0.9565217391304348,Japan,163,CATHY SPENCER,3.1,4,31.94,2005-08-25,6,2,2005-08-19,2
10.3,Laiwu,1.0,1.0,China,151,MEGAN PALMER,2.32,5,23.94,2005-08-05,6,1,2005-07-30,1
10.3,Yantai,3.0,1.0,China,272,KAY CALDWELL,3.49,13,35.94,2005-08-02,6,2,2005-07-27,2
10.31,Iligan,0.8,1.0,Philippines,580,ROSS GREY,3.29,3,33.92,2005-08-05,8,2,2005-07-30,2
10.31,Lipetsk,1.0,1.0,Russian Federation,44,MARIE TURNER,3.39,2,34.95,2005-07-14,5,2,2005-07-08,2
10.32,Fengshan,1.67,1.0,Taiwan,576,MORRIS MCCARTER,4.16,4,42.9,2005-08-02,10,2,2005-07-27,2
10.32,Juiz de Fora,0.73,1.0,Brazil,591,KENT ARSENAULT,4.35,4,44.92,2005-08-24,8,2,2005-08-18,2
10.32,Lima,1.25,1.0,Peru,122,THELMA MURRAY,3.87,2,39.9,2005-08-02,10,2,2005-07-27,2
10.32,Shaoguan,1.6,1.0,China,485,CLYDE TOBIAS,3.19,3,32.92,2005-07-13,8,2,2005-07-07,2
10.34,Baha Blanca,1.0,1.0,Argentina,322,JASON MORRISSEY,2.99,5,30.93,2005-08-02,7,2,2005-07-27,2
10.34,Batman,0.91,1.0,Turkey,172,BERNICE WILLIS,4.54,1,46.9,2005-08-24,10,2,2005-08-18,2
10.34,Kirovo-Tepetsk,1.83,1.0,Russian Federation,179,DANA HART,4.82,5,49.89,2005-08-02,11,2,2005-07-27,2
10.34,Le Mans,7.0,1.0,France,162,LAUREN HUDSON,2.99,1,30.93,2005-08-04,7,2,2005-07-29,2
10.34,Monywa,1.4,1.0,Myanmar,256,MABEL HOLLAND,2.99,1,30.93,2005-06-22,7,2,2005-06-16,2
10.34,Qalyub,2.33,1.0,Egypt,134,EMMA BOYD,2.99,2,30.93,2005-08-02,7,2,2005-07-27,2
10.34,Robamba,8.0,1.0,Ecuador,494,RAMON CHOATE,2.99,1,30.92,2005-07-12,8,2,2005-07-06,2
10.34,Shikarpur,1.14,1.0,Pakistan,25,DEBORAH WALKER,2.99,1,30.92,2005-08-05,8,2,2005-07-30,2
10.35,Amroha,1.2,1.0,India,534,CHRISTIAN JUNG,2.99,4,30.94,2005-08-05,6,2,2005-07-30,2
10.35,Halisahar,1.2,1.0,India,259,LENA JENSEN,5.59,6,57.88,2005-08-25,12,2,2005-08-19,2
10.36,Kuching,0.89,1.0,Malaysia,58,JEAN BELL,4.43,1,45.92,2005-08-24,8,2,2005-08-18,2
10.36,Molodetno,0.75,1.0,Belarus,144,CLARA SHAW,4.24,1,43.94,2005-07-15,6,1,2005-07-09,1
10.37,Miyakonojo,0.89,1.0,Japan,253,TERRY CARLSON,3.66,7,37.92,2005-08-24,8,2,2005-08-18,2
10.37,Satna,1.5,1.0,India,356,GERALD FULTZ,3.66,7,37.91,2005-08-03,9,2,2005-07-28,2
10.37,Songkhla,1.0,1.0,Thailand,86,JACQUELINE LONG,3.56,1,36.93,2005-07-12,7,2,2005-07-06,2
10.38,Mwanza,0.88,1.0,Tanzania,481,HERMAN DEVORE,3.37,2,34.93,2005-08-03,7,2,2005-07-28,2
10.38,Vitria de Santo Anto,0.75,1.0,Brazil,374,JEREMY HURTADO,3.37,2,34.94,2005-08-26,6,2,2005-08-20,2
10.4,Laredo,0.67,1.0,United States,6,JENNIFER DAVIS,2.88,4,29.94,2005-08-24,6,2,2005-08-18,2
10.4,Nezahualcyotl,1.4,1.0,Mexico,115,WENDY HARRISON,2.59,4,26.93,2005-07-14,7,2,2005-07-08,2
10.4,Yingkou,2.5,1.0,China,521,ROLAND SOUTH,3.74,9,38.9,2005-08-23,10,2,2005-08-17,2
10.42,Balurghat,1.0,1.0,India,208,LUCY WHEELER,2.49,5,25.94,2005-07-13,6,2,2005-07-07,2
10.43,Athenai,2.0,1.0,Greece,3,LINDA WILLIAMS,2.49,1,25.96,2005-06-22,4,2,2005-06-16,2
10.44,Cuauhtmoc,2.0,1.0,Mexico,467,ALVIN DELOACH,4.59,6,47.9,2005-08-02,10,2,2005-07-27,2
10.44,Touliu,1.0,1.0,Taiwan,139,AMBER DIXON,3.16,1,32.94,2005-07-15,6,2,2005-07-09,2
10.45,Lapu-Lapu,0.64,1.0,Philippines,244,VIOLA HANSON,3.54,2,36.93,2005-08-06,7,2,2005-07-31,2
10.45,Otsu,1.0,1.0,Japan,285,MIRIAM MCKINNEY,4.49,5,46.92,2005-08-02,8,2,2005-07-27,2
10.46,Baicheng,0.89,1.0,China,538,TED BREAUX,3.43,4,35.92,2005-08-04,8,2,2005-07-29,2
10.46,Patiala,2.0,1.0,India,296,RAMONA HALE,4.39,9,45.9,2005-08-23,10,2,2005-08-17,2
10.47,Moscow,1.1,1.0,Russian Federation,46,CATHERINE CAMPBELL,4.19,2,43.89,2005-08-24,11,2,2005-08-18,2
10.48,Ashdod,1.6,1.0,Israel,102,CRYSTAL FORD,4.19,1,43.92,2005-07-13,8,2,2005-07-07,2
10.48,Oyo,0.8,1.0,Nigeria,250,JO FOWLER,2.19,2,22.96,2005-08-27,4,2,2005-08-21,2
10.5,Arak,1.83,1.0,Iran,36,KATHLEEN ADAMS,3.32,3,34.89,2005-08-03,11,2,2005-07-28,2
10.5,Jos Azueta,3.33,1.0,Mexico,581,VIRGIL WOFFORD,3.99,3,41.9,2005-07-13,10,2,2005-07-07,2
10.5,Kimchon,5.5,1.0,South Korea,99,EMILY DIAZ,3.99,1,41.89,2005-07-12,11,2,2005-07-06,2
10.5,Loja,1.29,1.0,Ecuador,589,TRACY HERRMANN,4.28,1,44.91,2005-08-23,9,2,2005-08-17,2
10.5,Myingyan,1.29,1.0,Myanmar,4,BARBARA JONES,3.7,2,38.91,2005-08-23,9,2,2005-08-17,2
10.5,Syrakusa,1.43,1.0,Italy,221,BESSIE MORRISON,4.28,3,44.9,2005-08-23,10,2,2005-08-17,2
10.5,Vitria de Santo Anto,1.8,1.0,Brazil,374,JEREMY HURTADO,3.99,4,41.91,2005-08-23,9,2,2005-08-17,2
10.51,Atlixco,0.86,1.0,Mexico,84,SARA PERRY,3.13,3,32.94,2005-07-14,6,2,2005-07-08,2
10.51,Ilorin,1.17,1.0,Nigeria,103,GLADYS HAMILTON,3.32,2,34.93,2005-07-13,7,2,2005-07-07,2
10.51,Siliguri (Shiliguri),2.33,1.0,India,502,BRETT CORNWELL,3.32,6,34.93,2005-07-12,7,2,2005-07-06,2
10.51,Surakarta,1.0,1.0,Indonesia,450,JAY ROBB,2.56,1,26.93,2005-08-26,7,2,2005-08-20,2
10.53,Wroclaw,2.2,1.0,Poland,558,JIMMIE EGGLESTON,5.59,1,58.89,2005-07-12,11,2,2005-07-06,2
10.54,Parbhani,0.73,1.0,India,300,JOHN FARNSWORTH,4.26,5,44.92,2005-08-25,8,2,2005-08-19,2
10.55,Boksburg,2.17,1.0,South Africa,125,ETHEL WEBB,4.82,3,50.87,2005-08-03,13,2,2005-07-28,2
10.56,Santa Brbara dOeste,1.33,1.0,Brazil,178,MARION SNYDER,5.1,2,53.88,2005-08-03,12,2,2005-07-28,2
10.56,Usak,0.78,1.0,Turkey,204,ROSEMARY SCHMIDT,3.21,2,33.93,2005-08-02,7,2,2005-07-27,2
10.58,Kolpino,0.9,1.0,Russian Federation,295,DAISY BATES,3.49,3,36.91,2005-07-12,9,2,2005-07-06,2
10.58,Mannheim,0.6,1.0,Germany,196,ALMA AUSTIN,3.49,1,36.94,2005-08-05,6,2,2005-07-30,2
10.58,Rae Bareli,0.5,1.0,India,78,LORI WOOD,3.49,3,36.94,2005-08-05,6,2,2005-07-30,2
10.59,Cam Ranh,2.0,1.0,Vietnam,532,NEIL RENNER,4.24,1,44.92,2005-07-15,8,2,2005-07-09,2
10.59,Najafabad,1.25,1.0,Iran,368,HARRY ARCE,4.24,1,44.9,2005-08-24,10,2,2005-08-18,2
10.6,A Corua (La Corua),0.8,1.0,Spain,52,JULIE SANCHEZ,3.39,3,35.92,2005-08-23,8,2,2005-08-17,2
10.6,Ilorin,0.78,1.0,Nigeria,103,GLADYS HAMILTON,3.77,1,39.93,2005-08-27,7,2,2005-08-21,2
10.62,Davao,0.67,1.0,Philippines,27,SHIRLEY ALLEN,3.1,1,32.94,2005-08-06,6,2,2005-07-31,2
10.64,Kolpino,1.11,1.0,Russian Federation,295,DAISY BATES,3.66,1,38.9,2005-07-11,10,2,2005-07-05,2
10.64,Owo,3.33,1.0,Nigeria,280,TRACEY BARRETT,3.66,2,38.9,2005-08-03,10,2,2005-07-28,2
10.66,Czestochowa,3.0,1.0,Poland,572,SIDNEY BURLESON,4.49,2,47.88,2005-08-02,12,2,2005-07-27,2
10.66,Garden Grove,0.6,1.0,United States,593,RENE MCALISTER,3.09,1,32.94,2005-08-05,6,2,2005-07-30,2
10.67,Blumenau,1.0,1.0,Brazil,206,TERRI VASQUEZ,4.12,4,43.92,2005-08-25,8,2,2005-08-19,2
10.67,El Fuerte,0.86,1.0,Mexico,451,JIM REA,3.28,3,34.94,2005-07-12,6,2,2005-07-06,2
10.67,Ezeiza,3.0,1.0,Argentina,530,DARRYL ASHCRAFT,2.99,4,31.91,2005-08-02,9,2,2005-07-27,2
10.67,Greensboro,0.75,1.0,United States,158,VERONICA STONE,2.99,12,31.91,2005-08-23,9,2,2005-08-17,2
10.67,Sogamoso,5.0,1.0,Colombia,490,SAM MCDUFFIE,4.49,3,47.9,2005-07-12,10,2,2005-07-06,2
10.67,Sumy,2.25,1.0,Ukraine,187,BRITTANY RILEY,5.99,1,63.91,2005-08-23,9,2,2005-08-17,2
10.67,Ueda,1.38,0.9565217391304348,Japan,503,ANGEL BARCLAY,3.37,3,35.89,2005-08-25,11,2,2005-08-19,2
10.68,Belm,1.2,1.0,Brazil,362,NICHOLAS BARFIELD,2.99,1,31.94,2005-07-14,6,2,2005-07-08,2
10.68,Etawah,4.0,1.0,India,121,JOSEPHINE GOMEZ,2.99,16,31.92,2005-08-02,8,2,2005-07-27,2
10.68,Kamyin,1.75,1.0,Russian Federation,510,BEN EASTER,3.74,4,39.93,2005-08-02,7,2,2005-07-27,2
10.68,Nador,2.0,1.0,Morocco,40,AMANDA CARTER,2.99,1,31.92,2005-08-03,8,2,2005-07-28,2
10.69,Tangail,1.67,1.0,Bangladesh,21,MICHELLE CLARK,2.99,1,31.95,2005-06-24,5,2,2005-06-18,2
10.7,Tandil,1.0,1.0,Argentina,405,LEONARD SCHOFIELD,2.7,3,28.93,2005-08-03,7,2,2005-07-28,2
10.71,Salinas,2.0,1.0,United States,269,CASSANDRA WALTERS,1.49,1,15.96,2005-06-03,4,2,2005-05-28,2
10.71,Yingkou,1.0,1.0,China,521,ROLAND SOUTH,1.49,2,15.96,2005-07-15,4,2,2005-07-09,2
10.72,Torren,1.0,1.0,Mexico,133,PAULINE HENRY,2.42,3,25.93,2005-08-24,7,2,2005-08-18,2
10.74,Jelets,2.0,1.0,Russian Federation,100,ROBIN HAYES,4.74,2,50.92,2005-07-12,8,2,2005-07-06,2
10.75,Akron,1.5,1.0,United States,479,ZACHARY HITE,3.99,3,42.91,2005-07-12,9,2,2005-07-06,2
10.77,Warren,0.9,1.0,United States,276,BRANDY GRAVES,3.89,11,41.91,2005-08-23,9,2,2005-08-17,2
10.79,Satna,2.0,1.0,India,356,GERALD FULTZ,3.79,15,40.9,2005-08-02,10,2,2005-07-27,2
10.8,Hsichuh,1.22,1.0,Taiwan,348,ROGER QUINTANILLA,4.43,3,47.89,2005-08-02,11,2,2005-07-27,2
10.81,Salamanca,1.33,1.0,Mexico,273,PRISCILLA LOWE,4.16,2,44.92,2005-07-14,8,2,2005-07-08,2
10.81,Zapopan,2.33,1.0,Mexico,465,FLOYD GANDY,3.32,4,35.93,2005-08-23,7,2,2005-08-17,2
10.82,Santa Rosa,0.83,1.0,Philippines,522,ARNOLD HAVENS,5.07,2,54.9,2005-08-05,10,2,2005-07-30,2
10.83,Maracabo,2.5,1.0,Venezuela,453,CALVIN MARTEL,4.24,1,45.9,2005-08-23,10,2,2005-08-17,2
10.84,Enshi,1.33,1.0,China,110,TIFFANY JORDAN,1.66,8,17.96,2005-08-23,4,2,2005-08-17,2
10.84,Sungai Petani,2.0,1.0,Malaysia,306,CHARLES KOWALSKI,4.32,1,46.88,2005-08-02,12,2,2005-07-27,2
10.84,s-Hertogenbosch,1.33,1.0,Netherlands,184,VIVIAN RUIZ,1.66,1,17.96,2005-07-14,4,2,2005-07-08,2
10.85,Avellaneda,1.0,1.0,Argentina,560,JORDAN ARCHULETA,4.32,3,46.91,2005-08-04,9,2,2005-07-29,2
10.86,Kilis,1.0,1.0,Turkey,143,LESLIE GORDON,2.39,2,25.95,2005-08-23,5,2,2005-08-17,2
10.86,Shaoguan,0.75,1.0,China,485,CLYDE TOBIAS,3.49,4,37.91,2005-08-05,9,2,2005-07-30,2
10.87,Ljubertsy,0.67,1.0,Russian Federation,160,ERIN DUNN,3.49,1,37.92,2005-08-24,8,2,2005-08-18,2
10.87,Rustenburg,2.0,1.0,South Africa,407,DALE RATCLIFF,4.59,2,49.9,2005-08-03,10,2,2005-07-28,2
10.87,Tonghae,1.17,1.0,South Korea,536,FERNANDO CHURCHILL,3.49,1,37.93,2005-08-04,7,2,2005-07-29,2
10.89,Dundee,1.4,1.0,United Kingdom,142,APRIL BURNS,3.39,1,36.93,2005-08-04,7,2,2005-07-29,2
10.89,Miyakonojo,0.7,0.9565217391304348,Japan,253,TERRY CARLSON,3.39,2,36.93,2005-08-25,7,2,2005-08-19,2
10.91,Salamanca,1.8,1.0,Mexico,273,PRISCILLA LOWE,4.39,2,47.91,2005-07-12,9,2,2005-07-06,2
10.92,El Monte,1.75,1.0,United States,420,JACOB LANCE,2.74,1,29.93,2005-07-15,7,2,2005-07-09,2
10.93,Nakhon Sawan,0.9,1.0,Thailand,390,SHAWN HEATON,4.29,1,46.91,2005-08-26,9,2,2005-08-20,2
10.94,Allende,2.0,1.0,Mexico,414,VINCENT RALSTON,3.19,3,34.9,2005-08-23,10,2,2005-08-17,2
10.94,El Alto,0.8,1.0,Bolivia,455,JON WILES,2.19,1,23.96,2005-07-14,4,2,2005-07-08,2
10.95,Baicheng,0.7,1.0,China,538,TED BREAUX,3.19,3,34.93,2005-08-05,7,2,2005-07-30,2
10.95,Kaduna,1.6,1.0,Nigeria,18,CAROL GARCIA,3.19,1,34.92,2005-08-03,8,2,2005-07-28,2
10.96,Ikerre,0.41,1.0,Nigeria,198,ELSIE KELLEY,3.46,4,37.93,2005-08-25,7,2,2005-08-19,2
10.96,San Felipe de Puerto Plata,1.67,1.0,Dominican Republic,418,JEFF EAST,3.82,1,41.9,2005-08-04,10,2,2005-07-29,2
10.96,Shanwei,0.46,1.0,China,424,KYLE SPURLOCK,2.91,4,31.94,2005-08-06,6,2,2005-07-31,2
10.97,Batna,1.11,1.0,Algeria,441,MARIO CHEATHAM,3.55,1,38.9,2005-08-04,10,2,2005-07-29,2
10.97,Blumenau,1.29,1.0,Brazil,206,TERRI VASQUEZ,4.28,3,46.91,2005-08-23,9,2,2005-08-17,2
10.97,Palghat (Palakkad),1.0,1.0,India,268,NINA SOTO,3.37,5,36.92,2005-07-12,8,2,2005-07-06,2
10.97,Richmond Hill,0.92,1.0,Canada,410,CURTIS IRBY,4.82,1,52.89,2005-08-25,11,2,2005-08-19,2
10.97,Vancouver,1.5,1.0,Canada,436,TROY QUIGLEY,5.37,2,58.88,2005-08-23,12,2,2005-08-17,2
10.99,Daxian,0.47,1.0,China,64,JUDITH COX,2.72,3,29.93,2005-08-04,7,2,2005-07-29,2
11.0,Cuautla,2.4,1.0,Mexico,323,MATTHEW MAHAN,3.99,5,43.88,2005-08-02,12,2,2005-07-27,2
11.0,Haldia,0.91,1.0,India,186,HOLLY FOX,3.54,4,38.9,2005-08-25,10,2,2005-08-19,2
11.01,Po,9.0,1.0,Brazil,126,ELLEN SIMPSON,2.99,4,32.91,2005-07-12,9,2,2005-07-06,2
11.01,Sullana,2.0,1.0,Peru,597,FREDDIE DUGGAN,2.99,1,32.92,2005-08-03,8,2,2005-07-28,2
11.01,Taguig,1.17,1.0,Philippines,72,THERESA WATSON,2.99,5,32.93,2005-08-04,7,2,2005-07-29,2
11.02,Apeldoorn,0.92,1.0,Netherlands,137,RHONDA KENNEDY,5.07,1,55.89,2005-08-05,11,2,2005-07-30,2
11.02,Benin City,2.0,1.0,Nigeria,284,SONIA GREGORY,2.99,3,32.94,2005-07-12,6,2,2005-07-06,2
11.02,Juiz de Fora,1.67,1.0,Brazil,591,KENT ARSENAULT,2.99,3,32.95,2005-07-12,5,2,2005-07-06,2
11.02,Kamarhati,0.55,1.0,India,31,BRENDA WRIGHT,3.26,4,35.94,2005-07-12,6,2,2005-07-06,2
11.02,Lancaster,1.1,1.0,United States,112,ROSA REYNOLDS,4.89,10,53.89,2005-08-23,11,2,2005-08-17,2
11.02,Shimonoseki,7.0,1.0,Japan,29,ANGELA HERNANDEZ,1.99,1,21.93,2005-06-25,7,2,2005-06-19,2
11.02,Sucre,3.0,1.0,Bolivia,431,JOEL FRANCISCO,2.99,1,32.94,2005-06-23,6,2,2005-06-17,2
11.03,El Fuerte,1.5,1.0,Mexico,451,JIM REA,1.99,1,21.94,2005-06-23,6,2,2005-06-17,2
11.03,Etawah,0.75,1.0,India,121,JOSEPHINE GOMEZ,4.07,3,44.91,2005-08-25,9,2,2005-08-19,2
11.03,Pune,2.0,1.0,India,135,JUANITA MASON,1.99,4,21.94,2005-07-13,6,2,2005-07-07,2
11.05,Cape Coral,0.6,1.0,United States,526,KARL SEAL,4.79,3,52.91,2005-08-24,9,2,2005-08-18,2
11.06,Joliet,1.0,1.0,United States,504,NATHANIEL ADAM,3.88,2,42.91,2005-08-24,9,2,2005-08-18,2
11.06,Qinhuangdao,1.8,1.0,China,242,GLENDA FRAZIER,3.79,12,41.91,2005-08-02,9,2,2005-07-27,2
11.06,Tambaram,1.33,1.0,India,287,BECKY MILES,3.16,14,34.92,2005-08-02,8,2,2005-07-27,2
11.07,Kurgan,1.0,1.0,Russian Federation,376,RANDY GAITHER,3.16,1,34.94,2005-07-14,6,2,2005-07-08,2
11.09,Blumenau,2.0,1.0,Brazil,206,TERRI VASQUEZ,0.99,3,10.98,2005-06-24,2,1,2005-06-18,1
11.09,Duisburg,0.88,1.0,Germany,114,GRACE ELLIS,3.24,1,35.93,2005-08-02,7,2,2005-07-27,2
11.09,Fukuyama,1.0,1.0,Japan,141,DEBBIE REYES,3.24,2,35.92,2005-08-05,8,2,2005-07-30,2
11.09,Jakarta,1.0,1.0,Indonesia,153,SUZANNE NICHOLS,0.99,1,10.98,2005-06-26,2,1,2005-06-20,1
11.09,Joliet,0.8,1.0,United States,504,NATHANIEL ADAM,3.69,2,40.92,2005-08-25,8,2,2005-08-19,2
11.09,Kanazawa,2.0,1.0,Japan,547,KURT EMMONS,0.99,1,10.98,2005-06-02,2,1,2005-05-27,1
11.09,Shimoga,1.5,1.0,India,238,NELLIE GARRETT,3.24,4,35.94,2005-08-04,6,2,2005-07-29,2
11.1,Vitria de Santo Anto,1.0,1.0,Brazil,374,JEREMY HURTADO,3.42,3,37.93,2005-08-25,7,2,2005-08-19,2
11.11,Jining,1.14,1.0,China,594,EDUARDO HIATT,4.13,11,45.92,2005-08-02,8,2,2005-07-27,2
11.11,Moscow,1.63,1.0,Russian Federation,46,CATHERINE CAMPBELL,4.49,3,49.87,2005-08-23,13,2,2005-08-17,2
11.12,Santa Rosa,1.4,1.0,Philippines,522,ARNOLD HAVENS,3.59,2,39.93,2005-07-13,7,1,2005-07-07,1
11.13,Ogbomosho,0.78,1.0,Nigeria,277,OLGA JIMENEZ,3.77,3,41.93,2005-08-25,7,2,2005-08-19,2
11.15,Fuyu,1.38,1.0,China,211,STACEY MONTGOMERY,4.12,7,45.89,2005-08-23,11,2,2005-08-17,2
11.15,Molodetno,0.63,1.0,Belarus,144,CLARA SHAW,4.12,1,45.9,2005-08-23,10,2,2005-08-17,2
11.15,Warren,2.5,1.0,United States,276,BRANDY GRAVES,3.49,5,38.9,2005-08-02,10,2,2005-07-27,2
11.18,Benin City,0.8,1.0,Nigeria,284,SONIA GREGORY,2.59,2,28.96,2005-07-14,4,2,2005-07-08,2
11.19,Dos Quebradas,0.78,1.0,Colombia,120,SYLVIA ORTIZ,3.66,1,40.93,2005-08-25,7,2,2005-08-19,2
11.19,Iwatsuki,0.8,0.9565217391304348,Japan,396,EARL SHANKS,3.39,1,37.92,2005-08-25,8,2,2005-08-19,2
11.2,Kuwana,1.0,1.0,Japan,531,JAMIE WAUGH,4.55,2,50.91,2005-08-03,9,2,2005-07-28,2
11.21,Kakamigahara,0.88,1.0,Japan,163,CATHY SPENCER,3.12,6,34.93,2005-08-24,7,2,2005-08-18,2
11.21,Mandaluyong,1.14,1.0,Philippines,263,HILDA HOPKINS,4.28,4,47.92,2005-08-23,8,2,2005-08-17,2
11.22,Cianjur,0.88,1.0,Indonesia,411,NORMAN CURRIER,2.49,2,27.93,2005-08-23,7,2,2005-08-17,2
11.22,Crdoba,1.17,1.0,Argentina,24,KIMBERLY LEE,2.49,1,27.93,2005-08-23,7,2,2005-08-17,2
11.22,Tandil,0.75,1.0,Argentina,405,LEONARD SCHOFIELD,2.49,2,27.94,2005-08-04,6,2,2005-07-29,2
11.23,Bijapur,1.86,1.0,India,468,TIM CARY,5.42,8,60.87,2005-08-23,13,2,2005-08-17,2
11.25,Nador,1.25,1.0,Morocco,40,AMANDA CARTER,3.99,2,44.9,2005-08-23,10,2,2005-08-17,2
11.26,Adoni,1.4,1.0,India,367,ADAM GOOCH,3.99,11,44.93,2005-08-24,7,2,2005-08-18,2
11.3,Sumy,1.6,1.0,Ukraine,187,BRITTANY RILEY,5.39,1,60.92,2005-08-24,8,2,2005-08-18,2
11.31,Serpuhov,1.0,1.0,Russian Federation,567,ALFREDO MCADAMS,2.82,3,31.94,2005-08-02,6,2,2005-07-27,2
11.33,Avellaneda,1.83,1.0,Argentina,560,JORDAN ARCHULETA,4.49,1,50.89,2005-08-01,11,2,2005-07-26,2
11.34,Hohhot,0.75,1.0,China,138,HAZEL WARREN,2.99,3,33.91,2005-08-06,9,2,2005-07-31,2
11.34,Shikarpur,1.5,1.0,Pakistan,25,DEBORAH WALKER,2.99,2,33.91,2005-08-04,9,2,2005-07-29,2
11.35,Baicheng,0.55,1.0,China,538,TED BREAUX,2.99,2,33.94,2005-08-06,6,2,2005-07-31,2
11.35,Haiphong,2.33,1.0,Vietnam,199,BETH FRANKLIN,2.99,2,33.93,2005-07-14,7,2,2005-07-08,2
11.35,Kaliningrad,2.33,1.0,Russian Federation,301,ROBERT BAUGHMAN,2.99,2,33.93,2005-07-13,7,2,2005-07-07,2
11.35,Santiago de Compostela,2.33,1.0,Spain,549,NELSON CHRISTENSON,2.99,2,33.93,2005-08-02,7,2,2005-07-27,2
11.36,Cape Coral,1.33,1.0,United States,526,KARL SEAL,4.66,4,52.88,2005-08-02,12,2,2005-07-27,2
11.37,Ueda,1.71,1.0,Japan,503,ANGEL BARCLAY,3.42,5,38.88,2005-08-24,12,2,2005-08-18,2
11.4,Adana,0.88,1.0,Turkey,327,LARRY THRASHER,3.24,1,36.93,2005-08-26,7,2,2005-08-20,2
11.4,Cape Coral,0.5,1.0,United States,526,KARL SEAL,4.55,1,51.92,2005-08-25,8,2,2005-08-19,2
11.4,Goinia,3.33,1.0,Brazil,92,TINA SIMMONS,4.99,2,56.9,2005-07-12,10,2,2005-07-06,2
11.4,Valparai,1.38,1.0,India,403,MIKE WAY,4.99,2,56.89,2005-08-05,11,2,2005-07-30,2
11.43,Maikop,2.0,1.0,Russian Federation,346,ARTHUR SIMPKINS,5.85,3,66.86,2005-08-03,14,2,2005-07-28,2
11.43,Pontianak,1.25,1.0,Indonesia,506,LESLIE SEWARD,3.49,1,39.9,2005-08-23,10,2,2005-08-17,2
11.44,Dundee,2.0,1.0,United Kingdom,142,APRIL BURNS,3.49,3,39.92,2005-08-03,8,2,2005-07-28,2
11.44,Iligan,1.67,1.0,Philippines,580,ROSS GREY,1.66,1,18.95,2005-07-13,5,2,2005-07-07,2
11.44,Lincoln,1.13,1.0,United States,63,ASHLEY RICHARDSON,3.49,9,39.91,2005-08-23,9,2,2005-08-17,2
11.46,Dadu,1.5,1.0,Pakistan,416,JEFFERY PINSON,3.66,1,41.91,2005-08-04,9,2,2005-07-29,2
11.46,Ourense (Orense),1.09,1.0,Spain,469,WESLEY BULL,4.35,1,49.88,2005-08-02,12,2,2005-07-27,2
11.46,Santo Andr,1.22,1.0,Brazil,354,JUSTIN NGO,3.66,1,41.89,2005-08-01,11,2,2005-07-26,2
11.48,Daugavpils,1.43,1.0,Latvia,347,RYAN SALISBURY,3.56,1,40.9,2005-08-03,10,2,2005-07-28,2
11.5,Joliet,1.25,1.0,United States,504,NATHANIEL ADAM,3.99,8,45.9,2005-08-23,10,2,2005-08-17,2
11.5,Peoria,1.86,1.0,United States,275,CAROLE BARNETT,3.99,1,45.87,2005-08-24,13,2,2005-08-18,2
11.51,Owo,0.62,1.0,Nigeria,280,TRACEY BARRETT,3.99,2,45.92,2005-08-25,8,2,2005-08-19,2
11.52,Yuzhou,3.5,1.0,China,324,GARY COY,1.99,4,22.93,2005-07-12,7,2,2005-07-06,2
11.56,Kumbakonam,1.4,1.0,India,271,PENNY NEAL,2.59,6,29.93,2005-08-03,7,2,2005-07-28,2
11.58,Sal,2.5,1.0,Morocco,22,LAURA RODRIGUEZ,4.74,1,54.9,2005-08-23,10,2,2005-08-17,2
11.59,Berhampore (Baharampur),1.33,1.0,India,413,MARVIN YEE,2.32,7,26.92,2005-08-23,8,2,2005-08-17,2
11.59,Garden Grove,0.78,1.0,United States,593,RENE MCALISTER,3.1,4,35.93,2005-08-04,7,2,2005-07-29,2
11.61,Daxian,2.5,1.0,China,64,JUDITH COX,2.49,2,28.9,2005-07-14,10,2,2005-07-08,2
11.62,Nantou,0.82,1.0,Taiwan,5,ELIZABETH BROWN,3.26,1,37.91,2005-08-23,9,2,2005-08-17,2
11.62,York,0.88,1.0,United Kingdom,497,GILBERT SLEDGE,3.87,2,44.93,2005-08-03,7,2,2005-07-28,2
11.63,Etawah,1.33,1.0,India,121,JOSEPHINE GOMEZ,4.55,10,52.88,2005-08-24,12,2,2005-08-18,2
11.64,Salzburg,1.38,1.0,Austria,266,NORA HERRERA,4.12,1,47.89,2005-08-24,11,2,2005-08-18,2
11.65,Chatsworth,1.67,1.0,South Africa,555,DWIGHT LOMBARDI,2.66,1,30.95,2005-08-05,5,2,2005-07-30,2
11.65,Hohhot,0.91,1.0,China,138,HAZEL WARREN,3.08,2,35.9,2005-08-05,10,2,2005-07-30,2
11.65,Lhokseumawe,1.0,1.0,Indonesia,473,JORGE OLIVARES,3.77,1,43.91,2005-08-03,9,2,2005-07-28,2
11.65,Witten,0.88,1.0,Germany,201,VICKI FIELDS,2.74,1,31.93,2005-08-26,7,2,2005-08-20,2
11.66,Avellaneda,1.25,1.0,Argentina,560,JORDAN ARCHULETA,4.37,2,50.9,2005-08-03,10,2,2005-07-28,2
11.66,Boksburg,2.8,1.0,South Africa,125,ETHEL WEBB,4.79,2,55.86,2005-08-02,14,2,2005-07-27,2
11.67,Tokat,1.33,1.0,Turkey,566,CASEY MENA,4.1,2,47.88,2005-08-04,12,2,2005-07-29,2
11.68,Huaian,1.75,1.0,China,384,ERNEST STEPP,2.99,2,34.93,2005-06-23,7,2,2005-06-17,2
11.68,Sorocaba,0.64,1.0,Brazil,314,GEORGE LINTON,2.99,1,34.93,2005-08-03,7,2,2005-07-28,2
11.68,Sumy,1.0,1.0,Ukraine,187,BRITTANY RILEY,3.42,2,39.93,2005-07-12,7,2,2005-07-06,2
11.7,Atinsk,1.25,1.0,Russian Federation,397,JIMMY SCHRADER,3.24,1,37.9,2005-08-22,10,2,2005-08-16,2
11.71,Satna,1.1,1.0,India,356,GERALD FULTZ,4.09,6,47.89,2005-08-23,11,2,2005-08-17,2
11.72,Okinawa,4.5,1.0,Japan,365,BRUCE SCHWARZ,3.49,4,40.91,2005-08-02,9,2,2005-07-27,2
11.72,Vitria de Santo Anto,1.33,1.0,Brazil,374,JEREMY HURTADO,3.49,3,40.92,2005-08-24,8,2,2005-08-18,2
11.74,Carmen,1.33,1.0,Mexico,578,WILLARD LUMPKIN,3.66,4,42.92,2005-08-02,8,2,2005-07-27,2
11.74,Tabriz,1.57,1.0,Iran,279,DIANNE SHELTON,4.42,1,51.89,2005-08-25,11,2,2005-08-19,2
11.76,Meixian,1.29,1.0,China,90,RUBY WASHINGTON,3.99,4,46.91,2005-08-03,9,2,2005-07-28,2
11.77,Emeishan,1.14,1.0,China,389,ALAN KAHN,3.56,3,41.92,2005-08-03,8,2,2005-07-28,2
11.77,Kamjanets-Podilskyi,1.8,1.0,Ukraine,386,TODD TAN,3.39,1,39.91,2005-07-12,9,2,2005-07-06,2
11.78,Ambattur,1.2,1.0,India,225,ARLENE HARVEY,4.49,13,52.88,2005-08-02,12,2,2005-07-27,2
11.8,Balikesir,1.4,1.0,Turkey,366,BRANDON HUEY,2.79,2,32.93,2005-07-14,7,2,2005-07-08,2
11.84,Lengshuijiang,1.0,1.0,China,267,MARGIE WADE,3.88,6,45.91,2005-08-23,9,2,2005-08-17,2
11.84,Uruapan,2.2,1.0,Mexico,454,ALEX GRESHAM,3.79,2,44.89,2005-08-24,11,2,2005-08-18,2
11.86,Chandrapur,1.25,1.0,India,167,SALLY PIERCE,3.37,9,39.9,2005-08-24,10,2,2005-08-18,2
11.88,Donostia-San Sebastin,0.88,1.0,Spain,293,MAE FLETCHER,3.87,1,45.93,2005-08-26,7,2,2005-08-20,2
11.94,Halisahar,1.44,1.0,India,259,LENA JENSEN,5.43,8,64.87,2005-08-24,13,2,2005-08-18,2
12.0,Botshabelo,1.83,1.0,South Africa,132,ESTHER CRAWFORD,3.32,2,39.89,2005-07-12,11,2,2005-07-06,2
12.0,Nakhon Sawan,1.38,1.0,Thailand,390,SHAWN HEATON,4.49,1,53.89,2005-08-25,11,2,2005-08-19,2
12.0,Probolinggo,2.0,1.0,Indonesia,372,STEVE MACKENZIE,5.16,2,61.88,2005-08-02,12,2,2005-07-27,2
12.01,Aden,1.5,1.0,Yemen,210,ELLA OLIVER,4.32,1,51.91,2005-08-24,9,2,2005-08-18,2
12.01,Allende,1.5,1.0,Mexico,414,VINCENT RALSTON,2.82,2,33.91,2005-08-25,9,2,2005-08-19,2
12.01,Botshabelo,1.13,1.0,South Africa,132,ESTHER CRAWFORD,2.99,1,35.91,2005-07-13,9,2,2005-07-07,2
12.01,Buenaventura,4.0,1.0,Colombia,235,JACKIE LYNCH,2.99,2,35.92,2005-07-12,8,2,2005-07-06,2
12.01,Ivanovo,2.5,1.0,Russian Federation,106,CONNIE WALLACE,3.99,2,47.9,2005-08-02,10,2,2005-07-27,2
12.01,San Felipe del Progreso,1.5,1.0,Mexico,319,RONALD WEINER,3.66,2,43.91,2005-07-13,9,2,2005-07-07,2
12.01,Santa F,3.0,1.0,Argentina,331,ERIC ROBERT,4.32,1,51.91,2005-07-12,9,2,2005-07-06,2
12.01,Sterling Heights,1.5,1.0,United States,146,JAMIE RICE,3.82,7,45.91,2005-08-23,9,2,2005-08-17,2
12.01,Tiefa,1.67,1.0,China,302,MICHAEL SILVERMAN,3.82,10,45.9,2005-08-02,10,2,2005-07-27,2
12.01,York,1.14,1.0,United Kingdom,497,GILBERT SLEDGE,3.99,2,47.92,2005-08-02,8,2,2005-07-27,2
12.02,Adana,0.67,1.0,Turkey,327,LARRY THRASHER,2.99,1,35.94,2005-08-28,6,2,2005-08-22,2
12.02,Beira,3.0,1.0,Mozambique,257,MARSHA DOUGLAS,2.99,1,35.94,2005-07-14,6,2,2005-07-08,2
12.02,Chatsworth,7.0,1.0,South Africa,555,DWIGHT LOMBARDI,2.99,1,35.93,2005-08-03,7,2,2005-07-28,2
12.02,Sucre,7.0,1.0,Bolivia,431,JOEL FRANCISCO,2.99,1,35.93,2005-06-22,7,2,2005-06-16,2
12.02,Tandil,1.33,1.0,Argentina,405,LEONARD SCHOFIELD,2.66,3,31.92,2005-08-02,8,2,2005-07-27,2
12.03,Ikerre,3.0,1.0,Nigeria,198,ELSIE KELLEY,1.99,1,23.94,2005-07-14,6,2,2005-07-08,2
12.03,Tambaram,1.33,1.0,India,287,BECKY MILES,2.32,3,27.96,2005-06-21,4,2,2005-06-15,2
12.04,Ourense (Orense),0.77,1.0,Spain,469,WESLEY BULL,4.14,2,49.9,2005-08-23,10,2,2005-08-17,2
12.04,Pune,1.25,1.0,India,135,JUANITA MASON,1.74,1,20.95,2005-07-15,5,2,2005-07-09,2
12.06,Santo Andr,1.33,1.0,Brazil,354,JUSTIN NGO,1.32,2,15.96,2005-06-21,4,1,2005-06-15,1
12.06,Tanauan,0.73,1.0,Philippines,373,LOUIS LEONE,3.81,1,45.92,2005-08-05,8,2,2005-07-30,2
12.07,Santo Andr,0.75,1.0,Brazil,354,JUSTIN NGO,1.24,2,14.97,2005-06-24,3,1,2005-06-18,1
12.08,Arak,2.0,1.0,Iran,36,KATHLEEN ADAMS,0.99,1,11.96,2005-07-14,4,2,2005-07-08,2
12.08,San Lorenzo,2.0,1.0,Paraguay,345,CARL ARTIS,0.99,1,11.96,2005-06-21,4,2,2005-06-15,2
12.09,Huejutla de Reyes,3.0,1.0,Mexico,582,ANDY VANHORN,0.99,2,11.97,2005-06-22,3,2,2005-06-16,2
12.09,Jakarta,3.0,1.0,Indonesia,153,SUZANNE NICHOLS,0.99,1,11.97,2005-06-25,3,1,2005-06-19,1
12.09,Smolensk,1.5,1.0,Russian Federation,127,ELAINE STEVENS,0.99,2,11.97,2005-06-21,3,2,2005-06-15,2
12.09,Usak,3.0,1.0,Turkey,204,ROSEMARY SCHMIDT,0.99,1,11.97,2005-06-02,3,2,2005-05-27,2
12.1,Atlixco,2.0,1.0,Mexico,84,SARA PERRY,0.99,1,11.98,2005-06-04,2,1,2005-05-29,1
12.1,Balurghat,1.4,1.0,India,208,LUCY WHEELER,2.39,3,28.93,2005-07-12,7,2,2005-07-06,2
12.1,Kirovo-Tepetsk,2.0,1.0,Russian Federation,179,DANA HART,0.99,1,11.98,2005-06-04,2,1,2005-05-29,1
12.11,Dongying,1.0,1.0,China,466,LEO EBERT,3.13,5,37.93,2005-08-23,7,2,2005-08-17,2
12.12,Halisahar,1.6,1.0,India,259,LENA JENSEN,3.79,5,45.92,2005-08-03,8,2,2005-07-28,2
12.12,Urawa,1.38,1.0,Japan,147,JOANNE ROBERTSON,4.12,1,49.89,2005-08-26,11,2,2005-08-20,2
12.14,Hunuco,0.67,1.0,Peru,565,JAIME NETTLES,2.88,1,34.94,2005-08-06,6,2,2005-07-31,2
12.15,Memphis,3.5,1.0,United States,181,ANA BRADLEY,6.49,3,78.86,2005-08-02,14,2,2005-07-27,2
12.16,Berhampore (Baharampur),1.0,1.0,India,413,MARVIN YEE,2.13,7,25.93,2005-08-24,7,2,2005-08-18,2
12.21,Changzhou,1.0,1.0,China,197,SUE PETERS,2.62,1,31.92,2005-06-21,8,2,2005-06-15,2
12.23,Touliu,2.0,1.0,Taiwan,139,AMBER DIXON,3.59,1,43.9,2005-08-25,10,2,2005-08-19,2
12.24,Purnea (Purnia),2.25,1.0,India,426,BRADLEY MOTLEY,4.24,12,51.91,2005-08-02,9,2,2005-07-27,2
12.26,Halisahar,2.25,1.0,India,259,LENA JENSEN,3.99,11,48.91,2005-08-02,9,2,2005-07-27,2
12.27,Monywa,2.5,1.0,Myanmar,256,MABEL HOLLAND,3.74,1,45.9,2005-08-23,10,2,2005-08-17,2
12.29,Aden,2.75,1.0,Yemen,210,ELLA OLIVER,3.49,1,42.89,2005-07-13,11,2,2005-07-07,2
12.31,Arecibo,1.71,1.0,Puerto Rico,360,RALPH MADRIGAL,4.13,1,50.88,2005-08-02,12,2,2005-07-27,2
12.31,Etawah,1.0,1.0,India,121,JOSEPHINE GOMEZ,2.19,3,26.95,2005-08-04,5,2,2005-07-29,2
12.32,Lungtan,2.25,1.0,Taiwan,30,MELISSA KING,3.24,1,39.91,2005-07-12,9,2,2005-07-06,2
12.34,Hanoi,2.5,1.0,Vietnam,340,PATRICK NEWSOM,2.99,1,36.9,2005-08-04,10,2,2005-07-29,2
12.35,Daxian,0.83,1.0,China,64,JUDITH COX,2.91,9,35.9,2005-08-02,10,2,2005-07-27,2
12.35,Omdurman,1.2,1.0,Sudan,50,DIANE COLLINS,2.99,1,36.94,2005-07-15,6,2,2005-07-09,2
12.36,Tanauan,0.92,1.0,Philippines,373,LOUIS LEONE,4.68,1,57.88,2005-08-22,12,2,2005-08-16,2
12.37,Bergamo,1.0,1.0,Italy,439,ALEXANDER FENNELL,3.79,1,46.9,2005-08-24,10,2,2005-08-18,2
12.38,Lapu-Lapu,1.0,1.0,Philippines,244,VIOLA HANSON,3.55,4,43.91,2005-08-04,9,2,2005-07-29,2
12.38,Usolje-Sibirskoje,1.0,1.0,Russian Federation,462,WARREN SHERROD,4.35,2,53.89,2005-08-23,11,2,2005-08-17,2
12.39,Cape Coral,0.85,1.0,United States,526,KARL SEAL,4.91,6,60.89,2005-08-23,11,2,2005-08-17,2
12.39,Katihar,1.0,1.0,India,419,CHAD CARBONE,2.66,10,32.91,2005-08-02,9,2,2005-07-27,2
12.4,San Bernardino,2.8,1.0,United States,2,PATRICIA JOHNSON,5.39,3,66.86,2005-08-04,14,2,2005-07-29,2
12.41,Tanauan,1.11,1.0,Philippines,373,LOUIS LEONE,4.1,4,50.9,2005-08-03,10,2,2005-07-28,2
12.42,Omiya,1.43,1.0,Japan,404,STANLEY SCROGGINS,4.42,4,54.9,2005-08-24,10,2,2005-08-18,2
12.42,Pak Kret,1.38,1.0,Thailand,42,CAROLYN PEREZ,3.62,1,44.89,2005-08-03,11,2,2005-07-28,2
12.42,San Juan Bautista Tuxtepec,0.86,1.0,Mexico,425,FRANCIS SIKES,1.85,1,22.94,2005-08-25,6,2,2005-08-19,2
12.44,Skikda,0.9,1.0,Algeria,176,JUNE CARROLL,3.69,1,45.91,2005-08-23,9,2,2005-08-17,2
12.44,Zaria,6.5,1.0,Nigeria,232,CONSTANCE REID,4.49,2,55.87,2005-08-02,13,2,2005-07-27,2
12.48,Ourense (Orense),0.64,1.0,Spain,469,WESLEY BULL,3.92,1,48.91,2005-08-24,9,2,2005-08-18,2
12.48,Zhoushan,0.62,0.9666666666666667,China,550,GUY BROWNLEE,3.76,2,46.92,2005-08-25,8,2,2005-08-19,2
12.49,Johannesburg,1.0,1.0,South Africa,471,DEAN SAUER,3.12,1,38.92,2005-08-26,8,2,2005-08-20,2
12.5,Shubra al-Khayma,0.92,1.0,Egypt,119,SHERRY MARSHALL,3.99,2,49.89,2005-08-25,11,2,2005-08-19,2
12.51,Akishima,1.8,1.0,Japan,574,JULIAN VEST,3.19,3,39.91,2005-07-12,9,2,2005-07-06,2
12.51,Cam Ranh,3.0,1.0,Vietnam,532,NEIL RENNER,3.99,1,49.91,2005-07-14,9,2,2005-07-08,2
12.51,Kolpino,0.75,1.0,Russian Federation,295,DAISY BATES,3.99,3,49.91,2005-08-04,9,2,2005-07-29,2
12.51,Xiangfan,1.8,1.0,China,241,HEIDI LARSON,2.39,3,29.91,2005-07-12,9,2,2005-07-06,2
12.52,Poos de Caldas,1.6,1.0,Brazil,254,MAXINE SILVA,2.79,1,34.92,2005-07-12,8,2,2005-07-06,2
12.53,Belm,0.67,1.0,Brazil,362,NICHOLAS BARFIELD,3.82,1,47.92,2005-08-26,8,2,2005-08-20,2
12.53,Songkhla,7.0,1.0,Thailand,86,JACQUELINE LONG,1.99,1,24.93,2005-06-22,7,2,2005-06-16,2
12.55,Gingoog,0.5,1.0,Philippines,461,DEREK BLAKELY,2.7,1,33.93,2005-08-28,7,2,2005-08-22,2
12.55,Nabereznyje Telny,1.14,1.0,Russian Federation,447,CLIFFORD BOWENS,3.42,2,42.92,2005-08-04,8,2,2005-07-29,2
12.56,Osmaniye,1.5,1.0,Turkey,13,KAREN JACKSON,3.66,1,45.91,2005-08-04,9,2,2005-07-29,2
12.58,Portoviejo,2.5,1.0,Ecuador,262,PATSY DAVIDSON,3.49,1,43.9,2005-08-26,10,2,2005-08-20,2
12.59,Tangail,0.44,1.0,Bangladesh,21,MICHELLE CLARK,3.49,1,43.93,2005-08-26,7,2,2005-08-20,2
12.61,San Juan Bautista Tuxtepec,0.63,1.0,Mexico,425,FRANCIS SIKES,1.74,2,21.95,2005-08-26,5,2,2005-08-20,2
12.63,Santa Rosa,1.0,1.0,Philippines,522,ARNOLD HAVENS,4.9,3,61.89,2005-08-04,11,2,2005-07-29,2
12.65,Boksburg,1.38,1.0,South Africa,125,ETHEL WEBB,3.87,2,48.89,2005-08-04,11,2,2005-07-29,2
12.65,Springs,1.33,1.0,South Africa,83,LOUISE JENKINS,1.66,2,20.96,2005-06-21,4,2,2005-06-15,2
12.68,Owo,2.25,1.0,Nigeria,280,TRACEY BARRETT,2.99,1,37.91,2005-08-04,9,2,2005-07-29,2
12.68,Toulouse,1.43,1.0,France,35,VIRGINIA GREEN,2.99,2,37.9,2005-07-13,10,2,2005-07-07,2
12.69,Baha Blanca,2.0,1.0,Argentina,322,JASON MORRISSEY,2.99,1,37.94,2005-06-22,6,2,2005-06-16,2
12.7,Jodhpur,2.0,1.0,India,224,PEARL GARZA,2.59,5,32.9,2005-08-23,10,2,2005-08-17,2
12.7,London,2.0,1.0,United Kingdom,252,MATTIE HOFFMAN,1.49,1,18.92,2005-08-02,8,2,2005-07-27,2
12.71,Tanza,0.69,1.0,Philippines,236,MARCIA DEAN,3.3,3,41.91,2005-08-03,9,2,2005-07-28,2
12.71,Uluberia,1.57,1.0,India,446,THEODORE CULP,3.85,9,48.89,2005-08-02,11,2,2005-07-27,2
12.73,Balikesir,1.3,1.0,Turkey,366,BRANDON HUEY,4.39,1,55.87,2005-08-02,13,2,2005-07-27,2
12.74,Mwanza,1.14,1.0,Tanzania,481,HERMAN DEVORE,3.13,1,39.92,2005-08-02,8,2,2005-07-27,2
12.75,Ikerre,0.5,1.0,Nigeria,198,ELSIE KELLEY,3.37,2,42.92,2005-08-24,8,2,2005-08-18,2
12.75,Izumisano,1.4,1.0,Japan,391,CLARENCE GAMEZ,2.19,1,27.93,2005-07-13,7,2,2005-07-07,2
12.76,Ozamis,0.88,1.0,Philippines,434,EDDIE TOMLIN,3.37,2,42.93,2005-08-24,7,2,2005-08-18,2
12.77,Firozabad,1.17,1.0,India,192,LAURIE LAWRENCE,2.66,4,33.93,2005-08-03,7,2,2005-07-28,2
12.79,Shaoguan,0.91,1.0,China,485,CLYDE TOBIAS,3.35,8,42.9,2005-08-02,10,2,2005-07-27,2
12.8,Parbhani,1.11,1.0,India,300,JOHN FARNSWORTH,4.21,6,53.9,2005-08-24,10,2,2005-08-18,2
12.82,Bradford,1.75,1.0,United Kingdom,85,ANNE POWELL,2.49,1,31.93,2005-08-03,7,2,2005-07-28,2
12.82,Yaound,1.5,1.0,Cameroon,361,LAWRENCE LAWTON,2.49,1,31.91,2005-08-03,9,2,2005-07-28,2
12.83,Benin City,1.25,1.0,Nigeria,284,SONIA GREGORY,2.49,1,31.95,2005-07-13,5,2,2005-07-07,2
12.84,Juiz de Fora,1.0,1.0,Brazil,591,KENT ARSENAULT,2.49,1,31.96,2005-07-13,4,2,2005-07-07,2
12.87,Kansas City,1.67,1.0,United States,308,THOMAS GRIGSBY,3.49,5,44.9,2005-08-23,10,2,2005-08-17,2
12.88,Taizz,2.33,1.0,Yemen,213,GINA WILLIAMSON,2.32,1,29.93,2005-06-24,7,2,2005-06-18,2
12.9,Coquimbo,2.0,1.0,Chile,515,ANDRE RAPP,3.79,1,48.9,2005-08-23,10,2,2005-08-17,2
12.9,Osmaniye,2.0,1.0,Turkey,13,KAREN JACKSON,3.79,2,48.9,2005-08-03,10,2,2005-07-28,2
12.91,Laiwu,2.0,1.0,China,151,MEGAN PALMER,2.24,7,28.92,2005-08-02,8,2,2005-07-27,2
12.91,Zalantun,3.67,1.0,China,93,PHYLLIS FOSTER,3.32,2,42.89,2005-08-24,11,2,2005-08-18,2
12.93,Shimonoseki,1.2,1.0,Japan,29,ANGELA HERNANDEZ,4.09,3,52.88,2005-08-24,12,2,2005-08-18,2
12.94,Oshawa,2.0,1.0,Canada,189,LORETTA CARPENTER,3.24,3,41.92,2005-08-02,8,2,2005-07-27,2
12.94,Richmond Hill,1.09,1.0,Canada,410,CURTIS IRBY,4.63,1,59.88,2005-08-23,12,2,2005-08-17,2
12.97,Kragujevac,1.0,1.0,Yugoslavia,7,MARIA MILLER,2.85,1,36.93,2005-07-14,7,2,2005-07-08,2
12.97,Kurashiki,1.0,1.0,Japan,34,REBECCA SCOTT,2.62,4,33.92,2005-08-23,8,2,2005-08-17,2
12.97,Valparai,1.71,1.0,India,403,MIKE WAY,4.85,3,62.88,2005-08-03,12,2,2005-07-28,2
13.0,Jinchang,1.33,1.0,China,168,REGINA BERRY,3.99,4,51.88,2005-08-23,12,2,2005-08-17,2
13.01,Soshanguve,4.5,1.0,South Africa,145,LUCILLE HOLMES,2.99,1,38.91,2005-07-12,9,2,2005-07-06,2
13.02,Southend-on-Sea,0.67,1.0,United Kingdom,16,SANDRA MARTIN,2.99,1,38.94,2005-08-24,6,2,2005-08-18,2
13.03,Owo,0.75,1.0,Nigeria,280,TRACEY BARRETT,3.91,3,50.91,2005-08-23,9,2,2005-08-17,2
13.06,Soshanguve,1.29,1.0,South Africa,145,LUCILLE HOLMES,3.13,3,40.91,2005-08-23,9,2,2005-08-17,2
13.07,Avellaneda,1.57,1.0,Argentina,560,JORDAN ARCHULETA,4.28,2,55.89,2005-08-02,11,2,2005-07-27,2
13.08,Arak,5.0,1.0,Iran,36,KATHLEEN ADAMS,0.99,1,12.95,2005-07-13,5,2,2005-07-07,2
13.1,Hsichuh,1.5,1.0,Taiwan,348,ROGER QUINTANILLA,0.99,1,12.97,2005-06-22,3,2,2005-06-16,2
13.1,Lubumbashi,1.6,1.0,"Congo, The Democratic Republic of the",387,JESSE SCHILLING,2.59,1,33.92,2005-08-24,8,2,2005-08-18,2
13.1,Pudukkottai,1.5,1.0,India,421,LEE HAWKS,0.99,2,12.97,2005-06-22,3,2,2005-06-16,2
13.1,Shanwei,3.0,1.0,China,424,KYLE SPURLOCK,0.99,1,12.97,2005-06-26,3,2,2005-06-20,2
13.1,al-Qadarif,1.0,1.0,Sudan,395,JOHNNY TURPIN,0.99,1,12.97,2005-06-26,3,1,2005-06-20,1
13.11,Balikesir,2.0,1.0,Turkey,366,BRANDON HUEY,2.74,1,35.92,2005-07-13,8,2,2005-07-07,2
13.11,Bellevue,1.0,1.0,United States,212,WILMA RICHARDS,0.99,1,12.98,2005-06-22,2,2,2005-06-16,2
13.11,Tongliao,2.0,1.0,China,442,LEROY BUSTAMANTE,0.99,1,12.98,2005-06-03,2,2,2005-05-28,2
13.15,Araatuba,0.67,1.0,Brazil,77,JANE BENNETT,2.66,2,34.94,2005-08-23,6,2,2005-08-17,2
13.15,Yuncheng,1.13,1.0,China,154,MICHELE GRANT,3.49,6,45.91,2005-08-02,9,2,2005-07-27,2
13.16,Tabriz,2.0,1.0,Iran,279,DIANNE SHELTON,4.32,1,56.88,2005-08-23,12,2,2005-08-17,2
13.17,Richmond Hill,1.38,1.0,Canada,410,CURTIS IRBY,3.87,2,50.89,2005-08-02,11,2,2005-07-27,2
13.17,Tanauan,0.9,1.0,Philippines,373,LOUIS LEONE,3.79,2,49.91,2005-08-04,9,2,2005-07-29,2
13.18,Rustenburg,2.75,1.0,South Africa,407,DALE RATCLIFF,4.24,1,55.89,2005-08-02,11,2,2005-07-27,2
13.26,Shimonoseki,1.44,1.0,Japan,29,ANGELA HERNANDEZ,4.21,3,55.87,2005-08-23,13,2,2005-08-17,2
13.27,Bhopal,0.77,1.0,India,15,HELEN HARRIS,3.84,2,50.9,2005-08-25,10,2,2005-08-19,2
13.3,Peoria,2.33,1.0,United States,275,CAROLE BARNETT,3.82,4,50.86,2005-08-23,14,2,2005-08-17,2
13.32,Vancouver,1.0,1.0,Canada,436,TROY QUIGLEY,2.85,1,37.93,2005-08-03,7,2,2005-07-28,2
13.33,Hidalgo,2.6,1.0,Mexico,150,DANIELLE DANIELS,4.19,1,55.87,2005-08-24,13,2,2005-08-18,2
13.34,Hanoi,3.67,1.0,Vietnam,340,PATRICK NEWSOM,2.99,1,39.89,2005-08-03,11,2,2005-07-28,2
13.34,Hohhot,1.1,1.0,China,138,HAZEL WARREN,2.99,2,39.89,2005-08-04,11,2,2005-07-29,2
13.35,Omdurman,1.75,1.0,Sudan,50,DIANE COLLINS,2.99,1,39.93,2005-07-13,7,2,2005-07-07,2
13.37,Lancaster,3.33,1.0,United States,112,ROSA REYNOLDS,3.66,5,48.9,2005-08-03,10,2,2005-07-28,2
13.37,Toulon,1.5,1.0,France,104,RITA GRAHAM,2.24,1,29.94,2005-07-13,6,2,2005-07-07,2
13.4,Iligan,1.57,1.0,Philippines,580,ROSS GREY,3.28,2,43.89,2005-08-03,11,2,2005-07-28,2
13.41,Xiangfan,1.33,1.0,China,241,HEIDI LARSON,2.16,1,28.92,2005-07-14,8,2,2005-07-08,2
13.45,Tonghae,1.6,1.0,South Korea,536,FERNANDO CHURCHILL,3.19,3,42.92,2005-08-02,8,2,2005-07-27,2
13.47,Tokat,3.2,1.0,Turkey,566,CASEY MENA,4.59,1,61.84,2005-08-03,16,2,2005-07-28,2
13.51,Hodeida,3.0,1.0,Yemen,470,GORDON ALLARD,3.32,2,44.91,2005-07-12,9,2,2005-07-06,2
13.51,London,1.57,1.0,United Kingdom,512,CECIL VINES,3.99,2,53.89,2005-08-23,11,2,2005-08-17,2
13.54,Bhimavaram,0.83,0.9705882352941176,India,529,ERIK GUILLEN,1.99,1,26.95,2005-07-14,5,2,2005-07-08,2
13.54,El Alto,1.25,1.0,Bolivia,455,JON WILES,1.99,1,26.95,2005-07-13,5,2,2005-07-07,2
13.54,Parbhani,3.0,1.0,India,300,JOHN FARNSWORTH,1.99,2,26.94,2005-07-12,6,2,2005-07-06,2
13.55,Rockford,2.25,1.0,United States,457,BILL GAVIN,3.24,3,43.91,2005-08-23,9,2,2005-08-17,2
13.57,Ahmadnagar,0.58,1.0,India,297,SHERRI RHODES,2.57,5,34.93,2005-08-24,7,2,2005-08-18,2
13.62,Firozabad,0.86,1.0,India,192,LAURIE LAWRENCE,2.42,2,32.94,2005-08-04,6,2,2005-07-29,2
13.62,Leshan,0.69,0.9666666666666667,China,569,DAVE GARDINER,3.3,1,44.91,2005-08-25,9,2,2005-08-19,2
13.63,Garland,1.75,1.0,United States,561,IAN STILL,2.49,4,33.93,2005-08-03,7,2,2005-07-28,2
13.64,Pune,2.0,1.0,India,135,JUANITA MASON,3.66,8,49.88,2005-08-02,12,2,2005-07-27,2
13.68,Fukuyama,1.29,1.0,Japan,141,DEBBIE REYES,2.99,1,40.91,2005-08-04,9,2,2005-07-29,2
13.68,San Felipe del Progreso,3.0,1.0,Mexico,319,RONALD WEINER,2.99,2,40.91,2005-08-23,9,2,2005-08-17,2
13.68,Toulouse,1.83,1.0,France,35,VIRGINIA GREEN,2.99,1,40.89,2005-07-12,11,2,2005-07-06,2
13.69,Baha Blanca,3.5,1.0,Argentina,322,JASON MORRISSEY,2.99,1,40.93,2005-06-21,7,2,2005-06-15,2
13.69,Memphis,2.0,1.0,United States,181,ANA BRADLEY,5.32,2,72.88,2005-08-04,12,2,2005-07-29,2
13.7,Santa Rosa,1.44,1.0,Philippines,522,ARNOLD HAVENS,5.1,1,69.87,2005-08-03,13,2,2005-07-28,2
13.72,Kuwana,2.0,1.0,Japan,531,JAMIE WAUGH,4.66,3,63.88,2005-08-02,12,2,2005-07-27,2
13.72,Pak Kret,1.71,1.0,Thailand,42,CAROLYN PEREZ,3.56,1,48.88,2005-08-02,12,2,2005-07-27,2
13.73,Antofagasta,1.5,1.0,Chile,45,JANET PHILLIPS,3.49,1,47.91,2005-08-02,9,2,2005-07-27,2
13.73,Jodhpur,1.5,1.0,India,224,PEARL GARZA,2.32,4,31.91,2005-08-24,9,2,2005-08-18,2
13.74,Pavlodar,2.67,1.0,Kazakstan,76,IRENE PRICE,2.32,1,31.92,2005-08-04,8,2,2005-07-29,2
13.78,Bhilwara,1.5,1.0,India,209,TONYA CHAPMAN,4.49,7,61.88,2005-08-02,12,2,2005-07-27,2
13.78,Laredo,1.5,1.0,United States,6,JENNIFER DAVIS,2.82,2,38.91,2005-08-23,9,2,2005-08-17,2
13.81,Bilbays,0.8,1.0,Egypt,559,EVERETT BANDA,2.89,1,39.92,2005-08-25,8,2,2005-08-19,2
13.84,Ogbomosho,1.67,1.0,Nigeria,277,OLGA JIMENEZ,3.82,2,52.9,2005-08-23,10,2,2005-08-17,2
13.9,Shubra al-Khayma,1.3,1.0,Egypt,119,SHERRY MARSHALL,4.09,1,56.87,2005-08-24,13,2,2005-08-18,2
13.9,Ueda,2.17,1.0,Japan,503,ANGEL BARCLAY,3.16,2,43.87,2005-08-23,13,2,2005-08-17,2
14.0,Nakhon Sawan,1.71,1.0,Thailand,390,SHAWN HEATON,4.28,1,59.88,2005-08-23,12,2,2005-08-17,2
14.0,Uijongbu,2.8,1.0,South Korea,245,COURTNEY DAY,3.99,2,55.86,2005-08-02,14,2,2005-07-27,2
14.01,Boa Vista,0.71,1.0,Brazil,342,HAROLD MARTINO,3.2,2,44.9,2005-08-25,10,2,2005-08-19,2
14.01,Karnal,1.0,1.0,India,274,NAOMI JENNINGS,3.99,1,55.89,2005-08-25,11,2,2005-08-19,2
14.01,Lhokseumawe,1.57,1.0,Indonesia,473,JORGE OLIVARES,3.7,1,51.89,2005-08-02,11,2,2005-07-27,2
14.01,Ozamis,1.5,1.0,Philippines,434,EDDIE TOMLIN,3.49,3,48.91,2005-08-23,9,2,2005-08-17,2
14.02,Iwaki,1.17,1.0,Japan,240,MARLENE WELCH,2.99,2,41.93,2005-08-02,7,2,2005-07-27,2
14.02,Southend-on-Sea,0.88,1.0,United Kingdom,16,SANDRA MARTIN,2.99,1,41.93,2005-08-23,7,2,2005-08-17,2
14.04,Cape Coral,0.92,1.0,United States,526,KARL SEAL,4.41,1,61.89,2005-08-22,11,2,2005-08-16,2
14.04,Xiangfan,1.0,1.0,China,241,HEIDI LARSON,1.99,1,27.93,2005-07-15,7,2,2005-07-09,2
14.05,Bhimavaram,0.57,1.0,India,529,ERIK GUILLEN,1.85,1,25.96,2005-07-17,4,2,2005-07-11,2
14.07,Valparai,2.17,1.0,India,403,MIKE WAY,4.82,6,67.87,2005-08-02,13,2,2005-07-27,2
14.11,Fontana,1.09,1.0,United States,51,ALICE STEWART,3.54,1,49.88,2005-08-23,12,2,2005-08-17,2
14.11,Gaziantep,1.5,1.0,Turkey,480,COREY HAUSER,0.99,2,13.97,2005-07-12,3,2,2005-07-06,2
14.11,Luzinia,1.5,1.0,Brazil,183,IDA ANDREWS,0.99,1,13.97,2005-06-24,3,2,2005-06-18,2
14.11,Santiago de Compostela,3.0,1.0,Spain,549,NELSON CHRISTENSON,0.99,2,13.97,2005-06-05,3,2,2005-05-30,2
14.12,Donostia-San Sebastin,2.0,1.0,Spain,293,MAE FLETCHER,0.99,1,13.98,2005-06-05,2,2,2005-05-30,2
14.12,Emeishan,1.5,1.0,China,389,ALAN KAHN,3.32,5,46.91,2005-08-02,9,2,2005-07-27,2
14.13,Bradford,1.2,1.0,United Kingdom,85,ANNE POWELL,2.19,1,30.94,2005-08-05,6,2,2005-07-30,2
14.13,Tychy,2.2,1.0,Poland,380,RUSSELL BRINSON,3.39,1,47.89,2005-08-02,11,2,2005-07-27,2
14.14,Kragujevac,1.33,1.0,Yugoslavia,7,MARIA MILLER,2.82,1,39.92,2005-07-13,8,2,2005-07-07,2
14.16,Iwatsuki,1.0,1.0,Japan,396,EARL SHANKS,3.1,2,43.91,2005-08-24,9,2,2005-08-18,2
14.17,Jamalpur,2.4,1.0,Bangladesh,329,FRANK WAGGONER,3.59,1,50.88,2005-08-03,12,2,2005-07-28,2
14.18,Huaian,0.83,1.0,China,384,ERNEST STEPP,2.32,1,32.95,2005-06-24,5,2,2005-06-18,2
14.19,Ilorin,1.67,1.0,Nigeria,103,GLADYS HAMILTON,3.66,1,51.9,2005-08-25,10,2,2005-08-19,2
14.25,Firozabad,1.6,1.0,India,192,LAURIE LAWRENCE,2.59,5,36.92,2005-08-02,8,2,2005-07-27,2
14.27,Witten,1.5,1.0,Germany,201,VICKI FIELDS,2.66,1,37.91,2005-08-23,9,2,2005-08-17,2
14.28,Garden Grove,1.0,1.0,United States,593,RENE MCALISTER,2.87,3,40.92,2005-08-03,8,2,2005-07-28,2
14.31,Tanshui,1.29,1.0,Taiwan,577,CLIFTON MALCOLM,3.42,2,48.91,2005-08-03,9,2,2005-07-28,2
14.35,Iligan,1.25,1.0,Philippines,580,ROSS GREY,2.99,1,42.9,2005-08-04,10,2,2005-07-29,2
14.35,Uruapan,1.29,1.0,Mexico,454,ALEX GRESHAM,2.99,1,42.91,2005-08-26,9,2,2005-08-20,2
14.36,Molodetno,1.33,1.0,Belarus,144,CLARA SHAW,3.82,1,54.92,2005-07-14,8,2,2005-07-08,2
14.4,Naju,7.5,1.0,South Korea,237,TANYA GILBERT,4.99,1,71.85,2005-08-02,15,2,2005-07-27,2
14.41,Kurashiki,1.29,1.0,Japan,34,REBECCA SCOTT,2.56,1,36.91,2005-08-22,9,2,2005-08-16,2
14.43,Araatuba,3.0,1.0,Brazil,77,JANE BENNETT,1.66,2,23.91,2005-08-02,9,2,2005-07-27,2
14.45,Memphis,2.6,1.0,United States,181,ANA BRADLEY,5.39,2,77.87,2005-08-03,13,2,2005-07-28,2
14.52,Nha Trang,1.63,1.0,Vietnam,520,MITCHELL WESTMORELAND,3.37,1,48.87,2005-08-23,13,2,2005-08-17,2
14.53,Brindisi,1.11,1.0,Italy,499,MARC OUTLAW,3.43,2,49.9,2005-08-23,10,2,2005-08-17,2
14.6,Yaound,2.0,1.0,Cameroon,361,LAWRENCE LAWTON,2.39,1,34.9,2005-08-02,10,2,2005-07-27,2
14.64,Bhopal,1.3,1.0,India,15,HELEN HARRIS,4.09,3,59.87,2005-08-24,13,2,2005-08-18,2
14.65,Memphis,4.67,1.0,United States,181,ANA BRADLEY,5.66,1,82.86,2005-08-01,14,2,2005-07-26,2
14.68,Fukuyama,1.67,1.0,Japan,141,DEBBIE REYES,2.99,1,43.9,2005-08-03,10,2,2005-07-28,2
14.68,Owo,5.5,1.0,Nigeria,280,TRACEY BARRETT,2.99,1,43.89,2005-08-02,11,2,2005-07-27,2
14.82,Lubumbashi,2.25,1.0,"Congo, The Democratic Republic of the",387,JESSE SCHILLING,2.49,1,36.91,2005-08-23,9,2,2005-08-17,2
14.9,Apeldoorn,1.3,1.0,Netherlands,137,RHONDA KENNEDY,4.69,1,69.87,2005-08-03,13,2,2005-07-28,2
14.96,Changhwa,0.5,1.0,Taiwan,75,TAMMY SANDERS,2.8,1,41.92,2005-08-05,8,2,2005-07-30,2
14.97,Robamba,1.63,1.0,Ecuador,494,RAMON CHOATE,3.87,1,57.87,2005-08-02,13,2,2005-07-27,2
15.01,Karnal,1.2,1.0,India,274,NAOMI JENNINGS,3.99,2,59.88,2005-08-24,12,2,2005-08-18,2
15.02,Adana,1.5,1.0,Turkey,327,LARRY THRASHER,2.99,1,44.91,2005-08-25,9,2,2005-08-19,2
15.03,Coatzacoalcos,1.75,1.0,Mexico,482,MAURICE CRAWLEY,2.99,1,44.93,2005-07-15,7,2,2005-07-09,2
15.03,Monclova,1.5,1.0,Mexico,570,IVAN CROMWELL,2.32,3,34.91,2005-08-02,9,2,2005-07-27,2
15.04,Garland,1.2,1.0,United States,561,IAN STILL,2.19,1,32.94,2005-08-04,6,2,2005-07-29,2
15.04,Wroclaw,1.0,1.0,Poland,558,JIMMIE EGGLESTON,2.32,1,34.94,2005-08-23,6,2,2005-08-17,2
15.06,Tama,1.67,1.0,Japan,385,PHILLIP HOLM,1.66,2,24.95,2005-07-12,5,2,2005-07-06,2
15.1,al-Qadarif,5.0,1.0,Sudan,395,JOHNNY TURPIN,0.99,1,14.95,2005-06-22,5,2,2005-06-16,2
15.11,Laohekou,4.0,1.0,China,422,MELVIN ELLINGTON,0.99,1,14.96,2005-06-23,4,2,2005-06-17,2
15.11,Luzinia,4.0,1.0,Brazil,183,IDA ANDREWS,0.99,1,14.96,2005-06-21,4,2,2005-06-15,2
15.12,Carmen,3.0,1.0,Mexico,578,WILLARD LUMPKIN,0.99,1,14.97,2005-06-22,3,2,2005-06-16,2
15.12,Ktahya,3.0,1.0,Turkey,124,SHEILA WELLS,0.99,1,14.97,2005-06-06,3,1,2005-05-31,1
15.12,Yantai,3.0,1.0,China,272,KAY CALDWELL,0.99,1,14.97,2005-06-02,3,1,2005-05-27,1
15.14,Bucuresti,2.25,1.0,Romania,563,KEN PREWITT,2.24,1,33.91,2005-07-14,9,2,2005-07-08,2
15.14,Kolpino,1.1,1.0,Russian Federation,295,DAISY BATES,3.89,2,58.89,2005-08-03,11,2,2005-07-28,2
15.15,Leshan,1.2,1.0,China,569,DAVE GARDINER,3.49,1,52.88,2005-08-24,12,2,2005-08-18,2
15.18,Ogbomosho,1.29,1.0,Nigeria,277,OLGA JIMENEZ,3.42,1,51.91,2005-08-24,9,2,2005-08-18,2
15.2,Kakamigahara,1.5,1.0,Japan,163,CATHY SPENCER,2.82,1,42.91,2005-08-23,9,2,2005-08-17,2
15.22,Vicente Lpez,4.5,1.0,Argentina,219,WILLIE HOWELL,2.49,1,37.91,2005-07-14,9,2,2005-07-08,2
15.27,Witten,1.14,1.0,Germany,201,VICKI FIELDS,2.42,1,36.92,2005-08-25,8,2,2005-08-19,2
15.29,Tanshui,2.2,1.0,Taiwan,577,CLIFTON MALCOLM,3.59,2,54.89,2005-08-02,11,2,2005-07-27,2
15.3,Naju,3.25,1.0,South Korea,237,TANYA GILBERT,4.24,1,64.87,2005-08-03,13,2,2005-07-28,2
15.33,Celaya,1.8,1.0,Mexico,587,SERGIO STANFIELD,3.19,2,48.91,2005-08-02,9,2,2005-07-27,2
15.38,Baku,1.8,1.0,Azerbaijan,333,ANDREW PURDY,2.79,1,42.91,2005-08-02,9,2,2005-07-27,2
15.39,Gingoog,0.62,1.0,Philippines,461,DEREK BLAKELY,2.53,1,38.92,2005-08-27,8,2,2005-08-21,2
15.4,Isesaki,1.33,1.0,Japan,519,RON DELUCA,2.66,1,40.92,2005-08-05,8,2,2005-07-30,2
15.41,Shimoga,2.33,1.0,India,238,NELLIE GARRETT,2.66,4,40.93,2005-08-02,7,2,2005-07-27,2
15.42,Johannesburg,1.29,1.0,South Africa,471,DEAN SAUER,2.85,1,43.91,2005-08-24,9,2,2005-08-18,2
15.44,Nha Trang,1.33,1.0,Vietnam,520,MITCHELL WESTMORELAND,3.1,1,47.88,2005-08-24,12,2,2005-08-18,2
15.46,Bergamo,1.5,1.0,Italy,439,ALEXANDER FENNELL,3.62,1,55.88,2005-08-23,12,2,2005-08-17,2
15.5,Sorocaba,1.0,1.0,Brazil,314,GEORGE LINTON,2.77,1,42.91,2005-08-02,9,2,2005-07-27,2
15.51,Etawah,1.63,1.0,India,121,JOSEPHINE GOMEZ,3.99,4,61.87,2005-08-23,13,2,2005-08-17,2
15.53,Belm,0.82,1.0,Brazil,362,NICHOLAS BARFIELD,3.54,1,54.91,2005-08-25,9,2,2005-08-19,2
15.66,Parbhani,1.67,1.0,India,300,JOHN FARNSWORTH,1.66,3,25.95,2005-07-13,5,2,2005-07-07,2
15.66,Urawa,2.17,1.0,Japan,147,JOANNE ROBERTSON,3.82,1,59.87,2005-08-24,13,2,2005-08-18,2
15.73,Huejutla de Reyes,4.5,1.0,Mexico,582,ANDY VANHORN,3.49,1,54.91,2005-08-02,9,2,2005-07-27,2
15.74,Kermanshah,1.8,1.0,Iran,377,HOWARD FORTNER,2.79,2,43.91,2005-08-03,9,2,2005-07-28,2
15.83,Ljubertsy,1.0,1.0,Russian Federation,160,ERIN DUNN,3.09,1,48.9,2005-08-23,10,2,2005-08-17,2
15.83,Pjatigorsk,0.9,1.0,Russian Federation,487,HECTOR POINDEXTER,3.09,1,48.91,2005-08-05,9,2,2005-07-30,2
15.89,Escobar,1.33,1.0,Argentina,445,MICHEAL FORMAN,2.32,1,36.92,2005-08-04,8,2,2005-07-29,2
15.89,Yamuna Nagar,1.33,1.0,India,12,NANCY THOMAS,2.32,3,36.92,2005-08-02,8,2,2005-07-27,2
15.96,Liaocheng,0.82,1.0,China,129,CARRIE PORTER,2.63,1,41.91,2005-08-06,9,2,2005-07-31,2
16.02,Donostia-San Sebastin,1.5,1.0,Spain,293,MAE FLETCHER,3.49,1,55.91,2005-08-25,9,2,2005-08-19,2
16.03,Qomsheh,1.0,1.0,Iran,459,TOMMY COLLAZO,4.17,1,66.89,2005-08-04,11,2,2005-07-29,2
16.04,Atlixco,1.17,1.0,Mexico,84,SARA PERRY,2.49,1,39.93,2005-07-13,7,2,2005-07-07,2
16.05,Mit Ghamr,3.5,1.0,Egypt,491,RICK MATTOX,1.99,1,31.93,2005-06-21,7,2,2005-06-15,2
16.05,Sasebo,3.5,1.0,Japan,1,MARY SMITH,1.99,1,31.93,2005-06-21,7,2,2005-06-15,2
16.07,Huaian,3.0,1.0,China,384,ERNEST STEPP,1.49,3,23.94,2005-08-23,6,2,2005-08-17,2
16.11,Akishima,5.0,1.0,Japan,574,JULIAN VEST,0.99,1,15.95,2005-06-22,5,2,2005-06-16,2
16.12,Ikerre,4.0,1.0,Nigeria,198,ELSIE KELLEY,0.99,1,15.96,2005-06-03,4,2,2005-05-28,2
16.17,Arak,2.4,1.0,Iran,36,KATHLEEN ADAMS,2.59,1,41.88,2005-08-02,12,2,2005-07-27,2
16.17,Grand Prairie,1.2,1.0,United States,118,KIM CRUZ,1.79,1,28.94,2005-08-03,6,2,2005-07-28,2
16.21,Shubra al-Khayma,1.56,1.0,Egypt,119,SHERRY MARSHALL,3.88,1,62.86,2005-08-23,14,2,2005-08-17,2
16.41,Donostia-San Sebastin,2.0,1.0,Spain,293,MAE FLETCHER,3.59,1,58.9,2005-08-23,10,2,2005-08-17,2
16.44,Hunuco,0.88,1.0,Peru,565,JAIME NETTLES,2.49,1,40.93,2005-08-02,7,2,2005-07-27,2
16.52,Zanzibar,1.67,1.0,Tanzania,220,CHARLENE ALVAREZ,3.32,1,54.9,2005-08-03,10,2,2005-07-28,2
16.68,Zhoushan,1.1,1.0,China,550,GUY BROWNLEE,3.59,2,59.89,2005-08-23,11,2,2005-08-17,2
16.75,Parbhani,1.0,1.0,India,300,JOHN FARNSWORTH,1.49,1,24.96,2005-07-16,4,2,2005-07-10,2
16.8,San Bernardino,8.5,1.0,United States,2,PATRICIA JOHNSON,4.99,2,83.83,2005-08-02,17,2,2005-07-27,2
16.93,Springs,1.75,1.0,South Africa,83,LOUISE JENKINS,2.24,2,37.93,2005-08-23,7,2,2005-08-17,2
17.02,Cavite,1.57,1.0,Philippines,388,CRAIG MORRELL,2.99,2,50.89,2005-08-23,11,2,2005-08-17,2
17.05,Fengshan,3.5,1.0,Taiwan,576,MORRIS MCCARTER,1.99,1,33.93,2005-06-21,7,2,2005-06-15,2
17.13,Linz,2.0,1.0,Austria,159,JILL HAWKINS,0.99,1,16.96,2005-07-12,4,1,2005-07-06,1
17.13,Urawa,2.0,1.0,Japan,147,JOANNE ROBERTSON,0.99,1,16.96,2005-06-24,4,2,2005-06-18,2
17.14,Munger (Monghyr),1.29,1.0,India,28,CYNTHIA YOUNG,2.56,2,43.91,2005-08-02,9,2,2005-07-27,2
17.15,Gaziantep,2.0,1.0,Turkey,480,COREY HAUSER,0.99,1,16.98,2005-06-04,2,2,2005-05-29,2
17.21,Boa Vista,1.0,1.0,Brazil,342,HAROLD MARTINO,3.07,2,52.88,2005-08-24,12,2,2005-08-18,2
17.24,Vancouver,1.33,1.0,Canada,436,TROY QUIGLEY,2.49,1,42.92,2005-08-02,8,2,2005-07-27,2
17.41,Haldia,3.0,1.0,India,186,HOLLY FOX,1.49,2,25.94,2005-06-21,6,2,2005-06-15,2
17.41,Leshan,1.44,1.0,China,569,DAVE GARDINER,3.32,1,57.87,2005-08-23,13,2,2005-08-17,2
17.44,Meixian,3.0,1.0,China,90,RUBY WASHINGTON,3.49,4,60.88,2005-08-02,12,2,2005-07-27,2
17.53,Daxian,6.0,1.0,China,64,JUDITH COX,1.99,2,34.88,2005-07-12,12,2,2005-07-06,2
17.55,El Monte,2.67,1.0,United States,420,JACOB LANCE,1.99,1,34.92,2005-07-13,8,2,2005-07-07,2
17.56,Chatsworth,3.0,1.0,South Africa,555,DWIGHT LOMBARDI,1.99,1,34.94,2005-08-04,6,2,2005-07-29,2
17.56,Yamuna Nagar,0.75,1.0,India,12,NANCY THOMAS,1.99,1,34.94,2005-08-05,6,2,2005-07-30,2
17.67,Belm,1.0,1.0,Brazil,362,NICHOLAS BARFIELD,3.39,1,59.9,2005-08-24,10,2,2005-08-18,2
17.73,Cavite,0.8,1.0,Philippines,388,CRAIG MORRELL,2.59,1,45.92,2005-08-24,8,2,2005-08-18,2
18.01,Hidalgo,3.5,1.0,Mexico,150,DANIELLE DANIELS,3.49,1,62.86,2005-08-23,14,2,2005-08-17,2
18.03,Ahmadnagar,1.11,1.0,India,297,SHERRI RHODES,2.43,3,43.9,2005-08-23,10,2,2005-08-17,2
18.06,Valparai,3.0,1.0,India,403,MIKE WAY,1.99,1,35.94,2005-06-21,6,2,2005-06-15,2
18.14,Zapopan,4.0,1.0,Mexico,465,FLOYD GANDY,0.99,1,17.96,2005-06-21,4,2,2005-06-15,2
18.35,Pjatigorsk,4.67,1.0,Russian Federation,487,HECTOR POINDEXTER,2.99,1,54.86,2005-08-01,14,2,2005-07-26,2
18.36,Rae Bareli,1.25,1.0,India,78,LORI WOOD,2.99,1,54.9,2005-08-02,10,2,2005-07-27,2
18.37,Gingoog,0.91,1.0,Philippines,461,DEREK BLAKELY,2.44,1,44.9,2005-08-25,10,2,2005-08-19,2
18.38,Rae Bareli,1.0,1.0,India,78,LORI WOOD,2.88,2,52.91,2005-08-03,9,2,2005-07-28,2
18.42,Shanwei,1.11,1.0,China,424,KYLE SPURLOCK,2.55,1,46.9,2005-08-05,10,2,2005-07-30,2
18.56,Bhopal,1.56,1.0,India,15,HELEN HARRIS,3.66,2,67.86,2005-08-23,14,2,2005-08-17,2
18.88,Fukuyama,2.2,1.0,Japan,141,DEBBIE REYES,2.59,1,48.89,2005-08-02,11,2,2005-07-27,2
19.14,Botshabelo,5.0,1.0,South Africa,132,ESTHER CRAWFORD,0.99,1,18.95,2005-06-24,5,2,2005-06-18,2
19.14,Liaocheng,5.0,1.0,China,129,CARRIE PORTER,0.99,1,18.95,2005-06-25,5,2,2005-06-19,2
19.15,Gorontalo,4.0,1.0,Indonesia,203,TARA RYAN,0.99,1,18.96,2005-06-21,4,2,2005-06-15,2
19.15,Haldia,1.63,1.0,India,186,HOLLY FOX,2.87,1,54.87,2005-08-23,13,2,2005-08-17,2
19.15,Jelets,4.0,1.0,Russian Federation,100,ROBIN HAYES,0.99,1,18.96,2005-06-21,4,2,2005-06-15,2
19.38,Changhwa,0.6,1.0,Taiwan,75,TAMMY SANDERS,2.52,1,48.91,2005-08-04,9,2,2005-07-29,2
19.64,Johannesburg,1.67,1.0,South Africa,471,DEAN SAUER,2.49,1,48.9,2005-08-23,10,2,2005-08-17,2
19.69,Pjatigorsk,1.71,1.0,Russian Federation,487,HECTOR POINDEXTER,2.99,1,58.88,2005-08-04,12,2,2005-07-29,2
20.04,Gingoog,1.1,1.0,Philippines,461,DEREK BLAKELY,2.39,1,47.89,2005-08-23,11,2,2005-08-17,2
20.04,Shanwei,1.38,1.0,China,424,KYLE SPURLOCK,2.49,2,49.89,2005-08-03,11,2,2005-07-28,2
20.06,Matsue,4.0,1.0,Japan,355,TERRY GRISSOM,1.99,1,39.92,2005-07-12,8,2,2005-07-06,2
20.14,Yingkou,3.0,1.0,China,521,ROLAND SOUTH,0.99,2,19.94,2005-07-13,6,2,2005-07-07,2
20.14,Zanzibar,6.0,1.0,Tanzania,220,CHARLENE ALVAREZ,0.99,1,19.94,2005-07-14,6,1,2005-07-08,1
20.15,Purnea (Purnia),5.0,1.0,India,426,BRADLEY MOTLEY,0.99,1,19.95,2005-06-22,5,1,2005-06-16,1
20.16,Citrus Heights,4.0,1.0,United States,14,BETTY WHITE,0.99,1,19.96,2005-06-02,4,2,2005-05-27,2
20.16,Junan,2.0,1.0,China,435,RICKY SHELBY,0.99,1,19.96,2005-07-12,4,2,2005-07-06,2
20.25,Hohhot,2.0,1.0,China,138,HAZEL WARREN,2.56,1,51.86,2005-08-03,14,2,2005-07-28,2
20.28,Haldia,1.33,1.0,India,186,HOLLY FOX,2.66,1,53.88,2005-08-24,12,2,2005-08-18,2
20.46,Daxian,3.67,1.0,China,64,JUDITH COX,1.66,1,33.89,2005-07-13,11,2,2005-07-07,2
20.66,Changhwa,1.0,1.0,Taiwan,75,TAMMY SANDERS,2.66,1,54.88,2005-08-03,12,2,2005-07-28,2
20.96,Kragujevac,1.8,1.0,Yugoslavia,7,MARIA MILLER,2.19,1,45.91,2005-07-12,9,2,2005-07-06,2
21.06,Boa Vista,1.4,1.0,Brazil,342,HAROLD MARTINO,2.89,1,60.86,2005-08-23,14,2,2005-08-17,2
21.24,Adana,2.75,1.0,Turkey,327,LARRY THRASHER,2.49,1,52.89,2005-08-23,11,2,2005-08-17,2
21.31,Ikerre,1.4,1.0,Nigeria,198,ELSIE KELLEY,3.09,1,65.86,2005-08-23,14,2,2005-08-17,2
21.43,Grand Prairie,1.75,1.0,United States,118,KIM CRUZ,1.49,1,31.93,2005-08-02,7,2,2005-07-27,2
21.44,Fontana,2.5,1.0,United States,51,ALICE STEWART,1.49,2,31.95,2005-07-12,5,2,2005-07-06,2
21.47,Liaocheng,1.22,1.0,China,129,CARRIE PORTER,2.32,1,49.89,2005-08-04,11,2,2005-07-29,2
21.49,Coatzacoalcos,2.67,1.0,Mexico,482,MAURICE CRAWLEY,2.32,1,49.92,2005-07-14,8,2,2005-07-08,2
21.69,Pjatigorsk,2.8,1.0,Russian Federation,487,HECTOR POINDEXTER,2.99,1,64.86,2005-08-03,14,2,2005-07-28,2
21.86,Shanwei,1.71,1.0,China,424,KYLE SPURLOCK,2.42,3,52.88,2005-08-02,12,2,2005-07-27,2
22.03,Hohhot,2.5,1.0,China,138,HAZEL WARREN,2.49,2,54.85,2005-08-02,15,2,2005-07-27,2
22.06,Xintai,5.0,1.0,China,564,BOB PFEIFFER,1.99,1,43.9,2005-08-02,10,2,2005-07-27,2
22.69,Pjatigorsk,3.75,1.0,Russian Federation,487,HECTOR POINDEXTER,2.99,1,67.85,2005-08-02,15,2,2005-07-27,2
23.41,Escobar,1.8,1.0,Argentina,445,MICHEAL FORMAN,1.79,1,41.91,2005-08-03,9,2,2005-07-28,2
23.57,Ilorin,2.25,1.0,Nigeria,103,GLADYS HAMILTON,1.99,2,46.91,2005-07-12,9,2,2005-07-06,2
24.2,Shenzhen,4.0,0.9565217391304348,China,378,EUGENE CULPEPPER,0.99,1,23.96,2005-06-22,4,2,2005-06-16,2
24.37,Tangail,1.56,1.0,Bangladesh,21,MICHELLE CLARK,2.99,1,72.86,2005-08-23,14,2,2005-08-17,2
24.53,Tangail,1.09,1.0,Bangladesh,21,MICHELLE CLARK,2.81,1,68.88,2005-08-24,12,2,2005-08-18,2
24.89,Batman,2.0,1.0,Turkey,172,BERNICE WILLIS,1.32,1,32.94,2005-07-14,6,2,2005-07-08,2
26.3,Changhwa,1.4,1.0,Taiwan,75,TAMMY SANDERS,2.39,1,62.86,2005-08-02,14,2,2005-07-27,2
26.39,Bhimavaram,2.67,1.0,India,529,ERIK GUILLEN,1.32,2,34.92,2005-07-13,8,2,2005-07-07,2
26.57,Aden,6.5,1.0,Yemen,210,ELLA OLIVER,1.99,1,52.87,2005-07-12,13,2,2005-07-06,2
26.59,Coatzacoalcos,4.5,1.0,Mexico,482,MAURICE CRAWLEY,1.99,1,52.91,2005-07-12,9,2,2005-07-06,2
27.19,Uttarpara-Kotrung,8.0,1.0,India,231,GEORGIA JACOBS,0.99,1,26.92,2005-07-12,8,2,2005-07-06,2
27.2,Ikerre,7.0,1.0,Nigeria,198,ELSIE KELLEY,0.99,1,26.93,2005-07-12,7,2,2005-07-06,2
28.22,Cuman,3.0,1.0,Venezuela,113,CINDY FISHER,0.99,1,27.94,2005-06-23,6,2,2005-06-17,2
28.23,Florencia,5.0,1.0,Colombia,460,LEON BOSTIC,0.99,1,27.95,2005-07-12,5,2,2005-07-06,2
29.46,Balikesir,5.0,1.0,Turkey,366,BRANDON HUEY,1.49,1,43.9,2005-07-12,10,2,2005-07-06,2
29.52,Kurgan,3.0,1.0,Russian Federation,376,RANDY GAITHER,1.66,1,48.91,2005-07-13,9,2,2005-07-07,2
3.0,A Corua (La Corua),1.5,1.0,Spain,52,JULIE SANCHEZ,2.99,1,8.97,2005-06-24,3,2,2005-06-18,2
3.0,Bislig,0.75,1.0,Philippines,94,NORMA GONZALES,3.99,7,11.97,2005-06-22,3,2,2005-06-16,2
3.0,Bradford,0.43,1.0,United Kingdom,85,ANNE POWELL,2.99,4,8.97,2005-07-14,3,1,2005-07-08,1
3.0,Chungho,0.5,1.0,Taiwan,517,BRAD MCCURDY,3.99,8,11.97,2005-08-25,3,2,2005-08-19,2
3.0,Denizli,0.4,1.0,Turkey,483,VERNON CHAPA,4.99,3,14.98,2005-07-18,2,1,2005-07-12,1
3.0,Dos Quebradas,0.33,1.0,Colombia,120,SYLVIA ORTIZ,4.32,2,12.98,2005-06-25,2,1,2005-06-19,1
3.0,Haining,0.67,1.0,China,552,HUGH WALDROP,4.32,17,12.98,2005-07-15,2,2,2005-07-09,2
3.0,Huixquilucan,0.27,1.0,Mexico,108,TRACY COLE,3.99,8,11.97,2005-07-16,3,2,2005-07-10,2
3.0,Jaipur,0.67,1.0,India,60,MILDRED BAILEY,3.32,13,9.98,2005-06-21,2,1,2005-06-15,1
3.0,Juazeiro do Norte,0.5,1.0,Brazil,47,FRANCES PARKER,4.99,7,14.97,2005-07-17,3,2,2005-07-11,2
3.0,Kirovo-Tepetsk,0.67,1.0,Russian Federation,179,DANA HART,4.32,11,12.98,2005-06-21,2,2,2005-06-15,2
3.0,Kumbakonam,1.0,1.0,India,271,PENNY NEAL,2.66,16,7.97,2005-07-16,3,2,2005-07-10,2
3.0,Linz,0.22,1.0,Austria,159,JILL HAWKINS,3.32,2,9.98,2005-08-27,2,2,2005-08-21,2
3.0,Mardan,2.0,1.0,Pakistan,20,SHARON ROBINSON,2.99,1,8.98,2005-06-03,2,1,2005-05-28,1
3.0,Masqat,0.33,1.0,Oman,9,MARGARET MOORE,3.66,1,10.98,2005-07-17,2,2,2005-07-11,2
3.0,Matsue,0.6,1.0,Japan,355,TERRY GRISSOM,2.99,16,8.97,2005-08-26,3,2,2005-08-20,2
3.0,Nagareyama,0.33,1.0,Japan,53,HEATHER MORRIS,3.99,10,11.98,2005-08-06,2,1,2005-07-31,1
3.0,Nha Trang,1.0,1.0,Vietnam,520,MITCHELL WESTMORELAND,3.99,3,11.98,2005-06-24,2,2,2005-06-18,2
3.0,Osmaniye,1.0,1.0,Turkey,13,KAREN JACKSON,3.99,1,11.98,2005-06-26,2,1,2005-06-20,1
3.0,Pachuca de Soto,1.0,1.0,Mexico,353,JONATHAN SCARBOROUGH,4.99,11,14.98,2005-06-23,2,1,2005-06-17,1
3.0,Peoria,0.67,1.0,United States,275,CAROLE BARNETT,2.66,6,7.98,2005-06-25,2,1,2005-06-19,1
3.0,Probolinggo,0.67,1.0,Indonesia,372,STEVE MACKENZIE,2.99,3,8.98,2005-06-26,2,1,2005-06-20,1
3.0,Santiago de Compostela,3.0,1.0,Spain,549,NELSON CHRISTENSON,2.99,5,8.97,2005-07-12,3,2,2005-07-06,2
3.0,Smolensk,0.67,1.0,Russian Federation,127,ELAINE STEVENS,2.32,10,6.98,2005-06-22,2,1,2005-06-16,1
3.0,So Bernardo do Campo,0.3,1.0,Brazil,544,CODY NOLEN,4.99,6,14.97,2005-08-28,3,1,2005-08-22,1
3.0,Sokoto,2.0,1.0,Nigeria,562,WALLACE SLONE,2.99,1,8.98,2005-06-05,2,1,2005-05-30,1
3.0,Southampton,0.17,1.0,United Kingdom,583,MARSHALL THORN,4.99,1,14.98,2005-07-16,2,1,2005-07-10,1
3.0,Tabriz,0.75,1.0,Iran,279,DIANNE SHELTON,2.99,3,8.97,2005-06-27,3,1,2005-06-21,1
3.0,Tarlac,0.33,1.0,Philippines,548,ALLAN CORNISH,3.32,10,9.98,2005-07-15,2,1,2005-07-09,1
3.0,Tianjin,0.5,0.9565217391304348,China,249,DORA MEDINA,4.32,13,12.97,2005-06-22,3,1,2005-06-16,1
3.0,Tsaotun,1.0,1.0,Taiwan,586,KIRK STCLAIR,3.66,7,10.97,2005-07-12,3,2,2005-07-06,2
3.0,Tsuyama,0.4,1.0,Japan,429,FREDERICK ISBELL,4.99,4,14.98,2005-07-17,2,1,2005-07-11,1
3.0,Tsuyama,0.5,1.0,Japan,429,FREDERICK ISBELL,4.32,24,12.97,2005-08-24,3,2,2005-08-18,2
3.0,Udaipur,0.67,1.0,India,170,BEATRICE ARNOLD,3.32,11,9.98,2005-06-23,2,1,2005-06-17,1
3.0,Vinh,0.38,1.0,Vietnam,523,HARVEY GUAJARDO,3.99,2,11.97,2005-08-05,3,2,2005-07-30,2
3.0,al-Ayn,0.33,1.0,United Arab Emirates,98,LILLIAN GRIFFIN,4.32,3,12.98,2005-07-12,2,2,2005-07-06,2
3.01,Buenaventura,1.0,1.0,Colombia,235,JACKIE LYNCH,1.99,2,5.98,2005-06-21,2,2,2005-06-15,2
3.01,Dayton,2.0,1.0,United States,294,SHELLY WATTS,1.99,3,5.98,2005-06-26,2,2,2005-06-20,2
3.01,Donostia-San Sebastin,0.5,1.0,Spain,293,MAE FLETCHER,2.99,1,8.99,2005-06-06,1,1,2005-05-31,1
3.01,Erlangen,0.11,1.0,Germany,448,MIGUEL BETANCOURT,3.66,3,10.99,2005-08-05,1,1,2005-07-30,1
3.01,Garden Grove,1.0,1.0,United States,593,RENE MCALISTER,2.99,1,8.99,2005-06-05,1,1,2005-05-30,1
3.01,Hubli-Dharwad,0.25,1.0,India,136,ANITA MORALES,2.99,3,8.99,2005-07-18,1,1,2005-07-12,1
3.01,La Plata,0.5,1.0,Argentina,89,JULIA FLORES,1.99,1,5.99,2005-06-04,1,1,2005-05-29,1
3.01,Nam Dinh,0.33,1.0,Vietnam,472,GREG ROBINS,1.66,1,4.99,2005-06-05,1,1,2005-05-30,1
3.01,Ourense (Orense),0.17,1.0,Spain,469,WESLEY BULL,3.32,2,9.99,2005-06-22,1,1,2005-06-16,1
3.01,Santo Andr,2.0,1.0,Brazil,354,JUSTIN NGO,0.99,1,2.98,2005-06-01,2,1,2005-05-26,1
3.01,Simferopol,1.0,1.0,Ukraine,82,KATHRYN COLEMAN,2.99,1,8.99,2005-06-01,1,1,2005-05-26,1
3.02,Cuman,0.4,1.0,Venezuela,113,CINDY FISHER,4.29,1,12.96,2005-07-16,4,2,2005-07-10,2
3.02,Jastrzebie-Zdrj,0.31,1.0,Poland,128,MARJORIE TUCKER,4.3,4,12.96,2005-08-06,4,2,2005-07-31,2
3.02,Kermanshah,0.45,1.0,Iran,377,HOWARD FORTNER,4.63,4,13.95,2005-08-25,5,2,2005-08-19,2
3.02,Molodetno,0.13,1.0,Belarus,144,CLARA SHAW,4.29,2,12.97,2005-08-27,3,2,2005-08-21,2
3.02,Nanyang,1.0,1.0,China,37,PAMELA BAKER,0.99,1,2.99,2005-06-05,1,1,2005-05-30,1
3.02,Nezahualcyotl,0.5,1.0,Mexico,115,WENDY HARRISON,0.99,1,2.99,2005-06-06,1,1,2005-05-31,1
3.02,Santa F,1.0,1.0,Argentina,331,ERIC ROBERT,0.99,1,2.99,2005-06-06,1,1,2005-05-31,1
3.03,Hagonoy,0.38,1.0,Philippines,255,IRMA PEARSON,4.62,9,13.97,2005-08-26,3,2,2005-08-20,2
3.03,Linz,0.38,1.0,Austria,159,JILL HAWKINS,3.62,2,10.97,2005-08-26,3,2,2005-08-20,2
3.03,Novoterkassk,0.43,1.0,Russian Federation,191,JEANETTE GREENE,4.28,11,12.97,2005-08-05,3,2,2005-07-30,2
3.03,Siliguri (Shiliguri),0.18,1.0,India,502,BRETT CORNWELL,4.28,24,12.97,2005-08-27,3,1,2005-08-21,1
3.03,Vinh,0.38,1.0,Vietnam,523,HARVEY GUAJARDO,3.62,5,10.97,2005-08-25,3,1,2005-08-19,1
3.04,Araatuba,0.5,1.0,Brazil,77,JANE BENNETT,2.62,1,7.96,2005-08-08,4,2,2005-08-02,2
3.04,Binzhou,0.2,1.0,China,533,JESSIE MILAM,4.59,23,13.97,2005-08-27,3,2,2005-08-21,2
3.04,Kirovo-Tepetsk,0.42,1.0,Russian Federation,179,DANA HART,5.24,12,15.95,2005-08-06,5,2,2005-07-31,2
3.04,Konotop,0.4,1.0,Ukraine,545,JULIO NOLAND,4.59,4,13.96,2005-08-25,4,2,2005-08-19,2
3.04,Mwene-Ditu,0.27,1.0,"Congo, The Democratic Republic of the",375,AARON SELBY,4.26,2,12.97,2005-08-26,3,1,2005-08-20,1
3.04,Mwene-Ditu,0.4,1.0,"Congo, The Democratic Republic of the",375,AARON SELBY,4.59,2,13.96,2005-08-24,4,2,2005-08-18,2
3.04,Patiala,0.25,1.0,India,296,RAMONA HALE,3.62,9,10.98,2005-07-17,2,2,2005-07-11,2
3.04,Shimonoseki,0.27,1.0,Japan,29,ANGELA HERNANDEZ,4.26,7,12.97,2005-08-07,3,2,2005-08-01,2
3.04,Tianjin,0.8,1.0,China,249,DORA MEDINA,4.59,36,13.96,2005-08-23,4,2,2005-08-17,2
3.04,Tokat,0.15,1.0,Turkey,566,CASEY MENA,3.94,10,11.97,2005-08-26,3,2,2005-08-20,2
3.04,al-Hawiya,0.6,1.0,Saudi Arabia,70,CHRISTINA RAMIREZ,4.59,4,13.97,2005-08-04,3,2,2005-07-29,2
3.05,Binzhou,0.25,1.0,China,533,JESSIE MILAM,4.57,29,13.97,2005-08-06,3,2,2005-07-31,2
3.05,Iligan,0.13,1.0,Philippines,580,ROSS GREY,3.93,2,11.98,2005-08-29,2,1,2005-08-23,1
3.05,Jedda,0.6,1.0,Saudi Arabia,49,JOYCE EDWARDS,5.89,3,17.94,2005-08-05,6,2,2005-07-30,2
3.05,Monclova,0.63,1.0,Mexico,570,IVAN CROMWELL,4.24,10,12.95,2005-07-13,5,2,2005-07-07,2
3.05,Pontianak,0.86,1.0,Indonesia,506,LESLIE SEWARD,5.56,8,16.94,2005-08-04,6,2,2005-07-29,2
3.05,Salinas,0.29,1.0,United States,269,CASSANDRA WALTERS,3.28,12,9.98,2005-06-23,2,1,2005-06-17,1
3.06,Augusta-Richmond County,0.4,1.0,United States,96,DIANA ALEXANDER,4.89,22,14.96,2005-08-26,4,2,2005-08-20,2
3.06,Brest,0.6,1.0,France,402,LUIS YANEZ,3.59,3,10.97,2005-08-23,3,2,2005-08-17,2
3.06,Cuautla,0.6,1.0,Mexico,323,MATTHEW MAHAN,3.59,6,10.97,2005-07-16,3,2,2005-07-10,2
3.06,Haining,0.5,0.9666666666666667,China,552,HUGH WALDROP,4.89,28,14.95,2005-08-25,5,2,2005-08-19,2
3.06,Jurez,0.4,1.0,Mexico,369,FRED WHEAT,3.59,5,10.98,2005-07-16,2,1,2005-07-10,1
3.06,Lublin,0.38,1.0,Poland,501,RUBEN GEARY,4.24,5,12.97,2005-08-05,3,2,2005-07-30,2
3.06,Monclova,0.3,1.0,Mexico,570,IVAN CROMWELL,3.59,7,10.97,2005-07-16,3,2,2005-07-10,2
3.06,Mukateve,3.0,1.0,Ukraine,131,MONICA HICKS,7.49,5,22.94,2005-07-12,6,2,2005-07-06,2
3.06,Nyeri,0.23,1.0,Kenya,363,ROY WHITING,5.22,2,15.97,2005-08-28,3,2,2005-08-22,2
3.06,Roanoke,0.6,1.0,United States,291,TONI HOLT,3.59,9,10.97,2005-07-16,3,2,2005-07-10,2
3.06,Shaoguan,0.25,1.0,China,485,CLYDE TOBIAS,4.24,31,12.97,2005-08-24,3,1,2005-08-18,1
3.06,Shivapuri,0.57,1.0,India,68,NICOLE PETERSON,4.56,23,13.96,2005-08-27,4,2,2005-08-21,2
3.06,Tieli,0.75,1.0,China,599,AUSTIN CINTRON,4.24,34,12.97,2005-08-05,3,2,2005-07-30,2
3.06,Valparai,0.5,1.0,India,403,MIKE WAY,5.87,23,17.96,2005-07-13,4,2,2005-07-07,2
3.07,Bayugan,0.36,1.0,Philippines,188,MELANIE ARMSTRONG,3.9,6,11.96,2005-08-28,4,1,2005-08-22,1
3.07,Bhilwara,0.18,1.0,India,209,TONYA CHAPMAN,4.87,19,14.97,2005-08-07,3,2,2005-08-01,2
3.07,Hino,2.5,1.0,Japan,194,KRISTEN CHAVEZ,6.49,5,19.95,2005-06-21,5,1,2005-06-15,1
3.07,Masqat,3.0,1.0,Oman,9,MARGARET MOORE,6.49,2,19.94,2005-07-13,6,2,2005-07-07,2
3.07,Mit Ghamr,0.33,1.0,Egypt,491,RICK MATTOX,4.88,2,14.97,2005-07-15,3,2,2005-07-09,2
3.07,Richmond Hill,0.17,1.0,Canada,410,CURTIS IRBY,3.57,1,10.98,2005-07-17,2,2,2005-07-11,2
3.08,Aparecida de Goinia,0.33,1.0,Brazil,216,NATALIE MEYER,4.21,5,12.97,2005-08-28,3,2,2005-08-22,2
3.08,Arlington,0.27,1.0,United States,305,RICHARD MCCRARY,4.54,4,13.97,2005-08-08,3,2,2005-08-02,2
3.08,Asuncin,0.8,1.0,Paraguay,226,MAUREEN LITTLE,5.19,2,15.96,2005-08-02,4,2,2005-07-27,2
3.08,Cabuyao,0.56,1.0,Philippines,371,BILLY POULIN,3.88,9,11.95,2005-07-15,5,2,2005-07-09,2
3.08,Callao,1.0,1.0,Peru,304,DAVID ROYAL,6.16,3,18.94,2005-07-15,6,2,2005-07-09,2
3.08,Chungho,0.29,1.0,Taiwan,517,BRAD MCCURDY,3.56,4,10.98,2005-08-27,2,2,2005-08-21,2
3.08,Enshi,0.75,1.0,China,110,TIFFANY JORDAN,3.24,30,9.97,2005-08-24,3,2,2005-08-18,2
3.08,Kilis,0.75,1.0,Turkey,143,LESLIE GORDON,3.24,2,9.97,2005-06-24,3,2,2005-06-18,2
3.08,Liepaja,0.27,1.0,Latvia,23,SARAH LEWIS,4.54,2,13.97,2005-08-06,3,2,2005-07-31,2
3.08,Meixian,0.75,1.0,China,90,RUBY WASHINGTON,3.24,24,9.97,2005-07-13,3,1,2005-07-07,1
3.08,Monclova,0.44,1.0,Mexico,570,IVAN CROMWELL,3.88,20,11.96,2005-07-14,4,2,2005-07-08,2
3.08,Pachuca de Soto,0.57,1.0,Mexico,353,JONATHAN SCARBOROUGH,3.56,8,10.96,2005-08-27,4,2,2005-08-21,2
3.08,Poos de Caldas,0.75,1.0,Brazil,254,MAXINE SILVA,3.24,9,9.97,2005-06-23,3,2,2005-06-17,2
3.08,Probolinggo,0.13,1.0,Indonesia,372,STEVE MACKENZIE,4.87,2,14.98,2005-08-08,2,1,2005-08-02,1
3.08,Saint Louis,0.43,1.0,United States,62,JOAN COOPER,3.56,19,10.97,2005-07-12,3,1,2005-07-06,1
3.08,Stockport,1.0,1.0,United Kingdom,477,DAN PAINE,6.49,3,19.96,2005-07-13,4,2,2005-07-07,2
3.09,Coacalco de Berriozbal,0.57,1.0,Mexico,247,STELLA MORENO,4.85,9,14.96,2005-08-07,4,2,2005-08-01,2
3.09,Dundee,0.6,1.0,United Kingdom,142,APRIL BURNS,4.19,4,12.94,2005-08-26,6,2,2005-08-20,2
3.09,Guadalajara,0.5,1.0,Mexico,364,BENJAMIN VARNEY,3.87,12,11.96,2005-08-26,4,2,2005-08-20,2
3.09,Korolev,0.63,1.0,Russian Federation,393,PHILIP CAUSEY,5.49,14,16.95,2005-08-02,5,2,2005-07-27,2
3.09,Ocumare del Tuy,2.0,1.0,Venezuela,174,YVONNE WATKINS,5.49,2,16.96,2005-06-22,4,2,2005-06-16,2
3.09,Pingxiang,0.33,1.0,China,169,ERICA MATTHEWS,3.55,11,10.97,2005-08-28,3,1,2005-08-22,1
3.09,Pingxiang,0.5,1.0,China,169,ERICA MATTHEWS,3.87,22,11.96,2005-08-27,4,1,2005-08-21,1
3.09,Quilmes,0.43,1.0,Argentina,585,PERRY SWAFFORD,4.85,5,14.97,2005-07-15,3,1,2005-07-09,1
3.09,Rajkot,1.0,0.9705882352941176,India,554,DWAYNE OLVERA,5.49,23,16.96,2005-07-14,4,2,2005-07-08,2
3.09,Sorocaba,0.13,1.0,Brazil,314,GEORGE LINTON,3.55,10,10.98,2005-08-05,2,1,2005-07-30,1
3.09,Tokat,2.0,1.0,Turkey,566,CASEY MENA,5.49,4,16.96,2005-06-22,4,2,2005-06-16,2
3.1,Brescia,0.38,1.0,Italy,309,CHRISTOPHER GRECO,6.12,3,18.97,2005-07-15,3,2,2005-07-09,2
3.1,Klerksdorp,1.5,1.0,South Africa,109,EDNA WEST,4.49,7,13.94,2005-08-02,6,2,2005-07-27,2
3.1,Leshan,0.4,1.0,China,569,DAVE GARDINER,4.19,15,12.98,2005-06-21,2,2,2005-06-15,2
3.1,Mogiljov,0.18,1.0,Belarus,527,CORY MEEHAN,2.9,1,8.98,2005-08-08,2,1,2005-08-02,1
3.1,Pak Kret,0.19,1.0,Thailand,42,CAROLYN PEREZ,3.87,2,11.97,2005-08-07,3,2,2005-08-01,2
3.1,Usolje-Sibirskoje,0.22,1.0,Russian Federation,462,WARREN SHERROD,4.82,9,14.96,2005-08-26,4,2,2005-08-20,2
3.1,Yamuna Nagar,1.0,1.0,India,12,NANCY THOMAS,4.49,31,13.94,2005-07-12,6,2,2005-07-06,2
3.11,Aurora,0.5,1.0,United States,537,CLINTON BUFORD,4.49,16,13.96,2005-08-27,4,2,2005-08-21,2
3.11,Coquimbo,0.36,1.0,Chile,515,ANDRE RAPP,4.81,2,14.96,2005-08-26,4,1,2005-08-20,1
3.11,Daugavpils,0.21,1.0,Latvia,347,RYAN SALISBURY,3.85,1,11.97,2005-08-06,3,1,2005-07-31,1
3.11,Esfahan,0.27,1.0,Iran,10,DOROTHY TAYLOR,4.17,5,12.97,2005-08-07,3,2,2005-08-01,2
3.11,Fengshan,0.3,1.0,Taiwan,576,MORRIS MCCARTER,4.49,8,13.97,2005-07-14,3,2,2005-07-08,2
3.11,Hino,0.5,1.0,Japan,194,KRISTEN CHAVEZ,4.49,16,13.98,2005-08-05,2,2,2005-07-30,2
3.11,Jedda,0.45,1.0,Saudi Arabia,49,JOYCE EDWARDS,5.44,2,16.95,2005-08-06,5,1,2005-07-31,1
3.11,Junan,0.31,1.0,China,435,RICKY SHELBY,3.53,21,10.96,2005-08-27,4,1,2005-08-21,1
3.11,Kamakura,0.43,1.0,Japan,79,RACHEL BARNES,3.85,11,11.97,2005-07-15,3,2,2005-07-09,2
3.11,Pingxiang,0.33,1.0,China,169,ERICA MATTHEWS,4.82,4,14.98,2005-07-18,2,1,2005-07-12,1
3.11,Poos de Caldas,2.5,1.0,Brazil,254,MAXINE SILVA,4.49,7,13.95,2005-06-21,5,2,2005-06-15,2
3.11,Sal,0.75,1.0,Morocco,22,LAURA RODRIGUEZ,4.49,2,13.97,2005-08-03,3,2,2005-07-28,2
3.11,Simferopol,0.25,1.0,Ukraine,82,KATHRYN COLEMAN,4.49,2,13.98,2005-07-17,2,1,2005-07-11,1
3.12,Bergamo,0.5,1.0,Italy,439,ALEXANDER FENNELL,4.16,3,12.97,2005-06-25,3,1,2005-06-19,1
3.12,Bhilwara,0.25,1.0,India,209,TONYA CHAPMAN,5.12,30,15.96,2005-08-06,4,2,2005-07-31,2
3.12,Guaruj,0.44,1.0,Brazil,427,JESUS MCCARTNEY,5.43,11,16.96,2005-08-26,4,2,2005-08-20,2
3.12,Imus,0.8,1.0,Philippines,349,JOE GILLILAND,4.79,11,14.96,2005-07-13,4,2,2005-07-07,2
3.12,Isesaki,0.44,0.9565217391304348,Japan,519,RON DELUCA,5.43,19,16.96,2005-08-25,4,2,2005-08-19,2
3.12,Kaliningrad,0.33,1.0,Russian Federation,301,ROBERT BAUGHMAN,4.16,8,12.98,2005-08-28,2,1,2005-08-22,1
3.12,La Plata,0.31,1.0,Argentina,89,JULIA FLORES,3.84,7,11.96,2005-08-24,4,2,2005-08-18,2
3.12,Mandi Bahauddin,0.33,1.0,Pakistan,223,MELINDA FERNANDEZ,4.16,3,12.98,2005-08-06,2,1,2005-07-31,1
3.12,Tieli,0.33,1.0,China,599,AUSTIN CINTRON,4.16,3,12.98,2005-07-18,2,1,2005-07-12,1
3.12,York,0.67,1.0,United Kingdom,497,GILBERT SLEDGE,5.43,4,16.94,2005-08-25,6,2,2005-08-19,2
3.13,Bergamo,0.25,1.0,Italy,439,ALEXANDER FENNELL,3.82,1,11.97,2005-08-07,3,2,2005-08-01,2
3.13,Emmen,0.3,1.0,Netherlands,474,DUSTIN GILLETTE,3.19,2,9.97,2005-08-07,3,2,2005-08-01,2
3.13,Fontana,1.0,1.0,United States,51,ALICE STEWART,6.37,21,19.92,2005-08-04,8,2,2005-07-29,2
3.13,Joliet,0.3,1.0,United States,504,NATHANIEL ADAM,4.79,22,14.97,2005-08-04,3,2,2005-07-29,2
3.13,Kaduna,0.4,1.0,Nigeria,18,CAROL GARCIA,4.79,3,14.98,2005-06-23,2,2,2005-06-17,2
3.13,Lhokseumawe,0.4,1.0,Indonesia,473,JORGE OLIVARES,3.19,4,9.98,2005-06-25,2,1,2005-06-19,1
3.13,Pune,0.38,1.0,India,135,JUANITA MASON,4.45,43,13.95,2005-08-24,5,2,2005-08-18,2
3.13,Southampton,0.33,1.0,United Kingdom,583,MARSHALL THORN,5.74,2,17.96,2005-08-07,4,1,2005-08-01,1
3.13,Tel Aviv-Jaffa,0.33,1.0,Israel,161,GERALDINE PERKINS,3.82,3,11.98,2005-07-15,2,1,2005-07-09,1
3.13,Weifang,0.33,1.0,China,588,MARION OCAMPO,3.82,27,11.96,2005-08-26,4,1,2005-08-20,1
3.14,Ahmadnagar,0.33,1.0,India,297,SHERRI RHODES,4.77,8,14.97,2005-07-17,3,2,2005-07-11,2
3.14,Benin City,0.29,1.0,Nigeria,284,SONIA GREGORY,4.13,6,12.98,2005-07-15,2,1,2005-07-09,1
3.14,Bhimavaram,0.31,1.0,India,529,ERIK GUILLEN,4.76,22,14.96,2005-08-27,4,2,2005-08-21,2
3.14,Buenaventura,0.43,1.0,Colombia,235,JACKIE LYNCH,4.13,2,12.97,2005-07-17,3,2,2005-07-11,2
3.14,Cuauhtmoc,1.5,1.0,Mexico,467,ALVIN DELOACH,6.99,10,21.97,2005-06-23,3,2,2005-06-17,2
3.14,Skikda,0.36,1.0,Algeria,176,JUNE CARROLL,4.44,1,13.96,2005-08-05,4,2,2005-07-30,2
3.14,Tel Aviv-Jaffa,2.0,1.0,Israel,161,GERALDINE PERKINS,3.49,1,10.96,2005-06-03,4,2,2005-05-28,2
3.14,Zaoyang,0.3,1.0,China,514,FRANKLIN TROUTMAN,3.49,20,10.97,2005-08-27,3,1,2005-08-21,1
3.15,Abu Dhabi,1.0,1.0,United Arab Emirates,452,TOM MILNER,3.79,2,11.95,2005-06-22,5,2,2005-06-16,2
3.15,Bhopal,0.63,1.0,India,15,HELEN HARRIS,4.74,29,14.95,2005-08-06,5,2,2005-07-31,2
3.15,Callao,0.44,1.0,Peru,304,DAVID ROYAL,4.43,3,13.96,2005-08-03,4,2,2005-07-28,2
3.15,Lipetsk,0.29,1.0,Russian Federation,44,MARIE TURNER,2.85,4,8.98,2005-06-25,2,2,2005-06-19,2
3.15,Lublin,0.2,1.0,Poland,501,RUBEN GEARY,3.49,3,10.98,2005-08-28,2,1,2005-08-22,1
3.15,Rio Claro,0.25,1.0,Brazil,74,DENISE KELLY,3.49,6,10.98,2005-07-17,2,1,2005-07-11,1
3.16,Aurora,0.2,1.0,United States,537,CLINTON BUFORD,3.79,7,11.98,2005-08-28,2,1,2005-08-22,1
3.16,Bhilwara,0.75,1.0,India,209,TONYA CHAPMAN,4.74,14,14.97,2005-06-22,3,1,2005-06-16,1
3.16,Coacalco de Berriozbal,0.75,1.0,Mexico,247,STELLA MORENO,4.74,10,14.97,2005-07-15,3,2,2005-07-09,2
3.16,Haldia,0.33,1.0,India,186,HOLLY FOX,3.16,3,9.98,2005-06-26,2,2,2005-06-20,2
3.16,Kimchon,0.3,1.0,South Korea,99,EMILY DIAZ,3.79,1,11.97,2005-07-17,3,2,2005-07-11,2
3.16,Lhokseumawe,0.18,1.0,Indonesia,473,JORGE OLIVARES,4.11,5,12.97,2005-08-28,3,2,2005-08-22,2
3.16,So Leopoldo,0.71,1.0,Brazil,443,FRANCISCO SKIDMORE,5.99,12,18.95,2005-08-06,5,2,2005-07-31,2
3.16,Uijongbu,0.36,1.0,South Korea,245,COURTNEY DAY,4.42,3,13.95,2005-08-06,5,2,2005-07-31,2
3.17,Battambang,0.44,1.0,Cambodia,516,ELMER NOE,3.77,1,11.96,2005-08-25,4,1,2005-08-19,1
3.17,Bradford,1.67,1.0,United Kingdom,85,ANNE POWELL,5.66,3,17.95,2005-06-23,5,2,2005-06-17,2
3.17,Hino,1.33,1.0,Japan,194,KRISTEN CHAVEZ,5.99,15,18.96,2005-08-26,4,2,2005-08-20,2
3.17,Jelets,0.36,1.0,Russian Federation,100,ROBIN HAYES,5.35,10,16.96,2005-08-05,4,2,2005-07-30,2
3.17,Jos Azueta,0.3,1.0,Mexico,581,VIRGIL WOFFORD,4.09,4,12.97,2005-07-16,3,2,2005-07-10,2
3.17,Shikarpur,1.0,1.0,Pakistan,25,DEBORAH WALKER,5.66,2,17.94,2005-07-13,6,2,2005-07-07,2
3.17,Simferopol,0.56,1.0,Ukraine,82,KATHRYN COLEMAN,5.66,3,17.95,2005-08-25,5,2,2005-08-19,2
3.17,Zaoyang,0.44,1.0,China,514,FRANKLIN TROUTMAN,3.77,26,11.96,2005-08-26,4,1,2005-08-20,1
3.18,Braslia,0.71,1.0,Brazil,325,TIMOTHY BUNN,4.7,16,14.95,2005-08-04,5,2,2005-07-29,2
3.18,Davao,0.15,1.0,Philippines,27,SHIRLEY ALLEN,3.45,1,10.98,2005-07-18,2,1,2005-07-12,1
3.18,El Fuerte,0.18,1.0,Mexico,451,JIM REA,4.08,9,12.98,2005-07-15,2,2,2005-07-09,2
3.18,Hami,0.27,1.0,China,165,LORRAINE STEPHENS,4.08,28,12.97,2005-08-06,3,2,2005-07-31,2
3.18,Korolev,0.31,1.0,Russian Federation,393,PHILIP CAUSEY,3.76,7,11.96,2005-08-28,4,2,2005-08-22,2
3.18,Lublin,0.33,1.0,Poland,501,RUBEN GEARY,3.77,4,11.97,2005-08-26,3,2,2005-08-20,2
3.18,Maring,0.6,1.0,Brazil,246,MARIAN MENDOZA,4.39,11,13.97,2005-08-06,3,1,2005-07-31,1
3.18,Masqat,1.67,1.0,Oman,9,MARGARET MOORE,5.32,2,16.95,2005-07-14,5,2,2005-07-08,2
3.18,Nakhon Sawan,0.4,1.0,Thailand,390,SHAWN HEATON,4.39,1,13.98,2005-06-24,2,1,2005-06-18,1
3.18,Ogbomosho,0.6,1.0,Nigeria,277,OLGA JIMENEZ,4.39,1,13.97,2005-06-27,3,2,2005-06-21,2
3.18,Tama,0.36,1.0,Japan,385,PHILLIP HOLM,4.08,6,12.96,2005-08-07,4,1,2005-08-01,1
3.19,Bhusawal,0.31,0.9722222222222222,India,202,CARLA GUTIERREZ,4.37,28,13.96,2005-08-26,4,2,2005-08-20,2
3.19,Huaian,0.86,1.0,China,384,ERNEST STEPP,4.99,23,15.94,2005-07-13,6,2,2005-07-07,2
3.19,Juiz de Fora,0.33,1.0,Brazil,591,KENT ARSENAULT,5.32,15,16.96,2005-08-04,4,2,2005-07-29,2
3.19,Mannheim,0.21,1.0,Germany,196,ALMA AUSTIN,4.06,5,12.97,2005-08-27,3,2,2005-08-21,2
3.2,Allende,1.0,1.0,Mexico,414,VINCENT RALSTON,4.99,17,15.95,2005-08-02,5,2,2005-07-27,2
3.2,Aparecida de Goinia,5.0,1.0,Brazil,216,NATALIE MEYER,4.99,6,15.95,2005-06-21,5,2,2005-06-15,2
3.2,Baiyin,0.45,0.9666666666666667,China,495,CHARLIE BESS,4.99,26,15.95,2005-08-25,5,2,2005-08-19,2
3.2,Benin City,0.5,1.0,Nigeria,284,SONIA GREGORY,2.49,3,7.98,2005-06-25,2,1,2005-06-19,1
3.2,Caracas,2.5,1.0,Venezuela,111,CARMEN OWENS,4.99,2,15.95,2005-06-23,5,1,2005-06-17,1
3.2,Cavite,0.13,1.0,Philippines,388,CRAIG MORRELL,3.74,5,11.98,2005-08-28,2,1,2005-08-22,1
3.2,Chapra,0.75,0.9705882352941176,India,509,RAUL FORTIER,3.74,22,11.97,2005-07-14,3,2,2005-07-08,2
3.2,Datong,0.5,1.0,China,260,CHRISTY VARGAS,4.37,22,13.96,2005-07-13,4,2,2005-07-07,2
3.2,Emeishan,0.14,1.0,China,389,ALAN KAHN,4.99,5,15.98,2005-08-29,2,2,2005-08-23,2
3.2,Fuyu,2.0,1.0,China,211,STACEY MONTGOMERY,4.99,8,15.98,2005-06-25,2,1,2005-06-19,1
3.2,Hanoi,1.0,1.0,Vietnam,340,PATRICK NEWSOM,4.99,2,15.96,2005-06-25,4,2,2005-06-19,2
3.2,Huixquilucan,0.3,1.0,Mexico,108,TRACY COLE,4.99,7,15.97,2005-08-27,3,2,2005-08-21,2
3.2,Idfu,0.56,1.0,Egypt,233,LILLIE KIM,4.99,5,15.95,2005-08-04,5,2,2005-07-29,2
3.2,Ivanovo,2.0,1.0,Russian Federation,106,CONNIE WALLACE,4.99,11,15.96,2005-07-13,4,2,2005-07-07,2
3.2,Jhansi,1.33,1.0,India,32,AMY LOPEZ,4.99,10,15.96,2005-06-23,4,1,2005-06-17,1
3.2,Jinzhou,0.25,1.0,China,595,TERRENCE GUNDERSON,4.37,6,13.98,2005-07-17,2,1,2005-07-11,1
3.2,Junan,0.42,0.9666666666666667,China,435,RICKY SHELBY,3.74,27,11.95,2005-08-25,5,2,2005-08-19,2
3.2,Kakamigahara,0.5,1.0,Japan,163,CATHY SPENCER,3.74,18,11.96,2005-08-03,4,1,2005-07-28,1
3.2,Kolpino,0.19,1.0,Russian Federation,295,DAISY BATES,3.74,4,11.97,2005-07-17,3,2,2005-07-11,2
3.2,Korolev,0.44,1.0,Russian Federation,393,PHILIP CAUSEY,4.99,20,15.96,2005-08-03,4,2,2005-07-28,2
3.2,Leshan,4.0,1.0,China,569,DAVE GARDINER,4.99,5,15.96,2005-06-03,4,2,2005-05-28,2
3.2,Miyakonojo,0.5,1.0,Japan,253,TERRY CARLSON,4.99,16,15.97,2005-07-12,3,1,2005-07-06,1
3.2,Naju,0.2,1.0,South Korea,237,TANYA GILBERT,4.99,2,15.96,2005-08-27,4,2,2005-08-21,2
3.2,Oyo,5.0,1.0,Nigeria,250,JO FOWLER,4.99,8,15.95,2005-07-12,5,1,2005-07-06,1
3.2,Pangkal Pinang,1.0,1.0,Indonesia,542,LONNIE TIRADO,4.99,3,15.98,2005-06-25,2,2,2005-06-19,2
3.2,Peoria,0.38,1.0,United States,275,CAROLE BARNETT,3.74,19,11.97,2005-08-05,3,2,2005-07-30,2
3.2,Shimoga,0.25,1.0,India,238,NELLIE GARRETT,4.37,28,13.98,2005-08-06,2,2,2005-07-31,2
3.2,Tarsus,0.38,1.0,Turkey,164,JOANN GARDNER,3.74,11,11.97,2005-08-03,3,1,2005-07-28,1
3.21,Bayugan,0.29,1.0,Philippines,188,MELANIE ARMSTRONG,3.42,6,10.98,2005-07-16,2,1,2005-07-10,1
3.21,Dongying,0.43,1.0,China,466,LEO EBERT,3.42,15,10.97,2005-08-07,3,2,2005-08-01,2
3.21,Konotop,1.0,1.0,Ukraine,545,JULIO NOLAND,5.59,4,17.95,2005-08-04,5,1,2005-07-29,1
3.21,Korla,0.45,1.0,China,283,FELICIA SUTTON,3.72,5,11.95,2005-07-17,5,2,2005-07-11,2
3.21,Laiwu,0.8,1.0,China,151,MEGAN PALMER,2.79,21,8.96,2005-07-13,4,2,2005-07-07,2
3.21,Sokoto,1.0,1.0,Nigeria,562,WALLACE SLONE,5.59,10,17.95,2005-08-02,5,2,2005-07-27,2
3.21,Urawa,1.17,1.0,Japan,147,JOANNE ROBERTSON,4.66,13,14.93,2005-07-14,7,2,2005-07-08,2
3.22,Donostia-San Sebastin,1.0,1.0,Spain,293,MAE FLETCHER,6.19,1,19.95,2005-06-23,5,2,2005-06-17,2
3.22,Hsichuh,0.18,1.0,Taiwan,348,ROGER QUINTANILLA,4.34,1,13.97,2005-08-08,3,2,2005-08-02,2
3.23,Czestochowa,0.33,1.0,Poland,572,SIDNEY BURLESON,4.32,1,13.96,2005-08-08,4,2,2005-08-02,2
3.23,Elista,0.71,1.0,Russian Federation,17,DONNA THOMPSON,5.56,8,17.95,2005-08-26,5,2,2005-08-20,2
3.23,Esfahan,0.33,1.0,Iran,10,DOROTHY TAYLOR,4.32,3,13.97,2005-08-25,3,2,2005-08-19,2
3.23,Najafabad,0.2,1.0,Iran,368,HARRY ARCE,4.32,3,13.97,2005-08-27,3,1,2005-08-21,1
3.23,Novi Sad,1.33,1.0,Yugoslavia,553,MAX PITT,4.32,2,13.96,2005-08-23,4,2,2005-08-17,2
3.23,Pavlodar,0.5,1.0,Kazakstan,76,IRENE PRICE,2.16,2,6.97,2005-07-13,3,1,2005-07-07,1
3.23,Tanshui,0.29,1.0,Taiwan,577,CLIFTON MALCOLM,4.63,5,14.96,2005-08-26,4,1,2005-08-20,1
3.23,Warren,1.33,1.0,United States,276,BRANDY GRAVES,4.32,18,13.96,2005-07-12,4,2,2005-07-06,2
3.24,Barcelona,0.22,1.0,Venezuela,568,ALBERTO HENNING,2.77,1,8.98,2005-08-28,2,2,2005-08-22,2
3.24,Beira,0.25,1.0,Mozambique,257,MARSHA DOUGLAS,4.93,1,15.96,2005-08-06,4,2,2005-07-31,2
3.24,Cuernavaca,0.6,1.0,Mexico,575,ISAAC OGLESBY,3.39,9,10.97,2005-06-21,3,2,2005-06-15,2
3.24,Shahr-e Kord,0.63,1.0,Iran,185,ROBERTA HARPER,4.62,5,14.95,2005-08-04,5,2,2005-07-29,2
3.24,Syrakusa,0.5,1.0,Italy,221,BESSIE MORRISON,5.24,3,16.96,2005-08-04,4,2,2005-07-29,2
3.24,Tieli,1.0,1.0,China,599,AUSTIN CINTRON,5.24,16,16.96,2005-07-15,4,2,2005-07-09,2
3.24,Witten,0.6,1.0,Germany,201,VICKI FIELDS,3.39,1,10.97,2005-08-07,3,2,2005-08-01,2
3.25,Antofagasta,2.0,1.0,Chile,45,JANET PHILLIPS,3.99,1,12.96,2005-06-23,4,2,2005-06-17,2
3.25,Baku,0.27,1.0,Azerbaijan,333,ANDREW PURDY,3.99,2,12.97,2005-08-06,3,2,2005-07-31,2
3.25,Bhusawal,0.25,1.0,India,202,CARLA GUTIERREZ,3.99,27,12.97,2005-08-06,3,2,2005-07-31,2
3.25,Cuautla,1.0,1.0,Mexico,323,MATTHEW MAHAN,3.99,19,12.96,2005-07-14,4,2,2005-07-08,2
3.25,Dallas,0.23,1.0,United States,400,BRYAN HARDISON,3.99,15,12.97,2005-08-27,3,2,2005-08-21,2
3.25,Datong,0.33,1.0,China,260,CHRISTY VARGAS,3.99,19,12.97,2005-07-14,3,2,2005-07-08,2
3.25,Firozabad,5.0,1.0,India,192,LAURIE LAWRENCE,3.99,30,12.95,2005-07-12,5,2,2005-07-06,2
3.25,Gatineau,2.0,1.0,Canada,476,DERRICK BOURQUE,3.99,1,12.96,2005-06-22,4,2,2005-06-16,2
3.25,Huixquilucan,0.15,0.9523809523809523,Mexico,108,TRACY COLE,3.99,4,12.98,2005-08-08,2,2,2005-08-02,2
3.25,Hunuco,0.83,1.0,Peru,565,JAIME NETTLES,3.99,2,12.95,2005-07-15,5,2,2005-07-09,2
3.25,Jurez,0.75,1.0,Mexico,369,FRED WHEAT,3.99,8,12.97,2005-07-15,3,2,2005-07-09,2
3.25,Mardan,0.29,1.0,Pakistan,20,SHARON ROBINSON,3.99,2,12.96,2005-08-28,4,2,2005-08-22,2
3.25,Mukateve,0.4,1.0,Ukraine,131,MONICA HICKS,4.29,3,13.96,2005-08-05,4,1,2005-07-30,1
3.25,Nagaon,0.4,1.0,India,152,ALICIA MILLS,3.99,35,12.98,2005-08-05,2,1,2005-07-30,1
3.25,Pachuca de Soto,1.33,1.0,Mexico,353,JONATHAN SCARBOROUGH,3.99,13,12.96,2005-08-03,4,2,2005-07-28,2
3.25,Quilmes,0.44,1.0,Argentina,585,PERRY SWAFFORD,5.21,9,16.96,2005-08-26,4,2,2005-08-20,2
3.25,Shenzhen,0.67,1.0,China,378,EUGENE CULPEPPER,3.99,10,12.98,2005-06-23,2,1,2005-06-17,1
3.25,Sultanbeyli,0.33,1.0,Turkey,493,BRENT HARKINS,3.99,2,12.98,2005-07-18,2,1,2005-07-12,1
3.25,Sunnyvale,0.55,1.0,United States,214,KRISTIN JOHNSTON,4.9,21,15.94,2005-08-26,6,2,2005-08-20,2
3.25,Tianjin,0.5,1.0,China,249,DORA MEDINA,3.99,25,12.97,2005-08-26,3,2,2005-08-20,2
3.25,Tokat,0.17,1.0,Turkey,566,CASEY MENA,3.99,4,12.97,2005-08-07,3,1,2005-08-01,1
3.25,Warren,0.4,1.0,United States,276,BRANDY GRAVES,3.99,13,12.96,2005-08-06,4,2,2005-07-31,2
3.25,Witten,2.0,1.0,Germany,201,VICKI FIELDS,3.99,1,12.98,2005-06-03,2,2,2005-05-28,2
3.25,s-Hertogenbosch,0.5,1.0,Netherlands,184,VIVIAN RUIZ,3.99,3,12.97,2005-08-03,3,2,2005-07-28,2
3.26,Celaya,0.4,1.0,Mexico,587,SERGIO STANFIELD,4.89,8,15.96,2005-08-07,4,2,2005-08-01,2
3.26,Garland,0.57,1.0,United States,561,IAN STILL,4.28,10,13.96,2005-08-07,4,2,2005-08-01,2
3.26,Gijn,0.6,1.0,Spain,394,CHRIS BROTHERS,4.59,3,14.97,2005-07-15,3,2,2005-07-09,2
3.26,Kilis,0.25,1.0,Turkey,143,LESLIE GORDON,3.37,5,10.98,2005-08-28,2,1,2005-08-22,1
3.26,Kumbakonam,0.57,1.0,India,271,PENNY NEAL,4.28,42,13.96,2005-08-24,4,2,2005-08-18,2
3.26,Salinas,0.3,1.0,United States,269,CASSANDRA WALTERS,4.59,14,14.97,2005-08-27,3,2,2005-08-21,2
3.27,Atlixco,0.21,1.0,Mexico,84,SARA PERRY,4.28,6,13.97,2005-08-27,3,1,2005-08-21,1
3.27,Buenaventura,0.18,1.0,Colombia,235,JACKIE LYNCH,3.35,3,10.98,2005-08-27,2,2,2005-08-21,2
3.27,Citrus Heights,0.36,1.0,United States,14,BETTY WHITE,4.26,20,13.96,2005-08-26,4,2,2005-08-20,2
3.27,Davao,0.25,1.0,Philippines,27,SHIRLEY ALLEN,3.66,1,11.97,2005-07-17,3,1,2005-07-11,1
3.27,Daxian,0.36,1.0,China,64,JUDITH COX,3.35,24,10.96,2005-08-26,4,2,2005-08-20,2
3.27,Emmen,2.67,1.0,Netherlands,474,DUSTIN GILLETTE,7.32,3,23.92,2005-07-13,8,2,2005-07-07,2
3.27,Hagonoy,0.83,1.0,Philippines,255,IRMA PEARSON,5.49,13,17.95,2005-08-25,5,2,2005-08-19,2
3.27,Madiun,0.27,1.0,Indonesia,500,REGINALD KINDER,3.35,4,10.97,2005-08-28,3,1,2005-08-22,1
3.27,Okinawa,2.5,1.0,Japan,365,BRUCE SCHWARZ,5.49,4,17.95,2005-06-21,5,2,2005-06-15,2
3.27,Patras,1.0,1.0,Greece,596,ENRIQUE FORSYTHE,3.66,1,11.97,2005-06-04,3,2,2005-05-29,2
3.27,Shubra al-Khayma,0.56,1.0,Egypt,119,SHERRY MARSHALL,4.88,3,15.95,2005-08-06,5,2,2005-07-31,2
3.27,Simferopol,0.4,1.0,Ukraine,82,KATHRYN COLEMAN,5.19,3,16.96,2005-08-26,4,1,2005-08-20,1
3.27,Suihua,1.75,1.0,China,511,CHESTER BENNER,5.49,26,17.93,2005-07-12,7,2,2005-07-06,2
3.27,Surakarta,0.5,1.0,Indonesia,450,JAY ROBB,3.66,7,11.97,2005-08-04,3,2,2005-07-29,2
3.27,Uttarpara-Kotrung,0.18,1.0,India,231,GEORGIA JACOBS,3.35,4,10.98,2005-08-08,2,2,2005-08-02,2
3.27,Vila Velha,0.14,1.0,Brazil,39,DEBRA NELSON,4.28,20,13.98,2005-08-25,2,1,2005-08-19,1
3.27,Yantai,0.6,1.0,China,272,KAY CALDWELL,5.19,27,16.97,2005-08-06,3,2,2005-07-31,2
3.28,Ambattur,1.2,1.0,India,225,ARLENE HARVEY,6.39,15,20.94,2005-07-15,6,2,2005-07-09,2
3.28,Ashdod,0.25,1.0,Israel,102,CRYSTAL FORD,2.74,2,8.99,2005-06-24,1,1,2005-06-18,1
3.28,Hino,2.5,0.9565217391304348,Japan,194,KRISTEN CHAVEZ,6.99,18,22.95,2005-08-25,5,2,2005-08-19,2
3.28,La Romana,0.57,1.0,Dominican Republic,437,RANDALL NEUMANN,4.56,3,14.96,2005-08-26,4,2,2005-08-20,2
3.28,Liaocheng,0.5,1.0,China,129,CARRIE PORTER,2.74,6,8.98,2005-06-26,2,1,2005-06-20,1
3.28,Purwakarta,2.0,1.0,Indonesia,524,JARED ELY,6.99,11,22.94,2005-08-26,6,2,2005-08-20,2
3.28,Sal,0.27,1.0,Morocco,22,LAURA RODRIGUEZ,5.17,1,16.97,2005-08-29,3,1,2005-08-23,1
3.28,Tanza,0.57,1.0,Philippines,236,MARCIA DEAN,4.56,3,14.96,2005-06-25,4,2,2005-06-19,2
3.28,Udaipur,0.25,1.0,India,170,BEATRICE ARNOLD,2.74,12,8.99,2005-06-24,1,1,2005-06-18,1
3.29,Bern,0.38,1.0,Switzerland,155,GAIL KNIGHT,4.24,1,13.97,2005-08-06,3,2,2005-07-31,2
3.29,Boksburg,0.16,1.0,South Africa,125,ETHEL WEBB,3.94,6,12.97,2005-08-25,3,2,2005-08-19,2
3.29,Braslia,0.5,1.0,Brazil,325,TIMOTHY BUNN,4.24,10,13.96,2005-08-06,4,2,2005-07-31,2
3.29,Dos Quebradas,0.44,1.0,Colombia,120,SYLVIA ORTIZ,4.55,4,14.96,2005-07-14,4,2,2005-07-08,2
3.29,Halle/Saale,0.71,1.0,Germany,251,VICKIE BREWER,4.85,5,15.95,2005-08-04,5,2,2005-07-29,2
3.29,Kaliningrad,0.57,1.0,Russian Federation,301,ROBERT BAUGHMAN,4.85,13,15.96,2005-08-02,4,2,2005-07-27,2
3.29,Purnea (Purnia),0.31,1.0,India,426,BRADLEY MOTLEY,5.45,33,17.96,2005-08-25,4,2,2005-08-19,2
3.29,Rae Bareli,0.33,1.0,India,78,LORI WOOD,5.46,21,17.95,2005-08-27,5,2,2005-08-21,2
3.29,Tabriz,0.43,1.0,Iran,279,DIANNE SHELTON,4.85,7,15.97,2005-08-06,3,1,2005-07-31,1
3.3,Apeldoorn,0.56,1.0,Netherlands,137,RHONDA KENNEDY,5.43,1,17.95,2005-07-15,5,2,2005-07-09,2
3.3,Bag,1.25,1.0,Brazil,398,ANTONIO MEEK,5.74,9,18.95,2005-08-05,5,2,2005-07-30,2
3.3,Hohhot,1.33,1.0,China,138,HAZEL WARREN,3.32,5,10.96,2005-07-11,4,2,2005-07-05,2
3.3,Manchester,0.5,1.0,United States,382,VICTOR BARKLEY,3.32,15,10.97,2005-07-13,3,2,2005-07-07,2
3.3,Parbhani,0.33,1.0,India,300,JOHN FARNSWORTH,3.32,7,10.98,2005-07-17,2,2,2005-07-11,2
3.3,Rae Bareli,1.75,1.0,India,78,LORI WOOD,5.74,22,18.93,2005-07-13,7,2,2005-07-07,2
3.3,Talavera,0.5,1.0,Philippines,505,RAFAEL ABNEY,4.24,2,13.98,2005-06-25,2,1,2005-06-19,1
3.3,Yaound,0.2,1.0,Cameroon,361,LAWRENCE LAWTON,3.32,1,10.97,2005-08-27,3,2,2005-08-21,2
3.3,al-Qatif,0.57,1.0,Saudi Arabia,417,TRAVIS ESTEP,5.13,1,16.96,2005-08-07,4,2,2005-08-01,2
3.31,Izumisano,0.63,1.0,Japan,391,CLARENCE GAMEZ,3.62,19,11.95,2005-08-23,5,1,2005-08-17,1
3.31,Jinchang,0.2,1.0,China,168,REGINA BERRY,3.92,26,12.97,2005-08-06,3,1,2005-07-31,1
3.31,Lincoln,0.21,1.0,United States,63,ASHLEY RICHARDSON,3.92,6,12.97,2005-08-28,3,1,2005-08-22,1
3.31,Luzinia,0.38,1.0,Brazil,183,IDA ANDREWS,3.62,19,11.97,2005-08-25,3,2,2005-08-19,2
3.31,Maikop,0.43,1.0,Russian Federation,346,ARTHUR SIMPKINS,5.13,3,16.97,2005-07-17,3,1,2005-07-11,1
3.31,Mwanza,0.42,1.0,Tanzania,481,HERMAN DEVORE,4.82,1,15.95,2005-08-26,5,2,2005-08-20,2
3.31,Ponce,0.14,1.0,Puerto Rico,282,JENNY CASTRO,3.92,2,12.98,2005-08-06,2,1,2005-07-31,1
3.31,San Bernardino,0.27,1.0,United States,2,PATRICIA JOHNSON,5.12,3,16.96,2005-08-08,4,2,2005-08-02,2
3.31,San Bernardino,0.36,1.0,United States,2,PATRICIA JOHNSON,5.42,9,17.95,2005-08-07,5,2,2005-08-01,2
3.32,Dadu,0.15,1.0,Pakistan,416,JEFFERY PINSON,3.91,1,12.98,2005-08-08,2,2,2005-08-02,2
3.32,Dongying,0.17,1.0,China,466,LEO EBERT,3.91,10,12.98,2005-08-28,2,2,2005-08-22,2
3.32,Garden Grove,0.5,1.0,United States,593,RENE MCALISTER,5.12,25,16.96,2005-08-24,4,2,2005-08-18,2
3.32,Santa Rosa,0.18,1.0,Philippines,522,ARNOLD HAVENS,5.11,8,16.97,2005-08-26,3,2,2005-08-20,2
3.32,Xiangtan,0.71,1.0,China,67,KELLY TORRES,5.7,23,18.95,2005-08-26,5,2,2005-08-20,2
3.33,Adana,1.33,1.0,Turkey,327,LARRY THRASHER,2.99,11,9.96,2005-08-02,4,2,2005-07-27,2
3.33,Allappuzha (Alleppey),0.3,1.0,India,175,ANNETTE OLSON,4.19,26,13.97,2005-08-06,3,2,2005-07-31,2
3.33,Almirante Brown,0.6,1.0,Argentina,359,WILLIE MARKHAM,4.19,1,13.97,2005-07-17,3,2,2005-07-11,2
3.33,Aurora,1.75,1.0,United States,537,CLINTON BUFORD,5.99,17,19.93,2005-07-12,7,2,2005-07-06,2
3.33,Barcelona,0.8,1.0,Venezuela,568,ALBERTO HENNING,3.59,5,11.96,2005-07-13,4,2,2005-07-07,2
3.33,Buenaventura,0.3,1.0,Colombia,235,JACKIE LYNCH,3.59,4,11.97,2005-08-26,3,2,2005-08-20,2
3.33,Compton,1.0,1.0,United States,182,RENEE LANE,2.99,11,9.97,2005-06-23,3,2,2005-06-17,2
3.33,Daxian,0.5,1.0,China,64,JUDITH COX,3.59,29,11.95,2005-08-24,5,2,2005-08-18,2
3.33,Dhule (Dhulia),0.4,1.0,India,440,BERNARD COLBY,4.49,20,14.96,2005-08-27,4,2,2005-08-21,2
3.33,Guadalajara,5.0,1.0,Mexico,364,BENJAMIN VARNEY,5.99,10,19.95,2005-06-22,5,2,2005-06-16,2
3.33,Hiroshima,0.4,1.0,Japan,299,JAMES GANNON,4.19,10,13.96,2005-07-15,4,2,2005-07-09,2
3.33,Hodeida,3.0,1.0,Yemen,470,GORDON ALLARD,2.99,2,9.97,2005-06-21,3,2,2005-06-15,2
3.33,Huaian,0.63,1.0,China,384,ERNEST STEPP,4.49,15,14.95,2005-07-15,5,2,2005-07-09,2
3.33,Iwatsuki,0.4,1.0,Japan,396,EARL SHANKS,3.59,9,11.96,2005-08-06,4,1,2005-07-31,1
3.33,Laredo,0.33,1.0,United States,6,JENNIFER DAVIS,2.99,8,9.97,2005-08-07,3,1,2005-08-01,1
3.33,Lausanne,0.67,1.0,Switzerland,598,WADE DELVALLE,4.49,1,14.96,2005-07-18,4,2,2005-07-12,2
3.33,Madiun,0.4,1.0,Indonesia,500,REGINALD KINDER,3.59,9,11.96,2005-08-27,4,1,2005-08-21,1
3.33,Mukateve,1.67,1.0,Ukraine,131,MONICA HICKS,5.99,2,19.95,2005-07-15,5,2,2005-07-09,2
3.33,Purwakarta,1.5,1.0,Indonesia,524,JARED ELY,2.99,5,9.97,2005-06-21,3,2,2005-06-15,2
3.33,Qinhuangdao,0.5,0.9565217391304348,China,242,GLENDA FRAZIER,4.49,12,14.97,2005-06-22,3,2,2005-06-16,2
3.33,Ruse,0.71,1.0,Bulgaria,540,TYRONE ASHER,5.99,2,19.95,2005-08-24,5,2,2005-08-18,2
3.33,Shivapuri,4.0,1.0,India,68,NICOLE PETERSON,5.99,9,19.96,2005-06-23,4,2,2005-06-17,2
3.33,Shubra al-Khayma,0.4,1.0,Egypt,119,SHERRY MARSHALL,4.49,2,14.96,2005-08-07,4,2,2005-08-01,2
3.33,Teboksary,1.0,1.0,Russian Federation,350,JUAN FRALEY,4.19,12,13.95,2005-08-24,5,2,2005-08-18,2
3.33,Tete,0.3,1.0,Mozambique,97,ANNIE RUSSELL,3.29,3,10.97,2005-08-04,3,2,2005-07-29,2
3.33,Valencia,1.5,1.0,Venezuela,539,MATHEW BOLIN,2.99,2,9.97,2005-06-21,3,2,2005-06-15,2
3.33,Weifang,0.75,1.0,China,588,MARION OCAMPO,4.49,8,14.97,2005-06-24,3,2,2005-06-18,2
3.33,ostka,0.4,1.0,Ukraine,475,PEDRO CHESTNUT,4.49,6,14.96,2005-08-23,4,2,2005-08-17,2
3.33,ostka,1.67,1.0,Ukraine,475,PEDRO CHESTNUT,5.99,3,19.95,2005-07-15,5,2,2005-07-09,2
3.34,Buenaventura,0.44,1.0,Colombia,235,JACKIE LYNCH,3.88,4,12.96,2005-08-25,4,2,2005-08-19,2
3.34,Crdoba,0.4,1.0,Argentina,24,KIMBERLY LEE,4.19,3,13.98,2005-06-24,2,2,2005-06-18,2
3.34,Dadu,0.36,1.0,Pakistan,416,JEFFERY PINSON,4.78,4,15.95,2005-08-27,5,2,2005-08-21,2
3.34,Dhule (Dhulia),0.33,1.0,India,440,BERNARD COLBY,3.88,34,12.97,2005-08-05,3,1,2005-07-30,1
3.34,Junan,0.5,1.0,China,435,RICKY SHELBY,2.99,14,9.98,2005-07-15,2,1,2005-07-09,1
3.34,Kimberley,0.67,1.0,South Africa,19,RUTH MARTINEZ,2.99,7,9.98,2005-07-12,2,1,2005-07-06,1
3.34,Pjatigorsk,0.16,1.0,Russian Federation,487,HECTOR POINDEXTER,4.78,15,15.97,2005-08-25,3,2,2005-08-19,2
3.34,Sal,1.0,1.0,Morocco,22,LAURA RODRIGUEZ,2.99,1,9.98,2005-07-15,2,1,2005-07-09,1
3.34,San Bernardino,2.0,1.0,United States,2,PATRICIA JOHNSON,2.99,8,9.98,2005-07-16,2,1,2005-07-10,1
3.34,guas Lindas de Gois,0.33,1.0,Brazil,130,CHARLOTTE HUNTER,2.99,4,9.98,2005-06-25,2,1,2005-06-19,1
3.35,Dhule (Dhulia),0.27,0.9705882352941176,India,440,BERNARD COLBY,4.17,11,13.97,2005-08-28,3,2,2005-08-22,2
3.35,Fuyu,0.12,1.0,China,211,STACEY MONTGOMERY,3.87,4,12.98,2005-08-29,2,1,2005-08-23,1
3.35,Iwaki,0.18,1.0,Japan,240,MARLENE WELCH,4.17,15,13.98,2005-08-05,2,2,2005-07-30,2
3.35,Jedda,0.33,1.0,Saudi Arabia,49,JOYCE EDWARDS,4.77,3,15.97,2005-08-27,3,2,2005-08-21,2
3.35,Merlo,0.33,1.0,Argentina,107,FLORENCE WOODS,4.77,8,15.97,2005-08-26,3,1,2005-08-20,1
3.35,Sambhal,0.36,1.0,India,217,AGNES BISHOP,4.17,41,13.96,2005-08-24,4,2,2005-08-18,2
3.35,Syrakusa,0.33,1.0,Italy,221,BESSIE MORRISON,4.77,4,15.97,2005-08-05,3,2,2005-07-30,2
3.35,Tarsus,2.0,1.0,Turkey,164,JOANN GARDNER,5.66,7,18.94,2005-07-14,6,2,2005-07-08,2
3.36,Batman,0.24,1.0,Turkey,172,BERNICE WILLIS,4.75,4,15.96,2005-08-28,4,2,2005-08-22,2
3.36,Ciudad del Este,1.0,1.0,Paraguay,205,EILEEN CARR,6.24,2,20.96,2005-08-03,4,2,2005-07-28,2
3.36,Graz,0.25,1.0,Austria,173,AUDREY RAY,4.16,3,13.97,2005-08-05,3,2,2005-07-30,2
3.36,Satna,0.17,1.0,India,356,GERALD FULTZ,4.16,4,13.97,2005-08-29,3,2,2005-08-23,2
3.36,Taizz,0.38,1.0,Yemen,213,GINA WILLIAMSON,3.87,2,12.97,2005-08-25,3,2,2005-08-19,2
3.36,Uruapan,0.45,1.0,Mexico,454,ALEX GRESHAM,4.44,4,14.95,2005-08-28,5,2,2005-08-22,2
3.37,Balaiha,1.0,1.0,Russian Federation,55,DORIS REED,4.74,7,15.96,2005-06-23,4,2,2005-06-17,2
3.37,Coacalco de Berriozbal,1.33,1.0,Mexico,247,STELLA MORENO,5.32,18,17.96,2005-07-14,4,2,2005-07-08,2
3.37,Hami,0.43,0.9642857142857143,China,165,LORRAINE STEPHENS,3.85,16,12.97,2005-07-16,3,2,2005-07-10,2
3.37,Jhansi,0.44,0.9722222222222222,India,32,AMY LOPEZ,5.32,27,17.96,2005-08-26,4,2,2005-08-20,2
3.37,Onomichi,0.25,1.0,Japan,337,JERRY JORDON,4.74,13,15.97,2005-08-27,3,2,2005-08-21,2
3.37,Rampur,0.15,0.9705882352941176,India,336,JOSHUA MARK,4.14,10,13.98,2005-08-28,2,2,2005-08-22,2
3.37,Rancagua,0.75,1.0,Chile,464,JEROME KENYON,4.74,2,15.97,2005-07-15,3,2,2005-07-09,2
3.37,Tete,0.44,1.0,Mozambique,97,ANNIE RUSSELL,3.55,3,11.96,2005-08-03,4,2,2005-07-28,2
3.37,Tokat,0.29,1.0,Turkey,566,CASEY MENA,3.85,3,12.98,2005-07-15,2,2,2005-07-09,2
3.37,Urawa,0.86,1.0,Japan,147,JOANNE ROBERTSON,4.13,9,13.94,2005-07-15,6,2,2005-07-09,2
3.38,Coacalco de Berriozbal,0.33,1.0,Mexico,247,STELLA MORENO,4.43,16,14.97,2005-08-25,3,1,2005-08-19,1
3.38,Compton,0.33,1.0,United States,182,RENEE LANE,4.43,13,14.97,2005-08-27,3,1,2005-08-21,1
3.38,Haiphong,0.43,1.0,Vietnam,199,BETH FRANKLIN,4.13,4,13.97,2005-07-16,3,1,2005-07-10,1
3.38,Juazeiro do Norte,1.0,1.0,Brazil,47,FRANCES PARKER,5.32,8,17.97,2005-06-23,3,2,2005-06-17,2
3.38,Laredo,0.5,1.0,United States,6,JENNIFER DAVIS,3.24,23,10.96,2005-08-03,4,1,2005-07-28,1
3.38,Nha Trang,0.17,1.0,Vietnam,520,MITCHELL WESTMORELAND,3.55,1,11.97,2005-08-29,3,2,2005-08-23,2
3.38,Pune,0.29,1.0,India,135,JUANITA MASON,4.13,18,13.96,2005-08-07,4,2,2005-08-01,2
3.38,Sumy,0.38,1.0,Ukraine,187,BRITTANY RILEY,5.62,4,18.97,2005-08-03,3,2,2005-07-28,2
3.39,Binzhou,0.38,1.0,China,533,JESSIE MILAM,4.12,2,13.97,2005-07-18,3,1,2005-07-12,1
3.39,Boksburg,0.19,1.0,South Africa,125,ETHEL WEBB,4.12,3,13.97,2005-08-07,3,2,2005-08-01,2
3.39,Brest,0.57,1.0,France,402,LUIS YANEZ,4.7,2,15.96,2005-07-14,4,2,2005-07-08,2
3.39,Cabuyao,0.75,1.0,Philippines,371,BILLY POULIN,4.12,10,13.94,2005-07-14,6,2,2005-07-08,2
3.39,Ciomas,0.57,1.0,Indonesia,239,MINNIE ROMERO,4.42,7,14.96,2005-07-14,4,2,2005-07-08,2
3.39,Goinia,0.31,1.0,Brazil,92,TINA SIMMONS,5.3,8,17.96,2005-08-05,4,2,2005-07-30,2
3.39,Hagonoy,0.75,1.0,Philippines,255,IRMA PEARSON,3.24,12,10.97,2005-08-03,3,1,2005-07-28,1
3.39,Hidalgo,0.29,1.0,Mexico,150,DANIELLE DANIELS,4.42,5,14.96,2005-08-27,4,2,2005-08-21,2
3.39,Kolpino,0.25,1.0,Russian Federation,295,DAISY BATES,3.24,2,10.98,2005-06-27,2,2,2005-06-21,2
3.39,Laohekou,0.33,1.0,China,422,MELVIN ELLINGTON,4.41,9,14.96,2005-08-28,4,2,2005-08-22,2
3.39,Lapu-Lapu,0.2,1.0,Philippines,244,VIOLA HANSON,4.12,4,13.97,2005-08-08,3,2,2005-08-02,2
3.39,Plock,0.6,1.0,Poland,571,JOHNNIE CHISHOLM,5.59,3,18.97,2005-06-23,3,2,2005-06-17,2
3.39,Ponce,0.75,1.0,Puerto Rico,282,JENNY CASTRO,3.24,2,10.97,2005-06-24,3,2,2005-06-18,2
3.39,Rio Claro,0.57,1.0,Brazil,74,DENISE KELLY,4.7,14,15.96,2005-08-04,4,2,2005-07-29,2
3.39,Sagamihara,0.67,1.0,Japan,11,LISA ANDERSON,4.99,2,16.94,2005-08-22,6,2,2005-08-16,2
3.4,Akron,0.63,1.0,United States,479,ZACHARY HITE,5.87,24,19.95,2005-08-23,5,2,2005-08-17,2
3.4,Cam Ranh,0.33,1.0,Vietnam,532,NEIL RENNER,4.99,2,16.97,2005-07-17,3,2,2005-07-11,2
3.4,Carmen,1.25,1.0,Mexico,578,WILLARD LUMPKIN,4.99,7,16.95,2005-07-15,5,2,2005-07-09,2
3.4,Chiayi,0.4,1.0,Taiwan,73,BEVERLY BROOKS,4.69,5,15.96,2005-08-07,4,2,2005-08-01,2
3.4,El Fuerte,0.5,0.9523809523809523,Mexico,451,JIM REA,5.87,3,19.96,2005-08-08,4,2,2005-08-02,2
3.4,Graz,0.4,1.0,Austria,173,AUDREY RAY,4.69,1,15.96,2005-08-27,4,2,2005-08-21,2
3.4,Huaian,0.44,0.9642857142857143,China,384,ERNEST STEPP,4.1,15,13.96,2005-07-16,4,2,2005-07-10,2
3.4,Jaroslavl,0.83,1.0,Russian Federation,222,DELORES HANSEN,4.99,19,16.95,2005-08-03,5,2,2005-07-28,2
3.4,Jining,3.0,1.0,China,594,EDUARDO HIATT,4.99,4,16.97,2005-06-02,3,2,2005-05-27,2
3.4,Johannesburg,1.2,1.0,South Africa,471,DEAN SAUER,4.39,7,14.94,2005-08-03,6,2,2005-07-28,2
3.4,Kamyin,0.57,1.0,Russian Federation,510,BEN EASTER,5.28,14,17.96,2005-08-04,4,2,2005-07-29,2
3.4,Lubumbashi,3.0,1.0,"Congo, The Democratic Republic of the",387,JESSE SCHILLING,4.99,1,16.97,2005-06-04,3,1,2005-05-29,1
3.4,Mandi Bahauddin,0.43,1.0,Pakistan,223,MELINDA FERNANDEZ,4.99,1,16.97,2005-08-28,3,2,2005-08-22,2
3.4,Maracabo,0.67,1.0,Venezuela,453,CALVIN MARTEL,4.99,4,16.96,2005-08-02,4,2,2005-07-27,2
3.4,Memphis,0.75,1.0,United States,181,ANA BRADLEY,4.99,16,16.97,2005-07-12,3,2,2005-07-06,2
3.4,Memphis,1.5,1.0,United States,181,ANA BRADLEY,4.99,5,16.97,2005-06-25,3,2,2005-06-19,2
3.4,Mit Ghamr,0.44,1.0,Egypt,491,RICK MATTOX,5.88,2,19.96,2005-08-06,4,2,2005-07-31,2
3.4,Nador,4.0,1.0,Morocco,40,AMANDA CARTER,4.99,2,16.96,2005-06-24,4,2,2005-06-18,2
3.4,Sterling Heights,0.57,1.0,United States,146,JAMIE RICE,5.28,2,17.96,2005-08-08,4,2,2005-08-02,2
3.4,Zeleznogorsk,0.36,1.0,Russian Federation,351,JACK FOUST,3.81,11,12.96,2005-08-06,4,2,2005-07-31,2
3.41,Chiayi,0.4,1.0,Taiwan,73,BEVERLY BROOKS,4.09,7,13.96,2005-08-24,4,2,2005-08-18,2
3.41,Emmen,4.5,1.0,Netherlands,474,DUSTIN GILLETTE,8.49,2,28.91,2005-07-12,9,2,2005-07-06,2
3.41,Hsichuh,0.16,1.0,Taiwan,348,ROGER QUINTANILLA,4.1,3,13.97,2005-08-28,3,2,2005-08-22,2
3.41,Ilorin,0.18,1.0,Nigeria,103,GLADYS HAMILTON,3.81,2,12.98,2005-07-18,2,2,2005-07-12,2
3.41,Lungtan,0.33,1.0,Taiwan,30,MELISSA KING,4.39,6,14.95,2005-08-05,5,2,2005-07-30,2
3.41,Smolensk,0.36,1.0,Russian Federation,127,ELAINE STEVENS,5.26,7,17.96,2005-08-26,4,2,2005-08-20,2
3.42,Aurora,0.4,1.0,United States,330,SCOTT SHELLEY,3.79,7,12.96,2005-07-16,4,2,2005-07-10,2
3.42,Balaiha,0.4,1.0,Russian Federation,55,DORIS REED,3.79,15,12.98,2005-07-14,2,2,2005-07-08,2
3.42,Cape Coral,0.2,1.0,United States,526,KARL SEAL,4.09,2,13.98,2005-06-26,2,2,2005-06-20,2
3.42,Chiayi,0.4,1.0,Taiwan,73,BEVERLY BROOKS,3.79,1,12.98,2005-07-18,2,1,2005-07-12,1
3.42,Czestochowa,0.13,1.0,Poland,572,SIDNEY BURLESON,3.79,3,12.98,2005-08-26,2,2,2005-08-20,2
3.42,Higashiosaka,0.3,1.0,Japan,264,GWENDOLYN MAY,4.09,14,13.97,2005-08-26,3,2,2005-08-20,2
3.42,Kisumu,6.0,1.0,Kenya,193,KATIE ELLIOTT,6.99,2,23.94,2005-08-03,6,2,2005-07-28,2
3.42,Klerksdorp,1.0,1.0,South Africa,109,EDNA WEST,3.79,6,12.95,2005-08-03,5,2,2005-07-28,2
3.42,Roanoke,0.27,1.0,United States,291,TONI HOLT,4.08,12,13.97,2005-08-06,3,2,2005-07-31,2
3.42,Saarbrcken,0.33,1.0,Germany,227,COLLEEN BURTON,3.21,6,10.97,2005-08-25,3,1,2005-08-19,1
3.42,Uruapan,0.45,1.0,Mexico,454,ALEX GRESHAM,5.54,17,18.95,2005-07-14,5,1,2005-07-08,1
3.43,Boksburg,0.5,1.0,South Africa,125,ETHEL WEBB,4.66,3,15.97,2005-07-16,3,2,2005-07-10,2
3.43,Florencia,0.67,1.0,Colombia,460,LEON BOSTIC,5.82,4,19.96,2005-08-03,4,2,2005-07-28,2
3.43,Gingoog,0.11,1.0,Philippines,461,DEREK BLAKELY,3.2,1,10.98,2005-08-29,2,1,2005-08-23,1
3.43,Gorontalo,0.63,1.0,Indonesia,203,TARA RYAN,5.24,8,17.95,2005-08-24,5,2,2005-08-18,2
3.43,Katihar,1.0,1.0,India,419,CHAD CARBONE,3.19,15,10.95,2005-07-16,5,2,2005-07-10,2
3.43,Maring,4.0,1.0,Brazil,246,MARIAN MENDOZA,6.99,2,23.96,2005-06-02,4,2,2005-05-27,2
3.43,Matamoros,0.5,1.0,Mexico,177,SAMANTHA DUNCAN,3.19,17,10.95,2005-08-24,5,2,2005-08-18,2
3.43,Matsue,0.67,1.0,Japan,355,TERRY GRISSOM,4.66,3,15.96,2005-07-17,4,2,2005-07-11,2
3.43,Pak Kret,1.5,1.0,Thailand,42,CAROLYN PEREZ,3.49,3,11.97,2005-06-23,3,2,2005-06-17,2
3.43,Pontianak,0.13,1.0,Indonesia,506,LESLIE SEWARD,3.49,1,11.98,2005-08-29,2,2,2005-08-23,2
3.43,Pudukkottai,0.67,1.0,India,421,LEE HAWKS,2.32,11,7.98,2005-06-24,2,2,2005-06-18,2
3.43,Saarbrcken,0.5,1.0,Germany,227,COLLEEN BURTON,3.49,6,11.96,2005-08-23,4,1,2005-08-17,1
3.43,Tarsus,1.0,1.0,Turkey,164,JOANN GARDNER,3.49,1,11.98,2005-06-25,2,2,2005-06-19,2
3.43,Vancouver,0.33,1.0,Canada,436,TROY QUIGLEY,5.52,4,18.95,2005-08-26,5,2,2005-08-20,2
3.43,Witten,0.25,1.0,Germany,201,VICKI FIELDS,3.49,1,11.97,2005-08-28,3,2,2005-08-22,2
3.43,Yinchuan,0.33,1.0,China,484,ROBERTO VU,4.66,4,15.97,2005-07-17,3,2,2005-07-11,2
3.43,Yingkou,0.33,0.9642857142857143,China,521,ROLAND SOUTH,2.32,14,7.98,2005-07-16,2,1,2005-07-10,1
3.43,al-Ayn,1.33,1.0,United Arab Emirates,98,LILLIAN GRIFFIN,4.66,2,15.96,2005-06-24,4,2,2005-06-18,2
3.44,Kermanshah,0.11,1.0,Iran,377,HOWARD FORTNER,2.32,1,7.99,2005-07-18,1,1,2005-07-12,1
3.44,Lima,0.29,1.0,Peru,122,THELMA MURRAY,4.06,3,13.96,2005-08-06,4,2,2005-07-31,2
3.44,Lubumbashi,0.44,1.0,"Congo, The Democratic Republic of the",387,JESSE SCHILLING,3.77,1,12.96,2005-08-26,4,1,2005-08-20,1
3.44,Rizhao,0.4,0.9642857142857143,China,496,TYLER WREN,3.19,13,10.98,2005-07-16,2,2,2005-07-10,2
3.44,Sawhaj,0.31,1.0,Egypt,423,ALFRED CASILLAS,5.22,3,17.96,2005-08-27,4,2,2005-08-21,2
3.45,Emeishan,0.36,1.0,China,389,ALAN KAHN,4.63,14,15.96,2005-08-07,4,2,2005-08-01,2
3.45,Maracabo,0.8,1.0,Venezuela,453,CALVIN MARTEL,5.79,1,19.96,2005-07-14,4,2,2005-07-08,2
3.45,Nabereznyje Telny,0.36,1.0,Russian Federation,447,CLIFFORD BOWENS,4.63,7,15.96,2005-08-07,4,2,2005-08-01,2
3.45,Niznekamsk,2.0,1.0,Russian Federation,48,ANN EVANS,5.49,10,18.96,2005-07-12,4,2,2005-07-06,2
3.45,Onomichi,1.0,1.0,Japan,337,JERRY JORDON,5.79,12,19.95,2005-07-14,5,2,2005-07-08,2
3.45,Sogamoso,0.14,1.0,Colombia,490,SAM MCDUFFIE,4.63,2,15.98,2005-08-07,2,1,2005-08-01,1
3.45,Sogamoso,0.23,1.0,Colombia,490,SAM MCDUFFIE,4.91,3,16.97,2005-08-06,3,1,2005-07-31,1
3.45,Sorocaba,0.18,1.0,Brazil,314,GEORGE LINTON,4.34,4,14.97,2005-08-28,3,1,2005-08-22,1
3.46,Allende,0.67,1.0,Mexico,414,VINCENT RALSTON,4.32,12,14.96,2005-08-03,4,2,2005-07-28,2
3.46,Arlington,0.5,1.0,United States,305,RICHARD MCCRARY,4.62,18,15.96,2005-08-25,4,2,2005-08-19,2
3.46,Atlixco,2.0,1.0,Mexico,84,SARA PERRY,4.32,8,14.94,2005-06-21,6,2,2005-06-15,2
3.46,Binzhou,1.25,0.9565217391304348,China,533,JESSIE MILAM,3.74,11,12.95,2005-06-22,5,2,2005-06-16,2
3.46,Haldia,1.25,1.0,India,186,HOLLY FOX,3.74,33,12.95,2005-08-05,5,2,2005-07-30,2
3.46,Higashiosaka,0.83,1.0,Japan,264,GWENDOLYN MAY,4.32,11,14.95,2005-07-14,5,2,2005-07-08,2
3.46,Jakarta,0.1,1.0,Indonesia,153,SUZANNE NICHOLS,2.89,2,9.99,2005-07-18,1,1,2005-07-12,1
3.46,Jodhpur,1.25,1.0,India,224,PEARL GARZA,3.74,37,12.95,2005-08-02,5,2,2005-07-27,2
3.46,Kamyin,0.22,1.0,Russian Federation,510,BEN EASTER,4.32,1,14.98,2005-06-27,2,1,2005-06-21,1
3.46,Klerksdorp,0.8,1.0,South Africa,109,EDNA WEST,5.19,4,17.96,2005-07-14,4,2,2005-07-08,2
3.46,Kursk,1.0,1.0,Russian Federation,311,PAUL TROUT,4.32,14,14.97,2005-07-14,3,1,2005-07-08,1
3.46,Lengshuijiang,0.44,1.0,China,267,MARGIE WADE,4.32,25,14.96,2005-07-12,4,1,2005-07-06,1
3.46,Mexicali,0.5,1.0,Mexico,343,DOUGLAS GRAF,4.62,15,15.96,2005-08-25,4,1,2005-08-19,1
3.46,Roanoke,0.33,1.0,United States,291,TONI HOLT,4.32,19,14.97,2005-08-26,3,2,2005-08-20,2
3.46,Southend-on-Sea,1.0,1.0,United Kingdom,16,SANDRA MARTIN,5.19,3,17.95,2005-07-12,5,2,2005-07-06,2
3.46,Urawa,0.63,1.0,Japan,147,JOANNE ROBERTSON,3.74,9,12.95,2005-07-16,5,2,2005-07-10,2
3.46,Usolje-Sibirskoje,0.67,1.0,Russian Federation,462,WARREN SHERROD,4.32,6,14.98,2005-06-23,2,2,2005-06-17,2
3.46,Uttarpara-Kotrung,1.25,0.9705882352941176,India,231,GEORGIA JACOBS,3.74,21,12.95,2005-07-14,5,2,2005-07-08,2
3.46,Witten,1.67,1.0,Germany,201,VICKI FIELDS,4.32,4,14.95,2005-08-03,5,2,2005-07-28,2
3.46,al-Qatif,0.38,1.0,Saudi Arabia,417,TRAVIS ESTEP,4.62,1,15.97,2005-08-08,3,2,2005-08-02,2
3.47,Ezeiza,0.25,1.0,Argentina,530,DARRYL ASHCRAFT,3.74,7,12.97,2005-08-26,3,2,2005-08-20,2
3.47,Fuzhou,1.0,1.0,China,281,LEONA OBRIEN,3.74,34,12.96,2005-08-02,4,2,2005-07-27,2
3.47,La Paz,0.33,1.0,Mexico,488,SHANE MILLARD,3.74,3,12.96,2005-08-28,4,2,2005-08-22,2
3.47,Pereira,0.56,1.0,Colombia,180,STACY CUNNINGHAM,4.88,3,16.95,2005-08-26,5,2,2005-08-20,2
3.47,Rizhao,0.25,1.0,China,496,TYLER WREN,3.74,5,12.98,2005-08-08,2,2,2005-08-02,2
3.47,Rockford,1.0,1.0,United States,457,BILL GAVIN,4.59,4,15.95,2005-06-25,5,2,2005-06-19,2
3.47,Sagamihara,0.5,1.0,Japan,11,LISA ANDERSON,4.59,18,15.95,2005-08-23,5,2,2005-08-17,2
3.47,Saint Louis,0.38,1.0,United States,62,JOAN COOPER,3.74,5,12.97,2005-08-28,3,2,2005-08-22,2
3.47,Weifang,0.25,1.0,China,588,MARION OCAMPO,3.74,33,12.97,2005-08-05,3,1,2005-07-30,1
3.47,Zanzibar,0.45,1.0,Tanzania,220,CHARLENE ALVAREZ,5.17,1,17.95,2005-08-06,5,2,2005-07-31,2
3.48,Baiyin,0.4,1.0,China,495,CHARLIE BESS,4.59,13,15.98,2005-07-15,2,1,2005-07-09,1
3.48,Daxian,0.16,1.0,China,64,JUDITH COX,3.15,13,10.97,2005-08-07,3,2,2005-08-01,2
3.48,Donostia-San Sebastin,0.83,1.0,Spain,293,MAE FLETCHER,5.16,3,17.95,2005-08-03,5,2,2005-07-28,2
3.48,Halle/Saale,1.25,1.0,Germany,251,VICKIE BREWER,5.74,3,19.95,2005-07-13,5,1,2005-07-07,1
3.48,Jinzhou,0.67,0.9642857142857143,China,595,TERRENCE GUNDERSON,5.16,12,17.96,2005-07-16,4,1,2005-07-10,1
3.48,Madiun,0.83,1.0,Indonesia,500,REGINALD KINDER,5.16,6,17.95,2005-07-14,5,2,2005-07-08,2
3.48,Sogamoso,0.67,1.0,Colombia,490,SAM MCDUFFIE,5.16,2,17.96,2005-08-27,4,2,2005-08-21,2
3.48,Tegal,0.25,1.0,Indonesia,458,LLOYD DOWD,2.87,8,9.98,2005-08-27,2,2,2005-08-21,2
3.49,Bhopal,0.15,0.9705882352941176,India,15,HELEN HARRIS,4.29,9,14.97,2005-08-28,3,2,2005-08-22,2
3.49,Compton,1.0,1.0,United States,182,RENEE LANE,3.99,14,13.94,2005-07-13,6,2,2005-07-07,2
3.49,Kumbakonam,0.33,1.0,India,271,PENNY NEAL,3.43,17,11.97,2005-08-07,3,2,2005-08-01,2
3.49,Mardan,0.3,1.0,Pakistan,20,SHARON ROBINSON,4.29,4,14.97,2005-08-07,3,2,2005-08-01,2
3.49,Meixian,0.24,1.0,China,90,RUBY WASHINGTON,4.28,8,14.96,2005-08-28,4,2,2005-08-22,2
3.49,Portoviejo,0.4,1.0,Ecuador,262,PATSY DAVIDSON,4.29,1,14.96,2005-08-29,4,2,2005-08-23,2
3.49,Tambaram,0.27,1.0,India,287,BECKY MILES,3.72,16,12.97,2005-08-07,3,1,2005-08-01,1
3.5,Aparecida de Goinia,1.67,1.0,Brazil,216,NATALIE MEYER,5.99,20,20.95,2005-08-03,5,2,2005-07-28,2
3.5,Arlington,1.5,1.0,United States,305,RICHARD MCCRARY,3.99,9,13.97,2005-06-23,3,2,2005-06-17,2
3.5,Balaiha,1.67,1.0,Russian Federation,55,DORIS REED,5.99,13,20.95,2005-08-04,5,2,2005-07-29,2
3.5,Battambang,0.63,1.0,Cambodia,516,ELMER NOE,3.99,1,13.95,2005-08-24,5,1,2005-08-18,1
3.5,Bhavnagar,1.33,1.0,India,379,CARLOS COUGHLIN,5.99,29,20.96,2005-07-12,4,2,2005-07-06,2
3.5,Callao,0.57,1.0,Peru,304,DAVID ROYAL,4.28,1,14.96,2005-08-26,4,2,2005-08-20,2
3.5,Cuernavaca,0.38,1.0,Mexico,575,ISAAC OGLESBY,4.84,14,16.95,2005-08-25,5,1,2005-08-19,1
3.5,Davao,0.8,1.0,Philippines,27,SHIRLEY ALLEN,3.99,4,13.96,2005-06-24,4,2,2005-06-18,2
3.5,Dayton,0.5,1.0,United States,294,SHELLY WATTS,3.99,15,13.98,2005-07-14,2,2,2005-07-08,2
3.5,Garden Grove,2.0,1.0,United States,593,RENE MCALISTER,5.99,10,20.96,2005-06-23,4,2,2005-06-17,2
3.5,Gulbarga,0.14,1.0,India,370,WAYNE TRUONG,3.13,3,10.98,2005-08-29,2,1,2005-08-23,1
3.5,Hubli-Dharwad,2.0,1.0,India,136,ANITA MORALES,5.99,40,20.94,2005-08-24,6,2,2005-08-18,2
3.5,Idfu,0.71,1.0,Egypt,233,LILLIE KIM,4.28,3,14.95,2005-08-24,5,2,2005-08-18,2
3.5,Iwakuni,0.57,1.0,Japan,54,TERESA ROGERS,4.28,2,14.96,2005-07-17,4,2,2005-07-11,2
3.5,Joliet,0.13,1.0,United States,504,NATHANIEL ADAM,3.99,2,13.98,2005-08-29,2,2,2005-08-23,2
3.5,Kursk,4.0,1.0,Russian Federation,311,PAUL TROUT,5.99,1,20.96,2005-06-03,4,2,2005-05-28,2
3.5,La Romana,0.33,1.0,Dominican Republic,437,RANDALL NEUMANN,3.99,2,13.97,2005-08-06,3,1,2005-07-31,1
3.5,Lipetsk,0.43,1.0,Russian Federation,44,MARIE TURNER,4.28,14,14.97,2005-08-25,3,2,2005-08-19,2
3.5,Lipetsk,0.83,1.0,Russian Federation,44,MARIE TURNER,5.99,12,20.95,2005-08-02,5,2,2005-07-27,2
3.5,Okayama,1.0,1.0,Japan,489,RICARDO MEADOR,3.99,5,13.97,2005-06-24,3,1,2005-06-18,1
3.5,Plock,0.71,1.0,Poland,571,JOHNNIE CHISHOLM,5.99,4,20.95,2005-08-05,5,2,2005-07-30,2
3.5,Portoviejo,0.44,1.0,Ecuador,262,PATSY DAVIDSON,3.99,3,13.96,2005-08-02,4,2,2005-07-27,2
3.5,Rajkot,1.0,1.0,India,554,DWAYNE OLVERA,5.99,32,20.94,2005-08-25,6,2,2005-08-19,2
3.5,Santiago de Compostela,0.71,1.0,Spain,549,NELSON CHRISTENSON,4.85,5,16.95,2005-08-23,5,2,2005-08-17,2
3.5,Shimonoseki,0.1,1.0,Japan,29,ANGELA HERNANDEZ,3.99,6,13.98,2005-08-28,2,1,2005-08-22,1
3.5,Simferopol,2.5,1.0,Ukraine,82,KATHRYN COLEMAN,5.99,1,20.95,2005-06-21,5,2,2005-06-15,2
3.5,Skikda,1.5,1.0,Algeria,176,JUNE CARROLL,3.99,1,13.97,2005-06-03,3,1,2005-05-28,1
3.5,Sokoto,0.75,1.0,Nigeria,562,WALLACE SLONE,3.99,2,13.97,2005-06-25,3,2,2005-06-19,2
3.5,Syktyvkar,0.43,1.0,Russian Federation,428,HERBERT KRUGER,3.42,10,11.97,2005-07-13,3,1,2005-07-07,1
3.5,Tuguegarao,0.67,1.0,Philippines,261,DEANNA BYRD,3.99,8,13.96,2005-07-15,4,2,2005-07-09,2
3.5,Usolje-Sibirskoje,0.8,1.0,Russian Federation,462,WARREN SHERROD,5.99,3,20.96,2005-07-18,4,1,2005-07-12,1
3.5,Vila Velha,5.0,1.0,Brazil,39,DEBRA NELSON,5.99,7,20.95,2005-06-23,5,2,2005-06-17,2
3.5,Xinxiang,0.25,1.0,China,339,WALTER PERRYMAN,3.99,25,13.97,2005-08-06,3,2,2005-07-31,2
3.51,Abu Dhabi,0.6,1.0,United Arab Emirates,452,TOM MILNER,3.69,2,12.94,2005-07-13,6,2,2005-07-07,2
3.51,Akishima,0.2,1.0,Japan,574,JULIAN VEST,1.99,1,6.99,2005-06-27,1,1,2005-06-21,1
3.51,Anpolis,0.3,1.0,Brazil,229,TAMARA NGUYEN,3.69,19,12.97,2005-08-03,3,1,2005-07-28,1
3.51,Dallas,0.63,1.0,United States,400,BRYAN HARDISON,5.12,18,17.95,2005-08-05,5,2,2005-07-30,2
3.51,Kamakura,0.56,1.0,Japan,79,RACHEL BARNES,4.55,16,15.95,2005-08-04,5,2,2005-07-29,2
3.51,Lincoln,0.88,1.0,United States,63,ASHLEY RICHARDSON,6.24,17,21.93,2005-08-05,7,2,2005-07-30,2
3.52,Angra dos Reis,0.33,1.0,Brazil,307,JOSEPH JOY,4.82,9,16.96,2005-08-06,4,1,2005-07-31,1
3.52,Cuautla,0.25,1.0,Mexico,323,MATTHEW MAHAN,3.68,4,12.96,2005-08-27,4,1,2005-08-21,1
3.52,Klerksdorp,0.25,1.0,South Africa,109,EDNA WEST,3.12,1,10.98,2005-08-28,2,1,2005-08-22,1
3.52,La Paz,1.6,1.0,Mexico,488,SHANE MILLARD,6.79,11,23.92,2005-08-03,8,2,2005-07-28,2
3.52,Plock,0.22,1.0,Poland,571,JOHNNIE CHISHOLM,5.1,1,17.98,2005-07-18,2,2,2005-07-12,2
3.52,Santa Rosa,0.22,1.0,Philippines,522,ARNOLD HAVENS,5.38,8,18.96,2005-08-07,4,2,2005-08-01,2
3.52,Shanwei,0.2,1.0,China,424,KYLE SPURLOCK,4.26,22,14.97,2005-08-26,3,1,2005-08-20,1
3.52,Sokoto,0.5,1.0,Nigeria,562,WALLACE SLONE,4.82,5,16.97,2005-07-15,3,2,2005-07-09,2
3.52,Syktyvkar,0.25,1.0,Russian Federation,428,HERBERT KRUGER,3.12,11,10.98,2005-07-15,2,1,2005-07-09,1
3.53,Apeldoorn,0.14,1.0,Netherlands,137,RHONDA KENNEDY,5.09,1,17.97,2005-08-29,3,2,2005-08-23,2
3.53,Cape Coral,0.14,1.0,United States,526,KARL SEAL,5.09,4,17.97,2005-08-28,3,1,2005-08-22,1
3.53,Cavite,1.33,1.0,Philippines,388,CRAIG MORRELL,5.66,7,19.96,2005-06-23,4,2,2005-06-17,2
3.53,Citrus Heights,0.25,1.0,United States,14,BETTY WHITE,4.24,7,14.97,2005-08-07,3,2,2005-08-01,2
3.53,Elista,0.5,1.0,Russian Federation,17,DONNA THOMPSON,4.24,3,14.98,2005-06-25,2,2,2005-06-19,2
3.53,Halifax,0.44,1.0,Canada,463,DARRELL POWER,3.1,3,10.96,2005-08-06,4,2,2005-07-31,2
3.53,Kamyin,0.5,1.0,Russian Federation,510,BEN EASTER,4.24,9,14.96,2005-07-12,4,2,2005-07-06,2
3.53,Newcastle,0.38,1.0,South Africa,432,EDWIN BURK,4.24,6,14.97,2005-08-26,3,1,2005-08-20,1
3.53,Rajkot,0.5,1.0,India,554,DWAYNE OLVERA,4.24,15,14.98,2005-08-07,2,2,2005-08-01,2
3.54,Ciudad del Este,1.0,1.0,Paraguay,205,EILEEN CARR,4.79,2,16.95,2005-08-27,5,2,2005-08-21,2
3.54,Clarksville,0.8,1.0,United States,140,EVA RAMOS,4.79,16,16.96,2005-08-05,4,2,2005-07-30,2
3.54,Kamjanets-Podilskyi,0.31,1.0,Ukraine,386,TODD TAN,4.22,1,14.96,2005-08-07,4,2,2005-08-01,2
3.54,Nam Dinh,0.67,1.0,Vietnam,472,GREG ROBINS,3.66,1,12.96,2005-06-25,4,1,2005-06-19,1
3.55,Arlington,0.33,1.0,United States,305,RICHARD MCCRARY,4.21,18,14.97,2005-08-26,3,2,2005-08-20,2
3.55,Bergamo,0.44,1.0,Italy,439,ALEXANDER FENNELL,4.21,2,14.96,2005-07-16,4,2,2005-07-10,2
3.55,Boksburg,0.67,1.0,South Africa,125,ETHEL WEBB,3.66,2,12.98,2005-06-25,2,1,2005-06-19,1
3.55,Johannesburg,1.0,1.0,South Africa,471,DEAN SAUER,3.66,3,12.97,2005-06-23,3,1,2005-06-17,1
3.55,Lausanne,0.2,1.0,Switzerland,598,WADE DELVALLE,3.09,1,10.98,2005-08-28,2,2,2005-08-22,2
3.55,Le Mans,1.0,1.0,France,162,LAUREN HUDSON,4.49,2,15.96,2005-08-06,4,2,2005-07-31,2
3.55,Masqat,0.67,1.0,Oman,9,MARGARET MOORE,3.66,1,12.98,2005-06-26,2,1,2005-06-20,1
3.55,Miraj,0.67,1.0,India,316,STEVEN CURLEY,4.77,37,16.94,2005-08-23,6,2,2005-08-17,2
3.55,Okara,0.67,1.0,Pakistan,399,DANNY ISOM,4.49,5,15.96,2005-08-25,4,2,2005-08-19,2
3.55,Sasebo,0.5,1.0,Japan,1,MARY SMITH,4.49,15,15.95,2005-08-04,5,2,2005-07-29,2
3.55,Shanwei,0.29,1.0,China,424,KYLE SPURLOCK,4.49,28,15.96,2005-08-24,4,1,2005-08-18,1
3.55,Suihua,0.3,1.0,China,511,CHESTER BENNER,3.09,24,10.97,2005-08-06,3,2,2005-07-31,2
3.55,Tabuk,0.44,1.0,Saudi Arabia,312,MARK RINEHART,4.21,2,14.96,2005-08-05,4,2,2005-07-30,2
3.55,Tandil,1.0,1.0,Argentina,405,LEONARD SCHOFIELD,4.49,5,15.94,2005-07-13,6,2,2005-07-07,2
3.55,Vijayawada,0.21,1.0,India,508,MILTON HOWLAND,5.35,14,18.97,2005-08-07,3,2,2005-08-01,2
3.55,Yamuna Nagar,0.56,1.0,India,12,NANCY THOMAS,4.21,39,14.95,2005-08-24,5,2,2005-08-18,2
3.55,Zeleznogorsk,0.2,1.0,Russian Federation,351,JACK FOUST,3.09,2,10.98,2005-07-18,2,2,2005-07-12,2
3.56,Akishima,0.5,1.0,Japan,574,JULIAN VEST,2.24,3,7.98,2005-06-25,2,1,2005-06-19,1
3.56,Ambattur,0.29,1.0,India,225,ARLENE HARVEY,4.75,13,16.95,2005-08-07,5,2,2005-08-01,2
3.56,Arecibo,0.17,1.0,Puerto Rico,360,RALPH MADRIGAL,4.49,1,15.97,2005-08-26,3,2,2005-08-20,2
3.56,Balaiha,1.67,1.0,Russian Federation,55,DORIS REED,5.32,9,18.95,2005-06-22,5,2,2005-06-16,2
3.56,Gorontalo,0.44,1.0,Indonesia,203,TARA RYAN,4.77,10,16.96,2005-08-26,4,1,2005-08-20,1
3.56,Jakarta,0.38,1.0,Indonesia,153,SUZANNE NICHOLS,3.37,3,11.97,2005-07-16,3,1,2005-07-10,1
3.56,Liepaja,0.38,1.0,Latvia,23,SARAH LEWIS,3.37,1,11.97,2005-07-17,3,2,2005-07-11,2
3.56,Novi Sad,1.0,1.0,Yugoslavia,553,MAX PITT,4.49,1,15.98,2005-06-24,2,2,2005-06-18,2
3.56,Surakarta,0.27,1.0,Indonesia,450,JAY ROBB,3.08,3,10.97,2005-08-28,3,2,2005-08-22,2
3.57,Allende,1.67,1.0,Mexico,414,VINCENT RALSTON,6.99,16,24.95,2005-07-12,5,2,2005-07-06,2
3.57,Bucuresti,0.4,1.0,Romania,563,KEN PREWITT,4.19,1,14.96,2005-08-27,4,2,2005-08-21,2
3.57,Cavite,1.2,1.0,Philippines,388,CRAIG MORRELL,4.19,9,14.94,2005-08-04,6,1,2005-07-29,1
3.57,Kanazawa,0.4,1.0,Japan,547,KURT EMMONS,4.19,3,14.96,2005-08-08,4,2,2005-08-02,2
3.57,Korolev,0.42,1.0,Russian Federation,393,PHILIP CAUSEY,3.91,6,13.95,2005-08-26,5,2,2005-08-20,2
3.57,Lima,0.5,1.0,Peru,122,THELMA MURRAY,4.19,2,14.95,2005-07-14,5,2,2005-07-08,2
3.57,Sasebo,0.8,1.0,Japan,1,MARY SMITH,4.19,8,14.96,2005-06-22,4,2,2005-06-16,2
3.57,Sumy,0.44,1.0,Ukraine,187,BRITTANY RILEY,6.99,1,24.96,2005-08-28,4,1,2005-08-22,1
3.58,Chungho,1.25,1.0,Taiwan,517,BRAD MCCURDY,4.74,6,16.95,2005-08-23,5,2,2005-08-17,2
3.58,Davao,0.25,1.0,Philippines,27,SHIRLEY ALLEN,3.91,7,13.97,2005-08-07,3,1,2005-08-01,1
3.58,Hodeida,0.5,1.0,Yemen,470,GORDON ALLARD,4.74,2,16.96,2005-07-15,4,2,2005-07-09,2
3.58,Mogiljov,0.27,1.0,Belarus,527,CORY MEEHAN,3.9,1,13.97,2005-08-27,3,1,2005-08-21,1
3.58,Nakhon Sawan,0.75,1.0,Thailand,390,SHAWN HEATON,4.74,2,16.97,2005-06-23,3,2,2005-06-17,2
3.58,Qomsheh,0.63,1.0,Iran,459,TOMMY COLLAZO,3.62,4,12.95,2005-07-14,5,2,2005-07-08,2
3.58,So Leopoldo,0.42,1.0,Brazil,443,FRANCISCO SKIDMORE,4.74,10,16.95,2005-08-27,5,2,2005-08-21,2
3.58,Yamuna Nagar,0.08,1.0,India,12,NANCY THOMAS,3.07,12,10.99,2005-08-07,1,1,2005-08-01,1
3.59,Chungho,0.27,1.0,Taiwan,517,BRAD MCCURDY,4.17,5,14.97,2005-08-06,3,2,2005-07-31,2
3.59,Deba Habe,0.57,1.0,Nigeria,409,RODNEY MOELLER,5.28,3,18.96,2005-07-16,4,2,2005-07-10,2
3.59,Erlangen,0.5,1.0,Germany,448,MIGUEL BETANCOURT,6.12,4,21.96,2005-08-27,4,2,2005-08-21,2
3.59,Moscow,0.24,1.0,Russian Federation,46,CATHERINE CAMPBELL,4.17,6,14.96,2005-08-28,4,1,2005-08-22,1
3.59,Sterling Heights,1.2,1.0,United States,146,JAMIE RICE,6.39,22,22.94,2005-08-02,6,2,2005-07-27,2
3.59,Tianjin,1.0,1.0,China,249,DORA MEDINA,6.39,33,22.95,2005-08-02,5,2,2005-07-27,2
3.59,Udine,0.86,1.0,Italy,525,ADRIAN CLARY,5.28,5,18.94,2005-08-03,6,2,2005-07-28,2
3.6,Bern,0.71,1.0,Switzerland,155,GAIL KNIGHT,4.7,1,16.95,2005-08-27,5,2,2005-08-21,2
3.6,Bhavnagar,1.5,1.0,India,379,CARLOS COUGHLIN,4.99,12,17.97,2005-06-21,3,1,2005-06-15,1
3.6,Braslia,1.0,1.0,Brazil,325,TIMOTHY BUNN,4.99,18,17.94,2005-08-03,6,2,2005-07-28,2
3.6,Celaya,0.5,1.0,Mexico,587,SERGIO STANFIELD,3.32,6,11.97,2005-07-15,3,2,2005-07-09,2
3.6,Crdoba,1.0,1.0,Argentina,24,KIMBERLY LEE,4.99,7,17.95,2005-07-12,5,2,2005-07-06,2
3.6,Gorontalo,0.5,1.0,Indonesia,203,TARA RYAN,4.99,5,17.97,2005-08-05,3,1,2005-07-30,1
3.6,Halisahar,0.22,1.0,India,259,LENA JENSEN,5.27,2,18.96,2005-08-29,4,2,2005-08-23,2
3.6,Huejutla de Reyes,0.5,1.0,Mexico,582,ANDY VANHORN,5.82,3,20.94,2005-08-27,6,2,2005-08-21,2
3.6,Jakarta,0.44,1.0,Indonesia,153,SUZANNE NICHOLS,4.43,2,15.96,2005-08-28,4,2,2005-08-22,2
3.6,Lancaster,0.24,1.0,United States,112,ROSA REYNOLDS,4.99,3,17.96,2005-08-28,4,2,2005-08-22,2
3.6,Lausanne,0.33,1.0,Switzerland,598,WADE DELVALLE,3.32,2,11.97,2005-08-27,3,2,2005-08-21,2
3.6,London,1.33,1.0,United Kingdom,512,CECIL VINES,4.99,3,17.96,2005-07-14,4,2,2005-07-08,2
3.6,Nanyang,1.67,1.0,China,37,PAMELA BAKER,6.66,27,23.95,2005-08-03,5,2,2005-07-28,2
3.6,Shikarpur,0.25,1.0,Pakistan,25,DEBORAH WALKER,3.32,3,11.97,2005-08-07,3,2,2005-08-01,2
3.6,Udaipur,1.0,0.9705882352941176,India,170,BEATRICE ARNOLD,4.99,20,17.95,2005-07-14,5,2,2005-07-08,2
3.6,Zhoushan,0.17,1.0,China,550,GUY BROWNLEE,4.43,3,15.97,2005-08-29,3,2,2005-08-23,2
3.61,Fuyu,0.12,1.0,China,211,STACEY MONTGOMERY,3.87,4,13.98,2005-08-08,2,1,2005-08-02,1
3.61,Jaroslavl,0.57,1.0,Russian Federation,222,DELORES HANSEN,4.42,12,15.96,2005-08-04,4,2,2005-07-29,2
3.61,Lublin,0.57,1.0,Poland,501,RUBEN GEARY,4.42,5,15.96,2005-08-04,4,2,2005-07-29,2
3.61,Luzinia,0.22,1.0,Brazil,183,IDA ANDREWS,2.77,2,9.98,2005-07-18,2,1,2005-07-12,1
3.61,Maracabo,0.43,1.0,Venezuela,453,CALVIN MARTEL,4.42,5,15.97,2005-08-05,3,1,2005-07-30,1
3.61,Ocumare del Tuy,0.43,1.0,Venezuela,174,YVONNE WATKINS,4.7,2,16.97,2005-08-07,3,2,2005-08-01,2
3.61,Okara,0.38,1.0,Pakistan,399,DANNY ISOM,3.87,2,13.97,2005-08-07,3,2,2005-08-01,2
3.61,Sucre,0.6,1.0,Bolivia,431,JOEL FRANCISCO,3.59,1,12.97,2005-08-07,3,2,2005-08-01,2
3.61,Urawa,0.5,1.0,Japan,147,JOANNE ROBERTSON,2.49,2,8.98,2005-06-25,2,1,2005-06-19,1
3.61,Zaoyang,0.33,1.0,China,514,FRANKLIN TROUTMAN,2.49,24,8.98,2005-07-12,2,1,2005-07-06,1
3.62,Cabuyao,0.88,1.0,Philippines,371,BILLY POULIN,6.62,12,23.93,2005-08-25,7,2,2005-08-19,2
3.62,Iwaki,0.5,0.9565217391304348,Japan,240,MARLENE WELCH,5.79,17,20.95,2005-08-25,5,2,2005-08-19,2
3.62,Lancaster,0.31,1.0,United States,112,ROSA REYNOLDS,5.24,12,18.95,2005-08-27,5,2,2005-08-21,2
3.62,Oshawa,0.5,1.0,Canada,189,LORETTA CARPENTER,5.24,3,18.96,2005-08-26,4,2,2005-08-20,2
3.63,Higashiosaka,0.57,1.0,Japan,264,GWENDOLYN MAY,3.85,1,13.96,2005-07-17,4,2,2005-07-11,2
3.63,Hoshiarpur,0.43,1.0,India,412,ALLEN BUTTERFIELD,3.85,11,13.97,2005-08-07,3,2,2005-08-01,2
3.63,Kurgan,0.25,1.0,Russian Federation,376,RANDY GAITHER,3.57,5,12.97,2005-08-26,3,2,2005-08-20,2
3.63,Miraj,0.5,1.0,India,316,STEVEN CURLEY,4.39,38,15.95,2005-08-24,5,2,2005-08-18,2
3.64,Abu Dhabi,1.0,1.0,United Arab Emirates,452,TOM MILNER,4.66,3,16.94,2005-08-24,6,1,2005-08-18,1
3.64,Beni-Mellal,1.33,1.0,Morocco,543,LANCE PEMBERTON,4.66,1,16.96,2005-06-24,4,2,2005-06-18,2
3.64,Dadu,1.0,1.0,Pakistan,416,JEFFERY PINSON,2.74,2,9.96,2005-06-21,4,2,2005-06-15,2
3.64,Huixquilucan,0.44,1.0,Mexico,108,TRACY COLE,5.21,11,18.96,2005-08-26,4,2,2005-08-20,2
3.64,Kaliningrad,0.6,1.0,Russian Federation,301,ROBERT BAUGHMAN,4.39,4,15.97,2005-08-26,3,2,2005-08-20,2
3.64,Kalisz,1.0,1.0,Poland,270,LEAH CURTIS,5.49,7,19.96,2005-07-12,4,2,2005-07-06,2
3.64,Sanaa,0.83,1.0,Yemen,303,WILLIAM SATTERFIELD,4.66,4,16.95,2005-08-04,5,2,2005-07-29,2
3.64,Shubra al-Khayma,1.0,1.0,Egypt,119,SHERRY MARSHALL,4.66,2,16.97,2005-06-21,3,2,2005-06-15,2
3.64,Siliguri (Shiliguri),0.4,1.0,India,502,BRETT CORNWELL,4.92,10,17.94,2005-08-07,6,2,2005-08-01,2
3.64,Soshanguve,0.14,1.0,South Africa,145,LUCILLE HOLMES,3.56,5,12.98,2005-08-26,2,1,2005-08-20,1
3.64,Tieli,0.6,0.9642857142857143,China,599,AUSTIN CINTRON,4.39,11,15.97,2005-07-16,3,2,2005-07-10,2
3.65,Goinia,0.63,1.0,Brazil,92,TINA SIMMONS,4.37,18,15.95,2005-08-25,5,2,2005-08-19,2
3.65,Imus,0.2,1.0,Philippines,349,JOE GILLILAND,4.92,4,17.97,2005-08-28,3,2,2005-08-22,2
3.65,Ipoh,0.44,1.0,Malaysia,171,DOLORES WAGNER,4.1,1,14.96,2005-07-16,4,2,2005-07-10,2
3.65,Johannesburg,0.83,1.0,South Africa,471,DEAN SAUER,3.82,5,13.95,2005-08-05,5,2,2005-07-30,2
3.65,Pudukkottai,0.5,1.0,India,421,LEE HAWKS,5.19,32,18.95,2005-08-05,5,2,2005-07-30,2
3.65,San Miguel de Tucumn,0.56,1.0,Argentina,243,LYDIA BURKE,3.55,6,12.95,2005-08-26,5,2,2005-08-20,2
3.65,Santa Brbara dOeste,0.33,1.0,Brazil,178,MARION SNYDER,4.66,3,16.98,2005-06-25,2,2,2005-06-19,2
3.65,Tete,0.57,1.0,Mozambique,97,ANNIE RUSSELL,3.28,2,11.96,2005-07-14,4,2,2005-07-08,2
3.65,Touliu,0.33,1.0,Taiwan,139,AMBER DIXON,4.1,2,14.97,2005-07-16,3,2,2005-07-10,2
3.66,Ahmadnagar,0.45,1.0,India,297,SHERRI RHODES,3.81,25,13.95,2005-08-06,5,2,2005-07-31,2
3.66,Anpolis,0.33,1.0,Brazil,229,TAMARA NGUYEN,3.55,5,12.97,2005-07-17,3,2,2005-07-11,2
3.66,Aurora,2.5,1.0,United States,330,SCOTT SHELLEY,5.99,11,21.95,2005-06-21,5,2,2005-06-15,2
3.66,Bijapur,0.4,1.0,India,468,TIM CARY,4.09,14,14.96,2005-07-15,4,2,2005-07-09,2
3.66,Emmen,1.75,1.0,Netherlands,474,DUSTIN GILLETTE,5.99,4,21.93,2005-07-14,7,2,2005-07-08,2
3.66,Klerksdorp,6.0,1.0,South Africa,109,EDNA WEST,5.99,1,21.94,2005-06-02,6,2,2005-05-27,2
3.66,Kurgan,0.5,1.0,Russian Federation,376,RANDY GAITHER,4.09,13,14.95,2005-08-25,5,2,2005-08-19,2
3.66,Liaocheng,0.5,1.0,China,129,CARRIE PORTER,2.99,18,10.95,2005-07-14,5,2,2005-07-08,2
3.66,Ogbomosho,0.4,1.0,Nigeria,277,OLGA JIMENEZ,4.09,2,14.96,2005-08-06,4,2,2005-07-31,2
3.66,Pemalang,0.33,1.0,Indonesia,116,VICTORIA GIBSON,3.55,5,12.97,2005-07-14,3,2,2005-07-08,2
3.66,Pereira,0.2,1.0,Colombia,180,STACY CUNNINGHAM,4.09,1,14.98,2005-08-07,2,1,2005-08-01,1
3.66,Salinas,1.25,1.0,United States,269,CASSANDRA WALTERS,5.99,14,21.95,2005-07-14,5,2,2005-07-08,2
3.67,A Corua (La Corua),0.29,1.0,Spain,52,JULIE SANCHEZ,2.99,2,10.98,2005-07-16,2,1,2005-07-10,1
3.67,Balurghat,2.0,1.0,India,208,LUCY WHEELER,2.99,8,10.96,2005-06-23,4,2,2005-06-17,2
3.67,Bayugan,3.0,1.0,Philippines,188,MELANIE ARMSTRONG,2.99,6,10.97,2005-06-23,3,2,2005-06-17,2
3.67,Bergamo,2.0,1.0,Italy,439,ALEXANDER FENNELL,2.99,1,10.98,2005-06-02,2,2,2005-05-27,2
3.67,Cheju,1.0,1.0,South Korea,88,BONNIE HUGHES,2.99,1,10.98,2005-06-24,2,1,2005-06-18,1
3.67,Gorontalo,0.67,1.0,Indonesia,203,TARA RYAN,2.99,2,10.98,2005-06-26,2,1,2005-06-20,1
3.67,Idfu,3.0,1.0,Egypt,233,LILLIE KIM,2.99,2,10.97,2005-06-24,3,2,2005-06-18,2
3.67,Inegl,1.5,1.0,Turkey,278,BILLIE HORTON,2.99,4,10.97,2005-06-23,3,2,2005-06-17,2
3.67,Kermanshah,0.67,1.0,Iran,377,HOWARD FORTNER,2.99,5,10.96,2005-07-13,4,2,2005-07-07,2
3.67,Lancaster,1.0,1.0,United States,112,ROSA REYNOLDS,2.99,8,10.97,2005-06-23,3,2,2005-06-17,2
3.67,Luzinia,0.38,1.0,Brazil,183,IDA ANDREWS,2.99,11,10.97,2005-07-16,3,2,2005-07-10,2
3.67,Mandaluyong,1.0,1.0,Philippines,263,HILDA HOPKINS,2.99,5,10.98,2005-06-23,2,1,2005-06-17,1
3.67,Mandi Bahauddin,2.0,1.0,Pakistan,223,MELINDA FERNANDEZ,2.99,3,10.98,2005-06-22,2,2,2005-06-16,2
3.67,Merlo,0.5,1.0,Argentina,107,FLORENCE WOODS,4.89,9,17.95,2005-08-03,5,2,2005-07-28,2
3.67,Miraj,0.36,1.0,India,316,STEVEN CURLEY,4.08,31,14.96,2005-08-25,4,2,2005-08-19,2
3.67,Munger (Monghyr),1.33,1.0,India,28,CYNTHIA YOUNG,2.99,13,10.96,2005-06-22,4,2,2005-06-16,2
3.67,Niznekamsk,0.67,1.0,Russian Federation,48,ANN EVANS,2.99,8,10.98,2005-06-22,2,1,2005-06-16,1
3.67,Novoterkassk,0.6,1.0,Russian Federation,191,JEANETTE GREENE,2.99,5,10.97,2005-06-23,3,2,2005-06-17,2
3.67,Pangkal Pinang,0.75,1.0,Indonesia,542,LONNIE TIRADO,5.99,4,21.97,2005-07-17,3,2,2005-07-11,2
3.67,Tiefa,0.25,1.0,China,302,MICHAEL SILVERMAN,4.62,2,16.96,2005-08-29,4,2,2005-08-23,2
3.67,s-Hertogenbosch,0.75,1.0,Netherlands,184,VIVIAN RUIZ,2.99,1,10.97,2005-07-16,3,2,2005-07-10,2
3.68,Bhusawal,0.8,0.9705882352941176,India,202,CARLA GUTIERREZ,3.79,19,13.96,2005-07-14,4,2,2005-07-08,2
3.68,Mexicali,0.38,1.0,Mexico,343,DOUGLAS GRAF,4.62,16,16.97,2005-07-14,3,2,2005-07-08,2
3.68,Ponce,0.23,1.0,Puerto Rico,282,JENNY CASTRO,4.07,2,14.97,2005-08-05,3,1,2005-07-30,1
3.68,Sasebo,0.33,1.0,Japan,1,MARY SMITH,4.88,8,17.97,2005-07-15,3,1,2005-07-09,1
3.68,Teboksary,0.57,1.0,Russian Federation,350,JUAN FRALEY,2.7,10,9.96,2005-07-15,4,2,2005-07-09,2
3.68,Tsaotun,0.57,1.0,Taiwan,586,KIRK STCLAIR,2.7,3,9.96,2005-08-27,4,2,2005-08-21,2
3.68,Vinh,1.25,1.0,Vietnam,523,HARVEY GUAJARDO,6.24,3,22.95,2005-07-14,5,2,2005-07-08,2
3.69,Antofagasta,0.15,1.0,Chile,45,JANET PHILLIPS,5.14,1,18.98,2005-08-29,2,2,2005-08-23,2
3.69,Ashqelon,1.33,1.0,Israel,478,LEWIS LYMAN,4.32,4,15.96,2005-08-04,4,2,2005-07-29,2
3.69,Higashiosaka,0.44,1.0,Japan,264,GWENDOLYN MAY,4.32,8,15.96,2005-08-06,4,2,2005-07-31,2
3.69,Hohhot,1.25,1.0,China,138,HAZEL WARREN,3.24,12,11.95,2005-07-15,5,1,2005-07-09,1
3.69,Huejutla de Reyes,0.22,1.0,Mexico,582,ANDY VANHORN,4.88,12,17.98,2005-08-06,2,2,2005-07-31,2
3.69,Masqat,0.6,1.0,Oman,9,MARGARET MOORE,3.79,1,13.97,2005-07-16,3,2,2005-07-10,2
3.69,Miraj,0.38,1.0,India,316,STEVEN CURLEY,4.87,13,17.97,2005-07-15,3,2,2005-07-09,2
3.69,Okinawa,1.33,1.0,Japan,365,BRUCE SCHWARZ,4.32,7,15.96,2005-06-22,4,2,2005-06-16,2
3.69,Qomsheh,0.14,1.0,Iran,459,TOMMY COLLAZO,2.7,2,9.99,2005-06-27,1,1,2005-06-21,1
3.69,Skikda,0.5,1.0,Algeria,176,JUNE CARROLL,4.59,2,16.95,2005-08-04,5,2,2005-07-29,2
3.7,Ciudad del Este,0.6,1.0,Paraguay,205,EILEEN CARR,4.59,3,16.97,2005-07-13,3,2,2005-07-07,2
3.7,Lincoln,0.67,1.0,United States,63,ASHLEY RICHARDSON,5.66,11,20.94,2005-08-06,6,2,2005-07-31,2
3.7,Lublin,1.2,1.0,Poland,501,RUBEN GEARY,5.39,4,19.94,2005-08-02,6,2,2005-07-27,2
3.7,Mysore,0.4,0.9705882352941176,India,59,CHERYL MURPHY,5.39,8,19.96,2005-08-28,4,2,2005-08-22,2
3.7,Rampur,0.17,1.0,India,336,JOSHUA MARK,3.24,6,11.98,2005-07-17,2,1,2005-07-11,1
3.7,Shahr-e Kord,0.86,1.0,Iran,185,ROBERTA HARPER,4.85,8,17.94,2005-08-03,6,2,2005-07-28,2
3.7,Tsuyama,0.8,1.0,Japan,429,FREDERICK ISBELL,5.39,6,19.96,2005-06-22,4,2,2005-06-16,2
3.71,Anpolis,0.33,1.0,Brazil,229,TAMARA NGUYEN,3.77,10,13.97,2005-08-26,3,2,2005-08-20,2
3.71,Kuching,0.21,1.0,Malaysia,58,JEAN BELL,4.85,1,17.97,2005-08-27,3,2,2005-08-21,2
3.71,Madiun,0.44,1.0,Indonesia,500,REGINALD KINDER,3.77,4,13.96,2005-08-05,4,2,2005-07-30,2
3.71,Saarbrcken,0.86,1.0,Germany,227,COLLEEN BURTON,4.56,4,16.94,2005-08-04,6,2,2005-07-29,2
3.71,Talavera,0.8,1.0,Philippines,505,RAFAEL ABNEY,6.19,9,22.96,2005-07-14,4,2,2005-07-08,2
3.71,Torren,1.0,1.0,Mexico,133,PAULINE HENRY,4.56,16,16.93,2005-08-02,7,2,2005-07-27,2
3.71,Uluberia,0.44,1.0,India,446,THEODORE CULP,3.77,2,13.96,2005-07-18,4,2,2005-07-12,2
3.72,Benin City,0.4,1.0,Nigeria,284,SONIA GREGORY,5.09,5,18.96,2005-08-27,4,2,2005-08-21,2
3.72,Caracas,0.3,1.0,Venezuela,111,CARMEN OWENS,3.49,1,12.97,2005-08-08,3,2,2005-08-02,2
3.72,Clarksville,0.43,1.0,United States,140,EVA RAMOS,4.56,17,16.97,2005-08-25,3,2,2005-08-19,2
3.72,Nagareyama,0.5,1.0,Japan,53,HEATHER MORRIS,3.49,1,12.98,2005-06-05,2,2,2005-05-30,2
3.72,Salala,0.56,1.0,Oman,498,GENE SANBORN,3.21,1,11.95,2005-07-14,5,2,2005-07-08,2
3.72,Tonghae,0.3,1.0,South Korea,536,FERNANDO CHURCHILL,4.29,2,15.97,2005-08-06,3,2,2005-07-31,2
3.72,Xinxiang,0.3,1.0,China,339,WALTER PERRYMAN,4.29,3,15.97,2005-07-17,3,2,2005-07-11,2
3.73,Balurghat,0.33,1.0,India,208,LUCY WHEELER,3.21,14,11.97,2005-07-16,3,2,2005-07-10,2
3.73,Masqat,0.33,1.0,Oman,9,MARGARET MOORE,3.21,1,11.97,2005-08-07,3,2,2005-08-01,2
3.73,Nha Trang,0.88,1.0,Vietnam,520,MITCHELL WESTMORELAND,5.62,4,20.93,2005-08-03,7,2,2005-07-28,2
3.73,Syktyvkar,0.44,1.0,Russian Federation,428,HERBERT KRUGER,4.55,10,16.96,2005-08-06,4,2,2005-07-31,2
3.73,Toulouse,1.0,1.0,France,35,VIRGINIA GREEN,3.74,1,13.96,2005-06-24,4,2,2005-06-18,2
3.73,Zeleznogorsk,0.57,1.0,Russian Federation,351,JACK FOUST,4.28,5,15.96,2005-08-28,4,2,2005-08-22,2
3.74,Abha,0.36,1.0,Saudi Arabia,101,PEGGY MYERS,4.26,1,15.96,2005-08-06,4,2,2005-07-31,2
3.74,Omiya,0.36,1.0,Japan,404,STANLEY SCROGGINS,4.26,14,15.96,2005-08-05,4,2,2005-07-30,2
3.74,San Bernardino,0.46,1.0,United States,2,PATRICIA JOHNSON,5.61,10,20.94,2005-08-06,6,2,2005-07-31,2
3.74,Simferopol,0.75,1.0,Ukraine,82,KATHRYN COLEMAN,5.87,4,21.94,2005-08-24,6,2,2005-08-18,2
3.74,Sokoto,0.29,1.0,Nigeria,562,WALLACE SLONE,4.28,1,15.98,2005-07-17,2,2,2005-07-11,2
3.75,Bayugan,0.5,1.0,Philippines,188,MELANIE ARMSTRONG,3.99,7,14.95,2005-08-27,5,2,2005-08-21,2
3.75,Binzhou,0.8,1.0,China,533,JESSIE MILAM,3.19,9,11.96,2005-06-23,4,2,2005-06-17,2
3.75,Czestochowa,0.75,1.0,Poland,572,SIDNEY BURLESON,3.99,4,14.97,2005-07-16,3,2,2005-07-10,2
3.75,Dallas,3.0,1.0,United States,400,BRYAN HARDISON,3.99,1,14.97,2005-06-01,3,1,2005-05-26,1
3.75,Ikerre,0.31,1.0,Nigeria,198,ELSIE KELLEY,3.45,1,12.96,2005-08-06,4,1,2005-07-31,1
3.75,Jaroslavl,3.0,1.0,Russian Federation,222,DELORES HANSEN,7.99,9,29.94,2005-07-15,6,2,2005-07-09,2
3.75,Jinzhou,1.0,1.0,China,595,TERRENCE GUNDERSON,5.59,17,20.95,2005-07-14,5,2,2005-07-08,2
3.75,Kirovo-Tepetsk,0.6,1.0,Russian Federation,179,DANA HART,4.79,2,17.97,2005-07-17,3,2,2005-07-11,2
3.75,Mardan,1.33,1.0,Pakistan,20,SHARON ROBINSON,3.99,2,14.96,2005-06-22,4,2,2005-06-16,2
3.75,Paarl,0.44,1.0,South Africa,338,DENNIS GILMAN,3.99,5,14.96,2005-08-25,4,2,2005-08-19,2
3.75,Palghat (Palakkad),1.67,1.0,India,268,NINA SOTO,3.99,7,14.95,2005-06-23,5,2,2005-06-17,2
3.75,Pangkal Pinang,2.5,1.0,Indonesia,542,LONNIE TIRADO,7.99,6,29.95,2005-07-15,5,2,2005-07-09,2
3.75,Purwakarta,0.6,1.0,Indonesia,524,JARED ELY,5.59,7,20.97,2005-08-02,3,2,2005-07-27,2
3.75,Salamanca,1.33,1.0,Mexico,273,PRISCILLA LOWE,3.99,9,14.96,2005-06-22,4,2,2005-06-16,2
3.75,Sivas,0.75,1.0,Turkey,518,GABRIEL HARDER,3.99,6,14.97,2005-07-14,3,2,2005-07-08,2
3.75,Sogamoso,1.0,1.0,Colombia,490,SAM MCDUFFIE,5.59,2,20.95,2005-08-23,5,2,2005-08-17,2
3.75,Tandil,0.6,1.0,Argentina,405,LEONARD SCHOFIELD,3.99,4,14.97,2005-06-25,3,2,2005-06-19,2
3.75,Tel Aviv-Jaffa,0.6,1.0,Israel,161,GERALDINE PERKINS,3.99,2,14.97,2005-07-14,3,2,2005-07-08,2
3.75,Uluberia,0.8,1.0,India,446,THEODORE CULP,3.19,2,11.96,2005-06-25,4,2,2005-06-19,2
3.75,Uttarpara-Kotrung,0.8,1.0,India,231,GEORGIA JACOBS,3.19,12,11.96,2005-07-15,4,1,2005-07-09,1
3.75,Vila Velha,1.0,1.0,Brazil,39,DEBRA NELSON,3.99,8,14.97,2005-06-24,3,2,2005-06-18,2
3.76,Benguela,0.67,1.0,Angola,528,CLAUDE HERZOG,2.66,2,9.98,2005-06-04,2,1,2005-05-29,1
3.77,Angra dos Reis,0.44,1.0,Brazil,307,JOSEPH JOY,4.77,20,17.96,2005-08-24,4,2,2005-08-18,2
3.77,Blumenau,0.38,1.0,Brazil,206,TERRI VASQUEZ,4.24,11,15.97,2005-07-14,3,2,2005-07-08,2
3.77,Eskisehir,0.44,1.0,Turkey,507,EDGAR RHOADS,3.43,3,12.96,2005-07-16,4,1,2005-07-10,1
3.77,Gorontalo,0.86,1.0,Indonesia,203,TARA RYAN,5.56,8,20.94,2005-08-23,6,2,2005-08-17,2
3.77,Greensboro,0.5,1.0,United States,158,VERONICA STONE,4.24,7,15.98,2005-06-23,2,1,2005-06-17,1
3.77,Nezahualcyotl,0.56,1.0,Mexico,115,WENDY HARRISON,3.43,18,12.95,2005-08-23,5,2,2005-08-17,2
3.77,Salinas,0.44,1.0,United States,269,CASSANDRA WALTERS,4.77,17,17.96,2005-08-26,4,2,2005-08-20,2
3.77,Taguig,0.18,1.0,Philippines,72,THERESA WATSON,3.44,3,12.98,2005-08-08,2,1,2005-08-02,1
3.77,Vinh,0.57,1.0,Vietnam,523,HARVEY GUAJARDO,3.7,5,13.96,2005-08-24,4,1,2005-08-18,1
3.78,Cheju,0.63,1.0,South Korea,88,BONNIE HUGHES,4.49,5,16.95,2005-08-04,5,2,2005-07-29,2
3.78,Esfahan,0.5,1.0,Iran,10,DOROTHY TAYLOR,4.49,5,16.96,2005-08-24,4,2,2005-08-18,2
3.78,Fengshan,0.42,1.0,Taiwan,576,MORRIS MCCARTER,4.49,7,16.95,2005-08-25,5,1,2005-08-19,1
3.78,Guadalajara,2.0,1.0,Mexico,364,BENJAMIN VARNEY,4.49,5,16.96,2005-06-24,4,1,2005-06-18,1
3.78,Munger (Monghyr),0.31,0.9722222222222222,India,28,CYNTHIA YOUNG,4.22,26,15.96,2005-08-26,4,2,2005-08-20,2
3.78,Ourense (Orense),0.28,1.0,Spain,469,WESLEY BULL,4.49,1,16.95,2005-08-07,5,2,2005-08-01,2
3.78,Southend-on-Sea,0.67,1.0,United Kingdom,16,SANDRA MARTIN,4.49,2,16.96,2005-07-13,4,2,2005-07-07,2
3.78,Suihua,0.38,1.0,China,511,CHESTER BENNER,4.49,19,16.97,2005-08-27,3,1,2005-08-21,1
3.78,Sunnyvale,0.5,1.0,United States,214,KRISTIN JOHNSTON,4.49,6,16.96,2005-08-07,4,2,2005-08-01,2
3.79,Cuman,0.63,1.0,Venezuela,113,CINDY FISHER,4.74,4,17.95,2005-08-24,5,2,2005-08-18,2
3.79,Inegl,0.44,1.0,Turkey,278,BILLIE HORTON,4.21,3,15.96,2005-08-07,4,2,2005-08-01,2
3.79,Shenzhen,0.43,0.9666666666666667,China,378,EUGENE CULPEPPER,3.42,25,12.97,2005-08-25,3,2,2005-08-19,2
3.79,Taguig,0.3,1.0,Philippines,72,THERESA WATSON,3.69,6,13.97,2005-08-07,3,1,2005-08-01,1
3.79,Udine,0.63,1.0,Italy,525,ADRIAN CLARY,4.74,3,17.95,2005-08-05,5,2,2005-07-30,2
3.8,Ashqelon,2.5,1.0,Israel,478,LEWIS LYMAN,4.99,3,18.95,2005-08-02,5,2,2005-07-27,2
3.8,Baiyin,0.75,1.0,China,495,CHARLIE BESS,4.99,23,18.97,2005-07-12,3,1,2005-07-06,1
3.8,Boksburg,0.8,1.0,South Africa,125,ETHEL WEBB,4.99,4,18.96,2005-07-15,4,2,2005-07-09,2
3.8,Brest,0.83,1.0,France,402,LUIS YANEZ,4.99,3,18.95,2005-07-13,5,2,2005-07-07,2
3.8,Brockton,0.44,1.0,United States,149,VALERIE BLACK,4.99,22,18.96,2005-08-03,4,2,2005-07-28,2
3.8,Hoshiarpur,0.3,0.9705882352941176,India,412,ALLEN BUTTERFIELD,4.99,7,18.97,2005-08-28,3,2,2005-08-22,2
3.8,Hunuco,1.2,1.0,Peru,565,JAIME NETTLES,4.19,2,15.94,2005-07-13,6,2,2005-07-07,2
3.8,Ilorin,0.5,1.0,Nigeria,103,GLADYS HAMILTON,4.99,9,18.95,2005-08-02,5,2,2005-07-27,2
3.8,Livorno,2.0,1.0,Italy,541,DARREN WINDHAM,4.99,2,18.96,2005-07-15,4,2,2005-07-09,2
3.8,Mexicali,1.25,1.0,Mexico,343,DOUGLAS GRAF,4.99,9,18.95,2005-06-23,5,2,2005-06-17,2
3.8,Nagareyama,0.75,1.0,Japan,53,HEATHER MORRIS,4.99,13,18.94,2005-08-26,6,2,2005-08-20,2
3.8,Osmaniye,1.25,1.0,Turkey,13,KAREN JACKSON,4.99,9,18.95,2005-07-12,5,2,2005-07-06,2
3.8,Pingxiang,0.6,1.0,China,169,ERICA MATTHEWS,4.99,2,18.97,2005-07-17,3,2,2005-07-11,2
3.8,Qinhuangdao,0.83,1.0,China,242,GLENDA FRAZIER,4.99,4,18.95,2005-07-11,5,2,2005-07-05,2
3.8,Ranchi,6.0,1.0,India,358,SAMUEL MARLOW,4.99,11,18.94,2005-06-21,6,2,2005-06-15,2
3.8,San Felipe del Progreso,1.25,1.0,Mexico,319,RONALD WEINER,4.99,8,18.95,2005-06-23,5,2,2005-06-17,2
3.8,Stockport,1.5,1.0,United Kingdom,477,DAN PAINE,4.99,2,18.97,2005-06-24,3,2,2005-06-18,2
3.81,Baha Blanca,0.75,1.0,Argentina,322,JASON MORRISSEY,5.24,6,19.94,2005-07-12,6,2,2005-07-06,2
3.81,Ikerre,0.42,1.0,Nigeria,198,ELSIE KELLEY,3.66,7,13.95,2005-08-05,5,2,2005-07-30,2
3.81,Monclova,1.0,1.0,Mexico,570,IVAN CROMWELL,5.24,7,19.96,2005-06-23,4,1,2005-06-17,1
3.81,Novi Sad,0.6,1.0,Yugoslavia,553,MAX PITT,5.49,2,20.94,2005-07-14,6,2,2005-07-08,2
3.81,Sanaa,1.0,1.0,Yemen,303,WILLIAM SATTERFIELD,5.24,1,19.96,2005-07-15,4,2,2005-07-09,2
3.82,Balikesir,0.33,1.0,Turkey,366,BRANDON HUEY,3.66,1,13.97,2005-07-18,3,2,2005-07-12,2
3.82,Baybay,0.31,1.0,Philippines,71,KATHY JAMES,3.91,3,14.96,2005-08-28,4,2,2005-08-22,2
3.82,Brescia,0.57,1.0,Italy,309,CHRISTOPHER GRECO,6.28,3,23.96,2005-07-14,4,2,2005-07-08,2
3.82,Czestochowa,0.21,1.0,Poland,572,SIDNEY BURLESON,3.92,4,14.97,2005-08-25,3,2,2005-08-19,2
3.82,Dhaka,0.36,1.0,Bangladesh,332,STEPHEN QUALLS,4.7,3,17.95,2005-08-24,5,2,2005-08-18,2
3.82,Dongying,2.0,1.0,China,466,LEO EBERT,5.49,7,20.96,2005-06-24,4,2,2005-06-18,2
3.82,Juazeiro do Norte,1.25,1.0,Brazil,47,FRANCES PARKER,5.74,11,21.95,2005-07-13,5,2,2005-07-07,2
3.82,Karnal,1.0,1.0,India,274,NAOMI JENNINGS,3.66,3,13.97,2005-06-02,3,2,2005-05-27,2
3.82,Oyo,0.29,1.0,Nigeria,250,JO FOWLER,3.13,7,11.98,2005-08-28,2,1,2005-08-22,1
3.82,Patras,0.67,1.0,Greece,596,ENRIQUE FORSYTHE,3.66,1,13.96,2005-08-07,4,2,2005-08-01,2
3.82,Shenzhen,0.25,1.0,China,378,EUGENE CULPEPPER,2.62,3,9.98,2005-08-08,2,1,2005-08-02,1
3.82,Sultanbeyli,0.63,1.0,Turkey,493,BRENT HARKINS,5.49,5,20.95,2005-08-27,5,2,2005-08-21,2
3.82,guas Lindas de Gois,0.5,1.0,Brazil,130,CHARLOTTE HUNTER,3.66,12,13.97,2005-07-13,3,2,2005-07-07,2
3.83,Adoni,0.2,1.0,India,367,ADAM GOOCH,4.69,19,17.98,2005-08-27,2,1,2005-08-21,1
3.83,Hsichuh,0.25,1.0,Taiwan,348,ROGER QUINTANILLA,4.43,4,16.96,2005-08-07,4,2,2005-08-01,2
3.83,Meixian,0.31,1.0,China,90,RUBY WASHINGTON,4.43,18,16.95,2005-08-27,5,2,2005-08-21,2
3.83,Monclova,1.67,1.0,Mexico,570,IVAN CROMWELL,5.99,8,22.95,2005-06-22,5,1,2005-06-16,1
3.83,Nantou,0.6,1.0,Taiwan,5,ELIZABETH BROWN,3.39,3,12.97,2005-06-23,3,1,2005-06-17,1
3.83,Pangkal Pinang,0.8,1.0,Indonesia,542,LONNIE TIRADO,5.99,10,22.96,2005-08-03,4,2,2005-07-28,2
3.83,Pemalang,0.17,1.0,Indonesia,116,VICTORIA GIBSON,3.91,7,14.98,2005-08-27,2,2,2005-08-21,2
3.83,Sogamoso,0.33,1.0,Colombia,490,SAM MCDUFFIE,4.43,1,16.97,2005-07-18,3,2,2005-07-12,2
3.83,Yantai,0.83,1.0,China,272,KAY CALDWELL,5.99,35,22.95,2005-08-23,5,2,2005-08-17,2
3.83,al-Qatif,1.2,1.0,Saudi Arabia,417,TRAVIS ESTEP,5.99,1,22.94,2005-08-05,6,2,2005-07-30,2
3.84,Kansas City,0.33,1.0,United States,308,THOMAS GRIGSBY,4.16,2,15.96,2005-08-28,4,2,2005-08-22,2
3.84,Mandaluyong,0.23,1.0,Philippines,263,HILDA HOPKINS,3.37,5,12.97,2005-08-07,3,1,2005-08-01,1
3.84,Tangail,0.33,1.0,Bangladesh,21,MICHELLE CLARK,4.16,2,15.98,2005-06-25,2,2,2005-06-19,2
3.84,ostka,3.0,1.0,Ukraine,475,PEDRO CHESTNUT,6.49,2,24.94,2005-07-14,6,2,2005-07-08,2
3.85,Cianjur,0.3,1.0,Indonesia,411,NORMAN CURRIER,2.59,6,9.97,2005-08-04,3,1,2005-07-29,1
3.85,Dhule (Dhulia),0.56,0.9722222222222222,India,440,BERNARD COLBY,4.66,25,17.95,2005-08-26,5,2,2005-08-20,2
3.85,Duisburg,1.0,1.0,Germany,114,GRACE ELLIS,4.66,2,17.94,2005-07-13,6,2,2005-07-07,2
3.85,Naju,0.4,1.0,South Korea,237,TANYA GILBERT,2.59,2,9.98,2005-07-14,2,2,2005-07-08,2
3.85,Ondo,0.4,1.0,Nigeria,156,BERTHA FERGUSON,3.89,6,14.96,2005-08-28,4,2,2005-08-22,2
3.85,Stara Zagora,0.4,1.0,Bulgaria,215,JESSIE BANKS,2.59,1,9.96,2005-08-29,4,2,2005-08-23,2
3.85,Tanshui,1.67,1.0,Taiwan,577,CLIFTON MALCOLM,4.66,6,17.95,2005-07-12,5,2,2005-07-06,2
3.86,Almirante Brown,0.43,1.0,Argentina,359,WILLIE MARKHAM,4.13,8,15.97,2005-08-06,3,2,2005-07-31,2
3.86,Celaya,0.56,1.0,Mexico,587,SERGIO STANFIELD,5.43,16,20.95,2005-08-24,5,1,2005-08-18,1
3.86,Citrus Heights,0.5,1.0,United States,14,BETTY WHITE,4.39,24,16.95,2005-08-24,5,2,2005-08-18,2
3.86,Eskisehir,0.67,1.0,Turkey,507,EDGAR RHOADS,4.66,7,17.96,2005-08-24,4,2,2005-08-18,2
3.86,Grand Prairie,0.44,1.0,United States,118,KIM CRUZ,4.66,11,17.96,2005-08-27,4,2,2005-08-21,2
3.86,Hiroshima,0.4,1.0,Japan,299,JAMES GANNON,4.39,12,16.96,2005-08-27,4,2,2005-08-21,2
3.86,Iligan,0.13,1.0,Philippines,580,ROSS GREY,3.37,2,12.98,2005-08-08,2,2,2005-08-02,2
3.86,Iwakuni,0.15,1.0,Japan,54,TERESA ROGERS,4.14,5,15.98,2005-08-28,2,1,2005-08-22,1
3.86,Kimchon,0.44,1.0,South Korea,99,EMILY DIAZ,3.88,2,14.96,2005-07-16,4,2,2005-07-10,2
3.86,La Romana,0.8,1.0,Dominican Republic,437,RANDALL NEUMANN,4.39,2,16.96,2005-07-15,4,2,2005-07-09,2
3.86,Loja,0.38,1.0,Ecuador,589,TRACY HERRMANN,3.62,2,13.97,2005-08-04,3,2,2005-07-29,2
3.86,Lublin,2.5,1.0,Poland,501,RUBEN GEARY,6.99,6,26.95,2005-07-12,5,1,2005-07-06,1
3.86,San Felipe del Progreso,0.33,1.0,Mexico,319,RONALD WEINER,3.88,10,14.97,2005-08-26,3,2,2005-08-20,2
3.86,Santiago de los Caballeros,0.43,1.0,Dominican Republic,258,MYRTLE FLEMING,4.13,1,15.97,2005-07-16,3,2,2005-07-10,2
3.86,Surakarta,0.25,1.0,Indonesia,450,JAY ROBB,3.37,3,12.98,2005-07-17,2,1,2005-07-11,1
3.86,Tandil,0.5,1.0,Argentina,405,LEONARD SCHOFIELD,3.62,4,13.96,2005-07-15,4,2,2005-07-09,2
3.86,Valencia,0.44,1.0,Venezuela,539,MATHEW BOLIN,4.66,4,17.96,2005-08-05,4,2,2005-07-30,2
3.87,Atlixco,0.42,1.0,Mexico,84,SARA PERRY,5.41,7,20.95,2005-08-07,5,2,2005-08-01,2
3.87,Balurghat,0.23,1.0,India,208,LUCY WHEELER,3.61,9,13.97,2005-08-07,3,1,2005-08-01,1
3.87,Laohekou,0.67,1.0,China,422,MELVIN ELLINGTON,2.32,7,8.98,2005-06-25,2,2,2005-06-19,2
3.87,Rockford,9.0,1.0,United States,457,BILL GAVIN,7.99,10,30.91,2005-06-21,9,2,2005-06-15,2
3.88,Atlixco,0.31,1.0,Mexico,84,SARA PERRY,4.37,13,16.96,2005-08-25,4,2,2005-08-19,2
3.88,Chiayi,0.56,1.0,Taiwan,73,BEVERLY BROOKS,4.88,4,18.95,2005-08-06,5,2,2005-07-31,2
3.88,Datong,8.0,0.9565217391304348,China,260,CHRISTY VARGAS,8.99,10,34.92,2005-06-22,8,2,2005-06-16,2
3.88,Moscow,0.38,1.0,Russian Federation,46,CATHERINE CAMPBELL,4.12,6,15.97,2005-08-07,3,2,2005-08-01,2
3.88,San Felipe del Progreso,2.0,1.0,Mexico,319,RONALD WEINER,5.66,7,21.94,2005-06-22,6,2,2005-06-16,2
3.88,Shivapuri,0.38,0.9705882352941176,India,68,NICOLE PETERSON,4.12,18,15.97,2005-07-14,3,2,2005-07-08,2
3.88,Songkhla,0.25,1.0,Thailand,86,JACQUELINE LONG,5.41,1,20.97,2005-08-07,3,1,2005-08-01,1
3.89,Akishima,0.44,1.0,Japan,574,JULIAN VEST,4.1,12,15.96,2005-08-26,4,2,2005-08-20,2
3.89,Balikesir,0.21,1.0,Turkey,366,BRANDON HUEY,4.36,2,16.96,2005-08-07,4,2,2005-08-01,2
3.89,Bhilwara,0.21,1.0,India,209,TONYA CHAPMAN,5.13,18,19.97,2005-08-27,3,2,2005-08-21,2
3.89,Braslia,0.44,1.0,Brazil,325,TIMOTHY BUNN,4.1,17,15.96,2005-08-25,4,2,2005-08-19,2
3.89,Ede,0.5,1.0,Netherlands,341,PETER MENARD,4.62,3,17.96,2005-08-26,4,1,2005-08-20,1
3.89,Emmen,0.18,1.0,Netherlands,474,DUSTIN GILLETTE,3.08,2,11.98,2005-08-28,2,2,2005-08-22,2
3.89,Firozabad,0.3,1.0,India,192,LAURIE LAWRENCE,3.59,8,13.97,2005-08-07,3,2,2005-08-01,2
3.89,Ourense (Orense),0.5,1.0,Spain,469,WESLEY BULL,4.62,1,17.96,2005-07-16,4,2,2005-07-10,2
3.89,Peoria,0.57,1.0,United States,275,CAROLE BARNETT,3.85,20,14.96,2005-08-04,4,2,2005-07-29,2
3.89,Touliu,0.63,1.0,Taiwan,139,AMBER DIXON,4.62,8,17.95,2005-08-02,5,2,2005-07-27,2
3.89,Zhoushan,0.4,1.0,China,550,GUY BROWNLEE,5.39,2,20.98,2005-06-27,2,2,2005-06-21,2
3.9,Crdoba,0.44,1.0,Argentina,24,KIMBERLY LEE,3.32,6,12.96,2005-08-25,4,2,2005-08-19,2
3.9,Crdoba,0.83,1.0,Argentina,24,KIMBERLY LEE,3.32,9,12.95,2005-08-05,5,2,2005-07-30,2
3.9,Daugavpils,1.4,1.0,Latvia,347,RYAN SALISBURY,6.39,2,24.93,2005-07-12,7,2,2005-07-06,2
3.9,Jaipur,0.5,0.9705882352941176,India,60,MILDRED BAILEY,4.09,6,15.95,2005-08-28,5,1,2005-08-22,1
3.9,Pereira,0.75,1.0,Colombia,180,STACY CUNNINGHAM,5.12,3,19.94,2005-08-25,6,2,2005-08-19,2
3.9,Tsuyama,2.0,1.0,Japan,429,FREDERICK ISBELL,6.66,22,25.94,2005-08-02,6,2,2005-07-27,2
3.9,Ueda,0.27,1.0,Japan,503,ANGEL BARCLAY,3.32,2,12.96,2005-08-29,4,1,2005-08-23,1
3.91,Apeldoorn,0.75,1.0,Netherlands,137,RHONDA KENNEDY,5.62,3,21.94,2005-07-14,6,2,2005-07-08,2
3.91,Jinchang,1.0,1.0,China,168,REGINA BERRY,4.59,11,17.95,2005-07-15,5,2,2005-07-09,2
3.91,Jurez,0.42,1.0,Mexico,369,FRED WHEAT,3.82,6,14.95,2005-08-07,5,2,2005-08-01,2
3.91,Kurashiki,1.4,1.0,Japan,34,REBECCA SCOTT,4.59,21,17.93,2005-08-02,7,2,2005-07-27,2
3.91,Mandaluyong,0.83,1.0,Philippines,263,HILDA HOPKINS,3.82,7,14.95,2005-07-15,5,2,2005-07-09,2
3.91,Mexicali,0.71,1.0,Mexico,343,DOUGLAS GRAF,4.85,17,18.95,2005-08-23,5,1,2005-08-17,1
3.91,Monywa,0.27,1.0,Myanmar,256,MABEL HOLLAND,4.08,1,15.97,2005-08-29,3,2,2005-08-23,2
3.91,Namibe,0.86,1.0,Angola,383,MARTIN BALES,3.56,1,13.94,2005-08-06,6,2,2005-07-31,2
3.91,Nezahualcyotl,0.2,1.0,Mexico,115,WENDY HARRISON,1.79,1,6.99,2005-06-27,1,1,2005-06-21,1
3.91,Okayama,0.63,1.0,Japan,489,RICARDO MEADOR,5.62,11,21.95,2005-08-27,5,2,2005-08-21,2
3.92,Acua,1.33,1.0,Mexico,486,GLEN TALBERT,4.32,6,16.96,2005-06-23,4,2,2005-06-17,2
3.92,Apeldoorn,0.21,1.0,Netherlands,137,RHONDA KENNEDY,5.1,1,19.96,2005-08-07,4,2,2005-08-01,2
3.92,Coquimbo,0.83,1.0,Chile,515,ANDRE RAPP,4.32,2,16.95,2005-07-12,5,1,2005-07-06,1
3.92,Dallas,0.33,1.0,United States,400,BRYAN HARDISON,4.07,16,15.96,2005-08-26,4,2,2005-08-20,2
3.92,Duisburg,0.55,1.0,Germany,114,GRACE ELLIS,5.08,3,19.94,2005-08-27,6,2,2005-08-21,2
3.92,Hunuco,0.25,1.0,Peru,565,JAIME NETTLES,3.82,2,14.97,2005-08-08,3,2,2005-08-02,2
3.92,Jamalpur,0.31,1.0,Bangladesh,329,FRANK WAGGONER,4.07,1,15.96,2005-08-07,4,2,2005-08-01,2
3.92,Jelets,0.88,1.0,Russian Federation,100,ROBIN HAYES,6.37,18,24.93,2005-08-03,7,2,2005-07-28,2
3.92,Mardan,0.38,1.0,Pakistan,20,SHARON ROBINSON,4.07,3,15.95,2005-08-27,5,2,2005-08-21,2
3.92,Pingxiang,1.0,0.9666666666666667,China,169,ERICA MATTHEWS,4.32,24,16.94,2005-08-25,6,1,2005-08-19,1
3.92,Santo Andr,0.38,1.0,Brazil,354,JUSTIN NGO,4.07,16,15.95,2005-08-25,5,2,2005-08-19,2
3.92,Shanwei,2.33,1.0,China,424,KYLE SPURLOCK,4.32,22,16.93,2005-07-12,7,2,2005-07-06,2
3.92,Tangail,0.71,1.0,Bangladesh,21,MICHELLE CLARK,3.56,3,13.95,2005-08-05,5,2,2005-07-30,2
3.92,Udaipur,0.67,1.0,India,170,BEATRICE ARNOLD,4.32,11,16.96,2005-07-15,4,2,2005-07-09,2
3.92,Valle de Santiago,0.11,0.9523809523809523,Mexico,288,BOBBIE CRAIG,2.55,2,9.99,2005-08-08,1,1,2005-08-02,1
3.93,Baiyin,1.0,1.0,China,495,CHARLIE BESS,4.32,6,16.97,2005-06-24,3,1,2005-06-18,1
3.93,Ezhou,0.29,1.0,China,313,DONALD MAHON,3.56,12,13.98,2005-08-07,2,1,2005-08-01,1
3.93,Hohhot,0.8,0.9642857142857143,China,138,HAZEL WARREN,2.79,10,10.96,2005-07-16,4,1,2005-07-10,1
3.93,Kansas City,2.0,1.0,United States,308,THOMAS GRIGSBY,5.32,15,20.94,2005-08-05,6,2,2005-07-30,2
3.93,Naju,0.13,1.0,South Korea,237,TANYA GILBERT,4.32,1,16.98,2005-08-08,2,1,2005-08-02,1
3.93,Niznekamsk,0.5,1.0,Russian Federation,48,ANN EVANS,4.82,9,18.97,2005-08-05,3,2,2005-07-30,2
3.93,Rustenburg,0.25,1.0,South Africa,407,DALE RATCLIFF,4.57,1,17.97,2005-08-08,3,2,2005-08-02,2
3.93,Salzburg,0.5,1.0,Austria,266,NORA HERRERA,4.32,1,16.97,2005-08-08,3,2,2005-08-02,2
3.93,Sasebo,0.2,1.0,Japan,1,MARY SMITH,2.79,4,10.97,2005-08-28,3,2,2005-08-22,2
3.93,Tanza,0.18,1.0,Philippines,236,MARCIA DEAN,4.58,6,17.97,2005-08-27,3,2,2005-08-21,2
3.93,Udine,1.0,1.0,Italy,525,ADRIAN CLARY,4.32,1,16.97,2005-07-17,3,2,2005-07-11,2
3.94,Atlixco,0.31,0.9523809523809523,Mexico,84,SARA PERRY,5.07,1,19.96,2005-08-08,4,2,2005-08-02,2
3.94,Brindisi,0.19,1.0,Italy,499,MARC OUTLAW,4.05,4,15.97,2005-08-26,3,2,2005-08-20,2
3.94,Cheju,0.57,1.0,South Korea,88,BONNIE HUGHES,4.56,1,17.96,2005-08-27,4,2,2005-08-21,2
3.94,Emmen,0.3,1.0,Netherlands,474,DUSTIN GILLETTE,3.29,2,12.97,2005-08-27,3,2,2005-08-21,2
3.94,Gaziantep,0.83,1.0,Turkey,480,COREY HAUSER,5.32,7,20.95,2005-08-05,5,2,2005-07-30,2
3.94,Sagamihara,1.33,1.0,Japan,11,LISA ANDERSON,5.32,10,20.96,2005-07-14,4,2,2005-07-08,2
3.94,Sultanbeyli,0.67,1.0,Turkey,493,BRENT HARKINS,5.82,5,22.96,2005-08-04,4,2,2005-07-29,2
3.94,Yamuna Nagar,1.67,1.0,India,12,NANCY THOMAS,5.32,10,20.95,2005-06-24,5,2,2005-06-18,2
3.94,al-Qadarif,0.4,1.0,Sudan,395,JOHNNY TURPIN,2.79,2,10.98,2005-08-03,2,2,2005-07-28,2
3.95,Deba Habe,0.67,1.0,Nigeria,409,RODNEY MOELLER,4.55,8,17.94,2005-08-03,6,2,2005-07-28,2
3.95,Inegl,0.21,1.0,Turkey,278,BILLIE HORTON,2.78,3,10.97,2005-08-28,3,2,2005-08-22,2
3.95,Kamjanets-Podilskyi,0.4,1.0,Ukraine,386,TODD TAN,3.79,2,14.96,2005-08-26,4,2,2005-08-20,2
3.95,Kimchon,0.2,1.0,South Korea,99,EMILY DIAZ,3.79,1,14.97,2005-08-07,3,2,2005-08-01,2
3.95,Nezahualcyotl,0.38,1.0,Mexico,115,WENDY HARRISON,3.53,11,13.95,2005-08-06,5,1,2005-07-31,1
3.95,Saarbrcken,0.8,1.0,Germany,227,COLLEEN BURTON,3.79,1,14.96,2005-07-13,4,2,2005-07-07,2
3.95,Sincelejo,0.4,1.0,Colombia,87,WANDA PATTERSON,3.79,1,14.98,2005-06-25,2,2,2005-06-19,2
3.96,Akron,0.31,1.0,United States,479,ZACHARY HITE,5.3,9,20.96,2005-08-06,4,1,2005-07-31,1
3.96,Salala,0.31,1.0,Oman,498,GENE SANBORN,3.53,2,13.96,2005-08-05,4,2,2005-07-30,2
3.96,Valencia,0.3,1.0,Venezuela,539,MATHEW BOLIN,4.29,4,16.97,2005-08-06,3,2,2005-07-31,2
3.97,Effon-Alaiye,0.21,1.0,Nigeria,286,VELMA LUCAS,4.28,6,16.97,2005-08-05,3,2,2005-07-30,2
3.97,Effon-Alaiye,0.31,1.0,Nigeria,286,VELMA LUCAS,4.53,6,17.96,2005-08-04,4,2,2005-07-29,2
3.97,Graz,0.44,1.0,Austria,173,AUDREY RAY,3.77,1,14.96,2005-07-16,4,2,2005-07-10,2
3.97,Guadalajara,0.43,1.0,Mexico,364,BENJAMIN VARNEY,4.28,9,16.97,2005-07-13,3,2,2005-07-07,2
3.97,Miyakonojo,0.33,1.0,Japan,253,TERRY CARLSON,3.77,5,14.97,2005-08-07,3,2,2005-08-01,2
3.97,Monclova,0.36,1.0,Mexico,570,IVAN CROMWELL,3.26,10,12.96,2005-08-06,4,2,2005-07-31,2
3.97,Santo Andr,0.44,1.0,Brazil,354,JUSTIN NGO,3.77,10,14.96,2005-07-16,4,2,2005-07-10,2
3.98,Cuautla,0.31,1.0,Mexico,323,MATTHEW MAHAN,3.76,9,14.96,2005-08-06,4,2,2005-07-31,2
3.98,Kirovo-Tepetsk,0.55,1.0,Russian Federation,179,DANA HART,5.26,8,20.94,2005-08-05,6,2,2005-07-30,2
3.98,Lengshuijiang,0.38,1.0,China,267,MARGIE WADE,4.76,17,18.95,2005-08-27,5,2,2005-08-21,2
3.98,Warren,0.27,1.0,United States,276,BRANDY GRAVES,4.26,15,16.96,2005-08-26,4,2,2005-08-20,2
3.99,Chandrapur,1.75,0.9705882352941176,India,167,SALLY PIERCE,5.24,17,20.93,2005-07-14,7,2,2005-07-08,2
3.99,Changhwa,2.0,1.0,Taiwan,75,TAMMY SANDERS,5.99,5,23.9,2005-07-12,10,2,2005-07-06,2
3.99,Dzerzinsk,3.0,1.0,Russian Federation,430,RAY HOULE,3.99,10,15.94,2005-06-21,6,2,2005-06-15,2
3.99,Mandaluyong,1.75,1.0,Philippines,263,HILDA HOPKINS,4.74,8,18.93,2005-07-14,7,2,2005-07-08,2
3.99,Rae Bareli,2.67,1.0,India,78,LORI WOOD,5.99,28,23.92,2005-07-12,8,2,2005-07-06,2
3.99,Rockford,4.0,1.0,United States,457,BILL GAVIN,6.49,10,25.92,2005-06-22,8,2,2005-06-16,2
30.13,Escobar,2.5,1.0,Argentina,445,MICHEAL FORMAN,1.49,1,44.9,2005-08-02,10,2,2005-07-27,2
31.26,Ashqelon,5.0,1.0,Israel,478,LEWIS LYMAN,0.99,1,30.95,2005-06-24,5,2,2005-06-18,2
32.25,Adoni,7.0,1.0,India,367,ADAM GOOCH,0.99,1,31.93,2005-07-13,7,2,2005-07-07,2
33.27,Sawhaj,2.75,1.0,Egypt,423,ALFRED CASILLAS,1.74,1,57.89,2005-08-02,11,2,2005-07-27,2
35.28,Paarl,7.0,1.0,South Africa,338,DENNIS GILMAN,0.99,1,34.93,2005-06-21,7,2,2005-06-15,2
36.27,Taizz,9.0,1.0,Yemen,213,GINA WILLIAMSON,0.99,1,35.91,2005-06-21,9,2,2005-06-15,2
36.45,Qomsheh,2.67,1.0,Iran,459,TOMMY COLLAZO,2.66,1,96.84,2005-08-03,16,2,2005-07-28,2
38.31,Hoshiarpur,2.33,1.0,India,412,ALLEN BUTTERFIELD,0.99,1,37.93,2005-08-04,7,2,2005-07-29,2
39.31,Hoshiarpur,4.0,1.0,India,412,ALLEN BUTTERFIELD,0.99,1,38.92,2005-08-03,8,2,2005-07-28,2
4.0,Acua,0.5,1.0,Mexico,486,GLEN TALBERT,3.99,12,15.96,2005-08-25,4,2,2005-08-19,2
4.0,Akron,3.0,1.0,United States,479,ZACHARY HITE,5.99,6,23.94,2005-06-23,6,2,2005-06-17,2
4.0,Araatuba,1.5,1.0,Brazil,77,JANE BENNETT,2.49,1,9.97,2005-06-03,3,2,2005-05-28,2
4.0,Araatuba,4.0,1.0,Brazil,77,JANE BENNETT,2.99,1,11.96,2005-06-02,4,2,2005-05-27,2
4.0,Ashqelon,0.38,1.0,Israel,478,LEWIS LYMAN,3.74,2,14.97,2005-08-28,3,2,2005-08-22,2
4.0,Avellaneda,0.36,1.0,Argentina,560,JORDAN ARCHULETA,4.99,6,19.95,2005-08-27,5,2,2005-08-21,2
4.0,Bag,3.0,1.0,Brazil,398,ANTONIO MEEK,4.99,5,19.97,2005-06-21,3,2,2005-06-15,2
4.0,Baiyin,2.0,1.0,China,495,CHARLIE BESS,4.99,8,19.96,2005-06-23,4,2,2005-06-17,2
4.0,Balaiha,3.0,1.0,Russian Federation,55,DORIS REED,6.49,11,25.94,2005-08-02,6,2,2005-07-27,2
4.0,Bayugan,0.5,1.0,Philippines,188,MELANIE ARMSTRONG,3.49,6,13.97,2005-07-15,3,1,2005-07-09,1
4.0,Bergamo,1.25,1.0,Italy,439,ALEXANDER FENNELL,4.74,3,18.95,2005-06-22,5,2,2005-06-16,2
4.0,Boksburg,0.22,1.0,South Africa,125,ETHEL WEBB,3.99,9,15.96,2005-08-24,4,2,2005-08-18,2
4.0,Brindisi,1.5,1.0,Italy,499,MARC OUTLAW,2.99,2,11.97,2005-06-22,3,1,2005-06-16,1
4.0,Brockton,0.83,1.0,United States,149,VALERIE BLACK,4.99,23,19.95,2005-08-23,5,2,2005-08-17,2
4.0,Celaya,1.25,1.0,Mexico,587,SERGIO STANFIELD,3.99,15,15.95,2005-07-12,5,2,2005-07-06,2
4.0,Deba Habe,0.38,1.0,Nigeria,409,RODNEY MOELLER,3.49,9,13.97,2005-08-26,3,2,2005-08-20,2
4.0,Denizli,0.75,1.0,Turkey,483,VERNON CHAPA,4.99,2,19.97,2005-07-16,3,2,2005-07-10,2
4.0,Dongying,0.27,1.0,China,466,LEO EBERT,3.99,16,15.97,2005-08-27,3,2,2005-08-21,2
4.0,Dzerzinsk,1.0,1.0,Russian Federation,430,RAY HOULE,2.99,7,11.96,2005-06-22,4,2,2005-06-16,2
4.0,Greensboro,2.0,1.0,United States,158,VERONICA STONE,5.49,8,21.96,2005-06-21,4,2,2005-06-15,2
4.0,Huaian,0.6,1.0,China,384,ERNEST STEPP,2.99,7,11.97,2005-08-28,3,2,2005-08-22,2
4.0,Ibirit,0.8,1.0,Brazil,310,DANIEL CABRAL,4.99,13,19.96,2005-08-04,4,2,2005-07-29,2
4.0,Iwakuni,0.33,1.0,Japan,54,TERESA ROGERS,3.99,2,15.97,2005-08-08,3,2,2005-08-02,2
4.0,Iwakuni,0.83,1.0,Japan,54,TERESA ROGERS,4.49,8,17.95,2005-07-16,5,2,2005-07-10,2
4.0,Iwakuni,1.2,1.0,Japan,54,TERESA ROGERS,4.99,7,19.94,2005-07-15,6,2,2005-07-09,2
4.0,Kalisz,0.5,1.0,Poland,270,LEAH CURTIS,3.99,5,15.95,2005-08-24,5,2,2005-08-18,2
4.0,Kansas City,0.6,1.0,United States,308,THOMAS GRIGSBY,3.99,13,15.97,2005-07-13,3,1,2005-07-07,1
4.0,Kirovo-Tepetsk,1.0,1.0,Russian Federation,179,DANA HART,5.24,13,20.96,2005-07-14,4,2,2005-07-08,2
4.0,Kragujevac,1.5,1.0,Yugoslavia,7,MARIA MILLER,3.49,1,13.97,2005-06-04,3,2,2005-05-29,2
4.0,Lhokseumawe,0.75,1.0,Indonesia,473,JORGE OLIVARES,3.24,4,12.97,2005-06-23,3,2,2005-06-17,2
4.0,Liepaja,0.67,1.0,Latvia,23,SARAH LEWIS,4.99,2,19.94,2005-08-25,6,1,2005-08-19,1
4.0,London,1.5,1.0,United Kingdom,252,MATTIE HOFFMAN,2.99,1,11.97,2005-06-21,3,2,2005-06-15,2
4.0,Lungtan,0.43,1.0,Taiwan,30,MELISSA KING,4.49,6,17.94,2005-08-04,6,2,2005-07-29,2
4.0,Maring,0.67,1.0,Brazil,246,MARIAN MENDOZA,3.49,10,13.96,2005-07-14,4,2,2005-07-08,2
4.0,Matamoros,4.0,1.0,Mexico,177,SAMANTHA DUNCAN,2.99,6,11.96,2005-06-22,4,2,2005-06-16,2
4.0,Nagaon,5.0,1.0,India,152,ALICIA MILLS,4.99,27,19.95,2005-07-12,5,2,2005-07-06,2
4.0,Nam Dinh,0.71,1.0,Vietnam,472,GREG ROBINS,5.99,3,23.95,2005-08-27,5,2,2005-08-21,2
4.0,Namibe,0.44,1.0,Angola,383,MARTIN BALES,2.99,1,11.96,2005-08-07,4,2,2005-08-01,2
4.0,Newcastle,0.8,1.0,South Africa,432,EDWIN BURK,4.99,3,19.96,2005-07-15,4,1,2005-07-09,1
4.0,Ocumare del Tuy,0.67,1.0,Venezuela,174,YVONNE WATKINS,4.99,3,19.96,2005-08-06,4,2,2005-07-31,2
4.0,Okayama,1.0,1.0,Japan,489,RICARDO MEADOR,3.99,13,15.97,2005-08-05,3,2,2005-07-30,2
4.0,Ondo,0.8,1.0,Nigeria,156,BERTHA FERGUSON,3.99,2,15.96,2005-07-16,4,2,2005-07-10,2
4.0,Paarl,0.4,1.0,South Africa,338,DENNIS GILMAN,4.49,3,17.96,2005-07-14,4,2,2005-07-08,2
4.0,Palghat (Palakkad),0.63,0.9722222222222222,India,268,NINA SOTO,4.99,24,19.95,2005-08-26,5,2,2005-08-20,2
4.0,Pingxiang,1.0,1.0,China,169,ERICA MATTHEWS,5.49,10,21.96,2005-07-15,4,2,2005-07-09,2
4.0,Probolinggo,1.5,1.0,Indonesia,372,STEVE MACKENZIE,2.99,2,11.97,2005-06-24,3,1,2005-06-18,1
4.0,Rampur,0.25,1.0,India,336,JOSHUA MARK,4.24,17,16.97,2005-08-27,3,2,2005-08-21,2
4.0,Ranchi,2.5,1.0,India,358,SAMUEL MARLOW,3.99,6,15.95,2005-06-23,5,2,2005-06-17,2
4.0,Salamanca,0.4,1.0,Mexico,273,PRISCILLA LOWE,4.99,2,19.96,2005-07-18,4,2,2005-07-12,2
4.0,Santa Brbara dOeste,0.31,1.0,Brazil,178,MARION SNYDER,4.99,8,19.95,2005-08-06,5,2,2005-07-31,2
4.0,Shahr-e Kord,0.5,1.0,Iran,185,ROBERTA HARPER,3.24,4,12.96,2005-08-24,4,2,2005-08-18,2
4.0,Southend-on-Sea,0.63,1.0,United Kingdom,16,SANDRA MARTIN,3.49,6,13.95,2005-08-05,5,1,2005-07-30,1
4.0,Sterling Heights,0.83,1.0,United States,146,JAMIE RICE,5.49,19,21.95,2005-08-04,5,2,2005-07-29,2
4.0,Sterling Heights,3.5,1.0,United States,146,JAMIE RICE,6.49,9,25.93,2005-06-21,7,2,2005-06-15,2
4.0,Tabriz,0.67,1.0,Iran,279,DIANNE SHELTON,4.99,4,19.96,2005-08-04,4,1,2005-07-29,1
4.0,Tangail,0.5,1.0,Bangladesh,21,MICHELLE CLARK,3.24,2,12.96,2005-08-06,4,2,2005-07-31,2
4.0,Tanshui,1.5,1.0,Taiwan,577,CLIFTON MALCOLM,3.49,2,13.97,2005-06-24,3,1,2005-06-18,1
4.0,Touliu,3.0,1.0,Taiwan,139,AMBER DIXON,2.99,5,11.97,2005-06-22,3,2,2005-06-16,2
4.0,Tsuyama,0.75,1.0,Japan,429,FREDERICK ISBELL,4.99,7,19.97,2005-07-16,3,1,2005-07-10,1
4.0,Tsuyama,1.5,1.0,Japan,429,FREDERICK ISBELL,4.49,1,17.97,2005-06-03,3,1,2005-05-28,1
4.0,Udine,2.0,1.0,Italy,525,ADRIAN CLARY,4.99,1,19.96,2005-07-16,4,2,2005-07-10,2
4.0,Uijongbu,0.21,1.0,South Korea,245,COURTNEY DAY,3.99,2,15.97,2005-08-24,3,1,2005-08-18,1
4.0,Weifang,0.83,1.0,China,588,MARION OCAMPO,4.99,20,19.95,2005-07-13,5,2,2005-07-07,2
4.0,Xiangtan,1.0,1.0,China,67,KELLY TORRES,3.49,19,13.96,2005-07-13,4,2,2005-07-07,2
4.0,Yinchuan,0.75,0.9565217391304348,China,484,ROBERTO VU,3.74,9,14.97,2005-06-22,3,2,2005-06-16,2
4.0,Yuzhou,0.8,0.9642857142857143,China,324,GARY COY,2.99,9,11.96,2005-07-16,4,2,2005-07-10,2
4.0,Zapopan,1.5,1.0,Mexico,465,FLOYD GANDY,2.49,15,9.97,2005-08-02,3,2,2005-07-27,2
4.0,Zhoushan,0.75,1.0,China,550,GUY BROWNLEE,5.99,5,23.97,2005-06-26,3,2,2005-06-20,2
4.01,Botshabelo,0.5,1.0,South Africa,132,ESTHER CRAWFORD,2.49,1,9.98,2005-06-26,2,2,2005-06-20,2
4.01,Fuzhou,1.0,1.0,China,281,LEONA OBRIEN,2.99,14,11.98,2005-06-21,2,2,2005-06-15,2
4.01,Jaroslavl,0.4,1.0,Russian Federation,222,DELORES HANSEN,3.99,9,15.98,2005-06-21,2,2,2005-06-15,2
4.01,Salala,2.0,1.0,Oman,498,GENE SANBORN,2.99,1,11.98,2005-06-02,2,2,2005-05-27,2
4.01,Shahr-e Kord,0.5,1.0,Iran,185,ROBERTA HARPER,2.49,1,9.98,2005-06-27,2,1,2005-06-21,1
4.01,Shaoguan,2.0,0.9565217391304348,China,485,CLYDE TOBIAS,2.99,8,11.98,2005-06-22,2,2,2005-06-16,2
4.01,Tabuk,1.0,1.0,Saudi Arabia,312,MARK RINEHART,2.99,1,11.98,2005-06-06,2,1,2005-05-31,1
4.01,Usak,0.14,1.0,Turkey,204,ROSEMARY SCHMIDT,3.49,1,13.98,2005-08-07,2,2,2005-08-01,2
4.01,Valle de Santiago,0.25,1.0,Mexico,288,BOBBIE CRAIG,2.74,8,10.98,2005-08-06,2,1,2005-07-31,1
4.01,Wroclaw,0.2,1.0,Poland,558,JIMMIE EGGLESTON,3.49,3,13.98,2005-08-27,2,2,2005-08-21,2
4.01,Wroclaw,0.67,1.0,Poland,558,JIMMIE EGGLESTON,3.99,1,15.98,2005-06-26,2,1,2005-06-20,1
4.01,Zalantun,2.0,1.0,China,93,PHYLLIS FOSTER,2.99,3,11.98,2005-06-02,2,2,2005-05-27,2
4.01,Zanzibar,0.38,1.0,Tanzania,220,CHARLENE ALVAREZ,5.22,2,20.95,2005-08-25,5,2,2005-08-19,2
4.02,Amroha,0.56,1.0,India,534,CHRISTIAN JUNG,4.21,37,16.95,2005-08-24,5,2,2005-08-18,2
4.02,Baiyin,0.44,1.0,China,495,CHARLIE BESS,5.21,23,20.96,2005-08-06,4,2,2005-07-31,2
4.02,Binzhou,0.5,1.0,China,533,JESSIE MILAM,1.49,4,5.99,2005-06-03,1,1,2005-05-28,1
4.02,Escobar,1.0,1.0,Argentina,445,MICHEAL FORMAN,0.99,3,3.98,2005-07-15,2,2,2005-07-09,2
4.02,Fuyu,0.86,0.9642857142857143,China,211,STACEY MONTGOMERY,5.7,8,22.94,2005-07-16,6,2,2005-07-10,2
4.02,Ife,0.13,1.0,Nigeria,80,MARILYN ROSS,3.72,2,14.98,2005-08-29,2,1,2005-08-23,1
4.02,Liaocheng,0.33,1.0,China,129,CARRIE PORTER,3.72,11,14.95,2005-08-07,5,2,2005-08-01,2
4.02,Springs,2.0,1.0,South Africa,83,LOUISE JENKINS,0.99,1,3.98,2005-06-05,2,1,2005-05-30,1
4.02,Vitria de Santo Anto,2.0,1.0,Brazil,374,JEREMY HURTADO,0.99,1,3.98,2005-06-05,2,1,2005-05-30,1
4.03,Ahmadnagar,1.0,1.0,India,297,SHERRI RHODES,0.99,1,3.99,2005-06-05,1,1,2005-05-30,1
4.03,Cape Coral,0.33,1.0,United States,526,KARL SEAL,4.21,3,16.97,2005-06-25,3,2,2005-06-19,2
4.03,Compton,1.0,1.0,United States,182,RENEE LANE,0.99,2,3.99,2005-06-02,1,1,2005-05-27,1
4.03,Emmen,0.44,1.0,Netherlands,474,DUSTIN GILLETTE,3.21,2,12.96,2005-08-05,4,2,2005-07-30,2
4.03,Ipoh,0.86,1.0,Malaysia,171,DOLORES WAGNER,4.7,3,18.94,2005-07-12,6,2,2005-07-06,2
4.03,Konotop,1.0,1.0,Ukraine,545,JULIO NOLAND,0.99,1,3.99,2005-06-04,1,1,2005-05-29,1
4.03,Quilmes,0.36,1.0,Argentina,585,PERRY SWAFFORD,5.44,7,21.96,2005-08-06,4,2,2005-07-31,2
4.03,Southend-on-Sea,0.44,1.0,United Kingdom,16,SANDRA MARTIN,3.21,4,12.96,2005-08-06,4,1,2005-07-31,1
4.03,Touliu,0.44,1.0,Taiwan,139,AMBER DIXON,4.21,8,16.96,2005-08-03,4,2,2005-07-28,2
4.03,Vijayawada,0.31,1.0,India,508,MILTON HOWLAND,5.45,30,21.96,2005-08-25,4,2,2005-08-19,2
4.04,Baicheng,0.21,1.0,China,538,TED BREAUX,3.7,10,14.97,2005-08-07,3,2,2005-08-01,2
4.04,Erlangen,0.71,1.0,Germany,448,MIGUEL BETANCOURT,6.42,5,25.95,2005-08-26,5,2,2005-08-20,2
4.04,Fontana,1.29,1.0,United States,51,ALICE STEWART,6.42,21,25.91,2005-08-03,9,2,2005-07-28,2
4.04,Lungtan,0.17,1.0,Taiwan,30,MELISSA KING,3.21,2,12.97,2005-08-28,3,2,2005-08-22,2
4.04,Ogbomosho,0.14,1.0,Nigeria,277,OLGA JIMENEZ,4.2,5,16.98,2005-08-28,2,1,2005-08-22,1
4.04,Tieli,0.43,1.0,China,599,AUSTIN CINTRON,3.7,1,14.97,2005-08-29,3,1,2005-08-23,1
4.05,Arecibo,0.27,1.0,Puerto Rico,360,RALPH MADRIGAL,4.19,1,16.96,2005-08-06,4,2,2005-07-31,2
4.05,Cuman,0.4,1.0,Venezuela,113,CINDY FISHER,3.69,3,14.96,2005-08-05,4,2,2005-07-30,2
4.05,Kursk,0.2,1.0,Russian Federation,311,PAUL TROUT,4.69,2,18.98,2005-08-29,2,2,2005-08-23,2
4.05,Mandi Bahauddin,0.6,1.0,Pakistan,223,MELINDA FERNANDEZ,4.19,4,16.97,2005-08-04,3,1,2005-07-29,1
4.05,Purwakarta,0.6,1.0,Indonesia,524,JARED ELY,4.19,2,16.97,2005-07-17,3,2,2005-07-11,2
4.05,Tanshui,0.38,1.0,Taiwan,577,CLIFTON MALCOLM,4.68,6,18.95,2005-08-25,5,1,2005-08-19,1
4.05,Toulouse,0.86,1.0,France,35,VIRGINIA GREEN,5.42,2,21.94,2005-08-23,6,2,2005-08-17,2
4.06,Elista,1.0,1.0,Russian Federation,17,DONNA THOMPSON,5.66,11,22.94,2005-08-23,6,2,2005-08-17,2
4.06,Halisahar,0.29,0.9705882352941176,India,259,LENA JENSEN,5.4,5,21.95,2005-08-28,5,2,2005-08-22,2
4.06,Miraj,0.67,1.0,India,316,STEVEN CURLEY,5.16,9,20.96,2005-06-24,4,2,2005-06-18,2
4.06,ostka,0.5,1.0,Ukraine,475,PEDRO CHESTNUT,5.16,2,20.94,2005-08-06,6,2,2005-07-31,2
4.07,Erlangen,1.33,1.0,Germany,448,MIGUEL BETANCOURT,4.66,2,18.96,2005-06-22,4,1,2005-06-16,1
4.07,Hino,1.33,1.0,Japan,194,KRISTEN CHAVEZ,4.66,4,18.96,2005-06-24,4,1,2005-06-18,1
4.07,Ibirit,0.67,1.0,Brazil,310,DANIEL CABRAL,4.66,15,18.96,2005-07-12,4,2,2005-07-06,2
4.07,Kimberley,0.63,1.0,South Africa,19,RUTH MARTINEZ,6.62,4,26.95,2005-08-26,5,2,2005-08-20,2
4.07,Lublin,0.83,1.0,Poland,501,RUBEN GEARY,4.66,4,18.95,2005-08-03,5,2,2005-07-28,2
4.07,So Leopoldo,0.55,1.0,Brazil,443,FRANCISCO SKIDMORE,4.9,9,19.94,2005-08-26,6,2,2005-08-20,2
4.07,Tongliao,1.33,1.0,China,442,LEROY BUSTAMANTE,4.66,13,18.96,2005-06-21,4,2,2005-06-15,2
4.08,Chandrapur,0.38,0.9705882352941176,India,167,SALLY PIERCE,3.91,4,15.95,2005-08-28,5,2,2005-08-22,2
4.08,Hami,0.67,1.0,China,165,LORRAINE STEPHENS,4.16,27,16.96,2005-08-24,4,2,2005-08-18,2
4.08,Ife,0.21,1.0,Nigeria,80,MARILYN ROSS,3.92,4,15.97,2005-08-28,3,1,2005-08-22,1
4.08,Kakamigahara,1.0,1.0,Japan,163,CATHY SPENCER,4.16,20,16.94,2005-08-02,6,2,2005-07-27,2
4.08,Miraj,0.57,1.0,India,316,STEVEN CURLEY,5.13,21,20.96,2005-07-13,4,2,2005-07-07,2
4.08,Nam Dinh,0.57,1.0,Vietnam,472,GREG ROBINS,5.13,1,20.96,2005-08-05,4,2,2005-07-30,2
4.08,Newcastle,0.71,1.0,South Africa,432,EDWIN BURK,5.13,5,20.95,2005-08-03,5,1,2005-07-28,1
4.09,Abha,0.6,1.0,Saudi Arabia,101,PEGGY MYERS,4.39,4,17.94,2005-08-24,6,2,2005-08-18,2
4.09,Cianjur,0.36,1.0,Indonesia,411,NORMAN CURRIER,3.17,6,12.96,2005-08-27,4,2,2005-08-21,2
4.09,Faaa,0.33,1.0,French Polynesia,43,CHRISTINE ROBERTS,3.66,2,14.97,2005-08-03,3,2,2005-07-28,2
4.09,Haining,0.67,1.0,China,552,HUGH WALDROP,4.88,26,19.94,2005-08-24,6,2,2005-08-18,2
4.09,Iwaki,1.0,1.0,Japan,240,MARLENE WELCH,3.66,3,14.97,2005-06-24,3,2,2005-06-18,2
4.09,Novoterkassk,1.67,1.0,Russian Federation,191,JEANETTE GREENE,3.66,8,14.95,2005-06-21,5,2,2005-06-15,2
4.09,Rustenburg,0.33,1.0,South Africa,407,DALE RATCLIFF,4.39,3,17.95,2005-08-26,5,2,2005-08-20,2
4.09,Saint Louis,1.33,1.0,United States,62,JOAN COOPER,3.66,18,14.96,2005-08-04,4,2,2005-07-29,2
4.09,Skikda,0.63,1.0,Algeria,176,JUNE CARROLL,5.37,1,21.95,2005-06-24,5,2,2005-06-18,2
4.09,Ueda,0.5,1.0,Japan,503,ANGEL BARCLAY,3.66,6,14.97,2005-07-16,3,1,2005-07-10,1
4.09,Valparai,0.6,1.0,India,403,MIKE WAY,4.39,2,17.97,2005-06-26,3,2,2005-06-20,2
4.09,Xinxiang,0.33,1.0,China,339,WALTER PERRYMAN,3.91,21,15.96,2005-08-26,4,2,2005-08-20,2
4.1,Ahmadnagar,1.0,1.0,India,297,SHERRI RHODES,4.62,33,18.92,2005-08-03,8,2,2005-07-28,2
4.1,Cuman,0.75,1.0,Venezuela,113,CINDY FISHER,4.62,3,18.94,2005-07-15,6,2,2005-07-09,2
4.1,Duisburg,0.71,1.0,Germany,114,GRACE ELLIS,4.13,2,16.95,2005-07-15,5,2,2005-07-09,2
4.1,London,0.57,1.0,United Kingdom,512,CECIL VINES,4.13,5,16.96,2005-08-05,4,2,2005-07-30,2
4.1,Madiun,1.67,1.0,Indonesia,500,REGINALD KINDER,6.32,4,25.95,2005-06-21,5,2,2005-06-15,2
4.1,Po,0.17,1.0,Brazil,126,ELLEN SIMPSON,3.66,7,14.98,2005-08-06,2,2,2005-07-31,2
4.1,Sasebo,0.29,1.0,Japan,1,MARY SMITH,2.92,10,11.96,2005-08-27,4,2,2005-08-21,2
4.1,Valparai,0.31,1.0,India,403,MIKE WAY,4.87,29,19.95,2005-08-25,5,2,2005-08-19,2
4.11,Aurora,0.56,1.0,United States,330,SCOTT SHELLEY,3.88,11,15.95,2005-07-15,5,2,2005-07-09,2
4.11,Changhwa,1.14,1.0,Taiwan,75,TAMMY SANDERS,4.85,7,19.92,2005-07-14,8,2,2005-07-08,2
4.11,Erlangen,2.0,1.0,Germany,448,MIGUEL BETANCOURT,8.74,4,35.92,2005-08-24,8,2,2005-08-18,2
4.11,Maikop,0.33,1.0,Russian Federation,346,ARTHUR SIMPKINS,4.86,1,19.95,2005-08-29,5,2,2005-08-23,2
4.11,Xiangtan,1.0,0.9666666666666667,China,67,KELLY TORRES,5.82,23,23.94,2005-08-25,6,2,2005-08-19,2
4.11,Zalantun,0.75,1.0,China,93,PHYLLIS FOSTER,4.37,15,17.94,2005-08-27,6,2,2005-08-21,2
4.12,Acua,0.38,1.0,Mexico,486,GLEN TALBERT,4.37,15,17.97,2005-07-14,3,2,2005-07-08,2
4.12,Arak,0.12,1.0,Iran,36,KATHLEEN ADAMS,3.64,2,14.98,2005-08-27,2,2,2005-08-21,2
4.12,Monclova,7.0,1.0,Mexico,570,IVAN CROMWELL,7.99,7,32.93,2005-06-21,7,2,2005-06-15,2
4.12,Toulouse,0.2,1.0,France,35,VIRGINIA GREEN,4.12,1,16.97,2005-08-06,3,1,2005-07-31,1
4.12,Uttarpara-Kotrung,0.3,1.0,India,231,GEORGIA JACOBS,3.39,24,13.97,2005-08-06,3,2,2005-07-31,2
4.12,Valle de la Pascua,0.5,1.0,Venezuela,290,KRISTINA CHAMBERS,4.12,2,16.96,2005-07-15,4,2,2005-07-09,2
4.13,Adana,1.33,1.0,Turkey,327,LARRY THRASHER,5.32,3,21.96,2005-06-23,4,2,2005-06-17,2
4.13,Citrus Heights,0.36,1.0,United States,14,BETTY WHITE,4.35,8,17.96,2005-08-06,4,2,2005-07-31,2
4.13,Dundee,1.0,1.0,United Kingdom,142,APRIL BURNS,2.66,2,10.97,2005-07-14,3,2,2005-07-08,2
4.13,Guadalajara,0.25,1.0,Mexico,364,BENJAMIN VARNEY,3.87,14,15.98,2005-07-14,2,2,2005-07-08,2
4.13,Jinchang,0.4,1.0,China,168,REGINA BERRY,4.59,20,18.94,2005-08-26,6,2,2005-08-20,2
4.13,Merlo,0.56,1.0,Argentina,107,FLORENCE WOODS,4.1,2,16.95,2005-07-16,5,2,2005-07-10,2
4.13,Saarbrcken,1.17,1.0,Germany,227,COLLEEN BURTON,4.82,3,19.93,2005-08-03,7,2,2005-07-28,2
4.13,San Felipe de Puerto Plata,0.6,1.0,Dominican Republic,418,JEFF EAST,4.59,2,18.94,2005-08-07,6,2,2005-08-01,2
4.13,Springs,0.38,1.0,South Africa,83,LOUISE JENKINS,3.87,2,15.97,2005-08-26,3,2,2005-08-20,2
4.14,Brest,0.44,1.0,France,402,LUIS YANEZ,4.1,3,16.96,2005-08-04,4,2,2005-07-29,2
4.14,Luzinia,0.57,1.0,Brazil,183,IDA ANDREWS,3.13,9,12.96,2005-07-15,4,2,2005-07-09,2
4.14,Najafabad,0.67,1.0,Iran,368,HARRY ARCE,4.82,1,19.96,2005-06-25,4,2,2005-06-19,2
4.14,Ourense (Orense),2.0,1.0,Spain,469,WESLEY BULL,6.74,3,27.92,2005-07-13,8,2,2005-07-07,2
4.14,Sanya,0.44,1.0,China,546,KELLY KNOTT,4.1,6,16.96,2005-08-28,4,2,2005-08-22,2
4.14,Yingkou,0.43,1.0,China,521,ROLAND SOUTH,3.13,22,12.97,2005-08-06,3,2,2005-07-31,2
4.15,Aurora,0.83,1.0,United States,537,CLINTON BUFORD,4.32,6,17.95,2005-07-16,5,2,2005-07-10,2
4.15,Coquimbo,0.57,1.0,Chile,515,ANDRE RAPP,3.85,2,15.96,2005-07-13,4,1,2005-07-07,1
4.15,Czestochowa,1.33,1.0,Poland,572,SIDNEY BURLESON,4.32,2,17.96,2005-07-14,4,2,2005-07-08,2
4.15,Garland,0.83,1.0,United States,561,IAN STILL,4.32,7,17.95,2005-06-24,5,1,2005-06-18,1
4.15,Guadalajara,0.71,1.0,Mexico,364,BENJAMIN VARNEY,3.85,11,15.95,2005-08-25,5,2,2005-08-19,2
4.15,Kanazawa,0.56,1.0,Japan,547,KURT EMMONS,4.32,14,17.95,2005-08-04,5,2,2005-07-29,2
4.15,Rizhao,0.43,1.0,China,496,TYLER WREN,3.85,26,15.97,2005-08-03,3,2,2005-07-28,2
4.15,Southampton,0.4,1.0,United Kingdom,583,MARSHALL THORN,5.29,1,21.96,2005-07-15,4,2,2005-07-09,2
4.15,Tanshui,0.45,1.0,Taiwan,577,CLIFTON MALCOLM,4.81,3,19.95,2005-08-07,5,2,2005-08-01,2
4.15,Udaipur,0.43,1.0,India,170,BEATRICE ARNOLD,3.85,13,15.97,2005-07-16,3,2,2005-07-10,2
4.15,Varanasi (Benares),0.33,0.9705882352941176,India,123,SHANNON FREEMAN,4.32,3,17.96,2005-08-28,4,2,2005-08-22,2
4.15,Yuncheng,0.33,1.0,China,154,MICHELE GRANT,4.57,5,18.96,2005-08-28,4,2,2005-08-22,2
4.16,Blumenau,0.5,1.0,Brazil,206,TERRI VASQUEZ,4.79,17,19.95,2005-08-03,5,2,2005-07-28,2
4.16,Crdoba,1.2,1.0,Argentina,24,KIMBERLY LEE,3.59,12,14.94,2005-08-02,6,2,2005-07-27,2
4.16,Garden Grove,1.4,1.0,United States,593,RENE MCALISTER,4.79,12,19.93,2005-07-13,7,2,2005-07-07,2
4.16,Halifax,0.33,1.0,Canada,463,DARRELL POWER,4.07,2,16.96,2005-08-26,4,2,2005-08-20,2
4.16,Halle/Saale,2.0,1.0,Germany,251,VICKIE BREWER,5.99,4,24.94,2005-07-12,6,2,2005-07-06,2
4.16,Merlo,3.5,1.0,Argentina,107,FLORENCE WOODS,5.99,6,24.93,2005-06-21,7,2,2005-06-15,2
4.16,Nagaon,1.4,1.0,India,152,ALICIA MILLS,4.79,28,19.93,2005-08-25,7,2,2005-08-19,2
4.16,Onomichi,0.5,1.0,Japan,337,JERRY JORDON,4.79,12,19.95,2005-08-05,5,2,2005-07-30,2
4.16,Osmaniye,0.5,1.0,Turkey,13,KAREN JACKSON,4.79,3,19.95,2005-08-06,5,2,2005-07-31,2
4.16,Pathankot,0.43,1.0,India,95,PAULA BRYANT,4.56,36,18.97,2005-08-24,3,1,2005-08-18,1
4.16,Vinh,1.0,1.0,Vietnam,523,HARVEY GUAJARDO,4.32,2,17.97,2005-06-24,3,2,2005-06-18,2
4.17,Akishima,0.23,1.0,Japan,574,JULIAN VEST,4.07,7,16.97,2005-08-06,3,1,2005-07-31,1
4.17,Czestochowa,0.31,1.0,Poland,572,SIDNEY BURLESON,4.07,4,16.96,2005-08-24,4,2,2005-08-18,2
4.17,Jelets,0.5,1.0,Russian Federation,100,ROBIN HAYES,5.74,8,23.96,2005-07-15,4,2,2005-07-09,2
4.17,Ktahya,0.8,1.0,Turkey,124,SHEILA WELLS,4.79,10,19.96,2005-08-03,4,2,2005-07-28,2
4.17,La Plata,0.42,1.0,Argentina,89,JULIA FLORES,3.82,6,15.95,2005-08-23,5,2,2005-08-17,2
4.17,Southend-on-Sea,0.15,1.0,United Kingdom,16,SANDRA MARTIN,3.84,3,15.98,2005-08-26,2,1,2005-08-20,1
4.17,Talavera,0.8,1.0,Philippines,505,RAFAEL ABNEY,3.59,7,14.96,2005-08-26,4,2,2005-08-20,2
4.17,Tanza,0.38,1.0,Philippines,236,MARCIA DEAN,4.07,5,16.95,2005-07-16,5,2,2005-07-10,2
4.18,Almirante Brown,1.5,1.0,Argentina,359,WILLIE MARKHAM,5.49,11,22.94,2005-08-02,6,2,2005-07-27,2
4.18,Otsu,0.67,1.0,Japan,285,MIRIAM MCKINNEY,6.21,23,25.94,2005-08-24,6,2,2005-08-18,2
4.18,Sincelejo,0.63,1.0,Colombia,87,WANDA PATTERSON,5.49,5,22.95,2005-08-05,5,2,2005-07-30,2
4.18,Tambaram,0.5,1.0,India,287,BECKY MILES,4.29,16,17.95,2005-08-27,5,2,2005-08-21,2
4.18,Usak,0.23,1.0,Turkey,204,ROSEMARY SCHMIDT,4.3,2,17.97,2005-08-28,3,2,2005-08-22,2
4.19,Dayton,0.19,1.0,United States,294,SHELLY WATTS,4.05,10,16.97,2005-08-27,3,2,2005-08-21,2
4.19,Duisburg,1.4,1.0,Germany,114,GRACE ELLIS,4.99,3,20.93,2005-07-12,7,2,2005-07-06,2
4.19,Kanazawa,0.17,1.0,Japan,547,KURT EMMONS,3.57,9,14.98,2005-08-27,2,2,2005-08-21,2
4.19,Kermanshah,0.27,1.0,Iran,377,HOWARD FORTNER,3.81,4,15.97,2005-08-07,3,1,2005-08-01,1
4.19,Munger (Monghyr),0.5,1.0,India,28,CYNTHIA YOUNG,2.62,12,10.96,2005-07-16,4,2,2005-07-10,2
4.19,Ourense (Orense),0.15,1.0,Spain,469,WESLEY BULL,4.29,1,17.97,2005-08-29,3,1,2005-08-23,1
4.19,Pudukkottai,1.0,1.0,India,421,LEE HAWKS,5.24,26,21.96,2005-07-12,4,2,2005-07-06,2
4.19,San Lorenzo,0.5,1.0,Paraguay,345,CARL ARTIS,5.24,1,21.96,2005-08-05,4,2,2005-07-30,2
4.2,Batman,0.45,1.0,Turkey,172,BERNICE WILLIS,4.99,6,20.95,2005-08-05,5,2,2005-07-30,2
4.2,Benguela,0.63,1.0,Angola,528,CLAUDE HERZOG,4.99,2,20.95,2005-08-04,5,2,2005-07-29,2
4.2,Bhilwara,0.71,0.9705882352941176,India,209,TONYA CHAPMAN,4.99,16,20.95,2005-07-14,5,2,2005-07-08,2
4.2,Callao,1.33,1.0,Peru,304,DAVID ROYAL,4.99,3,20.96,2005-06-21,4,2,2005-06-15,2
4.2,Caracas,0.33,1.0,Venezuela,111,CARMEN OWENS,3.32,3,13.97,2005-08-26,3,2,2005-08-20,2
4.2,Ife,0.71,1.0,Nigeria,80,MARILYN ROSS,5.7,4,23.95,2005-07-15,5,2,2005-07-09,2
4.2,Jinchang,1.5,1.0,China,168,REGINA BERRY,4.99,16,20.94,2005-07-14,6,2,2005-07-08,2
4.2,Kisumu,2.5,1.0,Kenya,193,KATIE ELLIOTT,4.99,2,20.95,2005-08-04,5,2,2005-07-29,2
4.2,La Plata,0.36,1.0,Argentina,89,JULIA FLORES,4.28,6,17.95,2005-08-06,5,2,2005-07-31,2
4.2,Mysore,0.33,1.0,India,59,CHERYL MURPHY,4.99,31,20.97,2005-08-05,3,2,2005-07-30,2
4.2,Pemalang,6.0,1.0,Indonesia,116,VICTORIA GIBSON,4.99,3,20.94,2005-06-21,6,2,2005-06-15,2
4.2,Portoviejo,4.0,1.0,Ecuador,262,PATSY DAVIDSON,4.99,2,20.96,2005-06-22,4,2,2005-06-16,2
4.2,Shimonoseki,0.2,1.0,Japan,29,ANGELA HERNANDEZ,3.09,6,12.98,2005-07-15,2,2,2005-07-09,2
4.2,Shimonoseki,0.33,1.0,Japan,29,ANGELA HERNANDEZ,3.32,9,13.97,2005-07-14,3,2,2005-07-08,2
4.2,Sumy,0.57,1.0,Ukraine,187,BRITTANY RILEY,5.7,3,23.96,2005-08-02,4,2,2005-07-27,2
4.2,Tieli,4.0,1.0,China,599,AUSTIN CINTRON,4.99,5,20.96,2005-06-24,4,2,2005-06-18,2
4.2,Yinchuan,0.5,0.9666666666666667,China,484,ROBERTO VU,4.99,22,20.95,2005-08-25,5,2,2005-08-19,2
4.21,Inegl,0.33,1.0,Turkey,278,BILLIE HORTON,3.32,5,13.98,2005-07-14,2,1,2005-07-08,1
4.21,Kaduna,0.75,1.0,Nigeria,18,CAROL GARCIA,4.74,2,19.97,2005-06-22,3,2,2005-06-16,2
4.21,Kurashiki,0.6,1.0,Japan,34,REBECCA SCOTT,3.79,5,15.97,2005-07-15,3,2,2005-07-09,2
4.21,Plock,1.0,1.0,Poland,571,JOHNNIE CHISHOLM,6.16,4,25.94,2005-08-04,6,2,2005-07-29,2
4.21,Santa Rosa,0.5,1.0,Philippines,522,ARNOLD HAVENS,4.74,5,19.96,2005-07-15,4,1,2005-07-09,1
4.21,Tianjin,1.25,1.0,China,249,DORA MEDINA,4.74,12,19.95,2005-06-21,5,2,2005-06-15,2
4.22,Arlington,0.4,1.0,United States,305,RICHARD MCCRARY,4.49,5,18.96,2005-08-07,4,2,2005-08-01,2
4.22,Cavite,0.75,1.0,Philippines,388,CRAIG MORRELL,4.49,1,18.97,2005-06-25,3,2,2005-06-19,2
4.22,Higashiosaka,0.63,1.0,Japan,264,GWENDOLYN MAY,4.49,11,18.95,2005-08-05,5,2,2005-07-30,2
4.22,Hunuco,1.75,1.0,Peru,565,JAIME NETTLES,4.49,2,18.93,2005-07-12,7,2,2005-07-06,2
4.22,Kakamigahara,0.5,1.0,Japan,163,CATHY SPENCER,4.49,5,18.96,2005-07-16,4,2,2005-07-10,2
4.22,Shivapuri,0.83,0.9722222222222222,India,68,NICOLE PETERSON,4.49,23,18.95,2005-08-26,5,2,2005-08-20,2
4.22,Southport,1.0,1.0,United Kingdom,556,ARMANDO GRUBER,4.49,1,18.96,2005-06-25,4,2,2005-06-19,2
4.22,Tanauan,1.0,1.0,Philippines,373,LOUIS LEONE,4.49,10,18.96,2005-07-13,4,2,2005-07-07,2
4.22,Tonghae,0.36,1.0,South Korea,536,FERNANDO CHURCHILL,5.44,2,22.96,2005-08-26,4,2,2005-08-20,2
4.22,Varanasi (Benares),0.38,1.0,India,123,SHANNON FREEMAN,4.49,23,18.97,2005-08-06,3,2,2005-07-31,2
4.22,Zapopan,0.67,1.0,Mexico,465,FLOYD GANDY,4.49,10,18.96,2005-08-25,4,2,2005-08-19,2
4.23,Brescia,0.9,1.0,Italy,309,CHRISTOPHER GRECO,5.89,2,24.91,2005-08-04,9,2,2005-07-29,2
4.23,Witten,0.36,1.0,Germany,201,VICKI FIELDS,3.54,2,14.96,2005-08-27,4,2,2005-08-21,2
4.24,Arlington,0.71,1.0,United States,305,RICHARD MCCRARY,4.7,23,19.95,2005-08-24,5,2,2005-08-18,2
4.24,Bhopal,0.86,1.0,India,15,HELEN HARRIS,4.7,30,19.94,2005-08-05,6,2,2005-07-30,2
4.24,Coatzacoalcos,0.56,1.0,Mexico,482,MAURICE CRAWLEY,5.88,10,24.95,2005-08-03,5,1,2005-07-28,1
4.24,Esfahan,0.71,1.0,Iran,10,DOROTHY TAYLOR,4.7,4,19.95,2005-08-23,5,2,2005-08-17,2
4.24,Kimberley,0.5,1.0,South Africa,19,RUTH MARTINEZ,4.24,3,17.98,2005-08-06,2,2,2005-07-31,2
4.24,Korla,0.78,1.0,China,283,FELICIA SUTTON,3.99,15,16.93,2005-07-14,7,2,2005-07-08,2
4.24,Qalyub,1.0,1.0,Egypt,134,EMMA BOYD,4.24,2,17.96,2005-06-22,4,2,2005-06-16,2
4.24,Sambhal,0.33,1.0,India,217,AGNES BISHOP,3.77,7,15.97,2005-08-07,3,1,2005-08-01,1
4.24,San Juan Bautista Tuxtepec,0.18,1.0,Mexico,425,FRANCIS SIKES,2.35,1,9.98,2005-08-29,2,1,2005-08-23,1
4.24,Sunnyvale,0.6,1.0,United States,214,KRISTIN JOHNSTON,2.59,7,10.97,2005-06-21,3,1,2005-06-15,1
4.24,Tallahassee,0.4,1.0,United States,248,CAROLINE BOWMAN,2.59,20,10.98,2005-08-03,2,1,2005-07-28,1
4.25,Ciparay,0.45,1.0,Indonesia,328,JEFFREY SPEAR,3.99,5,16.95,2005-08-27,5,2,2005-08-21,2
4.25,Duisburg,0.75,1.0,Germany,114,GRACE ELLIS,3.99,2,16.97,2005-06-25,3,2,2005-06-19,2
4.25,Graz,2.5,1.0,Austria,173,AUDREY RAY,3.99,2,16.95,2005-06-21,5,2,2005-06-15,2
4.25,Hunuco,1.5,1.0,Peru,565,JAIME NETTLES,3.99,2,16.97,2005-06-21,3,2,2005-06-15,2
4.25,Idfu,0.57,1.0,Egypt,233,LILLIE KIM,3.99,1,16.96,2005-07-15,4,2,2005-07-09,2
4.25,Imus,1.5,1.0,Philippines,349,JOE GILLILAND,3.99,6,16.97,2005-06-22,3,2,2005-06-16,2
4.25,Jinchang,0.67,0.9642857142857143,China,168,REGINA BERRY,3.99,7,16.96,2005-07-16,4,2,2005-07-10,2
4.25,Kalisz,1.0,1.0,Poland,270,LEAH CURTIS,3.99,2,16.97,2005-06-23,3,2,2005-06-17,2
4.25,Kansas City,0.8,1.0,United States,308,THOMAS GRIGSBY,3.99,7,16.96,2005-08-06,4,2,2005-07-31,2
4.25,Luzinia,0.83,1.0,Brazil,183,IDA ANDREWS,3.99,19,16.95,2005-08-24,5,2,2005-08-18,2
4.25,Okara,0.57,1.0,Pakistan,399,DANNY ISOM,3.99,2,16.96,2005-08-06,4,2,2005-07-31,2
4.25,Purnea (Purnia),0.8,1.0,India,426,BRADLEY MOTLEY,3.99,20,16.96,2005-07-13,4,2,2005-07-07,2
4.25,Serpuhov,3.0,1.0,Russian Federation,567,ALFREDO MCADAMS,3.99,8,16.94,2005-07-12,6,2,2005-07-06,2
4.25,Toulouse,1.67,1.0,France,35,VIRGINIA GREEN,3.99,1,16.95,2005-06-23,5,2,2005-06-17,2
4.25,Valle de la Pascua,0.5,1.0,Venezuela,290,KRISTINA CHAMBERS,3.99,3,16.95,2005-08-24,5,2,2005-08-18,2
4.25,Yantai,0.75,0.9565217391304348,China,272,KAY CALDWELL,3.99,7,16.97,2005-06-22,3,2,2005-06-16,2
4.26,Bag,1.0,1.0,Brazil,398,ANTONIO MEEK,3.99,6,16.98,2005-06-23,2,2,2005-06-17,2
4.26,Binzhou,0.88,1.0,China,533,JESSIE MILAM,5.62,30,23.93,2005-08-04,7,2,2005-07-29,2
4.26,Fuyu,1.6,1.0,China,211,STACEY MONTGOMERY,6.79,14,28.92,2005-07-14,8,2,2005-07-08,2
4.26,Hiroshima,3.5,1.0,Japan,299,JAMES GANNON,7.49,5,31.93,2005-06-22,7,2,2005-06-16,2
4.26,Kolpino,0.43,1.0,Russian Federation,295,DAISY BATES,3.28,2,13.97,2005-06-26,3,2,2005-06-20,2
4.26,Maikop,0.67,1.0,Russian Federation,346,ARTHUR SIMPKINS,5.16,7,21.96,2005-07-16,4,1,2005-07-10,1
4.26,Ogbomosho,0.56,1.0,Nigeria,277,OLGA JIMENEZ,4.21,5,17.95,2005-08-04,5,2,2005-07-29,2
4.26,Pjatigorsk,0.12,1.0,Russian Federation,487,HECTOR POINDEXTER,3.75,2,15.98,2005-08-08,2,2,2005-08-02,2
4.26,Pontianak,0.2,1.0,Indonesia,506,LESLIE SEWARD,3.99,2,16.98,2005-06-25,2,2,2005-06-19,2
4.26,Sumqayit,0.45,1.0,Azerbaijan,334,RAYMOND MCWHORTER,4.44,1,18.95,2005-08-27,5,2,2005-08-21,2
4.26,Tabriz,1.0,1.0,Iran,279,DIANNE SHELTON,5.39,7,22.95,2005-08-03,5,2,2005-07-28,2
4.26,Vila Velha,0.27,1.0,Brazil,39,DEBRA NELSON,4.92,3,20.96,2005-08-07,4,2,2005-08-01,2
4.26,Zaoyang,0.63,0.9666666666666667,China,514,FRANKLIN TROUTMAN,3.74,21,15.95,2005-08-25,5,2,2005-08-19,2
4.27,Duisburg,0.5,1.0,Germany,114,GRACE ELLIS,3.74,1,15.96,2005-07-16,4,2,2005-07-10,2
4.27,Nantou,0.25,1.0,Taiwan,5,ELIZABETH BROWN,3.74,2,15.96,2005-08-07,4,2,2005-08-01,2
4.27,Okinawa,0.27,0.9565217391304348,Japan,365,BRUCE SCHWARZ,4.44,16,18.97,2005-08-25,3,2,2005-08-19,2
4.27,Xintai,0.19,1.0,China,564,BOB PFEIFFER,3.74,14,15.97,2005-08-27,3,2,2005-08-21,2
4.28,Acua,1.0,1.0,Mexico,486,GLEN TALBERT,4.66,15,19.94,2005-08-24,6,2,2005-08-18,2
4.28,Chatsworth,0.5,1.0,South Africa,555,DWIGHT LOMBARDI,4.89,8,20.95,2005-08-24,5,2,2005-08-18,2
4.28,Emeishan,2.0,1.0,China,389,ALAN KAHN,4.66,21,19.94,2005-07-12,6,2,2005-07-06,2
4.28,Iwatsuki,1.67,1.0,Japan,396,EARL SHANKS,4.66,15,19.95,2005-07-12,5,2,2005-07-06,2
4.28,La Paz,2.25,1.0,Mexico,488,SHANE MILLARD,6.99,14,29.91,2005-08-02,9,2,2005-07-27,2
4.28,Maikop,0.4,1.0,Russian Federation,346,ARTHUR SIMPKINS,5.59,5,23.94,2005-08-07,6,2,2005-08-01,2
4.28,Nakhon Sawan,0.19,1.0,Thailand,390,SHAWN HEATON,4.43,1,18.97,2005-08-28,3,1,2005-08-22,1
4.28,Namibe,1.6,1.0,Angola,383,MARTIN BALES,4.19,1,17.92,2005-08-04,8,2,2005-07-29,2
4.28,Tanauan,0.25,1.0,Philippines,373,LOUIS LEONE,4.89,11,20.95,2005-08-25,5,2,2005-08-19,2
4.28,Tel Aviv-Jaffa,0.5,1.0,Israel,161,GERALDINE PERKINS,4.19,1,17.95,2005-08-07,5,2,2005-08-01,2
4.28,Uijongbu,0.58,1.0,South Korea,245,COURTNEY DAY,4.66,3,19.93,2005-08-05,7,2,2005-07-30,2
4.28,Usolje-Sibirskoje,2.0,1.0,Russian Federation,462,WARREN SHERROD,6.99,12,29.94,2005-07-14,6,2,2005-07-08,2
4.29,Alvorada,0.25,1.0,Brazil,551,CLAYTON BARBEE,3.49,3,14.97,2005-08-28,3,2,2005-08-22,2
4.29,Bhilwara,1.33,1.0,India,209,TONYA CHAPMAN,4.66,10,19.96,2005-06-21,4,2,2005-06-15,2
4.29,Chiayi,0.75,1.0,Taiwan,73,BEVERLY BROOKS,5.12,5,21.94,2005-08-05,6,2,2005-07-30,2
4.29,Isesaki,1.0,1.0,Japan,519,RON DELUCA,3.49,2,14.98,2005-06-24,2,1,2005-06-18,1
4.29,Iwaki,0.3,1.0,Japan,240,MARLENE WELCH,4.19,13,17.97,2005-08-04,3,2,2005-07-29,2
4.29,Iwakuni,1.33,1.0,Japan,54,TERESA ROGERS,4.66,4,19.96,2005-06-22,4,2,2005-06-16,2
4.29,Jaipur,0.38,1.0,India,60,MILDRED BAILEY,3.49,6,14.97,2005-08-07,3,2,2005-08-01,2
4.29,Juazeiro do Norte,0.67,1.0,Brazil,47,FRANCES PARKER,4.66,18,19.96,2005-08-24,4,2,2005-08-18,2
4.29,Kermanshah,0.78,1.0,Iran,377,HOWARD FORTNER,4.88,3,20.93,2005-08-24,7,2,2005-08-18,2
4.29,Leshan,0.5,1.0,China,569,DAVE GARDINER,3.49,2,14.96,2005-08-08,4,2,2005-08-02,2
4.29,Roanoke,1.0,1.0,United States,291,TONI HOLT,3.49,13,14.96,2005-07-14,4,2,2005-07-08,2
4.29,Shimonoseki,0.4,1.0,Japan,29,ANGELA HERNANDEZ,4.19,6,17.96,2005-08-06,4,2,2005-07-31,2
4.29,Simferopol,0.43,1.0,Ukraine,82,KATHRYN COLEMAN,4.42,3,18.97,2005-07-16,3,1,2005-07-10,1
4.29,Tabuk,0.6,1.0,Saudi Arabia,312,MARK RINEHART,2.79,1,11.97,2005-07-15,3,2,2005-07-09,2
4.3,Kamyin,1.75,1.0,Russian Federation,510,BEN EASTER,6.49,6,27.93,2005-06-22,7,2,2005-06-16,2
4.3,Nabereznyje Telny,0.33,1.0,Russian Federation,447,CLIFFORD BOWENS,4.41,5,18.96,2005-08-27,4,2,2005-08-21,2
4.3,Qomsheh,0.86,1.0,Iran,459,TOMMY COLLAZO,3.7,5,15.94,2005-07-12,6,2,2005-07-06,2
4.3,Santa Brbara dOeste,0.42,1.0,Brazil,178,MARION SNYDER,5.57,4,23.95,2005-07-17,5,2,2005-07-11,2
4.3,Santa F,0.67,1.0,Argentina,331,ERIC ROBERT,2.32,3,9.98,2005-06-25,2,2,2005-06-19,2
4.31,Ahmadnagar,0.19,1.0,India,297,SHERRI RHODES,3.24,15,13.97,2005-08-27,3,2,2005-08-21,2
4.31,Goinia,0.42,1.0,Brazil,92,TINA SIMMONS,5.32,12,22.95,2005-08-04,5,2,2005-07-29,2
4.31,Guaruj,0.43,1.0,Brazil,427,JESUS MCCARTNEY,3.7,9,15.97,2005-07-16,3,2,2005-07-10,2
4.31,Lhokseumawe,0.38,1.0,Indonesia,473,JORGE OLIVARES,3.24,5,13.97,2005-07-15,3,2,2005-07-09,2
4.31,Mannheim,1.0,1.0,Germany,196,ALMA AUSTIN,5.32,1,22.94,2005-06-22,6,2,2005-06-16,2
4.31,Ourense (Orense),1.0,1.0,Spain,469,WESLEY BULL,5.32,2,22.94,2005-07-15,6,2,2005-07-09,2
4.31,Palghat (Palakkad),1.0,1.0,India,268,NINA SOTO,3.24,8,13.96,2005-06-24,4,2,2005-06-18,2
4.31,Surakarta,1.0,1.0,Indonesia,450,JAY ROBB,3.24,1,13.96,2005-06-24,4,2,2005-06-18,2
4.31,Taizz,0.36,1.0,Yemen,213,GINA WILLIAMSON,4.17,3,17.96,2005-07-14,4,2,2005-07-08,2
4.32,Dallas,0.6,1.0,United States,400,BRYAN HARDISON,4.39,10,18.97,2005-07-15,3,1,2005-07-09,1
4.32,Fuyu,0.19,1.0,China,211,STACEY MONTGOMERY,3.93,9,16.97,2005-08-07,3,2,2005-08-01,2
4.32,Kakamigahara,0.71,1.0,Japan,163,CATHY SPENCER,4.85,10,20.95,2005-07-13,5,2,2005-07-07,2
4.32,Kaliningrad,0.67,1.0,Russian Federation,301,ROBERT BAUGHMAN,4.16,6,17.96,2005-07-16,4,1,2005-07-10,1
4.32,Kurgan,0.5,1.0,Russian Federation,376,RANDY GAITHER,5.07,9,21.94,2005-08-06,6,2,2005-07-31,2
4.32,Papeete,0.63,1.0,French Polynesia,56,GLORIA COOK,4.62,1,19.95,2005-08-04,5,2,2005-07-29,2
4.32,Saint Louis,0.83,1.0,United States,62,JOAN COOPER,4.16,9,17.95,2005-08-27,5,2,2005-08-21,2
4.32,Sumqayit,0.33,1.0,Azerbaijan,334,RAYMOND MCWHORTER,4.16,1,17.96,2005-08-28,4,2,2005-08-22,2
4.33,Adana,2.5,1.0,Turkey,327,LARRY THRASHER,5.99,3,25.95,2005-06-22,5,2,2005-06-16,2
4.33,Botosani,0.38,1.0,Romania,230,JOY GEORGE,4.37,2,18.95,2005-08-24,5,2,2005-08-18,2
4.33,Brescia,0.29,1.0,Italy,309,CHRISTOPHER GRECO,3.92,3,16.96,2005-08-26,4,1,2005-08-20,1
4.33,Dhaka,0.46,1.0,Bangladesh,332,STEPHEN QUALLS,4.84,3,20.94,2005-08-23,6,2,2005-08-17,2
4.33,Kumbakonam,5.0,1.0,India,271,PENNY NEAL,2.99,25,12.95,2005-07-12,5,2,2005-07-06,2
4.33,Peoria,4.0,1.0,United States,275,CAROLE BARNETT,2.99,9,12.96,2005-06-22,4,2,2005-06-16,2
4.33,Pune,0.8,1.0,India,135,JUANITA MASON,2.99,11,12.96,2005-07-16,4,1,2005-07-10,1
4.33,Sogamoso,0.5,1.0,Colombia,490,SAM MCDUFFIE,4.62,1,19.96,2005-07-17,4,2,2005-07-11,2
4.33,Torren,0.4,1.0,Mexico,133,PAULINE HENRY,2.99,9,12.96,2005-08-26,4,2,2005-08-20,2
4.33,Vicente Lpez,0.3,1.0,Argentina,219,WILLIE HOWELL,3.69,5,15.97,2005-08-27,3,1,2005-08-21,1
4.33,Xintai,0.46,0.9666666666666667,China,564,BOB PFEIFFER,4.37,20,18.94,2005-08-25,6,2,2005-08-19,2
4.33,Xinxiang,5.0,1.0,China,339,WALTER PERRYMAN,5.99,11,25.95,2005-06-21,5,2,2005-06-15,2
4.34,Callao,0.63,1.0,Peru,304,DAVID ROYAL,4.37,3,18.95,2005-08-02,5,2,2005-07-27,2
4.34,Celaya,1.0,1.0,Mexico,587,SERGIO STANFIELD,2.99,5,12.97,2005-06-23,3,2,2005-06-17,2
4.34,Erlangen,1.4,1.0,Germany,448,MIGUEL BETANCOURT,7.59,5,32.93,2005-08-25,7,2,2005-08-19,2
4.34,Jhansi,0.33,1.0,India,32,AMY LOPEZ,3.91,29,16.96,2005-08-04,4,2,2005-07-29,2
4.34,Junan,0.5,1.0,China,435,RICKY SHELBY,4.37,21,18.96,2005-08-06,4,2,2005-07-31,2
4.34,Tama,0.23,0.9565217391304348,Japan,385,PHILLIP HOLM,3.68,15,15.97,2005-08-25,3,2,2005-08-19,2
4.34,Varanasi (Benares),0.4,1.0,India,123,SHANNON FREEMAN,2.99,19,12.98,2005-07-13,2,1,2005-07-07,1
4.34,Xintai,0.36,1.0,China,564,BOB PFEIFFER,4.13,19,17.95,2005-08-26,5,2,2005-08-20,2
4.34,al-Ayn,0.23,1.0,United Arab Emirates,98,LILLIAN GRIFFIN,3.68,2,15.97,2005-08-24,3,2,2005-08-18,2
4.34,guas Lindas de Gois,0.6,1.0,Brazil,130,CHARLOTTE HUNTER,2.99,7,12.97,2005-06-24,3,2,2005-06-18,2
4.35,Ahmadnagar,0.6,1.0,India,297,SHERRI RHODES,3.89,29,16.94,2005-08-05,6,2,2005-07-30,2
4.35,Belm,0.57,1.0,Brazil,362,NICHOLAS BARFIELD,4.13,8,17.96,2005-07-16,4,2,2005-07-10,2
4.35,Jaipur,0.22,1.0,India,60,MILDRED BAILEY,3.21,3,13.98,2005-08-08,2,1,2005-08-02,1
4.35,Okara,1.0,1.0,Pakistan,399,DANNY ISOM,4.59,4,19.95,2005-08-23,5,2,2005-08-17,2
4.35,Po,0.36,1.0,Brazil,126,ELLEN SIMPSON,4.35,9,18.96,2005-08-27,4,2,2005-08-21,2
4.35,Smolensk,0.57,1.0,Russian Federation,127,ELAINE STEVENS,5.28,4,22.96,2005-08-07,4,1,2005-08-01,1
4.36,Aurora,0.75,1.0,United States,330,SCOTT SHELLEY,4.12,11,17.94,2005-07-13,6,2,2005-07-07,2
4.36,Brockton,0.27,1.0,United States,149,VALERIE BLACK,4.35,9,18.97,2005-07-15,3,1,2005-07-09,1
4.36,El Alto,0.63,1.0,Bolivia,455,JON WILES,4.12,1,17.95,2005-08-25,5,2,2005-08-19,2
4.36,Fuyu,0.27,1.0,China,211,STACEY MONTGOMERY,4.12,20,17.96,2005-08-06,4,2,2005-07-31,2
4.36,Jining,1.5,0.9565217391304348,China,594,EDUARDO HIATT,5.49,6,23.94,2005-06-22,6,2,2005-06-16,2
4.36,Kanchrapara,1.5,1.0,India,492,LESTER KRAUS,5.49,18,23.94,2005-07-13,6,2,2005-07-07,2
4.36,Konotop,1.5,1.0,Ukraine,545,JULIO NOLAND,5.49,2,23.94,2005-08-02,6,2,2005-07-27,2
4.36,Ljubertsy,1.33,1.0,Russian Federation,160,ERIN DUNN,3.66,11,15.96,2005-07-14,4,2,2005-07-08,2
4.36,Mwanza,0.55,1.0,Tanzania,481,HERMAN DEVORE,4.81,1,20.94,2005-08-25,6,2,2005-08-19,2
4.36,Owo,0.24,1.0,Nigeria,280,TRACEY BARRETT,4.58,3,19.96,2005-08-28,4,2,2005-08-22,2
4.36,Paarl,0.63,1.0,South Africa,338,DENNIS GILMAN,4.12,7,17.95,2005-08-24,5,2,2005-08-18,2
4.36,Rockford,0.33,1.0,United States,457,BILL GAVIN,3.43,12,14.97,2005-07-14,3,2,2005-07-08,2
4.36,Sanya,0.63,1.0,China,546,KELLY KNOTT,4.12,32,17.95,2005-08-05,5,2,2005-07-30,2
4.36,Tel Aviv-Jaffa,0.33,1.0,Israel,161,GERALDINE PERKINS,3.66,1,15.96,2005-08-28,4,2,2005-08-22,2
4.37,A Corua (La Corua),0.67,1.0,Spain,52,JULIE SANCHEZ,3.88,3,16.94,2005-08-05,6,2,2005-07-30,2
4.37,Adoni,0.71,1.0,India,367,ADAM GOOCH,4.56,28,19.95,2005-08-04,5,2,2005-07-29,2
4.37,Allappuzha (Alleppey),1.0,1.0,India,175,ANNETTE OLSON,3.66,17,15.97,2005-07-13,3,2,2005-07-07,2
4.37,Amersfoort,0.56,1.0,Netherlands,415,GLENN PULLEN,3.88,2,16.95,2005-08-06,5,2,2005-07-31,2
4.37,Chandrapur,1.0,1.0,India,167,SALLY PIERCE,3.66,9,15.97,2005-06-21,3,2,2005-06-15,2
4.37,Daxian,1.0,1.0,China,64,JUDITH COX,3.42,9,14.93,2005-07-15,7,2,2005-07-09,2
4.37,Garden Grove,2.0,1.0,United States,593,RENE MCALISTER,5.24,15,22.92,2005-07-12,8,2,2005-07-06,2
4.37,Nagaon,2.0,1.0,India,152,ALICIA MILLS,5.24,35,22.92,2005-08-24,8,2,2005-08-18,2
4.37,Pathankot,1.0,1.0,India,95,PAULA BRYANT,4.79,28,20.95,2005-08-05,5,2,2005-07-30,2
4.37,Tokat,0.21,1.0,Turkey,566,CASEY MENA,3.88,8,16.96,2005-08-25,4,2,2005-08-19,2
4.38,Aurora,0.3,1.0,United States,330,SCOTT SHELLEY,3.19,17,13.97,2005-08-04,3,2,2005-07-29,2
4.38,Cape Coral,0.29,1.0,United States,526,KARL SEAL,4.56,6,19.96,2005-07-17,4,2,2005-07-11,2
4.38,Chiayi,0.56,1.0,Taiwan,73,BEVERLY BROOKS,4.1,5,17.95,2005-08-23,5,2,2005-08-17,2
4.38,Liepaja,0.57,1.0,Latvia,23,SARAH LEWIS,3.42,1,14.96,2005-07-14,4,2,2005-07-08,2
4.38,Liepaja,0.6,1.0,Latvia,23,SARAH LEWIS,3.19,2,13.97,2005-06-26,3,1,2005-06-20,1
4.38,Nanyang,1.0,1.0,China,37,PAMELA BAKER,5.24,29,22.96,2005-08-04,4,1,2005-07-29,1
4.38,Probolinggo,0.2,1.0,Indonesia,372,STEVE MACKENZIE,4.79,3,20.97,2005-08-05,3,2,2005-07-30,2
4.38,San Miguel de Tucumn,0.3,1.0,Argentina,243,LYDIA BURKE,3.19,5,13.97,2005-08-06,3,1,2005-07-31,1
4.38,Sawhaj,0.42,1.0,Egypt,423,ALFRED CASILLAS,5.24,3,22.95,2005-08-25,5,2,2005-08-19,2
4.38,Taizz,0.44,1.0,Yemen,213,GINA WILLIAMSON,4.1,2,17.96,2005-08-05,4,2,2005-07-30,2
4.39,Bellevue,0.5,1.0,United States,212,WILMA RICHARDS,3.87,8,16.96,2005-08-27,4,2,2005-08-21,2
4.39,Dhaka,0.54,1.0,Bangladesh,332,STEPHEN QUALLS,4.99,2,21.93,2005-08-05,7,2,2005-07-30,2
4.39,El Fuerte,0.89,1.0,Mexico,451,JIM REA,4.77,9,20.92,2005-08-25,8,2,2005-08-19,2
4.39,Esfahan,0.4,1.0,Iran,10,DOROTHY TAYLOR,4.09,6,17.96,2005-08-06,4,2,2005-07-31,2
4.39,Livorno,0.78,1.0,Italy,541,DARREN WINDHAM,4.99,2,21.93,2005-08-26,7,2,2005-08-20,2
4.39,Sal,1.33,1.0,Morocco,22,LAURA RODRIGUEZ,4.32,2,18.96,2005-08-02,4,2,2005-07-27,2
4.39,Serpuhov,0.33,1.0,Russian Federation,567,ALFREDO MCADAMS,4.55,4,19.97,2005-08-28,3,1,2005-08-22,1
4.39,Tabuk,0.56,1.0,Saudi Arabia,312,MARK RINEHART,4.55,1,19.95,2005-08-25,5,2,2005-08-19,2
4.39,Uttarpara-Kotrung,0.56,0.9722222222222222,India,231,GEORGIA JACOBS,4.55,22,19.95,2005-08-26,5,2,2005-08-20,2
4.4,Buenaventura,0.36,1.0,Colombia,235,JACKIE LYNCH,4.08,4,17.96,2005-08-05,4,2,2005-07-30,2
4.4,Carmen,2.0,1.0,Mexico,578,WILLARD LUMPKIN,4.99,13,21.94,2005-07-14,6,2,2005-07-08,2
4.4,Dadu,0.46,1.0,Pakistan,416,JEFFERY PINSON,4.76,4,20.94,2005-08-25,6,2,2005-08-19,2
4.4,Daugavpils,1.5,1.0,Latvia,347,RYAN SALISBURY,4.99,1,21.97,2005-06-26,3,1,2005-06-20,1
4.4,Eskisehir,0.86,1.0,Turkey,507,EDGAR RHOADS,3.85,4,16.94,2005-07-14,6,2,2005-07-08,2
4.4,Guaruj,0.4,1.0,Brazil,427,JESUS MCCARTNEY,4.99,2,21.96,2005-08-07,4,2,2005-08-01,2
4.4,Kumbakonam,2.0,0.9705882352941176,India,271,PENNY NEAL,2.49,15,10.96,2005-07-14,4,2,2005-07-08,2
4.4,Mandi Bahauddin,0.67,1.0,Pakistan,223,MELINDA FERNANDEZ,4.99,2,21.96,2005-08-27,4,2,2005-08-21,2
4.4,Maring,1.0,1.0,Brazil,246,MARIAN MENDOZA,4.99,8,21.96,2005-08-26,4,1,2005-08-20,1
4.4,Merlo,2.0,1.0,Argentina,107,FLORENCE WOODS,4.99,2,21.94,2005-06-25,6,2,2005-06-19,2
4.4,Najafabad,0.27,1.0,Iran,368,HARRY ARCE,4.08,5,17.97,2005-08-06,3,2,2005-07-31,2
4.4,Salamanca,0.56,1.0,Mexico,273,PRISCILLA LOWE,5.21,3,22.95,2005-07-16,5,2,2005-07-10,2
4.4,Tianjin,0.67,1.0,China,249,DORA MEDINA,4.99,8,21.96,2005-07-15,4,2,2005-07-09,2
4.4,Valparai,0.27,1.0,India,403,MIKE WAY,4.99,2,21.96,2005-08-08,4,2,2005-08-02,2
4.4,Xinxiang,2.0,0.9565217391304348,China,339,WALTER PERRYMAN,4.99,5,21.96,2005-06-22,4,2,2005-06-16,2
4.4,Zhoushan,2.5,1.0,China,550,GUY BROWNLEE,7.49,7,32.95,2005-06-23,5,2,2005-06-17,2
4.41,Anpolis,0.5,1.0,Brazil,229,TAMARA NGUYEN,3.62,7,15.96,2005-07-16,4,2,2005-07-10,2
4.41,Bchar,2.0,1.0,Algeria,69,JUDY GRAY,5.66,2,24.94,2005-07-13,6,2,2005-07-07,2
4.41,Changzhou,0.33,1.0,China,197,SUE PETERS,4.07,1,17.96,2005-08-08,4,1,2005-08-02,1
4.41,Hsichuh,0.33,1.0,Taiwan,348,ROGER QUINTANILLA,4.52,4,19.95,2005-08-05,5,2,2005-07-30,2
4.41,London,0.2,1.0,United Kingdom,252,MATTIE HOFFMAN,2.49,2,10.98,2005-08-26,2,2,2005-08-20,2
4.41,Rustenburg,0.5,1.0,South Africa,407,DALE RATCLIFF,2.49,2,10.98,2005-07-16,2,2,2005-07-10,2
4.41,San Miguel de Tucumn,0.75,1.0,Argentina,243,LYDIA BURKE,3.62,5,15.94,2005-08-25,6,2,2005-08-19,2
4.41,Sharja,1.5,1.0,United Arab Emirates,292,MISTY LAMBERT,2.49,1,10.97,2005-06-24,3,2,2005-06-18,2
4.41,Shubra al-Khayma,1.67,1.0,Egypt,119,SHERRY MARSHALL,5.66,2,24.95,2005-07-14,5,2,2005-07-08,2
4.41,Taizz,0.57,1.0,Yemen,213,GINA WILLIAMSON,3.85,3,16.96,2005-08-23,4,2,2005-08-17,2
4.41,Tanauan,0.19,1.0,Philippines,373,LOUIS LEONE,4.3,4,18.97,2005-08-07,3,2,2005-08-01,2
4.42,Batman,0.31,1.0,Turkey,172,BERNICE WILLIS,4.74,9,20.95,2005-08-26,5,2,2005-08-20,2
4.42,Benguela,0.5,1.0,Angola,528,CLAUDE HERZOG,4.74,2,20.96,2005-08-26,4,2,2005-08-20,2
4.42,Loja,0.6,1.0,Ecuador,589,TRACY HERRMANN,5.19,2,22.94,2005-08-26,6,2,2005-08-20,2
4.42,Madiun,1.2,1.0,Indonesia,500,REGINALD KINDER,5.19,7,22.94,2005-07-12,6,2,2005-07-06,2
4.42,Merlo,0.5,1.0,Argentina,107,FLORENCE WOODS,4.74,4,20.96,2005-08-25,4,2,2005-08-19,2
4.42,Ogbomosho,0.5,1.0,Nigeria,277,OLGA JIMENEZ,4.29,3,18.95,2005-07-15,5,2,2005-07-09,2
4.42,Rae Bareli,0.43,0.9722222222222222,India,78,LORI WOOD,5.42,21,23.94,2005-08-26,6,2,2005-08-20,2
4.42,Shaoguan,0.3,0.9642857142857143,China,485,CLYDE TOBIAS,3.39,6,14.97,2005-07-16,3,2,2005-07-10,2
4.42,Shivapuri,1.2,1.0,India,68,NICOLE PETERSON,5.19,24,22.94,2005-07-12,6,2,2005-07-06,2
4.43,Ciomas,0.31,1.0,Indonesia,239,MINNIE ROMERO,3.61,9,15.96,2005-08-25,4,2,2005-08-19,2
4.43,Goinia,0.55,1.0,Brazil,92,TINA SIMMONS,5.63,16,24.94,2005-08-03,6,2,2005-07-28,2
4.43,Salinas,0.5,1.0,United States,269,CASSANDRA WALTERS,3.16,6,13.97,2005-06-21,3,2,2005-06-15,2
4.43,San Bernardino,0.21,1.0,United States,2,PATRICIA JOHNSON,4.73,7,20.96,2005-08-27,4,2,2005-08-21,2
4.43,Santa Brbara dOeste,3.0,1.0,Brazil,178,MARION SNYDER,6.99,4,30.94,2005-06-22,6,2,2005-06-16,2
4.44,Arak,0.31,1.0,Iran,36,KATHLEEN ADAMS,3.14,3,13.96,2005-08-07,4,2,2005-08-01,2
4.44,Changhwa,1.5,1.0,Taiwan,75,TAMMY SANDERS,5.16,3,22.91,2005-07-13,9,2,2005-07-07,2
4.44,Karnal,0.75,1.0,India,274,NAOMI JENNINGS,4.49,22,19.94,2005-08-06,6,2,2005-07-31,2
4.44,Lausanne,0.55,1.0,Switzerland,598,WADE DELVALLE,4.26,3,18.94,2005-08-03,6,2,2005-07-28,2
4.44,Patiala,0.67,1.0,India,296,RAMONA HALE,3.82,10,16.96,2005-07-15,4,2,2005-07-09,2
4.44,Ranchi,1.0,1.0,India,358,SAMUEL MARLOW,3.59,26,15.95,2005-08-05,5,2,2005-07-30,2
4.44,Shimoga,0.43,1.0,India,238,NELLIE GARRETT,4.28,27,18.97,2005-08-05,3,2,2005-07-30,2
4.44,Taguig,0.82,1.0,Philippines,72,THERESA WATSON,4.26,12,18.91,2005-08-24,9,2,2005-08-18,2
4.45,Bradford,0.38,1.0,United Kingdom,85,ANNE POWELL,3.37,1,14.97,2005-08-07,3,2,2005-08-01,2
4.45,Brockton,1.0,1.0,United States,149,VALERIE BLACK,4.49,6,19.96,2005-06-24,4,2,2005-06-18,2
4.45,Czestochowa,0.45,1.0,Poland,572,SIDNEY BURLESON,4.26,2,18.95,2005-08-07,5,2,2005-08-01,2
4.45,Dzerzinsk,0.38,1.0,Russian Federation,430,RAY HOULE,3.37,5,14.97,2005-07-16,3,2,2005-07-10,2
4.45,Esfahan,0.5,1.0,Iran,10,DOROTHY TAYLOR,3.37,2,14.96,2005-07-15,4,2,2005-07-09,2
4.45,Ife,0.33,1.0,Nigeria,80,MARILYN ROSS,5.16,3,22.96,2005-08-07,4,2,2005-08-01,2
4.45,Kansas City,0.45,1.0,United States,308,THOMAS GRIGSBY,4.26,14,18.95,2005-08-26,5,2,2005-08-20,2
4.45,Lincoln,1.14,1.0,United States,63,ASHLEY RICHARDSON,6.28,16,27.92,2005-08-04,8,2,2005-07-29,2
4.45,Pereira,0.5,1.0,Colombia,180,STACY CUNNINGHAM,4.49,3,19.96,2005-08-05,4,2,2005-07-30,2
4.45,Santa F,0.86,1.0,Argentina,331,ERIC ROBERT,4.7,5,20.94,2005-08-26,6,2,2005-08-20,2
4.45,Simferopol,0.5,1.0,Ukraine,82,KATHRYN COLEMAN,5.62,2,24.96,2005-08-05,4,2,2005-07-30,2
4.45,Songkhla,0.5,1.0,Thailand,86,JACQUELINE LONG,5.16,2,22.94,2005-08-26,6,2,2005-08-20,2
4.45,Vila Velha,0.33,1.0,Brazil,39,DEBRA NELSON,4.49,17,19.96,2005-08-24,4,1,2005-08-18,1
4.46,Brescia,0.83,1.0,Italy,309,CHRISTOPHER GRECO,6.49,2,28.95,2005-07-13,5,2,2005-07-07,2
4.46,Kirovo-Tepetsk,3.0,1.0,Russian Federation,179,DANA HART,6.49,7,28.94,2005-07-12,6,2,2005-07-06,2
4.46,Laohekou,0.29,1.0,China,422,MELVIN ELLINGTON,3.13,8,13.98,2005-08-07,2,1,2005-08-01,1
4.46,Vitria de Santo Anto,0.4,1.0,Brazil,374,JEREMY HURTADO,1.79,6,7.98,2005-06-24,2,1,2005-06-18,1
4.47,Akishima,0.63,1.0,Japan,574,JULIAN VEST,4.24,22,18.95,2005-08-24,5,2,2005-08-18,2
4.47,Bijapur,0.25,1.0,India,468,TIM CARY,4.24,21,18.97,2005-08-06,3,2,2005-07-31,2
4.47,Coquimbo,0.5,1.0,Chile,515,ANDRE RAPP,4.69,2,20.95,2005-08-25,5,2,2005-08-19,2
4.47,Daugavpils,0.38,1.0,Latvia,347,RYAN SALISBURY,4.91,1,21.95,2005-08-25,5,1,2005-08-19,1
4.47,Ikerre,0.14,1.0,Nigeria,198,ELSIE KELLEY,3.8,2,16.97,2005-08-28,3,2,2005-08-22,2
4.47,Ogbomosho,1.0,1.0,Nigeria,277,OLGA JIMENEZ,4.24,1,18.96,2005-06-25,4,2,2005-06-19,2
4.47,Ondo,1.25,1.0,Nigeria,156,BERTHA FERGUSON,4.24,6,18.95,2005-07-13,5,2,2005-07-07,2
4.47,Tuguegarao,0.5,1.0,Philippines,261,DEANNA BYRD,4.24,6,18.96,2005-08-26,4,2,2005-08-20,2
4.48,Ezeiza,0.71,1.0,Argentina,530,DARRYL ASHCRAFT,3.56,8,15.95,2005-08-04,5,2,2005-07-29,2
4.48,Lhokseumawe,0.38,1.0,Indonesia,473,JORGE OLIVARES,4.45,1,19.95,2005-08-08,5,2,2005-08-02,2
4.48,Mogiljov,0.86,1.0,Belarus,527,CORY MEEHAN,3.56,2,15.94,2005-08-04,6,2,2005-07-29,2
4.48,Nagareyama,0.6,1.0,Japan,53,HEATHER MORRIS,3.79,10,16.97,2005-08-05,3,1,2005-07-30,1
4.48,Oshawa,0.2,1.0,Canada,189,LORETTA CARPENTER,3.79,3,16.98,2005-08-07,2,2,2005-08-01,2
4.48,Pavlodar,0.38,1.0,Kazakstan,76,IRENE PRICE,3.12,2,13.97,2005-08-06,3,1,2005-07-31,1
4.48,Sogamoso,0.33,1.0,Colombia,490,SAM MCDUFFIE,4.91,2,21.96,2005-08-05,4,2,2005-07-30,2
4.48,Sumqayit,0.45,1.0,Azerbaijan,334,RAYMOND MCWHORTER,4.9,1,21.95,2005-08-07,5,2,2005-08-01,2
4.49,Atinsk,0.13,1.0,Russian Federation,397,JIMMY SCHRADER,3.12,3,13.98,2005-08-28,2,1,2005-08-22,1
4.49,Baiyin,0.6,1.0,China,495,CHARLIE BESS,4.89,25,21.94,2005-08-24,6,2,2005-08-18,2
4.49,Plock,0.38,1.0,Poland,571,JOHNNIE CHISHOLM,5.12,3,22.97,2005-07-16,3,2,2005-07-10,2
4.49,Sterling Heights,0.36,1.0,United States,146,JAMIE RICE,4.44,13,19.96,2005-08-26,4,2,2005-08-20,2
4.5,Arak,0.42,1.0,Iran,36,KATHLEEN ADAMS,3.32,4,14.95,2005-08-06,5,2,2005-07-31,2
4.5,Augusta-Richmond County,0.44,1.0,United States,96,DIANA ALEXANDER,3.1,11,13.96,2005-07-14,4,1,2005-07-08,1
4.5,Augusta-Richmond County,0.5,1.0,United States,96,DIANA ALEXANDER,3.99,14,17.96,2005-08-05,4,2,2005-07-30,2
4.5,Baicheng,0.45,1.0,China,538,TED BREAUX,3.99,18,17.95,2005-08-26,5,2,2005-08-20,2
4.5,Bergamo,0.8,1.0,Italy,439,ALEXANDER FENNELL,3.99,1,17.96,2005-06-23,4,2,2005-06-17,2
4.5,Buenaventura,0.67,1.0,Colombia,235,JACKIE LYNCH,3.99,2,17.96,2005-07-16,4,2,2005-07-10,2
4.5,Cheju,2.0,1.0,South Korea,88,BONNIE HUGHES,4.66,3,20.94,2005-07-12,6,2,2005-07-06,2
4.5,Coacalco de Berriozbal,0.83,1.0,Mexico,247,STELLA MORENO,4.66,8,20.95,2005-08-03,5,2,2005-07-28,2
4.5,Davao,1.25,1.0,Philippines,27,SHIRLEY ALLEN,3.99,4,17.95,2005-06-23,5,2,2005-06-17,2
4.5,Hino,0.8,1.0,Japan,194,KRISTEN CHAVEZ,3.99,9,17.96,2005-07-13,4,2,2005-07-07,2
4.5,Juazeiro do Norte,2.0,1.0,Brazil,47,FRANCES PARKER,5.99,14,26.94,2005-07-12,6,2,2005-07-06,2
4.5,Juiz de Fora,0.78,1.0,Brazil,591,KENT ARSENAULT,5.99,15,26.93,2005-08-03,7,2,2005-07-28,2
4.5,Kaduna,0.44,1.0,Nigeria,18,CAROL GARCIA,3.77,2,16.96,2005-08-07,4,2,2005-08-01,2
4.5,La Plata,1.0,1.0,Argentina,89,JULIA FLORES,5.99,4,26.94,2005-07-14,6,2,2005-07-08,2
4.5,Lapu-Lapu,1.0,1.0,Philippines,244,VIOLA HANSON,4.66,4,20.94,2005-07-16,6,2,2005-07-10,2
4.5,Lausanne,0.42,1.0,Switzerland,598,WADE DELVALLE,3.99,1,17.95,2005-08-04,5,2,2005-07-29,2
4.5,Mexicali,1.2,1.0,Mexico,343,DOUGLAS GRAF,5.99,9,26.94,2005-08-03,6,2,2005-07-28,2
4.5,Mysore,0.43,1.0,India,59,CHERYL MURPHY,3.99,9,17.97,2005-07-15,3,2,2005-07-09,2
4.5,Novoterkassk,3.0,1.0,Russian Federation,191,JEANETTE GREENE,3.99,2,17.94,2005-06-20,6,2,2005-06-14,2
4.5,Okayama,2.0,1.0,Japan,489,RICARDO MEADOR,3.99,3,17.96,2005-06-22,4,2,2005-06-16,2
4.5,Paarl,0.63,1.0,South Africa,338,DENNIS GILMAN,3.99,4,17.95,2005-08-04,5,2,2005-07-29,2
4.5,Portoviejo,1.5,1.0,Ecuador,262,PATSY DAVIDSON,3.99,2,17.97,2005-06-25,3,2,2005-06-19,2
4.5,Shaoguan,0.17,1.0,China,485,CLYDE TOBIAS,3.55,6,15.97,2005-08-07,3,2,2005-08-01,2
4.5,Smolensk,1.33,1.0,Russian Federation,127,ELAINE STEVENS,3.99,10,17.96,2005-07-14,4,2,2005-07-08,2
4.5,Sokoto,1.33,1.0,Nigeria,562,WALLACE SLONE,3.99,2,17.96,2005-06-23,4,2,2005-06-17,2
4.5,Songkhla,0.27,1.0,Thailand,86,JACQUELINE LONG,3.99,2,17.97,2005-07-15,3,2,2005-07-09,2
4.5,Sullana,1.33,1.0,Peru,597,FREDDIE DUGGAN,2.66,1,11.96,2005-07-15,4,2,2005-07-09,2
4.5,Taguig,0.54,1.0,Philippines,72,THERESA WATSON,3.76,10,16.93,2005-08-25,7,2,2005-08-19,2
4.5,Tiefa,2.5,0.9642857142857143,China,302,MICHAEL SILVERMAN,3.99,5,17.95,2005-07-16,5,1,2005-07-10,1
4.5,Valle de Santiago,3.0,1.0,Mexico,288,BOBBIE CRAIG,3.99,3,17.97,2005-06-02,3,2,2005-05-27,2
4.5,Yingkou,0.67,1.0,China,521,ROLAND SOUTH,3.32,32,14.96,2005-08-02,4,2,2005-07-27,2
4.5,Yuncheng,0.21,1.0,China,154,MICHELE GRANT,3.99,7,17.97,2005-08-07,3,1,2005-08-01,1
4.51,Changhwa,0.2,1.0,Taiwan,75,TAMMY SANDERS,3.54,1,15.96,2005-08-07,4,2,2005-08-01,2
4.51,Cianjur,0.33,1.0,Indonesia,411,NORMAN CURRIER,1.99,4,8.98,2005-07-15,2,2,2005-07-09,2
4.51,Daugavpils,0.31,1.0,Latvia,347,RYAN SALISBURY,3.76,2,16.96,2005-08-05,4,1,2005-07-30,1
4.51,El Alto,1.0,1.0,Bolivia,455,JON WILES,1.32,2,5.97,2005-06-22,3,2,2005-06-16,2
4.51,Ezeiza,1.0,1.0,Argentina,530,DARRYL ASHCRAFT,1.99,5,8.97,2005-07-12,3,1,2005-07-06,1
4.51,Halle/Saale,1.0,1.0,Germany,251,VICKIE BREWER,2.66,1,11.97,2005-06-06,3,2,2005-05-31,2
4.51,Huejutla de Reyes,1.0,1.0,Mexico,582,ANDY VANHORN,1.99,4,8.98,2005-06-24,2,2,2005-06-18,2
4.51,Oshawa,1.0,1.0,Canada,189,LORETTA CARPENTER,2.66,1,11.97,2005-06-26,3,2,2005-06-20,2
4.51,Pavlodar,0.22,1.0,Kazakstan,76,IRENE PRICE,2.88,1,12.98,2005-08-07,2,1,2005-08-01,1
4.51,Pune,0.5,1.0,India,135,JUANITA MASON,2.66,5,11.97,2005-07-17,3,1,2005-07-11,1
4.52,Ahmadnagar,1.29,1.0,India,297,SHERRI RHODES,4.85,36,21.91,2005-08-02,9,2,2005-07-27,2
4.52,Cuman,1.0,1.0,Venezuela,113,CINDY FISHER,4.85,4,21.93,2005-07-13,7,2,2005-07-07,2
4.52,Greensboro,0.31,1.0,United States,158,VERONICA STONE,3.53,1,15.96,2005-08-08,4,2,2005-08-02,2
4.52,Jos Azueta,0.5,1.0,Mexico,581,VIRGIL WOFFORD,4.19,13,18.95,2005-08-02,5,2,2005-07-27,2
4.52,Qalyub,0.71,1.0,Egypt,134,EMMA BOYD,4.42,2,19.95,2005-08-24,5,2,2005-08-18,2
4.52,Rustenburg,0.67,1.0,South Africa,407,DALE RATCLIFF,5.07,10,22.92,2005-08-23,8,2,2005-08-17,2
4.52,Santiago de los Caballeros,0.5,1.0,Dominican Republic,258,MYRTLE FLEMING,1.99,1,8.99,2005-06-26,1,1,2005-06-20,1
4.52,Zanzibar,0.17,1.0,Tanzania,220,CHARLENE ALVAREZ,1.99,1,8.99,2005-07-18,1,1,2005-07-12,1
4.53,Cape Coral,0.24,1.0,United States,526,KARL SEAL,4.4,6,19.96,2005-08-06,4,1,2005-07-31,1
4.53,Chungho,0.4,1.0,Taiwan,517,BRAD MCCURDY,4.19,7,18.96,2005-08-03,4,2,2005-07-28,2
4.53,Gatineau,0.8,1.0,Canada,476,DERRICK BOURQUE,4.19,2,18.96,2005-07-13,4,2,2005-07-07,2
4.53,Haiphong,0.33,1.0,Vietnam,199,BETH FRANKLIN,4.41,3,19.96,2005-08-07,4,2,2005-08-01,2
4.53,Lima,1.25,1.0,Peru,122,THELMA MURRAY,3.74,1,16.95,2005-06-24,5,2,2005-06-18,2
4.53,Nanyang,1.14,1.0,China,37,PAMELA BAKER,5.28,17,23.92,2005-08-26,8,2,2005-08-20,2
4.53,Tabuk,0.4,1.0,Saudi Arabia,312,MARK RINEHART,4.19,2,18.96,2005-08-27,4,2,2005-08-21,2
4.53,Tychy,1.25,1.0,Poland,380,RUSSELL BRINSON,3.74,2,16.95,2005-06-24,5,2,2005-06-18,2
4.54,Basel,0.63,1.0,Switzerland,61,KATHERINE RIVERA,4.62,2,20.95,2005-08-23,5,2,2005-08-17,2
4.54,Bydgoszcz,0.75,1.0,Poland,318,BRIAN WYMAN,3.74,5,16.97,2005-07-12,3,2,2005-07-06,2
4.54,Chandrapur,1.2,1.0,India,167,SALLY PIERCE,4.39,8,19.94,2005-07-15,6,2,2005-07-09,2
4.54,Dallas,0.45,1.0,United States,400,BRYAN HARDISON,4.17,22,18.95,2005-08-24,5,2,2005-08-18,2
4.54,Purnea (Purnia),0.63,1.0,India,426,BRADLEY MOTLEY,5.49,25,24.95,2005-08-05,5,2,2005-07-30,2
4.54,Sawhaj,0.36,1.0,Egypt,423,ALFRED CASILLAS,4.17,4,18.96,2005-08-04,4,2,2005-07-29,2
4.54,Songkhla,0.17,1.0,Thailand,86,JACQUELINE LONG,3.74,2,16.98,2005-07-16,2,2,2005-07-10,2
4.55,Aparecida de Goinia,1.0,1.0,Brazil,216,NATALIE MEYER,4.82,15,21.94,2005-08-25,6,2,2005-08-19,2
4.55,Carmen,0.27,1.0,Mexico,578,WILLARD LUMPKIN,4.17,5,18.97,2005-08-07,3,2,2005-08-01,2
4.55,Fuyu,3.33,1.0,China,211,STACEY MONTGOMERY,8.32,18,37.9,2005-07-13,10,2,2005-07-07,2
4.55,Juiz de Fora,0.6,1.0,Brazil,591,KENT ARSENAULT,4.39,9,19.97,2005-07-14,3,1,2005-07-08,1
4.55,Miraj,0.3,1.0,India,316,STEVEN CURLEY,4.39,20,19.97,2005-08-06,3,2,2005-07-31,2
4.56,Emeishan,0.5,1.0,China,389,ALAN KAHN,4.59,31,20.95,2005-08-05,5,2,2005-07-30,2
4.56,Eskisehir,1.6,1.0,Turkey,507,EDGAR RHOADS,4.59,7,20.92,2005-07-13,8,2,2005-07-07,2
4.56,Katihar,0.29,1.0,India,419,CHAD CARBONE,3.06,1,13.96,2005-08-08,4,2,2005-08-02,2
4.56,Livorno,0.6,1.0,Italy,541,DARREN WINDHAM,4.59,2,20.94,2005-08-28,6,2,2005-08-22,2
4.56,Rio Claro,0.45,1.0,Brazil,74,DENISE KELLY,3.72,2,16.95,2005-08-28,5,2,2005-08-22,2
4.56,Valle de Santiago,1.0,1.0,Mexico,288,BOBBIE CRAIG,3.28,8,14.93,2005-08-25,7,2,2005-08-19,2
4.56,Vinh,1.2,1.0,Vietnam,523,HARVEY GUAJARDO,4.59,3,20.94,2005-08-03,6,2,2005-07-28,2
4.57,Ambattur,2.67,0.9705882352941176,India,225,ARLENE HARVEY,6.99,14,31.92,2005-07-14,8,2,2005-07-08,2
4.57,Amroha,2.5,1.0,India,534,CHRISTIAN JUNG,3.49,12,15.95,2005-06-22,5,2,2005-06-16,2
4.57,Angra dos Reis,0.63,1.0,Brazil,307,JOSEPH JOY,4.37,8,19.95,2005-07-14,5,2,2005-07-08,2
4.57,Bilbays,0.33,1.0,Egypt,559,EVERETT BANDA,3.49,1,15.96,2005-08-07,4,2,2005-08-01,2
4.57,Kolpino,0.67,1.0,Russian Federation,295,DAISY BATES,3.49,2,15.96,2005-06-25,4,2,2005-06-19,2
4.57,Nantou,1.0,1.0,Taiwan,5,ELIZABETH BROWN,3.49,4,15.96,2005-06-22,4,1,2005-06-16,1
4.57,Pak Kret,0.67,1.0,Thailand,42,CAROLYN PEREZ,3.49,1,15.96,2005-07-16,4,2,2005-07-10,2
4.57,Rampur,0.4,1.0,India,336,JOSHUA MARK,3.49,10,15.96,2005-07-16,4,1,2005-07-10,1
4.57,Santa Brbara dOeste,1.0,1.0,Brazil,178,MARION SNYDER,5.24,5,23.96,2005-06-23,4,2,2005-06-17,2
4.57,Shanwei,1.5,1.0,China,424,KYLE SPURLOCK,3.49,13,15.94,2005-07-14,6,2,2005-07-08,2
4.57,Shenzhen,0.67,1.0,China,378,EUGENE CULPEPPER,3.49,24,15.96,2005-08-24,4,2,2005-08-18,2
4.57,Springs,1.5,1.0,South Africa,83,LOUISE JENKINS,5.24,6,23.94,2005-07-12,6,2,2005-07-06,2
4.57,Taizz,0.67,1.0,Yemen,213,GINA WILLIAMSON,3.49,1,15.96,2005-06-26,4,2,2005-06-20,2
4.57,Tandil,0.42,1.0,Argentina,405,LEONARD SCHOFIELD,3.49,4,15.95,2005-08-27,5,2,2005-08-21,2
4.58,Ashdod,0.21,1.0,Israel,102,CRYSTAL FORD,3.49,2,15.97,2005-08-25,3,2,2005-08-19,2
4.58,Beni-Mellal,0.38,1.0,Morocco,543,LANCE PEMBERTON,3.49,1,15.97,2005-08-07,3,2,2005-08-01,2
4.58,Ciomas,1.2,1.0,Indonesia,239,MINNIE ROMERO,4.79,6,21.94,2005-07-12,6,2,2005-07-06,2
4.58,Erlangen,0.25,1.0,Germany,448,MIGUEL BETANCOURT,3.49,5,15.98,2005-08-02,2,2,2005-07-27,2
4.58,Ivanovo,0.5,1.0,Russian Federation,106,CONNIE WALLACE,4.79,11,21.95,2005-08-24,5,2,2005-08-18,2
4.58,Sanaa,0.75,1.0,Yemen,303,WILLIAM SATTERFIELD,3.49,2,15.97,2005-06-24,3,1,2005-06-18,1
4.58,Santa Brbara dOeste,0.24,1.0,Brazil,178,MARION SNYDER,4.58,8,20.96,2005-08-27,4,2,2005-08-21,2
4.58,Shivapuri,1.2,1.0,India,68,NICOLE PETERSON,4.79,34,21.94,2005-08-24,6,2,2005-08-18,2
4.58,Siliguri (Shiliguri),0.62,1.0,India,502,BRETT CORNWELL,5.22,24,23.92,2005-08-05,8,2,2005-07-30,2
4.58,Tongliao,0.29,1.0,China,442,LEROY BUSTAMANTE,3.7,19,16.96,2005-08-06,4,2,2005-07-31,2
4.59,Chapra,0.83,1.0,India,509,RAUL FORTIER,5.66,36,25.95,2005-08-23,5,2,2005-08-17,2
4.59,Haldia,8.0,1.0,India,186,HOLLY FOX,4.99,32,22.92,2005-08-03,8,2,2005-07-28,2
4.59,Nador,0.29,1.0,Morocco,40,AMANDA CARTER,4.13,2,18.96,2005-08-26,4,1,2005-08-20,1
4.59,Tongliao,0.7,0.9666666666666667,China,442,LEROY BUSTAMANTE,3.69,19,16.93,2005-08-25,7,2,2005-08-19,2
4.59,Witten,1.67,1.0,Germany,201,VICKI FIELDS,5.66,2,25.95,2005-06-23,5,2,2005-06-17,2
4.6,Adoni,3.0,1.0,India,367,ADAM GOOCH,4.99,9,22.94,2005-07-16,6,2,2005-07-10,2
4.6,Asuncin,0.4,1.0,Paraguay,226,MAUREEN LITTLE,3.69,1,16.96,2005-08-29,4,2,2005-08-23,2
4.6,Bhilwara,0.33,1.0,India,209,TONYA CHAPMAN,4.99,23,22.95,2005-08-05,5,2,2005-07-30,2
4.6,Chungho,5.0,1.0,Taiwan,517,BRAD MCCURDY,4.99,3,22.95,2005-06-22,5,2,2005-06-16,2
4.6,Ciparay,6.0,1.0,Indonesia,328,JEFFREY SPEAR,4.99,9,22.94,2005-08-03,6,2,2005-07-28,2
4.6,Huixquilucan,0.25,1.0,Mexico,108,TRACY COLE,3.91,7,17.97,2005-08-06,3,2,2005-07-31,2
4.6,Joliet,0.86,1.0,United States,504,NATHANIEL ADAM,5.42,19,24.94,2005-08-03,6,2,2005-07-28,2
4.6,Laohekou,0.78,1.0,China,422,MELVIN ELLINGTON,4.99,16,22.93,2005-08-26,7,2,2005-08-20,2
4.6,Okinawa,1.2,1.0,Japan,365,BRUCE SCHWARZ,4.99,12,22.94,2005-08-04,6,2,2005-07-29,2
4.6,Qomsheh,0.22,1.0,Iran,459,TOMMY COLLAZO,4.99,2,22.96,2005-08-07,4,2,2005-08-01,2
4.6,Udaipur,1.5,1.0,India,170,BEATRICE ARNOLD,4.99,16,22.94,2005-07-13,6,2,2005-07-07,2
4.6,Vijayawada,4.0,1.0,India,508,MILTON HOWLAND,4.99,8,22.96,2005-07-16,4,2,2005-07-10,2
4.6,Wroclaw,4.0,1.0,Poland,558,JIMMIE EGGLESTON,4.99,1,22.96,2005-06-24,4,2,2005-06-18,2
4.61,Adoni,0.5,1.0,India,367,ADAM GOOCH,4.12,22,18.96,2005-08-05,4,2,2005-07-30,2
4.61,Braslia,1.67,1.0,Brazil,325,TIMOTHY BUNN,4.32,8,19.95,2005-07-15,5,2,2005-07-09,2
4.61,Deba Habe,1.75,1.0,Nigeria,409,RODNEY MOELLER,6.49,2,29.93,2005-07-15,7,2,2005-07-09,2
4.61,Ezhou,0.63,1.0,China,313,DONALD MAHON,4.12,13,18.95,2005-08-27,5,2,2005-08-21,2
4.61,Hanoi,0.18,1.0,Vietnam,340,PATRICK NEWSOM,3.46,1,15.97,2005-08-28,3,2,2005-08-22,2
4.61,Rustenburg,0.54,1.0,South Africa,407,DALE RATCLIFF,4.76,6,21.93,2005-08-24,7,2,2005-08-18,2
4.61,San Miguel de Tucumn,2.0,1.0,Argentina,243,LYDIA BURKE,4.32,4,19.94,2005-07-12,6,2,2005-07-06,2
4.61,Shimoga,0.86,1.0,India,238,NELLIE GARRETT,5.85,35,26.94,2005-08-23,6,2,2005-08-17,2
4.61,Sucre,0.83,1.0,Bolivia,431,JOEL FRANCISCO,4.32,2,19.95,2005-08-24,5,2,2005-08-18,2
4.61,Tychy,0.23,1.0,Poland,380,RUSSELL BRINSON,3.68,3,16.97,2005-08-06,3,2,2005-07-31,2
4.61,Valle de la Pascua,1.4,1.0,Venezuela,290,KRISTINA CHAMBERS,5.19,3,23.93,2005-07-13,7,2,2005-07-07,2
4.62,Akishima,0.56,1.0,Japan,574,JULIAN VEST,4.1,4,18.95,2005-07-15,5,2,2005-07-09,2
4.62,Bijapur,0.56,0.9705882352941176,India,468,TIM CARY,4.1,13,18.95,2005-07-14,5,2,2005-07-08,2
4.62,Duisburg,1.33,1.0,Germany,114,GRACE ELLIS,4.32,1,19.96,2005-06-23,4,2,2005-06-17,2
4.62,Ezeiza,0.5,1.0,Argentina,530,DARRYL ASHCRAFT,3.24,4,14.96,2005-08-06,4,2,2005-07-31,2
4.62,Ibirit,0.8,1.0,Brazil,310,DANIEL CABRAL,5.19,16,23.96,2005-08-24,4,2,2005-08-18,2
4.62,Simferopol,1.33,1.0,Ukraine,82,KATHRYN COLEMAN,4.32,1,19.96,2005-06-22,4,2,2005-06-16,2
4.62,Tarlac,1.33,1.0,Philippines,548,ALLAN CORNISH,4.32,5,19.96,2005-08-26,4,2,2005-08-20,2
4.62,Xinxiang,0.44,0.9642857142857143,China,339,WALTER PERRYMAN,4.32,4,19.96,2005-07-16,4,2,2005-07-10,2
4.63,Clarksville,1.25,1.0,United States,140,EVA RAMOS,4.74,21,21.95,2005-08-02,5,2,2005-07-27,2
4.63,Kamjanets-Podilskyi,0.56,1.0,Ukraine,386,TODD TAN,3.88,2,17.95,2005-08-25,5,2,2005-08-19,2
4.63,Kuching,1.4,1.0,Malaysia,58,JEAN BELL,5.39,2,24.93,2005-08-04,7,2,2005-07-29,2
4.63,Leshan,0.22,1.0,China,569,DAVE GARDINER,3.88,4,17.96,2005-08-28,4,2,2005-08-22,2
4.63,Livorno,1.25,1.0,Italy,541,DARREN WINDHAM,4.74,4,21.95,2005-08-03,5,2,2005-07-28,2
4.63,Pereira,0.33,1.0,Colombia,180,STACY CUNNINGHAM,4.1,2,18.97,2005-08-06,3,2,2005-07-31,2
4.63,Tangail,1.0,1.0,Bangladesh,21,MICHELLE CLARK,3.66,2,16.94,2005-08-04,6,2,2005-07-29,2
4.63,Toulon,1.0,1.0,France,104,RITA GRAHAM,3.66,1,16.94,2005-08-25,6,2,2005-08-19,2
4.63,guas Lindas de Gois,1.5,1.0,Brazil,130,CHARLOTTE HUNTER,4.74,14,21.94,2005-08-03,6,2,2005-07-28,2
4.64,Athenai,0.38,1.0,Greece,3,LINDA WILLIAMS,5.37,2,24.95,2005-08-25,5,2,2005-08-19,2
4.64,Ezhou,0.5,1.0,China,313,DONALD MAHON,3.66,18,16.97,2005-08-06,3,1,2005-07-31,1
4.64,Firozabad,0.44,1.0,India,192,LAURIE LAWRENCE,3.66,19,16.96,2005-08-06,4,2,2005-07-31,2
4.64,Huejutla de Reyes,0.64,1.0,Mexico,582,ANDY VANHORN,5.81,8,26.93,2005-08-26,7,2,2005-08-20,2
4.64,Klerksdorp,1.33,1.0,South Africa,109,EDNA WEST,3.66,1,16.96,2005-06-04,4,1,2005-05-29,1
4.64,Mexicali,0.5,1.0,Mexico,343,DOUGLAS GRAF,3.66,3,16.97,2005-06-24,3,2,2005-06-18,2
4.64,Nantou,0.4,1.0,Taiwan,5,ELIZABETH BROWN,4.09,1,18.96,2005-07-16,4,2,2005-07-10,2
4.64,Otsu,1.2,1.0,Japan,285,MIRIAM MCKINNEY,5.59,4,25.94,2005-07-16,6,2,2005-07-10,2
4.64,Otsu,1.75,1.0,Japan,285,MIRIAM MCKINNEY,6.24,3,28.93,2005-07-15,7,2,2005-07-09,2
4.64,Owo,0.44,1.0,Nigeria,280,TRACEY BARRETT,3.66,5,16.96,2005-08-05,4,2,2005-07-30,2
4.64,Paarl,0.44,1.0,South Africa,338,DENNIS GILMAN,3.66,4,16.96,2005-08-05,4,2,2005-07-30,2
4.64,Palghat (Palakkad),0.45,1.0,India,268,NINA SOTO,4.08,7,18.95,2005-07-16,5,2,2005-07-10,2
4.64,Rajkot,1.0,1.0,India,554,DWAYNE OLVERA,3.66,7,16.97,2005-06-24,3,2,2005-06-18,2
4.64,Talavera,1.25,1.0,Philippines,505,RAFAEL ABNEY,6.24,9,28.95,2005-07-13,5,2,2005-07-07,2
4.65,Changzhou,0.25,1.0,China,197,SUE PETERS,3.87,3,17.96,2005-08-28,4,2,2005-08-22,2
4.65,Omiya,0.5,1.0,Japan,404,STANLEY SCROGGINS,4.29,11,19.95,2005-08-04,5,2,2005-07-29,2
4.65,Oshawa,0.8,1.0,Canada,189,LORETTA CARPENTER,2.79,1,12.96,2005-07-12,4,2,2005-07-06,2
4.65,Yuncheng,0.45,1.0,China,154,MICHELE GRANT,4.72,12,21.95,2005-08-27,5,2,2005-08-21,2
4.66,Alessandria,0.86,1.0,Italy,33,ANNA HILL,4.7,1,21.94,2005-08-26,6,2,2005-08-20,2
4.66,Belm,0.6,1.0,Brazil,362,NICHOLAS BARFIELD,4.49,11,20.94,2005-08-04,6,2,2005-07-29,2
4.66,Coacalco de Berriozbal,6.0,1.0,Mexico,247,STELLA MORENO,5.99,14,27.94,2005-07-12,6,2,2005-07-06,2
4.66,Dhule (Dhulia),1.0,1.0,India,440,BERNARD COLBY,5.13,27,23.93,2005-08-25,7,2,2005-08-19,2
4.66,Liaocheng,0.67,1.0,China,129,CARRIE PORTER,2.99,17,13.94,2005-07-13,6,2,2005-07-07,2
4.66,Matamoros,2.0,1.0,Mexico,177,SAMANTHA DUNCAN,4.49,7,20.92,2005-08-03,8,2,2005-07-28,2
4.66,Patiala,0.25,1.0,India,296,RAMONA HALE,4.07,14,18.97,2005-08-27,3,1,2005-08-21,1
4.66,Pune,0.38,1.0,India,135,JUANITA MASON,4.07,18,18.95,2005-08-06,5,2,2005-07-31,2
4.66,Rustenburg,0.43,1.0,South Africa,407,DALE RATCLIFF,4.49,4,20.94,2005-08-25,6,2,2005-08-19,2
4.66,Shubra al-Khayma,1.0,1.0,Egypt,119,SHERRY MARSHALL,5.13,3,23.93,2005-08-04,7,2,2005-07-29,2
4.66,Siliguri (Shiliguri),0.5,1.0,India,502,BRETT CORNWELL,4.92,17,22.93,2005-08-06,7,2,2005-07-31,2
4.66,Tsaotun,1.2,1.0,Taiwan,586,KIRK STCLAIR,2.99,5,13.94,2005-08-25,6,2,2005-08-19,2
4.67,Allende,1.5,1.0,Mexico,414,VINCENT RALSTON,4.49,2,20.97,2005-06-24,3,1,2005-06-18,1
4.67,Cuernavaca,4.0,1.0,Mexico,575,ISAAC OGLESBY,2.99,2,13.96,2005-06-02,4,2,2005-05-27,2
4.67,Dos Quebradas,1.0,1.0,Colombia,120,SYLVIA ORTIZ,4.49,2,20.96,2005-06-23,4,2,2005-06-17,2
4.67,El Fuerte,0.43,1.0,Mexico,451,JIM REA,2.56,1,11.97,2005-06-26,3,2,2005-06-20,2
4.67,Junan,0.55,1.0,China,435,RICKY SHELBY,3.63,23,16.94,2005-08-24,6,2,2005-08-18,2
4.67,Kanchrapara,4.0,1.0,India,492,LESTER KRAUS,2.99,26,13.96,2005-08-25,4,2,2005-08-19,2
4.67,Kermanshah,1.0,1.0,Iran,377,HOWARD FORTNER,2.99,4,13.95,2005-07-12,5,2,2005-07-06,2
4.67,La Romana,0.71,1.0,Dominican Republic,437,RANDALL NEUMANN,4.28,3,19.95,2005-08-05,5,1,2005-07-30,1
4.67,Ljubertsy,0.27,1.0,Russian Federation,160,ERIN DUNN,2.99,1,13.97,2005-08-08,3,1,2005-08-02,1
4.67,Mannheim,0.71,1.0,Germany,196,ALMA AUSTIN,4.7,1,21.95,2005-06-25,5,2,2005-06-19,2
4.67,Matamoros,0.6,1.0,Mexico,177,SAMANTHA DUNCAN,2.99,12,13.97,2005-07-14,3,2,2005-07-08,2
4.67,Meixian,1.33,1.0,China,90,RUBY WASHINGTON,2.99,20,13.96,2005-07-12,4,1,2005-07-06,1
4.67,Mogiljov,0.44,1.0,Belarus,527,CORY MEEHAN,2.99,2,13.96,2005-08-07,4,2,2005-08-01,2
4.67,Munger (Monghyr),2.5,1.0,India,28,CYNTHIA YOUNG,2.99,8,13.95,2005-06-21,5,2,2005-06-15,2
4.67,Novoterkassk,1.0,1.0,Russian Federation,191,JEANETTE GREENE,2.99,5,13.96,2005-06-22,4,2,2005-06-16,2
4.67,Ondo,0.57,1.0,Nigeria,156,BERTHA FERGUSON,3.85,4,17.96,2005-08-05,4,2,2005-07-30,2
4.67,Patiala,0.43,1.0,India,296,RAMONA HALE,3.42,6,15.97,2005-07-16,3,2,2005-07-10,2
4.67,Patiala,0.71,1.0,India,296,RAMONA HALE,4.7,35,21.95,2005-08-02,5,2,2005-07-27,2
4.67,Pemalang,0.75,1.0,Indonesia,116,VICTORIA GIBSON,2.99,3,13.97,2005-06-23,3,2,2005-06-17,2
4.67,Santa Rosa,0.29,1.0,Philippines,522,ARNOLD HAVENS,5.34,11,24.95,2005-08-06,5,2,2005-07-31,2
4.67,Santiago de los Caballeros,0.5,1.0,Dominican Republic,258,MYRTLE FLEMING,4.49,1,20.95,2005-08-07,5,2,2005-08-01,2
4.67,Southport,0.5,1.0,United Kingdom,556,ARMANDO GRUBER,2.99,3,13.97,2005-08-06,3,2,2005-07-31,2
4.67,Sullana,0.71,1.0,Peru,597,FREDDIE DUGGAN,3.85,2,17.95,2005-08-07,5,2,2005-08-01,2
4.67,Uijongbu,0.6,1.0,South Korea,245,COURTNEY DAY,2.99,1,13.97,2005-07-16,3,2,2005-07-10,2
4.67,Uluberia,0.29,1.0,India,446,THEODORE CULP,4.06,21,18.96,2005-08-05,4,2,2005-07-30,2
4.68,Akron,0.36,1.0,United States,479,ZACHARY HITE,4.26,5,19.96,2005-07-17,4,2,2005-07-11,2
4.68,Novi Sad,0.78,1.0,Yugoslavia,553,MAX PITT,5.55,2,25.93,2005-07-13,7,2,2005-07-07,2
4.69,Binzhou,0.38,1.0,China,533,JESSIE MILAM,4.68,22,21.95,2005-08-24,5,2,2005-08-18,2
4.69,Halisahar,1.33,1.0,India,259,LENA JENSEN,5.32,11,24.96,2005-06-22,4,2,2005-06-16,2
4.69,Jamalpur,0.4,1.0,Bangladesh,329,FRANK WAGGONER,3.19,1,14.96,2005-07-13,4,2,2005-07-07,2
4.69,Lublin,0.5,1.0,Poland,501,RUBEN GEARY,3.62,3,16.96,2005-08-25,4,2,2005-08-19,2
4.69,Sunnyvale,0.6,1.0,United States,214,KRISTIN JOHNSTON,3.19,8,14.97,2005-07-15,3,2,2005-07-09,2
4.7,Battambang,0.5,1.0,Cambodia,516,ELMER NOE,3.82,1,17.97,2005-07-16,3,2,2005-07-10,2
4.7,Baybay,0.5,1.0,Philippines,71,KATHY JAMES,4.24,8,19.94,2005-08-04,6,1,2005-07-29,1
4.7,Tychy,0.38,1.0,Poland,380,RUSSELL BRINSON,4.24,2,19.94,2005-08-28,6,2,2005-08-22,2
4.71,Gingoog,0.56,1.0,Philippines,461,DEREK BLAKELY,2.32,10,10.95,2005-08-06,5,2,2005-07-31,2
4.71,La Plata,0.58,1.0,Argentina,89,JULIA FLORES,4.66,8,21.93,2005-08-05,7,2,2005-07-30,2
4.71,Plock,3.0,1.0,Poland,571,JOHNNIE CHISHOLM,6.99,2,32.94,2005-06-21,6,2,2005-06-15,2
4.71,Santa F,0.63,1.0,Argentina,331,ERIC ROBERT,4.24,3,19.95,2005-08-27,5,2,2005-08-21,2
4.71,Varanasi (Benares),0.45,0.9722222222222222,India,123,SHANNON FREEMAN,4.44,20,20.95,2005-08-26,5,2,2005-08-20,2
4.72,Bayugan,0.8,1.0,Philippines,188,MELANIE ARMSTRONG,3.59,8,16.96,2005-07-13,4,1,2005-07-07,1
4.72,Bhopal,0.28,1.0,India,15,HELEN HARRIS,4.43,13,20.95,2005-08-27,5,2,2005-08-21,2
4.72,Citrus Heights,0.67,1.0,United States,14,BETTY WHITE,4.43,22,20.94,2005-08-23,6,2,2005-08-17,2
4.72,Luzinia,1.2,1.0,Brazil,183,IDA ANDREWS,3.59,10,16.94,2005-07-13,6,2,2005-07-07,2
4.72,Nantou,0.27,1.0,Taiwan,5,ELIZABETH BROWN,3.81,1,17.97,2005-07-17,3,2,2005-07-11,2
4.72,Okayama,0.86,1.0,Japan,489,RICARDO MEADOR,5.7,11,26.94,2005-08-26,6,2,2005-08-20,2
4.72,Owo,0.18,1.0,Nigeria,280,TRACEY BARRETT,3.17,1,14.98,2005-08-07,2,1,2005-08-01,1
4.72,Sincelejo,0.5,1.0,Colombia,87,WANDA PATTERSON,5.07,2,23.94,2005-08-26,6,2,2005-08-20,2
4.72,Tambaram,0.67,1.0,India,287,BECKY MILES,4.43,25,20.94,2005-08-25,6,2,2005-08-19,2
4.73,Botshabelo,0.31,1.0,South Africa,132,ESTHER CRAWFORD,3.37,1,15.96,2005-07-16,4,2,2005-07-10,2
4.73,Greensboro,1.25,1.0,United States,158,VERONICA STONE,5.49,10,25.95,2005-07-13,5,2,2005-07-07,2
4.73,Korla,0.67,1.0,China,283,FELICIA SUTTON,2.32,6,10.98,2005-06-25,2,2,2005-06-19,2
4.73,Maracabo,2.0,1.0,Venezuela,453,CALVIN MARTEL,6.32,3,29.94,2005-07-12,6,2,2005-07-06,2
4.73,San Lorenzo,0.5,1.0,Paraguay,345,CARL ARTIS,5.49,2,25.96,2005-08-24,4,2,2005-08-18,2
4.73,Tambaram,0.4,1.0,India,287,BECKY MILES,3.59,6,16.98,2005-06-24,2,1,2005-06-18,1
4.74,Davao,0.5,1.0,Philippines,27,SHIRLEY ALLEN,3.79,3,17.95,2005-07-16,5,2,2005-07-10,2
4.74,Kansas City,0.5,1.0,United States,308,THOMAS GRIGSBY,2.74,5,12.98,2005-06-24,2,2,2005-06-18,2
4.74,Ranchi,0.67,1.0,India,358,SAMUEL MARLOW,3.16,16,14.96,2005-08-06,4,2,2005-07-31,2
4.74,Ranchi,0.67,1.0,India,358,SAMUEL MARLOW,3.16,23,14.96,2005-07-12,4,2,2005-07-06,2
4.74,Salamanca,0.36,1.0,Mexico,273,PRISCILLA LOWE,4.42,2,20.95,2005-08-27,5,2,2005-08-21,2
4.74,Southampton,0.6,1.0,United Kingdom,583,MARSHALL THORN,5.89,2,27.94,2005-08-06,6,2,2005-07-31,2
4.74,Sterling Heights,0.33,1.0,United States,146,JAMIE RICE,4.21,4,19.97,2005-07-17,3,2,2005-07-11,2
4.74,Tabriz,0.29,1.0,Iran,279,DIANNE SHELTON,4.42,1,20.96,2005-08-28,4,2,2005-08-22,2
4.74,Ueda,0.8,1.0,Japan,503,ANGEL BARCLAY,3.79,2,17.96,2005-07-15,4,2,2005-07-09,2
4.74,Vitria de Santo Anto,0.67,1.0,Brazil,374,JEREMY HURTADO,3.16,6,14.96,2005-07-16,4,2,2005-07-10,2
4.75,Aden,0.27,1.0,Yemen,210,ELLA OLIVER,3.99,3,18.96,2005-08-04,4,1,2005-07-29,1
4.75,Aparecida de Goinia,0.33,1.0,Brazil,216,NATALIE MEYER,3.16,3,14.98,2005-07-17,2,2,2005-07-11,2
4.75,Baicheng,2.0,1.0,China,538,TED BREAUX,3.99,10,18.96,2005-06-21,4,2,2005-06-15,2
4.75,Binzhou,0.57,1.0,China,533,JESSIE MILAM,3.99,12,18.96,2005-07-14,4,2,2005-07-08,2
4.75,Chapra,2.5,1.0,India,509,RAUL FORTIER,3.99,15,18.95,2005-07-13,5,2,2005-07-07,2
4.75,Clarksville,1.0,1.0,United States,140,EVA RAMOS,3.99,3,18.96,2005-07-17,4,2,2005-07-11,2
4.75,Dongying,1.5,1.0,China,466,LEO EBERT,3.99,28,18.94,2005-08-04,6,2,2005-07-29,2
4.75,Higashiosaka,0.44,1.0,Japan,264,GWENDOLYN MAY,3.99,21,18.96,2005-08-24,4,2,2005-08-18,2
4.75,Palghat (Palakkad),3.0,1.0,India,268,NINA SOTO,3.99,10,18.94,2005-06-22,6,2,2005-06-16,2
4.75,Rizhao,0.67,1.0,China,496,TYLER WREN,3.99,31,18.96,2005-08-02,4,2,2005-07-27,2
4.75,Talavera,1.0,1.0,Philippines,505,RAFAEL ABNEY,3.99,3,18.97,2005-06-23,3,2,2005-06-17,2
4.76,Atlixco,0.55,1.0,Mexico,84,SARA PERRY,5.44,6,25.94,2005-08-06,6,2,2005-07-31,2
4.76,Higashiosaka,1.2,1.0,Japan,264,GWENDOLYN MAY,4.19,8,19.94,2005-07-13,6,2,2005-07-07,2
4.76,Nagaon,5.0,1.0,India,152,ALICIA MILLS,6.49,34,30.9,2005-08-23,10,2,2005-08-17,2
4.76,Nha Trang,0.67,1.0,Vietnam,520,MITCHELL WESTMORELAND,4.82,3,22.96,2005-07-16,4,2,2005-07-10,2
4.76,Pingxiang,1.67,1.0,China,169,ERICA MATTHEWS,5.66,11,26.95,2005-07-14,5,2,2005-07-08,2
4.76,Sirjan,0.5,1.0,Iran,449,OSCAR AQUINO,4.62,1,21.96,2005-08-07,4,2,2005-08-01,2
4.76,Skikda,0.27,1.0,Algeria,176,JUNE CARROLL,4.19,2,19.96,2005-08-26,4,2,2005-08-20,2
4.76,Uruapan,0.83,1.0,Mexico,454,ALEX GRESHAM,5.66,1,26.95,2005-06-24,5,2,2005-06-18,2
4.77,Boa Vista,0.6,1.0,Brazil,342,HAROLD MARTINO,4.19,1,19.97,2005-07-18,3,2,2005-07-12,2
4.77,Changhwa,0.4,1.0,Taiwan,75,TAMMY SANDERS,4.39,6,20.94,2005-08-24,6,2,2005-08-18,2
4.77,Datong,3.5,1.0,China,260,CHRISTY VARGAS,6.49,6,30.93,2005-06-23,7,2,2005-06-17,2
4.77,Songkhla,0.36,1.0,Thailand,86,JACQUELINE LONG,5.44,3,25.96,2005-08-05,4,1,2005-07-30,1
4.78,Halifax,0.45,1.0,Canada,463,DARRELL POWER,4.17,3,19.95,2005-08-25,5,2,2005-08-19,2
4.78,Naala-Porto,0.36,1.0,Mozambique,433,DON BONE,4.81,1,22.96,2005-08-27,4,2,2005-08-21,2
4.78,San Felipe del Progreso,0.36,1.0,Mexico,319,RONALD WEINER,4.17,5,19.96,2005-07-17,4,2,2005-07-11,2
4.78,Simferopol,1.0,1.0,Ukraine,82,KATHRYN COLEMAN,5.85,5,27.93,2005-08-23,7,2,2005-08-17,2
4.78,Sumqayit,0.6,1.0,Azerbaijan,334,RAYMOND MCWHORTER,4.59,2,21.94,2005-08-26,6,2,2005-08-20,2
4.79,Beira,0.33,1.0,Mozambique,257,MARSHA DOUGLAS,4.79,1,22.95,2005-08-05,5,2,2005-07-30,2
4.79,Guaruj,0.56,1.0,Brazil,427,JESUS MCCARTNEY,5.21,6,24.95,2005-08-06,5,2,2005-07-31,2
4.79,Kurashiki,0.14,1.0,Japan,34,REBECCA SCOTT,2.92,8,13.98,2005-08-27,2,2,2005-08-21,2
4.79,Munger (Monghyr),0.7,1.0,India,28,CYNTHIA YOUNG,4.79,33,22.93,2005-08-24,7,2,2005-08-18,2
4.79,Naala-Porto,0.5,1.0,Mozambique,433,DON BONE,4.79,2,22.95,2005-08-04,5,2,2005-07-29,2
4.79,Santa Brbara dOeste,0.6,1.0,Brazil,178,MARION SNYDER,4.59,5,21.97,2005-06-24,3,2,2005-06-18,2
4.8,Aurora,4.0,1.0,United States,537,CLINTON BUFORD,4.99,5,23.96,2005-06-21,4,2,2005-06-15,2
4.8,Bat Yam,0.8,1.0,Israel,315,KENNETH GOODEN,4.99,3,23.96,2005-08-04,4,2,2005-07-29,2
4.8,Boksburg,1.25,1.0,South Africa,125,ETHEL WEBB,4.99,5,23.95,2005-07-12,5,2,2005-07-06,2
4.8,Brockton,0.63,1.0,United States,149,VALERIE BLACK,4.99,20,23.95,2005-08-02,5,2,2005-07-27,2
4.8,Dallas,0.86,1.0,United States,400,BRYAN HARDISON,4.99,18,23.94,2005-08-03,6,2,2005-07-28,2
4.8,Junan,1.5,1.0,China,435,RICKY SHELBY,4.99,2,23.94,2005-08-01,6,2,2005-07-26,2
4.8,Mwanza,0.7,1.0,Tanzania,481,HERMAN DEVORE,4.99,2,23.93,2005-08-24,7,2,2005-08-18,2
4.8,Myingyan,1.33,1.0,Myanmar,4,BARBARA JONES,3.32,2,15.96,2005-08-05,4,2,2005-07-30,2
4.8,Santa Rosa,0.25,1.0,Philippines,522,ARNOLD HAVENS,4.99,11,23.96,2005-08-24,4,2,2005-08-18,2
4.8,Stara Zagora,3.0,1.0,Bulgaria,215,JESSIE BANKS,4.99,1,23.94,2005-06-21,6,2,2005-06-15,2
4.8,Syrakusa,5.0,1.0,Italy,221,BESSIE MORRISON,4.99,4,23.95,2005-06-21,5,2,2005-06-15,2
4.8,Talavera,1.25,1.0,Philippines,505,RAFAEL ABNEY,3.74,14,17.95,2005-08-23,5,2,2005-08-17,2
4.8,Tanza,0.5,1.0,Philippines,236,MARCIA DEAN,4.16,4,19.94,2005-07-15,6,2,2005-07-09,2
4.8,Uijongbu,5.0,1.0,South Korea,245,COURTNEY DAY,4.99,2,23.95,2005-06-01,5,2,2005-05-26,2
4.81,Gaziantep,1.2,1.0,Turkey,480,COREY HAUSER,5.39,4,25.94,2005-08-04,6,2,2005-07-29,2
4.81,Namibe,0.25,1.0,Angola,383,MARTIN BALES,2.91,1,13.97,2005-08-27,3,2,2005-08-21,2
4.81,Ondo,1.0,1.0,Nigeria,156,BERTHA FERGUSON,4.56,8,21.93,2005-08-26,7,2,2005-08-20,2
4.81,York,1.2,1.0,United Kingdom,497,GILBERT SLEDGE,5.19,1,24.94,2005-07-13,6,2,2005-07-07,2
4.82,Florencia,1.0,1.0,Colombia,460,LEON BOSTIC,5.59,4,26.95,2005-08-02,5,2,2005-07-27,2
4.82,Qomsheh,0.33,1.0,Iran,459,TOMMY COLLAZO,6.21,4,29.94,2005-08-26,6,2,2005-08-20,2
4.83,Battambang,2.0,1.0,Cambodia,516,ELMER NOE,5.99,1,28.94,2005-08-03,6,2,2005-07-28,2
4.83,Dos Quebradas,0.45,1.0,Colombia,120,SYLVIA ORTIZ,3.72,1,17.95,2005-08-06,5,2,2005-07-31,2
4.83,Nezahualcyotl,0.2,1.0,Mexico,115,WENDY HARRISON,2.69,1,12.98,2005-07-18,2,1,2005-07-12,1
4.83,Richmond Hill,0.19,1.0,Canada,410,CURTIS IRBY,3.93,1,18.97,2005-08-08,3,1,2005-08-02,1
4.83,Valparai,1.0,1.0,India,403,MIKE WAY,5.99,22,28.94,2005-07-12,6,2,2005-07-06,2
4.84,Angra dos Reis,1.5,1.0,Brazil,307,JOSEPH JOY,4.74,4,22.94,2005-06-23,6,2,2005-06-17,2
4.84,Datong,0.3,1.0,China,260,CHRISTY VARGAS,3.09,30,14.97,2005-08-05,3,2,2005-07-30,2
4.84,Davao,2.0,1.0,Philippines,27,SHIRLEY ALLEN,4.32,5,20.94,2005-06-22,6,2,2005-06-16,2
4.84,Nha Trang,1.14,1.0,Vietnam,520,MITCHELL WESTMORELAND,5.56,2,26.92,2005-08-02,8,2,2005-07-27,2
4.84,Santa F,0.67,1.0,Argentina,331,ERIC ROBERT,5.77,7,27.94,2005-08-04,6,2,2005-07-29,2
4.84,Serpuhov,0.5,1.0,Russian Federation,567,ALFREDO MCADAMS,4.74,12,22.96,2005-08-25,4,1,2005-08-19,1
4.84,Skikda,0.63,1.0,Algeria,176,JUNE CARROLL,5.37,3,25.95,2005-07-12,5,2,2005-07-06,2
4.84,Tabuk,0.75,1.0,Saudi Arabia,312,MARK RINEHART,4.74,3,22.94,2005-08-24,6,2,2005-08-18,2
4.85,Asuncin,1.33,1.0,Paraguay,226,MAUREEN LITTLE,4.32,2,20.96,2005-07-13,4,1,2005-07-07,1
4.85,Braslia,0.63,1.0,Brazil,325,TIMOTHY BUNN,4.12,15,19.95,2005-08-24,5,2,2005-08-18,2
4.85,Brescia,1.0,1.0,Italy,309,CHRISTOPHER GRECO,4.32,2,20.97,2005-06-25,3,1,2005-06-19,1
4.85,Le Mans,1.67,1.0,France,162,LAUREN HUDSON,4.32,2,20.95,2005-08-05,5,2,2005-07-30,2
4.85,Sincelejo,1.33,1.0,Colombia,87,WANDA PATTERSON,4.32,1,20.96,2005-06-23,4,2,2005-06-17,2
4.85,Vinh,0.57,1.0,Vietnam,523,HARVEY GUAJARDO,3.7,4,17.96,2005-08-04,4,2,2005-07-29,2
4.86,Boksburg,1.5,1.0,South Africa,125,ETHEL WEBB,3.49,4,16.97,2005-06-24,3,1,2005-06-18,1
4.86,Huixquilucan,0.75,1.0,Mexico,108,TRACY COLE,3.49,4,16.97,2005-06-23,3,2,2005-06-17,2
4.86,Kamjanets-Podilskyi,0.56,1.0,Ukraine,386,TODD TAN,4.1,1,19.95,2005-07-17,5,2,2005-07-11,2
4.86,Najafabad,0.86,1.0,Iran,368,HARRY ARCE,5.13,4,24.94,2005-07-13,6,2,2005-07-07,2
4.86,Nakhon Sawan,0.56,1.0,Thailand,390,SHAWN HEATON,4.1,3,19.95,2005-08-04,5,2,2005-07-29,2
4.86,Ponce,0.38,1.0,Puerto Rico,282,JENNY CASTRO,3.49,1,16.97,2005-07-15,3,2,2005-07-09,2
4.86,Saint Louis,1.25,1.0,United States,62,JOAN COOPER,3.49,8,16.95,2005-06-22,5,2,2005-06-16,2
4.86,Sullana,0.5,1.0,Peru,597,FREDDIE DUGGAN,3.49,1,16.96,2005-08-08,4,2,2005-08-02,2
4.86,Tuguegarao,1.0,1.0,Philippines,261,DEANNA BYRD,3.49,9,16.96,2005-08-06,4,2,2005-07-31,2
4.86,Tychy,0.63,1.0,Poland,380,RUSSELL BRINSON,3.49,4,16.95,2005-07-12,5,2,2005-07-06,2
4.86,Zeleznogorsk,0.5,1.0,Russian Federation,351,JACK FOUST,3.69,11,17.95,2005-08-04,5,2,2005-07-29,2
4.87,Benin City,0.56,1.0,Nigeria,284,SONIA GREGORY,5.32,7,25.95,2005-08-03,5,2,2005-07-28,2
4.87,Bhavnagar,0.4,0.9705882352941176,India,379,CARLOS COUGHLIN,3.89,2,18.96,2005-08-28,4,2,2005-08-22,2
4.87,Chandrapur,2.67,1.0,India,167,SALLY PIERCE,5.32,21,25.92,2005-07-12,8,2,2005-07-06,2
4.87,Hidalgo,0.38,1.0,Mexico,150,DANIELLE DANIELS,4.3,7,20.95,2005-08-26,5,2,2005-08-20,2
4.87,Ilorin,0.3,1.0,Nigeria,103,GLADYS HAMILTON,3.69,1,17.97,2005-07-15,3,2,2005-07-09,2
4.87,Kalisz,1.14,1.0,Poland,270,LEAH CURTIS,4.7,5,22.92,2005-08-23,8,2,2005-08-17,2
4.87,Matamoros,0.71,1.0,Mexico,177,SAMANTHA DUNCAN,3.28,4,15.95,2005-08-07,5,2,2005-08-01,2
4.87,Mysore,0.56,1.0,India,59,CHERYL MURPHY,5.32,12,25.95,2005-08-27,5,2,2005-08-21,2
4.87,Osmaniye,0.29,1.0,Turkey,13,KAREN JACKSON,4.92,8,23.96,2005-08-26,4,2,2005-08-20,2
4.87,Shimonoseki,0.22,1.0,Japan,29,ANGELA HERNANDEZ,4.1,7,19.96,2005-08-27,4,1,2005-08-21,1
4.87,Tandil,0.7,1.0,Argentina,405,LEONARD SCHOFIELD,3.89,3,18.93,2005-08-25,7,2,2005-08-19,2
4.87,Teboksary,0.83,1.0,Russian Federation,350,JUAN FRALEY,2.66,9,12.95,2005-07-14,5,2,2005-07-08,2
4.87,Tsaotun,0.83,1.0,Taiwan,586,KIRK STCLAIR,2.66,4,12.95,2005-08-26,5,2,2005-08-20,2
4.87,York,1.75,1.0,United Kingdom,497,GILBERT SLEDGE,5.74,2,27.93,2005-07-12,7,2,2005-07-06,2
4.88,Ipoh,0.43,1.0,Malaysia,171,DOLORES WAGNER,3.28,2,15.97,2005-08-05,3,1,2005-07-30,1
4.88,Isesaki,0.63,1.0,Japan,519,RON DELUCA,5.12,20,24.95,2005-08-24,5,2,2005-08-18,2
4.88,Nyeri,0.23,1.0,Kenya,363,ROY WHITING,4.3,1,20.97,2005-08-06,3,1,2005-07-31,1
4.88,Shaoguan,0.5,1.0,China,485,CLYDE TOBIAS,4.29,34,20.95,2005-08-23,5,2,2005-08-17,2
4.89,Clarksville,0.67,1.0,United States,140,EVA RAMOS,4.49,21,21.96,2005-08-24,4,2,2005-08-18,2
4.89,Hami,1.5,1.0,China,165,LORRAINE STEPHENS,4.49,16,21.94,2005-07-13,6,2,2005-07-07,2
4.89,Hubli-Dharwad,0.67,1.0,India,136,ANITA MORALES,2.66,4,12.98,2005-07-17,2,2,2005-07-11,2
4.89,Klerksdorp,0.33,1.0,South Africa,109,EDNA WEST,3.88,3,18.97,2005-06-24,3,1,2005-06-18,1
4.89,Kurgan,0.33,1.0,Russian Federation,376,RANDY GAITHER,3.88,1,18.97,2005-07-18,3,2,2005-07-12,2
4.89,Kuwana,2.5,1.0,Japan,531,JAMIE WAUGH,4.49,3,21.95,2005-07-16,5,2,2005-07-10,2
4.89,Mandaluyong,0.36,1.0,Philippines,263,HILDA HOPKINS,4.9,5,23.96,2005-08-27,4,2,2005-08-21,2
4.89,Matamoros,0.33,1.0,Mexico,177,SAMANTHA DUNCAN,2.66,4,12.98,2005-07-17,2,2,2005-07-11,2
4.89,Moscow,0.83,1.0,Russian Federation,46,CATHERINE CAMPBELL,4.49,8,21.95,2005-08-06,5,2,2005-07-31,2
4.89,Myingyan,0.45,1.0,Myanmar,4,BARBARA JONES,4.08,2,19.95,2005-08-26,5,2,2005-08-20,2
4.89,Okara,3.0,1.0,Pakistan,399,DANNY ISOM,4.49,1,21.94,2005-07-14,6,2,2005-07-08,2
4.89,Sharja,0.5,1.0,United Arab Emirates,292,MISTY LAMBERT,4.69,1,22.95,2005-08-24,5,2,2005-08-18,2
4.89,Valparai,1.0,1.0,India,403,MIKE WAY,4.49,5,21.96,2005-06-24,4,2,2005-06-18,2
4.89,Yingkou,0.56,1.0,China,521,ROLAND SOUTH,3.88,11,18.95,2005-08-27,5,2,2005-08-21,2
4.89,Yuzhou,0.44,1.0,China,324,GARY COY,3.88,25,18.96,2005-08-03,4,2,2005-07-28,2
4.9,Aparecida de Goinia,0.71,1.0,Brazil,216,NATALIE MEYER,4.28,7,20.95,2005-08-27,5,2,2005-08-21,2
4.9,Cabuyao,0.63,1.0,Philippines,371,BILLY POULIN,3.87,4,18.95,2005-06-22,5,2,2005-06-16,2
4.9,Goinia,0.86,1.0,Brazil,92,TINA SIMMONS,4.28,15,20.94,2005-08-23,6,2,2005-08-17,2
4.9,Lapu-Lapu,2.0,1.0,Philippines,244,VIOLA HANSON,5.49,3,26.92,2005-07-15,8,2,2005-07-09,2
4.9,Sumqayit,0.6,1.0,Azerbaijan,334,RAYMOND MCWHORTER,5.09,1,24.94,2005-08-06,6,2,2005-07-31,2
4.91,Ede,2.5,1.0,Netherlands,341,PETER MENARD,5.49,1,26.95,2005-06-22,5,2,2005-06-16,2
4.91,Hami,0.67,1.0,China,165,LORRAINE STEPHENS,3.66,7,17.96,2005-07-15,4,2,2005-07-09,2
4.91,Jurez,1.33,1.0,Mexico,369,FRED WHEAT,3.66,11,17.96,2005-07-14,4,2,2005-07-08,2
4.91,Patras,0.56,1.0,Greece,596,ENRIQUE FORSYTHE,3.66,1,17.95,2005-08-26,5,1,2005-08-20,1
4.91,Pontianak,1.33,1.0,Indonesia,506,LESLIE SEWARD,3.66,2,17.96,2005-06-03,4,2,2005-05-28,2
4.91,Ranchi,0.43,1.0,India,358,SAMUEL MARLOW,2.85,5,13.97,2005-08-07,3,2,2005-08-01,2
4.91,Sungai Petani,0.38,1.0,Malaysia,306,CHARLES KOWALSKI,4.07,2,19.95,2005-08-06,5,2,2005-07-31,2
4.91,Vicente Lpez,0.45,1.0,Argentina,219,WILLIE HOWELL,4.26,6,20.95,2005-08-04,5,2,2005-07-29,2
4.92,Abha,0.88,1.0,Saudi Arabia,101,PEGGY MYERS,4.87,3,23.93,2005-08-04,7,2,2005-07-29,2
4.92,Aurora,0.67,1.0,United States,537,CLINTON BUFORD,3.66,2,17.98,2005-06-25,2,2,2005-06-19,2
4.92,Korla,0.31,1.0,China,283,FELICIA SUTTON,2.84,29,13.96,2005-08-05,4,1,2005-07-30,1
4.92,Ourense (Orense),0.35,1.0,Spain,469,WESLEY BULL,4.46,1,21.94,2005-08-06,6,2,2005-07-31,2
4.92,Tokat,0.31,1.0,Turkey,566,CASEY MENA,4.05,2,19.95,2005-08-06,5,2,2005-07-31,2
4.93,Ashdod,0.26,1.0,Israel,102,CRYSTAL FORD,4.04,1,19.95,2005-08-06,5,2,2005-07-31,2
4.93,Juiz de Fora,0.27,1.0,Brazil,591,KENT ARSENAULT,4.66,14,22.96,2005-08-25,4,2,2005-08-19,2
4.93,Molodetno,1.0,1.0,Belarus,144,CLARA SHAW,3.24,1,15.96,2005-06-25,4,2,2005-06-19,2
4.93,Osmaniye,0.2,1.0,Turkey,13,KAREN JACKSON,4.66,4,22.97,2005-08-27,3,2,2005-08-21,2
4.93,Sharja,0.31,1.0,United Arab Emirates,292,MISTY LAMBERT,4.45,1,21.96,2005-08-05,4,2,2005-07-30,2
4.93,Smolensk,0.88,1.0,Russian Federation,127,ELAINE STEVENS,5.87,11,28.93,2005-08-25,7,2,2005-08-19,2
4.93,Suihua,0.5,1.0,China,511,CHESTER BENNER,3.24,4,15.98,2005-06-26,2,1,2005-06-20,1
4.93,Sungai Petani,0.29,1.0,Malaysia,306,CHARLES KOWALSKI,3.85,1,18.96,2005-08-07,4,2,2005-08-01,2
4.94,Fengshan,0.55,1.0,Taiwan,576,MORRIS MCCARTER,4.44,5,21.94,2005-08-24,6,1,2005-08-18,1
4.94,Iwaki,0.67,1.0,Japan,240,MARLENE WELCH,5.66,19,27.94,2005-08-24,6,2,2005-08-18,2
4.94,Madiun,0.56,1.0,Indonesia,500,REGINALD KINDER,3.43,9,16.95,2005-08-26,5,2,2005-08-20,2
4.94,Mannheim,0.5,1.0,Germany,196,ALMA AUSTIN,4.24,1,20.96,2005-06-26,4,2,2005-06-20,2
4.94,Naala-Porto,1.0,1.0,Mozambique,433,DON BONE,4.24,1,20.96,2005-07-17,4,1,2005-07-11,1
4.94,Pak Kret,0.31,1.0,Thailand,42,CAROLYN PEREZ,3.84,2,18.96,2005-08-24,4,2,2005-08-18,2
4.94,s-Hertogenbosch,0.86,1.0,Netherlands,184,VIVIAN RUIZ,4.85,3,23.94,2005-08-25,6,2,2005-08-19,2
4.95,Gatineau,0.33,1.0,Canada,476,DERRICK BOURQUE,4.43,2,21.97,2005-08-07,3,1,2005-08-01,1
4.95,La Paz,0.45,1.0,Mexico,488,SHANE MILLARD,3.63,6,17.95,2005-08-26,5,2,2005-08-20,2
4.95,Zanzibar,0.5,1.0,Tanzania,220,CHARLENE ALVAREZ,5.24,1,25.94,2005-08-24,6,2,2005-08-18,2
4.96,Angra dos Reis,0.67,1.0,Brazil,307,JOSEPH JOY,3.82,2,18.96,2005-06-25,4,2,2005-06-19,2
4.96,Arlington,1.0,1.0,United States,305,RICHARD MCCRARY,4.82,21,23.94,2005-08-23,6,2,2005-08-17,2
4.96,Bchar,0.5,1.0,Algeria,69,JUDY GRAY,3.82,1,18.97,2005-07-17,3,2,2005-07-11,2
4.96,Guaruj,0.67,1.0,Brazil,427,JESUS MCCARTNEY,3.82,7,18.96,2005-07-15,4,2,2005-07-09,2
4.96,Halisahar,0.38,1.0,India,259,LENA JENSEN,5.43,11,26.94,2005-08-27,6,2,2005-08-21,2
4.96,Hodeida,0.54,1.0,Yemen,470,GORDON ALLARD,5.84,1,28.93,2005-08-05,7,2,2005-07-30,2
4.96,Imus,0.25,1.0,Philippines,349,JOE GILLILAND,3.82,1,18.97,2005-08-08,3,2,2005-08-02,2
4.96,London,0.5,1.0,United Kingdom,512,CECIL VINES,4.82,1,23.94,2005-08-28,6,2,2005-08-22,2
4.96,Nakhon Sawan,1.0,1.0,Thailand,390,SHAWN HEATON,4.82,3,23.94,2005-07-13,6,2,2005-07-07,2
4.97,Balaiha,0.71,1.0,Russian Federation,55,DORIS REED,4.42,10,21.95,2005-08-25,5,2,2005-08-19,2
4.97,Kalisz,0.57,1.0,Poland,270,LEAH CURTIS,4.42,1,21.96,2005-08-07,4,2,2005-08-01,2
4.97,Nha Trang,0.31,1.0,Vietnam,520,MITCHELL WESTMORELAND,3.62,2,17.95,2005-08-27,5,2,2005-08-21,2
4.97,San Bernardino,0.28,1.0,United States,2,PATRICIA JOHNSON,4.82,16,23.95,2005-08-25,5,2,2005-08-19,2
4.97,Suihua,0.57,0.9666666666666667,China,511,CHESTER BENNER,4.42,18,21.96,2005-08-25,4,1,2005-08-19,1
4.97,Sunnyvale,0.71,1.0,United States,214,KRISTIN JOHNSTON,4.42,15,21.95,2005-08-04,5,2,2005-07-29,2
4.97,Syrakusa,0.67,1.0,Italy,221,BESSIE MORRISON,4.82,2,23.96,2005-07-14,4,2,2005-07-08,2
4.99,Pontianak,1.6,1.0,Indonesia,506,LESLIE SEWARD,5.59,6,27.92,2005-08-02,8,2,2005-07-27,2
4.99,Shahr-e Kord,1.6,1.0,Iran,185,ROBERTA HARPER,5.19,3,25.92,2005-08-02,8,2,2005-07-27,2
4.99,Tabora,1.0,1.0,Tanzania,190,YOLANDA WEAVER,4.99,3,24.92,2005-08-23,8,2,2005-08-17,2
44.37,Lincoln,7.0,1.0,United States,63,ASHLEY RICHARDSON,0.99,1,43.93,2005-07-12,7,2,2005-07-06,2
5.0,A Corua (La Corua),0.8,1.0,Spain,52,JULIE SANCHEZ,3.19,1,15.96,2005-07-15,4,2,2005-07-09,2
5.0,Amersfoort,0.75,1.0,Netherlands,415,GLENN PULLEN,3.99,2,19.94,2005-08-04,6,2,2005-07-29,2
5.0,Baicheng,1.2,1.0,China,538,TED BREAUX,4.79,6,23.94,2005-07-15,6,2,2005-07-09,2
5.0,Bayugan,0.63,1.0,Philippines,188,MELANIE ARMSTRONG,3.99,3,19.95,2005-08-07,5,2,2005-08-01,2
5.0,Beni-Mellal,0.83,1.0,Morocco,543,LANCE PEMBERTON,3.99,2,19.95,2005-08-06,5,2,2005-07-31,2
5.0,Benin City,0.56,1.0,Nigeria,284,SONIA GREGORY,4.99,7,24.95,2005-08-26,5,2,2005-08-20,2
5.0,Bern,0.57,1.0,Switzerland,155,GAIL KNIGHT,3.99,2,19.96,2005-08-03,4,2,2005-07-28,2
5.0,Bislig,0.8,1.0,Philippines,94,NORMA GONZALES,3.99,7,19.96,2005-07-13,4,2,2005-07-07,2
5.0,Bislig,1.25,1.0,Philippines,94,NORMA GONZALES,2.99,4,14.95,2005-08-26,5,2,2005-08-20,2
5.0,Boksburg,4.0,1.0,South Africa,125,ETHEL WEBB,3.99,4,19.96,2005-06-21,4,1,2005-06-15,1
5.0,Brindisi,1.0,1.0,Italy,499,MARC OUTLAW,3.99,1,19.95,2005-07-15,5,2,2005-07-09,2
5.0,Brindisi,4.0,1.0,Italy,499,MARC OUTLAW,2.99,3,14.96,2005-06-21,4,2,2005-06-15,2
5.0,Buenaventura,1.0,1.0,Colombia,235,JACKIE LYNCH,4.19,3,20.95,2005-07-14,5,2,2005-07-08,2
5.0,Crdoba,2.5,1.0,Argentina,24,KIMBERLY LEE,4.99,2,24.95,2005-06-22,5,2,2005-06-16,2
5.0,Deba Habe,2.67,1.0,Nigeria,409,RODNEY MOELLER,6.99,6,34.92,2005-07-14,8,2,2005-07-08,2
5.0,Denizli,1.33,1.0,Turkey,483,VERNON CHAPA,4.99,8,24.96,2005-07-12,4,2,2005-07-06,2
5.0,Dzerzinsk,0.8,1.0,Russian Federation,430,RAY HOULE,2.99,3,14.96,2005-08-26,4,2,2005-08-20,2
5.0,Elista,0.8,1.0,Russian Federation,17,DONNA THOMPSON,4.39,7,21.96,2005-08-05,4,2,2005-07-30,2
5.0,Huaian,1.0,1.0,China,384,ERNEST STEPP,2.99,10,14.96,2005-08-27,4,2,2005-08-21,2
5.0,Iwakuni,1.75,1.0,Japan,54,TERESA ROGERS,4.99,8,24.93,2005-07-14,7,2,2005-07-08,2
5.0,Jhansi,0.45,1.0,India,32,AMY LOPEZ,3.99,31,19.95,2005-08-03,5,2,2005-07-28,2
5.0,Kakamigahara,1.0,1.0,Japan,163,CATHY SPENCER,4.99,14,24.94,2005-07-12,6,2,2005-07-06,2
5.0,Kamyin,1.2,1.0,Russian Federation,510,BEN EASTER,5.39,4,26.94,2005-06-23,6,2,2005-06-17,2
5.0,Kansas City,5.0,1.0,United States,308,THOMAS GRIGSBY,3.99,5,19.95,2005-06-23,5,2,2005-06-17,2
5.0,Katihar,0.4,1.0,India,419,CHAD CARBONE,3.99,31,19.96,2005-08-24,4,2,2005-08-18,2
5.0,Kimberley,2.0,1.0,South Africa,19,RUTH MARTINEZ,4.99,3,24.96,2005-08-05,4,2,2005-07-30,2
5.0,Korla,0.42,1.0,China,283,FELICIA SUTTON,2.99,24,14.95,2005-08-03,5,2,2005-07-28,2
5.0,Kursk,1.0,1.0,Russian Federation,311,PAUL TROUT,5.99,9,29.94,2005-08-25,6,2,2005-08-19,2
5.0,Ljubertsy,0.33,1.0,Russian Federation,160,ERIN DUNN,3.99,2,19.95,2005-08-28,5,2,2005-08-22,2
5.0,Loja,0.6,1.0,Ecuador,589,TRACY HERRMANN,4.19,1,20.97,2005-06-25,3,2,2005-06-19,2
5.0,Matsue,1.0,1.0,Japan,355,TERRY GRISSOM,4.39,2,21.95,2005-07-16,5,2,2005-07-10,2
5.0,Miraj,1.0,1.0,India,316,STEVEN CURLEY,5.19,5,25.95,2005-06-23,5,2,2005-06-17,2
5.0,Nabereznyje Telny,1.2,1.0,Russian Federation,447,CLIFFORD BOWENS,3.79,8,18.94,2005-07-14,6,2,2005-07-08,2
5.0,Nakhon Sawan,0.4,1.0,Thailand,390,SHAWN HEATON,3.79,2,18.96,2005-08-05,4,2,2005-07-30,2
5.0,Ocumare del Tuy,1.0,1.0,Venezuela,174,YVONNE WATKINS,4.99,2,24.95,2005-08-05,5,2,2005-07-30,2
5.0,Pachuca de Soto,1.2,1.0,Mexico,353,JONATHAN SCARBOROUGH,3.59,7,17.94,2005-08-25,6,2,2005-08-19,2
5.0,Palghat (Palakkad),0.86,1.0,India,268,NINA SOTO,4.99,32,24.94,2005-08-24,6,2,2005-08-18,2
5.0,Patras,1.0,1.0,Greece,596,ENRIQUE FORSYTHE,3.59,1,17.95,2005-08-06,5,2,2005-07-31,2
5.0,Pontianak,1.0,1.0,Indonesia,506,LESLIE SEWARD,5.59,4,27.95,2005-07-14,5,2,2005-07-08,2
5.0,Sanaa,1.75,1.0,Yemen,303,WILLIAM SATTERFIELD,4.99,2,24.93,2005-08-02,7,2,2005-07-27,2
5.0,Santiago de los Caballeros,0.4,1.0,Dominican Republic,258,MYRTLE FLEMING,4.39,2,21.96,2005-08-26,4,2,2005-08-20,2
5.0,Siegen,0.4,1.0,Germany,195,VANESSA SIMS,4.39,4,21.96,2005-08-25,4,1,2005-08-19,1
5.0,Sucre,1.2,1.0,Bolivia,431,JOEL FRANCISCO,4.59,2,22.94,2005-08-23,6,2,2005-08-17,2
5.0,Tanshui,0.64,1.0,Taiwan,577,CLIFTON MALCOLM,4.99,4,24.93,2005-08-24,7,2,2005-08-18,2
5.0,Varanasi (Benares),5.0,1.0,India,123,SHANNON FREEMAN,2.99,7,14.95,2005-06-21,5,2,2005-06-15,2
5.0,Weifang,1.2,1.0,China,588,MARION OCAMPO,4.99,19,24.94,2005-07-12,6,2,2005-07-06,2
5.0,Xiangtan,0.8,1.0,China,67,KELLY TORRES,3.99,23,19.96,2005-08-03,4,2,2005-07-28,2
5.0,Xintai,0.71,1.0,China,564,BOB PFEIFFER,3.99,17,19.95,2005-08-06,5,2,2005-07-31,2
5.0,Xinxiang,0.6,1.0,China,339,WALTER PERRYMAN,4.19,21,20.94,2005-08-24,6,2,2005-08-18,2
5.0,Zhoushan,6.0,1.0,China,550,GUY BROWNLEE,7.99,9,39.94,2005-06-21,6,2,2005-06-15,2
5.01,Ezhou,0.4,1.0,China,313,DONALD MAHON,2.59,5,12.98,2005-06-25,2,2,2005-06-19,2
5.01,Hohhot,1.5,1.0,China,138,HAZEL WARREN,1.99,8,9.97,2005-06-21,3,2,2005-06-15,2
5.01,Kamarhati,0.5,1.0,India,31,BRENDA WRIGHT,2.99,30,14.97,2005-08-24,3,2,2005-08-18,2
5.01,Klerksdorp,0.43,1.0,South Africa,109,EDNA WEST,2.99,3,14.97,2005-08-25,3,2,2005-08-19,2
5.01,Nagareyama,0.6,1.0,Japan,53,HEATHER MORRIS,2.19,13,10.97,2005-07-12,3,1,2005-07-06,1
5.01,Novoterkassk,0.5,1.0,Russian Federation,191,JEANETTE GREENE,2.99,7,14.97,2005-07-15,3,2,2005-07-09,2
5.01,Rae Bareli,2.0,1.0,India,78,LORI WOOD,2.99,1,14.98,2005-06-26,2,1,2005-06-20,1
5.01,Sanaa,0.25,1.0,Yemen,303,WILLIAM SATTERFIELD,2.99,2,14.97,2005-08-27,3,2,2005-08-21,2
5.01,Siliguri (Shiliguri),0.75,1.0,India,502,BRETT CORNWELL,1.99,9,9.97,2005-06-22,3,2,2005-06-16,2
5.01,Tama,0.6,1.0,Japan,385,PHILLIP HOLM,2.99,7,14.97,2005-07-14,3,1,2005-07-08,1
5.01,Zalantun,1.0,1.0,China,93,PHYLLIS FOSTER,2.99,5,14.97,2005-07-15,3,2,2005-07-09,2
5.01,Zeleznogorsk,0.33,1.0,Russian Federation,351,JACK FOUST,2.99,1,14.97,2005-07-17,3,2,2005-07-11,2
5.01,Zeleznogorsk,3.0,1.0,Russian Federation,351,JACK FOUST,1.99,4,9.97,2005-06-22,3,2,2005-06-16,2
5.02,Bayugan,1.0,1.0,Philippines,188,MELANIE ARMSTRONG,1.99,3,9.98,2005-06-24,2,2,2005-06-18,2
5.02,Bergamo,0.5,1.0,Italy,439,ALEXANDER FENNELL,1.99,1,9.99,2005-06-04,1,1,2005-05-29,1
5.02,Brockton,0.56,1.0,United States,149,VALERIE BLACK,4.77,10,23.95,2005-07-14,5,1,2005-07-08,1
5.02,Kamarhati,0.21,0.9705882352941176,India,31,BRENDA WRIGHT,3.78,12,18.97,2005-07-14,3,2,2005-07-08,2
5.02,Santo Andr,0.4,1.0,Brazil,354,JUSTIN NGO,1.99,1,9.98,2005-06-25,2,1,2005-06-19,1
5.03,Allende,0.36,1.0,Mexico,414,VINCENT RALSTON,3.17,5,15.96,2005-08-26,4,2,2005-08-20,2
5.03,Denizli,0.83,1.0,Turkey,483,VERNON CHAPA,5.16,9,25.95,2005-08-03,5,2,2005-07-28,2
5.03,Juazeiro do Norte,0.71,1.0,Brazil,47,FRANCES PARKER,4.56,10,22.95,2005-08-04,5,2,2005-07-29,2
5.03,Kolpino,0.55,1.0,Russian Federation,295,DAISY BATES,5.35,10,26.94,2005-08-23,6,2,2005-08-17,2
5.03,Korla,0.55,1.0,China,283,FELICIA SUTTON,3.17,30,15.94,2005-08-02,6,2,2005-07-27,2
5.03,Newcastle,1.0,1.0,South Africa,432,EDWIN BURK,5.16,6,25.94,2005-08-02,6,1,2005-07-27,1
5.03,Shikarpur,0.67,1.0,Pakistan,25,DEBORAH WALKER,3.77,3,18.94,2005-08-23,6,1,2005-08-17,1
5.03,Sogamoso,1.0,1.0,Colombia,490,SAM MCDUFFIE,5.16,1,25.94,2005-07-16,6,2,2005-07-10,2
5.03,Vicente Lpez,2.0,1.0,Argentina,219,WILLIE HOWELL,0.99,2,4.98,2005-06-24,2,1,2005-06-18,1
5.04,Eskisehir,1.0,1.0,Turkey,507,EDGAR RHOADS,0.99,2,4.99,2005-06-04,1,1,2005-05-29,1
5.04,Haining,0.5,1.0,China,552,HUGH WALDROP,0.99,1,4.99,2005-06-27,1,1,2005-06-21,1
5.04,Iwakuni,0.36,1.0,Japan,54,TERESA ROGERS,4.35,10,21.96,2005-08-26,4,1,2005-08-20,1
5.04,Jinchang,1.0,1.0,China,168,REGINA BERRY,0.99,3,4.99,2005-06-03,1,1,2005-05-28,1
5.04,Kamjanets-Podilskyi,0.55,1.0,Ukraine,386,TODD TAN,4.35,1,21.94,2005-08-06,6,2,2005-07-31,2
5.04,Leshan,0.71,1.0,China,569,DAVE GARDINER,3.56,5,17.95,2005-08-07,5,2,2005-08-01,2
5.04,Lima,1.0,1.0,Peru,122,THELMA MURRAY,0.99,1,4.99,2005-06-06,1,1,2005-05-31,1
5.04,Lungtan,0.31,1.0,Taiwan,30,MELISSA KING,3.37,2,16.95,2005-08-27,5,2,2005-08-21,2
5.04,Mandi Bahauddin,1.5,1.0,Pakistan,223,MELINDA FERNANDEZ,5.74,3,28.94,2005-08-25,6,2,2005-08-19,2
5.04,Memphis,0.39,1.0,United States,181,ANA BRADLEY,5.55,15,27.93,2005-08-25,7,1,2005-08-19,1
5.04,Nador,0.5,1.0,Morocco,40,AMANDA CARTER,3.37,1,16.96,2005-08-06,4,2,2005-07-31,2
5.04,Naju,1.0,1.0,South Korea,237,TANYA GILBERT,0.99,1,4.99,2005-06-01,1,1,2005-05-26,1
5.04,Purwakarta,1.0,1.0,Indonesia,524,JARED ELY,0.99,1,4.99,2005-06-05,1,1,2005-05-30,1
5.04,Sumy,0.63,1.0,Ukraine,187,BRITTANY RILEY,6.74,1,33.95,2005-08-26,5,1,2005-08-20,1
5.04,Uluberia,0.5,1.0,India,446,THEODORE CULP,0.99,2,4.99,2005-06-02,1,1,2005-05-27,1
5.04,Vicente Lpez,0.57,1.0,Argentina,219,WILLIE HOWELL,3.56,1,17.96,2005-07-16,4,2,2005-07-10,2
5.05,Inegl,0.89,1.0,Turkey,278,BILLIE HORTON,3.55,7,17.92,2005-08-23,8,2,2005-08-17,2
5.05,Johannesburg,0.43,1.0,South Africa,471,DEAN SAUER,3.56,1,17.97,2005-07-17,3,2,2005-07-11,2
5.05,Udaipur,0.56,1.0,India,170,BEATRICE ARNOLD,4.55,15,22.95,2005-08-06,5,2,2005-07-31,2
5.05,Yuzhou,0.27,1.0,China,324,GARY COY,4.35,9,21.97,2005-08-27,3,2,2005-08-21,2
5.06,Inegl,0.31,1.0,Turkey,278,BILLIE HORTON,2.76,3,13.96,2005-08-27,4,2,2005-08-21,2
5.06,Ipoh,1.67,1.0,Malaysia,171,DOLORES WAGNER,5.32,1,26.95,2005-06-24,5,2,2005-06-18,2
5.06,Ranchi,1.5,1.0,India,358,SAMUEL MARLOW,3.74,27,18.94,2005-08-04,6,2,2005-07-29,2
5.06,Rustenburg,0.36,1.0,South Africa,407,DALE RATCLIFF,4.54,2,22.96,2005-08-07,4,2,2005-08-01,2
5.06,Southampton,0.56,1.0,United Kingdom,583,MARSHALL THORN,5.32,1,26.95,2005-07-14,5,2,2005-07-08,2
5.07,Dongying,2.33,1.0,China,466,LEO EBERT,4.32,29,21.93,2005-08-02,7,2,2005-07-27,2
5.07,Emeishan,1.25,1.0,China,389,ALAN KAHN,3.74,15,18.95,2005-07-13,5,2,2005-07-07,2
5.07,Garden Grove,0.33,1.0,United States,593,RENE MCALISTER,3.74,4,18.96,2005-08-07,4,2,2005-08-01,2
5.07,Soshanguve,0.78,1.0,South Africa,145,LUCILLE HOLMES,4.32,5,21.93,2005-08-02,7,2,2005-07-27,2
5.07,Usak,0.67,1.0,Turkey,204,ROSEMARY SCHMIDT,4.32,1,21.94,2005-07-16,6,2,2005-07-10,2
5.08,Atlixco,0.42,1.0,Mexico,84,SARA PERRY,4.32,14,21.95,2005-08-24,5,2,2005-08-18,2
5.08,Crdoba,1.33,1.0,Argentina,24,KIMBERLY LEE,4.32,1,21.96,2005-06-23,4,2,2005-06-17,2
5.08,Fontana,1.33,1.0,United States,51,ALICE STEWART,4.32,7,21.96,2005-07-15,4,2,2005-07-09,2
5.08,Hiroshima,0.56,0.9565217391304348,Japan,299,JAMES GANNON,4.32,14,21.95,2005-08-25,5,2,2005-08-19,2
5.08,Nam Dinh,0.44,1.0,Vietnam,472,GREG ROBINS,4.32,1,21.96,2005-07-17,4,2,2005-07-11,2
5.08,Ozamis,1.67,1.0,Philippines,434,EDDIE TOMLIN,4.32,2,21.95,2005-06-24,5,2,2005-06-18,2
5.08,Qinhuangdao,0.56,1.0,China,242,GLENDA FRAZIER,4.32,4,21.95,2005-08-07,5,2,2005-08-01,2
5.08,Rancagua,1.33,1.0,Chile,464,JEROME KENYON,4.32,1,21.96,2005-07-13,4,2,2005-07-07,2
5.08,Sasebo,1.5,1.0,Japan,1,MARY SMITH,5.49,17,27.91,2005-08-03,9,2,2005-07-28,2
5.08,Tandil,1.67,1.0,Argentina,405,LEONARD SCHOFIELD,4.32,2,21.95,2005-06-23,5,2,2005-06-17,2
5.08,Valle de la Pascua,0.45,1.0,Venezuela,290,KRISTINA CHAMBERS,3.54,1,17.95,2005-08-05,5,2,2005-07-30,2
5.09,Cianjur,0.63,1.0,Indonesia,411,NORMAN CURRIER,2.74,8,13.95,2005-08-03,5,2,2005-07-28,2
5.09,Kamjanets-Podilskyi,1.0,1.0,Ukraine,386,TODD TAN,4.7,2,23.93,2005-07-16,7,2,2005-07-10,2
5.09,Santa F,0.5,1.0,Argentina,331,ERIC ROBERT,5.29,7,26.95,2005-08-05,5,2,2005-07-30,2
5.09,Uruapan,0.6,1.0,Mexico,454,ALEX GRESHAM,5.29,13,26.94,2005-07-12,6,2,2005-07-06,2
5.1,Araatuba,0.67,1.0,Brazil,77,JANE BENNETT,3.32,4,16.96,2005-06-24,4,2,2005-06-18,2
5.1,Botosani,1.67,1.0,Romania,230,JOY GEORGE,3.32,1,16.95,2005-06-22,5,2,2005-06-16,2
5.1,Greensboro,0.17,1.0,United States,158,VERONICA STONE,2.93,1,14.97,2005-08-29,3,1,2005-08-23,1
5.1,Kamyin,2.67,1.0,Russian Federation,510,BEN EASTER,6.66,7,33.92,2005-06-21,8,2,2005-06-15,2
5.1,Kilis,0.43,1.0,Turkey,143,LESLIE GORDON,3.13,7,15.97,2005-08-26,3,2,2005-08-20,2
5.1,Laredo,1.0,1.0,United States,6,JENNIFER DAVIS,3.32,19,16.94,2005-08-02,6,2,2005-07-27,2
5.1,Sal,0.4,1.0,Morocco,22,LAURA RODRIGUEZ,4.89,1,24.96,2005-08-28,4,1,2005-08-22,1
5.1,So Leopoldo,0.7,1.0,Brazil,443,FRANCISCO SKIDMORE,4.89,13,24.93,2005-08-25,7,2,2005-08-19,2
5.1,Surakarta,1.67,1.0,Indonesia,450,JAY ROBB,3.32,2,16.95,2005-06-23,5,2,2005-06-17,2
5.11,Bern,1.0,1.0,Switzerland,155,GAIL KNIGHT,4.49,1,22.94,2005-08-23,6,2,2005-08-17,2
5.11,Iligan,0.2,1.0,Philippines,580,ROSS GREY,3.32,2,16.97,2005-08-07,3,2,2005-08-01,2
5.11,Lapu-Lapu,0.89,1.0,Philippines,244,VIOLA HANSON,4.88,13,24.92,2005-08-23,8,2,2005-08-17,2
5.11,Ponce,0.6,1.0,Puerto Rico,282,JENNY CASTRO,4.49,2,22.94,2005-08-04,6,1,2005-07-29,1
5.11,San Miguel de Tucumn,1.0,1.0,Argentina,243,LYDIA BURKE,3.7,6,18.93,2005-08-24,7,2,2005-08-18,2
5.11,Tama,0.67,1.0,Japan,385,PHILLIP HOLM,4.1,5,20.94,2005-08-06,6,1,2005-07-31,1
5.12,Denizli,1.75,1.0,Turkey,483,VERNON CHAPA,6.24,10,31.93,2005-08-02,7,2,2005-07-27,2
5.12,Jakarta,0.57,1.0,Indonesia,153,SUZANNE NICHOLS,3.7,7,18.96,2005-08-03,4,1,2005-07-28,1
5.12,Poos de Caldas,0.5,1.0,Brazil,254,MAXINE SILVA,4.09,13,20.95,2005-08-03,5,2,2005-07-28,2
5.12,Santa Brbara dOeste,0.31,1.0,Brazil,178,MARION SNYDER,4.68,12,23.95,2005-08-25,5,2,2005-08-19,2
5.12,Vitria de Santo Anto,0.4,1.0,Brazil,374,JEREMY HURTADO,4.09,1,20.96,2005-08-28,4,2,2005-08-22,2
5.12,Xinxiang,0.45,0.9666666666666667,China,339,WALTER PERRYMAN,3.9,17,19.95,2005-08-25,5,2,2005-08-19,2
5.12,Xinxiang,0.5,1.0,China,339,WALTER PERRYMAN,4.09,28,20.95,2005-08-05,5,2,2005-07-30,2
5.13,Augusta-Richmond County,0.75,1.0,United States,96,DIANA ALEXANDER,4.87,20,24.94,2005-08-24,6,2,2005-08-18,2
5.14,A Corua (La Corua),1.25,1.0,Spain,52,JULIE SANCHEZ,3.49,4,17.95,2005-07-12,5,2,2005-07-06,2
5.14,Almirante Brown,0.63,1.0,Argentina,359,WILLIE MARKHAM,3.49,2,17.95,2005-08-27,5,2,2005-08-21,2
5.14,Belm,0.78,1.0,Brazil,362,NICHOLAS BARFIELD,4.66,12,23.93,2005-08-03,7,2,2005-07-28,2
5.14,Bergamo,2.0,1.0,Italy,439,ALEXANDER FENNELL,4.66,2,23.94,2005-06-21,6,2,2005-06-15,2
5.14,Effon-Alaiye,0.78,1.0,Nigeria,286,VELMA LUCAS,3.88,7,19.93,2005-08-23,7,2,2005-08-17,2
5.14,Huixquilucan,0.4,1.0,Mexico,108,TRACY COLE,3.69,5,18.96,2005-07-15,4,2,2005-07-09,2
5.14,Kuching,1.0,1.0,Malaysia,58,JEAN BELL,4.66,1,23.94,2005-08-06,6,2,2005-07-31,2
5.14,Nagareyama,1.0,0.9565217391304348,Japan,53,HEATHER MORRIS,4.85,13,24.93,2005-08-25,7,2,2005-08-19,2
5.14,Qinhuangdao,0.5,0.9666666666666667,China,242,GLENDA FRAZIER,4.66,16,23.94,2005-08-25,6,2,2005-08-19,2
5.14,Shikarpur,0.5,1.0,Pakistan,25,DEBORAH WALKER,3.49,2,17.95,2005-08-25,5,1,2005-08-19,1
5.14,Siegen,0.27,1.0,Germany,195,VANESSA SIMS,4.08,4,20.97,2005-08-26,3,1,2005-08-20,1
5.15,Chiayi,0.75,1.0,Taiwan,73,BEVERLY BROOKS,3.49,5,17.97,2005-07-15,3,2,2005-07-09,2
5.15,Fengshan,0.86,1.0,Taiwan,576,MORRIS MCCARTER,4.85,4,24.94,2005-07-12,6,2,2005-07-06,2
5.15,Inegl,0.7,1.0,Turkey,278,BILLIE HORTON,3.29,7,16.93,2005-08-25,7,2,2005-08-19,2
5.15,Iwakuni,0.25,1.0,Japan,54,TERESA ROGERS,4.07,6,20.97,2005-08-27,3,1,2005-08-21,1
5.15,Kuching,1.0,1.0,Malaysia,58,JEAN BELL,2.32,2,11.97,2005-07-12,3,2,2005-07-06,2
5.15,Kursk,0.33,1.0,Russian Federation,311,PAUL TROUT,4.66,4,23.97,2005-08-27,3,2,2005-08-21,2
5.15,Toulon,0.67,1.0,France,104,RITA GRAHAM,3.49,1,17.96,2005-07-14,4,2,2005-07-08,2
5.15,Xinxiang,0.86,1.0,China,339,WALTER PERRYMAN,4.85,10,24.94,2005-07-14,6,2,2005-07-08,2
5.15,Yuncheng,0.31,1.0,China,154,MICHELE GRANT,4.07,27,20.96,2005-08-05,4,2,2005-07-30,2
5.16,Jinzhou,2.33,1.0,China,595,TERRENCE GUNDERSON,5.99,14,30.93,2005-07-13,7,2,2005-07-07,2
5.16,Joliet,1.6,1.0,United States,504,NATHANIEL ADAM,6.19,18,31.92,2005-08-02,8,2,2005-07-27,2
5.16,La Plata,1.4,1.0,Argentina,89,JULIA FLORES,6.19,4,31.93,2005-07-13,7,2,2005-07-07,2
5.16,Pemalang,0.63,1.0,Indonesia,116,VICTORIA GIBSON,3.87,2,19.95,2005-08-05,5,2,2005-07-30,2
5.16,Plock,1.4,1.0,Poland,571,JOHNNIE CHISHOLM,6.19,3,31.93,2005-08-03,7,2,2005-07-28,2
5.16,Sasebo,2.0,1.0,Japan,1,MARY SMITH,5.99,19,30.9,2005-08-02,10,2,2005-07-27,2
5.17,Akishima,0.75,1.0,Japan,574,JULIAN VEST,4.24,6,21.94,2005-07-14,6,2,2005-07-08,2
5.17,Dallas,1.6,1.0,United States,400,BRYAN HARDISON,5.79,17,29.92,2005-08-02,8,2,2005-07-27,2
5.17,Haldia,0.4,1.0,India,186,HOLLY FOX,3.86,10,19.94,2005-08-27,6,2,2005-08-21,2
5.17,Inegl,0.55,1.0,Turkey,278,BILLIE HORTON,3.08,6,15.94,2005-08-26,6,2,2005-08-20,2
5.17,Junan,1.0,1.0,China,435,RICKY SHELBY,4.82,26,24.94,2005-08-05,6,2,2005-07-30,2
5.17,Kamarhati,0.29,1.0,India,31,BRENDA WRIGHT,2.7,1,13.98,2005-08-29,2,1,2005-08-23,1
5.17,Molodetno,0.33,1.0,Belarus,144,CLARA SHAW,5.21,1,26.94,2005-08-07,6,2,2005-08-01,2
5.17,Namibe,2.25,1.0,Angola,383,MARTIN BALES,4.24,2,21.91,2005-08-02,9,2,2005-07-27,2
5.17,Syrakusa,1.4,1.0,Italy,221,BESSIE MORRISON,5.79,3,29.93,2005-08-02,7,2,2005-07-27,2
5.18,Angra dos Reis,0.45,1.0,Brazil,307,JOSEPH JOY,4.63,9,23.95,2005-08-04,5,1,2005-07-29,1
5.18,La Romana,1.25,1.0,Dominican Republic,437,RANDALL NEUMANN,4.24,3,21.95,2005-07-14,5,2,2005-07-08,2
5.18,Nantou,0.33,1.0,Taiwan,5,ELIZABETH BROWN,3.66,3,18.95,2005-08-26,5,2,2005-08-20,2
5.18,Surakarta,0.43,1.0,Indonesia,450,JAY ROBB,3.28,5,16.97,2005-07-12,3,1,2005-07-06,1
5.18,Xiangtan,0.29,1.0,China,67,KELLY TORRES,3.28,16,16.98,2005-08-06,2,1,2005-07-31,1
5.19,Batna,4.0,1.0,Algeria,441,MARIO CHEATHAM,4.99,2,25.92,2005-07-12,8,2,2005-07-06,2
5.19,Changzhou,0.33,1.0,China,197,SUE PETERS,3.07,5,15.96,2005-06-23,4,2,2005-06-17,2
5.19,Cuernavaca,1.0,1.0,Mexico,575,ISAAC OGLESBY,3.66,12,18.97,2005-07-12,3,2,2005-07-06,2
5.19,Dayton,1.0,1.0,United States,294,SHELLY WATTS,3.66,9,18.97,2005-07-13,3,2,2005-07-07,2
5.19,Hoshiarpur,0.67,1.0,India,412,ALLEN BUTTERFIELD,3.66,14,18.96,2005-08-06,4,2,2005-07-31,2
5.19,Maikop,1.0,1.0,Russian Federation,346,ARTHUR SIMPKINS,5.19,6,26.95,2005-07-15,5,2,2005-07-09,2
5.19,Najafabad,0.63,1.0,Iran,368,HARRY ARCE,4.62,3,23.95,2005-07-14,5,2,2005-07-08,2
5.19,Nakhon Sawan,1.4,1.0,Thailand,390,SHAWN HEATON,5.19,2,26.93,2005-07-12,7,2,2005-07-06,2
5.19,Pak Kret,0.27,1.0,Thailand,42,CAROLYN PEREZ,3.66,1,18.96,2005-08-06,4,2,2005-07-31,2
5.19,Salinas,0.63,1.0,United States,269,CASSANDRA WALTERS,4.62,14,23.95,2005-08-25,5,2,2005-08-19,2
5.19,Sasebo,0.5,0.9565217391304348,Japan,1,MARY SMITH,3.07,12,15.94,2005-08-25,6,2,2005-08-19,2
5.19,Sasebo,0.64,1.0,Japan,1,MARY SMITH,3.26,18,16.93,2005-08-24,7,2,2005-08-18,2
5.19,Shivapuri,0.57,1.0,India,68,NICOLE PETERSON,3.85,13,19.96,2005-08-06,4,2,2005-07-31,2
5.19,Tanza,0.22,1.0,Philippines,236,MARCIA DEAN,3.66,8,18.96,2005-08-06,4,2,2005-07-31,2
5.19,Yinchuan,1.33,1.0,China,484,ROBERTO VU,3.66,7,18.96,2005-06-21,4,2,2005-06-15,2
5.19,guas Lindas de Gois,0.44,1.0,Brazil,130,CHARLOTTE HUNTER,3.66,14,18.96,2005-08-24,4,2,2005-08-18,2
5.2,Antofagasta,0.25,1.0,Chile,45,JANET PHILLIPS,4.99,1,25.97,2005-08-27,3,2,2005-08-21,2
5.2,Batman,0.6,1.0,Turkey,172,BERNICE WILLIS,4.99,8,25.94,2005-08-03,6,2,2005-07-28,2
5.2,Boa Vista,1.67,1.0,Brazil,342,HAROLD MARTINO,4.99,5,25.95,2005-07-16,5,2,2005-07-10,2
5.2,Citrus Heights,6.0,1.0,United States,14,BETTY WHITE,4.99,14,25.94,2005-07-12,6,2,2005-07-06,2
5.2,Dos Quebradas,1.17,1.0,Colombia,120,SYLVIA ORTIZ,4.99,3,25.93,2005-07-13,7,2,2005-07-07,2
5.2,Hagonoy,1.2,1.0,Philippines,255,IRMA PEARSON,4.99,10,25.94,2005-08-24,6,2,2005-08-18,2
5.2,Korolev,0.86,1.0,Russian Federation,393,PHILIP CAUSEY,4.99,2,25.94,2005-08-01,6,2,2005-07-26,2
5.2,Kuching,0.42,1.0,Malaysia,58,JEAN BELL,4.99,2,25.95,2005-08-26,5,2,2005-08-20,2
5.2,Kursk,0.8,1.0,Russian Federation,311,PAUL TROUT,4.99,7,25.96,2005-08-06,4,2,2005-07-31,2
5.2,Lengshuijiang,1.0,1.0,China,267,MARGIE WADE,4.99,4,25.94,2005-06-25,6,2,2005-06-19,2
5.2,Mexicali,0.57,1.0,Mexico,343,DOUGLAS GRAF,4.42,11,22.96,2005-07-12,4,2,2005-07-06,2
5.2,Mysore,0.5,1.0,India,59,CHERYL MURPHY,4.99,26,25.96,2005-08-04,4,2,2005-07-29,2
5.2,Nakhon Sawan,2.5,1.0,Thailand,390,SHAWN HEATON,4.99,2,25.95,2005-06-22,5,2,2005-06-16,2
5.2,Ogbomosho,3.0,1.0,Nigeria,277,OLGA JIMENEZ,4.99,1,25.94,2005-06-22,6,2,2005-06-16,2
5.2,Shahr-e Kord,1.67,1.0,Iran,185,ROBERTA HARPER,4.99,3,25.95,2005-07-13,5,2,2005-07-07,2
5.2,Shikarpur,0.36,1.0,Pakistan,25,DEBORAH WALKER,3.26,1,16.96,2005-08-27,4,1,2005-08-21,1
5.2,Siegen,0.75,1.0,Germany,195,VANESSA SIMS,4.99,5,25.94,2005-08-23,6,1,2005-08-17,1
5.2,Tallahassee,2.5,1.0,United States,248,CAROLINE BOWMAN,2.49,13,12.95,2005-07-12,5,2,2005-07-06,2
5.2,Yinchuan,0.67,1.0,China,484,ROBERTO VU,4.99,20,25.94,2005-08-24,6,2,2005-08-18,2
5.21,Onomichi,0.5,1.0,Japan,337,JERRY JORDON,4.79,9,24.95,2005-08-26,5,2,2005-08-20,2
5.21,Pjatigorsk,0.22,1.0,Russian Federation,487,HECTOR POINDEXTER,4.6,10,23.96,2005-08-24,4,2,2005-08-18,2
5.21,Sambhal,0.67,1.0,India,217,AGNES BISHOP,4.21,33,21.94,2005-08-23,6,2,2005-08-17,2
5.22,Baha Blanca,0.8,1.0,Argentina,322,JASON MORRISSEY,4.59,1,23.96,2005-06-25,4,2,2005-06-19,2
5.22,Jamalpur,0.29,1.0,Bangladesh,329,FRANK WAGGONER,4.2,2,21.96,2005-08-26,4,2,2005-08-20,2
5.22,Leshan,1.0,1.0,China,569,DAVE GARDINER,3.82,15,19.94,2005-08-06,6,2,2005-07-31,2
5.22,Probolinggo,0.5,1.0,Indonesia,372,STEVE MACKENZIE,3.82,2,19.97,2005-07-16,3,2,2005-07-10,2
5.22,Santiago de Compostela,0.67,1.0,Spain,549,NELSON CHRISTENSON,3.82,2,19.96,2005-08-05,4,1,2005-07-30,1
5.22,Wroclaw,0.45,1.0,Poland,558,JIMMIE EGGLESTON,5.35,2,27.95,2005-07-16,5,2,2005-07-10,2
5.23,Botosani,0.63,1.0,Romania,230,JOY GEORGE,3.24,1,16.95,2005-07-15,5,2,2005-07-09,2
5.23,Hanoi,0.56,1.0,Vietnam,340,PATRICK NEWSOM,3.43,2,17.95,2005-08-07,5,2,2005-08-01,2
5.23,Onomichi,0.67,1.0,Japan,337,JERRY JORDON,4.77,10,24.94,2005-08-04,6,2,2005-07-29,2
5.23,Siegen,0.17,1.0,Germany,195,VANESSA SIMS,3.82,1,19.98,2005-08-27,2,1,2005-08-21,1
5.24,Apeldoorn,0.26,1.0,Netherlands,137,RHONDA KENNEDY,5.15,1,26.95,2005-08-28,5,2,2005-08-22,2
5.24,Arecibo,0.46,1.0,Puerto Rico,360,RALPH MADRIGAL,4.37,1,22.94,2005-08-05,6,2,2005-07-30,2
5.24,Boksburg,0.46,1.0,South Africa,125,ETHEL WEBB,4.37,2,22.94,2005-08-06,6,2,2005-07-31,2
5.24,Fukuyama,0.45,1.0,Japan,141,DEBBIE REYES,3.81,4,19.95,2005-08-07,5,1,2005-08-01,1
5.24,Gandhinagar,0.5,1.0,India,117,EDITH MCDONALD,3.24,3,16.98,2005-07-17,2,1,2005-07-11,1
5.24,Haiphong,1.0,1.0,Vietnam,199,BETH FRANKLIN,4.19,3,21.95,2005-07-15,5,2,2005-07-09,2
5.24,Ivanovo,0.4,1.0,Russian Federation,106,CONNIE WALLACE,4.19,3,21.96,2005-08-07,4,2,2005-08-01,2
5.24,Johannesburg,1.0,1.0,South Africa,471,DEAN SAUER,4.19,4,21.95,2005-07-12,5,2,2005-07-06,2
5.24,Salzburg,0.8,1.0,Austria,266,NORA HERRERA,4.19,1,21.96,2005-08-07,4,2,2005-08-01,2
5.25,Almirante Brown,0.67,1.0,Argentina,359,WILLIE MARKHAM,3.99,8,20.96,2005-08-03,4,2,2005-07-28,2
5.25,Amersfoort,2.5,1.0,Netherlands,415,GLENN PULLEN,3.99,2,20.95,2005-07-14,5,2,2005-07-08,2
5.25,Atinsk,1.0,1.0,Russian Federation,397,JIMMY SCHRADER,3.99,4,20.95,2005-07-16,5,2,2005-07-10,2
5.25,Bijapur,0.83,1.0,India,468,TIM CARY,3.99,8,20.95,2005-06-22,5,2,2005-06-16,2
5.25,Brindisi,0.27,1.0,Italy,499,MARC OUTLAW,3.99,6,20.96,2005-08-25,4,2,2005-08-19,2
5.25,Callao,0.83,1.0,Peru,304,DAVID ROYAL,3.99,3,20.95,2005-08-24,5,2,2005-08-18,2
5.25,Chiayi,1.0,1.0,Taiwan,73,BEVERLY BROOKS,5.13,5,26.93,2005-08-04,7,2,2005-07-29,2
5.25,Hiroshima,1.0,1.0,Japan,299,JAMES GANNON,4.56,12,23.93,2005-07-12,7,2,2005-07-06,2
5.25,Jurez,0.7,1.0,Mexico,369,FRED WHEAT,3.99,5,20.93,2005-08-06,7,2,2005-07-31,2
5.25,Jurez,2.5,1.0,Mexico,369,FRED WHEAT,3.99,10,20.95,2005-07-12,5,2,2005-07-06,2
5.25,Pingxiang,2.0,1.0,China,169,ERICA MATTHEWS,3.99,3,20.96,2005-07-11,4,1,2005-07-05,1
5.25,Salinas,1.0,1.0,United States,269,CASSANDRA WALTERS,5.32,16,27.94,2005-08-02,6,2,2005-07-27,2
5.25,Satna,0.24,0.9722222222222222,India,356,GERALD FULTZ,3.99,19,20.96,2005-08-26,4,2,2005-08-20,2
5.25,Simferopol,0.71,1.0,Ukraine,82,KATHRYN COLEMAN,5.7,3,29.95,2005-08-04,5,2,2005-07-29,2
5.25,Sungai Petani,2.5,1.0,Malaysia,306,CHARLES KOWALSKI,3.99,1,20.95,2005-07-12,5,2,2005-07-06,2
5.25,Tuguegarao,1.0,1.0,Philippines,261,DEANNA BYRD,3.99,2,20.95,2005-06-23,5,2,2005-06-17,2
5.25,Ueda,1.25,1.0,Japan,503,ANGEL BARCLAY,3.99,5,20.95,2005-07-14,5,2,2005-07-08,2
5.25,Usak,0.67,1.0,Turkey,204,ROSEMARY SCHMIDT,3.99,2,20.96,2005-06-23,4,2,2005-06-17,2
5.25,guas Lindas de Gois,1.0,1.0,Brazil,130,CHARLOTTE HUNTER,3.99,7,20.95,2005-08-05,5,2,2005-07-30,2
5.26,Aurora,1.5,1.0,United States,537,CLINTON BUFORD,3.99,4,20.97,2005-06-24,3,2,2005-06-18,2
5.26,Bergamo,0.5,1.0,Italy,439,ALEXANDER FENNELL,3.79,2,19.95,2005-08-05,5,2,2005-07-30,2
5.26,Bhavnagar,0.75,1.0,India,379,CARLOS COUGHLIN,4.37,9,22.94,2005-08-27,6,2,2005-08-21,2
5.26,Goinia,0.7,1.0,Brazil,92,TINA SIMMONS,5.69,17,29.93,2005-08-02,7,2,2005-07-27,2
5.26,Greensboro,1.0,1.0,United States,158,VERONICA STONE,3.99,7,20.97,2005-06-22,3,1,2005-06-16,1
5.26,Memphis,0.5,1.0,United States,181,ANA BRADLEY,6.07,3,31.94,2005-08-07,6,2,2005-08-01,2
5.26,Ozamis,0.38,1.0,Philippines,434,EDDIE TOMLIN,3.99,7,20.97,2005-07-14,3,1,2005-07-08,1
5.26,Rampur,0.36,0.9722222222222222,India,336,JOSHUA MARK,4.17,18,21.96,2005-08-26,4,2,2005-08-20,2
5.26,Ranchi,0.43,1.0,India,358,SAMUEL MARLOW,3.42,29,17.97,2005-08-24,3,1,2005-08-18,1
5.26,San Felipe de Puerto Plata,0.78,1.0,Dominican Republic,418,JEFF EAST,4.55,1,23.93,2005-08-06,7,2,2005-07-31,2
5.26,Stara Zagora,0.5,1.0,Bulgaria,215,JESSIE BANKS,3.99,2,20.97,2005-07-14,3,2,2005-07-08,2
5.27,Araatuba,0.25,1.0,Brazil,77,JANE BENNETT,3.41,7,17.97,2005-08-26,3,1,2005-08-20,1
5.27,Chungho,0.67,1.0,Taiwan,517,BRAD MCCURDY,4.55,6,23.94,2005-07-14,6,2,2005-07-08,2
5.27,Kursk,1.25,1.0,Russian Federation,311,PAUL TROUT,5.49,10,28.95,2005-08-04,5,2,2005-07-29,2
5.27,Ruse,1.0,1.0,Bulgaria,540,TYRONE ASHER,5.49,2,28.94,2005-08-23,6,2,2005-08-17,2
5.28,Atlixco,0.3,1.0,Mexico,84,SARA PERRY,3.59,3,18.97,2005-07-17,3,2,2005-07-11,2
5.28,Aurora,0.44,1.0,United States,330,SCOTT SHELLEY,3.21,17,16.96,2005-08-03,4,2,2005-07-28,2
5.28,Avellaneda,0.46,1.0,Argentina,560,JORDAN ARCHULETA,4.91,4,25.94,2005-08-26,6,2,2005-08-20,2
5.28,Effon-Alaiye,0.6,1.0,Nigeria,286,VELMA LUCAS,3.59,7,18.94,2005-08-24,6,2,2005-08-18,2
5.28,Manchester,0.3,1.0,United States,382,VICTOR BARKLEY,3.59,6,18.97,2005-08-27,3,1,2005-08-21,1
5.28,Pune,0.5,1.0,India,135,JUANITA MASON,4.16,32,21.94,2005-08-23,6,2,2005-08-17,2
5.28,Rustenburg,0.67,1.0,South Africa,407,DALE RATCLIFF,5.1,3,26.94,2005-08-04,6,2,2005-07-29,2
5.28,San Miguel de Tucumn,0.44,1.0,Argentina,243,LYDIA BURKE,3.21,6,16.96,2005-08-05,4,1,2005-07-30,1
5.28,Tanza,0.83,1.0,Philippines,236,MARCIA DEAN,4.16,1,21.95,2005-06-24,5,2,2005-06-18,2
5.28,Yuncheng,1.2,1.0,China,154,MICHELE GRANT,3.59,13,18.94,2005-07-13,6,2,2005-07-07,2
5.28,al-Qatif,0.5,1.0,Saudi Arabia,417,TRAVIS ESTEP,3.59,1,18.95,2005-08-27,5,2,2005-08-21,2
5.29,Blumenau,0.45,1.0,Brazil,206,TERRI VASQUEZ,4.72,6,24.95,2005-08-26,5,2,2005-08-20,2
5.29,Dongying,1.0,1.0,China,466,LEO EBERT,3.39,25,17.95,2005-08-05,5,2,2005-07-30,2
5.29,Ife,1.0,1.0,Nigeria,80,MARILYN ROSS,5.66,5,29.94,2005-07-14,6,2,2005-07-08,2
5.29,Shikarpur,0.5,1.0,Pakistan,25,DEBORAH WALKER,3.39,1,17.95,2005-08-06,5,2,2005-07-31,2
5.3,Abha,0.78,1.0,Saudi Arabia,101,PEGGY MYERS,4.32,4,22.93,2005-08-23,7,2,2005-08-17,2
5.31,Meixian,0.33,1.0,China,90,RUBY WASHINGTON,4.32,3,22.96,2005-08-07,4,2,2005-08-01,2
5.31,Newcastle,0.83,1.0,South Africa,432,EDWIN BURK,4.32,9,22.95,2005-08-23,5,2,2005-08-17,2
5.31,Ogbomosho,1.67,1.0,Nigeria,277,OLGA JIMENEZ,4.32,1,22.95,2005-06-23,5,2,2005-06-17,2
5.31,Rio Claro,0.83,1.0,Brazil,74,DENISE KELLY,4.32,16,22.95,2005-08-02,5,2,2005-07-27,2
5.31,Ruse,0.71,1.0,Bulgaria,540,TYRONE ASHER,4.13,1,21.95,2005-07-17,5,2,2005-07-11,2
5.31,Sumqayit,0.57,1.0,Azerbaijan,334,RAYMOND MCWHORTER,4.13,1,21.96,2005-07-16,4,2,2005-07-10,2
5.32,Purnea (Purnia),0.55,1.0,India,426,BRADLEY MOTLEY,5.44,28,28.94,2005-08-24,6,2,2005-08-18,2
5.32,Yuzhou,0.56,0.9666666666666667,China,324,GARY COY,4.88,15,25.95,2005-08-25,5,2,2005-08-19,2
5.33,Anpolis,0.63,1.0,Brazil,229,TAMARA NGUYEN,3.74,15,19.95,2005-08-02,5,1,2005-07-27,1
5.33,Boa Vista,0.88,1.0,Brazil,342,HAROLD MARTINO,4.12,5,21.93,2005-08-06,7,2,2005-07-31,2
5.33,Changhwa,0.5,1.0,Taiwan,75,TAMMY SANDERS,4.49,4,23.93,2005-08-23,7,2,2005-08-17,2
5.33,Dhule (Dhulia),5.0,0.9705882352941176,India,440,BERNARD COLBY,2.99,11,15.95,2005-07-14,5,2,2005-07-08,2
5.33,Gulbarga,3.5,1.0,India,370,WAYNE TRUONG,4.49,34,23.93,2005-08-02,7,2,2005-07-27,2
5.33,Luzinia,1.75,1.0,Brazil,183,IDA ANDREWS,3.74,13,19.93,2005-07-12,7,2,2005-07-06,2
5.33,Manchester,2.5,1.0,United States,382,VICTOR BARKLEY,2.99,3,15.95,2005-06-24,5,2,2005-06-18,2
5.33,Mardan,1.25,1.0,Pakistan,20,SHARON ROBINSON,3.74,1,19.95,2005-07-13,5,2,2005-07-07,2
5.33,Moscow,0.43,1.0,Russian Federation,46,CATHERINE CAMPBELL,3.56,1,18.97,2005-06-26,3,1,2005-06-20,1
5.33,Shaoguan,0.31,1.0,China,485,CLYDE TOBIAS,3.74,14,19.95,2005-08-06,5,2,2005-07-31,2
5.33,Tel Aviv-Jaffa,0.88,1.0,Israel,161,GERALDINE PERKINS,4.49,2,23.93,2005-08-05,7,2,2005-07-30,2
5.33,Tongliao,1.0,1.0,China,442,LEROY BUSTAMANTE,4.49,12,23.94,2005-07-13,6,2,2005-07-07,2
5.33,ostka,7.0,1.0,Ukraine,475,PEDRO CHESTNUT,5.99,3,31.93,2005-07-13,7,2,2005-07-07,2
5.34,Abu Dhabi,0.3,1.0,United Arab Emirates,452,TOM MILNER,2.99,2,15.97,2005-08-03,3,2,2005-07-28,2
5.34,Apeldoorn,1.0,1.0,Netherlands,137,RHONDA KENNEDY,5.42,2,28.93,2005-07-13,7,2,2005-07-07,2
5.34,Cape Coral,0.5,1.0,United States,526,KARL SEAL,4.12,2,21.96,2005-06-24,4,2,2005-06-18,2
5.34,Celaya,2.0,1.0,Mexico,587,SERGIO STANFIELD,2.99,6,15.96,2005-06-21,4,2,2005-06-15,2
5.34,Changzhou,1.0,1.0,China,197,SUE PETERS,2.24,1,11.96,2005-06-04,4,2,2005-05-29,2
5.34,El Fuerte,0.71,1.0,Mexico,451,JIM REA,5.42,3,28.95,2005-08-07,5,2,2005-08-01,2
5.34,Imus,0.67,1.0,Philippines,349,JOE GILLILAND,2.99,1,15.98,2005-06-26,2,2,2005-06-20,2
5.34,Kirovo-Tepetsk,0.38,1.0,Russian Federation,179,DANA HART,4.3,2,22.95,2005-08-26,5,2,2005-08-20,2
5.34,Rampur,0.56,0.9705882352941176,India,336,JOSHUA MARK,3.55,10,18.95,2005-07-14,5,2,2005-07-08,2
5.34,Robamba,0.5,1.0,Ecuador,494,RAMON CHOATE,2.99,2,15.97,2005-07-14,3,2,2005-07-08,2
5.34,Saint Louis,0.8,1.0,United States,62,JOAN COOPER,2.99,1,15.96,2005-06-26,4,2,2005-06-20,2
5.34,Tambaram,0.75,1.0,India,287,BECKY MILES,3.74,7,19.97,2005-06-22,3,1,2005-06-16,1
5.34,Tegal,0.5,1.0,Indonesia,458,LLOYD DOWD,2.99,1,15.97,2005-07-18,3,2,2005-07-12,2
5.35,Citrus Heights,0.5,1.0,United States,14,BETTY WHITE,4.29,13,22.95,2005-08-05,5,2,2005-07-30,2
5.35,Cuernavaca,0.44,1.0,Mexico,575,ISAAC OGLESBY,4.1,2,21.96,2005-08-07,4,2,2005-08-01,2
5.35,Lapu-Lapu,0.29,1.0,Philippines,244,VIOLA HANSON,3.92,1,20.96,2005-08-07,4,2,2005-08-01,2
5.35,Matamoros,3.0,1.0,Mexico,177,SAMANTHA DUNCAN,4.66,12,24.91,2005-08-02,9,2,2005-07-27,2
5.35,Rockford,2.33,1.0,United States,457,BILL GAVIN,4.66,4,24.93,2005-06-23,7,2,2005-06-17,2
5.35,Taguig,0.44,1.0,Philippines,72,THERESA WATSON,3.55,7,18.96,2005-08-06,4,1,2005-07-31,1
5.36,Baku,0.5,1.0,Azerbaijan,333,ANDREW PURDY,4.66,1,24.94,2005-08-26,6,2,2005-08-20,2
5.36,Hohhot,0.25,1.0,China,138,HAZEL WARREN,1.49,3,7.99,2005-06-25,1,1,2005-06-19,1
5.36,Jamalpur,0.8,1.0,Bangladesh,329,FRANK WAGGONER,2.79,1,14.96,2005-06-25,4,2,2005-06-19,2
5.36,Nantou,0.33,1.0,Taiwan,5,ELIZABETH BROWN,3.72,3,19.95,2005-08-06,5,2,2005-07-31,2
5.36,Rizhao,0.83,1.0,China,496,TYLER WREN,4.66,15,24.95,2005-08-26,5,2,2005-08-20,2
5.36,al-Qadarif,0.57,1.0,Sudan,395,JOHNNY TURPIN,2.42,2,12.96,2005-07-13,4,2,2005-07-07,2
5.37,Akishima,0.86,1.0,Japan,574,JULIAN VEST,4.28,17,22.94,2005-08-23,6,2,2005-08-17,2
5.37,Bergamo,0.86,1.0,Italy,439,ALEXANDER FENNELL,4.28,1,22.94,2005-07-14,6,2,2005-07-08,2
5.37,Effon-Alaiye,0.33,1.0,Nigeria,286,VELMA LUCAS,3.16,6,16.96,2005-08-26,4,2,2005-08-20,2
5.37,Haldia,0.6,1.0,India,186,HOLLY FOX,2.79,4,14.97,2005-06-23,3,2,2005-06-17,2
5.37,Lengshuijiang,1.4,1.0,China,267,MARGIE WADE,5.39,4,28.93,2005-06-24,7,2,2005-06-18,2
5.37,Udine,1.6,1.0,Italy,525,ADRIAN CLARY,5.39,2,28.92,2005-08-02,8,2,2005-07-27,2
5.37,Vicente Lpez,0.86,1.0,Argentina,219,WILLIE HOWELL,4.28,5,22.94,2005-08-23,6,2,2005-08-17,2
5.38,Batna,0.45,1.0,Algeria,441,MARIO CHEATHAM,4.08,1,21.95,2005-08-26,5,2,2005-08-20,2
5.38,Cuautla,0.33,1.0,Mexico,323,MATTHEW MAHAN,3.52,6,18.95,2005-08-25,5,1,2005-08-19,1
5.39,Amroha,0.57,1.0,India,534,CHRISTIAN JUNG,3.7,4,19.96,2005-08-07,4,2,2005-08-01,2
5.39,Ife,0.42,1.0,Nigeria,80,MARILYN ROSS,4.07,5,21.95,2005-08-26,5,2,2005-08-20,2
5.39,Kilis,0.43,1.0,Turkey,143,LESLIE GORDON,3.7,3,19.97,2005-07-14,3,2,2005-07-08,2
5.39,Nabereznyje Telny,1.0,1.0,Russian Federation,447,CLIFFORD BOWENS,5.37,9,28.92,2005-08-24,8,2,2005-08-18,2
5.39,Rae Bareli,0.67,1.0,India,78,LORI WOOD,5.74,24,30.92,2005-08-25,8,2,2005-08-19,2
5.4,Arlington,0.56,1.0,United States,305,RICHARD MCCRARY,4.43,12,23.95,2005-08-05,5,2,2005-07-30,2
5.4,Bag,2.0,1.0,Brazil,398,ANTONIO MEEK,4.99,8,26.94,2005-08-04,6,2,2005-07-29,2
5.4,Basel,3.0,1.0,Switzerland,61,KATHERINE RIVERA,4.99,1,26.94,2005-08-03,6,2,2005-07-28,2
5.4,Cam Ranh,0.36,1.0,Vietnam,532,NEIL RENNER,4.99,1,26.95,2005-08-07,5,2,2005-08-01,2
5.4,Caracas,0.44,1.0,Venezuela,111,CARMEN OWENS,3.32,1,17.96,2005-08-07,4,2,2005-08-01,2
5.4,Ciomas,0.67,1.0,Indonesia,239,MINNIE ROMERO,3.88,5,20.94,2005-08-04,6,2,2005-07-29,2
5.4,Donostia-San Sebastin,0.63,1.0,Spain,293,MAE FLETCHER,4.99,2,26.95,2005-07-13,5,2,2005-07-07,2
5.4,Haldia,2.0,1.0,India,186,HOLLY FOX,3.32,25,17.94,2005-08-04,6,2,2005-07-29,2
5.4,Iwatsuki,0.56,1.0,Japan,396,EARL SHANKS,3.32,9,17.95,2005-08-05,5,2,2005-07-30,2
5.4,Junan,1.13,1.0,China,435,RICKY SHELBY,4.24,33,22.91,2005-08-23,9,2,2005-08-17,2
5.4,Sumy,0.56,1.0,Ukraine,187,BRITTANY RILEY,4.43,1,23.95,2005-07-15,5,2,2005-07-09,2
5.4,Teboksary,7.0,1.0,Russian Federation,350,JUAN FRALEY,4.99,2,26.93,2005-08-22,7,2,2005-08-16,2
5.4,Yamuna Nagar,3.0,1.0,India,12,NANCY THOMAS,4.99,6,26.94,2005-06-22,6,2,2005-06-16,2
5.41,Nagareyama,1.33,1.0,Japan,53,HEATHER MORRIS,5.16,17,27.92,2005-08-24,8,2,2005-08-18,2
5.41,Ourense (Orense),0.53,1.0,Spain,469,WESLEY BULL,4.79,3,25.92,2005-08-04,8,2,2005-07-29,2
5.41,Palghat (Palakkad),0.63,1.0,India,268,NINA SOTO,4.62,20,24.95,2005-08-05,5,2,2005-07-30,2
5.41,Pontianak,0.2,1.0,Indonesia,506,LESLIE SEWARD,3.32,1,17.97,2005-08-28,3,2,2005-08-22,2
5.41,Santa Rosa,0.43,1.0,Philippines,522,ARNOLD HAVENS,5.35,12,28.94,2005-08-23,6,2,2005-08-17,2
5.41,Tokat,1.25,1.0,Turkey,566,CASEY MENA,4.24,7,22.95,2005-07-12,5,2,2005-07-06,2
5.41,Vijayawada,0.55,1.0,India,508,MILTON HOWLAND,5.72,12,30.94,2005-08-06,6,2,2005-07-31,2
5.42,Coatzacoalcos,0.38,1.0,Mexico,482,MAURICE CRAWLEY,4.24,2,22.97,2005-07-17,3,2,2005-07-11,2
5.42,Hodeida,0.71,1.0,Yemen,470,GORDON ALLARD,4.42,2,23.95,2005-07-14,5,2,2005-07-08,2
5.42,Hohhot,0.67,1.0,China,138,HAZEL WARREN,1.66,4,8.98,2005-06-23,2,2,2005-06-17,2
5.42,Usak,0.33,1.0,Turkey,204,ROSEMARY SCHMIDT,4.24,2,22.96,2005-08-27,4,2,2005-08-21,2
5.42,Varanasi (Benares),0.57,1.0,India,123,SHANNON FREEMAN,4.42,24,23.96,2005-08-04,4,2,2005-07-29,2
5.43,Balurghat,0.33,1.0,India,208,LUCY WHEELER,3.49,11,18.96,2005-08-06,4,2,2005-07-31,2
5.43,Jedda,0.78,1.0,Saudi Arabia,49,JOYCE EDWARDS,5.32,2,28.93,2005-08-04,7,2,2005-07-29,2
5.43,Maikop,0.43,1.0,Russian Federation,346,ARTHUR SIMPKINS,4.78,1,25.94,2005-08-28,6,2,2005-08-22,2
5.43,Urawa,0.19,1.0,Japan,147,JOANNE ROBERTSON,3.87,1,20.97,2005-08-29,3,2,2005-08-23,2
5.43,Usak,1.5,1.0,Turkey,204,ROSEMARY SCHMIDT,5.32,6,28.91,2005-07-13,9,2,2005-07-07,2
5.43,Vinh,0.83,1.0,Vietnam,523,HARVEY GUAJARDO,3.49,4,18.95,2005-08-23,5,1,2005-08-17,1
5.43,Xintai,1.4,1.0,China,564,BOB PFEIFFER,4.59,24,24.93,2005-08-05,7,2,2005-07-30,2
5.44,Acua,0.86,1.0,Mexico,486,GLEN TALBERT,5.13,11,27.94,2005-08-02,6,2,2005-07-27,2
5.44,Buenaventura,0.86,1.0,Colombia,235,JACKIE LYNCH,3.85,4,20.94,2005-08-24,6,2,2005-08-18,2
5.44,Coatzacoalcos,0.67,1.0,Mexico,482,MAURICE CRAWLEY,4.77,2,25.94,2005-08-28,6,2,2005-08-22,2
5.44,Hoshiarpur,0.44,1.0,India,412,ALLEN BUTTERFIELD,4.77,8,25.96,2005-08-27,4,2,2005-08-21,2
5.44,Huaian,0.38,1.0,China,384,ERNEST STEPP,3.49,2,18.97,2005-06-26,3,2,2005-06-20,2
5.44,Iwaki,0.88,1.0,Japan,240,MARLENE WELCH,5.87,16,31.93,2005-08-23,7,2,2005-08-17,2
5.44,Serpuhov,1.0,1.0,Russian Federation,567,ALFREDO MCADAMS,5.32,9,28.94,2005-08-23,6,2,2005-08-17,2
5.44,Tieli,1.5,1.0,China,599,AUSTIN CINTRON,3.49,3,18.97,2005-06-26,3,2,2005-06-20,2
5.44,Xiangtan,0.5,1.0,China,67,KELLY TORRES,3.49,27,18.97,2005-08-04,3,2,2005-07-29,2
5.45,Meixian,0.62,1.0,China,90,RUBY WASHINGTON,4.76,32,25.92,2005-08-23,8,2,2005-08-17,2
5.45,Monywa,0.56,1.0,Myanmar,256,MABEL HOLLAND,4.21,1,22.95,2005-08-27,5,2,2005-08-21,2
5.45,Plock,0.57,1.0,Poland,571,JOHNNIE CHISHOLM,5.13,2,27.96,2005-07-13,4,2,2005-07-07,2
5.45,Sorocaba,0.57,1.0,Brazil,314,GEORGE LINTON,2.56,4,13.96,2005-07-16,4,2,2005-07-10,2
5.46,Deba Habe,4.5,1.0,Nigeria,409,RODNEY MOELLER,7.49,7,40.91,2005-07-12,9,2,2005-07-06,2
5.46,Florencia,0.88,1.0,Colombia,460,LEON BOSTIC,5.12,2,27.93,2005-08-25,7,2,2005-08-19,2
5.46,Jining,0.44,1.0,China,594,EDUARDO HIATT,3.66,11,19.96,2005-07-13,4,2,2005-07-07,2
5.46,Miyakonojo,0.31,1.0,Japan,253,TERRY CARLSON,3.84,5,20.96,2005-08-27,4,2,2005-08-21,2
5.46,Nanyang,1.0,1.0,China,37,PAMELA BAKER,3.66,2,19.97,2005-07-11,3,2,2005-07-05,2
5.46,San Bernardino,0.35,1.0,United States,2,PATRICIA JOHNSON,4.93,20,26.94,2005-08-23,6,2,2005-08-17,2
5.46,Springs,0.75,1.0,South Africa,83,LOUISE JENKINS,2.74,3,14.97,2005-06-22,3,2,2005-06-16,2
5.46,Sunnyvale,1.67,1.0,United States,214,KRISTIN JOHNSTON,3.66,8,19.95,2005-07-13,5,2,2005-07-07,2
5.46,Vitria de Santo Anto,0.83,1.0,Brazil,374,JEREMY HURTADO,3.66,11,19.95,2005-08-03,5,2,2005-07-28,2
5.47,Garland,1.2,1.0,United States,561,IAN STILL,4.19,3,22.94,2005-06-23,6,1,2005-06-17,1
5.47,Hunuco,0.6,1.0,Peru,565,JAIME NETTLES,5.29,2,28.94,2005-08-24,6,2,2005-08-18,2
5.47,Ibirit,1.25,1.0,Brazil,310,DANIEL CABRAL,4.74,10,25.95,2005-08-03,5,2,2005-07-28,2
5.47,Stockport,1.0,1.0,United Kingdom,477,DAN PAINE,5.66,6,30.94,2005-08-04,6,2,2005-07-29,2
5.47,Sultanbeyli,1.17,1.0,Turkey,493,BRENT HARKINS,5.66,5,30.93,2005-08-26,7,2,2005-08-20,2
5.47,al-Hawiya,0.75,1.0,Saudi Arabia,70,CHRISTINA RAMIREZ,4.74,2,25.94,2005-08-24,6,2,2005-08-18,2
5.48,Bhimavaram,0.4,1.0,India,529,ERIK GUILLEN,4.19,19,22.96,2005-08-05,4,2,2005-07-30,2
5.48,Chungho,0.5,1.0,Taiwan,517,BRAD MCCURDY,4.19,4,22.95,2005-07-15,5,2,2005-07-09,2
5.48,El Fuerte,1.0,1.0,Mexico,451,JIM REA,5.82,10,31.94,2005-08-02,6,2,2005-07-27,2
5.48,Moscow,1.0,1.0,Russian Federation,46,CATHERINE CAMPBELL,4.19,3,22.95,2005-06-23,5,2,2005-06-17,2
5.48,Ourense (Orense),0.44,1.0,Spain,469,WESLEY BULL,4.55,1,24.93,2005-08-05,7,2,2005-07-30,2
5.48,Owo,0.31,1.0,Nigeria,280,TRACEY BARRETT,4.55,4,24.95,2005-08-26,5,2,2005-08-20,2
5.48,Shikarpur,1.0,1.0,Pakistan,25,DEBORAH WALKER,4.74,1,25.96,2005-06-22,4,2,2005-06-16,2
5.48,Sorocaba,0.38,1.0,Brazil,314,GEORGE LINTON,2.37,2,12.97,2005-07-17,3,1,2005-07-11,1
5.48,Yuncheng,0.78,1.0,China,154,MICHELE GRANT,5.1,19,27.93,2005-08-24,7,2,2005-08-18,2
5.49,Batna,0.36,1.0,Algeria,441,MARIO CHEATHAM,3.63,1,19.95,2005-08-06,5,2,2005-07-31,2
5.49,Huixquilucan,0.86,1.0,Mexico,108,TRACY COLE,5.28,13,28.94,2005-08-24,6,2,2005-08-18,2
5.49,Rustenburg,0.82,1.0,South Africa,407,DALE RATCLIFF,5.08,2,27.91,2005-08-22,9,2,2005-08-16,2
5.5,Akishima,0.33,1.0,Japan,574,JULIAN VEST,3.99,9,21.96,2005-08-04,4,1,2005-07-29,1
5.5,Amersfoort,0.36,1.0,Netherlands,415,GLENN PULLEN,3.63,2,19.96,2005-08-26,4,2,2005-08-20,2
5.5,Avellaneda,1.67,1.0,Argentina,560,JORDAN ARCHULETA,3.99,3,21.95,2005-07-13,5,2,2005-07-07,2
5.5,Cabuyao,5.0,1.0,Philippines,371,BILLY POULIN,3.99,1,21.95,2005-06-01,5,2,2005-05-26,2
5.5,Changzhou,0.5,1.0,China,197,SUE PETERS,3.99,9,21.96,2005-07-14,4,2,2005-07-08,2
5.5,Czestochowa,0.42,1.0,Poland,572,SIDNEY BURLESON,3.99,4,21.95,2005-08-23,5,2,2005-08-17,2
5.5,Dzerzinsk,3.5,1.0,Russian Federation,430,RAY HOULE,3.99,8,21.93,2005-08-24,7,2,2005-08-18,2
5.5,Hami,0.56,1.0,China,165,LORRAINE STEPHENS,3.99,26,21.95,2005-08-04,5,2,2005-07-29,2
5.5,Izumisano,0.36,1.0,Japan,391,CLARENCE GAMEZ,3.44,3,18.96,2005-08-07,4,2,2005-08-01,2
5.5,Jining,1.0,1.0,China,594,EDUARDO HIATT,3.99,1,21.94,2005-07-11,6,2,2005-07-05,2
5.5,Kaliningrad,1.0,1.0,Russian Federation,301,ROBERT BAUGHMAN,3.99,8,21.96,2005-08-25,4,2,2005-08-19,2
5.5,Kanazawa,0.56,1.0,Japan,547,KURT EMMONS,3.99,16,21.95,2005-08-24,5,2,2005-08-18,2
5.5,Kermanshah,0.56,1.0,Iran,377,HOWARD FORTNER,3.99,3,21.95,2005-08-06,5,1,2005-07-31,1
5.5,Merlo,0.75,1.0,Argentina,107,FLORENCE WOODS,3.99,2,21.94,2005-07-15,6,2,2005-07-09,2
5.5,Nabereznyje Telny,0.45,1.0,Russian Federation,447,CLIFFORD BOWENS,4.35,1,23.95,2005-08-26,5,2,2005-08-20,2
5.5,Paarl,0.86,1.0,South Africa,338,DENNIS GILMAN,3.99,4,21.94,2005-08-02,6,2,2005-07-27,2
5.5,Purwakarta,1.0,1.0,Indonesia,524,JARED ELY,3.99,3,21.96,2005-07-15,4,2,2005-07-09,2
5.5,Satna,0.36,1.0,India,356,GERALD FULTZ,3.63,10,19.96,2005-08-06,4,2,2005-07-31,2
5.5,Vancouver,0.56,1.0,Canada,436,TROY QUIGLEY,3.99,5,21.95,2005-08-05,5,2,2005-07-30,2
5.5,Yingkou,0.75,1.0,China,521,ROLAND SOUTH,3.99,14,21.94,2005-08-26,6,2,2005-08-20,2
5.5,al-Ayn,2.5,1.0,United Arab Emirates,98,LILLIAN GRIFFIN,3.99,1,21.95,2005-06-22,5,2,2005-06-16,2
5.51,Brindisi,1.33,1.0,Italy,499,MARC OUTLAW,4.16,3,22.92,2005-08-03,8,2,2005-07-28,2
5.51,Duisburg,0.7,1.0,Germany,114,GRACE ELLIS,4.89,3,26.93,2005-08-26,7,2,2005-08-20,2
5.51,Liaocheng,0.46,1.0,China,129,CARRIE PORTER,4.53,13,24.94,2005-08-26,6,2,2005-08-20,2
5.51,Monywa,0.6,1.0,Myanmar,256,MABEL HOLLAND,1.99,1,10.97,2005-08-05,3,1,2005-07-30,1
5.51,Nanyang,1.5,0.9565217391304348,China,37,PAMELA BAKER,1.99,4,10.97,2005-06-22,3,2,2005-06-16,2
5.52,Anpolis,1.0,1.0,Brazil,229,TAMARA NGUYEN,4.16,11,22.94,2005-08-25,6,2,2005-08-19,2
5.52,Hiroshima,0.63,1.0,Japan,299,JAMES GANNON,3.62,16,19.95,2005-08-03,5,2,2005-07-28,2
5.52,Munger (Monghyr),0.89,1.0,India,28,CYNTHIA YOUNG,4.88,31,26.92,2005-08-23,8,2,2005-08-17,2
5.52,Pudukkottai,0.88,1.0,India,421,LEE HAWKS,5.24,23,28.93,2005-08-04,7,2,2005-07-29,2
5.52,Salamanca,0.27,1.0,Mexico,273,PRISCILLA LOWE,4.52,1,24.96,2005-08-07,4,1,2005-08-01,1
5.52,San Felipe de Puerto Plata,0.22,1.0,Dominican Republic,418,JEFF EAST,3.43,1,18.96,2005-08-28,4,2,2005-08-22,2
5.52,Santo Andr,0.63,1.0,Brazil,354,JUSTIN NGO,3.62,6,19.95,2005-07-15,5,2,2005-07-09,2
5.52,Shubra al-Khayma,0.28,1.0,Egypt,119,SHERRY MARSHALL,4.16,1,22.95,2005-08-28,5,2,2005-08-22,2
5.52,Surakarta,0.4,1.0,Indonesia,450,JAY ROBB,2.89,4,15.96,2005-08-27,4,2,2005-08-21,2
5.53,Hami,1.0,1.0,China,165,LORRAINE STEPHENS,3.79,8,20.95,2005-07-14,5,2,2005-07-08,2
5.53,Katihar,0.38,1.0,India,419,CHAD CARBONE,3.07,3,16.95,2005-08-07,5,2,2005-08-01,2
5.54,Aurora,1.0,1.0,United States,537,CLINTON BUFORD,4.32,12,23.94,2005-08-26,6,2,2005-08-20,2
5.54,Kolpino,2.33,1.0,Russian Federation,295,DAISY BATES,4.32,2,23.93,2005-06-23,7,2,2005-06-17,2
5.54,Paarl,0.56,1.0,South Africa,338,DENNIS GILMAN,4.32,5,23.95,2005-07-13,5,2,2005-07-07,2
5.54,Sucre,1.0,1.0,Bolivia,431,JOEL FRANCISCO,3.24,1,17.96,2005-08-04,4,2,2005-07-29,2
5.54,Tete,0.63,1.0,Mozambique,97,ANNIE RUSSELL,3.24,2,17.95,2005-08-02,5,2,2005-07-27,2
5.55,Ezhou,1.17,1.0,China,313,DONALD MAHON,4.49,31,24.93,2005-08-23,7,2,2005-08-17,2
5.55,Koriyama,1.14,1.0,Japan,401,TONY CARRANZA,4.13,15,22.92,2005-08-24,8,2,2005-08-18,2
5.55,Linz,0.38,1.0,Austria,159,JILL HAWKINS,3.24,1,17.97,2005-08-06,3,2,2005-07-31,2
5.55,Mannheim,0.7,1.0,Germany,196,ALMA AUSTIN,4.49,3,24.93,2005-08-24,7,2,2005-08-18,2
5.55,Meixian,0.5,0.9666666666666667,China,90,RUBY WASHINGTON,4.49,14,24.93,2005-08-25,7,2,2005-08-19,2
5.55,Sokoto,0.86,1.0,Nigeria,562,WALLACE SLONE,4.13,8,22.94,2005-08-25,6,2,2005-08-19,2
5.55,Valle de Santiago,1.8,1.0,Mexico,288,BOBBIE CRAIG,3.59,16,19.91,2005-08-23,9,2,2005-08-17,2
5.56,Alessandria,1.0,1.0,Italy,33,ANNA HILL,3.59,1,19.95,2005-08-05,5,2,2005-07-30,2
5.56,Baha Blanca,0.5,1.0,Argentina,322,JASON MORRISSEY,4.49,3,24.96,2005-08-26,4,2,2005-08-20,2
5.56,Botshabelo,0.42,1.0,South Africa,132,ESTHER CRAWFORD,3.41,2,18.95,2005-07-15,5,2,2005-07-09,2
5.56,Coacalco de Berriozbal,2.5,1.0,Mexico,247,STELLA MORENO,4.49,8,24.95,2005-07-13,5,2,2005-07-07,2
5.56,Lipetsk,0.67,1.0,Russian Federation,44,MARIE TURNER,4.49,3,24.96,2005-07-16,4,2,2005-07-10,2
5.56,Mannheim,2.0,1.0,Germany,196,ALMA AUSTIN,5.74,2,31.92,2005-06-21,8,2,2005-06-15,2
5.56,Usolje-Sibirskoje,1.13,1.0,Russian Federation,462,WARREN SHERROD,5.74,17,31.91,2005-08-03,9,2,2005-07-28,2
5.56,Yantai,1.0,1.0,China,272,KAY CALDWELL,4.49,25,24.96,2005-08-04,4,2,2005-07-29,2
5.56,al-Qatif,2.0,1.0,Saudi Arabia,417,TRAVIS ESTEP,4.49,1,24.96,2005-07-13,4,2,2005-07-07,2
5.57,Bergamo,0.33,1.0,Italy,439,ALEXANDER FENNELL,4.12,1,22.95,2005-08-28,5,2,2005-08-22,2
5.57,Bijapur,0.75,1.0,India,468,TIM CARY,4.12,14,22.94,2005-07-13,6,2,2005-07-07,2
5.57,Boa Vista,2.0,1.0,Brazil,342,HAROLD MARTINO,5.19,14,28.9,2005-08-02,10,2,2005-07-27,2
5.57,Hiroshima,0.75,1.0,Japan,299,JAMES GANNON,4.12,7,22.94,2005-07-13,6,2,2005-07-07,2
5.57,Kamyin,0.83,1.0,Russian Federation,510,BEN EASTER,4.66,1,25.95,2005-06-25,5,2,2005-06-19,2
5.57,Ogbomosho,0.75,1.0,Nigeria,277,OLGA JIMENEZ,4.12,8,22.94,2005-08-02,6,2,2005-07-27,2
5.57,Santa F,1.17,1.0,Argentina,331,ERIC ROBERT,4.66,5,25.93,2005-08-24,7,2,2005-08-18,2
5.58,Botshabelo,1.0,1.0,South Africa,132,ESTHER CRAWFORD,2.32,1,12.97,2005-06-25,3,2,2005-06-19,2
5.58,Korla,0.33,1.0,China,283,FELICIA SUTTON,2.32,18,12.97,2005-08-24,3,1,2005-08-18,1
5.58,Pontianak,1.17,1.0,Indonesia,506,LESLIE SEWARD,4.82,6,26.93,2005-08-03,7,2,2005-07-28,2
5.59,Chandrapur,0.6,1.0,India,167,SALLY PIERCE,3.39,22,18.94,2005-08-04,6,2,2005-07-29,2
5.59,Coquimbo,1.0,1.0,Chile,515,ANDRE RAPP,3.39,2,18.95,2005-08-02,5,2,2005-07-27,2
5.59,Ljubertsy,0.56,1.0,Russian Federation,160,ERIN DUNN,3.21,2,17.95,2005-08-07,5,2,2005-08-01,2
5.59,Mit Ghamr,0.8,1.0,Egypt,491,RICK MATTOX,3.39,1,18.96,2005-06-24,4,2,2005-06-18,2
5.59,Rajkot,5.0,1.0,India,554,DWAYNE OLVERA,7.49,30,41.9,2005-08-23,10,2,2005-08-17,2
5.59,Tama,1.5,1.0,Japan,385,PHILLIP HOLM,4.99,15,27.91,2005-08-03,9,2,2005-07-28,2
5.6,Ambattur,0.57,1.0,India,225,ARLENE HARVEY,4.99,9,27.92,2005-08-06,8,2,2005-07-31,2
5.6,Araatuba,1.0,1.0,Brazil,77,JANE BENNETT,2.49,4,13.94,2005-08-06,6,2,2005-07-31,2
5.6,Bhopal,1.6,1.0,India,15,HELEN HARRIS,4.99,30,27.92,2005-08-03,8,2,2005-07-28,2
5.6,Cavite,1.75,1.0,Philippines,388,CRAIG MORRELL,3.74,11,20.93,2005-08-03,7,1,2005-07-28,1
5.6,Erlangen,1.6,1.0,Germany,448,MIGUEL BETANCOURT,4.99,2,27.92,2005-07-12,8,2,2005-07-06,2
5.6,Faaa,1.2,1.0,French Polynesia,43,CHRISTINE ROBERTS,4.99,1,27.94,2005-08-27,6,2,2005-08-21,2
5.6,Faaa,8.0,1.0,French Polynesia,43,CHRISTINE ROBERTS,4.99,2,27.92,2005-07-12,8,2,2005-07-06,2
5.6,Goinia,0.86,1.0,Brazil,92,TINA SIMMONS,5.7,3,31.94,2005-07-16,6,2,2005-07-10,2
5.6,Inegl,0.86,1.0,Turkey,278,BILLIE HORTON,4.28,5,23.94,2005-08-05,6,2,2005-07-30,2
5.6,Ipoh,1.4,1.0,Malaysia,171,DOLORES WAGNER,4.99,3,27.93,2005-08-25,7,2,2005-08-19,2
5.6,Iwaki,0.44,1.0,Japan,240,MARLENE WELCH,4.1,14,22.96,2005-08-03,4,2,2005-07-28,2
5.6,La Paz,2.0,1.0,Mexico,488,SHANE MILLARD,4.99,7,27.96,2005-07-13,4,2,2005-07-07,2
5.6,Lhokseumawe,0.54,1.0,Indonesia,473,JORGE OLIVARES,4.45,3,24.93,2005-08-27,7,2,2005-08-21,2
5.6,Novoterkassk,2.33,1.0,Russian Federation,191,JEANETTE GREENE,4.99,10,27.93,2005-08-02,7,2,2005-07-27,2
5.6,Omiya,0.55,1.0,Japan,404,STANLEY SCROGGINS,5.17,4,28.94,2005-08-27,6,2,2005-08-21,2
5.6,Paarl,1.0,1.0,South Africa,338,DENNIS GILMAN,4.99,3,27.93,2005-07-12,7,2,2005-07-06,2
5.6,Rampur,0.88,1.0,India,336,JOSHUA MARK,4.99,23,27.93,2005-08-25,7,2,2005-08-19,2
5.6,Shimonoseki,0.56,1.0,Japan,29,ANGELA HERNANDEZ,4.1,8,22.95,2005-08-05,5,2,2005-07-30,2
5.6,Tiefa,0.43,1.0,China,302,MICHAEL SILVERMAN,4.63,8,25.94,2005-08-27,6,2,2005-08-21,2
5.6,Yantai,1.67,1.0,China,272,KAY CALDWELL,4.99,22,27.95,2005-08-03,5,2,2005-07-28,2
5.61,Barcelona,0.38,1.0,Venezuela,568,ALBERTO HENNING,2.49,2,13.97,2005-08-26,3,2,2005-08-20,2
5.61,Compton,2.0,1.0,United States,182,RENEE LANE,2.49,6,13.96,2005-06-22,4,2,2005-06-16,2
5.61,Siliguri (Shiliguri),0.43,1.0,India,502,BRETT CORNWELL,3.56,2,19.97,2005-07-17,3,2,2005-07-11,2
5.61,Sumy,0.4,1.0,Ukraine,187,BRITTANY RILEY,4.09,1,22.96,2005-07-16,4,2,2005-07-10,2
5.61,Taizz,0.5,1.0,Yemen,213,GINA WILLIAMSON,4.09,3,22.95,2005-07-13,5,2,2005-07-07,2
5.62,Ambattur,10.0,1.0,India,225,ARLENE HARVEY,7.99,20,44.9,2005-07-12,10,2,2005-07-06,2
5.62,Dayton,0.7,1.0,United States,294,SHELLY WATTS,4.79,2,26.93,2005-08-07,7,2,2005-08-01,2
5.62,Karnal,0.38,1.0,India,274,NAOMI JENNINGS,4.62,7,25.94,2005-08-27,6,2,2005-08-21,2
5.62,Santa Brbara dOeste,0.4,1.0,Brazil,178,MARION SNYDER,4.79,13,26.94,2005-08-24,6,2,2005-08-18,2
5.62,Xiangfan,0.38,1.0,China,241,HEIDI LARSON,3.37,13,18.95,2005-08-06,5,2,2005-07-31,2
5.63,Aparecida de Goinia,0.6,1.0,Brazil,216,NATALIE MEYER,3.19,9,17.97,2005-07-13,3,2,2005-07-07,2
5.63,Dayton,1.13,1.0,United States,294,SHELLY WATTS,5.49,5,30.91,2005-08-06,9,2,2005-07-31,2
5.63,Greensboro,0.55,1.0,United States,158,VERONICA STONE,3.72,4,20.94,2005-08-06,6,2,2005-07-31,2
5.63,Kragujevac,1.0,1.0,Yugoslavia,7,MARIA MILLER,5.85,1,32.93,2005-08-23,7,2,2005-08-17,2
5.64,Huixquilucan,1.17,1.0,Mexico,108,TRACY COLE,5.66,15,31.93,2005-08-23,7,2,2005-08-17,2
5.64,Karnal,1.0,1.0,India,274,NAOMI JENNINGS,4.42,18,24.93,2005-08-05,7,2,2005-07-30,2
5.64,Laiwu,0.45,1.0,China,151,MEGAN PALMER,3.54,2,19.95,2005-08-28,5,2,2005-08-22,2
5.64,Lapu-Lapu,3.0,1.0,Philippines,244,VIOLA HANSON,5.66,6,31.91,2005-07-14,9,2,2005-07-08,2
5.64,Onomichi,2.33,1.0,Japan,337,JERRY JORDON,5.66,6,31.93,2005-07-13,7,2,2005-07-07,2
5.64,Plock,0.83,1.0,Poland,571,JOHNNIE CHISHOLM,5.49,3,30.95,2005-07-12,5,2,2005-07-06,2
5.64,Poos de Caldas,0.55,1.0,Brazil,254,MAXINE SILVA,3.54,10,19.94,2005-08-25,6,2,2005-08-19,2
5.64,Zhezqazghan,0.27,1.0,Kazakstan,573,BYRON BOX,3.72,1,20.97,2005-07-16,3,2,2005-07-10,2
5.65,Ahmadnagar,0.5,1.0,India,297,SHERRI RHODES,4.24,5,23.96,2005-07-16,4,2,2005-07-10,2
5.65,Araatuba,0.36,1.0,Brazil,77,JANE BENNETT,3.54,12,19.96,2005-08-24,4,1,2005-08-18,1
5.65,Mardan,0.63,1.0,Pakistan,20,SHARON ROBINSON,4.24,3,23.95,2005-08-05,5,2,2005-07-30,2
5.65,Tieli,1.5,1.0,China,599,AUSTIN CINTRON,4.24,7,23.94,2005-08-27,6,2,2005-08-21,2
5.65,Tuguegarao,1.5,1.0,Philippines,261,DEANNA BYRD,4.24,3,23.94,2005-06-22,6,2,2005-06-16,2
5.66,Barcelona,1.4,1.0,Venezuela,568,ALBERTO HENNING,2.99,3,16.93,2005-08-03,7,2,2005-07-28,2
5.66,Benin City,0.75,1.0,Nigeria,284,SONIA GREGORY,5.12,6,28.94,2005-08-24,6,2,2005-08-18,2
5.66,Halle/Saale,0.67,1.0,Germany,251,VICKIE BREWER,3.88,3,21.94,2005-08-25,6,2,2005-08-19,2
5.66,Otsu,0.6,1.0,Japan,285,MIRIAM MCKINNEY,5.29,13,29.94,2005-08-03,6,2,2005-07-28,2
5.66,Richmond Hill,0.44,1.0,Canada,410,CURTIS IRBY,5.12,1,28.93,2005-08-27,7,2,2005-08-21,2
5.66,Smolensk,1.14,1.0,Russian Federation,127,ELAINE STEVENS,5.99,8,33.92,2005-08-23,8,2,2005-08-17,2
5.66,Yuzhou,0.75,1.0,China,324,GARY COY,5.12,17,28.94,2005-08-24,6,2,2005-08-18,2
5.67,Angra dos Reis,0.78,1.0,Brazil,307,JOSEPH JOY,5.1,9,28.93,2005-08-03,7,1,2005-07-28,1
5.67,Ikerre,0.7,1.0,Nigeria,198,ELSIE KELLEY,3.69,6,20.93,2005-08-03,7,2,2005-07-28,2
5.67,Kilis,2.5,1.0,Turkey,143,LESLIE GORDON,2.99,1,16.95,2005-06-23,5,2,2005-06-17,2
5.67,Masqat,0.5,1.0,Oman,9,MARGARET MOORE,2.99,1,16.96,2005-08-05,4,2,2005-07-30,2
5.67,Najafabad,0.38,1.0,Iran,368,HARRY ARCE,4.22,3,23.95,2005-08-26,5,2,2005-08-20,2
5.67,Qomsheh,1.0,1.0,Iran,459,TOMMY COLLAZO,2.99,1,16.96,2005-06-26,4,2,2005-06-20,2
5.67,Rampur,1.67,1.0,India,336,JOSHUA MARK,2.99,1,16.95,2005-06-25,5,2,2005-06-19,2
5.67,Richmond Hill,2.0,1.0,Canada,410,CURTIS IRBY,2.99,1,16.96,2005-06-24,4,2,2005-06-18,2
5.67,Salala,0.75,1.0,Oman,498,GENE SANBORN,2.99,1,16.94,2005-07-13,6,2,2005-07-07,2
5.67,Sirjan,1.33,1.0,Iran,449,OSCAR AQUINO,2.99,3,16.96,2005-07-12,4,2,2005-07-06,2
5.67,So Bernardo do Campo,2.0,1.0,Brazil,544,CODY NOLEN,2.99,4,16.96,2005-06-21,4,2,2005-06-15,2
5.67,Sultanbeyli,1.5,1.0,Turkey,493,BRENT HARKINS,5.99,9,33.94,2005-08-02,6,2,2005-07-27,2
5.67,Taguig,2.5,1.0,Philippines,72,THERESA WATSON,2.99,2,16.95,2005-07-15,5,2,2005-07-09,2
5.67,Tete,0.83,1.0,Mozambique,97,ANNIE RUSSELL,2.99,1,16.95,2005-07-13,5,2,2005-07-07,2
5.68,Ahmadnagar,0.75,1.0,India,297,SHERRI RHODES,2.99,4,16.97,2005-06-24,3,2,2005-06-18,2
5.68,Cape Coral,0.5,1.0,United States,526,KARL SEAL,4.74,6,26.94,2005-07-15,6,2,2005-07-09,2
5.68,Hami,0.4,1.0,China,165,LORRAINE STEPHENS,3.69,23,20.96,2005-08-05,4,2,2005-07-30,2
5.68,Kanazawa,0.4,0.9565217391304348,Japan,547,KURT EMMONS,3.69,11,20.96,2005-08-25,4,2,2005-08-19,2
5.68,Ogbomosho,0.67,1.0,Nigeria,277,OLGA JIMENEZ,4.21,5,23.94,2005-07-13,6,2,2005-07-07,2
5.68,Osmaniye,3.0,1.0,Turkey,13,KAREN JACKSON,2.99,1,16.97,2005-06-24,3,1,2005-06-18,1
5.68,So Leopoldo,3.0,1.0,Brazil,443,FRANCISCO SKIDMORE,2.99,12,16.97,2005-07-12,3,2,2005-07-06,2
5.68,Sterling Heights,0.5,1.0,United States,146,JAMIE RICE,4.39,13,24.95,2005-08-25,5,2,2005-08-19,2
5.68,Syrakusa,0.5,1.0,Italy,221,BESSIE MORRISON,2.99,1,16.98,2005-06-25,2,1,2005-06-19,1
5.68,Vicente Lpez,0.63,1.0,Argentina,219,WILLIE HOWELL,3.87,2,21.95,2005-08-26,5,2,2005-08-20,2
5.69,Araatuba,0.71,1.0,Brazil,77,JANE BENNETT,2.28,1,12.95,2005-08-07,5,2,2005-08-01,2
5.7,Naju,0.55,1.0,South Korea,237,TANYA GILBERT,4.9,1,27.94,2005-08-06,6,2,2005-07-31,2
5.7,Zhoushan,0.86,1.0,China,550,GUY BROWNLEE,3.85,22,21.94,2005-08-05,6,2,2005-07-30,2
5.71,Akron,0.67,1.0,United States,479,ZACHARY HITE,4.55,5,25.94,2005-07-15,6,2,2005-07-09,2
5.71,Bijapur,1.2,1.0,India,468,TIM CARY,4.19,6,23.94,2005-06-21,6,2,2005-06-15,2
5.71,Madiun,0.75,1.0,Indonesia,500,REGINALD KINDER,3.49,8,19.94,2005-08-25,6,2,2005-08-19,2
5.71,Newcastle,0.57,1.0,South Africa,432,EDWIN BURK,3.85,5,21.96,2005-08-24,4,1,2005-08-18,1
5.71,Uruapan,2.67,1.0,Mexico,454,ALEX GRESHAM,6.99,3,39.92,2005-06-23,8,2,2005-06-17,2
5.72,Bilbays,0.29,1.0,Egypt,559,EVERETT BANDA,3.49,2,19.96,2005-08-27,4,2,2005-08-21,2
5.72,El Monte,0.83,1.0,United States,420,JACOB LANCE,3.49,5,19.95,2005-07-16,5,2,2005-07-10,2
5.72,Faaa,0.5,1.0,French Polynesia,43,CHRISTINE ROBERTS,3.49,2,19.96,2005-08-02,4,2,2005-07-27,2
5.72,Grand Prairie,0.63,1.0,United States,118,KIM CRUZ,4.37,12,24.95,2005-08-25,5,2,2005-08-19,2
5.72,Lipetsk,1.0,1.0,Russian Federation,44,MARIE TURNER,4.19,7,23.95,2005-08-24,5,2,2005-08-18,2
5.72,Nabereznyje Telny,0.78,1.0,Russian Federation,447,CLIFFORD BOWENS,4.88,7,27.93,2005-08-25,7,2,2005-08-19,2
5.72,Nagareyama,2.0,1.0,Japan,53,HEATHER MORRIS,3.49,1,19.96,2005-06-04,4,2,2005-05-29,2
5.72,Rizhao,2.5,1.0,China,496,TYLER WREN,3.49,10,19.95,2005-07-13,5,2,2005-07-07,2
5.72,guas Lindas de Gois,0.67,1.0,Brazil,130,CHARLOTTE HUNTER,3.49,3,19.96,2005-08-06,4,1,2005-07-31,1
5.73,Johannesburg,0.67,1.0,South Africa,471,DEAN SAUER,3.66,4,20.96,2005-07-13,4,2,2005-07-07,2
5.73,Lancaster,0.86,1.0,United States,112,ROSA REYNOLDS,4.7,3,26.94,2005-08-06,6,2,2005-07-31,2
5.73,Valparai,0.62,1.0,India,403,MIKE WAY,5.22,29,29.92,2005-08-23,8,2,2005-08-17,2
5.73,Vitria de Santo Anto,0.75,1.0,Brazil,374,JEREMY HURTADO,1.74,3,9.97,2005-06-23,3,1,2005-06-17,1
5.74,Allappuzha (Alleppey),0.33,0.9722222222222222,India,175,ANNETTE OLSON,3.82,17,21.96,2005-08-26,4,1,2005-08-20,1
5.74,Anpolis,1.0,1.0,Brazil,229,TAMARA NGUYEN,3.82,7,21.94,2005-07-14,6,2,2005-07-08,2
5.74,Effon-Alaiye,1.5,1.0,Nigeria,286,VELMA LUCAS,5.74,4,32.94,2005-07-13,6,2,2005-07-07,2
5.74,Idfu,0.83,1.0,Egypt,233,LILLIE KIM,3.82,1,21.95,2005-07-14,5,2,2005-07-08,2
5.74,Pudukkottai,1.14,1.0,India,421,LEE HAWKS,5.56,29,31.92,2005-08-03,8,2,2005-07-28,2
5.74,Santiago de los Caballeros,0.67,1.0,Dominican Republic,258,MYRTLE FLEMING,3.82,1,21.96,2005-07-15,4,2,2005-07-09,2
5.74,Yinchuan,1.14,1.0,China,484,ROBERTO VU,5.56,30,31.92,2005-08-23,8,2,2005-08-17,2
5.74,Yuncheng,0.6,1.0,China,154,MICHELE GRANT,4.69,12,26.94,2005-08-26,6,2,2005-08-20,2
5.75,Atinsk,0.78,1.0,Russian Federation,397,JIMMY SCHRADER,3.99,16,22.93,2005-08-03,7,2,2005-07-28,2
5.75,Belm,0.83,1.0,Brazil,362,NICHOLAS BARFIELD,3.99,5,22.95,2005-07-15,5,2,2005-07-09,2
5.75,Citrus Heights,2.5,1.0,United States,14,BETTY WHITE,3.99,9,22.95,2005-07-14,5,2,2005-07-08,2
5.75,Datong,0.2,1.0,China,260,CHRISTY VARGAS,3.12,6,17.97,2005-08-27,3,2,2005-08-21,2
5.75,Guadalajara,1.4,1.0,Mexico,364,BENJAMIN VARNEY,3.99,12,22.93,2005-08-24,7,2,2005-08-18,2
5.75,Kurashiki,1.67,1.0,Japan,34,REBECCA SCOTT,3.99,11,22.95,2005-07-12,5,2,2005-07-06,2
5.75,Nagareyama,5.0,1.0,Japan,53,HEATHER MORRIS,3.99,3,22.95,2005-06-02,5,2,2005-05-27,2
5.75,Sanya,0.86,1.0,China,546,KELLY KNOTT,3.99,24,22.94,2005-08-04,6,2,2005-07-29,2
5.75,Tel Aviv-Jaffa,1.67,1.0,Israel,161,GERALDINE PERKINS,3.99,3,22.95,2005-07-13,5,2,2005-07-07,2
5.76,Baha Blanca,0.5,1.0,Argentina,322,JASON MORRISSEY,3.99,1,22.97,2005-06-26,3,2,2005-06-20,2
5.76,London,0.8,1.0,United Kingdom,512,CECIL VINES,5.19,1,29.92,2005-08-26,8,2,2005-08-20,2
5.76,Pudukkottai,0.33,0.9722222222222222,India,421,LEE HAWKS,4.16,16,23.96,2005-08-26,4,2,2005-08-20,2
5.77,Ede,1.33,1.0,Netherlands,341,PETER MENARD,4.32,1,24.96,2005-06-23,4,2,2005-06-17,2
5.77,Effon-Alaiye,0.42,1.0,Nigeria,286,VELMA LUCAS,4.32,5,24.95,2005-08-03,5,2,2005-07-28,2
5.77,Gijn,1.67,1.0,Spain,394,CHRIS BROTHERS,4.32,1,24.95,2005-07-13,5,2,2005-07-07,2
5.77,Miraj,0.44,1.0,India,316,STEVEN CURLEY,4.32,21,24.96,2005-08-04,4,2,2005-07-29,2
5.78,Arecibo,0.58,1.0,Puerto Rico,360,RALPH MADRIGAL,4.49,1,25.93,2005-08-04,7,2,2005-07-29,2
5.78,Atinsk,2.33,1.0,Russian Federation,397,JIMMY SCHRADER,4.66,9,26.93,2005-07-13,7,2,2005-07-07,2
5.78,Gatineau,0.5,1.0,Canada,476,DERRICK BOURQUE,4.49,2,25.96,2005-08-06,4,2,2005-07-31,2
5.78,Higashiosaka,1.17,1.0,Japan,264,GWENDOLYN MAY,4.66,15,26.93,2005-08-23,7,2,2005-08-17,2
5.78,Ikerre,0.6,1.0,Nigeria,198,ELSIE KELLEY,2.59,1,14.97,2005-07-18,3,2,2005-07-12,2
5.78,Kalisz,0.83,1.0,Poland,270,LEAH CURTIS,4.49,2,25.95,2005-08-06,5,2,2005-07-31,2
5.78,Tabora,0.83,1.0,Tanzania,190,YOLANDA WEAVER,4.49,3,25.95,2005-08-04,5,2,2005-07-29,2
5.78,Taizz,1.17,1.0,Yemen,213,GINA WILLIAMSON,4.66,1,26.93,2005-08-02,7,2,2005-07-27,2
5.78,guas Lindas de Gois,2.33,1.0,Brazil,130,CHARLOTTE HUNTER,4.66,13,26.93,2005-08-02,7,2,2005-07-27,2
5.79,El Fuerte,1.43,1.0,Mexico,451,JIM REA,4.99,11,28.9,2005-08-24,10,2,2005-08-18,2
5.79,Eskisehir,3.33,1.0,Turkey,507,EDGAR RHOADS,4.99,6,28.9,2005-07-12,10,2,2005-07-06,2
5.79,Omiya,0.42,1.0,Japan,404,STANLEY SCROGGINS,4.82,3,27.95,2005-08-28,5,1,2005-08-22,1
5.79,Pathankot,0.75,1.0,India,95,PAULA BRYANT,2.24,19,12.97,2005-07-12,3,2,2005-07-06,2
5.79,Vitria de Santo Anto,0.57,1.0,Brazil,374,JEREMY HURTADO,3.28,7,18.96,2005-08-04,4,2,2005-07-29,2
5.8,Ciomas,5.0,1.0,Indonesia,239,MINNIE ROMERO,4.99,2,28.95,2005-06-02,5,2,2005-05-27,2
5.8,Dayton,1.43,1.0,United States,294,SHELLY WATTS,5.85,11,33.9,2005-08-05,10,2,2005-07-30,2
5.8,Haining,0.71,1.0,China,552,HUGH WALDROP,4.99,21,28.95,2005-08-05,5,2,2005-07-30,2
5.8,Maracabo,1.25,1.0,Venezuela,453,CALVIN MARTEL,4.99,2,28.95,2005-07-13,5,2,2005-07-07,2
5.8,Najafabad,1.17,1.0,Iran,368,HARRY ARCE,5.16,2,29.93,2005-07-12,7,2,2005-07-06,2
5.8,Nyeri,0.45,1.0,Kenya,363,ROY WHITING,4.99,2,28.95,2005-08-26,5,2,2005-08-20,2
5.8,Ozamis,0.57,1.0,Philippines,434,EDDIE TOMLIN,4.13,6,23.96,2005-07-13,4,2,2005-07-07,2
5.8,Tuguegarao,0.71,1.0,Philippines,261,DEANNA BYRD,4.13,9,23.95,2005-08-25,5,2,2005-08-19,2
5.81,Bhilwara,0.42,1.0,India,209,TONYA CHAPMAN,5.16,28,29.95,2005-08-23,5,2,2005-08-17,2
5.81,Cuauhtmoc,0.73,1.0,Mexico,467,ALVIN DELOACH,4.81,10,27.92,2005-08-24,8,2,2005-08-18,2
5.81,Inegl,2.25,1.0,Turkey,278,BILLIE HORTON,5.49,8,31.91,2005-08-02,9,2,2005-07-27,2
5.81,Sogamoso,0.45,1.0,Colombia,490,SAM MCDUFFIE,4.81,5,27.95,2005-08-04,5,2,2005-07-29,2
5.82,Cam Ranh,0.46,1.0,Vietnam,532,NEIL RENNER,5.14,3,29.94,2005-08-06,6,2,2005-07-31,2
5.82,Iligan,0.29,1.0,Philippines,580,ROSS GREY,3.78,2,21.96,2005-08-28,4,2,2005-08-22,2
5.82,Kuwana,0.29,1.0,Japan,531,JAMIE WAUGH,4.63,1,26.96,2005-08-08,4,2,2005-08-02,2
5.83,Boa Vista,1.14,1.0,Brazil,342,HAROLD MARTINO,4.28,6,24.92,2005-08-05,8,2,2005-07-30,2
5.83,Kurashiki,0.23,1.0,Japan,34,REBECCA SCOTT,2.91,8,16.97,2005-08-26,3,2,2005-08-20,2
5.84,Compton,0.71,1.0,United States,182,RENEE LANE,4.28,11,24.95,2005-08-25,5,1,2005-08-19,1
5.84,Ezhou,0.8,1.0,China,313,DONALD MAHON,3.59,20,20.96,2005-08-05,4,2,2005-07-30,2
5.84,Firozabad,0.5,1.0,India,192,LAURIE LAWRENCE,4.79,6,27.95,2005-08-27,5,2,2005-08-21,2
5.84,Gulbarga,0.33,0.9705882352941176,India,370,WAYNE TRUONG,3.07,1,17.96,2005-08-28,4,2,2005-08-22,2
5.84,Jining,0.36,1.0,China,594,EDUARDO HIATT,4.44,12,25.96,2005-08-06,4,2,2005-07-31,2
5.84,Miraj,0.63,1.0,India,316,STEVEN CURLEY,4.62,28,26.95,2005-08-03,5,2,2005-07-28,2
5.84,Mogiljov,0.4,1.0,Belarus,527,CORY MEEHAN,3.59,2,20.96,2005-08-24,4,1,2005-08-18,1
5.84,Naala-Porto,0.5,1.0,Mozambique,433,DON BONE,4.79,1,27.95,2005-08-26,5,2,2005-08-20,2
5.84,Siegen,0.44,1.0,Germany,195,VANESSA SIMS,4.1,2,23.96,2005-08-06,4,2,2005-07-31,2
5.85,Dayton,0.27,1.0,United States,294,SHELLY WATTS,3.92,19,22.96,2005-08-24,4,2,2005-08-18,2
5.85,Hohhot,0.35,1.0,China,138,HAZEL WARREN,3.58,5,20.94,2005-08-27,6,2,2005-08-21,2
5.85,Peoria,1.25,1.0,United States,275,CAROLE BARNETT,3.24,7,18.95,2005-07-13,5,2,2005-07-07,2
5.85,Santiago de los Caballeros,0.67,1.0,Dominican Republic,258,MYRTLE FLEMING,4.43,2,25.94,2005-08-05,6,2,2005-07-30,2
5.85,Siliguri (Shiliguri),0.25,1.0,India,502,BRETT CORNWELL,3.93,22,22.96,2005-08-25,4,1,2005-08-19,1
5.86,A Corua (La Corua),0.88,1.0,Spain,52,JULIE SANCHEZ,3.74,2,21.93,2005-08-04,7,2,2005-07-29,2
5.86,Kimchon,1.6,1.0,South Korea,99,EMILY DIAZ,4.59,1,26.92,2005-07-14,8,2,2005-07-08,2
5.87,Fuyu,5.5,1.0,China,211,STACEY MONTGOMERY,7.99,18,46.89,2005-07-12,11,2,2005-07-06,2
5.87,Iwakuni,0.5,1.0,Japan,54,TERESA ROGERS,3.74,2,21.96,2005-08-07,4,2,2005-08-01,2
5.87,Mannheim,0.42,1.0,Germany,196,ALMA AUSTIN,3.91,2,22.95,2005-08-25,5,2,2005-08-19,2
5.87,Songkhla,1.25,1.0,Thailand,86,JACQUELINE LONG,6.12,2,35.9,2005-08-23,10,2,2005-08-17,2
5.87,Tanshui,0.6,1.0,Taiwan,577,CLIFTON MALCOLM,4.59,4,26.94,2005-08-04,6,2,2005-07-29,2
5.88,Almirante Brown,0.86,1.0,Argentina,359,WILLIE MARKHAM,3.56,2,20.94,2005-08-25,6,2,2005-08-19,2
5.88,Atinsk,0.2,1.0,Russian Federation,397,JIMMY SCHRADER,3.06,3,17.97,2005-08-27,3,2,2005-08-21,2
5.88,Datong,0.86,1.0,China,260,CHRISTY VARGAS,3.56,23,20.94,2005-08-04,6,2,2005-07-29,2
5.88,Jinzhou,0.31,1.0,China,595,TERRENCE GUNDERSON,4.24,11,24.95,2005-08-06,5,2,2005-07-31,2
5.88,Poos de Caldas,1.13,1.0,Brazil,254,MAXINE SILVA,4.24,11,24.91,2005-08-24,9,2,2005-08-18,2
5.89,Emeishan,0.45,1.0,China,389,ALAN KAHN,5.08,4,29.95,2005-08-27,5,2,2005-08-21,2
5.89,Huejutla de Reyes,1.0,1.0,Mexico,582,ANDY VANHORN,6.1,14,35.91,2005-08-23,9,2,2005-08-17,2
5.89,Shanwei,0.5,1.0,China,424,KYLE SPURLOCK,4.41,29,25.94,2005-08-23,6,1,2005-08-17,1
5.9,Jhansi,0.63,1.0,India,32,AMY LOPEZ,4.74,27,27.95,2005-08-24,5,2,2005-08-18,2
5.9,Pemalang,0.4,1.0,Indonesia,116,VICTORIA GIBSON,3.89,8,22.96,2005-08-26,4,2,2005-08-20,2
5.9,Tanza,0.8,1.0,Philippines,236,MARCIA DEAN,4.39,5,25.92,2005-07-14,8,2,2005-07-08,2
5.91,Mexicali,1.75,1.0,Mexico,343,DOUGLAS GRAF,5.74,9,33.93,2005-08-02,7,2,2005-07-27,2
5.91,Mit Ghamr,0.71,1.0,Egypt,491,RICK MATTOX,4.56,3,26.95,2005-07-13,5,2,2005-07-07,2
5.91,Niznekamsk,0.8,1.0,Russian Federation,48,ANN EVANS,4.39,9,25.96,2005-08-04,4,2,2005-07-29,2
5.91,ostka,0.64,1.0,Ukraine,475,PEDRO CHESTNUT,4.9,1,28.93,2005-08-05,7,2,2005-07-30,2
5.92,Caracas,0.86,1.0,Venezuela,111,CARMEN OWENS,3.7,2,21.94,2005-08-06,6,2,2005-07-31,2
5.92,Iligan,0.6,1.0,Philippines,580,ROSS GREY,2.19,2,12.97,2005-07-16,3,2,2005-07-10,2
5.92,Uluberia,0.86,1.0,India,446,THEODORE CULP,3.7,7,21.94,2005-07-15,6,2,2005-07-09,2
5.93,Kakamigahara,0.36,1.0,Japan,163,CATHY SPENCER,3.54,3,20.96,2005-08-27,4,2,2005-08-21,2
5.93,Okinawa,0.56,1.0,Japan,365,BRUCE SCHWARZ,4.55,14,26.95,2005-08-24,5,2,2005-08-18,2
5.94,Arlington,0.5,1.0,United States,305,RICHARD MCCRARY,3.87,4,22.96,2005-07-16,4,2,2005-07-10,2
5.94,Klerksdorp,0.5,1.0,South Africa,109,EDNA WEST,3.87,2,22.96,2005-06-23,4,1,2005-06-17,1
5.94,Sanaa,0.5,1.0,Yemen,303,WILLIAM SATTERFIELD,3.19,3,18.95,2005-08-24,5,2,2005-08-18,2
5.94,Sanya,0.63,1.0,China,546,KELLY KNOTT,3.87,11,22.95,2005-08-26,5,2,2005-08-20,2
5.94,Tambaram,0.88,1.0,India,287,BECKY MILES,4.37,27,25.93,2005-08-23,7,2,2005-08-17,2
5.94,Usak,1.14,1.0,Turkey,204,ROSEMARY SCHMIDT,4.7,2,27.92,2005-07-15,8,2,2005-07-09,2
5.95,Akron,0.5,1.0,United States,479,ZACHARY HITE,4.19,3,24.95,2005-07-16,5,2,2005-07-10,2
5.95,Eskisehir,1.0,1.0,Turkey,507,EDGAR RHOADS,4.19,6,24.95,2005-08-23,5,2,2005-08-17,2
5.95,Gaziantep,0.75,1.0,Turkey,480,COREY HAUSER,4.87,6,28.94,2005-08-25,6,2,2005-08-19,2
5.95,Mandaluyong,0.45,1.0,Philippines,263,HILDA HOPKINS,3.35,10,19.95,2005-08-03,5,2,2005-07-28,2
5.95,Mysore,1.0,0.9722222222222222,India,59,CHERYL MURPHY,5.7,15,33.93,2005-08-26,7,2,2005-08-20,2
5.95,Nam Dinh,0.63,1.0,Vietnam,472,GREG ROBINS,4.37,2,25.95,2005-07-16,5,2,2005-07-10,2
5.96,Ilorin,0.45,1.0,Nigeria,103,GLADYS HAMILTON,4.35,1,25.95,2005-08-29,5,2,2005-08-23,2
5.96,Kurgan,0.8,1.0,Russian Federation,376,RANDY GAITHER,5.19,8,30.92,2005-08-04,8,2,2005-07-29,2
5.96,Mannheim,0.31,1.0,Germany,196,ALMA AUSTIN,3.68,2,21.96,2005-08-26,4,2,2005-08-20,2
5.96,Otsu,0.88,1.0,Japan,285,MIRIAM MCKINNEY,5.87,14,34.93,2005-08-23,7,2,2005-08-17,2
5.96,Usak,0.45,1.0,Turkey,204,ROSEMARY SCHMIDT,4.35,4,25.95,2005-08-26,5,2,2005-08-20,2
5.97,Brockton,0.71,1.0,United States,149,VALERIE BLACK,4.85,2,28.95,2005-08-01,5,2,2005-07-26,2
5.98,Memphis,0.64,1.0,United States,181,ANA BRADLEY,6.17,2,36.93,2005-08-06,7,2,2005-07-31,2
5.99,Bhilwara,0.31,0.9722222222222222,India,209,TONYA CHAPMAN,4.84,14,28.96,2005-08-26,4,2,2005-08-20,2
5.99,Bilbays,1.67,1.0,Egypt,559,EVERETT BANDA,4.82,5,28.9,2005-08-02,10,2,2005-07-27,2
5.99,Brescia,1.38,1.0,Italy,309,CHRISTOPHER GRECO,5.99,2,35.89,2005-08-03,11,2,2005-07-28,2
5.99,El Fuerte,1.83,1.0,Mexico,451,JIM REA,5.32,13,31.89,2005-08-23,11,2,2005-08-17,2
5.99,Koriyama,1.5,1.0,Japan,401,TONY CARRANZA,4.32,13,25.91,2005-08-23,9,2,2005-08-17,2
52.42,Kurgan,5.0,1.0,Russian Federation,376,RANDY GAITHER,0.99,1,51.9,2005-07-12,10,2,2005-07-06,2
6.0,Almirante Brown,1.17,1.0,Argentina,359,WILLIE MARKHAM,3.82,4,22.93,2005-08-24,7,2,2005-08-18,2
6.0,Amersfoort,1.33,1.0,Netherlands,415,GLENN PULLEN,4.32,2,25.92,2005-08-03,8,2,2005-07-28,2
6.0,Antofagasta,5.0,1.0,Chile,45,JANET PHILLIPS,2.99,1,17.95,2005-06-22,5,2,2005-06-16,2
6.0,Arlington,1.0,1.0,United States,305,RICHARD MCCRARY,4.49,4,26.94,2005-07-15,6,2,2005-07-09,2
6.0,Bag,8.0,1.0,Brazil,398,ANTONIO MEEK,5.99,8,35.92,2005-08-03,8,2,2005-07-28,2
6.0,Bamenda,3.5,1.0,Cameroon,352,ALBERT CROUSE,5.49,2,32.93,2005-08-02,7,2,2005-07-27,2
6.0,Barcelona,1.0,1.0,Venezuela,568,ALBERTO HENNING,2.66,1,15.94,2005-08-06,6,2,2005-07-31,2
6.0,Bhimavaram,0.56,1.0,India,529,ERIK GUILLEN,4.32,20,25.95,2005-08-04,5,2,2005-07-29,2
6.0,Bislig,2.0,1.0,Philippines,94,NORMA GONZALES,2.99,9,17.94,2005-08-24,6,2,2005-08-18,2
6.0,Buenaventura,0.88,1.0,Colombia,235,JACKIE LYNCH,4.49,3,26.93,2005-08-03,7,2,2005-07-28,2
6.0,Changzhou,1.67,1.0,China,197,SUE PETERS,2.32,2,13.95,2005-06-03,5,2,2005-05-28,2
6.0,Ciparay,2.5,1.0,Indonesia,328,JEFFREY SPEAR,3.49,4,20.95,2005-08-04,5,2,2005-07-29,2
6.0,Cuman,1.33,1.0,Venezuela,113,CINDY FISHER,4.66,2,27.92,2005-07-12,8,2,2005-07-06,2
6.0,Effon-Alaiye,4.0,1.0,Nigeria,286,VELMA LUCAS,6.99,6,41.92,2005-07-12,8,2,2005-07-06,2
6.0,Escobar,0.33,1.0,Argentina,445,MICHEAL FORMAN,4.32,1,25.95,2005-08-28,5,2,2005-08-22,2
6.0,Garland,0.83,1.0,United States,561,IAN STILL,3.66,1,21.95,2005-08-06,5,2,2005-07-31,2
6.0,Halle/Saale,1.0,1.0,Germany,251,VICKIE BREWER,4.16,4,24.94,2005-08-02,6,2,2005-07-27,2
6.0,Hanoi,0.75,1.0,Vietnam,340,PATRICK NEWSOM,3.49,2,20.94,2005-08-06,6,2,2005-07-31,2
6.0,Hanoi,3.0,1.0,Vietnam,340,PATRICK NEWSOM,4.49,1,26.94,2005-06-24,6,2,2005-06-18,2
6.0,Huaian,1.67,1.0,China,384,ERNEST STEPP,2.99,10,17.95,2005-08-26,5,2,2005-08-20,2
6.0,Ife,0.45,1.0,Nigeria,80,MARILYN ROSS,4.99,3,29.95,2005-08-05,5,2,2005-07-30,2
6.0,Jamalpur,0.42,1.0,Bangladesh,329,FRANK WAGGONER,3.82,1,22.95,2005-08-06,5,2,2005-07-31,2
6.0,Jos Azueta,1.0,1.0,Mexico,581,VIRGIL WOFFORD,3.66,4,21.94,2005-08-26,6,2,2005-08-20,2
6.0,Katihar,2.33,1.0,India,419,CHAD CARBONE,2.99,13,17.93,2005-07-13,7,2,2005-07-07,2
6.0,Kimberley,1.17,1.0,South Africa,19,RUTH MARTINEZ,6.66,4,39.93,2005-08-24,7,2,2005-08-18,2
6.0,Klerksdorp,2.5,1.0,South Africa,109,EDNA WEST,3.49,1,20.95,2005-06-03,5,2,2005-05-28,2
6.0,Leshan,0.38,1.0,China,569,DAVE GARDINER,3.99,3,23.94,2005-08-27,6,2,2005-08-21,2
6.0,Lhokseumawe,0.83,1.0,Indonesia,473,JORGE OLIVARES,3.32,3,19.95,2005-07-14,5,2,2005-07-08,2
6.0,Lima,0.5,1.0,Peru,122,THELMA MURRAY,3.99,1,23.95,2005-08-24,5,2,2005-08-18,2
6.0,Lincoln,1.67,1.0,United States,63,ASHLEY RICHARDSON,4.99,2,29.95,2005-07-16,5,2,2005-07-10,2
6.0,Linz,1.2,1.0,Austria,159,JILL HAWKINS,3.99,3,23.94,2005-08-04,6,2,2005-07-29,2
6.0,Maring,1.67,1.0,Brazil,246,MARIAN MENDOZA,4.66,9,27.95,2005-08-25,5,2,2005-08-19,2
6.0,Mwene-Ditu,0.56,1.0,"Congo, The Democratic Republic of the",375,AARON SELBY,3.99,2,23.95,2005-08-23,5,2,2005-08-17,2
6.0,Nam Dinh,1.0,1.0,Vietnam,472,GREG ROBINS,5.49,4,32.94,2005-08-25,6,2,2005-08-19,2
6.0,Nantou,1.67,1.0,Taiwan,5,ELIZABETH BROWN,3.32,2,19.95,2005-06-21,5,2,2005-06-15,2
6.0,Otsu,2.67,1.0,Japan,285,MIRIAM MCKINNEY,5.99,5,35.92,2005-07-13,8,2,2005-07-07,2
6.0,Paarl,1.67,1.0,South Africa,338,DENNIS GILMAN,3.99,1,23.95,2005-06-23,5,2,2005-06-17,2
6.0,San Felipe de Puerto Plata,1.67,1.0,Dominican Republic,418,JEFF EAST,2.99,2,17.95,2005-07-12,5,2,2005-07-06,2
6.0,Smolensk,0.83,1.0,Russian Federation,127,ELAINE STEVENS,4.99,6,29.95,2005-08-06,5,1,2005-07-31,1
6.0,Valle de Santiago,1.0,1.0,Mexico,288,BOBBIE CRAIG,2.99,6,17.95,2005-08-03,5,2,2005-07-28,2
6.0,Varanasi (Benares),0.78,1.0,India,123,SHANNON FREEMAN,4.66,26,27.93,2005-08-24,7,2,2005-08-18,2
6.0,Xiangfan,0.5,1.0,China,241,HEIDI LARSON,3.82,2,22.94,2005-08-27,6,2,2005-08-21,2
6.0,Yuzhou,2.0,1.0,China,324,GARY COY,2.99,9,17.94,2005-07-13,6,2,2005-07-07,2
6.0,Zeleznogorsk,0.83,1.0,Russian Federation,351,JACK FOUST,3.82,2,22.95,2005-08-27,5,2,2005-08-21,2
6.01,Bhopal,1.33,1.0,India,15,HELEN HARRIS,3.32,18,19.96,2005-07-12,4,2,2005-07-06,2
6.01,Hubli-Dharwad,4.0,0.9705882352941176,India,136,ANITA MORALES,2.99,9,17.96,2005-07-14,4,2,2005-07-08,2
6.01,Jakarta,0.57,1.0,Indonesia,153,SUZANNE NICHOLS,2.99,2,17.96,2005-07-14,4,1,2005-07-08,1
6.01,Kilis,0.67,1.0,Turkey,143,LESLIE GORDON,3.16,6,18.96,2005-08-24,4,2,2005-08-18,2
6.01,Kisumu,1.0,1.0,Kenya,193,KATIE ELLIOTT,3.99,1,23.96,2005-06-25,4,2,2005-06-19,2
6.01,Okayama,2.0,1.0,Japan,489,RICARDO MEADOR,3.49,18,20.96,2005-08-02,4,2,2005-07-27,2
6.01,Oshawa,0.33,1.0,Canada,189,LORETTA CARPENTER,3.66,1,21.97,2005-08-06,3,2,2005-07-31,2
6.01,Sawhaj,4.0,1.0,Egypt,423,ALFRED CASILLAS,3.99,1,23.96,2005-06-22,4,2,2005-06-16,2
6.01,So Bernardo do Campo,1.0,1.0,Brazil,544,CODY NOLEN,3.49,5,20.96,2005-08-05,4,1,2005-07-30,1
6.01,Tabriz,0.67,1.0,Iran,279,DIANNE SHELTON,3.66,1,21.96,2005-07-15,4,2,2005-07-09,2
6.01,Tabriz,1.33,1.0,Iran,279,DIANNE SHELTON,2.32,2,13.96,2005-06-23,4,1,2005-06-17,1
6.01,Tallahassee,1.33,1.0,United States,248,CAROLINE BOWMAN,1.99,8,11.96,2005-07-14,4,2,2005-07-08,2
6.01,Usolje-Sibirskoje,1.5,1.0,Russian Federation,462,WARREN SHERROD,3.49,3,20.97,2005-06-22,3,2,2005-06-16,2
6.01,Wroclaw,1.5,1.0,Poland,558,JIMMIE EGGLESTON,3.49,1,20.97,2005-06-25,3,1,2005-06-19,1
6.01,Zalantun,2.0,1.0,China,93,PHYLLIS FOSTER,2.99,7,17.96,2005-07-14,4,2,2005-07-08,2
6.02,Hsichuh,0.67,1.0,Taiwan,348,ROGER QUINTANILLA,1.66,2,9.98,2005-06-23,2,2,2005-06-17,2
6.02,London,0.64,1.0,United Kingdom,512,CECIL VINES,4.81,1,28.93,2005-08-27,7,2,2005-08-21,2
6.03,Bellevue,0.33,1.0,United States,212,WILMA RICHARDS,1.66,1,9.99,2005-06-25,1,1,2005-06-19,1
6.03,Donostia-San Sebastin,0.86,1.0,Spain,293,MAE FLETCHER,5.13,3,30.94,2005-07-12,6,2,2005-07-06,2
6.03,Ezeiza,3.0,1.0,Argentina,530,DARRYL ASHCRAFT,0.99,5,5.97,2005-06-21,3,2,2005-06-15,2
6.03,Songkhla,0.8,1.0,Thailand,86,JACQUELINE LONG,5.29,2,31.92,2005-08-25,8,2,2005-08-19,2
6.04,El Fuerte,2.0,1.0,Mexico,451,JIM REA,0.99,1,5.98,2005-06-02,2,1,2005-05-27,1
6.04,Gandhinagar,1.0,1.0,India,117,EDITH MCDONALD,0.99,5,5.98,2005-06-22,2,2,2005-06-16,2
6.04,Haining,2.0,1.0,China,552,HUGH WALDROP,0.99,3,5.98,2005-06-24,2,1,2005-06-18,1
6.04,Soshanguve,2.0,1.0,South Africa,145,LUCILLE HOLMES,0.99,2,5.98,2005-06-24,2,1,2005-06-18,1
6.04,Syrakusa,1.0,1.0,Italy,221,BESSIE MORRISON,4.79,1,28.95,2005-07-13,5,2,2005-07-07,2
6.04,Uluberia,2.0,1.0,India,446,THEODORE CULP,0.99,1,5.98,2005-06-01,2,1,2005-05-26,1
6.05,Coatzacoalcos,1.14,1.0,Mexico,482,MAURICE CRAWLEY,5.28,1,31.92,2005-08-27,8,2,2005-08-21,2
6.05,El Monte,0.57,1.0,United States,420,JACOB LANCE,3.13,2,18.96,2005-07-17,4,2,2005-07-11,2
6.05,Peoria,1.2,1.0,United States,275,CAROLE BARNETT,3.79,15,22.94,2005-08-02,6,2,2005-07-27,2
6.06,Bchar,0.8,1.0,Algeria,69,JUDY GRAY,3.79,1,22.96,2005-07-16,4,2,2005-07-10,2
6.06,Bilbays,1.0,1.0,Egypt,559,EVERETT BANDA,3.79,2,22.95,2005-07-13,5,2,2005-07-07,2
6.06,Bilbays,1.0,1.0,Egypt,559,EVERETT BANDA,4.12,2,24.92,2005-08-04,8,2,2005-07-29,2
6.06,Guaruj,1.0,1.0,Brazil,427,JESUS MCCARTNEY,3.79,6,22.95,2005-07-14,5,2,2005-07-08,2
6.06,Hami,0.75,1.0,China,165,LORRAINE STEPHENS,4.12,28,24.94,2005-08-02,6,2,2005-07-27,2
6.06,Jastrzebie-Zdrj,1.0,1.0,Poland,128,MARJORIE TUCKER,3.79,1,22.95,2005-07-16,5,2,2005-07-10,2
6.07,Avellaneda,0.29,1.0,Argentina,560,JORDAN ARCHULETA,4.28,3,25.96,2005-08-07,4,2,2005-08-01,2
6.07,Jakarta,0.86,1.0,Indonesia,153,SUZANNE NICHOLS,4.28,2,25.94,2005-08-27,6,2,2005-08-21,2
6.07,Sterling Heights,0.5,1.0,United States,146,JAMIE RICE,4.12,3,24.96,2005-07-15,4,2,2005-07-09,2
6.08,Atlixco,0.7,1.0,Mexico,84,SARA PERRY,4.59,12,27.93,2005-08-23,7,2,2005-08-17,2
6.08,Mwene-Ditu,1.4,1.0,"Congo, The Democratic Republic of the",375,AARON SELBY,4.59,1,27.93,2005-08-07,7,2,2005-08-01,2
6.08,Quilmes,0.5,1.0,Argentina,585,PERRY SWAFFORD,5.09,5,30.95,2005-08-05,5,2,2005-07-30,2
6.08,Tiefa,0.54,1.0,China,302,MICHAEL SILVERMAN,4.76,9,28.93,2005-08-26,7,2,2005-08-20,2
6.08,Udaipur,0.44,0.9722222222222222,India,170,BEATRICE ARNOLD,4.43,13,26.96,2005-08-26,4,2,2005-08-20,2
6.09,Bilbays,1.29,1.0,Egypt,559,EVERETT BANDA,4.42,5,26.91,2005-08-03,9,2,2005-07-28,2
6.09,Fontana,2.2,1.0,United States,51,ALICE STEWART,6.39,14,38.89,2005-08-02,11,2,2005-07-27,2
6.09,Jaipur,0.57,1.0,India,60,MILDRED BAILEY,3.28,8,19.96,2005-08-06,4,2,2005-07-31,2
6.09,Lima,0.67,1.0,Peru,122,THELMA MURRAY,3.77,1,22.94,2005-07-13,6,2,2005-07-07,2
6.09,Rio Claro,1.29,1.0,Brazil,74,DENISE KELLY,4.42,8,26.91,2005-08-25,9,2,2005-08-19,2
6.09,Rockford,0.44,1.0,United States,457,BILL GAVIN,3.77,11,22.96,2005-08-26,4,2,2005-08-20,2
6.09,Sumqayit,1.2,1.0,Azerbaijan,334,RAYMOND MCWHORTER,4.59,1,27.94,2005-07-15,6,2,2005-07-09,2
6.09,Tama,1.14,1.0,Japan,385,PHILLIP HOLM,4.42,8,26.92,2005-08-04,8,1,2005-07-29,1
6.09,Tongliao,0.38,1.0,China,442,LEROY BUSTAMANTE,3.61,19,21.95,2005-08-05,5,2,2005-07-30,2
6.09,Vila Velha,0.58,1.0,Brazil,39,DEBRA NELSON,5.24,2,31.93,2005-08-06,7,2,2005-07-31,2
6.1,Arecibo,1.75,1.0,Puerto Rico,360,RALPH MADRIGAL,4.74,2,28.93,2005-07-13,7,2,2005-07-07,2
6.1,Baha Blanca,0.56,1.0,Argentina,322,JASON MORRISSEY,3.43,4,20.95,2005-08-05,5,2,2005-07-30,2
6.1,Baicheng,1.75,1.0,China,538,TED BREAUX,4.74,17,28.93,2005-07-12,7,2,2005-07-06,2
6.1,Brescia,0.38,1.0,Italy,309,CHRISTOPHER GRECO,3.76,5,22.95,2005-08-25,5,1,2005-08-19,1
6.1,Czestochowa,0.6,1.0,Poland,572,SIDNEY BURLESON,4.09,1,24.94,2005-08-06,6,2,2005-07-31,2
6.1,Kolpino,0.46,1.0,Russian Federation,295,DAISY BATES,3.76,5,22.94,2005-07-15,6,2,2005-07-09,2
6.1,Syktyvkar,0.86,1.0,Russian Federation,428,HERBERT KRUGER,4.42,7,26.94,2005-08-04,6,2,2005-07-29,2
6.11,Akishima,0.45,1.0,Japan,574,JULIAN VEST,4.08,12,24.95,2005-08-03,5,1,2005-07-28,1
6.11,Bilbays,0.6,1.0,Egypt,559,EVERETT BANDA,3.59,1,21.94,2005-08-06,6,2,2005-07-31,2
6.11,Fuyu,0.36,1.0,China,211,STACEY MONTGOMERY,3.92,1,23.95,2005-08-28,5,2,2005-08-22,2
6.11,Niznekamsk,1.25,1.0,Russian Federation,48,ANN EVANS,4.74,15,28.95,2005-08-03,5,2,2005-07-28,2
6.11,Patiala,1.0,0.9705882352941176,India,296,RAMONA HALE,3.59,8,21.95,2005-07-14,5,2,2005-07-08,2
6.11,Tabriz,0.5,1.0,Iran,279,DIANNE SHELTON,4.57,1,27.94,2005-08-27,6,2,2005-08-21,2
6.11,Urawa,2.25,1.0,Japan,147,JOANNE ROBERTSON,4.24,10,25.91,2005-07-12,9,2,2005-07-06,2
6.11,Weifang,0.6,0.9666666666666667,China,588,MARION OCAMPO,3.59,13,21.94,2005-08-25,6,2,2005-08-19,2
6.12,Laredo,0.36,1.0,United States,6,JENNIFER DAVIS,3.26,5,19.96,2005-08-27,4,2,2005-08-21,2
6.12,Robamba,0.24,1.0,Ecuador,494,RAMON CHOATE,4.4,2,26.96,2005-08-28,4,2,2005-08-22,2
6.12,Santiago de Compostela,1.5,1.0,Spain,549,NELSON CHRISTENSON,4.24,1,25.94,2005-08-04,6,2,2005-07-29,2
6.12,Sharja,0.42,1.0,United Arab Emirates,292,MISTY LAMBERT,4.41,2,26.95,2005-08-04,5,2,2005-07-29,2
6.12,Shimonoseki,0.75,1.0,Japan,29,ANGELA HERNANDEZ,4.24,7,25.94,2005-08-04,6,2,2005-07-29,2
6.12,Syrakusa,0.31,1.0,Italy,221,BESSIE MORRISON,3.91,2,23.96,2005-08-27,4,2,2005-08-21,2
6.12,Xiangfan,0.27,1.0,China,241,HEIDI LARSON,2.44,1,14.97,2005-07-17,3,2,2005-07-11,2
6.13,Grand Prairie,0.86,1.0,United States,118,KIM CRUZ,4.56,18,27.94,2005-08-24,6,2,2005-08-18,2
6.13,Kamjanets-Podilskyi,0.75,1.0,Ukraine,386,TODD TAN,3.74,4,22.94,2005-08-23,6,2,2005-08-17,2
6.13,Sivas,0.38,1.0,Turkey,518,GABRIEL HARDER,4.07,3,24.95,2005-08-26,5,2,2005-08-20,2
6.13,So Leopoldo,0.89,1.0,Brazil,443,FRANCISCO SKIDMORE,4.88,10,29.92,2005-08-24,8,2,2005-08-18,2
6.13,Vila Velha,0.73,1.0,Brazil,39,DEBRA NELSON,5.54,4,33.92,2005-08-05,8,2,2005-07-30,2
6.14,Clarksville,1.0,1.0,United States,140,EVA RAMOS,4.39,19,26.95,2005-08-23,5,2,2005-08-17,2
6.14,Mandi Bahauddin,1.0,1.0,Pakistan,223,MELINDA FERNANDEZ,3.74,2,22.96,2005-08-02,4,1,2005-07-27,1
6.15,Ambattur,4.5,1.0,India,225,ARLENE HARVEY,6.49,12,39.91,2005-07-13,9,2,2005-07-07,2
6.15,Bamenda,1.0,1.0,Cameroon,352,ALBERT CROUSE,4.7,2,28.93,2005-08-23,7,2,2005-08-17,2
6.15,Boa Vista,0.26,1.0,Brazil,342,HAROLD MARTINO,3.57,6,21.95,2005-08-27,5,2,2005-08-21,2
6.15,Cam Ranh,0.71,1.0,Vietnam,532,NEIL RENNER,4.7,1,28.95,2005-07-16,5,2,2005-07-10,2
6.15,Sterling Heights,0.67,1.0,United States,146,JAMIE RICE,4.55,17,27.94,2005-08-24,6,2,2005-08-18,2
6.16,Cuautla,0.43,1.0,Mexico,323,MATTHEW MAHAN,3.56,9,21.94,2005-08-24,6,1,2005-08-18,1
6.16,Duisburg,0.25,1.0,Germany,114,GRACE ELLIS,3.41,3,20.97,2005-08-04,3,2,2005-07-29,2
6.16,Fukuyama,0.35,1.0,Japan,141,DEBBIE REYES,4.05,7,24.94,2005-08-26,6,2,2005-08-20,2
6.16,Hoshiarpur,0.63,0.9722222222222222,India,412,ALLEN BUTTERFIELD,4.87,12,29.95,2005-08-26,5,2,2005-08-20,2
6.16,Lipetsk,0.8,1.0,Russian Federation,44,MARIE TURNER,2.59,6,15.96,2005-06-21,4,2,2005-06-15,2
6.16,Najafabad,0.4,1.0,Iran,368,HARRY ARCE,3.89,4,23.96,2005-08-05,4,2,2005-07-30,2
6.16,Shaoguan,5.5,1.0,China,485,CLYDE TOBIAS,5.99,16,36.89,2005-07-12,11,2,2005-07-06,2
6.16,Varanasi (Benares),2.67,1.0,India,123,SHANNON FREEMAN,5.99,27,36.92,2005-08-03,8,2,2005-07-28,2
6.17,Mannheim,0.56,1.0,Germany,196,ALMA AUSTIN,3.88,1,23.95,2005-07-15,5,1,2005-07-09,1
6.17,Poos de Caldas,0.88,1.0,Brazil,254,MAXINE SILVA,4.37,12,26.93,2005-08-02,7,2,2005-07-27,2
6.17,Springs,0.57,1.0,South Africa,83,LOUISE JENKINS,3.56,2,21.96,2005-08-25,4,2,2005-08-19,2
6.17,Touliu,0.88,1.0,Taiwan,139,AMBER DIXON,4.37,1,26.93,2005-08-28,7,2,2005-08-22,2
6.18,Ede,0.8,1.0,Netherlands,341,PETER MENARD,3.39,1,20.96,2005-08-04,4,2,2005-07-29,2
6.18,Miyakonojo,3.0,1.0,Japan,253,TERRY CARLSON,5.32,11,32.91,2005-08-03,9,2,2005-07-28,2
6.18,Shikarpur,3.0,1.0,Pakistan,25,DEBORAH WALKER,5.49,1,33.94,2005-06-21,6,2,2005-06-15,2
6.18,Sincelejo,1.17,1.0,Colombia,87,WANDA PATTERSON,5.49,4,33.93,2005-08-04,7,2,2005-07-29,2
6.18,Songkhla,0.67,1.0,Thailand,86,JACQUELINE LONG,5.66,2,34.94,2005-08-04,6,2,2005-07-29,2
6.18,Zanzibar,0.8,1.0,Tanzania,220,CHARLENE ALVAREZ,5.49,2,33.92,2005-08-23,8,2,2005-08-17,2
6.19,Asuncin,0.56,1.0,Paraguay,226,MAUREEN LITTLE,3.55,1,21.95,2005-08-28,5,2,2005-08-22,2
6.19,Bayugan,0.88,1.0,Philippines,188,MELANIE ARMSTRONG,3.87,3,23.93,2005-08-26,7,2,2005-08-20,2
6.19,Chiayi,1.33,1.0,Taiwan,73,BEVERLY BROOKS,5.16,6,31.92,2005-08-03,8,2,2005-07-28,2
6.19,Czestochowa,1.29,1.0,Poland,572,SIDNEY BURLESON,4.99,3,30.91,2005-08-04,9,2,2005-07-29,2
6.19,Fengshan,0.6,1.0,Taiwan,576,MORRIS MCCARTER,4.19,2,25.94,2005-08-06,6,2,2005-07-31,2
6.19,Graz,0.86,1.0,Austria,173,AUDREY RAY,3.7,1,22.94,2005-07-15,6,2,2005-07-09,2
6.19,Huixquilucan,1.8,1.0,Mexico,108,TRACY COLE,4.99,9,30.91,2005-07-12,9,2,2005-07-06,2
6.19,Salamanca,0.46,1.0,Mexico,273,PRISCILLA LOWE,4.84,4,29.94,2005-08-06,6,2,2005-07-31,2
6.19,Santa F,1.0,1.0,Argentina,331,ERIC ROBERT,5.32,2,32.94,2005-07-13,6,2,2005-07-07,2
6.19,Santo Andr,0.86,1.0,Brazil,354,JUSTIN NGO,3.7,5,22.94,2005-07-14,6,2,2005-07-08,2
6.19,Tambaram,0.56,1.0,India,287,BECKY MILES,3.55,7,21.95,2005-08-06,5,2,2005-07-31,2
6.2,Coatzacoalcos,1.4,1.0,Mexico,482,MAURICE CRAWLEY,4.99,3,30.93,2005-08-22,7,2,2005-08-16,2
6.2,Cuauhtmoc,4.0,1.0,Mexico,467,ALVIN DELOACH,4.99,5,30.96,2005-06-22,4,2,2005-06-16,2
6.2,Hagonoy,1.75,1.0,Philippines,255,IRMA PEARSON,4.99,11,30.93,2005-08-23,7,2,2005-08-17,2
6.2,Miyakonojo,0.71,1.0,Japan,253,TERRY CARLSON,3.7,4,22.95,2005-08-06,5,2,2005-07-31,2
6.2,Mysore,0.71,1.0,India,59,CHERYL MURPHY,4.99,26,30.95,2005-08-03,5,2,2005-07-28,2
6.21,Ashdod,0.31,1.0,Israel,102,CRYSTAL FORD,3.37,1,20.96,2005-08-24,4,2,2005-08-18,2
6.21,Papeete,1.17,1.0,French Polynesia,56,GLORIA COOK,4.66,1,28.93,2005-08-03,7,2,2005-07-28,2
6.21,Poos de Caldas,0.44,1.0,Brazil,254,MAXINE SILVA,3.21,2,19.96,2005-07-16,4,2,2005-07-10,2
6.21,Xinxiang,1.17,1.0,China,339,WALTER PERRYMAN,4.82,8,29.93,2005-07-13,7,2,2005-07-07,2
6.22,Amersfoort,0.5,1.0,Netherlands,415,GLENN PULLEN,3.69,3,22.95,2005-08-24,5,2,2005-08-18,2
6.22,Ede,1.0,1.0,Netherlands,341,PETER MENARD,4.49,2,27.94,2005-08-25,6,1,2005-08-19,1
6.22,Juazeiro do Norte,1.0,1.0,Brazil,47,FRANCES PARKER,4.49,7,27.94,2005-08-03,6,2,2005-07-28,2
6.22,Lincoln,0.31,1.0,United States,63,ASHLEY RICHARDSON,3.53,10,21.96,2005-08-26,4,1,2005-08-20,1
6.22,London,1.75,1.0,United Kingdom,512,CECIL VINES,4.49,6,27.93,2005-08-02,7,2,2005-07-27,2
6.22,Sokoto,1.25,1.0,Nigeria,562,WALLACE SLONE,4.49,4,27.95,2005-07-14,5,2,2005-07-08,2
6.22,Wroclaw,0.33,1.0,Poland,558,JIMMIE EGGLESTON,3.21,2,19.97,2005-08-26,3,2,2005-08-20,2
6.23,Balaiha,1.0,1.0,Russian Federation,55,DORIS REED,4.32,6,26.94,2005-08-24,6,2,2005-08-18,2
6.23,Bhopal,1.17,1.0,India,15,HELEN HARRIS,4.32,18,26.93,2005-08-04,7,2,2005-07-29,2
6.23,Hanoi,0.33,1.0,Vietnam,340,PATRICK NEWSOM,3.52,1,21.95,2005-08-27,5,2,2005-08-21,2
6.23,Hsichuh,0.47,1.0,Taiwan,348,ROGER QUINTANILLA,4.32,2,26.93,2005-08-26,7,2,2005-08-20,2
6.23,Lausanne,0.89,1.0,Switzerland,598,WADE DELVALLE,4.32,2,26.92,2005-08-02,8,2,2005-07-27,2
6.23,Madiun,0.63,1.0,Indonesia,500,REGINALD KINDER,3.37,3,20.95,2005-08-04,5,2,2005-07-29,2
6.23,Sivas,0.67,1.0,Turkey,518,GABRIEL HARDER,4.32,7,26.94,2005-08-03,6,2,2005-07-28,2
6.23,Uttarpara-Kotrung,0.63,1.0,India,231,GEORGIA JACOBS,3.37,19,20.95,2005-08-04,5,2,2005-07-29,2
6.24,Baybay,0.83,1.0,Philippines,71,KATHY JAMES,4.16,1,25.95,2005-07-16,5,2,2005-07-10,2
6.24,Cianjur,1.6,1.0,Indonesia,411,NORMAN CURRIER,3.19,5,19.92,2005-08-02,8,2,2005-07-27,2
6.24,El Alto,1.17,1.0,Bolivia,455,JON WILES,4.16,1,25.93,2005-08-24,7,2,2005-08-18,2
6.24,Nantou,0.54,1.0,Taiwan,5,ELIZABETH BROWN,3.84,4,23.93,2005-08-25,7,2,2005-08-19,2
6.24,Parbhani,0.27,1.0,India,300,JOHN FARNSWORTH,4.32,5,26.96,2005-08-27,4,2,2005-08-21,2
6.25,Aden,0.5,1.0,Yemen,210,ELLA OLIVER,4.79,1,29.95,2005-08-27,5,2,2005-08-21,2
6.25,Anpolis,1.4,1.0,Brazil,229,TAMARA NGUYEN,3.99,7,24.93,2005-07-13,7,2,2005-07-07,2
6.25,Arlington,1.4,1.0,United States,305,RICHARD MCCRARY,4.79,7,29.93,2005-07-14,7,2,2005-07-08,2
6.25,Braslia,0.86,1.0,Brazil,325,TIMOTHY BUNN,3.99,14,24.94,2005-08-23,6,2,2005-08-17,2
6.25,Erlangen,2.5,1.0,Germany,448,MIGUEL BETANCOURT,3.99,1,24.95,2005-06-21,5,2,2005-06-15,2
6.25,Fontana,0.21,1.0,United States,51,ALICE STEWART,3.52,4,21.96,2005-08-27,4,2,2005-08-21,2
6.25,Goinia,1.6,1.0,Brazil,92,TINA SIMMONS,6.39,8,39.92,2005-07-13,8,2,2005-07-07,2
6.25,Jelets,0.71,1.0,Russian Federation,100,ROBIN HAYES,5.28,7,32.95,2005-07-14,5,2,2005-07-08,2
6.25,Maikop,0.75,1.0,Russian Federation,346,ARTHUR SIMPKINS,5.91,5,36.91,2005-08-06,9,2,2005-07-31,2
6.25,Pontianak,6.0,1.0,Indonesia,506,LESLIE SEWARD,3.99,1,24.94,2005-06-02,6,2,2005-05-27,2
6.25,Rancagua,2.5,1.0,Chile,464,JEROME KENYON,3.99,1,24.95,2005-08-26,5,2,2005-08-20,2
6.25,Weifang,2.5,1.0,China,588,MARION OCAMPO,3.99,3,24.95,2005-06-23,5,2,2005-06-17,2
6.25,Zaria,0.5,1.0,Nigeria,232,CONSTANCE REID,3.99,2,24.95,2005-08-05,5,2,2005-07-30,2
6.26,Boa Vista,1.0,1.0,Brazil,342,HAROLD MARTINO,3.99,1,24.96,2005-07-17,4,2,2005-07-11,2
6.26,Hunuco,1.0,1.0,Peru,565,JAIME NETTLES,5.74,3,35.92,2005-08-23,8,2,2005-08-17,2
6.26,La Romana,0.83,1.0,Dominican Republic,437,RANDALL NEUMANN,3.82,2,23.95,2005-08-24,5,2,2005-08-18,2
6.26,Shivapuri,0.83,1.0,India,68,NICOLE PETERSON,3.82,17,23.95,2005-08-05,5,2,2005-07-30,2
6.26,Tabora,0.57,1.0,Tanzania,190,YOLANDA WEAVER,3.99,1,24.96,2005-08-08,4,2,2005-08-02,2
6.27,Aurora,0.5,1.0,United States,537,CLINTON BUFORD,2.87,16,17.96,2005-08-03,4,2,2005-07-28,2
6.27,Cape Coral,0.4,1.0,United States,526,KARL SEAL,4.46,14,27.94,2005-08-04,6,2,2005-07-29,2
6.27,Sullana,1.0,1.0,Peru,597,FREDDIE DUGGAN,3.66,2,22.94,2005-08-06,6,2,2005-07-31,2
6.28,Ashqelon,0.83,1.0,Israel,478,LEWIS LYMAN,3.66,1,22.95,2005-08-25,5,2,2005-08-19,2
6.28,Botosani,1.17,1.0,Romania,230,JOY GEORGE,3.49,2,21.93,2005-07-14,7,2,2005-07-08,2
6.28,Manchester,0.86,1.0,United States,382,VICTOR BARKLEY,4.13,16,25.94,2005-08-24,6,2,2005-08-18,2
6.28,Okara,0.83,1.0,Pakistan,399,DANNY ISOM,3.66,3,22.95,2005-08-04,5,2,2005-07-29,2
6.28,Ondo,0.83,1.0,Nigeria,156,BERTHA FERGUSON,3.66,4,22.95,2005-08-03,5,2,2005-07-28,2
6.28,Siliguri (Shiliguri),0.67,1.0,India,502,BRETT CORNWELL,3.66,4,22.96,2005-07-16,4,2,2005-07-10,2
6.28,Taizz,0.86,1.0,Yemen,213,GINA WILLIAMSON,4.13,2,25.94,2005-08-04,6,2,2005-07-29,2
6.29,Balikesir,0.35,1.0,Turkey,366,BRANDON HUEY,4.28,4,26.94,2005-08-05,6,2,2005-07-30,2
6.29,Batna,1.5,1.0,Algeria,441,MARIO CHEATHAM,3.49,1,21.94,2005-07-13,6,2,2005-07-07,2
6.29,Bhimavaram,0.55,0.9722222222222222,India,529,ERIK GUILLEN,4.44,11,27.94,2005-08-26,6,2,2005-08-20,2
6.29,Donostia-San Sebastin,0.36,1.0,Spain,293,MAE FLETCHER,4.44,2,27.96,2005-08-28,4,2,2005-08-22,2
6.29,Kalisz,2.0,1.0,Poland,270,LEAH CURTIS,3.49,1,21.96,2005-06-21,4,2,2005-06-15,2
6.29,Liaocheng,1.5,1.0,China,129,CARRIE PORTER,3.32,15,20.91,2005-07-12,9,2,2005-07-06,2
6.29,Nagareyama,1.0,1.0,Japan,53,HEATHER MORRIS,3.49,10,21.96,2005-08-03,4,1,2005-07-28,1
6.29,Suihua,2.0,1.0,China,511,CHESTER BENNER,3.49,6,21.96,2005-06-21,4,2,2005-06-15,2
6.3,Atinsk,1.0,1.0,Russian Federation,397,JIMMY SCHRADER,4.12,9,25.92,2005-08-02,8,2,2005-07-27,2
6.3,Avellaneda,0.58,1.0,Argentina,560,JORDAN ARCHULETA,4.91,4,30.93,2005-08-23,7,2,2005-08-17,2
6.3,Ezeiza,1.0,1.0,Argentina,530,DARRYL ASHCRAFT,3.32,7,20.94,2005-08-03,6,2,2005-07-28,2
6.3,Kanazawa,1.0,1.0,Japan,547,KURT EMMONS,4.28,9,26.93,2005-08-03,7,2,2005-07-28,2
6.3,London,0.5,1.0,United Kingdom,252,MATTIE HOFFMAN,1.74,5,10.96,2005-08-04,4,2,2005-07-29,2
6.3,Masqat,1.0,1.0,Oman,9,MARGARET MOORE,3.32,2,20.94,2005-08-03,6,2,2005-07-28,2
6.3,Rockford,0.3,1.0,United States,457,BILL GAVIN,3.49,3,21.97,2005-08-27,3,2,2005-08-21,2
6.3,Rockford,0.86,1.0,United States,457,BILL GAVIN,4.28,10,26.94,2005-08-25,6,2,2005-08-19,2
6.3,Songkhla,1.0,1.0,Thailand,86,JACQUELINE LONG,5.55,1,34.91,2005-08-24,9,2,2005-08-18,2
6.31,Blumenau,0.88,1.0,Brazil,206,TERRI VASQUEZ,4.74,11,29.93,2005-08-02,7,2,2005-07-27,2
6.31,Cuernavaca,3.33,1.0,Mexico,575,ISAAC OGLESBY,6.32,8,39.9,2005-08-02,10,2,2005-07-27,2
6.31,Etawah,0.43,1.0,India,121,JOSEPHINE GOMEZ,2.85,16,17.97,2005-08-05,3,1,2005-07-30,1
6.31,Kolpino,0.4,1.0,Russian Federation,295,DAISY BATES,4.59,4,28.94,2005-08-06,6,2,2005-07-31,2
6.31,Onomichi,0.88,1.0,Japan,337,JERRY JORDON,4.74,17,29.93,2005-08-02,7,2,2005-07-27,2
6.31,San Felipe de Puerto Plata,0.47,1.0,Dominican Republic,418,JEFF EAST,3.79,1,23.93,2005-08-26,7,2,2005-08-20,2
6.32,Antofagasta,0.83,1.0,Chile,45,JANET PHILLIPS,3.16,1,19.95,2005-07-15,5,2,2005-07-09,2
6.32,Baicheng,0.6,1.0,China,538,TED BREAUX,3.79,28,23.94,2005-08-23,6,2,2005-08-17,2
6.32,Ipoh,0.67,1.0,Malaysia,171,DOLORES WAGNER,3.16,3,19.96,2005-08-02,4,2,2005-07-27,2
6.32,Pak Kret,0.36,1.0,Thailand,42,CAROLYN PEREZ,3.63,1,22.95,2005-08-05,5,2,2005-07-30,2
6.33,Binzhou,2.0,1.0,China,533,JESSIE MILAM,2.99,5,18.94,2005-06-21,6,2,2005-06-15,2
6.33,Buenaventura,0.67,1.0,Colombia,235,JACKIE LYNCH,4.1,3,25.94,2005-08-04,6,2,2005-07-29,2
6.33,Ciomas,0.55,1.0,Indonesia,239,MINNIE ROMERO,3.63,7,22.94,2005-08-24,6,2,2005-08-18,2
6.33,Jodhpur,0.67,1.0,India,224,PEARL GARZA,2.99,4,18.94,2005-08-27,6,2,2005-08-21,2
6.33,Omiya,0.67,1.0,Japan,404,STANLEY SCROGGINS,4.1,8,25.94,2005-08-03,6,2,2005-07-28,2
6.33,Sirjan,0.71,1.0,Iran,449,OSCAR AQUINO,4.42,2,27.95,2005-08-06,5,2,2005-07-31,2
6.34,Abu Dhabi,0.44,1.0,United Arab Emirates,452,TOM MILNER,2.99,3,18.96,2005-08-02,4,2,2005-07-27,2
6.34,Arlington,4.0,1.0,United States,305,RICHARD MCCRARY,2.99,5,18.96,2005-06-22,4,2,2005-06-16,2
6.34,Ciparay,2.0,1.0,Indonesia,328,JEFFREY SPEAR,2.99,1,18.96,2005-06-23,4,2,2005-06-17,2
6.34,Goinia,1.17,1.0,Brazil,92,TINA SIMMONS,5.82,4,36.93,2005-07-14,7,2,2005-07-08,2
6.34,Inegl,0.6,1.0,Turkey,278,BILLIE HORTON,2.99,5,18.97,2005-07-13,3,2,2005-07-07,2
6.34,Nam Dinh,0.86,1.0,Vietnam,472,GREG ROBINS,4.56,2,28.94,2005-07-15,6,2,2005-07-09,2
6.34,Pereira,1.0,1.0,Colombia,180,STACY CUNNINGHAM,4.56,3,28.93,2005-08-24,7,2,2005-08-18,2
6.34,Salinas,0.86,1.0,United States,269,CASSANDRA WALTERS,4.56,15,28.94,2005-08-24,6,2,2005-08-18,2
6.34,Satna,1.67,1.0,India,356,GERALD FULTZ,2.99,17,18.95,2005-07-12,5,2,2005-07-06,2
6.34,Sunnyvale,1.0,1.0,United States,214,KRISTIN JOHNSTON,2.99,6,18.96,2005-07-14,4,2,2005-07-08,2
6.34,Tabuk,1.0,1.0,Saudi Arabia,312,MARK RINEHART,4.56,3,28.93,2005-08-23,7,2,2005-08-17,2
6.34,Xiangtan,1.4,1.0,China,67,KELLY TORRES,5.19,27,32.93,2005-08-23,7,2,2005-08-17,2
6.34,Xinxiang,1.6,1.0,China,339,WALTER PERRYMAN,5.19,14,32.92,2005-07-12,8,2,2005-07-06,2
6.34,guas Lindas de Gois,1.67,1.0,Brazil,130,CHARLOTTE HUNTER,2.99,2,18.95,2005-06-23,5,2,2005-06-17,2
6.35,Jelets,1.0,1.0,Russian Federation,100,ROBIN HAYES,5.66,8,35.94,2005-07-13,6,2,2005-07-07,2
6.35,Linz,1.75,1.0,Austria,159,JILL HAWKINS,4.24,2,26.93,2005-08-03,7,2,2005-07-28,2
6.35,Matsue,1.5,1.0,Japan,355,TERRY GRISSOM,4.24,1,26.94,2005-07-15,6,2,2005-07-09,2
6.35,Southampton,0.78,1.0,United Kingdom,583,MARSHALL THORN,5.66,4,35.93,2005-08-04,7,2,2005-07-29,2
6.36,Augusta-Richmond County,0.86,1.0,United States,96,DIANA ALEXANDER,3.13,12,19.94,2005-07-12,6,2,2005-07-06,2
6.36,Iwakuni,0.88,0.9565217391304348,Japan,54,TERESA ROGERS,4.87,10,30.93,2005-08-25,7,2,2005-08-19,2
6.36,Ktahya,1.25,1.0,Turkey,124,SHEILA WELLS,4.24,7,26.95,2005-08-02,5,2,2005-07-27,2
6.36,Southend-on-Sea,0.86,1.0,United Kingdom,16,SANDRA MARTIN,3.13,3,19.94,2005-08-04,6,1,2005-07-29,1
6.37,Belm,1.67,1.0,Brazil,362,NICHOLAS BARFIELD,5.32,10,33.9,2005-08-02,10,2,2005-07-27,2
6.37,Salala,0.55,1.0,Oman,498,GENE SANBORN,3.44,1,21.94,2005-08-03,6,2,2005-07-28,2
6.37,Zeleznogorsk,0.71,1.0,Russian Federation,351,JACK FOUST,3.13,4,19.95,2005-07-15,5,2,2005-07-09,2
6.38,Aden,0.46,1.0,Yemen,210,ELLA OLIVER,4.07,2,25.94,2005-08-03,6,2,2005-07-28,2
6.38,Jinchang,0.5,1.0,China,168,REGINA BERRY,3.91,18,24.94,2005-08-05,6,2,2005-07-30,2
6.38,Kimchon,0.5,1.0,South Korea,99,EMILY DIAZ,3.91,3,24.94,2005-08-03,6,2,2005-07-28,2
6.38,Kirovo-Tepetsk,0.64,1.0,Russian Federation,179,DANA HART,4.54,6,28.93,2005-08-25,7,2,2005-08-19,2
6.38,Quilmes,0.67,1.0,Argentina,585,PERRY SWAFFORD,5.32,5,33.94,2005-08-04,6,2,2005-07-29,2
6.38,Toulouse,0.38,1.0,France,35,VIRGINIA GREEN,4.07,1,25.95,2005-08-05,5,2,2005-07-30,2
6.39,Sanya,1.2,1.0,China,546,KELLY KNOTT,3.59,6,22.94,2005-07-14,6,2,2005-07-08,2
6.4,Arecibo,0.4,1.0,Puerto Rico,360,RALPH MADRIGAL,4.52,1,28.94,2005-08-25,6,2,2005-08-19,2
6.4,Caracas,0.71,1.0,Venezuela,111,CARMEN OWENS,3.28,2,20.95,2005-08-24,5,2,2005-08-18,2
6.4,Graz,0.75,1.0,Austria,173,AUDREY RAY,4.37,2,27.94,2005-08-24,6,2,2005-08-18,2
6.4,Najafabad,0.75,1.0,Iran,368,HARRY ARCE,4.37,6,27.94,2005-08-03,6,2,2005-07-28,2
6.4,Papeete,1.6,1.0,French Polynesia,56,GLORIA COOK,4.99,1,31.92,2005-08-02,8,2,2005-07-27,2
6.4,Purnea (Purnia),0.89,1.0,India,426,BRADLEY MOTLEY,5.77,26,36.92,2005-08-23,8,2,2005-08-17,2
6.4,Rockford,1.5,1.0,United States,457,BILL GAVIN,3.74,1,23.94,2005-06-24,6,2,2005-06-18,2
6.4,Toulon,2.0,1.0,France,104,RITA GRAHAM,3.74,1,23.92,2005-08-23,8,2,2005-08-17,2
6.4,Udaipur,0.86,1.0,India,170,BEATRICE ARNOLD,4.99,21,31.94,2005-08-25,6,2,2005-08-19,2
6.41,Berhampore (Baharampur),0.4,0.9722222222222222,India,413,MARVIN YEE,2.49,10,15.96,2005-08-26,4,2,2005-08-20,2
6.41,Dhule (Dhulia),1.33,1.0,India,440,BERNARD COLBY,4.82,25,30.92,2005-08-24,8,2,2005-08-18,2
6.41,Ezhou,0.75,1.0,China,313,DONALD MAHON,2.49,4,15.97,2005-06-21,3,2,2005-06-15,2
6.41,Florencia,1.14,1.0,Colombia,460,LEON BOSTIC,5.13,2,32.92,2005-08-24,8,2,2005-08-18,2
6.41,Johannesburg,0.6,1.0,South Africa,471,DEAN SAUER,3.89,1,24.94,2005-08-27,6,2,2005-08-21,2
6.41,Kurgan,0.5,1.0,Russian Federation,376,RANDY GAITHER,3.74,2,23.96,2005-07-16,4,2,2005-07-10,2
6.42,A Corua (La Corua),0.29,1.0,Spain,52,JULIE SANCHEZ,3.42,1,21.96,2005-08-28,4,2,2005-08-22,2
6.42,York,0.36,1.0,United Kingdom,497,GILBERT SLEDGE,4.35,4,27.96,2005-08-05,4,2,2005-07-30,2
6.43,Bern,1.2,1.0,Switzerland,155,GAIL KNIGHT,4.19,1,26.94,2005-08-02,6,2,2005-07-27,2
6.43,Bhavnagar,1.33,0.9722222222222222,India,379,CARLOS COUGHLIN,4.66,9,29.92,2005-08-26,8,2,2005-08-20,2
6.43,Ife,1.43,1.0,Nigeria,80,MARILYN ROSS,5.28,6,33.9,2005-08-23,10,2,2005-08-17,2
6.43,Munger (Monghyr),1.4,1.0,India,28,CYNTHIA YOUNG,2.79,16,17.93,2005-07-12,7,2,2005-07-06,2
6.43,Stara Zagora,0.56,1.0,Bulgaria,215,JESSIE BANKS,2.32,1,14.95,2005-08-28,5,2,2005-08-22,2
6.44,Caracas,0.71,1.0,Venezuela,111,CARMEN OWENS,3.56,1,22.95,2005-07-12,5,2,2005-07-06,2
6.44,Madiun,1.0,1.0,Indonesia,500,REGINALD KINDER,3.56,6,22.93,2005-08-24,7,2,2005-08-18,2
6.44,Peoria,0.8,1.0,United States,275,CAROLE BARNETT,2.79,5,17.96,2005-07-14,4,2,2005-07-08,2
6.44,Uttarpara-Kotrung,0.44,1.0,India,231,GEORGIA JACOBS,3.1,15,19.96,2005-08-05,4,2,2005-07-30,2
6.45,Baha Blanca,1.25,1.0,Argentina,322,JASON MORRISSEY,4.49,1,28.95,2005-06-24,5,2,2005-06-18,2
6.45,Davao,0.88,1.0,Philippines,27,SHIRLEY ALLEN,3.87,5,24.93,2005-07-13,7,2,2005-07-07,2
6.45,Huixquilucan,0.75,1.0,Mexico,108,TRACY COLE,3.87,10,24.94,2005-07-14,6,2,2005-07-08,2
6.45,Kirovo-Tepetsk,0.89,1.0,Russian Federation,179,DANA HART,5.1,6,32.92,2005-08-04,8,2,2005-07-29,2
6.45,Kurgan,0.88,1.0,Russian Federation,376,RANDY GAITHER,3.87,7,24.93,2005-08-23,7,2,2005-08-17,2
6.45,Mit Ghamr,0.86,1.0,Egypt,491,RICK MATTOX,5.42,4,34.94,2005-08-03,6,2,2005-07-28,2
6.45,Pereira,1.0,1.0,Colombia,180,STACY CUNNINGHAM,4.49,2,28.94,2005-08-04,6,2,2005-07-29,2
6.45,Shimonoseki,0.38,1.0,Japan,29,ANGELA HERNANDEZ,4.18,6,26.94,2005-08-26,6,2,2005-08-20,2
6.45,Usak,0.33,1.0,Turkey,204,ROSEMARY SCHMIDT,3.41,1,21.96,2005-08-06,4,2,2005-07-31,2
6.46,Brescia,1.75,1.0,Italy,309,CHRISTOPHER GRECO,6.49,4,41.93,2005-07-12,7,2,2005-07-06,2
6.46,Ede,1.4,1.0,Netherlands,341,PETER MENARD,4.79,4,30.93,2005-08-23,7,2,2005-08-17,2
6.46,Emeishan,0.67,1.0,China,389,ALAN KAHN,4.32,22,27.94,2005-08-04,6,2,2005-07-29,2
6.46,Ondo,1.33,1.0,Nigeria,156,BERTHA FERGUSON,4.32,5,27.92,2005-08-23,8,2,2005-08-17,2
6.46,Tieli,2.33,1.0,China,599,AUSTIN CINTRON,4.32,26,27.93,2005-08-23,7,2,2005-08-17,2
6.46,Varanasi (Benares),4.5,1.0,India,123,SHANNON FREEMAN,6.49,33,41.91,2005-08-02,9,2,2005-07-27,2
6.47,Jhansi,0.63,1.0,India,32,AMY LOPEZ,3.24,6,20.95,2005-07-15,5,2,2005-07-09,2
6.47,Kamakura,1.0,1.0,Japan,79,RACHEL BARNES,3.39,4,21.95,2005-07-14,5,2,2005-07-08,2
6.47,Liepaja,1.2,1.0,Latvia,23,SARAH LEWIS,3.39,1,21.94,2005-07-12,6,2,2005-07-06,2
6.47,London,0.71,1.0,United Kingdom,252,MATTIE HOFFMAN,1.85,6,11.95,2005-08-03,5,2,2005-07-28,2
6.47,Rio Claro,1.0,1.0,Brazil,74,DENISE KELLY,3.39,1,21.95,2005-07-16,5,2,2005-07-10,2
6.47,Saarbrcken,1.25,1.0,Germany,227,COLLEEN BURTON,3.24,1,20.95,2005-07-12,5,2,2005-07-06,2
6.47,Tegal,1.25,1.0,Indonesia,458,LLOYD DOWD,3.24,1,20.95,2005-07-16,5,2,2005-07-10,2
6.47,Zeleznogorsk,0.67,1.0,Russian Federation,351,JACK FOUST,3.55,14,22.94,2005-08-03,6,2,2005-07-28,2
6.48,Bayugan,0.86,1.0,Philippines,188,MELANIE ARMSTRONG,3.85,6,24.94,2005-08-06,6,2,2005-07-31,2
6.48,Gatineau,1.4,1.0,Canada,476,DERRICK BOURQUE,5.39,5,34.93,2005-08-02,7,2,2005-07-27,2
6.48,Ilorin,0.44,1.0,Nigeria,103,GLADYS HAMILTON,3.55,3,22.96,2005-07-14,4,2,2005-07-08,2
6.48,Matamoros,0.67,1.0,Mexico,177,SAMANTHA DUNCAN,2.77,11,17.94,2005-08-23,6,2,2005-08-17,2
6.48,guas Lindas de Gois,0.86,1.0,Brazil,130,CHARLOTTE HUNTER,3.85,13,24.94,2005-08-23,6,2,2005-08-17,2
6.49,Ashdod,0.5,1.0,Israel,102,CRYSTAL FORD,4.3,1,27.92,2005-08-05,8,2,2005-07-30,2
6.49,Dayton,1.83,1.0,United States,294,SHELLY WATTS,5.99,13,38.89,2005-08-04,11,2,2005-07-29,2
6.49,Katihar,0.5,1.0,India,419,CHAD CARBONE,3.07,6,19.94,2005-08-06,6,2,2005-07-31,2
6.49,Korolev,0.7,1.0,Russian Federation,393,PHILIP CAUSEY,3.69,5,23.93,2005-08-25,7,2,2005-08-19,2
6.49,Tandil,1.13,1.0,Argentina,405,LEONARD SCHOFIELD,3.99,3,25.91,2005-08-23,9,2,2005-08-17,2
6.5,Asuncin,2.5,1.0,Paraguay,226,MAUREEN LITTLE,3.99,2,25.95,2005-07-12,5,1,2005-07-06,1
6.5,Balikesir,0.35,1.0,Turkey,366,BRANDON HUEY,3.99,1,25.94,2005-08-27,6,1,2005-08-21,1
6.5,Blumenau,0.83,1.0,Brazil,206,TERRI VASQUEZ,3.99,6,25.95,2005-07-13,5,2,2005-07-07,2
6.5,Greensboro,0.89,1.0,United States,158,VERONICA STONE,3.99,10,25.92,2005-08-05,8,2,2005-07-30,2
6.5,Iligan,0.38,1.0,Philippines,580,ROSS GREY,3.84,2,24.95,2005-08-26,5,2,2005-08-20,2
6.5,Iwatsuki,0.38,1.0,Japan,396,EARL SHANKS,3.68,2,23.95,2005-08-27,5,2,2005-08-21,2
6.5,Jastrzebie-Zdrj,1.5,1.0,Poland,128,MARJORIE TUCKER,3.99,2,25.94,2005-07-15,6,2,2005-07-09,2
6.5,Kansas City,0.6,1.0,United States,308,THOMAS GRIGSBY,3.99,9,25.94,2005-08-25,6,2,2005-08-19,2
6.5,Kimchon,0.38,1.0,South Korea,99,EMILY DIAZ,3.68,4,23.95,2005-08-04,5,2,2005-07-29,2
6.5,Klerksdorp,0.71,1.0,South Africa,109,EDNA WEST,3.99,2,25.95,2005-06-22,5,1,2005-06-16,1
6.5,Mukateve,0.46,1.0,Ukraine,131,MONICA HICKS,3.84,1,24.94,2005-08-25,6,2,2005-08-19,2
6.5,Portoviejo,0.75,1.0,Ecuador,262,PATSY DAVIDSON,3.99,1,25.94,2005-08-28,6,2,2005-08-22,2
6.5,Rio Claro,1.0,1.0,Brazil,74,DENISE KELLY,3.99,5,25.92,2005-08-26,8,2,2005-08-20,2
6.5,Sanya,0.86,1.0,China,546,KELLY KNOTT,3.99,16,25.94,2005-08-24,6,2,2005-08-18,2
6.5,Southampton,5.0,1.0,United Kingdom,583,MARSHALL THORN,3.99,1,25.95,2005-06-24,5,2,2005-06-18,2
6.5,Xinxiang,0.67,1.0,China,339,WALTER PERRYMAN,3.99,21,25.94,2005-08-03,6,2,2005-07-28,2
6.5,al-Ayn,6.0,1.0,United Arab Emirates,98,LILLIAN GRIFFIN,3.99,2,25.94,2005-06-21,6,2,2005-06-15,2
6.51,Baybay,0.8,1.0,Philippines,71,KATHY JAMES,4.29,9,27.92,2005-08-03,8,2,2005-07-28,2
6.51,Brescia,2.0,1.0,Italy,309,CHRISTOPHER GRECO,3.99,1,25.96,2005-06-22,4,2,2005-06-16,2
6.51,Ciomas,2.0,1.0,Indonesia,239,MINNIE ROMERO,3.99,1,25.96,2005-06-03,4,2,2005-05-28,2
6.51,Fengshan,0.7,1.0,Taiwan,576,MORRIS MCCARTER,4.29,3,27.93,2005-08-23,7,2,2005-08-17,2
6.51,Ife,0.7,1.0,Nigeria,80,MARILYN ROSS,4.29,7,27.93,2005-08-25,7,2,2005-08-19,2
6.51,Loja,1.0,1.0,Ecuador,589,TRACY HERRMANN,3.99,1,25.96,2005-06-22,4,2,2005-06-16,2
6.51,Simferopol,0.67,1.0,Ukraine,82,KATHRYN COLEMAN,3.99,1,25.96,2005-07-14,4,2,2005-07-08,2
6.51,Tiefa,0.67,0.9666666666666667,China,302,MICHAEL SILVERMAN,4.91,12,31.92,2005-08-25,8,2,2005-08-19,2
6.52,Botosani,0.8,1.0,Romania,230,JOY GEORGE,4.59,2,29.92,2005-08-23,8,2,2005-08-17,2
6.52,Hsichuh,1.4,1.0,Taiwan,348,ROGER QUINTANILLA,4.59,5,29.93,2005-07-14,7,2,2005-07-08,2
6.52,Jamalpur,1.13,1.0,Bangladesh,329,FRANK WAGGONER,4.74,1,30.91,2005-08-05,9,2,2005-07-30,2
6.52,Madiun,1.17,1.0,Indonesia,500,REGINALD KINDER,3.82,5,24.93,2005-08-03,7,2,2005-07-28,2
6.52,Mardan,1.25,1.0,Pakistan,20,SHARON ROBINSON,4.74,2,30.9,2005-08-23,10,2,2005-08-17,2
6.52,Rizhao,1.2,1.0,China,496,TYLER WREN,4.59,15,29.94,2005-08-24,6,2,2005-08-18,2
6.52,Santa F,1.5,1.0,Argentina,331,ERIC ROBERT,1.99,4,12.97,2005-06-21,3,2,2005-06-15,2
6.53,Balikesir,0.44,1.0,Turkey,366,BRANDON HUEY,4.43,3,28.93,2005-08-04,7,2,2005-07-29,2
6.53,Jinchang,0.5,0.9666666666666667,China,168,REGINA BERRY,4.28,11,27.93,2005-08-25,7,2,2005-08-19,2
6.53,Miyakonojo,0.42,1.0,Japan,253,TERRY CARLSON,3.82,5,24.95,2005-08-26,5,2,2005-08-20,2
6.53,Wroclaw,0.5,1.0,Poland,558,JIMMIE EGGLESTON,3.37,3,21.96,2005-08-24,4,2,2005-08-18,2
6.54,Ahmadnagar,0.36,0.9722222222222222,India,297,SHERRI RHODES,3.2,8,20.95,2005-08-26,5,2,2005-08-20,2
6.54,Binzhou,1.5,1.0,China,533,JESSIE MILAM,5.49,20,35.91,2005-08-03,9,2,2005-07-28,2
6.54,Jedda,0.71,1.0,Saudi Arabia,49,JOYCE EDWARDS,4.28,1,27.95,2005-07-16,5,2,2005-07-10,2
6.54,Purnea (Purnia),1.17,1.0,India,426,BRADLEY MOTLEY,5.49,25,35.93,2005-08-03,7,2,2005-07-28,2
6.55,Alvorada,0.67,1.0,Brazil,551,CLAYTON BARBEE,3.66,5,23.94,2005-08-27,6,2,2005-08-21,2
6.55,Chandrapur,0.64,0.9722222222222222,India,167,SALLY PIERCE,3.81,7,24.93,2005-08-26,7,2,2005-08-20,2
6.55,Cuman,0.6,1.0,Venezuela,113,CINDY FISHER,2.59,1,16.97,2005-06-26,3,2,2005-06-20,2
6.55,Haldia,1.0,1.0,India,186,HOLLY FOX,2.74,4,17.96,2005-06-22,4,2,2005-06-16,2
6.55,Jaipur,0.67,1.0,India,60,MILDRED BAILEY,3.66,24,23.94,2005-08-24,6,2,2005-08-18,2
6.55,Jamalpur,1.25,1.0,Bangladesh,329,FRANK WAGGONER,2.74,2,17.95,2005-06-24,5,2,2005-06-18,2
6.55,Lhokseumawe,0.82,1.0,Indonesia,473,JORGE OLIVARES,4.72,7,30.91,2005-08-23,9,2,2005-08-17,2
6.55,London,0.83,1.0,United Kingdom,512,CECIL VINES,3.66,5,23.95,2005-08-03,5,2,2005-07-28,2
6.55,Po,0.27,1.0,Brazil,126,ELLEN SIMPSON,3.35,3,21.97,2005-08-05,3,2,2005-07-30,2
6.55,So Bernardo do Campo,1.67,1.0,Brazil,544,CODY NOLEN,3.66,6,23.95,2005-08-04,5,2,2005-07-29,2
6.55,Tel Aviv-Jaffa,1.14,1.0,Israel,161,GERALDINE PERKINS,4.42,2,28.92,2005-08-04,8,2,2005-07-29,2
6.55,Valle de la Pascua,0.67,1.0,Venezuela,290,KRISTINA CHAMBERS,3.66,3,23.94,2005-08-23,6,2,2005-08-17,2
6.56,Escobar,0.17,1.0,Argentina,445,MICHEAL FORMAN,2.74,1,17.98,2005-08-08,2,2,2005-08-02,2
6.56,Tandil,0.4,1.0,Argentina,405,LEONARD SCHOFIELD,2.89,3,18.96,2005-08-06,4,2,2005-07-31,2
6.57,Koriyama,1.0,1.0,Japan,401,TONY CARRANZA,3.19,6,20.95,2005-08-04,5,2,2005-07-29,2
6.57,Pak Kret,1.0,1.0,Thailand,42,CAROLYN PEREZ,3.19,1,20.95,2005-07-15,5,2,2005-07-09,2
6.57,Patras,0.75,1.0,Greece,596,ENRIQUE FORSYTHE,3.49,1,22.94,2005-08-25,6,1,2005-08-19,1
6.57,Sasebo,0.71,1.0,Japan,1,MARY SMITH,4.56,3,29.95,2005-07-14,5,2,2005-07-08,2
6.58,Jos Azueta,1.4,1.0,Mexico,581,VIRGIL WOFFORD,3.79,10,24.93,2005-08-23,7,2,2005-08-17,2
6.58,Linz,0.83,1.0,Austria,159,JILL HAWKINS,3.49,2,22.95,2005-08-05,5,2,2005-07-30,2
6.58,San Lorenzo,0.71,1.0,Paraguay,345,CARL ARTIS,4.7,1,30.95,2005-08-04,5,2,2005-07-29,2
6.59,Aurora,1.8,1.0,United States,330,SCOTT SHELLEY,4.39,11,28.91,2005-07-12,9,2,2005-07-06,2
6.59,Sagamihara,0.86,1.0,Japan,11,LISA ANDERSON,4.85,5,31.94,2005-08-04,6,2,2005-07-29,2
6.59,Vicente Lpez,0.6,1.0,Argentina,219,WILLIE HOWELL,4.09,6,26.94,2005-08-03,6,2,2005-07-28,2
6.6,Bhopal,2.25,1.0,India,15,HELEN HARRIS,4.99,32,32.91,2005-08-02,9,2,2005-07-27,2
6.6,Brockton,7.0,1.0,United States,149,VALERIE BLACK,4.99,4,32.93,2005-06-21,7,2,2005-06-15,2
6.6,Esfahan,1.0,1.0,Iran,10,DOROTHY TAYLOR,3.32,2,21.94,2005-07-13,6,2,2005-07-07,2
6.6,Gijn,7.0,1.0,Spain,394,CHRIS BROTHERS,4.99,2,32.93,2005-07-12,7,2,2005-07-06,2
6.6,Haining,3.0,1.0,China,552,HUGH WALDROP,6.66,19,43.91,2005-08-03,9,2,2005-07-28,2
6.6,Ipoh,2.0,1.0,Malaysia,171,DOLORES WAGNER,4.99,3,32.92,2005-08-24,8,2,2005-08-18,2
6.6,Kalisz,1.75,1.0,Poland,270,LEAH CURTIS,4.99,2,32.93,2005-08-04,7,2,2005-07-29,2
6.6,Kolpino,0.73,1.0,Russian Federation,295,DAISY BATES,4.08,7,26.92,2005-07-13,8,2,2005-07-07,2
6.6,Mandaluyong,0.5,1.0,Philippines,263,HILDA HOPKINS,4.69,8,30.95,2005-08-25,5,2,2005-08-19,2
6.6,Okinawa,2.67,1.0,Japan,365,BRUCE SCHWARZ,4.99,7,32.92,2005-08-03,8,2,2005-07-28,2
6.6,Udaipur,4.0,1.0,India,170,BEATRICE ARNOLD,4.99,15,32.92,2005-07-12,8,2,2005-07-06,2
6.6,Yinchuan,0.5,1.0,China,484,ROBERTO VU,4.69,21,30.95,2005-08-04,5,2,2005-07-29,2
6.61,Chatsworth,1.14,1.0,South Africa,555,DWIGHT LOMBARDI,5.13,8,33.92,2005-08-23,8,2,2005-08-17,2
6.61,Suihua,0.63,1.0,China,511,CHESTER BENNER,2.87,17,18.95,2005-08-05,5,2,2005-07-30,2
6.61,Tandil,0.27,1.0,Argentina,405,LEONARD SCHOFIELD,2.72,2,17.97,2005-08-07,3,2,2005-08-01,2
6.62,Gijn,0.57,1.0,Spain,394,CHRIS BROTHERS,2.56,3,16.96,2005-08-24,4,2,2005-08-18,2
6.62,Hohhot,0.44,0.9666666666666667,China,138,HAZEL WARREN,3.62,10,23.93,2005-08-25,7,2,2005-08-19,2
6.62,Nezahualcyotl,1.0,1.0,Mexico,115,WENDY HARRISON,1.66,5,10.97,2005-06-21,3,2,2005-06-15,2
6.62,Ogbomosho,0.33,1.0,Nigeria,277,OLGA JIMENEZ,4.07,4,26.96,2005-08-27,4,2,2005-08-21,2
6.62,Uruapan,10.0,1.0,Mexico,454,ALEX GRESHAM,7.99,4,52.9,2005-06-22,10,2,2005-06-16,2
6.62,Zeleznogorsk,0.5,1.0,Russian Federation,351,JACK FOUST,2.87,1,18.96,2005-07-16,4,2,2005-07-10,2
6.63,Arlington,0.75,1.0,United States,305,RICHARD MCCRARY,4.37,12,28.94,2005-08-04,6,2,2005-07-29,2
6.63,Sumy,0.75,1.0,Ukraine,187,BRITTANY RILEY,4.37,2,28.94,2005-07-13,6,2,2005-07-07,2
6.64,Newcastle,2.0,1.0,South Africa,432,EDWIN BURK,4.66,2,30.94,2005-07-14,6,1,2005-07-08,1
6.64,Probolinggo,0.64,1.0,Indonesia,372,STEVE MACKENZIE,5.26,2,34.93,2005-08-04,7,2,2005-07-29,2
6.64,Qalyub,0.67,1.0,Egypt,134,EMMA BOYD,3.16,1,20.96,2005-08-08,4,2,2005-08-02,2
6.64,Tychy,0.47,1.0,Poland,380,RUSSELL BRINSON,4.06,2,26.93,2005-08-27,7,2,2005-08-21,2
6.66,Allappuzha (Alleppey),1.6,1.0,India,175,ANNETTE OLSON,4.79,24,31.92,2005-08-03,8,2,2005-07-28,2
6.66,Allappuzha (Alleppey),2.25,1.0,India,175,ANNETTE OLSON,5.24,31,34.91,2005-08-02,9,2,2005-07-27,2
6.66,Balurghat,0.45,1.0,India,208,LUCY WHEELER,3.44,14,22.95,2005-08-05,5,2,2005-07-30,2
6.66,Barcelona,2.0,1.0,Venezuela,568,ALBERTO HENNING,2.99,3,19.92,2005-08-02,8,2,2005-07-27,2
6.66,Callao,2.0,1.0,Peru,304,DAVID ROYAL,5.24,1,34.92,2005-07-14,8,2,2005-07-08,2
6.66,Effon-Alaiye,1.13,1.0,Nigeria,286,VELMA LUCAS,5.24,7,34.91,2005-08-02,9,2,2005-07-27,2
6.66,Saarbrcken,1.6,1.0,Germany,227,COLLEEN BURTON,4.19,3,27.92,2005-08-02,8,2,2005-07-27,2
6.66,Southend-on-Sea,1.6,1.0,United Kingdom,16,SANDRA MARTIN,3.59,5,23.92,2005-08-02,8,1,2005-07-27,1
6.66,Tsaotun,2.67,1.0,Taiwan,586,KIRK STCLAIR,2.99,2,19.92,2005-08-23,8,2,2005-08-17,2
6.66,Xintai,2.0,1.0,China,564,BOB PFEIFFER,4.49,20,29.92,2005-08-04,8,2,2005-07-29,2
6.67,Balurghat,0.71,1.0,India,208,LUCY WHEELER,2.99,5,19.95,2005-07-15,5,2,2005-07-09,2
6.67,Brindisi,1.5,1.0,Italy,499,MARC OUTLAW,3.74,3,24.94,2005-07-12,6,2,2005-07-06,2
6.67,Ciudad del Este,1.0,1.0,Paraguay,205,EILEEN CARR,3.74,1,24.96,2005-07-12,4,2,2005-07-06,2
6.67,Cuautla,1.67,1.0,Mexico,323,MATTHEW MAHAN,2.99,8,19.95,2005-07-12,5,2,2005-07-06,2
6.67,Dallas,0.75,1.0,United States,400,BRYAN HARDISON,3.74,2,24.94,2005-08-22,6,2,2005-08-16,2
6.67,Dos Quebradas,3.0,1.0,Colombia,120,SYLVIA ORTIZ,4.49,1,29.94,2005-06-21,6,2,2005-06-15,2
6.67,Gandhinagar,1.75,1.0,India,117,EDITH MCDONALD,3.74,23,24.93,2005-08-24,7,2,2005-08-18,2
6.67,Imus,0.5,1.0,Philippines,349,JOE GILLILAND,3.89,5,25.95,2005-08-06,5,2,2005-07-31,2
6.67,Korolev,2.5,1.0,Russian Federation,393,PHILIP CAUSEY,2.99,2,19.95,2005-06-22,5,2,2005-06-16,2
6.67,Patiala,1.5,1.0,India,296,RAMONA HALE,3.74,14,24.94,2005-07-12,6,2,2005-07-06,2
6.67,Pereira,1.4,1.0,Colombia,180,STACY CUNNINGHAM,4.79,3,31.93,2005-08-02,7,2,2005-07-27,2
6.67,Portoviejo,1.17,1.0,Ecuador,262,PATSY DAVIDSON,4.49,1,29.93,2005-07-14,7,2,2005-07-08,2
6.67,Richmond Hill,5.0,1.0,Canada,410,CURTIS IRBY,2.99,1,19.95,2005-06-23,5,2,2005-06-17,2
6.67,Roanoke,1.67,1.0,United States,291,TONI HOLT,2.99,10,19.95,2005-07-12,5,2,2005-07-06,2
6.67,Uijongbu,1.67,1.0,South Korea,245,COURTNEY DAY,2.99,2,19.95,2005-07-12,5,2,2005-07-06,2
6.68,Ahmadnagar,1.33,1.0,India,297,SHERRI RHODES,2.99,3,19.96,2005-06-23,4,2,2005-06-17,2
6.68,Alessandria,2.0,1.0,Italy,33,ANNA HILL,2.99,1,19.98,2005-06-21,2,2,2005-06-15,2
6.68,Apeldoorn,4.0,1.0,Netherlands,137,RHONDA KENNEDY,2.99,1,19.96,2005-06-24,4,2,2005-06-18,2
6.68,Haining,1.5,1.0,China,552,HUGH WALDROP,2.99,5,19.97,2005-07-14,3,2,2005-07-08,2
6.68,Ibirit,1.33,1.0,Brazil,310,DANIEL CABRAL,2.99,1,19.96,2005-06-23,4,2,2005-06-17,2
6.69,Bhusawal,0.67,1.0,India,202,CARLA GUTIERREZ,3.88,13,25.94,2005-08-05,6,2,2005-07-30,2
6.69,Fukuyama,0.53,0.9565217391304348,Japan,141,DEBBIE REYES,4.32,9,28.92,2005-08-25,8,2,2005-08-19,2
6.69,Hodeida,1.0,1.0,Yemen,470,GORDON ALLARD,4.32,2,28.94,2005-07-13,6,2,2005-07-07,2
6.7,Batman,0.62,1.0,Turkey,172,BERNICE WILLIS,4.91,5,32.92,2005-08-25,8,2,2005-08-19,2
6.7,Loja,0.78,1.0,Ecuador,589,TRACY HERRMANN,4.77,2,31.93,2005-08-25,7,2,2005-08-19,2
6.7,Osmaniye,0.88,1.0,Turkey,13,KAREN JACKSON,4.62,3,30.93,2005-08-05,7,2,2005-07-30,2
6.71,Baiyin,0.63,1.0,China,495,CHARLIE BESS,4.62,16,30.95,2005-08-05,5,2,2005-07-30,2
6.71,Bchar,0.86,1.0,Algeria,69,JUDY GRAY,3.42,2,22.94,2005-08-25,6,2,2005-08-19,2
6.71,Cabuyao,1.0,1.0,Philippines,371,BILLY POULIN,3.42,4,22.93,2005-07-13,7,2,2005-07-07,2
6.71,Daugavpils,0.55,1.0,Latvia,347,RYAN SALISBURY,3.72,2,24.94,2005-08-04,6,2,2005-07-29,2
6.71,Jaipur,0.88,1.0,India,60,MILDRED BAILEY,3.87,25,25.93,2005-08-23,7,2,2005-08-17,2
6.71,Kamakura,0.75,1.0,Japan,79,RACHEL BARNES,3.87,16,25.94,2005-08-02,6,2,2005-07-27,2
6.71,Kuwana,0.5,1.0,Japan,531,JAMIE WAUGH,4.91,7,32.94,2005-08-05,6,2,2005-07-30,2
6.71,Lungtan,0.5,1.0,Taiwan,30,MELISSA KING,3.42,3,22.93,2005-08-25,7,2,2005-08-19,2
6.71,Sungai Petani,0.35,1.0,Malaysia,306,CHARLES KOWALSKI,4.17,1,27.94,2005-08-26,6,2,2005-08-20,2
6.72,Cam Ranh,0.64,1.0,Vietnam,532,NEIL RENNER,4.9,3,32.93,2005-08-25,7,2,2005-08-19,2
6.72,Laohekou,0.5,1.0,China,422,MELVIN ELLINGTON,2.82,10,18.97,2005-08-06,3,1,2005-07-31,1
6.72,Rampur,1.0,1.0,India,336,JOSHUA MARK,4.16,17,27.94,2005-08-04,6,2,2005-07-29,2
6.72,Sunnyvale,1.0,1.0,United States,214,KRISTIN JOHNSTON,4.16,15,27.94,2005-08-03,6,2,2005-07-28,2
6.73,Kragujevac,0.6,1.0,Yugoslavia,7,MARIA MILLER,5.19,1,34.94,2005-08-06,6,2,2005-07-31,2
6.73,Sunnyvale,1.13,1.0,United States,214,KRISTIN JOHNSTON,4.74,8,31.91,2005-08-25,9,2,2005-08-19,2
6.73,Tongliao,2.0,1.0,China,442,LEROY BUSTAMANTE,4.74,13,31.92,2005-07-12,8,2,2005-07-06,2
6.73,Wroclaw,0.6,1.0,Poland,558,JIMMIE EGGLESTON,5.19,1,34.94,2005-07-15,6,2,2005-07-09,2
6.74,Arak,0.36,1.0,Iran,36,KATHLEEN ADAMS,3.7,2,24.95,2005-08-26,5,2,2005-08-20,2
6.74,Baybay,1.75,1.0,Philippines,71,KATHY JAMES,4.74,1,31.93,2005-07-15,7,2,2005-07-09,2
6.74,Cheju,0.86,1.0,South Korea,88,BONNIE HUGHES,3.85,2,25.94,2005-08-03,6,2,2005-07-28,2
6.74,Inegl,1.6,1.0,Turkey,278,BILLIE HORTON,4.59,6,30.92,2005-08-03,8,2,2005-07-28,2
6.74,Junan,1.4,1.0,China,435,RICKY SHELBY,4.59,19,30.93,2005-08-04,7,2,2005-07-29,2
6.74,Lungtan,0.4,1.0,Taiwan,30,MELISSA KING,3.26,1,21.94,2005-08-26,6,2,2005-08-20,2
6.74,al-Ayn,3.33,1.0,United Arab Emirates,98,LILLIAN GRIFFIN,5.32,2,35.9,2005-08-02,10,2,2005-07-27,2
6.75,Akishima,0.78,1.0,Japan,574,JULIAN VEST,4.43,15,29.93,2005-08-02,7,1,2005-07-27,1
6.75,Cuernavaca,0.63,1.0,Mexico,575,ISAAC OGLESBY,3.99,3,26.95,2005-08-06,5,2,2005-07-31,2
6.75,Davao,0.67,1.0,Philippines,27,SHIRLEY ALLEN,3.55,4,23.94,2005-07-14,6,2,2005-07-08,2
6.75,Ezhou,2.0,1.0,China,313,DONALD MAHON,3.99,27,26.94,2005-08-02,6,2,2005-07-27,2
6.75,Guadalajara,1.0,1.0,Mexico,364,BENJAMIN VARNEY,3.99,7,26.95,2005-07-12,5,2,2005-07-06,2
6.75,Kamjanets-Podilskyi,0.89,1.0,Ukraine,386,TODD TAN,4.43,2,29.92,2005-08-04,8,2,2005-07-29,2
6.75,Korla,1.0,1.0,China,283,FELICIA SUTTON,2.66,25,17.94,2005-08-23,6,2,2005-08-17,2
6.75,La Romana,2.0,1.0,Dominican Republic,437,RANDALL NEUMANN,3.99,1,26.94,2005-07-12,6,2,2005-07-06,2
6.75,Mannheim,0.75,1.0,Germany,196,ALMA AUSTIN,3.99,1,26.94,2005-07-14,6,2,2005-07-08,2
6.75,Miraj,2.33,1.0,India,316,STEVEN CURLEY,5.32,5,35.93,2005-06-21,7,2,2005-06-15,2
6.75,Najafabad,0.56,1.0,Iran,368,HARRY ARCE,3.99,3,26.95,2005-08-04,5,2,2005-07-29,2
6.75,Pemalang,1.17,1.0,Indonesia,116,VICTORIA GIBSON,3.99,4,26.93,2005-08-02,7,2,2005-07-27,2
6.75,Rancagua,2.5,1.0,Chile,464,JEROME KENYON,3.99,1,26.95,2005-07-12,5,2,2005-07-06,2
6.75,Syrakusa,0.42,1.0,Italy,221,BESSIE MORRISON,3.99,4,26.95,2005-08-25,5,2,2005-08-19,2
6.75,Tandil,3.0,1.0,Argentina,405,LEONARD SCHOFIELD,3.99,3,26.94,2005-06-21,6,2,2005-06-15,2
6.76,Kimberley,1.6,1.0,South Africa,19,RUTH MARTINEZ,6.79,7,45.92,2005-08-23,8,2,2005-08-17,2
6.76,Moscow,0.5,1.0,Russian Federation,46,CATHERINE CAMPBELL,4.13,4,27.93,2005-08-25,7,2,2005-08-19,2
6.76,Pontianak,0.71,1.0,Indonesia,506,LESLIE SEWARD,4.13,2,27.95,2005-06-21,5,2,2005-06-15,2
6.77,Idfu,1.0,1.0,Egypt,233,LILLIE KIM,4.42,4,29.93,2005-08-02,7,2,2005-07-27,2
6.77,Qalyub,1.0,1.0,Egypt,134,EMMA BOYD,3.39,1,22.95,2005-08-04,5,2,2005-07-29,2
6.77,Valparai,0.58,1.0,India,403,MIKE WAY,5.16,2,34.93,2005-08-07,7,2,2005-08-01,2
6.78,Almirante Brown,1.0,1.0,Argentina,359,WILLIE MARKHAM,3.24,3,21.96,2005-07-14,4,2,2005-07-08,2
6.78,Baha Blanca,0.71,1.0,Argentina,322,JASON MORRISSEY,4.42,1,29.95,2005-08-25,5,2,2005-08-19,2
6.78,Graz,1.0,1.0,Austria,173,AUDREY RAY,4.56,2,30.93,2005-08-23,7,2,2005-08-17,2
6.78,Miyakonojo,1.0,1.0,Japan,253,TERRY CARLSON,3.82,4,25.94,2005-08-04,6,2,2005-07-29,2
6.78,Xintai,0.73,1.0,China,564,BOB PFEIFFER,4.26,14,28.92,2005-08-24,8,2,2005-08-18,2
6.79,Dadu,0.58,1.0,Pakistan,416,JEFFERY PINSON,4.41,2,29.93,2005-08-24,7,2,2005-08-18,2
6.79,Lhokseumawe,0.67,1.0,Indonesia,473,JORGE OLIVARES,4.41,7,29.92,2005-08-26,8,2,2005-08-20,2
6.79,Nam Dinh,1.4,1.0,Vietnam,472,GREG ROBINS,5.59,4,37.93,2005-08-24,7,2,2005-08-18,2
6.8,Augusta-Richmond County,1.33,1.0,United States,96,DIANA ALEXANDER,4.99,18,33.92,2005-08-23,8,2,2005-08-17,2
6.8,Garland,4.5,1.0,United States,561,IAN STILL,4.99,3,33.91,2005-06-21,9,2,2005-06-15,2
6.8,Hodeida,0.67,1.0,Yemen,470,GORDON ALLARD,5.57,1,37.92,2005-08-04,8,2,2005-07-29,2
6.8,Iligan,0.38,1.0,Philippines,580,ROSS GREY,3.37,4,22.95,2005-08-06,5,2,2005-07-31,2
6.8,Katihar,1.5,1.0,India,419,CHAD CARBONE,2.49,4,16.94,2005-07-15,6,2,2005-07-09,2
6.8,Munger (Monghyr),1.0,0.9705882352941176,India,28,CYNTHIA YOUNG,2.49,7,16.94,2005-07-14,6,2,2005-07-08,2
6.8,Mwanza,1.13,1.0,Tanzania,481,HERMAN DEVORE,4.99,1,33.91,2005-08-23,9,2,2005-08-17,2
6.8,Nagareyama,1.8,1.0,Japan,53,HEATHER MORRIS,4.99,12,33.91,2005-08-23,9,2,2005-08-17,2
6.8,San Lorenzo,1.0,1.0,Paraguay,345,CARL ARTIS,4.99,1,33.94,2005-08-03,6,2,2005-07-28,2
6.8,al-Hawiya,1.33,1.0,Saudi Arabia,70,CHRISTINA RAMIREZ,4.99,2,33.92,2005-08-23,8,2,2005-08-17,2
6.81,Dallas,0.78,1.0,United States,400,BRYAN HARDISON,4.1,17,27.93,2005-08-23,7,2,2005-08-17,2
6.81,Imus,0.67,1.0,Philippines,349,JOE GILLILAND,4.1,9,27.94,2005-08-05,6,2,2005-07-30,2
6.81,Jastrzebie-Zdrj,0.18,1.0,Poland,128,MARJORIE TUCKER,3.23,1,21.97,2005-08-28,3,1,2005-08-22,1
6.81,Ljubertsy,1.33,1.0,Russian Federation,160,ERIN DUNN,3.66,3,24.92,2005-08-06,8,2,2005-07-31,2
6.81,Memphis,0.67,1.0,United States,181,ANA BRADLEY,5.86,14,39.9,2005-08-24,10,2,2005-08-18,2
6.81,San Felipe de Puerto Plata,1.0,1.0,Dominican Republic,418,JEFF EAST,2.49,2,16.96,2005-07-14,4,2,2005-07-08,2
6.81,Tandil,0.89,1.0,Argentina,405,LEONARD SCHOFIELD,3.66,3,24.92,2005-08-24,8,2,2005-08-18,2
6.82,Cape Coral,0.26,1.0,United States,526,KARL SEAL,4.83,2,32.95,2005-08-27,5,2,2005-08-21,2
6.82,Greensboro,1.83,1.0,United States,158,VERONICA STONE,4.82,14,32.89,2005-08-03,11,2,2005-07-28,2
6.82,Jastrzebie-Zdrj,0.25,1.0,Poland,128,MARJORIE TUCKER,3.37,1,22.96,2005-08-27,4,2,2005-08-21,2
6.82,Jhansi,1.17,0.9705882352941176,India,32,AMY LOPEZ,3.66,6,24.93,2005-07-14,7,2,2005-07-08,2
6.82,Nagareyama,1.67,1.0,Japan,53,HEATHER MORRIS,3.66,14,24.95,2005-08-02,5,2,2005-07-27,2
6.82,Weifang,0.78,1.0,China,588,MARION OCAMPO,3.66,13,24.93,2005-08-24,7,2,2005-08-18,2
6.83,Antofagasta,0.5,1.0,Chile,45,JANET PHILLIPS,4.09,1,27.95,2005-08-08,5,2,2005-08-02,2
6.83,Apeldoorn,0.44,1.0,Netherlands,137,RHONDA KENNEDY,5.12,1,34.93,2005-08-06,7,2,2005-07-31,2
6.83,Duisburg,1.13,1.0,Germany,114,GRACE ELLIS,5.12,2,34.91,2005-08-24,9,2,2005-08-18,2
6.83,Jastrzebie-Zdrj,0.7,1.0,Poland,128,MARJORIE TUCKER,4.09,3,27.93,2005-08-05,7,2,2005-07-30,2
6.83,Pudukkottai,2.0,1.0,India,421,LEE HAWKS,5.99,30,40.9,2005-08-02,10,2,2005-07-27,2
6.84,Callao,1.2,1.0,Peru,304,DAVID ROYAL,3.79,2,25.94,2005-08-23,6,2,2005-08-17,2
6.84,Ondo,1.2,1.0,Nigeria,156,BERTHA FERGUSON,3.79,6,25.94,2005-08-02,6,2,2005-07-27,2
6.85,Compton,2.0,1.0,United States,182,RENEE LANE,3.49,9,23.92,2005-07-12,8,2,2005-07-06,2
6.85,Kisumu,0.36,1.0,Kenya,193,KATIE ELLIOTT,3.35,1,22.96,2005-08-28,4,2,2005-08-22,2
6.85,Portoviejo,2.25,1.0,Ecuador,262,PATSY DAVIDSON,5.24,2,35.91,2005-07-12,9,2,2005-07-06,2
6.85,Tel Aviv-Jaffa,1.5,1.0,Israel,161,GERALDINE PERKINS,4.66,2,31.91,2005-08-02,9,2,2005-07-27,2
6.86,Adoni,0.5,1.0,India,367,ADAM GOOCH,4.37,20,29.96,2005-08-25,4,2,2005-08-19,2
6.86,Bhimavaram,0.75,1.0,India,529,ERIK GUILLEN,4.37,29,29.94,2005-08-02,6,2,2005-07-27,2
6.86,Cuman,0.75,1.0,Venezuela,113,CINDY FISHER,3.49,2,23.94,2005-08-02,6,2,2005-07-27,2
6.86,Nabereznyje Telny,1.75,1.0,Russian Federation,447,CLIFFORD BOWENS,3.49,6,23.93,2005-07-13,7,2,2005-07-07,2
6.86,Pemalang,1.0,1.0,Indonesia,116,VICTORIA GIBSON,3.49,4,23.94,2005-07-12,6,2,2005-07-06,2
6.86,Probolinggo,0.44,1.0,Indonesia,372,STEVE MACKENZIE,4.8,6,32.93,2005-08-26,7,2,2005-08-20,2
6.86,Salinas,2.0,1.0,United States,269,CASSANDRA WALTERS,4.66,6,31.94,2005-07-13,6,2,2005-07-07,2
6.86,Sivas,2.5,1.0,Turkey,518,GABRIEL HARDER,3.49,5,23.95,2005-07-12,5,2,2005-07-06,2
6.86,Usak,0.78,1.0,Turkey,204,ROSEMARY SCHMIDT,4.66,4,31.93,2005-08-25,7,2,2005-08-19,2
6.87,Antofagasta,0.5,1.0,Chile,45,JANET PHILLIPS,5.09,1,34.95,2005-08-25,5,2,2005-08-19,2
6.87,Baku,0.8,1.0,Azerbaijan,333,ANDREW PURDY,4.79,2,32.92,2005-08-24,8,2,2005-08-18,2
6.87,Bucuresti,1.8,1.0,Romania,563,KEN PREWITT,4.79,1,32.91,2005-08-23,9,2,2005-08-17,2
6.87,Cuauhtmoc,0.9,1.0,Mexico,467,ALVIN DELOACH,4.79,9,32.91,2005-08-23,9,2,2005-08-17,2
6.87,El Monte,0.67,1.0,United States,420,JACOB LANCE,4.21,11,28.94,2005-08-04,6,2,2005-07-29,2
6.87,Erlangen,5.0,1.0,Germany,448,MIGUEL BETANCOURT,7.99,4,54.9,2005-08-23,10,2,2005-08-17,2
6.87,Moscow,0.4,1.0,Russian Federation,46,CATHERINE CAMPBELL,3.92,1,26.94,2005-08-27,6,2,2005-08-21,2
6.88,Hohhot,0.4,1.0,China,138,HAZEL WARREN,3.19,2,21.94,2005-08-07,6,2,2005-08-01,2
6.88,Lengshuijiang,3.0,1.0,China,267,MARGIE WADE,5.66,3,38.91,2005-06-21,9,2,2005-06-15,2
6.88,Rae Bareli,0.29,1.0,India,78,LORI WOOD,3.78,1,25.96,2005-08-07,4,2,2005-08-01,2
6.88,Richmond Hill,0.36,1.0,Canada,410,CURTIS IRBY,3.92,1,26.95,2005-08-07,5,1,2005-08-01,1
6.88,Tychy,0.45,1.0,Poland,380,RUSSELL BRINSON,3.63,2,24.95,2005-08-05,5,2,2005-07-30,2
6.88,Yinchuan,0.36,1.0,China,484,ROBERTO VU,4.35,15,29.96,2005-08-05,4,2,2005-07-30,2
6.89,Changzhou,1.0,1.0,China,197,SUE PETERS,4.49,1,30.92,2005-08-07,8,2,2005-08-01,2
6.89,Joliet,2.5,1.0,United States,504,NATHANIEL ADAM,4.49,8,30.95,2005-07-12,5,2,2005-07-06,2
6.89,Merlo,0.88,1.0,Argentina,107,FLORENCE WOODS,4.49,10,30.93,2005-08-02,7,2,2005-07-27,2
6.89,Najafabad,1.5,1.0,Iran,368,HARRY ARCE,4.49,2,30.94,2005-06-21,6,2,2005-06-15,2
6.89,Po,0.88,1.0,Brazil,126,ELLEN SIMPSON,4.49,7,30.93,2005-08-25,7,2,2005-08-19,2
6.89,Salamanca,0.8,1.0,Mexico,273,PRISCILLA LOWE,4.49,2,30.92,2005-08-22,8,2,2005-08-16,2
6.89,Shimonoseki,0.57,0.9565217391304348,Japan,29,ANGELA HERNANDEZ,4.49,8,30.92,2005-08-25,8,2,2005-08-19,2
6.89,Yinchuan,1.0,0.9642857142857143,China,484,ROBERTO VU,4.49,3,30.94,2005-07-16,6,2,2005-07-10,2
6.9,Aurora,1.4,1.0,United States,537,CLINTON BUFORD,4.19,7,28.93,2005-08-25,7,2,2005-08-19,2
6.9,Dos Quebradas,0.33,1.0,Colombia,120,SYLVIA ORTIZ,3.91,1,26.96,2005-08-27,4,2,2005-08-21,2
6.9,Faaa,2.0,1.0,French Polynesia,43,CHRISTINE ROBERTS,3.32,1,22.94,2005-07-15,6,2,2005-07-09,2
6.9,Lima,0.8,1.0,Peru,122,THELMA MURRAY,4.19,2,28.92,2005-08-03,8,2,2005-07-28,2
6.9,Santa Brbara dOeste,0.5,1.0,Brazil,178,MARION SNYDER,4.78,2,32.93,2005-08-05,7,2,2005-07-30,2
6.91,Coacalco de Berriozbal,1.2,1.0,Mexico,247,STELLA MORENO,4.19,1,28.94,2005-08-22,6,2,2005-08-16,2
6.91,Greensboro,2.4,1.0,United States,158,VERONICA STONE,5.19,13,35.88,2005-08-02,12,2,2005-07-27,2
6.91,Naala-Porto,0.67,1.0,Mozambique,433,DON BONE,4.77,2,32.94,2005-08-25,6,2,2005-08-19,2
6.91,Onomichi,4.0,1.0,Japan,337,JERRY JORDON,5.49,9,37.92,2005-07-12,8,2,2005-07-06,2
6.91,Simferopol,1.0,1.0,Ukraine,82,KATHRYN COLEMAN,4.19,4,28.95,2005-07-12,5,2,2005-07-06,2
6.91,Sumqayit,0.78,1.0,Azerbaijan,334,RAYMOND MCWHORTER,4.77,2,32.93,2005-08-05,7,2,2005-07-30,2
6.92,Huixquilucan,1.33,1.0,Mexico,108,TRACY COLE,4.32,6,29.92,2005-07-13,8,2,2005-07-07,2
6.92,Leshan,3.0,1.0,China,569,DAVE GARDINER,4.32,14,29.91,2005-08-05,9,2,2005-07-30,2
6.92,Mardan,1.0,1.0,Pakistan,20,SHARON ROBINSON,4.32,1,29.91,2005-08-24,9,2,2005-08-18,2
6.93,Coatzacoalcos,1.5,1.0,Mexico,482,MAURICE CRAWLEY,5.32,5,36.91,2005-08-25,9,2,2005-08-19,2
6.93,Halifax,0.6,1.0,Canada,463,DARRELL POWER,3.89,2,26.94,2005-08-24,6,2,2005-08-18,2
6.93,Mysore,1.8,1.0,India,59,CHERYL MURPHY,6.19,19,42.91,2005-08-25,9,2,2005-08-19,2
6.93,Urawa,0.15,1.0,Japan,147,JOANNE ROBERTSON,2.45,1,16.98,2005-08-07,2,2,2005-08-01,2
6.94,Atinsk,1.5,1.0,Russian Federation,397,JIMMY SCHRADER,3.74,3,25.94,2005-07-15,6,2,2005-07-09,2
6.94,Ife,0.78,1.0,Nigeria,80,MARILYN ROSS,5.32,5,36.93,2005-08-02,7,2,2005-07-27,2
6.94,Imus,0.38,1.0,Philippines,349,JOE GILLILAND,4.61,4,31.95,2005-08-27,5,2,2005-08-21,2
6.95,Balurghat,0.6,1.0,India,208,LUCY WHEELER,3.59,16,24.94,2005-08-04,6,2,2005-07-29,2
6.95,Kaliningrad,1.0,1.0,Russian Federation,301,ROBERT BAUGHMAN,3.59,2,24.95,2005-07-15,5,2,2005-07-09,2
6.95,Molodetno,0.37,1.0,Belarus,144,CLARA SHAW,4.31,1,29.93,2005-08-24,7,2,2005-08-18,2
6.95,Mwanza,0.67,1.0,Tanzania,481,HERMAN DEVORE,3.88,2,26.94,2005-08-04,6,2,2005-07-29,2
6.95,Naala-Porto,0.88,1.0,Mozambique,433,DON BONE,4.74,2,32.93,2005-08-03,7,2,2005-07-28,2
6.96,Ikerre,0.26,1.0,Nigeria,198,ELSIE KELLEY,3.73,3,25.95,2005-08-27,5,2,2005-08-21,2
6.96,Ourense (Orense),0.28,1.0,Spain,469,WESLEY BULL,4.16,2,28.95,2005-08-27,5,2,2005-08-21,2
6.97,Haiphong,1.0,1.0,Vietnam,199,BETH FRANKLIN,4.87,3,33.92,2005-08-04,8,2,2005-07-29,2
6.97,Ife,0.89,1.0,Nigeria,80,MARILYN ROSS,4.43,5,30.92,2005-08-24,8,2,2005-08-18,2
6.97,Udaipur,1.17,1.0,India,170,BEATRICE ARNOLD,5.16,22,35.93,2005-08-24,7,2,2005-08-18,2
6.97,Weifang,0.88,1.0,China,588,MARION OCAMPO,3.87,18,26.93,2005-08-04,7,2,2005-07-29,2
6.98,Manchester,0.44,1.0,United States,382,VICTOR BARKLEY,3.43,9,23.96,2005-08-26,4,2,2005-08-20,2
6.98,Namibe,0.36,1.0,Angola,383,MARTIN BALES,2.72,1,18.96,2005-08-26,4,2,2005-08-20,2
6.98,Urawa,0.25,1.0,Japan,147,JOANNE ROBERTSON,2.57,3,17.97,2005-08-06,3,2,2005-07-31,2
6.98,Wroclaw,0.78,1.0,Poland,558,JIMMIE EGGLESTON,5.43,1,37.93,2005-07-14,7,2,2005-07-08,2
6.99,Brescia,1.71,1.0,Italy,309,CHRISTOPHER GRECO,5.99,1,41.88,2005-08-02,12,2,2005-07-27,2
6.99,Iwatsuki,1.8,1.0,Japan,396,EARL SHANKS,3.99,13,27.91,2005-08-02,9,2,2005-07-27,2
6.99,Kimchon,3.33,1.0,South Korea,99,EMILY DIAZ,4.99,1,34.9,2005-07-13,10,2,2005-07-07,2
6.99,Taguig,1.86,1.0,Philippines,72,THERESA WATSON,4.7,10,32.87,2005-08-23,13,2,2005-08-17,2
7.0,Allappuzha (Alleppey),0.6,1.0,India,175,ANNETTE OLSON,3.99,21,27.94,2005-08-24,6,2,2005-08-18,2
7.0,Anpolis,1.4,1.0,Brazil,229,TAMARA NGUYEN,3.99,12,27.93,2005-08-23,7,2,2005-08-17,2
7.0,Apeldoorn,0.33,1.0,Netherlands,137,RHONDA KENNEDY,4.99,1,34.94,2005-08-27,6,2,2005-08-21,2
7.0,Atinsk,3.5,1.0,Russian Federation,397,JIMMY SCHRADER,3.99,2,27.93,2005-07-11,7,2,2005-07-05,2
7.0,Bergamo,1.14,1.0,Italy,439,ALEXANDER FENNELL,4.13,1,28.92,2005-08-04,8,2,2005-07-29,2
7.0,Braslia,1.4,1.0,Brazil,325,TIMOTHY BUNN,3.99,9,27.93,2005-08-02,7,2,2005-07-27,2
7.0,Dzerzinsk,2.0,1.0,Russian Federation,430,RAY HOULE,2.99,3,20.94,2005-08-25,6,2,2005-08-19,2
7.0,Garland,1.75,1.0,United States,561,IAN STILL,3.99,4,27.93,2005-06-22,7,2,2005-06-16,2
7.0,Iwatsuki,1.0,1.0,Japan,396,EARL SHANKS,3.42,3,23.93,2005-08-04,7,2,2005-07-29,2
7.0,Jhansi,0.86,1.0,India,32,AMY LOPEZ,4.7,23,32.94,2005-08-23,6,2,2005-08-17,2
7.0,Konotop,0.75,1.0,Ukraine,545,JULIO NOLAND,3.99,3,27.94,2005-08-24,6,2,2005-08-18,2
7.0,Lincoln,3.0,1.0,United States,63,ASHLEY RICHARDSON,4.99,4,34.94,2005-07-14,6,2,2005-07-08,2
7.0,Moscow,1.5,1.0,Russian Federation,46,CATHERINE CAMPBELL,3.99,5,27.94,2005-06-21,6,2,2005-06-15,2
7.0,Mwanza,1.2,1.0,Tanzania,481,HERMAN DEVORE,2.99,2,20.94,2005-07-14,6,2,2005-07-08,2
7.0,Palghat (Palakkad),1.6,1.0,India,268,NINA SOTO,4.99,24,34.92,2005-08-23,8,2,2005-08-17,2
7.0,Shubra al-Khayma,1.8,1.0,Egypt,119,SHERRY MARSHALL,4.99,3,34.91,2005-08-03,9,2,2005-07-28,2
7.0,Taizz,0.67,1.0,Yemen,213,GINA WILLIAMSON,3.99,3,27.94,2005-07-12,6,2,2005-07-06,2
7.0,Tanza,0.43,1.0,Philippines,236,MARCIA DEAN,4.56,7,31.94,2005-08-25,6,2,2005-08-19,2
7.0,Tychy,8.0,1.0,Poland,380,RUSSELL BRINSON,3.99,1,27.92,2005-06-23,8,2,2005-06-17,2
7.0,Yingkou,1.0,1.0,China,521,ROLAND SOUTH,3.85,12,26.93,2005-08-24,7,2,2005-08-18,2
7.01,Allappuzha (Alleppey),2.0,1.0,India,175,ANNETTE OLSON,2.99,13,20.96,2005-07-12,4,2,2005-07-06,2
7.01,Augusta-Richmond County,0.71,1.0,United States,96,DIANA ALEXANDER,3.56,10,24.95,2005-08-04,5,2,2005-07-29,2
7.01,Compton,0.63,1.0,United States,182,RENEE LANE,2.99,12,20.95,2005-08-02,5,2,2005-07-27,2
7.01,Dhule (Dhulia),0.71,1.0,India,440,BERNARD COLBY,3.42,23,23.95,2005-08-03,5,1,2005-07-28,1
7.01,Escobar,0.4,1.0,Argentina,445,MICHEAL FORMAN,2.99,1,20.96,2005-08-07,4,2,2005-08-01,2
7.01,Fukuyama,3.0,1.0,Japan,141,DEBBIE REYES,2.99,3,20.97,2005-06-21,3,2,2005-06-15,2
7.01,Grand Prairie,0.57,1.0,United States,118,KIM CRUZ,2.7,9,18.96,2005-08-04,4,2,2005-07-29,2
7.01,Johannesburg,5.0,1.0,South Africa,471,DEAN SAUER,2.99,3,20.95,2005-06-21,5,2,2005-06-15,2
7.01,Joliet,0.29,1.0,United States,504,NATHANIEL ADAM,3.7,1,25.96,2005-08-28,4,2,2005-08-22,2
7.01,Laiwu,0.71,1.0,China,151,MEGAN PALMER,2.7,9,18.95,2005-08-06,5,1,2005-07-31,1
7.01,Mogiljov,1.25,1.0,Belarus,527,CORY MEEHAN,1.99,2,13.95,2005-07-14,5,2,2005-07-08,2
7.01,Nezahualcyotl,0.71,1.0,Mexico,115,WENDY HARRISON,2.85,1,19.95,2005-07-17,5,2,2005-07-11,2
7.01,Qomsheh,0.47,1.0,Iran,459,TOMMY COLLAZO,5.12,1,35.93,2005-08-06,7,2,2005-07-31,2
7.01,Shimonoseki,0.71,1.0,Japan,29,ANGELA HERNANDEZ,3.13,4,21.95,2005-07-13,5,2,2005-07-07,2
7.01,Syktyvkar,1.0,1.0,Russian Federation,428,HERBERT KRUGER,2.99,6,20.95,2005-07-12,5,1,2005-07-06,1
7.01,Zhezqazghan,4.0,1.0,Kazakstan,573,BYRON BOX,2.99,2,20.96,2005-06-22,4,2,2005-06-16,2
7.02,Fontana,0.35,1.0,United States,51,ALICE STEWART,3.7,8,25.94,2005-08-26,6,2,2005-08-20,2
7.02,Korla,1.5,1.0,China,283,FELICIA SUTTON,1.99,2,13.97,2005-06-24,3,2,2005-06-18,2
7.02,Nabereznyje Telny,2.0,1.0,Russian Federation,447,CLIFFORD BOWENS,1.99,4,13.96,2005-06-21,4,2,2005-06-15,2
7.02,Nador,0.64,1.0,Morocco,40,AMANDA CARTER,4.26,2,29.93,2005-08-25,7,2,2005-08-19,2
7.02,Sungai Petani,1.0,1.0,Malaysia,306,CHARLES KOWALSKI,4.55,1,31.91,2005-08-04,9,2,2005-07-29,2
7.02,Ueda,3.0,1.0,Japan,503,ANGEL BARCLAY,1.99,2,13.97,2005-06-02,3,1,2005-05-27,1
7.03,Balikesir,0.53,1.0,Turkey,366,BRANDON HUEY,4.26,2,29.92,2005-08-26,8,2,2005-08-20,2
7.03,Greensboro,1.13,1.0,United States,158,VERONICA STONE,4.12,8,28.91,2005-08-04,9,2,2005-07-29,2
7.03,Onomichi,0.67,0.9565217391304348,Japan,337,JERRY JORDON,4.55,7,31.94,2005-08-25,6,2,2005-08-19,2
7.03,Valle de la Pascua,0.78,1.0,Venezuela,290,KRISTINA CHAMBERS,3.55,2,24.93,2005-08-03,7,2,2005-07-28,2
7.03,Xinxiang,0.88,1.0,China,339,WALTER PERRYMAN,4.12,26,28.93,2005-08-02,7,2,2005-07-27,2
7.04,Bucuresti,0.56,1.0,Romania,563,KEN PREWITT,3.55,1,24.95,2005-08-26,5,2,2005-08-20,2
7.04,Vijayawada,1.13,1.0,India,508,MILTON HOWLAND,6.24,22,43.91,2005-08-03,9,2,2005-07-28,2
7.05,Acua,1.2,1.0,Mexico,486,GLEN TALBERT,4.39,5,30.94,2005-07-13,6,2,2005-07-07,2
7.05,Cavite,0.2,1.0,Philippines,388,CRAIG MORRELL,3.26,3,22.97,2005-08-27,3,2,2005-08-21,2
7.05,Czestochowa,0.78,1.0,Poland,572,SIDNEY BURLESON,4.1,1,28.93,2005-08-05,7,2,2005-07-30,2
7.05,Dadu,2.0,1.0,Pakistan,416,JEFFERY PINSON,0.99,1,6.98,2005-06-04,2,1,2005-05-29,1
7.06,Benin City,0.5,1.0,Nigeria,284,SONIA GREGORY,0.99,1,6.99,2005-06-06,1,1,2005-05-31,1
7.06,Jamalpur,0.5,1.0,Bangladesh,329,FRANK WAGGONER,4.24,2,29.94,2005-08-23,6,2,2005-08-17,2
7.06,La Paz,0.6,1.0,Mexico,488,SHANE MILLARD,3.39,8,23.94,2005-08-24,6,2,2005-08-18,2
7.06,Sagamihara,0.44,1.0,Japan,11,LISA ANDERSON,4.1,6,28.96,2005-08-05,4,2,2005-07-30,2
7.06,Salzburg,0.58,1.0,Austria,266,NORA HERRERA,4.24,1,29.93,2005-08-26,7,1,2005-08-20,1
7.06,Tonghae,1.0,1.0,South Korea,536,FERNANDO CHURCHILL,0.99,1,6.99,2005-06-05,1,1,2005-05-30,1
7.07,Salinas,1.17,1.0,United States,269,CASSANDRA WALTERS,4.66,16,32.93,2005-08-23,7,2,2005-08-17,2
7.07,Santo Andr,0.64,1.0,Brazil,354,JUSTIN NGO,3.81,9,26.93,2005-08-24,7,2,2005-08-18,2
7.07,Simferopol,1.4,1.0,Ukraine,82,KATHRYN COLEMAN,5.79,3,40.93,2005-08-03,7,2,2005-07-28,2
7.08,Ahmadnagar,1.4,1.0,India,297,SHERRI RHODES,4.79,12,33.93,2005-07-12,7,2,2005-07-06,2
7.08,Cam Ranh,0.58,1.0,Vietnam,532,NEIL RENNER,5.07,2,35.93,2005-08-04,7,2,2005-07-29,2
7.08,Jedda,1.4,1.0,Saudi Arabia,49,JOYCE EDWARDS,4.79,3,33.93,2005-07-12,7,2,2005-07-06,2
7.08,Naju,0.7,1.0,South Korea,237,TANYA GILBERT,4.79,2,33.93,2005-08-05,7,2,2005-07-30,2
7.08,Pachuca de Soto,1.75,1.0,Mexico,353,JONATHAN SCARBOROUGH,3.24,8,22.93,2005-08-23,7,2,2005-08-17,2
7.08,Tiefa,0.45,1.0,China,302,MICHAEL SILVERMAN,3.81,13,26.95,2005-08-05,5,2,2005-07-30,2
7.08,Yinchuan,1.4,1.0,China,484,ROBERTO VU,4.79,4,33.93,2005-07-15,7,2,2005-07-09,2
7.09,Dayton,2.4,1.0,United States,294,SHELLY WATTS,6.19,13,43.88,2005-08-03,12,2,2005-07-28,2
7.09,Pudukkottai,0.45,1.0,India,421,LEE HAWKS,4.08,20,28.95,2005-08-24,5,2,2005-08-18,2
7.09,Santiago de los Caballeros,0.88,1.0,Dominican Republic,258,MYRTLE FLEMING,4.37,2,30.93,2005-08-04,7,2,2005-07-29,2
7.09,Sasebo,0.8,1.0,Japan,1,MARY SMITH,3.09,11,21.92,2005-08-23,8,2,2005-08-17,2
7.09,Tanza,0.29,1.0,Philippines,236,MARCIA DEAN,3.52,8,24.95,2005-08-05,5,2,2005-07-30,2
7.1,Po,0.56,1.0,Brazil,126,ELLEN SIMPSON,3.66,6,25.95,2005-08-03,5,2,2005-07-28,2
7.1,Roanoke,0.56,1.0,United States,291,TONI HOLT,3.66,9,25.95,2005-08-05,5,2,2005-07-30,2
7.1,Southport,1.67,1.0,United Kingdom,556,ARMANDO GRUBER,3.66,2,25.95,2005-06-23,5,2,2005-06-17,2
7.11,Chiayi,1.8,1.0,Taiwan,73,BEVERLY BROOKS,5.19,7,36.91,2005-08-02,9,2,2005-07-27,2
7.11,Davao,0.88,1.0,Philippines,27,SHIRLEY ALLEN,4.49,9,31.93,2005-08-23,7,2,2005-08-17,2
7.11,Mysore,1.0,0.9705882352941176,India,59,CHERYL MURPHY,3.79,5,26.95,2005-07-14,5,2,2005-07-08,2
7.11,Patiala,0.88,0.9722222222222222,India,296,RAMONA HALE,4.49,6,31.93,2005-08-26,7,2,2005-08-20,2
7.11,Ponce,0.78,1.0,Puerto Rico,282,JENNY CASTRO,4.21,2,29.93,2005-08-03,7,2,2005-07-28,2
7.11,Sumqayit,1.0,1.0,Azerbaijan,334,RAYMOND MCWHORTER,4.49,1,31.92,2005-08-24,8,2,2005-08-18,2
7.11,Vicente Lpez,0.78,1.0,Argentina,219,WILLIE HOWELL,4.21,9,29.93,2005-08-02,7,2,2005-07-27,2
7.12,Sorocaba,0.43,1.0,Brazil,314,GEORGE LINTON,4.2,4,29.94,2005-08-27,6,2,2005-08-21,2
7.13,Antofagasta,0.67,1.0,Chile,45,JANET PHILLIPS,5.32,2,37.94,2005-08-23,6,2,2005-08-17,2
7.13,Siliguri (Shiliguri),0.43,1.0,India,502,BRETT CORNWELL,4.06,22,28.94,2005-08-23,6,1,2005-08-17,1
7.13,Songkhla,1.67,1.0,Thailand,86,JACQUELINE LONG,2.66,1,18.95,2005-06-23,5,2,2005-06-17,2
7.14,Aparecida de Goinia,1.4,1.0,Brazil,216,NATALIE MEYER,4.19,11,29.93,2005-08-23,7,2,2005-08-17,2
7.14,Bucuresti,0.45,1.0,Romania,563,KEN PREWITT,3.35,2,23.95,2005-08-03,5,2,2005-07-28,2
7.14,Ljubertsy,0.43,1.0,Russian Federation,160,ERIN DUNN,3.78,2,26.94,2005-08-25,6,2,2005-08-19,2
7.14,Sorocaba,4.5,1.0,Brazil,314,GEORGE LINTON,3.49,11,24.91,2005-07-12,9,2,2005-07-06,2
7.14,Tangail,2.0,1.0,Bangladesh,21,MICHELLE CLARK,3.49,3,24.92,2005-08-03,8,2,2005-07-28,2
7.15,Beni-Mellal,2.67,1.0,Morocco,543,LANCE PEMBERTON,4.32,1,30.92,2005-08-02,8,2,2005-07-27,2
7.15,Chatsworth,1.0,1.0,South Africa,555,DWIGHT LOMBARDI,3.49,1,24.96,2005-08-06,4,2,2005-07-31,2
7.15,Iligan,0.5,1.0,Philippines,580,ROSS GREY,3.91,6,27.94,2005-08-25,6,2,2005-08-19,2
7.15,Papeete,1.25,1.0,French Polynesia,56,GLORIA COOK,3.49,1,24.95,2005-07-12,5,2,2005-07-06,2
7.15,Tegal,0.8,1.0,Indonesia,458,LLOYD DOWD,2.79,1,19.96,2005-07-17,4,2,2005-07-11,2
7.15,Tel Aviv-Jaffa,0.6,1.0,Israel,161,GERALDINE PERKINS,3.49,1,24.94,2005-08-27,6,2,2005-08-21,2
7.15,Vitria de Santo Anto,1.0,1.0,Brazil,374,JEREMY HURTADO,2.79,4,19.95,2005-07-15,5,2,2005-07-09,2
7.16,Nantou,0.54,1.0,Taiwan,5,ELIZABETH BROWN,3.76,3,26.93,2005-08-05,7,2,2005-07-30,2
7.16,Rizhao,1.75,1.0,China,496,TYLER WREN,4.74,24,33.93,2005-08-23,7,2,2005-08-17,2
7.16,Southend-on-Sea,0.36,1.0,United Kingdom,16,SANDRA MARTIN,3.63,3,25.96,2005-08-25,4,2,2005-08-19,2
7.17,Bhilwara,1.4,1.0,India,209,TONYA CHAPMAN,4.59,11,32.93,2005-07-13,7,2,2005-07-07,2
7.17,Bhusawal,0.55,1.0,India,202,CARLA GUTIERREZ,3.9,18,27.94,2005-08-25,6,2,2005-08-19,2
7.17,London,0.5,1.0,United Kingdom,252,MATTIE HOFFMAN,2.37,3,16.96,2005-08-23,4,2,2005-08-17,2
7.17,Sorocaba,0.29,1.0,Brazil,314,GEORGE LINTON,3.2,5,22.96,2005-08-04,4,1,2005-07-29,1
7.17,Zhezqazghan,0.64,1.0,Kazakstan,573,BYRON BOX,4.17,1,29.93,2005-08-06,7,2,2005-07-31,2
7.17,al-Qatif,0.88,1.0,Saudi Arabia,417,TRAVIS ESTEP,3.62,1,25.93,2005-08-26,7,2,2005-08-20,2
7.18,Atlixco,0.63,1.0,Mexico,84,SARA PERRY,3.62,4,25.95,2005-07-15,5,2,2005-07-09,2
7.18,Greensboro,0.4,1.0,United States,158,VERONICA STONE,3.06,7,21.94,2005-08-26,6,2,2005-08-20,2
7.18,Sal,0.75,1.0,Morocco,22,LAURA RODRIGUEZ,4.87,1,34.94,2005-08-26,6,1,2005-08-20,1
7.19,Arak,0.7,1.0,Iran,36,KATHLEEN ADAMS,3.19,3,22.93,2005-08-05,7,2,2005-07-30,2
7.19,El Monte,0.5,1.0,United States,420,JACOB LANCE,3.89,8,27.95,2005-08-05,5,2,2005-07-30,2
7.19,Gulbarga,0.6,1.0,India,370,WAYNE TRUONG,3.19,17,22.94,2005-08-25,6,2,2005-08-19,2
7.2,Alessandria,1.17,1.0,Italy,33,ANNA HILL,4.16,3,29.93,2005-08-25,7,2,2005-08-19,2
7.2,Bhilwara,2.0,1.0,India,209,TONYA CHAPMAN,4.99,11,35.92,2005-07-12,8,2,2005-07-06,2
7.2,Cabuyao,1.5,1.0,Philippines,371,BILLY POULIN,5.82,8,41.91,2005-08-24,9,2,2005-08-18,2
7.2,Compton,1.0,1.0,United States,182,RENEE LANE,4.16,13,29.94,2005-08-24,6,1,2005-08-18,1
7.2,Donostia-San Sebastin,2.33,1.0,Spain,293,MAE FLETCHER,4.99,1,35.93,2005-06-22,7,2,2005-06-16,2
7.2,Halle/Saale,0.88,1.0,Germany,251,VICKIE BREWER,3.74,1,26.93,2005-08-24,7,2,2005-08-18,2
7.2,Hsichuh,0.67,1.0,Taiwan,348,ROGER QUINTANILLA,4.57,3,32.92,2005-08-04,8,2,2005-07-29,2
7.2,Jinchang,9.0,1.0,China,168,REGINA BERRY,4.99,12,35.91,2005-07-12,9,2,2005-07-06,2
7.2,Kursk,2.0,1.0,Russian Federation,311,PAUL TROUT,4.99,13,35.94,2005-08-03,6,2,2005-07-28,2
7.2,Mwene-Ditu,3.0,1.0,"Congo, The Democratic Republic of the",375,AARON SELBY,4.99,1,35.91,2005-08-03,9,2,2005-07-28,2
7.2,Sumqayit,1.0,1.0,Azerbaijan,334,RAYMOND MCWHORTER,4.99,2,35.92,2005-08-02,8,2,2005-07-27,2
7.2,Tegal,2.0,1.0,Indonesia,458,LLOYD DOWD,3.32,2,23.94,2005-07-15,6,2,2005-07-09,2
7.2,Toulouse,0.31,1.0,France,35,VIRGINIA GREEN,2.91,1,20.96,2005-07-17,4,1,2005-07-11,1
7.21,Brockton,1.0,1.0,United States,149,VALERIE BLACK,4.7,7,33.93,2005-07-12,7,1,2005-07-06,1
7.21,Compton,0.44,1.0,United States,182,RENEE LANE,2.77,12,19.96,2005-08-03,4,2,2005-07-28,2
7.21,San Juan Bautista Tuxtepec,0.44,1.0,Mexico,425,FRANCIS SIKES,2.21,1,15.96,2005-08-28,4,2,2005-08-22,2
7.21,Tegal,0.67,1.0,Indonesia,458,LLOYD DOWD,2.49,5,17.96,2005-08-26,4,2,2005-08-20,2
7.21,Tokat,0.28,1.0,Turkey,566,CASEY MENA,3.6,5,25.95,2005-08-24,5,2,2005-08-18,2
7.22,Ashdod,0.86,1.0,Israel,102,CRYSTAL FORD,4.56,2,32.94,2005-07-15,6,2,2005-07-09,2
7.22,Bhilwara,0.54,1.0,India,209,TONYA CHAPMAN,4.84,15,34.93,2005-08-04,7,2,2005-07-29,2
7.22,Dos Quebradas,1.0,1.0,Colombia,120,SYLVIA ORTIZ,3.87,2,27.92,2005-08-03,8,2,2005-07-28,2
7.22,Fukuyama,0.64,1.0,Japan,141,DEBBIE REYES,4.42,13,31.91,2005-08-24,9,2,2005-08-18,2
7.22,Halisahar,0.86,1.0,India,259,LENA JENSEN,4.56,12,32.94,2005-08-05,6,2,2005-07-30,2
7.22,London,0.33,1.0,United Kingdom,252,MATTIE HOFFMAN,2.21,2,15.97,2005-08-25,3,2,2005-08-19,2
7.22,Parbhani,1.14,1.0,India,300,JOHN FARNSWORTH,4.56,21,32.92,2005-08-03,8,2,2005-07-28,2
7.22,Ruse,0.86,1.0,Bulgaria,540,TYRONE ASHER,4.56,1,32.94,2005-08-06,6,2,2005-07-31,2
7.22,Vitria de Santo Anto,1.33,1.0,Brazil,374,JEREMY HURTADO,1.66,3,11.96,2005-06-22,4,2,2005-06-16,2
7.23,Munger (Monghyr),0.6,1.0,India,28,CYNTHIA YOUNG,3.59,5,25.94,2005-08-06,6,2,2005-07-31,2
7.23,Tonghae,0.63,1.0,South Korea,536,FERNANDO CHURCHILL,3.87,1,27.95,2005-08-05,5,2,2005-07-30,2
7.23,Ueda,0.73,1.0,Japan,503,ANGEL BARCLAY,3.44,2,24.92,2005-08-28,8,2,2005-08-22,2
7.24,Haining,1.0,1.0,China,552,HUGH WALDROP,4.82,17,34.94,2005-08-04,6,2,2005-07-29,2
7.24,Mogiljov,0.8,1.0,Belarus,527,CORY MEEHAN,1.79,2,12.96,2005-07-15,4,2,2005-07-09,2
7.25,Allappuzha (Alleppey),0.45,1.0,India,175,ANNETTE OLSON,3.72,16,26.95,2005-08-25,5,2,2005-08-19,2
7.25,Alvorada,1.14,1.0,Brazil,551,CLAYTON BARBEE,3.99,6,28.92,2005-08-25,8,2,2005-08-19,2
7.25,Bergamo,0.43,1.0,Italy,439,ALEXANDER FENNELL,3.99,1,28.94,2005-08-27,6,2,2005-08-21,2
7.25,Bergamo,1.17,1.0,Italy,439,ALEXANDER FENNELL,3.99,2,28.93,2005-07-12,7,2,2005-07-06,2
7.25,Eskisehir,0.5,1.0,Turkey,507,EDGAR RHOADS,2.89,5,20.95,2005-08-03,5,2,2005-07-28,2
7.25,Izumisano,1.14,1.0,Japan,391,CLARENCE GAMEZ,3.99,6,28.92,2005-08-03,8,2,2005-07-28,2
7.25,Mardan,0.8,1.0,Pakistan,20,SHARON ROBINSON,3.99,1,28.92,2005-08-25,8,2,2005-08-19,2
7.25,Novi Sad,3.0,1.0,Yugoslavia,553,MAX PITT,6.74,2,48.88,2005-07-12,12,2,2005-07-06,2
7.25,Qinhuangdao,0.75,1.0,China,242,GLENDA FRAZIER,3.99,8,28.94,2005-08-06,6,2,2005-07-31,2
7.25,Santiago de los Caballeros,1.5,1.0,Dominican Republic,258,MYRTLE FLEMING,3.99,1,28.94,2005-07-14,6,2,2005-07-08,2
7.25,Siliguri (Shiliguri),0.33,1.0,India,502,BRETT CORNWELL,3.86,19,27.95,2005-08-24,5,1,2005-08-18,1
7.26,Dallas,1.67,1.0,United States,400,BRYAN HARDISON,3.99,3,28.95,2005-07-14,5,2,2005-07-08,2
7.26,Higashiosaka,0.86,1.0,Japan,264,GWENDOLYN MAY,3.85,12,27.94,2005-08-02,6,2,2005-07-27,2
7.26,Jamalpur,0.38,1.0,Bangladesh,329,FRANK WAGGONER,3.99,2,28.95,2005-08-24,5,2,2005-08-18,2
7.26,Salamanca,0.73,1.0,Mexico,273,PRISCILLA LOWE,4.54,7,32.92,2005-08-24,8,2,2005-08-18,2
7.26,Suihua,0.83,1.0,China,511,CHESTER BENNER,3.99,23,28.95,2005-08-23,5,2,2005-08-17,2
7.26,Tabriz,0.64,1.0,Iran,279,DIANNE SHELTON,4.54,1,32.93,2005-08-26,7,2,2005-08-20,2
7.27,Bradford,0.83,1.0,United Kingdom,85,ANNE POWELL,3.16,1,22.95,2005-08-06,5,2,2005-07-31,2
7.27,Bucuresti,0.33,1.0,Romania,563,KEN PREWITT,3.16,2,22.96,2005-08-04,4,2,2005-07-29,2
7.27,Juiz de Fora,2.2,1.0,Brazil,591,KENT ARSENAULT,6.59,8,47.89,2005-08-02,11,2,2005-07-27,2
7.27,Ranchi,0.67,1.0,India,358,SAMUEL MARLOW,3.16,21,22.96,2005-08-23,4,2,2005-08-17,2
7.27,Sullana,0.88,1.0,Peru,597,FREDDIE DUGGAN,4.12,1,29.93,2005-08-23,7,2,2005-08-17,2
7.27,Tabuk,0.86,1.0,Saudi Arabia,312,MARK RINEHART,3.7,1,26.94,2005-08-04,6,2,2005-07-29,2
7.27,Tarsus,0.83,1.0,Turkey,164,JOANN GARDNER,3.16,6,22.95,2005-08-02,5,2,2005-07-27,2
7.27,Xintai,0.9,1.0,China,564,BOB PFEIFFER,4.39,22,31.91,2005-08-23,9,2,2005-08-17,2
7.28,Pemalang,0.86,1.0,Indonesia,116,VICTORIA GIBSON,3.56,4,25.94,2005-08-03,6,2,2005-07-28,2
7.28,Sanaa,1.14,1.0,Yemen,303,WILLIAM SATTERFIELD,3.56,2,25.92,2005-08-23,8,2,2005-08-17,2
7.29,Firozabad,0.67,1.0,India,192,LAURIE LAWRENCE,4.66,15,33.94,2005-08-25,6,2,2005-08-19,2
7.29,Gatineau,1.0,1.0,Canada,476,DERRICK BOURQUE,4.66,3,33.94,2005-08-03,6,2,2005-07-28,2
7.29,Lancaster,0.62,1.0,United States,112,ROSA REYNOLDS,5.07,6,36.92,2005-08-26,8,2,2005-08-20,2
7.29,Richmond Hill,0.58,1.0,Canada,410,CURTIS IRBY,4.24,4,30.93,2005-08-05,7,1,2005-07-30,1
7.29,Sungai Petani,0.44,1.0,Malaysia,306,CHARLES KOWALSKI,4.24,2,30.93,2005-08-25,7,2,2005-08-19,2
7.3,Dadu,0.5,1.0,Pakistan,416,JEFFERY PINSON,3.69,1,26.95,2005-08-07,5,2,2005-08-01,2
7.3,Gorontalo,1.25,1.0,Indonesia,203,TARA RYAN,4.24,1,30.95,2005-08-04,5,2,2005-07-29,2
7.3,Hiroshima,0.86,1.0,Japan,299,JAMES GANNON,3.42,11,24.94,2005-08-02,6,2,2005-07-27,2
7.3,Palghat (Palakkad),0.6,1.0,India,268,NINA SOTO,3.69,3,26.94,2005-07-15,6,2,2005-07-09,2
7.3,Shenzhen,0.67,1.0,China,378,EUGENE CULPEPPER,2.32,7,16.96,2005-08-06,4,2,2005-07-31,2
7.32,Beira,0.67,1.0,Mozambique,257,MARSHA DOUGLAS,4.91,1,35.92,2005-08-04,8,2,2005-07-29,2
7.32,Binzhou,2.0,1.0,China,533,JESSIE MILAM,5.59,25,40.9,2005-08-02,10,2,2005-07-27,2
7.32,Cabuyao,0.44,1.0,Philippines,371,BILLY POULIN,3.55,7,25.96,2005-08-05,4,1,2005-07-30,1
7.32,El Monte,0.88,1.0,United States,420,JACOB LANCE,4.37,11,31.93,2005-08-02,7,2,2005-07-27,2
7.32,Ezeiza,0.67,1.0,Argentina,530,DARRYL ASHCRAFT,3.55,2,25.94,2005-08-24,6,2,2005-08-18,2
7.33,Jastrzebie-Zdrj,4.0,1.0,Poland,128,MARJORIE TUCKER,4.49,2,32.92,2005-07-12,8,2,2005-07-06,2
7.33,Nezahualcyotl,0.64,1.0,Mexico,115,WENDY HARRISON,3.26,5,23.93,2005-08-03,7,2,2005-07-28,2
7.33,Qinhuangdao,0.64,1.0,China,242,GLENDA FRAZIER,4.35,11,31.93,2005-08-24,7,2,2005-08-18,2
7.34,Akron,0.55,1.0,United States,479,ZACHARY HITE,4.9,7,35.94,2005-08-05,6,2,2005-07-30,2
7.34,Araatuba,1.0,1.0,Brazil,77,JANE BENNETT,2.99,1,21.95,2005-06-22,5,2,2005-06-16,2
7.34,Bat Yam,2.0,1.0,Israel,315,KENNETH GOODEN,2.99,1,21.96,2005-07-15,4,2,2005-07-09,2
7.34,Citrus Heights,1.33,1.0,United States,14,BETTY WHITE,2.99,2,21.96,2005-07-15,4,2,2005-07-09,2
7.34,Gulbarga,0.45,1.0,India,370,WAYNE TRUONG,2.99,3,21.95,2005-08-27,5,2,2005-08-21,2
7.34,Inegl,1.0,1.0,Turkey,278,BILLIE HORTON,2.99,4,21.96,2005-07-12,4,2,2005-07-06,2
7.34,Jastrzebie-Zdrj,0.89,1.0,Poland,128,MARJORIE TUCKER,4.21,1,30.92,2005-08-04,8,2,2005-07-29,2
7.34,Kanchrapara,4.0,1.0,India,492,LESTER KRAUS,2.99,3,21.96,2005-06-22,4,2,2005-06-16,2
7.34,Konotop,4.0,1.0,Ukraine,545,JULIO NOLAND,2.99,3,21.96,2005-07-12,4,2,2005-07-06,2
7.34,Rajkot,2.0,1.0,India,554,DWAYNE OLVERA,2.99,2,21.96,2005-06-23,4,2,2005-06-17,2
7.34,San Miguel de Tucumn,0.63,1.0,Argentina,243,LYDIA BURKE,2.99,4,21.95,2005-08-04,5,2,2005-07-29,2
7.34,Vitria de Santo Anto,1.5,1.0,Brazil,374,JEREMY HURTADO,2.99,10,21.94,2005-07-12,6,2,2005-07-06,2
7.34,guas Lindas de Gois,3.0,1.0,Brazil,130,CHARLOTTE HUNTER,2.99,2,21.94,2005-06-22,6,2,2005-06-16,2
7.35,Antofagasta,0.67,1.0,Chile,45,JANET PHILLIPS,4.21,1,30.94,2005-08-07,6,2,2005-08-01,2
7.35,Fuyu,0.58,1.0,China,211,STACEY MONTGOMERY,4.07,8,29.93,2005-08-26,7,2,2005-08-20,2
7.35,Ife,0.6,1.0,Nigeria,80,MARILYN ROSS,4.89,4,35.94,2005-08-04,6,2,2005-07-29,2
7.35,Siliguri (Shiliguri),1.1,1.0,India,502,BRETT CORNWELL,5.29,20,38.89,2005-08-03,11,2,2005-07-28,2
7.36,Aurora,0.71,1.0,United States,537,CLINTON BUFORD,2.85,10,20.95,2005-08-02,5,2,2005-07-27,2
7.36,Dos Quebradas,0.6,1.0,Colombia,120,SYLVIA ORTIZ,3.39,1,24.94,2005-08-05,6,2,2005-07-30,2
7.36,Hohhot,0.53,1.0,China,138,HAZEL WARREN,3.66,10,26.92,2005-08-24,8,2,2005-08-18,2
7.36,Kamarhati,0.31,1.0,India,31,BRENDA WRIGHT,3.53,10,25.96,2005-07-13,4,2,2005-07-07,2
7.36,Sanya,0.57,0.9642857142857143,China,546,KELLY KNOTT,2.85,2,20.96,2005-07-16,4,2,2005-07-10,2
7.37,Arlington,2.0,1.0,United States,305,RICHARD MCCRARY,4.74,5,34.92,2005-07-13,8,2,2005-07-07,2
7.37,Brockton,1.67,1.0,United States,149,VALERIE BLACK,3.66,2,26.95,2005-06-23,5,2,2005-06-17,2
7.37,Jhansi,1.6,1.0,India,32,AMY LOPEZ,3.79,9,27.92,2005-07-13,8,2,2005-07-07,2
7.37,Katihar,0.56,1.0,India,419,CHAD CARBONE,3.66,20,26.95,2005-08-23,5,2,2005-08-17,2
7.38,al-Ayn,1.6,1.0,United Arab Emirates,98,LILLIAN GRIFFIN,4.19,1,30.92,2005-08-04,8,2,2005-07-29,2
7.39,Pak Kret,1.5,1.0,Thailand,42,CAROLYN PEREZ,3.24,2,23.94,2005-07-13,6,2,2005-07-07,2
7.39,Pathankot,2.33,1.0,India,95,PAULA BRYANT,4.32,28,31.93,2005-08-02,7,2,2005-07-27,2
7.4,Adana,0.25,1.0,Turkey,327,LARRY THRASHER,3.24,1,23.97,2005-08-29,3,2,2005-08-23,2
7.4,Fuyu,0.46,1.0,China,211,STACEY MONTGOMERY,3.91,12,28.94,2005-08-05,6,2,2005-07-30,2
7.4,Guaruj,1.0,1.0,Brazil,427,JESUS MCCARTNEY,4.99,4,36.93,2005-08-04,7,2,2005-07-29,2
7.4,Laredo,0.67,1.0,United States,6,JENNIFER DAVIS,2.16,1,15.96,2005-07-16,4,2,2005-07-10,2
7.4,San Felipe del Progreso,0.5,1.0,Mexico,319,RONALD WEINER,3.24,6,23.96,2005-08-24,4,2,2005-08-18,2
7.4,Sultanbeyli,1.0,1.0,Turkey,493,BRENT HARKINS,3.24,3,23.96,2005-07-12,4,2,2005-07-06,2
7.4,Vancouver,0.54,1.0,Canada,436,TROY QUIGLEY,4.99,2,36.93,2005-08-25,7,2,2005-08-19,2
7.41,Fukuyama,0.78,1.0,Japan,141,DEBBIE REYES,3.77,2,27.93,2005-08-06,7,2,2005-07-31,2
7.41,Kirovo-Tepetsk,1.13,1.0,Russian Federation,179,DANA HART,5.12,12,37.91,2005-08-03,9,2,2005-07-28,2
7.42,Laohekou,1.29,0.9666666666666667,China,422,MELVIN ELLINGTON,4.7,9,34.91,2005-08-25,9,2,2005-08-19,2
7.42,Qomsheh,0.5,1.0,Iran,459,TOMMY COLLAZO,6.05,2,44.92,2005-08-24,8,2,2005-08-18,2
7.43,Ahmadnagar,0.46,1.0,India,297,SHERRI RHODES,3.22,14,23.94,2005-08-25,6,2,2005-08-19,2
7.43,El Monte,0.36,1.0,United States,420,JACOB LANCE,3.63,1,26.96,2005-08-07,4,2,2005-08-01,2
7.43,Faaa,3.5,1.0,French Polynesia,43,CHRISTINE ROBERTS,3.49,1,25.93,2005-07-14,7,2,2005-07-08,2
7.43,Haiphong,0.78,1.0,Vietnam,199,BETH FRANKLIN,4.43,1,32.93,2005-08-06,7,2,2005-07-31,2
7.43,Lhokseumawe,1.75,1.0,Indonesia,473,JORGE OLIVARES,3.49,3,25.93,2005-07-12,7,2,2005-07-06,2
7.43,Vila Velha,0.86,1.0,Brazil,39,DEBRA NELSON,4.7,3,34.94,2005-07-14,6,2,2005-07-08,2
7.43,Yaound,0.8,1.0,Cameroon,361,LAWRENCE LAWTON,3.49,1,25.92,2005-08-23,8,2,2005-08-17,2
7.44,Allappuzha (Alleppey),1.17,1.0,India,175,ANNETTE OLSON,4.16,14,30.93,2005-08-04,7,2,2005-07-29,2
7.44,Jakarta,1.17,1.0,Indonesia,153,SUZANNE NICHOLS,4.16,7,30.93,2005-08-25,7,2,2005-08-19,2
7.44,Syrakusa,0.7,1.0,Italy,221,BESSIE MORRISON,4.29,4,31.93,2005-08-24,7,2,2005-08-18,2
7.44,Tarlac,2.5,1.0,Philippines,548,ALLAN CORNISH,3.49,5,25.95,2005-08-25,5,2,2005-08-19,2
7.44,Tonghae,0.88,1.0,South Korea,536,FERNANDO CHURCHILL,5.37,2,39.93,2005-08-23,7,2,2005-08-17,2
7.44,Xiangtan,1.25,1.0,China,67,KELLY TORRES,3.49,24,25.95,2005-08-02,5,2,2005-07-27,2
7.45,Benin City,1.33,1.0,Nigeria,284,SONIA GREGORY,5.49,4,40.92,2005-08-02,8,2,2005-07-27,2
7.45,Cuautla,1.43,1.0,Mexico,323,MATTHEW MAHAN,4.42,4,32.9,2005-08-03,10,2,2005-07-28,2
7.47,Botshabelo,0.36,1.0,South Africa,132,ESTHER CRAWFORD,3.2,1,23.95,2005-08-07,5,2,2005-08-01,2
7.47,Emeishan,0.78,1.0,China,389,ALAN KAHN,5.21,21,38.93,2005-08-23,7,2,2005-08-17,2
7.47,Guadalajara,2.0,1.0,Mexico,364,BENJAMIN VARNEY,3.74,7,27.92,2005-08-23,8,2,2005-08-17,2
7.47,Saint Louis,1.75,1.0,United States,62,JOAN COOPER,3.74,15,27.93,2005-08-23,7,2,2005-08-17,2
7.47,Salzburg,1.25,1.0,Austria,266,NORA HERRERA,3.74,1,27.95,2005-08-05,5,2,2005-07-30,2
7.47,Southampton,1.0,1.0,United Kingdom,583,MARSHALL THORN,5.62,4,41.92,2005-08-02,8,2,2005-07-27,2
7.48,Cape Coral,0.64,1.0,United States,526,KARL SEAL,4.54,4,33.93,2005-07-13,7,2,2005-07-07,2
7.48,Liaocheng,0.73,1.0,China,129,CARRIE PORTER,4.54,9,33.92,2005-08-24,8,2,2005-08-18,2
7.49,Tokat,0.44,1.0,Turkey,566,CASEY MENA,3.87,5,28.93,2005-08-23,7,2,2005-08-17,2
7.5,Brockton,3.0,1.0,United States,149,VALERIE BLACK,3.99,3,29.94,2005-06-22,6,2,2005-06-16,2
7.5,Lengshuijiang,1.6,1.0,China,267,MARGIE WADE,3.99,16,29.92,2005-08-04,8,2,2005-07-29,2
7.5,Naala-Porto,3.0,1.0,Mozambique,433,DON BONE,3.99,1,29.94,2005-07-15,6,2,2005-07-09,2
7.5,Nyeri,0.6,1.0,Kenya,363,ROY WHITING,4.39,1,32.94,2005-08-04,6,2,2005-07-29,2
7.5,Qinhuangdao,2.0,1.0,China,242,GLENDA FRAZIER,3.99,2,29.94,2005-06-21,6,2,2005-06-15,2
7.5,Sambhal,1.4,1.0,India,217,AGNES BISHOP,3.99,11,29.93,2005-08-05,7,2,2005-07-30,2
7.5,Sivas,0.5,1.0,Turkey,518,GABRIEL HARDER,3.99,3,29.94,2005-08-25,6,2,2005-08-19,2
7.5,Weifang,1.14,1.0,China,588,MARION OCAMPO,3.99,18,29.92,2005-08-03,8,2,2005-07-28,2
7.5,Zaoyang,2.25,1.0,China,514,FRANKLIN TROUTMAN,3.99,8,29.91,2005-08-24,9,2,2005-08-18,2
7.51,Dos Quebradas,0.45,1.0,Colombia,120,SYLVIA ORTIZ,3.99,1,29.95,2005-08-26,5,2,2005-08-20,2
7.51,Ponce,0.83,1.0,Puerto Rico,282,JENNY CASTRO,3.32,1,24.95,2005-07-13,5,2,2005-07-07,2
7.51,al-Qatif,5.0,1.0,Saudi Arabia,417,TRAVIS ESTEP,3.99,2,29.95,2005-07-12,5,2,2005-07-06,2
7.52,Laredo,0.43,1.0,United States,6,JENNIFER DAVIS,1.99,1,14.97,2005-07-17,3,2,2005-07-11,2
7.52,Liepaja,0.75,1.0,Latvia,23,SARAH LEWIS,4.12,1,30.94,2005-08-04,6,2,2005-07-29,2
7.52,Tarlac,0.6,1.0,Philippines,548,ALLAN CORNISH,2.39,3,17.97,2005-07-13,3,2,2005-07-07,2
7.52,Tsaotun,1.5,1.0,Taiwan,586,KIRK STCLAIR,1.99,2,14.97,2005-07-11,3,1,2005-07-05,1
7.52,Udaipur,0.75,1.0,India,170,BEATRICE ARNOLD,4.12,19,30.94,2005-08-03,6,2,2005-07-28,2
7.52,Zapopan,1.5,1.0,Mexico,465,FLOYD GANDY,1.99,2,14.97,2005-06-23,3,2,2005-06-17,2
7.53,Citrus Heights,0.88,1.0,United States,14,BETTY WHITE,4.24,7,31.93,2005-08-04,7,2,2005-07-29,2
7.53,Salamanca,0.58,1.0,Mexico,273,PRISCILLA LOWE,4.24,3,31.93,2005-08-26,7,2,2005-08-20,2
7.53,Santiago de los Caballeros,0.75,1.0,Dominican Republic,258,MYRTLE FLEMING,4.24,1,31.94,2005-08-24,6,2,2005-08-18,2
7.53,Tiefa,0.82,1.0,China,302,MICHAEL SILVERMAN,4.9,7,36.91,2005-08-24,9,2,2005-08-18,2
7.54,Ourense (Orense),0.77,1.0,Spain,469,WESLEY BULL,4.76,2,35.9,2005-08-03,10,2,2005-07-28,2
7.55,Kuching,0.7,1.0,Malaysia,58,JEAN BELL,4.89,1,36.93,2005-08-25,7,2,2005-08-19,2
7.55,Uttarpara-Kotrung,1.33,1.0,India,231,GEORGIA JACOBS,4.49,18,33.92,2005-08-24,8,2,2005-08-18,2
7.55,Yuzhou,1.33,1.0,China,324,GARY COY,5.16,20,38.92,2005-08-23,8,2,2005-08-17,2
7.56,A Corua (La Corua),1.14,1.0,Spain,52,JULIE SANCHEZ,3.56,1,26.92,2005-08-03,8,2,2005-07-28,2
7.56,Benguela,1.17,1.0,Angola,528,CLAUDE HERZOG,4.49,1,33.93,2005-08-02,7,2,2005-07-27,2
7.56,Jastrzebie-Zdrj,0.43,1.0,Poland,128,MARJORIE TUCKER,3.56,1,26.94,2005-08-26,6,2,2005-08-20,2
7.56,Nha Trang,1.5,1.0,Vietnam,520,MITCHELL WESTMORELAND,4.49,2,33.94,2005-07-12,6,2,2005-07-06,2
7.57,Iwakuni,0.71,1.0,Japan,54,TERESA ROGERS,3.56,5,26.95,2005-08-05,5,2,2005-07-30,2
7.57,Sokoto,1.17,1.0,Nigeria,562,WALLACE SLONE,3.82,4,28.93,2005-08-24,7,2,2005-08-18,2
7.59,La Plata,1.38,1.0,Argentina,89,JULIA FLORES,4.99,5,37.89,2005-08-03,11,2,2005-07-28,2
7.59,Sambhal,0.71,1.0,India,217,AGNES BISHOP,3.42,4,25.95,2005-08-06,5,2,2005-07-31,2
7.6,Dos Quebradas,0.78,1.0,Colombia,120,SYLVIA ORTIZ,3.55,1,26.93,2005-08-04,7,2,2005-07-29,2
7.6,Laiwu,0.78,0.9666666666666667,China,151,MEGAN PALMER,3.55,8,26.93,2005-08-25,7,2,2005-08-19,2
7.6,Osmaniye,0.64,1.0,Turkey,13,KAREN JACKSON,4.99,2,37.93,2005-08-25,7,2,2005-08-19,2
7.6,Rio Claro,2.2,1.0,Brazil,74,DENISE KELLY,4.59,8,34.89,2005-08-24,11,2,2005-08-18,2
7.61,Halifax,0.63,1.0,Canada,463,DARRELL POWER,2.49,3,18.95,2005-08-05,5,2,2005-07-30,2
7.62,Baybay,0.55,1.0,Philippines,71,KATHY JAMES,3.54,2,26.94,2005-08-27,6,2,2005-08-21,2
7.62,Cianjur,0.67,1.0,Indonesia,411,NORMAN CURRIER,2.88,4,21.94,2005-08-26,6,2,2005-08-20,2
7.62,Tanauan,0.36,1.0,Philippines,373,LOUIS LEONE,4.06,3,30.95,2005-08-06,5,2,2005-07-31,2
7.63,Hodeida,0.82,1.0,Yemen,470,GORDON ALLARD,5.63,1,42.91,2005-08-03,9,2,2005-07-28,2
7.63,Omiya,1.4,1.0,Japan,404,STANLEY SCROGGINS,3.79,2,28.93,2005-07-14,7,2,2005-07-08,2
7.64,Cuautla,0.67,1.0,Mexico,323,MATTHEW MAHAN,3.66,6,27.92,2005-08-23,8,2,2005-08-17,2
7.64,Greensboro,0.5,1.0,United States,158,VERONICA STONE,3.13,6,23.93,2005-08-25,7,2,2005-08-19,2
7.64,Iwatsuki,0.5,1.0,Japan,396,EARL SHANKS,3.66,4,27.94,2005-08-26,6,2,2005-08-20,2
7.64,Lengshuijiang,1.17,1.0,China,267,MARGIE WADE,3.66,11,27.93,2005-08-05,7,2,2005-07-30,2
7.64,Moscow,2.0,1.0,Russian Federation,46,CATHERINE CAMPBELL,3.66,1,27.94,2005-06-20,6,2,2005-06-14,2
7.64,Sanya,0.38,1.0,China,546,KELLY KNOTT,2.62,1,19.97,2005-07-18,3,2,2005-07-12,2
7.64,Sucre,1.67,1.0,Bolivia,431,JOEL FRANCISCO,3.66,1,27.95,2005-06-24,5,2,2005-06-18,2
7.64,Tokat,0.5,1.0,Turkey,566,CASEY MENA,3.92,2,29.93,2005-08-05,7,2,2005-07-30,2
7.64,Torren,0.75,1.0,Mexico,133,PAULINE HENRY,2.74,4,20.94,2005-08-25,6,2,2005-08-19,2
7.65,Akron,0.7,1.0,United States,479,ZACHARY HITE,5.09,11,38.93,2005-08-03,7,2,2005-07-28,2
7.65,Livorno,1.29,1.0,Italy,541,DARREN WINDHAM,4.56,2,34.91,2005-08-25,9,2,2005-08-19,2
7.66,Robamba,0.31,1.0,Ecuador,494,RAMON CHOATE,4.3,2,32.95,2005-08-27,5,2,2005-08-21,2
7.67,Caracas,6.0,1.0,Venezuela,111,CARMEN OWENS,2.99,1,22.94,2005-06-22,6,2,2005-06-16,2
7.67,Rampur,7.0,1.0,India,336,JOSHUA MARK,2.99,3,22.93,2005-06-24,7,2,2005-06-18,2
7.67,Tiefa,6.0,1.0,China,302,MICHAEL SILVERMAN,2.99,4,22.94,2005-07-14,6,1,2005-07-08,1
7.68,Celaya,1.0,1.0,Mexico,587,SERGIO STANFIELD,4.42,2,33.93,2005-08-06,7,2,2005-07-31,2
7.68,Chiayi,1.33,1.0,Taiwan,73,BEVERLY BROOKS,2.99,4,22.96,2005-07-14,4,2,2005-07-08,2
7.68,Ciomas,0.89,1.0,Indonesia,239,MINNIE ROMERO,3.77,6,28.92,2005-08-23,8,2,2005-08-17,2
7.68,Florencia,2.0,1.0,Colombia,460,LEON BOSTIC,2.99,2,22.96,2005-07-13,4,2,2005-07-07,2
7.68,Halle/Saale,1.5,1.0,Germany,251,VICKIE BREWER,4.16,3,31.91,2005-08-23,9,2,2005-08-17,2
7.68,Ibirit,2.5,1.0,Brazil,310,DANIEL CABRAL,2.99,3,22.95,2005-06-21,5,2,2005-06-15,2
7.68,Jedda,0.8,1.0,Saudi Arabia,49,JOYCE EDWARDS,2.99,1,22.96,2005-06-21,4,1,2005-06-15,1
7.68,Rockford,1.17,1.0,United States,457,BILL GAVIN,4.16,12,31.93,2005-08-24,7,2,2005-08-18,2
7.68,San Lorenzo,1.25,1.0,Paraguay,345,CARL ARTIS,2.99,1,22.95,2005-07-13,5,2,2005-07-07,2
7.68,So Bernardo do Campo,0.86,1.0,Brazil,544,CODY NOLEN,4.42,3,33.94,2005-08-27,6,2,2005-08-21,2
7.68,Sungai Petani,0.64,1.0,Malaysia,306,CHARLES KOWALSKI,3.9,1,29.93,2005-08-05,7,2,2005-07-30,2
7.69,Sagamihara,1.6,1.0,Japan,11,LISA ANDERSON,5.19,5,39.92,2005-08-03,8,2,2005-07-28,2
7.7,Alessandria,1.5,1.0,Italy,33,ANNA HILL,3.24,1,24.94,2005-08-03,6,2,2005-07-28,2
7.7,Najafabad,1.0,1.0,Iran,368,HARRY ARCE,4.28,2,32.93,2005-08-02,7,2,2005-07-27,2
7.7,Nanyang,2.0,0.9666666666666667,China,37,PAMELA BAKER,4.79,7,36.9,2005-08-25,10,2,2005-08-19,2
7.7,Rampur,0.75,1.0,India,336,JOSHUA MARK,3.24,8,24.94,2005-07-13,6,2,2005-07-07,2
7.71,Avellaneda,0.38,1.0,Argentina,560,JORDAN ARCHULETA,4.14,2,31.95,2005-08-06,5,2,2005-07-31,2
7.71,Kamarhati,0.8,1.0,India,31,BRENDA WRIGHT,2.59,19,19.96,2005-08-23,4,2,2005-08-17,2
7.71,Monywa,1.8,1.0,Myanmar,256,MABEL HOLLAND,4.79,1,36.91,2005-08-26,9,2,2005-08-20,2
7.72,Avellaneda,3.0,1.0,Argentina,560,JORDAN ARCHULETA,3.49,3,26.94,2005-07-12,6,2,2005-07-06,2
7.72,Balurghat,1.29,1.0,India,208,LUCY WHEELER,4.13,27,31.91,2005-08-02,9,2,2005-07-27,2
7.72,Fuyu,0.73,1.0,China,211,STACEY MONTGOMERY,4.26,23,32.92,2005-08-02,8,2,2005-07-27,2
7.72,Higashiosaka,1.75,1.0,Japan,264,GWENDOLYN MAY,3.49,8,26.93,2005-07-12,7,2,2005-07-06,2
7.72,Nha Trang,0.5,1.0,Vietnam,520,MITCHELL WESTMORELAND,3.49,1,26.93,2005-08-26,7,2,2005-08-20,2
7.72,Sharja,0.83,1.0,United Arab Emirates,292,MISTY LAMBERT,3.49,1,26.95,2005-07-15,5,2,2005-07-09,2
7.72,Tegal,3.5,1.0,Indonesia,458,LLOYD DOWD,3.49,1,26.93,2005-07-14,7,2,2005-07-08,2
7.72,Tongliao,0.5,1.0,China,442,LEROY BUSTAMANTE,3.49,15,26.94,2005-08-04,6,2,2005-07-29,2
7.72,Uluberia,1.17,1.0,India,446,THEODORE CULP,3.49,7,26.93,2005-07-13,7,2,2005-07-07,2
7.72,Valle de la Pascua,1.0,1.0,Venezuela,290,KRISTINA CHAMBERS,3.62,1,27.92,2005-08-02,8,2,2005-07-27,2
7.73,Arecibo,1.0,1.0,Puerto Rico,360,RALPH MADRIGAL,2.32,1,17.97,2005-06-24,3,1,2005-06-18,1
7.73,Baiyin,3.33,1.0,China,495,CHARLIE BESS,6.32,22,48.9,2005-08-02,10,2,2005-07-27,2
7.73,Izumisano,0.88,1.0,Japan,391,CLARENCE GAMEZ,3.62,4,27.93,2005-08-05,7,2,2005-07-30,2
7.73,Portoviejo,0.63,1.0,Ecuador,262,PATSY DAVIDSON,3.62,1,27.95,2005-07-17,5,2,2005-07-11,2
7.74,Bellevue,1.0,1.0,United States,212,WILMA RICHARDS,3.74,2,28.96,2005-07-14,4,2,2005-07-08,2
7.74,Korolev,1.13,1.0,Russian Federation,393,PHILIP CAUSEY,3.87,5,29.91,2005-08-24,9,2,2005-08-18,2
7.74,Ljubertsy,2.5,1.0,Russian Federation,160,ERIN DUNN,3.99,8,30.9,2005-08-02,10,2,2005-07-27,2
7.74,Manchester,1.75,1.0,United States,382,VICTOR BARKLEY,3.74,10,28.93,2005-08-03,7,2,2005-07-28,2
7.74,Yuncheng,0.42,1.0,China,154,MICHELE GRANT,3.74,14,28.95,2005-08-04,5,2,2005-07-29,2
7.75,El Alto,1.6,1.0,Bolivia,455,JON WILES,3.99,1,30.92,2005-08-23,8,2,2005-08-17,2
7.75,Iligan,0.64,1.0,Philippines,580,ROSS GREY,3.99,7,30.93,2005-08-24,7,2,2005-08-18,2
7.75,Jaipur,2.67,1.0,India,60,MILDRED BAILEY,3.99,26,30.92,2005-08-02,8,2,2005-07-27,2
7.75,Jhansi,2.25,1.0,India,32,AMY LOPEZ,3.99,10,30.91,2005-07-12,9,2,2005-07-06,2
7.75,Kamakura,4.0,1.0,Japan,79,RACHEL BARNES,3.99,7,30.92,2005-07-12,8,2,2005-07-06,2
7.75,Mexicali,3.5,1.0,Mexico,343,DOUGLAS GRAF,3.99,3,30.93,2005-06-22,7,2,2005-06-16,2
7.75,Omiya,0.88,1.0,Japan,404,STANLEY SCROGGINS,3.99,10,30.93,2005-08-02,7,2,2005-07-27,2
7.75,Probolinggo,2.0,1.0,Indonesia,372,STEVE MACKENZIE,3.99,1,30.94,2005-07-15,6,2,2005-07-09,2
7.75,Salzburg,2.0,1.0,Austria,266,NORA HERRERA,3.99,2,30.94,2005-08-04,6,2,2005-07-29,2
7.76,Beira,0.63,1.0,Mozambique,257,MARSHA DOUGLAS,4.24,1,32.9,2005-08-25,10,2,2005-08-19,2
7.76,So Leopoldo,3.0,1.0,Brazil,443,FRANCISCO SKIDMORE,5.66,7,43.91,2005-08-02,9,2,2005-07-27,2
7.77,Duisburg,1.43,1.0,Germany,114,GRACE ELLIS,5.13,2,39.9,2005-08-23,10,2,2005-08-17,2
7.77,Florencia,2.0,1.0,Colombia,460,LEON BOSTIC,5.39,1,41.9,2005-08-23,10,2,2005-08-17,2
7.77,Izumisano,1.0,1.0,Japan,391,CLARENCE GAMEZ,2.82,1,21.94,2005-07-14,6,2,2005-07-08,2
7.78,Bucuresti,1.0,1.0,Romania,563,KEN PREWITT,3.85,1,29.93,2005-08-24,7,2,2005-08-18,2
7.78,Hsichuh,2.0,1.0,Taiwan,348,ROGER QUINTANILLA,4.49,3,34.92,2005-07-12,8,2,2005-07-06,2
7.78,Nakhon Sawan,1.0,1.0,Thailand,390,SHAWN HEATON,3.85,3,29.93,2005-08-02,7,2,2005-07-27,2
7.78,Sharja,0.7,1.0,United Arab Emirates,292,MISTY LAMBERT,4.49,1,34.93,2005-08-03,7,2,2005-07-28,2
7.79,Jakarta,2.25,1.0,Indonesia,153,SUZANNE NICHOLS,4.74,5,36.91,2005-08-23,9,2,2005-08-17,2
7.79,Jining,0.88,1.0,China,594,EDUARDO HIATT,4.74,13,36.93,2005-08-04,7,2,2005-07-29,2
7.79,Naju,0.5,1.0,South Korea,237,TANYA GILBERT,4.87,1,37.92,2005-08-24,8,2,2005-08-18,2
7.8,San Miguel de Tucumn,1.17,1.0,Argentina,243,LYDIA BURKE,3.32,8,25.93,2005-08-02,7,2,2005-07-27,2
7.81,Batman,1.67,1.0,Turkey,172,BERNICE WILLIS,5.49,5,42.9,2005-08-02,10,2,2005-07-27,2
7.81,Lublin,1.0,1.0,Poland,501,RUBEN GEARY,3.32,3,25.94,2005-08-23,6,2,2005-08-17,2
7.81,Valencia,2.0,1.0,Venezuela,539,MATHEW BOLIN,3.32,1,25.94,2005-07-13,6,2,2005-07-07,2
7.82,Oshawa,0.71,1.0,Canada,189,LORETTA CARPENTER,3.7,2,28.95,2005-08-05,5,2,2005-07-30,2
7.83,Nabereznyje Telny,1.0,1.0,Russian Federation,447,CLIFFORD BOWENS,1.66,1,12.97,2005-06-23,3,2,2005-06-17,2
7.83,Nantou,0.67,1.0,Taiwan,5,ELIZABETH BROWN,3.82,2,29.92,2005-08-04,8,2,2005-07-29,2
7.83,Omiya,0.89,0.9565217391304348,Japan,404,STANLEY SCROGGINS,5.1,6,39.92,2005-08-25,8,2,2005-08-19,2
7.83,Warren,1.33,1.0,United States,276,BRANDY GRAVES,3.82,6,29.92,2005-08-05,8,2,2005-07-30,2
7.84,Sunnyvale,1.43,1.0,United States,214,KRISTIN JOHNSTON,4.7,11,36.9,2005-08-24,10,2,2005-08-18,2
7.85,Jining,0.86,1.0,China,594,EDUARDO HIATT,3.56,11,27.94,2005-07-12,6,2,2005-07-06,2
7.85,Stara Zagora,1.8,1.0,Bulgaria,215,JESSIE BANKS,2.79,1,21.91,2005-08-24,9,2,2005-08-18,2
7.85,Valencia,1.17,1.0,Venezuela,539,MATHEW BOLIN,4.32,1,33.93,2005-08-03,7,2,2005-07-28,2
7.86,Kimchon,0.64,1.0,South Korea,99,EMILY DIAZ,3.81,5,29.93,2005-08-02,7,2,2005-07-27,2
7.86,Tanza,0.38,1.0,Philippines,236,MARCIA DEAN,3.55,7,27.94,2005-08-04,6,2,2005-07-29,2
7.86,Zhoushan,0.4,1.0,China,550,GUY BROWNLEE,4.19,1,32.94,2005-08-27,6,2,2005-08-21,2
7.87,Bilbays,0.38,1.0,Egypt,559,EVERETT BANDA,3.3,2,25.95,2005-08-26,5,2,2005-08-20,2
7.87,Botshabelo,0.46,1.0,South Africa,132,ESTHER CRAWFORD,3.3,4,25.94,2005-08-03,6,2,2005-07-28,2
7.87,Patiala,1.14,1.0,India,296,RAMONA HALE,4.56,17,35.92,2005-08-24,8,2,2005-08-18,2
7.87,Valencia,0.8,1.0,Venezuela,539,MATHEW BOLIN,2.79,1,21.96,2005-07-15,4,1,2005-07-09,1
7.88,Hodeida,0.73,1.0,Yemen,470,GORDON ALLARD,5.44,1,42.92,2005-08-23,8,2,2005-08-17,2
7.88,Kaduna,0.86,1.0,Nigeria,18,CAROL GARCIA,3.42,1,26.94,2005-08-05,6,2,2005-07-30,2
7.88,Laiwu,0.6,1.0,China,151,MEGAN PALMER,3.29,7,25.94,2005-08-26,6,2,2005-08-20,2
7.88,Okayama,1.6,1.0,Japan,489,RICARDO MEADOR,5.19,12,40.92,2005-08-24,8,2,2005-08-18,2
7.88,Po,2.0,1.0,Brazil,126,ELLEN SIMPSON,5.19,10,40.9,2005-08-23,10,2,2005-08-17,2
7.89,Santo Andr,1.6,1.0,Brazil,354,JUSTIN NGO,3.79,5,29.92,2005-07-13,8,2,2005-07-07,2
7.9,Quilmes,1.0,1.0,Argentina,585,PERRY SWAFFORD,3.79,2,29.95,2005-07-14,5,2,2005-07-08,2
7.91,Dayton,0.46,1.0,United States,294,SHELLY WATTS,3.91,14,30.94,2005-08-23,6,2,2005-08-17,2
7.91,Munger (Monghyr),0.78,1.0,India,28,CYNTHIA YOUNG,3.66,10,28.93,2005-08-05,7,2,2005-07-30,2
7.91,Nezahualcyotl,3.0,1.0,Mexico,115,WENDY HARRISON,3.66,6,28.91,2005-07-12,9,2,2005-07-06,2
7.91,Paarl,1.17,1.0,South Africa,338,DENNIS GILMAN,3.66,6,28.93,2005-08-23,7,2,2005-08-17,2
7.92,Ahmadnagar,1.0,0.9705882352941176,India,297,SHERRI RHODES,4.16,4,32.94,2005-07-14,6,2,2005-07-08,2
7.92,Mardan,1.17,1.0,Pakistan,20,SHARON ROBINSON,4.16,2,32.93,2005-08-03,7,2,2005-07-28,2
7.92,Probolinggo,0.53,1.0,Indonesia,372,STEVE MACKENZIE,4.79,6,37.92,2005-08-25,8,2,2005-08-19,2
7.92,Shaoguan,0.86,1.0,China,485,CLYDE TOBIAS,3.28,3,25.94,2005-07-15,6,2,2005-07-09,2
7.92,Weifang,1.5,1.0,China,588,MARION OCAMPO,4.16,21,32.91,2005-08-02,9,2,2005-07-27,2
7.93,Ashdod,1.17,1.0,Israel,102,CRYSTAL FORD,4.66,1,36.93,2005-07-14,7,2,2005-07-08,2
7.93,Baybay,2.67,1.0,Philippines,71,KATHY JAMES,4.66,3,36.92,2005-07-14,8,2,2005-07-08,2
7.93,Cape Coral,0.62,1.0,United States,526,KARL SEAL,4.53,9,35.92,2005-08-03,8,2,2005-07-28,2
7.93,Hodeida,0.46,1.0,Yemen,470,GORDON ALLARD,4.91,2,38.94,2005-08-24,6,2,2005-08-18,2
7.93,Jinzhou,0.75,1.0,China,595,TERRENCE GUNDERSON,4.66,10,36.91,2005-08-05,9,2,2005-07-30,2
7.93,Skikda,1.17,1.0,Algeria,176,JUNE CARROLL,4.66,1,36.93,2005-06-22,7,2,2005-06-16,2
7.94,Belm,0.43,1.0,Brazil,362,NICHOLAS BARFIELD,4.28,2,33.94,2005-08-27,6,2,2005-08-21,2
7.94,Guaruj,1.33,1.0,Brazil,427,JESUS MCCARTNEY,5.16,5,40.92,2005-08-03,8,2,2005-07-28,2
7.94,Liepaja,1.0,1.0,Latvia,23,SARAH LEWIS,4.28,2,33.93,2005-08-03,7,2,2005-07-28,2
7.94,Yuncheng,0.55,1.0,China,154,MICHELE GRANT,3.9,17,30.94,2005-08-03,6,2,2005-07-28,2
7.95,Dadu,0.67,1.0,Pakistan,416,JEFFERY PINSON,3.77,2,29.94,2005-08-05,6,2,2005-07-30,2
7.95,Ivanovo,0.56,1.0,Russian Federation,106,CONNIE WALLACE,3.77,2,29.95,2005-08-06,5,2,2005-07-31,2
7.95,Liepaja,0.56,1.0,Latvia,23,SARAH LEWIS,3.77,1,29.95,2005-08-05,5,2,2005-07-30,2
7.95,Tabriz,1.0,1.0,Iran,279,DIANNE SHELTON,3.39,2,26.95,2005-07-14,5,2,2005-07-08,2
7.96,Baicheng,1.29,1.0,China,538,TED BREAUX,4.13,1,32.91,2005-08-01,9,2,2005-07-26,2
7.96,Iwakuni,2.0,1.0,Japan,54,TERESA ROGERS,5.39,10,42.9,2005-08-23,10,2,2005-08-17,2
7.96,Lengshuijiang,0.64,0.9666666666666667,China,267,MARGIE WADE,4.26,6,33.93,2005-08-25,7,2,2005-08-19,2
7.96,Naju,0.41,1.0,South Korea,237,TANYA GILBERT,4.64,1,36.93,2005-08-26,7,2,2005-08-20,2
7.97,Botshabelo,0.73,1.0,South Africa,132,ESTHER CRAWFORD,3.63,3,28.92,2005-08-02,8,2,2005-07-27,2
7.97,Gatineau,0.71,1.0,Canada,476,DERRICK BOURQUE,4.13,1,32.95,2005-08-05,5,2,2005-07-30,2
7.97,Ogbomosho,1.14,1.0,Nigeria,277,OLGA JIMENEZ,4.13,5,32.92,2005-07-12,8,2,2005-07-06,2
7.97,Touliu,1.14,1.0,Taiwan,139,AMBER DIXON,4.13,1,32.92,2005-08-27,8,2,2005-08-21,2
7.97,Urawa,0.67,1.0,Japan,147,JOANNE ROBERTSON,2.88,9,22.94,2005-08-02,6,2,2005-07-27,2
7.98,Serpuhov,0.33,1.0,Russian Federation,567,ALFREDO MCADAMS,2.88,6,22.97,2005-08-05,3,2,2005-07-30,2
8.0,Akishima,1.33,1.0,Japan,574,JULIAN VEST,3.99,3,31.92,2005-07-13,8,2,2005-07-07,2
8.0,Anpolis,2.0,1.0,Brazil,229,TAMARA NGUYEN,3.74,9,29.92,2005-07-12,8,2,2005-07-06,2
8.0,Beira,0.82,1.0,Mozambique,257,MARSHA DOUGLAS,4.99,1,39.91,2005-08-03,9,2,2005-07-28,2
8.0,Bijapur,1.33,1.0,India,468,TIM CARY,3.99,8,31.92,2005-07-12,8,2,2005-07-06,2
8.0,Boksburg,0.57,1.0,South Africa,125,ETHEL WEBB,3.99,5,31.92,2005-08-23,8,2,2005-08-17,2
8.0,Cuman,1.17,1.0,Venezuela,113,CINDY FISHER,3.99,2,31.93,2005-08-23,7,2,2005-08-17,2
8.0,Fuyu,0.58,1.0,China,211,STACEY MONTGOMERY,3.99,16,31.93,2005-08-03,7,2,2005-07-28,2
8.0,Graz,0.88,1.0,Austria,173,AUDREY RAY,3.99,1,31.93,2005-08-03,7,2,2005-07-28,2
8.0,Halifax,1.6,1.0,Canada,463,DARRELL POWER,2.99,4,23.92,2005-08-02,8,2,2005-07-27,2
8.0,Hanoi,0.67,1.0,Vietnam,340,PATRICK NEWSOM,3.74,2,29.92,2005-08-25,8,2,2005-08-19,2
8.0,Iwakuni,1.5,1.0,Japan,54,TERESA ROGERS,4.99,11,39.91,2005-08-24,9,2,2005-08-18,2
8.0,Jakarta,1.75,1.0,Indonesia,153,SUZANNE NICHOLS,3.24,2,25.93,2005-07-12,7,2,2005-07-06,2
8.0,Katihar,9.0,1.0,India,419,CHAD CARBONE,2.99,9,23.91,2005-07-12,9,2,2005-07-06,2
8.0,Kisumu,0.88,1.0,Kenya,193,KATIE ELLIOTT,3.74,1,29.93,2005-08-26,7,2,2005-08-20,2
8.0,Nantou,1.0,1.0,Taiwan,5,ELIZABETH BROWN,3.99,3,31.93,2005-07-15,7,2,2005-07-09,2
8.0,Omiya,2.0,1.0,Japan,404,STANLEY SCROGGINS,3.99,6,31.92,2005-07-12,8,2,2005-07-06,2
8.0,Ourense (Orense),5.0,1.0,Spain,469,WESLEY BULL,5.49,1,43.9,2005-07-12,10,2,2005-07-06,2
8.0,San Juan Bautista Tuxtepec,11.0,1.0,Mexico,425,FRANCIS SIKES,6.99,5,55.89,2005-07-12,11,2,2005-07-06,2
8.0,San Juan Bautista Tuxtepec,2.0,1.0,Mexico,425,FRANCIS SIKES,5.24,9,41.92,2005-07-14,8,2,2005-07-08,2
8.0,Sincelejo,1.0,1.0,Colombia,87,WANDA PATTERSON,4.99,1,39.91,2005-08-24,9,2,2005-08-18,2
8.0,Ueda,0.9,1.0,Japan,503,ANGEL BARCLAY,3.49,3,27.91,2005-08-26,9,2,2005-08-20,2
8.0,Yinchuan,0.88,1.0,China,484,ROBERTO VU,4.87,20,38.93,2005-08-02,7,2,2005-07-27,2
8.01,Alvorada,1.25,1.0,Brazil,551,CLAYTON BARBEE,2.49,6,19.95,2005-08-02,5,2,2005-07-27,2
8.01,Baha Blanca,0.75,1.0,Argentina,322,JASON MORRISSEY,3.24,4,25.94,2005-08-03,6,2,2005-07-28,2
8.01,Dayton,2.0,1.0,United States,294,SHELLY WATTS,2.99,6,23.96,2005-07-12,4,2,2005-07-06,2
8.01,Deba Habe,0.83,1.0,Nigeria,409,RODNEY MOELLER,2.99,6,23.95,2005-08-25,5,2,2005-08-19,2
8.01,Dongying,0.75,1.0,China,466,LEO EBERT,3.74,6,29.94,2005-08-26,6,2,2005-08-20,2
8.01,Ezhou,1.25,1.0,China,313,DONALD MAHON,3.24,12,25.95,2005-08-04,5,2,2005-07-29,2
8.01,Firozabad,0.63,1.0,India,192,LAURIE LAWRENCE,3.12,9,24.95,2005-08-05,5,2,2005-07-30,2
8.01,Gandhinagar,2.0,1.0,India,117,EDITH MCDONALD,2.99,3,23.96,2005-07-16,4,2,2005-07-10,2
8.01,Gingoog,0.75,1.0,Philippines,461,DEREK BLAKELY,1.99,6,15.94,2005-08-05,6,2,2005-07-30,2
8.01,Kurashiki,0.33,0.9565217391304348,Japan,34,REBECCA SCOTT,2.74,5,21.96,2005-08-25,4,2,2005-08-19,2
8.01,Mit Ghamr,1.25,1.0,Egypt,491,RICK MATTOX,2.99,1,23.95,2005-06-23,5,2,2005-06-17,2
8.01,Ozamis,3.0,1.0,Philippines,434,EDDIE TOMLIN,3.49,2,27.94,2005-06-22,6,2,2005-06-16,2
8.01,Pereira,2.5,1.0,Colombia,180,STACY CUNNINGHAM,2.99,2,23.95,2005-07-14,5,2,2005-07-08,2
8.01,Rio Claro,1.5,1.0,Brazil,74,DENISE KELLY,3.24,8,25.94,2005-07-12,6,2,2005-07-06,2
8.01,Rizhao,6.0,1.0,China,496,TYLER WREN,2.99,10,23.94,2005-07-12,6,2,2005-07-06,2
8.01,Tegal,1.5,1.0,Indonesia,458,LLOYD DOWD,2.74,5,21.94,2005-08-24,6,2,2005-08-18,2
8.01,Tel Aviv-Jaffa,3.0,1.0,Israel,161,GERALDINE PERKINS,3.49,2,27.94,2005-07-12,6,2,2005-07-06,2
8.01,Tianjin,1.0,1.0,China,249,DORA MEDINA,3.99,7,31.95,2005-07-13,5,2,2005-07-07,2
8.02,Cuman,1.0,1.0,Venezuela,113,CINDY FISHER,2.49,1,19.96,2005-06-25,4,2,2005-06-19,2
8.02,Kanchrapara,1.5,1.0,India,492,LESTER KRAUS,2.49,1,19.97,2005-06-23,3,2,2005-06-17,2
8.02,Lancaster,2.0,1.0,United States,112,ROSA REYNOLDS,1.99,2,15.96,2005-06-22,4,2,2005-06-16,2
8.03,Bijapur,0.67,1.0,India,468,TIM CARY,4.1,18,32.94,2005-08-03,6,2,2005-07-28,2
8.03,Haiphong,1.29,1.0,Vietnam,199,BETH FRANKLIN,4.85,2,38.91,2005-08-03,9,2,2005-07-28,2
8.03,Ikerre,1.43,1.0,Nigeria,198,ELSIE KELLEY,3.85,3,30.9,2005-08-02,10,2,2005-07-27,2
8.04,Kermanshah,1.0,1.0,Iran,377,HOWARD FORTNER,3.85,2,30.93,2005-08-05,7,2,2005-07-30,2
8.04,Lungtan,0.91,1.0,Taiwan,30,MELISSA KING,3.72,3,29.9,2005-08-24,10,2,2005-08-18,2
8.04,Sorocaba,0.54,1.0,Brazil,314,GEORGE LINTON,4.22,4,33.93,2005-08-26,7,2,2005-08-20,2
8.05,Atlixco,1.43,1.0,Mexico,84,SARA PERRY,5.7,3,45.9,2005-08-03,10,2,2005-07-28,2
8.05,Peoria,0.43,1.0,United States,275,CAROLE BARNETT,3.35,1,26.94,2005-08-27,6,2,2005-08-21,2
8.05,Pudukkottai,0.6,1.0,India,421,LEE HAWKS,4.09,18,32.94,2005-08-23,6,2,2005-08-17,2
8.06,Atinsk,2.0,1.0,Russian Federation,397,JIMMY SCHRADER,0.99,1,7.98,2005-06-22,2,2,2005-06-16,2
8.06,Benin City,2.0,1.0,Nigeria,284,SONIA GREGORY,0.99,1,7.98,2005-06-04,2,2,2005-05-29,2
8.06,Juiz de Fora,2.0,1.0,Brazil,591,KENT ARSENAULT,0.99,1,7.98,2005-06-27,2,1,2005-06-21,1
8.06,Meixian,2.0,1.0,China,90,RUBY WASHINGTON,0.99,2,7.98,2005-06-25,2,1,2005-06-19,1
8.06,Quilmes,1.5,1.0,Argentina,585,PERRY SWAFFORD,5.82,7,46.91,2005-08-02,9,2,2005-07-27,2
8.06,Santa Brbara dOeste,0.89,1.0,Brazil,178,MARION SNYDER,5.32,3,42.92,2005-07-15,8,2,2005-07-09,2
8.07,Arak,0.89,1.0,Iran,36,KATHLEEN ADAMS,3.21,2,25.92,2005-08-04,8,2,2005-07-29,2
8.07,Bhusawal,1.5,1.0,India,202,CARLA GUTIERREZ,4.32,13,34.91,2005-08-04,9,2,2005-07-29,2
8.07,Korolev,1.83,1.0,Russian Federation,393,PHILIP CAUSEY,4.32,6,34.89,2005-08-23,11,2,2005-08-17,2
8.08,Imus,0.5,1.0,Philippines,349,JOE GILLILAND,4.57,1,36.94,2005-08-26,6,2,2005-08-20,2
8.09,Ashdod,0.6,1.0,Israel,102,CRYSTAL FORD,4.19,1,33.91,2005-08-04,9,2,2005-07-29,2
8.09,Jos Azueta,1.17,1.0,Mexico,581,VIRGIL WOFFORD,3.82,8,30.93,2005-07-14,7,2,2005-07-08,2
8.09,Nantou,1.22,1.0,Taiwan,5,ELIZABETH BROWN,4.43,6,35.89,2005-08-02,11,2,2005-07-27,2
8.09,Richmond Hill,1.33,1.0,Canada,410,CURTIS IRBY,3.82,1,30.92,2005-07-13,8,2,2005-07-07,2
8.09,Sanya,1.17,1.0,China,546,KELLY KNOTT,3.82,19,30.93,2005-08-23,7,2,2005-08-17,2
8.1,Compton,1.4,1.0,United States,182,RENEE LANE,4.19,13,33.93,2005-08-23,7,2,2005-08-17,2
8.11,Balikesir,1.0,1.0,Turkey,366,BRANDON HUEY,3.32,1,26.94,2005-07-15,6,2,2005-07-09,2
8.11,Chandrapur,0.8,1.0,India,167,SALLY PIERCE,3.69,13,29.92,2005-08-25,8,2,2005-08-19,2
8.11,Changhwa,0.26,1.0,Taiwan,75,TAMMY SANDERS,3.2,1,25.95,2005-08-06,5,2,2005-07-31,2
8.11,Springs,0.83,1.0,South Africa,83,LOUISE JENKINS,3.32,3,26.95,2005-08-24,5,2,2005-08-18,2
8.12,Merlo,1.0,1.0,Argentina,107,FLORENCE WOODS,3.56,2,28.93,2005-07-12,7,2,2005-07-06,2
8.12,Pjatigorsk,0.38,1.0,Russian Federation,487,HECTOR POINDEXTER,4.43,5,35.94,2005-08-23,6,2,2005-08-17,2
8.13,Cam Ranh,0.8,1.0,Vietnam,532,NEIL RENNER,4.79,3,38.92,2005-08-24,8,2,2005-08-18,2
8.13,Changzhou,1.29,1.0,China,197,SUE PETERS,4.42,6,35.91,2005-08-06,9,2,2005-07-31,2
8.13,Dundee,0.71,1.0,United Kingdom,142,APRIL BURNS,3.56,3,28.95,2005-08-05,5,2,2005-07-30,2
8.13,Esfahan,1.4,1.0,Iran,10,DOROTHY TAYLOR,3.19,1,25.93,2005-07-12,7,2,2005-07-06,2
8.13,Mandaluyong,0.67,1.0,Philippines,263,HILDA HOPKINS,4.55,6,36.94,2005-08-24,6,2,2005-08-18,2
8.14,Arecibo,1.11,1.0,Puerto Rico,360,RALPH MADRIGAL,4.66,1,37.9,2005-08-03,10,2,2005-07-28,2
8.14,Czestochowa,1.67,1.0,Poland,572,SIDNEY BURLESON,4.66,2,37.9,2005-08-03,10,2,2005-07-28,2
8.14,Qinhuangdao,1.0,1.0,China,242,GLENDA FRAZIER,4.66,18,37.91,2005-08-23,9,2,2005-08-17,2
8.16,Tanza,0.54,1.0,Philippines,236,MARCIA DEAN,4.53,8,36.93,2005-08-23,7,2,2005-08-17,2
8.16,Urawa,0.5,1.0,Japan,147,JOANNE ROBERTSON,2.69,4,21.95,2005-08-03,5,2,2005-07-28,2
8.16,Xiangfan,0.8,0.9666666666666667,China,241,HEIDI LARSON,3.79,5,30.92,2005-08-25,8,2,2005-08-19,2
8.17,Changzhou,3.0,1.0,China,197,SUE PETERS,5.49,15,44.88,2005-08-03,12,2,2005-07-28,2
8.18,Hunuco,0.36,1.0,Peru,565,JAIME NETTLES,3.17,1,25.96,2005-08-07,4,2,2005-08-01,2
8.18,Nyeri,0.78,1.0,Kenya,363,ROY WHITING,4.88,2,39.93,2005-08-24,7,2,2005-08-18,2
8.18,Rae Bareli,1.0,1.0,India,78,LORI WOOD,5.49,16,44.9,2005-08-24,10,2,2005-08-18,2
8.18,Santa Brbara dOeste,1.13,1.0,Brazil,178,MARION SNYDER,5.62,2,45.91,2005-07-14,9,2,2005-07-08,2
8.18,Sincelejo,2.25,1.0,Colombia,87,WANDA PATTERSON,5.49,2,44.91,2005-08-02,9,2,2005-07-27,2
8.19,Ife,2.0,1.0,Nigeria,80,MARILYN ROSS,5.24,3,42.92,2005-07-13,8,2,2005-07-07,2
8.19,Miraj,2.25,1.0,India,316,STEVEN CURLEY,5.24,25,42.91,2005-08-02,9,2,2005-07-27,2
8.19,Miyakonojo,2.0,1.0,Japan,253,TERRY CARLSON,3.66,2,29.94,2005-06-21,6,2,2005-06-15,2
8.19,Richmond Hill,0.73,1.0,Canada,410,CURTIS IRBY,4.26,2,34.92,2005-08-04,8,2,2005-07-29,2
8.19,Wroclaw,1.0,1.0,Poland,558,JIMMIE EGGLESTON,5.37,1,43.92,2005-07-13,8,2,2005-07-07,2
8.2,Xinxiang,1.29,1.0,China,339,WALTER PERRYMAN,4.13,17,33.91,2005-08-23,9,2,2005-08-17,2
8.21,Bhavnagar,2.5,1.0,India,379,CARLOS COUGHLIN,4.74,12,38.9,2005-08-25,10,2,2005-08-19,2
8.21,Carmen,0.56,1.0,Mexico,578,WILLARD LUMPKIN,3.77,1,30.95,2005-08-06,5,2,2005-07-31,2
8.21,Yinchuan,2.0,1.0,China,484,ROBERTO VU,4.74,6,38.92,2005-07-13,8,2,2005-07-07,2
8.22,Abu Dhabi,1.29,1.0,United Arab Emirates,452,TOM MILNER,3.28,2,26.91,2005-07-12,9,2,2005-07-06,2
8.22,Cape Coral,2.0,1.0,United States,526,KARL SEAL,4.49,1,36.92,2005-06-23,8,2,2005-06-17,2
8.22,Escobar,0.67,1.0,Argentina,445,MICHEAL FORMAN,4.49,1,36.92,2005-08-26,8,2,2005-08-20,2
8.22,Zaoyang,5.5,1.0,China,514,FRANKLIN TROUTMAN,4.49,16,36.89,2005-08-23,11,2,2005-08-17,2
8.23,Taizz,1.0,1.0,Yemen,213,GINA WILLIAMSON,2.79,1,22.95,2005-06-25,5,2,2005-06-19,2
8.23,Usak,1.29,1.0,Turkey,204,ROSEMARY SCHMIDT,4.85,4,39.91,2005-08-23,9,2,2005-08-17,2
8.24,Idfu,1.2,1.0,Egypt,233,LILLIE KIM,3.39,1,27.94,2005-07-13,6,2,2005-07-07,2
8.25,Ciparay,1.29,1.0,Indonesia,328,JEFFREY SPEAR,3.99,5,32.91,2005-08-25,9,2,2005-08-19,2
8.25,Imus,0.88,1.0,Philippines,349,JOE GILLILAND,3.99,6,32.93,2005-08-04,7,2,2005-07-29,2
8.25,Jinchang,4.0,1.0,China,168,REGINA BERRY,3.99,5,32.92,2005-07-13,8,2,2005-07-07,2
8.25,Kamjanets-Podilskyi,1.33,1.0,Ukraine,386,TODD TAN,3.99,1,32.92,2005-07-13,8,2,2005-07-07,2
8.25,Kolpino,9.0,1.0,Russian Federation,295,DAISY BATES,3.99,3,32.91,2005-06-21,9,2,2005-06-15,2
8.25,Nabereznyje Telny,0.88,1.0,Russian Federation,447,CLIFFORD BOWENS,4.12,5,33.93,2005-08-05,7,2,2005-07-30,2
8.25,Qinhuangdao,1.0,1.0,China,242,GLENDA FRAZIER,3.99,9,32.93,2005-08-05,7,2,2005-07-30,2
8.25,Santo Andr,2.25,1.0,Brazil,354,JUSTIN NGO,3.99,7,32.91,2005-07-12,9,2,2005-07-06,2
8.25,Songkhla,0.4,1.0,Thailand,86,JACQUELINE LONG,3.39,1,27.96,2005-07-14,4,2,2005-07-08,2
8.25,Soshanguve,2.67,1.0,South Africa,145,LUCILLE HOLMES,3.99,3,32.92,2005-07-13,8,2,2005-07-07,2
8.25,Sunnyvale,1.4,1.0,United States,214,KRISTIN JOHNSTON,3.99,9,32.93,2005-08-02,7,2,2005-07-27,2
8.25,Warren,0.58,1.0,United States,276,BRANDY GRAVES,3.99,10,32.93,2005-08-24,7,2,2005-08-18,2
8.25,Warren,1.8,1.0,United States,276,BRANDY GRAVES,3.99,8,32.91,2005-08-03,9,2,2005-07-28,2
8.26,Bhusawal,2.0,1.0,India,202,CARLA GUTIERREZ,4.59,17,37.9,2005-08-03,10,2,2005-07-28,2
8.26,Nha Trang,0.75,1.0,Vietnam,520,MITCHELL WESTMORELAND,3.74,1,30.91,2005-08-25,9,2,2005-08-19,2
8.26,So Leopoldo,1.4,1.0,Brazil,443,FRANCISCO SKIDMORE,4.59,4,37.93,2005-08-03,7,2,2005-07-28,2
8.27,Balurghat,1.0,1.0,India,208,LUCY WHEELER,3.74,16,30.92,2005-08-03,8,2,2005-07-28,2
8.27,Urawa,0.36,1.0,Japan,147,JOANNE ROBERTSON,2.54,3,20.96,2005-08-05,4,2,2005-07-30,2
8.28,Kamarhati,4.5,1.0,India,31,BRENDA WRIGHT,3.49,2,28.91,2005-06-24,9,2,2005-06-18,2
8.28,Laiwu,1.0,1.0,China,151,MEGAN PALMER,3.62,15,29.92,2005-08-23,8,2,2005-08-17,2
8.28,Siegen,0.63,1.0,Germany,195,VANESSA SIMS,3.74,2,30.95,2005-08-05,5,2,2005-07-30,2
8.28,Xiangfan,0.4,0.9642857142857143,China,241,HEIDI LARSON,2.29,1,18.96,2005-07-16,4,2,2005-07-10,2
8.29,Isesaki,0.75,1.0,Japan,519,RON DELUCA,3.49,1,28.94,2005-08-06,6,2,2005-07-31,2
8.29,Kaliningrad,1.5,1.0,Russian Federation,301,ROBERT BAUGHMAN,3.49,6,28.94,2005-07-14,6,2,2005-07-08,2
8.29,Pingxiang,2.0,1.0,China,169,ERICA MATTHEWS,3.49,14,28.92,2005-08-23,8,2,2005-08-17,2
8.29,Poos de Caldas,1.43,1.0,Brazil,254,MAXINE SILVA,3.85,9,31.9,2005-08-23,10,2,2005-08-17,2
8.29,Vicente Lpez,1.75,1.0,Argentina,219,WILLIE HOWELL,3.49,1,28.93,2005-07-15,7,2,2005-07-09,2
8.3,Cam Ranh,0.9,1.0,Vietnam,532,NEIL RENNER,5.29,1,43.91,2005-08-02,9,2,2005-07-27,2
8.3,Roanoke,1.0,1.0,United States,291,TONI HOLT,3.85,6,31.93,2005-08-04,7,2,2005-07-29,2
8.3,Zhoushan,3.33,1.0,China,550,GUY BROWNLEE,4.32,19,35.9,2005-08-02,10,2,2005-07-27,2
8.31,Bhopal,0.53,0.9722222222222222,India,15,HELEN HARRIS,4.32,5,35.92,2005-08-26,8,2,2005-08-20,2
8.31,Brest,2.67,1.0,France,402,LUIS YANEZ,4.32,2,35.92,2005-07-12,8,2,2005-07-06,2
8.31,Chandrapur,1.0,1.0,India,167,SALLY PIERCE,3.24,15,26.92,2005-08-03,8,2,2005-07-28,2
8.31,Moscow,2.67,1.0,Russian Federation,46,CATHERINE CAMPBELL,4.32,7,35.92,2005-08-02,8,2,2005-07-27,2
8.32,Robamba,0.5,1.0,Ecuador,494,RAMON CHOATE,4.56,1,37.93,2005-08-25,7,2,2005-08-19,2
8.33,Bhimavaram,0.89,1.0,India,529,ERIK GUILLEN,4.43,11,36.92,2005-08-25,8,2,2005-08-19,2
8.33,Jakarta,1.6,1.0,Indonesia,153,SUZANNE NICHOLS,4.19,4,34.92,2005-08-24,8,2,2005-08-18,2
8.33,Mannheim,0.45,1.0,Germany,196,ALMA AUSTIN,3.72,1,30.95,2005-08-06,5,2,2005-07-31,2
8.34,Bat Yam,5.0,1.0,Israel,315,KENNETH GOODEN,2.99,2,24.95,2005-07-13,5,2,2005-07-07,2
8.34,Bellevue,1.4,1.0,United States,212,WILMA RICHARDS,3.59,9,29.93,2005-08-24,7,2,2005-08-18,2
8.34,Donostia-San Sebastin,0.5,1.0,Spain,293,MAE FLETCHER,4.19,1,34.95,2005-08-27,5,2,2005-08-21,2
8.34,Huixquilucan,2.5,1.0,Mexico,108,TRACY COLE,2.99,4,24.95,2005-06-21,5,2,2005-06-15,2
8.34,Jaipur,0.83,1.0,India,60,MILDRED BAILEY,2.99,8,24.95,2005-08-05,5,2,2005-07-30,2
8.34,Loja,0.83,1.0,Ecuador,589,TRACY HERRMANN,2.99,2,24.95,2005-08-03,5,2,2005-07-28,2
8.34,Oyo,2.0,1.0,Nigeria,250,JO FOWLER,2.99,3,24.94,2005-08-24,6,2,2005-08-18,2
8.34,Probolinggo,0.77,1.0,Indonesia,372,STEVE MACKENZIE,5.14,3,42.9,2005-08-24,10,2,2005-08-18,2
8.34,Saint Louis,3.5,1.0,United States,62,JOAN COOPER,2.99,2,24.93,2005-06-21,7,2,2005-06-15,2
8.34,Sorocaba,1.2,1.0,Brazil,314,GEORGE LINTON,2.39,4,19.94,2005-07-13,6,2,2005-07-07,2
8.35,Angra dos Reis,1.17,1.0,Brazil,307,JOSEPH JOY,3.82,6,31.93,2005-07-12,7,2,2005-07-06,2
8.35,Haldia,0.75,0.9722222222222222,India,186,HOLLY FOX,3.82,4,31.91,2005-08-26,9,2,2005-08-20,2
8.35,Korolev,1.0,1.0,Russian Federation,393,PHILIP CAUSEY,3.82,5,31.94,2005-07-14,6,2,2005-07-08,2
8.35,Lima,1.14,1.0,Peru,122,THELMA MURRAY,3.7,1,30.92,2005-07-12,8,2,2005-07-06,2
8.35,Mukateve,1.0,1.0,Ukraine,131,MONICA HICKS,3.7,2,30.93,2005-08-03,7,2,2005-07-28,2
8.35,Ponce,1.29,1.0,Puerto Rico,282,JENNY CASTRO,4.42,2,36.91,2005-08-02,9,2,2005-07-27,2
8.35,Southport,0.8,1.0,United Kingdom,556,ARMANDO GRUBER,2.39,2,19.96,2005-08-05,4,2,2005-07-30,2
8.35,Talavera,2.0,1.0,Philippines,505,RAFAEL ABNEY,2.99,1,24.96,2005-06-22,4,2,2005-06-16,2
8.35,al-Qatif,1.5,1.0,Saudi Arabia,417,TRAVIS ESTEP,3.82,1,31.91,2005-08-23,9,2,2005-08-17,2
8.36,Baiyin,2.25,1.0,China,495,CHARLIE BESS,5.49,14,45.91,2005-08-03,9,2,2005-07-28,2
8.36,Gaziantep,2.67,1.0,Turkey,480,COREY HAUSER,4.66,4,38.92,2005-08-02,8,2,2005-07-27,2
8.36,Hsichuh,0.82,1.0,Taiwan,348,ROGER QUINTANILLA,4.54,5,37.91,2005-08-03,9,2,2005-07-28,2
8.36,Rampur,1.14,1.0,India,336,JOSHUA MARK,4.42,15,36.92,2005-08-24,8,2,2005-08-18,2
8.38,Botosani,0.7,1.0,Romania,230,JOY GEORGE,3.69,1,30.93,2005-08-04,7,2,2005-07-29,2
8.39,Changzhou,2.2,1.0,China,197,SUE PETERS,4.99,8,41.89,2005-08-05,11,2,2005-07-30,2
8.4,La Paz,0.78,1.0,Mexico,488,SHANE MILLARD,3.32,5,27.93,2005-08-23,7,2,2005-08-17,2
8.4,Nantou,1.33,1.0,Taiwan,5,ELIZABETH BROWN,4.16,3,34.92,2005-07-14,8,2,2005-07-08,2
8.4,Sincelejo,1.6,1.0,Colombia,87,WANDA PATTERSON,4.99,1,41.92,2005-08-03,8,2,2005-07-28,2
8.4,Zhoushan,0.5,1.0,China,550,GUY BROWNLEE,4.28,5,35.93,2005-08-26,7,2,2005-08-20,2
8.41,Luzinia,0.86,1.0,Brazil,183,IDA ANDREWS,2.85,5,23.94,2005-08-02,6,2,2005-07-27,2
8.41,Shenzhen,1.5,1.0,China,378,EUGENE CULPEPPER,2.49,13,20.94,2005-08-03,6,2,2005-07-28,2
8.41,Tabuk,3.0,1.0,Saudi Arabia,312,MARK RINEHART,2.49,1,20.94,2005-07-12,6,2,2005-07-06,2
8.42,Fontana,0.53,1.0,United States,51,ALICE STEWART,3.79,5,31.92,2005-08-25,8,2,2005-08-19,2
8.42,Ruse,1.4,1.0,Bulgaria,540,TYRONE ASHER,3.79,1,31.93,2005-07-14,7,2,2005-07-08,2
8.42,Salzburg,2.0,1.0,Austria,266,NORA HERRERA,2.49,1,20.96,2005-06-21,4,2,2005-06-15,2
8.43,Amersfoort,0.67,1.0,Netherlands,415,GLENN PULLEN,3.43,3,28.94,2005-08-23,6,2,2005-08-17,2
8.43,Bijapur,0.5,1.0,India,468,TIM CARY,3.79,12,31.95,2005-08-04,5,2,2005-07-29,2
8.43,Ozamis,0.5,1.0,Philippines,434,EDDIE TOMLIN,3.79,4,31.95,2005-08-25,5,2,2005-08-19,2
8.43,Urawa,0.73,1.0,Japan,147,JOANNE ROBERTSON,4.26,1,35.92,2005-08-27,8,2,2005-08-21,2
8.44,Firozabad,0.88,1.0,India,192,LAURIE LAWRENCE,4.62,17,38.93,2005-08-23,7,2,2005-08-17,2
8.44,Izumisano,0.5,1.0,Japan,391,CLARENCE GAMEZ,2.37,1,19.96,2005-07-16,4,2,2005-07-10,2
8.44,Parbhani,1.5,1.0,India,300,JOHN FARNSWORTH,4.49,24,37.91,2005-08-02,9,2,2005-07-27,2
8.44,Xiangfan,0.5,1.0,China,241,HEIDI LARSON,3.07,7,25.94,2005-08-05,6,2,2005-07-30,2
8.45,Saint Louis,1.2,1.0,United States,62,JOAN COOPER,3.19,5,26.94,2005-08-26,6,2,2005-08-20,2
8.45,So Bernardo do Campo,1.17,1.0,Brazil,544,CODY NOLEN,4.49,7,37.93,2005-08-24,7,2,2005-08-18,2
8.45,Vitria de Santo Anto,0.56,1.0,Brazil,374,JEREMY HURTADO,3.55,1,29.95,2005-08-27,5,2,2005-08-21,2
8.46,Graz,0.67,1.0,Austria,173,AUDREY RAY,3.66,1,30.94,2005-08-04,6,2,2005-07-29,2
8.46,Tuguegarao,1.0,1.0,Philippines,261,DEANNA BYRD,3.66,5,30.94,2005-08-24,6,2,2005-08-18,2
8.47,Acua,1.75,1.0,Mexico,486,GLEN TALBERT,4.24,4,35.93,2005-07-12,7,2,2005-07-06,2
8.47,Gaziantep,1.75,1.0,Turkey,480,COREY HAUSER,4.24,4,35.93,2005-08-03,7,2,2005-07-28,2
8.47,Lungtan,0.86,1.0,Taiwan,30,MELISSA KING,3.42,2,28.94,2005-07-15,6,2,2005-07-09,2
8.47,Maring,1.0,1.0,Brazil,246,MARIAN MENDOZA,2.59,3,21.95,2005-07-13,5,2,2005-07-07,2
8.47,Tuguegarao,2.0,1.0,Philippines,261,DEANNA BYRD,4.24,7,35.92,2005-08-23,8,2,2005-08-17,2
8.48,Halisahar,0.69,0.9722222222222222,India,259,LENA JENSEN,5.3,3,44.91,2005-08-26,9,2,2005-08-20,2
8.48,Maikop,1.5,1.0,Russian Federation,346,ARTHUR SIMPKINS,4.24,4,35.94,2005-07-14,6,2,2005-07-08,2
8.48,San Felipe del Progreso,0.67,1.0,Mexico,319,RONALD WEINER,3.77,2,31.94,2005-07-16,6,2,2005-07-10,2
8.49,Allappuzha (Alleppey),0.78,1.0,India,175,ANNETTE OLSON,3.88,16,32.93,2005-08-23,7,2,2005-08-17,2
8.49,Dayton,3.25,1.0,United States,294,SHELLY WATTS,5.99,8,50.87,2005-08-02,13,2,2005-07-27,2
8.5,Bchar,3.5,1.0,Algeria,69,JUDY GRAY,3.99,1,33.93,2005-07-12,7,2,2005-07-06,2
8.5,Duisburg,0.36,1.0,Germany,114,GRACE ELLIS,3.17,2,26.96,2005-08-03,4,2,2005-07-28,2
8.5,Lhokseumawe,0.64,1.0,Indonesia,473,JORGE OLIVARES,3.99,1,33.93,2005-08-05,7,2,2005-07-30,2
8.5,Peoria,1.0,1.0,United States,275,CAROLE BARNETT,3.99,4,33.9,2005-08-26,10,2,2005-08-20,2
8.5,San Juan Bautista Tuxtepec,5.0,1.0,Mexico,425,FRANCIS SIKES,5.99,4,50.9,2005-07-13,10,2,2005-07-07,2
8.51,Changzhou,3.0,1.0,China,197,SUE PETERS,1.99,2,16.94,2005-06-02,6,2,2005-05-27,2
8.51,Escobar,0.54,1.0,Argentina,445,MICHEAL FORMAN,4.22,1,35.93,2005-08-27,7,2,2005-08-21,2
8.52,Ivanovo,0.75,1.0,Russian Federation,106,CONNIE WALLACE,3.87,4,32.94,2005-08-05,6,2,2005-07-30,2
8.52,Ktahya,4.0,1.0,Turkey,124,SHEILA WELLS,1.99,4,16.96,2005-07-13,4,2,2005-07-07,2
8.52,Mit Ghamr,1.6,1.0,Egypt,491,RICK MATTOX,5.39,3,45.92,2005-08-02,8,2,2005-07-27,2
8.52,Rustenburg,2.0,1.0,South Africa,407,DALE RATCLIFF,1.99,2,16.96,2005-07-13,4,2,2005-07-07,2
8.52,Salinas,5.0,1.0,United States,269,CASSANDRA WALTERS,1.99,1,16.95,2005-05-31,5,2,2005-05-25,2
8.52,Tabriz,2.5,1.0,Iran,279,DIANNE SHELTON,1.99,1,16.95,2005-06-21,5,1,2005-06-15,1
8.52,Zanzibar,2.5,1.0,Tanzania,220,CHARLENE ALVAREZ,1.99,1,16.95,2005-07-16,5,1,2005-07-10,1
8.53,Cuauhtmoc,1.14,1.0,Mexico,467,ALVIN DELOACH,4.56,2,38.92,2005-08-03,8,2,2005-07-28,2
8.53,Dhaka,0.82,1.0,Bangladesh,332,STEPHEN QUALLS,4.44,2,37.91,2005-08-03,9,2,2005-07-28,2
8.53,Emmen,1.17,1.0,Netherlands,474,DUSTIN GILLETTE,3.16,2,26.93,2005-08-24,7,2,2005-08-18,2
8.53,Escobar,1.0,1.0,Argentina,445,MICHEAL FORMAN,3.28,3,27.93,2005-08-05,7,2,2005-07-30,2
8.53,Hubli-Dharwad,1.5,1.0,India,136,ANITA MORALES,1.99,2,16.97,2005-07-16,3,2,2005-07-10,2
8.53,Nantou,1.0,1.0,Taiwan,5,ELIZABETH BROWN,4.09,4,34.9,2005-08-03,10,2,2005-07-28,2
8.53,Richmond Hill,0.77,1.0,Canada,410,CURTIS IRBY,5.14,1,43.9,2005-08-26,10,2,2005-08-20,2
8.53,Taguig,0.86,1.0,Philippines,72,THERESA WATSON,3.28,5,27.94,2005-08-05,6,2,2005-07-30,2
8.53,Tarsus,3.0,1.0,Turkey,164,JOANN GARDNER,1.99,2,16.97,2005-06-22,3,2,2005-06-16,2
8.54,Hsichuh,2.67,1.0,Taiwan,348,ROGER QUINTANILLA,4.32,1,36.92,2005-07-11,8,2,2005-07-05,2
8.54,Kilis,1.0,1.0,Turkey,143,LESLIE GORDON,3.39,3,28.95,2005-07-13,5,2,2005-07-07,2
8.54,Pemalang,0.75,1.0,Indonesia,116,VICTORIA GIBSON,3.74,4,31.94,2005-08-25,6,2,2005-08-19,2
8.54,So Bernardo do Campo,1.6,1.0,Brazil,544,CODY NOLEN,4.79,8,40.92,2005-08-23,8,2,2005-08-17,2
8.54,Soshanguve,0.6,1.0,South Africa,145,LUCILLE HOLMES,3.39,1,28.94,2005-08-25,6,2,2005-08-19,2
8.54,Usak,0.6,1.0,Turkey,204,ROSEMARY SCHMIDT,3.39,1,28.94,2005-08-05,6,2,2005-07-30,2
8.54,Zhezqazghan,0.8,1.0,Kazakstan,573,BYRON BOX,4.09,2,34.92,2005-08-04,8,2,2005-07-29,2
8.55,York,0.5,1.0,United Kingdom,497,GILBERT SLEDGE,4.09,2,34.95,2005-08-04,5,2,2005-07-29,2
8.57,Kanazawa,1.8,1.0,Japan,547,KURT EMMONS,4.19,8,35.91,2005-08-02,9,2,2005-07-27,2
8.57,Nam Dinh,2.0,1.0,Vietnam,472,GREG ROBINS,5.24,3,44.92,2005-08-23,8,2,2005-08-17,2
8.57,Rampur,1.5,1.0,India,336,JOSHUA MARK,4.66,15,39.91,2005-08-23,9,2,2005-08-17,2
8.57,Sagamihara,2.25,1.0,Japan,11,LISA ANDERSON,5.24,7,44.91,2005-08-02,9,2,2005-07-27,2
8.57,Sivas,0.8,1.0,Turkey,518,GABRIEL HARDER,4.19,4,35.92,2005-08-24,8,2,2005-08-18,2
8.57,Tama,0.45,1.0,Japan,385,PHILLIP HOLM,3.26,10,27.95,2005-08-24,5,2,2005-08-18,2
8.58,Brescia,0.5,1.0,Italy,309,CHRISTOPHER GRECO,3.49,4,29.94,2005-08-23,6,1,2005-08-17,1
8.58,El Fuerte,0.63,1.0,Mexico,451,JIM REA,3.49,7,29.95,2005-07-14,5,2,2005-07-08,2
8.58,Jamalpur,1.43,1.0,Bangladesh,329,FRANK WAGGONER,4.42,1,37.9,2005-08-04,10,2,2005-07-29,2
8.58,al-Hawiya,3.0,1.0,Saudi Arabia,70,CHRISTINA RAMIREZ,3.49,3,29.94,2005-08-02,6,2,2005-07-27,2
8.6,Aden,1.14,1.0,Yemen,210,ELLA OLIVER,4.99,1,42.92,2005-08-25,8,2,2005-08-19,2
8.6,Laohekou,2.2,1.0,China,422,MELVIN ELLINGTON,4.99,13,42.89,2005-08-23,11,2,2005-08-17,2
8.62,Moscow,1.2,1.0,Russian Federation,46,CATHERINE CAMPBELL,3.59,3,30.94,2005-08-05,6,2,2005-07-30,2
8.62,Sanya,1.75,1.0,China,546,KELLY KNOTT,3.24,9,27.93,2005-07-12,7,2,2005-07-06,2
8.62,Toulouse,0.5,1.0,France,35,VIRGINIA GREEN,3.82,2,32.94,2005-08-04,6,2,2005-07-29,2
8.63,Abu Dhabi,2.33,1.0,United Arab Emirates,452,TOM MILNER,2.66,1,22.93,2005-06-21,7,2,2005-06-15,2
8.63,Ambattur,0.83,1.0,India,225,ARLENE HARVEY,4.74,14,40.9,2005-08-03,10,2,2005-07-28,2
8.63,Miyakonojo,1.25,1.0,Japan,253,TERRY CARLSON,3.24,2,27.95,2005-06-22,5,2,2005-06-16,2
8.63,Sterling Heights,0.71,1.0,United States,146,JAMIE RICE,3.7,1,31.95,2005-07-14,5,2,2005-07-08,2
8.64,Hiroshima,1.33,1.0,Japan,299,JAMES GANNON,4.16,9,35.92,2005-08-23,8,2,2005-08-17,2
8.64,Kimberley,2.0,1.0,South Africa,19,RUTH MARTINEZ,6.24,1,53.92,2005-08-22,8,2,2005-08-16,2
8.64,Nam Dinh,1.17,1.0,Vietnam,472,GREG ROBINS,4.16,1,35.93,2005-07-12,7,2,2005-07-06,2
8.64,Shimonoseki,1.8,1.0,Japan,29,ANGELA HERNANDEZ,4.39,6,37.91,2005-08-02,9,2,2005-07-27,2
8.64,Sivas,1.33,1.0,Turkey,518,GABRIEL HARDER,2.66,2,22.96,2005-07-13,4,2,2005-07-07,2
8.64,Sucre,1.67,1.0,Bolivia,431,JOEL FRANCISCO,2.66,1,22.95,2005-08-03,5,2,2005-07-28,2
8.67,Gorontalo,3.5,1.0,Indonesia,203,TARA RYAN,4.49,3,38.93,2005-08-03,7,2,2005-07-28,2
8.67,Lima,3.5,1.0,Peru,122,THELMA MURRAY,2.99,1,25.93,2005-06-21,7,2,2005-06-15,2
8.67,Qomsheh,7.0,1.0,Iran,459,TOMMY COLLAZO,2.99,1,25.93,2005-06-23,7,2,2005-06-17,2
8.68,A Corua (La Corua),0.38,1.0,Spain,52,JULIE SANCHEZ,3.22,2,27.95,2005-08-25,5,2,2005-08-19,2
8.68,Chiayi,2.5,1.0,Taiwan,73,BEVERLY BROOKS,2.99,2,25.95,2005-07-13,5,2,2005-07-07,2
8.68,Fengshan,1.25,1.0,Taiwan,576,MORRIS MCCARTER,2.99,1,25.95,2005-06-24,5,2,2005-06-18,2
8.68,Stockport,4.0,1.0,United Kingdom,477,DAN PAINE,2.99,1,25.96,2005-06-22,4,2,2005-06-16,2
8.68,Valle de la Pascua,5.0,1.0,Venezuela,290,KRISTINA CHAMBERS,2.99,1,25.95,2005-06-21,5,2,2005-06-15,2
8.68,Vancouver,0.82,1.0,Canada,436,TROY QUIGLEY,5.17,1,44.91,2005-08-24,9,2,2005-08-18,2
8.69,Bhusawal,0.7,1.0,India,202,CARLA GUTIERREZ,3.79,14,32.93,2005-08-23,7,2,2005-08-17,2
8.69,Imus,1.14,1.0,Philippines,349,JOE GILLILAND,4.13,8,35.92,2005-08-03,8,2,2005-07-28,2
8.71,Avellaneda,0.64,1.0,Argentina,560,JORDAN ARCHULETA,4.35,2,37.93,2005-08-05,7,2,2005-07-30,2
8.71,Daxian,0.38,1.0,China,64,JUDITH COX,2.87,5,24.94,2005-08-06,6,2,2005-07-31,2
8.71,Shaoguan,1.17,1.0,China,485,CLYDE TOBIAS,3.32,3,28.93,2005-07-14,7,2,2005-07-08,2
8.72,Siliguri (Shiliguri),1.63,1.0,India,502,BRETT CORNWELL,5.49,23,47.87,2005-08-02,13,2,2005-07-27,2
8.73,Jastrzebie-Zdrj,1.13,1.0,Poland,128,MARJORIE TUCKER,4.12,3,35.91,2005-08-02,9,2,2005-07-27,2
8.73,Tanauan,0.56,1.0,Philippines,373,LOUIS LEONE,4.8,4,41.91,2005-08-24,9,2,2005-08-18,2
8.73,Tychy,0.78,1.0,Poland,380,RUSSELL BRINSON,3.66,1,31.93,2005-08-03,7,2,2005-07-28,2
8.75,Akron,0.88,1.0,United States,479,ZACHARY HITE,3.99,3,34.93,2005-07-13,7,2,2005-07-07,2
8.75,Korolev,1.4,1.0,Russian Federation,393,PHILIP CAUSEY,3.99,5,34.93,2005-07-13,7,2,2005-07-07,2
8.75,Sivas,2.0,1.0,Turkey,518,GABRIEL HARDER,4.79,3,41.9,2005-08-02,10,2,2005-07-27,2
8.76,Manchester,1.2,1.0,United States,382,VICTOR BARKLEY,3.19,5,27.94,2005-08-04,6,2,2005-07-29,2
8.76,Okayama,2.25,1.0,Japan,489,RICARDO MEADOR,5.24,8,45.91,2005-08-23,9,2,2005-08-17,2
8.77,Meixian,0.78,1.0,China,90,RUBY WASHINGTON,4.21,11,36.93,2005-08-04,7,2,2005-07-29,2
8.77,Tegal,1.0,1.0,Indonesia,458,LLOYD DOWD,2.39,3,20.95,2005-08-25,5,2,2005-08-19,2
8.77,Zanzibar,0.78,1.0,Tanzania,220,CHARLENE ALVAREZ,4.21,1,36.93,2005-08-05,7,2,2005-07-30,2
8.78,Luzinia,0.63,1.0,Brazil,183,IDA ANDREWS,2.62,1,22.95,2005-08-06,5,2,2005-07-31,2
8.79,Sorocaba,0.83,1.0,Brazil,314,GEORGE LINTON,2.16,2,18.95,2005-07-15,5,2,2005-07-09,2
8.8,Bijapur,0.82,1.0,India,468,TIM CARY,4.99,2,43.91,2005-08-27,9,2,2005-08-21,2
8.8,Cam Ranh,1.0,1.0,Vietnam,532,NEIL RENNER,4.88,2,42.91,2005-08-23,9,2,2005-08-17,2
8.8,Sharja,1.75,1.0,United Arab Emirates,292,MISTY LAMBERT,3.74,1,32.93,2005-07-12,7,2,2005-07-06,2
8.81,Salamanca,1.0,1.0,Mexico,273,PRISCILLA LOWE,4.42,3,38.93,2005-07-15,7,2,2005-07-09,2
8.81,Syktyvkar,1.6,1.0,Russian Federation,428,HERBERT KRUGER,4.19,11,36.92,2005-08-03,8,2,2005-07-28,2
8.82,Balikesir,0.77,1.0,Turkey,366,BRANDON HUEY,4.3,3,37.9,2005-08-24,10,2,2005-08-18,2
8.82,Bijapur,1.22,1.0,India,468,TIM CARY,5.55,10,48.89,2005-08-25,11,2,2005-08-19,2
8.82,Ljubertsy,1.8,1.0,Russian Federation,160,ERIN DUNN,3.39,10,29.91,2005-08-03,9,2,2005-07-28,2
8.82,Salamanca,2.5,1.0,Mexico,273,PRISCILLA LOWE,2.49,3,21.95,2005-06-21,5,2,2005-06-15,2
8.82,Tychy,0.57,1.0,Poland,380,RUSSELL BRINSON,3.85,2,33.92,2005-08-25,8,2,2005-08-19,2
8.83,Ashdod,5.5,1.0,Israel,102,CRYSTAL FORD,5.99,1,52.89,2005-07-12,11,2,2005-07-06,2
8.83,Ciparay,1.0,1.0,Indonesia,328,JEFFREY SPEAR,3.62,3,31.92,2005-08-26,8,2,2005-08-20,2
8.83,Lungtan,1.0,1.0,Taiwan,30,MELISSA KING,4.29,3,37.9,2005-08-03,10,2,2005-07-28,2
8.83,Satna,0.62,1.0,India,356,GERALD FULTZ,4.07,9,35.92,2005-08-25,8,2,2005-08-19,2
8.84,Ourense (Orense),0.44,1.0,Spain,469,WESLEY BULL,4.18,2,36.93,2005-08-26,7,2,2005-08-20,2
8.85,Binzhou,0.83,1.0,China,533,JESSIE MILAM,3.16,4,27.95,2005-07-13,5,2,2005-07-07,2
8.85,Dadu,0.73,1.0,Pakistan,416,JEFFERY PINSON,4.17,1,36.92,2005-08-23,8,2,2005-08-17,2
8.85,Jedda,1.29,1.0,Saudi Arabia,49,JOYCE EDWARDS,4.85,2,42.91,2005-08-02,9,2,2005-07-27,2
8.86,Idfu,1.75,1.0,Egypt,233,LILLIE KIM,3.49,2,30.93,2005-07-12,7,2,2005-07-06,2
8.87,Alvorada,1.5,1.0,Brazil,551,CLAYTON BARBEE,3.82,6,33.91,2005-08-24,9,2,2005-08-18,2
8.87,Datong,0.64,1.0,China,260,CHRISTY VARGAS,3.26,4,28.93,2005-08-26,7,2,2005-08-20,2
8.87,Ikerre,0.33,1.0,Nigeria,198,ELSIE KELLEY,3.6,3,31.94,2005-08-26,6,2,2005-08-20,2
8.87,Mukateve,1.33,1.0,Ukraine,131,MONICA HICKS,3.82,1,33.92,2005-08-02,8,2,2005-07-27,2
8.87,Shubra al-Khayma,0.64,1.0,Egypt,119,SHERRY MARSHALL,4.28,1,37.91,2005-08-27,9,2,2005-08-21,2
8.88,Dos Quebradas,1.29,1.0,Colombia,120,SYLVIA ORTIZ,3.7,1,32.91,2005-08-02,9,2,2005-07-27,2
8.88,Zhezqazghan,1.33,1.0,Kazakstan,573,BYRON BOX,4.16,1,36.92,2005-07-13,8,2,2005-07-07,2
8.89,Aden,0.88,1.0,Yemen,210,ELLA OLIVER,3.37,1,29.93,2005-07-14,7,2,2005-07-08,2
8.89,Araatuba,2.0,1.0,Brazil,77,JANE BENNETT,2.24,3,19.92,2005-08-03,8,2,2005-07-28,2
8.89,Esfahan,1.0,1.0,Iran,10,DOROTHY TAYLOR,3.7,5,32.93,2005-08-03,7,2,2005-07-28,2
8.89,s-Hertogenbosch,2.25,1.0,Netherlands,184,VIVIAN RUIZ,4.49,1,39.91,2005-08-24,9,2,2005-08-18,2
8.9,Laredo,1.5,1.0,United States,6,JENNIFER DAVIS,2.24,5,19.94,2005-07-12,6,2,2005-07-06,2
8.9,Mogiljov,0.75,1.0,Belarus,527,CORY MEEHAN,3.37,2,29.94,2005-08-23,6,1,2005-08-17,1
8.9,Mukateve,0.75,1.0,Ukraine,131,MONICA HICKS,3.37,1,29.94,2005-08-04,6,1,2005-07-29,1
8.9,Teboksary,1.75,1.0,Russian Federation,350,JUAN FRALEY,2.24,5,19.93,2005-07-12,7,2,2005-07-06,2
8.91,Usolje-Sibirskoje,0.47,1.0,Russian Federation,462,WARREN SHERROD,4.26,1,37.93,2005-08-25,7,2,2005-08-19,2
8.92,Cape Coral,0.41,1.0,United States,526,KARL SEAL,4.81,3,42.93,2005-08-26,7,2,2005-08-20,2
8.92,Cavite,0.29,1.0,Philippines,388,CRAIG MORRELL,3.13,3,27.96,2005-08-25,4,2,2005-08-19,2
8.92,San Lorenzo,1.4,1.0,Paraguay,345,CARL ARTIS,4.59,1,40.93,2005-08-02,7,2,2005-07-27,2
8.92,Usak,1.0,1.0,Turkey,204,ROSEMARY SCHMIDT,4.37,2,38.92,2005-08-24,8,2,2005-08-18,2
8.93,Bilbays,1.5,1.0,Egypt,559,EVERETT BANDA,3.24,1,28.94,2005-07-12,6,2,2005-07-06,2
8.93,Qomsheh,0.69,1.0,Iran,459,TOMMY COLLAZO,5.14,1,45.91,2005-08-05,9,2,2005-07-30,2
8.93,Sorocaba,1.0,1.0,Brazil,314,GEORGE LINTON,4.69,5,41.9,2005-08-24,10,2,2005-08-18,2
8.93,Zeleznogorsk,2.0,1.0,Russian Federation,351,JACK FOUST,3.24,3,28.92,2005-07-14,8,2,2005-07-08,2
8.96,Chapra,1.2,1.0,India,509,RAUL FORTIER,3.79,13,33.94,2005-08-03,6,2,2005-07-28,2
8.97,Kolpino,0.62,1.0,Russian Federation,295,DAISY BATES,4.45,2,39.92,2005-08-05,8,2,2005-07-30,2
8.98,Ilorin,0.6,1.0,Nigeria,103,GLADYS HAMILTON,3.89,1,34.94,2005-08-28,6,2,2005-08-22,2
8.98,Osmaniye,0.8,1.0,Turkey,13,KAREN JACKSON,4.89,3,43.92,2005-08-23,8,2,2005-08-17,2
9.0,Cape Coral,1.0,1.0,United States,526,KARL SEAL,4.66,4,41.91,2005-07-12,9,2,2005-07-06,2
9.0,Ife,3.0,1.0,Nigeria,80,MARILYN ROSS,5.32,4,47.91,2005-07-12,9,2,2005-07-06,2
9.0,Jinchang,1.0,1.0,China,168,REGINA BERRY,3.99,10,35.91,2005-08-04,9,2,2005-07-29,2
9.0,Kisumu,1.5,1.0,Kenya,193,KATIE ELLIOTT,3.99,1,35.91,2005-08-24,9,2,2005-08-18,2
9.0,Konotop,1.33,1.0,Ukraine,545,JULIO NOLAND,3.99,3,35.92,2005-08-23,8,2,2005-08-17,2
9.0,Pune,1.0,1.0,India,135,JUANITA MASON,3.99,12,35.91,2005-08-03,9,2,2005-07-28,2
9.0,Southampton,1.33,1.0,United Kingdom,583,MARSHALL THORN,4.99,1,44.92,2005-07-12,8,2,2005-07-06,2
9.0,Stockport,2.0,1.0,United Kingdom,477,DAN PAINE,4.99,3,44.92,2005-08-02,8,2,2005-07-27,2
9.01,Augusta-Richmond County,1.0,1.0,United States,96,DIANA ALEXANDER,3.32,7,29.94,2005-08-03,6,2,2005-07-28,2
9.01,Coacalco de Berriozbal,1.0,1.0,Mexico,247,STELLA MORENO,3.66,5,32.94,2005-08-24,6,2,2005-08-18,2
9.01,Escobar,0.75,1.0,Argentina,445,MICHEAL FORMAN,2.99,1,26.94,2005-08-06,6,2,2005-07-31,2
9.01,Kamakura,1.5,1.0,Japan,79,RACHEL BARNES,2.99,2,26.94,2005-07-13,6,2,2005-07-07,2
9.01,Lipetsk,1.5,1.0,Russian Federation,44,MARIE TURNER,3.99,4,35.94,2005-07-13,6,2,2005-07-07,2
9.01,Palghat (Palakkad),0.78,0.9705882352941176,India,268,NINA SOTO,3.55,3,31.93,2005-07-14,7,2,2005-07-08,2
9.01,Songkhla,0.56,1.0,Thailand,86,JACQUELINE LONG,3.43,1,30.95,2005-07-13,5,2,2005-07-07,2
9.01,Udine,5.0,1.0,Italy,525,ADRIAN CLARY,2.99,1,26.95,2005-07-12,5,2,2005-07-06,2
9.01,Uluberia,2.0,1.0,India,446,THEODORE CULP,2.32,1,20.94,2005-06-24,6,2,2005-06-18,2
9.02,Valparai,0.9,1.0,India,403,MIKE WAY,5.09,3,45.91,2005-08-06,9,2,2005-07-31,2
9.03,Pavlodar,1.67,1.0,Kazakstan,76,IRENE PRICE,1.32,1,11.95,2005-06-22,5,2,2005-06-16,2
9.03,Skikda,0.46,1.0,Algeria,176,JUNE CARROLL,3.76,1,33.94,2005-08-25,6,2,2005-08-19,2
9.03,Urawa,0.46,1.0,Japan,147,JOANNE ROBERTSON,3.76,1,33.94,2005-08-28,6,2,2005-08-22,2
9.04,Gulbarga,1.29,1.0,India,370,WAYNE TRUONG,3.42,13,30.91,2005-08-23,9,2,2005-08-17,2
9.04,Molodetno,1.0,1.0,Belarus,144,CLARA SHAW,5.74,1,51.88,2005-08-04,12,2,2005-07-29,2
9.04,Shahr-e Kord,1.0,1.0,Iran,185,ROBERTA HARPER,1.66,1,14.97,2005-06-24,3,1,2005-06-18,1
9.04,al-Qatif,1.14,1.0,Saudi Arabia,417,TRAVIS ESTEP,3.42,1,30.92,2005-08-24,8,2,2005-08-18,2
9.05,Joliet,0.38,1.0,United States,504,NATHANIEL ADAM,3.53,2,31.95,2005-08-26,5,2,2005-08-20,2
9.06,Serpuhov,0.5,1.0,Russian Federation,567,ALFREDO MCADAMS,2.87,5,25.96,2005-08-04,4,2,2005-07-29,2
9.06,Yamuna Nagar,0.27,1.0,India,12,NANCY THOMAS,2.54,2,22.97,2005-08-06,3,2,2005-07-31,2
9.07,Halifax,0.86,1.0,Canada,463,DARRELL POWER,2.42,1,21.94,2005-08-04,6,2,2005-07-29,2
9.07,Nantou,2.0,1.0,Taiwan,5,ELIZABETH BROWN,0.99,1,8.98,2005-06-06,2,1,2005-05-31,1
9.07,Parbhani,2.0,1.0,India,300,JOHN FARNSWORTH,0.99,1,8.98,2005-06-04,2,1,2005-05-29,1
9.08,Namibe,1.0,1.0,Angola,383,MARTIN BALES,0.99,1,8.99,2005-06-04,1,1,2005-05-29,1
9.08,Pemalang,1.0,1.0,Indonesia,116,VICTORIA GIBSON,3.85,2,34.93,2005-08-24,7,2,2005-08-18,2
9.08,Siliguri (Shiliguri),1.0,1.0,India,502,BRETT CORNWELL,3.19,2,28.95,2005-07-15,5,2,2005-07-09,2
9.08,Usak,1.0,1.0,Turkey,204,ROSEMARY SCHMIDT,3.19,1,28.95,2005-06-22,5,2,2005-06-16,2
9.09,Stara Zagora,2.5,1.0,Bulgaria,215,JESSIE BANKS,2.74,1,24.9,2005-08-23,10,2,2005-08-17,2
9.11,Laohekou,1.25,1.0,China,422,MELVIN ELLINGTON,2.74,12,24.95,2005-08-03,5,1,2005-07-28,1
9.11,Nyeri,1.0,1.0,Kenya,363,ROY WHITING,4.49,1,40.92,2005-08-03,8,2,2005-07-28,2
9.11,Pontianak,0.38,1.0,Indonesia,506,LESLIE SEWARD,3.07,1,27.95,2005-08-27,5,2,2005-08-21,2
9.11,Shenzhen,1.0,1.0,China,378,EUGENE CULPEPPER,2.19,9,19.95,2005-08-04,5,2,2005-07-29,2
9.12,Ashdod,1.18,1.0,Israel,102,CRYSTAL FORD,4.81,1,43.87,2005-08-02,13,2,2005-07-27,2
9.12,Jinchang,0.75,1.0,China,168,REGINA BERRY,4.16,6,37.91,2005-08-24,9,2,2005-08-18,2
9.12,Maracabo,1.33,1.0,Venezuela,453,CALVIN MARTEL,4.16,1,37.92,2005-08-26,8,2,2005-08-20,2
9.12,Naala-Porto,1.14,1.0,Mozambique,433,DON BONE,4.7,2,42.92,2005-08-23,8,2,2005-08-17,2
9.12,Vila Velha,1.17,1.0,Brazil,39,DEBRA NELSON,4.49,2,40.93,2005-07-13,7,2,2005-07-07,2
9.13,Changzhou,0.54,0.9666666666666667,China,197,SUE PETERS,3.61,4,32.93,2005-08-25,7,2,2005-08-19,2
9.13,Chungho,2.0,1.0,Taiwan,517,BRAD MCCURDY,4.59,1,41.9,2005-07-13,10,2,2005-07-07,2
9.13,Portoviejo,1.33,1.0,Ecuador,262,PATSY DAVIDSON,3.82,1,34.92,2005-08-27,8,2,2005-08-21,2
9.14,Brindisi,0.58,1.0,Italy,499,MARC OUTLAW,3.82,3,34.93,2005-08-24,7,2,2005-08-18,2
9.14,Datong,2.25,1.0,China,260,CHRISTY VARGAS,3.49,18,31.91,2005-08-02,9,2,2005-07-27,2
9.14,Santa Rosa,1.0,1.0,Philippines,522,ARNOLD HAVENS,3.82,2,34.94,2005-07-14,6,1,2005-07-08,1
9.14,Stockport,1.4,1.0,United Kingdom,477,DAN PAINE,4.59,4,41.93,2005-08-03,7,2,2005-07-28,2
9.15,Amroha,1.75,1.0,India,534,CHRISTIAN JUNG,3.49,11,31.93,2005-08-04,7,2,2005-07-29,2
9.15,Cheju,1.17,1.0,South Korea,88,BONNIE HUGHES,3.49,4,31.93,2005-08-02,7,2,2005-07-27,2
9.15,Hubli-Dharwad,3.5,1.0,India,136,ANITA MORALES,3.49,12,31.93,2005-08-23,7,2,2005-08-17,2
9.15,Torren,1.75,1.0,Mexico,133,PAULINE HENRY,3.49,6,31.93,2005-07-14,7,2,2005-07-08,2
9.16,Tychy,1.0,1.0,Poland,380,RUSSELL BRINSON,4.35,2,39.89,2005-08-23,11,2,2005-08-17,2
9.17,Dhule (Dhulia),1.0,1.0,India,440,BERNARD COLBY,3.16,22,28.94,2005-08-02,6,2,2005-07-27,2
9.17,Kuwana,0.8,1.0,Japan,531,JAMIE WAUGH,4.79,2,43.92,2005-08-04,8,2,2005-07-29,2
9.17,Naju,0.6,1.0,South Korea,237,TANYA GILBERT,4.79,1,43.91,2005-08-23,9,2,2005-08-17,2
9.17,Tongliao,0.8,1.0,China,442,LEROY BUSTAMANTE,3.59,11,32.92,2005-08-03,8,2,2005-07-28,2
9.18,Merlo,1.14,1.0,Argentina,107,FLORENCE WOODS,4.13,2,37.92,2005-08-01,8,2,2005-07-26,2
9.18,Onomichi,0.88,1.0,Japan,337,JERRY JORDON,4.24,9,38.93,2005-08-24,7,2,2005-08-18,2
9.19,Kumbakonam,1.0,1.0,India,271,PENNY NEAL,2.82,10,25.94,2005-08-04,6,2,2005-07-29,2
9.2,Cabuyao,0.63,1.0,Philippines,371,BILLY POULIN,3.37,7,30.95,2005-08-03,5,1,2005-07-28,1
9.2,Songkhla,0.88,1.0,Thailand,86,JACQUELINE LONG,4.99,2,45.93,2005-08-03,7,2,2005-07-28,2
9.21,Sogamoso,3.0,1.0,Colombia,490,SAM MCDUFFIE,4.66,1,42.91,2005-07-13,9,2,2005-07-07,2
9.21,Vila Velha,1.71,1.0,Brazil,39,DEBRA NELSON,5.85,3,53.88,2005-08-04,12,2,2005-07-29,2
9.22,Bhusawal,1.25,1.0,India,202,CARLA GUTIERREZ,2.49,7,22.95,2005-07-12,5,2,2005-07-06,2
9.22,Lungtan,1.22,1.0,Taiwan,30,MELISSA KING,4.43,5,40.89,2005-08-02,11,2,2005-07-27,2
9.22,Pontianak,0.64,1.0,Indonesia,506,LESLIE SEWARD,3.35,2,30.93,2005-08-26,7,2,2005-08-20,2
9.22,Sawhaj,1.5,1.0,Egypt,423,ALFRED CASILLAS,2.49,1,22.97,2005-06-25,3,2,2005-06-19,2
9.23,Citrus Heights,1.5,1.0,United States,14,BETTY WHITE,4.32,6,39.91,2005-08-03,9,2,2005-07-28,2
9.23,Lincoln,0.55,1.0,United States,63,ASHLEY RICHARDSON,3.35,4,30.94,2005-08-25,6,1,2005-08-19,1
9.23,Tabora,2.67,1.0,Tanzania,190,YOLANDA WEAVER,4.32,2,39.92,2005-08-02,8,2,2005-07-27,2
9.24,Imus,0.64,1.0,Philippines,349,JOE GILLILAND,4.54,2,41.93,2005-08-25,7,2,2005-08-19,2
9.24,Loja,1.75,1.0,Ecuador,589,TRACY HERRMANN,3.24,2,29.93,2005-08-02,7,2,2005-07-27,2
9.24,Meixian,0.6,1.0,China,90,RUBY WASHINGTON,3.89,6,35.94,2005-08-05,6,2,2005-07-30,2
9.25,Alvorada,2.0,1.0,Brazil,551,CLAYTON BARBEE,3.99,7,36.9,2005-08-23,10,2,2005-08-17,2
9.25,Tongliao,1.25,1.0,China,442,LEROY BUSTAMANTE,3.99,17,36.9,2005-08-02,10,2,2005-07-27,2
9.26,Carmen,1.0,1.0,Mexico,578,WILLARD LUMPKIN,3.99,1,36.93,2005-08-03,7,2,2005-07-28,2
9.26,London,1.25,1.0,United Kingdom,512,CECIL VINES,4.74,1,43.9,2005-08-25,10,2,2005-08-19,2
9.26,Mannheim,1.29,1.0,Germany,196,ALMA AUSTIN,4.42,1,40.91,2005-08-04,9,2,2005-07-29,2
9.26,Siegen,1.17,1.0,Germany,195,VANESSA SIMS,3.99,2,36.93,2005-08-04,7,2,2005-07-29,2
9.27,A Corua (La Corua),0.64,1.0,Spain,52,JULIE SANCHEZ,3.44,2,31.93,2005-08-24,7,2,2005-08-18,2
9.27,Ciomas,1.5,1.0,Indonesia,239,MINNIE ROMERO,3.66,3,33.91,2005-08-02,9,2,2005-07-27,2
9.27,Songkhla,1.14,1.0,Thailand,86,JACQUELINE LONG,5.28,2,48.92,2005-08-02,8,2,2005-07-27,2
9.28,Datong,1.0,0.9666666666666667,China,260,CHRISTY VARGAS,3.55,3,32.91,2005-08-25,9,2,2005-08-19,2
9.29,Lancaster,1.6,1.0,United States,112,ROSA REYNOLDS,4.19,5,38.92,2005-08-05,8,2,2005-07-30,2
9.29,Lengshuijiang,0.8,1.0,China,267,MARGIE WADE,4.19,5,38.92,2005-08-24,8,2,2005-08-18,2
9.29,Probolinggo,0.92,1.0,Indonesia,372,STEVE MACKENZIE,5.16,4,47.89,2005-08-23,11,2,2005-08-17,2
9.29,Richmond Hill,0.75,1.0,Canada,410,CURTIS IRBY,3.12,1,28.94,2005-07-15,6,2,2005-07-09,2
9.29,Sawhaj,0.67,1.0,Egypt,423,ALFRED CASILLAS,3.55,2,32.94,2005-08-03,6,2,2005-07-28,2
9.29,Tambaram,0.75,1.0,India,287,BECKY MILES,3.12,7,28.94,2005-08-05,6,2,2005-07-30,2
9.3,Soshanguve,0.78,1.0,South Africa,145,LUCILLE HOLMES,3.43,2,31.93,2005-08-24,7,2,2005-08-18,2
9.31,La Plata,1.67,1.0,Argentina,89,JULIA FLORES,3.32,2,30.95,2005-06-21,5,2,2005-06-15,2
9.32,Maracabo,1.8,1.0,Venezuela,453,CALVIN MARTEL,4.39,1,40.91,2005-08-24,9,2,2005-08-18,2
9.33,Bhimavaram,1.43,1.0,India,529,ERIK GUILLEN,4.7,14,43.9,2005-08-24,10,2,2005-08-18,2
9.33,Laredo,0.5,1.0,United States,6,JENNIFER DAVIS,2.89,1,26.95,2005-08-26,5,2,2005-08-20,2
9.33,Lengshuijiang,2.25,1.0,China,267,MARGIE WADE,3.74,10,34.91,2005-08-03,9,2,2005-07-28,2
9.34,Baku,0.56,1.0,Azerbaijan,333,ANDREW PURDY,3.1,1,28.95,2005-08-05,5,2,2005-07-30,2
9.34,Changzhou,0.43,1.0,China,197,SUE PETERS,3.42,3,31.94,2005-08-26,6,2,2005-08-20,2
9.34,Changzhou,0.67,1.0,China,197,SUE PETERS,3.74,12,34.92,2005-08-23,8,2,2005-08-17,2
9.34,Gulbarga,0.78,1.0,India,370,WAYNE TRUONG,2.99,13,27.93,2005-08-24,7,2,2005-08-18,2
9.34,Kuwana,6.0,1.0,Japan,531,JAMIE WAUGH,2.99,5,27.94,2005-07-12,6,2,2005-07-06,2
9.34,Monywa,1.0,1.0,Myanmar,256,MABEL HOLLAND,2.99,1,27.94,2005-06-23,6,2,2005-06-17,2
9.34,Qalyub,1.5,1.0,Egypt,134,EMMA BOYD,2.99,1,27.94,2005-08-03,6,2,2005-07-28,2
9.34,Sambhal,2.0,1.0,India,217,AGNES BISHOP,3.74,9,34.92,2005-08-04,8,2,2005-07-29,2
9.34,San Felipe de Puerto Plata,1.0,1.0,Dominican Republic,418,JEFF EAST,3.74,1,34.92,2005-08-05,8,2,2005-07-30,2
9.34,Santo Andr,0.43,1.0,Brazil,354,JUSTIN NGO,3.2,2,29.94,2005-08-04,6,2,2005-07-29,2
9.34,Smolensk,1.75,1.0,Russian Federation,127,ELAINE STEVENS,4.49,9,41.93,2005-08-03,7,2,2005-07-28,2
9.34,Ueda,2.0,1.0,Japan,503,ANGEL BARCLAY,2.99,4,27.94,2005-07-12,6,2,2005-07-06,2
9.34,Yuncheng,2.67,1.0,China,154,MICHELE GRANT,2.99,8,27.92,2005-07-12,8,2,2005-07-06,2
9.35,Apeldoorn,0.6,1.0,Netherlands,137,RHONDA KENNEDY,5.12,1,47.91,2005-08-25,9,2,2005-08-19,2
9.35,Guaruj,1.6,1.0,Brazil,427,JESUS MCCARTNEY,4.59,2,42.92,2005-08-01,8,2,2005-07-26,2
9.35,Pak Kret,0.73,1.0,Thailand,42,CAROLYN PEREZ,3.63,1,33.92,2005-08-04,8,2,2005-07-29,2
9.35,Suihua,0.86,1.0,China,511,CHESTER BENNER,2.56,9,23.94,2005-08-03,6,2,2005-07-28,2
9.36,Bhimavaram,0.38,1.0,India,529,ERIK GUILLEN,2.24,1,20.97,2005-07-18,3,2,2005-07-12,2
9.37,Kakamigahara,0.5,1.0,Japan,163,CATHY SPENCER,3.09,2,28.95,2005-08-26,5,2,2005-08-20,2
9.38,Lublin,1.0,1.0,Poland,501,RUBEN GEARY,1.49,1,13.98,2005-06-27,2,2,2005-06-21,2
9.38,Tegal,2.33,1.0,Indonesia,458,LLOYD DOWD,2.66,3,24.93,2005-08-23,7,2,2005-08-17,2
9.39,Xiangfan,0.64,1.0,China,241,HEIDI LARSON,3.08,8,28.93,2005-08-03,7,2,2005-07-28,2
9.4,Apeldoorn,2.5,1.0,Netherlands,137,RHONDA KENNEDY,4.99,1,46.9,2005-07-12,10,2,2005-07-06,2
9.4,Bhimavaram,1.83,1.0,India,529,ERIK GUILLEN,4.99,11,46.89,2005-08-23,11,2,2005-08-17,2
9.4,Sorocaba,0.82,1.0,Brazil,314,GEORGE LINTON,4.35,5,40.91,2005-08-25,9,2,2005-08-19,2
9.4,Tama,0.6,1.0,Japan,385,PHILLIP HOLM,3.29,7,30.94,2005-08-23,6,2,2005-08-17,2
9.41,Angra dos Reis,1.29,1.0,Brazil,307,JOSEPH JOY,4.56,4,42.91,2005-08-02,9,1,2005-07-27,1
9.42,Baybay,0.7,1.0,Philippines,71,KATHY JAMES,3.39,3,31.93,2005-08-24,7,2,2005-08-18,2
9.42,Graz,1.6,1.0,Austria,173,AUDREY RAY,3.39,2,31.92,2005-07-12,8,2,2005-07-06,2
9.42,Omdurman,1.5,1.0,Sudan,50,DIANE COLLINS,5.62,1,52.88,2005-08-03,12,2,2005-07-28,2
9.42,Sogamoso,2.0,1.0,Colombia,490,SAM MCDUFFIE,4.24,1,39.92,2005-07-14,8,2,2005-07-08,2
9.42,Zhoushan,1.6,1.0,China,550,GUY BROWNLEE,3.39,8,31.92,2005-08-04,8,2,2005-07-29,2
9.43,Bchar,2.25,1.0,Algeria,69,JUDY GRAY,3.49,2,32.91,2005-08-23,9,2,2005-08-17,2
9.43,Bhavnagar,3.67,1.0,India,379,CARLOS COUGHLIN,4.66,12,43.89,2005-08-24,11,2,2005-08-18,2
9.43,Hami,4.0,1.0,China,165,LORRAINE STEPHENS,3.49,7,32.92,2005-07-12,8,2,2005-07-06,2
9.44,A Corua (La Corua),2.0,1.0,Spain,52,JULIE SANCHEZ,3.59,3,33.9,2005-08-02,10,2,2005-07-27,2
9.45,Klerksdorp,0.67,1.0,South Africa,109,EDNA WEST,2.32,4,21.96,2005-08-23,4,2,2005-08-17,2
9.45,Leshan,0.47,1.0,China,569,DAVE GARDINER,3.59,2,33.93,2005-08-26,7,2,2005-08-20,2
9.45,Sokoto,1.6,1.0,Nigeria,562,WALLACE SLONE,3.59,4,33.92,2005-08-23,8,2,2005-08-17,2
9.45,Yuzhou,0.86,1.0,China,324,GARY COY,3.28,16,30.94,2005-08-02,6,2,2005-07-27,2
9.46,Pune,0.8,1.0,India,135,JUANITA MASON,3.69,8,34.92,2005-08-04,8,2,2005-07-29,2
9.47,Koriyama,1.5,1.0,Japan,401,TONY CARRANZA,2.74,3,25.94,2005-08-03,6,2,2005-07-28,2
9.47,Southend-on-Sea,1.25,1.0,United Kingdom,16,SANDRA MARTIN,2.74,1,25.95,2005-06-23,5,2,2005-06-17,2
9.47,ostka,1.25,1.0,Ukraine,475,PEDRO CHESTNUT,4.74,1,44.9,2005-08-03,10,2,2005-07-28,2
9.48,Poos de Caldas,1.17,1.0,Brazil,254,MAXINE SILVA,3.16,1,29.93,2005-07-15,7,2,2005-07-09,2
9.49,Uluberia,0.8,1.0,India,446,THEODORE CULP,3.89,7,36.92,2005-08-04,8,2,2005-07-29,2
9.5,Amroha,4.5,1.0,India,534,CHRISTIAN JUNG,3.99,21,37.91,2005-08-02,9,2,2005-07-27,2
9.5,Asuncin,2.5,1.0,Paraguay,226,MAUREEN LITTLE,3.99,1,37.9,2005-08-24,10,2,2005-08-18,2
9.5,Blumenau,2.67,1.0,Brazil,206,TERRI VASQUEZ,3.99,5,37.92,2005-07-12,8,2,2005-07-06,2
9.5,Mardan,1.6,1.0,Pakistan,20,SHARON ROBINSON,3.99,1,37.92,2005-08-02,8,2,2005-07-27,2
9.5,Memphis,1.25,1.0,United States,181,ANA BRADLEY,5.99,4,56.9,2005-08-05,10,2,2005-07-30,2
9.5,Ogbomosho,0.6,1.0,Nigeria,277,OLGA JIMENEZ,3.89,2,36.94,2005-08-26,6,2,2005-08-20,2
9.5,Peoria,1.22,1.0,United States,275,CAROLE BARNETT,3.99,3,37.89,2005-08-25,11,2,2005-08-19,2
9.5,Sambhal,3.0,1.0,India,217,AGNES BISHOP,3.99,20,37.91,2005-08-02,9,2,2005-07-27,2
9.51,Araatuba,1.4,1.0,Brazil,77,JANE BENNETT,1.99,1,18.93,2005-08-05,7,2,2005-07-30,2
9.51,Bijapur,0.88,1.0,India,468,TIM CARY,3.99,19,37.93,2005-08-02,7,2,2005-07-27,2
9.51,Etawah,0.5,1.0,India,121,JOSEPHINE GOMEZ,3.99,1,37.93,2005-08-27,7,2,2005-08-21,2
9.52,Laredo,1.0,1.0,United States,6,JENNIFER DAVIS,1.99,2,18.95,2005-07-13,5,2,2005-07-07,2
9.52,s-Hertogenbosch,2.5,1.0,Netherlands,184,VIVIAN RUIZ,1.99,1,18.95,2005-07-13,5,2,2005-07-07,2
9.53,Siegen,1.6,1.0,Germany,195,VANESSA SIMS,4.19,2,39.92,2005-08-02,8,2,2005-07-27,2
9.53,Uttarpara-Kotrung,1.8,1.0,India,231,GEORGIA JACOBS,4.19,10,39.91,2005-08-23,9,2,2005-08-17,2
9.55,Amroha,2.67,1.0,India,534,CHRISTIAN JUNG,3.66,11,34.92,2005-08-03,8,2,2005-07-28,2
9.55,Fengshan,1.0,1.0,Taiwan,576,MORRIS MCCARTER,3.87,2,36.92,2005-08-05,8,2,2005-07-30,2
9.55,Gingoog,1.8,1.0,Philippines,461,DEREK BLAKELY,2.19,6,20.91,2005-08-03,9,2,2005-07-28,2
9.55,Lincoln,0.89,1.0,United States,63,ASHLEY RICHARDSON,3.66,8,34.92,2005-08-24,8,2,2005-08-18,2
9.55,Manchester,0.83,1.0,United States,382,VICTOR BARKLEY,2.82,3,26.95,2005-08-05,5,2,2005-07-30,2
9.55,Mysore,2.33,1.0,India,59,CHERYL MURPHY,3.66,6,34.93,2005-07-13,7,2,2005-07-07,2
9.55,Pontianak,1.0,1.0,Indonesia,506,LESLIE SEWARD,3.66,2,34.91,2005-08-25,9,2,2005-08-19,2
9.56,Coatzacoalcos,0.83,1.0,Mexico,482,MAURICE CRAWLEY,3.66,1,34.95,2005-07-16,5,2,2005-07-10,2
9.58,Atinsk,1.0,1.0,Russian Federation,397,JIMMY SCHRADER,3.43,4,32.91,2005-08-24,9,2,2005-08-18,2
9.59,Jhansi,0.78,1.0,India,32,AMY LOPEZ,3.43,18,32.93,2005-08-02,7,2,2005-07-27,2
9.59,Molodetno,2.0,1.0,Belarus,144,CLARA SHAW,6.87,2,65.84,2005-08-02,16,2,2005-07-27,2
9.6,Usolje-Sibirskoje,1.83,1.0,Russian Federation,462,WARREN SHERROD,4.99,6,47.89,2005-08-02,11,2,2005-07-27,2
9.6,Zeleznogorsk,3.0,1.0,Russian Federation,351,JACK FOUST,3.32,4,31.91,2005-07-12,9,2,2005-07-06,2
9.62,Ahmadnagar,2.5,1.0,India,297,SHERRI RHODES,2.49,4,23.95,2005-06-21,5,2,2005-06-15,2
9.62,Nezahualcyotl,1.0,1.0,Mexico,115,WENDY HARRISON,3.21,7,30.91,2005-08-02,9,2,2005-07-27,2
9.62,Oyo,1.25,1.0,Nigeria,250,JO FOWLER,2.49,5,23.95,2005-08-25,5,2,2005-08-19,2
9.62,Pjatigorsk,0.46,1.0,Russian Federation,487,HECTOR POINDEXTER,3.53,1,33.94,2005-08-06,6,2,2005-07-31,2
9.63,Botshabelo,0.89,1.0,South Africa,132,ESTHER CRAWFORD,3.21,1,30.92,2005-07-14,8,2,2005-07-08,2
9.63,Cianjur,1.67,1.0,Indonesia,411,NORMAN CURRIER,1.66,1,15.95,2005-07-12,5,2,2005-07-06,2
9.63,Hanoi,0.82,1.0,Vietnam,340,PATRICK NEWSOM,3.63,2,34.91,2005-08-24,9,2,2005-08-18,2
9.63,Santo Andr,0.82,1.0,Brazil,354,JUSTIN NGO,3.63,3,34.91,2005-08-02,9,2,2005-07-27,2
9.63,Satna,0.67,1.0,India,356,GERALD FULTZ,3.21,6,30.94,2005-08-05,6,2,2005-07-30,2
9.63,Sorocaba,1.22,1.0,Brazil,314,GEORGE LINTON,4.77,6,45.89,2005-08-23,11,2,2005-08-17,2
9.64,Apeldoorn,0.5,1.0,Netherlands,137,RHONDA KENNEDY,4.87,1,46.92,2005-08-26,8,2,2005-08-20,2
9.64,Mukateve,1.38,1.0,Ukraine,131,MONICA HICKS,4.24,2,40.89,2005-08-23,11,2,2005-08-17,2
9.64,Rustenburg,1.0,1.0,South Africa,407,DALE RATCLIFF,1.66,1,15.97,2005-07-15,3,2,2005-07-09,2
9.65,Hsichuh,0.83,1.0,Taiwan,348,ROGER QUINTANILLA,4.24,2,40.9,2005-08-25,10,2,2005-08-19,2
9.65,Mogiljov,1.6,1.0,Belarus,527,CORY MEEHAN,2.79,1,26.92,2005-08-02,8,2,2005-07-27,2
9.66,Katihar,0.8,1.0,India,419,CHAD CARBONE,2.89,10,27.92,2005-08-03,8,2,2005-07-28,2
9.67,Salzburg,2.17,1.0,Austria,266,NORA HERRERA,5.16,1,49.87,2005-08-23,13,2,2005-08-17,2
9.67,Teboksary,4.0,1.0,Russian Federation,350,JUAN FRALEY,2.99,4,28.92,2005-08-23,8,2,2005-08-17,2
9.68,Dongying,5.0,0.9565217391304348,China,466,LEO EBERT,2.99,3,28.95,2005-06-22,5,2,2005-06-16,2
9.68,Fengshan,2.0,1.0,Taiwan,576,MORRIS MCCARTER,2.99,2,28.94,2005-06-22,6,2,2005-06-16,2
9.68,Vijayawada,2.4,1.0,India,508,MILTON HOWLAND,6.39,17,61.88,2005-08-02,12,2,2005-07-27,2
9.69,Cape Coral,3.0,1.0,United States,526,KARL SEAL,4.32,1,41.91,2005-06-21,9,2,2005-06-15,2
9.69,Fontana,0.77,1.0,United States,51,ALICE STEWART,3.91,7,37.9,2005-08-24,10,2,2005-08-18,2
9.7,Tanza,1.2,1.0,Philippines,236,MARCIA DEAN,3.19,1,30.94,2005-06-23,6,2,2005-06-17,2
9.71,Bergamo,0.67,1.0,Italy,439,ALEXANDER FENNELL,3.91,1,37.92,2005-08-25,8,2,2005-08-19,2
9.71,Probolinggo,1.25,1.0,Indonesia,372,STEVE MACKENZIE,5.24,2,50.9,2005-08-03,10,2,2005-07-28,2
9.72,Korla,2.2,1.0,China,283,FELICIA SUTTON,3.59,6,34.89,2005-07-12,11,2,2005-07-06,2
9.72,Munger (Monghyr),1.0,1.0,India,28,CYNTHIA YOUNG,3.49,6,33.92,2005-08-04,8,2,2005-07-29,2
9.73,Balikesir,0.64,1.0,Turkey,366,BRANDON HUEY,4.2,3,40.91,2005-08-03,9,2,2005-07-28,2
9.73,Bhilwara,0.82,1.0,India,209,TONYA CHAPMAN,4.72,9,45.91,2005-08-03,9,2,2005-07-28,2
9.73,Lungtan,1.6,1.0,Taiwan,30,MELISSA KING,3.59,2,34.92,2005-07-14,8,2,2005-07-08,2
9.74,Crdoba,0.86,1.0,Argentina,24,KIMBERLY LEE,2.56,1,24.94,2005-08-24,6,2,2005-08-18,2
9.74,Jastrzebie-Zdrj,1.0,1.0,Poland,128,MARJORIE TUCKER,3.89,1,37.9,2005-08-25,10,2,2005-08-19,2
9.74,Kumbakonam,0.71,1.0,India,271,PENNY NEAL,2.56,1,24.95,2005-08-06,5,2,2005-07-31,2
9.74,Mukateve,0.9,1.0,Ukraine,131,MONICA HICKS,3.79,2,36.91,2005-08-24,9,2,2005-08-18,2
9.74,Tanza,0.67,1.0,Philippines,236,MARCIA DEAN,4.41,2,42.92,2005-08-22,8,2,2005-08-16,2
9.75,Abha,1.5,1.0,Saudi Arabia,101,PEGGY MYERS,3.99,1,38.91,2005-08-02,9,2,2005-07-27,2
9.75,Iligan,1.0,1.0,Philippines,580,ROSS GREY,1.74,1,16.96,2005-07-14,4,2,2005-07-08,2
9.75,Najafabad,1.57,1.0,Iran,368,HARRY ARCE,4.7,3,45.89,2005-08-23,11,2,2005-08-17,2
9.75,Roanoke,1.8,1.0,United States,291,TONI HOLT,3.99,7,38.91,2005-08-02,9,2,2005-07-27,2
9.75,Sungai Petani,0.53,1.0,Malaysia,306,CHARLES KOWALSKI,3.99,2,38.92,2005-08-24,8,2,2005-08-18,2
9.77,Dzerzinsk,0.83,1.0,Russian Federation,430,RAY HOULE,2.66,1,25.95,2005-07-15,5,2,2005-07-09,2
9.78,Tiefa,1.0,1.0,China,302,MICHAEL SILVERMAN,4.59,11,44.9,2005-08-23,10,2,2005-08-17,2
9.79,Baiyin,1.6,1.0,China,495,CHARLIE BESS,4.59,7,44.92,2005-08-04,8,2,2005-07-29,2
9.8,Robamba,0.75,1.0,Ecuador,494,RAMON CHOATE,4.07,1,39.91,2005-08-05,9,2,2005-07-30,2
9.8,Tandil,0.56,1.0,Argentina,405,LEONARD SCHOFIELD,2.55,1,24.95,2005-08-05,5,2,2005-07-30,2
9.81,Tiefa,1.0,1.0,China,302,MICHAEL SILVERMAN,3.87,6,37.92,2005-08-04,8,2,2005-07-29,2
9.82,Xiangfan,1.0,1.0,China,241,HEIDI LARSON,3.66,4,35.91,2005-08-24,9,2,2005-08-18,2
9.83,Beira,2.33,1.0,Mozambique,257,MARSHA DOUGLAS,5.99,1,58.86,2005-08-02,14,2,2005-07-27,2
9.84,Akron,0.89,1.0,United States,479,ZACHARY HITE,4.77,6,46.92,2005-08-02,8,2,2005-07-27,2
9.84,Changzhou,0.45,0.9565217391304348,China,197,SUE PETERS,2.54,2,24.95,2005-06-22,5,2,2005-06-16,2
9.84,Pjatigorsk,0.36,1.0,Russian Federation,487,HECTOR POINDEXTER,3.35,1,32.95,2005-08-07,5,2,2005-08-01,2
9.85,Pune,0.64,1.0,India,135,JUANITA MASON,3.44,5,33.93,2005-08-05,7,2,2005-07-30,2
9.86,Sal,1.33,1.0,Morocco,22,LAURA RODRIGUEZ,4.66,1,45.92,2005-08-25,8,2,2005-08-19,2
9.86,Siliguri (Shiliguri),1.5,0.9705882352941176,India,502,BRETT CORNWELL,3.24,2,31.94,2005-07-14,6,2,2005-07-08,2
9.86,Usolje-Sibirskoje,0.69,1.0,Russian Federation,462,WARREN SHERROD,4.45,3,43.91,2005-08-24,9,2,2005-08-18,2
9.86,Zaria,1.14,1.0,Nigeria,232,CONSTANCE REID,3.85,3,37.92,2005-08-04,8,2,2005-07-29,2
9.87,Baicheng,1.13,1.0,China,538,TED BREAUX,3.74,7,36.91,2005-08-03,9,2,2005-07-28,2
9.87,El Fuerte,2.33,1.0,Mexico,451,JIM REA,2.32,2,22.93,2005-06-21,7,2,2005-06-15,2
9.87,Robamba,0.62,1.0,Ecuador,494,RAMON CHOATE,4.45,2,43.92,2005-08-23,8,2,2005-08-17,2
9.87,Touliu,2.0,1.0,Taiwan,139,AMBER DIXON,3.74,1,36.92,2005-07-14,8,2,2005-07-08,2
9.88,Cuman,1.67,1.0,Venezuela,113,CINDY FISHER,2.32,1,22.95,2005-06-24,5,2,2005-06-18,2
9.88,Naju,1.43,1.0,South Korea,237,TANYA GILBERT,4.85,3,47.9,2005-08-04,10,2,2005-07-29,2
9.88,Tychy,0.69,1.0,Poland,380,RUSSELL BRINSON,3.84,2,37.91,2005-08-24,9,2,2005-08-18,2
9.89,Sirjan,2.0,1.0,Iran,449,OSCAR AQUINO,4.24,4,41.92,2005-08-03,8,2,2005-07-28,2
9.89,Surakarta,1.33,1.0,Indonesia,450,JAY ROBB,2.82,1,27.92,2005-08-25,8,2,2005-08-19,2
9.9,San Bernardino,1.38,1.0,United States,2,PATRICIA JOHNSON,5.24,2,51.89,2005-08-05,11,2,2005-07-30,2
9.9,Xiangfan,1.0,1.0,China,241,HEIDI LARSON,3.32,15,32.91,2005-08-02,9,2,2005-07-27,2
9.91,Ciparay,1.67,1.0,Indonesia,328,JEFFREY SPEAR,3.82,1,37.9,2005-08-24,10,2,2005-08-18,2
9.92,Qinhuangdao,1.33,1.0,China,242,GLENDA FRAZIER,3.82,5,37.92,2005-08-04,8,2,2005-07-29,2
9.95,Jodhpur,1.14,1.0,India,224,PEARL GARZA,2.7,8,26.92,2005-08-25,8,2,2005-08-19,2
9.96,Beira,0.86,1.0,Mozambique,257,MARSHA DOUGLAS,4.2,1,41.88,2005-08-23,12,2,2005-08-17,2
9.96,Boksburg,0.73,1.0,South Africa,125,ETHEL WEBB,3.81,2,37.92,2005-08-05,8,2,2005-07-30,2
9.97,Sharja,1.43,1.0,United Arab Emirates,292,MISTY LAMBERT,4.7,1,46.9,2005-08-02,10,2,2005-07-27,2
9.99,Maikop,1.63,1.0,Russian Federation,346,ARTHUR SIMPKINS,5.99,4,59.87,2005-08-04,13,2,2005-07-29,2
