amount_excess,city_name,count_excess,country_name,customer_id,customer_name,distinct_staff_count,distinct_store_count,monthly_excess_rank,payment_month,prev30_avg_7d_amount,prev30_avg_7d_payment_count,window_amount,window_end,window_payment_count,window_start
10.0,Jodhpur,2.93,India,224,PEARL GARZA,2,2,520,2005-07,4.96,1.07,14.96,2005-07-11,4,2005-07-05
10.01,Ponce,2.8,Puerto Rico,282,JENNY CASTRO,2,2,124,2005-06,3.95,1.2,13.96,2005-06-23,4,2005-06-17
10.08,Goinia,2.07,Brazil,92,TINA SIMMONS,2,2,123,2005-06,4.89,0.93,14.97,2005-06-23,3,2005-06-17
10.13,Rio Claro,3.3,Brazil,74,DENISE KELLY,2,2,122,2005-06,2.83,0.7,12.96,2005-06-23,4,2005-06-17
10.14,Aparecida de Goinia,2.2,Brazil,216,NATALIE MEYER,2,2,519,2005-07,4.83,0.8,14.97,2005-07-30,3,2005-07-24
10.2,Palghat (Palakkad),3.63,India,268,NINA SOTO,2,2,121,2005-06,4.75,1.37,14.95,2005-06-23,5,2005-06-17
10.37,Barcelona,3.33,Venezuela,568,ALBERTO HENNING,2,2,120,2005-06,2.59,0.67,12.96,2005-06-23,4,2005-06-17
10.49,Tallahassee,3.97,United States,248,CAROLINE BOWMAN,2,2,518,2005-07,2.46,1.03,12.95,2005-07-12,5,2005-07-06
10.61,Halifax,2.27,Canada,463,DARRELL POWER,2,2,119,2005-06,2.36,0.73,12.97,2005-06-23,3,2005-06-17
10.64,Mahajanga,2.2,Madagascar,81,ANDREA HENDERSON,2,2,517,2005-07,3.33,0.8,13.97,2005-07-09,3,2005-07-03
10.67,Korla,3.37,China,283,FELICIA SUTTON,2,2,536,2005-08,4.28,1.63,14.95,2005-08-19,5,2005-08-13
10.68,Berhampore (Baharampur),2.33,India,413,MARVIN YEE,2,2,516,2005-07,3.29,0.67,13.97,2005-07-10,3,2005-07-04
10.68,Mwene-Ditu,2.13,"Congo, The Democratic Republic of the",375,AARON SELBY,2,2,515,2005-07,4.29,0.87,14.97,2005-07-09,3,2005-07-03
10.71,al-Ayn,2.77,United Arab Emirates,98,LILLIAN GRIFFIN,2,2,118,2005-06,5.25,1.23,15.96,2005-06-23,4,2005-06-17
10.74,Mandi Bahauddin,3.1,Pakistan,223,MELINDA FERNANDEZ,2,2,514,2005-07,4.22,0.9,14.96,2005-07-11,4,2005-07-05
10.75,Vilnius,5.03,Lithuania,557,FELIX GAFFNEY,2,2,513,2005-07,3.19,0.97,13.94,2005-07-12,6,2005-07-06
10.91,Fuzhou,2.47,China,281,LEONA OBRIEN,2,2,512,2005-07,3.06,0.53,13.97,2005-07-09,3,2005-07-03
10.97,Chisinau,3.33,Moldova,38,MARTHA GONZALEZ,2,2,117,2005-06,1.99,0.67,12.96,2005-06-23,4,2005-06-17
10.99,Beni-Mellal,4.03,Morocco,543,LANCE PEMBERTON,2,2,511,2005-07,3.96,0.97,14.95,2005-07-31,5,2005-07-25
11.0,Tabora,3.1,Tanzania,190,YOLANDA WEAVER,2,2,510,2005-07,3.96,0.9,14.96,2005-07-29,4,2005-07-23
11.08,Korla,2.1,China,283,FELICIA SUTTON,2,2,116,2005-06,2.89,0.9,13.97,2005-06-23,3,2005-06-17
11.11,Zapopan,2.0,Mexico,465,FLOYD GANDY,2,2,115,2005-06,3.86,1.0,14.97,2005-06-23,3,2005-06-17
11.14,Mosul,2.6,Iraq,579,DARYL LARUE,2,2,114,2005-06,1.83,0.4,12.97,2005-06-23,3,2005-06-17
11.23,Bydgoszcz,3.37,Poland,318,BRIAN WYMAN,2,2,113,2005-06,3.73,0.63,14.96,2005-06-23,4,2005-06-17
11.48,Shanwei,2.5,China,424,KYLE SPURLOCK,2,2,112,2005-06,1.5,0.5,12.97,2005-06-23,3,2005-06-17
11.53,Bilbays,3.57,Egypt,559,EVERETT BANDA,2,2,111,2005-06,1.43,0.43,12.96,2005-06-23,4,2005-06-17
11.53,Idfu,3.3,Egypt,233,LILLIE KIM,2,2,110,2005-06,2.43,0.7,13.96,2005-06-23,4,2005-06-17
11.66,Toulouse,3.53,France,35,VIRGINIA GREEN,2,2,109,2005-06,5.29,1.47,16.95,2005-06-23,5,2005-06-17
11.7,Ranchi,3.8,India,358,SAMUEL MARLOW,2,2,108,2005-06,4.25,1.2,15.95,2005-06-23,5,2005-06-17
11.71,Tuguegarao,2.07,Philippines,261,DEANNA BYRD,2,2,509,2005-07,3.26,0.93,14.97,2005-07-31,3,2005-07-25
11.75,Oulu,4.73,Finland,298,ERIKA PENA,2,2,508,2005-07,5.19,1.27,16.94,2005-07-09,6,2005-07-03
11.77,Tieli,2.9,China,599,AUSTIN CINTRON,2,2,507,2005-07,5.19,1.1,16.96,2005-07-12,4,2005-07-06
11.78,Luzinia,2.13,Brazil,183,IDA ANDREWS,2,2,107,2005-06,2.19,0.87,13.97,2005-06-23,3,2005-06-17
11.78,Yerevan,1.8,Armenia,41,STEPHANIE MITCHELL,2,2,106,2005-06,1.2,0.2,12.98,2005-06-23,2,2005-06-17
11.93,Mogiljov,3.9,Belarus,527,CORY MEEHAN,2,2,506,2005-07,2.02,1.1,13.95,2005-07-11,5,2005-07-05
11.98,Denizli,2.47,Turkey,483,VERNON CHAPA,2,2,105,2005-06,2.99,0.53,14.97,2005-06-23,3,2005-06-17
12.0,Beni-Mellal,2.87,Morocco,543,LANCE PEMBERTON,2,2,104,2005-06,4.96,1.13,16.96,2005-06-23,4,2005-06-17
12.12,Valle de Santiago,4.27,Mexico,288,BOBBIE CRAIG,2,2,505,2005-07,2.83,0.73,14.95,2005-07-12,5,2005-07-06
12.13,Surakarta,3.53,Indonesia,450,JAY ROBB,2,2,103,2005-06,4.82,1.47,16.95,2005-06-23,5,2005-06-17
12.19,Jaipur,3.87,India,60,MILDRED BAILEY,2,2,504,2005-07,3.76,1.13,15.95,2005-07-31,5,2005-07-25
12.23,Manchester,3.77,United States,382,VICTOR BARKLEY,2,2,102,2005-06,3.72,1.23,15.95,2005-06-23,5,2005-06-17
12.24,Ljubertsy,3.0,Russian Federation,160,ERIN DUNN,2,2,503,2005-07,3.72,1.0,15.96,2005-07-12,4,2005-07-06
12.3,Molodetno,3.7,Belarus,144,CLARA SHAW,2,2,101,2005-06,4.65,1.3,16.95,2005-06-23,5,2005-06-17
12.31,Hino,2.67,Japan,194,KRISTEN CHAVEZ,2,2,502,2005-07,5.65,1.33,17.96,2005-07-10,4,2005-07-04
12.34,Laohekou,3.1,China,422,MELVIN ELLINGTON,2,2,100,2005-06,2.62,0.9,14.96,2005-06-23,4,2005-06-17
12.35,Lublin,1.4,Poland,501,RUBEN GEARY,2,2,99,2005-06,1.63,0.6,13.98,2005-06-23,2,2005-06-17
12.4,Kanchrapara,3.57,India,492,LESTER KRAUS,2,2,535,2005-08,1.56,0.43,13.96,2005-08-23,4,2005-08-17
12.51,Ede,2.0,Netherlands,341,PETER MENARD,2,2,501,2005-07,3.46,1.0,15.97,2005-07-29,3,2005-07-23
12.53,Sharja,3.2,United Arab Emirates,292,MISTY LAMBERT,2,2,98,2005-06,2.43,0.8,14.96,2005-06-23,4,2005-06-17
12.58,Zhezqazghan,2.23,Kazakstan,573,BYRON BOX,2,2,97,2005-06,3.39,0.77,15.97,2005-06-23,3,2005-06-17
12.59,London,4.67,United Kingdom,252,MATTIE HOFFMAN,2,2,500,2005-07,2.35,1.33,14.94,2005-07-30,6,2005-07-24
12.67,Xiangtan,2.77,China,67,KELLY TORRES,2,2,499,2005-07,4.29,1.23,16.96,2005-07-31,4,2005-07-25
12.7,Kilis,3.7,Turkey,143,LESLIE GORDON,2,2,96,2005-06,4.25,1.3,16.95,2005-06-23,5,2005-06-17
12.72,Aurora,4.67,United States,537,CLINTON BUFORD,2,2,498,2005-07,6.22,1.33,18.94,2005-07-11,6,2005-07-05
12.8,Vinh,3.53,Vietnam,523,HARVEY GUAJARDO,2,2,497,2005-07,6.15,1.47,18.95,2005-07-31,5,2005-07-25
12.84,Sokoto,2.77,Nigeria,562,WALLACE SLONE,2,2,95,2005-06,5.12,1.23,17.96,2005-06-23,4,2005-06-17
12.95,Hunuco,5.47,Peru,565,JAIME NETTLES,2,2,496,2005-07,5.98,1.53,18.93,2005-07-12,7,2005-07-06
13.07,Boa Vista,2.63,Brazil,342,HAROLD MARTINO,2,2,94,2005-06,1.9,0.37,14.97,2005-06-23,3,2005-06-17
13.08,Olomouc,2.3,Czech Republic,265,JENNIE TERRY,2,2,93,2005-06,2.89,0.7,15.97,2005-06-23,3,2005-06-17
13.11,Memphis,2.27,United States,181,ANA BRADLEY,2,2,92,2005-06,3.86,0.73,16.97,2005-06-23,3,2005-06-17
13.14,Sirjan,2.93,Iran,449,OSCAR AQUINO,2,2,495,2005-07,3.82,1.07,16.96,2005-07-10,4,2005-07-04
13.16,Talavera,3.67,Philippines,505,RAFAEL ABNEY,2,2,534,2005-08,4.79,1.33,17.95,2005-08-23,5,2005-08-17
13.21,Bydgoszcz,2.0,Poland,318,BRIAN WYMAN,2,2,494,2005-07,3.76,1.0,16.97,2005-07-07,3,2005-07-01
13.46,Anpolis,3.63,Brazil,229,TAMARA NGUYEN,2,2,91,2005-06,1.5,0.37,14.96,2005-06-23,4,2005-06-17
13.48,Cianjur,5.7,Indonesia,411,NORMAN CURRIER,2,2,533,2005-08,6.44,2.3,19.92,2005-08-02,8,2005-07-27
13.49,Kermanshah,4.5,Iran,377,HOWARD FORTNER,2,2,90,2005-06,1.46,0.5,14.95,2005-06-23,5,2005-06-17
13.54,Cavite,2.73,Philippines,388,CRAIG MORRELL,2,2,89,2005-06,6.42,1.27,19.96,2005-06-23,4,2005-06-17
13.6,Alessandria,3.0,Italy,33,ANNA HILL,2,2,493,2005-07,3.36,1.0,16.96,2005-07-30,4,2005-07-24
13.6,Nador,3.33,Morocco,40,AMANDA CARTER,2,2,88,2005-06,3.36,0.67,16.96,2005-06-23,4,2005-06-17
13.65,Stockport,2.07,United Kingdom,477,DAN PAINE,2,2,87,2005-06,5.32,0.93,18.97,2005-06-23,3,2005-06-17
13.71,al-Qadarif,5.2,Sudan,395,JOHNNY TURPIN,2,2,532,2005-08,3.23,0.8,16.94,2005-08-23,6,2005-08-17
13.75,Nukualofa,4.67,Tonga,344,HENRY BILLINGSLEY,2,2,531,2005-08,6.19,1.33,19.94,2005-08-22,6,2005-08-16
13.78,Portoviejo,2.17,Ecuador,262,PATSY DAVIDSON,2,2,86,2005-06,4.19,0.83,17.97,2005-06-23,3,2005-06-17
13.79,Cianjur,3.93,Indonesia,411,NORMAN CURRIER,2,2,492,2005-07,2.16,1.07,15.95,2005-07-10,5,2005-07-04
13.81,Cayenne,2.7,French Guiana,65,ROSE HOWARD,2,2,491,2005-07,5.15,1.3,18.96,2005-07-30,4,2005-07-24
13.87,Kaduna,2.73,Nigeria,18,CAROL GARCIA,2,2,489,2005-07,4.09,1.27,17.96,2005-07-30,4,2005-07-24
13.87,Smolensk,3.07,Russian Federation,127,ELAINE STEVENS,2,2,490,2005-07,4.09,0.93,17.96,2005-07-11,4,2005-07-05
13.89,guas Lindas de Gois,4.03,Brazil,130,CHARLOTTE HUNTER,2,2,488,2005-07,4.06,0.97,17.95,2005-07-31,5,2005-07-25
13.9,London,3.8,United Kingdom,512,CECIL VINES,2,2,487,2005-07,5.05,1.2,18.95,2005-07-30,5,2005-07-24
13.9,Ondo,3.7,Nigeria,156,BERTHA FERGUSON,2,2,486,2005-07,5.05,1.3,18.95,2005-07-12,5,2005-07-06
13.97,Yaound,3.5,Cameroon,361,LAWRENCE LAWTON,2,2,485,2005-07,3.99,1.5,17.95,2005-07-31,5,2005-07-25
14.02,Tarsus,5.07,Turkey,164,JOANN GARDNER,2,2,484,2005-07,4.92,0.93,18.94,2005-07-12,6,2005-07-06
14.07,guas Lindas de Gois,3.5,Brazil,130,CHARLOTTE HUNTER,2,2,85,2005-06,4.89,1.5,18.95,2005-06-23,5,2005-06-17
14.09,Dadu,4.83,Pakistan,416,JEFFERY PINSON,2,2,483,2005-07,4.86,1.17,18.94,2005-07-30,6,2005-07-24
14.1,Peoria,3.6,United States,275,CAROLE BARNETT,2,2,482,2005-07,4.85,1.4,18.95,2005-07-12,5,2005-07-06
14.11,Ife,2.67,Nigeria,80,MARILYN ROSS,2,2,84,2005-06,1.86,0.33,15.97,2005-06-23,3,2005-06-17
14.13,Enshi,3.37,China,110,TIFFANY JORDAN,2,2,481,2005-07,3.83,0.63,17.96,2005-07-11,4,2005-07-05
14.13,Valle de Santiago,7.13,Mexico,288,BOBBIE CRAIG,2,2,530,2005-08,5.78,1.87,19.91,2005-08-22,9,2005-08-16
14.16,Vinh,4.37,Vietnam,523,HARVEY GUAJARDO,2,2,529,2005-08,6.78,1.63,20.94,2005-08-01,6,2005-07-26
14.17,Addis Abeba,3.23,Ethiopia,392,SEAN DOUGLASS,2,2,480,2005-07,1.79,0.77,15.96,2005-07-29,4,2005-07-23
14.17,Urawa,2.97,Japan,147,JOANNE ROBERTSON,2,2,83,2005-06,2.79,1.03,16.96,2005-06-23,4,2005-06-17
14.2,Yamuna Nagar,3.67,India,12,NANCY THOMAS,2,2,82,2005-06,6.75,1.33,20.95,2005-06-23,5,2005-06-17
14.24,Sanaa,2.9,Yemen,303,WILLIAM SATTERFIELD,2,2,479,2005-07,5.72,1.1,19.96,2005-07-12,4,2005-07-06
14.27,Bradford,2.93,United Kingdom,85,ANNE POWELL,2,2,478,2005-07,2.69,1.07,16.96,2005-07-31,4,2005-07-25
14.31,Duisburg,5.43,Germany,114,GRACE ELLIS,2,2,477,2005-07,6.62,1.57,20.93,2005-07-11,7,2005-07-05
14.31,Vilnius,5.3,Lithuania,557,FELIX GAFFNEY,2,2,528,2005-08,4.62,1.7,18.93,2005-08-23,7,2005-08-17
14.32,Ciudad del Este,4.87,Paraguay,205,EILEEN CARR,2,2,527,2005-08,5.62,1.13,19.94,2005-08-22,6,2005-08-16
14.34,Isesaki,2.3,Japan,519,RON DELUCA,2,2,81,2005-06,3.63,0.7,17.97,2005-06-23,3,2005-06-17
14.36,Vaduz,3.8,Liechtenstein,57,EVELYN MORGAN,2,2,80,2005-06,6.59,1.2,20.95,2005-06-23,5,2005-06-17
14.37,Duisburg,2.77,Germany,114,GRACE ELLIS,2,2,79,2005-06,5.59,1.23,19.96,2005-06-23,4,2005-06-17
14.41,Cuernavaca,2.03,Mexico,575,ISAAC OGLESBY,2,2,475,2005-07,4.56,0.97,18.97,2005-07-12,3,2005-07-06
14.41,Salala,5.93,Oman,498,GENE SANBORN,2,2,476,2005-07,6.51,2.07,20.92,2005-07-11,8,2005-07-05
14.43,Songkhla,3.63,Thailand,86,JACQUELINE LONG,2,2,78,2005-06,4.52,1.37,18.95,2005-06-23,5,2005-06-17
14.44,Sal,3.03,Morocco,22,LAURA RODRIGUEZ,2,2,474,2005-07,4.52,0.97,18.96,2005-07-31,4,2005-07-25
14.47,Kumbakonam,2.67,India,271,PENNY NEAL,2,2,473,2005-07,3.49,1.33,17.96,2005-07-31,4,2005-07-25
14.48,Bislig,4.93,Philippines,94,NORMA GONZALES,2,2,526,2005-08,3.46,1.07,17.94,2005-08-23,6,2005-08-17
14.6,Ciparay,3.0,Indonesia,328,JEFFREY SPEAR,2,2,77,2005-06,4.36,1.0,18.96,2005-06-23,4,2005-06-17
14.62,Ranchi,4.7,India,358,SAMUEL MARLOW,2,2,525,2005-08,4.32,1.3,18.94,2005-08-02,6,2005-07-27
14.64,Garden Grove,2.87,United States,593,RENE MCALISTER,2,2,76,2005-06,6.32,1.13,20.96,2005-06-23,4,2005-06-17
14.74,Baiyin,2.93,China,495,CHARLIE BESS,2,2,75,2005-06,5.22,1.07,19.96,2005-06-23,4,2005-06-17
14.74,Clarksville,3.0,United States,140,EVA RAMOS,2,2,472,2005-07,4.22,1.0,18.96,2005-07-12,4,2005-07-06
14.74,Enshi,2.93,China,110,TIFFANY JORDAN,2,2,524,2005-08,3.22,1.07,17.96,2005-08-22,4,2005-08-16
14.76,Gulbarga,4.3,India,370,WAYNE TRUONG,2,2,471,2005-07,3.19,0.7,17.95,2005-07-29,5,2005-07-23
14.82,Shivapuri,4.4,India,68,NICOLE PETERSON,2,2,523,2005-08,7.12,1.6,21.94,2005-08-23,6,2005-08-17
14.91,Luzinia,5.37,Brazil,183,IDA ANDREWS,2,2,470,2005-07,5.02,1.63,19.93,2005-07-12,7,2005-07-06
14.93,Masqat,4.1,Oman,9,MARGARET MOORE,2,2,522,2005-08,6.01,1.9,20.94,2005-08-02,6,2005-07-27
14.99,Iwatsuki,3.97,Japan,396,EARL SHANKS,2,2,469,2005-07,4.96,1.03,19.95,2005-07-12,5,2005-07-06
15.11,Ktahya,2.77,Turkey,124,SHEILA WELLS,2,2,468,2005-07,5.85,1.23,20.96,2005-07-31,4,2005-07-25
15.17,Alvorada,2.87,Brazil,551,CLAYTON BARBEE,2,2,467,2005-07,3.79,1.13,18.96,2005-07-31,4,2005-07-25
15.17,Sincelejo,2.7,Colombia,87,WANDA PATTERSON,2,2,74,2005-06,5.79,1.3,20.96,2005-06-23,4,2005-06-17
15.23,Liaocheng,7.17,China,129,CARRIE PORTER,2,2,466,2005-07,5.68,1.83,20.91,2005-07-09,9,2005-07-03
15.3,Bhavnagar,2.97,India,379,CARLOS COUGHLIN,2,2,465,2005-07,5.66,1.03,20.96,2005-07-11,4,2005-07-05
15.3,Shivapuri,3.17,India,68,NICOLE PETERSON,2,2,73,2005-06,4.66,0.83,19.96,2005-06-23,4,2005-06-17
15.4,Bhopal,2.97,India,15,HELEN HARRIS,2,2,464,2005-07,4.56,1.03,19.96,2005-07-11,4,2005-07-05
15.43,Mardan,3.77,Pakistan,20,SHARON ROBINSON,2,2,463,2005-07,4.52,1.23,19.95,2005-07-11,5,2005-07-05
15.46,Kansas City,3.83,United States,308,THOMAS GRIGSBY,2,2,72,2005-06,4.49,1.17,19.95,2005-06-23,5,2005-06-17
15.47,Ashgabat,3.4,Turkmenistan,200,JEANNE LAWSON,2,2,462,2005-07,5.48,1.6,20.95,2005-07-31,5,2005-07-25
15.5,Zalantun,3.27,China,93,PHYLLIS FOSTER,2,2,461,2005-07,2.46,0.73,17.96,2005-07-12,4,2005-07-06
15.53,Bern,3.47,Switzerland,155,GAIL KNIGHT,2,2,460,2005-07,6.42,1.53,21.95,2005-07-31,5,2005-07-25
15.56,Amroha,4.33,India,534,CHRISTIAN JUNG,2,2,459,2005-07,2.39,0.67,17.95,2005-07-30,5,2005-07-24
15.57,London,6.27,United Kingdom,252,MATTIE HOFFMAN,2,2,521,2005-08,3.35,1.73,18.92,2005-08-01,8,2005-07-26
15.62,Antofagasta,4.57,Chile,45,JANET PHILLIPS,2,2,458,2005-07,5.32,1.43,20.94,2005-07-11,6,2005-07-05
15.63,Braslia,4.03,Brazil,325,TIMOTHY BUNN,2,2,457,2005-07,4.32,0.97,19.95,2005-07-12,5,2005-07-06
15.66,Ozamis,3.6,Philippines,434,EDDIE TOMLIN,2,2,71,2005-06,6.29,1.4,21.95,2005-06-23,5,2005-06-17
15.67,Sanaa,2.73,Yemen,303,WILLIAM SATTERFIELD,2,2,70,2005-06,5.29,1.27,20.96,2005-06-23,4,2005-06-17
15.7,Barcelona,6.5,Venezuela,568,ALBERTO HENNING,2,2,519,2005-08,4.22,1.5,19.92,2005-08-02,8,2005-07-27
15.7,Clarksville,3.63,United States,140,EVA RAMOS,2,2,520,2005-08,6.25,1.37,21.95,2005-08-02,5,2005-07-27
15.71,Taguig,5.37,Philippines,72,THERESA WATSON,2,2,456,2005-07,2.23,0.63,17.94,2005-07-11,6,2005-07-05
15.75,Nanyang,2.07,China,37,PAMELA BAKER,2,2,455,2005-07,4.22,0.93,19.97,2005-07-09,3,2005-07-03
15.79,Tangail,4.83,Bangladesh,21,MICHELLE CLARK,2,2,454,2005-07,4.16,1.17,19.94,2005-07-31,6,2005-07-25
15.81,Novi Sad,2.3,Yugoslavia,553,MAX PITT,2,2,69,2005-06,4.16,0.7,19.97,2005-06-23,3,2005-06-17
15.82,Angra dos Reis,4.27,Brazil,307,JOSEPH JOY,2,2,68,2005-06,7.12,1.73,22.94,2005-06-23,6,2005-06-17
15.83,Livorno,3.33,Italy,541,DARREN WINDHAM,2,2,453,2005-07,3.13,0.67,18.96,2005-07-12,4,2005-07-06
15.85,Merlo,4.63,Argentina,107,FLORENCE WOODS,2,2,67,2005-06,6.09,1.37,21.94,2005-06-23,6,2005-06-17
15.87,Tsaotun,6.53,Taiwan,586,KIRK STCLAIR,2,2,518,2005-08,4.05,1.47,19.92,2005-08-23,8,2005-08-17
15.87,Ziguinchor,3.43,Senegal,456,RONNIE RICKETTS,2,2,66,2005-06,6.08,1.57,21.95,2005-06-23,5,2005-06-17
15.89,Ashqelon,4.33,Israel,478,LEWIS LYMAN,2,2,452,2005-07,3.06,0.67,18.95,2005-07-31,5,2005-07-25
15.97,Dongying,3.13,China,466,LEO EBERT,2,2,65,2005-06,4.99,0.87,20.96,2005-06-23,4,2005-06-17
15.97,Johannesburg,3.4,South Africa,471,DEAN SAUER,2,2,451,2005-07,5.98,1.6,21.95,2005-07-12,5,2005-07-06
16.0,Caracas,3.47,Venezuela,111,CARMEN OWENS,2,2,449,2005-07,5.95,1.53,21.95,2005-07-07,5,2005-07-01
16.0,Sunnyvale,3.8,United States,214,KRISTIN JOHNSTON,2,2,450,2005-07,3.95,1.2,19.95,2005-07-12,5,2005-07-06
16.01,Gingoog,5.6,Philippines,461,DEREK BLAKELY,2,2,448,2005-07,2.92,1.4,18.93,2005-07-31,7,2005-07-25
16.02,South Hill,5.0,Anguilla,381,BOBBY BOUDREAU,2,2,447,2005-07,4.91,2.0,20.93,2005-07-31,7,2005-07-25
16.05,Almirante Brown,5.1,Argentina,359,WILLIE MARKHAM,2,2,517,2005-08,6.88,1.9,22.93,2005-08-23,7,2005-08-17
16.05,Teboksary,5.47,Russian Federation,350,JUAN FRALEY,2,2,446,2005-07,3.88,1.53,19.93,2005-07-11,7,2005-07-05
16.06,Nagaon,4.23,India,152,ALICIA MILLS,2,2,445,2005-07,3.89,0.77,19.95,2005-07-12,5,2005-07-06
16.09,Moscow,4.03,Russian Federation,46,CATHERINE CAMPBELL,2,2,444,2005-07,3.86,0.97,19.95,2005-07-31,5,2005-07-25
16.12,Masqat,5.17,Oman,9,MARGARET MOORE,2,2,443,2005-07,3.82,0.83,19.94,2005-07-11,6,2005-07-05
16.15,Kanchrapara,2.07,India,492,LESTER KRAUS,2,2,64,2005-06,3.82,0.93,19.97,2005-06-23,3,2005-06-17
16.16,Springs,4.43,South Africa,83,LOUISE JENKINS,2,2,442,2005-07,7.78,1.57,23.94,2005-07-12,6,2005-07-06
16.19,Kanchrapara,4.57,India,492,LESTER KRAUS,2,2,441,2005-07,7.75,1.43,23.94,2005-07-11,6,2005-07-05
16.24,Rae Bareli,2.67,India,78,LORI WOOD,2,2,63,2005-06,1.73,0.33,17.97,2005-06-23,3,2005-06-17
16.25,Cuauhtmoc,2.17,Mexico,467,ALVIN DELOACH,2,2,62,2005-06,5.73,0.83,21.97,2005-06-23,3,2005-06-17
16.25,Pavlodar,5.03,Kazakstan,76,IRENE PRICE,2,2,440,2005-07,2.69,0.97,18.94,2005-07-31,6,2005-07-25
16.26,Tandil,3.63,Argentina,405,LEONARD SCHOFIELD,2,2,61,2005-06,5.69,1.37,21.95,2005-06-23,5,2005-06-17
16.31,So Bernardo do Campo,2.27,Brazil,544,CODY NOLEN,2,2,439,2005-07,2.66,0.73,18.97,2005-07-30,3,2005-07-24
16.33,Botshabelo,4.1,South Africa,132,ESTHER CRAWFORD,2,2,60,2005-06,2.62,0.9,18.95,2005-06-23,5,2005-06-17
16.33,Namibe,7.43,Angola,383,MARTIN BALES,2,2,516,2005-08,5.58,1.57,21.91,2005-08-02,9,2005-07-27
16.36,Uluberia,4.5,India,446,THEODORE CULP,2,2,59,2005-06,4.59,1.5,20.94,2005-06-23,6,2005-06-17
16.36,Vila Velha,3.97,Brazil,39,DEBRA NELSON,2,2,58,2005-06,4.59,1.03,20.95,2005-06-23,5,2005-06-17
16.37,Kanazawa,3.47,Japan,547,KURT EMMONS,2,2,438,2005-07,3.59,0.53,19.96,2005-07-10,4,2005-07-04
16.39,Richmond Hill,4.07,Canada,410,CURTIS IRBY,2,2,57,2005-06,3.56,0.93,19.95,2005-06-23,5,2005-06-17
16.46,Patras,4.37,Greece,596,ENRIQUE FORSYTHE,2,2,437,2005-07,1.49,0.63,17.95,2005-07-12,5,2005-07-06
16.51,Aurora,2.13,United States,537,CLINTON BUFORD,2,2,56,2005-06,4.46,0.87,20.97,2005-06-23,3,2005-06-17
16.53,Maring,3.33,Brazil,246,MARIAN MENDOZA,2,2,436,2005-07,5.42,1.67,21.95,2005-07-12,5,2005-07-06
16.55,Caracas,5.3,Venezuela,111,CARMEN OWENS,2,2,515,2005-08,6.38,1.7,22.93,2005-08-02,7,2005-07-27
16.6,Tambaram,3.33,India,287,BECKY MILES,2,2,435,2005-07,5.35,1.67,21.95,2005-07-31,5,2005-07-25
16.61,Maracabo,2.63,Venezuela,453,CALVIN MARTEL,2,2,55,2005-06,2.36,0.37,18.97,2005-06-23,3,2005-06-17
16.62,Laredo,4.57,United States,6,JENNIFER DAVIS,2,2,434,2005-07,3.32,1.43,19.94,2005-07-12,6,2005-07-06
16.62,Liaocheng,4.2,China,129,CARRIE PORTER,2,2,54,2005-06,2.33,0.8,18.95,2005-06-23,5,2005-06-17
16.67,Lipetsk,3.37,Russian Federation,44,MARIE TURNER,2,2,514,2005-08,7.28,1.63,23.95,2005-08-22,5,2005-08-16
16.71,Mwanza,5.47,Tanzania,481,HERMAN DEVORE,2,2,433,2005-07,5.22,1.53,21.93,2005-07-11,7,2005-07-05
16.73,Hubli-Dharwad,3.53,India,136,ANITA MORALES,2,2,432,2005-07,1.23,0.47,17.96,2005-07-12,4,2005-07-06
16.73,Okara,3.37,Pakistan,399,DANNY ISOM,2,2,513,2005-08,6.22,1.63,22.95,2005-08-02,5,2005-07-27
16.82,Dos Quebradas,4.33,Colombia,120,SYLVIA ORTIZ,2,2,431,2005-07,8.12,1.67,24.94,2005-07-09,6,2005-07-03
16.85,Carmen,4.9,Mexico,578,WILLARD LUMPKIN,2,2,430,2005-07,5.09,1.1,21.94,2005-07-12,6,2005-07-06
16.86,s-Hertogenbosch,4.17,Netherlands,184,VIVIAN RUIZ,2,2,429,2005-07,2.09,0.83,18.95,2005-07-12,5,2005-07-06
16.9,Apeldoorn,3.3,Netherlands,137,RHONDA KENNEDY,2,2,53,2005-06,3.06,0.7,19.96,2005-06-23,4,2005-06-17
16.92,Akron,4.43,United States,479,ZACHARY HITE,2,2,52,2005-06,7.02,1.57,23.94,2005-06-23,6,2005-06-17
16.97,Zeleznogorsk,3.5,Russian Federation,351,JACK FOUST,2,2,512,2005-08,5.98,1.5,22.95,2005-08-23,5,2005-08-17
17.06,Taizz,4.43,Yemen,213,GINA WILLIAMSON,2,2,428,2005-07,6.88,1.57,23.94,2005-07-30,6,2005-07-24
17.11,Saarbrcken,5.37,Germany,227,COLLEEN BURTON,2,2,427,2005-07,6.82,1.63,23.93,2005-07-31,7,2005-07-25
17.12,Shikarpur,4.43,Pakistan,25,DEBORAH WALKER,2,2,426,2005-07,4.82,1.57,21.94,2005-07-31,6,2005-07-25
17.14,Ocumare del Tuy,3.13,Venezuela,174,YVONNE WATKINS,2,2,425,2005-07,3.82,0.87,20.96,2005-07-31,4,2005-07-25
17.16,Ashgabat,3.57,Turkmenistan,200,JEANNE LAWSON,2,2,51,2005-06,7.79,1.43,24.95,2005-06-23,5,2005-06-17
17.19,Allende,3.93,Mexico,414,VINCENT RALSTON,2,2,424,2005-07,7.76,1.07,24.95,2005-07-12,5,2005-07-06
17.25,Purwakarta,5.07,Indonesia,524,JARED ELY,2,2,511,2005-08,5.69,0.93,22.94,2005-08-22,6,2005-08-16
17.26,El Fuerte,4.27,Mexico,451,JIM REA,2,2,50,2005-06,4.68,1.73,21.94,2005-06-23,6,2005-06-17
17.27,Ibirit,2.87,Brazil,310,DANIEL CABRAL,2,2,423,2005-07,5.69,1.13,22.96,2005-07-31,4,2005-07-25
17.34,Nagareyama,3.03,Japan,53,HEATHER MORRIS,2,2,422,2005-07,3.62,0.97,20.96,2005-07-31,4,2005-07-25
17.36,al-Hawiya,4.37,Saudi Arabia,70,CHRISTINA RAMIREZ,2,2,421,2005-07,2.59,0.63,19.95,2005-07-29,5,2005-07-23
17.37,Paarl,3.5,South Africa,338,DENNIS GILMAN,2,2,49,2005-06,6.59,1.5,23.95,2005-06-23,5,2005-06-17
17.4,Eskisehir,3.37,Turkey,507,EDGAR RHOADS,2,2,510,2005-08,7.55,1.63,24.95,2005-08-22,5,2005-08-16
17.44,Kaliningrad,2.9,Russian Federation,301,ROBERT BAUGHMAN,2,2,509,2005-08,4.52,1.1,21.96,2005-08-22,4,2005-08-16
17.44,York,3.13,United Kingdom,497,GILBERT SLEDGE,2,2,48,2005-06,5.52,0.87,22.96,2005-06-23,4,2005-06-17
17.45,Linz,4.83,Austria,159,JILL HAWKINS,2,2,420,2005-07,4.49,1.17,21.94,2005-07-31,6,2005-07-25
17.48,Madiun,4.93,Indonesia,500,REGINALD KINDER,2,2,507,2005-08,7.45,2.07,24.93,2005-08-02,7,2005-07-27
17.48,Sanaa,5.33,Yemen,303,WILLIAM SATTERFIELD,2,2,508,2005-08,8.44,2.67,25.92,2005-08-23,8,2005-08-17
17.52,Tsuyama,4.53,Japan,429,FREDERICK ISBELL,2,2,506,2005-08,8.42,1.47,25.94,2005-08-01,6,2005-07-26
17.53,Ogbomosho,3.77,Nigeria,277,OLGA JIMENEZ,2,2,47,2005-06,5.42,1.23,22.95,2005-06-23,5,2005-06-17
17.53,Rae Bareli,6.7,India,78,LORI WOOD,2,2,419,2005-07,6.39,1.3,23.92,2005-07-11,8,2005-07-05
17.54,Almirante Brown,2.9,Argentina,359,WILLIE MARKHAM,2,2,418,2005-07,4.42,1.1,21.96,2005-07-12,4,2005-07-06
17.57,al-Manama,3.03,Bahrain,590,SETH HANNON,2,2,46,2005-06,5.39,0.97,22.96,2005-06-23,4,2005-06-17
17.59,Shenzhen,4.63,China,378,EUGENE CULPEPPER,2,2,505,2005-08,3.35,1.37,20.94,2005-08-02,6,2005-07-27
17.65,Tabuk,4.9,Saudi Arabia,312,MARK RINEHART,2,2,417,2005-07,3.29,1.1,20.94,2005-07-12,6,2005-07-06
17.68,Pachuca de Soto,5.57,Mexico,353,JONATHAN SCARBOROUGH,2,2,504,2005-08,5.25,1.43,22.93,2005-08-23,7,2005-08-17
17.72,Santa F,5.17,Argentina,331,ERIC ROBERT,2,2,503,2005-08,8.22,1.83,25.93,2005-08-23,7,2005-08-17
17.73,Mit Ghamr,3.37,Egypt,491,RICK MATTOX,2,2,45,2005-06,6.22,1.63,23.95,2005-06-23,5,2005-06-17
17.74,Rajkot,3.03,India,554,DWAYNE OLVERA,2,2,44,2005-06,4.22,0.97,21.96,2005-06-23,4,2005-06-17
17.76,Amersfoort,4.27,Netherlands,415,GLENN PULLEN,2,2,416,2005-07,3.19,0.73,20.95,2005-07-12,5,2005-07-06
17.79,Ciparay,4.53,Indonesia,328,JEFFREY SPEAR,2,2,415,2005-07,2.16,0.47,19.95,2005-07-31,5,2005-07-25
17.81,Chapra,2.73,India,509,RAUL FORTIER,2,2,414,2005-07,5.15,1.27,22.96,2005-07-29,4,2005-07-23
17.82,Ezeiza,4.73,Argentina,530,DARRYL ASHCRAFT,2,2,413,2005-07,4.12,1.27,21.94,2005-07-31,6,2005-07-25
17.86,Shimonoseki,4.33,Japan,29,ANGELA HERNANDEZ,2,2,412,2005-07,7.08,1.67,24.94,2005-07-31,6,2005-07-25
17.9,Hagonoy,3.1,Philippines,255,IRMA PEARSON,2,2,411,2005-07,2.06,0.9,19.96,2005-07-30,4,2005-07-24
17.93,Hino,4.13,Japan,194,KRISTEN CHAVEZ,2,2,502,2005-08,5.02,0.87,22.95,2005-08-23,5,2005-08-17
17.97,Tieli,3.37,China,599,AUSTIN CINTRON,2,2,43,2005-06,2.99,0.63,20.96,2005-06-23,4,2005-06-17
17.99,Kamyin,4.1,Russian Federation,510,BEN EASTER,2,2,42,2005-06,8.95,1.9,26.94,2005-06-23,6,2005-06-17
18.02,Laiwu,4.77,China,151,MEGAN PALMER,2,2,410,2005-07,2.92,1.23,20.94,2005-07-31,6,2005-07-25
18.02,Vitria de Santo Anto,4.73,Brazil,374,JEREMY HURTADO,2,2,409,2005-07,3.92,1.27,21.94,2005-07-11,6,2005-07-05
18.04,Erlangen,5.6,Germany,448,MIGUEL BETANCOURT,2,2,408,2005-07,6.89,1.4,24.93,2005-07-08,7,2005-07-02
18.07,Toulon,6.33,France,104,RITA GRAHAM,2,2,501,2005-08,5.85,1.67,23.92,2005-08-22,8,2005-08-16
18.08,Kolpino,5.37,Russian Federation,295,DAISY BATES,2,2,41,2005-06,5.85,1.63,23.93,2005-06-23,7,2005-06-17
18.19,Junan,4.77,China,435,RICKY SHELBY,2,2,407,2005-07,5.75,1.23,23.94,2005-07-31,6,2005-07-25
18.21,Rockford,5.33,United States,457,BILL GAVIN,2,2,40,2005-06,6.72,1.67,24.93,2005-06-23,7,2005-06-17
18.24,Nabereznyje Telny,5.57,Russian Federation,447,CLIFFORD BOWENS,2,2,406,2005-07,5.69,1.43,23.93,2005-07-12,7,2005-07-06
18.25,Abu Dhabi,5.5,United Arab Emirates,452,TOM MILNER,2,2,500,2005-08,6.68,1.5,24.93,2005-08-21,7,2005-08-15
18.25,Cuman,5.1,Venezuela,113,CINDY FISHER,2,2,405,2005-07,8.68,1.9,26.93,2005-07-11,7,2005-07-05
18.28,Sambhal,5.03,India,217,AGNES BISHOP,2,2,404,2005-07,3.66,0.97,21.94,2005-07-31,6,2005-07-25
18.31,Gandhinagar,5.33,India,117,EDITH MCDONALD,2,2,499,2005-08,6.62,1.67,24.93,2005-08-23,7,2005-08-17
18.37,Cheju,3.5,South Korea,88,BONNIE HUGHES,2,2,403,2005-07,5.59,1.5,23.95,2005-07-29,5,2005-07-23
18.39,Suihua,4.07,China,511,CHESTER BENNER,2,2,498,2005-08,5.55,1.93,23.94,2005-08-01,6,2005-07-26
18.41,Bratislava,5.57,Slovakia,357,KEITH RICO,2,2,402,2005-07,5.52,1.43,23.93,2005-07-12,7,2005-07-06
18.45,Taizz,5.03,Yemen,213,GINA WILLIAMSON,2,2,497,2005-08,8.48,1.97,26.93,2005-08-01,7,2005-07-26
18.47,Compton,6.4,United States,182,RENEE LANE,2,2,401,2005-07,5.45,1.6,23.92,2005-07-10,8,2005-07-04
18.48,Hanoi,4.93,Vietnam,340,PATRICK NEWSOM,2,2,400,2005-07,3.46,1.07,21.94,2005-07-31,6,2005-07-25
18.48,Jos Azueta,5.27,Mexico,581,VIRGIL WOFFORD,2,2,496,2005-08,6.45,1.73,24.93,2005-08-23,7,2005-08-17
18.6,Witten,3.57,Germany,201,VICKI FIELDS,2,2,39,2005-06,7.35,1.43,25.95,2005-06-23,5,2005-06-17
18.63,Datong,6.7,China,260,CHRISTY VARGAS,2,2,398,2005-07,4.29,1.3,22.92,2005-07-30,8,2005-07-24
18.63,Firozabad,3.5,India,192,LAURIE LAWRENCE,2,2,399,2005-07,4.32,1.5,22.95,2005-07-31,5,2005-07-25
18.67,Dzerzinsk,6.0,Russian Federation,430,RAY HOULE,2,2,495,2005-08,3.26,1.0,21.93,2005-08-22,7,2005-08-16
18.7,Syrakusa,3.0,Italy,221,BESSIE MORRISON,2,2,38,2005-06,4.26,1.0,22.96,2005-06-23,4,2005-06-17
18.73,Ibirit,3.6,Brazil,310,DANIEL CABRAL,2,2,494,2005-08,7.22,1.4,25.95,2005-08-02,5,2005-07-27
18.74,Ede,2.8,Netherlands,341,PETER MENARD,2,2,37,2005-06,6.22,1.2,24.96,2005-06-23,4,2005-06-17
18.74,Sultanbeyli,2.67,Turkey,493,BRENT HARKINS,2,2,397,2005-07,5.22,1.33,23.96,2005-07-12,4,2005-07-06
18.77,Daugavpils,3.33,Latvia,347,RYAN SALISBURY,2,2,36,2005-06,4.19,0.67,22.96,2005-06-23,4,2005-06-17
18.81,Yingkou,5.27,China,521,ROLAND SOUTH,2,2,396,2005-07,1.13,0.73,19.94,2005-07-10,6,2005-07-04
18.82,Okara,5.17,Pakistan,399,DANNY ISOM,2,2,395,2005-07,3.12,0.83,21.94,2005-07-12,6,2005-07-06
18.84,Iwakuni,5.7,Japan,54,TERESA ROGERS,2,2,394,2005-07,6.09,1.3,24.93,2005-07-12,7,2005-07-06
18.84,Shimonoseki,5.93,Japan,29,ANGELA HERNANDEZ,2,2,35,2005-06,3.09,1.07,21.93,2005-06-23,7,2005-06-17
18.86,Greensboro,3.77,United States,158,VERONICA STONE,2,2,393,2005-07,7.09,1.23,25.95,2005-07-12,5,2005-07-06
18.86,Juazeiro do Norte,4.07,Brazil,47,FRANCES PARKER,2,2,493,2005-08,9.08,1.93,27.94,2005-08-02,6,2005-07-27
18.86,Weifang,3.7,China,588,MARION OCAMPO,2,2,34,2005-06,6.09,1.3,24.95,2005-06-23,5,2005-06-17
18.87,Deba Habe,3.43,Nigeria,409,RODNEY MOELLER,2,2,492,2005-08,5.08,1.57,23.95,2005-08-21,5,2005-08-15
18.89,Halle/Saale,4.83,Germany,251,VICKIE BREWER,2,2,392,2005-07,6.06,1.17,24.94,2005-07-11,6,2005-07-05
18.99,San Juan Bautista Tuxtepec,4.07,Mexico,425,FRANCIS SIKES,2,2,491,2005-08,3.95,1.93,22.94,2005-08-23,6,2005-08-17
19.05,Sawhaj,2.17,Egypt,423,ALFRED CASILLAS,2,2,33,2005-06,3.93,0.83,22.97,2005-06-23,3,2005-06-17
19.06,Bern,4.13,Switzerland,155,GAIL KNIGHT,2,2,490,2005-08,7.88,1.87,26.94,2005-08-02,6,2005-07-27
19.06,Kurashiki,4.0,Japan,34,REBECCA SCOTT,2,2,391,2005-07,3.89,1.0,22.95,2005-07-10,5,2005-07-04
19.07,Guaruj,3.43,Brazil,427,JESUS MCCARTNEY,2,2,390,2005-07,7.88,1.57,26.95,2005-07-31,5,2005-07-25
19.12,Brindisi,4.5,Italy,499,MARC OUTLAW,2,2,389,2005-07,5.82,1.5,24.94,2005-07-12,6,2005-07-06
19.19,Halifax,4.53,Canada,463,DARRELL POWER,2,2,388,2005-07,3.75,1.47,22.94,2005-07-31,6,2005-07-25
19.2,Southend-on-Sea,3.33,United Kingdom,16,SANDRA MARTIN,2,2,32,2005-06,6.75,1.67,25.95,2005-06-23,5,2005-06-17
19.23,Urawa,7.27,Japan,147,JOANNE ROBERTSON,2,2,387,2005-07,6.68,1.73,25.91,2005-07-12,9,2005-07-06
19.35,Novoterkassk,4.8,Russian Federation,191,JEANETTE GREENE,2,2,386,2005-07,5.59,1.2,24.94,2005-07-31,6,2005-07-25
19.39,Sucre,3.93,Bolivia,431,JOEL FRANCISCO,2,2,489,2005-08,3.56,1.07,22.95,2005-08-02,5,2005-07-27
19.4,Serpuhov,3.4,Russian Federation,567,ALFREDO MCADAMS,2,2,385,2005-07,4.55,1.6,23.95,2005-07-30,5,2005-07-24
19.41,Allappuzha (Alleppey),5.57,India,175,ANNETTE OLSON,2,2,384,2005-07,6.52,1.43,25.93,2005-07-31,7,2005-07-25
19.41,Udine,6.0,Italy,525,ADRIAN CLARY,2,2,488,2005-08,9.51,2.0,28.92,2005-08-02,8,2005-07-27
19.45,San Miguel de Tucumn,5.0,Argentina,243,LYDIA BURKE,2,2,487,2005-08,6.48,2.0,25.93,2005-08-01,7,2005-07-26
19.47,Rampur,5.93,India,336,JOSHUA MARK,2,2,31,2005-06,3.46,1.07,22.93,2005-06-23,7,2005-06-17
19.51,Saarbrcken,5.9,Germany,227,COLLEEN BURTON,2,2,486,2005-08,8.41,2.1,27.92,2005-08-02,8,2005-07-27
19.53,Abu Dhabi,6.83,United Arab Emirates,452,TOM MILNER,2,2,382,2005-07,7.38,2.17,26.91,2005-07-09,9,2005-07-03
19.53,Higashiosaka,4.03,Japan,264,GWENDOLYN MAY,2,2,485,2005-08,8.41,1.97,27.94,2005-08-01,6,2005-07-26
19.53,Tarlac,3.63,Philippines,548,ALLAN CORNISH,2,2,383,2005-07,4.42,1.37,23.95,2005-07-12,5,2005-07-06
19.55,Torren,4.7,Mexico,133,PAULINE HENRY,2,2,484,2005-08,6.38,2.3,25.93,2005-08-23,7,2005-08-17
19.56,Callao,4.4,Peru,304,DAVID ROYAL,2,2,483,2005-08,6.38,1.6,25.94,2005-08-22,6,2005-08-16
19.56,Konotop,3.53,Ukraine,545,JULIO NOLAND,2,2,381,2005-07,2.4,0.47,21.96,2005-07-09,4,2005-07-03
19.6,Haldia,6.4,India,186,HOLLY FOX,2,2,380,2005-07,2.33,0.6,21.93,2005-07-31,7,2005-07-25
19.63,Ciomas,4.13,Indonesia,239,MINNIE ROMERO,2,2,379,2005-07,7.31,1.87,26.94,2005-07-31,6,2005-07-25
19.63,Shubra al-Khayma,4.07,Egypt,119,SHERRY MARSHALL,2,2,378,2005-07,5.32,0.93,24.95,2005-07-11,5,2005-07-05
19.69,Ashqelon,4.33,Israel,478,LEWIS LYMAN,2,2,482,2005-08,6.25,1.67,25.94,2005-08-23,6,2005-08-17
19.69,Balaiha,4.3,Russian Federation,55,DORIS REED,2,2,377,2005-07,4.26,0.7,23.95,2005-07-31,5,2005-07-25
19.7,Brockton,3.47,United States,149,VALERIE BLACK,2,2,30,2005-06,7.25,1.53,26.95,2005-06-23,5,2005-06-17
19.7,Ktahya,3.5,Turkey,124,SHEILA WELLS,2,2,481,2005-08,7.25,1.5,26.95,2005-08-02,5,2005-07-27
19.83,Fengshan,3.4,Taiwan,576,MORRIS MCCARTER,2,2,29,2005-06,6.12,1.6,25.95,2005-06-23,5,2005-06-17
19.86,Matamoros,7.57,Mexico,177,SAMANTHA DUNCAN,2,2,480,2005-08,5.05,1.43,24.91,2005-08-02,9,2005-07-27
19.89,Mukateve,4.2,Ukraine,131,MONICA HICKS,2,2,375,2005-07,7.05,1.8,26.94,2005-07-31,6,2005-07-25
19.89,Tsuyama,4.23,Japan,429,FREDERICK ISBELL,2,2,376,2005-07,5.06,0.77,24.95,2005-07-28,5,2005-07-22
19.99,Kakamigahara,4.03,Japan,163,CATHY SPENCER,2,2,28,2005-06,4.96,0.97,24.95,2005-06-23,5,2005-06-17
20.03,Shahr-e Kord,3.97,Iran,185,ROBERTA HARPER,2,2,374,2005-07,5.92,1.03,25.95,2005-07-11,5,2005-07-05
20.08,Balaiha,4.97,Russian Federation,55,DORIS REED,2,2,479,2005-08,5.86,1.03,25.94,2005-08-02,6,2005-07-27
20.13,Southport,3.7,United Kingdom,556,ARMANDO GRUBER,2,2,27,2005-06,5.82,1.3,25.95,2005-06-23,5,2005-06-17
20.14,Denizli,3.03,Turkey,483,VERNON CHAPA,2,2,373,2005-07,4.82,0.97,24.96,2005-07-12,4,2005-07-06
20.16,Papeete,3.77,French Polynesia,56,GLORIA COOK,2,2,372,2005-07,4.79,1.23,24.95,2005-07-09,5,2005-07-03
20.22,Bilbays,7.8,Egypt,559,EVERETT BANDA,2,2,478,2005-08,8.68,2.2,28.9,2005-08-02,10,2005-07-27
20.22,Oshawa,4.67,Canada,189,LORETTA CARPENTER,2,2,371,2005-07,4.72,1.33,24.94,2005-07-31,6,2005-07-25
20.23,Usak,7.1,Turkey,204,ROSEMARY SCHMIDT,2,2,370,2005-07,8.68,1.9,28.91,2005-07-12,9,2005-07-06
20.24,Yuzhou,6.03,China,324,GARY COY,2,2,369,2005-07,2.69,0.97,22.93,2005-07-11,7,2005-07-05
20.27,Dayton,3.13,United States,294,SHELLY WATTS,2,2,368,2005-07,3.69,0.87,23.96,2005-07-11,4,2005-07-05
20.29,Ivanovo,4.53,Russian Federation,106,CONNIE WALLACE,2,2,366,2005-07,5.65,1.47,25.94,2005-07-31,6,2005-07-25
20.29,Valle de la Pascua,4.83,Venezuela,290,KRISTINA CHAMBERS,2,2,367,2005-07,7.65,2.17,27.93,2005-07-31,7,2005-07-25
20.3,Funafuti,3.73,Tuvalu,105,DAWN SULLIVAN,2,2,365,2005-07,5.65,1.27,25.95,2005-07-30,5,2005-07-24
20.31,San Miguel de Tucumn,5.23,Argentina,243,LYDIA BURKE,2,2,364,2005-07,5.62,1.77,25.93,2005-07-31,7,2005-07-25
20.37,Chandrapur,6.73,India,167,SALLY PIERCE,2,2,363,2005-07,5.55,1.27,25.92,2005-07-11,8,2005-07-05
20.4,Ondo,6.23,Nigeria,156,BERTHA FERGUSON,2,2,477,2005-08,7.52,1.77,27.92,2005-08-22,8,2005-08-16
20.4,San Lorenzo,3.63,Paraguay,345,CARL ARTIS,2,2,362,2005-07,6.55,1.37,26.95,2005-07-30,5,2005-07-24
20.45,Tete,4.9,Mozambique,97,ANNIE RUSSELL,2,2,361,2005-07,3.49,1.1,23.94,2005-07-09,6,2005-07-03
20.48,Anpolis,5.13,Brazil,229,TAMARA NGUYEN,2,2,476,2005-08,7.45,1.87,27.93,2005-08-23,7,2005-08-17
20.48,Bergamo,5.0,Italy,439,ALEXANDER FENNELL,2,2,359,2005-07,8.45,2.0,28.93,2005-07-12,7,2005-07-06
20.48,Imus,5.37,Philippines,349,JOE GILLILAND,2,2,360,2005-07,6.45,1.63,26.93,2005-07-31,7,2005-07-25
20.5,Niznekamsk,2.87,Russian Federation,48,ANN EVANS,2,2,358,2005-07,5.46,1.13,25.96,2005-07-31,4,2005-07-25
20.52,Lima,4.73,Peru,122,THELMA MURRAY,2,2,357,2005-07,9.41,2.27,29.93,2005-07-11,7,2005-07-05
20.53,Guadalajara,3.4,Mexico,364,BENJAMIN VARNEY,2,2,356,2005-07,6.42,1.6,26.95,2005-07-10,5,2005-07-04
20.54,Ciudad del Este,2.93,Paraguay,205,EILEEN CARR,2,2,355,2005-07,4.42,1.07,24.96,2005-07-08,4,2005-07-02
20.55,Loja,4.7,Ecuador,589,TRACY HERRMANN,2,2,353,2005-07,4.39,1.3,24.94,2005-07-30,6,2005-07-24
20.55,Manchester,4.8,United States,382,VICTOR BARKLEY,2,2,354,2005-07,4.39,1.2,24.94,2005-07-31,6,2005-07-25
20.55,Stara Zagora,8.3,Bulgaria,215,JESSIE BANKS,2,2,475,2005-08,4.35,1.7,24.9,2005-08-23,10,2005-08-17
20.56,Aurora,6.9,United States,330,SCOTT SHELLEY,2,2,352,2005-07,8.35,2.1,28.91,2005-07-12,9,2005-07-06
20.57,Kilis,3.33,Turkey,143,LESLIE GORDON,2,2,474,2005-08,5.38,1.67,25.95,2005-08-23,5,2005-08-17
20.58,Esfahan,5.4,Iran,10,DOROTHY TAYLOR,2,2,351,2005-07,5.35,1.6,25.93,2005-07-10,7,2005-07-04
20.58,Jakarta,5.23,Indonesia,153,SUZANNE NICHOLS,2,2,350,2005-07,5.35,1.77,25.93,2005-07-12,7,2005-07-06
20.66,Rampur,4.33,India,336,JOSHUA MARK,2,2,349,2005-07,7.28,1.67,27.94,2005-07-31,6,2005-07-25
20.66,Tama,3.7,Japan,385,PHILLIP HOLM,2,2,348,2005-07,4.29,1.3,24.95,2005-07-12,5,2005-07-06
20.67,Nezahualcyotl,6.0,Mexico,115,WENDY HARRISON,2,2,473,2005-08,10.24,3.0,30.91,2005-08-02,9,2005-07-27
20.69,Graz,4.77,Austria,173,AUDREY RAY,2,2,472,2005-08,10.24,2.23,30.93,2005-08-23,7,2005-08-17
20.7,Gatineau,3.57,Canada,476,DERRICK BOURQUE,2,2,346,2005-07,6.25,1.43,26.95,2005-07-11,5,2005-07-05
20.7,Talavera,3.7,Philippines,505,RAFAEL ABNEY,2,2,347,2005-07,8.25,1.3,28.95,2005-07-12,5,2005-07-06
20.78,Tegal,5.53,Indonesia,458,LLOYD DOWD,2,2,471,2005-08,4.15,1.47,24.93,2005-08-23,7,2005-08-17
20.8,Dallas,6.27,United States,400,BRYAN HARDISON,2,2,470,2005-08,9.12,1.73,29.92,2005-08-01,8,2005-07-26
20.82,Katihar,7.87,India,419,CHAD CARBONE,2,2,345,2005-07,3.09,1.13,23.91,2005-07-12,9,2005-07-06
20.84,Berhampore (Baharampur),5.7,India,413,MARVIN YEE,2,2,469,2005-08,6.08,2.3,26.92,2005-08-23,8,2005-08-17
20.85,Braslia,5.37,Brazil,325,TIMOTHY BUNN,2,2,468,2005-08,7.08,1.63,27.93,2005-08-01,7,2005-07-26
20.88,Higashiosaka,5.47,Japan,264,GWENDOLYN MAY,2,2,344,2005-07,6.05,1.53,26.93,2005-07-12,7,2005-07-06
20.93,La Paz,7.37,Mexico,488,SHANE MILLARD,2,2,467,2005-08,8.98,1.63,29.91,2005-08-01,9,2005-07-26
20.98,Izumisano,5.83,Japan,391,CLARENCE GAMEZ,2,2,466,2005-08,7.95,2.17,28.92,2005-08-02,8,2005-07-27
20.98,Linz,5.43,Austria,159,JILL HAWKINS,2,2,465,2005-08,5.95,1.57,26.93,2005-08-02,7,2005-07-27
21.02,Escobar,4.73,Argentina,445,MICHEAL FORMAN,2,2,343,2005-07,2.92,1.27,23.94,2005-07-31,6,2005-07-25
21.02,Koriyama,4.57,Japan,401,TONY CARRANZA,2,2,464,2005-08,4.92,1.43,25.94,2005-08-01,6,2005-07-26
21.02,Siegen,4.53,Germany,195,VANESSA SIMS,2,2,342,2005-07,5.92,1.47,26.94,2005-07-31,6,2005-07-25
21.03,Dzerzinsk,3.4,Russian Federation,430,RAY HOULE,2,2,341,2005-07,4.92,1.6,25.95,2005-07-11,5,2005-07-05
21.05,Juazeiro do Norte,4.93,Brazil,47,FRANCES PARKER,2,2,340,2005-07,5.89,1.07,26.94,2005-07-11,6,2005-07-05
21.06,Araatuba,7.73,Brazil,77,JANE BENNETT,2,2,463,2005-08,2.85,1.27,23.91,2005-08-02,9,2005-07-27
21.08,Oulu,5.83,Finland,298,ERIKA PENA,2,2,462,2005-08,9.85,2.17,30.92,2005-08-23,8,2005-08-17
21.08,Paarl,5.0,South Africa,338,DENNIS GILMAN,2,2,461,2005-08,7.85,2.0,28.93,2005-08-22,7,2005-08-16
21.11,Mogiljov,6.17,Belarus,527,CORY MEEHAN,2,2,460,2005-08,5.82,1.83,26.92,2005-08-02,8,2005-07-27
21.12,Rio Claro,4.63,Brazil,74,DENISE KELLY,2,2,339,2005-07,4.82,1.37,25.94,2005-07-12,6,2005-07-06
21.14,Iligan,6.17,Philippines,580,ROSS GREY,2,2,337,2005-07,1.79,0.83,22.93,2005-07-11,7,2005-07-05
21.14,Weifang,6.3,China,588,MARION OCAMPO,2,2,338,2005-07,6.78,1.7,27.92,2005-07-30,8,2005-07-24
21.15,Hanoi,4.8,Vietnam,340,PATRICK NEWSOM,2,2,26,2005-06,5.79,1.2,26.94,2005-06-23,6,2005-06-17
21.32,Pereira,4.37,Colombia,180,STACY CUNNINGHAM,2,2,336,2005-07,2.63,0.63,23.95,2005-07-10,5,2005-07-04
21.34,Valle de la Pascua,5.6,Venezuela,290,KRISTINA CHAMBERS,2,2,459,2005-08,8.58,2.4,29.92,2005-08-01,8,2005-07-26
21.42,Myingyan,4.83,Myanmar,4,BARBARA JONES,2,2,335,2005-07,0.53,0.17,21.95,2005-07-30,5,2005-07-24
21.43,Southampton,4.17,United Kingdom,583,MARSHALL THORN,2,2,25,2005-06,4.53,0.83,25.95,2005-06-23,5,2005-06-17
21.51,Novoterkassk,5.6,Russian Federation,191,JEANETTE GREENE,2,2,458,2005-08,6.42,1.4,27.93,2005-08-01,7,2005-07-26
21.54,Dhule (Dhulia),5.93,India,440,BERNARD COLBY,2,2,457,2005-08,9.38,2.07,30.92,2005-08-23,8,2005-08-17
21.55,Crdoba,4.87,Argentina,24,KIMBERLY LEE,2,2,456,2005-08,6.38,2.13,27.93,2005-08-22,7,2005-08-16
21.56,Mandaluyong,7.63,Philippines,263,HILDA HOPKINS,2,2,334,2005-07,5.35,1.37,26.91,2005-07-12,9,2005-07-06
21.62,Cuman,4.77,Venezuela,113,CINDY FISHER,2,2,455,2005-08,10.31,2.23,31.93,2005-08-23,7,2005-08-17
21.66,Rancagua,4.3,Chile,464,JEROME KENYON,2,2,454,2005-08,3.29,0.7,24.95,2005-08-23,5,2005-08-17
21.69,Battambang,4.67,Cambodia,516,ELMER NOE,2,2,453,2005-08,7.25,1.33,28.94,2005-08-01,6,2005-07-26
21.69,Malm,4.73,Sweden,66,JANICE WARD,2,2,24,2005-06,5.25,1.27,26.94,2005-06-23,6,2005-06-17
21.7,Bandar Seri Begawan,6.33,Brunei,91,LOIS BUTLER,2,2,451,2005-08,7.21,2.67,28.91,2005-08-23,9,2005-08-17
21.7,Guadalajara,6.37,Mexico,364,BENJAMIN VARNEY,2,2,452,2005-08,6.22,1.63,27.92,2005-08-22,8,2005-08-16
21.7,Jalib al-Shuyukh,3.33,Kuwait,234,CLAUDIA FULLER,2,2,23,2005-06,7.25,1.67,28.95,2005-06-23,5,2005-06-17
21.7,Jamalpur,6.6,Bangladesh,329,FRANK WAGGONER,2,2,22,2005-06,4.22,1.4,25.92,2005-06-23,8,2005-06-17
21.77,Gandhinagar,3.37,India,117,EDITH MCDONALD,2,2,333,2005-07,2.19,0.63,23.96,2005-07-12,4,2005-07-06
21.79,Emmen,7.4,Netherlands,474,DUSTIN GILLETTE,2,2,332,2005-07,7.12,1.6,28.91,2005-07-12,9,2005-07-06
21.8,Baha Blanca,3.5,Argentina,322,JASON MORRISSEY,2,2,21,2005-06,7.15,1.5,28.95,2005-06-23,5,2005-06-17
21.81,Rizhao,5.33,China,496,TYLER WREN,2,2,331,2005-07,2.13,0.67,23.94,2005-07-10,6,2005-07-04
21.84,Tabriz,2.8,Iran,279,DIANNE SHELTON,2,2,330,2005-07,4.12,1.2,25.96,2005-07-09,4,2005-07-03
21.86,Syrakusa,3.57,Italy,221,BESSIE MORRISON,2,2,329,2005-07,7.09,1.43,28.95,2005-07-10,5,2005-07-04
21.87,Binzhou,6.23,China,533,JESSIE MILAM,2,2,328,2005-07,9.05,1.77,30.92,2005-07-31,8,2005-07-25
21.89,Koriyama,4.77,Japan,401,TONY CARRANZA,2,2,327,2005-07,4.05,1.23,25.94,2005-07-31,6,2005-07-25
21.89,Pingxiang,4.03,China,169,ERICA MATTHEWS,2,2,326,2005-07,5.06,0.97,26.95,2005-07-12,5,2005-07-06
21.95,Huaian,5.27,China,384,ERNEST STEPP,2,2,450,2005-08,1.99,0.73,23.94,2005-08-22,6,2005-08-16
21.95,Nakhon Sawan,4.97,Thailand,390,SHAWN HEATON,2,2,325,2005-07,7.98,2.03,29.93,2005-07-31,7,2005-07-25
21.96,Sokoto,3.67,Nigeria,562,WALLACE SLONE,2,2,324,2005-07,5.99,1.33,27.95,2005-07-12,5,2005-07-06
21.98,Skikda,5.33,Algeria,176,JUNE CARROLL,2,2,323,2005-07,7.95,1.67,29.93,2005-07-30,7,2005-07-24
22.01,Yamuna Nagar,5.23,India,12,NANCY THOMAS,2,2,322,2005-07,3.92,1.77,25.93,2005-07-31,7,2005-07-25
22.05,Denizli,5.17,Turkey,483,VERNON CHAPA,2,2,449,2005-08,9.88,1.83,31.93,2005-08-02,7,2005-07-27
22.05,Maracabo,4.57,Venezuela,453,CALVIN MARTEL,2,2,321,2005-07,7.89,1.43,29.94,2005-07-12,6,2005-07-06
22.06,Rancagua,4.0,Chile,464,JEROME KENYON,2,2,320,2005-07,4.89,1.0,26.95,2005-07-12,5,2005-07-06
22.08,Kuching,4.97,Malaysia,58,JEAN BELL,2,2,319,2005-07,4.86,1.03,26.94,2005-07-31,6,2005-07-25
22.08,Qomsheh,5.8,Iran,459,TOMMY COLLAZO,2,2,20,2005-06,3.85,1.2,25.93,2005-06-23,7,2005-06-17
22.09,Mandi Bahauddin,4.73,Pakistan,223,MELINDA FERNANDEZ,2,2,448,2005-08,6.85,1.27,28.94,2005-08-23,6,2005-08-17
22.09,Tama,7.23,Japan,385,PHILLIP HOLM,2,2,447,2005-08,7.82,1.77,29.91,2005-08-01,9,2005-07-26
22.15,Aurora,5.33,United States,537,CLINTON BUFORD,2,2,446,2005-08,6.78,1.67,28.93,2005-08-23,7,2005-08-17
22.19,Bilbays,4.4,Egypt,559,EVERETT BANDA,2,2,318,2005-07,6.75,1.6,28.94,2005-07-12,6,2005-07-06
22.22,Boa Vista,4.2,Brazil,342,HAROLD MARTINO,2,2,317,2005-07,3.73,0.8,25.95,2005-07-12,5,2005-07-06
22.23,Maring,3.9,Brazil,246,MARIAN MENDOZA,2,2,445,2005-08,5.72,1.1,27.95,2005-08-23,5,2005-08-17
22.24,Abha,5.53,Saudi Arabia,101,PEGGY MYERS,2,2,316,2005-07,1.7,0.47,23.94,2005-07-12,6,2005-07-06
22.25,Eskisehir,8.17,Turkey,507,EDGAR RHOADS,2,2,315,2005-07,6.65,1.83,28.9,2005-07-12,10,2005-07-06
22.25,Oyo,5.0,Nigeria,250,JO FOWLER,2,2,443,2005-08,2.69,1.0,24.94,2005-08-22,6,2005-08-16
22.25,Plock,5.3,Poland,571,JOHNNIE CHISHOLM,2,2,444,2005-08,9.68,1.7,31.93,2005-08-02,7,2005-07-27
22.26,San Felipe de Puerto Plata,3.53,Dominican Republic,418,JEFF EAST,2,2,314,2005-07,5.69,1.47,27.95,2005-07-31,5,2005-07-25
22.27,Poos de Caldas,6.67,Brazil,254,MAXINE SILVA,2,2,442,2005-08,8.64,2.33,30.91,2005-08-21,9,2005-08-15
22.27,guas Lindas de Gois,5.87,Brazil,130,CHARLOTTE HUNTER,2,2,441,2005-08,4.66,1.13,26.93,2005-08-01,7,2005-07-26
22.34,al-Manama,6.2,Bahrain,590,SETH HANNON,2,2,313,2005-07,9.58,1.8,31.92,2005-07-12,8,2005-07-06
22.37,Pingxiang,6.3,China,169,ERICA MATTHEWS,2,2,440,2005-08,6.55,1.7,28.92,2005-08-23,8,2005-08-17
22.39,Syktyvkar,4.5,Russian Federation,428,HERBERT KRUGER,2,2,312,2005-07,6.55,1.5,28.94,2005-07-31,6,2005-07-25
22.4,Kimberley,3.47,South Africa,19,RUTH MARTINEZ,2,2,311,2005-07,2.56,0.53,24.96,2005-07-31,4,2005-07-25
22.44,Baicheng,5.67,China,538,TED BREAUX,2,2,310,2005-07,6.49,1.33,28.93,2005-07-11,7,2005-07-05
22.44,Czestochowa,5.53,Poland,572,SIDNEY BURLESON,2,2,309,2005-07,6.49,1.47,28.93,2005-07-31,7,2005-07-25
22.47,Halle/Saale,6.57,Germany,251,VICKIE BREWER,2,2,439,2005-08,9.44,2.43,31.91,2005-08-23,9,2005-08-17
22.48,Alessandria,5.27,Italy,33,ANNA HILL,2,2,438,2005-08,7.45,1.73,29.93,2005-08-22,7,2005-08-16
22.49,Dhule (Dhulia),4.2,India,440,BERNARD COLBY,2,2,308,2005-07,6.45,1.8,28.94,2005-07-31,6,2005-07-25
22.49,Ezhou,4.77,China,313,DONALD MAHON,2,2,437,2005-08,4.45,1.23,26.94,2005-08-02,6,2005-07-27
22.5,Yuncheng,6.5,China,154,MICHELE GRANT,2,2,307,2005-07,5.42,1.5,27.92,2005-07-11,8,2005-07-05
22.51,Aparecida de Goinia,5.3,Brazil,216,NATALIE MEYER,2,2,435,2005-08,7.42,1.7,29.93,2005-08-23,7,2005-08-17
22.51,El Alto,5.93,Bolivia,455,JON WILES,2,2,436,2005-08,8.41,2.07,30.92,2005-08-23,8,2005-08-17
22.53,El Alto,3.57,Bolivia,455,JON WILES,2,2,306,2005-07,4.42,1.43,26.95,2005-07-12,5,2005-07-06
22.55,Ede,5.17,Netherlands,341,PETER MENARD,2,2,434,2005-08,8.38,1.83,30.93,2005-08-23,7,2005-08-17
22.56,Bat Yam,4.4,Israel,315,KENNETH GOODEN,2,2,305,2005-07,2.39,0.6,24.95,2005-07-12,5,2005-07-06
22.56,Coacalco de Berriozbal,4.47,Mexico,247,STELLA MORENO,2,2,433,2005-08,6.38,1.53,28.94,2005-08-20,6,2005-08-14
22.57,La Paz,3.1,Mexico,488,SHANE MILLARD,2,2,304,2005-07,5.39,0.9,27.96,2005-07-12,4,2005-07-06
22.6,Arak,6.27,Iran,36,KATHLEEN ADAMS,2,2,302,2005-07,5.32,1.73,27.92,2005-07-31,8,2005-07-25
22.6,Balurghat,6.47,India,208,LUCY WHEELER,2,2,432,2005-08,9.31,2.53,31.91,2005-08-02,9,2005-07-27
22.6,Hamilton,6.47,New Zealand,8,SUSAN WILSON,2,2,303,2005-07,6.32,1.53,28.92,2005-07-11,8,2005-07-05
22.61,al-Ayn,5.9,United Arab Emirates,98,LILLIAN GRIFFIN,2,2,301,2005-07,5.32,1.1,27.93,2005-07-31,7,2005-07-25
22.62,Benguela,4.23,Angola,528,CLAUDE HERZOG,2,2,300,2005-07,3.33,0.77,25.95,2005-07-09,5,2005-07-03
22.63,Niznekamsk,3.73,Russian Federation,48,ANN EVANS,2,2,431,2005-08,6.32,1.27,28.95,2005-08-01,5,2005-07-26
22.68,Ogbomosho,5.57,Nigeria,277,OLGA JIMENEZ,2,2,299,2005-07,10.24,2.43,32.92,2005-07-12,8,2005-07-06
22.69,Valencia,4.33,Venezuela,539,MATHEW BOLIN,2,2,298,2005-07,7.25,1.67,29.94,2005-07-31,6,2005-07-25
22.72,Baha Blanca,4.7,Argentina,322,JASON MORRISSEY,2,2,430,2005-08,8.21,2.3,30.93,2005-08-02,7,2005-07-27
22.73,Tychy,6.57,Poland,380,RUSSELL BRINSON,2,2,19,2005-06,5.19,1.43,27.92,2005-06-23,8,2005-06-17
22.76,Ife,7.3,Nigeria,80,MARILYN ROSS,2,2,429,2005-08,11.14,2.7,33.9,2005-08-23,10,2005-08-17
22.78,Datong,5.43,China,260,CHRISTY VARGAS,2,2,18,2005-06,8.15,1.57,30.93,2005-06-23,7,2005-06-17
22.79,Tanza,4.07,Philippines,236,MARCIA DEAN,2,2,17,2005-06,8.15,1.93,30.94,2005-06-23,6,2005-06-17
22.84,Huixquilucan,6.33,Mexico,108,TRACY COLE,2,2,297,2005-07,7.08,1.67,29.92,2005-07-10,8,2005-07-04
22.84,Saint Louis,5.6,United States,62,JOAN COOPER,2,2,428,2005-08,5.09,1.4,27.93,2005-08-23,7,2005-08-17
22.88,Salinas,4.87,United States,269,CASSANDRA WALTERS,2,2,427,2005-08,10.05,2.13,32.93,2005-08-23,7,2005-08-17
22.89,Chiayi,4.13,Taiwan,73,BEVERLY BROOKS,2,2,295,2005-07,3.06,0.87,25.95,2005-07-12,5,2005-07-06
22.89,El Fuerte,4.37,Mexico,451,JIM REA,2,2,426,2005-08,9.05,1.63,31.94,2005-08-02,6,2005-07-27
22.89,Tel Aviv-Jaffa,4.77,Israel,161,GERALDINE PERKINS,2,2,296,2005-07,5.05,1.23,27.94,2005-07-12,6,2005-07-06
22.92,La Romana,5.03,Dominican Republic,437,RANDALL NEUMANN,2,2,294,2005-07,4.02,0.97,26.94,2005-07-10,6,2005-07-04
22.93,Amersfoort,6.97,Netherlands,415,GLENN PULLEN,2,2,425,2005-08,7.98,2.03,30.91,2005-08-02,9,2005-07-27
22.97,Surakarta,6.27,Indonesia,450,JAY ROBB,2,2,424,2005-08,4.95,1.73,27.92,2005-08-22,8,2005-08-16
22.98,Bellevue,5.2,United States,212,WILMA RICHARDS,2,2,423,2005-08,6.95,1.8,29.93,2005-08-23,7,2005-08-17
22.98,Charlotte Amalie,5.73,"Virgin Islands, U.S.",406,NATHAN RUNYON,2,2,16,2005-06,3.95,1.27,26.93,2005-06-23,7,2005-06-17
23.0,Kilis,3.47,Turkey,143,LESLIE GORDON,2,2,293,2005-07,5.95,1.53,28.95,2005-07-11,5,2005-07-05
23.01,Bijapur,5.77,India,468,TIM CARY,2,2,292,2005-07,8.91,2.23,31.92,2005-07-12,8,2005-07-06
23.03,Augusta-Richmond County,4.17,United States,96,DIANA ALEXANDER,2,2,422,2005-08,6.92,1.83,29.94,2005-08-01,6,2005-07-26
23.08,Sanya,5.03,China,546,KELLY KNOTT,2,2,421,2005-08,7.85,1.97,30.93,2005-08-23,7,2005-08-17
23.09,Kamarhati,7.33,India,31,BRENDA WRIGHT,2,2,15,2005-06,5.82,1.67,28.91,2005-06-23,9,2005-06-17
23.09,Kermanshah,4.57,Iran,377,HOWARD FORTNER,2,2,291,2005-07,4.85,1.43,27.94,2005-07-31,6,2005-07-25
23.1,Uttarpara-Kotrung,6.9,India,231,GEORGIA JACOBS,2,2,290,2005-07,3.82,1.1,26.92,2005-07-12,8,2005-07-06
23.11,Izumisano,5.23,Japan,391,CLARENCE GAMEZ,2,2,289,2005-07,4.82,1.77,27.93,2005-07-12,7,2005-07-06
23.12,Cheju,4.8,South Korea,88,BONNIE HUGHES,2,2,420,2005-08,8.81,2.2,31.93,2005-08-02,7,2005-07-27
23.12,Hoshiarpur,4.23,India,412,ALLEN BUTTERFIELD,2,2,287,2005-07,1.83,0.77,24.95,2005-07-31,5,2005-07-25
23.12,Ueda,4.77,Japan,503,ANGEL BARCLAY,2,2,288,2005-07,4.82,1.23,27.94,2005-07-12,6,2005-07-06
23.19,Jhansi,4.03,India,32,AMY LOPEZ,2,2,419,2005-08,9.75,1.97,32.94,2005-08-21,6,2005-08-15
23.2,Tel Aviv-Jaffa,6.97,Israel,161,GERALDINE PERKINS,2,2,418,2005-08,8.71,2.03,31.91,2005-08-02,9,2005-07-27
23.24,Bhusawal,6.43,India,202,CARLA GUTIERREZ,2,2,286,2005-07,6.68,1.57,29.92,2005-07-31,8,2005-07-25
23.27,Gulbarga,6.53,India,370,WAYNE TRUONG,2,2,417,2005-08,7.64,2.47,30.91,2005-08-23,9,2005-08-17
23.32,Balurghat,5.17,India,208,LUCY WHEELER,2,2,285,2005-07,5.62,1.83,28.93,2005-07-12,7,2005-07-06
23.37,Citt del Vaticano,5.97,Holy See (Vatican City State),26,JESSICA HALL,2,2,283,2005-07,11.55,2.03,34.92,2005-07-09,8,2005-07-03
23.37,Tongliao,6.03,China,442,LEROY BUSTAMANTE,2,2,284,2005-07,8.55,1.97,31.92,2005-07-12,8,2005-07-06
23.4,Halifax,6.33,Canada,463,DARRELL POWER,2,2,416,2005-08,4.52,1.67,27.92,2005-08-01,8,2005-07-26
23.44,Vaduz,6.23,Liechtenstein,57,EVELYN MORGAN,2,2,282,2005-07,7.48,1.77,30.92,2005-07-12,8,2005-07-06
23.48,Benguela,4.9,Angola,528,CLAUDE HERZOG,2,2,415,2005-08,10.45,2.1,33.93,2005-08-02,7,2005-07-27
23.48,Haining,5.07,China,552,HUGH WALDROP,2,2,281,2005-07,5.46,0.93,28.94,2005-07-30,6,2005-07-24
23.51,Tieli,5.9,China,599,AUSTIN CINTRON,2,2,414,2005-08,4.42,1.1,27.93,2005-08-23,7,2005-08-17
23.52,Tabuk,4.97,Saudi Arabia,312,MARK RINEHART,2,2,413,2005-08,8.41,2.03,31.93,2005-08-02,7,2005-07-27
23.52,Tarlac,4.4,Philippines,548,ALLAN CORNISH,2,2,412,2005-08,2.43,0.6,25.95,2005-08-21,5,2005-08-15
23.53,Dallas,3.83,United States,400,BRYAN HARDISON,2,2,280,2005-07,5.42,1.17,28.95,2005-07-12,5,2005-07-06
23.55,Merlo,4.93,Argentina,107,FLORENCE WOODS,2,2,279,2005-07,9.38,2.07,32.93,2005-07-30,7,2005-07-24
23.56,Funafuti,4.4,Tuvalu,105,DAWN SULLIVAN,2,2,411,2005-08,7.38,1.6,30.94,2005-08-01,6,2005-07-26
23.58,Junan,5.37,China,435,RICKY SHELBY,2,2,410,2005-08,7.35,1.63,30.93,2005-08-02,7,2005-07-27
23.58,Sanya,5.53,China,546,KELLY KNOTT,2,2,278,2005-07,4.35,1.47,27.93,2005-07-12,7,2005-07-06
23.61,Papeete,6.1,French Polynesia,56,GLORIA COOK,2,2,409,2005-08,8.31,1.9,31.92,2005-08-02,8,2005-07-27
23.62,Battambang,5.07,Cambodia,516,ELMER NOE,2,2,277,2005-07,5.32,0.93,28.94,2005-07-30,6,2005-07-24
23.65,Angra dos Reis,5.03,Brazil,307,JOSEPH JOY,2,2,276,2005-07,8.28,1.97,31.93,2005-07-11,7,2005-07-05
23.69,Szkesfehrvr,4.6,Hungary,592,TERRANCE ROUSH,2,2,275,2005-07,7.25,1.4,30.94,2005-07-08,6,2005-07-02
23.71,Manchester,5.6,United States,382,VICTOR BARKLEY,2,2,408,2005-08,5.22,1.4,28.93,2005-08-01,7,2005-07-26
23.73,Purwakarta,3.97,Indonesia,524,JARED ELY,2,2,274,2005-07,4.22,1.03,27.95,2005-07-12,5,2005-07-06
23.74,Etawah,6.17,India,121,JOSEPHINE GOMEZ,2,2,273,2005-07,2.19,0.83,25.93,2005-07-30,7,2005-07-24
23.75,Esfahan,4.77,Iran,10,DOROTHY TAYLOR,2,2,407,2005-08,9.18,2.23,32.93,2005-08-02,7,2005-07-27
23.77,Anpolis,6.33,Brazil,229,TAMARA NGUYEN,2,2,272,2005-07,6.15,1.67,29.92,2005-07-12,8,2005-07-06
23.77,al-Qatif,6.07,Saudi Arabia,417,TRAVIS ESTEP,2,2,406,2005-08,7.15,1.93,30.92,2005-08-22,8,2005-08-16
23.79,Mexicali,4.53,Mexico,343,DOUGLAS GRAF,2,2,405,2005-08,9.15,1.47,32.94,2005-08-01,6,2005-07-26
23.8,Kabul,3.83,Afghanistan,218,VERA MCCOY,2,2,404,2005-08,5.16,1.17,28.95,2005-08-01,5,2005-07-26
23.85,Citrus Heights,5.47,United States,14,BETTY WHITE,2,2,271,2005-07,2.09,0.53,25.94,2005-07-10,6,2005-07-04
23.86,Mexicali,3.7,Mexico,343,DOUGLAS GRAF,2,2,270,2005-07,8.09,1.3,31.95,2005-07-31,5,2005-07-25
23.89,Cuman,4.73,Venezuela,113,CINDY FISHER,2,2,14,2005-06,4.05,1.27,27.94,2005-06-23,6,2005-06-17
23.94,Bayugan,6.23,Philippines,188,MELANIE ARMSTRONG,2,2,403,2005-08,6.98,1.77,30.92,2005-08-02,8,2005-07-27
23.95,Jaroslavl,5.17,Russian Federation,222,DELORES HANSEN,2,2,269,2005-07,5.99,0.83,29.94,2005-07-12,6,2005-07-06
23.98,Pereira,5.17,Colombia,180,STACY CUNNINGHAM,2,2,402,2005-08,7.95,1.83,31.93,2005-08-02,7,2005-07-27
23.99,Nantou,7.9,Taiwan,5,ELIZABETH BROWN,2,2,401,2005-08,11.9,3.1,35.89,2005-08-02,11,2005-07-27
24.02,Augusta-Richmond County,4.37,United States,96,DIANA ALEXANDER,2,2,268,2005-07,5.92,1.63,29.94,2005-07-31,6,2005-07-25
24.03,Dos Quebradas,6.6,Colombia,120,SYLVIA ORTIZ,2,2,400,2005-08,8.88,2.4,32.91,2005-08-02,9,2005-07-27
24.07,Atinsk,6.07,Russian Federation,397,JIMMY SCHRADER,2,2,267,2005-07,3.86,0.93,27.93,2005-07-11,7,2005-07-05
24.11,Richmond Hill,6.07,Canada,410,CURTIS IRBY,2,2,266,2005-07,6.81,1.93,30.92,2005-07-11,8,2005-07-05
24.15,Xiangtan,5.37,China,67,KELLY TORRES,2,2,399,2005-08,8.78,1.63,32.93,2005-08-22,7,2005-08-16
24.16,Jhansi,7.17,India,32,AMY LOPEZ,2,2,264,2005-07,6.75,1.83,30.91,2005-07-12,9,2005-07-06
24.16,Udine,4.43,Italy,525,ADRIAN CLARY,2,2,265,2005-07,2.79,0.57,26.95,2005-07-12,5,2005-07-06
24.21,Hagonoy,5.63,Philippines,255,IRMA PEARSON,2,2,398,2005-08,6.72,1.37,30.93,2005-08-21,7,2005-08-15
24.22,Dundee,4.93,United Kingdom,142,APRIL BURNS,2,2,263,2005-07,3.72,1.07,27.94,2005-07-30,6,2005-07-24
24.24,Xinxiang,6.07,China,339,WALTER PERRYMAN,2,2,262,2005-07,8.68,1.93,32.92,2005-07-12,8,2005-07-06
24.26,Changhwa,3.83,Taiwan,75,TAMMY SANDERS,2,2,13,2005-06,5.69,1.17,29.95,2005-06-23,5,2005-06-17
24.27,Avellaneda,6.0,Argentina,560,JORDAN ARCHULETA,2,2,261,2005-07,8.65,2.0,32.92,2005-07-31,8,2005-07-25
24.27,Weifang,6.77,China,588,MARION OCAMPO,2,2,397,2005-08,8.64,2.23,32.91,2005-08-01,9,2005-07-26
24.29,Inegl,7.23,Turkey,278,BILLIE HORTON,2,2,396,2005-08,7.62,1.77,31.91,2005-08-02,9,2005-07-27
24.31,Jurez,8.9,Mexico,369,FRED WHEAT,2,2,395,2005-08,8.58,2.1,32.89,2005-08-02,11,2005-07-27
24.34,Teboksary,6.4,Russian Federation,350,JUAN FRALEY,2,2,394,2005-08,2.59,0.6,26.93,2005-08-19,7,2005-08-13
24.36,Fukuyama,4.5,Japan,141,DEBBIE REYES,2,2,260,2005-07,4.58,1.5,28.94,2005-07-31,6,2005-07-25
24.37,Tianjin,3.4,China,249,DORA MEDINA,2,2,259,2005-07,7.58,1.6,31.95,2005-07-12,5,2005-07-06
24.38,Omiya,5.47,Japan,404,STANLEY SCROGGINS,2,2,258,2005-07,6.55,1.53,30.93,2005-07-11,7,2005-07-05
24.4,Tegal,6.2,Indonesia,458,LLOYD DOWD,2,2,257,2005-07,2.53,0.8,26.93,2005-07-12,7,2005-07-06
24.41,Kowloon and New Kowloon,5.9,Hong Kong,289,VIOLET RODRIQUEZ,2,2,256,2005-07,11.51,2.1,35.92,2005-07-12,8,2005-07-06
24.43,Faaa,7.1,French Polynesia,43,CHRISTINE ROBERTS,2,2,254,2005-07,3.49,0.9,27.92,2005-07-12,8,2005-07-06
24.43,Lhokseumawe,4.03,Indonesia,473,JORGE OLIVARES,2,2,255,2005-07,7.51,1.97,31.94,2005-07-30,6,2005-07-24
24.45,Idfu,5.37,Egypt,233,LILLIE KIM,2,2,253,2005-07,6.48,1.63,30.93,2005-07-12,7,2005-07-06
24.55,Parbhani,5.0,India,300,JOHN FARNSWORTH,2,2,252,2005-07,2.39,1.0,26.94,2005-07-12,6,2005-07-06
24.56,Valparai,4.3,India,403,MIKE WAY,2,2,251,2005-07,8.38,1.7,32.94,2005-07-31,6,2005-07-25
24.59,Tartu,7.6,Estonia,444,MARCUS HIDALGO,2,2,393,2005-08,9.31,2.4,33.9,2005-08-23,10,2005-08-17
24.61,Sumqayit,5.67,Azerbaijan,334,RAYMOND MCWHORTER,2,2,392,2005-08,11.31,2.33,35.92,2005-08-02,8,2005-07-27
24.63,Emeishan,3.33,China,389,ALAN KAHN,2,2,250,2005-07,6.32,1.67,30.95,2005-07-30,5,2005-07-24
24.66,Bucuresti,6.97,Romania,563,KEN PREWITT,2,2,391,2005-08,8.25,2.03,32.91,2005-08-23,9,2005-08-17
24.68,Valencia,4.93,Venezuela,539,MATHEW BOLIN,2,2,390,2005-08,9.25,2.07,33.93,2005-08-02,7,2005-07-27
24.69,Mit Ghamr,4.37,Egypt,491,RICK MATTOX,2,2,249,2005-07,9.25,1.63,33.94,2005-07-31,6,2005-07-25
24.69,al-Hawiya,4.7,Saudi Arabia,70,CHRISTINA RAMIREZ,2,2,389,2005-08,5.25,1.3,29.94,2005-08-02,6,2005-07-27
24.7,Katihar,6.27,India,419,CHAD CARBONE,2,2,388,2005-08,8.21,2.73,32.91,2005-08-02,9,2005-07-27
24.72,Wroclaw,4.33,Poland,558,JIMMIE EGGLESTON,2,2,12,2005-06,3.23,0.67,27.95,2005-06-23,5,2005-06-17
24.74,Bellevue,2.97,United States,212,WILMA RICHARDS,2,2,248,2005-07,4.22,1.03,28.96,2005-07-09,4,2005-07-03
24.76,Kabul,4.0,Afghanistan,218,VERA MCCOY,2,2,247,2005-07,4.19,1.0,28.95,2005-07-31,5,2005-07-25
24.77,Ciomas,6.7,Indonesia,239,MINNIE ROMERO,2,2,387,2005-08,9.14,2.3,33.91,2005-08-02,9,2005-07-27
24.81,A Corua (La Corua),5.37,Spain,52,JULIE SANCHEZ,2,2,245,2005-07,6.12,1.63,30.93,2005-07-31,7,2005-07-25
24.81,Bag,5.43,Brazil,398,ANTONIO MEEK,2,2,246,2005-07,3.13,0.57,27.94,2005-07-31,6,2005-07-25
24.83,Xinxiang,6.73,China,339,WALTER PERRYMAN,2,2,386,2005-08,9.08,2.27,33.91,2005-08-21,9,2005-08-15
24.86,Sultanbeyli,4.37,Turkey,493,BRENT HARKINS,2,2,385,2005-08,9.08,1.63,33.94,2005-08-02,6,2005-07-27
24.87,Sivas,6.47,Turkey,518,GABRIEL HARDER,2,2,244,2005-07,7.05,1.53,31.92,2005-07-29,8,2005-07-23
24.87,Tafuna,6.37,American Samoa,320,ANTHONY SCHWAB,2,2,384,2005-08,6.05,1.63,30.92,2005-08-01,8,2005-07-26
24.89,Ipoh,4.67,Malaysia,171,DOLORES WAGNER,2,2,11,2005-06,7.05,1.33,31.94,2005-06-23,6,2005-06-17
24.9,Pudukkottai,3.17,India,421,LEE HAWKS,2,2,243,2005-07,4.06,0.83,28.96,2005-07-07,4,2005-07-01
24.9,Sungai Petani,6.37,Malaysia,306,CHARLES KOWALSKI,2,2,242,2005-07,7.02,1.63,31.92,2005-07-30,8,2005-07-24
24.91,Coacalco de Berriozbal,5.4,Mexico,247,STELLA MORENO,2,2,241,2005-07,3.03,0.6,27.94,2005-07-10,6,2005-07-04
24.95,Kumbakonam,5.33,India,271,PENNY NEAL,2,2,383,2005-08,4.98,1.67,29.93,2005-08-02,7,2005-07-27
24.95,Trshavn,5.43,Faroe Islands,317,EDWARD BAUGH,2,2,240,2005-07,5.98,1.57,30.93,2005-07-31,7,2005-07-25
24.96,Nezahualcyotl,7.57,Mexico,115,WENDY HARRISON,2,2,239,2005-07,3.95,1.43,28.91,2005-07-12,9,2005-07-06
24.96,Ruse,4.23,Bulgaria,540,TYRONE ASHER,2,2,382,2005-08,7.98,1.77,32.94,2005-08-02,6,2005-07-27
24.99,Florencia,4.3,Colombia,460,LEON BOSTIC,2,2,238,2005-07,2.96,0.7,27.95,2005-07-12,5,2005-07-06
25.02,Pangkal Pinang,4.27,Indonesia,542,LONNIE TIRADO,2,2,237,2005-07,4.93,0.73,29.95,2005-07-12,5,2005-07-06
25.05,Karnal,4.83,India,274,NAOMI JENNINGS,2,2,236,2005-07,4.89,1.17,29.94,2005-07-31,6,2005-07-25
25.08,Korolev,8.43,Russian Federation,393,PHILIP CAUSEY,2,2,381,2005-08,9.81,2.57,34.89,2005-08-23,11,2005-08-17
25.2,Kisumu,3.7,Kenya,193,KATIE ELLIOTT,2,2,10,2005-06,5.75,1.3,30.95,2005-06-23,5,2005-06-17
25.2,Ponce,6.23,Puerto Rico,282,JENNY CASTRO,2,2,380,2005-08,11.71,2.77,36.91,2005-08-02,9,2005-07-27
25.23,Patras,6.83,Greece,596,ENRIQUE FORSYTHE,2,2,379,2005-08,7.68,2.17,32.91,2005-08-23,9,2005-08-17
25.24,Ikerre,6.23,Nigeria,198,ELSIE KELLEY,2,2,235,2005-07,1.69,0.77,26.93,2005-07-12,7,2005-07-06
25.24,Nador,5.73,Morocco,40,AMANDA CARTER,2,2,234,2005-07,3.69,1.27,28.93,2005-07-31,7,2005-07-25
25.24,Santiago de los Caballeros,6.07,Dominican Republic,258,MYRTLE FLEMING,2,2,378,2005-08,8.68,1.93,33.92,2005-08-01,8,2005-07-26
25.28,Bamenda,5.53,Cameroon,352,ALBERT CROUSE,2,2,377,2005-08,7.65,1.47,32.93,2005-08-01,7,2005-07-26
25.3,Laiwu,6.57,China,151,MEGAN PALMER,2,2,376,2005-08,3.62,1.43,28.92,2005-08-01,8,2005-07-26
25.31,Sunnyvale,5.27,United States,214,KRISTIN JOHNSTON,2,2,375,2005-08,7.62,1.73,32.93,2005-08-02,7,2005-07-27
25.33,Datong,6.9,China,260,CHRISTY VARGAS,2,2,374,2005-08,6.58,2.1,31.91,2005-08-02,9,2005-07-27
25.4,Nagareyama,6.47,Japan,53,HEATHER MORRIS,2,2,373,2005-08,7.52,1.53,32.92,2005-08-21,8,2005-08-15
25.47,Xiangfan,6.27,China,241,HEIDI LARSON,2,2,372,2005-08,10.44,2.73,35.91,2005-08-23,9,2005-08-17
25.51,Konotop,5.63,Ukraine,545,JULIO NOLAND,2,2,371,2005-08,10.41,2.37,35.92,2005-08-23,8,2005-08-17
25.53,Bchar,7.0,Algeria,69,JUDY GRAY,2,2,370,2005-08,7.38,2.0,32.91,2005-08-23,9,2005-08-17
25.55,Torren,5.4,Mexico,133,PAULINE HENRY,2,2,233,2005-07,6.38,1.6,31.93,2005-07-12,7,2005-07-06
25.56,Chapra,4.17,India,509,RAUL FORTIER,2,2,369,2005-08,8.38,1.83,33.94,2005-08-02,6,2005-07-27
25.56,Gaziantep,4.1,Turkey,480,COREY HAUSER,2,2,232,2005-07,4.39,0.9,29.95,2005-07-30,5,2005-07-24
25.57,Chisinau,5.93,Moldova,38,MARTHA GONZALEZ,2,2,231,2005-07,7.35,2.07,32.92,2005-07-12,8,2005-07-06
25.58,Udaipur,4.9,India,170,BEATRICE ARNOLD,2,2,368,2005-08,10.35,2.1,35.93,2005-08-23,7,2005-08-17
25.64,Nagaon,8.9,India,152,ALICIA MILLS,2,2,367,2005-08,5.26,1.1,30.9,2005-08-21,10,2005-08-15
25.67,Sokoto,6.07,Nigeria,562,WALLACE SLONE,2,2,366,2005-08,8.25,1.93,33.92,2005-08-23,8,2005-08-17
25.69,Chatsworth,4.57,South Africa,555,DWIGHT LOMBARDI,2,2,230,2005-07,1.26,0.43,26.95,2005-07-31,5,2005-07-25
25.74,Ponce,5.53,Puerto Rico,282,JENNY CASTRO,2,2,229,2005-07,5.19,1.47,30.93,2005-07-10,7,2005-07-04
25.75,Jurez,5.37,Mexico,369,FRED WHEAT,2,2,228,2005-07,2.19,0.63,27.94,2005-07-10,6,2005-07-04
25.76,A Corua (La Corua),7.13,Spain,52,JULIE SANCHEZ,2,2,365,2005-08,7.15,1.87,32.91,2005-08-01,9,2005-07-26
25.76,Kamyin,3.8,Russian Federation,510,BEN EASTER,2,2,227,2005-07,5.19,1.2,30.95,2005-07-30,5,2005-07-24
25.77,Beni-Mellal,6.63,Morocco,543,LANCE PEMBERTON,2,2,364,2005-08,5.15,1.37,30.92,2005-08-02,8,2005-07-27
25.78,Ipoh,5.7,Malaysia,171,DOLORES WAGNER,2,2,363,2005-08,6.15,1.3,31.93,2005-08-21,7,2005-08-15
25.79,Serpuhov,4.07,Russian Federation,567,ALFREDO MCADAMS,2,2,362,2005-08,6.15,1.93,31.94,2005-08-01,6,2005-07-26
25.8,Tangail,3.6,Bangladesh,21,MICHELLE CLARK,2,2,9,2005-06,6.15,1.4,31.95,2005-06-23,5,2005-06-17
25.81,Yangor,5.23,Nauru,513,DUANE TUBBS,2,2,226,2005-07,8.12,1.77,33.93,2005-07-31,7,2005-07-25
25.82,Skikda,7.57,Algeria,176,JUNE CARROLL,2,2,361,2005-08,11.08,2.43,36.9,2005-08-02,10,2005-07-27
25.86,Lapu-Lapu,7.73,Philippines,244,VIOLA HANSON,2,2,225,2005-07,6.05,1.27,31.91,2005-07-12,9,2005-07-06
25.88,Ruse,5.5,Bulgaria,540,TYRONE ASHER,2,2,224,2005-07,6.05,1.5,31.93,2005-07-12,7,2005-07-06
25.9,Santo Andr,7.13,Brazil,354,JUSTIN NGO,2,2,223,2005-07,7.01,1.87,32.91,2005-07-12,9,2005-07-06
25.95,Salinas,4.87,United States,269,CASSANDRA WALTERS,2,2,222,2005-07,5.99,1.13,31.94,2005-07-12,6,2005-07-06
25.96,Zhoushan,3.9,China,550,GUY BROWNLEE,2,2,8,2005-06,6.99,1.1,32.95,2005-06-23,5,2005-06-17
25.98,Rizhao,5.37,China,496,TYLER WREN,2,2,360,2005-08,7.95,1.63,33.93,2005-08-23,7,2005-08-17
26.04,Palghat (Palakkad),6.23,India,268,NINA SOTO,2,2,359,2005-08,8.88,1.77,34.92,2005-08-22,8,2005-08-16
26.04,Satna,6.33,India,356,GERALD FULTZ,2,2,221,2005-07,5.88,1.67,31.92,2005-07-31,8,2005-07-25
26.04,Tandil,5.87,Argentina,405,LEONARD SCHOFIELD,2,2,358,2005-08,5.88,2.13,31.92,2005-08-02,8,2005-07-27
26.06,Belm,4.43,Brazil,362,NICHOLAS BARFIELD,2,2,220,2005-07,5.88,1.57,31.94,2005-07-12,6,2005-07-06
26.07,Ezeiza,6.53,Argentina,530,DARRYL ASHCRAFT,2,2,357,2005-08,4.85,1.47,30.92,2005-08-01,8,2005-07-26
26.07,Jaipur,6.5,India,60,MILDRED BAILEY,2,2,356,2005-08,4.85,1.5,30.92,2005-08-02,8,2005-07-27
26.13,Emmen,6.9,Netherlands,474,DUSTIN GILLETTE,2,2,355,2005-08,6.78,2.1,32.91,2005-08-23,9,2005-08-17
26.13,Xiangfan,7.33,China,241,HEIDI LARSON,2,2,219,2005-07,3.78,1.67,29.91,2005-07-11,9,2005-07-05
26.14,Graz,6.33,Austria,173,AUDREY RAY,2,2,218,2005-07,5.78,1.67,31.92,2005-07-11,8,2005-07-05
26.18,Hubli-Dharwad,5.77,India,136,ANITA MORALES,2,2,353,2005-08,5.75,1.23,31.93,2005-08-23,7,2005-08-17
26.18,Pathankot,5.8,India,95,PAULA BRYANT,2,2,354,2005-08,5.75,1.2,31.93,2005-08-01,7,2005-07-26
26.21,Korla,8.63,China,283,FELICIA SUTTON,2,2,217,2005-07,8.68,2.37,34.89,2005-07-12,11,2005-07-06
26.22,Pathankot,5.0,India,95,PAULA BRYANT,2,2,216,2005-07,4.72,1.0,30.94,2005-07-31,6,2005-07-25
26.25,Owo,8.2,Nigeria,280,TRACEY BARRETT,2,2,215,2005-07,2.66,0.8,28.91,2005-07-30,9,2005-07-24
26.26,Korolev,4.33,Russian Federation,393,PHILIP CAUSEY,2,2,214,2005-07,7.68,1.67,33.94,2005-07-11,6,2005-07-05
26.27,Monclova,6.3,Mexico,570,IVAN CROMWELL,2,2,213,2005-07,4.65,1.7,30.92,2005-07-31,8,2005-07-25
26.28,Lengshuijiang,5.8,China,267,MARGIE WADE,2,2,212,2005-07,4.65,1.2,30.93,2005-07-31,7,2005-07-25
26.29,Kingstown,7.77,Saint Vincent and the Grenadines,326,JOSE ANDREW,2,2,211,2005-07,5.62,1.23,31.91,2005-07-31,9,2005-07-25
26.35,Merlo,5.47,Argentina,107,FLORENCE WOODS,2,2,352,2005-08,11.57,2.53,37.92,2005-08-01,8,2005-07-26
26.41,Faaa,5.67,French Polynesia,43,CHRISTINE ROBERTS,2,2,351,2005-08,6.52,1.33,32.93,2005-08-23,7,2005-08-17
26.42,Pemalang,4.87,Indonesia,116,VICTORIA GIBSON,2,2,350,2005-08,8.51,2.13,34.93,2005-08-22,7,2005-08-16
26.43,Kamakura,6.77,Japan,79,RACHEL BARNES,2,2,210,2005-07,4.49,1.23,30.92,2005-07-11,8,2005-07-05
26.43,Yantai,3.23,China,272,KAY CALDWELL,2,2,209,2005-07,3.53,0.77,29.96,2005-07-31,4,2005-07-25
26.44,Kalisz,5.63,Poland,270,LEAH CURTIS,2,2,349,2005-08,6.49,1.37,32.93,2005-08-02,7,2005-07-27
26.46,al-Qatif,4.33,Saudi Arabia,417,TRAVIS ESTEP,2,2,208,2005-07,3.49,0.67,29.95,2005-07-11,5,2005-07-05
26.51,Compton,5.3,United States,182,RENEE LANE,2,2,348,2005-08,7.42,1.7,33.93,2005-08-22,7,2005-08-16
26.52,Toulon,4.83,France,104,RITA GRAHAM,2,2,207,2005-07,3.42,1.17,29.94,2005-07-09,6,2005-07-03
26.54,Allappuzha (Alleppey),6.33,India,175,ANNETTE OLSON,2,2,347,2005-08,7.38,1.67,33.92,2005-08-01,8,2005-07-26
26.55,Jedda,5.3,Saudi Arabia,49,JOYCE EDWARDS,2,2,205,2005-07,7.38,1.7,33.93,2005-07-12,7,2005-07-06
26.55,Roanoke,5.37,United States,291,TONI HOLT,2,2,206,2005-07,6.38,1.63,32.93,2005-07-31,7,2005-07-25
26.56,Kursk,4.13,Russian Federation,311,PAUL TROUT,2,2,204,2005-07,4.39,0.87,30.95,2005-07-31,5,2005-07-25
26.65,Jaffna,5.4,Sri Lanka,408,MANUEL MURRELL,2,2,203,2005-07,5.28,1.6,31.93,2005-07-31,7,2005-07-25
26.66,Bratislava,7.4,Slovakia,357,KEITH RICO,2,2,346,2005-08,9.24,2.6,35.9,2005-08-02,10,2005-07-27
26.66,La Plata,7.77,Argentina,89,JULIA FLORES,2,2,202,2005-07,10.24,2.23,36.9,2005-07-31,10,2005-07-25
26.72,Joliet,4.23,United States,504,NATHANIEL ADAM,2,2,201,2005-07,4.23,0.77,30.95,2005-07-09,5,2005-07-03
26.76,Ashqelon,4.13,Israel,478,LEWIS LYMAN,2,2,7,2005-06,4.19,0.87,30.95,2005-06-23,5,2005-06-17
26.79,Jodhpur,7.93,India,224,PEARL GARZA,2,2,345,2005-08,6.11,2.07,32.9,2005-08-23,10,2005-08-17
26.82,Taguig,5.17,Philippines,72,THERESA WATSON,2,2,344,2005-08,6.11,1.83,32.93,2005-08-02,7,2005-07-27
26.84,Rio Claro,9.0,Brazil,74,DENISE KELLY,2,2,343,2005-08,8.05,2.0,34.89,2005-08-23,11,2005-08-17
26.86,Tongliao,7.3,China,442,LEROY BUSTAMANTE,2,2,342,2005-08,10.04,2.7,36.9,2005-08-01,10,2005-07-26
26.87,Banjul,6.47,Gambia,584,SALVADOR TEEL,2,2,200,2005-07,5.05,1.53,31.92,2005-07-31,8,2005-07-25
26.9,Callao,6.47,Peru,304,DAVID ROYAL,2,2,199,2005-07,8.02,1.53,34.92,2005-07-12,8,2005-07-06
26.91,Sagamihara,5.77,Japan,11,LISA ANDERSON,2,2,197,2005-07,6.02,1.23,32.93,2005-07-30,7,2005-07-24
26.91,Tafuna,6.1,American Samoa,320,ANTHONY SCHWAB,2,2,198,2005-07,3.02,0.9,29.93,2005-07-29,7,2005-07-23
26.98,Ahmadnagar,5.43,India,297,SHERRI RHODES,2,2,196,2005-07,6.95,1.57,33.93,2005-07-11,7,2005-07-05
27.01,Warren,5.7,United States,276,BRANDY GRAVES,2,2,195,2005-07,4.92,1.3,31.93,2005-07-31,7,2005-07-25
27.04,Santiago de los Caballeros,5.83,Dominican Republic,258,MYRTLE FLEMING,2,2,194,2005-07,4.89,1.17,31.93,2005-07-11,7,2005-07-05
27.11,Grand Prairie,5.33,United States,118,KIM CRUZ,2,2,340,2005-08,4.82,1.67,31.93,2005-08-01,7,2005-07-26
27.11,Hiroshima,5.93,Japan,299,JAMES GANNON,2,2,341,2005-08,8.81,2.07,35.92,2005-08-22,8,2005-08-16
27.14,Qalyub,5.8,Egypt,134,EMMA BOYD,2,2,339,2005-08,3.79,1.2,30.93,2005-08-02,7,2005-07-27
27.18,Palghat (Palakkad),5.47,India,268,NINA SOTO,2,2,193,2005-07,9.74,2.53,36.92,2005-07-12,8,2005-07-06
27.24,Nyeri,5.83,Kenya,363,ROY WHITING,2,2,192,2005-07,9.68,2.17,36.92,2005-07-31,8,2005-07-25
27.29,Zeleznogorsk,7.5,Russian Federation,351,JACK FOUST,2,2,191,2005-07,4.62,1.5,31.91,2005-07-12,9,2005-07-06
27.33,Kanazawa,6.97,Japan,547,KURT EMMONS,2,2,338,2005-08,8.58,2.03,35.91,2005-08-02,9,2005-07-27
27.34,Cape Coral,5.8,United States,526,KARL SEAL,2,2,6,2005-06,9.58,2.2,36.92,2005-06-23,8,2005-06-17
27.34,Greensboro,9.83,United States,158,VERONICA STONE,2,2,337,2005-08,8.55,2.17,35.88,2005-08-02,12,2005-07-27
27.37,Miraj,6.37,India,316,STEVEN CURLEY,2,2,190,2005-07,7.55,1.63,34.92,2005-07-31,8,2005-07-25
27.41,Le Mans,5.4,France,162,LAUREN HUDSON,2,2,336,2005-08,2.53,0.6,29.94,2005-08-01,6,2005-07-26
27.43,Shikarpur,7.0,Pakistan,25,DEBORAH WALKER,2,2,335,2005-08,6.48,2.0,33.91,2005-08-02,9,2005-07-27
27.5,Hohhot,7.07,China,138,HAZEL WARREN,2,2,189,2005-07,5.41,1.93,32.91,2005-07-31,9,2005-07-25
27.5,Zhoushan,6.9,China,550,GUY BROWNLEE,2,2,188,2005-07,4.42,1.1,31.92,2005-07-31,8,2005-07-25
27.52,Huaian,5.03,China,384,ERNEST STEPP,2,2,5,2005-06,7.41,1.97,34.93,2005-06-23,7,2005-06-17
27.52,Nam Dinh,5.13,Vietnam,472,GREG ROBINS,2,2,187,2005-07,8.41,1.87,35.93,2005-07-12,7,2005-07-06
27.59,Sucre,4.73,Bolivia,431,JOEL FRANCISCO,2,2,4,2005-06,5.35,1.27,32.94,2005-06-23,6,2005-06-17
27.6,Varanasi (Benares),6.93,India,123,SHANNON FREEMAN,2,2,186,2005-07,5.32,1.07,32.92,2005-07-31,8,2005-07-25
27.63,Celaya,3.63,Mexico,587,SERGIO STANFIELD,2,2,185,2005-07,5.32,1.37,32.95,2005-07-31,5,2005-07-25
27.66,El Fuerte,4.0,Mexico,451,JIM REA,2,2,184,2005-07,7.28,2.0,34.94,2005-07-10,6,2005-07-04
27.66,Mukateve,7.7,Ukraine,131,MONICA HICKS,2,2,334,2005-08,13.23,3.3,40.89,2005-08-23,11,2005-08-17
27.7,Allende,7.03,Mexico,414,VINCENT RALSTON,2,2,332,2005-08,6.21,1.97,33.91,2005-08-22,9,2005-08-16
27.7,Chiayi,7.13,Taiwan,73,BEVERLY BROOKS,2,2,333,2005-08,9.21,1.87,36.91,2005-08-02,9,2005-07-27
27.72,Po,7.73,Brazil,126,ELLEN SIMPSON,2,2,183,2005-07,5.19,1.27,32.91,2005-07-12,9,2005-07-06
27.75,Gatineau,5.43,Canada,476,DERRICK BOURQUE,2,2,331,2005-08,7.18,1.57,34.93,2005-08-01,7,2005-07-26
27.75,Lungtan,7.93,Taiwan,30,MELISSA KING,2,2,329,2005-08,13.14,3.07,40.89,2005-08-01,11,2005-07-26
27.75,Nanyang,8.07,China,37,PAMELA BAKER,2,2,330,2005-08,9.15,1.93,36.9,2005-08-23,10,2005-08-17
27.8,Lima,7.0,Peru,122,THELMA MURRAY,2,2,328,2005-08,12.1,3.0,39.9,2005-08-02,10,2005-07-27
27.8,Pavlodar,6.6,Kazakstan,76,IRENE PRICE,2,2,327,2005-08,4.12,1.4,31.92,2005-08-02,8,2005-07-27
27.81,Arlington,5.63,United States,305,RICHARD MCCRARY,2,2,181,2005-07,6.12,1.37,33.93,2005-07-11,7,2005-07-05
27.81,Rustenburg,5.87,South Africa,407,DALE RATCLIFF,2,2,182,2005-07,5.12,1.13,32.93,2005-07-29,7,2005-07-23
27.84,Tambaram,5.93,India,287,BECKY MILES,2,2,326,2005-08,7.08,2.07,34.92,2005-08-02,8,2005-07-27
27.91,Bradford,5.6,United Kingdom,85,ANNE POWELL,2,2,325,2005-08,4.02,1.4,31.93,2005-08-02,7,2005-07-27
27.92,Duisburg,7.63,Germany,114,GRACE ELLIS,2,2,324,2005-08,11.98,2.37,39.9,2005-08-23,10,2005-08-17
27.94,Baicheng,6.47,China,538,TED BREAUX,2,2,323,2005-08,8.97,2.53,36.91,2005-08-02,9,2005-07-27
27.96,Coatzacoalcos,7.23,Mexico,482,MAURICE CRAWLEY,2,2,322,2005-08,8.95,1.77,36.91,2005-08-23,9,2005-08-17
27.98,Munger (Monghyr),5.13,India,28,CYNTHIA YOUNG,2,2,180,2005-07,5.95,1.87,33.93,2005-07-31,7,2005-07-25
28.04,Kitwe,5.97,Zambia,438,BARRY LOVELACE,2,2,179,2005-07,6.88,2.03,34.92,2005-07-12,8,2005-07-06
28.05,Miyakonojo,5.4,Japan,253,TERRY CARLSON,2,2,321,2005-08,9.87,2.6,37.92,2005-08-22,8,2005-08-16
28.08,Southampton,5.57,United Kingdom,583,MARSHALL THORN,2,2,320,2005-08,13.84,2.43,41.92,2005-08-02,8,2005-07-27
28.14,Davao,5.87,Philippines,27,SHIRLEY ALLEN,2,2,319,2005-08,7.78,2.13,35.92,2005-08-02,8,2005-07-27
28.16,Kisumu,6.9,Kenya,193,KATIE ELLIOTT,2,2,318,2005-08,7.75,2.1,35.91,2005-08-23,9,2005-08-17
28.17,Myingyan,6.4,Myanmar,4,BARBARA JONES,2,2,317,2005-08,10.74,2.6,38.91,2005-08-23,9,2005-08-17
28.18,Grand Prairie,5.57,United States,118,KIM CRUZ,2,2,178,2005-07,3.75,1.43,31.93,2005-07-31,7,2005-07-25
28.2,Monclova,6.77,Mexico,570,IVAN CROMWELL,2,2,316,2005-08,6.71,2.23,34.91,2005-08-02,9,2005-07-27
28.21,Brescia,9.5,Italy,309,CHRISTOPHER GRECO,2,2,315,2005-08,13.68,2.5,41.88,2005-08-01,12,2005-07-26
28.22,Benin City,4.73,Nigeria,284,SONIA GREGORY,2,2,177,2005-07,4.72,1.27,32.94,2005-07-11,6,2005-07-05
28.22,Quilmes,4.47,Argentina,585,PERRY SWAFFORD,2,2,176,2005-07,6.72,1.53,34.94,2005-07-12,6,2005-07-06
28.25,Jining,5.03,China,594,EDUARDO HIATT,2,2,175,2005-07,8.68,1.97,36.93,2005-07-31,7,2005-07-25
28.27,Kuwana,6.17,Japan,531,JAMIE WAUGH,2,2,174,2005-07,8.65,1.83,36.92,2005-07-30,8,2005-07-24
28.27,Pune,5.97,India,135,JUANITA MASON,2,2,173,2005-07,7.65,2.03,35.92,2005-07-31,8,2005-07-25
28.27,Syktyvkar,6.07,Russian Federation,428,HERBERT KRUGER,2,2,314,2005-08,8.65,1.93,36.92,2005-08-02,8,2005-07-27
28.28,Acua,5.33,Mexico,486,GLEN TALBERT,2,2,172,2005-07,7.65,1.67,35.93,2005-07-11,7,2005-07-05
28.29,Simferopol,4.67,Ukraine,82,KATHRYN COLEMAN,2,2,171,2005-07,7.65,1.33,35.94,2005-07-30,6,2005-07-24
28.37,Hami,6.07,China,165,LORRAINE STEPHENS,2,2,170,2005-07,3.56,0.93,31.93,2005-07-10,7,2005-07-04
28.41,Le Mans,5.6,France,162,LAUREN HUDSON,2,2,169,2005-07,1.53,0.4,29.94,2005-07-31,6,2005-07-25
28.43,Sullana,6.7,Peru,597,FREDDIE DUGGAN,2,2,313,2005-08,4.49,1.3,32.92,2005-08-02,8,2005-07-27
28.44,Ziguinchor,6.4,Senegal,456,RONNIE RICKETTS,2,2,312,2005-08,7.48,1.6,35.92,2005-08-23,8,2005-08-17
28.47,Cabuyao,6.7,Philippines,371,BILLY POULIN,2,2,311,2005-08,13.44,2.3,41.91,2005-08-23,9,2005-08-17
28.48,Patiala,5.73,India,296,RAMONA HALE,2,2,168,2005-07,4.45,1.27,32.93,2005-07-11,7,2005-07-05
28.53,Jastrzebie-Zdrj,6.9,Poland,128,MARJORIE TUCKER,2,2,167,2005-07,4.39,1.1,32.92,2005-07-12,8,2005-07-06
28.55,Elista,4.77,Russian Federation,17,DONNA THOMPSON,2,2,310,2005-08,5.39,1.23,33.94,2005-08-01,6,2005-07-26
28.58,al-Ayn,8.4,United Arab Emirates,98,LILLIAN GRIFFIN,2,2,309,2005-08,7.32,1.6,35.9,2005-08-02,10,2005-07-27
28.6,Haiphong,6.77,Vietnam,199,BETH FRANKLIN,2,2,308,2005-08,10.31,2.23,38.91,2005-08-02,9,2005-07-27
28.61,Bamenda,5.4,Cameroon,352,ALBERT CROUSE,2,2,164,2005-07,3.33,0.6,31.94,2005-07-28,6,2005-07-22
28.61,Gijn,6.07,Spain,394,CHRIS BROTHERS,2,2,166,2005-07,4.32,0.93,32.93,2005-07-11,7,2005-07-05
28.61,Sincelejo,5.83,Colombia,87,WANDA PATTERSON,2,2,165,2005-07,6.32,1.17,34.93,2005-07-30,7,2005-07-24
28.66,Udaipur,7.07,India,170,BEATRICE ARNOLD,2,2,163,2005-07,4.26,0.93,32.92,2005-07-10,8,2005-07-04
28.67,Yuzhou,5.87,China,324,GARY COY,2,2,307,2005-08,10.25,2.13,38.92,2005-08-22,8,2005-08-16
28.7,Jamalpur,6.43,Bangladesh,329,FRANK WAGGONER,2,2,162,2005-07,6.22,1.57,34.92,2005-07-31,8,2005-07-25
28.73,Atinsk,7.1,Russian Federation,397,JIMMY SCHRADER,2,2,306,2005-08,9.17,2.9,37.9,2005-08-22,10,2005-08-16
28.77,Tuguegarao,6.3,Philippines,261,DEANNA BYRD,2,2,305,2005-08,7.15,1.7,35.92,2005-08-22,8,2005-08-16
28.8,Kaduna,6.27,Nigeria,18,CAROL GARCIA,2,2,304,2005-08,6.12,1.73,34.92,2005-08-02,8,2005-07-27
28.84,NDjamna,5.83,Chad,535,JAVIER ELROD,2,2,161,2005-07,6.09,1.17,34.93,2005-07-12,7,2005-07-06
28.88,Zapopan,5.43,Mexico,465,FLOYD GANDY,2,2,303,2005-08,7.05,1.57,35.93,2005-08-23,7,2005-08-17
28.89,Gorontalo,4.33,Indonesia,203,TARA RYAN,2,2,160,2005-07,3.06,0.67,31.95,2005-07-30,5,2005-07-24
28.94,Brest,6.5,France,402,LUIS YANEZ,2,2,159,2005-07,6.99,1.5,35.92,2005-07-11,8,2005-07-05
28.94,Salala,6.03,Oman,498,GENE SANBORN,2,2,302,2005-08,9.97,2.97,38.91,2005-08-02,9,2005-07-27
29.01,Santiago de Compostela,5.8,Spain,549,NELSON CHRISTENSON,2,2,301,2005-08,4.92,1.2,33.93,2005-08-01,7,2005-07-26
29.04,Haiphong,5.77,Vietnam,199,BETH FRANKLIN,2,2,158,2005-07,4.89,1.23,33.93,2005-07-12,7,2005-07-06
29.04,Kaliningrad,5.7,Russian Federation,301,ROBERT BAUGHMAN,2,2,157,2005-07,4.89,1.3,33.93,2005-07-12,7,2005-07-06
29.07,Uruapan,6.1,Mexico,454,ALEX GRESHAM,2,2,3,2005-06,10.85,1.9,39.92,2005-06-23,8,2005-06-17
29.12,Bhusawal,7.87,India,202,CARLA GUTIERREZ,2,2,300,2005-08,8.78,2.13,37.9,2005-08-02,10,2005-07-27
29.12,Santiago de Compostela,5.0,Spain,549,NELSON CHRISTENSON,2,2,156,2005-07,3.82,1.0,32.94,2005-07-31,6,2005-07-25
29.17,Jalib al-Shuyukh,6.4,Kuwait,234,CLAUDIA FULLER,2,2,299,2005-08,2.76,0.6,31.93,2005-08-02,7,2005-07-27
29.23,Pyongyang,9.93,North Korea,157,DARLENE ROSE,2,2,155,2005-07,6.65,2.07,35.88,2005-07-31,12,2005-07-25
29.24,Adoni,6.37,India,367,ADAM GOOCH,2,2,154,2005-07,2.69,0.63,31.93,2005-07-12,7,2005-07-06
29.27,Bchar,5.87,Algeria,69,JUDY GRAY,2,2,152,2005-07,4.66,1.13,33.93,2005-07-12,7,2005-07-06
29.27,Otsu,6.07,Japan,285,MIRIAM MCKINNEY,2,2,153,2005-07,5.66,0.93,34.93,2005-07-11,7,2005-07-05
29.31,Benin City,5.87,Nigeria,284,SONIA GREGORY,2,2,298,2005-08,11.61,2.13,40.92,2005-08-01,8,2005-07-26
29.32,Batman,4.83,Turkey,172,BERNICE WILLIS,2,2,151,2005-07,3.62,1.17,32.94,2005-07-12,6,2005-07-06
29.34,Garland,5.67,United States,561,IAN STILL,2,2,297,2005-08,4.59,1.33,33.93,2005-08-02,7,2005-07-27
29.36,Fontana,4.3,United States,51,ALICE STEWART,2,2,150,2005-07,2.59,0.7,31.95,2005-07-10,5,2005-07-04
29.43,Rampur,6.63,India,336,JOSHUA MARK,2,2,296,2005-08,10.48,2.37,39.91,2005-08-23,9,2005-08-17
29.44,Mardan,6.03,Pakistan,20,SHARON ROBINSON,2,2,295,2005-08,8.48,1.97,37.92,2005-08-02,8,2005-07-27
29.45,Dongying,4.77,China,466,LEO EBERT,2,2,294,2005-08,8.48,2.23,37.93,2005-08-23,7,2005-08-17
29.53,Ciparay,7.1,Indonesia,328,JEFFREY SPEAR,2,2,293,2005-08,7.38,1.9,36.91,2005-08-22,9,2005-08-16
29.56,Pudukkottai,7.8,India,421,LEE HAWKS,2,2,292,2005-08,11.34,2.2,40.9,2005-08-02,10,2005-07-27
29.56,Wroclaw,4.2,Poland,558,JIMMIE EGGLESTON,2,2,291,2005-08,5.38,1.8,34.94,2005-08-21,6,2005-08-15
29.59,Portoviejo,7.43,Ecuador,262,PATSY DAVIDSON,2,2,149,2005-07,6.32,1.57,35.91,2005-07-12,9,2005-07-06
29.62,Tanshui,4.6,Taiwan,577,CLIFTON MALCOLM,2,2,148,2005-07,5.32,1.4,34.94,2005-07-29,6,2005-07-23
29.65,Jastrzebie-Zdrj,7.87,Poland,128,MARJORIE TUCKER,2,2,290,2005-08,11.24,3.13,40.89,2005-08-23,11,2005-08-17
29.66,Pak Kret,7.77,Thailand,42,CAROLYN PEREZ,2,2,147,2005-07,8.24,2.23,37.9,2005-07-31,10,2005-07-25
29.68,Simferopol,5.07,Ukraine,82,KATHRYN COLEMAN,2,2,289,2005-08,11.25,1.93,40.93,2005-08-02,7,2005-07-27
29.69,Yaound,8.13,Cameroon,361,LAWRENCE LAWTON,2,2,288,2005-08,5.21,1.87,34.9,2005-08-02,10,2005-07-27
29.71,Botosani,5.87,Romania,230,JOY GEORGE,2,2,146,2005-07,7.21,2.13,36.92,2005-07-31,8,2005-07-25
29.72,Olomouc,4.7,Czech Republic,265,JENNIE TERRY,2,2,287,2005-08,8.21,2.3,37.93,2005-08-22,7,2005-08-16
29.77,Mannheim,6.27,Germany,196,ALMA AUSTIN,2,2,145,2005-07,7.15,1.73,36.92,2005-07-31,8,2005-07-25
29.82,Santo Andr,7.57,Brazil,354,JUSTIN NGO,2,2,286,2005-08,12.07,3.43,41.89,2005-08-01,11,2005-07-26
29.84,Mwanza,5.57,Tanzania,481,HERMAN DEVORE,2,2,285,2005-08,10.08,2.43,39.92,2005-08-02,8,2005-07-27
29.89,Jakarta,7.37,Indonesia,153,SUZANNE NICHOLS,2,2,284,2005-08,7.02,1.63,36.91,2005-08-23,9,2005-08-17
29.93,Usak,6.77,Turkey,204,ROSEMARY SCHMIDT,2,2,283,2005-08,9.98,2.23,39.91,2005-08-22,9,2005-08-16
29.97,Taizz,6.53,Yemen,213,GINA WILLIAMSON,2,2,2,2005-06,4.95,1.47,34.92,2005-06-23,8,2005-06-17
3.54,Mogiljov,2.3,Belarus,527,CORY MEEHAN,2,2,155,2005-06,1.43,0.7,4.97,2005-06-23,3,2005-06-17
30.02,Sumy,4.73,Ukraine,187,BRITTANY RILEY,2,2,144,2005-07,9.91,2.27,39.93,2005-07-12,7,2005-07-06
30.1,Abha,6.97,Saudi Arabia,101,PEGGY MYERS,2,2,282,2005-08,8.81,2.03,38.91,2005-08-01,9,2005-07-26
30.11,Kirovo-Tepetsk,6.07,Russian Federation,179,DANA HART,2,2,143,2005-07,9.81,1.93,39.92,2005-07-31,8,2005-07-25
30.15,Basel,5.47,Switzerland,61,KATHERINE RIVERA,2,2,142,2005-07,2.79,0.53,32.94,2005-07-31,6,2005-07-25
30.16,Daxian,10.43,China,64,JUDITH COX,2,2,141,2005-07,4.72,1.57,34.88,2005-07-12,12,2005-07-06
30.23,Chandrapur,7.4,India,167,SALLY PIERCE,2,2,281,2005-08,9.67,2.6,39.9,2005-08-23,10,2005-08-17
30.28,Alvorada,8.23,Brazil,551,CLAYTON BARBEE,2,2,280,2005-08,6.62,1.77,36.9,2005-08-22,10,2005-08-16
30.3,Citrus Heights,6.77,United States,14,BETTY WHITE,2,2,279,2005-08,9.61,2.23,39.91,2005-08-02,9,2005-07-27
30.31,Zaoyang,9.17,China,514,FRANKLIN TROUTMAN,2,2,278,2005-08,6.58,1.83,36.89,2005-08-23,11,2005-08-17
30.32,Yantai,4.93,China,272,KAY CALDWELL,2,2,277,2005-08,5.62,1.07,35.94,2005-08-02,6,2005-07-27
30.36,Florencia,7.7,Colombia,460,LEON BOSTIC,2,2,276,2005-08,11.54,2.3,41.9,2005-08-23,10,2005-08-17
30.39,Sivas,7.37,Turkey,518,GABRIEL HARDER,2,2,275,2005-08,11.51,2.63,41.9,2005-08-02,10,2005-07-27
30.43,Kurashiki,6.67,Japan,34,REBECCA SCOTT,2,2,274,2005-08,6.48,2.33,36.91,2005-08-21,9,2005-08-15
30.44,Roanoke,6.13,United States,291,TONI HOLT,2,2,273,2005-08,7.48,1.87,37.92,2005-08-01,8,2005-07-26
30.48,Tonghae,5.5,South Korea,536,FERNANDO CHURCHILL,2,2,140,2005-07,5.45,1.5,35.93,2005-07-31,7,2005-07-25
30.52,Kursk,4.97,Russian Federation,311,PAUL TROUT,2,2,272,2005-08,5.42,1.03,35.94,2005-08-01,6,2005-07-26
30.53,Buenaventura,6.67,Colombia,235,JACKIE LYNCH,2,2,139,2005-07,5.39,1.33,35.92,2005-07-12,8,2005-07-06
30.54,Lincoln,6.43,United States,63,ASHLEY RICHARDSON,2,2,271,2005-08,9.37,2.57,39.91,2005-08-22,9,2005-08-16
30.54,Mysore,5.9,India,59,CHERYL MURPHY,2,2,138,2005-07,4.39,1.1,34.93,2005-07-10,7,2005-07-04
30.54,Siliguri (Shiliguri),5.77,India,502,BRETT CORNWELL,2,2,137,2005-07,4.39,1.23,34.93,2005-07-12,7,2005-07-06
30.56,Mosul,7.4,Iraq,579,DARYL LARUE,2,2,136,2005-07,8.35,1.6,38.91,2005-07-31,9,2005-07-25
30.64,Touliu,6.43,Taiwan,139,AMBER DIXON,2,2,135,2005-07,6.28,1.57,36.92,2005-07-12,8,2005-07-06
30.64,Xintai,6.13,China,564,BOB PFEIFFER,2,2,134,2005-07,3.29,0.87,33.93,2005-07-31,7,2005-07-25
30.66,Batman,7.6,Turkey,172,BERNICE WILLIS,2,2,270,2005-08,12.24,2.4,42.9,2005-08-01,10,2005-07-26
30.67,Poos de Caldas,6.6,Brazil,254,MAXINE SILVA,2,2,133,2005-07,4.25,1.4,34.92,2005-07-10,8,2005-07-04
30.69,Pontianak,7.3,Indonesia,506,LESLIE SEWARD,2,2,269,2005-08,9.21,2.7,39.9,2005-08-23,10,2005-08-17
30.71,Brescia,5.23,Italy,309,CHRISTOPHER GRECO,2,2,132,2005-07,11.22,1.77,41.93,2005-07-12,7,2005-07-06
30.73,Trshavn,7.43,Faroe Islands,317,EDWARD BAUGH,2,2,268,2005-08,11.17,2.57,41.9,2005-08-22,10,2005-08-16
30.77,Firozabad,6.1,India,192,LAURIE LAWRENCE,2,2,267,2005-08,6.15,1.9,36.92,2005-08-02,8,2005-07-27
30.81,Bandar Seri Begawan,8.9,Brunei,91,LOIS BUTLER,2,2,130,2005-07,7.08,2.1,37.89,2005-07-12,11,2005-07-06
30.81,Shaoguan,9.27,China,485,CLYDE TOBIAS,2,2,131,2005-07,6.08,1.73,36.89,2005-07-12,11,2005-07-06
30.82,Arecibo,7.67,Puerto Rico,360,RALPH MADRIGAL,2,2,128,2005-07,10.08,2.33,40.9,2005-07-31,10,2005-07-25
30.82,Binzhou,7.97,China,533,JESSIE MILAM,2,2,266,2005-08,10.08,2.03,40.9,2005-08-01,10,2005-07-26
30.82,Elista,5.17,Russian Federation,17,DONNA THOMPSON,2,2,129,2005-07,3.13,0.83,33.94,2005-07-30,6,2005-07-24
30.82,Malm,7.63,Sweden,66,JANICE WARD,2,2,265,2005-08,8.08,2.37,38.9,2005-08-23,10,2005-08-17
30.83,Bag,7.0,Brazil,398,ANTONIO MEEK,2,2,264,2005-08,5.09,1.0,35.92,2005-08-02,8,2005-07-27
30.86,Po,7.7,Brazil,126,ELLEN SIMPSON,2,2,263,2005-08,10.04,2.3,40.9,2005-08-23,10,2005-08-17
30.9,Onomichi,6.7,Japan,337,JERRY JORDON,2,2,127,2005-07,7.02,1.3,37.92,2005-07-12,8,2005-07-06
30.94,Phnom Penh,8.9,Cambodia,228,ALLISON STANLEY,2,2,126,2005-07,7.95,2.1,38.89,2005-07-11,11,2005-07-05
30.99,Mwene-Ditu,7.9,"Congo, The Democratic Republic of the",375,AARON SELBY,2,2,262,2005-08,4.92,1.1,35.91,2005-08-02,9,2005-07-27
31.02,Vila Velha,5.07,Brazil,39,DEBRA NELSON,2,2,125,2005-07,9.91,1.93,40.93,2005-07-11,7,2005-07-05
31.03,Akishima,6.8,Japan,574,JULIAN VEST,2,2,124,2005-07,8.88,2.2,39.91,2005-07-12,9,2005-07-06
31.04,Hsichuh,5.93,Taiwan,348,ROGER QUINTANILLA,2,2,123,2005-07,4.89,1.07,35.93,2005-07-09,7,2005-07-03
31.05,Jinchang,7.9,China,168,REGINA BERRY,2,2,121,2005-07,4.86,1.1,35.91,2005-07-12,9,2005-07-06
31.05,York,4.9,United Kingdom,497,GILBERT SLEDGE,2,2,122,2005-07,8.88,2.1,39.93,2005-07-31,7,2005-07-25
31.1,Baybay,6.73,Philippines,71,KATHY JAMES,2,2,120,2005-07,5.82,1.27,36.92,2005-07-12,8,2005-07-06
31.1,Laredo,6.6,United States,6,JENNIFER DAVIS,2,2,261,2005-08,7.81,2.4,38.91,2005-08-23,9,2005-08-17
31.12,Shimoga,4.93,India,238,NELLIE GARRETT,2,2,119,2005-07,3.82,1.07,34.94,2005-07-31,6,2005-07-25
31.13,Salamanca,7.23,Mexico,273,PRISCILLA LOWE,2,2,260,2005-08,13.77,2.77,44.9,2005-08-02,10,2005-07-27
31.2,Sharja,6.67,United Arab Emirates,292,MISTY LAMBERT,2,2,117,2005-07,10.71,2.33,41.91,2005-07-31,9,2005-07-25
31.2,Tanza,6.87,Philippines,236,MARCIA DEAN,2,2,118,2005-07,10.7,3.13,41.9,2005-07-31,10,2005-07-25
31.24,s-Hertogenbosch,6.33,Netherlands,184,VIVIAN RUIZ,2,2,259,2005-08,7.68,1.67,38.92,2005-08-22,8,2005-08-16
31.25,Cuautla,8.1,Mexico,323,MATTHEW MAHAN,2,2,116,2005-07,7.65,1.9,38.9,2005-07-31,10,2005-07-25
31.28,So Leopoldo,5.83,Brazil,443,FRANCISCO SKIDMORE,2,2,115,2005-07,6.66,1.17,37.93,2005-07-31,7,2005-07-25
31.3,Blumenau,6.43,Brazil,206,TERRI VASQUEZ,2,2,114,2005-07,6.62,1.57,37.92,2005-07-11,8,2005-07-05
31.33,El Monte,6.8,United States,420,JACOB LANCE,2,2,113,2005-07,3.59,1.2,34.92,2005-07-12,8,2005-07-06
31.33,Witten,6.87,Germany,201,VICKI FIELDS,2,2,258,2005-08,6.58,2.13,37.91,2005-08-23,9,2005-08-17
31.38,San Lorenzo,5.1,Paraguay,345,CARL ARTIS,2,2,257,2005-08,9.55,1.9,40.93,2005-08-02,7,2005-07-27
31.39,Lilongwe,8.0,Malawi,166,LYNN PAYNE,2,2,112,2005-07,7.51,2.0,38.9,2005-07-12,10,2005-07-06
31.42,Szkesfehrvr,8.17,Hungary,592,TERRANCE ROUSH,2,2,256,2005-08,11.47,2.83,42.89,2005-08-02,11,2005-07-27
31.43,Daugavpils,7.47,Latvia,347,RYAN SALISBURY,2,2,255,2005-08,9.47,2.53,40.9,2005-08-01,10,2005-07-26
31.43,Lubumbashi,6.57,"Congo, The Democratic Republic of the",387,JESSE SCHILLING,2,2,254,2005-08,4.49,1.43,35.92,2005-08-21,8,2005-08-15
31.45,Lipetsk,4.9,Russian Federation,44,MARIE TURNER,2,2,111,2005-07,4.49,1.1,35.94,2005-07-10,6,2005-07-04
31.46,Uttarpara-Kotrung,7.1,India,231,GEORGIA JACOBS,2,2,253,2005-08,8.45,1.9,39.91,2005-08-22,9,2005-08-16
31.47,Gaziantep,6.57,Turkey,480,COREY HAUSER,2,2,251,2005-08,7.45,1.43,38.92,2005-08-02,8,2005-07-27
31.47,Jedda,6.83,Saudi Arabia,49,JOYCE EDWARDS,2,2,252,2005-08,11.45,2.17,42.91,2005-08-01,9,2005-07-26
31.51,Naala-Porto,5.63,Mozambique,433,DON BONE,2,2,250,2005-08,11.41,2.37,42.92,2005-08-23,8,2005-08-17
31.51,Springs,5.27,South Africa,83,LOUISE JENKINS,2,2,249,2005-08,6.42,1.73,37.93,2005-08-23,7,2005-08-17
31.53,Cape Coral,7.03,United States,526,KARL SEAL,2,2,110,2005-07,13.37,2.97,44.9,2005-07-31,10,2005-07-25
31.72,Warren,8.17,United States,276,BRANDY GRAVES,2,2,248,2005-08,7.18,1.83,38.9,2005-08-02,10,2005-07-27
31.73,Baiyin,6.83,China,495,CHARLIE BESS,2,2,109,2005-07,6.19,1.17,37.92,2005-07-31,8,2005-07-25
31.75,Sousse,8.63,Tunisia,335,GREGORY MAULDIN,2,2,108,2005-07,5.15,1.37,36.9,2005-07-12,10,2005-07-06
31.76,ostka,7.27,Ukraine,475,PEDRO CHESTNUT,2,2,247,2005-08,13.14,2.73,44.9,2005-08-02,10,2005-07-27
31.81,Isesaki,5.53,Japan,519,RON DELUCA,2,2,107,2005-07,4.12,1.47,35.93,2005-07-31,7,2005-07-25
31.85,Jaffna,8.1,Sri Lanka,408,MANUEL MURRELL,2,2,246,2005-08,12.04,2.9,43.89,2005-08-23,11,2005-08-17
31.85,Liepaja,5.23,Latvia,23,SARAH LEWIS,2,2,106,2005-07,7.08,1.77,38.93,2005-07-31,7,2005-07-25
31.86,Vancouver,4.23,Canada,436,TROY QUIGLEY,2,2,105,2005-07,6.08,1.77,37.94,2005-07-31,6,2005-07-25
31.88,Cayenne,5.3,French Guiana,65,ROSE HOWARD,2,2,245,2005-08,7.05,1.7,38.93,2005-08-02,7,2005-07-27
31.9,Basel,7.03,Switzerland,61,KATHERINE RIVERA,2,2,244,2005-08,5.02,0.97,36.92,2005-08-02,8,2005-07-27
31.93,Fengshan,7.27,Taiwan,576,MORRIS MCCARTER,2,2,104,2005-07,6.98,1.73,38.91,2005-07-31,9,2005-07-25
31.96,Mosul,7.8,Iraq,579,DARYL LARUE,2,2,243,2005-08,10.94,2.2,42.9,2005-08-02,10,2005-07-27
32.04,Bucuresti,9.5,Romania,563,KEN PREWITT,2,2,103,2005-07,4.85,1.5,36.89,2005-07-11,11,2005-07-05
32.07,Yinchuan,6.53,China,484,ROBERTO VU,2,2,102,2005-07,6.85,1.47,38.92,2005-07-12,8,2005-07-06
32.09,Ashgabat,4.1,Turkmenistan,200,JEANNE LAWSON,2,2,242,2005-08,9.85,1.9,41.94,2005-08-23,6,2005-08-17
32.12,Chungho,7.8,Taiwan,517,BRAD MCCURDY,2,2,101,2005-07,9.78,2.2,41.9,2005-07-12,10,2005-07-06
32.14,Yamuna Nagar,6.0,India,12,NANCY THOMAS,2,2,241,2005-08,4.78,2.0,36.92,2005-08-01,8,2005-07-26
32.17,Nuuk,9.57,Greenland,207,GERTRUDE CASTILLO,2,2,100,2005-07,5.72,1.43,37.89,2005-07-12,11,2005-07-06
32.18,Yingkou,8.27,China,521,ROLAND SOUTH,2,2,240,2005-08,6.72,1.73,38.9,2005-08-22,10,2005-08-16
32.2,Nantou,7.1,Taiwan,5,ELIZABETH BROWN,2,2,99,2005-07,7.71,1.9,39.91,2005-07-12,9,2005-07-06
32.21,Botshabelo,8.67,South Africa,132,ESTHER CRAWFORD,2,2,98,2005-07,7.68,2.33,39.89,2005-07-11,11,2005-07-05
32.21,Siegen,6.13,Germany,195,VANESSA SIMS,2,2,239,2005-08,7.71,1.87,39.92,2005-08-02,8,2005-07-27
32.22,Sorocaba,7.9,Brazil,314,GEORGE LINTON,2,2,238,2005-08,13.67,3.1,45.89,2005-08-23,11,2005-08-17
32.22,Zhezqazghan,7.83,Kazakstan,573,BYRON BOX,2,2,97,2005-07,8.68,2.17,40.9,2005-07-12,10,2005-07-06
32.24,Liepaja,5.77,Latvia,23,SARAH LEWIS,2,2,237,2005-08,9.68,2.23,41.92,2005-08-02,8,2005-07-27
32.29,Kamjanets-Podilskyi,7.2,Ukraine,386,TODD TAN,2,2,96,2005-07,7.62,1.8,39.91,2005-07-12,9,2005-07-06
32.36,Sambhal,7.57,India,217,AGNES BISHOP,2,2,236,2005-08,5.55,1.43,37.91,2005-08-02,9,2005-07-27
32.37,Bhimavaram,6.63,India,529,ERIK GUILLEN,2,2,95,2005-07,2.55,1.37,34.92,2005-07-12,8,2005-07-06
32.44,Southampton,5.6,United Kingdom,583,MARSHALL THORN,2,2,94,2005-07,12.48,2.4,44.92,2005-07-12,8,2005-07-06
32.47,So Bernardo do Campo,6.2,Brazil,544,CODY NOLEN,2,2,235,2005-08,8.45,1.8,40.92,2005-08-23,8,2005-08-17
32.48,Garden Grove,5.53,United States,593,RENE MCALISTER,2,2,234,2005-08,8.44,2.47,40.92,2005-08-02,8,2005-07-27
32.49,Juiz de Fora,7.47,Brazil,591,KENT ARSENAULT,2,2,93,2005-07,9.42,1.53,41.91,2005-07-29,9,2005-07-23
32.51,Nha Trang,5.7,Vietnam,520,MITCHELL WESTMORELAND,2,2,92,2005-07,6.42,1.3,38.93,2005-07-11,7,2005-07-05
32.52,Iwakuni,7.7,Japan,54,TERESA ROGERS,2,2,233,2005-08,10.38,2.3,42.9,2005-08-23,10,2005-08-17
32.57,Meixian,6.6,China,90,RUBY WASHINGTON,2,2,91,2005-07,5.35,1.4,37.92,2005-07-30,8,2005-07-24
32.6,Batna,6.63,Algeria,441,MARIO CHEATHAM,2,2,90,2005-07,8.31,2.37,40.91,2005-07-31,9,2005-07-25
32.64,Effon-Alaiye,6.47,Nigeria,286,VELMA LUCAS,2,2,89,2005-07,9.28,1.53,41.92,2005-07-12,8,2005-07-06
32.65,Kamyin,5.43,Russian Federation,510,BEN EASTER,2,2,232,2005-08,7.28,1.57,39.93,2005-08-01,7,2005-07-26
32.72,Rajkot,8.3,India,554,DWAYNE OLVERA,2,2,231,2005-08,9.18,1.7,41.9,2005-08-23,10,2005-08-17
32.72,Stockport,4.8,United Kingdom,477,DAN PAINE,2,2,88,2005-07,6.22,1.2,38.94,2005-07-30,6,2005-07-24
32.73,Siliguri (Shiliguri),10.03,India,502,BRETT CORNWELL,2,2,230,2005-08,15.14,2.97,47.87,2005-08-02,13,2005-07-27
32.75,Asuncin,8.6,Paraguay,226,MAUREEN LITTLE,2,2,229,2005-08,5.15,1.4,37.9,2005-08-23,10,2005-08-17
32.75,Kowloon and New Kowloon,5.13,Hong Kong,289,VIOLET RODRIQUEZ,2,2,1,2005-06,5.19,0.87,37.94,2005-06-23,6,2005-06-17
32.79,Daugavpils,7.8,Latvia,347,RYAN SALISBURY,2,2,87,2005-07,8.11,2.2,40.9,2005-07-31,10,2005-07-25
32.79,South Hill,7.6,Anguilla,381,BOBBY BOUDREAU,2,2,228,2005-08,10.1,3.4,42.89,2005-08-23,11,2005-08-17
32.84,Onomichi,5.8,Japan,337,JERRY JORDON,2,2,227,2005-08,10.08,2.2,42.92,2005-08-22,8,2005-08-16
32.87,Chatsworth,6.23,South Africa,555,DWIGHT LOMBARDI,2,2,226,2005-08,3.06,0.77,35.93,2005-08-02,7,2005-07-27
32.87,Lengshuijiang,6.13,China,267,MARGIE WADE,2,2,225,2005-08,13.04,2.87,45.91,2005-08-23,9,2005-08-17
32.87,Santa Brbara dOeste,6.63,Brazil,178,MARION SNYDER,2,2,86,2005-07,13.04,2.37,45.91,2005-07-12,9,2005-07-06
32.88,Iwaki,5.3,Japan,240,MARLENE WELCH,2,2,85,2005-07,6.05,1.7,38.93,2005-07-30,7,2005-07-24
32.89,Mysore,7.23,India,59,CHERYL MURPHY,2,2,224,2005-08,10.02,1.77,42.91,2005-08-23,9,2005-08-17
32.92,Cuernavaca,8.43,Mexico,575,ISAAC OGLESBY,2,2,223,2005-08,6.98,1.57,39.9,2005-08-02,10,2005-07-27
33.0,Nyeri,6.57,Kenya,363,ROY WHITING,2,2,222,2005-08,10.91,2.43,43.91,2005-08-01,9,2005-07-26
33.01,La Plata,9.07,Argentina,89,JULIA FLORES,2,2,221,2005-08,12.87,2.93,45.88,2005-08-02,12,2005-07-27
33.02,Zanzibar,4.27,Tanzania,220,CHARLENE ALVAREZ,2,2,84,2005-07,6.92,1.73,39.94,2005-07-31,6,2005-07-25
33.03,Soshanguve,6.7,South Africa,145,LUCILLE HOLMES,2,2,220,2005-08,7.88,2.3,40.91,2005-08-21,9,2005-08-15
33.05,Halisahar,4.83,India,259,LENA JENSEN,2,2,83,2005-07,4.89,1.17,37.94,2005-07-30,6,2005-07-24
33.1,Loja,6.57,Ecuador,589,TRACY HERRMANN,2,2,219,2005-08,11.81,2.43,44.91,2005-08-23,9,2005-08-17
33.12,Soshanguve,7.77,South Africa,145,LUCILLE HOLMES,2,2,82,2005-07,5.79,1.23,38.91,2005-07-11,9,2005-07-05
33.16,Lilongwe,7.37,Malawi,166,LYNN PAYNE,2,2,218,2005-08,9.75,1.63,42.91,2005-08-23,9,2005-08-17
33.23,Batna,7.33,Algeria,441,MARIO CHEATHAM,2,2,217,2005-08,9.67,2.67,42.9,2005-08-01,10,2005-07-26
33.25,Tanauan,7.9,Philippines,373,LOUIS LEONE,2,2,81,2005-07,8.65,2.1,41.9,2005-07-31,10,2005-07-25
33.26,Amroha,7.73,India,534,CHRISTIAN JUNG,2,2,216,2005-08,4.65,1.27,37.91,2005-08-02,9,2005-07-27
33.26,Satna,7.43,India,356,GERALD FULTZ,2,2,215,2005-08,14.63,3.57,47.89,2005-08-23,11,2005-08-17
33.35,Kuching,5.37,Malaysia,58,JEAN BELL,2,2,214,2005-08,12.57,2.63,45.92,2005-08-22,8,2005-08-16
33.36,Nador,7.2,Morocco,40,AMANDA CARTER,2,2,213,2005-08,11.54,2.8,44.9,2005-08-22,10,2005-08-16
33.36,Okinawa,7.0,Japan,365,BRUCE SCHWARZ,2,2,80,2005-07,4.56,1.0,37.92,2005-07-31,8,2005-07-25
33.38,Pjatigorsk,8.83,Russian Federation,487,HECTOR POINDEXTER,2,2,79,2005-07,3.52,1.17,36.9,2005-07-30,10,2005-07-24
33.39,Atlixco,7.7,Mexico,84,SARA PERRY,2,2,212,2005-08,12.51,2.3,45.9,2005-08-02,10,2005-07-27
33.4,Dundee,6.33,United Kingdom,142,APRIL BURNS,2,2,210,2005-08,6.52,1.67,39.92,2005-08-02,8,2005-07-27
33.4,Sharja,7.07,United Arab Emirates,292,MISTY LAMBERT,2,2,211,2005-08,13.5,2.93,46.9,2005-08-02,10,2005-07-27
33.41,Ocumare del Tuy,6.0,Venezuela,174,YVONNE WATKINS,2,2,209,2005-08,4.52,1.0,37.93,2005-08-01,7,2005-07-26
33.47,Akron,6.8,United States,479,ZACHARY HITE,2,2,78,2005-07,9.44,2.2,42.91,2005-07-12,9,2005-07-06
33.49,Najafabad,8.17,Iran,368,HARRY ARCE,2,2,208,2005-08,12.41,2.83,45.89,2005-08-23,11,2005-08-17
33.56,Deba Habe,7.73,Nigeria,409,RODNEY MOELLER,2,2,77,2005-07,7.35,1.27,40.91,2005-07-12,9,2005-07-06
33.61,Cuautla,9.4,Mexico,323,MATTHEW MAHAN,2,2,207,2005-08,10.27,2.6,43.88,2005-08-02,12,2005-07-27
33.61,Otsu,5.43,Japan,285,MIRIAM MCKINNEY,2,2,206,2005-08,13.31,2.57,46.92,2005-08-01,8,2005-07-26
33.62,Hsichuh,7.8,Taiwan,348,ROGER QUINTANILLA,2,2,205,2005-08,14.27,3.2,47.89,2005-08-02,11,2005-07-27
33.66,Vicente Lpez,7.83,Argentina,219,WILLIE HOWELL,2,2,76,2005-07,4.26,1.17,37.91,2005-07-12,9,2005-07-06
33.67,Ahmadnagar,6.73,India,297,SHERRI RHODES,2,2,204,2005-08,10.23,3.27,43.9,2005-08-23,10,2005-08-17
33.74,Gorontalo,6.0,Indonesia,203,TARA RYAN,2,2,203,2005-08,5.19,1.0,38.93,2005-08-01,7,2005-07-26
33.95,Toulouse,8.73,France,35,VIRGINIA GREEN,2,2,75,2005-07,6.94,2.27,40.89,2005-07-12,11,2005-07-06
33.97,Tabora,6.57,Tanzania,190,YOLANDA WEAVER,2,2,202,2005-08,5.95,1.43,39.92,2005-08-02,8,2005-07-27
34.01,Laohekou,9.1,China,422,MELVIN ELLINGTON,2,2,201,2005-08,8.88,1.9,42.89,2005-08-22,11,2005-08-16
34.07,Chisinau,9.7,Moldova,38,MARTHA GONZALEZ,2,2,200,2005-08,12.8,3.3,46.87,2005-08-02,13,2005-07-27
34.1,Quilmes,6.6,Argentina,585,PERRY SWAFFORD,2,2,199,2005-08,12.81,2.4,46.91,2005-08-02,9,2005-07-27
34.1,Sumqayit,6.63,Azerbaijan,334,RAYMOND MCWHORTER,2,2,74,2005-07,5.82,1.37,39.92,2005-07-12,8,2005-07-06
34.12,Hunuco,4.77,Peru,565,JAIME NETTLES,2,2,198,2005-08,6.81,2.23,40.93,2005-08-02,7,2005-07-27
34.14,Guaruj,6.27,Brazil,427,JESUS MCCARTNEY,2,2,197,2005-08,8.78,1.73,42.92,2005-08-01,8,2005-07-26
34.2,Miraj,7.1,India,316,STEVEN CURLEY,2,2,196,2005-08,8.71,1.9,42.91,2005-08-01,9,2005-07-26
34.21,Boksburg,9.23,South Africa,125,ETHEL WEBB,2,2,73,2005-07,7.68,1.77,41.89,2005-07-31,11,2005-07-25
34.24,Lapu-Lapu,6.4,Philippines,244,VIOLA HANSON,2,2,195,2005-08,9.67,2.6,43.91,2005-08-02,9,2005-07-27
34.24,Nabereznyje Telny,5.9,Russian Federation,447,CLIFFORD BOWENS,2,2,194,2005-08,8.68,2.1,42.92,2005-08-02,8,2005-07-27
34.25,Juiz de Fora,8.53,Brazil,591,KENT ARSENAULT,2,2,193,2005-08,13.64,2.47,47.89,2005-08-01,11,2005-07-26
34.29,Syrakusa,7.4,Italy,221,BESSIE MORRISON,2,2,192,2005-08,10.61,2.6,44.9,2005-08-22,10,2005-08-16
34.31,Yuncheng,6.07,China,154,MICHELE GRANT,2,2,191,2005-08,11.6,2.93,45.91,2005-08-02,9,2005-07-27
34.33,Lungtan,7.5,Taiwan,30,MELISSA KING,2,2,72,2005-07,5.59,1.5,39.91,2005-07-11,9,2005-07-05
34.35,Atlixco,5.23,Mexico,84,SARA PERRY,2,2,71,2005-07,5.58,1.77,39.93,2005-07-11,7,2005-07-05
34.39,Lausanne,7.93,Switzerland,598,WADE DELVALLE,2,2,70,2005-07,4.52,1.07,38.91,2005-07-12,9,2005-07-06
34.41,Mit Ghamr,5.97,Egypt,491,RICK MATTOX,2,2,190,2005-08,11.51,2.03,45.92,2005-08-02,8,2005-07-27
34.44,Carmen,5.87,Mexico,578,WILLARD LUMPKIN,2,2,189,2005-08,8.48,2.13,42.92,2005-08-02,8,2005-07-27
34.45,Fuyu,8.13,China,211,STACEY MONTGOMERY,2,2,188,2005-08,11.44,2.87,45.89,2005-08-23,11,2005-08-17
34.49,ostka,7.33,Ukraine,475,PEDRO CHESTNUT,2,2,69,2005-07,3.43,0.67,37.92,2005-07-11,8,2005-07-05
34.5,Arak,9.67,Iran,36,KATHLEEN ADAMS,2,2,187,2005-08,7.38,2.33,41.88,2005-08-02,12,2005-07-27
34.5,Jinzhou,6.7,China,595,TERRENCE GUNDERSON,2,2,68,2005-07,6.42,1.3,40.92,2005-07-12,8,2005-07-06
34.53,San Felipe del Progreso,7.27,Mexico,319,RONALD WEINER,2,2,186,2005-08,6.38,1.73,40.91,2005-08-22,9,2005-08-16
34.6,Sterling Heights,6.43,United States,146,JAMIE RICE,2,2,185,2005-08,11.31,2.57,45.91,2005-08-23,9,2005-08-17
34.62,Fengshan,7.97,Taiwan,576,MORRIS MCCARTER,2,2,184,2005-08,8.28,2.03,42.9,2005-08-01,10,2005-07-26
34.63,Qinhuangdao,7.23,China,242,GLENDA FRAZIER,2,2,183,2005-08,7.28,1.77,41.91,2005-08-02,9,2005-07-27
34.68,Omdurman,5.6,Sudan,50,DIANE COLLINS,2,2,67,2005-07,5.25,1.4,39.93,2005-07-12,7,2005-07-06
34.69,So Leopoldo,7.33,Brazil,443,FRANCISCO SKIDMORE,2,2,182,2005-08,9.22,1.67,43.91,2005-08-02,9,2005-07-27
34.71,Hanoi,8.73,Vietnam,340,PATRICK NEWSOM,2,2,181,2005-08,4.19,1.27,38.9,2005-08-01,10,2005-07-26
34.72,Banjul,7.93,Gambia,584,SALVADOR TEEL,2,2,180,2005-08,7.18,2.07,41.9,2005-08-02,10,2005-07-27
34.75,Usolje-Sibirskoje,8.4,Russian Federation,462,WARREN SHERROD,2,2,179,2005-08,13.14,2.6,47.89,2005-08-01,11,2005-07-26
34.81,Bhilwara,5.63,India,209,TONYA CHAPMAN,2,2,66,2005-07,11.11,2.37,45.92,2005-07-30,8,2005-07-24
34.81,Smolensk,5.6,Russian Federation,127,ELAINE STEVENS,2,2,178,2005-08,7.12,1.4,41.93,2005-08-02,7,2005-07-27
34.86,Tychy,7.03,Poland,380,RUSSELL BRINSON,2,2,65,2005-07,7.05,1.97,41.91,2005-07-31,9,2005-07-25
34.87,Iwatsuki,6.4,Japan,396,EARL SHANKS,2,2,177,2005-08,9.04,2.6,43.91,2005-08-22,9,2005-08-16
34.93,Kakamigahara,6.67,Japan,163,CATHY SPENCER,2,2,176,2005-08,7.98,2.33,42.91,2005-08-23,9,2005-08-17
35.01,Maikop,5.77,Russian Federation,346,ARTHUR SIMPKINS,2,2,64,2005-07,5.92,1.23,40.93,2005-07-12,7,2005-07-06
35.07,Tonghae,6.03,South Korea,536,FERNANDO CHURCHILL,2,2,175,2005-08,7.85,1.97,42.92,2005-08-02,8,2005-07-27
35.09,Kansas City,7.57,United States,308,THOMAS GRIGSBY,2,2,173,2005-08,9.81,2.43,44.9,2005-08-23,10,2005-08-17
35.09,Okinawa,7.73,Japan,365,BRUCE SCHWARZ,2,2,174,2005-08,5.82,1.27,40.91,2005-08-01,9,2005-07-26
35.1,Sorocaba,6.43,Brazil,314,GEORGE LINTON,2,2,63,2005-07,7.81,2.57,42.91,2005-07-30,9,2005-07-24
35.11,Stockport,5.4,United Kingdom,477,DAN PAINE,2,2,172,2005-08,8.82,1.6,43.93,2005-08-01,7,2005-07-26
35.12,Mannheim,7.7,Germany,196,ALMA AUSTIN,2,2,171,2005-08,9.78,2.3,44.9,2005-08-02,10,2005-07-27
35.13,Hoshiarpur,6.83,India,412,ALLEN BUTTERFIELD,2,2,170,2005-08,3.79,1.17,38.92,2005-08-02,8,2005-07-27
35.19,Usolje-Sibirskoje,7.33,Russian Federation,462,WARREN SHERROD,2,2,62,2005-07,8.72,1.67,43.91,2005-07-29,9,2005-07-23
35.2,Oshawa,6.23,Canada,189,LORETTA CARPENTER,2,2,169,2005-08,6.72,1.77,41.92,2005-08-02,8,2005-07-27
35.23,Matsue,6.9,Japan,355,TERRY GRISSOM,2,2,61,2005-07,4.69,1.1,39.92,2005-07-12,8,2005-07-06
35.33,Joliet,7.2,United States,504,NATHANIEL ADAM,2,2,168,2005-08,10.57,2.8,45.9,2005-08-23,10,2005-08-17
35.36,Cuauhtmoc,7.47,Mexico,467,ALVIN DELOACH,2,2,167,2005-08,12.54,2.53,47.9,2005-08-02,10,2005-07-27
35.37,Kimchon,9.37,South Korea,99,EMILY DIAZ,2,2,60,2005-07,6.52,1.63,41.89,2005-07-12,11,2005-07-06
35.39,Naala-Porto,7.43,Mozambique,433,DON BONE,2,2,59,2005-07,2.53,0.57,37.92,2005-07-12,8,2005-07-06
35.43,Sagamihara,7.03,Japan,11,LISA ANDERSON,2,2,166,2005-08,9.48,1.97,44.91,2005-08-02,9,2005-07-27
35.47,Munger (Monghyr),6.63,India,28,CYNTHIA YOUNG,2,2,165,2005-08,8.44,2.37,43.91,2005-08-02,9,2005-07-27
35.49,Varanasi (Benares),7.67,India,123,SHANNON FREEMAN,2,2,164,2005-08,6.42,1.33,41.91,2005-08-01,9,2005-07-26
35.55,Iligan,8.47,Philippines,580,ROSS GREY,2,2,163,2005-08,8.34,2.53,43.89,2005-08-02,11,2005-07-27
35.56,Haining,7.47,China,552,HUGH WALDROP,2,2,162,2005-08,8.35,1.53,43.91,2005-08-02,9,2005-07-27
35.6,Isesaki,6.3,Japan,519,RON DELUCA,2,2,161,2005-08,5.32,1.7,40.92,2005-08-01,8,2005-07-26
35.64,Blumenau,6.5,Brazil,206,TERRI VASQUEZ,2,2,160,2005-08,11.28,2.5,46.91,2005-08-23,9,2005-08-17
35.64,Livorno,8.97,Italy,541,DARREN WINDHAM,2,2,159,2005-08,9.25,2.03,44.89,2005-08-23,11,2005-08-17
35.73,San Felipe del Progreso,6.9,Mexico,319,RONALD WEINER,2,2,58,2005-07,8.18,2.1,43.91,2005-07-12,9,2005-07-06
35.76,Vitria de Santo Anto,7.33,Brazil,374,JEREMY HURTADO,2,2,158,2005-08,6.15,1.67,41.91,2005-08-22,9,2005-08-16
35.9,Sirjan,6.63,Iran,449,OSCAR AQUINO,2,2,157,2005-08,6.02,1.37,41.92,2005-08-01,8,2005-07-26
35.91,Mandaluyong,5.5,Philippines,263,HILDA HOPKINS,2,2,156,2005-08,12.01,2.5,47.92,2005-08-23,8,2005-08-17
35.94,Birgunj,5.67,Nepal,321,KEVIN SCHULER,2,2,154,2005-08,6.99,1.33,42.93,2005-08-23,7,2005-08-17
35.94,Shimoga,5.73,India,238,NELLIE GARRETT,2,2,155,2005-08,4.99,1.27,40.93,2005-08-01,7,2005-07-26
35.96,Lancaster,7.03,United States,112,ROSA REYNOLDS,2,2,57,2005-07,3.96,0.97,39.92,2005-07-31,8,2005-07-25
36.0,Addis Abeba,6.83,Ethiopia,392,SEAN DOUGLASS,2,2,153,2005-08,7.91,2.17,43.91,2005-08-21,9,2005-08-15
36.01,Jining,5.8,China,594,EDUARDO HIATT,2,2,152,2005-08,9.91,2.2,45.92,2005-08-01,8,2005-07-26
36.09,Okayama,7.2,Japan,489,RICARDO MEADOR,2,2,151,2005-08,9.82,1.8,45.91,2005-08-23,9,2005-08-17
36.15,Ourense (Orense),8.47,Spain,469,WESLEY BULL,2,2,56,2005-07,7.75,1.53,43.9,2005-07-12,10,2005-07-06
36.19,Patiala,7.77,India,296,RAMONA HALE,2,2,150,2005-08,9.71,2.23,45.9,2005-08-23,10,2005-08-17
36.19,Ueda,10.73,Japan,503,ANGEL BARCLAY,2,2,149,2005-08,7.68,2.27,43.87,2005-08-23,13,2005-08-17
36.23,Botosani,7.33,Romania,230,JOY GEORGE,2,2,148,2005-08,9.67,2.67,45.9,2005-08-02,10,2005-07-27
36.26,Sincelejo,7.37,Colombia,87,WANDA PATTERSON,2,2,147,2005-08,8.65,1.63,44.91,2005-08-01,9,2005-07-26
36.27,Birgunj,6.6,Nepal,321,KEVIN SCHULER,2,2,55,2005-07,6.65,1.4,42.92,2005-07-12,8,2005-07-06
36.32,Uluberia,7.93,India,446,THEODORE CULP,2,2,146,2005-08,12.57,3.07,48.89,2005-08-02,11,2005-07-27
36.34,Hodeida,6.07,Yemen,470,GORDON ALLARD,2,2,145,2005-08,16.57,2.93,52.91,2005-08-01,9,2005-07-26
36.37,Sungai Petani,9.47,Malaysia,306,CHARLES KOWALSKI,2,2,144,2005-08,10.51,2.53,46.88,2005-08-02,12,2005-07-27
36.42,Cape Coral,8.33,United States,526,KARL SEAL,2,2,143,2005-08,16.46,3.67,52.88,2005-08-02,12,2005-07-27
36.47,Ljubertsy,6.73,Russian Federation,160,ERIN DUNN,2,2,142,2005-08,12.43,3.27,48.9,2005-08-23,10,2005-08-17
36.51,Bhimavaram,8.77,India,529,ERIK GUILLEN,2,2,141,2005-08,10.38,2.23,46.89,2005-08-22,11,2005-08-16
36.54,Moscow,9.77,Russian Federation,46,CATHERINE CAMPBELL,2,2,140,2005-08,13.33,3.23,49.87,2005-08-23,13,2005-08-17
36.58,Fontana,8.4,United States,51,ALICE STEWART,2,2,139,2005-08,13.3,3.6,49.88,2005-08-22,12,2005-08-16
36.59,Tiefa,7.73,China,302,MICHAEL SILVERMAN,2,2,138,2005-08,9.31,2.27,45.9,2005-08-01,10,2005-07-26
36.76,Kermanshah,7.1,Iran,377,HOWARD FORTNER,2,2,137,2005-08,7.15,1.9,43.91,2005-08-02,9,2005-07-27
36.76,Shanwei,7.0,China,424,KYLE SPURLOCK,2,2,54,2005-07,5.15,2.0,41.91,2005-07-31,9,2005-07-25
36.77,Jinzhou,9.7,China,595,TERRENCE GUNDERSON,2,2,136,2005-08,15.1,3.3,51.87,2005-08-02,13,2005-07-27
36.8,Nam Dinh,6.57,Vietnam,472,GREG ROBINS,2,2,135,2005-08,8.12,1.43,44.92,2005-08-22,8,2005-08-16
36.81,Jos Azueta,8.73,Mexico,581,VIRGIL WOFFORD,2,2,53,2005-07,5.09,1.27,41.9,2005-07-10,10,2005-07-04
36.82,Jinchang,8.5,China,168,REGINA BERRY,2,2,134,2005-08,15.07,3.5,51.88,2005-08-23,12,2005-08-17
36.82,Uluberia,7.93,India,446,THEODORE CULP,2,2,52,2005-07,8.08,2.07,44.9,2005-07-30,10,2005-07-24
36.83,Osmaniye,6.53,Turkey,13,KAREN JACKSON,2,2,51,2005-07,6.09,1.47,42.92,2005-07-31,8,2005-07-25
36.91,Uruapan,8.97,Mexico,454,ALEX GRESHAM,2,2,133,2005-08,7.98,2.03,44.89,2005-08-23,11,2005-08-17
37.01,Ambattur,8.7,India,225,ARLENE HARVEY,2,2,132,2005-08,15.87,3.3,52.88,2005-08-02,12,2005-07-27
37.05,Probolinggo,8.07,Indonesia,372,STEVE MACKENZIE,2,2,50,2005-07,9.85,1.93,46.9,2005-07-30,10,2005-07-24
37.08,Hodeida,5.33,Yemen,470,GORDON ALLARD,2,2,49,2005-07,14.84,2.67,51.92,2005-07-31,8,2005-07-25
37.1,Tiefa,7.03,China,302,MICHAEL SILVERMAN,2,2,48,2005-07,7.81,1.97,44.91,2005-07-31,9,2005-07-25
37.11,Songkhla,5.8,Thailand,86,JACQUELINE LONG,2,2,131,2005-08,11.81,2.2,48.92,2005-08-01,8,2005-07-26
37.12,Touliu,8.33,Taiwan,139,AMBER DIXON,2,2,130,2005-08,6.78,1.67,43.9,2005-08-23,10,2005-08-17
37.14,Zalantun,9.57,China,93,PHYLLIS FOSTER,2,2,129,2005-08,5.75,1.43,42.89,2005-08-23,11,2005-08-17
37.16,Rockford,7.27,United States,457,BILL GAVIN,2,2,128,2005-08,6.75,1.73,43.91,2005-08-22,9,2005-08-16
37.27,Cuauhtmoc,6.57,Mexico,467,ALVIN DELOACH,2,2,47,2005-07,6.65,1.43,43.92,2005-07-29,8,2005-07-23
37.31,Bhavnagar,9.47,India,379,CARLOS COUGHLIN,2,2,127,2005-08,6.58,1.53,43.89,2005-08-23,11,2005-08-17
37.33,Emeishan,6.8,China,389,ALAN KAHN,2,2,126,2005-08,9.58,2.2,46.91,2005-08-02,9,2005-07-27
37.35,Apeldoorn,8.17,Netherlands,137,RHONDA KENNEDY,2,2,46,2005-07,9.55,1.83,46.9,2005-07-11,10,2005-07-05
37.65,Imus,7.9,Philippines,349,JOE GILLILAND,2,2,125,2005-08,8.25,2.1,45.9,2005-08-02,10,2005-07-27
37.71,Ourense (Orense),8.67,Spain,469,WESLEY BULL,2,2,123,2005-08,15.17,3.33,52.88,2005-08-01,12,2005-07-26
37.71,York,5.67,United Kingdom,497,GILBERT SLEDGE,2,2,124,2005-08,10.21,2.33,47.92,2005-08-01,8,2005-07-26
37.74,Nha Trang,9.83,Vietnam,520,MITCHELL WESTMORELAND,2,2,122,2005-08,11.13,3.17,48.87,2005-08-23,13,2005-08-17
37.76,Kirovo-Tepetsk,7.8,Russian Federation,179,DANA HART,2,2,121,2005-08,11.14,2.2,48.9,2005-08-01,10,2005-07-26
37.81,Kowloon and New Kowloon,8.87,Hong Kong,289,VIOLET RODRIQUEZ,2,2,120,2005-08,9.08,2.13,46.89,2005-08-22,11,2005-08-16
37.83,Brindisi,6.87,Italy,499,MARC OUTLAW,2,2,119,2005-08,12.07,3.13,49.9,2005-08-22,10,2005-08-16
37.85,Maracabo,8.2,Venezuela,453,CALVIN MARTEL,2,2,118,2005-08,8.05,1.8,45.9,2005-08-23,10,2005-08-17
37.85,Novi Sad,8.83,Yugoslavia,553,MAX PITT,2,2,45,2005-07,7.06,1.17,44.9,2005-07-08,10,2005-07-02
37.9,Changzhou,10.5,China,197,SUE PETERS,2,2,117,2005-08,6.98,1.5,44.88,2005-08-02,12,2005-07-27
37.91,Kolpino,5.33,Russian Federation,295,DAISY BATES,2,2,44,2005-07,11.01,2.67,48.92,2005-07-31,8,2005-07-25
37.91,Pak Kret,9.03,Thailand,42,CAROLYN PEREZ,2,2,116,2005-08,10.97,2.97,48.88,2005-08-02,12,2005-07-27
37.93,Baku,7.37,Azerbaijan,333,ANDREW PURDY,2,2,43,2005-07,4.98,1.63,42.91,2005-07-31,9,2005-07-25
37.94,Citt del Vaticano,5.73,Holy See (Vatican City State),26,JESSICA HALL,2,2,115,2005-08,7.98,2.27,45.92,2005-08-23,8,2005-08-17
37.96,Malm,7.5,Sweden,66,JANICE WARD,2,2,42,2005-07,10.94,2.5,48.9,2005-07-11,10,2005-07-05
37.98,Adoni,5.4,India,367,ADAM GOOCH,2,2,114,2005-08,6.95,1.6,44.93,2005-08-21,7,2005-08-15
37.98,Tychy,8.4,Poland,380,RUSSELL BRINSON,2,2,113,2005-08,9.91,2.6,47.89,2005-08-02,11,2005-07-27
38.01,Owo,9.27,Nigeria,280,TRACEY BARRETT,2,2,112,2005-08,5.88,1.73,43.89,2005-08-02,11,2005-07-27
38.07,Fuyu,9.53,China,211,STACEY MONTGOMERY,2,2,41,2005-07,8.82,1.47,46.89,2005-07-12,11,2005-07-06
38.08,Arecibo,9.0,Puerto Rico,360,RALPH MADRIGAL,2,2,111,2005-08,12.8,3.0,50.88,2005-08-02,12,2005-07-27
38.25,Santa Brbara dOeste,8.77,Brazil,178,MARION SNYDER,2,2,110,2005-08,15.63,3.23,53.88,2005-08-02,12,2005-07-27
38.28,Iwaki,5.83,Japan,240,MARLENE WELCH,2,2,109,2005-08,8.65,2.17,46.92,2005-08-01,8,2005-07-26
38.44,Ambattur,8.93,India,225,ARLENE HARVEY,2,2,40,2005-07,6.46,1.07,44.9,2005-07-12,10,2005-07-06
38.6,Kragujevac,6.97,Yugoslavia,7,MARIA MILLER,2,2,39,2005-07,7.31,2.03,45.91,2005-07-12,9,2005-07-06
38.63,Salzburg,10.5,Austria,266,NORA HERRERA,2,2,108,2005-08,11.24,2.5,49.87,2005-08-22,13,2005-08-16
38.66,Changhwa,6.93,Taiwan,75,TAMMY SANDERS,2,2,38,2005-07,8.24,3.07,46.9,2005-07-31,10,2005-07-25
38.68,Dadu,9.13,Pakistan,416,JEFFERY PINSON,2,2,107,2005-08,7.21,1.87,45.89,2005-08-02,11,2005-07-27
38.75,Monywa,8.33,Myanmar,256,MABEL HOLLAND,2,2,106,2005-08,7.15,1.67,45.9,2005-08-23,10,2005-08-17
38.78,Portoviejo,8.67,Ecuador,262,PATSY DAVIDSON,2,2,105,2005-08,5.12,1.33,43.9,2005-08-23,10,2005-08-17
38.89,Ife,7.37,Nigeria,80,MARILYN ROSS,2,2,37,2005-07,9.02,1.63,47.91,2005-07-12,9,2005-07-06
39.08,Kingstown,12.13,Saint Vincent and the Grenadines,326,JOSE ANDREW,2,2,104,2005-08,7.78,1.87,46.86,2005-08-02,14,2005-07-27
39.11,Balikesir,9.13,Turkey,366,BRANDON HUEY,2,2,102,2005-08,16.76,3.87,55.87,2005-08-02,13,2005-07-27
39.11,San Felipe de Puerto Plata,9.13,Dominican Republic,418,JEFF EAST,2,2,103,2005-08,7.78,1.87,46.89,2005-08-02,11,2005-07-27
39.12,Coquimbo,7.83,Chile,515,ANDRE RAPP,2,2,101,2005-08,9.78,2.17,48.9,2005-08-22,10,2005-08-16
39.3,Czestochowa,10.03,Poland,572,SIDNEY BURLESON,2,2,100,2005-08,8.58,1.97,47.88,2005-08-02,12,2005-07-27
39.38,Tanza,8.2,Philippines,236,MARCIA DEAN,2,2,99,2005-08,13.5,3.8,52.88,2005-08-02,12,2005-07-27
39.48,Xintai,8.9,China,564,BOB PFEIFFER,2,2,98,2005-08,4.42,1.1,43.9,2005-08-01,10,2005-07-26
39.5,Ilorin,6.93,Nigeria,103,GLADYS HAMILTON,2,2,36,2005-07,7.41,2.07,46.91,2005-07-12,9,2005-07-06
39.57,Pune,9.33,India,135,JUANITA MASON,2,2,97,2005-08,10.31,2.67,49.88,2005-08-02,12,2005-07-27
39.59,Salamanca,7.23,Mexico,273,PRISCILLA LOWE,2,2,35,2005-07,8.32,1.77,47.91,2005-07-12,9,2005-07-06
39.6,Ozamis,6.77,Philippines,434,EDDIE TOMLIN,2,2,96,2005-08,9.31,2.23,48.91,2005-08-22,9,2005-08-16
39.66,Antofagasta,7.0,Chile,45,JANET PHILLIPS,2,2,95,2005-08,8.25,2.0,47.91,2005-08-02,9,2005-07-27
39.81,Balikesir,8.67,Turkey,366,BRANDON HUEY,2,2,34,2005-07,4.09,1.33,43.9,2005-07-12,10,2005-07-06
39.82,Gingoog,7.97,Philippines,461,DEREK BLAKELY,2,2,94,2005-08,8.07,3.03,47.89,2005-08-23,11,2005-08-17
39.91,Jelets,6.07,Russian Federation,100,ROBIN HAYES,2,2,33,2005-07,11.01,1.93,50.92,2005-07-12,8,2005-07-06
39.95,Osmaniye,8.0,Turkey,13,KAREN JACKSON,2,2,93,2005-08,8.95,2.0,48.9,2005-08-02,10,2005-07-27
4.01,El Monte,2.37,United States,420,JACOB LANCE,2,2,154,2005-06,1.96,0.63,5.97,2005-06-23,3,2005-06-17
4.49,Pereira,1.5,Colombia,180,STACY CUNNINGHAM,2,2,153,2005-06,1.5,0.5,5.98,2005-06-23,2,2005-06-17
4.82,Hami,1.5,China,165,LORRAINE STEPHENS,2,2,152,2005-06,2.16,0.5,6.98,2005-06-23,2,2005-06-17
40.1,Lincoln,6.23,United States,63,ASHLEY RICHARDSON,2,2,32,2005-07,3.83,0.77,43.93,2005-07-12,7,2005-07-06
40.12,Robamba,7.6,Ecuador,494,RAMON CHOATE,2,2,31,2005-07,9.78,2.4,49.9,2005-07-31,10,2005-07-25
40.28,Escobar,8.27,Argentina,445,MICHEAL FORMAN,2,2,92,2005-08,4.62,1.73,44.9,2005-08-02,10,2005-07-27
40.3,Parbhani,6.93,India,300,JOHN FARNSWORTH,2,2,91,2005-08,13.6,3.07,53.9,2005-08-23,10,2005-08-17
40.39,Ivanovo,7.33,Russian Federation,106,CONNIE WALLACE,2,2,90,2005-08,6.52,1.67,46.91,2005-08-01,9,2005-07-26
40.42,Cavite,7.87,Philippines,388,CRAIG MORRELL,2,2,89,2005-08,10.47,3.13,50.89,2005-08-23,11,2005-08-17
40.47,Beira,9.6,Mozambique,257,MARSHA DOUGLAS,2,2,30,2005-07,12.41,2.4,52.88,2005-07-31,12,2005-07-25
40.52,Peoria,11.23,United States,275,CAROLE BARNETT,2,2,88,2005-08,10.34,2.77,50.86,2005-08-23,14,2005-08-17
40.59,Tokat,11.03,Turkey,566,CASEY MENA,2,2,29,2005-07,8.28,1.97,48.87,2005-07-31,13,2005-07-25
40.96,Johannesburg,7.77,South Africa,471,DEAN SAUER,2,2,87,2005-08,7.94,2.23,48.9,2005-08-23,10,2005-08-17
41.12,Dayton,11.17,United States,294,SHELLY WATTS,2,2,86,2005-08,9.75,1.83,50.87,2005-08-02,13,2005-07-27
41.13,Celaya,7.23,Mexico,587,SERGIO STANFIELD,2,2,85,2005-08,7.78,1.77,48.91,2005-08-02,9,2005-07-27
41.18,Lhokseumawe,8.43,Indonesia,473,JORGE OLIVARES,2,2,84,2005-08,10.71,2.57,51.89,2005-08-02,11,2005-07-27
41.21,Yerevan,9.17,Armenia,41,STEPHANIE MITCHELL,2,2,28,2005-07,8.68,1.83,49.89,2005-07-31,11,2005-07-25
41.35,Vancouver,8.63,Canada,436,TROY QUIGLEY,2,2,83,2005-08,12.54,2.37,53.89,2005-08-20,11,2005-08-14
41.35,Vijayawada,8.2,India,508,MILTON HOWLAND,2,2,27,2005-07,10.55,1.8,51.9,2005-07-31,10,2005-07-25
41.38,Purnea (Purnia),5.53,India,426,BRADLEY MOTLEY,2,2,26,2005-07,7.55,1.47,48.93,2005-07-31,7,2005-07-25
41.43,Huejutla de Reyes,6.8,Mexico,582,ANDY VANHORN,2,2,25,2005-07,5.49,1.2,46.92,2005-07-31,8,2005-07-25
41.45,Baiyin,8.57,China,495,CHARLIE BESS,2,2,82,2005-08,7.45,1.43,48.9,2005-08-01,10,2005-07-26
41.46,Aden,6.87,Yemen,210,ELLA OLIVER,2,2,81,2005-08,10.45,2.13,51.91,2005-08-23,9,2005-08-17
41.49,Baku,8.07,Azerbaijan,333,ANDREW PURDY,2,2,80,2005-08,6.41,1.93,47.9,2005-08-01,10,2005-07-26
41.65,Pyongyang,12.1,North Korea,157,DARLENE ROSE,2,2,79,2005-08,9.2,2.9,50.85,2005-08-02,15,2005-07-27
41.74,Purnea (Purnia),6.3,India,426,BRADLEY MOTLEY,2,2,78,2005-08,9.18,1.7,50.92,2005-08-01,8,2005-07-26
41.84,Vila Velha,9.8,Brazil,39,DEBRA NELSON,2,2,77,2005-08,12.04,2.2,53.88,2005-08-01,12,2005-07-26
42.01,Fukuyama,9.0,Japan,141,DEBBIE REYES,2,2,76,2005-08,6.88,2.0,48.89,2005-08-02,11,2005-07-27
42.04,Jamalpur,9.83,Bangladesh,329,FRANK WAGGONER,2,2,75,2005-08,8.85,2.17,50.88,2005-08-02,12,2005-07-27
42.08,Lancaster,8.47,United States,112,ROSA REYNOLDS,2,2,74,2005-08,6.82,1.53,48.9,2005-08-02,10,2005-07-27
42.2,Kimberley,6.27,South Africa,19,RUTH MARTINEZ,2,2,73,2005-08,11.72,1.73,53.92,2005-08-22,8,2005-08-16
42.21,Sogamoso,8.77,Colombia,490,SAM MCDUFFIE,2,2,24,2005-07,5.69,1.23,47.9,2005-07-12,10,2005-07-06
42.31,NDjamna,9.43,Chad,535,JAVIER ELROD,2,2,72,2005-08,10.57,2.57,52.88,2005-08-22,12,2005-08-16
42.54,Shimonoseki,9.8,Japan,29,ANGELA HERNANDEZ,2,2,71,2005-08,13.33,3.2,55.87,2005-08-22,13,2005-08-16
42.61,London,8.6,United Kingdom,512,CECIL VINES,2,2,70,2005-08,11.28,2.4,53.89,2005-08-23,11,2005-08-17
42.65,Richmond Hill,8.5,Canada,410,CURTIS IRBY,2,2,69,2005-08,17.23,3.5,59.88,2005-08-23,12,2005-08-17
42.93,Beira,10.8,Mozambique,257,MARSHA DOUGLAS,2,2,68,2005-08,15.93,3.2,58.86,2005-08-02,14,2005-07-27
43.31,Liaocheng,8.57,China,129,CARRIE PORTER,2,2,67,2005-08,6.58,2.43,49.89,2005-08-01,11,2005-07-26
43.42,Santa Rosa,7.57,Philippines,522,ARNOLD HAVENS,2,2,23,2005-07,12.48,2.43,55.9,2005-07-31,10,2005-07-25
43.43,Zaria,10.7,Nigeria,232,CONSTANCE REID,2,2,22,2005-07,5.45,1.3,48.88,2005-07-31,12,2005-07-25
43.74,Bergamo,9.0,Italy,439,ALEXANDER FENNELL,2,2,66,2005-08,12.14,3.0,55.88,2005-08-23,12,2005-08-17
43.89,Uijongbu,11.23,South Korea,245,COURTNEY DAY,2,2,65,2005-08,11.97,2.77,55.86,2005-08-02,14,2005-07-27
44.06,Santa F,7.57,Argentina,331,ERIC ROBERT,2,2,21,2005-07,7.85,1.43,51.91,2005-07-10,9,2005-07-04
44.08,Tanauan,9.17,Philippines,373,LOUIS LEONE,2,2,64,2005-08,11.81,2.83,55.88,2005-08-02,12,2005-07-27
44.12,Dhaka,7.57,Bangladesh,332,STEPHEN QUALLS,2,2,20,2005-07,10.78,2.43,54.9,2005-07-31,10,2005-07-25
44.13,Omdurman,10.23,Sudan,50,DIANE COLLINS,2,2,63,2005-08,13.74,2.77,57.87,2005-08-02,13,2005-07-27
44.21,Ashdod,9.2,Israel,102,CRYSTAL FORD,2,2,19,2005-07,8.68,1.8,52.89,2005-07-12,11,2005-07-06
44.44,Uijongbu,8.97,South Korea,245,COURTNEY DAY,2,2,18,2005-07,8.45,2.03,52.89,2005-07-31,11,2005-07-25
44.45,Avellaneda,8.37,Argentina,560,JORDAN ARCHULETA,2,2,62,2005-08,11.44,2.63,55.89,2005-08-02,11,2005-07-27
44.46,Kolpino,7.73,Russian Federation,295,DAISY BATES,2,2,61,2005-08,14.43,3.27,58.89,2005-08-02,11,2005-07-27
44.54,Haldia,9.33,India,186,HOLLY FOX,2,2,60,2005-08,9.34,2.67,53.88,2005-08-22,12,2005-08-16
44.55,Ogbomosho,7.87,Nigeria,277,OLGA JIMENEZ,2,2,57,2005-08,8.35,2.13,52.9,2005-08-22,10,2005-08-16
44.55,Omiya,7.87,Japan,404,STANLEY SCROGGINS,2,2,58,2005-08,10.35,2.13,54.9,2005-08-22,10,2005-08-16
44.55,Tanshui,8.7,Taiwan,577,CLIFTON MALCOLM,2,2,59,2005-08,10.34,2.3,54.89,2005-08-02,11,2005-07-27
44.63,Robamba,9.87,Ecuador,494,RAMON CHOATE,2,2,56,2005-08,13.24,3.13,57.87,2005-08-02,13,2005-07-27
44.66,Rae Bareli,7.13,India,78,LORI WOOD,2,2,55,2005-08,10.24,2.87,54.9,2005-08-02,10,2005-07-27
44.69,Ilorin,8.17,Nigeria,103,GLADYS HAMILTON,2,2,54,2005-08,7.22,1.83,51.9,2005-08-23,10,2005-08-17
44.75,Erlangen,8.43,Germany,448,MIGUEL BETANCOURT,2,2,53,2005-08,10.15,1.57,54.9,2005-08-23,10,2005-08-17
44.76,Aden,10.87,Yemen,210,ELLA OLIVER,2,2,17,2005-07,8.11,2.13,52.87,2005-07-12,13,2005-07-06
44.77,Shanwei,9.37,China,424,KYLE SPURLOCK,2,2,52,2005-08,8.11,2.63,52.88,2005-08-02,12,2005-07-27
44.86,Yangor,7.7,Nauru,513,DUANE TUBBS,2,2,51,2005-08,15.03,3.3,59.89,2005-08-23,11,2005-08-17
45.16,Zanzibar,7.83,Tanzania,220,CHARLENE ALVAREZ,2,2,50,2005-08,9.75,2.17,54.9,2005-08-02,10,2005-07-27
45.19,Boksburg,11.43,South Africa,125,ETHEL WEBB,2,2,49,2005-08,10.67,2.57,55.86,2005-08-02,14,2005-07-27
45.3,Leshan,9.63,China,569,DAVE GARDINER,2,2,48,2005-08,12.57,3.37,57.87,2005-08-23,13,2005-08-17
45.35,Karnal,8.7,India,274,NAOMI JENNINGS,2,2,47,2005-08,14.53,3.3,59.88,2005-08-23,12,2005-08-17
45.75,Olomouc,8.5,Czech Republic,265,JENNIE TERRY,2,2,16,2005-07,7.15,1.5,52.9,2005-07-12,10,2005-07-06
45.77,Molodetno,5.97,Belarus,144,CLARA SHAW,2,2,15,2005-07,9.15,2.03,54.92,2005-07-12,8,2005-07-06
45.97,Tabriz,9.57,Iran,279,DIANNE SHELTON,2,2,46,2005-08,10.91,2.43,56.88,2005-08-23,12,2005-08-17
46.02,Charlotte Amalie,10.9,"Virgin Islands, U.S.",406,NATHAN RUNYON,2,2,14,2005-07,7.85,2.1,53.87,2005-07-31,13,2005-07-25
46.02,Zhoushan,7.63,China,550,GUY BROWNLEE,2,2,45,2005-08,13.87,3.37,59.89,2005-08-23,11,2005-08-17
46.18,Sal,8.2,Morocco,22,LAURA RODRIGUEZ,2,2,44,2005-08,8.72,1.8,54.9,2005-08-23,10,2005-08-17
46.21,Rustenburg,8.9,South Africa,407,DALE RATCLIFF,2,2,43,2005-08,9.68,2.1,55.89,2005-08-02,11,2005-07-27
46.22,Charlotte Amalie,11.47,"Virgin Islands, U.S.",406,NATHAN RUNYON,2,2,42,2005-08,9.64,2.53,55.86,2005-08-01,14,2005-07-26
46.29,Huejutla de Reyes,7.27,Mexico,582,ANDY VANHORN,2,2,41,2005-08,8.62,1.73,54.91,2005-08-02,9,2005-07-27
46.53,Sawhaj,7.4,Egypt,423,ALFRED CASILLAS,2,2,13,2005-07,5.38,1.6,51.91,2005-07-30,9,2005-07-24
46.72,Kurgan,8.5,Russian Federation,376,RANDY GAITHER,2,2,12,2005-07,5.19,1.5,51.9,2005-07-12,10,2005-07-06
46.74,Hohhot,12.37,China,138,HAZEL WARREN,2,2,40,2005-08,8.11,2.63,54.85,2005-08-02,15,2005-07-27
46.75,Wroclaw,8.73,Poland,558,JIMMIE EGGLESTON,2,2,11,2005-07,12.14,2.27,58.89,2005-07-12,11,2005-07-06
46.76,Bijapur,10.37,India,468,TIM CARY,2,2,39,2005-08,14.11,2.63,60.87,2005-08-23,13,2005-08-17
46.98,Cam Ranh,8.77,Vietnam,532,NEIL RENNER,2,2,10,2005-07,5.92,1.23,52.9,2005-07-12,10,2005-07-06
47.14,San Juan Bautista Tuxtepec,9.47,Mexico,425,FRANCIS SIKES,2,2,9,2005-07,8.75,1.53,55.89,2005-07-12,11,2005-07-06
47.22,Sawhaj,8.47,Egypt,423,ALFRED CASILLAS,2,2,38,2005-08,10.67,2.53,57.89,2005-08-02,11,2005-07-27
47.34,Molodetno,12.7,Belarus,144,CLARA SHAW,2,2,37,2005-08,18.5,3.3,65.84,2005-08-02,16,2005-07-27
47.34,Probolinggo,9.07,Indonesia,372,STEVE MACKENZIE,2,2,36,2005-08,14.54,2.93,61.88,2005-08-02,12,2005-07-27
47.41,Adana,9.2,Turkey,327,LARRY THRASHER,2,2,35,2005-08,5.48,1.8,52.89,2005-08-23,11,2005-08-17
47.68,Bhilwara,9.07,India,209,TONYA CHAPMAN,2,2,34,2005-08,14.2,2.93,61.88,2005-08-01,12,2005-07-26
47.7,Boa Vista,10.17,Brazil,342,HAROLD MARTINO,2,2,33,2005-08,13.16,3.83,60.86,2005-08-23,14,2005-08-17
47.9,Saint-Denis,10.17,Runion,148,ELEANOR HUNT,2,2,8,2005-07,12.97,2.83,60.87,2005-07-31,13,2005-07-25
48.09,Memphis,7.67,United States,181,ANA BRADLEY,2,2,7,2005-07,7.82,1.33,55.91,2005-07-31,9,2005-07-25
48.33,Halisahar,9.93,India,259,LENA JENSEN,2,2,32,2005-08,16.54,3.07,64.87,2005-08-23,13,2005-08-17
48.34,Etawah,9.83,India,121,JOSEPHINE GOMEZ,2,2,31,2005-08,13.54,3.17,61.87,2005-08-23,13,2005-08-17
48.37,Dhaka,9.83,Bangladesh,332,STEPHEN QUALLS,2,2,30,2005-08,14.5,3.17,62.87,2005-08-02,13,2005-07-27
48.37,Mahajanga,9.37,Madagascar,81,ANDREA HENDERSON,2,2,29,2005-08,6.52,1.63,54.89,2005-08-23,11,2005-08-17
48.61,Vijayawada,8.87,India,508,MILTON HOWLAND,2,2,28,2005-08,12.28,2.13,60.89,2005-08-01,11,2005-07-26
48.62,Coatzacoalcos,7.83,Mexico,482,MAURICE CRAWLEY,2,2,6,2005-07,4.29,1.17,52.91,2005-07-12,9,2005-07-06
48.7,Yerevan,10.4,Armenia,41,STEPHANIE MITCHELL,2,2,27,2005-08,12.17,2.6,60.87,2005-08-02,13,2005-07-27
48.78,Naju,11.73,South Korea,237,TANYA GILBERT,2,2,5,2005-07,6.09,1.27,54.87,2005-07-31,13,2005-07-25
48.79,Zaria,11.3,Nigeria,232,CONSTANCE REID,2,2,26,2005-08,7.08,1.7,55.87,2005-08-01,13,2005-07-26
48.83,Belm,7.17,Brazil,362,NICHOLAS BARFIELD,2,2,25,2005-08,11.07,2.83,59.9,2005-08-22,10,2005-08-16
48.88,Goinia,8.6,Brazil,92,TINA SIMMONS,2,2,4,2005-07,8.02,1.4,56.9,2005-07-11,10,2005-07-05
49.34,Nakhon Sawan,9.6,Thailand,390,SHAWN HEATON,2,2,24,2005-08,10.54,2.4,59.88,2005-08-22,12,2005-08-16
49.39,Shubra al-Khayma,10.77,Egypt,119,SHERRY MARSHALL,2,2,23,2005-08,13.47,3.23,62.86,2005-08-23,14,2005-08-17
49.97,Tokat,13.1,Turkey,566,CASEY MENA,2,2,22,2005-08,11.87,2.9,61.84,2005-08-02,16,2005-07-27
5.02,Dayton,1.6,United States,294,SHELLY WATTS,2,2,151,2005-06,0.96,0.4,5.98,2005-06-23,2,2005-06-17
5.62,Amersfoort,1.5,Netherlands,415,GLENN PULLEN,2,2,150,2005-06,2.36,0.5,7.98,2005-06-23,2,2005-06-17
50.75,Donostia-San Sebastin,8.03,Spain,293,MAE FLETCHER,2,2,21,2005-08,8.15,1.97,58.9,2005-08-23,10,2005-08-17
50.83,Ikerre,9.87,Nigeria,198,ELSIE KELLEY,2,2,20,2005-08,15.03,4.13,65.86,2005-08-23,14,2005-08-17
50.89,Urawa,10.73,Japan,147,JOANNE ROBERTSON,2,2,19,2005-08,8.98,2.27,59.87,2005-08-23,13,2005-08-17
51.14,Meixian,9.7,China,90,RUBY WASHINGTON,2,2,18,2005-08,9.74,2.3,60.88,2005-08-02,12,2005-07-27
51.16,Changhwa,10.2,Taiwan,75,TAMMY SANDERS,2,2,17,2005-08,11.7,3.8,62.86,2005-08-02,14,2005-07-27
51.4,Athenai,9.73,Greece,3,LINDA WILLIAMS,2,2,3,2005-07,7.49,1.27,58.89,2005-07-31,11,2005-07-25
51.54,Kuwana,9.37,Japan,531,JAMIE WAUGH,2,2,16,2005-08,12.34,2.63,63.88,2005-08-02,12,2005-07-27
51.85,Maikop,11.37,Russian Federation,346,ARTHUR SIMPKINS,2,2,15,2005-08,15.01,2.63,66.86,2005-08-02,14,2005-07-27
51.86,Sumy,7.2,Ukraine,187,BRITTANY RILEY,2,2,14,2005-08,12.05,1.8,63.91,2005-08-23,9,2005-08-17
52.86,Bhopal,10.43,India,15,HELEN HARRIS,2,2,13,2005-08,15.0,3.57,67.86,2005-08-23,14,2005-08-17
53.14,Apeldoorn,9.67,Netherlands,137,RHONDA KENNEDY,2,2,12,2005-08,16.73,3.33,69.87,2005-08-02,13,2005-07-27
55.43,Athenai,10.37,Greece,3,LINDA WILLIAMS,2,2,11,2005-08,9.45,1.63,64.88,2005-08-01,12,2005-07-26
55.71,Hidalgo,12.27,Mexico,150,DANIELLE DANIELS,2,2,10,2005-08,7.15,1.73,62.86,2005-08-21,14,2005-08-15
56.86,Valparai,10.8,India,403,MIKE WAY,2,2,9,2005-08,11.01,2.2,67.87,2005-08-02,13,2005-07-27
59.26,San Bernardino,10.77,United States,2,PATRICIA JOHNSON,2,2,2,2005-07,6.62,1.23,65.88,2005-07-31,12,2005-07-25
6.17,Tallahassee,3.3,United States,248,CAROLINE BOWMAN,2,2,538,2005-08,2.79,0.7,8.96,2005-08-22,4,2005-08-16
6.31,Peoria,2.17,United States,275,CAROLE BARNETT,2,2,149,2005-06,2.66,0.83,8.97,2005-06-23,3,2005-06-17
6.68,A Corua (La Corua),2.17,Spain,52,JULIE SANCHEZ,2,2,148,2005-06,2.29,0.83,8.97,2005-06-23,3,2005-06-17
60.01,Pjatigorsk,12.67,Russian Federation,487,HECTOR POINDEXTER,2,2,8,2005-08,7.84,2.33,67.85,2005-08-02,15,2005-07-27
60.52,Santa Rosa,11.23,Philippines,522,ARNOLD HAVENS,2,2,7,2005-08,14.34,2.77,74.86,2005-08-01,14,2005-07-26
60.63,Tangail,10.67,Bangladesh,21,MICHELLE CLARK,2,2,6,2005-08,12.23,3.33,72.86,2005-08-22,14,2005-08-16
61.59,Saint-Denis,11.27,Runion,148,ELEANOR HUNT,2,2,5,2005-08,17.26,3.73,78.85,2005-08-02,15,2005-07-27
62.1,Naju,12.87,South Korea,237,TANYA GILBERT,2,2,4,2005-08,9.75,2.13,71.85,2005-08-02,15,2005-07-27
65.43,Qomsheh,9.9,Iran,459,TOMMY COLLAZO,2,2,1,2005-07,8.45,2.1,73.88,2005-07-31,12,2005-07-25
7.02,Serpuhov,1.77,Russian Federation,567,ALFREDO MCADAMS,2,2,147,2005-06,0.96,0.23,7.98,2005-06-23,2,2005-06-17
7.45,Asuncin,1.87,Paraguay,226,MAUREEN LITTLE,2,2,146,2005-06,0.53,0.13,7.98,2005-06-23,2,2005-06-17
7.6,Dongying,3.17,China,466,LEO EBERT,2,2,531,2005-07,3.36,0.83,10.96,2005-07-30,4,2005-07-24
7.64,Tete,2.6,Mozambique,97,ANNIE RUSSELL,2,2,145,2005-06,1.33,0.4,8.97,2005-06-23,3,2005-06-17
7.68,Owo,2.43,Nigeria,280,TRACEY BARRETT,2,2,144,2005-06,2.29,0.57,9.97,2005-06-23,3,2005-06-17
7.74,Balurghat,2.97,India,208,LUCY WHEELER,2,2,143,2005-06,3.22,1.03,10.96,2005-06-23,4,2005-06-17
7.78,Inegl,2.07,Turkey,278,BILLIE HORTON,2,2,142,2005-06,3.19,0.93,10.97,2005-06-23,3,2005-06-17
7.81,Trshavn,2.43,Faroe Islands,317,EDWARD BAUGH,2,2,141,2005-06,3.16,0.57,10.97,2005-06-23,3,2005-06-17
7.97,San Felipe de Puerto Plata,2.67,Dominican Republic,418,JEFF EAST,2,2,140,2005-06,1.0,0.33,8.97,2005-06-23,3,2005-06-17
72.78,San Bernardino,14.93,United States,2,PATRICIA JOHNSON,2,2,3,2005-08,11.05,2.07,83.83,2005-08-02,17,2005-07-27
73.18,Memphis,12.37,United States,181,ANA BRADLEY,2,2,2,2005-08,9.68,1.63,82.86,2005-08-01,14,2005-07-26
8.04,Maikop,2.2,Russian Federation,346,ARTHUR SIMPKINS,2,2,138,2005-06,3.93,0.8,11.97,2005-06-23,3,2005-06-17
8.04,Ruse,2.23,Bulgaria,540,TYRONE ASHER,2,2,139,2005-06,2.93,0.77,10.97,2005-06-23,3,2005-06-17
8.11,Kansas City,2.23,United States,308,THOMAS GRIGSBY,2,2,530,2005-07,3.86,0.77,11.97,2005-07-31,3,2005-07-25
8.34,Shenzhen,2.9,China,378,EUGENE CULPEPPER,2,2,529,2005-07,2.62,1.1,10.96,2005-07-31,4,2005-07-25
8.58,Bayugan,2.27,Philippines,188,MELANIE ARMSTRONG,2,2,137,2005-06,2.39,0.73,10.97,2005-06-23,3,2005-06-17
8.67,Barcelona,2.83,Venezuela,568,ALBERTO HENNING,2,2,527,2005-07,3.29,1.17,11.96,2005-07-31,4,2005-07-25
8.67,Rockford,3.03,United States,457,BILL GAVIN,2,2,528,2005-07,4.29,0.97,12.96,2005-07-31,4,2005-07-25
8.7,Yaound,3.03,Cameroon,361,LAWRENCE LAWTON,2,2,136,2005-06,4.26,0.97,12.96,2005-06-23,4,2005-06-17
8.77,Bhopal,2.63,India,15,HELEN HARRIS,2,2,135,2005-06,1.2,0.37,9.97,2005-06-23,3,2005-06-17
8.84,Okayama,2.43,Japan,489,RICARDO MEADOR,2,2,526,2005-07,2.13,0.57,10.97,2005-07-30,3,2005-07-24
85.93,Qomsheh,13.5,Iran,459,TOMMY COLLAZO,2,2,1,2005-08,10.91,2.5,96.84,2005-08-01,16,2005-07-26
9.0,Araatuba,3.03,Brazil,77,JANE BENNETT,2,2,525,2005-07,1.96,0.97,10.96,2005-07-31,4,2005-07-25
9.01,Oshawa,2.03,Canada,189,LORETTA CARPENTER,2,2,134,2005-06,2.96,0.97,11.97,2005-06-23,3,2005-06-17
9.04,Sultanbeyli,3.17,Turkey,493,BRENT HARKINS,2,2,133,2005-06,3.93,0.83,12.96,2005-06-23,4,2005-06-17
9.08,Leshan,2.33,China,569,DAVE GARDINER,2,2,524,2005-07,3.89,0.67,12.97,2005-07-11,3,2005-07-05
9.29,Fukuyama,1.37,Japan,141,DEBBIE REYES,2,2,132,2005-06,3.69,0.63,12.98,2005-06-23,2,2005-06-17
9.3,Sullana,3.03,Peru,597,FREDDIE DUGGAN,2,2,523,2005-07,2.66,0.97,11.96,2005-07-12,4,2005-07-06
9.34,Ljubertsy,2.57,Russian Federation,160,ERIN DUNN,2,2,131,2005-06,1.63,0.43,10.97,2005-06-23,3,2005-06-17
9.34,Santa Rosa,2.23,Philippines,522,ARNOLD HAVENS,2,2,130,2005-06,3.63,0.77,12.97,2005-06-23,3,2005-06-17
9.4,al-Qadarif,3.37,Sudan,395,JOHNNY TURPIN,2,2,522,2005-07,4.55,1.63,13.95,2005-07-09,5,2005-07-03
9.45,Arlington,2.07,United States,305,RICHARD MCCRARY,2,2,129,2005-06,4.52,0.93,13.97,2005-06-23,3,2005-06-17
9.47,Novi Sad,2.97,Yugoslavia,553,MAX PITT,2,2,537,2005-08,4.49,1.03,13.96,2005-08-23,4,2005-08-17
9.5,Antofagasta,3.07,Chile,45,JANET PHILLIPS,2,2,128,2005-06,3.46,0.93,12.96,2005-06-23,4,2005-06-17
9.57,Ezhou,3.07,China,313,DONALD MAHON,2,2,521,2005-07,3.39,0.93,12.96,2005-07-31,4,2005-07-25
9.77,Graz,2.87,Austria,173,AUDREY RAY,2,2,127,2005-06,4.19,1.13,13.96,2005-06-23,4,2005-06-17
9.87,Kurashiki,2.53,Japan,34,REBECCA SCOTT,2,2,126,2005-06,2.1,0.47,11.97,2005-06-23,3,2005-06-17
9.89,Laiwu,4.0,China,151,MEGAN PALMER,2,2,125,2005-06,4.06,1.0,13.95,2005-06-23,5,2005-06-17
