amount_deviation,amount_to_avg_ratio,anomaly_rank,avg_amount_prev_30d,avg_count_prev_30d,city_name,count_to_avg_ratio,country_daily_amount_rank,country_name,customer_id,customer_name,daily_payment_amount,daily_payment_count,distinct_staff_count,distinct_store_count,last_staff_id,last_staff_name,last_store_id,overdue_return_share,payment_day,related_rental_count
0.69,3.31,5222,0.3,0.13,Araatuba,7.5,18,Brazil,77,JANE BENNETT,0.99,1,1,1,1,Mike Hillyer,1,0.0,2005-07-28,1
0.69,3.31,5222,0.3,0.13,Laredo,7.5,18,United States,6,JENNIFER DAVIS,0.99,1,1,1,2,Jon Stephens,2,0.0,2005-07-06,1
0.69,3.31,5224,0.3,0.1,Oyo,10.0,7,Nigeria,250,JO FOWLER,0.99,1,1,1,1,Mike Hillyer,1,1.0,2005-08-18,1
0.69,3.31,5225,0.3,0.1,Juiz de Fora,10.0,16,Brazil,591,KENT ARSENAULT,0.99,1,1,1,1,Mike Hillyer,1,0.0,2005-07-06,1
0.69,3.31,5225,0.3,0.1,Katihar,10.0,28,India,419,CHAD CARBONE,0.99,1,1,1,1,Mike Hillyer,1,0.0,2005-07-07,1
0.69,3.31,5225,0.3,0.1,San Felipe de Puerto Plata,10.0,2,Dominican Republic,418,JEFF EAST,0.99,1,1,1,1,Mike Hillyer,1,0.0,2005-07-06,1
0.69,3.31,5228,0.3,0.1,Benin City,10.0,8,Nigeria,284,SONIA GREGORY,0.99,1,1,1,1,Mike Hillyer,1,0.0,2005-07-06,1
0.69,3.31,5229,0.3,0.07,Koriyama,15.0,22,Japan,401,TONY CARRANZA,0.99,1,1,1,2,Jon Stephens,2,0.0,2005-07-10,1
0.69,3.31,5229,0.3,0.07,Okara,15.0,2,Pakistan,399,DANNY ISOM,0.99,1,1,1,2,Jon Stephens,2,0.0,2005-07-08,1
0.69,3.32,5221,0.3,0.17,Mogiljov,6.0,2,Belarus,527,CORY MEEHAN,0.99,1,1,1,1,Mike Hillyer,1,0.0,2005-07-09,1
0.72,3.72,5219,0.27,0.07,Citrus Heights,15.0,17,United States,14,BETTY WHITE,0.99,1,1,1,1,Mike Hillyer,1,0.0,2005-07-08,1
0.72,3.72,5220,0.27,0.07,Dzerzinsk,15.0,13,Russian Federation,430,RAY HOULE,0.99,1,1,1,1,Mike Hillyer,1,1.0,2005-08-18,1
0.72,3.73,5218,0.27,0.13,Mogiljov,7.5,2,Belarus,527,CORY MEEHAN,0.99,1,1,1,1,Mike Hillyer,1,0.0,2005-07-08,1
0.76,4.26,5217,0.23,0.07,Sivas,15.0,9,Turkey,518,GABRIEL HARDER,0.99,1,1,1,1,Mike Hillyer,1,0.0,2005-07-06,1
0.79,4.97,5216,0.2,0.1,Pune,10.0,28,India,135,JUANITA MASON,0.99,1,1,1,1,Mike Hillyer,1,0.0,2005-07-07,1
0.82,5.95,5212,0.17,0.03,Sousse,30.0,1,Tunisia,335,GREGORY MAULDIN,0.99,1,1,1,1,Mike Hillyer,1,0.0,2005-07-06,1
0.82,5.95,5212,0.17,0.03,Taguig,30.0,7,Philippines,72,THERESA WATSON,0.99,1,1,1,1,Mike Hillyer,1,0.0,2005-07-06,1
0.82,5.95,5212,0.17,0.03,Teboksary,30.0,2,Russian Federation,350,JUAN FRALEY,0.99,1,1,1,2,Jon Stephens,2,0.0,2005-08-16,1
0.82,5.95,5212,0.17,0.03,al-Hawiya,30.0,2,Saudi Arabia,70,CHRISTINA RAMIREZ,0.99,1,1,1,1,Mike Hillyer,1,0.0,2005-07-07,1
0.82,5.96,5210,0.17,0.07,Tallahassee,15.0,18,United States,248,CAROLINE BOWMAN,0.99,1,1,1,1,Mike Hillyer,1,0.0,2005-07-06,1
0.82,5.96,5211,0.17,0.07,Etawah,15.0,30,India,121,JOSEPHINE GOMEZ,0.99,1,1,1,2,Jon Stephens,2,0.0,2005-07-10,1
0.82,5.98,5208,0.17,0.1,Escobar,10.0,8,Argentina,445,MICHEAL FORMAN,0.99,1,1,1,1,Mike Hillyer,1,0.0,2005-07-11,1
0.82,5.98,5208,0.17,0.1,Parbhani,10.0,28,India,300,JOHN FARNSWORTH,0.99,1,1,1,1,Mike Hillyer,1,0.0,2005-07-07,1
0.86,7.46,5203,0.13,0.07,Daxian,15.0,28,China,64,JUDITH COX,0.99,1,1,1,2,Jon Stephens,2,0.0,2005-07-06,1
0.86,7.46,5203,0.13,0.07,Hoshiarpur,15.0,28,India,412,ALLEN BUTTERFIELD,0.99,1,1,1,2,Jon Stephens,2,0.0,2005-07-07,1
0.86,7.46,5203,0.13,0.07,Parbhani,15.0,33,India,300,JOHN FARNSWORTH,0.99,1,1,1,1,Mike Hillyer,1,0.0,2005-07-06,1
0.86,7.46,5203,0.13,0.07,Rustenburg,15.0,5,South Africa,407,DALE RATCLIFF,0.99,1,1,1,1,Mike Hillyer,1,0.0,2005-07-07,1
0.86,7.46,5203,0.13,0.07,s-Hertogenbosch,15.0,3,Netherlands,184,VIVIAN RUIZ,0.99,1,1,1,1,Mike Hillyer,1,0.0,2005-07-07,1
0.89,9.93,5200,0.1,0.03,Chatsworth,30.0,6,South Africa,555,DWIGHT LOMBARDI,0.99,1,1,1,1,Mike Hillyer,1,1.0,2005-07-28,1
0.89,9.93,5200,0.1,0.03,Hoshiarpur,30.0,33,India,412,ALLEN BUTTERFIELD,0.99,1,1,1,2,Jon Stephens,2,0.0,2005-07-06,1
0.89,9.93,5200,0.1,0.03,Hubli-Dharwad,30.0,30,India,136,ANITA MORALES,0.99,1,1,1,1,Mike Hillyer,1,1.0,2005-07-08,1
0.92,15.0,5199,0.07,0.07,Hoshiarpur,15.0,29,India,412,ALLEN BUTTERFIELD,0.99,1,1,1,1,Mike Hillyer,1,0.0,2005-07-28,1
0.96,30.0,5197,0.03,0.03,Arak,30.0,5,Iran,36,KATHLEEN ADAMS,0.99,1,1,1,2,Jon Stephens,2,0.0,2005-07-07,1
0.96,30.0,5198,0.03,0.03,Pyongyang,30.0,1,North Korea,157,DARLENE ROSE,0.99,1,1,1,1,Mike Hillyer,1,0.0,2005-07-06,1
1.35,3.13,5195,0.63,0.17,Uruapan,12.0,16,Mexico,454,ALEX GRESHAM,1.98,2,2,2,1,Mike Hillyer,1,0.0,2005-08-18,2
1.35,3.13,5196,0.63,0.13,Berhampore (Baharampur),15.0,27,India,413,MARVIN YEE,1.98,2,2,2,2,Jon Stephens,2,0.0,2005-07-28,2
1.36,3.15,5194,0.63,0.13,Jakarta,7.5,8,Indonesia,153,SUZANNE NICHOLS,1.99,1,1,1,1,Mike Hillyer,1,1.0,2005-08-17,1
1.38,3.31,5193,0.6,0.17,Sanya,12.0,26,China,546,KELLY KNOTT,1.98,2,2,2,1,Mike Hillyer,1,0.0,2005-07-08,2
1.39,3.33,5191,0.6,0.17,Okinawa,6.0,13,Japan,365,BRUCE SCHWARZ,1.99,1,1,1,1,Mike Hillyer,1,1.0,2005-07-08,1
1.39,3.33,5192,0.6,0.17,Crdoba,6.0,11,Argentina,24,KIMBERLY LEE,1.99,1,1,1,1,Mike Hillyer,1,1.0,2005-07-27,1
1.41,3.5,5188,0.57,0.1,Amersfoort,20.0,3,Netherlands,415,GLENN PULLEN,1.98,2,1,1,2,Jon Stephens,2,0.0,2005-07-10,2
1.41,3.5,5188,0.57,0.1,Bchar,20.0,3,Algeria,69,JUDY GRAY,1.98,2,1,1,1,Mike Hillyer,1,0.0,2005-07-07,2
1.41,3.5,5190,0.57,0.1,Bydgoszcz,20.0,5,Poland,318,BRIAN WYMAN,1.98,2,2,2,2,Jon Stephens,2,0.0,2005-07-28,2
1.42,3.51,5187,0.56,0.2,Izumisano,10.0,14,Japan,391,CLARENCE GAMEZ,1.98,2,2,2,2,Jon Stephens,2,0.0,2005-07-08,2
1.42,3.52,5184,0.57,0.13,Allappuzha (Alleppey),7.5,24,India,175,ANNETTE OLSON,1.99,1,1,1,1,Mike Hillyer,1,1.0,2005-07-09,1
1.42,3.52,5184,0.57,0.13,Nador,7.5,3,Morocco,40,AMANDA CARTER,1.99,1,1,1,2,Jon Stephens,2,1.0,2005-07-09,1
1.42,3.52,5184,0.57,0.13,Ocumare del Tuy,7.5,2,Venezuela,174,YVONNE WATKINS,1.99,1,1,1,2,Jon Stephens,2,1.0,2005-07-08,1
1.43,3.52,5182,0.57,0.17,Kuching,6.0,1,Malaysia,58,JEAN BELL,1.99,1,1,1,2,Jon Stephens,2,1.0,2005-07-09,1
1.43,3.52,5182,0.57,0.17,Qalyub,6.0,4,Egypt,134,EMMA BOYD,1.99,1,1,1,2,Jon Stephens,2,1.0,2005-07-29,1
1.43,3.53,5181,0.56,0.23,Huaian,4.29,26,China,384,ERNEST STEPP,1.99,1,1,1,1,Mike Hillyer,1,1.0,2005-07-29,1
1.45,3.72,5180,0.53,0.17,London,12.0,3,United Kingdom,252,MATTIE HOFFMAN,1.98,2,2,2,2,Jon Stephens,2,0.0,2005-07-11,2
1.46,3.74,5176,0.53,0.17,Fuzhou,6.0,30,China,281,LEONA OBRIEN,1.99,1,1,1,1,Mike Hillyer,1,1.0,2005-08-21,1
1.46,3.74,5177,0.53,0.13,Asuncin,7.5,2,Paraguay,226,MAUREEN LITTLE,1.99,1,1,1,1,Mike Hillyer,1,1.0,2005-08-18,1
1.46,3.74,5178,0.53,0.13,Jurez,7.5,17,Mexico,369,FRED WHEAT,1.99,1,1,1,1,Mike Hillyer,1,1.0,2005-07-09,1
1.46,3.74,5179,0.53,0.13,Cuautla,7.5,18,Mexico,323,MATTHEW MAHAN,1.99,1,1,1,2,Jon Stephens,2,1.0,2005-07-08,1
1.48,3.97,5175,0.5,0.17,Halifax,12.0,4,Canada,463,DARRELL POWER,1.98,2,1,1,1,Mike Hillyer,1,0.0,2005-07-27,2
1.49,3.99,5172,0.5,0.17,Matsue,6.0,20,Japan,355,TERRY GRISSOM,1.99,1,1,1,2,Jon Stephens,2,1.0,2005-08-20,1
1.49,3.99,5173,0.5,0.1,Rockford,10.0,20,United States,457,BILL GAVIN,1.99,1,1,1,1,Mike Hillyer,1,1.0,2005-07-27,1
1.49,3.99,5174,0.5,0.1,Alvorada,10.0,12,Brazil,551,CLAYTON BARBEE,1.99,1,1,1,1,Mike Hillyer,1,1.0,2005-07-09,1
1.49,4.0,5171,0.5,0.2,Grand Prairie,5.0,18,United States,118,KIM CRUZ,1.99,1,1,1,1,Mike Hillyer,1,1.0,2005-07-12,1
1.52,4.26,5170,0.46,0.2,Yamuna Nagar,10.0,40,India,12,NANCY THOMAS,1.98,2,1,1,2,Jon Stephens,2,0.0,2005-07-27,2
1.52,4.28,5169,0.47,0.13,A Corua (La Corua),7.5,5,Spain,52,JULIE SANCHEZ,1.99,1,1,1,1,Mike Hillyer,1,1.0,2005-07-06,1
1.53,4.28,5168,0.47,0.17,Vilnius,6.0,1,Lithuania,557,FELIX GAFFNEY,1.99,1,1,1,1,Mike Hillyer,1,1.0,2005-08-18,1
1.55,4.58,5167,0.43,0.13,Jakarta,15.0,6,Indonesia,153,SUZANNE NICHOLS,1.98,2,1,1,1,Mike Hillyer,1,0.5,2005-07-06,2
1.56,4.61,5166,0.43,0.17,Nezahualcyotl,6.0,18,Mexico,115,WENDY HARRISON,1.99,1,1,1,1,Mike Hillyer,1,1.0,2005-07-08,1
1.59,4.99,5163,0.4,0.13,Vitria de Santo Anto,7.5,15,Brazil,374,JEREMY HURTADO,1.99,1,1,1,1,Mike Hillyer,1,1.0,2005-07-06,1
1.59,4.99,5164,0.4,0.13,Grand Prairie,7.5,14,United States,118,KIM CRUZ,1.99,1,1,1,1,Mike Hillyer,1,1.0,2005-07-10,1
1.59,4.99,5165,0.4,0.1,Tangail,10.0,1,Bangladesh,21,MICHELLE CLARK,1.99,1,1,1,2,Jon Stephens,2,1.0,2005-07-26,1
1.61,5.41,5162,0.37,0.1,Nezahualcyotl,20.0,16,Mexico,115,WENDY HARRISON,1.98,2,2,2,1,Mike Hillyer,1,0.5,2005-07-06,2
1.62,5.45,5161,0.37,0.13,Adana,7.5,12,Turkey,327,LARRY THRASHER,1.99,1,1,1,2,Jon Stephens,2,1.0,2005-07-28,1
1.69,6.66,5160,0.3,0.1,Adana,10.0,10,Turkey,327,LARRY THRASHER,1.99,1,1,1,2,Jon Stephens,2,1.0,2005-07-27,1
1.82,11.96,5158,0.17,0.03,Ciparay,30.0,11,Indonesia,328,JEFFREY SPEAR,1.99,1,1,1,1,Mike Hillyer,1,1.0,2005-07-28,1
1.82,11.96,5158,0.17,0.03,Faaa,30.0,2,French Polynesia,43,CHRISTINE ROBERTS,1.99,1,1,1,2,Jon Stephens,2,1.0,2005-07-06,1
1.82,12.01,5157,0.17,0.1,Iligan,10.0,10,Philippines,580,ROSS GREY,1.99,1,1,1,2,Jon Stephens,2,1.0,2005-07-07,1
1.86,14.96,5156,0.13,0.03,Pjatigorsk,30.0,12,Russian Federation,487,HECTOR POINDEXTER,1.99,1,1,1,2,Jon Stephens,2,1.0,2005-07-06,1
1.89,19.97,5155,0.1,0.03,Kumbakonam,30.0,32,India,271,PENNY NEAL,1.99,1,1,1,1,Mike Hillyer,1,1.0,2005-07-06,1
1.99,3.0,5154,1.0,0.33,Crdoba,3.0,9,Argentina,24,KIMBERLY LEE,2.99,1,1,1,1,Mike Hillyer,1,0.0,2005-08-02,1
10.01,11.38,1128,0.96,0.27,Pak Kret,11.25,2,Thailand,42,CAROLYN PEREZ,10.97,3,1,1,1,Mike Hillyer,1,0.6667,2005-07-28,3
10.02,11.38,1127,0.97,0.17,Simferopol,12.0,3,Ukraine,82,KATHRYN COLEMAN,10.98,2,1,1,2,Jon Stephens,2,0.5,2005-07-28,2
10.02,11.39,1121,0.96,0.3,Satna,6.67,8,India,356,GERALD FULTZ,10.98,2,2,2,2,Jon Stephens,2,1.0,2005-07-30,2
10.02,11.39,1122,0.96,0.27,Patiala,7.5,5,India,296,RAMONA HALE,10.98,2,2,2,1,Mike Hillyer,1,1.0,2005-07-11,2
10.02,11.39,1123,0.96,0.27,Kansas City,7.5,4,United States,308,THOMAS GRIGSBY,10.98,2,2,2,1,Mike Hillyer,1,1.0,2005-08-18,2
10.02,11.39,1124,0.96,0.23,Almirante Brown,8.57,2,Argentina,359,WILLIE MARKHAM,10.98,2,2,2,2,Jon Stephens,2,0.5,2005-07-31,2
10.02,11.39,1124,0.96,0.23,Santiago de los Caballeros,8.57,1,Dominican Republic,258,MYRTLE FLEMING,10.98,2,1,1,1,Mike Hillyer,1,0.5,2005-07-10,2
10.02,11.39,1126,0.96,0.23,Sumqayit,8.57,1,Azerbaijan,334,RAYMOND MCWHORTER,10.98,2,2,2,1,Mike Hillyer,1,0.5,2005-07-10,2
10.02,6.11,1118,1.96,0.5,Moscow,4.0,2,Russian Federation,46,CATHERINE CAMPBELL,11.98,2,1,1,2,Jon Stephens,2,0.5,2005-08-21,2
10.02,6.11,1119,1.96,0.5,Jinchang,4.0,8,China,168,REGINA BERRY,11.98,2,1,1,2,Jon Stephens,2,1.0,2005-07-31,2
10.02,6.11,1120,1.96,0.47,Balikesir,4.29,4,Turkey,366,BRANDON HUEY,11.98,2,2,2,2,Jon Stephens,2,1.0,2005-07-28,2
10.03,6.2,1117,1.93,0.43,Lhokseumawe,9.23,2,Indonesia,473,JORGE OLIVARES,11.96,4,1,1,2,Jon Stephens,2,0.0,2005-08-21,4
10.04,11.78,1115,0.93,0.23,Tafuna,12.86,1,American Samoa,320,ANTHONY SCHWAB,10.97,3,2,2,2,Jon Stephens,2,0.0,2005-07-29,3
10.04,11.78,1116,0.93,0.2,Kuching,15.0,1,Malaysia,58,JEAN BELL,10.97,3,2,2,1,Mike Hillyer,1,0.3333,2005-07-31,3
10.05,11.79,1114,0.93,0.2,Sal,10.0,1,Morocco,22,LAURA RODRIGUEZ,10.98,2,1,1,2,Jon Stephens,2,1.0,2005-08-19,2
10.06,11.8,1113,0.93,0.2,Ibirit,5.0,5,Brazil,310,DANIEL CABRAL,10.99,1,1,1,2,Jon Stephens,2,1.0,2005-07-06,1
10.08,12.22,1112,0.9,0.17,Mit Ghamr,12.0,3,Egypt,491,RICK MATTOX,10.98,2,1,1,2,Jon Stephens,2,1.0,2005-07-27,2
10.08,12.23,1111,0.9,0.2,Nyeri,10.0,1,Kenya,363,ROY WHITING,10.98,2,2,2,1,Mike Hillyer,1,1.0,2005-07-10,2
10.08,12.24,1110,0.9,0.27,Ozamis,7.5,4,Philippines,434,EDDIE TOMLIN,10.98,2,1,1,2,Jon Stephens,2,1.0,2005-08-18,2
10.08,6.32,1108,1.9,0.47,Mannheim,4.29,1,Germany,196,ALMA AUSTIN,11.98,2,2,2,1,Mike Hillyer,1,1.0,2005-08-21,2
10.08,6.32,1109,1.9,0.47,Tanauan,4.29,4,Philippines,373,LOUIS LEONE,11.98,2,1,1,1,Mike Hillyer,1,0.5,2005-07-31,2
10.1,12.68,1106,0.87,0.13,Deba Habe,22.5,1,Nigeria,409,RODNEY MOELLER,10.97,3,2,2,1,Mike Hillyer,1,0.6667,2005-07-09,3
10.1,6.42,1107,1.86,0.4,Jinzhou,10.0,9,China,595,TERRENCE GUNDERSON,11.96,4,2,2,2,Jon Stephens,2,0.0,2005-07-30,4
10.11,6.42,1105,1.86,0.3,Otsu,10.0,5,Japan,285,MIRIAM MCKINNEY,11.97,3,2,2,2,Jon Stephens,2,0.3333,2005-08-18,3
10.12,12.7,1104,0.86,0.23,Ziguinchor,8.57,1,Senegal,456,RONNIE RICKETTS,10.98,2,2,2,2,Jon Stephens,2,0.5,2005-07-06,2
10.12,12.71,1103,0.86,0.3,Vaduz,6.67,1,Liechtenstein,57,EVELYN MORGAN,10.98,2,1,1,2,Jon Stephens,2,1.0,2005-08-20,2
10.12,6.43,1102,1.86,0.47,Yuncheng,4.29,6,China,154,MICHELE GRANT,11.98,2,1,1,1,Mike Hillyer,1,0.5,2005-08-01,2
10.12,6.44,1101,1.86,0.53,Pontianak,3.75,1,Indonesia,506,LESLIE SEWARD,11.98,2,2,2,1,Mike Hillyer,1,1.0,2005-08-23,2
10.13,12.71,1100,0.87,0.17,Yantai,6.0,10,China,272,KAY CALDWELL,10.99,1,1,1,2,Jon Stephens,2,1.0,2005-07-31,1
10.14,13.2,1099,0.83,0.2,Kaliningrad,15.0,4,Russian Federation,301,ROBERT BAUGHMAN,10.97,3,1,1,2,Jon Stephens,2,0.0,2005-07-10,3
10.14,6.54,1098,1.83,0.43,Kamjanets-Podilskyi,6.92,1,Ukraine,386,TODD TAN,11.97,3,2,2,1,Mike Hillyer,1,0.6667,2005-08-01,3
10.15,13.2,1095,0.83,0.17,Shubra al-Khayma,12.0,3,Egypt,119,SHERRY MARSHALL,10.98,2,2,2,1,Mike Hillyer,1,0.5,2005-07-28,2
10.15,13.2,1096,0.83,0.13,Shahr-e Kord,15.0,1,Iran,185,ROBERTA HARPER,10.98,2,2,2,2,Jon Stephens,2,0.5,2005-07-08,2
10.15,13.2,1097,0.83,0.13,Ciudad del Este,15.0,1,Paraguay,205,EILEEN CARR,10.98,2,2,2,2,Jon Stephens,2,1.0,2005-07-28,2
10.15,6.55,1093,1.83,0.47,Ourense (Orense),4.29,2,Spain,469,WESLEY BULL,11.98,2,1,1,1,Mike Hillyer,1,1.0,2005-08-18,2
10.15,6.55,1094,1.83,0.47,Kitwe,4.29,1,Zambia,438,BARRY LOVELACE,11.98,2,1,1,1,Mike Hillyer,1,0.5,2005-08-01,2
10.17,13.74,1092,0.8,0.13,Ozamis,22.5,1,Philippines,434,EDDIE TOMLIN,10.97,3,2,2,2,Jon Stephens,2,0.3333,2005-07-27,3
10.17,6.66,1091,1.8,0.37,Sumqayit,8.18,1,Azerbaijan,334,RAYMOND MCWHORTER,11.97,3,1,1,1,Mike Hillyer,1,0.6667,2005-08-01,3
10.17,6.67,1090,1.8,0.47,Daugavpils,6.43,1,Latvia,347,RYAN SALISBURY,11.97,3,1,1,1,Mike Hillyer,1,1.0,2005-07-31,3
10.18,13.75,1089,0.8,0.13,Sultanbeyli,15.0,4,Turkey,493,BRENT HARKINS,10.98,2,2,2,2,Jon Stephens,2,0.5,2005-07-27,2
10.18,13.76,1088,0.8,0.2,Kurashiki,10.0,4,Japan,34,REBECCA SCOTT,10.98,2,1,1,2,Jon Stephens,2,0.5,2005-07-10,2
10.18,13.77,1087,0.8,0.23,Dhule (Dhulia),8.57,9,India,440,BERNARD COLBY,10.98,2,1,1,1,Mike Hillyer,1,0.5,2005-07-28,2
10.18,6.67,1085,1.8,0.37,Huixquilucan,5.45,2,Mexico,108,TRACY COLE,11.98,2,2,2,1,Mike Hillyer,1,0.5,2005-08-23,2
10.18,6.67,1086,1.8,0.33,Mysore,6.0,1,India,59,CHERYL MURPHY,11.98,2,2,2,2,Jon Stephens,2,1.0,2005-08-22,2
10.19,13.78,1084,0.8,0.23,Sumy,4.29,2,Ukraine,187,BRITTANY RILEY,10.99,1,1,1,2,Jon Stephens,2,1.0,2005-07-06,1
10.2,6.79,1083,1.76,0.4,San Felipe de Puerto Plata,10.0,1,Dominican Republic,418,JEFF EAST,11.96,4,2,2,2,Jon Stephens,2,0.75,2005-08-02,4
10.21,14.35,1082,0.76,0.23,Shaoguan,12.86,2,China,485,CLYDE TOBIAS,10.97,3,1,1,1,Mike Hillyer,1,0.6667,2005-07-09,3
10.21,14.36,1080,0.76,0.3,Bandar Seri Begawan,10.0,1,Brunei,91,LOIS BUTLER,10.97,3,2,2,2,Jon Stephens,2,1.0,2005-08-19,3
10.21,6.79,1081,1.76,0.27,Cabuyao,11.25,3,Philippines,371,BILLY POULIN,11.97,3,2,2,1,Mike Hillyer,1,0.3333,2005-08-19,3
10.22,14.36,1079,0.76,0.2,Molodetno,10.0,1,Belarus,144,CLARA SHAW,10.98,2,2,2,2,Jon Stephens,2,1.0,2005-07-08,2
10.22,14.37,1078,0.76,0.23,Ipoh,8.57,1,Malaysia,171,DOLORES WAGNER,10.98,2,1,1,2,Jon Stephens,2,0.5,2005-07-30,2
10.22,6.8,1076,1.76,0.43,Akishima,4.62,3,Japan,574,JULIAN VEST,11.98,2,1,1,1,Mike Hillyer,1,1.0,2005-07-31,2
10.22,6.8,1077,1.76,0.37,Naala-Porto,5.45,1,Mozambique,433,DON BONE,11.98,2,2,2,1,Mike Hillyer,1,0.5,2005-08-21,2
10.23,14.37,1075,0.77,0.17,Stockport,6.0,1,United Kingdom,477,DAN PAINE,10.99,1,1,1,2,Jon Stephens,2,1.0,2005-07-28,1
10.24,14.99,1073,0.73,0.17,Kowloon and New Kowloon,18.0,1,Hong Kong,289,VIOLET RODRIQUEZ,10.97,3,2,2,2,Jon Stephens,2,1.0,2005-08-18,3
10.24,14.99,1074,0.73,0.17,Aurora,18.0,2,United States,330,SCOTT SHELLEY,10.97,3,1,1,2,Jon Stephens,2,0.6667,2005-07-06,3
10.24,15.01,1072,0.73,0.23,Masqat,12.86,1,Oman,9,MARGARET MOORE,10.97,3,2,2,2,Jon Stephens,2,0.0,2005-08-18,3
10.25,15.01,1070,0.73,0.2,Paarl,10.0,3,South Africa,338,DENNIS GILMAN,10.98,2,1,1,2,Jon Stephens,2,0.5,2005-08-17,2
10.25,15.01,1071,0.73,0.2,Masqat,10.0,1,Oman,9,MARGARET MOORE,10.98,2,2,2,1,Mike Hillyer,1,0.5,2005-07-11,2
10.25,6.93,1068,1.73,0.47,Joliet,4.29,2,United States,504,NATHANIEL ADAM,11.98,2,2,2,1,Mike Hillyer,1,0.5,2005-08-22,2
10.25,6.93,1069,1.73,0.37,Quilmes,5.45,1,Argentina,585,PERRY SWAFFORD,11.98,2,1,1,1,Mike Hillyer,1,0.5,2005-08-23,2
10.27,7.06,1066,1.7,0.4,Buenaventura,7.5,1,Colombia,235,JACKIE LYNCH,11.97,3,2,2,2,Jon Stephens,2,0.6667,2005-07-31,3
10.27,7.06,1067,1.7,0.33,Salamanca,9.0,1,Mexico,273,PRISCILLA LOWE,11.97,3,2,2,2,Jon Stephens,2,0.3333,2005-07-30,3
10.28,15.71,1065,0.7,0.1,Ambattur,20.0,1,India,225,ARLENE HARVEY,10.98,2,2,2,2,Jon Stephens,2,1.0,2005-07-08,2
10.28,15.72,1064,0.7,0.17,Gatineau,12.0,1,Canada,476,DERRICK BOURQUE,10.98,2,2,2,2,Jon Stephens,2,1.0,2005-07-07,2
10.28,15.73,1063,0.7,0.2,guas Lindas de Gois,10.0,4,Brazil,130,CHARLOTTE HUNTER,10.98,2,1,1,2,Jon Stephens,2,0.5,2005-07-31,2
10.29,15.72,1061,0.7,0.1,Allende,10.0,1,Mexico,414,VINCENT RALSTON,10.99,1,1,1,1,Mike Hillyer,1,1.0,2005-07-06,1
10.29,4.82,1062,2.69,0.57,Omdurman,3.53,1,Sudan,50,DIANE COLLINS,12.98,2,1,1,2,Jon Stephens,2,0.5,2005-08-01,2
10.32,16.51,1060,0.67,0.17,Cuautla,12.0,2,Mexico,323,MATTHEW MAHAN,10.98,2,1,1,2,Jon Stephens,2,1.0,2005-07-27,2
10.32,16.53,1059,0.66,0.23,Kragujevac,8.57,1,Yugoslavia,7,MARIA MILLER,10.98,2,2,2,1,Mike Hillyer,1,0.5,2005-07-08,2
10.32,4.93,1058,2.63,0.53,Siliguri (Shiliguri),9.38,5,India,502,BRETT CORNWELL,12.95,5,2,2,1,Mike Hillyer,1,0.2,2005-08-02,5
10.34,17.39,1057,0.63,0.23,Laiwu,12.86,11,China,151,MEGAN PALMER,10.97,3,1,1,1,Mike Hillyer,1,0.0,2005-07-31,3
10.35,17.39,1055,0.63,0.2,Tarsus,10.0,4,Turkey,164,JOANN GARDNER,10.98,2,1,1,1,Mike Hillyer,1,1.0,2005-07-27,2
10.35,17.39,1056,0.63,0.2,Kurgan,10.0,3,Russian Federation,376,RANDY GAITHER,10.98,2,1,1,1,Mike Hillyer,1,1.0,2005-07-08,2
10.35,4.94,1051,2.63,0.53,Imus,3.75,1,Philippines,349,JOE GILLILAND,12.98,2,1,1,1,Mike Hillyer,1,1.0,2005-08-23,2
10.35,7.35,1052,1.63,0.4,Hiroshima,5.0,4,Japan,299,JAMES GANNON,11.98,2,1,1,2,Jon Stephens,2,0.5,2005-08-22,2
10.35,7.35,1053,1.63,0.3,Celaya,6.67,5,Mexico,587,SERGIO STANFIELD,11.98,2,1,1,2,Jon Stephens,2,0.5,2005-08-18,2
10.35,7.35,1054,1.63,0.27,Kragujevac,7.5,1,Yugoslavia,7,MARIA MILLER,11.98,2,1,1,1,Mike Hillyer,1,0.5,2005-08-18,2
10.35,7.49,1050,1.6,0.4,Charlotte Amalie,12.5,1,"Virgin Islands, U.S.",406,NATHAN RUNYON,11.95,5,2,2,2,Jon Stephens,2,0.2,2005-07-30,5
10.37,18.32,1049,0.6,0.13,Ashqelon,22.5,1,Israel,478,LEWIS LYMAN,10.97,3,2,2,2,Jon Stephens,2,0.6667,2005-07-31,3
10.37,18.35,1048,0.6,0.23,Surakarta,12.86,3,Indonesia,450,JAY ROBB,10.97,3,2,2,1,Mike Hillyer,1,0.0,2005-08-20,3
10.37,7.5,1047,1.6,0.3,Jhansi,10.0,10,India,32,AMY LOPEZ,11.97,3,1,1,1,Mike Hillyer,1,0.6667,2005-08-20,3
10.38,18.34,1043,0.6,0.13,Sokoto,15.0,3,Nigeria,562,WALLACE SLONE,10.98,2,2,2,1,Mike Hillyer,1,1.0,2005-07-08,2
10.38,18.34,1044,0.6,0.13,Birgunj,15.0,1,Nepal,321,KEVIN SCHULER,10.98,2,2,2,1,Mike Hillyer,1,0.5,2005-07-07,2
10.38,18.34,1044,0.6,0.13,Florencia,15.0,2,Colombia,460,LEON BOSTIC,10.98,2,1,1,1,Mike Hillyer,1,0.5,2005-07-12,2
10.38,18.34,1044,0.6,0.13,Livorno,15.0,1,Italy,541,DARREN WINDHAM,10.98,2,1,1,2,Jon Stephens,2,1.0,2005-07-12,2
10.38,18.35,1041,0.6,0.17,Jurez,12.0,5,Mexico,369,FRED WHEAT,10.98,2,1,1,2,Jon Stephens,2,0.5,2005-07-10,2
10.38,18.35,1041,0.6,0.17,Touliu,12.0,2,Taiwan,139,AMBER DIXON,10.98,2,2,2,2,Jon Stephens,2,1.0,2005-08-19,2
10.38,18.36,1040,0.6,0.2,Loja,10.0,1,Ecuador,589,TRACY HERRMANN,10.98,2,1,1,2,Jon Stephens,2,1.0,2005-07-28,2
10.41,19.42,1035,0.57,0.13,Urawa,15.0,2,Japan,147,JOANNE ROBERTSON,10.98,2,1,1,2,Jon Stephens,2,0.5,2005-07-06,2
10.41,19.42,1038,0.57,0.17,Pyongyang,18.0,1,North Korea,157,DARLENE ROSE,10.97,3,2,2,2,Jon Stephens,2,0.0,2005-07-27,3
10.41,19.42,1038,0.57,0.17,Rio Claro,18.0,5,Brazil,74,DENISE KELLY,10.97,3,2,2,2,Jon Stephens,2,0.3333,2005-07-10,3
10.41,5.06,1036,2.56,0.5,Qomsheh,6.0,1,Iran,459,TOMMY COLLAZO,12.97,3,2,2,2,Jon Stephens,2,0.0,2005-07-31,3
10.41,7.66,1037,1.56,0.4,Jinchang,7.5,8,China,168,REGINA BERRY,11.97,3,2,2,1,Mike Hillyer,1,0.6667,2005-07-30,3
10.42,19.46,1034,0.56,0.23,al-Qadarif,8.57,1,Sudan,395,JOHNNY TURPIN,10.98,2,1,1,1,Mike Hillyer,1,0.5,2005-07-07,2
10.44,7.82,1033,1.53,0.33,Nagareyama,9.0,5,Japan,53,HEATHER MORRIS,11.97,3,2,2,1,Mike Hillyer,1,0.6667,2005-08-21,3
10.44,7.83,1032,1.53,0.4,Haldia,7.5,10,India,186,HOLLY FOX,11.97,3,2,2,1,Mike Hillyer,1,0.3333,2005-08-20,3
10.45,20.64,1031,0.53,0.13,Mahajanga,15.0,1,Madagascar,81,ANDREA HENDERSON,10.98,2,2,2,1,Mike Hillyer,1,0.5,2005-07-09,2
10.45,20.65,1030,0.53,0.17,Rizhao,12.0,5,China,496,TYLER WREN,10.98,2,2,2,2,Jon Stephens,2,0.5,2005-07-10,2
10.45,20.66,1029,0.53,0.2,Dzerzinsk,10.0,3,Russian Federation,430,RAY HOULE,10.98,2,1,1,1,Mike Hillyer,1,0.5,2005-07-09,2
10.45,5.13,1026,2.53,0.43,Hodeida,4.62,2,Yemen,470,GORDON ALLARD,12.98,2,1,1,1,Mike Hillyer,1,1.0,2005-07-30,2
10.45,7.83,1027,1.53,0.33,Salinas,6.0,7,United States,269,CASSANDRA WALTERS,11.98,2,2,2,2,Jon Stephens,2,0.5,2005-08-21,2
10.45,7.83,1028,1.53,0.3,Kirovo-Tepetsk,6.67,3,Russian Federation,179,DANA HART,11.98,2,1,1,1,Mike Hillyer,1,1.0,2005-07-29,2
10.46,21.99,1025,0.5,0.17,Vilnius,24.0,1,Lithuania,557,FELIX GAFFNEY,10.96,4,2,2,2,Jon Stephens,2,0.25,2005-07-12,4
10.46,7.99,1024,1.5,0.33,Belm,12.0,6,Brazil,362,NICHOLAS BARFIELD,11.96,4,2,2,1,Mike Hillyer,1,0.25,2005-07-29,4
10.47,8.0,1023,1.5,0.33,Shubra al-Khayma,9.0,2,Egypt,119,SHERRY MARSHALL,11.97,3,2,2,1,Mike Hillyer,1,0.3333,2005-08-01,3
10.48,22.03,1022,0.5,0.17,Amroha,12.0,8,India,534,CHRISTIAN JUNG,10.98,2,2,2,2,Jon Stephens,2,1.0,2005-07-30,2
10.48,8.0,1021,1.5,0.33,Ambattur,6.0,8,India,225,ARLENE HARVEY,11.98,2,2,2,1,Mike Hillyer,1,0.5,2005-07-27,2
10.48,8.01,1020,1.5,0.47,Sorocaba,4.29,4,Brazil,314,GEORGE LINTON,11.98,2,1,1,2,Jon Stephens,2,1.0,2005-07-29,2
10.5,23.57,1019,0.47,0.13,Vicente Lpez,22.5,2,Argentina,219,WILLIE HOWELL,10.97,3,1,1,2,Jon Stephens,2,0.0,2005-07-09,3
10.51,23.58,1016,0.47,0.1,Newcastle,20.0,2,South Africa,432,EDWIN BURK,10.98,2,1,1,1,Mike Hillyer,1,0.5,2005-07-08,2
10.51,23.6,1015,0.47,0.13,Papeete,15.0,1,French Polynesia,56,GLORIA COOK,10.98,2,2,2,2,Jon Stephens,2,0.5,2005-07-06,2
10.51,8.18,1017,1.46,0.4,Sousse,7.5,1,Tunisia,335,GREGORY MAULDIN,11.97,3,2,2,1,Mike Hillyer,1,0.6667,2005-07-30,3
10.51,8.18,1018,1.46,0.33,Nyeri,9.0,1,Kenya,363,ROY WHITING,11.97,3,1,1,2,Jon Stephens,2,0.3333,2005-07-29,3
10.52,23.61,1012,0.47,0.17,al-Qadarif,12.0,1,Sudan,395,JOHNNY TURPIN,10.98,2,2,2,2,Jon Stephens,2,0.5,2005-07-28,2
10.52,23.61,1013,0.47,0.17,Mogiljov,12.0,1,Belarus,527,CORY MEEHAN,10.98,2,2,2,1,Mike Hillyer,1,1.0,2005-07-27,2
10.52,23.61,1013,0.47,0.17,Peoria,12.0,2,United States,275,CAROLE BARNETT,10.98,2,2,2,2,Jon Stephens,2,0.5,2005-07-08,2
10.52,5.27,1009,2.46,0.53,Karnal,3.75,7,India,274,NAOMI JENNINGS,12.98,2,2,2,1,Mike Hillyer,1,1.0,2005-08-21,2
10.52,8.19,1010,1.46,0.37,Karnal,5.45,5,India,274,NAOMI JENNINGS,11.98,2,2,2,2,Jon Stephens,2,0.5,2005-08-19,2
10.52,8.19,1011,1.46,0.33,Miraj,6.0,6,India,316,STEVEN CURLEY,11.98,2,2,2,2,Jon Stephens,2,1.0,2005-07-31,2
10.55,25.4,1007,0.43,0.1,Pathankot,20.0,12,India,95,PAULA BRYANT,10.98,2,2,2,1,Mike Hillyer,1,0.5,2005-07-27,2
10.55,25.4,1008,0.43,0.1,San Miguel de Tucumn,20.0,2,Argentina,243,LYDIA BURKE,10.98,2,2,2,1,Mike Hillyer,1,0.5,2005-07-06,2
10.55,25.42,1006,0.43,0.13,Sultanbeyli,15.0,1,Turkey,493,BRENT HARKINS,10.98,2,2,2,1,Mike Hillyer,1,0.5,2005-07-06,2
10.55,8.37,1005,1.43,0.27,Skikda,7.5,1,Algeria,176,JUNE CARROLL,11.98,2,2,2,2,Jon Stephens,2,1.0,2005-07-06,2
10.57,27.49,1003,0.4,0.1,Jos Azueta,30.0,3,Mexico,581,VIRGIL WOFFORD,10.97,3,2,2,1,Mike Hillyer,1,0.6667,2005-07-07,3
10.57,27.49,1004,0.4,0.1,Probolinggo,30.0,1,Indonesia,372,STEVE MACKENZIE,10.97,3,1,1,1,Mike Hillyer,1,0.3333,2005-07-09,3
10.57,27.52,1002,0.4,0.13,San Lorenzo,22.5,2,Paraguay,345,CARL ARTIS,10.97,3,2,2,2,Jon Stephens,2,0.0,2005-07-07,3
10.57,8.57,1000,1.4,0.33,Bhimavaram,9.0,6,India,529,ERIK GUILLEN,11.97,3,2,2,2,Jon Stephens,2,0.6667,2005-07-30,3
10.57,8.57,1001,1.4,0.3,Arecibo,10.0,1,Puerto Rico,360,RALPH MADRIGAL,11.97,3,2,2,1,Mike Hillyer,1,0.3333,2005-07-28,3
10.58,27.56,999,0.4,0.17,Addis Abeba,12.0,1,Ethiopia,392,SEAN DOUGLASS,10.98,2,2,2,2,Jon Stephens,2,1.0,2005-07-29,2
10.58,8.57,998,1.4,0.23,Ruse,8.57,1,Bulgaria,540,TYRONE ASHER,11.98,2,2,2,1,Mike Hillyer,1,0.5,2005-08-18,2
10.58,8.58,997,1.4,0.33,Dundee,6.0,1,United Kingdom,142,APRIL BURNS,11.98,2,1,1,2,Jon Stephens,2,1.0,2005-08-02,2
10.59,8.76,996,1.36,0.27,NDjamna,18.75,1,Chad,535,JAVIER ELROD,11.95,5,2,2,2,Jon Stephens,2,0.4,2005-08-18,5
10.6,8.77,995,1.36,0.3,Bhopal,13.33,6,India,15,HELEN HARRIS,11.96,4,2,2,2,Jon Stephens,2,0.25,2005-08-02,4
10.61,30.0,990,0.37,0.07,Banjul,30.0,1,Gambia,584,SALVADOR TEEL,10.98,2,1,1,2,Jon Stephens,2,1.0,2005-07-06,2
10.61,5.49,991,2.36,0.4,Maikop,7.5,3,Russian Federation,346,ARTHUR SIMPKINS,12.97,3,2,2,1,Mike Hillyer,1,0.3333,2005-07-31,3
10.61,8.77,994,1.36,0.23,Shimoga,12.86,4,India,238,NELLIE GARRETT,11.97,3,2,2,1,Mike Hillyer,1,0.6667,2005-08-17,3
10.61,8.78,992,1.36,0.33,Lungtan,9.0,1,Taiwan,30,MELISSA KING,11.97,3,2,2,2,Jon Stephens,2,0.3333,2005-07-11,3
10.61,8.78,992,1.36,0.33,Satna,9.0,4,India,356,GERALD FULTZ,11.97,3,2,2,2,Jon Stephens,2,0.6667,2005-08-17,3
10.62,30.08,989,0.36,0.17,Oyo,12.0,1,Nigeria,250,JO FOWLER,10.98,2,2,2,1,Mike Hillyer,1,0.5,2005-08-21,2
10.62,8.79,987,1.36,0.3,Donostia-San Sebastin,6.67,1,Spain,293,MAE FLETCHER,11.98,2,1,1,2,Jon Stephens,2,1.0,2005-07-08,2
10.62,8.79,987,1.36,0.3,Dos Quebradas,6.67,2,Colombia,120,SYLVIA ORTIZ,11.98,2,2,2,1,Mike Hillyer,1,1.0,2005-07-08,2
10.63,30.11,986,0.37,0.17,Garland,6.0,4,United States,561,IAN STILL,10.99,1,1,1,1,Mike Hillyer,1,1.0,2005-07-29,1
10.64,5.57,983,2.33,0.5,Juiz de Fora,6.0,3,Brazil,591,KENT ARSENAULT,12.97,3,2,2,2,Jon Stephens,2,0.6667,2005-08-19,3
10.64,9.0,984,1.33,0.33,Vaduz,9.0,1,Liechtenstein,57,EVELYN MORGAN,11.97,3,2,2,2,Jon Stephens,2,0.3333,2005-07-12,3
10.64,9.0,985,1.33,0.27,Mosul,11.25,1,Iraq,579,DARYL LARUE,11.97,3,2,2,2,Jon Stephens,2,0.3333,2005-07-30,3
10.65,5.57,981,2.33,0.47,Cam Ranh,4.29,3,Vietnam,532,NEIL RENNER,12.98,2,1,1,2,Jon Stephens,2,1.0,2005-08-01,2
10.65,9.01,982,1.33,0.3,Ipoh,6.67,2,Malaysia,171,DOLORES WAGNER,11.98,2,2,2,2,Jon Stephens,2,1.0,2005-08-21,2
10.67,36.69,980,0.3,0.1,Ezeiza,30.0,3,Argentina,530,DARRYL ASHCRAFT,10.97,3,2,2,1,Mike Hillyer,1,1.0,2005-07-27,3
10.67,5.65,979,2.3,0.4,Southampton,7.5,1,United Kingdom,583,MARSHALL THORN,12.97,3,1,1,2,Jon Stephens,2,0.6667,2005-08-01,3
10.68,36.68,978,0.3,0.07,So Leopoldo,30.0,3,Brazil,443,FRANCISCO SKIDMORE,10.98,2,2,2,1,Mike Hillyer,1,0.5,2005-07-12,2
10.68,36.76,977,0.3,0.13,Springs,15.0,3,South Africa,83,LOUISE JENKINS,10.98,2,2,2,2,Jon Stephens,2,1.0,2005-08-17,2
10.68,9.24,974,1.3,0.4,Rampur,5.0,3,India,336,JOSHUA MARK,11.98,2,1,1,2,Jon Stephens,2,0.5,2005-07-11,2
10.68,9.24,975,1.3,0.37,Baybay,5.45,3,Philippines,71,KATHY JAMES,11.98,2,1,1,1,Mike Hillyer,1,1.0,2005-08-21,2
10.68,9.24,976,1.3,0.37,Fontana,5.45,3,United States,51,ALICE STEWART,11.98,2,1,1,2,Jon Stephens,2,0.5,2005-08-17,2
10.69,5.66,973,2.29,0.57,Fukuyama,3.53,2,Japan,141,DEBBIE REYES,12.98,2,1,1,2,Jon Stephens,2,0.5,2005-08-20,2
10.7,9.47,972,1.26,0.37,Ueda,10.91,5,Japan,503,ANGEL BARCLAY,11.96,4,2,2,2,Jon Stephens,2,0.0,2005-08-22,4
10.71,5.73,969,2.26,0.5,Jamalpur,6.0,1,Bangladesh,329,FRANK WAGGONER,12.97,3,2,2,1,Mike Hillyer,1,0.0,2005-08-22,3
10.71,5.73,970,2.26,0.5,Arecibo,6.0,1,Puerto Rico,360,RALPH MADRIGAL,12.97,3,2,2,1,Mike Hillyer,1,0.3333,2005-08-19,3
10.71,5.74,968,2.26,0.63,Boa Vista,4.74,5,Brazil,342,HAROLD MARTINO,12.97,3,1,1,2,Jon Stephens,2,0.3333,2005-08-21,3
10.71,9.47,971,1.26,0.33,Mukateve,9.0,3,Ukraine,131,MONICA HICKS,11.97,3,2,2,1,Mike Hillyer,1,0.3333,2005-08-18,3
10.72,5.74,964,2.26,0.47,Kuching,4.29,1,Malaysia,58,JEAN BELL,12.98,2,2,2,1,Mike Hillyer,1,1.0,2005-08-21,2
10.72,9.48,966,1.26,0.27,al-Hawiya,7.5,1,Saudi Arabia,70,CHRISTINA RAMIREZ,11.98,2,2,2,1,Mike Hillyer,1,0.5,2005-08-18,2
10.72,9.48,967,1.26,0.23,Bijapur,8.57,2,India,468,TIM CARY,11.98,2,1,1,2,Jon Stephens,2,0.5,2005-08-17,2
10.72,9.49,965,1.26,0.37,Nuuk,5.45,1,Greenland,207,GERTRUDE CASTILLO,11.98,2,2,2,1,Mike Hillyer,1,1.0,2005-07-27,2
10.74,5.82,961,2.23,0.53,Charlotte Amalie,5.63,1,"Virgin Islands, U.S.",406,NATHAN RUNYON,12.97,3,1,1,2,Jon Stephens,2,0.6667,2005-08-21,3
10.74,9.73,962,1.23,0.3,Fuyu,10.0,2,China,211,STACEY MONTGOMERY,11.97,3,1,1,2,Jon Stephens,2,0.3333,2005-08-18,3
10.74,9.73,962,1.23,0.3,Sanya,10.0,5,China,546,KELLY KNOTT,11.97,3,1,1,1,Mike Hillyer,1,0.3333,2005-08-22,3
10.75,47.19,959,0.23,0.07,Birgunj,30.0,1,Nepal,321,KEVIN SCHULER,10.98,2,2,2,1,Mike Hillyer,1,1.0,2005-07-06,2
10.75,47.19,959,0.23,0.07,Hami,30.0,2,China,165,LORRAINE STEPHENS,10.98,2,2,2,1,Mike Hillyer,1,0.5,2005-07-06,2
10.75,5.82,957,2.23,0.47,Santa Brbara dOeste,4.29,2,Brazil,178,MARION SNYDER,12.98,2,2,2,1,Mike Hillyer,1,0.5,2005-07-30,2
10.75,9.74,958,1.23,0.3,Newcastle,6.67,1,South Africa,432,EDWIN BURK,11.98,2,1,1,1,Mike Hillyer,1,0.5,2005-08-23,2
10.76,47.23,956,0.23,0.07,Hubli-Dharwad,15.0,6,India,136,ANITA MORALES,10.99,1,1,1,2,Jon Stephens,2,1.0,2005-08-17,1
10.76,9.98,955,1.2,0.2,Kamarhati,20.0,11,India,31,BRENDA WRIGHT,11.96,4,2,2,2,Jon Stephens,2,0.5,2005-07-27,4
10.77,10.0,953,1.2,0.27,Po,11.25,4,Brazil,126,ELLEN SIMPSON,11.97,3,1,1,2,Jon Stephens,2,0.3333,2005-08-19,3
10.77,10.01,952,1.2,0.4,Hohhot,7.5,9,China,138,HAZEL WARREN,11.97,3,1,1,1,Mike Hillyer,1,0.3333,2005-07-31,3
10.77,55.03,954,0.2,0.07,Taguig,45.0,1,Philippines,72,THERESA WATSON,10.97,3,2,2,1,Mike Hillyer,1,0.3333,2005-07-09,3
10.78,10.01,948,1.2,0.37,Tama,5.45,4,Japan,385,PHILLIP HOLM,11.98,2,1,1,2,Jon Stephens,2,0.5,2005-08-18,2
10.78,10.01,949,1.2,0.3,Atinsk,6.67,3,Russian Federation,397,JIMMY SCHRADER,11.98,2,2,2,1,Mike Hillyer,1,0.5,2005-07-28,2
10.78,10.01,950,1.2,0.27,Suihua,7.5,5,China,511,CHESTER BENNER,11.98,2,1,1,1,Mike Hillyer,1,0.5,2005-08-21,2
10.78,10.01,951,1.2,0.27,Kabul,7.5,1,Afghanistan,218,VERA MCCOY,11.98,2,1,1,2,Jon Stephens,2,1.0,2005-08-20,2
10.79,5.92,947,2.19,0.57,Fuyu,3.53,5,China,211,STACEY MONTGOMERY,12.98,2,1,1,2,Jon Stephens,2,1.0,2005-08-23,2
10.8,6.0,946,2.16,0.5,Hsichuh,8.0,1,Taiwan,348,ROGER QUINTANILLA,12.96,4,2,2,2,Jon Stephens,2,0.75,2005-08-20,4
10.81,10.28,945,1.16,0.27,Kitwe,11.25,1,Zambia,438,BARRY LOVELACE,11.97,3,2,2,1,Mike Hillyer,1,0.6667,2005-07-27,3
10.81,66.01,944,0.17,0.03,Nagaon,60.0,3,India,152,ALICIA MILLS,10.98,2,2,2,1,Mike Hillyer,1,0.5,2005-07-06,2
10.82,10.29,940,1.16,0.27,Graz,7.5,2,Austria,173,AUDREY RAY,11.98,2,2,2,2,Jon Stephens,2,0.5,2005-08-18,2
10.82,10.29,941,1.16,0.27,Adoni,7.5,5,India,367,ADAM GOOCH,11.98,2,1,1,2,Jon Stephens,2,1.0,2005-08-19,2
10.82,10.29,941,1.16,0.27,Coquimbo,7.5,1,Chile,515,ANDRE RAPP,11.98,2,2,2,1,Mike Hillyer,1,0.5,2005-08-18,2
10.82,10.29,943,1.16,0.23,Guaruj,8.57,4,Brazil,427,JESUS MCCARTNEY,11.98,2,2,2,2,Jon Stephens,2,1.0,2005-07-29,2
10.84,10.58,939,1.13,0.23,s-Hertogenbosch,12.86,1,Netherlands,184,VIVIAN RUIZ,11.97,3,1,1,1,Mike Hillyer,1,0.3333,2005-08-19,3
10.85,10.59,938,1.13,0.2,Chapra,10.0,2,India,509,RAUL FORTIER,11.98,2,2,2,2,Jon Stephens,2,1.0,2005-08-17,2
10.85,10.6,934,1.13,0.33,Miyakonojo,6.0,1,Japan,253,TERRY CARLSON,11.98,2,2,2,1,Mike Hillyer,1,1.0,2005-08-19,2
10.85,10.6,935,1.13,0.3,Carmen,6.67,2,Mexico,578,WILLARD LUMPKIN,11.98,2,2,2,1,Mike Hillyer,1,0.5,2005-07-31,2
10.85,10.6,935,1.13,0.3,San Felipe del Progreso,6.67,2,Mexico,319,RONALD WEINER,11.98,2,1,1,1,Mike Hillyer,1,0.5,2005-07-10,2
10.85,10.6,937,1.13,0.27,Kilis,7.5,1,Turkey,143,LESLIE GORDON,11.98,2,1,1,2,Jon Stephens,2,0.5,2005-07-11,2
10.85,6.1,931,2.13,0.53,NDjamna,3.75,1,Chad,535,JAVIER ELROD,12.98,2,2,2,1,Mike Hillyer,1,1.0,2005-08-22,2
10.85,6.1,932,2.13,0.47,Blumenau,4.29,1,Brazil,206,TERRI VASQUEZ,12.98,2,2,2,1,Mike Hillyer,1,0.5,2005-08-23,2
10.85,6.1,933,2.13,0.47,Cape Coral,4.29,4,United States,526,KARL SEAL,12.98,2,1,1,1,Mike Hillyer,1,0.5,2005-07-11,2
10.86,10.89,930,1.1,0.2,Sasebo,20.0,4,Japan,1,MARY SMITH,11.96,4,2,2,2,Jon Stephens,2,0.0,2005-07-28,4
10.87,10.9,928,1.1,0.23,Alessandria,12.86,1,Italy,33,ANNA HILL,11.97,3,1,1,1,Mike Hillyer,1,0.3333,2005-08-20,3
10.87,10.9,928,1.1,0.23,Sharja,12.86,1,United Arab Emirates,292,MISTY LAMBERT,11.97,3,2,2,1,Mike Hillyer,1,1.0,2005-07-27,3
10.87,10.92,927,1.1,0.37,Sorocaba,8.18,2,Brazil,314,GEORGE LINTON,11.97,3,2,2,2,Jon Stephens,2,0.6667,2005-07-28,3
10.88,10.91,922,1.1,0.23,Cam Ranh,8.57,2,Vietnam,532,NEIL RENNER,11.98,2,2,2,1,Mike Hillyer,1,0.5,2005-07-10,2
10.88,10.91,923,1.1,0.23,Laohekou,8.57,4,China,422,MELVIN ELLINGTON,11.98,2,2,2,2,Jon Stephens,2,1.0,2005-08-19,2
10.88,10.91,923,1.1,0.23,Patiala,8.57,8,India,296,RAMONA HALE,11.98,2,2,2,2,Jon Stephens,2,0.5,2005-07-27,2
10.88,10.91,925,1.1,0.2,Binzhou,10.0,2,China,533,JESSIE MILAM,11.98,2,2,2,2,Jon Stephens,2,1.0,2005-07-28,2
10.88,10.92,919,1.1,0.3,Roanoke,6.67,7,United States,291,TONI HOLT,11.98,2,2,2,2,Jon Stephens,2,1.0,2005-07-30,2
10.88,10.92,920,1.1,0.27,Jedda,7.5,1,Saudi Arabia,49,JOYCE EDWARDS,11.98,2,1,1,1,Mike Hillyer,1,0.5,2005-07-11,2
10.88,10.92,921,1.1,0.27,Siliguri (Shiliguri),7.5,3,India,502,BRETT CORNWELL,11.98,2,2,2,2,Jon Stephens,2,0.5,2005-07-12,2
10.88,6.19,926,2.1,0.5,Trshavn,6.0,1,Faroe Islands,317,EDWARD BAUGH,12.97,3,1,1,1,Mike Hillyer,1,0.6667,2005-08-22,3
10.91,6.29,918,2.06,0.4,Valparai,7.5,6,India,403,MIKE WAY,12.97,3,2,2,2,Jon Stephens,2,0.3333,2005-08-01,3
10.92,11.25,916,1.06,0.2,Gaziantep,10.0,2,Turkey,480,COREY HAUSER,11.98,2,2,2,2,Jon Stephens,2,0.5,2005-07-30,2
10.92,11.25,916,1.06,0.2,Salinas,10.0,4,United States,269,CASSANDRA WALTERS,11.98,2,1,1,1,Mike Hillyer,1,0.5,2005-07-27,2
10.92,11.26,914,1.06,0.23,Sasebo,8.57,2,Japan,1,MARY SMITH,11.98,2,2,2,1,Mike Hillyer,1,1.0,2005-07-08,2
10.92,11.26,915,1.06,0.23,Mit Ghamr,8.57,2,Egypt,491,RICK MATTOX,11.98,2,1,1,1,Mike Hillyer,1,0.5,2005-07-07,2
10.94,6.39,913,2.03,0.4,Sincelejo,7.5,1,Colombia,87,WANDA PATTERSON,12.97,3,2,2,2,Jon Stephens,2,0.3333,2005-08-20,3
10.95,11.62,910,1.03,0.27,Myingyan,7.5,1,Myanmar,4,BARBARA JONES,11.98,2,2,2,2,Jon Stephens,2,0.5,2005-08-18,2
10.95,11.62,910,1.03,0.27,Tonghae,7.5,1,South Korea,536,FERNANDO CHURCHILL,11.98,2,1,1,1,Mike Hillyer,1,1.0,2005-07-30,2
10.95,11.62,912,1.03,0.2,Sogamoso,10.0,2,Colombia,490,SAM MCDUFFIE,11.98,2,1,1,2,Jon Stephens,2,1.0,2005-08-21,2
10.95,11.63,909,1.03,0.37,Tangail,5.45,1,Bangladesh,21,MICHELLE CLARK,11.98,2,2,2,1,Mike Hillyer,1,1.0,2005-08-18,2
10.95,6.4,908,2.03,0.4,Benin City,5.0,2,Nigeria,284,SONIA GREGORY,12.98,2,1,1,1,Mike Hillyer,1,1.0,2005-08-01,2
10.98,12.01,907,1.0,0.23,Lipetsk,8.57,3,Russian Federation,44,MARIE TURNER,11.98,2,2,2,2,Jon Stephens,2,0.5,2005-08-19,2
11.01,12.41,905,0.96,0.23,Allende,12.86,3,Mexico,414,VINCENT RALSTON,11.97,3,2,2,2,Jon Stephens,2,0.3333,2005-07-31,3
11.01,12.41,906,0.96,0.2,Nakhon Sawan,15.0,1,Thailand,390,SHAWN HEATON,11.97,3,2,2,2,Jon Stephens,2,0.3333,2005-07-07,3
11.01,12.42,904,0.96,0.3,Botshabelo,10.0,1,South Africa,132,ESTHER CRAWFORD,11.97,3,2,2,2,Jon Stephens,2,0.6667,2005-07-08,3
11.01,6.61,903,1.96,0.4,Beira,7.5,1,Mozambique,257,MARSHA DOUGLAS,12.97,3,2,2,1,Mike Hillyer,1,0.3333,2005-07-29,3
11.02,12.42,901,0.96,0.2,Syrakusa,10.0,1,Italy,221,BESSIE MORRISON,11.98,2,2,2,1,Mike Hillyer,1,1.0,2005-07-08,2
11.02,12.42,902,0.96,0.2,Kirovo-Tepetsk,10.0,3,Russian Federation,179,DANA HART,11.98,2,1,1,1,Mike Hillyer,1,1.0,2005-07-27,2
11.02,12.44,900,0.96,0.33,Eskisehir,6.0,4,Turkey,507,EDGAR RHOADS,11.98,2,2,2,1,Mike Hillyer,1,1.0,2005-07-28,2
11.05,12.89,899,0.93,0.37,Yamuna Nagar,5.45,6,India,12,NANCY THOMAS,11.98,2,2,2,2,Jon Stephens,2,1.0,2005-07-31,2
11.07,13.33,897,0.9,0.23,Uluberia,12.86,10,India,446,THEODORE CULP,11.97,3,2,2,1,Mike Hillyer,1,0.6667,2005-07-27,3
11.07,13.33,898,0.9,0.2,Tongliao,15.0,2,China,442,LEROY BUSTAMANTE,11.97,3,2,2,2,Jon Stephens,2,0.3333,2005-07-07,3
11.07,13.34,895,0.9,0.3,Adana,10.0,2,Turkey,327,LARRY THRASHER,11.97,3,2,2,1,Mike Hillyer,1,0.6667,2005-08-22,3
11.07,13.34,896,0.9,0.27,Esfahan,11.25,2,Iran,10,DOROTHY TAYLOR,11.97,3,2,2,1,Mike Hillyer,1,0.3333,2005-07-09,3
11.08,13.34,894,0.9,0.17,Mosul,12.0,1,Iraq,579,DARYL LARUE,11.98,2,1,1,2,Jon Stephens,2,0.5,2005-07-27,2
11.08,13.35,893,0.9,0.23,Hami,8.57,4,China,165,LORRAINE STEPHENS,11.98,2,1,1,2,Jon Stephens,2,1.0,2005-07-10,2
11.08,6.85,892,1.9,0.4,Ambattur,5.0,5,India,225,ARLENE HARVEY,12.98,2,2,2,2,Jon Stephens,2,1.0,2005-07-28,2
11.09,4.83,890,2.89,0.6,Saint-Denis,3.33,1,Runion,148,ELEANOR HUNT,13.98,2,1,1,1,Mike Hillyer,1,1.0,2005-08-19,2
11.09,6.85,891,1.9,0.5,Czestochowa,4.0,1,Poland,572,SIDNEY BURLESON,12.98,2,2,2,1,Mike Hillyer,1,1.0,2005-08-20,2
11.1,13.83,889,0.87,0.13,Kaduna,22.5,2,Nigeria,18,CAROL GARCIA,11.97,3,1,1,2,Jon Stephens,2,1.0,2005-07-08,3
11.11,13.84,888,0.87,0.17,Naala-Porto,18.0,1,Mozambique,433,DON BONE,11.97,3,1,1,1,Mike Hillyer,1,0.6667,2005-07-12,3
11.11,6.96,886,1.86,0.4,Coatzacoalcos,7.5,1,Mexico,482,MAURICE CRAWLEY,12.97,3,2,2,1,Mike Hillyer,1,0.6667,2005-08-23,3
11.11,6.96,887,1.86,0.33,Halisahar,9.0,4,India,259,LENA JENSEN,12.97,3,2,2,2,Jon Stephens,2,0.3333,2005-08-19,3
11.12,13.85,885,0.87,0.17,Witten,12.0,2,Germany,201,VICKI FIELDS,11.98,2,1,1,2,Jon Stephens,2,0.5,2005-07-06,2
11.12,13.86,883,0.86,0.23,Tabuk,8.57,1,Saudi Arabia,312,MARK RINEHART,11.98,2,1,1,1,Mike Hillyer,1,1.0,2005-07-29,2
11.12,13.86,884,0.86,0.2,Sungai Petani,10.0,2,Malaysia,306,CHARLES KOWALSKI,11.98,2,1,1,1,Mike Hillyer,1,0.5,2005-07-27,2
11.12,6.97,882,1.86,0.37,Olomouc,5.45,1,Czech Republic,265,JENNIE TERRY,12.98,2,1,1,2,Jon Stephens,2,1.0,2005-07-12,2
11.14,7.09,880,1.83,0.47,Lincoln,6.43,1,United States,63,ASHLEY RICHARDSON,12.97,3,1,1,1,Mike Hillyer,1,0.6667,2005-08-22,3
11.14,7.09,881,1.83,0.4,Hsichuh,7.5,1,Taiwan,348,ROGER QUINTANILLA,12.97,3,2,2,2,Jon Stephens,2,0.0,2005-07-29,3
11.14,7.1,879,1.83,0.53,Boa Vista,5.63,2,Brazil,342,HAROLD MARTINO,12.97,3,2,2,2,Jon Stephens,2,0.6667,2005-08-20,3
11.15,14.42,878,0.83,0.23,Johannesburg,8.57,1,South Africa,471,DEAN SAUER,11.98,2,2,2,1,Mike Hillyer,1,0.5,2005-07-11,2
11.15,7.1,877,1.83,0.57,Jastrzebie-Zdrj,3.53,1,Poland,128,MARJORIE TUCKER,12.98,2,1,1,1,Mike Hillyer,1,1.0,2005-08-22,2
11.17,14.99,875,0.8,0.17,Nagaon,18.0,7,India,152,ALICIA MILLS,11.97,3,2,2,1,Mike Hillyer,1,0.6667,2005-08-19,3
11.17,15.01,874,0.8,0.27,Monclova,11.25,1,Mexico,570,IVAN CROMWELL,11.97,3,2,2,2,Jon Stephens,2,0.6667,2005-07-30,3
11.17,5.0,876,2.79,0.6,Ambattur,6.67,3,India,225,ARLENE HARVEY,13.96,4,1,1,2,Jon Stephens,2,0.5,2005-08-02,4
11.17,7.22,872,1.8,0.43,Addis Abeba,6.92,1,Ethiopia,392,SEAN DOUGLASS,12.97,3,2,2,2,Jon Stephens,2,0.6667,2005-08-21,3
11.17,7.22,873,1.8,0.4,Nabereznyje Telny,7.5,3,Russian Federation,447,CLIFFORD BOWENS,12.97,3,2,2,1,Mike Hillyer,1,0.6667,2005-08-02,3
11.18,15.0,871,0.8,0.13,Pangkal Pinang,15.0,2,Indonesia,542,LONNIE TIRADO,11.98,2,1,1,2,Jon Stephens,2,1.0,2005-07-11,2
11.18,15.02,870,0.8,0.23,Bchar,8.57,2,Algeria,69,JUDY GRAY,11.98,2,1,1,1,Mike Hillyer,1,1.0,2005-08-19,2
11.18,7.23,869,1.8,0.43,Po,4.62,1,Brazil,126,ELLEN SIMPSON,12.98,2,2,2,1,Mike Hillyer,1,0.5,2005-08-23,2
11.19,7.23,868,1.79,0.53,Iligan,3.75,3,Philippines,580,ROSS GREY,12.98,2,2,2,1,Mike Hillyer,1,1.0,2005-08-02,2
11.2,5.05,867,2.76,0.5,Vancouver,8.0,2,Canada,436,TROY QUIGLEY,13.96,4,2,2,2,Jon Stephens,2,0.75,2005-08-20,4
11.21,5.06,866,2.76,0.53,Cam Ranh,5.63,1,Vietnam,532,NEIL RENNER,13.97,3,2,2,2,Jon Stephens,2,0.6667,2005-08-02,3
11.22,15.66,864,0.77,0.17,Ciudad del Este,12.0,1,Paraguay,205,EILEEN CARR,11.98,2,1,1,2,Jon Stephens,2,1.0,2005-07-07,2
11.22,15.66,865,0.77,0.17,Bhilwara,12.0,2,India,209,TONYA CHAPMAN,11.98,2,2,2,1,Mike Hillyer,1,1.0,2005-07-07,2
11.22,15.67,861,0.76,0.23,Yuzhou,8.57,5,China,324,GARY COY,11.98,2,2,2,1,Mike Hillyer,1,1.0,2005-07-27,2
11.22,15.67,862,0.76,0.2,Angra dos Reis,10.0,3,Brazil,307,JOSEPH JOY,11.98,2,1,1,1,Mike Hillyer,1,0.5,2005-07-06,2
11.22,15.67,862,0.76,0.2,Bchar,10.0,1,Algeria,69,JUDY GRAY,11.98,2,2,2,1,Mike Hillyer,1,1.0,2005-07-11,2
11.23,16.35,859,0.73,0.2,Toulon,20.0,1,France,104,RITA GRAHAM,11.96,4,1,1,1,Mike Hillyer,1,0.5,2005-08-19,4
11.23,16.35,860,0.73,0.17,Chandrapur,24.0,2,India,167,SALLY PIERCE,11.96,4,2,2,1,Mike Hillyer,1,0.25,2005-07-09,4
11.24,16.36,858,0.73,0.17,Shimonoseki,18.0,5,Japan,29,ANGELA HERNANDEZ,11.97,3,2,2,1,Mike Hillyer,1,0.6667,2005-07-27,3
11.24,16.37,857,0.73,0.2,Dadu,15.0,1,Pakistan,416,JEFFERY PINSON,11.97,3,1,1,2,Jon Stephens,2,0.3333,2005-07-29,3
11.24,5.12,855,2.73,0.53,Richmond Hill,5.63,1,Canada,410,CURTIS IRBY,13.97,3,2,2,1,Mike Hillyer,1,0.6667,2005-08-21,3
11.24,7.5,856,1.73,0.3,Valparai,10.0,2,India,403,MIKE WAY,12.97,3,2,2,1,Mike Hillyer,1,0.0,2005-07-11,3
11.25,16.37,854,0.73,0.13,al-Qatif,15.0,1,Saudi Arabia,417,TRAVIS ESTEP,11.98,2,2,2,1,Mike Hillyer,1,1.0,2005-07-11,2
11.25,16.38,853,0.73,0.2,Coatzacoalcos,10.0,2,Mexico,482,MAURICE CRAWLEY,11.98,2,1,1,2,Jon Stephens,2,1.0,2005-07-10,2
11.25,16.39,852,0.73,0.23,Oyo,8.57,3,Nigeria,250,JO FOWLER,11.98,2,1,1,2,Jon Stephens,2,1.0,2005-08-22,2
11.25,7.51,850,1.73,0.43,Huixquilucan,4.62,3,Mexico,108,TRACY COLE,12.98,2,2,2,2,Jon Stephens,2,1.0,2005-08-02,2
11.25,7.51,850,1.73,0.43,Parbhani,4.62,7,India,300,JOHN FARNSWORTH,12.98,2,2,2,1,Mike Hillyer,1,1.0,2005-08-20,2
11.27,17.13,849,0.7,0.13,Yerevan,22.5,1,Armenia,41,STEPHANIE MITCHELL,11.97,3,2,2,1,Mike Hillyer,1,0.6667,2005-07-27,3
11.28,17.16,847,0.7,0.17,Lancaster,12.0,7,United States,112,ROSA REYNOLDS,11.98,2,2,2,2,Jon Stephens,2,0.5,2005-07-30,2
11.28,17.16,847,0.7,0.17,Purwakarta,12.0,2,Indonesia,524,JARED ELY,11.98,2,2,2,1,Mike Hillyer,1,0.5,2005-07-11,2
11.28,17.17,846,0.7,0.23,Balikesir,8.57,1,Turkey,366,BRANDON HUEY,11.98,2,1,1,1,Mike Hillyer,1,1.0,2005-07-11,2
11.28,7.65,845,1.7,0.43,Dadu,4.62,1,Pakistan,416,JEFFERY PINSON,12.98,2,2,2,2,Jon Stephens,2,1.0,2005-08-02,2
11.29,7.66,844,1.7,0.5,Pyongyang,4.0,1,North Korea,157,DARLENE ROSE,12.98,2,1,1,1,Mike Hillyer,1,1.0,2005-08-18,2
11.3,7.8,843,1.66,0.5,Ueda,8.0,2,Japan,503,ANGEL BARCLAY,12.96,4,1,1,1,Mike Hillyer,1,0.25,2005-08-23,4
11.31,18.0,839,0.67,0.1,Tsuyama,20.0,4,Japan,429,FREDERICK ISBELL,11.98,2,2,2,2,Jon Stephens,2,0.5,2005-07-27,2
11.31,18.01,838,0.67,0.13,Maring,15.0,3,Brazil,246,MARIAN MENDOZA,11.98,2,1,1,1,Mike Hillyer,1,0.5,2005-08-20,2
11.31,18.01,842,0.66,0.2,Ilorin,15.0,3,Nigeria,103,GLADYS HAMILTON,11.97,3,2,2,1,Mike Hillyer,1,0.6667,2005-07-07,3
11.31,7.79,841,1.66,0.27,Vijayawada,11.25,7,India,508,MILTON HOWLAND,12.97,3,1,1,2,Jon Stephens,2,0.3333,2005-07-28,3
11.31,7.8,840,1.66,0.37,Graz,8.18,1,Austria,173,AUDREY RAY,12.97,3,2,2,1,Mike Hillyer,1,0.6667,2005-08-23,3
11.32,18.03,837,0.66,0.23,Etawah,8.57,5,India,121,JOSEPHINE GOMEZ,11.98,2,1,1,2,Jon Stephens,2,1.0,2005-07-30,2
11.32,5.26,836,2.66,0.67,Shimonoseki,3.0,2,Japan,29,ANGELA HERNANDEZ,13.98,2,1,1,1,Mike Hillyer,1,1.0,2005-08-22,2
11.33,7.95,835,1.63,0.37,Uruapan,10.91,2,Mexico,454,ALEX GRESHAM,12.96,4,2,2,1,Mike Hillyer,1,0.25,2005-08-22,4
11.34,7.96,832,1.63,0.43,Urawa,6.92,3,Japan,147,JOANNE ROBERTSON,12.97,3,2,2,2,Jon Stephens,2,0.6667,2005-08-22,3
11.34,7.96,833,1.63,0.4,Robamba,7.5,1,Ecuador,494,RAMON CHOATE,12.97,3,2,2,2,Jon Stephens,2,0.3333,2005-07-30,3
11.34,7.96,834,1.63,0.37,Fukuyama,8.18,2,Japan,141,DEBBIE REYES,12.97,3,2,2,2,Jon Stephens,2,0.6667,2005-08-17,3
11.35,18.99,831,0.63,0.23,Grand Prairie,8.57,3,United States,118,KIM CRUZ,11.98,2,2,2,2,Jon Stephens,2,1.0,2005-07-29,2
11.35,7.96,829,1.63,0.37,Bhimavaram,5.45,7,India,529,ERIK GUILLEN,12.98,2,2,2,2,Jon Stephens,2,1.0,2005-08-20,2
11.35,7.96,830,1.63,0.3,Ife,6.67,1,Nigeria,80,MARILYN ROSS,12.98,2,2,2,2,Jon Stephens,2,1.0,2005-07-11,2
11.37,20.01,828,0.6,0.17,Alessandria,18.0,2,Italy,33,ANNA HILL,11.97,3,2,2,1,Mike Hillyer,1,0.3333,2005-07-30,3
11.37,20.03,827,0.6,0.23,Hohhot,12.86,3,China,138,HAZEL WARREN,11.97,3,2,2,2,Jon Stephens,2,0.6667,2005-07-28,3
11.38,20.01,825,0.6,0.13,Beira,15.0,1,Mozambique,257,MARSHA DOUGLAS,11.98,2,1,1,1,Mike Hillyer,1,0.5,2005-07-10,2
11.38,20.01,825,0.6,0.13,Smolensk,15.0,3,Russian Federation,127,ELAINE STEVENS,11.98,2,2,2,2,Jon Stephens,2,1.0,2005-07-28,2
11.38,20.04,824,0.6,0.23,Crdoba,8.57,2,Argentina,24,KIMBERLY LEE,11.98,2,2,2,1,Mike Hillyer,1,0.5,2005-08-18,2
11.38,8.13,823,1.6,0.37,Siegen,5.45,1,Germany,195,VANESSA SIMS,12.98,2,2,2,1,Mike Hillyer,1,1.0,2005-08-02,2
11.41,21.18,821,0.57,0.1,Onomichi,20.0,1,Japan,337,JERRY JORDON,11.98,2,2,2,2,Jon Stephens,2,0.5,2005-07-07,2
11.41,8.3,822,1.56,0.37,Vicente Lpez,8.18,1,Argentina,219,WILLIE HOWELL,12.97,3,2,2,1,Mike Hillyer,1,0.3333,2005-07-29,3
11.44,22.56,820,0.53,0.27,Yamuna Nagar,11.25,6,India,12,NANCY THOMAS,11.97,3,1,1,2,Jon Stephens,2,0.6667,2005-07-30,3
11.44,4.25,817,3.53,0.7,Molodetno,4.29,1,Belarus,144,CLARA SHAW,14.97,3,2,2,2,Jon Stephens,2,0.6667,2005-08-02,3
11.44,8.48,818,1.53,0.37,Funafuti,8.18,1,Tuvalu,105,DAWN SULLIVAN,12.97,3,1,1,2,Jon Stephens,2,0.6667,2005-08-23,3
11.44,8.48,818,1.53,0.37,San Felipe del Progreso,8.18,3,Mexico,319,RONALD WEINER,12.97,3,2,2,1,Mike Hillyer,1,0.6667,2005-07-11,3
11.45,22.52,815,0.53,0.13,Czestochowa,15.0,1,Poland,572,SIDNEY BURLESON,11.98,2,1,1,1,Mike Hillyer,1,1.0,2005-07-10,2
11.45,22.52,816,0.53,0.13,Sivas,15.0,2,Turkey,518,GABRIEL HARDER,11.98,2,1,1,2,Jon Stephens,2,0.5,2005-07-08,2
11.45,22.55,814,0.53,0.2,Isesaki,10.0,3,Japan,519,RON DELUCA,11.98,2,2,2,2,Jon Stephens,2,1.0,2005-07-30,2
11.46,23.97,813,0.5,0.1,Zaria,40.0,1,Nigeria,232,CONSTANCE REID,11.96,4,2,2,1,Mike Hillyer,1,0.0,2005-07-28,4
11.47,24.0,812,0.5,0.13,Yingkou,22.5,7,China,521,ROLAND SOUTH,11.97,3,2,2,2,Jon Stephens,2,1.0,2005-08-17,3
11.47,24.02,811,0.5,0.17,Huaian,18.0,5,China,384,ERNEST STEPP,11.97,3,2,2,2,Jon Stephens,2,0.6667,2005-08-22,3
11.47,8.66,810,1.5,0.3,Santa Rosa,10.0,2,Philippines,522,ARNOLD HAVENS,12.97,3,1,1,2,Jon Stephens,2,0.6667,2005-07-10,3
11.47,8.67,808,1.5,0.37,Batna,8.18,1,Algeria,441,MARIO CHEATHAM,12.97,3,2,2,1,Mike Hillyer,1,0.3333,2005-08-20,3
11.47,8.67,809,1.5,0.37,Palghat (Palakkad),8.18,4,India,268,NINA SOTO,12.97,3,1,1,2,Jon Stephens,2,0.6667,2005-07-10,3
11.48,23.99,806,0.5,0.07,Vijayawada,30.0,3,India,508,MILTON HOWLAND,11.98,2,2,2,1,Mike Hillyer,1,1.0,2005-07-11,2
11.48,5.6,807,2.49,0.6,Satna,5.0,4,India,356,GERALD FULTZ,13.97,3,2,2,1,Mike Hillyer,1,0.3333,2005-08-23,3
11.48,8.67,805,1.5,0.33,Jedda,6.0,1,Saudi Arabia,49,JOYCE EDWARDS,12.98,2,2,2,2,Jon Stephens,2,0.5,2005-07-12,2
11.51,25.74,802,0.47,0.13,Pingxiang,15.0,6,China,169,ERICA MATTHEWS,11.98,2,2,2,1,Mike Hillyer,1,1.0,2005-08-17,2
11.51,5.68,803,2.46,0.57,Hsichuh,5.29,1,Taiwan,348,ROGER QUINTANILLA,13.97,3,2,2,1,Mike Hillyer,1,0.6667,2005-08-02,3
11.51,8.86,804,1.46,0.27,Sincelejo,11.25,1,Colombia,87,WANDA PATTERSON,12.97,3,2,2,2,Jon Stephens,2,0.6667,2005-07-30,3
11.54,9.07,800,1.43,0.3,Coatzacoalcos,10.0,1,Mexico,482,MAURICE CRAWLEY,12.97,3,2,2,1,Mike Hillyer,1,0.3333,2005-08-22,3
11.54,9.07,801,1.43,0.3,Nyeri,10.0,1,Kenya,363,ROY WHITING,12.97,3,1,1,2,Jon Stephens,2,0.3333,2005-07-12,3
11.54,9.08,799,1.43,0.43,Tangail,6.92,1,Bangladesh,21,MICHELLE CLARK,12.97,3,2,2,1,Mike Hillyer,1,0.6667,2005-08-19,3
11.55,27.71,798,0.43,0.1,Tarlac,20.0,2,Philippines,548,ALLAN CORNISH,11.98,2,2,2,2,Jon Stephens,2,1.0,2005-08-20,2
11.55,27.73,797,0.43,0.13,Rockford,15.0,3,United States,457,BILL GAVIN,11.98,2,2,2,1,Mike Hillyer,1,0.5,2005-08-17,2
11.55,9.08,794,1.43,0.37,Kitwe,5.45,1,Zambia,438,BARRY LOVELACE,12.98,2,2,2,1,Mike Hillyer,1,0.5,2005-08-19,2
11.55,9.08,795,1.43,0.33,Mardan,6.0,2,Pakistan,20,SHARON ROBINSON,12.98,2,2,2,1,Mike Hillyer,1,1.0,2005-08-01,2
11.55,9.08,796,1.43,0.33,Valencia,6.0,1,Venezuela,539,MATHEW BOLIN,12.98,2,1,1,1,Mike Hillyer,1,1.0,2005-07-31,2
11.57,30.0,793,0.4,0.1,Blumenau,30.0,4,Brazil,206,TERRI VASQUEZ,11.97,3,2,2,1,Mike Hillyer,1,0.3333,2005-07-06,3
11.57,9.28,792,1.4,0.23,So Leopoldo,12.86,2,Brazil,443,FRANCISCO SKIDMORE,12.97,3,2,2,2,Jon Stephens,2,0.6667,2005-07-31,3
11.58,30.03,791,0.4,0.1,Smolensk,20.0,2,Russian Federation,127,ELAINE STEVENS,11.98,2,2,2,2,Jon Stephens,2,1.0,2005-07-08,2
11.58,9.3,788,1.4,0.4,Bilbays,5.0,1,Egypt,559,EVERETT BANDA,12.98,2,1,1,1,Mike Hillyer,1,1.0,2005-08-01,2
11.58,9.3,789,1.4,0.37,Ilorin,5.45,2,Nigeria,103,GLADYS HAMILTON,12.98,2,2,2,2,Jon Stephens,2,1.0,2005-07-12,2
11.58,9.3,789,1.4,0.37,Kermanshah,5.45,3,Iran,377,HOWARD FORTNER,12.98,2,1,1,1,Mike Hillyer,1,1.0,2005-08-01,2
11.61,9.51,787,1.36,0.33,Jos Azueta,9.0,1,Mexico,581,VIRGIL WOFFORD,12.97,3,2,2,2,Jon Stephens,2,1.0,2005-07-10,3
11.62,32.82,786,0.37,0.17,El Alto,12.0,1,Bolivia,455,JON WILES,11.98,2,1,1,1,Mike Hillyer,1,0.5,2005-07-08,2
11.62,9.52,784,1.36,0.37,Addis Abeba,5.45,1,Ethiopia,392,SEAN DOUGLASS,12.98,2,2,2,2,Jon Stephens,2,1.0,2005-08-20,2
11.62,9.52,785,1.36,0.37,Zhezqazghan,5.45,1,Kazakstan,573,BYRON BOX,12.98,2,1,1,2,Jon Stephens,2,0.5,2005-07-10,2
11.64,36.05,783,0.33,0.13,San Felipe de Puerto Plata,22.5,1,Dominican Republic,418,JEFF EAST,11.97,3,2,2,1,Mike Hillyer,1,0.3333,2005-07-08,3
11.64,36.13,782,0.33,0.2,Mogiljov,15.0,1,Belarus,527,CORY MEEHAN,11.97,3,2,2,1,Mike Hillyer,1,0.6667,2005-07-11,3
11.64,9.74,781,1.33,0.23,Szkesfehrvr,12.86,1,Hungary,592,TERRANCE ROUSH,12.97,3,1,1,1,Mike Hillyer,1,0.6667,2005-07-07,3
11.64,9.75,779,1.33,0.33,Mardan,9.0,1,Pakistan,20,SHARON ROBINSON,12.97,3,2,2,2,Jon Stephens,2,0.0,2005-08-19,3
11.64,9.75,780,1.33,0.3,Haiphong,10.0,1,Vietnam,199,BETH FRANKLIN,12.97,3,2,2,1,Mike Hillyer,1,0.0,2005-07-31,3
11.65,36.01,778,0.33,0.07,Basel,30.0,1,Switzerland,61,KATHERINE RIVERA,11.98,2,1,1,2,Jon Stephens,2,0.5,2005-07-28,2
11.65,36.05,776,0.33,0.1,Elista,20.0,3,Russian Federation,17,DONNA THOMPSON,11.98,2,2,2,1,Mike Hillyer,1,0.5,2005-07-28,2
11.65,36.05,777,0.33,0.1,Myingyan,20.0,1,Myanmar,4,BARBARA JONES,11.98,2,1,1,1,Mike Hillyer,1,1.0,2005-07-30,2
11.65,9.75,775,1.33,0.2,Kimberley,10.0,1,South Africa,19,RUTH MARTINEZ,12.98,2,2,2,2,Jon Stephens,2,0.5,2005-08-18,2
11.66,36.11,774,0.33,0.13,Juiz de Fora,7.5,1,Brazil,591,KENT ARSENAULT,11.99,1,1,1,2,Jon Stephens,2,1.0,2005-07-07,1
11.67,10.0,772,1.3,0.3,Higashiosaka,10.0,2,Japan,264,GWENDOLYN MAY,12.97,3,2,2,1,Mike Hillyer,1,0.6667,2005-07-31,3
11.67,39.99,773,0.3,0.07,Kuwana,45.0,3,Japan,531,JAMIE WAUGH,11.97,3,2,2,2,Jon Stephens,2,0.3333,2005-07-10,3
11.67,6.09,771,2.3,0.43,Otsu,6.92,2,Japan,285,MIRIAM MCKINNEY,13.97,3,2,2,1,Mike Hillyer,1,0.6667,2005-08-01,3
11.68,10.01,768,1.3,0.33,Meixian,6.0,7,China,90,RUBY WASHINGTON,12.98,2,1,1,2,Jon Stephens,2,0.5,2005-07-30,2
11.68,10.02,767,1.3,0.43,Hamilton,4.62,1,New Zealand,8,SUSAN WILSON,12.98,2,2,2,2,Jon Stephens,2,0.5,2005-08-02,2
11.68,40.07,770,0.3,0.1,Haiphong,20.0,1,Vietnam,199,BETH FRANKLIN,11.98,2,2,2,2,Jon Stephens,2,0.5,2005-07-08,2
11.68,40.11,769,0.3,0.13,Toulon,15.0,1,France,104,RITA GRAHAM,11.98,2,1,1,2,Jon Stephens,2,0.5,2005-07-07,2
11.71,45.04,765,0.27,0.07,Jinchang,30.0,1,China,168,REGINA BERRY,11.98,2,2,2,2,Jon Stephens,2,1.0,2005-07-07,2
11.71,45.04,765,0.27,0.07,Rancagua,30.0,1,Chile,464,JEROME KENYON,11.98,2,2,2,2,Jon Stephens,2,0.5,2005-08-20,2
11.71,45.15,764,0.27,0.13,Ilorin,15.0,1,Nigeria,103,GLADYS HAMILTON,11.98,2,2,2,1,Mike Hillyer,1,1.0,2005-07-06,2
11.72,10.27,762,1.26,0.33,Bijapur,6.0,7,India,468,TIM CARY,12.98,2,1,1,2,Jon Stephens,2,1.0,2005-07-29,2
11.72,10.27,763,1.26,0.23,Birgunj,8.57,1,Nepal,321,KEVIN SCHULER,12.98,2,2,2,2,Jon Stephens,2,1.0,2005-08-23,2
11.72,10.28,761,1.26,0.37,Taguig,5.45,3,Philippines,72,THERESA WATSON,12.98,2,1,1,2,Jon Stephens,2,1.0,2005-08-02,2
11.74,10.54,759,1.23,0.3,Huaian,10.0,3,China,384,ERNEST STEPP,12.97,3,2,2,2,Jon Stephens,2,0.3333,2005-07-10,3
11.74,10.54,760,1.23,0.3,Akishima,10.0,1,Japan,574,JULIAN VEST,12.97,3,2,2,1,Mike Hillyer,1,0.6667,2005-07-09,3
11.75,10.55,757,1.23,0.3,Cuernavaca,6.67,2,Mexico,575,ISAAC OGLESBY,12.98,2,2,2,2,Jon Stephens,2,1.0,2005-08-01,2
11.75,4.64,756,3.23,0.53,Qomsheh,3.75,1,Iran,459,TOMMY COLLAZO,14.98,2,1,1,1,Mike Hillyer,1,1.0,2005-08-18,2
11.75,51.49,758,0.23,0.07,Ciparay,30.0,3,Indonesia,328,JEFFREY SPEAR,11.98,2,2,2,2,Jon Stephens,2,1.0,2005-07-29,2
11.76,10.82,754,1.2,0.27,Changzhou,15.0,5,China,197,SUE PETERS,12.96,4,2,2,1,Mike Hillyer,1,0.25,2005-08-01,4
11.76,10.82,755,1.2,0.27,Patiala,15.0,9,India,296,RAMONA HALE,12.96,4,2,2,1,Mike Hillyer,1,0.5,2005-08-20,4
11.77,10.83,752,1.2,0.23,Chatsworth,12.86,2,South Africa,555,DWIGHT LOMBARDI,12.97,3,2,2,2,Jon Stephens,2,0.3333,2005-08-17,3
11.77,10.83,753,1.2,0.23,Newcastle,12.86,2,South Africa,432,EDWIN BURK,12.97,3,1,1,2,Jon Stephens,2,0.3333,2005-07-28,3
11.77,10.84,751,1.2,0.33,Zhoushan,9.0,4,China,550,GUY BROWNLEE,12.97,3,2,2,2,Jon Stephens,2,0.3333,2005-08-17,3
11.78,10.83,748,1.2,0.2,Lilongwe,10.0,1,Malawi,166,LYNN PAYNE,12.98,2,1,1,2,Jon Stephens,2,0.5,2005-08-20,2
11.78,10.84,747,1.2,0.27,Merlo,7.5,1,Argentina,107,FLORENCE WOODS,12.98,2,2,2,1,Mike Hillyer,1,0.5,2005-07-27,2
11.78,10.85,746,1.2,0.37,Laredo,5.45,6,United States,6,JENNIFER DAVIS,12.98,2,1,1,1,Mike Hillyer,1,1.0,2005-08-21,2
11.78,60.1,749,0.2,0.07,Bat Yam,30.0,2,Israel,315,KENNETH GOODEN,11.98,2,2,2,2,Jon Stephens,2,1.0,2005-07-09,2
11.78,60.1,750,0.2,0.07,Beira,30.0,1,Mozambique,257,MARSHA DOUGLAS,11.98,2,1,1,2,Jon Stephens,2,0.5,2005-07-08,2
11.79,6.37,745,2.19,0.57,Fuyu,3.53,4,China,211,STACEY MONTGOMERY,13.98,2,1,1,2,Jon Stephens,2,0.5,2005-08-02,2
11.81,11.14,743,1.16,0.23,Aden,12.86,1,Yemen,210,ELLA OLIVER,12.97,3,2,2,2,Jon Stephens,2,0.3333,2005-08-19,3
11.81,11.14,744,1.16,0.2,Quilmes,15.0,2,Argentina,585,PERRY SWAFFORD,12.97,3,2,2,2,Jon Stephens,2,0.3333,2005-07-27,3
11.81,11.15,740,1.16,0.33,Caracas,9.0,1,Venezuela,111,CARMEN OWENS,12.97,3,2,2,2,Jon Stephens,2,0.6667,2005-08-02,3
11.81,11.15,741,1.16,0.3,Halle/Saale,10.0,1,Germany,251,VICKIE BREWER,12.97,3,2,2,2,Jon Stephens,2,0.3333,2005-08-19,3
11.81,11.15,742,1.16,0.3,Bhusawal,10.0,4,India,202,CARLA GUTIERREZ,12.97,3,1,1,2,Jon Stephens,2,0.3333,2005-07-30,3
11.84,6.56,739,2.13,0.47,Tanza,6.43,2,Philippines,236,MARCIA DEAN,13.97,3,1,1,1,Mike Hillyer,1,0.3333,2005-08-19,3
11.85,11.48,738,1.13,0.3,Sambhal,6.67,5,India,217,AGNES BISHOP,12.98,2,1,1,1,Mike Hillyer,1,1.0,2005-08-01,2
11.85,6.57,736,2.13,0.53,Joliet,3.75,2,United States,504,NATHANIEL ADAM,13.98,2,2,2,2,Jon Stephens,2,1.0,2005-08-23,2
11.85,6.57,737,2.13,0.43,Yinchuan,4.62,6,China,484,ROBERTO VU,13.98,2,2,2,2,Jon Stephens,2,1.0,2005-07-31,2
11.86,11.81,735,1.1,0.27,Boa Vista,15.0,3,Brazil,342,HAROLD MARTINO,12.96,4,2,2,2,Jon Stephens,2,0.25,2005-07-31,4
11.88,6.67,733,2.1,0.43,Donostia-San Sebastin,4.62,2,Spain,293,MAE FLETCHER,13.98,2,2,2,2,Jon Stephens,2,1.0,2005-08-23,2
11.88,6.67,734,2.1,0.3,Sumy,6.67,1,Ukraine,187,BRITTANY RILEY,13.98,2,1,1,2,Jon Stephens,2,0.5,2005-08-22,2
11.91,12.18,732,1.07,0.17,Tsuyama,18.0,3,Japan,429,FREDERICK ISBELL,12.97,3,1,1,2,Jon Stephens,2,0.6667,2005-07-28,3
11.91,12.19,730,1.06,0.3,Ezeiza,10.0,1,Argentina,530,DARRYL ASHCRAFT,12.97,3,1,1,1,Mike Hillyer,1,0.0,2005-08-18,3
11.91,12.19,731,1.06,0.23,La Romana,12.86,2,Dominican Republic,437,RANDALL NEUMANN,12.97,3,2,2,1,Mike Hillyer,1,1.0,2005-08-20,3
11.91,6.78,729,2.06,0.5,Lapu-Lapu,6.0,2,Philippines,244,VIOLA HANSON,13.97,3,2,2,1,Mike Hillyer,1,0.6667,2005-08-02,3
11.92,12.19,727,1.06,0.2,Lincoln,10.0,2,United States,63,ASHLEY RICHARDSON,12.98,2,1,1,2,Jon Stephens,2,1.0,2005-07-12,2
11.92,12.19,728,1.07,0.17,Fontana,12.0,3,United States,51,ALICE STEWART,12.98,2,1,1,1,Mike Hillyer,1,1.0,2005-07-27,2
11.92,12.2,726,1.06,0.23,Livorno,8.57,1,Italy,541,DARREN WINDHAM,12.98,2,2,2,2,Jon Stephens,2,0.5,2005-08-19,2
11.92,4.89,725,3.06,0.63,Cape Coral,3.16,4,United States,526,KARL SEAL,14.98,2,2,2,1,Mike Hillyer,1,1.0,2005-08-21,2
11.94,12.57,724,1.03,0.17,al-Manama,18.0,1,Bahrain,590,SETH HANNON,12.97,3,2,2,2,Jon Stephens,2,0.0,2005-07-08,3
11.94,12.58,722,1.03,0.23,Cuautla,12.86,3,Mexico,323,MATTHEW MAHAN,12.97,3,2,2,2,Jon Stephens,2,0.6667,2005-07-28,3
11.94,12.58,723,1.03,0.2,Pathankot,15.0,5,India,95,PAULA BRYANT,12.97,3,1,1,1,Mike Hillyer,1,0.3333,2005-07-31,3
11.95,12.59,720,1.03,0.27,Robamba,7.5,1,Ecuador,494,RAMON CHOATE,12.98,2,1,1,2,Jon Stephens,2,1.0,2005-07-27,2
11.95,12.59,721,1.03,0.2,Denizli,10.0,3,Turkey,483,VERNON CHAPA,12.98,2,1,1,1,Mike Hillyer,1,0.5,2005-07-28,2
11.95,12.6,719,1.03,0.3,Jhansi,6.67,7,India,32,AMY LOPEZ,12.98,2,1,1,1,Mike Hillyer,1,1.0,2005-07-27,2
11.97,13.0,718,1.0,0.23,Syrakusa,12.86,2,Italy,221,BESSIE MORRISON,12.97,3,2,2,1,Mike Hillyer,1,0.6667,2005-08-17,3
11.98,13.01,716,1.0,0.27,Rizhao,7.5,5,China,496,TYLER WREN,12.98,2,2,2,2,Jon Stephens,2,0.5,2005-08-02,2
11.98,7.0,717,2.0,0.5,Aden,6.0,1,Yemen,210,ELLA OLIVER,13.97,3,1,1,2,Jon Stephens,2,0.6667,2005-07-29,3
11.98,7.01,715,2.0,0.43,Imus,4.62,2,Philippines,349,JOE GILLILAND,13.98,2,1,1,2,Jon Stephens,2,1.0,2005-08-21,2
11.99,13.44,714,0.96,0.3,Pyongyang,16.67,1,North Korea,157,DARLENE ROSE,12.95,5,2,2,1,Mike Hillyer,1,0.2,2005-07-29,5
12.01,13.44,713,0.97,0.17,Syrakusa,18.0,1,Italy,221,BESSIE MORRISON,12.97,3,2,2,2,Jon Stephens,2,0.3333,2005-07-27,3
12.01,13.45,711,0.97,0.13,Jaroslavl,15.0,3,Russian Federation,222,DELORES HANSEN,12.98,2,1,1,2,Jon Stephens,2,1.0,2005-07-10,2
12.01,13.45,712,0.96,0.23,Xinxiang,12.86,4,China,339,WALTER PERRYMAN,12.97,3,2,2,2,Jon Stephens,2,1.0,2005-08-17,3
12.02,13.46,707,0.96,0.27,Hiroshima,7.5,2,Japan,299,JAMES GANNON,12.98,2,2,2,2,Jon Stephens,2,1.0,2005-07-28,2
12.02,13.46,708,0.96,0.23,Valencia,8.57,1,Venezuela,539,MATHEW BOLIN,12.98,2,1,1,2,Jon Stephens,2,1.0,2005-07-29,2
12.02,13.46,709,0.96,0.23,Arecibo,8.57,1,Puerto Rico,360,RALPH MADRIGAL,12.98,2,2,2,2,Jon Stephens,2,1.0,2005-07-27,2
12.02,13.46,710,0.96,0.2,Juiz de Fora,10.0,4,Brazil,591,KENT ARSENAULT,12.98,2,1,1,1,Mike Hillyer,1,1.0,2005-07-10,2
12.03,7.23,706,1.93,0.37,Probolinggo,10.91,1,Indonesia,372,STEVE MACKENZIE,13.96,4,2,2,2,Jon Stephens,2,0.25,2005-07-29,4
12.03,7.24,705,1.93,0.4,London,10.0,1,United Kingdom,512,CECIL VINES,13.96,4,2,2,1,Mike Hillyer,1,0.5,2005-08-22,4
12.04,13.93,703,0.93,0.23,Nantou,12.86,3,Taiwan,5,ELIZABETH BROWN,12.97,3,2,2,2,Jon Stephens,2,0.6667,2005-07-09,3
12.04,13.93,704,0.93,0.2,Kuwana,15.0,3,Japan,531,JAMIE WAUGH,12.97,3,2,2,2,Jon Stephens,2,0.6667,2005-07-27,3
12.05,13.94,701,0.93,0.23,Mysore,8.57,1,India,59,CHERYL MURPHY,12.98,2,2,2,1,Mike Hillyer,1,1.0,2005-07-09,2
12.05,13.94,702,0.93,0.2,Rizhao,10.0,6,China,496,TYLER WREN,12.98,2,2,2,2,Jon Stephens,2,1.0,2005-08-20,2
12.07,14.45,699,0.9,0.23,Higashiosaka,12.86,2,Japan,264,GWENDOLYN MAY,12.97,3,2,2,1,Mike Hillyer,1,0.3333,2005-07-11,3
12.07,14.45,699,0.9,0.23,Zaria,12.86,2,Nigeria,232,CONSTANCE REID,12.97,3,2,2,2,Jon Stephens,2,0.3333,2005-07-29,3
12.07,14.46,698,0.9,0.3,Jodhpur,10.0,8,India,224,PEARL GARZA,12.97,3,1,1,2,Jon Stephens,2,1.0,2005-08-21,3
12.08,14.47,696,0.9,0.3,Southend-on-Sea,6.67,1,United Kingdom,16,SANDRA MARTIN,12.98,2,1,1,1,Mike Hillyer,1,0.5,2005-08-18,2
12.08,14.47,697,0.9,0.27,Surakarta,7.5,1,Indonesia,450,JAY ROBB,12.98,2,1,1,1,Mike Hillyer,1,0.5,2005-07-11,2
12.08,14.48,695,0.9,0.33,Nezahualcyotl,6.0,3,Mexico,115,WENDY HARRISON,12.98,2,1,1,1,Mike Hillyer,1,1.0,2005-07-12,2
12.11,15.0,692,0.87,0.13,Brescia,15.0,1,Italy,309,CHRISTOPHER GRECO,12.98,2,1,1,2,Jon Stephens,2,0.5,2005-07-06,2
12.11,7.5,693,1.86,0.4,Baku,7.5,1,Azerbaijan,333,ANDREW PURDY,13.97,3,2,2,1,Mike Hillyer,1,0.3333,2005-08-20,3
12.11,7.5,694,1.86,0.37,Emeishan,8.18,4,China,389,ALAN KAHN,13.97,3,2,2,1,Mike Hillyer,1,1.0,2005-08-21,3
12.12,15.01,691,0.87,0.17,Ibirit,12.0,3,Brazil,310,DANIEL CABRAL,12.98,2,1,1,2,Jon Stephens,2,0.5,2005-08-18,2
12.12,15.02,690,0.86,0.27,Linz,7.5,1,Austria,159,JILL HAWKINS,12.98,2,1,1,1,Mike Hillyer,1,0.5,2005-07-31,2
12.12,7.51,689,1.86,0.43,Nyeri,4.62,1,Kenya,363,ROY WHITING,13.98,2,1,1,1,Mike Hillyer,1,1.0,2005-07-31,2
12.14,7.64,688,1.83,0.37,Osmaniye,8.18,2,Turkey,13,KAREN JACKSON,13.97,3,1,1,2,Jon Stephens,2,0.3333,2005-08-19,3
12.15,15.61,683,0.83,0.2,Maracabo,10.0,1,Venezuela,453,CALVIN MARTEL,12.98,2,1,1,1,Mike Hillyer,1,0.5,2005-08-20,2
12.15,15.61,684,0.83,0.2,Tieli,10.0,4,China,599,AUSTIN CINTRON,12.98,2,1,1,2,Jon Stephens,2,0.5,2005-07-12,2
12.15,15.61,685,0.83,0.2,Kaliningrad,10.0,2,Russian Federation,301,ROBERT BAUGHMAN,12.98,2,1,1,1,Mike Hillyer,1,1.0,2005-08-22,2
12.15,15.61,686,0.83,0.17,Erlangen,12.0,1,Germany,448,MIGUEL BETANCOURT,12.98,2,1,1,2,Jon Stephens,2,1.0,2005-07-06,2
12.15,15.61,687,0.83,0.17,Bat Yam,12.0,1,Israel,315,KENNETH GOODEN,12.98,2,2,2,2,Jon Stephens,2,1.0,2005-07-29,2
12.15,16.21,680,0.8,0.13,Emmen,37.5,1,Netherlands,474,DUSTIN GILLETTE,12.95,5,2,2,2,Jon Stephens,2,0.4,2005-07-08,5
12.15,7.64,681,1.83,0.37,Hoshiarpur,5.45,2,India,412,ALLEN BUTTERFIELD,13.98,2,2,2,1,Mike Hillyer,1,1.0,2005-08-23,2
12.15,7.64,682,1.83,0.33,Rae Bareli,6.0,4,India,78,LORI WOOD,13.98,2,1,1,2,Jon Stephens,2,1.0,2005-08-18,2
12.18,16.26,679,0.8,0.17,Nanyang,12.0,3,China,37,PAMELA BAKER,12.98,2,2,2,2,Jon Stephens,2,1.0,2005-08-19,2
12.18,16.27,678,0.8,0.2,Sultanbeyli,10.0,3,Turkey,493,BRENT HARKINS,12.98,2,1,1,1,Mike Hillyer,1,0.5,2005-07-12,2
12.21,5.42,677,2.76,0.57,Bhilwara,5.29,2,India,209,TONYA CHAPMAN,14.97,3,2,2,2,Jon Stephens,2,0.3333,2005-08-01,3
12.22,16.97,676,0.76,0.2,Olomouc,10.0,1,Czech Republic,265,JENNIE TERRY,12.98,2,2,2,1,Mike Hillyer,1,0.5,2005-07-09,2
12.22,7.93,673,1.76,0.43,Sivas,4.62,1,Turkey,518,GABRIEL HARDER,13.98,2,1,1,1,Mike Hillyer,1,1.0,2005-08-20,2
12.22,7.93,674,1.76,0.37,Cuauhtmoc,5.45,3,Mexico,467,ALVIN DELOACH,13.98,2,2,2,1,Mike Hillyer,1,1.0,2005-07-29,2
12.22,7.93,675,1.76,0.33,Shimoga,6.0,6,India,238,NELLIE GARRETT,13.98,2,1,1,1,Mike Hillyer,1,0.5,2005-08-21,2
12.23,8.07,672,1.73,0.4,Czestochowa,10.0,1,Poland,572,SIDNEY BURLESON,13.96,4,2,2,1,Mike Hillyer,1,0.5,2005-08-02,4
12.24,17.73,669,0.73,0.2,Ciomas,15.0,2,Indonesia,239,MINNIE ROMERO,12.97,3,2,2,2,Jon Stephens,2,0.3333,2005-07-27,3
12.24,17.73,670,0.73,0.2,Jos Azueta,15.0,2,Mexico,581,VIRGIL WOFFORD,12.97,3,1,1,2,Jon Stephens,2,0.3333,2005-08-20,3
12.24,17.73,671,0.73,0.17,Acua,18.0,2,Mexico,486,GLEN TALBERT,12.97,3,2,2,1,Mike Hillyer,1,0.3333,2005-07-07,3
12.24,5.49,667,2.73,0.53,Apeldoorn,5.63,1,Netherlands,137,RHONDA KENNEDY,14.97,3,1,1,1,Mike Hillyer,1,1.0,2005-07-31,3
12.24,8.08,668,1.73,0.37,Mosul,8.18,1,Iraq,579,DARYL LARUE,13.97,3,1,1,2,Jon Stephens,2,0.3333,2005-07-31,3
12.25,17.74,666,0.73,0.17,Dallas,12.0,4,United States,400,BRYAN HARDISON,12.98,2,1,1,2,Jon Stephens,2,1.0,2005-07-09,2
12.25,4.29,665,3.73,0.6,Qomsheh,3.33,1,Iran,459,TOMMY COLLAZO,15.98,2,2,2,1,Mike Hillyer,1,0.5,2005-08-20,2
12.25,8.22,664,1.7,0.3,Lincoln,16.67,2,United States,63,ASHLEY RICHARDSON,13.95,5,2,2,2,Jon Stephens,2,0.4,2005-07-31,5
12.27,18.57,663,0.7,0.17,Hidalgo,18.0,4,Mexico,150,DANIELLE DANIELS,12.97,3,1,1,2,Jon Stephens,2,0.3333,2005-08-18,3
12.27,18.59,662,0.7,0.23,Shikarpur,12.86,1,Pakistan,25,DEBORAH WALKER,12.97,3,2,2,2,Jon Stephens,2,0.3333,2005-07-30,3
12.27,8.24,661,1.7,0.4,Hsichuh,7.5,1,Taiwan,348,ROGER QUINTANILLA,13.97,3,1,1,2,Jon Stephens,2,0.3333,2005-08-19,3
12.28,18.58,660,0.7,0.13,Ife,15.0,2,Nigeria,80,MARILYN ROSS,12.98,2,1,1,2,Jon Stephens,2,1.0,2005-07-07,2
12.28,18.6,659,0.7,0.2,Antofagasta,10.0,1,Chile,45,JANET PHILLIPS,12.98,2,1,1,1,Mike Hillyer,1,0.5,2005-07-27,2
12.31,8.4,658,1.66,0.37,Arlington,8.18,4,United States,305,RICHARD MCCRARY,13.97,3,2,2,2,Jon Stephens,2,0.6667,2005-08-02,3
12.32,19.52,657,0.67,0.17,Kansas City,12.0,1,United States,308,THOMAS GRIGSBY,12.98,2,1,1,1,Mike Hillyer,1,1.0,2005-07-07,2
12.32,19.53,656,0.66,0.2,Zanzibar,10.0,1,Tanzania,220,CHARLENE ALVAREZ,12.98,2,2,2,1,Mike Hillyer,1,1.0,2005-07-28,2
12.32,19.54,655,0.66,0.23,Lubumbashi,8.57,1,"Congo, The Democratic Republic of the",387,JESSE SCHILLING,12.98,2,2,2,1,Mike Hillyer,1,1.0,2005-07-12,2
12.32,8.41,652,1.66,0.53,Atinsk,3.75,1,Russian Federation,397,JIMMY SCHRADER,13.98,2,1,1,1,Mike Hillyer,1,1.0,2005-08-22,2
12.32,8.41,653,1.66,0.37,Batman,5.45,1,Turkey,172,BERNICE WILLIS,13.98,2,1,1,2,Jon Stephens,2,0.5,2005-08-18,2
12.32,8.41,654,1.66,0.37,Daugavpils,5.45,1,Latvia,347,RYAN SALISBURY,13.98,2,2,2,2,Jon Stephens,2,0.5,2005-08-18,2
12.35,20.55,649,0.63,0.17,Bilbays,12.0,1,Egypt,559,EVERETT BANDA,12.98,2,1,1,1,Mike Hillyer,1,1.0,2005-07-07,2
12.35,20.55,649,0.63,0.17,Chiayi,12.0,1,Taiwan,73,BEVERLY BROOKS,12.98,2,1,1,1,Mike Hillyer,1,0.5,2005-07-12,2
12.35,20.55,649,0.63,0.17,Halisahar,12.0,5,India,259,LENA JENSEN,12.98,2,2,2,1,Mike Hillyer,1,0.5,2005-07-28,2
12.35,20.58,648,0.63,0.27,Izumisano,7.5,2,Japan,391,CLARENCE GAMEZ,12.98,2,2,2,1,Mike Hillyer,1,0.5,2005-07-10,2
12.35,8.58,646,1.63,0.43,Skikda,4.62,1,Algeria,176,JUNE CARROLL,13.98,2,2,2,2,Jon Stephens,2,1.0,2005-08-19,2
12.35,8.58,647,1.63,0.37,Donostia-San Sebastin,5.45,2,Spain,293,MAE FLETCHER,13.98,2,1,1,1,Mike Hillyer,1,0.5,2005-08-22,2
12.36,21.64,645,0.6,0.1,Varanasi (Benares),40.0,8,India,123,SHANNON FREEMAN,12.96,4,2,2,1,Mike Hillyer,1,0.5,2005-07-28,4
12.36,8.75,644,1.6,0.43,Kingstown,9.23,1,Saint Vincent and the Grenadines,326,JOSE ANDREW,13.96,4,1,1,2,Jon Stephens,2,0.25,2005-08-02,4
12.37,21.68,643,0.6,0.17,Bellevue,18.0,2,United States,212,WILMA RICHARDS,12.97,3,2,2,2,Jon Stephens,2,0.6667,2005-08-18,3
12.37,8.75,641,1.6,0.43,Iwatsuki,6.92,4,Japan,396,EARL SHANKS,13.97,3,2,2,2,Jon Stephens,2,0.6667,2005-08-21,3
12.37,8.75,642,1.6,0.33,Osmaniye,9.0,1,Turkey,13,KAREN JACKSON,13.97,3,1,1,1,Mike Hillyer,1,0.3333,2005-07-31,3
12.38,21.69,640,0.6,0.17,Jamalpur,12.0,2,Bangladesh,329,FRANK WAGGONER,12.98,2,2,2,2,Jon Stephens,2,1.0,2005-07-28,2
12.38,21.72,639,0.6,0.23,Kumbakonam,8.57,4,India,271,PENNY NEAL,12.98,2,2,2,2,Jon Stephens,2,1.0,2005-07-31,2
12.38,8.76,636,1.6,0.47,Changzhou,4.29,4,China,197,SUE PETERS,13.98,2,2,2,1,Mike Hillyer,1,1.0,2005-08-20,2
12.38,8.76,637,1.6,0.37,Brockton,5.45,2,United States,149,VALERIE BLACK,13.98,2,1,1,1,Mike Hillyer,1,0.5,2005-07-09,2
12.38,8.76,637,1.6,0.37,Ourense (Orense),5.45,1,Spain,469,WESLEY BULL,13.98,2,1,1,2,Jon Stephens,2,1.0,2005-07-27,2
12.39,5.77,635,2.59,0.53,Probolinggo,3.75,2,Indonesia,372,STEVE MACKENZIE,14.98,2,1,1,2,Jon Stephens,2,1.0,2005-08-02,2
12.41,22.96,634,0.57,0.13,Gorontalo,15.0,2,Indonesia,203,TARA RYAN,12.98,2,1,1,1,Mike Hillyer,1,0.5,2005-07-29,2
12.42,22.97,633,0.57,0.17,Ede,12.0,1,Netherlands,341,PETER MENARD,12.98,2,1,1,1,Mike Hillyer,1,1.0,2005-07-29,2
12.42,8.94,632,1.56,0.33,Apeldoorn,6.0,1,Netherlands,137,RHONDA KENNEDY,13.98,2,1,1,1,Mike Hillyer,1,0.5,2005-07-28,2
12.44,24.39,631,0.53,0.17,Chisinau,18.0,1,Moldova,38,MARTHA GONZALEZ,12.97,3,2,2,1,Mike Hillyer,1,0.6667,2005-07-07,3
12.44,9.13,629,1.53,0.4,Brindisi,7.5,1,Italy,499,MARC OUTLAW,13.97,3,1,1,1,Mike Hillyer,1,1.0,2005-08-18,3
12.44,9.13,630,1.53,0.27,La Plata,11.25,1,Argentina,89,JULIA FLORES,13.97,3,2,2,1,Mike Hillyer,1,0.6667,2005-07-09,3
12.44,9.14,628,1.53,0.53,Daxian,5.63,7,China,64,JUDITH COX,13.97,3,1,1,1,Mike Hillyer,1,1.0,2005-07-31,3
12.45,24.37,627,0.53,0.07,Jaroslavl,30.0,2,Russian Federation,222,DELORES HANSEN,12.98,2,2,2,1,Mike Hillyer,1,1.0,2005-07-09,2
12.45,24.43,626,0.53,0.2,Matamoros,10.0,2,Mexico,177,SAMANTHA DUNCAN,12.98,2,2,2,1,Mike Hillyer,1,0.5,2005-07-11,2
12.45,9.14,624,1.53,0.4,Belm,5.0,1,Brazil,362,NICHOLAS BARFIELD,13.98,2,2,2,2,Jon Stephens,2,1.0,2005-08-20,2
12.45,9.14,625,1.53,0.4,Allappuzha (Alleppey),5.0,6,India,175,ANNETTE OLSON,13.98,2,1,1,2,Jon Stephens,2,1.0,2005-08-20,2
12.47,9.34,623,1.5,0.4,Garden Grove,7.5,4,United States,593,RENE MCALISTER,13.97,3,2,2,1,Mike Hillyer,1,1.0,2005-08-01,3
12.49,27.85,622,0.47,0.13,Aden,30.0,1,Yemen,210,ELLA OLIVER,12.96,4,2,2,2,Jon Stephens,2,0.5,2005-07-07,4
12.5,27.87,620,0.47,0.13,Yangor,22.5,1,Nauru,513,DUANE TUBBS,12.97,3,1,1,2,Jon Stephens,2,0.0,2005-07-07,3
12.5,27.89,621,0.46,0.2,Vilnius,20.0,1,Lithuania,557,FELIX GAFFNEY,12.96,4,2,2,2,Jon Stephens,2,0.75,2005-07-30,4
12.51,27.89,619,0.47,0.17,Bandar Seri Begawan,18.0,1,Brunei,91,LOIS BUTLER,12.97,3,2,2,1,Mike Hillyer,1,0.0,2005-07-07,3
12.52,27.91,617,0.47,0.17,Kermanshah,12.0,4,Iran,377,HOWARD FORTNER,12.98,2,2,2,2,Jon Stephens,2,1.0,2005-07-28,2
12.52,27.91,618,0.47,0.17,Valencia,12.0,1,Venezuela,539,MATHEW BOLIN,12.98,2,1,1,2,Jon Stephens,2,1.0,2005-07-09,2
12.52,27.93,616,0.46,0.2,Wroclaw,10.0,1,Poland,558,JIMMIE EGGLESTON,12.98,2,1,1,2,Jon Stephens,2,1.0,2005-08-17,2
12.52,9.56,615,1.46,0.37,Lhokseumawe,5.45,1,Indonesia,473,JORGE OLIVARES,13.98,2,2,2,2,Jon Stephens,2,0.5,2005-07-30,2
12.53,9.77,613,1.43,0.47,Katihar,8.57,3,India,419,CHAD CARBONE,13.96,4,2,2,1,Mike Hillyer,1,0.0,2005-08-02,4
12.53,9.77,614,1.43,0.4,Bratislava,10.0,1,Slovakia,357,KEITH RICO,13.96,4,2,2,2,Jon Stephens,2,0.25,2005-08-01,4
12.54,9.76,612,1.43,0.27,Vancouver,11.25,1,Canada,436,TROY QUIGLEY,13.97,3,2,2,2,Jon Stephens,2,0.6667,2005-08-17,3
12.54,9.78,611,1.43,0.43,Tanza,6.92,1,Philippines,236,MARCIA DEAN,13.97,3,2,2,2,Jon Stephens,2,1.0,2005-07-28,3
12.55,30.02,610,0.43,0.1,Mosul,20.0,1,Iraq,579,DARYL LARUE,12.98,2,1,1,1,Mike Hillyer,1,0.5,2005-07-08,2
12.55,9.77,608,1.43,0.3,Coatzacoalcos,6.67,2,Mexico,482,MAURICE CRAWLEY,13.98,2,1,1,2,Jon Stephens,2,1.0,2005-07-12,2
12.55,9.77,608,1.43,0.3,Miraj,6.67,2,India,316,STEVEN CURLEY,13.98,2,2,2,1,Mike Hillyer,1,1.0,2005-07-10,2
12.55,9.78,607,1.43,0.37,Bhusawal,5.45,3,India,202,CARLA GUTIERREZ,13.98,2,2,2,1,Mike Hillyer,1,1.0,2005-08-19,2
12.57,4.7,606,3.39,0.7,Saint-Denis,5.71,1,Runion,148,ELEANOR HUNT,15.96,4,2,2,2,Jon Stephens,2,0.5,2005-08-21,4
12.58,10.0,604,1.4,0.27,Kowloon and New Kowloon,7.5,1,Hong Kong,289,VIOLET RODRIQUEZ,13.98,2,2,2,2,Jon Stephens,2,0.5,2005-07-09,2
12.58,10.01,603,1.4,0.3,Grand Prairie,6.67,5,United States,118,KIM CRUZ,13.98,2,1,1,2,Jon Stephens,2,1.0,2005-08-21,2
12.58,32.53,605,0.4,0.1,Ocumare del Tuy,20.0,1,Venezuela,174,YVONNE WATKINS,12.98,2,2,2,1,Mike Hillyer,1,1.0,2005-07-29,2
12.61,10.24,602,1.36,0.27,Florencia,11.25,1,Colombia,460,LEON BOSTIC,13.97,3,2,2,1,Mike Hillyer,1,0.6667,2005-08-19,3
12.61,6.34,601,2.36,0.47,Kolpino,6.43,1,Russian Federation,295,DAISY BATES,14.97,3,1,1,1,Mike Hillyer,1,0.6667,2005-08-21,3
12.62,10.26,600,1.36,0.47,Kurashiki,4.29,3,Japan,34,REBECCA SCOTT,13.98,2,2,2,2,Jon Stephens,2,1.0,2005-08-21,2
12.63,4.8,599,3.33,0.6,Memphis,6.67,2,United States,181,ANA BRADLEY,15.96,4,1,1,2,Jon Stephens,2,0.5,2005-08-19,4
12.64,38.99,598,0.33,0.07,Adoni,45.0,4,India,367,ADAM GOOCH,12.97,3,1,1,2,Jon Stephens,2,0.0,2005-07-10,3
12.65,10.51,596,1.33,0.33,Katihar,6.0,4,India,419,CHAD CARBONE,13.98,2,1,1,1,Mike Hillyer,1,1.0,2005-08-18,2
12.65,39.02,597,0.33,0.07,La Paz,30.0,1,Mexico,488,SHANE MILLARD,12.98,2,1,1,2,Jon Stephens,2,1.0,2005-07-07,2
12.66,10.77,595,1.3,0.37,Poos de Caldas,10.91,2,Brazil,254,MAXINE SILVA,13.96,4,2,2,2,Jon Stephens,2,0.25,2005-08-19,4
12.67,10.77,593,1.3,0.33,Johannesburg,9.0,1,South Africa,471,DEAN SAUER,13.97,3,2,2,2,Jon Stephens,2,0.3333,2005-08-21,3
12.67,10.77,594,1.3,0.3,Sivas,10.0,1,Turkey,518,GABRIEL HARDER,13.97,3,2,2,1,Mike Hillyer,1,1.0,2005-07-28,3
12.67,10.78,592,1.3,0.37,Laiwu,8.18,3,China,151,MEGAN PALMER,13.97,3,2,2,1,Mike Hillyer,1,0.3333,2005-08-22,3
12.68,43.36,591,0.3,0.07,al-Qatif,30.0,1,Saudi Arabia,417,TRAVIS ESTEP,12.98,2,1,1,1,Mike Hillyer,1,0.5,2005-07-07,2
12.71,11.06,590,1.26,0.33,Kamjanets-Podilskyi,9.0,1,Ukraine,386,TODD TAN,13.97,3,2,2,2,Jon Stephens,2,0.6667,2005-08-20,3
12.72,11.06,589,1.26,0.27,London,7.5,1,United Kingdom,512,CECIL VINES,13.98,2,1,1,2,Jon Stephens,2,1.0,2005-08-19,2
12.74,11.35,588,1.23,0.3,Jalib al-Shuyukh,10.0,1,Kuwait,234,CLAUDIA FULLER,13.97,3,2,2,2,Jon Stephens,2,0.3333,2005-08-19,3
12.74,11.36,587,1.23,0.33,Dadu,9.0,1,Pakistan,416,JEFFERY PINSON,13.97,3,1,1,1,Mike Hillyer,1,1.0,2005-08-01,3
12.74,6.72,586,2.23,0.43,Richmond Hill,6.92,1,Canada,410,CURTIS IRBY,14.97,3,2,2,2,Jon Stephens,2,0.6667,2005-08-20,3
12.75,11.36,584,1.23,0.23,Smolensk,8.57,4,Russian Federation,127,ELAINE STEVENS,13.98,2,1,1,1,Mike Hillyer,1,1.0,2005-08-01,2
12.75,11.37,583,1.23,0.33,Trshavn,6.0,1,Faroe Islands,317,EDWARD BAUGH,13.98,2,2,2,1,Mike Hillyer,1,0.5,2005-07-31,2
12.75,55.79,585,0.23,0.07,al-Hawiya,30.0,1,Saudi Arabia,70,CHRISTINA RAMIREZ,12.98,2,1,1,2,Jon Stephens,2,0.5,2005-07-27,2
12.76,6.81,582,2.2,0.5,Changhwa,10.0,1,Taiwan,75,TAMMY SANDERS,14.95,5,2,2,1,Mike Hillyer,1,0.6,2005-08-18,5
12.77,11.67,581,1.2,0.3,Jinchang,10.0,3,China,168,REGINA BERRY,13.97,3,1,1,1,Mike Hillyer,1,0.6667,2005-08-17,3
12.78,11.68,580,1.2,0.3,Nuuk,6.67,1,Greenland,207,GERTRUDE CASTILLO,13.98,2,2,2,2,Jon Stephens,2,1.0,2005-08-17,2
12.81,12.01,579,1.16,0.3,Mannheim,10.0,1,Germany,196,ALMA AUSTIN,13.97,3,1,1,2,Jon Stephens,2,1.0,2005-07-09,3
12.81,6.93,578,2.16,0.5,Bhopal,6.0,5,India,15,HELEN HARRIS,14.97,3,2,2,2,Jon Stephens,2,0.6667,2005-08-20,3
12.82,12.01,576,1.16,0.3,Mwanza,6.67,1,Tanzania,481,HERMAN DEVORE,13.98,2,2,2,2,Jon Stephens,2,1.0,2005-07-29,2
12.82,12.01,577,1.16,0.23,Haining,8.57,6,China,552,HUGH WALDROP,13.98,2,2,2,1,Mike Hillyer,1,0.5,2005-07-30,2
12.82,12.02,575,1.16,0.33,Wroclaw,6.0,1,Poland,558,JIMMIE EGGLESTON,13.98,2,2,2,1,Mike Hillyer,1,1.0,2005-08-21,2
12.83,12.35,574,1.13,0.3,Uluberia,13.33,2,India,446,THEODORE CULP,13.96,4,2,2,1,Mike Hillyer,1,1.0,2005-07-12,4
12.84,12.35,573,1.13,0.23,Naju,12.86,2,South Korea,237,TANYA GILBERT,13.97,3,2,2,1,Mike Hillyer,1,0.6667,2005-07-29,3
12.84,12.36,572,1.13,0.27,Tuguegarao,11.25,1,Philippines,261,DEANNA BYRD,13.97,3,2,2,1,Mike Hillyer,1,0.3333,2005-08-20,3
12.85,97.59,571,0.13,0.03,Nuuk,60.0,1,Greenland,207,GERTRUDE CASTILLO,12.98,2,1,1,2,Jon Stephens,2,1.0,2005-07-06,2
12.85,97.84,570,0.13,0.07,Matsue,30.0,1,Japan,355,TERRY GRISSOM,12.98,2,1,1,1,Mike Hillyer,1,1.0,2005-07-06,2
12.86,12.72,569,1.1,0.23,Taguig,17.14,2,Philippines,72,THERESA WATSON,13.96,4,2,2,2,Jon Stephens,2,0.5,2005-08-17,4
12.86,12.73,568,1.1,0.33,Malm,12.0,1,Sweden,66,JANICE WARD,13.96,4,2,2,2,Jon Stephens,2,0.25,2005-08-21,4
12.87,12.73,563,1.1,0.3,Balikesir,10.0,2,Turkey,366,BRANDON HUEY,13.97,3,2,2,1,Mike Hillyer,1,1.0,2005-07-12,3
12.87,12.73,564,1.1,0.27,Urawa,11.25,1,Japan,147,JOANNE ROBERTSON,13.97,3,1,1,2,Jon Stephens,2,1.0,2005-08-20,3
12.87,12.73,565,1.1,0.27,Binzhou,11.25,3,China,533,JESSIE MILAM,13.97,3,1,1,2,Jon Stephens,2,0.3333,2005-07-12,3
12.87,12.73,566,1.1,0.23,Bamenda,12.86,1,Cameroon,352,ALBERT CROUSE,13.97,3,2,2,2,Jon Stephens,2,0.6667,2005-08-17,3
12.87,12.74,562,1.1,0.37,Ljubertsy,8.18,2,Russian Federation,160,ERIN DUNN,13.97,3,1,1,2,Jon Stephens,2,0.3333,2005-08-02,3
12.87,130.13,567,0.1,0.03,Lausanne,90.0,1,Switzerland,598,WADE DELVALLE,12.97,3,2,2,1,Mike Hillyer,1,0.3333,2005-07-06,3
12.9,7.26,561,2.06,0.47,Hidalgo,8.57,1,Mexico,150,DANIELLE DANIELS,14.96,4,2,2,1,Mike Hillyer,1,0.5,2005-08-21,4
12.91,13.12,560,1.06,0.2,Salinas,15.0,1,United States,269,CASSANDRA WALTERS,13.97,3,2,2,2,Jon Stephens,2,0.6667,2005-07-12,3
12.91,13.14,559,1.06,0.33,San Miguel de Tucumn,9.0,1,Argentina,243,LYDIA BURKE,13.97,3,1,1,2,Jon Stephens,2,0.3333,2005-07-31,3
12.92,13.13,558,1.06,0.23,Angra dos Reis,8.57,2,Brazil,307,JOSEPH JOY,13.98,2,1,1,1,Mike Hillyer,1,1.0,2005-07-27,2
12.92,13.14,554,1.06,0.3,Sawhaj,6.67,2,Egypt,423,ALFRED CASILLAS,13.98,2,2,2,2,Jon Stephens,2,1.0,2005-07-28,2
12.92,13.14,555,1.06,0.3,Cabuyao,6.67,3,Philippines,371,BILLY POULIN,13.98,2,1,1,1,Mike Hillyer,1,0.5,2005-07-30,2
12.92,13.14,556,1.06,0.27,Changzhou,7.5,1,China,197,SUE PETERS,13.98,2,2,2,2,Jon Stephens,2,0.5,2005-07-08,2
12.92,13.14,557,1.06,0.27,Konotop,7.5,2,Ukraine,545,JULIO NOLAND,13.98,2,2,2,2,Jon Stephens,2,0.5,2005-08-18,2
12.92,7.27,553,2.06,0.5,Bergamo,4.0,2,Italy,439,ALEXANDER FENNELL,14.98,2,1,1,2,Jon Stephens,2,0.5,2005-08-22,2
12.93,13.54,552,1.03,0.27,Weifang,15.0,2,China,588,MARION OCAMPO,13.96,4,2,2,1,Mike Hillyer,1,0.5,2005-07-29,4
12.94,13.55,550,1.03,0.23,Balaiha,12.86,2,Russian Federation,55,DORIS REED,13.97,3,2,2,1,Mike Hillyer,1,0.6667,2005-08-19,3
12.94,13.55,551,1.03,0.23,Jaroslavl,12.86,2,Russian Federation,222,DELORES HANSEN,13.97,3,2,2,1,Mike Hillyer,1,0.6667,2005-07-29,3
12.95,13.56,546,1.03,0.27,Arlington,7.5,2,United States,305,RICHARD MCCRARY,13.98,2,2,2,1,Mike Hillyer,1,0.5,2005-07-10,2
12.95,13.56,547,1.03,0.23,Maracabo,8.57,1,Venezuela,453,CALVIN MARTEL,13.98,2,1,1,2,Jon Stephens,2,1.0,2005-07-30,2
12.95,13.56,548,1.03,0.23,Idfu,8.57,2,Egypt,233,LILLIE KIM,13.98,2,2,2,2,Jon Stephens,2,0.5,2005-07-27,2
12.95,13.57,545,1.03,0.33,Garden Grove,6.0,6,United States,593,RENE MCALISTER,13.98,2,2,2,1,Mike Hillyer,1,1.0,2005-07-30,2
12.95,393.33,549,0.03,0.03,Uttarpara-Kotrung,60.0,2,India,231,GEORGIA JACOBS,12.98,2,2,2,1,Mike Hillyer,1,0.5,2005-07-06,2
12.96,7.5,544,2.0,0.47,Shubra al-Khayma,8.57,1,Egypt,119,SHERRY MARSHALL,14.96,4,1,1,2,Jon Stephens,2,0.5,2005-08-21,4
12.97,14.01,543,1.0,0.27,Dongying,11.25,5,China,466,LEO EBERT,13.97,3,1,1,1,Mike Hillyer,1,0.3333,2005-08-20,3
13.01,14.49,542,0.96,0.23,Ruse,12.86,1,Bulgaria,540,TYRONE ASHER,13.97,3,2,2,2,Jon Stephens,2,0.3333,2005-07-11,3
13.01,14.5,541,0.96,0.33,Bilbays,9.0,1,Egypt,559,EVERETT BANDA,13.97,3,2,2,2,Jon Stephens,2,1.0,2005-08-19,3
13.01,7.63,540,1.96,0.47,Sorocaba,6.43,4,Brazil,314,GEORGE LINTON,14.97,3,2,2,2,Jon Stephens,2,0.3333,2005-08-21,3
13.02,14.5,539,0.96,0.23,Sokoto,8.57,2,Nigeria,562,WALLACE SLONE,13.98,2,1,1,2,Jon Stephens,2,1.0,2005-08-19,2
13.02,14.51,538,0.96,0.3,Jaipur,6.67,2,India,60,MILDRED BAILEY,13.98,2,1,1,1,Mike Hillyer,1,0.5,2005-08-02,2
13.04,14.99,537,0.93,0.17,Battambang,18.0,1,Cambodia,516,ELMER NOE,13.97,3,1,1,2,Jon Stephens,2,0.6667,2005-07-29,3
13.05,15.01,536,0.93,0.17,Purwakarta,12.0,1,Indonesia,524,JARED ELY,13.98,2,2,2,1,Mike Hillyer,1,0.5,2005-07-27,2
13.07,15.56,535,0.9,0.2,Uttarpara-Kotrung,15.0,6,India,231,GEORGIA JACOBS,13.97,3,2,2,1,Mike Hillyer,1,0.6667,2005-08-18,3
13.07,15.57,534,0.9,0.27,Nador,11.25,1,Morocco,40,AMANDA CARTER,13.97,3,2,2,1,Mike Hillyer,1,0.6667,2005-07-31,3
13.07,7.9,533,1.9,0.47,Uluberia,6.43,3,India,446,THEODORE CULP,14.97,3,2,2,1,Mike Hillyer,1,0.6667,2005-07-30,3
13.08,15.57,532,0.9,0.23,Battambang,8.57,1,Cambodia,516,ELMER NOE,13.98,2,2,2,1,Mike Hillyer,1,1.0,2005-07-12,2
13.08,15.58,531,0.9,0.27,Dzerzinsk,7.5,2,Russian Federation,430,RAY HOULE,13.98,2,2,2,1,Mike Hillyer,1,1.0,2005-07-10,2
13.09,8.03,530,1.86,0.5,Liaocheng,10.0,4,China,129,CARRIE PORTER,14.95,5,2,2,2,Jon Stephens,2,0.6,2005-08-01,5
13.1,16.14,529,0.86,0.17,Skikda,24.0,1,Algeria,176,JUNE CARROLL,13.96,4,2,2,2,Jon Stephens,2,0.0,2005-07-27,4
13.11,16.16,527,0.86,0.23,Amroha,12.86,4,India,534,CHRISTIAN JUNG,13.97,3,2,2,1,Mike Hillyer,1,0.6667,2005-08-01,3
13.11,16.16,528,0.86,0.2,Kingstown,15.0,1,Saint Vincent and the Grenadines,326,JOSE ANDREW,13.97,3,2,2,2,Jon Stephens,2,0.3333,2005-07-29,3
13.12,16.16,526,0.87,0.17,Okayama,12.0,3,Japan,489,RICARDO MEADOR,13.98,2,2,2,2,Jon Stephens,2,1.0,2005-08-18,2
13.12,8.04,525,1.86,0.4,Qinhuangdao,5.0,1,China,242,GLENDA FRAZIER,14.98,2,1,1,1,Mike Hillyer,1,0.5,2005-08-19,2
13.12,8.05,524,1.86,0.5,Ife,4.0,2,Nigeria,80,MARILYN ROSS,14.98,2,1,1,1,Mike Hillyer,1,1.0,2005-08-23,2
13.13,16.79,523,0.83,0.2,Brindisi,20.0,1,Italy,499,MARC OUTLAW,13.96,4,2,2,2,Jon Stephens,2,0.5,2005-07-28,4
13.14,16.8,522,0.83,0.2,Hiroshima,15.0,1,Japan,299,JAMES GANNON,13.97,3,1,1,1,Mike Hillyer,1,0.6667,2005-08-17,3
13.15,16.82,520,0.83,0.23,Emeishan,8.57,1,China,389,ALAN KAHN,13.98,2,2,2,2,Jon Stephens,2,0.5,2005-07-28,2
13.15,16.82,521,0.83,0.23,Caracas,8.57,1,Venezuela,111,CARMEN OWENS,13.98,2,2,2,2,Jon Stephens,2,1.0,2005-07-06,2
13.15,16.83,519,0.83,0.27,Johannesburg,7.5,2,South Africa,471,DEAN SAUER,13.98,2,1,1,1,Mike Hillyer,1,1.0,2005-08-20,2
13.16,17.49,518,0.8,0.17,Monywa,24.0,1,Myanmar,256,MABEL HOLLAND,13.96,4,2,2,2,Jon Stephens,2,0.25,2005-08-20,4
13.18,17.52,517,0.8,0.2,Cuman,10.0,1,Venezuela,113,CINDY FISHER,13.98,2,2,2,1,Mike Hillyer,1,1.0,2005-08-17,2
13.18,8.34,516,1.8,0.37,Akron,5.45,5,United States,479,ZACHARY HITE,14.98,2,1,1,1,Mike Hillyer,1,1.0,2005-07-30,2
13.2,18.25,515,0.77,0.17,Tokat,24.0,2,Turkey,566,CASEY MENA,13.96,4,2,2,1,Mike Hillyer,1,0.25,2005-07-28,4
13.2,8.49,513,1.76,0.43,Satna,9.23,2,India,356,GERALD FULTZ,14.96,4,2,2,2,Jon Stephens,2,0.25,2005-08-19,4
13.2,8.49,514,1.76,0.4,Laohekou,10.0,2,China,422,MELVIN ELLINGTON,14.96,4,2,2,2,Jon Stephens,2,0.5,2005-08-22,4
13.21,18.26,512,0.77,0.17,Baiyin,18.0,1,China,495,CHARLIE BESS,13.97,3,1,1,1,Mike Hillyer,1,1.0,2005-07-29,3
13.21,18.28,511,0.76,0.23,Abu Dhabi,12.86,1,United Arab Emirates,452,TOM MILNER,13.97,3,2,2,2,Jon Stephens,2,1.0,2005-07-06,3
13.21,8.49,510,1.76,0.33,Siliguri (Shiliguri),9.0,4,India,502,BRETT CORNWELL,14.97,3,2,2,2,Jon Stephens,2,0.3333,2005-07-28,3
13.21,8.5,508,1.76,0.6,Greensboro,5.0,1,United States,158,VERONICA STONE,14.97,3,1,1,1,Mike Hillyer,1,0.6667,2005-08-23,3
13.21,8.5,509,1.76,0.47,Rae Bareli,6.43,2,India,78,LORI WOOD,14.97,3,2,2,1,Mike Hillyer,1,0.6667,2005-08-01,3
13.22,8.5,507,1.76,0.33,Otsu,6.0,1,Japan,285,MIRIAM MCKINNEY,14.98,2,1,1,1,Mike Hillyer,1,0.5,2005-07-28,2
13.24,19.1,506,0.73,0.2,Pune,15.0,6,India,135,JUANITA MASON,13.97,3,2,2,1,Mike Hillyer,1,0.3333,2005-07-27,3
13.24,8.65,505,1.73,0.37,Santa Brbara dOeste,8.18,3,Brazil,178,MARION SNYDER,14.97,3,2,2,2,Jon Stephens,2,1.0,2005-07-29,3
13.25,19.1,504,0.73,0.13,Kalisz,15.0,2,Poland,270,LEAH CURTIS,13.98,2,1,1,1,Mike Hillyer,1,1.0,2005-07-06,2
13.25,19.11,503,0.73,0.17,Ziguinchor,12.0,1,Senegal,456,RONNIE RICKETTS,13.98,2,1,1,1,Mike Hillyer,1,0.5,2005-08-19,2
13.26,8.82,502,1.7,0.37,Mahajanga,10.91,1,Madagascar,81,ANDREA HENDERSON,14.96,4,2,2,2,Jon Stephens,2,0.25,2005-08-23,4
13.27,20.03,500,0.7,0.27,Luzinia,11.25,1,Brazil,183,IDA ANDREWS,13.97,3,2,2,2,Jon Stephens,2,0.3333,2005-07-31,3
13.27,5.92,501,2.69,0.6,Ourense (Orense),6.67,1,Spain,469,WESLEY BULL,15.96,4,1,1,1,Mike Hillyer,1,0.75,2005-08-01,4
13.27,8.83,499,1.7,0.43,Syrakusa,6.92,1,Italy,221,BESSIE MORRISON,14.97,3,2,2,1,Mike Hillyer,1,1.0,2005-08-21,3
13.31,6.0,498,2.66,0.6,Zhoushan,5.0,3,China,550,GUY BROWNLEE,15.97,3,2,2,2,Jon Stephens,2,0.6667,2005-08-23,3
13.32,9.01,496,1.66,0.43,Bhopal,4.62,1,India,15,HELEN HARRIS,14.98,2,2,2,1,Mike Hillyer,1,1.0,2005-08-19,2
13.32,9.01,497,1.66,0.4,Pudukkottai,5.0,4,India,421,LEE HAWKS,14.98,2,2,2,1,Mike Hillyer,1,0.5,2005-08-20,2
13.33,22.11,495,0.63,0.2,Emmen,20.0,2,Netherlands,474,DUSTIN GILLETTE,13.96,4,2,2,1,Mike Hillyer,1,0.75,2005-08-18,4
13.34,22.13,494,0.63,0.2,Vitria de Santo Anto,15.0,3,Brazil,374,JEREMY HURTADO,13.97,3,2,2,2,Jon Stephens,2,0.6667,2005-07-10,3
13.34,9.18,493,1.63,0.3,Haining,10.0,2,China,552,HUGH WALDROP,14.97,3,2,2,2,Jon Stephens,2,0.6667,2005-08-02,3
13.35,22.16,492,0.63,0.23,Kamarhati,8.57,2,India,31,BRENDA WRIGHT,13.98,2,1,1,2,Jon Stephens,2,1.0,2005-08-23,2
13.36,23.33,491,0.6,0.17,Asuncin,24.0,2,Paraguay,226,MAUREEN LITTLE,13.96,4,2,2,2,Jon Stephens,2,0.5,2005-08-21,4
13.38,6.16,489,2.59,0.57,Santa Brbara dOeste,5.29,3,Brazil,178,MARION SNYDER,15.97,3,2,2,2,Jon Stephens,2,0.6667,2005-08-21,3
13.38,9.38,486,1.6,0.37,York,5.45,2,United Kingdom,497,GILBERT SLEDGE,14.98,2,2,2,1,Mike Hillyer,1,1.0,2005-07-30,2
13.38,9.38,487,1.6,0.33,Aden,6.0,1,Yemen,210,ELLA OLIVER,14.98,2,2,2,2,Jon Stephens,2,1.0,2005-08-21,2
13.38,9.38,488,1.6,0.33,Onomichi,6.0,2,Japan,337,JERRY JORDON,14.98,2,1,1,2,Jon Stephens,2,1.0,2005-07-30,2
13.38,9.39,490,1.6,0.5,Hohhot,6.0,3,China,138,HAZEL WARREN,14.97,3,2,2,1,Mike Hillyer,1,0.6667,2005-08-01,3
13.4,24.71,485,0.57,0.13,Sirjan,22.5,3,Iran,449,OSCAR AQUINO,13.97,3,1,1,2,Jon Stephens,2,0.6667,2005-07-28,3
13.41,9.58,484,1.56,0.4,Jaffna,7.5,1,Sri Lanka,408,MANUEL MURRELL,14.97,3,2,2,1,Mike Hillyer,1,0.6667,2005-08-20,3
13.42,9.58,483,1.56,0.37,Lengshuijiang,5.45,1,China,267,MARGIE WADE,14.98,2,2,2,2,Jon Stephens,2,0.5,2005-08-19,2
13.43,26.24,482,0.53,0.13,Zaoyang,30.0,1,China,514,FRANKLIN TROUTMAN,13.96,4,2,2,1,Mike Hillyer,1,0.25,2005-08-18,4
13.44,9.79,481,1.53,0.4,Hunuco,7.5,2,Peru,565,JAIME NETTLES,14.97,3,2,2,1,Mike Hillyer,1,1.0,2005-08-02,3
13.47,10.0,479,1.5,0.3,Liepaja,10.0,1,Latvia,23,SARAH LEWIS,14.97,3,1,1,2,Jon Stephens,2,0.6667,2005-08-19,3
13.47,28.0,480,0.5,0.1,Novoterkassk,30.0,2,Russian Federation,191,JEANETTE GREENE,13.97,3,1,1,1,Mike Hillyer,1,0.6667,2005-07-27,3
13.47,6.4,478,2.5,0.47,Santa Brbara dOeste,6.43,2,Brazil,178,MARION SNYDER,15.97,3,2,2,2,Jon Stephens,2,0.6667,2005-07-12,3
13.48,6.4,477,2.49,0.6,Shubra al-Khayma,5.0,1,Egypt,119,SHERRY MARSHALL,15.97,3,2,2,2,Jon Stephens,2,0.6667,2005-08-22,3
13.49,29.98,476,0.47,0.1,Cheju,40.0,1,South Korea,88,BONNIE HUGHES,13.96,4,2,2,1,Mike Hillyer,1,0.5,2005-07-06,4
13.5,10.22,475,1.46,0.33,Balikesir,12.0,2,Turkey,366,BRANDON HUEY,14.96,4,2,2,2,Jon Stephens,2,0.75,2005-07-27,4
13.5,30.02,474,0.47,0.13,Meixian,22.5,4,China,90,RUBY WASHINGTON,13.97,3,2,2,1,Mike Hillyer,1,1.0,2005-07-27,3
13.51,10.23,473,1.46,0.33,Santiago de los Caballeros,9.0,1,Dominican Republic,258,MYRTLE FLEMING,14.97,3,2,2,2,Jon Stephens,2,0.6667,2005-08-20,3
13.51,30.0,472,0.47,0.07,Lublin,30.0,2,Poland,501,RUBEN GEARY,13.98,2,1,1,2,Jon Stephens,2,1.0,2005-07-06,2
13.52,10.24,470,1.46,0.37,Papeete,5.45,1,French Polynesia,56,GLORIA COOK,14.98,2,2,2,1,Mike Hillyer,1,1.0,2005-08-20,2
13.52,30.11,471,0.46,0.23,Laredo,8.57,3,United States,6,JENNIFER DAVIS,13.98,2,2,2,1,Mike Hillyer,1,1.0,2005-07-11,2
13.53,10.46,469,1.43,0.33,Portoviejo,12.0,1,Ecuador,262,PATSY DAVIDSON,14.96,4,2,2,1,Mike Hillyer,1,0.25,2005-08-23,4
13.54,10.47,467,1.43,0.3,Ahmadnagar,10.0,1,India,297,SHERRI RHODES,14.97,3,2,2,1,Mike Hillyer,1,0.3333,2005-07-11,3
13.54,32.31,468,0.43,0.1,Tabora,30.0,1,Tanzania,190,YOLANDA WEAVER,13.97,3,2,2,2,Jon Stephens,2,0.3333,2005-07-27,3
13.55,10.47,466,1.43,0.3,Syrakusa,6.67,1,Italy,221,BESSIE MORRISON,14.98,2,1,1,1,Mike Hillyer,1,1.0,2005-07-30,2
13.56,10.71,465,1.4,0.33,Kanazawa,12.0,3,Japan,547,KURT EMMONS,14.96,4,2,2,2,Jon Stephens,2,0.25,2005-08-02,4
13.57,10.71,463,1.4,0.23,Nam Dinh,12.86,1,Vietnam,472,GREG ROBINS,14.97,3,2,2,1,Mike Hillyer,1,0.6667,2005-08-21,3
13.57,10.72,461,1.4,0.4,Alvorada,7.5,2,Brazil,551,CLAYTON BARBEE,14.97,3,2,2,2,Jon Stephens,2,1.0,2005-08-22,3
13.57,10.72,462,1.4,0.37,Tanauan,8.18,2,Philippines,373,LOUIS LEONE,14.97,3,2,2,2,Jon Stephens,2,0.3333,2005-07-30,3
13.57,35.01,464,0.4,0.1,Avellaneda,30.0,2,Argentina,560,JORDAN ARCHULETA,13.97,3,2,2,1,Mike Hillyer,1,0.3333,2005-07-07,3
13.58,10.73,460,1.4,0.37,Boksburg,5.45,1,South Africa,125,ETHEL WEBB,14.98,2,1,1,1,Mike Hillyer,1,0.5,2005-07-30,2
13.6,10.97,459,1.36,0.27,Jinzhou,15.0,2,China,595,TERRENCE GUNDERSON,14.96,4,2,2,2,Jon Stephens,2,0.75,2005-07-27,4
13.61,10.98,458,1.36,0.33,Jastrzebie-Zdrj,9.0,1,Poland,128,MARJORIE TUCKER,14.97,3,2,2,1,Mike Hillyer,1,0.6667,2005-07-30,3
13.61,6.76,457,2.36,0.43,Wroclaw,6.92,2,Poland,558,JIMMIE EGGLESTON,15.97,3,2,2,1,Mike Hillyer,1,0.3333,2005-07-12,3
13.64,11.25,455,1.33,0.23,Fuyu,12.86,1,China,211,STACEY MONTGOMERY,14.97,3,2,2,2,Jon Stephens,2,1.0,2005-07-10,3
13.64,11.26,454,1.33,0.33,Zaria,9.0,1,Nigeria,232,CONSTANCE REID,14.97,3,1,1,2,Jon Stephens,2,0.3333,2005-07-30,3
13.64,42.08,456,0.33,0.13,Daxian,22.5,2,China,64,JUDITH COX,13.97,3,2,2,2,Jon Stephens,2,1.0,2005-07-08,3
13.65,6.86,453,2.33,0.47,Emeishan,4.29,2,China,389,ALAN KAHN,15.98,2,2,2,2,Jon Stephens,2,1.0,2005-08-23,2
13.66,11.54,452,1.3,0.33,Ondo,12.0,2,Nigeria,156,BERTHA FERGUSON,14.96,4,2,2,1,Mike Hillyer,1,0.5,2005-08-22,4
13.67,46.72,451,0.3,0.1,Citrus Heights,30.0,3,United States,14,BETTY WHITE,13.97,3,2,2,1,Mike Hillyer,1,0.6667,2005-07-09,3
13.68,46.76,450,0.3,0.1,Kabul,20.0,1,Afghanistan,218,VERA MCCOY,13.98,2,2,2,1,Mike Hillyer,1,0.5,2005-07-27,2
13.7,11.83,449,1.26,0.2,Otsu,20.0,1,Japan,285,MIRIAM MCKINNEY,14.96,4,2,2,2,Jon Stephens,2,0.75,2005-07-11,4
13.7,7.06,448,2.26,0.57,Balikesir,7.06,2,Turkey,366,BRANDON HUEY,15.96,4,1,1,1,Mike Hillyer,1,0.25,2005-08-21,4
13.71,11.85,447,1.26,0.3,Malm,10.0,1,Sweden,66,JANICE WARD,14.97,3,2,2,2,Jon Stephens,2,0.6667,2005-07-07,3
13.71,7.06,446,2.26,0.43,Nyeri,6.92,2,Kenya,363,ROY WHITING,15.97,3,2,2,1,Mike Hillyer,1,1.0,2005-08-22,3
13.72,11.85,444,1.26,0.23,Mit Ghamr,8.57,1,Egypt,491,RICK MATTOX,14.98,2,2,2,1,Mike Hillyer,1,1.0,2005-07-28,2
13.72,11.85,445,1.26,0.2,Talavera,10.0,1,Philippines,505,RAFAEL ABNEY,14.98,2,1,1,2,Jon Stephens,2,0.5,2005-07-11,2
13.72,11.86,443,1.26,0.37,Pune,5.45,2,India,135,JUANITA MASON,14.98,2,2,2,1,Mike Hillyer,1,1.0,2005-07-30,2
13.73,12.15,442,1.23,0.23,Nanyang,17.14,3,China,37,PAMELA BAKER,14.96,4,2,2,1,Mike Hillyer,1,0.5,2005-08-20,4
13.73,12.16,441,1.23,0.3,Kamjanets-Podilskyi,13.33,1,Ukraine,386,TODD TAN,14.96,4,2,2,1,Mike Hillyer,1,0.25,2005-07-11,4
13.74,12.17,439,1.23,0.3,Taizz,10.0,1,Yemen,213,GINA WILLIAMSON,14.97,3,2,2,1,Mike Hillyer,1,0.3333,2005-07-30,3
13.74,60.13,440,0.23,0.1,Pavlodar,30.0,1,Kazakstan,76,IRENE PRICE,13.97,3,1,1,2,Jon Stephens,2,0.6667,2005-07-29,3
13.77,12.51,438,1.2,0.33,al-Qatif,9.0,2,Saudi Arabia,417,TRAVIS ESTEP,14.97,3,2,2,1,Mike Hillyer,1,0.6667,2005-08-21,3
13.78,12.51,435,1.2,0.27,Baha Blanca,7.5,1,Argentina,322,JASON MORRISSEY,14.98,2,2,2,2,Jon Stephens,2,0.5,2005-08-20,2
13.78,7.28,437,2.19,0.53,Molodetno,5.63,1,Belarus,144,CLARA SHAW,15.97,3,2,2,2,Jon Stephens,2,0.3333,2005-08-17,3
13.78,70.37,436,0.2,0.13,Parbhani,15.0,2,India,300,JOHN FARNSWORTH,13.98,2,2,2,1,Mike Hillyer,1,0.5,2005-07-10,2
13.8,84.33,434,0.17,0.1,Kurgan,30.0,1,Russian Federation,376,RANDY GAITHER,13.97,3,2,2,1,Mike Hillyer,1,0.6667,2005-07-07,3
13.81,7.39,433,2.16,0.5,Escobar,6.0,1,Argentina,445,MICHEAL FORMAN,15.97,3,1,1,1,Mike Hillyer,1,0.6667,2005-08-22,3
13.85,105.38,432,0.13,0.07,Xintai,30.0,3,China,564,BOB PFEIFFER,13.98,2,2,2,2,Jon Stephens,2,0.5,2005-07-27,2
13.85,7.51,431,2.13,0.57,Pjatigorsk,3.53,1,Russian Federation,487,HECTOR POINDEXTER,15.98,2,2,2,1,Mike Hillyer,1,1.0,2005-08-02,2
13.87,13.63,430,1.1,0.2,Benin City,15.0,1,Nigeria,284,SONIA GREGORY,14.97,3,2,2,1,Mike Hillyer,1,0.3333,2005-07-27,3
13.87,13.64,429,1.1,0.23,Bern,12.86,1,Switzerland,155,GAIL KNIGHT,14.97,3,2,2,1,Mike Hillyer,1,0.3333,2005-08-21,3
13.91,14.5,428,1.03,0.3,Atinsk,20.0,2,Russian Federation,397,JIMMY SCHRADER,14.94,6,2,2,1,Mike Hillyer,1,0.1667,2005-08-18,6
13.94,14.53,425,1.03,0.33,Pjatigorsk,9.0,4,Russian Federation,487,HECTOR POINDEXTER,14.97,3,2,2,1,Mike Hillyer,1,0.6667,2005-07-30,3
13.94,14.53,426,1.03,0.3,Baha Blanca,10.0,1,Argentina,322,JASON MORRISSEY,14.97,3,1,1,1,Mike Hillyer,1,1.0,2005-07-30,3
13.94,14.53,427,1.03,0.3,Brindisi,10.0,1,Italy,499,MARC OUTLAW,14.97,3,2,2,1,Mike Hillyer,1,0.3333,2005-08-17,3
13.95,14.53,424,1.03,0.23,Omiya,8.57,2,Japan,404,STANLEY SCROGGINS,14.98,2,1,1,1,Mike Hillyer,1,1.0,2005-08-18,2
13.97,15.0,423,1.0,0.2,Juazeiro do Norte,15.0,2,Brazil,47,FRANCES PARKER,14.97,3,2,2,1,Mike Hillyer,1,0.6667,2005-07-11,3
14.01,15.53,422,0.96,0.27,Ciparay,11.25,2,Indonesia,328,JEFFREY SPEAR,14.97,3,2,2,1,Mike Hillyer,1,0.6667,2005-08-20,3
14.01,8.14,421,1.96,0.57,Hanoi,5.29,1,Vietnam,340,PATRICK NEWSOM,15.97,3,2,2,1,Mike Hillyer,1,0.3333,2005-08-22,3
14.02,15.53,420,0.96,0.2,Pingxiang,10.0,2,China,169,ERICA MATTHEWS,14.98,2,1,1,2,Jon Stephens,2,0.5,2005-07-12,2
14.03,16.07,419,0.93,0.27,Leshan,15.0,3,China,569,DAVE GARDINER,14.96,4,2,2,1,Mike Hillyer,1,0.5,2005-08-02,4
14.04,16.07,418,0.93,0.17,Wroclaw,18.0,1,Poland,558,JIMMIE EGGLESTON,14.97,3,1,1,1,Mike Hillyer,1,0.6667,2005-07-06,3
14.04,16.09,417,0.93,0.27,Yuncheng,11.25,1,China,154,MICHELE GRANT,14.97,3,2,2,1,Mike Hillyer,1,0.3333,2005-07-27,3
14.06,16.66,416,0.9,0.2,Lausanne,20.0,1,Switzerland,598,WADE DELVALLE,14.96,4,2,2,2,Jon Stephens,2,1.0,2005-07-12,4
14.07,16.66,415,0.9,0.17,San Bernardino,18.0,2,United States,2,PATRICIA JOHNSON,14.97,3,2,2,2,Jon Stephens,2,0.6667,2005-07-29,3
14.07,16.67,414,0.9,0.2,Yinchuan,15.0,1,China,484,ROBERTO VU,14.97,3,2,2,2,Jon Stephens,2,0.6667,2005-07-10,3
14.07,16.7,413,0.9,0.37,Xiangfan,8.18,1,China,241,HEIDI LARSON,14.97,3,2,2,2,Jon Stephens,2,0.6667,2005-07-11,3
14.1,8.57,412,1.86,0.47,Boksburg,8.57,1,South Africa,125,ETHEL WEBB,15.96,4,1,1,1,Mike Hillyer,1,0.5,2005-08-17,4
14.11,17.32,410,0.86,0.23,Tieli,12.86,4,China,599,AUSTIN CINTRON,14.97,3,1,1,2,Jon Stephens,2,0.3333,2005-08-23,3
14.11,17.32,411,0.86,0.23,Esfahan,12.86,2,Iran,10,DOROTHY TAYLOR,14.97,3,2,2,2,Jon Stephens,2,0.6667,2005-07-28,3
14.12,17.34,409,0.86,0.3,Serpuhov,6.67,3,Russian Federation,567,ALFREDO MCADAMS,14.98,2,1,1,1,Mike Hillyer,1,1.0,2005-07-30,2
14.13,17.99,408,0.83,0.17,Ipoh,24.0,1,Malaysia,171,DOLORES WAGNER,14.96,4,2,2,2,Jon Stephens,2,0.5,2005-08-19,4
14.14,18.03,407,0.83,0.3,Compton,10.0,1,United States,182,RENEE LANE,14.97,3,1,1,2,Jon Stephens,2,0.3333,2005-07-28,3
14.14,8.73,405,1.83,0.4,Yuncheng,7.5,1,China,154,MICHELE GRANT,15.97,3,2,2,1,Mike Hillyer,1,0.6667,2005-08-22,3
14.14,8.73,406,1.83,0.37,Batman,8.18,1,Turkey,172,BERNICE WILLIS,15.97,3,2,2,2,Jon Stephens,2,0.6667,2005-07-30,3
14.15,18.01,403,0.83,0.17,Denizli,12.0,1,Turkey,483,VERNON CHAPA,14.98,2,1,1,2,Jon Stephens,2,0.5,2005-07-12,2
14.15,18.01,403,0.83,0.17,Szkesfehrvr,12.0,1,Hungary,592,TERRANCE ROUSH,14.98,2,2,2,1,Mike Hillyer,1,0.5,2005-07-06,2
14.16,18.74,402,0.8,0.17,Sivas,24.0,2,Turkey,518,GABRIEL HARDER,14.96,4,2,2,2,Jon Stephens,2,0.25,2005-07-27,4
14.18,18.8,400,0.8,0.3,Haldia,6.67,2,India,186,HOLLY FOX,14.98,2,1,1,1,Mike Hillyer,1,1.0,2005-08-18,2
14.18,18.8,401,0.8,0.3,Araatuba,6.67,2,Brazil,77,JANE BENNETT,14.98,2,2,2,1,Mike Hillyer,1,1.0,2005-08-17,2
14.2,19.59,399,0.76,0.3,Shanwei,13.33,5,China,424,KYLE SPURLOCK,14.96,4,2,2,1,Mike Hillyer,1,0.5,2005-07-30,4
14.21,9.06,398,1.76,0.37,Cuauhtmoc,8.18,3,Mexico,467,ALVIN DELOACH,15.97,3,1,1,1,Mike Hillyer,1,0.3333,2005-08-18,3
14.22,19.59,396,0.76,0.2,Santa Rosa,10.0,2,Philippines,522,ARNOLD HAVENS,14.98,2,1,1,2,Jon Stephens,2,1.0,2005-07-08,2
14.22,19.59,397,0.76,0.2,Probolinggo,10.0,1,Indonesia,372,STEVE MACKENZIE,14.98,2,2,2,2,Jon Stephens,2,1.0,2005-07-10,2
14.25,20.48,395,0.73,0.2,Osmaniye,10.0,2,Turkey,13,KAREN JACKSON,14.98,2,2,2,2,Jon Stephens,2,0.5,2005-07-29,2
14.27,9.42,394,1.7,0.47,Batna,6.43,1,Algeria,441,MARIO CHEATHAM,15.97,3,1,1,2,Jon Stephens,2,0.6667,2005-07-31,3
14.28,21.44,393,0.7,0.13,Pudukkottai,15.0,1,India,421,LEE HAWKS,14.98,2,2,2,1,Mike Hillyer,1,1.0,2005-07-06,2
14.31,22.51,392,0.67,0.17,Adoni,18.0,3,India,367,ADAM GOOCH,14.97,3,2,2,2,Jon Stephens,2,0.3333,2005-08-18,3
14.31,9.6,391,1.66,0.33,Guaruj,9.0,2,Brazil,427,JESUS MCCARTNEY,15.97,3,2,2,2,Jon Stephens,2,0.3333,2005-08-01,3
14.35,23.7,390,0.63,0.13,Jelets,15.0,1,Russian Federation,100,ROBIN HAYES,14.98,2,2,2,1,Mike Hillyer,1,1.0,2005-07-06,2
14.35,23.72,389,0.63,0.17,Quilmes,12.0,1,Argentina,585,PERRY SWAFFORD,14.98,2,2,2,1,Mike Hillyer,1,0.5,2005-07-08,2
14.35,23.73,387,0.63,0.2,Aparecida de Goinia,10.0,1,Brazil,216,NATALIE MEYER,14.98,2,2,2,2,Jon Stephens,2,1.0,2005-07-11,2
14.35,23.73,388,0.63,0.2,Antofagasta,10.0,1,Chile,45,JANET PHILLIPS,14.98,2,1,1,1,Mike Hillyer,1,1.0,2005-07-09,2
14.35,9.81,386,1.63,0.37,Dhaka,5.45,1,Bangladesh,332,STEPHEN QUALLS,15.98,2,1,1,2,Jon Stephens,2,1.0,2005-07-28,2
14.36,24.97,385,0.6,0.1,ostka,40.0,1,Ukraine,475,PEDRO CHESTNUT,14.96,4,2,2,2,Jon Stephens,2,0.25,2005-07-09,4
14.37,10.01,382,1.6,0.47,A Corua (La Corua),6.43,1,Spain,52,JULIE SANCHEZ,15.97,3,2,2,2,Jon Stephens,2,0.6667,2005-08-22,3
14.37,10.01,383,1.6,0.4,Warren,7.5,1,United States,276,BRANDY GRAVES,15.97,3,2,2,1,Mike Hillyer,1,0.3333,2005-08-18,3
14.37,25.01,384,0.6,0.13,Le Mans,22.5,1,France,162,LAUREN HUDSON,14.97,3,2,2,2,Jon Stephens,2,0.6667,2005-07-31,3
14.38,10.01,380,1.6,0.37,Yinchuan,5.45,3,China,484,ROBERTO VU,15.98,2,1,1,2,Jon Stephens,2,1.0,2005-07-30,2
14.38,25.06,381,0.6,0.23,Gijn,8.57,1,Spain,394,CHRIS BROTHERS,14.98,2,2,2,2,Jon Stephens,2,0.5,2005-08-18,2
14.4,6.62,379,2.56,0.5,San Bernardino,8.0,2,United States,2,PATRICIA JOHNSON,16.96,4,2,2,2,Jon Stephens,2,0.5,2005-08-02,4
14.41,26.5,377,0.57,0.13,Rajkot,15.0,1,India,554,DWAYNE OLVERA,14.98,2,2,2,2,Jon Stephens,2,1.0,2005-08-01,2
14.41,5.05,378,3.56,0.7,Apeldoorn,4.29,1,Netherlands,137,RHONDA KENNEDY,17.97,3,2,2,1,Mike Hillyer,1,0.3333,2005-08-23,3
14.43,10.44,376,1.53,0.43,Greensboro,9.23,3,United States,158,VERONICA STONE,15.96,4,2,2,1,Mike Hillyer,1,0.75,2005-08-02,4
14.44,28.14,375,0.53,0.13,Karnal,22.5,6,India,274,NAOMI JENNINGS,14.97,3,1,1,2,Jon Stephens,2,0.6667,2005-07-29,3
14.44,28.16,374,0.53,0.17,Koriyama,18.0,1,Japan,401,TONY CARRANZA,14.97,3,2,2,1,Mike Hillyer,1,0.3333,2005-07-29,3
14.45,28.16,373,0.53,0.13,Clarksville,15.0,2,United States,140,EVA RAMOS,14.98,2,1,1,1,Mike Hillyer,1,0.5,2005-07-11,2
14.47,10.67,370,1.5,0.37,Monywa,8.18,1,Myanmar,256,MABEL HOLLAND,15.97,3,2,2,1,Mike Hillyer,1,1.0,2005-08-23,3
14.47,10.67,371,1.5,0.3,Sincelejo,10.0,1,Colombia,87,WANDA PATTERSON,15.97,3,1,1,1,Mike Hillyer,1,0.6667,2005-08-18,3
14.47,10.67,372,1.5,0.27,Okayama,11.25,2,Japan,489,RICARDO MEADOR,15.97,3,1,1,2,Jon Stephens,2,0.6667,2005-08-21,3
14.48,10.67,368,1.5,0.27,Sumy,7.5,1,Ukraine,187,BRITTANY RILEY,15.98,2,1,1,2,Jon Stephens,2,1.0,2005-07-28,2
14.48,10.68,369,1.49,0.53,Changhwa,5.63,1,Taiwan,75,TAMMY SANDERS,15.97,3,1,1,2,Jon Stephens,2,0.6667,2005-07-30,3
14.5,10.91,367,1.46,0.4,Tel Aviv-Jaffa,10.0,1,Israel,161,GERALDINE PERKINS,15.96,4,2,2,1,Mike Hillyer,1,0.5,2005-08-22,4
14.5,32.17,365,0.47,0.13,Tuguegarao,22.5,3,Philippines,261,DEANNA BYRD,14.97,3,2,2,1,Mike Hillyer,1,0.0,2005-07-31,3
14.5,6.89,366,2.46,0.53,Tiefa,7.5,1,China,302,MICHAEL SILVERMAN,16.96,4,2,2,2,Jon Stephens,2,0.5,2005-08-23,4
14.54,11.17,363,1.43,0.3,Jedda,10.0,1,Saudi Arabia,49,JOYCE EDWARDS,15.97,3,2,2,1,Mike Hillyer,1,1.0,2005-08-21,3
14.54,34.68,364,0.43,0.17,Ikerre,18.0,1,Nigeria,198,ELSIE KELLEY,14.97,3,2,2,2,Jon Stephens,2,0.6667,2005-07-12,3
14.55,34.65,362,0.43,0.1,Udine,20.0,1,Italy,525,ADRIAN CLARY,14.98,2,1,1,2,Jon Stephens,2,1.0,2005-07-11,2
14.56,11.43,361,1.4,0.33,Moscow,12.0,1,Russian Federation,46,CATHERINE CAMPBELL,15.96,4,2,2,2,Jon Stephens,2,0.25,2005-08-18,4
14.57,11.43,360,1.4,0.27,Probolinggo,11.25,1,Indonesia,372,STEVE MACKENZIE,15.97,3,2,2,1,Mike Hillyer,1,0.6667,2005-07-28,3
14.58,37.54,359,0.4,0.1,Kuching,20.0,1,Malaysia,58,JEAN BELL,14.98,2,2,2,2,Jon Stephens,2,0.5,2005-07-27,2
14.6,7.18,358,2.36,0.57,Sungai Petani,7.06,1,Malaysia,306,CHARLES KOWALSKI,16.96,4,2,2,1,Mike Hillyer,1,0.25,2005-08-20,4
14.61,11.71,357,1.36,0.3,Udaipur,10.0,2,India,170,BEATRICE ARNOLD,15.97,3,2,2,1,Mike Hillyer,1,0.6667,2005-07-31,3
14.61,7.19,356,2.36,0.53,Banjul,5.63,1,Gambia,584,SALVADOR TEEL,16.97,3,1,1,2,Jon Stephens,2,1.0,2005-08-21,3
14.62,11.72,355,1.36,0.33,Sumy,6.0,1,Ukraine,187,BRITTANY RILEY,15.98,2,2,2,2,Jon Stephens,2,1.0,2005-07-10,2
14.62,11.73,354,1.36,0.4,Duisburg,5.0,1,Germany,114,GRACE ELLIS,15.98,2,2,2,1,Mike Hillyer,1,0.5,2005-07-29,2
14.63,11.99,353,1.33,0.27,La Plata,15.0,1,Argentina,89,JULIA FLORES,15.96,4,2,2,2,Jon Stephens,2,0.5,2005-07-28,4
14.65,12.01,352,1.33,0.3,Udaipur,6.67,3,India,170,BEATRICE ARNOLD,15.98,2,1,1,2,Jon Stephens,2,1.0,2005-08-20,2
14.67,12.31,350,1.3,0.3,Qinhuangdao,10.0,2,China,242,GLENDA FRAZIER,15.97,3,1,1,2,Jon Stephens,2,0.3333,2005-08-01,3
14.67,12.31,351,1.3,0.27,Gaziantep,11.25,1,Turkey,480,COREY HAUSER,15.97,3,1,1,2,Jon Stephens,2,0.6667,2005-08-19,3
14.67,12.32,349,1.3,0.37,Lapu-Lapu,8.18,2,Philippines,244,VIOLA HANSON,15.97,3,2,2,1,Mike Hillyer,1,1.0,2005-07-31,3
14.71,12.63,347,1.26,0.27,Sunnyvale,11.25,1,United States,214,KRISTIN JOHNSTON,15.97,3,2,2,1,Mike Hillyer,1,0.3333,2005-08-19,3
14.71,12.63,347,1.26,0.27,ostka,11.25,2,Ukraine,475,PEDRO CHESTNUT,15.97,3,2,2,2,Jon Stephens,2,1.0,2005-07-28,3
14.74,12.98,346,1.23,0.27,al-Qatif,11.25,1,Saudi Arabia,417,TRAVIS ESTEP,15.97,3,2,2,2,Jon Stephens,2,0.6667,2005-08-02,3
14.74,7.62,345,2.23,0.63,Fontana,4.74,3,United States,51,ALICE STEWART,16.97,3,2,2,1,Mike Hillyer,1,1.0,2005-08-21,3
14.76,13.34,344,1.2,0.33,Munger (Monghyr),12.0,3,India,28,CYNTHIA YOUNG,15.96,4,1,1,2,Jon Stephens,2,0.25,2005-07-31,4
14.77,13.34,340,1.2,0.3,Iwakuni,10.0,2,Japan,54,TERESA ROGERS,15.97,3,2,2,1,Mike Hillyer,1,0.6667,2005-08-02,3
14.77,13.34,341,1.2,0.27,Bhilwara,11.25,3,India,209,TONYA CHAPMAN,15.97,3,1,1,1,Mike Hillyer,1,1.0,2005-07-27,3
14.77,75.1,342,0.2,0.07,Buenaventura,45.0,1,Colombia,235,JACKIE LYNCH,14.97,3,2,2,1,Mike Hillyer,1,0.6667,2005-07-06,3
14.77,75.1,342,0.2,0.07,Teboksary,45.0,1,Russian Federation,350,JUAN FRALEY,14.97,3,2,2,1,Mike Hillyer,1,0.6667,2005-08-17,3
14.78,13.35,339,1.2,0.27,Kakamigahara,7.5,1,Japan,163,CATHY SPENCER,15.98,2,2,2,1,Mike Hillyer,1,1.0,2005-07-10,2
14.82,7.86,338,2.16,0.5,Naju,4.0,1,South Korea,237,TANYA GILBERT,16.98,2,1,1,2,Jon Stephens,2,0.5,2005-08-02,2
14.83,14.12,337,1.13,0.33,Soshanguve,12.0,1,South Africa,145,LUCILLE HOLMES,15.96,4,2,2,2,Jon Stephens,2,0.5,2005-08-19,4
14.84,14.12,336,1.13,0.2,Stockport,15.0,1,United Kingdom,477,DAN PAINE,15.97,3,2,2,2,Jon Stephens,2,0.6667,2005-07-29,3
14.85,14.14,335,1.13,0.3,Liepaja,6.67,1,Latvia,23,SARAH LEWIS,15.98,2,1,1,2,Jon Stephens,2,1.0,2005-07-30,2
14.87,14.55,334,1.1,0.27,Moscow,11.25,3,Russian Federation,46,CATHERINE CAMPBELL,15.97,3,2,2,1,Mike Hillyer,1,0.6667,2005-08-01,3
14.88,150.3,332,0.1,0.03,Konotop,60.0,1,Ukraine,545,JULIO NOLAND,14.98,2,2,2,1,Mike Hillyer,1,1.0,2005-07-06,2
14.88,8.1,333,2.1,0.5,Zhoushan,6.0,3,China,550,GUY BROWNLEE,16.97,3,2,2,1,Mike Hillyer,1,0.6667,2005-08-21,3
14.91,8.23,331,2.06,0.4,Ife,7.5,1,Nigeria,80,MARILYN ROSS,16.97,3,1,1,1,Mike Hillyer,1,0.6667,2005-08-01,3
14.92,15.01,330,1.06,0.2,Memphis,10.0,1,United States,181,ANA BRADLEY,15.98,2,1,1,1,Mike Hillyer,1,1.0,2005-07-29,2
14.93,15.5,329,1.03,0.37,Yaound,10.91,1,Cameroon,361,LAWRENCE LAWTON,15.96,4,2,2,1,Mike Hillyer,1,0.5,2005-08-02,4
14.94,15.49,328,1.03,0.27,Richmond Hill,11.25,1,Canada,410,CURTIS IRBY,15.97,3,2,2,1,Mike Hillyer,1,0.6667,2005-07-27,3
14.94,15.5,327,1.03,0.3,Huixquilucan,10.0,1,Mexico,108,TRACY COLE,15.97,3,2,2,1,Mike Hillyer,1,0.3333,2005-07-29,3
14.95,15.5,326,1.03,0.23,Salamanca,8.57,1,Mexico,273,PRISCILLA LOWE,15.98,2,2,2,2,Jon Stephens,2,1.0,2005-07-09,2
14.97,16.0,325,1.0,0.2,Bern,15.0,1,Switzerland,155,GAIL KNIGHT,15.97,3,2,2,2,Jon Stephens,2,0.3333,2005-07-11,3
14.98,16.01,323,1.0,0.2,Usolje-Sibirskoje,10.0,1,Russian Federation,462,WARREN SHERROD,15.98,2,2,2,1,Mike Hillyer,1,1.0,2005-07-27,2
14.98,16.01,324,1.0,0.17,Mexicali,12.0,2,Mexico,343,DOUGLAS GRAF,15.98,2,1,1,2,Jon Stephens,2,1.0,2005-07-28,2
15.02,8.65,322,1.96,0.47,Ogbomosho,4.29,1,Nigeria,277,OLGA JIMENEZ,16.98,2,1,1,1,Mike Hillyer,1,1.0,2005-08-22,2
15.04,17.15,321,0.93,0.2,Huejutla de Reyes,15.0,1,Mexico,582,ANDY VANHORN,15.97,3,2,2,1,Mike Hillyer,1,0.6667,2005-07-29,3
15.05,17.16,320,0.93,0.2,Juazeiro do Norte,10.0,2,Brazil,47,FRANCES PARKER,15.98,2,2,2,2,Jon Stephens,2,1.0,2005-08-18,2
15.05,17.18,319,0.93,0.3,Baku,6.67,1,Azerbaijan,333,ANDREW PURDY,15.98,2,1,1,2,Jon Stephens,2,1.0,2005-07-30,2
15.07,17.79,318,0.9,0.23,Udaipur,12.86,1,India,170,BEATRICE ARNOLD,15.97,3,2,2,2,Jon Stephens,2,0.6667,2005-07-10,3
15.07,8.95,317,1.9,0.37,Sal,8.18,1,Morocco,22,LAURA RODRIGUEZ,16.97,3,1,1,1,Mike Hillyer,1,0.3333,2005-08-23,3
15.08,17.81,316,0.9,0.27,Mukateve,7.5,1,Ukraine,131,MONICA HICKS,15.98,2,1,1,1,Mike Hillyer,1,1.0,2005-07-29,2
15.11,18.49,315,0.86,0.3,Rae Bareli,10.0,3,India,78,LORI WOOD,15.97,3,2,2,1,Mike Hillyer,1,1.0,2005-07-28,3
15.11,6.28,313,2.86,0.67,Ourense (Orense),4.5,1,Spain,469,WESLEY BULL,17.97,3,1,1,1,Mike Hillyer,1,0.6667,2005-08-23,3
15.11,9.11,314,1.86,0.43,Kirovo-Tepetsk,6.92,1,Russian Federation,179,DANA HART,16.97,3,1,1,2,Jon Stephens,2,0.6667,2005-08-20,3
15.13,19.21,312,0.83,0.23,Daugavpils,17.14,1,Latvia,347,RYAN SALISBURY,15.96,4,2,2,2,Jon Stephens,2,0.25,2005-07-28,4
15.16,19.99,311,0.8,0.17,Ciudad del Este,24.0,1,Paraguay,205,EILEEN CARR,15.96,4,2,2,2,Jon Stephens,2,0.25,2005-08-21,4
15.21,9.63,310,1.76,0.4,Haiphong,7.5,1,Vietnam,199,BETH FRANKLIN,16.97,3,2,2,1,Mike Hillyer,1,0.3333,2005-08-01,3
15.24,21.84,309,0.73,0.2,Lengshuijiang,15.0,4,China,267,MARGIE WADE,15.97,3,2,2,2,Jon Stephens,2,1.0,2005-07-30,3
15.26,22.84,308,0.7,0.13,Miraj,30.0,5,India,316,STEVEN CURLEY,15.96,4,2,2,1,Mike Hillyer,1,0.0,2005-07-27,4
15.27,22.88,307,0.7,0.2,Toulon,15.0,1,France,104,RITA GRAHAM,15.97,3,2,2,1,Mike Hillyer,1,0.3333,2005-07-08,3
15.28,22.87,306,0.7,0.13,Callao,15.0,1,Peru,304,DAVID ROYAL,15.98,2,2,2,2,Jon Stephens,2,1.0,2005-07-08,2
15.32,24.05,305,0.66,0.23,Vancouver,8.57,1,Canada,436,TROY QUIGLEY,15.98,2,1,1,2,Jon Stephens,2,1.0,2005-07-28,2
15.34,10.41,302,1.63,0.37,Jining,8.18,5,China,594,EDUARDO HIATT,16.97,3,2,2,2,Jon Stephens,2,0.6667,2005-07-31,3
15.34,10.41,303,1.63,0.33,Lancaster,9.0,2,United States,112,ROSA REYNOLDS,16.97,3,2,2,2,Jon Stephens,2,1.0,2005-08-17,3
15.34,25.28,304,0.63,0.17,Coquimbo,18.0,1,Chile,515,ANDRE RAPP,15.97,3,2,2,2,Jon Stephens,2,0.6667,2005-08-17,3
15.37,26.68,301,0.6,0.13,s-Hertogenbosch,22.5,1,Netherlands,184,VIVIAN RUIZ,15.97,3,2,2,1,Mike Hillyer,1,0.6667,2005-08-18,3
15.37,26.71,299,0.6,0.2,Lubumbashi,15.0,1,"Congo, The Democratic Republic of the",387,JESSE SCHILLING,15.97,3,2,2,1,Mike Hillyer,1,0.6667,2005-08-19,3
15.37,26.71,300,0.6,0.2,Tegal,15.0,1,Indonesia,458,LLOYD DOWD,15.97,3,2,2,1,Mike Hillyer,1,1.0,2005-07-12,3
15.38,10.64,297,1.6,0.37,Yuzhou,5.45,2,China,324,GARY COY,16.98,2,2,2,2,Jon Stephens,2,1.0,2005-08-21,2
15.38,6.93,298,2.59,0.57,Tanza,5.29,1,Philippines,236,MARCIA DEAN,17.97,3,2,2,2,Jon Stephens,2,0.6667,2005-08-21,3
15.4,28.25,295,0.57,0.13,Cam Ranh,22.5,1,Vietnam,532,NEIL RENNER,15.97,3,2,2,2,Jon Stephens,2,0.6667,2005-07-09,3
15.4,28.25,296,0.57,0.17,Tychy,24.0,1,Poland,380,RUSSELL BRINSON,15.96,4,1,1,2,Jon Stephens,2,0.5,2005-07-27,4
15.41,10.86,294,1.56,0.47,Pjatigorsk,6.43,2,Russian Federation,487,HECTOR POINDEXTER,16.97,3,2,2,1,Mike Hillyer,1,0.6667,2005-08-01,3
15.41,28.27,293,0.57,0.13,Purnea (Purnia),15.0,2,India,426,BRADLEY MOTLEY,15.98,2,1,1,1,Mike Hillyer,1,0.5,2005-07-27,2
15.46,7.2,292,2.5,0.43,Molodetno,9.23,1,Belarus,144,CLARA SHAW,17.96,4,2,2,2,Jon Stephens,2,0.5,2005-07-30,4
15.48,11.34,291,1.5,0.3,Hodeida,6.67,1,Yemen,470,GORDON ALLARD,16.98,2,1,1,1,Mike Hillyer,1,1.0,2005-07-26,2
15.51,34.34,289,0.47,0.13,So Bernardo do Campo,15.0,1,Brazil,544,CODY NOLEN,15.98,2,1,1,1,Mike Hillyer,1,1.0,2005-07-30,2
15.51,34.34,290,0.47,0.13,Chatsworth,15.0,2,South Africa,555,DWIGHT LOMBARDI,15.98,2,1,1,2,Jon Stephens,2,1.0,2005-07-31,2
15.54,11.86,288,1.43,0.27,Tonghae,11.25,1,South Korea,536,FERNANDO CHURCHILL,16.97,3,2,2,2,Jon Stephens,2,0.6667,2005-08-17,3
15.55,37.02,287,0.43,0.17,Benin City,12.0,1,Nigeria,284,SONIA GREGORY,15.98,2,2,2,2,Jon Stephens,2,1.0,2005-07-08,2
15.56,12.14,285,1.4,0.3,Cape Coral,13.33,2,United States,526,KARL SEAL,16.96,4,1,1,2,Jon Stephens,2,0.75,2005-07-27,4
15.56,40.03,286,0.4,0.13,Hanoi,30.0,1,Vietnam,340,PATRICK NEWSOM,15.96,4,2,2,1,Mike Hillyer,1,0.0,2005-07-29,4
15.61,43.66,284,0.37,0.07,Ourense (Orense),30.0,1,Spain,469,WESLEY BULL,15.98,2,2,2,1,Mike Hillyer,1,1.0,2005-07-06,2
15.64,12.76,282,1.33,0.3,Sogamoso,10.0,1,Colombia,490,SAM MCDUFFIE,16.97,3,2,2,2,Jon Stephens,2,0.3333,2005-07-12,3
15.64,48.05,283,0.33,0.1,Hodeida,30.0,1,Yemen,470,GORDON ALLARD,15.97,3,1,1,1,Mike Hillyer,1,0.6667,2005-07-06,3
15.65,7.72,281,2.33,0.5,Osmaniye,4.0,1,Turkey,13,KAREN JACKSON,17.98,2,2,2,2,Jon Stephens,2,1.0,2005-08-21,2
15.67,53.35,280,0.3,0.07,Gulbarga,45.0,3,India,370,WAYNE TRUONG,15.97,3,2,2,1,Mike Hillyer,1,1.0,2005-07-27,3
15.67,7.83,279,2.3,0.43,Halisahar,6.92,1,India,259,LENA JENSEN,17.97,3,2,2,2,Jon Stephens,2,0.6667,2005-08-20,3
15.73,13.79,278,1.23,0.33,Asuncin,12.0,1,Paraguay,226,MAUREEN LITTLE,16.96,4,2,2,1,Mike Hillyer,1,0.5,2005-08-23,4
15.73,5.87,277,3.23,0.6,Santa Rosa,6.67,1,Philippines,522,ARNOLD HAVENS,18.96,4,2,2,2,Jon Stephens,2,0.75,2005-08-01,4
15.74,13.8,276,1.23,0.37,Kisumu,8.18,1,Kenya,193,KATIE ELLIOTT,16.97,3,2,2,2,Jon Stephens,2,0.3333,2005-08-22,3
15.75,13.8,275,1.23,0.3,Sagamihara,6.67,1,Japan,11,LISA ANDERSON,16.98,2,2,2,2,Jon Stephens,2,1.0,2005-07-30,2
15.77,14.17,274,1.2,0.2,Yantai,15.0,2,China,272,KAY CALDWELL,16.97,3,2,2,2,Jon Stephens,2,0.6667,2005-08-17,3
15.77,8.18,273,2.2,0.43,Lancaster,6.92,1,United States,112,ROSA REYNOLDS,17.97,3,1,1,2,Jon Stephens,2,0.6667,2005-08-20,3
15.78,14.18,272,1.2,0.27,Otsu,7.5,2,Japan,285,MIRIAM MCKINNEY,16.98,2,1,1,1,Mike Hillyer,1,1.0,2005-07-27,2
15.8,6.0,271,3.16,0.6,Halisahar,6.67,1,India,259,LENA JENSEN,18.96,4,2,2,1,Mike Hillyer,1,0.6667,2005-08-23,3
15.82,8.32,269,2.16,0.5,Parbhani,4.0,4,India,300,JOHN FARNSWORTH,17.98,2,1,1,1,Mike Hillyer,1,1.0,2005-08-21,2
15.82,8.32,270,2.16,0.43,Vancouver,4.62,1,Canada,436,TROY QUIGLEY,17.98,2,1,1,2,Jon Stephens,2,1.0,2005-08-19,2
15.86,15.45,268,1.1,0.2,Batman,20.0,1,Turkey,172,BERNICE WILLIS,16.96,4,2,2,2,Jon Stephens,2,0.5,2005-07-27,4
15.87,15.46,267,1.1,0.23,Ocumare del Tuy,12.86,1,Venezuela,174,YVONNE WATKINS,16.97,3,2,2,1,Mike Hillyer,1,0.3333,2005-08-01,3
15.87,15.47,266,1.1,0.3,Graz,10.0,1,Austria,173,AUDREY RAY,16.97,3,1,1,2,Jon Stephens,2,0.6667,2005-07-29,3
15.88,15.47,265,1.1,0.23,Ashgabat,8.57,1,Turkmenistan,200,JEANNE LAWSON,16.98,2,1,1,1,Mike Hillyer,1,1.0,2005-08-20,2
15.9,15.94,264,1.06,0.27,Bayugan,15.0,2,Philippines,188,MELANIE ARMSTRONG,16.96,4,2,2,2,Jon Stephens,2,0.25,2005-08-01,4
15.92,15.98,263,1.06,0.43,Urawa,4.62,1,Japan,147,JOANNE ROBERTSON,16.98,2,2,2,2,Jon Stephens,2,1.0,2005-08-01,2
15.93,16.46,262,1.03,0.3,Hanoi,13.33,2,Vietnam,340,PATRICK NEWSOM,16.96,4,2,2,1,Mike Hillyer,1,0.5,2005-08-01,4
15.97,9.01,261,2.0,0.47,Avellaneda,6.43,1,Argentina,560,JORDAN ARCHULETA,17.97,3,2,2,1,Mike Hillyer,1,0.6667,2005-08-01,3
15.98,9.01,260,2.0,0.4,Molodetno,5.0,1,Belarus,144,CLARA SHAW,17.98,2,1,1,2,Jon Stephens,2,1.0,2005-07-12,2
16.03,18.22,259,0.93,0.27,Sullana,15.0,1,Peru,597,FREDDIE DUGGAN,16.96,4,2,2,1,Mike Hillyer,1,0.5,2005-08-02,4
16.04,18.23,257,0.93,0.27,El Fuerte,11.25,4,Mexico,451,JIM REA,16.97,3,2,2,2,Jon Stephens,2,1.0,2005-07-08,3
16.04,18.23,258,0.93,0.23,Mahajanga,12.86,1,Madagascar,81,ANDREA HENDERSON,16.97,3,2,2,2,Jon Stephens,2,0.6667,2005-08-21,3
16.04,18.24,256,0.93,0.3,Nha Trang,10.0,1,Vietnam,520,MITCHELL WESTMORELAND,16.97,3,1,1,1,Mike Hillyer,1,1.0,2005-08-18,3
16.07,18.9,255,0.9,0.23,Shivapuri,12.86,1,India,68,NICOLE PETERSON,16.97,3,2,2,1,Mike Hillyer,1,0.6667,2005-07-31,3
16.07,9.47,254,1.9,0.33,Ashgabat,9.0,1,Turkmenistan,200,JEANNE LAWSON,17.97,3,2,2,1,Mike Hillyer,1,0.6667,2005-08-23,3
16.11,19.63,253,0.86,0.2,Salzburg,15.0,1,Austria,266,NORA HERRERA,16.97,3,2,2,1,Mike Hillyer,1,0.6667,2005-08-02,3
16.11,9.65,251,1.86,0.43,Karnal,6.92,1,India,274,NAOMI JENNINGS,17.97,3,1,1,1,Mike Hillyer,1,0.6667,2005-08-20,3
16.11,9.65,251,1.86,0.43,Usak,6.92,1,Turkey,204,ROSEMARY SCHMIDT,17.97,3,2,2,2,Jon Stephens,2,0.3333,2005-08-22,3
16.13,20.4,250,0.83,0.2,Allappuzha (Alleppey),20.0,5,India,175,ANNETTE OLSON,16.96,4,1,1,1,Mike Hillyer,1,0.75,2005-07-29,4
16.14,20.41,249,0.83,0.2,Rampur,15.0,3,India,336,JOSHUA MARK,16.97,3,2,2,2,Jon Stephens,2,0.3333,2005-07-29,3
16.14,20.42,248,0.83,0.23,Dundee,12.86,1,United Kingdom,142,APRIL BURNS,16.97,3,1,1,1,Mike Hillyer,1,0.6667,2005-07-30,3
16.14,9.82,247,1.83,0.4,Rustenburg,7.5,1,South Africa,407,DALE RATCLIFF,17.97,3,2,2,2,Jon Stephens,2,1.0,2005-08-02,3
16.17,10.01,244,1.8,0.4,Santa Brbara dOeste,7.5,1,Brazil,178,MARION SNYDER,17.97,3,1,1,2,Jon Stephens,2,1.0,2005-08-17,3
16.17,21.26,246,0.8,0.17,Baicheng,18.0,1,China,538,TED BREAUX,16.97,3,2,2,1,Mike Hillyer,1,0.3333,2005-07-09,3
16.17,21.27,245,0.8,0.23,Lungtan,12.86,2,Taiwan,30,MELISSA KING,16.97,3,2,2,1,Mike Hillyer,1,0.6667,2005-07-09,3
16.18,21.28,243,0.8,0.2,NDjamna,10.0,1,Chad,535,JAVIER ELROD,16.98,2,2,2,1,Mike Hillyer,1,1.0,2005-08-17,2
16.2,22.18,242,0.76,0.2,Warren,20.0,4,United States,276,BRANDY GRAVES,16.96,4,1,1,1,Mike Hillyer,1,0.5,2005-07-30,4
16.21,22.19,240,0.77,0.13,Effon-Alaiye,15.0,1,Nigeria,286,VELMA LUCAS,16.98,2,1,1,2,Jon Stephens,2,1.0,2005-07-07,2
16.21,22.2,241,0.76,0.23,Bratislava,12.86,1,Slovakia,357,KEITH RICO,16.97,3,2,2,2,Jon Stephens,2,0.6667,2005-07-11,3
16.22,10.19,239,1.76,0.27,Kimberley,7.5,1,South Africa,19,RUTH MARTINEZ,17.98,2,2,2,2,Jon Stephens,2,1.0,2005-08-20,2
16.24,10.39,237,1.73,0.4,Meixian,7.5,1,China,90,RUBY WASHINGTON,17.97,3,2,2,1,Mike Hillyer,1,0.6667,2005-08-01,3
16.24,23.23,238,0.73,0.27,Witten,11.25,1,Germany,201,VICKI FIELDS,16.97,3,1,1,2,Jon Stephens,2,0.6667,2005-08-20,3
16.27,10.6,234,1.7,0.4,Salzburg,7.5,1,Austria,266,NORA HERRERA,17.97,3,1,1,1,Mike Hillyer,1,1.0,2005-08-20,3
16.27,24.3,236,0.7,0.17,al-Ayn,18.0,1,United Arab Emirates,98,LILLIAN GRIFFIN,16.97,3,2,2,2,Jon Stephens,2,0.6667,2005-07-29,3
16.27,24.34,235,0.7,0.27,Salala,11.25,1,Oman,498,GENE SANBORN,16.97,3,1,1,1,Mike Hillyer,1,0.6667,2005-07-27,3
16.31,10.81,232,1.66,0.43,Miyakonojo,6.92,1,Japan,253,TERRY CARLSON,17.97,3,2,2,2,Jon Stephens,2,0.3333,2005-08-21,3
16.31,10.81,233,1.66,0.4,Banjul,7.5,1,Gambia,584,SALVADOR TEEL,17.97,3,1,1,2,Jon Stephens,2,1.0,2005-08-18,3
16.33,11.02,231,1.63,0.4,Changzhou,10.0,1,China,197,SUE PETERS,17.96,4,1,1,1,Mike Hillyer,1,0.25,2005-08-02,4
16.4,30.02,230,0.57,0.13,Naju,22.5,1,South Korea,237,TANYA GILBERT,16.97,3,2,2,2,Jon Stephens,2,0.3333,2005-07-28,3
16.41,11.51,229,1.56,0.5,Datong,6.0,1,China,260,CHRISTY VARGAS,17.97,3,2,2,1,Mike Hillyer,1,1.0,2005-08-21,3
16.42,11.5,228,1.56,0.33,Adoni,6.0,4,India,367,ADAM GOOCH,17.98,2,1,1,1,Mike Hillyer,1,1.0,2005-08-21,2
16.42,7.41,227,2.56,0.53,Probolinggo,3.75,1,Indonesia,372,STEVE MACKENZIE,18.98,2,1,1,2,Jon Stephens,2,1.0,2005-08-20,2
16.45,11.75,226,1.53,0.3,Plock,6.67,1,Poland,571,JOHNNIE CHISHOLM,17.98,2,2,2,1,Mike Hillyer,1,1.0,2005-07-12,2
16.46,34.03,225,0.5,0.17,Mwanza,24.0,1,Tanzania,481,HERMAN DEVORE,16.96,4,1,1,1,Mike Hillyer,1,0.75,2005-07-08,4
16.47,34.01,223,0.5,0.1,Lincoln,30.0,1,United States,63,ASHLEY RICHARDSON,16.97,3,2,2,2,Jon Stephens,2,0.6667,2005-07-10,3
16.47,34.01,224,0.5,0.1,NDjamna,30.0,1,Chad,535,JAVIER ELROD,16.97,3,2,2,2,Jon Stephens,2,0.6667,2005-07-08,3
16.48,34.03,222,0.5,0.1,Goinia,20.0,2,Brazil,92,TINA SIMMONS,16.98,2,1,1,2,Jon Stephens,2,1.0,2005-07-06,2
16.54,39.25,220,0.43,0.1,Fontana,30.0,1,United States,51,ALICE STEWART,16.97,3,2,2,1,Mike Hillyer,1,0.6667,2005-07-09,3
16.54,39.25,221,0.43,0.1,Brest,30.0,1,France,402,LUIS YANEZ,16.97,3,1,1,2,Jon Stephens,2,1.0,2005-07-06,3
16.54,39.28,219,0.43,0.13,Shimoga,22.5,3,India,238,NELLIE GARRETT,16.97,3,1,1,1,Mike Hillyer,1,0.6667,2005-07-29,3
16.56,12.87,218,1.4,0.4,Shaoguan,10.0,2,China,485,CLYDE TOBIAS,17.96,4,2,2,2,Jon Stephens,2,0.75,2005-07-30,4
16.61,13.19,217,1.36,0.4,Botosani,7.5,1,Romania,230,JOY GEORGE,17.97,3,2,2,1,Mike Hillyer,1,1.0,2005-07-31,3
16.61,8.03,216,2.36,0.53,Nakhon Sawan,5.63,1,Thailand,390,SHAWN HEATON,18.97,3,1,1,2,Jon Stephens,2,0.6667,2005-08-22,3
16.64,51.01,215,0.33,0.07,San Bernardino,45.0,1,United States,2,PATRICIA JOHNSON,16.97,3,2,2,2,Jon Stephens,2,1.0,2005-07-27,3
16.64,51.06,214,0.33,0.1,Zapopan,30.0,1,Mexico,465,FLOYD GANDY,16.97,3,2,2,2,Jon Stephens,2,0.6667,2005-08-17,3
16.65,51.04,213,0.33,0.07,Athenai,30.0,1,Greece,3,LINDA WILLIAMS,16.98,2,2,2,2,Jon Stephens,2,1.0,2005-07-27,2
16.65,56.69,212,0.3,0.1,San Felipe del Progreso,50.0,2,Mexico,319,RONALD WEINER,16.95,5,2,2,1,Mike Hillyer,1,0.6,2005-08-17,5
16.66,13.85,211,1.3,0.33,Uluberia,12.0,2,India,446,THEODORE CULP,17.96,4,2,2,2,Jon Stephens,2,0.25,2005-07-29,4
16.68,56.73,209,0.3,0.07,Joliet,30.0,1,United States,504,NATHANIEL ADAM,16.98,2,2,2,1,Mike Hillyer,1,1.0,2005-07-06,2
16.68,8.27,210,2.3,0.5,Kolpino,6.0,2,Russian Federation,295,DAISY BATES,18.97,3,1,1,2,Jon Stephens,2,1.0,2005-07-31,3
16.71,8.39,208,2.26,0.53,Jinzhou,5.63,3,China,595,TERRENCE GUNDERSON,18.97,3,2,2,2,Jon Stephens,2,0.3333,2005-07-31,3
16.72,14.23,206,1.26,0.33,Ozamis,6.0,1,Philippines,434,EDDIE TOMLIN,17.98,2,2,2,1,Mike Hillyer,1,1.0,2005-08-19,2
16.72,14.23,206,1.26,0.33,Uijongbu,6.0,1,South Korea,245,COURTNEY DAY,17.98,2,2,2,1,Mike Hillyer,1,1.0,2005-07-29,2
16.72,14.59,205,1.23,0.3,Tokat,16.67,1,Turkey,566,CASEY MENA,17.95,5,2,2,1,Mike Hillyer,1,0.8,2005-07-29,5
16.73,14.59,204,1.23,0.23,Sterling Heights,17.14,1,United States,146,JAMIE RICE,17.96,4,2,2,2,Jon Stephens,2,0.5,2005-08-02,4
16.73,14.6,203,1.23,0.3,Najafabad,13.33,2,Iran,368,HARRY ARCE,17.96,4,2,2,2,Jon Stephens,2,0.25,2005-08-19,4
16.75,8.52,202,2.23,0.43,Antofagasta,4.62,1,Chile,45,JANET PHILLIPS,18.98,2,2,2,2,Jon Stephens,2,1.0,2005-08-23,2
16.82,15.44,201,1.16,0.2,Cabuyao,10.0,2,Philippines,371,BILLY POULIN,17.98,2,1,1,2,Jon Stephens,2,1.0,2005-08-18,2
16.82,15.46,200,1.16,0.33,Rockford,6.0,2,United States,457,BILL GAVIN,17.98,2,2,2,1,Mike Hillyer,1,1.0,2005-08-21,2
16.84,15.89,199,1.13,0.27,Molodetno,11.25,1,Belarus,144,CLARA SHAW,17.97,3,1,1,2,Jon Stephens,2,0.6667,2005-07-09,3
16.86,16.36,197,1.1,0.23,Yerevan,17.14,1,Armenia,41,STEPHANIE MITCHELL,17.96,4,2,2,2,Jon Stephens,2,0.75,2005-07-28,4
16.86,16.36,198,1.1,0.23,Lancaster,17.14,1,United States,112,ROSA REYNOLDS,17.96,4,2,2,1,Mike Hillyer,1,0.75,2005-07-31,4
16.86,16.37,194,1.1,0.27,Kowloon and New Kowloon,15.0,1,Hong Kong,289,VIOLET RODRIQUEZ,17.96,4,1,1,2,Jon Stephens,2,0.75,2005-08-19,4
16.86,16.37,194,1.1,0.27,Salzburg,15.0,1,Austria,266,NORA HERRERA,17.96,4,2,2,1,Mike Hillyer,1,0.25,2005-08-18,4
16.86,16.37,196,1.1,0.27,Chisinau,15.0,1,Moldova,38,MARTHA GONZALEZ,17.96,4,2,2,2,Jon Stephens,2,0.75,2005-07-27,4
16.87,16.38,193,1.1,0.27,Nabereznyje Telny,11.25,2,Russian Federation,447,CLIFFORD BOWENS,17.97,3,2,2,1,Mike Hillyer,1,1.0,2005-07-30,3
16.88,16.41,191,1.1,0.4,Escobar,5.0,1,Argentina,445,MICHEAL FORMAN,17.98,2,2,2,1,Mike Hillyer,1,1.0,2005-08-02,2
16.88,9.06,192,2.09,0.53,Richmond Hill,5.63,1,Canada,410,CURTIS IRBY,18.97,3,1,1,1,Mike Hillyer,1,0.6667,2005-08-02,3
16.91,16.87,190,1.07,0.17,Vijayawada,18.0,1,India,508,MILTON HOWLAND,17.97,3,2,2,2,Jon Stephens,2,1.0,2005-07-27,3
16.91,16.88,189,1.06,0.23,Ashdod,12.86,1,Israel,102,CRYSTAL FORD,17.97,3,1,1,1,Mike Hillyer,1,0.6667,2005-07-09,3
16.91,9.2,188,2.06,0.5,Robamba,6.0,1,Ecuador,494,RAMON CHOATE,18.97,3,2,2,2,Jon Stephens,2,0.6667,2005-07-31,3
16.92,16.9,187,1.06,0.27,Ozamis,7.5,1,Philippines,434,EDDIE TOMLIN,17.98,2,1,1,2,Jon Stephens,2,1.0,2005-07-08,2
16.93,9.34,186,2.03,0.43,Saint-Denis,9.23,1,Runion,148,ELEANOR HUNT,18.96,4,2,2,2,Jon Stephens,2,0.5,2005-07-29,4
16.94,17.43,185,1.03,0.23,Celaya,12.86,1,Mexico,587,SERGIO STANFIELD,17.97,3,1,1,2,Jon Stephens,2,0.6667,2005-07-31,3
16.97,18.01,184,1.0,0.2,Southampton,15.0,1,United Kingdom,583,MARSHALL THORN,17.97,3,2,2,2,Jon Stephens,2,0.3333,2005-07-06,3
16.97,9.51,183,2.0,0.47,Malm,6.43,1,Sweden,66,JANICE WARD,18.97,3,2,2,1,Mike Hillyer,1,1.0,2005-07-11,3
17.07,20.03,182,0.9,0.27,Aden,11.25,1,Yemen,210,ELLA OLIVER,17.97,3,1,1,1,Mike Hillyer,1,1.0,2005-07-08,3
17.1,20.8,181,0.86,0.33,Cavite,12.0,3,Philippines,388,CRAIG MORRELL,17.96,4,2,2,1,Mike Hillyer,1,0.75,2005-08-18,4
17.13,21.62,180,0.83,0.27,Richmond Hill,15.0,1,Canada,410,CURTIS IRBY,17.96,4,2,2,1,Mike Hillyer,1,0.5,2005-07-09,4
17.17,10.56,179,1.8,0.37,Cam Ranh,8.18,1,Vietnam,532,NEIL RENNER,18.97,3,2,2,1,Mike Hillyer,1,1.0,2005-08-19,3
17.2,23.48,177,0.77,0.17,Chungho,24.0,1,Taiwan,517,BRAD MCCURDY,17.96,4,2,2,2,Jon Stephens,2,0.0,2005-07-07,4
17.2,23.48,178,0.77,0.17,Jalib al-Shuyukh,24.0,1,Kuwait,234,CLAUDIA FULLER,17.96,4,2,2,1,Mike Hillyer,1,0.75,2005-08-02,4
17.2,23.49,176,0.76,0.2,Jos Azueta,20.0,3,Mexico,581,VIRGIL WOFFORD,17.96,4,2,2,1,Mike Hillyer,1,0.75,2005-07-08,4
17.21,23.5,175,0.76,0.2,Sterling Heights,15.0,1,United States,146,JAMIE RICE,17.97,3,1,1,1,Mike Hillyer,1,0.3333,2005-08-17,3
17.24,24.57,174,0.73,0.2,Coacalco de Berriozbal,15.0,2,Mexico,247,STELLA MORENO,17.97,3,2,2,1,Mike Hillyer,1,0.3333,2005-08-18,3
17.25,11.17,173,1.7,0.4,Baybay,12.5,1,Philippines,71,KATHY JAMES,18.95,5,1,1,1,Mike Hillyer,1,0.6,2005-07-29,5
17.29,26.99,172,0.67,0.17,Uijongbu,30.0,1,South Korea,245,COURTNEY DAY,17.95,5,2,2,2,Jon Stephens,2,0.6,2005-07-27,5
17.3,11.41,171,1.66,0.43,Mukateve,9.23,1,Ukraine,131,MONICA HICKS,18.96,4,2,2,1,Mike Hillyer,1,0.5,2005-08-19,4
17.3,27.01,170,0.67,0.13,Apeldoorn,22.5,1,Netherlands,137,RHONDA KENNEDY,17.97,3,1,1,2,Jon Stephens,2,1.0,2005-07-06,3
17.34,28.46,169,0.63,0.2,Touliu,15.0,1,Taiwan,139,AMBER DIXON,17.97,3,2,2,1,Mike Hillyer,1,0.6667,2005-07-09,3
17.36,30.02,168,0.6,0.17,Korla,24.0,1,China,283,FELICIA SUTTON,17.96,4,2,2,2,Jon Stephens,2,0.25,2005-07-06,4
17.37,11.88,167,1.6,0.3,Santa Brbara dOeste,10.0,1,Brazil,178,MARION SNYDER,18.97,3,1,1,1,Mike Hillyer,1,0.6667,2005-07-09,3
17.39,31.79,166,0.56,0.2,Allende,25.0,2,Mexico,414,VINCENT RALSTON,17.95,5,2,2,1,Mike Hillyer,1,0.6,2005-08-19,5
17.41,31.8,165,0.57,0.13,Kimberley,15.0,1,South Africa,19,RUTH MARTINEZ,17.98,2,2,2,1,Mike Hillyer,1,1.0,2005-07-31,2
17.42,12.14,164,1.56,0.33,Kursk,6.0,2,Russian Federation,311,PAUL TROUT,18.98,2,2,2,1,Mike Hillyer,1,1.0,2005-08-23,2
17.42,12.39,163,1.53,0.33,Livorno,15.0,1,Italy,541,DARREN WINDHAM,18.95,5,2,2,1,Mike Hillyer,1,0.8,2005-08-22,5
17.44,12.39,162,1.53,0.27,Jelets,11.25,1,Russian Federation,100,ROBIN HAYES,18.97,3,1,1,2,Jon Stephens,2,0.6667,2005-07-09,3
17.44,12.4,161,1.53,0.4,Imus,7.5,1,Philippines,349,JOE GILLILAND,18.97,3,2,2,2,Jon Stephens,2,0.3333,2005-08-02,3
17.46,36.02,160,0.5,0.13,Gandhinagar,30.0,1,India,117,EDITH MCDONALD,17.96,4,1,1,1,Mike Hillyer,1,0.5,2005-08-18,4
17.47,12.69,159,1.5,0.47,Santo Andr,6.43,2,Brazil,354,JUSTIN NGO,18.97,3,2,2,1,Mike Hillyer,1,0.6667,2005-07-29,3
17.49,38.6,158,0.47,0.13,Phnom Penh,30.0,1,Cambodia,228,ALLISON STANLEY,17.96,4,2,2,2,Jon Stephens,2,0.5,2005-07-06,4
17.52,8.22,157,2.43,0.5,Maikop,10.0,1,Russian Federation,346,ARTHUR SIMPKINS,19.95,5,2,2,1,Mike Hillyer,1,0.4,2005-08-23,5
17.57,13.59,156,1.4,0.37,Olomouc,8.18,1,Czech Republic,265,JENNIE TERRY,18.97,3,2,2,2,Jon Stephens,2,0.6667,2005-08-21,3
17.67,14.63,155,1.3,0.3,Nam Dinh,10.0,1,Vietnam,472,GREG ROBINS,18.97,3,2,2,1,Mike Hillyer,1,1.0,2005-07-11,3
17.7,15.0,154,1.26,0.27,Maracabo,15.0,1,Venezuela,453,CALVIN MARTEL,18.96,4,2,2,1,Mike Hillyer,1,0.75,2005-08-21,4
17.7,67.56,153,0.27,0.07,Birgunj,45.0,1,Nepal,321,KEVIN SCHULER,17.97,3,2,2,2,Jon Stephens,2,1.0,2005-08-17,3
17.71,8.83,152,2.26,0.5,Salamanca,6.0,1,Mexico,273,PRISCILLA LOWE,19.97,3,1,1,1,Mike Hillyer,1,1.0,2005-08-01,3
17.72,15.02,151,1.26,0.3,Zanzibar,6.67,1,Tanzania,220,CHARLENE ALVAREZ,18.98,2,1,1,2,Jon Stephens,2,1.0,2005-07-30,2
17.75,15.82,150,1.2,0.2,Beira,25.0,1,Mozambique,257,MARSHA DOUGLAS,18.95,5,2,2,2,Jon Stephens,2,0.4,2005-07-27,5
17.76,9.09,148,2.2,0.43,Atlixco,9.23,1,Mexico,84,SARA PERRY,19.96,4,2,2,2,Jon Stephens,2,0.5,2005-08-02,4
17.76,90.1,149,0.2,0.07,Sousse,60.0,1,Tunisia,335,GREGORY MAULDIN,17.96,4,2,2,1,Mike Hillyer,1,0.5,2005-07-07,4
17.77,15.85,147,1.2,0.33,Atlixco,9.0,1,Mexico,84,SARA PERRY,18.97,3,2,2,2,Jon Stephens,2,0.6667,2005-07-11,3
17.78,90.2,146,0.2,0.07,Pereira,30.0,1,Colombia,180,STACY CUNNINGHAM,17.98,2,2,2,1,Mike Hillyer,1,1.0,2005-07-08,2
17.81,16.3,145,1.16,0.3,Kurgan,10.0,2,Russian Federation,376,RANDY GAITHER,18.97,3,2,2,2,Jon Stephens,2,0.6667,2005-07-12,3
17.84,135.79,144,0.13,0.1,Batman,30.0,1,Turkey,172,BERNICE WILLIS,17.97,3,2,2,2,Jon Stephens,2,0.6667,2005-07-08,3
17.87,17.29,143,1.1,0.27,Blumenau,11.25,1,Brazil,206,TERRI VASQUEZ,18.97,3,2,2,2,Jon Stephens,2,1.0,2005-08-19,3
17.87,17.3,142,1.1,0.37,Baicheng,8.18,3,China,538,TED BREAUX,18.97,3,2,2,2,Jon Stephens,2,0.6667,2005-07-31,3
17.89,17.82,141,1.06,0.3,Batna,16.67,1,Algeria,441,MARIO CHEATHAM,18.95,5,2,2,2,Jon Stephens,2,0.6,2005-07-29,5
17.91,17.82,140,1.06,0.23,Parbhani,12.86,2,India,300,JOHN FARNSWORTH,18.97,3,1,1,1,Mike Hillyer,1,0.6667,2005-07-28,3
17.91,17.83,139,1.06,0.3,Mwene-Ditu,10.0,1,"Congo, The Democratic Republic of the",375,AARON SELBY,18.97,3,2,2,2,Jon Stephens,2,1.0,2005-08-02,3
17.93,18.39,138,1.03,0.23,Tabriz,17.14,1,Iran,279,DIANNE SHELTON,18.96,4,2,2,1,Mike Hillyer,1,0.25,2005-08-19,4
17.94,18.4,136,1.03,0.23,So Bernardo do Campo,12.86,2,Brazil,544,CODY NOLEN,18.97,3,2,2,2,Jon Stephens,2,0.3333,2005-08-21,3
17.94,18.4,137,1.03,0.23,Kalisz,12.86,1,Poland,270,LEAH CURTIS,18.97,3,2,2,2,Jon Stephens,2,0.6667,2005-08-01,3
18.02,10.34,135,1.93,0.43,Lhokseumawe,11.54,1,Indonesia,473,JORGE OLIVARES,19.95,5,2,2,2,Jon Stephens,2,0.2,2005-08-02,5
18.04,20.39,134,0.93,0.3,Davao,10.0,1,Philippines,27,SHIRLEY ALLEN,18.97,3,2,2,1,Mike Hillyer,1,1.0,2005-07-31,3
18.14,22.82,133,0.83,0.2,Baybay,15.0,1,Philippines,71,KATHY JAMES,18.97,3,2,2,2,Jon Stephens,2,0.3333,2005-07-10,3
18.22,24.81,132,0.77,0.17,So Leopoldo,12.0,1,Brazil,443,FRANCISCO SKIDMORE,18.98,2,1,1,1,Mike Hillyer,1,1.0,2005-07-28,2
18.24,25.92,131,0.73,0.13,Kanchrapara,22.5,1,India,492,LESTER KRAUS,18.97,3,2,2,2,Jon Stephens,2,0.6667,2005-07-07,3
18.3,12.0,130,1.66,0.33,Salamanca,12.0,1,Mexico,273,PRISCILLA LOWE,19.96,4,2,2,1,Mike Hillyer,1,0.75,2005-07-12,4
18.34,7.98,129,2.63,0.57,Naju,5.29,1,South Korea,237,TANYA GILBERT,20.97,3,1,1,2,Jon Stephens,2,1.0,2005-08-20,3
18.37,12.5,127,1.6,0.27,Memphis,11.25,3,United States,181,ANA BRADLEY,19.97,3,2,2,1,Mike Hillyer,1,1.0,2005-07-30,3
18.37,31.72,128,0.6,0.2,Iwaki,15.0,1,Japan,240,MARLENE WELCH,18.97,3,2,2,2,Jon Stephens,2,0.6667,2005-07-27,3
18.38,31.72,126,0.6,0.17,Kamyin,12.0,2,Russian Federation,510,BEN EASTER,18.98,2,2,2,2,Jon Stephens,2,1.0,2005-07-28,2
18.4,12.76,125,1.56,0.27,El Fuerte,15.0,1,Mexico,451,JIM REA,19.96,4,2,2,2,Jon Stephens,2,0.5,2005-08-02,4
18.4,12.78,124,1.56,0.47,Peoria,8.57,1,United States,275,CAROLE BARNETT,19.96,4,2,2,2,Jon Stephens,2,0.5,2005-08-21,4
18.4,8.18,123,2.56,0.53,Tanauan,7.5,1,Philippines,373,LOUIS LEONE,20.96,4,2,2,2,Jon Stephens,2,0.75,2005-08-18,4
18.41,12.78,122,1.56,0.4,Dos Quebradas,7.5,1,Colombia,120,SYLVIA ORTIZ,19.97,3,2,2,2,Jon Stephens,2,0.6667,2005-08-21,3
18.43,13.04,121,1.53,0.27,Usolje-Sibirskoje,15.0,1,Russian Federation,462,WARREN SHERROD,19.96,4,2,2,1,Mike Hillyer,1,0.5,2005-07-28,4
18.45,35.63,120,0.53,0.07,Erlangen,30.0,1,Germany,448,MIGUEL BETANCOURT,18.98,2,2,2,1,Mike Hillyer,1,1.0,2005-08-17,2
18.47,13.34,119,1.5,0.27,Simferopol,11.25,1,Ukraine,82,KATHRYN COLEMAN,19.97,3,2,2,1,Mike Hillyer,1,1.0,2005-07-30,3
18.5,8.51,118,2.46,0.5,Vila Velha,8.0,1,Brazil,39,DEBRA NELSON,20.96,4,2,2,1,Mike Hillyer,1,0.5,2005-08-01,4
18.53,13.96,117,1.43,0.33,Lungtan,12.0,2,Taiwan,30,MELISSA KING,19.96,4,2,2,1,Mike Hillyer,1,0.25,2005-07-28,4
18.54,43.88,116,0.43,0.1,Santa F,30.0,1,Argentina,331,ERIC ROBERT,18.97,3,2,2,2,Jon Stephens,2,0.6667,2005-07-06,3
18.55,13.98,115,1.43,0.4,Saint-Denis,5.0,1,Runion,148,ELEANOR HUNT,19.98,2,2,2,2,Jon Stephens,2,1.0,2005-07-12,2
18.57,14.3,114,1.4,0.37,Tiefa,8.18,1,China,302,MICHAEL SILVERMAN,19.97,3,2,2,1,Mike Hillyer,1,1.0,2005-07-30,3
18.6,14.63,113,1.36,0.23,Vila Velha,17.14,1,Brazil,39,DEBRA NELSON,19.96,4,2,2,1,Mike Hillyer,1,1.0,2005-07-29,4
18.61,14.65,112,1.36,0.33,Binzhou,9.0,1,China,533,JESSIE MILAM,19.97,3,2,2,1,Mike Hillyer,1,0.6667,2005-08-17,3
18.69,9.26,111,2.26,0.53,Beira,9.38,1,Mozambique,257,MARSHA DOUGLAS,20.95,5,2,2,1,Mike Hillyer,1,1.0,2005-08-19,5
18.71,15.8,109,1.26,0.3,Sterling Heights,10.0,1,United States,146,JAMIE RICE,19.97,3,2,2,1,Mike Hillyer,1,0.6667,2005-07-11,3
18.71,15.8,110,1.26,0.3,Cayenne,10.0,1,French Guiana,65,ROSE HOWARD,19.97,3,2,2,2,Jon Stephens,2,0.6667,2005-08-02,3
18.81,9.7,108,2.16,0.4,Songkhla,7.5,1,Thailand,86,JACQUELINE LONG,20.97,3,1,1,2,Jon Stephens,2,0.6667,2005-08-01,3
18.87,190.33,107,0.1,0.03,Po,90.0,1,Brazil,126,ELLEN SIMPSON,18.97,3,2,2,1,Mike Hillyer,1,0.6667,2005-07-06,3
18.87,191.62,106,0.1,0.1,Hoshiarpur,30.0,1,India,412,ALLEN BUTTERFIELD,18.97,3,2,2,1,Mike Hillyer,1,0.6667,2005-07-29,3
18.91,10.17,105,2.06,0.53,Urawa,5.63,1,Japan,147,JOANNE ROBERTSON,20.97,3,2,2,2,Jon Stephens,2,0.6667,2005-08-23,3
18.93,10.33,104,2.03,0.4,Apeldoorn,10.0,1,Netherlands,137,RHONDA KENNEDY,20.96,4,2,2,2,Jon Stephens,2,0.75,2005-07-30,4
19.0,20.71,103,0.96,0.3,Poos de Caldas,13.33,2,Brazil,254,MAXINE SILVA,19.96,4,2,2,2,Jon Stephens,2,0.5,2005-07-10,4
19.01,20.7,102,0.96,0.2,Nha Trang,15.0,1,Vietnam,520,MITCHELL WESTMORELAND,19.97,3,2,2,1,Mike Hillyer,1,0.6667,2005-07-10,3
19.04,5.85,101,3.93,0.83,Saint-Denis,4.8,1,Runion,148,ELEANOR HUNT,22.96,4,1,1,2,Jon Stephens,2,0.5,2005-08-22,4
19.24,12.13,100,1.73,0.43,Owo,6.92,1,Nigeria,280,TRACEY BARRETT,20.97,3,2,2,1,Mike Hillyer,1,0.6667,2005-08-19,3
19.27,28.6,99,0.7,0.17,Boa Vista,18.0,1,Brazil,342,HAROLD MARTINO,19.97,3,2,2,2,Jon Stephens,2,0.6667,2005-07-12,3
19.27,28.64,98,0.7,0.27,Sanya,11.25,1,China,546,KELLY KNOTT,19.97,3,2,2,2,Jon Stephens,2,0.6667,2005-07-12,3
19.35,13.12,97,1.6,0.33,Dayton,15.0,3,United States,294,SHELLY WATTS,20.95,5,2,2,2,Jon Stephens,2,0.6,2005-08-01,5
19.45,13.72,96,1.53,0.37,Qomsheh,5.45,1,Iran,459,TOMMY COLLAZO,20.98,2,2,2,2,Jon Stephens,2,1.0,2005-07-29,2
19.45,14.0,95,1.5,0.33,Santiago de los Caballeros,15.0,1,Dominican Republic,258,MYRTLE FLEMING,20.95,5,2,2,1,Mike Hillyer,1,0.8,2005-08-01,5
19.46,40.03,94,0.5,0.13,Zalantun,30.0,2,China,93,PHYLLIS FOSTER,19.96,4,2,2,1,Mike Hillyer,1,0.5,2005-08-20,4
19.47,8.8,93,2.5,0.5,Valparai,8.0,1,India,403,MIKE WAY,21.96,4,2,2,2,Jon Stephens,2,0.5,2005-08-02,4
19.49,42.89,92,0.47,0.13,Torren,30.0,2,Mexico,133,PAULINE HENRY,19.96,4,2,2,2,Jon Stephens,2,0.5,2005-07-08,4
19.55,14.99,91,1.4,0.23,Citt del Vaticano,21.43,1,Holy See (Vatican City State),26,JESSICA HALL,20.95,5,2,2,1,Mike Hillyer,1,0.6,2005-07-07,5
19.57,15.01,90,1.4,0.33,Ivanovo,9.0,1,Russian Federation,106,CONNIE WALLACE,20.97,3,2,2,1,Mike Hillyer,1,1.0,2005-08-01,3
19.6,15.37,89,1.36,0.33,Vitria de Santo Anto,12.0,1,Brazil,374,JEREMY HURTADO,20.96,4,2,2,2,Jon Stephens,2,0.5,2005-08-22,4
19.63,15.76,88,1.33,0.3,Saint-Denis,13.33,1,Runion,148,ELEANOR HUNT,20.96,4,2,2,2,Jon Stephens,2,0.25,2005-07-28,4
19.64,15.77,87,1.33,0.37,El Monte,8.18,2,United States,420,JACOB LANCE,20.97,3,2,2,1,Mike Hillyer,1,0.3333,2005-08-01,3
19.71,16.61,86,1.26,0.43,Shanwei,6.92,2,China,424,KYLE SPURLOCK,20.97,3,2,2,1,Mike Hillyer,1,0.6667,2005-07-31,3
19.86,19.08,85,1.1,0.17,Juiz de Fora,24.0,1,Brazil,591,KENT ARSENAULT,20.96,4,2,2,1,Mike Hillyer,1,0.75,2005-07-27,4
19.9,19.69,84,1.06,0.23,Cuauhtmoc,17.14,1,Mexico,467,ALVIN DELOACH,20.96,4,2,2,2,Jon Stephens,2,0.75,2005-07-28,4
19.96,20.99,83,1.0,0.17,Usolje-Sibirskoje,24.0,1,Russian Federation,462,WARREN SHERROD,20.96,4,1,1,1,Mike Hillyer,1,0.5,2005-07-12,4
19.97,7.67,82,2.99,0.6,Qomsheh,6.67,1,Iran,459,TOMMY COLLAZO,22.96,4,2,2,1,Mike Hillyer,1,0.5,2005-08-01,4
2.02,3.09,5153,0.96,0.2,Battambang,10.0,1,Cambodia,516,ELMER NOE,2.98,2,1,1,2,Jon Stephens,2,0.5,2005-08-17,2
2.03,3.1,5133,0.96,0.3,Aurora,3.33,19,United States,330,SCOTT SHELLEY,2.99,1,1,1,2,Jon Stephens,2,0.0,2005-07-28,1
2.03,3.1,5133,0.96,0.3,Emmen,3.33,3,Netherlands,474,DUSTIN GILLETTE,2.99,1,1,1,1,Mike Hillyer,1,0.0,2005-07-30,1
2.03,3.1,5135,0.96,0.3,Balurghat,3.33,24,India,208,LUCY WHEELER,2.99,1,1,1,2,Jon Stephens,2,0.0,2005-07-10,1
2.03,3.1,5136,0.96,0.3,Arak,3.33,4,Iran,36,KATHLEEN ADAMS,2.99,1,1,1,1,Mike Hillyer,1,0.0,2005-07-29,1
2.03,3.1,5136,0.96,0.3,Jamalpur,3.33,1,Bangladesh,329,FRANK WAGGONER,2.99,1,1,1,2,Jon Stephens,2,0.0,2005-07-06,1
2.03,3.1,5136,0.96,0.3,Salala,3.33,1,Oman,498,GENE SANBORN,2.99,1,1,1,2,Jon Stephens,2,1.0,2005-07-08,1
2.03,3.1,5136,0.96,0.3,San Miguel de Tucumn,3.33,9,Argentina,243,LYDIA BURKE,2.99,1,1,1,2,Jon Stephens,2,1.0,2005-07-30,1
2.03,3.1,5140,0.96,0.27,Laiwu,3.75,32,China,151,MEGAN PALMER,2.99,1,1,1,2,Jon Stephens,2,0.0,2005-08-17,1
2.03,3.1,5140,0.96,0.27,San Miguel de Tucumn,3.75,4,Argentina,243,LYDIA BURKE,2.99,1,1,1,1,Mike Hillyer,1,0.0,2005-08-19,1
2.03,3.1,5142,0.96,0.27,Bucuresti,3.75,1,Romania,563,KEN PREWITT,2.99,1,1,1,1,Mike Hillyer,1,1.0,2005-08-19,1
2.03,3.1,5142,0.96,0.27,Qomsheh,3.75,5,Iran,459,TOMMY COLLAZO,2.99,1,1,1,2,Jon Stephens,2,0.0,2005-07-08,1
2.03,3.1,5142,0.96,0.27,Valle de la Pascua,3.75,2,Venezuela,290,KRISTINA CHAMBERS,2.99,1,1,1,2,Jon Stephens,2,0.0,2005-07-27,1
2.03,3.1,5145,0.96,0.27,Anpolis,3.75,12,Brazil,229,TAMARA NGUYEN,2.99,1,1,1,1,Mike Hillyer,1,0.0,2005-07-10,1
2.03,3.1,5146,0.96,0.27,Vinh,3.75,5,Vietnam,523,HARVEY GUAJARDO,2.99,1,1,1,1,Mike Hillyer,1,1.0,2005-08-19,1
2.03,3.1,5147,0.96,0.23,Imus,4.29,10,Philippines,349,JOE GILLILAND,2.99,1,1,1,2,Jon Stephens,2,0.0,2005-07-28,1
2.03,3.1,5147,0.96,0.23,Ozamis,4.29,7,Philippines,434,EDDIE TOMLIN,2.99,1,1,1,1,Mike Hillyer,1,0.0,2005-07-07,1
2.03,3.1,5149,0.96,0.2,Southport,5.0,6,United Kingdom,556,ARMANDO GRUBER,2.99,1,1,1,1,Mike Hillyer,1,1.0,2005-08-21,1
2.03,3.1,5150,0.96,0.2,Birgunj,5.0,1,Nepal,321,KEVIN SCHULER,2.99,1,1,1,2,Jon Stephens,2,1.0,2005-07-09,1
2.03,3.1,5151,0.96,0.2,Saarbrcken,5.0,3,Germany,227,COLLEEN BURTON,2.99,1,1,1,1,Mike Hillyer,1,0.0,2005-07-28,1
2.03,3.1,5152,0.97,0.17,Kabul,6.0,1,Afghanistan,218,VERA MCCOY,2.99,1,1,1,1,Mike Hillyer,1,0.0,2005-08-17,1
2.06,3.21,5115,0.93,0.3,Garden Grove,3.33,20,United States,593,RENE MCALISTER,2.99,1,1,1,1,Mike Hillyer,1,0.0,2005-07-29,1
2.06,3.21,5115,0.93,0.3,Halifax,3.33,4,Canada,463,DARRELL POWER,2.99,1,1,1,1,Mike Hillyer,1,0.0,2005-07-31,1
2.06,3.21,5117,0.93,0.3,Kakamigahara,3.33,22,Japan,163,CATHY SPENCER,2.99,1,1,1,2,Jon Stephens,2,1.0,2005-08-19,1
2.06,3.21,5118,0.93,0.27,Hanoi,3.75,5,Vietnam,340,PATRICK NEWSOM,2.99,1,1,1,1,Mike Hillyer,1,1.0,2005-07-31,1
2.06,3.21,5119,0.93,0.27,Madiun,3.75,6,Indonesia,500,REGINALD KINDER,2.99,1,1,1,2,Jon Stephens,2,0.0,2005-08-19,1
2.06,3.21,5120,0.93,0.23,Okara,4.29,3,Pakistan,399,DANNY ISOM,2.99,1,1,1,2,Jon Stephens,2,0.0,2005-07-31,1
2.06,3.21,5120,0.93,0.23,York,4.29,5,United Kingdom,497,GILBERT SLEDGE,2.99,1,1,1,2,Jon Stephens,2,0.0,2005-07-27,1
2.06,3.21,5122,0.93,0.23,Sanya,4.29,23,China,546,KELLY KNOTT,2.99,1,1,1,2,Jon Stephens,2,0.0,2005-08-18,1
2.06,3.21,5122,0.93,0.23,Weifang,4.29,16,China,588,MARION OCAMPO,2.99,1,1,1,2,Jon Stephens,2,0.0,2005-07-28,1
2.06,3.21,5124,0.93,0.2,Czestochowa,5.0,4,Poland,572,SIDNEY BURLESON,2.99,1,1,1,2,Jon Stephens,2,0.0,2005-07-11,1
2.06,3.21,5124,0.93,0.2,Kisumu,5.0,2,Kenya,193,KATIE ELLIOTT,2.99,1,1,1,2,Jon Stephens,2,0.0,2005-08-01,1
2.06,3.21,5126,0.93,0.2,Sivas,5.0,9,Turkey,518,GABRIEL HARDER,2.99,1,1,1,1,Mike Hillyer,1,0.0,2005-07-12,1
2.06,3.21,5127,0.93,0.2,Lublin,5.0,4,Poland,501,RUBEN GEARY,2.99,1,1,1,1,Mike Hillyer,1,1.0,2005-07-28,1
2.06,3.21,5127,0.93,0.2,Tel Aviv-Jaffa,5.0,2,Israel,161,GERALDINE PERKINS,2.99,1,1,1,1,Mike Hillyer,1,0.0,2005-07-27,1
2.06,3.21,5129,0.93,0.2,Rampur,5.0,29,India,336,JOSHUA MARK,2.99,1,1,1,2,Jon Stephens,2,1.0,2005-08-17,1
2.06,3.21,5130,0.93,0.17,Sogamoso,6.0,2,Colombia,490,SAM MCDUFFIE,2.99,1,1,1,2,Jon Stephens,2,0.0,2005-08-17,1
2.06,3.21,5131,0.93,0.17,Jinzhou,6.0,19,China,595,TERRENCE GUNDERSON,2.99,1,1,1,2,Jon Stephens,2,0.0,2005-07-08,1
2.06,3.21,5132,0.93,0.13,Lublin,7.5,2,Poland,501,RUBEN GEARY,2.99,1,1,1,2,Jon Stephens,2,0.0,2005-07-08,1
2.06,3.22,5114,0.93,0.33,Korla,3.0,22,China,283,FELICIA SUTTON,2.99,1,1,1,1,Mike Hillyer,1,0.0,2005-08-19,1
2.09,3.33,5088,0.9,0.3,Abu Dhabi,3.33,3,United Arab Emirates,452,TOM MILNER,2.99,1,1,1,2,Jon Stephens,2,0.0,2005-07-27,1
2.09,3.33,5088,0.9,0.3,Laredo,3.33,23,United States,6,JENNIFER DAVIS,2.99,1,1,1,1,Mike Hillyer,1,1.0,2005-08-01,1
2.09,3.33,5088,0.9,0.3,Shanwei,3.33,22,China,424,KYLE SPURLOCK,2.99,1,1,1,1,Mike Hillyer,1,0.0,2005-07-12,1
2.09,3.33,5091,0.9,0.3,Liaocheng,3.33,23,China,129,CARRIE PORTER,2.99,1,1,1,2,Jon Stephens,2,0.0,2005-07-07,1
2.09,3.33,5092,0.9,0.3,Crdoba,3.33,7,Argentina,24,KIMBERLY LEE,2.99,1,1,1,2,Jon Stephens,2,0.0,2005-08-01,1
2.09,3.33,5093,0.9,0.27,Caracas,3.75,4,Venezuela,111,CARMEN OWENS,2.99,1,1,1,2,Jon Stephens,2,0.0,2005-08-19,1
2.09,3.33,5094,0.9,0.27,Lausanne,3.75,1,Switzerland,598,WADE DELVALLE,2.99,1,1,1,2,Jon Stephens,2,1.0,2005-08-18,1
2.09,3.33,5095,0.9,0.23,Emeishan,4.29,18,China,389,ALAN KAHN,2.99,1,1,1,2,Jon Stephens,2,0.0,2005-07-11,1
2.09,3.33,5095,0.9,0.23,Rizhao,4.29,16,China,496,TYLER WREN,2.99,1,1,1,2,Jon Stephens,2,0.0,2005-07-28,1
2.09,3.33,5095,0.9,0.23,Surakarta,4.29,4,Indonesia,450,JAY ROBB,2.99,1,1,1,2,Jon Stephens,2,1.0,2005-08-01,1
2.09,3.33,5095,0.9,0.23,Valencia,4.29,3,Venezuela,539,MATHEW BOLIN,2.99,1,1,1,2,Jon Stephens,2,0.0,2005-07-10,1
2.09,3.33,5099,0.9,0.23,Kamakura,4.29,9,Japan,79,RACHEL BARNES,2.99,1,1,1,2,Jon Stephens,2,0.0,2005-07-09,1
2.09,3.33,5099,0.9,0.23,Peoria,4.29,20,United States,275,CAROLE BARNETT,2.99,1,1,1,1,Mike Hillyer,1,0.0,2005-07-29,1
2.09,3.33,5099,0.9,0.23,Saarbrcken,4.29,2,Germany,227,COLLEEN BURTON,2.99,1,1,1,1,Mike Hillyer,1,0.0,2005-07-08,1
2.09,3.33,5102,0.9,0.23,Pemalang,4.29,5,Indonesia,116,VICTORIA GIBSON,2.99,1,1,1,2,Jon Stephens,2,0.0,2005-08-18,1
2.09,3.33,5103,0.9,0.2,La Romana,5.0,1,Dominican Republic,437,RANDALL NEUMANN,2.99,1,1,1,2,Jon Stephens,2,1.0,2005-07-28,1
2.09,3.33,5104,0.9,0.2,Avellaneda,5.0,2,Argentina,560,JORDAN ARCHULETA,2.99,1,1,1,1,Mike Hillyer,1,0.0,2005-07-26,1
2.09,3.33,5104,0.9,0.2,Iwakuni,5.0,16,Japan,54,TERESA ROGERS,2.99,1,1,1,1,Mike Hillyer,1,0.0,2005-07-10,1
2.09,3.33,5106,0.9,0.2,Bhopal,5.0,26,India,15,HELEN HARRIS,2.99,1,1,1,2,Jon Stephens,2,1.0,2005-07-11,1
2.09,3.33,5106,0.9,0.2,Smolensk,5.0,10,Russian Federation,127,ELAINE STEVENS,2.99,1,1,1,2,Jon Stephens,2,0.0,2005-07-11,1
2.09,3.33,5108,0.9,0.17,Iwakuni,6.0,17,Japan,54,TERESA ROGERS,2.99,1,1,1,2,Jon Stephens,2,0.0,2005-08-17,1
2.09,3.33,5109,0.9,0.17,Halle/Saale,6.0,2,Germany,251,VICKIE BREWER,2.99,1,1,1,2,Jon Stephens,2,1.0,2005-07-08,1
2.09,3.33,5109,0.9,0.17,Tabriz,6.0,6,Iran,279,DIANNE SHELTON,2.99,1,1,1,1,Mike Hillyer,1,0.0,2005-07-28,1
2.09,3.33,5111,0.9,0.17,Guadalajara,6.0,16,Mexico,364,BENJAMIN VARNEY,2.99,1,1,1,1,Mike Hillyer,1,0.0,2005-07-27,1
2.09,3.33,5111,0.9,0.17,Rajkot,6.0,24,India,554,DWAYNE OLVERA,2.99,1,1,1,1,Mike Hillyer,1,0.0,2005-07-10,1
2.09,3.33,5113,0.9,0.17,Cuernavaca,6.0,15,Mexico,575,ISAAC OGLESBY,2.99,1,1,1,2,Jon Stephens,2,1.0,2005-07-12,1
2.13,3.46,5072,0.86,0.3,Laredo,3.33,18,United States,6,JENNIFER DAVIS,2.99,1,1,1,2,Jon Stephens,2,1.0,2005-08-18,1
2.13,3.46,5073,0.86,0.23,San Miguel de Tucumn,4.29,6,Argentina,243,LYDIA BURKE,2.99,1,1,1,1,Mike Hillyer,1,0.0,2005-08-18,1
2.13,3.46,5074,0.86,0.23,Qomsheh,4.29,4,Iran,459,TOMMY COLLAZO,2.99,1,1,1,1,Mike Hillyer,1,0.0,2005-07-06,1
2.13,3.46,5075,0.86,0.23,Santo Andr,4.29,13,Brazil,354,JUSTIN NGO,2.99,1,1,1,2,Jon Stephens,2,1.0,2005-07-08,1
2.13,3.46,5076,0.86,0.23,Vinh,4.29,5,Vietnam,523,HARVEY GUAJARDO,2.99,1,1,1,1,Mike Hillyer,1,1.0,2005-08-18,1
2.13,3.46,5077,0.86,0.2,Allende,5.0,13,Mexico,414,VINCENT RALSTON,2.99,1,1,1,1,Mike Hillyer,1,0.0,2005-07-28,1
2.13,3.46,5078,0.86,0.2,Avellaneda,5.0,5,Argentina,560,JORDAN ARCHULETA,2.99,1,1,1,2,Jon Stephens,2,0.0,2005-07-09,1
2.13,3.46,5079,0.86,0.2,Sungai Petani,5.0,2,Malaysia,306,CHARLES KOWALSKI,2.99,1,1,1,2,Jon Stephens,2,0.0,2005-07-12,1
2.13,3.46,5079,0.86,0.2,Tsuyama,5.0,16,Japan,429,FREDERICK ISBELL,2.99,1,1,1,1,Mike Hillyer,1,0.0,2005-08-18,1
2.13,3.46,5079,0.86,0.2,Valencia,5.0,1,Venezuela,539,MATHEW BOLIN,2.99,1,1,1,1,Mike Hillyer,1,1.0,2005-07-28,1
2.13,3.46,5082,0.86,0.2,Koriyama,5.0,17,Japan,401,TONY CARRANZA,2.99,1,1,1,1,Mike Hillyer,1,0.0,2005-08-17,1
2.13,3.46,5083,0.87,0.17,Greensboro,6.0,16,United States,158,VERONICA STONE,2.99,1,1,1,2,Jon Stephens,2,1.0,2005-07-27,1
2.13,3.46,5083,0.87,0.17,Mwene-Ditu,6.0,1,"Congo, The Democratic Republic of the",375,AARON SELBY,2.99,1,1,1,2,Jon Stephens,2,0.0,2005-07-09,1
2.13,3.46,5085,0.87,0.17,Nakhon Sawan,6.0,2,Thailand,390,SHAWN HEATON,2.99,1,1,1,1,Mike Hillyer,1,0.0,2005-07-06,1
2.13,3.46,5085,0.87,0.17,Nha Trang,6.0,1,Vietnam,520,MITCHELL WESTMORELAND,2.99,1,1,1,2,Jon Stephens,2,0.0,2005-07-07,1
2.13,3.46,5085,0.87,0.17,Xinxiang,6.0,24,China,339,WALTER PERRYMAN,2.99,1,1,1,2,Jon Stephens,2,1.0,2005-07-06,1
2.15,3.59,5071,0.83,0.23,Uttarpara-Kotrung,8.57,23,India,231,GEORGIA JACOBS,2.98,2,1,1,1,Mike Hillyer,1,0.5,2005-07-12,2
2.16,3.59,5069,0.83,0.13,Balaiha,7.5,13,Russian Federation,55,DORIS REED,2.99,1,1,1,1,Mike Hillyer,1,0.0,2005-07-30,1
2.16,3.59,5070,0.83,0.13,Otsu,7.5,9,Japan,285,MIRIAM MCKINNEY,2.99,1,1,1,2,Jon Stephens,2,1.0,2005-07-09,1
2.16,3.6,5054,0.83,0.27,Kakamigahara,3.75,16,Japan,163,CATHY SPENCER,2.99,1,1,1,1,Mike Hillyer,1,0.0,2005-08-18,1
2.16,3.6,5055,0.83,0.23,Almirante Brown,4.29,4,Argentina,359,WILLIE MARKHAM,2.99,1,1,1,2,Jon Stephens,2,0.0,2005-08-19,1
2.16,3.6,5055,0.83,0.23,Talavera,4.29,14,Philippines,505,RAFAEL ABNEY,2.99,1,1,1,1,Mike Hillyer,1,1.0,2005-08-22,1
2.16,3.6,5057,0.83,0.23,Leshan,4.29,26,China,569,DAVE GARDINER,2.99,1,1,1,2,Jon Stephens,2,0.0,2005-08-01,1
2.16,3.6,5057,0.83,0.23,Saint Louis,4.29,13,United States,62,JOAN COOPER,2.99,1,1,1,2,Jon Stephens,2,0.0,2005-07-06,1
2.16,3.6,5057,0.83,0.23,Xiangtan,4.29,18,China,67,KELLY TORRES,2.99,1,1,1,1,Mike Hillyer,1,0.0,2005-07-11,1
2.16,3.6,5060,0.83,0.23,Madiun,4.29,5,Indonesia,500,REGINALD KINDER,2.99,1,1,1,1,Mike Hillyer,1,1.0,2005-08-18,1
2.16,3.6,5061,0.83,0.2,Ciparay,5.0,9,Indonesia,328,JEFFREY SPEAR,2.99,1,1,1,1,Mike Hillyer,1,1.0,2005-08-02,1
2.16,3.6,5061,0.83,0.2,Rockford,5.0,15,United States,457,BILL GAVIN,2.99,1,1,1,1,Mike Hillyer,1,0.0,2005-07-31,1
2.16,3.6,5063,0.83,0.2,Nantou,5.0,7,Taiwan,5,ELIZABETH BROWN,2.99,1,1,1,2,Jon Stephens,2,0.0,2005-07-08,1
2.16,3.6,5063,0.83,0.2,Weifang,5.0,23,China,588,MARION OCAMPO,2.99,1,1,1,2,Jon Stephens,2,1.0,2005-07-27,1
2.16,3.6,5065,0.83,0.17,Ezhou,6.0,18,China,313,DONALD MAHON,2.99,1,1,1,1,Mike Hillyer,1,1.0,2005-07-11,1
2.16,3.6,5066,0.83,0.17,Boksburg,6.0,6,South Africa,125,ETHEL WEBB,2.99,1,1,1,1,Mike Hillyer,1,0.0,2005-07-09,1
2.16,3.6,5067,0.83,0.17,Papeete,6.0,2,French Polynesia,56,GLORIA COOK,2.99,1,1,1,1,Mike Hillyer,1,0.0,2005-07-27,1
2.16,3.6,5068,0.83,0.17,Duisburg,6.0,5,Germany,114,GRACE ELLIS,2.99,1,1,1,1,Mike Hillyer,1,1.0,2005-07-06,1
2.18,3.73,5053,0.8,0.17,Bucuresti,12.0,2,Romania,563,KEN PREWITT,2.98,2,2,2,1,Mike Hillyer,1,0.5,2005-08-17,2
2.18,3.74,5052,0.8,0.23,Gulbarga,8.57,31,India,370,WAYNE TRUONG,2.98,2,2,2,2,Jon Stephens,2,0.5,2005-08-17,2
2.19,3.74,5049,0.8,0.13,Sumy,7.5,6,Ukraine,187,BRITTANY RILEY,2.99,1,1,1,1,Mike Hillyer,1,0.0,2005-08-17,1
2.19,3.74,5050,0.8,0.13,Gandhinagar,7.5,24,India,117,EDITH MCDONALD,2.99,1,1,1,1,Mike Hillyer,1,0.0,2005-07-29,1
2.19,3.74,5051,0.8,0.13,Bat Yam,7.5,2,Israel,315,KENNETH GOODEN,2.99,1,1,1,2,Jon Stephens,2,0.0,2005-08-18,1
2.19,3.75,5029,0.8,0.33,Gingoog,3.0,13,Philippines,461,DEREK BLAKELY,2.99,1,1,1,2,Jon Stephens,2,0.0,2005-08-17,1
2.19,3.75,5030,0.8,0.27,Southend-on-Sea,3.75,3,United Kingdom,16,SANDRA MARTIN,2.99,1,1,1,2,Jon Stephens,2,0.0,2005-08-17,1
2.19,3.75,5031,0.8,0.23,Klerksdorp,4.29,6,South Africa,109,EDNA WEST,2.99,1,1,1,1,Mike Hillyer,1,0.0,2005-07-31,1
2.19,3.75,5032,0.8,0.23,Vitria de Santo Anto,4.29,19,Brazil,374,JEREMY HURTADO,2.99,1,1,1,1,Mike Hillyer,1,0.0,2005-08-19,1
2.19,3.75,5033,0.8,0.23,Liepaja,4.29,2,Latvia,23,SARAH LEWIS,2.99,1,1,1,2,Jon Stephens,2,0.0,2005-07-08,1
2.19,3.75,5033,0.8,0.23,Ueda,4.29,16,Japan,503,ANGEL BARCLAY,2.99,1,1,1,2,Jon Stephens,2,0.0,2005-08-18,1
2.19,3.75,5035,0.8,0.2,Rizhao,5.0,23,China,496,TYLER WREN,2.99,1,1,1,1,Mike Hillyer,1,0.0,2005-07-27,1
2.19,3.75,5035,0.8,0.2,Tsaotun,5.0,6,Taiwan,586,KIRK STCLAIR,2.99,1,1,1,1,Mike Hillyer,1,0.0,2005-08-02,1
2.19,3.75,5037,0.8,0.2,Batna,5.0,1,Algeria,441,MARIO CHEATHAM,2.99,1,1,1,2,Jon Stephens,2,0.0,2005-07-09,1
2.19,3.75,5038,0.8,0.2,Kanchrapara,5.0,29,India,492,LESTER KRAUS,2.99,1,1,1,2,Jon Stephens,2,1.0,2005-07-27,1
2.19,3.75,5038,0.8,0.2,Lancaster,5.0,15,United States,112,ROSA REYNOLDS,2.99,1,1,1,2,Jon Stephens,2,0.0,2005-07-12,1
2.19,3.75,5040,0.8,0.17,So Bernardo do Campo,6.0,12,Brazil,544,CODY NOLEN,2.99,1,1,1,2,Jon Stephens,2,0.0,2005-08-17,1
2.19,3.75,5041,0.8,0.17,Ede,6.0,4,Netherlands,341,PETER MENARD,2.99,1,1,1,1,Mike Hillyer,1,1.0,2005-08-17,1
2.19,3.75,5041,0.8,0.17,Pereira,6.0,3,Colombia,180,STACY CUNNINGHAM,2.99,1,1,1,1,Mike Hillyer,1,1.0,2005-07-27,1
2.19,3.75,5043,0.8,0.17,Arlington,6.0,16,United States,305,RICHARD MCCRARY,2.99,1,1,1,1,Mike Hillyer,1,0.0,2005-07-08,1
2.19,3.75,5043,0.8,0.17,Bhopal,6.0,24,India,15,HELEN HARRIS,2.99,1,1,1,1,Mike Hillyer,1,0.0,2005-07-10,1
2.19,3.75,5043,0.8,0.17,Imus,6.0,7,Philippines,349,JOE GILLILAND,2.99,1,1,1,1,Mike Hillyer,1,0.0,2005-07-07,1
2.19,3.75,5043,0.8,0.17,Smolensk,6.0,14,Russian Federation,127,ELAINE STEVENS,2.99,1,1,1,2,Jon Stephens,2,1.0,2005-07-10,1
2.19,3.75,5043,0.8,0.17,Yinchuan,6.0,21,China,484,ROBERTO VU,2.99,1,1,1,1,Mike Hillyer,1,1.0,2005-07-09,1
2.19,3.75,5048,0.8,0.17,Shivapuri,6.0,38,India,68,NICOLE PETERSON,2.99,1,1,1,2,Jon Stephens,2,0.0,2005-08-18,1
2.22,3.9,5028,0.77,0.17,Vinh,12.0,4,Vietnam,523,HARVEY GUAJARDO,2.98,2,1,1,2,Jon Stephens,2,0.5,2005-07-28,2
2.22,3.91,5025,0.77,0.13,Bhavnagar,7.5,23,India,379,CARLOS COUGHLIN,2.99,1,1,1,2,Jon Stephens,2,1.0,2005-07-08,1
2.22,3.91,5025,0.77,0.13,Stara Zagora,7.5,1,Bulgaria,215,JESSIE BANKS,2.99,1,1,1,2,Jon Stephens,2,0.0,2005-07-30,1
2.22,3.91,5025,0.77,0.13,York,7.5,2,United Kingdom,497,GILBERT SLEDGE,2.99,1,1,1,1,Mike Hillyer,1,0.0,2005-07-06,1
2.23,3.91,5004,0.76,0.27,Serpuhov,3.75,16,Russian Federation,567,ALFREDO MCADAMS,2.99,1,1,1,1,Mike Hillyer,1,1.0,2005-07-29,1
2.23,3.91,5005,0.76,0.23,Jaroslavl,4.29,9,Russian Federation,222,DELORES HANSEN,2.99,1,1,1,2,Jon Stephens,2,1.0,2005-08-21,1
2.23,3.91,5006,0.76,0.2,Trshavn,5.0,1,Faroe Islands,317,EDWARD BAUGH,2.99,1,1,1,2,Jon Stephens,2,0.0,2005-07-28,1
2.23,3.91,5007,0.76,0.2,Johannesburg,5.0,5,South Africa,471,DEAN SAUER,2.99,1,1,1,1,Mike Hillyer,1,1.0,2005-07-30,1
2.23,3.91,5008,0.76,0.2,Guaruj,5.0,11,Brazil,427,JESUS MCCARTNEY,2.99,1,1,1,2,Jon Stephens,2,1.0,2005-07-09,1
2.23,3.91,5008,0.76,0.2,Oulu,5.0,1,Finland,298,ERIKA PENA,2.99,1,1,1,2,Jon Stephens,2,0.0,2005-07-07,1
2.23,3.91,5008,0.76,0.2,Sirjan,5.0,1,Iran,449,OSCAR AQUINO,2.99,1,1,1,1,Mike Hillyer,1,0.0,2005-07-10,1
2.23,3.91,5011,0.76,0.2,Mukateve,5.0,3,Ukraine,131,MONICA HICKS,2.99,1,1,1,1,Mike Hillyer,1,0.0,2005-07-27,1
2.23,3.91,5012,0.76,0.2,Miyakonojo,5.0,12,Japan,253,TERRY CARLSON,2.99,1,1,1,2,Jon Stephens,2,0.0,2005-07-29,1
2.23,3.91,5013,0.77,0.17,Bhusawal,6.0,21,India,202,CARLA GUTIERREZ,2.99,1,1,1,1,Mike Hillyer,1,1.0,2005-07-28,1
2.23,3.91,5013,0.77,0.17,Iwatsuki,6.0,12,Japan,396,EARL SHANKS,2.99,1,1,1,2,Jon Stephens,2,0.0,2005-07-11,1
2.23,3.91,5013,0.77,0.17,Sucre,6.0,2,Bolivia,431,JOEL FRANCISCO,2.99,1,1,1,2,Jon Stephens,2,0.0,2005-08-17,1
2.23,3.91,5013,0.77,0.17,Tabriz,6.0,1,Iran,279,DIANNE SHELTON,2.99,1,1,1,1,Mike Hillyer,1,0.0,2005-08-16,1
2.23,3.91,5017,0.77,0.17,Adoni,6.0,26,India,367,ADAM GOOCH,2.99,1,1,1,2,Jon Stephens,2,1.0,2005-07-11,1
2.23,3.91,5017,0.77,0.17,Funafuti,6.0,1,Tuvalu,105,DAWN SULLIVAN,2.99,1,1,1,1,Mike Hillyer,1,0.0,2005-07-27,1
2.23,3.91,5017,0.77,0.17,Jodhpur,6.0,23,India,224,PEARL GARZA,2.99,1,1,1,1,Mike Hillyer,1,0.0,2005-07-08,1
2.23,3.91,5017,0.77,0.17,Mandi Bahauddin,6.0,3,Pakistan,223,MELINDA FERNANDEZ,2.99,1,1,1,2,Jon Stephens,2,1.0,2005-07-11,1
2.23,3.91,5017,0.77,0.17,Qalyub,6.0,4,Egypt,134,EMMA BOYD,2.99,1,1,1,2,Jon Stephens,2,0.0,2005-07-11,1
2.23,3.91,5017,0.77,0.17,Sungai Petani,6.0,2,Malaysia,306,CHARLES KOWALSKI,2.99,1,1,1,2,Jon Stephens,2,0.0,2005-07-10,1
2.23,3.91,5017,0.77,0.17,Tanshui,6.0,7,Taiwan,577,CLIFTON MALCOLM,2.99,1,1,1,1,Mike Hillyer,1,0.0,2005-07-08,1
2.23,3.91,5024,0.77,0.17,Cuernavaca,6.0,12,Mexico,575,ISAAC OGLESBY,2.99,1,1,1,2,Jon Stephens,2,0.0,2005-07-29,1
2.23,3.92,5003,0.76,0.3,South Hill,3.33,1,Anguilla,381,BOBBY BOUDREAU,2.99,1,1,1,2,Jon Stephens,2,0.0,2005-07-11,1
2.26,4.08,4999,0.73,0.13,Changzhou,7.5,16,China,197,SUE PETERS,2.99,1,1,1,1,Mike Hillyer,1,1.0,2005-07-28,1
2.26,4.08,4999,0.73,0.13,Sincelejo,7.5,3,Colombia,87,WANDA PATTERSON,2.99,1,1,1,2,Jon Stephens,2,0.0,2005-07-27,1
2.26,4.08,5001,0.73,0.13,Pingxiang,7.5,21,China,169,ERICA MATTHEWS,2.99,1,1,1,1,Mike Hillyer,1,0.0,2005-07-09,1
2.26,4.08,5002,0.73,0.13,Kursk,7.5,16,Russian Federation,311,PAUL TROUT,2.99,1,1,1,1,Mike Hillyer,1,0.0,2005-07-29,1
2.26,4.09,4979,0.73,0.3,Namibe,3.33,1,Angola,383,MARTIN BALES,2.99,1,1,1,1,Mike Hillyer,1,0.0,2005-08-17,1
2.26,4.09,4980,0.73,0.23,Jaffna,4.29,1,Sri Lanka,408,MANUEL MURRELL,2.99,1,1,1,2,Jon Stephens,2,0.0,2005-07-12,1
2.26,4.09,4981,0.73,0.23,Tambaram,4.29,21,India,287,BECKY MILES,2.99,1,1,1,2,Jon Stephens,2,0.0,2005-07-28,1
2.26,4.09,4982,0.73,0.2,Talavera,5.0,10,Philippines,505,RAFAEL ABNEY,2.99,1,1,1,1,Mike Hillyer,1,0.0,2005-08-21,1
2.26,4.09,4983,0.73,0.2,Ashqelon,5.0,2,Israel,478,LEWIS LYMAN,2.99,1,1,1,2,Jon Stephens,2,1.0,2005-08-19,1
2.26,4.09,4983,0.73,0.2,Ezhou,5.0,35,China,313,DONALD MAHON,2.99,1,1,1,2,Jon Stephens,2,1.0,2005-07-31,1
2.26,4.09,4983,0.73,0.2,Siliguri (Shiliguri),5.0,24,India,502,BRETT CORNWELL,2.99,1,1,1,2,Jon Stephens,2,0.0,2005-07-10,1
2.26,4.09,4983,0.73,0.2,Xiangtan,5.0,22,China,67,KELLY TORRES,2.99,1,1,1,2,Jon Stephens,2,1.0,2005-07-10,1
2.26,4.09,4987,0.73,0.2,Johannesburg,5.0,4,South Africa,471,DEAN SAUER,2.99,1,1,1,1,Mike Hillyer,1,0.0,2005-07-07,1
2.26,4.09,4987,0.73,0.2,Tama,5.0,16,Japan,385,PHILLIP HOLM,2.99,1,1,1,1,Mike Hillyer,1,1.0,2005-07-10,1
2.26,4.09,4987,0.73,0.2,Tangail,5.0,2,Bangladesh,21,MICHELLE CLARK,2.99,1,1,1,2,Jon Stephens,2,1.0,2005-07-29,1
2.26,4.09,4990,0.73,0.2,Hamilton,5.0,1,New Zealand,8,SUSAN WILSON,2.99,1,1,1,1,Mike Hillyer,1,0.0,2005-08-18,1
2.26,4.09,4990,0.73,0.2,Mardan,5.0,1,Pakistan,20,SHARON ROBINSON,2.99,1,1,1,1,Mike Hillyer,1,1.0,2005-07-10,1
2.26,4.09,4990,0.73,0.2,Phnom Penh,5.0,2,Cambodia,228,ALLISON STANLEY,2.99,1,1,1,2,Jon Stephens,2,0.0,2005-08-19,1
2.26,4.09,4993,0.73,0.17,Maracabo,6.0,4,Venezuela,453,CALVIN MARTEL,2.99,1,1,1,1,Mike Hillyer,1,1.0,2005-08-18,1
2.26,4.09,4994,0.73,0.17,Beni-Mellal,6.0,1,Morocco,543,LANCE PEMBERTON,2.99,1,1,1,1,Mike Hillyer,1,1.0,2005-07-08,1
2.26,4.09,4994,0.73,0.17,Nagaon,6.0,20,India,152,ALICIA MILLS,2.99,1,1,1,1,Mike Hillyer,1,0.0,2005-07-12,1
2.26,4.09,4994,0.73,0.17,Salamanca,6.0,12,Mexico,273,PRISCILLA LOWE,2.99,1,1,1,2,Jon Stephens,2,0.0,2005-07-06,1
2.26,4.09,4994,0.73,0.17,Tieli,6.0,22,China,599,AUSTIN CINTRON,2.99,1,1,1,1,Mike Hillyer,1,0.0,2005-07-10,1
2.26,4.09,4998,0.73,0.17,Kaliningrad,6.0,8,Russian Federation,301,ROBERT BAUGHMAN,2.99,1,1,1,2,Jon Stephens,2,0.0,2005-08-20,1
2.28,4.26,4978,0.7,0.1,Fukuyama,20.0,12,Japan,141,DEBBIE REYES,2.98,2,2,2,2,Jon Stephens,2,0.5,2005-07-07,2
2.29,4.28,4961,0.7,0.2,Vitria de Santo Anto,5.0,17,Brazil,374,JEREMY HURTADO,2.99,1,1,1,2,Jon Stephens,2,0.0,2005-08-18,1
2.29,4.28,4962,0.7,0.2,Serpuhov,5.0,10,Russian Federation,567,ALFREDO MCADAMS,2.99,1,1,1,2,Jon Stephens,2,0.0,2005-07-11,1
2.29,4.28,4963,0.7,0.2,Ashgabat,5.0,1,Turkmenistan,200,JEANNE LAWSON,2.99,1,1,1,1,Mike Hillyer,1,0.0,2005-07-27,1
2.29,4.28,4963,0.7,0.2,Barcelona,5.0,6,Venezuela,568,ALBERTO HENNING,2.99,1,1,1,2,Jon Stephens,2,0.0,2005-07-09,1
2.29,4.28,4963,0.7,0.2,Bayugan,5.0,11,Philippines,188,MELANIE ARMSTRONG,2.99,1,1,1,2,Jon Stephens,2,0.0,2005-07-09,1
2.29,4.28,4966,0.7,0.2,Shenzhen,5.0,23,China,378,EUGENE CULPEPPER,2.99,1,1,1,1,Mike Hillyer,1,0.0,2005-08-18,1
2.29,4.28,4967,0.7,0.17,Buenaventura,6.0,4,Colombia,235,JACKIE LYNCH,2.99,1,1,1,2,Jon Stephens,2,0.0,2005-07-08,1
2.29,4.28,4967,0.7,0.17,Hidalgo,6.0,17,Mexico,150,DANIELLE DANIELS,2.99,1,1,1,2,Jon Stephens,2,1.0,2005-08-02,1
2.29,4.28,4967,0.7,0.17,Hunuco,6.0,2,Peru,565,JAIME NETTLES,2.99,1,1,1,1,Mike Hillyer,1,0.0,2005-07-07,1
2.29,4.28,4967,0.7,0.17,Siegen,6.0,5,Germany,195,VANESSA SIMS,2.99,1,1,1,1,Mike Hillyer,1,1.0,2005-07-27,1
2.29,4.28,4967,0.7,0.17,Simferopol,6.0,5,Ukraine,82,KATHRYN COLEMAN,2.99,1,1,1,1,Mike Hillyer,1,0.0,2005-07-06,1
2.29,4.28,4972,0.7,0.13,Garden Grove,7.5,13,United States,593,RENE MCALISTER,2.99,1,1,1,2,Jon Stephens,2,0.0,2005-07-06,1
2.29,4.28,4972,0.7,0.13,Nukualofa,7.5,1,Tonga,344,HENRY BILLINGSLEY,2.99,1,1,1,2,Jon Stephens,2,1.0,2005-07-29,1
2.29,4.28,4974,0.7,0.13,Allappuzha (Alleppey),7.5,29,India,175,ANNETTE OLSON,2.99,1,1,1,1,Mike Hillyer,1,0.0,2005-07-27,1
2.29,4.28,4974,0.7,0.13,Nagaon,7.5,38,India,152,ALICIA MILLS,2.99,1,1,1,1,Mike Hillyer,1,0.0,2005-08-18,1
2.29,4.28,4976,0.7,0.13,Kirovo-Tepetsk,7.5,16,Russian Federation,179,DANA HART,2.99,1,1,1,1,Mike Hillyer,1,1.0,2005-07-08,1
2.29,4.28,4977,0.7,0.13,Ciudad del Este,7.5,1,Paraguay,205,EILEEN CARR,2.99,1,1,1,1,Mike Hillyer,1,0.0,2005-08-20,1
2.29,4.29,4958,0.7,0.23,A Corua (La Corua),4.29,4,Spain,52,JULIE SANCHEZ,2.99,1,1,1,1,Mike Hillyer,1,1.0,2005-07-10,1
2.29,4.29,4958,0.7,0.23,Bradford,4.29,8,United Kingdom,85,ANNE POWELL,2.99,1,1,1,1,Mike Hillyer,1,1.0,2005-07-08,1
2.29,4.29,4960,0.7,0.23,Matsue,4.29,10,Japan,355,TERRY GRISSOM,2.99,1,1,1,2,Jon Stephens,2,0.0,2005-08-23,1
2.32,4.49,4948,0.67,0.13,Kisumu,7.5,1,Kenya,193,KATIE ELLIOTT,2.99,1,1,1,1,Mike Hillyer,1,0.0,2005-07-30,1
2.32,4.49,4949,0.67,0.13,Mwene-Ditu,7.5,1,"Congo, The Democratic Republic of the",375,AARON SELBY,2.99,1,1,1,2,Jon Stephens,2,1.0,2005-07-30,1
2.32,4.49,4950,0.67,0.13,Baiyin,7.5,24,China,495,CHARLIE BESS,2.99,1,1,1,2,Jon Stephens,2,0.0,2005-07-06,1
2.32,4.49,4950,0.67,0.13,Jinchang,7.5,19,China,168,REGINA BERRY,2.99,1,1,1,2,Jon Stephens,2,0.0,2005-07-08,1
2.32,4.49,4950,0.67,0.13,Karnal,7.5,23,India,274,NAOMI JENNINGS,2.99,1,1,1,2,Jon Stephens,2,0.0,2005-07-08,1
2.32,4.49,4950,0.67,0.13,Osmaniye,7.5,7,Turkey,13,KAREN JACKSON,2.99,1,1,1,2,Jon Stephens,2,0.0,2005-07-06,1
2.32,4.49,4950,0.67,0.13,Stockport,7.5,5,United Kingdom,477,DAN PAINE,2.99,1,1,1,2,Jon Stephens,2,0.0,2005-07-27,1
2.32,4.49,4950,0.67,0.13,al-Hawiya,7.5,4,Saudi Arabia,70,CHRISTINA RAMIREZ,2.99,1,1,1,1,Mike Hillyer,1,0.0,2005-07-28,1
2.32,4.49,4956,0.67,0.13,Bhilwara,7.5,24,India,209,TONYA CHAPMAN,2.99,1,1,1,2,Jon Stephens,2,1.0,2005-07-06,1
2.32,4.49,4956,0.67,0.13,Junan,7.5,1,China,435,RICKY SHELBY,2.99,1,1,1,1,Mike Hillyer,1,0.0,2005-07-26,1
2.33,4.5,4931,0.66,0.27,South Hill,3.75,1,Anguilla,381,BOBBY BOUDREAU,2.99,1,1,1,1,Mike Hillyer,1,0.0,2005-07-28,1
2.33,4.5,4932,0.66,0.27,Tandil,3.75,5,Argentina,405,LEONARD SCHOFIELD,2.99,1,1,1,2,Jon Stephens,2,0.0,2005-07-29,1
2.33,4.5,4933,0.66,0.27,Shanwei,3.75,16,China,424,KYLE SPURLOCK,2.99,1,1,1,2,Jon Stephens,2,0.0,2005-07-28,1
2.33,4.5,4934,0.66,0.23,Aurora,4.29,16,United States,537,CLINTON BUFORD,2.99,1,1,1,1,Mike Hillyer,1,0.0,2005-07-27,1
2.33,4.5,4934,0.66,0.23,Serpuhov,4.29,19,Russian Federation,567,ALFREDO MCADAMS,2.99,1,1,1,1,Mike Hillyer,1,0.0,2005-07-28,1
2.33,4.5,4936,0.66,0.23,Dadu,4.29,3,Pakistan,416,JEFFERY PINSON,2.99,1,1,1,1,Mike Hillyer,1,1.0,2005-07-11,1
2.33,4.5,4937,0.66,0.2,Enshi,5.0,30,China,110,TIFFANY JORDAN,2.99,1,1,1,2,Jon Stephens,2,0.0,2005-08-22,1
2.33,4.5,4937,0.66,0.2,Shaoguan,5.0,19,China,485,CLYDE TOBIAS,2.99,1,1,1,2,Jon Stephens,2,0.0,2005-07-08,1
2.33,4.5,4939,0.66,0.2,Jaroslavl,5.0,8,Russian Federation,222,DELORES HANSEN,2.99,1,1,1,1,Mike Hillyer,1,1.0,2005-08-20,1
2.33,4.5,4939,0.66,0.2,Uijongbu,5.0,4,South Korea,245,COURTNEY DAY,2.99,1,1,1,2,Jon Stephens,2,0.0,2005-07-11,1
2.33,4.5,4941,0.66,0.17,Trshavn,6.0,1,Faroe Islands,317,EDWARD BAUGH,2.99,1,1,1,1,Mike Hillyer,1,0.0,2005-07-27,1
2.33,4.5,4942,0.67,0.17,Korolev,6.0,8,Russian Federation,393,PHILIP CAUSEY,2.99,1,1,1,2,Jon Stephens,2,1.0,2005-07-07,1
2.33,4.5,4942,0.67,0.17,Oulu,6.0,1,Finland,298,ERIKA PENA,2.99,1,1,1,1,Mike Hillyer,1,0.0,2005-07-06,1
2.33,4.5,4944,0.67,0.17,Anpolis,6.0,9,Brazil,229,TAMARA NGUYEN,2.99,1,1,1,2,Jon Stephens,2,0.0,2005-07-07,1
2.33,4.5,4944,0.67,0.17,Tel Aviv-Jaffa,6.0,2,Israel,161,GERALDINE PERKINS,2.99,1,1,1,1,Mike Hillyer,1,0.0,2005-07-08,1
2.33,4.5,4944,0.67,0.17,Warren,6.0,19,United States,276,BRANDY GRAVES,2.99,1,1,1,2,Jon Stephens,2,1.0,2005-07-28,1
2.33,4.5,4947,0.67,0.17,Alvorada,6.0,12,Brazil,551,CLAYTON BARBEE,2.99,1,1,1,2,Jon Stephens,2,0.0,2005-08-17,1
2.36,4.73,4916,0.63,0.17,Ashqelon,6.0,1,Israel,478,LEWIS LYMAN,2.99,1,1,1,1,Mike Hillyer,1,0.0,2005-08-17,1
2.36,4.73,4916,0.63,0.17,Ondo,6.0,9,Nigeria,156,BERTHA FERGUSON,2.99,1,1,1,2,Jon Stephens,2,0.0,2005-07-27,1
2.36,4.73,4916,0.63,0.17,Tsaotun,6.0,7,Taiwan,586,KIRK STCLAIR,2.99,1,1,1,1,Mike Hillyer,1,0.0,2005-07-12,1
2.36,4.73,4916,0.63,0.17,Xiangtan,6.0,21,China,67,KELLY TORRES,2.99,1,1,1,2,Jon Stephens,2,0.0,2005-07-09,1
2.36,4.73,4920,0.63,0.17,Hami,6.0,19,China,165,LORRAINE STEPHENS,2.99,1,1,1,2,Jon Stephens,2,0.0,2005-07-08,1
2.36,4.73,4920,0.63,0.17,Osmaniye,6.0,11,Turkey,13,KAREN JACKSON,2.99,1,1,1,1,Mike Hillyer,1,0.0,2005-07-28,1
2.36,4.73,4922,0.63,0.17,Jhansi,6.0,24,India,32,AMY LOPEZ,2.99,1,1,1,1,Mike Hillyer,1,0.0,2005-07-07,1
2.36,4.73,4922,0.63,0.17,Masqat,6.0,1,Oman,9,MARGARET MOORE,2.99,1,1,1,1,Mike Hillyer,1,0.0,2005-07-10,1
2.36,4.73,4922,0.63,0.17,Satna,6.0,29,India,356,GERALD FULTZ,2.99,1,1,1,1,Mike Hillyer,1,1.0,2005-07-27,1
2.36,4.73,4922,0.63,0.17,Ueda,6.0,9,Japan,503,ANGEL BARCLAY,2.99,1,1,1,2,Jon Stephens,2,0.0,2005-07-09,1
2.36,4.73,4926,0.63,0.17,Jos Azueta,6.0,14,Mexico,581,VIRGIL WOFFORD,2.99,1,1,1,2,Jon Stephens,2,1.0,2005-08-17,1
2.36,4.73,4927,0.63,0.13,Lubumbashi,7.5,2,"Congo, The Democratic Republic of the",387,JESSE SCHILLING,2.99,1,1,1,1,Mike Hillyer,1,1.0,2005-07-28,1
2.36,4.73,4928,0.63,0.13,Gorontalo,7.5,5,Indonesia,203,TARA RYAN,2.99,1,1,1,2,Jon Stephens,2,0.0,2005-07-07,1
2.36,4.73,4928,0.63,0.13,Niznekamsk,7.5,19,Russian Federation,48,ANN EVANS,2.99,1,1,1,1,Mike Hillyer,1,1.0,2005-07-28,1
2.36,4.73,4930,0.63,0.1,Baiyin,10.0,23,China,495,CHARLIE BESS,2.99,1,1,1,2,Jon Stephens,2,1.0,2005-07-27,1
2.36,4.74,4912,0.63,0.23,Valle de Santiago,4.29,12,Mexico,288,BOBBIE CRAIG,2.99,1,1,1,2,Jon Stephens,2,1.0,2005-07-30,1
2.36,4.74,4913,0.63,0.23,Nagareyama,4.29,9,Japan,53,HEATHER MORRIS,2.99,1,1,1,2,Jon Stephens,2,0.0,2005-07-09,1
2.36,4.74,4914,0.63,0.2,Kilis,5.0,8,Turkey,143,LESLIE GORDON,2.99,1,1,1,1,Mike Hillyer,1,0.0,2005-08-18,1
2.36,4.74,4915,0.63,0.2,Tambaram,5.0,29,India,287,BECKY MILES,2.99,1,1,1,2,Jon Stephens,2,1.0,2005-07-27,1
2.37,4.97,4911,0.6,0.2,Kermanshah,15.0,4,Iran,377,HOWARD FORTNER,2.97,3,2,2,1,Mike Hillyer,1,0.0,2005-07-07,3
2.38,4.98,4910,0.6,0.13,Matamoros,15.0,16,Mexico,177,SAMANTHA DUNCAN,2.98,2,2,2,1,Mike Hillyer,1,0.5,2005-07-28,2
2.39,4.99,4904,0.6,0.13,Novi Sad,7.5,2,Yugoslavia,553,MAX PITT,2.99,1,1,1,1,Mike Hillyer,1,1.0,2005-08-20,1
2.39,4.99,4905,0.6,0.13,Addis Abeba,7.5,1,Ethiopia,392,SEAN DOUGLASS,2.99,1,1,1,1,Mike Hillyer,1,0.0,2005-07-06,1
2.39,4.99,4905,0.6,0.13,Hidalgo,7.5,14,Mexico,150,DANIELLE DANIELS,2.99,1,1,1,1,Mike Hillyer,1,0.0,2005-08-01,1
2.39,4.99,4905,0.6,0.13,Hunuco,7.5,2,Peru,565,JAIME NETTLES,2.99,1,1,1,1,Mike Hillyer,1,1.0,2005-07-06,1
2.39,4.99,4905,0.6,0.13,Okayama,7.5,16,Japan,489,RICARDO MEADOR,2.99,1,1,1,2,Jon Stephens,2,1.0,2005-07-06,1
2.39,4.99,4909,0.6,0.13,Zalantun,7.5,23,China,93,PHYLLIS FOSTER,2.99,1,1,1,1,Mike Hillyer,1,1.0,2005-07-27,1
2.39,5.0,4892,0.6,0.23,Cianjur,4.29,4,Indonesia,411,NORMAN CURRIER,2.99,1,1,1,1,Mike Hillyer,1,0.0,2005-07-10,1
2.39,5.0,4893,0.6,0.23,Kurashiki,4.29,1,Japan,34,REBECCA SCOTT,2.99,1,1,1,1,Mike Hillyer,1,0.0,2005-08-16,1
2.39,5.0,4894,0.6,0.23,Monywa,4.29,2,Myanmar,256,MABEL HOLLAND,2.99,1,1,1,2,Jon Stephens,2,1.0,2005-08-02,1
2.39,5.0,4895,0.6,0.2,Fukuyama,5.0,15,Japan,141,DEBBIE REYES,2.99,1,1,1,2,Jon Stephens,2,0.0,2005-07-28,1
2.39,5.0,4895,0.6,0.2,Shikarpur,5.0,4,Pakistan,25,DEBORAH WALKER,2.99,1,1,1,2,Jon Stephens,2,0.0,2005-07-29,1
2.39,5.0,4895,0.6,0.2,Toulouse,5.0,2,France,35,VIRGINIA GREEN,2.99,1,1,1,2,Jon Stephens,2,1.0,2005-07-06,1
2.39,5.0,4898,0.6,0.17,Donostia-San Sebastin,6.0,4,Spain,293,MAE FLETCHER,2.99,1,1,1,1,Mike Hillyer,1,0.0,2005-08-17,1
2.39,5.0,4899,0.6,0.17,Chapra,6.0,19,India,509,RAUL FORTIER,2.99,1,1,1,2,Jon Stephens,2,0.0,2005-07-09,1
2.39,5.0,4899,0.6,0.17,Oyo,6.0,6,Nigeria,250,JO FOWLER,2.99,1,1,1,1,Mike Hillyer,1,1.0,2005-07-11,1
2.39,5.0,4901,0.6,0.17,Barcelona,6.0,5,Venezuela,568,ALBERTO HENNING,2.99,1,1,1,1,Mike Hillyer,1,0.0,2005-07-07,1
2.39,5.0,4901,0.6,0.17,Bayugan,6.0,7,Philippines,188,MELANIE ARMSTRONG,2.99,1,1,1,2,Jon Stephens,2,0.0,2005-07-07,1
2.39,5.0,4901,0.6,0.17,Roanoke,6.0,10,United States,291,TONI HOLT,2.99,1,1,1,2,Jon Stephens,2,0.0,2005-07-10,1
2.42,5.27,4891,0.57,0.17,Hagonoy,12.0,12,Philippines,255,IRMA PEARSON,2.98,2,1,1,1,Mike Hillyer,1,0.5,2005-07-10,2
2.42,5.29,4885,0.57,0.13,Ondo,7.5,5,Nigeria,156,BERTHA FERGUSON,2.99,1,1,1,2,Jon Stephens,2,1.0,2005-07-07,1
2.42,5.29,4886,0.57,0.13,Aurora,7.5,21,United States,330,SCOTT SHELLEY,2.99,1,1,1,1,Mike Hillyer,1,0.0,2005-08-17,1
2.42,5.29,4887,0.57,0.13,Linz,7.5,1,Austria,159,JILL HAWKINS,2.99,1,1,1,2,Jon Stephens,2,0.0,2005-07-28,1
2.42,5.29,4888,0.57,0.1,Nuuk,10.0,1,Greenland,207,GERTRUDE CASTILLO,2.99,1,1,1,1,Mike Hillyer,1,0.0,2005-07-07,1
2.42,5.29,4888,0.57,0.1,Surakarta,10.0,6,Indonesia,450,JAY ROBB,2.99,1,1,1,2,Jon Stephens,2,0.0,2005-07-27,1
2.42,5.29,4890,0.57,0.1,Karnal,10.0,24,India,274,NAOMI JENNINGS,2.99,1,1,1,1,Mike Hillyer,1,0.0,2005-07-07,1
2.43,5.29,4880,0.57,0.17,Enshi,6.0,25,China,110,TIFFANY JORDAN,2.99,1,1,1,1,Mike Hillyer,1,1.0,2005-08-20,1
2.43,5.29,4880,0.57,0.17,Ziguinchor,6.0,1,Senegal,456,RONNIE RICKETTS,2.99,1,1,1,2,Jon Stephens,2,1.0,2005-07-27,1
2.43,5.29,4882,0.57,0.17,Tonghae,6.0,2,South Korea,536,FERNANDO CHURCHILL,2.99,1,1,1,1,Mike Hillyer,1,0.0,2005-07-07,1
2.43,5.29,4883,0.57,0.17,Saint Louis,6.0,23,United States,62,JOAN COOPER,2.99,1,1,1,1,Mike Hillyer,1,0.0,2005-08-01,1
2.43,5.29,4884,0.57,0.17,Jaroslavl,6.0,12,Russian Federation,222,DELORES HANSEN,2.99,1,1,1,2,Jon Stephens,2,0.0,2005-08-18,1
2.43,5.3,4874,0.56,0.23,South Hill,4.29,1,Anguilla,381,BOBBY BOUDREAU,2.99,1,1,1,1,Mike Hillyer,1,1.0,2005-07-27,1
2.43,5.3,4875,0.56,0.23,Halifax,4.29,2,Canada,463,DARRELL POWER,2.99,1,1,1,1,Mike Hillyer,1,0.0,2005-07-29,1
2.43,5.3,4875,0.56,0.23,Shanwei,4.29,23,China,424,KYLE SPURLOCK,2.99,1,1,1,1,Mike Hillyer,1,0.0,2005-07-27,1
2.43,5.3,4877,0.56,0.2,Kragujevac,5.0,2,Yugoslavia,7,MARIA MILLER,2.99,1,1,1,2,Jon Stephens,2,0.0,2005-07-07,1
2.43,5.3,4877,0.56,0.2,Serpuhov,5.0,9,Russian Federation,567,ALFREDO MCADAMS,2.99,1,1,1,2,Jon Stephens,2,0.0,2005-07-27,1
2.43,5.3,4879,0.56,0.2,Sullana,5.0,3,Peru,597,FREDDIE DUGGAN,2.99,1,1,1,1,Mike Hillyer,1,0.0,2005-07-12,1
2.45,5.6,4873,0.53,0.1,Masqat,20.0,2,Oman,9,MARGARET MOORE,2.98,2,2,2,1,Mike Hillyer,1,1.0,2005-07-08,2
2.46,5.62,4855,0.53,0.17,Amroha,6.0,24,India,534,CHRISTIAN JUNG,2.99,1,1,1,1,Mike Hillyer,1,1.0,2005-07-06,1
2.46,5.62,4855,0.53,0.17,Aparecida de Goinia,6.0,9,Brazil,216,NATALIE MEYER,2.99,1,1,1,2,Jon Stephens,2,1.0,2005-07-07,1
2.46,5.62,4855,0.53,0.17,Oyo,6.0,7,Nigeria,250,JO FOWLER,2.99,1,1,1,1,Mike Hillyer,1,0.0,2005-07-29,1
2.46,5.62,4855,0.53,0.17,Uttarpara-Kotrung,6.0,19,India,231,GEORGIA JACOBS,2.99,1,1,1,1,Mike Hillyer,1,1.0,2005-07-09,1
2.46,5.62,4859,0.53,0.17,Kaduna,6.0,7,Nigeria,18,CAROL GARCIA,2.99,1,1,1,2,Jon Stephens,2,0.0,2005-07-28,1
2.46,5.62,4860,0.53,0.13,Tsaotun,7.5,7,Taiwan,586,KIRK STCLAIR,2.99,1,1,1,2,Jon Stephens,2,0.0,2005-07-09,1
2.46,5.62,4861,0.53,0.13,Jastrzebie-Zdrj,7.5,2,Poland,128,MARJORIE TUCKER,2.99,1,1,1,1,Mike Hillyer,1,0.0,2005-07-09,1
2.46,5.62,4861,0.53,0.13,Ktahya,7.5,7,Turkey,124,SHEILA WELLS,2.99,1,1,1,1,Mike Hillyer,1,1.0,2005-07-11,1
2.46,5.62,4861,0.53,0.13,Pachuca de Soto,7.5,17,Mexico,353,JONATHAN SCARBOROUGH,2.99,1,1,1,2,Jon Stephens,2,0.0,2005-07-31,1
2.46,5.62,4864,0.53,0.13,Halisahar,7.5,29,India,259,LENA JENSEN,2.99,1,1,1,2,Jon Stephens,2,0.0,2005-07-27,1
2.46,5.62,4864,0.53,0.13,Jhansi,7.5,24,India,32,AMY LOPEZ,2.99,1,1,1,1,Mike Hillyer,1,1.0,2005-07-06,1
2.46,5.62,4864,0.53,0.13,Omiya,7.5,16,Japan,404,STANLEY SCROGGINS,2.99,1,1,1,1,Mike Hillyer,1,0.0,2005-07-06,1
2.46,5.62,4864,0.53,0.13,Santo Andr,7.5,13,Brazil,354,JUSTIN NGO,2.99,1,1,1,2,Jon Stephens,2,0.0,2005-07-06,1
2.46,5.62,4864,0.53,0.13,Ueda,7.5,11,Japan,503,ANGEL BARCLAY,2.99,1,1,1,2,Jon Stephens,2,1.0,2005-07-08,1
2.46,5.62,4869,0.53,0.1,Ezhou,10.0,19,China,313,DONALD MAHON,2.99,1,1,1,2,Jon Stephens,2,0.0,2005-07-08,1
2.46,5.62,4870,0.53,0.1,Coacalco de Berriozbal,10.0,17,Mexico,247,STELLA MORENO,2.99,1,1,1,1,Mike Hillyer,1,0.0,2005-07-08,1
2.46,5.62,4870,0.53,0.1,Niznekamsk,10.0,8,Russian Federation,48,ANN EVANS,2.99,1,1,1,1,Mike Hillyer,1,0.0,2005-07-07,1
2.46,5.62,4870,0.53,0.1,Olomouc,10.0,1,Czech Republic,265,JENNIE TERRY,2.99,1,1,1,1,Mike Hillyer,1,0.0,2005-07-06,1
2.46,5.63,4851,0.53,0.2,Tsaotun,5.0,6,Taiwan,586,KIRK STCLAIR,2.99,1,1,1,2,Jon Stephens,2,0.0,2005-08-20,1
2.46,5.63,4852,0.53,0.2,Tandil,5.0,8,Argentina,405,LEONARD SCHOFIELD,2.99,1,1,1,1,Mike Hillyer,1,0.0,2005-07-27,1
2.46,5.63,4852,0.53,0.2,Teboksary,5.0,16,Russian Federation,350,JUAN FRALEY,2.99,1,1,1,1,Mike Hillyer,1,1.0,2005-07-08,1
2.46,5.63,4854,0.53,0.2,Vilnius,5.0,1,Lithuania,557,FELIX GAFFNEY,2.99,1,1,1,1,Mike Hillyer,1,0.0,2005-08-19,1
2.49,5.99,4846,0.5,0.1,Hidalgo,10.0,12,Mexico,150,DANIELLE DANIELS,2.99,1,1,1,1,Mike Hillyer,1,1.0,2005-07-30,1
2.49,5.99,4846,0.5,0.1,Kingstown,10.0,1,Saint Vincent and the Grenadines,326,JOSE ANDREW,2.99,1,1,1,1,Mike Hillyer,1,0.0,2005-07-27,1
2.49,5.99,4848,0.5,0.1,Hidalgo,10.0,15,Mexico,150,DANIELLE DANIELS,2.99,1,1,1,1,Mike Hillyer,1,0.0,2005-07-12,1
2.49,5.99,4849,0.5,0.1,Yantai,10.0,16,China,272,KAY CALDWELL,2.99,1,1,1,2,Jon Stephens,2,0.0,2005-07-28,1
2.49,5.99,4850,0.5,0.07,Mukateve,15.0,5,Ukraine,131,MONICA HICKS,2.99,1,1,1,1,Mike Hillyer,1,0.0,2005-07-06,1
2.49,6.0,4833,0.5,0.2,Tallahassee,5.0,15,United States,248,CAROLINE BOWMAN,2.99,1,1,1,2,Jon Stephens,2,0.0,2005-07-12,1
2.49,6.0,4834,0.5,0.2,Hohhot,5.0,23,China,138,HAZEL WARREN,2.99,1,1,1,1,Mike Hillyer,1,0.0,2005-07-27,1
2.49,6.0,4835,0.5,0.2,Crdoba,5.0,4,Argentina,24,KIMBERLY LEE,2.99,1,1,1,2,Jon Stephens,2,0.0,2005-08-17,1
2.49,6.0,4836,0.5,0.17,Kermanshah,6.0,4,Iran,377,HOWARD FORTNER,2.99,1,1,1,1,Mike Hillyer,1,0.0,2005-07-06,1
2.49,6.0,4837,0.5,0.13,Talavera,7.5,13,Philippines,505,RAFAEL ABNEY,2.99,1,1,1,1,Mike Hillyer,1,1.0,2005-08-17,1
2.49,6.0,4838,0.5,0.13,Ranchi,7.5,24,India,358,SAMUEL MARLOW,2.99,1,1,1,1,Mike Hillyer,1,0.0,2005-07-29,1
2.49,6.0,4839,0.5,0.13,Chapra,7.5,23,India,509,RAUL FORTIER,2.99,1,1,1,2,Jon Stephens,2,0.0,2005-07-08,1
2.49,6.0,4839,0.5,0.13,Kamyin,7.5,9,Russian Federation,510,BEN EASTER,2.99,1,1,1,1,Mike Hillyer,1,0.0,2005-07-27,1
2.49,6.0,4841,0.5,0.13,Abha,7.5,2,Saudi Arabia,101,PEGGY MYERS,2.99,1,1,1,1,Mike Hillyer,1,0.0,2005-07-10,1
2.49,6.0,4841,0.5,0.13,Luzinia,7.5,13,Brazil,183,IDA ANDREWS,2.99,1,1,1,1,Mike Hillyer,1,0.0,2005-07-06,1
2.49,6.0,4843,0.5,0.13,Jodhpur,7.5,29,India,224,PEARL GARZA,2.99,1,1,1,2,Jon Stephens,2,0.0,2005-07-27,1
2.49,6.0,4843,0.5,0.13,Toulon,7.5,3,France,104,RITA GRAHAM,2.99,1,1,1,1,Mike Hillyer,1,0.0,2005-08-17,1
2.49,6.0,4845,0.5,0.13,Patiala,7.5,24,India,296,RAMONA HALE,2.99,1,1,1,1,Mike Hillyer,1,1.0,2005-07-06,1
2.49,6.01,4832,0.5,0.23,Berhampore (Baharampur),4.29,38,India,413,MARVIN YEE,2.99,1,1,1,2,Jon Stephens,2,0.0,2005-08-18,1
2.51,6.4,4831,0.47,0.13,Datong,15.0,32,China,260,CHRISTY VARGAS,2.98,2,2,2,1,Mike Hillyer,1,0.5,2005-07-27,2
2.52,6.42,4827,0.47,0.1,Gaziantep,10.0,9,Turkey,480,COREY HAUSER,2.99,1,1,1,1,Mike Hillyer,1,1.0,2005-07-27,1
2.52,6.42,4828,0.47,0.1,Sogamoso,10.0,3,Colombia,490,SAM MCDUFFIE,2.99,1,1,1,1,Mike Hillyer,1,0.0,2005-07-07,1
2.52,6.42,4829,0.47,0.1,Oyo,10.0,6,Nigeria,250,JO FOWLER,2.99,1,1,1,1,Mike Hillyer,1,0.0,2005-07-09,1
2.52,6.42,4830,0.47,0.07,Enshi,15.0,23,China,110,TIFFANY JORDAN,2.99,1,1,1,1,Mike Hillyer,1,0.0,2005-07-07,1
2.52,6.43,4822,0.47,0.13,Dundee,7.5,4,United Kingdom,142,APRIL BURNS,2.99,1,1,1,1,Mike Hillyer,1,0.0,2005-07-28,1
2.52,6.43,4823,0.47,0.13,Valle de Santiago,7.5,11,Mexico,288,BOBBIE CRAIG,2.99,1,1,1,1,Mike Hillyer,1,0.0,2005-07-11,1
2.52,6.43,4824,0.47,0.13,Idfu,7.5,2,Egypt,233,LILLIE KIM,2.99,1,1,1,1,Mike Hillyer,1,1.0,2005-07-06,1
2.52,6.43,4825,0.47,0.13,Ede,7.5,3,Netherlands,341,PETER MENARD,2.99,1,1,1,2,Jon Stephens,2,1.0,2005-07-27,1
2.52,6.43,4826,0.47,0.13,Zhoushan,7.5,16,China,550,GUY BROWNLEE,2.99,1,1,1,2,Jon Stephens,2,0.0,2005-07-28,1
2.53,6.43,4820,0.47,0.17,Laiwu,6.0,23,China,151,MEGAN PALMER,2.99,1,1,1,1,Mike Hillyer,1,0.0,2005-07-07,1
2.53,6.43,4821,0.47,0.17,Sullana,6.0,2,Peru,597,FREDDIE DUGGAN,2.99,1,1,1,2,Jon Stephens,2,0.0,2005-07-10,1
2.56,6.91,4817,0.43,0.07,Yerevan,15.0,1,Armenia,41,STEPHANIE MITCHELL,2.99,1,1,1,2,Jon Stephens,2,0.0,2005-07-06,1
2.56,6.91,4818,0.43,0.07,Masqat,15.0,2,Oman,9,MARGARET MOORE,2.99,1,1,1,1,Mike Hillyer,1,0.0,2005-07-07,1
2.56,6.91,4819,0.43,0.07,al-Ayn,15.0,1,United Arab Emirates,98,LILLIAN GRIFFIN,2.99,1,1,1,2,Jon Stephens,2,0.0,2005-07-26,1
2.56,6.92,4800,0.43,0.13,Gaziantep,7.5,7,Turkey,480,COREY HAUSER,2.99,1,1,1,1,Mike Hillyer,1,0.0,2005-07-11,1
2.56,6.92,4801,0.43,0.13,Hagonoy,7.5,10,Philippines,255,IRMA PEARSON,2.99,1,1,1,1,Mike Hillyer,1,0.0,2005-07-28,1
2.56,6.92,4801,0.43,0.13,London,7.5,3,United Kingdom,252,MATTIE HOFFMAN,2.99,1,1,1,2,Jon Stephens,2,1.0,2005-07-10,1
2.56,6.92,4801,0.43,0.13,Siliguri (Shiliguri),7.5,23,India,502,BRETT CORNWELL,2.99,1,1,1,1,Mike Hillyer,1,1.0,2005-07-08,1
2.56,6.92,4804,0.43,0.13,Pak Kret,7.5,2,Thailand,42,CAROLYN PEREZ,2.99,1,1,1,2,Jon Stephens,2,0.0,2005-07-07,1
2.56,6.92,4804,0.43,0.13,Yaound,7.5,1,Cameroon,361,LAWRENCE LAWTON,2.99,1,1,1,2,Jon Stephens,2,0.0,2005-07-09,1
2.56,6.92,4806,0.43,0.13,Fuzhou,7.5,25,China,281,LEONA OBRIEN,2.99,1,1,1,1,Mike Hillyer,1,0.0,2005-08-20,1
2.56,6.92,4807,0.43,0.1,Witten,10.0,3,Germany,201,VICKI FIELDS,2.99,1,1,1,2,Jon Stephens,2,0.0,2005-07-28,1
2.56,6.92,4808,0.43,0.1,Dongying,10.0,23,China,466,LEO EBERT,2.99,1,1,1,2,Jon Stephens,2,1.0,2005-07-27,1
2.56,6.92,4809,0.43,0.1,Beni-Mellal,10.0,2,Morocco,543,LANCE PEMBERTON,2.99,1,1,1,2,Jon Stephens,2,0.0,2005-07-27,1
2.56,6.92,4809,0.43,0.1,Czestochowa,10.0,2,Poland,572,SIDNEY BURLESON,2.99,1,1,1,1,Mike Hillyer,1,0.0,2005-07-08,1
2.56,6.92,4811,0.43,0.1,Sal,10.0,2,Morocco,22,LAURA RODRIGUEZ,2.99,1,1,1,1,Mike Hillyer,1,0.0,2005-07-10,1
2.56,6.92,4812,0.43,0.1,Ktahya,10.0,3,Turkey,124,SHEILA WELLS,2.99,1,1,1,1,Mike Hillyer,1,0.0,2005-07-10,1
2.56,6.92,4812,0.43,0.1,Mahajanga,10.0,1,Madagascar,81,ANDREA HENDERSON,2.99,1,1,1,1,Mike Hillyer,1,0.0,2005-07-06,1
2.56,6.92,4812,0.43,0.1,Santiago de los Caballeros,10.0,1,Dominican Republic,258,MYRTLE FLEMING,2.99,1,1,1,2,Jon Stephens,2,0.0,2005-07-07,1
2.56,6.92,4812,0.43,0.1,Warren,10.0,13,United States,276,BRANDY GRAVES,2.99,1,1,1,2,Jon Stephens,2,0.0,2005-07-06,1
2.56,6.92,4816,0.43,0.1,Jaipur,10.0,24,India,60,MILDRED BAILEY,2.99,1,1,1,1,Mike Hillyer,1,0.0,2005-07-06,1
2.56,6.93,4797,0.43,0.17,Le Mans,6.0,3,France,162,LAUREN HUDSON,2.99,1,1,1,2,Jon Stephens,2,1.0,2005-07-09,1
2.56,6.93,4798,0.43,0.17,Firozabad,6.0,29,India,192,LAURIE LAWRENCE,2.99,1,1,1,2,Jon Stephens,2,0.0,2005-07-27,1
2.56,6.93,4798,0.43,0.17,Kumbakonam,6.0,26,India,271,PENNY NEAL,2.99,1,1,1,1,Mike Hillyer,1,0.0,2005-07-11,1
2.58,7.47,4796,0.4,0.1,Vilnius,20.0,1,Lithuania,557,FELIX GAFFNEY,2.98,2,1,1,1,Mike Hillyer,1,0.5,2005-07-08,2
2.59,7.49,4792,0.4,0.1,Salzburg,10.0,2,Austria,266,NORA HERRERA,2.99,1,1,1,1,Mike Hillyer,1,0.0,2005-07-29,1
2.59,7.49,4793,0.4,0.1,Gingoog,10.0,12,Philippines,461,DEREK BLAKELY,2.99,1,1,1,2,Jon Stephens,2,1.0,2005-07-08,1
2.59,7.49,4794,0.4,0.1,Firozabad,10.0,19,India,192,LAURIE LAWRENCE,2.99,1,1,1,1,Mike Hillyer,1,1.0,2005-07-09,1
2.59,7.49,4794,0.4,0.1,Sambhal,10.0,29,India,217,AGNES BISHOP,2.99,1,1,1,2,Jon Stephens,2,1.0,2005-07-27,1
2.59,7.5,4785,0.4,0.13,Zapopan,7.5,17,Mexico,465,FLOYD GANDY,2.99,1,1,1,1,Mike Hillyer,1,0.0,2005-08-02,1
2.59,7.5,4786,0.4,0.13,Huaian,7.5,25,China,384,ERNEST STEPP,2.99,1,1,1,2,Jon Stephens,2,0.0,2005-08-21,1
2.59,7.5,4787,0.4,0.13,Pjatigorsk,7.5,9,Russian Federation,487,HECTOR POINDEXTER,2.99,1,1,1,1,Mike Hillyer,1,1.0,2005-07-27,1
2.59,7.5,4788,0.4,0.13,Inegl,7.5,7,Turkey,278,BILLIE HORTON,2.99,1,1,1,1,Mike Hillyer,1,0.0,2005-07-06,1
2.59,7.5,4789,0.4,0.13,Barcelona,7.5,2,Venezuela,568,ALBERTO HENNING,2.99,1,1,1,2,Jon Stephens,2,0.0,2005-07-27,1
2.59,7.5,4790,0.4,0.13,Omdurman,7.5,2,Sudan,50,DIANE COLLINS,2.99,1,1,1,2,Jon Stephens,2,0.0,2005-07-07,1
2.59,7.5,4790,0.4,0.13,Uijongbu,7.5,1,South Korea,245,COURTNEY DAY,2.99,1,1,1,2,Jon Stephens,2,0.0,2005-07-09,1
2.59,7.51,4781,0.4,0.17,Tallahassee,6.0,15,United States,248,CAROLINE BOWMAN,2.99,1,1,1,1,Mike Hillyer,1,1.0,2005-07-09,1
2.59,7.51,4782,0.4,0.17,Balurghat,6.0,24,India,208,LUCY WHEELER,2.99,1,1,1,2,Jon Stephens,2,0.0,2005-07-06,1
2.59,7.51,4782,0.4,0.17,Yaound,6.0,2,Cameroon,361,LAWRENCE LAWTON,2.99,1,1,1,1,Mike Hillyer,1,1.0,2005-07-27,1
2.59,7.51,4784,0.4,0.17,Tegal,6.0,6,Indonesia,458,LLOYD DOWD,2.99,1,1,1,2,Jon Stephens,2,0.0,2005-08-19,1
2.62,8.17,4780,0.37,0.07,Dhule (Dhulia),15.0,19,India,440,BERNARD COLBY,2.99,1,1,1,2,Jon Stephens,2,1.0,2005-07-09,1
2.62,8.18,4775,0.37,0.13,Balikesir,7.5,7,Turkey,366,BRANDON HUEY,2.99,1,1,1,2,Jon Stephens,2,0.0,2005-07-07,1
2.62,8.18,4776,0.37,0.13,Stara Zagora,7.5,2,Bulgaria,215,JESSIE BANKS,2.99,1,1,1,1,Mike Hillyer,1,1.0,2005-08-17,1
2.62,8.18,4777,0.37,0.1,Amroha,10.0,21,India,534,CHRISTIAN JUNG,2.99,1,1,1,1,Mike Hillyer,1,1.0,2005-07-28,1
2.62,8.18,4777,0.37,0.1,So Bernardo do Campo,10.0,18,Brazil,544,CODY NOLEN,2.99,1,1,1,2,Jon Stephens,2,0.0,2005-07-29,1
2.62,8.18,4779,0.37,0.1,Nagareyama,10.0,21,Japan,53,HEATHER MORRIS,2.99,1,1,1,2,Jon Stephens,2,0.0,2005-07-27,1
2.63,8.19,4774,0.37,0.17,Shenzhen,6.0,25,China,378,EUGENE CULPEPPER,2.99,1,1,1,2,Jon Stephens,2,0.0,2005-07-29,1
2.66,3.0,4759,1.33,0.33,Karnal,3.0,35,India,274,NAOMI JENNINGS,3.99,1,1,1,1,Mike Hillyer,1,1.0,2005-08-18,1
2.66,3.0,4759,1.33,0.33,Manchester,3.0,21,United States,382,VICTOR BARKLEY,3.99,1,1,1,2,Jon Stephens,2,1.0,2005-08-01,1
2.66,8.99,4770,0.33,0.07,Ashqelon,15.0,2,Israel,478,LEWIS LYMAN,2.99,1,1,1,1,Mike Hillyer,1,0.0,2005-07-27,1
2.66,8.99,4771,0.33,0.07,Ktahya,15.0,8,Turkey,124,SHEILA WELLS,2.99,1,1,1,2,Jon Stephens,2,1.0,2005-07-08,1
2.66,8.99,4771,0.33,0.07,Udine,15.0,5,Italy,525,ADRIAN CLARY,2.99,1,1,1,1,Mike Hillyer,1,1.0,2005-07-10,1
2.66,8.99,4773,0.33,0.07,Jaipur,15.0,3,India,60,MILDRED BAILEY,2.99,1,1,1,2,Jon Stephens,2,1.0,2005-07-05,1
2.66,9.0,4765,0.33,0.1,Gaziantep,10.0,3,Turkey,480,COREY HAUSER,2.99,1,1,1,2,Jon Stephens,2,0.0,2005-07-10,1
2.66,9.0,4766,0.33,0.1,Siliguri (Shiliguri),10.0,24,India,502,BRETT CORNWELL,2.99,1,1,1,2,Jon Stephens,2,0.0,2005-07-06,1
2.66,9.0,4767,0.33,0.1,Hohhot,10.0,4,China,138,HAZEL WARREN,2.99,1,1,1,2,Jon Stephens,2,0.0,2005-07-05,1
2.66,9.0,4767,0.33,0.1,Tegal,10.0,7,Indonesia,458,LLOYD DOWD,2.99,1,1,1,1,Mike Hillyer,1,1.0,2005-07-09,1
2.66,9.0,4767,0.33,0.1,Zeleznogorsk,10.0,9,Russian Federation,351,JACK FOUST,2.99,1,1,1,1,Mike Hillyer,1,0.0,2005-07-06,1
2.66,9.01,4763,0.33,0.13,Lubumbashi,7.5,2,"Congo, The Democratic Republic of the",387,JESSE SCHILLING,2.99,1,1,1,2,Jon Stephens,2,0.0,2005-08-17,1
2.66,9.01,4764,0.33,0.13,Benin City,7.5,5,Nigeria,284,SONIA GREGORY,2.99,1,1,1,2,Jon Stephens,2,0.0,2005-07-07,1
2.66,9.02,4761,0.33,0.17,Laredo,6.0,15,United States,6,JENNIFER DAVIS,2.99,1,1,1,2,Jon Stephens,2,1.0,2005-07-07,1
2.66,9.02,4762,0.33,0.17,Monywa,6.0,2,Myanmar,256,MABEL HOLLAND,2.99,1,1,1,2,Jon Stephens,2,1.0,2005-07-30,1
2.68,3.07,4758,1.3,0.43,Matamoros,4.62,14,Mexico,177,SAMANTHA DUNCAN,3.98,2,1,1,2,Jon Stephens,2,0.5,2005-08-22,2
2.69,10.0,4751,0.3,0.1,Huaian,10.0,25,China,384,ERNEST STEPP,2.99,1,1,1,2,Jon Stephens,2,0.0,2005-08-20,1
2.69,10.0,4752,0.3,0.1,Pjatigorsk,10.0,2,Russian Federation,487,HECTOR POINDEXTER,2.99,1,1,1,1,Mike Hillyer,1,0.0,2005-07-26,1
2.69,10.0,4753,0.3,0.1,Hanoi,10.0,3,Vietnam,340,PATRICK NEWSOM,2.99,1,1,1,2,Jon Stephens,2,0.0,2005-07-28,1
2.69,10.0,4753,0.3,0.1,Qalyub,10.0,4,Egypt,134,EMMA BOYD,2.99,1,1,1,2,Jon Stephens,2,0.0,2005-07-27,1
2.69,10.0,4755,0.3,0.1,Bislig,10.0,11,Philippines,94,NORMA GONZALES,2.99,1,1,1,1,Mike Hillyer,1,1.0,2005-08-18,1
2.69,10.0,4756,0.3,0.1,Uijongbu,10.0,3,South Korea,245,COURTNEY DAY,2.99,1,1,1,1,Mike Hillyer,1,0.0,2005-07-06,1
2.69,3.08,4745,1.3,0.33,Brindisi,3.0,4,Italy,499,MARC OUTLAW,3.99,1,1,1,1,Mike Hillyer,1,1.0,2005-07-29,1
2.69,3.08,4746,1.3,0.3,Abu Dhabi,3.33,1,United Arab Emirates,452,TOM MILNER,3.99,1,1,1,1,Mike Hillyer,1,1.0,2005-08-20,1
2.69,3.08,4746,1.3,0.3,Tongliao,3.33,16,China,442,LEROY BUSTAMANTE,3.99,1,1,1,2,Jon Stephens,2,1.0,2005-07-08,1
2.69,3.08,4746,1.3,0.3,Xinxiang,3.33,15,China,339,WALTER PERRYMAN,3.99,1,1,1,1,Mike Hillyer,1,1.0,2005-07-10,1
2.69,3.08,4749,1.3,0.27,Hoshiarpur,3.75,30,India,412,ALLEN BUTTERFIELD,3.99,1,1,1,1,Mike Hillyer,1,1.0,2005-08-20,1
2.69,3.08,4750,1.3,0.27,Miraj,3.75,18,India,316,STEVEN CURLEY,3.99,1,1,1,2,Jon Stephens,2,1.0,2005-07-09,1
2.69,9.99,4757,0.3,0.07,Cam Ranh,15.0,1,Vietnam,532,NEIL RENNER,2.99,1,1,1,1,Mike Hillyer,1,0.0,2005-07-07,1
2.72,11.24,4739,0.27,0.07,Amroha,15.0,29,India,534,CHRISTIAN JUNG,2.99,1,1,1,2,Jon Stephens,2,0.0,2005-07-27,1
2.72,11.24,4739,0.27,0.07,Jurez,15.0,12,Mexico,369,FRED WHEAT,2.99,1,1,1,2,Jon Stephens,2,0.0,2005-07-06,1
2.72,11.24,4741,0.27,0.07,Kanchrapara,15.0,39,India,492,LESTER KRAUS,2.99,1,1,1,1,Mike Hillyer,1,1.0,2005-08-21,1
2.72,11.25,4737,0.27,0.1,Bydgoszcz,10.0,3,Poland,318,BRIAN WYMAN,2.99,1,1,1,1,Mike Hillyer,1,1.0,2005-08-21,1
2.72,11.25,4737,0.27,0.1,Tegal,10.0,6,Indonesia,458,LLOYD DOWD,2.99,1,1,1,2,Jon Stephens,2,0.0,2005-08-17,1
2.72,11.27,4735,0.27,0.13,Gingoog,7.5,11,Philippines,461,DEREK BLAKELY,2.99,1,1,1,2,Jon Stephens,2,0.0,2005-07-27,1
2.72,11.27,4736,0.27,0.13,El Alto,7.5,2,Bolivia,455,JON WILES,2.99,1,1,1,2,Jon Stephens,2,1.0,2005-07-07,1
2.72,3.15,4742,1.26,0.37,Emmen,5.45,3,Netherlands,474,DUSTIN GILLETTE,3.98,2,2,2,1,Mike Hillyer,1,0.0,2005-08-02,2
2.72,3.15,4743,1.26,0.37,A Corua (La Corua),5.45,4,Spain,52,JULIE SANCHEZ,3.98,2,1,1,2,Jon Stephens,2,0.0,2005-08-18,2
2.72,3.15,4744,1.26,0.3,Garland,6.67,22,United States,561,IAN STILL,3.98,2,1,1,1,Mike Hillyer,1,0.0,2005-08-23,2
2.73,3.16,4732,1.26,0.33,Tanauan,3.0,7,Philippines,373,LOUIS LEONE,3.99,1,1,1,1,Mike Hillyer,1,1.0,2005-07-29,1
2.73,3.16,4733,1.26,0.3,Pemalang,3.33,5,Indonesia,116,VICTORIA GIBSON,3.99,1,1,1,1,Mike Hillyer,1,1.0,2005-07-31,1
2.73,3.16,4734,1.26,0.27,Brockton,3.75,17,United States,149,VALERIE BLACK,3.99,1,1,1,1,Mike Hillyer,1,1.0,2005-08-21,1
2.74,3.23,4731,1.23,0.3,Vaduz,10.0,1,Liechtenstein,57,EVELYN MORGAN,3.97,3,2,2,1,Mike Hillyer,1,0.3333,2005-07-30,3
2.75,3.23,4730,1.23,0.27,Halle/Saale,7.5,4,Germany,251,VICKIE BREWER,3.98,2,2,2,1,Mike Hillyer,1,0.0,2005-07-30,2
2.75,3.24,4727,1.23,0.4,Sasebo,5.0,19,Japan,1,MARY SMITH,3.98,2,1,1,2,Jon Stephens,2,0.0,2005-08-19,2
2.75,3.24,4728,1.23,0.37,Daxian,5.45,23,China,64,JUDITH COX,3.98,2,1,1,1,Mike Hillyer,1,0.5,2005-08-20,2
2.75,3.24,4729,1.23,0.33,Botosani,6.0,2,Romania,230,JOY GEORGE,3.98,2,2,2,1,Mike Hillyer,1,0.5,2005-07-29,2
2.76,12.83,4726,0.23,0.03,Kisumu,30.0,2,Kenya,193,KATIE ELLIOTT,2.99,1,1,1,1,Mike Hillyer,1,1.0,2005-07-28,1
2.76,12.85,4724,0.23,0.07,Faaa,15.0,2,French Polynesia,43,CHRISTINE ROBERTS,2.99,1,1,1,1,Mike Hillyer,1,0.0,2005-07-08,1
2.76,12.85,4724,0.23,0.07,Tegal,15.0,7,Indonesia,458,LLOYD DOWD,2.99,1,1,1,2,Jon Stephens,2,0.0,2005-07-08,1
2.76,3.24,4714,1.23,0.3,Czestochowa,3.33,4,Poland,572,SIDNEY BURLESON,3.99,1,1,1,1,Mike Hillyer,1,1.0,2005-07-30,1
2.76,3.24,4714,1.23,0.3,Ziguinchor,3.33,1,Senegal,456,RONNIE RICKETTS,3.99,1,1,1,1,Mike Hillyer,1,1.0,2005-07-07,1
2.76,3.24,4716,1.23,0.3,Pereira,3.33,3,Colombia,180,STACY CUNNINGHAM,3.99,1,1,1,2,Jon Stephens,2,1.0,2005-07-31,1
2.76,3.24,4717,1.23,0.3,Bijapur,3.33,20,India,468,TIM CARY,3.99,1,1,1,2,Jon Stephens,2,1.0,2005-07-08,1
2.76,3.24,4717,1.23,0.3,Chiayi,3.33,3,Taiwan,73,BEVERLY BROOKS,3.99,1,1,1,2,Jon Stephens,2,1.0,2005-08-17,1
2.76,3.24,4719,1.23,0.27,Clarksville,3.75,18,United States,140,EVA RAMOS,3.99,1,1,1,2,Jon Stephens,2,1.0,2005-08-02,1
2.76,3.24,4720,1.23,0.27,Arecibo,3.75,1,Puerto Rico,360,RALPH MADRIGAL,3.99,1,1,1,1,Mike Hillyer,1,1.0,2005-07-11,1
2.76,3.24,4721,1.23,0.23,Kamyin,4.29,15,Russian Federation,510,BEN EASTER,3.99,1,1,1,2,Jon Stephens,2,1.0,2005-07-29,1
2.76,3.24,4722,1.23,0.23,Halisahar,4.29,18,India,259,LENA JENSEN,3.99,1,1,1,2,Jon Stephens,2,1.0,2005-07-12,1
2.76,3.24,4723,1.23,0.2,Bellevue,5.0,16,United States,212,WILMA RICHARDS,3.99,1,1,1,1,Mike Hillyer,1,1.0,2005-07-30,1
2.78,14.95,4713,0.2,0.07,Bucuresti,30.0,1,Romania,563,KEN PREWITT,2.98,2,2,2,2,Jon Stephens,2,0.5,2005-07-07,2
2.78,3.32,4710,1.2,0.3,Jhansi,6.67,22,India,32,AMY LOPEZ,3.98,2,1,1,1,Mike Hillyer,1,0.5,2005-07-10,2
2.78,3.32,4711,1.2,0.27,Hanoi,7.5,4,Vietnam,340,PATRICK NEWSOM,3.98,2,2,2,1,Mike Hillyer,1,0.0,2005-07-08,2
2.78,3.32,4712,1.2,0.27,Vaduz,7.5,1,Liechtenstein,57,EVELYN MORGAN,3.98,2,2,2,2,Jon Stephens,2,0.5,2005-07-10,2
2.78,3.33,4709,1.2,0.33,Iwatsuki,6.0,12,Japan,396,EARL SHANKS,3.98,2,1,1,2,Jon Stephens,2,0.0,2005-07-31,2
2.79,14.97,4708,0.2,0.03,Coacalco de Berriozbal,30.0,12,Mexico,247,STELLA MORENO,2.99,1,1,1,2,Jon Stephens,2,0.0,2005-07-06,1
2.79,15.0,4705,0.2,0.07,Chiayi,15.0,2,Taiwan,73,BEVERLY BROOKS,2.99,1,1,1,2,Jon Stephens,2,1.0,2005-07-07,1
2.79,15.0,4705,0.2,0.07,Pjatigorsk,15.0,16,Russian Federation,487,HECTOR POINDEXTER,2.99,1,1,1,2,Jon Stephens,2,1.0,2005-07-08,1
2.79,15.0,4705,0.2,0.07,Zalantun,15.0,19,China,93,PHYLLIS FOSTER,2.99,1,1,1,1,Mike Hillyer,1,1.0,2005-07-08,1
2.79,15.05,4703,0.2,0.13,Grand Prairie,7.5,16,United States,118,KIM CRUZ,2.99,1,1,1,1,Mike Hillyer,1,0.0,2005-07-27,1
2.79,15.05,4704,0.2,0.13,Escobar,7.5,8,Argentina,445,MICHEAL FORMAN,2.99,1,1,1,2,Jon Stephens,2,0.0,2005-07-27,1
2.79,3.33,4698,1.2,0.3,Paarl,3.33,5,South Africa,338,DENNIS GILMAN,3.99,1,1,1,1,Mike Hillyer,1,1.0,2005-08-19,1
2.79,3.33,4699,1.2,0.3,Peoria,3.33,15,United States,275,CAROLE BARNETT,3.99,1,1,1,1,Mike Hillyer,1,1.0,2005-08-19,1
2.79,3.33,4700,1.2,0.27,Gatineau,3.75,3,Canada,476,DERRICK BOURQUE,3.99,1,1,1,2,Jon Stephens,2,1.0,2005-07-31,1
2.79,3.33,4701,1.2,0.23,Donostia-San Sebastin,4.29,4,Spain,293,MAE FLETCHER,3.99,1,1,1,1,Mike Hillyer,1,1.0,2005-07-06,1
2.79,3.33,4701,1.2,0.23,Sucre,4.29,1,Bolivia,431,JOEL FRANCISCO,3.99,1,1,1,1,Mike Hillyer,1,1.0,2005-07-07,1
2.81,3.41,4697,1.16,0.37,Daxian,8.18,21,China,64,JUDITH COX,3.97,3,1,1,2,Jon Stephens,2,0.3333,2005-07-12,3
2.82,17.98,4690,0.17,0.03,Citrus Heights,30.0,13,United States,14,BETTY WHITE,2.99,1,1,1,1,Mike Hillyer,1,1.0,2005-07-06,1
2.82,17.98,4691,0.17,0.03,Jinchang,30.0,24,China,168,REGINA BERRY,2.99,1,1,1,1,Mike Hillyer,1,1.0,2005-07-06,1
2.82,18.01,4687,0.17,0.07,Dundee,15.0,1,United Kingdom,142,APRIL BURNS,2.99,1,1,1,2,Jon Stephens,2,1.0,2005-07-05,1
2.82,18.01,4687,0.17,0.07,Zapopan,15.0,16,Mexico,465,FLOYD GANDY,2.99,1,1,1,2,Jon Stephens,2,1.0,2005-07-27,1
2.82,18.01,4689,0.17,0.07,Kumbakonam,15.0,23,India,271,PENNY NEAL,2.99,1,1,1,2,Jon Stephens,2,1.0,2005-07-08,1
2.82,18.05,4686,0.17,0.1,Cianjur,10.0,5,Indonesia,411,NORMAN CURRIER,2.99,1,1,1,1,Mike Hillyer,1,0.0,2005-07-06,1
2.82,3.42,4692,1.16,0.33,Rampur,6.0,22,India,336,JOSHUA MARK,3.98,2,1,1,2,Jon Stephens,2,0.0,2005-07-10,2
2.82,3.42,4693,1.16,0.3,Antofagasta,6.67,1,Chile,45,JANET PHILLIPS,3.98,2,1,1,2,Jon Stephens,2,0.0,2005-07-11,2
2.82,3.42,4694,1.16,0.3,Jos Azueta,6.67,14,Mexico,581,VIRGIL WOFFORD,3.98,2,1,1,1,Mike Hillyer,1,0.5,2005-08-22,2
2.82,3.42,4695,1.16,0.27,Bhavnagar,7.5,36,India,379,CARLOS COUGHLIN,3.98,2,2,2,1,Mike Hillyer,1,0.0,2005-08-21,2
2.82,3.42,4696,1.16,0.23,Paarl,8.57,5,South Africa,338,DENNIS GILMAN,3.98,2,2,2,2,Jon Stephens,2,0.0,2005-07-06,2
2.83,3.43,4678,1.16,0.33,Yaound,3.0,2,Cameroon,361,LAWRENCE LAWTON,3.99,1,1,1,1,Mike Hillyer,1,1.0,2005-08-17,1
2.83,3.43,4679,1.16,0.3,San Felipe del Progreso,3.33,15,Mexico,319,RONALD WEINER,3.99,1,1,1,1,Mike Hillyer,1,1.0,2005-08-20,1
2.83,3.43,4680,1.16,0.27,Bhimavaram,3.75,28,India,529,ERIK GUILLEN,3.99,1,1,1,1,Mike Hillyer,1,1.0,2005-07-27,1
2.83,3.43,4680,1.16,0.27,Toulon,3.75,3,France,104,RITA GRAHAM,3.99,1,1,1,1,Mike Hillyer,1,1.0,2005-07-30,1
2.83,3.43,4682,1.16,0.27,Avellaneda,3.75,8,Argentina,560,JORDAN ARCHULETA,3.99,1,1,1,1,Mike Hillyer,1,1.0,2005-07-28,1
2.83,3.43,4682,1.16,0.27,Nam Dinh,3.75,4,Vietnam,472,GREG ROBINS,3.99,1,1,1,1,Mike Hillyer,1,1.0,2005-07-10,1
2.83,3.43,4684,1.16,0.23,Gandhinagar,4.29,27,India,117,EDITH MCDONALD,3.99,1,1,1,2,Jon Stephens,2,1.0,2005-08-02,1
2.83,3.43,4685,1.16,0.2,Florencia,5.0,2,Colombia,460,LEON BOSTIC,3.99,1,1,1,1,Mike Hillyer,1,1.0,2005-07-28,1
2.85,3.52,4676,1.13,0.27,Mukateve,7.5,5,Ukraine,131,MONICA HICKS,3.98,2,2,2,1,Mike Hillyer,1,0.0,2005-08-17,2
2.85,3.52,4676,1.13,0.27,Tuguegarao,7.5,7,Philippines,261,DEANNA BYRD,3.98,2,2,2,1,Mike Hillyer,1,0.0,2005-07-12,2
2.86,22.48,4675,0.13,0.03,Firozabad,30.0,24,India,192,LAURIE LAWRENCE,2.99,1,1,1,1,Mike Hillyer,1,0.0,2005-07-06,1
2.86,22.54,4674,0.13,0.07,Coatzacoalcos,15.0,12,Mexico,482,MAURICE CRAWLEY,2.99,1,1,1,2,Jon Stephens,2,0.0,2005-07-06,1
2.86,3.53,4666,1.13,0.33,A Corua (La Corua),3.0,3,Spain,52,JULIE SANCHEZ,3.99,1,1,1,1,Mike Hillyer,1,1.0,2005-08-17,1
2.86,3.53,4666,1.13,0.33,Toulon,3.0,2,France,104,RITA GRAHAM,3.99,1,1,1,1,Mike Hillyer,1,1.0,2005-08-21,1
2.86,3.53,4668,1.13,0.27,Antofagasta,3.75,1,Chile,45,JANET PHILLIPS,3.99,1,1,1,1,Mike Hillyer,1,1.0,2005-07-28,1
2.86,3.53,4669,1.13,0.27,Cayenne,3.75,1,French Guiana,65,ROSE HOWARD,3.99,1,1,1,1,Mike Hillyer,1,1.0,2005-07-30,1
2.86,3.53,4669,1.13,0.27,Hino,3.75,13,Japan,194,KRISTEN CHAVEZ,3.99,1,1,1,2,Jon Stephens,2,1.0,2005-07-10,1
2.86,3.53,4671,1.13,0.23,Ktahya,4.29,4,Turkey,124,SHEILA WELLS,3.99,1,1,1,1,Mike Hillyer,1,1.0,2005-07-31,1
2.86,3.53,4671,1.13,0.23,Niznekamsk,4.29,16,Russian Federation,48,ANN EVANS,3.99,1,1,1,1,Mike Hillyer,1,1.0,2005-08-22,1
2.86,3.53,4673,1.13,0.23,Benguela,4.29,1,Angola,528,CLAUDE HERZOG,3.99,1,1,1,1,Mike Hillyer,1,1.0,2005-08-19,1
2.88,3.62,4665,1.1,0.2,Hagonoy,10.0,12,Philippines,255,IRMA PEARSON,3.98,2,2,2,1,Mike Hillyer,1,0.5,2005-08-19,2
2.88,3.63,4658,1.1,0.3,Lincoln,6.67,17,United States,63,ASHLEY RICHARDSON,3.98,2,1,1,2,Jon Stephens,2,0.5,2005-08-18,2
2.88,3.63,4659,1.1,0.3,Po,6.67,14,Brazil,126,ELLEN SIMPSON,3.98,2,1,1,1,Mike Hillyer,1,0.0,2005-07-28,2
2.88,3.63,4659,1.1,0.3,Pontianak,6.67,5,Indonesia,506,LESLIE SEWARD,3.98,2,2,2,2,Jon Stephens,2,0.0,2005-08-19,2
2.88,3.63,4661,1.1,0.3,Hunuco,6.67,2,Peru,565,JAIME NETTLES,3.98,2,1,1,1,Mike Hillyer,1,0.0,2005-07-12,2
2.88,3.63,4662,1.1,0.27,Gandhinagar,7.5,22,India,117,EDITH MCDONALD,3.98,2,2,2,2,Jon Stephens,2,0.0,2005-08-22,2
2.88,3.63,4663,1.1,0.23,Kamjanets-Podilskyi,8.57,4,Ukraine,386,TODD TAN,3.98,2,1,1,1,Mike Hillyer,1,0.0,2005-07-10,2
2.88,3.63,4664,1.1,0.23,Ipoh,8.57,3,Malaysia,171,DOLORES WAGNER,3.98,2,2,2,2,Jon Stephens,2,0.5,2005-07-06,2
2.89,3.63,4651,1.1,0.23,Arlington,4.29,16,United States,305,RICHARD MCCRARY,3.99,1,1,1,2,Jon Stephens,2,1.0,2005-08-18,1
2.89,3.63,4651,1.1,0.23,Brest,4.29,2,France,402,LUIS YANEZ,3.99,1,1,1,2,Jon Stephens,2,1.0,2005-07-08,1
2.89,3.63,4651,1.1,0.23,Suihua,4.29,20,China,511,CHESTER BENNER,3.99,1,1,1,2,Jon Stephens,2,1.0,2005-07-09,1
2.89,3.63,4654,1.1,0.23,Gijn,4.29,4,Spain,394,CHRIS BROTHERS,3.99,1,1,1,2,Jon Stephens,2,1.0,2005-07-27,1
2.89,3.63,4655,1.1,0.2,Sterling Heights,5.0,19,United States,146,JAMIE RICE,3.99,1,1,1,2,Jon Stephens,2,1.0,2005-07-29,1
2.89,3.64,4647,1.1,0.27,Purnea (Purnia),3.75,20,India,426,BRADLEY MOTLEY,3.99,1,1,1,1,Mike Hillyer,1,1.0,2005-07-10,1
2.89,3.64,4648,1.1,0.27,Bijapur,3.75,22,India,468,TIM CARY,3.99,1,1,1,2,Jon Stephens,2,1.0,2005-07-07,1
2.89,3.64,4648,1.1,0.27,Braslia,3.75,15,Brazil,325,TIMOTHY BUNN,3.99,1,1,1,1,Mike Hillyer,1,1.0,2005-08-18,1
2.89,3.64,4650,1.1,0.27,Fuyu,3.75,29,China,211,STACEY MONTGOMERY,3.99,1,1,1,2,Jon Stephens,2,1.0,2005-08-17,1
2.89,30.0,4656,0.1,0.03,Bat Yam,30.0,3,Israel,315,KENNETH GOODEN,2.99,1,1,1,1,Mike Hillyer,1,1.0,2005-07-07,1
2.89,30.0,4656,0.1,0.03,Sal,30.0,1,Morocco,22,LAURA RODRIGUEZ,2.99,1,1,1,2,Jon Stephens,2,1.0,2005-07-07,1
2.92,3.74,4642,1.06,0.33,Hamilton,6.0,1,New Zealand,8,SUSAN WILSON,3.98,2,1,1,2,Jon Stephens,2,0.0,2005-07-31,2
2.92,3.74,4642,1.06,0.33,Sanaa,6.0,3,Yemen,303,WILLIAM SATTERFIELD,3.98,2,2,2,2,Jon Stephens,2,0.0,2005-08-18,2
2.92,3.74,4644,1.06,0.3,Datong,6.67,20,China,260,CHRISTY VARGAS,3.98,2,2,2,2,Jon Stephens,2,0.5,2005-08-19,2
2.92,3.74,4645,1.06,0.27,Tongliao,7.5,21,China,442,LEROY BUSTAMANTE,3.98,2,2,2,1,Mike Hillyer,1,0.5,2005-07-27,2
2.92,3.74,4646,1.06,0.23,Torren,8.57,14,Mexico,133,PAULINE HENRY,3.98,2,1,1,1,Mike Hillyer,1,0.0,2005-07-27,2
2.92,3.75,4638,1.07,0.13,Allende,7.5,12,Mexico,414,VINCENT RALSTON,3.99,1,1,1,1,Mike Hillyer,1,1.0,2005-07-07,1
2.92,45.08,4641,0.07,0.03,Chatsworth,30.0,6,South Africa,555,DWIGHT LOMBARDI,2.99,1,1,1,2,Jon Stephens,2,0.0,2005-07-08,1
2.92,45.3,4639,0.07,0.07,Kurgan,15.0,9,Russian Federation,376,RANDY GAITHER,2.99,1,1,1,2,Jon Stephens,2,0.0,2005-07-06,1
2.92,45.3,4640,0.07,0.07,Escobar,15.0,5,Argentina,445,MICHEAL FORMAN,2.99,1,1,1,2,Jon Stephens,2,0.0,2005-07-09,1
2.93,3.75,4628,1.06,0.33,Izumisano,3.0,11,Japan,391,CLARENCE GAMEZ,3.99,1,1,1,1,Mike Hillyer,1,1.0,2005-07-11,1
2.93,3.75,4629,1.06,0.33,Udine,3.0,3,Italy,525,ADRIAN CLARY,3.99,1,1,1,2,Jon Stephens,2,1.0,2005-08-23,1
2.93,3.75,4630,1.06,0.3,Qomsheh,3.33,3,Iran,459,TOMMY COLLAZO,3.99,1,1,1,1,Mike Hillyer,1,1.0,2005-07-09,1
2.93,3.75,4631,1.06,0.3,Coquimbo,3.33,2,Chile,515,ANDRE RAPP,3.99,1,1,1,1,Mike Hillyer,1,1.0,2005-08-02,1
2.93,3.75,4632,1.06,0.27,Pavlodar,3.75,1,Kazakstan,76,IRENE PRICE,3.99,1,1,1,2,Jon Stephens,2,1.0,2005-08-20,1
2.93,3.75,4632,1.06,0.27,Phnom Penh,3.75,1,Cambodia,228,ALLISON STANLEY,3.99,1,1,1,1,Mike Hillyer,1,1.0,2005-07-07,1
2.93,3.75,4634,1.06,0.27,guas Lindas de Gois,3.75,14,Brazil,130,CHARLOTTE HUNTER,3.99,1,1,1,1,Mike Hillyer,1,1.0,2005-07-11,1
2.93,3.75,4635,1.06,0.23,Patiala,4.29,35,India,296,RAMONA HALE,3.99,1,1,1,2,Jon Stephens,2,1.0,2005-08-18,1
2.93,3.75,4636,1.06,0.23,Jalib al-Shuyukh,4.29,1,Kuwait,234,CLAUDIA FULLER,3.99,1,1,1,1,Mike Hillyer,1,1.0,2005-08-17,1
2.93,3.75,4636,1.06,0.23,Nagareyama,4.29,16,Japan,53,HEATHER MORRIS,3.99,1,1,1,1,Mike Hillyer,1,1.0,2005-08-01,1
2.94,3.85,4627,1.03,0.23,Mannheim,12.86,4,Germany,196,ALMA AUSTIN,3.97,3,1,1,2,Jon Stephens,2,0.3333,2005-07-29,3
2.95,3.86,4623,1.03,0.27,Zhezqazghan,7.5,1,Kazakstan,573,BYRON BOX,3.98,2,1,1,1,Mike Hillyer,1,0.5,2005-07-08,2
2.95,3.86,4624,1.03,0.2,Almirante Brown,10.0,5,Argentina,359,WILLIE MARKHAM,3.98,2,2,2,2,Jon Stephens,2,0.0,2005-07-12,2
2.95,3.86,4625,1.03,0.2,Jinzhou,10.0,21,China,595,TERRENCE GUNDERSON,3.98,2,1,1,1,Mike Hillyer,1,1.0,2005-07-10,2
2.95,3.86,4626,1.03,0.2,Clarksville,10.0,14,United States,140,EVA RAMOS,3.98,2,2,2,1,Mike Hillyer,1,0.5,2005-07-12,2
2.96,3.87,4616,1.03,0.23,So Bernardo do Campo,4.29,11,Brazil,544,CODY NOLEN,3.99,1,1,1,1,Mike Hillyer,1,1.0,2005-08-02,1
2.96,3.87,4617,1.03,0.2,Udaipur,5.0,35,India,170,BEATRICE ARNOLD,3.99,1,1,1,2,Jon Stephens,2,1.0,2005-08-18,1
2.96,3.87,4618,1.03,0.2,Bhavnagar,5.0,27,India,379,CARLOS COUGHLIN,3.99,1,1,1,2,Jon Stephens,2,1.0,2005-08-02,1
2.96,3.87,4618,1.03,0.2,Guaruj,5.0,13,Brazil,427,JESUS MCCARTNEY,3.99,1,1,1,2,Jon Stephens,2,1.0,2005-07-28,1
2.96,3.87,4618,1.03,0.2,Rancagua,5.0,1,Chile,464,JEROME KENYON,3.99,1,1,1,2,Jon Stephens,2,1.0,2005-07-12,1
2.96,90.61,4621,0.03,0.03,Zanzibar,30.0,2,Tanzania,220,CHARLENE ALVAREZ,2.99,1,1,1,2,Jon Stephens,2,0.0,2005-07-08,1
2.96,90.61,4622,0.03,0.03,Ikerre,30.0,7,Nigeria,198,ELSIE KELLEY,2.99,1,1,1,2,Jon Stephens,2,1.0,2005-07-06,1
2.98,3.99,4609,1.0,0.33,Liaocheng,6.0,17,China,129,CARRIE PORTER,3.98,2,1,1,1,Mike Hillyer,1,0.0,2005-07-08,2
2.98,3.99,4610,1.0,0.3,Xiangfan,6.67,21,China,241,HEIDI LARSON,3.98,2,1,1,1,Mike Hillyer,1,0.0,2005-07-27,2
2.98,3.99,4611,1.0,0.27,Kisumu,7.5,2,Kenya,193,KATIE ELLIOTT,3.98,2,1,1,1,Mike Hillyer,1,0.0,2005-08-20,2
2.98,3.99,4612,1.0,0.27,Urawa,7.5,15,Japan,147,JOANNE ROBERTSON,3.98,2,1,1,1,Mike Hillyer,1,0.0,2005-07-10,2
2.98,3.99,4613,1.0,0.23,Ilorin,8.57,9,Nigeria,103,GLADYS HAMILTON,3.98,2,2,2,2,Jon Stephens,2,0.0,2005-08-20,2
2.98,3.99,4614,1.0,0.23,Rockford,8.57,16,United States,457,BILL GAVIN,3.98,2,1,1,1,Mike Hillyer,1,0.5,2005-08-19,2
2.98,3.99,4615,1.0,0.2,Hubli-Dharwad,10.0,36,India,136,ANITA MORALES,3.98,2,2,2,1,Mike Hillyer,1,0.5,2005-08-21,2
2.99,4.0,4595,1.0,0.33,Hohhot,3.0,23,China,138,HAZEL WARREN,3.99,1,1,1,1,Mike Hillyer,1,1.0,2005-07-29,1
2.99,4.0,4596,1.0,0.3,La Paz,3.33,13,Mexico,488,SHANE MILLARD,3.99,1,1,1,1,Mike Hillyer,1,1.0,2005-08-17,1
2.99,4.0,4597,1.0,0.27,Isesaki,3.75,9,Japan,519,RON DELUCA,3.99,1,1,1,1,Mike Hillyer,1,1.0,2005-07-12,1
2.99,4.0,4597,1.0,0.27,Tarsus,3.75,10,Turkey,164,JOANN GARDNER,3.99,1,1,1,2,Jon Stephens,2,1.0,2005-07-28,1
2.99,4.0,4599,1.0,0.27,Emeishan,3.75,18,China,389,ALAN KAHN,3.99,1,1,1,1,Mike Hillyer,1,1.0,2005-07-12,1
2.99,4.0,4599,1.0,0.27,Kurashiki,3.75,16,Japan,34,REBECCA SCOTT,3.99,1,1,1,1,Mike Hillyer,1,1.0,2005-07-30,1
2.99,4.0,4599,1.0,0.27,Saarbrcken,3.75,3,Germany,227,COLLEEN BURTON,3.99,1,1,1,1,Mike Hillyer,1,1.0,2005-07-09,1
2.99,4.0,4599,1.0,0.27,Surakarta,3.75,8,Indonesia,450,JAY ROBB,3.99,1,1,1,1,Mike Hillyer,1,1.0,2005-08-02,1
2.99,4.0,4599,1.0,0.27,Zaoyang,3.75,18,China,514,FRANKLIN TROUTMAN,3.99,1,1,1,2,Jon Stephens,2,1.0,2005-08-19,1
2.99,4.0,4604,1.0,0.23,Akishima,4.29,14,Japan,574,JULIAN VEST,3.99,1,1,1,2,Jon Stephens,2,1.0,2005-08-17,1
2.99,4.0,4604,1.0,0.23,Onomichi,4.29,14,Japan,337,JERRY JORDON,3.99,1,1,1,1,Mike Hillyer,1,1.0,2005-08-17,1
2.99,4.0,4606,1.0,0.2,Tabriz,5.0,3,Iran,279,DIANNE SHELTON,3.99,1,1,1,2,Jon Stephens,2,1.0,2005-07-29,1
2.99,4.0,4607,1.0,0.2,Kakamigahara,5.0,14,Japan,163,CATHY SPENCER,3.99,1,1,1,2,Jon Stephens,2,1.0,2005-07-06,1
2.99,4.0,4608,1.0,0.2,Benguela,5.0,1,Angola,528,CLAUDE HERZOG,3.99,1,1,1,2,Jon Stephens,2,1.0,2005-07-09,1
20.0,11.19,81,1.96,0.43,Liaocheng,9.23,1,China,129,CARRIE PORTER,21.96,4,2,2,1,Mike Hillyer,1,0.25,2005-08-20,4
20.14,25.21,80,0.83,0.17,Kursk,18.0,1,Russian Federation,311,PAUL TROUT,20.97,3,2,2,1,Mike Hillyer,1,0.6667,2005-07-31,3
20.2,27.4,79,0.77,0.17,Hsichuh,24.0,1,Taiwan,348,ROGER QUINTANILLA,20.96,4,2,2,1,Mike Hillyer,1,0.75,2005-07-08,4
20.24,28.67,78,0.73,0.2,Tabriz,15.0,1,Iran,279,DIANNE SHELTON,20.97,3,2,2,1,Mike Hillyer,1,0.6667,2005-07-09,3
20.33,33.2,77,0.63,0.2,Qalyub,20.0,1,Egypt,134,EMMA BOYD,20.96,4,2,2,2,Jon Stephens,2,0.5,2005-08-02,4
20.36,13.76,76,1.6,0.37,Juiz de Fora,10.91,1,Brazil,591,KENT ARSENAULT,21.96,4,2,2,1,Mike Hillyer,1,0.5,2005-08-18,4
20.37,35.11,75,0.6,0.27,Bhimavaram,11.25,1,India,529,ERIK GUILLEN,20.97,3,2,2,1,Mike Hillyer,1,1.0,2005-07-12,3
20.46,41.98,74,0.5,0.07,Rajkot,60.0,1,India,554,DWAYNE OLVERA,20.96,4,2,2,1,Mike Hillyer,1,0.5,2005-08-17,4
20.55,15.72,72,1.4,0.33,Fengshan,15.0,1,Taiwan,576,MORRIS MCCARTER,21.95,5,2,2,1,Mike Hillyer,1,0.6,2005-07-31,5
20.55,52.55,73,0.4,0.13,Owo,37.5,1,Nigeria,280,TRACEY BARRETT,20.95,5,2,2,2,Jon Stephens,2,0.6,2005-07-29,5
20.57,52.56,71,0.4,0.1,Soshanguve,30.0,1,South Africa,145,LUCILLE HOLMES,20.97,3,2,2,2,Jon Stephens,2,0.6667,2005-07-07,3
20.6,16.11,70,1.36,0.33,Shimonoseki,12.0,1,Japan,29,ANGELA HERNANDEZ,21.96,4,2,2,2,Jon Stephens,2,0.5,2005-08-18,4
20.64,16.51,69,1.33,0.3,Gatineau,10.0,1,Canada,476,DERRICK BOURQUE,21.97,3,1,1,1,Mike Hillyer,1,1.0,2005-08-01,3
20.73,17.84,67,1.23,0.27,Sirjan,15.0,2,Iran,449,OSCAR AQUINO,21.96,4,2,2,2,Jon Stephens,2,0.75,2005-08-01,4
20.73,90.09,68,0.23,0.07,Huejutla de Reyes,60.0,1,Mexico,582,ANDY VANHORN,20.96,4,2,2,1,Mike Hillyer,1,0.5,2005-07-27,4
20.77,18.35,66,1.2,0.27,Davao,11.25,1,Philippines,27,SHIRLEY ALLEN,21.97,3,2,2,2,Jon Stephens,2,1.0,2005-08-17,3
20.79,18.86,65,1.16,0.27,Touliu,18.75,1,Taiwan,139,AMBER DIXON,21.95,5,2,2,1,Mike Hillyer,1,0.4,2005-08-22,5
20.82,19.41,64,1.13,0.27,Hidalgo,18.75,1,Mexico,150,DANIELLE DANIELS,21.95,5,2,2,1,Mike Hillyer,1,0.8,2005-08-19,5
20.84,10.79,63,2.13,0.5,Usolje-Sibirskoje,6.0,1,Russian Federation,462,WARREN SHERROD,22.97,3,2,2,1,Mike Hillyer,1,0.6667,2005-08-19,3
20.91,20.64,61,1.06,0.23,Halisahar,12.86,1,India,259,LENA JENSEN,21.97,3,2,2,1,Mike Hillyer,1,1.0,2005-07-30,3
20.91,20.64,62,1.06,0.2,Santa F,15.0,1,Argentina,331,ERIC ROBERT,21.97,3,2,2,1,Mike Hillyer,1,0.6667,2005-07-07,3
20.96,11.5,60,2.0,0.37,Kragujevac,10.91,1,Yugoslavia,7,MARIA MILLER,22.96,4,2,2,2,Jon Stephens,2,0.75,2005-08-01,4
21.17,27.54,59,0.8,0.23,Tanshui,12.86,1,Taiwan,577,CLIFTON MALCOLM,21.97,3,2,2,1,Mike Hillyer,1,1.0,2005-07-28,3
21.23,30.01,58,0.73,0.17,Elista,24.0,1,Russian Federation,17,DONNA THOMPSON,21.96,4,2,2,1,Mike Hillyer,1,0.5,2005-07-30,4
21.31,33.05,57,0.66,0.2,Omdurman,15.0,1,Sudan,50,DIANE COLLINS,21.97,3,2,2,1,Mike Hillyer,1,0.6667,2005-07-10,3
21.33,34.77,56,0.63,0.17,Omiya,24.0,1,Japan,404,STANLEY SCROGGINS,21.96,4,2,2,1,Mike Hillyer,1,0.5,2005-07-08,4
21.34,34.78,55,0.63,0.17,Chapra,18.0,1,India,509,RAUL FORTIER,21.97,3,1,1,1,Mike Hillyer,1,1.0,2005-07-28,3
21.36,14.37,54,1.6,0.27,Maikop,15.0,1,Russian Federation,346,ARTHUR SIMPKINS,22.96,4,2,2,2,Jon Stephens,2,0.75,2005-07-29,4
21.41,38.91,53,0.56,0.2,Manchester,15.0,2,United States,382,VICTOR BARKLEY,21.97,3,1,1,1,Mike Hillyer,1,0.6667,2005-07-30,3
21.46,15.35,52,1.5,0.47,Botshabelo,8.57,1,South Africa,132,ESTHER CRAWFORD,22.96,4,2,2,1,Mike Hillyer,1,1.0,2005-08-01,4
21.47,44.06,51,0.5,0.13,Bellevue,22.5,1,United States,212,WILMA RICHARDS,21.97,3,1,1,2,Jon Stephens,2,1.0,2005-07-08,3
21.61,16.85,50,1.36,0.37,Mannheim,8.18,1,Germany,196,ALMA AUSTIN,22.97,3,2,2,2,Jon Stephens,2,1.0,2005-07-31,3
21.64,17.27,49,1.33,0.33,Cuernavaca,9.0,1,Mexico,575,ISAAC OGLESBY,22.97,3,2,2,2,Jon Stephens,2,1.0,2005-08-18,3
21.69,18.19,48,1.26,0.47,Gingoog,10.71,1,Philippines,461,DEREK BLAKELY,22.95,5,2,2,2,Jon Stephens,2,0.4,2005-08-22,5
21.7,18.18,47,1.26,0.4,Bucuresti,10.0,1,Romania,563,KEN PREWITT,22.96,4,2,2,2,Jon Stephens,2,1.0,2005-07-29,4
21.84,11.26,46,2.13,0.43,Hodeida,6.92,1,Yemen,470,GORDON ALLARD,23.97,3,2,2,1,Mike Hillyer,1,1.0,2005-08-18,3
21.91,22.27,45,1.03,0.33,Ikerre,18.0,1,Nigeria,198,ELSIE KELLEY,22.94,6,2,2,2,Jon Stephens,2,0.3333,2005-08-17,6
22.05,25.54,44,0.9,0.13,Novi Sad,37.5,1,Yugoslavia,553,MAX PITT,22.95,5,2,2,2,Jon Stephens,2,0.2,2005-07-06,5
22.1,26.55,43,0.86,0.2,Funafuti,20.0,1,Tuvalu,105,DAWN SULLIVAN,22.96,4,1,1,2,Jon Stephens,2,0.75,2005-07-30,4
22.2,30.01,42,0.77,0.17,Rustenburg,24.0,1,South Africa,407,DALE RATCLIFF,22.96,4,2,2,1,Mike Hillyer,1,0.5,2005-07-28,4
22.21,30.04,41,0.76,0.2,Korolev,15.0,1,Russian Federation,393,PHILIP CAUSEY,22.97,3,1,1,2,Jon Stephens,2,1.0,2005-07-08,3
22.53,10.28,40,2.43,0.53,Yangor,7.5,1,Nauru,513,DUANE TUBBS,24.96,4,2,2,2,Jon Stephens,2,1.0,2005-08-22,4
22.59,62.73,39,0.37,0.07,Bamenda,60.0,1,Cameroon,352,ALBERT CROUSE,22.96,4,2,2,1,Mike Hillyer,1,0.5,2005-07-27,4
22.63,18.0,38,1.33,0.23,Goinia,17.14,1,Brazil,92,TINA SIMMONS,23.96,4,2,2,2,Jon Stephens,2,0.75,2005-07-10,4
22.67,18.5,37,1.3,0.4,Adana,7.5,1,Turkey,327,LARRY THRASHER,23.97,3,2,2,2,Jon Stephens,2,1.0,2005-08-23,3
22.87,21.84,36,1.1,0.23,Vila Velha,12.86,1,Brazil,39,DEBRA NELSON,23.97,3,1,1,2,Jon Stephens,2,1.0,2005-07-08,3
22.96,24.03,35,1.0,0.3,Citt del Vaticano,13.33,1,Holy See (Vatican City State),26,JESSICA HALL,23.96,4,2,2,1,Mike Hillyer,1,0.75,2005-08-21,4
23.02,25.73,34,0.93,0.27,Isesaki,18.75,1,Japan,519,RON DELUCA,23.95,5,2,2,1,Mike Hillyer,1,0.6,2005-07-31,5
23.04,25.73,33,0.93,0.17,Pontianak,18.0,1,Indonesia,506,LESLIE SEWARD,23.97,3,1,1,2,Jon Stephens,2,1.0,2005-07-08,3
23.36,15.63,32,1.6,0.33,Firozabad,12.0,3,India,192,LAURIE LAWRENCE,24.96,4,2,2,2,Jon Stephens,2,0.75,2005-08-21,4
23.43,16.32,31,1.53,0.37,Zhezqazghan,10.91,1,Kazakstan,573,BYRON BOX,24.96,4,1,1,2,Jon Stephens,2,0.5,2005-07-31,4
23.46,48.08,30,0.5,0.17,Charlotte Amalie,24.0,1,"Virgin Islands, U.S.",406,NATHAN RUNYON,23.96,4,2,2,2,Jon Stephens,2,0.5,2005-07-27,4
23.63,18.76,29,1.33,0.3,Ruse,13.33,1,Bulgaria,540,TYRONE ASHER,24.96,4,2,2,2,Jon Stephens,2,0.75,2005-08-02,4
23.96,13.01,28,2.0,0.47,Belm,8.57,1,Brazil,362,NICHOLAS BARFIELD,25.96,4,2,2,1,Mike Hillyer,1,0.5,2005-08-21,4
24.03,26.81,27,0.93,0.23,Tabora,17.14,1,Tanzania,190,YOLANDA WEAVER,24.96,4,2,2,2,Jon Stephens,2,0.75,2005-08-02,4
24.06,27.77,26,0.9,0.13,Athenai,30.0,1,Greece,3,LINDA WILLIAMS,24.96,4,2,2,2,Jon Stephens,2,0.5,2005-07-28,4
24.06,27.8,25,0.9,0.2,Lipetsk,20.0,1,Russian Federation,44,MARIE TURNER,24.96,4,2,2,2,Jon Stephens,2,0.75,2005-07-10,4
24.1,13.94,24,1.86,0.47,Etawah,8.57,2,India,121,JOSEPHINE GOMEZ,25.96,4,2,2,1,Mike Hillyer,1,1.0,2005-08-21,4
24.16,31.29,23,0.8,0.23,Dhaka,17.14,1,Bangladesh,332,STEPHEN QUALLS,24.96,4,1,1,2,Jon Stephens,2,0.5,2005-07-27,4
24.3,15.61,22,1.66,0.37,Nuuk,10.91,1,Greenland,207,GERTRUDE CASTILLO,25.96,4,1,1,2,Jon Stephens,2,0.75,2005-08-20,4
24.35,16.26,21,1.6,0.37,Ilorin,13.64,1,Nigeria,103,GLADYS HAMILTON,25.95,5,2,2,2,Jon Stephens,2,0.8,2005-08-23,5
24.47,10.81,20,2.49,0.57,Robamba,7.06,1,Ecuador,494,RAMON CHOATE,26.96,4,2,2,2,Jon Stephens,2,0.75,2005-08-22,4
24.52,11.09,19,2.43,0.4,Memphis,12.5,1,United States,181,ANA BRADLEY,26.95,5,2,2,1,Mike Hillyer,1,0.8,2005-08-01,5
24.72,107.54,18,0.23,0.13,Sawhaj,37.5,1,Egypt,423,ALFRED CASILLAS,24.95,5,2,2,2,Jon Stephens,2,0.8,2005-07-27,5
24.8,12.47,17,2.16,0.47,Kuwana,8.57,1,Japan,531,JAMIE WAUGH,26.96,4,2,2,1,Mike Hillyer,1,1.0,2005-08-02,4
25.03,27.88,16,0.93,0.23,Yangor,17.14,1,Nauru,513,DUANE TUBBS,25.96,4,2,2,1,Mike Hillyer,1,0.5,2005-07-29,4
25.15,15.01,15,1.8,0.4,Omdurman,12.5,1,Sudan,50,DIANE COLLINS,26.95,5,2,2,2,Jon Stephens,2,0.4,2005-07-31,5
25.96,27.04,14,1.0,0.3,Portoviejo,13.33,1,Ecuador,262,PATSY DAVIDSON,26.96,4,2,2,1,Mike Hillyer,1,1.0,2005-07-12,4
26.0,28.0,13,0.96,0.37,Liaocheng,10.91,1,China,129,CARRIE PORTER,26.96,4,2,2,2,Jon Stephens,2,1.0,2005-07-31,4
26.02,14.49,12,1.93,0.4,Omiya,12.5,1,Japan,404,STANLEY SCROGGINS,27.95,5,1,1,2,Jon Stephens,2,0.4,2005-08-22,5
26.07,30.02,11,0.9,0.17,Sumy,18.0,1,Ukraine,187,BRITTANY RILEY,26.97,3,2,2,1,Mike Hillyer,1,1.0,2005-08-18,3
26.51,19.54,10,1.43,0.33,Nakhon Sawan,18.0,1,Thailand,390,SHAWN HEATON,27.94,6,2,2,2,Jon Stephens,2,0.6667,2005-08-20,6
26.59,20.5,9,1.36,0.33,Antofagasta,15.0,1,Chile,45,JANET PHILLIPS,27.95,5,2,2,2,Jon Stephens,2,0.8,2005-08-02,5
27.26,40.02,8,0.7,0.13,San Juan Bautista Tuxtepec,30.0,1,Mexico,425,FRANCIS SIKES,27.96,4,2,2,1,Mike Hillyer,1,1.0,2005-07-08,4
27.26,40.08,7,0.7,0.23,Uruapan,17.14,1,Mexico,454,ALEX GRESHAM,27.96,4,2,2,1,Mike Hillyer,1,0.75,2005-08-20,4
27.92,14.76,6,2.03,0.4,Santa Rosa,12.5,1,Philippines,522,ARNOLD HAVENS,29.95,5,2,2,1,Mike Hillyer,1,0.6,2005-07-30,5
29.42,56.37,5,0.53,0.2,Qomsheh,25.0,1,Iran,459,TOMMY COLLAZO,29.95,5,2,2,1,Mike Hillyer,1,0.6,2005-07-28,5
29.55,22.15,4,1.4,0.27,San Bernardino,18.75,1,United States,2,PATRICIA JOHNSON,30.95,5,2,2,2,Jon Stephens,2,0.8,2005-07-30,5
29.63,100.21,3,0.3,0.13,Bucuresti,52.5,1,Romania,563,KEN PREWITT,29.93,7,2,2,1,Mike Hillyer,1,0.5714,2005-07-08,7
3.02,4.12,4594,0.97,0.17,Rae Bareli,12.0,21,India,78,LORI WOOD,3.98,2,1,1,2,Jon Stephens,2,0.0,2005-07-08,2
3.02,4.13,4592,0.96,0.3,Ljubertsy,6.67,14,Russian Federation,160,ERIN DUNN,3.98,2,2,2,2,Jon Stephens,2,0.5,2005-08-01,2
3.02,4.13,4593,0.96,0.2,Greensboro,10.0,18,United States,158,VERONICA STONE,3.98,2,2,2,2,Jon Stephens,2,0.0,2005-07-28,2
3.03,4.14,4587,0.96,0.27,Luzinia,3.75,18,Brazil,183,IDA ANDREWS,3.99,1,1,1,2,Jon Stephens,2,1.0,2005-08-19,1
3.03,4.14,4588,0.96,0.27,Loja,3.75,1,Ecuador,589,TRACY HERRMANN,3.99,1,1,1,1,Mike Hillyer,1,1.0,2005-07-29,1
3.03,4.14,4589,0.96,0.23,Tabora,4.29,2,Tanzania,190,YOLANDA WEAVER,3.99,1,1,1,2,Jon Stephens,2,1.0,2005-07-12,1
3.03,4.14,4590,0.96,0.2,Arlington,5.0,17,United States,305,RICHARD MCCRARY,3.99,1,1,1,2,Jon Stephens,2,1.0,2005-08-17,1
3.03,4.14,4591,0.96,0.2,London,5.0,2,United Kingdom,512,CECIL VINES,3.99,1,1,1,2,Jon Stephens,2,1.0,2005-07-10,1
3.05,4.27,4586,0.93,0.2,Acua,10.0,14,Mexico,486,GLEN TALBERT,3.98,2,2,2,2,Jon Stephens,2,0.0,2005-08-18,2
3.05,4.28,4585,0.93,0.33,Barcelona,6.0,3,Venezuela,568,ALBERTO HENNING,3.98,2,2,2,1,Mike Hillyer,1,0.5,2005-08-02,2
3.06,4.28,4583,0.93,0.2,Ashdod,5.0,1,Israel,102,CRYSTAL FORD,3.99,1,1,1,2,Jon Stephens,2,1.0,2005-07-08,1
3.06,4.28,4584,0.93,0.2,Salinas,5.0,17,United States,269,CASSANDRA WALTERS,3.99,1,1,1,1,Mike Hillyer,1,1.0,2005-08-17,1
3.06,4.29,4579,0.93,0.3,Klerksdorp,3.33,5,South Africa,109,EDNA WEST,3.99,1,1,1,2,Jon Stephens,2,1.0,2005-08-02,1
3.06,4.29,4580,0.93,0.23,Paarl,4.29,5,South Africa,338,DENNIS GILMAN,3.99,1,1,1,2,Jon Stephens,2,1.0,2005-07-27,1
3.06,4.29,4581,0.93,0.23,Hamilton,4.29,1,New Zealand,8,SUSAN WILSON,3.99,1,1,1,1,Mike Hillyer,1,1.0,2005-07-08,1
3.06,4.29,4582,0.93,0.23,Qinhuangdao,4.29,30,China,242,GLENDA FRAZIER,3.99,1,1,1,1,Mike Hillyer,1,1.0,2005-07-30,1
3.08,4.43,4576,0.9,0.23,Eskisehir,8.57,7,Turkey,507,EDGAR RHOADS,3.98,2,1,1,2,Jon Stephens,2,0.0,2005-07-08,2
3.08,4.43,4577,0.9,0.2,Uruapan,10.0,11,Mexico,454,ALEX GRESHAM,3.98,2,2,2,1,Mike Hillyer,1,0.0,2005-07-29,2
3.08,4.43,4578,0.9,0.2,Arlington,10.0,14,United States,305,RICHARD MCCRARY,3.98,2,2,2,1,Mike Hillyer,1,0.0,2005-07-09,2
3.08,4.44,4575,0.9,0.3,Tangail,6.67,1,Bangladesh,21,MICHELLE CLARK,3.98,2,1,1,2,Jon Stephens,2,0.5,2005-08-17,2
3.09,4.44,4568,0.9,0.23,Taizz,4.29,2,Yemen,213,GINA WILLIAMSON,3.99,1,1,1,2,Jon Stephens,2,1.0,2005-08-17,1
3.09,4.44,4569,0.9,0.23,Guadalajara,4.29,15,Mexico,364,BENJAMIN VARNEY,3.99,1,1,1,2,Jon Stephens,2,1.0,2005-08-19,1
3.09,4.44,4570,0.9,0.2,So Bernardo do Campo,5.0,15,Brazil,544,CODY NOLEN,3.99,1,1,1,2,Jon Stephens,2,1.0,2005-08-18,1
3.09,4.44,4571,0.9,0.2,Mannheim,5.0,2,Germany,196,ALMA AUSTIN,3.99,1,1,1,2,Jon Stephens,2,1.0,2005-07-28,1
3.09,4.44,4572,0.9,0.2,Yamuna Nagar,5.0,23,India,12,NANCY THOMAS,3.99,1,1,1,1,Mike Hillyer,1,1.0,2005-07-06,1
3.09,4.44,4573,0.9,0.2,Kalisz,5.0,5,Poland,270,LEAH CURTIS,3.99,1,1,1,1,Mike Hillyer,1,1.0,2005-07-31,1
3.09,4.44,4574,0.9,0.17,Cayenne,6.0,1,French Guiana,65,ROSE HOWARD,3.99,1,1,1,1,Mike Hillyer,1,1.0,2005-07-10,1
3.09,4.45,4567,0.9,0.3,Zeleznogorsk,3.33,8,Russian Federation,351,JACK FOUST,3.99,1,1,1,2,Jon Stephens,2,1.0,2005-07-11,1
3.12,4.6,4563,0.86,0.23,Caracas,8.57,4,Venezuela,111,CARMEN OWENS,3.98,2,1,1,2,Jon Stephens,2,0.0,2005-07-31,2
3.12,4.6,4564,0.86,0.23,Johannesburg,8.57,5,South Africa,471,DEAN SAUER,3.98,2,2,2,2,Jon Stephens,2,0.5,2005-07-31,2
3.12,4.6,4565,0.86,0.23,Maring,8.57,10,Brazil,246,MARIAN MENDOZA,3.98,2,1,1,2,Jon Stephens,2,0.0,2005-07-09,2
3.12,4.6,4566,0.87,0.17,Boa Vista,12.0,16,Brazil,342,HAROLD MARTINO,3.98,2,1,1,2,Jon Stephens,2,0.0,2005-07-27,2
3.13,4.61,4562,0.87,0.17,Niznekamsk,6.0,10,Russian Federation,48,ANN EVANS,3.99,1,1,1,2,Jon Stephens,2,1.0,2005-07-12,1
3.13,4.62,4560,0.86,0.23,Oulu,4.29,1,Finland,298,ERIKA PENA,3.99,1,1,1,1,Mike Hillyer,1,1.0,2005-07-08,1
3.13,4.62,4560,0.86,0.23,San Miguel de Tucumn,4.29,4,Argentina,243,LYDIA BURKE,3.99,1,1,1,2,Jon Stephens,2,1.0,2005-07-11,1
3.15,4.79,4559,0.83,0.2,Cavite,10.0,10,Philippines,388,CRAIG MORRELL,3.98,2,1,1,2,Jon Stephens,2,0.0,2005-07-30,2
3.16,4.8,4555,0.83,0.23,Cuautla,4.29,11,Mexico,323,MATTHEW MAHAN,3.99,1,1,1,1,Mike Hillyer,1,1.0,2005-07-12,1
3.16,4.8,4555,0.83,0.23,Pak Kret,4.29,2,Thailand,42,CAROLYN PEREZ,3.99,1,1,1,1,Mike Hillyer,1,1.0,2005-07-27,1
3.16,4.8,4557,0.83,0.2,Papeete,5.0,1,French Polynesia,56,GLORIA COOK,3.99,1,1,1,1,Mike Hillyer,1,1.0,2005-07-07,1
3.16,4.8,4558,0.83,0.17,Pingxiang,6.0,16,China,169,ERICA MATTHEWS,3.99,1,1,1,1,Mike Hillyer,1,1.0,2005-07-11,1
3.16,4.81,4554,0.83,0.33,Teboksary,3.0,8,Russian Federation,350,JUAN FRALEY,3.99,1,1,1,2,Jon Stephens,2,1.0,2005-07-11,1
3.18,4.99,4551,0.8,0.27,Barcelona,7.5,4,Venezuela,568,ALBERTO HENNING,3.98,2,2,2,2,Jon Stephens,2,0.5,2005-08-01,2
3.18,4.99,4552,0.8,0.2,Beni-Mellal,10.0,3,Morocco,543,LANCE PEMBERTON,3.98,2,1,1,1,Mike Hillyer,1,0.0,2005-07-31,2
3.18,4.99,4553,0.8,0.2,Compton,10.0,14,United States,182,RENEE LANE,3.98,2,1,1,1,Mike Hillyer,1,0.0,2005-07-07,2
3.21,5.2,4550,0.77,0.13,Pangkal Pinang,15.0,5,Indonesia,542,LONNIE TIRADO,3.98,2,1,1,2,Jon Stephens,2,1.0,2005-08-17,2
3.22,5.2,4546,0.76,0.2,Araatuba,10.0,15,Brazil,77,JANE BENNETT,3.98,2,1,1,2,Jon Stephens,2,0.0,2005-07-11,2
3.22,5.2,4547,0.76,0.2,Madiun,10.0,9,Indonesia,500,REGINALD KINDER,3.98,2,1,1,1,Mike Hillyer,1,0.5,2005-07-28,2
3.22,5.2,4548,0.77,0.17,Eskisehir,12.0,6,Turkey,507,EDGAR RHOADS,3.98,2,1,1,2,Jon Stephens,2,0.0,2005-07-07,2
3.22,5.2,4548,0.77,0.17,al-Hawiya,12.0,4,Saudi Arabia,70,CHRISTINA RAMIREZ,3.98,2,2,2,1,Mike Hillyer,1,0.0,2005-07-29,2
3.22,5.21,4544,0.77,0.13,Halle/Saale,7.5,4,Germany,251,VICKIE BREWER,3.99,1,1,1,2,Jon Stephens,2,1.0,2005-07-07,1
3.22,5.21,4545,0.77,0.13,Cayenne,7.5,1,French Guiana,65,ROSE HOWARD,3.99,1,1,1,2,Jon Stephens,2,1.0,2005-07-08,1
3.23,5.22,4532,0.76,0.3,Katihar,3.33,18,India,419,CHAD CARBONE,3.99,1,1,1,2,Jon Stephens,2,1.0,2005-07-12,1
3.23,5.22,4533,0.76,0.27,Zeleznogorsk,3.75,12,Russian Federation,351,JACK FOUST,3.99,1,1,1,1,Mike Hillyer,1,1.0,2005-07-10,1
3.23,5.22,4534,0.76,0.23,Caracas,4.29,3,Venezuela,111,CARMEN OWENS,3.99,1,1,1,2,Jon Stephens,2,1.0,2005-08-18,1
3.23,5.22,4535,0.76,0.23,San Lorenzo,4.29,1,Paraguay,345,CARL ARTIS,3.99,1,1,1,2,Jon Stephens,2,1.0,2005-07-10,1
3.23,5.22,4535,0.76,0.23,Surakarta,4.29,4,Indonesia,450,JAY ROBB,3.99,1,1,1,1,Mike Hillyer,1,1.0,2005-07-06,1
3.23,5.22,4537,0.76,0.23,Cabuyao,4.29,10,Philippines,371,BILLY POULIN,3.99,1,1,1,1,Mike Hillyer,1,1.0,2005-07-27,1
3.23,5.22,4538,0.76,0.2,Battambang,5.0,1,Cambodia,516,ELMER NOE,3.99,1,1,1,2,Jon Stephens,2,1.0,2005-07-10,1
3.23,5.22,4538,0.76,0.2,Emeishan,5.0,15,China,389,ALAN KAHN,3.99,1,1,1,2,Jon Stephens,2,1.0,2005-07-10,1
3.23,5.22,4540,0.76,0.2,Shivapuri,5.0,31,India,68,NICOLE PETERSON,3.99,1,1,1,2,Jon Stephens,2,1.0,2005-07-30,1
3.23,5.22,4541,0.77,0.17,Okara,6.0,2,Pakistan,399,DANNY ISOM,3.99,1,1,1,1,Mike Hillyer,1,1.0,2005-08-17,1
3.23,5.22,4542,0.77,0.17,Karnal,6.0,20,India,274,NAOMI JENNINGS,3.99,1,1,1,2,Jon Stephens,2,1.0,2005-07-11,1
3.23,5.22,4542,0.77,0.17,Nyeri,6.0,1,Kenya,363,ROY WHITING,3.99,1,1,1,1,Mike Hillyer,1,1.0,2005-07-06,1
3.23,5.23,4531,0.76,0.33,Xiangfan,3.0,15,China,241,HEIDI LARSON,3.99,1,1,1,2,Jon Stephens,2,1.0,2005-07-10,1
3.25,5.44,4528,0.73,0.2,Jhansi,10.0,21,India,32,AMY LOPEZ,3.98,2,1,1,2,Jon Stephens,2,0.0,2005-07-08,2
3.25,5.44,4529,0.73,0.17,Myingyan,12.0,1,Myanmar,4,BARBARA JONES,3.98,2,2,2,1,Mike Hillyer,1,0.5,2005-08-02,2
3.25,5.44,4530,0.73,0.13,Po,15.0,12,Brazil,126,ELLEN SIMPSON,3.98,2,2,2,2,Jon Stephens,2,0.5,2005-07-08,2
3.25,5.45,4527,0.73,0.27,Cianjur,7.5,9,Indonesia,411,NORMAN CURRIER,3.98,2,1,1,1,Mike Hillyer,1,0.0,2005-07-28,2
3.26,5.45,4524,0.73,0.17,Ivanovo,6.0,14,Russian Federation,106,CONNIE WALLACE,3.99,1,1,1,2,Jon Stephens,2,1.0,2005-07-09,1
3.26,5.45,4525,0.73,0.13,Basel,7.5,2,Switzerland,61,KATHERINE RIVERA,3.99,1,1,1,1,Mike Hillyer,1,1.0,2005-07-29,1
3.26,5.45,4525,0.73,0.13,Tarsus,7.5,2,Turkey,164,JOANN GARDNER,3.99,1,1,1,1,Mike Hillyer,1,1.0,2005-07-10,1
3.26,5.46,4523,0.73,0.2,Tartu,5.0,1,Estonia,444,MARCUS HIDALGO,3.99,1,1,1,2,Jon Stephens,2,1.0,2005-07-28,1
3.28,5.7,4518,0.7,0.23,Hohhot,8.57,20,China,138,HAZEL WARREN,3.98,2,1,1,1,Mike Hillyer,1,0.5,2005-07-12,2
3.28,5.7,4519,0.7,0.2,Pavlodar,10.0,1,Kazakstan,76,IRENE PRICE,3.98,2,2,2,2,Jon Stephens,2,0.5,2005-07-30,2
3.28,5.7,4520,0.7,0.17,Namibe,12.0,2,Angola,383,MARTIN BALES,3.98,2,2,2,1,Mike Hillyer,1,0.0,2005-07-29,2
3.28,5.7,4521,0.7,0.17,Addis Abeba,12.0,1,Ethiopia,392,SEAN DOUGLASS,3.98,2,1,1,2,Jon Stephens,2,0.5,2005-07-11,2
3.28,5.7,4522,0.7,0.13,Zhezqazghan,15.0,1,Kazakstan,573,BYRON BOX,3.98,2,2,2,1,Mike Hillyer,1,0.0,2005-07-06,2
3.28,5.71,4517,0.7,0.33,London,6.0,8,United Kingdom,252,MATTIE HOFFMAN,3.98,2,1,1,2,Jon Stephens,2,0.5,2005-08-01,2
3.29,5.71,4512,0.7,0.17,Jakarta,6.0,4,Indonesia,153,SUZANNE NICHOLS,3.99,1,1,1,1,Mike Hillyer,1,1.0,2005-08-18,1
3.29,5.71,4513,0.7,0.17,Cavite,6.0,7,Philippines,388,CRAIG MORRELL,3.99,1,1,1,2,Jon Stephens,2,1.0,2005-07-29,1
3.29,5.71,4514,0.7,0.17,Mandi Bahauddin,6.0,3,Pakistan,223,MELINDA FERNANDEZ,3.99,1,1,1,2,Jon Stephens,2,1.0,2005-07-29,1
3.29,5.71,4514,0.7,0.17,Okayama,6.0,9,Japan,489,RICARDO MEADOR,3.99,1,1,1,1,Mike Hillyer,1,1.0,2005-07-08,1
3.29,5.71,4516,0.7,0.17,Compton,6.0,17,United States,182,RENEE LANE,3.99,1,1,1,2,Jon Stephens,2,1.0,2005-08-17,1
3.29,5.72,4511,0.7,0.23,Klerksdorp,4.29,5,South Africa,109,EDNA WEST,3.99,1,1,1,1,Mike Hillyer,1,1.0,2005-08-19,1
3.31,5.98,4510,0.67,0.13,Bislig,15.0,9,Philippines,94,NORMA GONZALES,3.98,2,1,1,2,Jon Stephens,2,0.5,2005-07-28,2
3.32,5.98,4506,0.67,0.17,Alvorada,12.0,11,Brazil,551,CLAYTON BARBEE,3.98,2,1,1,1,Mike Hillyer,1,0.0,2005-07-30,2
3.32,5.98,4506,0.67,0.17,Iwatsuki,12.0,20,Japan,396,EARL SHANKS,3.98,2,1,1,2,Jon Stephens,2,0.0,2005-07-27,2
3.32,5.98,4506,0.67,0.17,Laohekou,12.0,17,China,422,MELVIN ELLINGTON,3.98,2,1,1,2,Jon Stephens,2,0.5,2005-07-08,2
3.32,5.98,4506,0.67,0.17,Sambhal,12.0,33,India,217,AGNES BISHOP,3.98,2,2,2,2,Jon Stephens,2,0.5,2005-07-30,2
3.32,5.99,4502,0.66,0.2,Masqat,10.0,2,Oman,9,MARGARET MOORE,3.98,2,2,2,1,Mike Hillyer,1,0.0,2005-07-28,2
3.32,5.99,4503,0.66,0.2,Botshabelo,10.0,5,South Africa,132,ESTHER CRAWFORD,3.98,2,2,2,2,Jon Stephens,2,0.5,2005-07-06,2
3.32,5.99,4504,0.66,0.2,Salala,10.0,1,Oman,498,GENE SANBORN,3.98,2,1,1,2,Jon Stephens,2,0.5,2005-07-06,2
3.32,5.99,4504,0.66,0.2,San Miguel de Tucumn,10.0,7,Argentina,243,LYDIA BURKE,3.98,2,1,1,2,Jon Stephens,2,0.5,2005-07-27,2
3.32,6.0,4501,0.67,0.13,Imus,7.5,1,Philippines,349,JOE GILLILAND,3.99,1,1,1,2,Jon Stephens,2,1.0,2005-07-05,1
3.33,3.0,4496,1.66,0.33,Batman,3.0,9,Turkey,172,BERNICE WILLIS,4.99,1,1,1,1,Mike Hillyer,1,0.0,2005-07-28,1
3.33,3.0,4497,1.66,0.33,Hoshiarpur,3.0,18,India,412,ALLEN BUTTERFIELD,4.99,1,1,1,2,Jon Stephens,2,0.0,2005-08-22,1
3.33,3.0,4497,1.66,0.33,Merlo,3.0,9,Argentina,107,FLORENCE WOODS,4.99,1,1,1,1,Mike Hillyer,1,0.0,2005-08-21,1
3.33,6.0,4499,0.66,0.2,Celaya,5.0,14,Mexico,587,SERGIO STANFIELD,3.99,1,1,1,2,Jon Stephens,2,1.0,2005-07-09,1
3.33,6.0,4500,0.67,0.17,Mahajanga,6.0,1,Madagascar,81,ANDREA HENDERSON,3.99,1,1,1,2,Jon Stephens,2,1.0,2005-07-30,1
3.34,3.05,4495,1.63,0.4,Changhwa,7.5,6,Taiwan,75,TAMMY SANDERS,4.97,3,2,2,2,Jon Stephens,2,0.0,2005-07-12,3
3.35,3.06,4490,1.63,0.4,Valle de la Pascua,5.0,3,Venezuela,290,KRISTINA CHAMBERS,4.98,2,2,2,1,Mike Hillyer,1,0.5,2005-08-19,2
3.35,6.29,4494,0.63,0.1,Cuernavaca,20.0,14,Mexico,575,ISAAC OGLESBY,3.98,2,1,1,1,Mike Hillyer,1,0.0,2005-07-27,2
3.35,6.3,4492,0.63,0.13,Mandaluyong,15.0,11,Philippines,263,HILDA HOPKINS,3.98,2,1,1,2,Jon Stephens,2,0.0,2005-07-08,2
3.35,6.3,4492,0.63,0.13,Olomouc,15.0,1,Czech Republic,265,JENNIE TERRY,3.98,2,1,1,1,Mike Hillyer,1,0.0,2005-07-08,2
3.35,6.31,4491,0.63,0.23,Teboksary,8.57,15,Russian Federation,350,JUAN FRALEY,3.98,2,1,1,1,Mike Hillyer,1,0.5,2005-07-09,2
3.36,3.06,4475,1.63,0.33,Kamyin,3.0,9,Russian Federation,510,BEN EASTER,4.99,1,1,1,1,Mike Hillyer,1,0.0,2005-08-22,1
3.36,3.06,4475,1.63,0.33,So Leopoldo,3.0,13,Brazil,443,FRANCISCO SKIDMORE,4.99,1,1,1,2,Jon Stephens,2,0.0,2005-08-19,1
3.36,3.06,4477,1.63,0.33,Funafuti,3.0,1,Tuvalu,105,DAWN SULLIVAN,4.99,1,1,1,1,Mike Hillyer,1,0.0,2005-08-01,1
3.36,3.06,4477,1.63,0.33,Merlo,3.0,3,Argentina,107,FLORENCE WOODS,4.99,1,1,1,1,Mike Hillyer,1,1.0,2005-07-28,1
3.36,3.06,4479,1.63,0.3,San Lorenzo,3.33,1,Paraguay,345,CARL ARTIS,4.99,1,1,1,2,Jon Stephens,2,1.0,2005-08-19,1
3.36,6.31,4488,0.63,0.13,Chungho,7.5,3,Taiwan,517,BRAD MCCURDY,3.99,1,1,1,1,Mike Hillyer,1,1.0,2005-08-17,1
3.36,6.31,4489,0.63,0.13,Rizhao,7.5,29,China,496,TYLER WREN,3.99,1,1,1,1,Mike Hillyer,1,1.0,2005-08-17,1
3.36,6.32,4480,0.63,0.2,Meixian,5.0,15,China,90,RUBY WASHINGTON,3.99,1,1,1,2,Jon Stephens,2,1.0,2005-07-10,1
3.36,6.32,4481,0.63,0.2,Ipoh,5.0,3,Malaysia,171,DOLORES WAGNER,3.99,1,1,1,1,Mike Hillyer,1,1.0,2005-07-27,1
3.36,6.32,4482,0.63,0.17,Klerksdorp,6.0,3,South Africa,109,EDNA WEST,3.99,1,1,1,1,Mike Hillyer,1,1.0,2005-07-28,1
3.36,6.32,4483,0.63,0.17,Guaruj,6.0,11,Brazil,427,JESUS MCCARTNEY,3.99,1,1,1,1,Mike Hillyer,1,1.0,2005-07-08,1
3.36,6.32,4483,0.63,0.17,Sirjan,6.0,3,Iran,449,OSCAR AQUINO,3.99,1,1,1,2,Jon Stephens,2,1.0,2005-07-07,1
3.36,6.32,4485,0.63,0.17,Bchar,6.0,1,Algeria,69,JUDY GRAY,3.99,1,1,1,2,Jon Stephens,2,1.0,2005-07-10,1
3.36,6.32,4485,0.63,0.17,Zapopan,6.0,11,Mexico,465,FLOYD GANDY,3.99,1,1,1,2,Jon Stephens,2,1.0,2005-07-12,1
3.36,6.32,4487,0.63,0.17,Qinhuangdao,6.0,20,China,242,GLENDA FRAZIER,3.99,1,1,1,2,Jon Stephens,2,1.0,2005-07-27,1
3.38,3.12,4468,1.6,0.47,Tandil,4.29,6,Argentina,405,LEONARD SCHOFIELD,4.98,2,2,2,2,Jon Stephens,2,0.5,2005-08-22,2
3.38,3.12,4469,1.6,0.37,Kragujevac,5.45,1,Yugoslavia,7,MARIA MILLER,4.98,2,1,1,1,Mike Hillyer,1,0.5,2005-07-11,2
3.38,6.64,4474,0.6,0.1,Isesaki,20.0,10,Japan,519,RON DELUCA,3.98,2,1,1,2,Jon Stephens,2,0.5,2005-07-08,2
3.38,6.65,4470,0.6,0.17,Luzinia,12.0,8,Brazil,183,IDA ANDREWS,3.98,2,1,1,2,Jon Stephens,2,0.0,2005-07-07,2
3.38,6.65,4471,0.6,0.17,Southend-on-Sea,12.0,3,United Kingdom,16,SANDRA MARTIN,3.98,2,1,1,2,Jon Stephens,2,0.5,2005-07-27,2
3.38,6.65,4472,0.6,0.13,Dadu,15.0,2,Pakistan,416,JEFFERY PINSON,3.98,2,1,1,1,Mike Hillyer,1,0.0,2005-07-28,2
3.38,6.65,4472,0.6,0.13,London,15.0,3,United Kingdom,512,CECIL VINES,3.98,2,1,1,1,Mike Hillyer,1,0.0,2005-07-27,2
3.39,3.12,4459,1.6,0.3,Deba Habe,3.33,5,Nigeria,409,RODNEY MOELLER,4.99,1,1,1,2,Jon Stephens,2,0.0,2005-07-11,1
3.39,3.12,4459,1.6,0.3,Southampton,3.33,6,United Kingdom,583,MARSHALL THORN,4.99,1,1,1,1,Mike Hillyer,1,0.0,2005-07-08,1
3.39,3.12,4461,1.6,0.27,Effon-Alaiye,3.75,3,Nigeria,286,VELMA LUCAS,4.99,1,1,1,1,Mike Hillyer,1,1.0,2005-07-10,1
3.39,3.12,4461,1.6,0.27,Pangkal Pinang,3.75,2,Indonesia,542,LONNIE TIRADO,4.99,1,1,1,1,Mike Hillyer,1,1.0,2005-08-01,1
3.39,3.13,4454,1.6,0.33,Cuauhtmoc,3.0,8,Mexico,467,ALVIN DELOACH,4.99,1,1,1,1,Mike Hillyer,1,0.0,2005-08-17,1
3.39,3.13,4454,1.6,0.33,Suihua,3.0,20,China,511,CHESTER BENNER,4.99,1,1,1,1,Mike Hillyer,1,0.0,2005-08-22,1
3.39,3.13,4456,1.6,0.33,Acua,3.0,7,Mexico,486,GLEN TALBERT,4.99,1,1,1,2,Jon Stephens,2,1.0,2005-07-11,1
3.39,3.13,4456,1.6,0.33,Kabul,3.0,1,Afghanistan,218,VERA MCCOY,4.99,1,1,1,2,Jon Stephens,2,0.0,2005-08-22,1
3.39,3.13,4456,1.6,0.33,Naala-Porto,3.0,2,Mozambique,433,DON BONE,4.99,1,1,1,1,Mike Hillyer,1,0.0,2005-08-20,1
3.39,6.66,4467,0.6,0.13,Ivanovo,7.5,13,Russian Federation,106,CONNIE WALLACE,3.99,1,1,1,1,Mike Hillyer,1,1.0,2005-07-08,1
3.39,6.67,4463,0.6,0.17,Talavera,6.0,12,Philippines,505,RAFAEL ABNEY,3.99,1,1,1,2,Jon Stephens,2,1.0,2005-08-20,1
3.39,6.67,4464,0.6,0.17,Ezhou,6.0,30,China,313,DONALD MAHON,3.99,1,1,1,1,Mike Hillyer,1,1.0,2005-07-30,1
3.39,6.67,4465,0.6,0.17,Patras,6.0,2,Greece,596,ENRIQUE FORSYTHE,3.99,1,1,1,1,Mike Hillyer,1,1.0,2005-07-31,1
3.39,6.67,4465,0.6,0.17,Toulon,6.0,1,France,104,RITA GRAHAM,3.99,1,1,1,1,Mike Hillyer,1,1.0,2005-08-18,1
3.42,3.18,4452,1.56,0.3,Quilmes,6.67,6,Argentina,585,PERRY SWAFFORD,4.98,2,1,1,2,Jon Stephens,2,0.5,2005-08-20,2
3.42,3.19,4450,1.56,0.37,Parbhani,5.45,30,India,300,JOHN FARNSWORTH,4.98,2,2,2,1,Mike Hillyer,1,0.5,2005-08-19,2
3.42,3.19,4450,1.56,0.37,Sokoto,5.45,6,Nigeria,562,WALLACE SLONE,4.98,2,2,2,1,Mike Hillyer,1,0.5,2005-08-23,2
3.42,7.04,4453,0.57,0.17,South Hill,12.0,1,Anguilla,381,BOBBY BOUDREAU,3.98,2,1,1,2,Jon Stephens,2,0.5,2005-07-06,2
3.42,7.06,4448,0.57,0.13,Namibe,7.5,2,Angola,383,MARTIN BALES,3.99,1,1,1,1,Mike Hillyer,1,1.0,2005-07-27,1
3.42,7.06,4449,0.57,0.13,Bratislava,7.5,1,Slovakia,357,KEITH RICO,3.99,1,1,1,1,Mike Hillyer,1,1.0,2005-07-06,1
3.43,3.19,4439,1.56,0.33,Yuncheng,3.0,19,China,154,MICHELE GRANT,4.99,1,1,1,2,Jon Stephens,2,0.0,2005-08-20,1
3.43,3.19,4440,1.56,0.33,Nakhon Sawan,3.0,1,Thailand,390,SHAWN HEATON,4.99,1,1,1,1,Mike Hillyer,1,0.0,2005-07-11,1
3.43,3.19,4441,1.56,0.33,Chiayi,3.0,6,Taiwan,73,BEVERLY BROOKS,4.99,1,1,1,2,Jon Stephens,2,0.0,2005-08-01,1
3.43,3.19,4442,1.56,0.3,Dallas,3.33,10,United States,400,BRYAN HARDISON,4.99,1,1,1,2,Jon Stephens,2,0.0,2005-07-31,1
3.43,3.19,4443,1.56,0.27,Valparai,3.75,19,India,403,MIKE WAY,4.99,1,1,1,2,Jon Stephens,2,0.0,2005-07-07,1
3.43,7.06,4445,0.57,0.17,Valle de Santiago,6.0,11,Mexico,288,BOBBIE CRAIG,3.99,1,1,1,2,Jon Stephens,2,1.0,2005-07-12,1
3.43,7.06,4446,0.57,0.17,Ashgabat,6.0,1,Turkmenistan,200,JEANNE LAWSON,3.99,1,1,1,1,Mike Hillyer,1,1.0,2005-07-26,1
3.43,7.06,4447,0.57,0.17,Coquimbo,6.0,2,Chile,515,ANDRE RAPP,3.99,1,1,1,2,Jon Stephens,2,1.0,2005-07-27,1
3.43,7.07,4444,0.56,0.2,Matsue,5.0,13,Japan,355,TERRY GRISSOM,3.99,1,1,1,1,Mike Hillyer,1,1.0,2005-08-22,1
3.45,3.25,4436,1.53,0.3,Angra dos Reis,6.67,12,Brazil,307,JOSEPH JOY,4.98,2,1,1,1,Mike Hillyer,1,0.5,2005-07-28,2
3.45,3.26,4434,1.53,0.47,Szkesfehrvr,4.29,1,Hungary,592,TERRANCE ROUSH,4.98,2,1,1,1,Mike Hillyer,1,0.5,2005-08-19,2
3.45,3.26,4435,1.53,0.43,Nezahualcyotl,4.62,12,Mexico,115,WENDY HARRISON,4.98,2,1,1,2,Jon Stephens,2,0.5,2005-07-31,2
3.45,7.48,4437,0.53,0.13,Celaya,15.0,11,Mexico,587,SERGIO STANFIELD,3.98,2,1,1,2,Jon Stephens,2,0.0,2005-07-06,2
3.45,7.48,4438,0.53,0.1,Kansas City,20.0,17,United States,308,THOMAS GRIGSBY,3.98,2,2,2,1,Mike Hillyer,1,0.0,2005-07-30,2
3.46,3.26,4424,1.53,0.33,s-Hertogenbosch,3.0,2,Netherlands,184,VIVIAN RUIZ,4.99,1,1,1,2,Jon Stephens,2,0.0,2005-08-21,1
3.46,3.26,4425,1.53,0.33,Emeishan,3.0,26,China,389,ALAN KAHN,4.99,1,1,1,1,Mike Hillyer,1,1.0,2005-07-30,1
3.46,3.26,4426,1.53,0.3,Korolev,3.33,9,Russian Federation,393,PHILIP CAUSEY,4.99,1,1,1,1,Mike Hillyer,1,0.0,2005-07-09,1
3.46,3.26,4427,1.53,0.3,Pathankot,3.33,28,India,95,PAULA BRYANT,4.99,1,1,1,2,Jon Stephens,2,0.0,2005-08-21,1
3.46,3.26,4428,1.53,0.27,Chapra,3.75,25,India,509,RAUL FORTIER,4.99,1,1,1,2,Jon Stephens,2,0.0,2005-08-20,1
3.46,3.26,4429,1.53,0.27,Kursk,3.75,11,Russian Federation,311,PAUL TROUT,4.99,1,1,1,2,Jon Stephens,2,0.0,2005-08-01,1
3.46,7.5,4431,0.53,0.17,Esfahan,6.0,3,Iran,10,DOROTHY TAYLOR,3.99,1,1,1,2,Jon Stephens,2,1.0,2005-07-06,1
3.46,7.5,4431,0.53,0.17,Manchester,6.0,1,United States,382,VICTOR BARKLEY,3.99,1,1,1,2,Jon Stephens,2,1.0,2005-07-05,1
3.46,7.5,4431,0.53,0.17,Shaoguan,6.0,20,China,485,CLYDE TOBIAS,3.99,1,1,1,2,Jon Stephens,2,1.0,2005-07-07,1
3.46,7.51,4430,0.53,0.2,Pune,5.0,20,India,135,JUANITA MASON,3.99,1,1,1,1,Mike Hillyer,1,1.0,2005-07-11,1
3.48,7.98,4422,0.5,0.13,Gingoog,15.0,10,Philippines,461,DEREK BLAKELY,3.98,2,1,1,1,Mike Hillyer,1,0.5,2005-07-10,2
3.48,7.98,4423,0.5,0.13,Touliu,15.0,6,Taiwan,139,AMBER DIXON,3.98,2,1,1,2,Jon Stephens,2,0.5,2005-07-08,2
3.48,7.99,4420,0.5,0.17,Valle de Santiago,12.0,12,Mexico,288,BOBBIE CRAIG,3.98,2,1,1,2,Jon Stephens,2,0.0,2005-07-28,2
3.48,7.99,4421,0.5,0.17,Yuzhou,12.0,20,China,324,GARY COY,3.98,2,2,2,1,Mike Hillyer,1,0.0,2005-07-10,2
3.49,3.33,4406,1.5,0.33,Cheju,3.0,3,South Korea,88,BONNIE HUGHES,4.99,1,1,1,1,Mike Hillyer,1,0.0,2005-08-23,1
3.49,3.33,4407,1.5,0.33,Coacalco de Berriozbal,3.0,11,Mexico,247,STELLA MORENO,4.99,1,1,1,1,Mike Hillyer,1,0.0,2005-08-20,1
3.49,3.33,4407,1.5,0.33,Fengshan,3.0,4,Taiwan,576,MORRIS MCCARTER,4.99,1,1,1,1,Mike Hillyer,1,1.0,2005-07-08,1
3.49,3.33,4407,1.5,0.33,Paarl,3.0,4,South Africa,338,DENNIS GILMAN,4.99,1,1,1,2,Jon Stephens,2,1.0,2005-07-08,1
3.49,3.33,4407,1.5,0.33,Roanoke,3.0,15,United States,291,TONI HOLT,4.99,1,1,1,2,Jon Stephens,2,1.0,2005-08-21,1
3.49,3.33,4407,1.5,0.33,Salamanca,3.0,2,Mexico,273,PRISCILLA LOWE,4.99,1,1,1,2,Jon Stephens,2,0.0,2005-08-16,1
3.49,3.33,4412,1.5,0.33,Weifang,3.0,11,China,588,MARION OCAMPO,4.99,1,1,1,1,Mike Hillyer,1,0.0,2005-07-11,1
3.49,3.33,4413,1.5,0.33,Arlington,3.0,16,United States,305,RICHARD MCCRARY,4.99,1,1,1,2,Jon Stephens,2,1.0,2005-08-01,1
3.49,3.33,4414,1.5,0.33,ostka,3.0,3,Ukraine,475,PEDRO CHESTNUT,4.99,1,1,1,1,Mike Hillyer,1,0.0,2005-08-17,1
3.49,3.33,4415,1.5,0.3,Korolev,3.33,12,Russian Federation,393,PHILIP CAUSEY,4.99,1,1,1,2,Jon Stephens,2,0.0,2005-07-28,1
3.49,3.33,4416,1.5,0.3,Yinchuan,3.33,12,China,484,ROBERTO VU,4.99,1,1,1,1,Mike Hillyer,1,0.0,2005-08-18,1
3.49,3.33,4417,1.5,0.27,Stockport,3.75,2,United Kingdom,477,DAN PAINE,4.99,1,1,1,2,Jon Stephens,2,0.0,2005-08-18,1
3.49,3.33,4418,1.5,0.23,Zhoushan,4.29,11,China,550,GUY BROWNLEE,4.99,1,1,1,1,Mike Hillyer,1,0.0,2005-07-10,1
3.49,8.01,4419,0.5,0.17,Varanasi (Benares),6.0,22,India,123,SHANNON FREEMAN,3.99,1,1,1,1,Mike Hillyer,1,1.0,2005-07-07,1
3.52,3.4,4404,1.46,0.33,Hiroshima,6.0,14,Japan,299,JAMES GANNON,4.98,2,2,2,1,Mike Hillyer,1,0.5,2005-08-21,2
3.52,3.4,4405,1.46,0.33,Changhwa,6.0,4,Taiwan,75,TAMMY SANDERS,4.98,2,2,2,1,Mike Hillyer,1,0.5,2005-07-11,2
3.52,8.56,4403,0.47,0.07,Hino,15.0,18,Japan,194,KRISTEN CHAVEZ,3.99,1,1,1,2,Jon Stephens,2,1.0,2005-08-19,1
3.52,8.57,4396,0.47,0.13,Moscow,7.5,18,Russian Federation,46,CATHERINE CAMPBELL,3.99,1,1,1,2,Jon Stephens,2,1.0,2005-07-28,1
3.52,8.57,4397,0.47,0.13,Bayugan,7.5,5,Philippines,188,MELANIE ARMSTRONG,3.99,1,1,1,2,Jon Stephens,2,1.0,2005-07-06,1
3.52,8.57,4398,0.47,0.13,Roanoke,7.5,14,United States,291,TONI HOLT,3.99,1,1,1,2,Jon Stephens,2,1.0,2005-07-08,1
3.52,8.57,4399,0.47,0.13,Kaliningrad,7.5,13,Russian Federation,301,ROBERT BAUGHMAN,3.99,1,1,1,2,Jon Stephens,2,1.0,2005-07-08,1
3.52,8.57,4400,0.47,0.1,Florencia,10.0,3,Colombia,460,LEON BOSTIC,3.99,1,1,1,2,Jon Stephens,2,1.0,2005-07-09,1
3.52,8.57,4400,0.47,0.1,Matamoros,10.0,13,Mexico,177,SAMANTHA DUNCAN,3.99,1,1,1,1,Mike Hillyer,1,1.0,2005-07-27,1
3.52,8.57,4400,0.47,0.1,Zaoyang,10.0,30,China,514,FRANKLIN TROUTMAN,3.99,1,1,1,1,Mike Hillyer,1,1.0,2005-07-30,1
3.53,3.41,4382,1.46,0.33,Sterling Heights,3.0,13,United States,146,JAMIE RICE,4.99,1,1,1,1,Mike Hillyer,1,0.0,2005-08-19,1
3.53,3.41,4383,1.46,0.33,NDjamna,3.0,1,Chad,535,JAVIER ELROD,4.99,1,1,1,1,Mike Hillyer,1,1.0,2005-07-31,1
3.53,3.41,4384,1.46,0.33,Shivapuri,3.0,14,India,68,NICOLE PETERSON,4.99,1,1,1,1,Mike Hillyer,1,0.0,2005-07-12,1
3.53,3.41,4385,1.46,0.3,So Leopoldo,3.33,9,Brazil,443,FRANCISCO SKIDMORE,4.99,1,1,1,1,Mike Hillyer,1,1.0,2005-08-18,1
3.53,3.41,4386,1.46,0.3,Haining,3.33,12,China,552,HUGH WALDROP,4.99,1,1,1,2,Jon Stephens,2,0.0,2005-08-18,1
3.53,3.41,4386,1.46,0.3,Hsichuh,3.33,5,Taiwan,348,ROGER QUINTANILLA,4.99,1,1,1,1,Mike Hillyer,1,0.0,2005-07-09,1
3.53,3.41,4386,1.46,0.3,Kaliningrad,3.33,9,Russian Federation,301,ROBERT BAUGHMAN,4.99,1,1,1,2,Jon Stephens,2,1.0,2005-07-30,1
3.53,3.41,4389,1.46,0.27,Maracabo,3.75,2,Venezuela,453,CALVIN MARTEL,4.99,1,1,1,1,Mike Hillyer,1,1.0,2005-07-12,1
3.53,3.41,4390,1.46,0.27,Denizli,3.75,4,Turkey,483,VERNON CHAPA,4.99,1,1,1,1,Mike Hillyer,1,1.0,2005-07-29,1
3.53,3.41,4390,1.46,0.27,Pingxiang,3.75,16,China,169,ERICA MATTHEWS,4.99,1,1,1,2,Jon Stephens,2,0.0,2005-07-29,1
3.53,3.41,4390,1.46,0.27,Sultanbeyli,3.75,4,Turkey,493,BRENT HARKINS,4.99,1,1,1,1,Mike Hillyer,1,0.0,2005-08-21,1
3.53,3.41,4393,1.46,0.27,San Lorenzo,3.75,1,Paraguay,345,CARL ARTIS,4.99,1,1,1,1,Mike Hillyer,1,0.0,2005-08-18,1
3.53,3.41,4394,1.46,0.23,Brescia,4.29,3,Italy,309,CHRISTOPHER GRECO,4.99,1,1,1,1,Mike Hillyer,1,0.0,2005-07-08,1
3.53,8.58,4395,0.47,0.17,Tegal,6.0,5,Indonesia,458,LLOYD DOWD,3.99,1,1,1,2,Jon Stephens,2,1.0,2005-07-11,1
3.55,3.48,4380,1.43,0.33,Syrakusa,6.0,4,Italy,221,BESSIE MORRISON,4.98,2,2,2,2,Jon Stephens,2,0.5,2005-08-18,2
3.55,3.48,4381,1.43,0.3,Brockton,6.67,13,United States,149,VALERIE BLACK,4.98,2,1,1,1,Mike Hillyer,1,0.5,2005-07-08,2
3.56,3.49,4364,1.43,0.33,Bern,3.0,1,Switzerland,155,GAIL KNIGHT,4.99,1,1,1,1,Mike Hillyer,1,1.0,2005-08-02,1
3.56,3.49,4365,1.43,0.33,Citrus Heights,3.0,12,United States,14,BETTY WHITE,4.99,1,1,1,2,Jon Stephens,2,1.0,2005-07-30,1
3.56,3.49,4366,1.43,0.33,Ipoh,3.0,1,Malaysia,171,DOLORES WAGNER,4.99,1,1,1,1,Mike Hillyer,1,0.0,2005-07-11,1
3.56,3.49,4367,1.43,0.3,Angra dos Reis,3.33,9,Brazil,307,JOSEPH JOY,4.99,1,1,1,2,Jon Stephens,2,0.0,2005-08-18,1
3.56,3.49,4367,1.43,0.3,Gorontalo,3.33,9,Indonesia,203,TARA RYAN,4.99,1,1,1,2,Jon Stephens,2,1.0,2005-08-20,1
3.56,3.49,4369,1.43,0.3,Acua,3.33,11,Mexico,486,GLEN TALBERT,4.99,1,1,1,2,Jon Stephens,2,1.0,2005-07-09,1
3.56,3.49,4369,1.43,0.3,Naala-Porto,3.33,2,Mozambique,433,DON BONE,4.99,1,1,1,2,Jon Stephens,2,0.0,2005-08-19,1
3.56,3.49,4369,1.43,0.3,Onomichi,3.33,6,Japan,337,JERRY JORDON,4.99,1,1,1,1,Mike Hillyer,1,0.0,2005-07-29,1
3.56,3.49,4372,1.43,0.3,Juazeiro do Norte,3.33,8,Brazil,47,FRANCES PARKER,4.99,1,1,1,2,Jon Stephens,2,1.0,2005-07-30,1
3.56,3.49,4373,1.43,0.27,Sincelejo,3.75,3,Colombia,87,WANDA PATTERSON,4.99,1,1,1,1,Mike Hillyer,1,0.0,2005-07-12,1
3.56,3.49,4374,1.43,0.27,Vinh,3.75,3,Vietnam,523,HARVEY GUAJARDO,4.99,1,1,1,2,Jon Stephens,2,0.0,2005-07-12,1
3.56,9.23,4378,0.43,0.1,Tieli,10.0,29,China,599,AUSTIN CINTRON,3.99,1,1,1,2,Jon Stephens,2,1.0,2005-08-17,1
3.56,9.23,4379,0.43,0.1,Kursk,10.0,13,Russian Federation,311,PAUL TROUT,3.99,1,1,1,2,Jon Stephens,2,1.0,2005-07-08,1
3.56,9.24,4375,0.43,0.17,Kumbakonam,6.0,20,India,271,PENNY NEAL,3.99,1,1,1,1,Mike Hillyer,1,1.0,2005-07-28,1
3.56,9.24,4376,0.43,0.13,Enshi,7.5,22,China,110,TIFFANY JORDAN,3.99,1,1,1,2,Jon Stephens,2,1.0,2005-08-18,1
3.56,9.24,4377,0.43,0.13,Rio Claro,7.5,12,Brazil,74,DENISE KELLY,3.99,1,1,1,2,Jon Stephens,2,1.0,2005-07-06,1
3.57,3.56,4362,1.4,0.33,Tartu,9.0,1,Estonia,444,MARCUS HIDALGO,4.97,3,2,2,1,Mike Hillyer,1,0.0,2005-08-20,3
3.57,9.94,4363,0.4,0.07,Shaoguan,45.0,23,China,485,CLYDE TOBIAS,3.97,3,2,2,1,Mike Hillyer,1,0.3333,2005-07-06,3
3.58,3.56,4361,1.4,0.3,Mexicali,6.67,13,Mexico,343,DOUGLAS GRAF,4.98,2,1,1,2,Jon Stephens,2,0.5,2005-08-20,2
3.58,3.57,4359,1.4,0.4,Jamalpur,5.0,1,Bangladesh,329,FRANK WAGGONER,4.98,2,2,2,2,Jon Stephens,2,0.5,2005-07-08,2
3.58,3.57,4360,1.4,0.33,Ueda,6.0,11,Japan,503,ANGEL BARCLAY,4.98,2,2,2,1,Mike Hillyer,1,0.5,2005-08-02,2
3.59,10.0,4358,0.4,0.1,Pachuca de Soto,10.0,11,Mexico,353,JONATHAN SCARBOROUGH,3.99,1,1,1,2,Jon Stephens,2,1.0,2005-07-28,1
3.59,10.01,4357,0.4,0.13,Sunnyvale,7.5,14,United States,214,KRISTIN JOHNSTON,3.99,1,1,1,1,Mike Hillyer,1,1.0,2005-07-08,1
3.59,3.57,4340,1.4,0.33,Akron,3.0,8,United States,479,ZACHARY HITE,4.99,1,1,1,1,Mike Hillyer,1,0.0,2005-07-10,1
3.59,3.57,4340,1.4,0.33,Belm,3.0,8,Brazil,362,NICHOLAS BARFIELD,4.99,1,1,1,2,Jon Stephens,2,0.0,2005-07-12,1
3.59,3.57,4340,1.4,0.33,Kamyin,3.0,8,Russian Federation,510,BEN EASTER,4.99,1,1,1,2,Jon Stephens,2,0.0,2005-07-10,1
3.59,3.57,4340,1.4,0.33,Lengshuijiang,3.0,12,China,267,MARGIE WADE,4.99,1,1,1,1,Mike Hillyer,1,0.0,2005-08-18,1
3.59,3.57,4340,1.4,0.33,Lima,3.0,2,Peru,122,THELMA MURRAY,4.99,1,1,1,1,Mike Hillyer,1,0.0,2005-07-08,1
3.59,3.57,4340,1.4,0.33,Shimonoseki,3.0,11,Japan,29,ANGELA HERNANDEZ,4.99,1,1,1,1,Mike Hillyer,1,0.0,2005-07-31,1
3.59,3.57,4346,1.4,0.33,Adoni,3.0,23,India,367,ADAM GOOCH,4.99,1,1,1,1,Mike Hillyer,1,0.0,2005-07-31,1
3.59,3.57,4346,1.4,0.33,Allappuzha (Alleppey),3.0,23,India,175,ANNETTE OLSON,4.99,1,1,1,2,Jon Stephens,2,0.0,2005-07-31,1
3.59,3.57,4346,1.4,0.33,Bucuresti,3.0,1,Romania,563,KEN PREWITT,4.99,1,1,1,2,Jon Stephens,2,0.0,2005-08-21,1
3.59,3.57,4349,1.4,0.33,Lublin,3.0,3,Poland,501,RUBEN GEARY,4.99,1,1,1,2,Jon Stephens,2,1.0,2005-08-02,1
3.59,3.57,4350,1.4,0.3,Chapra,3.33,27,India,509,RAUL FORTIER,4.99,1,1,1,1,Mike Hillyer,1,0.0,2005-08-01,1
3.59,3.57,4350,1.4,0.3,Kursk,3.33,6,Russian Federation,311,PAUL TROUT,4.99,1,1,1,2,Jon Stephens,2,0.0,2005-08-21,1
3.59,3.57,4352,1.4,0.3,Ede,3.33,2,Netherlands,341,PETER MENARD,4.99,1,1,1,2,Jon Stephens,2,0.0,2005-08-21,1
3.59,3.57,4353,1.4,0.27,Battambang,3.75,1,Cambodia,516,ELMER NOE,4.99,1,1,1,2,Jon Stephens,2,1.0,2005-07-30,1
3.59,3.57,4354,1.4,0.27,Sirjan,3.75,4,Iran,449,OSCAR AQUINO,4.99,1,1,1,1,Mike Hillyer,1,1.0,2005-08-18,1
3.59,3.57,4355,1.4,0.23,Smolensk,4.29,9,Russian Federation,127,ELAINE STEVENS,4.99,1,1,1,2,Jon Stephens,2,0.0,2005-08-17,1
3.59,3.57,4356,1.4,0.23,Cuauhtmoc,4.29,11,Mexico,467,ALVIN DELOACH,4.99,1,1,1,2,Jon Stephens,2,1.0,2005-07-09,1
3.62,10.91,4336,0.37,0.1,Jaffna,10.0,1,Sri Lanka,408,MANUEL MURRELL,3.99,1,1,1,2,Jon Stephens,2,1.0,2005-07-07,1
3.62,3.65,4337,1.36,0.37,Greensboro,5.45,13,United States,158,VERONICA STONE,4.98,2,1,1,1,Mike Hillyer,1,0.5,2005-07-31,2
3.62,3.65,4338,1.36,0.33,Nantou,6.0,7,Taiwan,5,ELIZABETH BROWN,4.98,2,1,1,2,Jon Stephens,2,0.5,2005-07-28,2
3.62,3.65,4339,1.36,0.27,Ziguinchor,7.5,1,Senegal,456,RONNIE RICKETTS,4.98,2,1,1,2,Jon Stephens,2,0.5,2005-08-21,2
3.63,3.66,4321,1.36,0.33,Esfahan,3.0,6,Iran,10,DOROTHY TAYLOR,4.99,1,1,1,1,Mike Hillyer,1,0.0,2005-07-31,1
3.63,3.66,4321,1.36,0.33,Zhezqazghan,3.0,2,Kazakstan,573,BYRON BOX,4.99,1,1,1,1,Mike Hillyer,1,0.0,2005-07-29,1
3.63,3.66,4323,1.36,0.33,Taizz,3.0,2,Yemen,213,GINA WILLIAMSON,4.99,1,1,1,2,Jon Stephens,2,0.0,2005-07-07,1
3.63,3.66,4324,1.36,0.33,Chiayi,3.0,5,Taiwan,73,BEVERLY BROOKS,4.99,1,1,1,2,Jon Stephens,2,1.0,2005-08-18,1
3.63,3.66,4324,1.36,0.33,Shivapuri,3.0,20,India,68,NICOLE PETERSON,4.99,1,1,1,1,Mike Hillyer,1,0.0,2005-08-23,1
3.63,3.66,4326,1.36,0.3,Moscow,3.33,8,Russian Federation,46,CATHERINE CAMPBELL,4.99,1,1,1,2,Jon Stephens,2,0.0,2005-07-10,1
3.63,3.66,4326,1.36,0.3,San Felipe de Puerto Plata,3.33,2,Dominican Republic,418,JEFF EAST,4.99,1,1,1,1,Mike Hillyer,1,1.0,2005-07-31,1
3.63,3.66,4328,1.36,0.3,Mysore,3.33,15,India,59,CHERYL MURPHY,4.99,1,1,1,1,Mike Hillyer,1,1.0,2005-07-10,1
3.63,3.66,4328,1.36,0.3,Sumqayit,3.33,1,Azerbaijan,334,RAYMOND MCWHORTER,4.99,1,1,1,2,Jon Stephens,2,0.0,2005-08-19,1
3.63,3.66,4330,1.36,0.27,Kamyin,3.75,9,Russian Federation,510,BEN EASTER,4.99,1,1,1,1,Mike Hillyer,1,0.0,2005-07-30,1
3.63,3.66,4331,1.36,0.27,Santa Rosa,3.75,8,Philippines,522,ARNOLD HAVENS,4.99,1,1,1,2,Jon Stephens,2,0.0,2005-07-27,1
3.63,3.66,4332,1.36,0.27,Plock,3.75,2,Poland,571,JOHNNIE CHISHOLM,4.99,1,1,1,2,Jon Stephens,2,1.0,2005-07-10,1
3.63,3.66,4333,1.36,0.27,Kirovo-Tepetsk,3.75,12,Russian Federation,179,DANA HART,4.99,1,1,1,1,Mike Hillyer,1,0.0,2005-07-28,1
3.63,3.66,4334,1.36,0.23,Hunuco,4.29,1,Peru,565,JAIME NETTLES,4.99,1,1,1,2,Jon Stephens,2,0.0,2005-08-16,1
3.63,3.66,4335,1.36,0.23,Ciudad del Este,4.29,1,Paraguay,205,EILEEN CARR,4.99,1,1,1,2,Jon Stephens,2,1.0,2005-07-31,1
3.64,3.74,4320,1.33,0.37,Santo Andr,8.18,14,Brazil,354,JUSTIN NGO,4.97,3,1,1,2,Jon Stephens,2,0.6667,2005-07-27,3
3.65,11.96,4318,0.33,0.07,Valle de Santiago,30.0,16,Mexico,288,BOBBIE CRAIG,3.98,2,2,2,2,Jon Stephens,2,0.0,2005-07-08,2
3.65,11.96,4319,0.33,0.07,Batna,30.0,3,Algeria,441,MARIO CHEATHAM,3.98,2,1,1,2,Jon Stephens,2,0.0,2005-07-06,2
3.65,11.98,4317,0.33,0.1,Valencia,20.0,4,Venezuela,539,MATHEW BOLIN,3.98,2,1,1,1,Mike Hillyer,1,0.0,2005-07-07,2
3.65,3.74,4316,1.33,0.3,Akishima,6.67,18,Japan,574,JULIAN VEST,4.98,2,1,1,1,Mike Hillyer,1,0.5,2005-07-27,2
3.66,12.02,4315,0.33,0.13,Tabuk,7.5,1,Saudi Arabia,312,MARK RINEHART,3.99,1,1,1,1,Mike Hillyer,1,1.0,2005-07-08,1
3.66,3.75,4294,1.33,0.33,Haiphong,3.0,4,Vietnam,199,BETH FRANKLIN,4.99,1,1,1,2,Jon Stephens,2,0.0,2005-08-21,1
3.66,3.75,4295,1.33,0.33,Jakarta,3.0,6,Indonesia,153,SUZANNE NICHOLS,4.99,1,1,1,2,Jon Stephens,2,1.0,2005-08-02,1
3.66,3.75,4296,1.33,0.33,Ashqelon,3.0,2,Israel,478,LEWIS LYMAN,4.99,1,1,1,1,Mike Hillyer,1,0.0,2005-08-23,1
3.66,3.75,4296,1.33,0.33,Hanoi,3.0,3,Vietnam,340,PATRICK NEWSOM,4.99,1,1,1,2,Jon Stephens,2,1.0,2005-07-11,1
3.66,3.75,4296,1.33,0.33,Sanaa,3.0,2,Yemen,303,WILLIAM SATTERFIELD,4.99,1,1,1,1,Mike Hillyer,1,1.0,2005-08-02,1
3.66,3.75,4299,1.33,0.3,Almirante Brown,3.33,7,Argentina,359,WILLIE MARKHAM,4.99,1,1,1,1,Mike Hillyer,1,0.0,2005-08-02,1
3.66,3.75,4299,1.33,0.3,Coacalco de Berriozbal,3.33,10,Mexico,247,STELLA MORENO,4.99,1,1,1,1,Mike Hillyer,1,0.0,2005-08-19,1
3.66,3.75,4299,1.33,0.3,Namibe,3.33,1,Angola,383,MARTIN BALES,4.99,1,1,1,1,Mike Hillyer,1,0.0,2005-07-12,1
3.66,3.75,4299,1.33,0.3,Santiago de los Caballeros,3.33,1,Dominican Republic,258,MYRTLE FLEMING,4.99,1,1,1,2,Jon Stephens,2,1.0,2005-07-11,1
3.66,3.75,4299,1.33,0.3,Santiago de los Caballeros,3.33,3,Dominican Republic,258,MYRTLE FLEMING,4.99,1,1,1,2,Jon Stephens,2,0.0,2005-07-30,1
3.66,3.75,4304,1.33,0.3,Arlington,3.33,12,United States,305,RICHARD MCCRARY,4.99,1,1,1,2,Jon Stephens,2,0.0,2005-07-30,1
3.66,3.75,4304,1.33,0.3,Callao,3.33,2,Peru,304,DAVID ROYAL,4.99,1,1,1,2,Jon Stephens,2,1.0,2005-07-28,1
3.66,3.75,4306,1.33,0.27,Brockton,3.75,13,United States,149,VALERIE BLACK,4.99,1,1,1,2,Jon Stephens,2,1.0,2005-07-27,1
3.66,3.75,4307,1.33,0.27,Mysore,3.75,17,India,59,CHERYL MURPHY,4.99,1,1,1,2,Jon Stephens,2,0.0,2005-07-29,1
3.66,3.75,4308,1.33,0.27,Newcastle,3.75,6,South Africa,432,EDWIN BURK,4.99,1,1,1,1,Mike Hillyer,1,0.0,2005-07-11,1
3.66,3.75,4309,1.33,0.23,Sumy,4.29,2,Ukraine,187,BRITTANY RILEY,4.99,1,1,1,2,Jon Stephens,2,1.0,2005-07-27,1
3.66,3.75,4310,1.33,0.23,Kamyin,4.29,9,Russian Federation,510,BEN EASTER,4.99,1,1,1,2,Jon Stephens,2,0.0,2005-08-17,1
3.66,3.75,4311,1.33,0.23,Okayama,4.29,13,Japan,489,RICARDO MEADOR,4.99,1,1,1,1,Mike Hillyer,1,0.0,2005-08-20,1
3.66,3.75,4311,1.33,0.23,Omdurman,4.29,1,Sudan,50,DIANE COLLINS,4.99,1,1,1,1,Mike Hillyer,1,0.0,2005-07-27,1
3.66,3.75,4311,1.33,0.23,Simferopol,4.29,4,Ukraine,82,KATHRYN COLEMAN,4.99,1,1,1,1,Mike Hillyer,1,0.0,2005-07-29,1
3.66,3.75,4314,1.33,0.2,Zhoushan,5.0,13,China,550,GUY BROWNLEE,4.99,1,1,1,1,Mike Hillyer,1,0.0,2005-07-06,1
3.69,13.34,4292,0.3,0.1,Meixian,10.0,21,China,90,RUBY WASHINGTON,3.99,1,1,1,2,Jon Stephens,2,1.0,2005-07-06,1
3.69,13.34,4292,0.3,0.1,Pjatigorsk,10.0,12,Russian Federation,487,HECTOR POINDEXTER,3.99,1,1,1,1,Mike Hillyer,1,1.0,2005-07-10,1
3.69,3.84,4291,1.3,0.2,Brescia,5.0,2,Italy,309,CHRISTOPHER GRECO,4.99,1,1,1,2,Jon Stephens,2,0.0,2005-07-07,1
3.69,3.85,4278,1.3,0.33,Pavlodar,3.0,1,Kazakstan,76,IRENE PRICE,4.99,1,1,1,2,Jon Stephens,2,0.0,2005-08-22,1
3.69,3.85,4279,1.3,0.33,Linz,3.0,2,Austria,159,JILL HAWKINS,4.99,1,1,1,2,Jon Stephens,2,0.0,2005-08-02,1
3.69,3.85,4279,1.3,0.33,Plock,3.0,5,Poland,571,JOHNNIE CHISHOLM,4.99,1,1,1,1,Mike Hillyer,1,1.0,2005-08-23,1
3.69,3.85,4281,1.3,0.3,Hiroshima,3.33,15,Japan,299,JAMES GANNON,4.99,1,1,1,1,Mike Hillyer,1,0.0,2005-08-19,1
3.69,3.85,4282,1.3,0.3,Miraj,3.33,17,India,316,STEVEN CURLEY,4.99,1,1,1,1,Mike Hillyer,1,1.0,2005-07-29,1
3.69,3.85,4283,1.3,0.3,Abha,3.33,3,Saudi Arabia,101,PEGGY MYERS,4.99,1,1,1,2,Jon Stephens,2,0.0,2005-08-17,1
3.69,3.85,4283,1.3,0.3,Bag,3.33,10,Brazil,398,ANTONIO MEEK,4.99,1,1,1,2,Jon Stephens,2,1.0,2005-08-20,1
3.69,3.85,4283,1.3,0.3,Charlotte Amalie,3.33,1,"Virgin Islands, U.S.",406,NATHAN RUNYON,4.99,1,1,1,2,Jon Stephens,2,0.0,2005-07-28,1
3.69,3.85,4283,1.3,0.3,Esfahan,3.33,3,Iran,10,DOROTHY TAYLOR,4.99,1,1,1,2,Jon Stephens,2,0.0,2005-08-19,1
3.69,3.85,4283,1.3,0.3,Southend-on-Sea,3.33,1,United Kingdom,16,SANDRA MARTIN,4.99,1,1,1,1,Mike Hillyer,1,1.0,2005-07-11,1
3.69,3.85,4288,1.3,0.27,Kaliningrad,3.75,12,Russian Federation,301,ROBERT BAUGHMAN,4.99,1,1,1,2,Jon Stephens,2,0.0,2005-07-28,1
3.69,3.85,4288,1.3,0.27,Rio Claro,3.75,8,Brazil,74,DENISE KELLY,4.99,1,1,1,2,Jon Stephens,2,0.0,2005-07-30,1
3.69,3.85,4290,1.3,0.23,Ibirit,4.29,13,Brazil,310,DANIEL CABRAL,4.99,1,1,1,1,Mike Hillyer,1,0.0,2005-08-19,1
3.71,14.96,4277,0.27,0.07,Kamakura,30.0,15,Japan,79,RACHEL BARNES,3.98,2,1,1,1,Mike Hillyer,1,1.0,2005-07-06,2
3.71,15.0,4276,0.27,0.13,Cianjur,15.0,4,Indonesia,411,NORMAN CURRIER,3.98,2,2,2,1,Mike Hillyer,1,0.0,2005-07-07,2
3.72,15.02,4273,0.27,0.1,Zapopan,10.0,13,Mexico,465,FLOYD GANDY,3.99,1,1,1,1,Mike Hillyer,1,1.0,2005-08-01,1
3.72,15.02,4274,0.27,0.1,Hubli-Dharwad,10.0,20,India,136,ANITA MORALES,3.99,1,1,1,2,Jon Stephens,2,1.0,2005-07-11,1
3.72,3.94,4275,1.26,0.3,Bradford,6.67,3,United Kingdom,85,ANNE POWELL,4.98,2,2,2,2,Jon Stephens,2,0.5,2005-08-20,2
3.73,3.95,4254,1.26,0.33,Bhusawal,3.0,20,India,202,CARLA GUTIERREZ,4.99,1,1,1,2,Jon Stephens,2,1.0,2005-08-17,1
3.73,3.95,4255,1.26,0.33,Faaa,3.0,1,French Polynesia,43,CHRISTINE ROBERTS,4.99,1,1,1,2,Jon Stephens,2,0.0,2005-07-29,1
3.73,3.95,4255,1.26,0.33,Hamilton,3.0,1,New Zealand,8,SUSAN WILSON,4.99,1,1,1,1,Mike Hillyer,1,0.0,2005-07-11,1
3.73,3.95,4255,1.26,0.33,Loja,3.0,1,Ecuador,589,TRACY HERRMANN,4.99,1,1,1,2,Jon Stephens,2,1.0,2005-08-01,1
3.73,3.95,4258,1.26,0.3,Ogbomosho,3.33,4,Nigeria,277,OLGA JIMENEZ,4.99,1,1,1,1,Mike Hillyer,1,1.0,2005-07-07,1
3.73,3.95,4259,1.26,0.3,Arlington,3.33,15,United States,305,RICHARD MCCRARY,4.99,1,1,1,1,Mike Hillyer,1,0.0,2005-08-20,1
3.73,3.95,4259,1.26,0.3,Lapu-Lapu,3.33,4,Philippines,244,VIOLA HANSON,4.99,1,1,1,2,Jon Stephens,2,1.0,2005-07-11,1
3.73,3.95,4259,1.26,0.3,Le Mans,3.33,1,France,162,LAUREN HUDSON,4.99,1,1,1,1,Mike Hillyer,1,0.0,2005-08-22,1
3.73,3.95,4259,1.26,0.3,Okara,3.33,4,Pakistan,399,DANNY ISOM,4.99,1,1,1,1,Mike Hillyer,1,1.0,2005-08-23,1
3.73,3.95,4259,1.26,0.3,Yamuna Nagar,3.33,26,India,12,NANCY THOMAS,4.99,1,1,1,1,Mike Hillyer,1,0.0,2005-08-18,1
3.73,3.95,4264,1.26,0.3,Crdoba,3.33,4,Argentina,24,KIMBERLY LEE,4.99,1,1,1,1,Mike Hillyer,1,0.0,2005-07-12,1
3.73,3.95,4265,1.26,0.27,Eskisehir,3.75,4,Turkey,507,EDGAR RHOADS,4.99,1,1,1,2,Jon Stephens,2,1.0,2005-08-21,1
3.73,3.95,4266,1.26,0.27,Merlo,3.75,2,Argentina,107,FLORENCE WOODS,4.99,1,1,1,2,Jon Stephens,2,0.0,2005-08-19,1
3.73,3.95,4267,1.26,0.27,Hodeida,3.75,2,Yemen,470,GORDON ALLARD,4.99,1,1,1,2,Jon Stephens,2,0.0,2005-07-09,1
3.73,3.95,4267,1.26,0.27,Nyeri,3.75,1,Kenya,363,ROY WHITING,4.99,1,1,1,2,Jon Stephens,2,0.0,2005-07-11,1
3.73,3.95,4267,1.26,0.27,Onomichi,3.75,12,Japan,337,JERRY JORDON,4.99,1,1,1,1,Mike Hillyer,1,0.0,2005-07-27,1
3.73,3.95,4267,1.26,0.27,Probolinggo,3.75,5,Indonesia,372,STEVE MACKENZIE,4.99,1,1,1,2,Jon Stephens,2,1.0,2005-07-12,1
3.73,3.95,4271,1.26,0.27,Udine,3.75,4,Italy,525,ADRIAN CLARY,4.99,1,1,1,1,Mike Hillyer,1,0.0,2005-07-30,1
3.73,3.95,4272,1.26,0.23,Ede,4.29,2,Netherlands,341,PETER MENARD,4.99,1,1,1,2,Jon Stephens,2,1.0,2005-07-06,1
3.76,17.2,4253,0.23,0.13,Iligan,7.5,10,Philippines,580,ROSS GREY,3.99,1,1,1,2,Jon Stephens,2,1.0,2005-07-08,1
3.76,4.05,4244,1.23,0.27,Mexicali,3.75,10,Mexico,343,DOUGLAS GRAF,4.99,1,1,1,2,Jon Stephens,2,1.0,2005-08-19,1
3.76,4.05,4245,1.23,0.27,Bag,3.75,9,Brazil,398,ANTONIO MEEK,4.99,1,1,1,2,Jon Stephens,2,1.0,2005-08-02,1
3.76,4.05,4245,1.23,0.27,Brest,3.75,1,France,402,LUIS YANEZ,4.99,1,1,1,2,Jon Stephens,2,1.0,2005-07-09,1
3.76,4.05,4245,1.23,0.27,Ede,3.75,3,Netherlands,341,PETER MENARD,4.99,1,1,1,2,Jon Stephens,2,0.0,2005-08-20,1
3.76,4.05,4245,1.23,0.27,Firozabad,3.75,20,India,192,LAURIE LAWRENCE,4.99,1,1,1,1,Mike Hillyer,1,1.0,2005-08-17,1
3.76,4.05,4249,1.23,0.27,Quilmes,3.75,4,Argentina,585,PERRY SWAFFORD,4.99,1,1,1,2,Jon Stephens,2,0.0,2005-07-10,1
3.76,4.05,4250,1.23,0.23,Ashqelon,4.29,2,Israel,478,LEWIS LYMAN,4.99,1,1,1,1,Mike Hillyer,1,1.0,2005-07-10,1
3.76,4.05,4251,1.23,0.23,Kalisz,4.29,4,Poland,270,LEAH CURTIS,4.99,1,1,1,2,Jon Stephens,2,0.0,2005-07-12,1
3.76,4.05,4252,1.23,0.2,Plock,5.0,3,Poland,571,JOHNNIE CHISHOLM,4.99,1,1,1,1,Mike Hillyer,1,0.0,2005-07-29,1
3.76,4.06,4230,1.23,0.33,Zeleznogorsk,3.0,13,Russian Federation,351,JACK FOUST,4.99,1,1,1,2,Jon Stephens,2,0.0,2005-07-29,1
3.76,4.06,4231,1.23,0.33,Chandrapur,3.0,15,India,167,SALLY PIERCE,4.99,1,1,1,2,Jon Stephens,2,0.0,2005-07-11,1
3.76,4.06,4231,1.23,0.33,Ilorin,3.0,5,Nigeria,103,GLADYS HAMILTON,4.99,1,1,1,2,Jon Stephens,2,1.0,2005-07-09,1
3.76,4.06,4233,1.23,0.33,Chandrapur,3.0,24,India,167,SALLY PIERCE,4.99,1,1,1,1,Mike Hillyer,1,0.0,2005-08-19,1
3.76,4.06,4233,1.23,0.33,Guadalajara,3.0,8,Mexico,364,BENJAMIN VARNEY,4.99,1,1,1,2,Jon Stephens,2,0.0,2005-08-21,1
3.76,4.06,4235,1.23,0.3,Belm,3.33,10,Brazil,362,NICHOLAS BARFIELD,4.99,1,1,1,1,Mike Hillyer,1,0.0,2005-07-11,1
3.76,4.06,4235,1.23,0.3,Iwaki,3.33,12,Japan,240,MARLENE WELCH,4.99,1,1,1,1,Mike Hillyer,1,1.0,2005-07-28,1
3.76,4.06,4235,1.23,0.3,Kamyin,3.33,3,Russian Federation,510,BEN EASTER,4.99,1,1,1,1,Mike Hillyer,1,1.0,2005-07-07,1
3.76,4.06,4235,1.23,0.3,Shimonoseki,3.33,13,Japan,29,ANGELA HERNANDEZ,4.99,1,1,1,2,Jon Stephens,2,0.0,2005-07-30,1
3.76,4.06,4235,1.23,0.3,Torren,3.33,7,Mexico,133,PAULINE HENRY,4.99,1,1,1,1,Mike Hillyer,1,0.0,2005-07-11,1
3.76,4.06,4240,1.23,0.3,Braslia,3.33,13,Brazil,325,TIMOTHY BUNN,4.99,1,1,1,2,Jon Stephens,2,0.0,2005-08-19,1
3.76,4.06,4240,1.23,0.3,Buenaventura,3.33,3,Colombia,235,JACKIE LYNCH,4.99,1,1,1,2,Jon Stephens,2,0.0,2005-07-12,1
3.76,4.06,4240,1.23,0.3,Idfu,3.33,2,Egypt,233,LILLIE KIM,4.99,1,1,1,1,Mike Hillyer,1,0.0,2005-07-11,1
3.76,4.06,4240,1.23,0.3,Lublin,3.33,2,Poland,501,RUBEN GEARY,4.99,1,1,1,1,Mike Hillyer,1,1.0,2005-08-01,1
3.78,4.16,4225,1.2,0.4,Salala,5.0,2,Oman,498,GENE SANBORN,4.98,2,1,1,1,Mike Hillyer,1,0.5,2005-07-11,2
3.78,4.16,4226,1.2,0.3,Korla,6.67,14,China,283,FELICIA SUTTON,4.98,2,1,1,2,Jon Stephens,2,0.5,2005-07-08,2
3.78,4.16,4227,1.2,0.3,Greensboro,6.67,15,United States,158,VERONICA STONE,4.98,2,1,1,1,Mike Hillyer,1,0.5,2005-07-30,2
3.78,4.16,4228,1.2,0.27,Jinchang,7.5,17,China,168,REGINA BERRY,4.98,2,1,1,2,Jon Stephens,2,0.5,2005-07-12,2
3.78,4.16,4229,1.2,0.2,Shahr-e Kord,10.0,2,Iran,185,ROBERTA HARPER,4.98,2,2,2,1,Mike Hillyer,1,1.0,2005-07-11,2
3.79,19.98,4224,0.2,0.03,Valle de Santiago,30.0,10,Mexico,288,BOBBIE CRAIG,3.99,1,1,1,1,Mike Hillyer,1,1.0,2005-07-06,1
3.79,20.02,4223,0.2,0.07,Myingyan,15.0,1,Myanmar,4,BARBARA JONES,3.99,1,1,1,1,Mike Hillyer,1,1.0,2005-07-29,1
3.79,20.08,4222,0.2,0.13,Monywa,7.5,2,Myanmar,256,MABEL HOLLAND,3.99,1,1,1,1,Mike Hillyer,1,1.0,2005-07-28,1
3.79,4.17,4200,1.2,0.33,Kakamigahara,3.0,6,Japan,163,CATHY SPENCER,4.99,1,1,1,2,Jon Stephens,2,0.0,2005-07-29,1
3.79,4.17,4200,1.2,0.33,Monclova,3.0,10,Mexico,570,IVAN CROMWELL,4.99,1,1,1,2,Jon Stephens,2,0.0,2005-07-10,1
3.79,4.17,4202,1.2,0.3,Portoviejo,3.33,2,Ecuador,262,PATSY DAVIDSON,4.99,1,1,1,1,Mike Hillyer,1,0.0,2005-07-27,1
3.79,4.17,4203,1.2,0.3,Hoshiarpur,3.33,19,India,412,ALLEN BUTTERFIELD,4.99,1,1,1,2,Jon Stephens,2,0.0,2005-08-02,1
3.79,4.17,4204,1.2,0.3,Atinsk,3.33,8,Russian Federation,397,JIMMY SCHRADER,4.99,1,1,1,1,Mike Hillyer,1,0.0,2005-07-12,1
3.79,4.17,4204,1.2,0.3,Taizz,3.33,3,Yemen,213,GINA WILLIAMSON,4.99,1,1,1,2,Jon Stephens,2,0.0,2005-07-06,1
3.79,4.17,4204,1.2,0.3,Xinxiang,3.33,12,China,339,WALTER PERRYMAN,4.99,1,1,1,2,Jon Stephens,2,0.0,2005-07-28,1
3.79,4.17,4207,1.2,0.3,Higashiosaka,3.33,15,Japan,264,GWENDOLYN MAY,4.99,1,1,1,1,Mike Hillyer,1,0.0,2005-08-18,1
3.79,4.17,4208,1.2,0.3,El Alto,3.33,1,Bolivia,455,JON WILES,4.99,1,1,1,2,Jon Stephens,2,0.0,2005-08-20,1
3.79,4.17,4209,1.2,0.27,Qinhuangdao,3.75,14,China,242,GLENDA FRAZIER,4.99,1,1,1,1,Mike Hillyer,1,1.0,2005-07-07,1
3.79,4.17,4209,1.2,0.27,Sumqayit,3.75,2,Azerbaijan,334,RAYMOND MCWHORTER,4.99,1,1,1,2,Jon Stephens,2,0.0,2005-08-18,1
3.79,4.17,4211,1.2,0.27,Ozamis,3.75,8,Philippines,434,EDDIE TOMLIN,4.99,1,1,1,1,Mike Hillyer,1,0.0,2005-07-30,1
3.79,4.17,4212,1.2,0.23,Chiayi,4.29,4,Taiwan,73,BEVERLY BROOKS,4.99,1,1,1,1,Mike Hillyer,1,0.0,2005-07-29,1
3.79,4.17,4212,1.2,0.23,Duisburg,4.29,2,Germany,114,GRACE ELLIS,4.99,1,1,1,1,Mike Hillyer,1,0.0,2005-08-17,1
3.79,4.17,4212,1.2,0.23,Florencia,4.29,4,Colombia,460,LEON BOSTIC,4.99,1,1,1,2,Jon Stephens,2,0.0,2005-08-18,1
3.79,4.17,4212,1.2,0.23,Plock,4.29,3,Poland,571,JOHNNIE CHISHOLM,4.99,1,1,1,1,Mike Hillyer,1,1.0,2005-07-07,1
3.79,4.17,4212,1.2,0.23,Sanaa,4.29,1,Yemen,303,WILLIAM SATTERFIELD,4.99,1,1,1,1,Mike Hillyer,1,1.0,2005-07-12,1
3.79,4.17,4212,1.2,0.23,Shubra al-Khayma,4.29,3,Egypt,119,SHERRY MARSHALL,4.99,1,1,1,1,Mike Hillyer,1,0.0,2005-07-29,1
3.79,4.17,4212,1.2,0.23,Ziguinchor,4.29,1,Senegal,456,RONNIE RICKETTS,4.99,1,1,1,1,Mike Hillyer,1,1.0,2005-08-20,1
3.79,4.17,4219,1.2,0.2,Rajkot,5.0,24,India,554,DWAYNE OLVERA,4.99,1,1,1,2,Jon Stephens,2,0.0,2005-08-19,1
3.79,4.17,4220,1.2,0.2,Dayton,5.0,13,United States,294,SHELLY WATTS,4.99,1,1,1,2,Jon Stephens,2,1.0,2005-07-29,1
3.79,4.17,4221,1.2,0.2,Ciudad del Este,5.0,2,Paraguay,205,EILEEN CARR,4.99,1,1,1,2,Jon Stephens,2,0.0,2005-07-30,1
3.82,24.08,4197,0.17,0.1,Araatuba,10.0,15,Brazil,77,JANE BENNETT,3.99,1,1,1,1,Mike Hillyer,1,1.0,2005-07-27,1
3.82,4.28,4198,1.16,0.23,Udaipur,8.57,30,India,170,BEATRICE ARNOLD,4.98,2,1,1,1,Mike Hillyer,1,0.5,2005-08-19,2
3.82,4.28,4199,1.16,0.2,Tambaram,10.0,17,India,287,BECKY MILES,4.98,2,2,2,2,Jon Stephens,2,0.5,2005-07-10,2
3.83,4.28,4195,1.16,0.2,Xiangtan,5.0,13,China,67,KELLY TORRES,4.99,1,1,1,2,Jon Stephens,2,1.0,2005-08-19,1
3.83,4.28,4196,1.16,0.2,Goinia,5.0,7,Brazil,92,TINA SIMMONS,4.99,1,1,1,2,Jon Stephens,2,0.0,2005-07-08,1
3.83,4.29,4175,1.16,0.33,Lublin,3.0,3,Poland,501,RUBEN GEARY,4.99,1,1,1,1,Mike Hillyer,1,0.0,2005-08-22,1
3.83,4.29,4176,1.16,0.3,A Corua (La Corua),3.33,2,Spain,52,JULIE SANCHEZ,4.99,1,1,1,1,Mike Hillyer,1,1.0,2005-07-30,1
3.83,4.29,4176,1.16,0.3,Allappuzha (Alleppey),3.33,20,India,175,ANNETTE OLSON,4.99,1,1,1,2,Jon Stephens,2,0.0,2005-08-17,1
3.83,4.29,4176,1.16,0.3,Brindisi,3.33,3,Italy,499,MARC OUTLAW,4.99,1,1,1,2,Jon Stephens,2,0.0,2005-07-12,1
3.83,4.29,4176,1.16,0.3,Monclova,3.33,8,Mexico,570,IVAN CROMWELL,4.99,1,1,1,2,Jon Stephens,2,0.0,2005-08-17,1
3.83,4.29,4180,1.16,0.3,Cabuyao,3.33,7,Philippines,371,BILLY POULIN,4.99,1,1,1,1,Mike Hillyer,1,0.0,2005-07-09,1
3.83,4.29,4181,1.16,0.27,Santiago de los Caballeros,3.75,2,Dominican Republic,258,MYRTLE FLEMING,4.99,1,1,1,1,Mike Hillyer,1,0.0,2005-07-29,1
3.83,4.29,4181,1.16,0.27,Sumy,3.75,3,Ukraine,187,BRITTANY RILEY,4.99,1,1,1,1,Mike Hillyer,1,1.0,2005-07-07,1
3.83,4.29,4183,1.16,0.27,Bislig,3.75,4,Philippines,94,NORMA GONZALES,4.99,1,1,1,2,Jon Stephens,2,1.0,2005-07-11,1
3.83,4.29,4183,1.16,0.27,Novoterkassk,3.75,15,Russian Federation,191,JEANETTE GREENE,4.99,1,1,1,1,Mike Hillyer,1,0.0,2005-07-31,1
3.83,4.29,4183,1.16,0.27,Sucre,3.75,1,Bolivia,431,JOEL FRANCISCO,4.99,1,1,1,1,Mike Hillyer,1,1.0,2005-08-20,1
3.83,4.29,4183,1.16,0.27,Yangor,3.75,1,Nauru,513,DUANE TUBBS,4.99,1,1,1,1,Mike Hillyer,1,1.0,2005-07-11,1
3.83,4.29,4187,1.16,0.27,Arlington,3.75,13,United States,305,RICHARD MCCRARY,4.99,1,1,1,2,Jon Stephens,2,0.0,2005-07-29,1
3.83,4.29,4187,1.16,0.27,Callao,3.75,3,Peru,304,DAVID ROYAL,4.99,1,1,1,2,Jon Stephens,2,0.0,2005-07-27,1
3.83,4.29,4189,1.16,0.27,Tambaram,3.75,20,India,287,BECKY MILES,4.99,1,1,1,1,Mike Hillyer,1,0.0,2005-08-17,1
3.83,4.29,4190,1.16,0.23,Mysore,4.29,18,India,59,CHERYL MURPHY,4.99,1,1,1,1,Mike Hillyer,1,0.0,2005-07-28,1
3.83,4.29,4191,1.16,0.23,Ciudad del Este,4.29,1,Paraguay,205,EILEEN CARR,4.99,1,1,1,1,Mike Hillyer,1,0.0,2005-07-08,1
3.83,4.29,4191,1.16,0.23,Newcastle,4.29,4,South Africa,432,EDWIN BURK,4.99,1,1,1,1,Mike Hillyer,1,1.0,2005-07-10,1
3.83,4.29,4191,1.16,0.23,Palghat (Palakkad),4.29,26,India,268,NINA SOTO,4.99,1,1,1,2,Jon Stephens,2,1.0,2005-08-18,1
3.83,4.29,4194,1.16,0.23,Benguela,4.29,1,Angola,528,CLAUDE HERZOG,4.99,1,1,1,2,Jon Stephens,2,1.0,2005-07-28,1
3.84,4.4,4174,1.13,0.27,Poos de Caldas,11.25,14,Brazil,254,MAXINE SILVA,4.97,3,2,2,1,Mike Hillyer,1,0.6667,2005-08-18,3
3.85,30.0,4173,0.13,0.07,Ikerre,30.0,9,Nigeria,198,ELSIE KELLEY,3.98,2,1,1,2,Jon Stephens,2,0.0,2005-07-08,2
3.85,4.4,4172,1.13,0.23,Xinxiang,8.57,14,China,339,WALTER PERRYMAN,4.98,2,2,2,2,Jon Stephens,2,0.5,2005-07-08,2
3.85,4.41,4171,1.13,0.3,Madiun,6.67,5,Indonesia,500,REGINALD KINDER,4.98,2,2,2,2,Jon Stephens,2,0.5,2005-07-30,2
3.86,30.08,4168,0.13,0.07,Patras,15.0,1,Greece,596,ENRIQUE FORSYTHE,3.99,1,1,1,2,Jon Stephens,2,1.0,2005-07-10,1
3.86,30.08,4169,0.13,0.07,Chatsworth,15.0,3,South Africa,555,DWIGHT LOMBARDI,3.99,1,1,1,1,Mike Hillyer,1,1.0,2005-07-29,1
3.86,30.08,4169,0.13,0.07,Hubli-Dharwad,15.0,20,India,136,ANITA MORALES,3.99,1,1,1,1,Mike Hillyer,1,1.0,2005-07-10,1
3.86,4.41,4151,1.13,0.3,Ilorin,3.33,6,Nigeria,103,GLADYS HAMILTON,4.99,1,1,1,2,Jon Stephens,2,0.0,2005-08-21,1
3.86,4.41,4152,1.13,0.3,Tarsus,3.33,4,Turkey,164,JOANN GARDNER,4.99,1,1,1,2,Jon Stephens,2,0.0,2005-07-29,1
3.86,4.41,4153,1.13,0.3,Ogbomosho,3.33,7,Nigeria,277,OLGA JIMENEZ,4.99,1,1,1,1,Mike Hillyer,1,1.0,2005-08-19,1
3.86,4.41,4154,1.13,0.3,Ipoh,3.33,3,Malaysia,171,DOLORES WAGNER,4.99,1,1,1,2,Jon Stephens,2,0.0,2005-08-01,1
3.86,4.41,4155,1.13,0.27,Bilbays,3.75,2,Egypt,559,EVERETT BANDA,4.99,1,1,1,1,Mike Hillyer,1,0.0,2005-07-11,1
3.86,4.41,4155,1.13,0.27,Blumenau,3.75,7,Brazil,206,TERRI VASQUEZ,4.99,1,1,1,2,Jon Stephens,2,0.0,2005-07-08,1
3.86,4.41,4155,1.13,0.27,Hubli-Dharwad,3.75,20,India,136,ANITA MORALES,4.99,1,1,1,1,Mike Hillyer,1,1.0,2005-08-23,1
3.86,4.41,4155,1.13,0.27,Imus,3.75,7,Philippines,349,JOE GILLILAND,4.99,1,1,1,1,Mike Hillyer,1,0.0,2005-07-09,1
3.86,4.41,4155,1.13,0.27,Papeete,3.75,2,French Polynesia,56,GLORIA COOK,4.99,1,1,1,1,Mike Hillyer,1,0.0,2005-07-09,1
3.86,4.41,4155,1.13,0.27,Southend-on-Sea,3.75,6,United Kingdom,16,SANDRA MARTIN,4.99,1,1,1,2,Jon Stephens,2,0.0,2005-07-08,1
3.86,4.41,4161,1.13,0.27,Abu Dhabi,3.75,1,United Arab Emirates,452,TOM MILNER,4.99,1,1,1,1,Mike Hillyer,1,0.0,2005-08-19,1
3.86,4.41,4161,1.13,0.27,Tsuyama,3.75,11,Japan,429,FREDERICK ISBELL,4.99,1,1,1,2,Jon Stephens,2,0.0,2005-08-21,1
3.86,4.41,4163,1.13,0.23,Jedda,4.29,3,Saudi Arabia,49,JOYCE EDWARDS,4.99,1,1,1,2,Jon Stephens,2,0.0,2005-07-27,1
3.86,4.41,4164,1.13,0.23,Haiphong,4.29,2,Vietnam,199,BETH FRANKLIN,4.99,1,1,1,1,Mike Hillyer,1,1.0,2005-07-28,1
3.86,4.41,4164,1.13,0.23,Kaliningrad,4.29,6,Russian Federation,301,ROBERT BAUGHMAN,4.99,1,1,1,2,Jon Stephens,2,0.0,2005-07-27,1
3.86,4.41,4166,1.13,0.23,al-Ayn,4.29,1,United Arab Emirates,98,LILLIAN GRIFFIN,4.99,1,1,1,1,Mike Hillyer,1,0.0,2005-07-08,1
3.86,4.41,4167,1.13,0.2,Elista,5.0,9,Russian Federation,17,DONNA THOMPSON,4.99,1,1,1,2,Jon Stephens,2,0.0,2005-08-17,1
3.86,4.42,4147,1.13,0.33,Baybay,3.0,9,Philippines,71,KATHY JAMES,4.99,1,1,1,1,Mike Hillyer,1,0.0,2005-08-18,1
3.86,4.42,4147,1.13,0.33,Belm,3.0,9,Brazil,362,NICHOLAS BARFIELD,4.99,1,1,1,2,Jon Stephens,2,0.0,2005-08-18,1
3.86,4.42,4149,1.13,0.33,Shaoguan,3.0,11,China,485,CLYDE TOBIAS,4.99,1,1,1,1,Mike Hillyer,1,0.0,2005-07-10,1
3.86,4.42,4150,1.13,0.33,Valle de la Pascua,3.0,3,Venezuela,290,KRISTINA CHAMBERS,4.99,1,1,1,1,Mike Hillyer,1,0.0,2005-07-29,1
3.88,39.93,4146,0.1,0.03,Xintai,60.0,21,China,564,BOB PFEIFFER,3.98,2,2,2,2,Jon Stephens,2,0.5,2005-07-07,2
3.88,4.54,4145,1.1,0.3,Mandaluyong,6.67,6,Philippines,263,HILDA HOPKINS,4.98,2,1,1,1,Mike Hillyer,1,0.5,2005-07-12,2
3.89,4.54,4143,1.1,0.2,Aparecida de Goinia,5.0,9,Brazil,216,NATALIE MEYER,4.99,1,1,1,1,Mike Hillyer,1,0.0,2005-08-01,1
3.89,4.55,4123,1.1,0.33,Aurora,3.0,13,United States,537,CLINTON BUFORD,4.99,1,1,1,2,Jon Stephens,2,0.0,2005-07-29,1
3.89,4.55,4124,1.1,0.3,Alessandria,3.33,2,Italy,33,ANNA HILL,4.99,1,1,1,1,Mike Hillyer,1,0.0,2005-08-02,1
3.89,4.55,4125,1.1,0.3,Faaa,3.33,2,French Polynesia,43,CHRISTINE ROBERTS,4.99,1,1,1,2,Jon Stephens,2,0.0,2005-07-28,1
3.89,4.55,4125,1.1,0.3,Kilis,3.33,4,Turkey,143,LESLIE GORDON,4.99,1,1,1,1,Mike Hillyer,1,0.0,2005-08-23,1
3.89,4.55,4125,1.1,0.3,Loja,3.33,3,Ecuador,589,TRACY HERRMANN,4.99,1,1,1,1,Mike Hillyer,1,0.0,2005-07-30,1
3.89,4.55,4125,1.1,0.3,Oshawa,3.33,2,Canada,189,LORETTA CARPENTER,4.99,1,1,1,1,Mike Hillyer,1,0.0,2005-07-31,1
3.89,4.55,4129,1.1,0.3,Xiangfan,3.33,12,China,241,HEIDI LARSON,4.99,1,1,1,2,Jon Stephens,2,0.0,2005-08-18,1
3.89,4.55,4130,1.1,0.27,Bradford,3.75,2,United Kingdom,85,ANNE POWELL,4.99,1,1,1,1,Mike Hillyer,1,1.0,2005-08-18,1
3.89,4.55,4130,1.1,0.27,Sterling Heights,3.75,12,United States,146,JAMIE RICE,4.99,1,1,1,2,Jon Stephens,2,1.0,2005-07-09,1
3.89,4.55,4132,1.1,0.27,Jastrzebie-Zdrj,3.75,3,Poland,128,MARJORIE TUCKER,4.99,1,1,1,2,Jon Stephens,2,0.0,2005-07-27,1
3.89,4.55,4132,1.1,0.27,Ogbomosho,3.75,7,Nigeria,277,OLGA JIMENEZ,4.99,1,1,1,2,Jon Stephens,2,0.0,2005-07-27,1
3.89,4.55,4132,1.1,0.27,Zanzibar,3.75,2,Tanzania,220,CHARLENE ALVAREZ,4.99,1,1,1,1,Mike Hillyer,1,0.0,2005-07-29,1
3.89,4.55,4135,1.1,0.23,Jhansi,4.29,20,India,32,AMY LOPEZ,4.99,1,1,1,2,Jon Stephens,2,0.0,2005-08-17,1
3.89,4.55,4136,1.1,0.23,Bhopal,4.29,26,India,15,HELEN HARRIS,4.99,1,1,1,2,Jon Stephens,2,0.0,2005-07-30,1
3.89,4.55,4136,1.1,0.23,Sunnyvale,4.29,11,United States,214,KRISTIN JOHNSTON,4.99,1,1,1,2,Jon Stephens,2,1.0,2005-08-18,1
3.89,4.55,4136,1.1,0.23,ostka,4.29,3,Ukraine,475,PEDRO CHESTNUT,4.99,1,1,1,1,Mike Hillyer,1,0.0,2005-07-11,1
3.89,4.55,4139,1.1,0.23,Gijn,4.29,3,Spain,394,CHRIS BROTHERS,4.99,1,1,1,2,Jon Stephens,2,1.0,2005-07-11,1
3.89,4.55,4139,1.1,0.23,Ktahya,4.29,7,Turkey,124,SHEILA WELLS,4.99,1,1,1,2,Jon Stephens,2,0.0,2005-08-22,1
3.89,4.55,4139,1.1,0.23,Mandi Bahauddin,4.29,4,Pakistan,223,MELINDA FERNANDEZ,4.99,1,1,1,2,Jon Stephens,2,0.0,2005-08-02,1
3.89,4.55,4139,1.1,0.23,Purwakarta,4.29,5,Indonesia,524,JARED ELY,4.99,1,1,1,2,Jon Stephens,2,0.0,2005-07-12,1
3.89,40.03,4144,0.1,0.03,Rizhao,30.0,21,China,496,TYLER WREN,3.99,1,1,1,2,Jon Stephens,2,1.0,2005-07-06,1
3.91,60.3,4122,0.07,0.07,Yingkou,30.0,21,China,521,ROLAND SOUTH,3.98,2,1,1,2,Jon Stephens,2,0.0,2005-07-07,2
3.92,4.68,4118,1.06,0.27,Nador,7.5,2,Morocco,40,AMANDA CARTER,4.98,2,1,1,2,Jon Stephens,2,0.5,2005-08-17,2
3.92,4.68,4119,1.06,0.23,Tanauan,8.57,9,Philippines,373,LOUIS LEONE,4.98,2,2,2,2,Jon Stephens,2,0.5,2005-07-27,2
3.92,4.68,4120,1.06,0.2,Ourense (Orense),10.0,2,Spain,469,WESLEY BULL,4.98,2,1,1,1,Mike Hillyer,1,0.5,2005-07-09,2
3.92,4.68,4121,1.06,0.2,Tanauan,10.0,7,Philippines,373,LOUIS LEONE,4.98,2,2,2,2,Jon Stephens,2,0.5,2005-07-11,2
3.93,4.69,4089,1.06,0.33,Matamoros,3.0,11,Mexico,177,SAMANTHA DUNCAN,4.99,1,1,1,1,Mike Hillyer,1,0.0,2005-08-18,1
3.93,4.69,4090,1.06,0.33,Aurora,3.0,13,United States,330,SCOTT SHELLEY,4.99,1,1,1,1,Mike Hillyer,1,0.0,2005-07-29,1
3.93,4.69,4091,1.06,0.3,Zeleznogorsk,3.33,12,Russian Federation,351,JACK FOUST,4.99,1,1,1,2,Jon Stephens,2,0.0,2005-07-28,1
3.93,4.69,4092,1.06,0.3,Asuncin,3.33,1,Paraguay,226,MAUREEN LITTLE,4.99,1,1,1,2,Jon Stephens,2,1.0,2005-08-22,1
3.93,4.69,4092,1.06,0.3,Ilorin,3.33,6,Nigeria,103,GLADYS HAMILTON,4.99,1,1,1,2,Jon Stephens,2,0.0,2005-07-08,1
3.93,4.69,4092,1.06,0.3,Pingxiang,3.33,20,China,169,ERICA MATTHEWS,4.99,1,1,1,2,Jon Stephens,2,0.0,2005-08-22,1
3.93,4.69,4095,1.06,0.3,Anpolis,3.33,10,Brazil,229,TAMARA NGUYEN,4.99,1,1,1,2,Jon Stephens,2,0.0,2005-07-11,1
3.93,4.69,4095,1.06,0.3,Botosani,3.33,1,Romania,230,JOY GEORGE,4.99,1,1,1,2,Jon Stephens,2,0.0,2005-07-28,1
3.93,4.69,4095,1.06,0.3,Palghat (Palakkad),3.33,11,India,268,NINA SOTO,4.99,1,1,1,2,Jon Stephens,2,0.0,2005-07-08,1
3.93,4.69,4095,1.06,0.3,Pemalang,3.33,6,Indonesia,116,VICTORIA GIBSON,4.99,1,1,1,2,Jon Stephens,2,1.0,2005-07-08,1
3.93,4.69,4099,1.06,0.3,Taguig,3.33,12,Philippines,72,THERESA WATSON,4.99,1,1,1,2,Jon Stephens,2,1.0,2005-07-31,1
3.93,4.69,4100,1.06,0.3,Vinh,3.33,4,Vietnam,523,HARVEY GUAJARDO,4.99,1,1,1,1,Mike Hillyer,1,0.0,2005-08-21,1
3.93,4.69,4101,1.06,0.27,al-Manama,3.75,1,Bahrain,590,SETH HANNON,4.99,1,1,1,1,Mike Hillyer,1,1.0,2005-07-27,1
3.93,4.69,4102,1.06,0.27,Papeete,3.75,1,French Polynesia,56,GLORIA COOK,4.99,1,1,1,1,Mike Hillyer,1,1.0,2005-08-17,1
3.93,4.69,4103,1.06,0.27,Imus,3.75,5,Philippines,349,JOE GILLILAND,4.99,1,1,1,2,Jon Stephens,2,0.0,2005-07-29,1
3.93,4.69,4103,1.06,0.27,Merlo,3.75,4,Argentina,107,FLORENCE WOODS,4.99,1,1,1,2,Jon Stephens,2,1.0,2005-07-09,1
3.93,4.69,4103,1.06,0.27,Omiya,3.75,12,Japan,404,STANLEY SCROGGINS,4.99,1,1,1,1,Mike Hillyer,1,0.0,2005-07-27,1
3.93,4.69,4106,1.06,0.27,Cuernavaca,3.75,9,Mexico,575,ISAAC OGLESBY,4.99,1,1,1,1,Mike Hillyer,1,0.0,2005-07-31,1
3.93,4.69,4107,1.06,0.27,Acua,3.75,10,Mexico,486,GLEN TALBERT,4.99,1,1,1,1,Mike Hillyer,1,1.0,2005-08-19,1
3.93,4.69,4107,1.06,0.27,Bijapur,3.75,17,India,468,TIM CARY,4.99,1,1,1,2,Jon Stephens,2,0.0,2005-07-27,1
3.93,4.69,4109,1.06,0.23,Gatineau,4.29,1,Canada,476,DERRICK BOURQUE,4.99,1,1,1,2,Jon Stephens,2,0.0,2005-07-10,1
3.93,4.69,4110,1.06,0.23,Ashgabat,4.29,1,Turkmenistan,200,JEANNE LAWSON,4.99,1,1,1,1,Mike Hillyer,1,1.0,2005-07-06,1
3.93,4.69,4111,1.06,0.23,Salinas,4.29,11,United States,269,CASSANDRA WALTERS,4.99,1,1,1,1,Mike Hillyer,1,0.0,2005-08-18,1
3.93,4.69,4112,1.06,0.2,Ashqelon,5.0,2,Israel,478,LEWIS LYMAN,4.99,1,1,1,1,Mike Hillyer,1,0.0,2005-07-06,1
3.93,4.69,4112,1.06,0.2,Coatzacoalcos,5.0,10,Mexico,482,MAURICE CRAWLEY,4.99,1,1,1,1,Mike Hillyer,1,0.0,2005-08-19,1
3.93,4.69,4114,1.06,0.2,Hino,5.0,5,Japan,194,KRISTEN CHAVEZ,4.99,1,1,1,2,Jon Stephens,2,0.0,2005-08-23,1
3.93,4.69,4114,1.06,0.2,Memphis,5.0,13,United States,181,ANA BRADLEY,4.99,1,1,1,2,Jon Stephens,2,1.0,2005-07-12,1
3.93,4.69,4116,1.07,0.17,Ambattur,6.0,14,India,225,ARLENE HARVEY,4.99,1,1,1,1,Mike Hillyer,1,0.0,2005-07-09,1
3.93,4.69,4116,1.07,0.17,Tangail,6.0,2,Bangladesh,21,MICHELLE CLARK,4.99,1,1,1,2,Jon Stephens,2,0.0,2005-07-09,1
3.95,120.61,4088,0.03,0.03,Iligan,60.0,6,Philippines,580,ROSS GREY,3.98,2,1,1,2,Jon Stephens,2,1.0,2005-07-06,2
3.95,4.83,4087,1.03,0.33,Halifax,6.0,4,Canada,463,DARRELL POWER,4.98,2,2,2,2,Jon Stephens,2,0.5,2005-08-01,2
3.96,4.84,4057,1.03,0.33,Botshabelo,3.0,3,South Africa,132,ESTHER CRAWFORD,4.99,1,1,1,1,Mike Hillyer,1,1.0,2005-08-23,1
3.96,4.84,4058,1.03,0.33,Suihua,3.0,27,China,511,CHESTER BENNER,4.99,1,1,1,1,Mike Hillyer,1,1.0,2005-07-31,1
3.96,4.84,4059,1.03,0.33,Sasebo,3.0,9,Japan,1,MARY SMITH,4.99,1,1,1,2,Jon Stephens,2,0.0,2005-08-17,1
3.96,4.84,4060,1.03,0.3,Grand Prairie,3.33,12,United States,118,KIM CRUZ,4.99,1,1,1,1,Mike Hillyer,1,1.0,2005-07-30,1
3.96,4.84,4060,1.03,0.3,Manchester,3.33,15,United States,382,VICTOR BARKLEY,4.99,1,1,1,1,Mike Hillyer,1,0.0,2005-08-20,1
3.96,4.84,4062,1.03,0.3,Patras,3.33,1,Greece,596,ENRIQUE FORSYTHE,4.99,1,1,1,2,Jon Stephens,2,0.0,2005-08-02,1
3.96,4.84,4063,1.03,0.3,Madiun,3.33,9,Indonesia,500,REGINALD KINDER,4.99,1,1,1,2,Jon Stephens,2,0.0,2005-08-20,1
3.96,4.84,4064,1.03,0.27,Guadalajara,3.75,10,Mexico,364,BENJAMIN VARNEY,4.99,1,1,1,2,Jon Stephens,2,1.0,2005-07-08,1
3.96,4.84,4064,1.03,0.27,Springs,3.75,5,South Africa,83,LOUISE JENKINS,4.99,1,1,1,1,Mike Hillyer,1,0.0,2005-08-20,1
3.96,4.84,4066,1.03,0.23,Suihua,4.29,13,China,511,CHESTER BENNER,4.99,1,1,1,1,Mike Hillyer,1,1.0,2005-08-19,1
3.96,4.84,4067,1.03,0.23,Baha Blanca,4.29,2,Argentina,322,JASON MORRISSEY,4.99,1,1,1,2,Jon Stephens,2,0.0,2005-08-19,1
3.96,4.84,4067,1.03,0.23,Changzhou,4.29,27,China,197,SUE PETERS,4.99,1,1,1,2,Jon Stephens,2,0.0,2005-07-31,1
3.96,4.84,4067,1.03,0.23,Le Mans,4.29,2,France,162,LAUREN HUDSON,4.99,1,1,1,1,Mike Hillyer,1,0.0,2005-08-19,1
3.96,4.84,4067,1.03,0.23,Sunnyvale,4.29,13,United States,214,KRISTIN JOHNSTON,4.99,1,1,1,1,Mike Hillyer,1,0.0,2005-07-29,1
3.96,4.84,4067,1.03,0.23,Varanasi (Benares),4.29,17,India,123,SHANNON FREEMAN,4.99,1,1,1,2,Jon Stephens,2,1.0,2005-07-29,1
3.96,4.84,4072,1.03,0.23,Karnal,4.29,26,India,274,NAOMI JENNINGS,4.99,1,1,1,1,Mike Hillyer,1,0.0,2005-07-30,1
3.96,4.84,4072,1.03,0.23,Simferopol,4.29,3,Ukraine,82,KATHRYN COLEMAN,4.99,1,1,1,2,Jon Stephens,2,0.0,2005-07-10,1
3.96,4.84,4072,1.03,0.23,Tel Aviv-Jaffa,4.29,3,Israel,161,GERALDINE PERKINS,4.99,1,1,1,2,Jon Stephens,2,0.0,2005-07-29,1
3.96,4.84,4072,1.03,0.23,Vaduz,4.29,1,Liechtenstein,57,EVELYN MORGAN,4.99,1,1,1,1,Mike Hillyer,1,0.0,2005-07-09,1
3.96,4.84,4076,1.03,0.2,Adana,5.0,4,Turkey,327,LARRY THRASHER,4.99,1,1,1,1,Mike Hillyer,1,1.0,2005-07-07,1
3.96,4.84,4076,1.03,0.2,Donostia-San Sebastin,5.0,2,Spain,293,MAE FLETCHER,4.99,1,1,1,2,Jon Stephens,2,0.0,2005-07-28,1
3.96,4.84,4076,1.03,0.2,Najafabad,5.0,2,Iran,368,HARRY ARCE,4.99,1,1,1,2,Jon Stephens,2,1.0,2005-07-06,1
3.96,4.84,4079,1.03,0.2,Chiayi,5.0,5,Taiwan,73,BEVERLY BROOKS,4.99,1,1,1,1,Mike Hillyer,1,1.0,2005-07-28,1
3.96,4.84,4079,1.03,0.2,Maikop,5.0,8,Russian Federation,346,ARTHUR SIMPKINS,4.99,1,1,1,2,Jon Stephens,2,0.0,2005-07-10,1
3.96,4.84,4079,1.03,0.2,Newcastle,5.0,3,South Africa,432,EDWIN BURK,4.99,1,1,1,2,Jon Stephens,2,0.0,2005-07-27,1
3.96,4.84,4082,1.03,0.17,Lilongwe,6.0,1,Malawi,166,LYNN PAYNE,4.99,1,1,1,1,Mike Hillyer,1,0.0,2005-08-19,1
3.96,4.84,4083,1.03,0.17,Halisahar,6.0,11,India,259,LENA JENSEN,4.99,1,1,1,2,Jon Stephens,2,0.0,2005-07-08,1
3.96,4.84,4083,1.03,0.17,La Plata,6.0,3,Argentina,89,JULIA FLORES,4.99,1,1,1,2,Jon Stephens,2,1.0,2005-07-07,1
3.96,4.84,4085,1.03,0.17,Dayton,6.0,14,United States,294,SHELLY WATTS,4.99,1,1,1,1,Mike Hillyer,1,0.0,2005-07-28,1
3.96,4.84,4086,1.03,0.17,Athenai,6.0,1,Greece,3,LINDA WILLIAMS,4.99,1,1,1,1,Mike Hillyer,1,1.0,2005-07-08,1
3.98,4.99,4056,1.0,0.23,Callao,8.57,3,Peru,304,DAVID ROYAL,4.98,2,2,2,1,Mike Hillyer,1,0.5,2005-08-20,2
3.98,5.0,4055,1.0,0.33,Torren,6.0,13,Mexico,133,PAULINE HENRY,4.98,2,2,2,2,Jon Stephens,2,0.5,2005-08-20,2
3.99,5.0,4030,1.0,0.27,Halle/Saale,3.75,2,Germany,251,VICKIE BREWER,4.99,1,1,1,2,Jon Stephens,2,0.0,2005-08-18,1
3.99,5.0,4030,1.0,0.27,Kamjanets-Podilskyi,3.75,3,Ukraine,386,TODD TAN,4.99,1,1,1,2,Jon Stephens,2,0.0,2005-08-17,1
3.99,5.0,4032,1.0,0.27,A Corua (La Corua),3.75,3,Spain,52,JULIE SANCHEZ,4.99,1,1,1,1,Mike Hillyer,1,0.0,2005-07-29,1
3.99,5.0,4032,1.0,0.27,Brindisi,3.75,3,Italy,499,MARC OUTLAW,4.99,1,1,1,1,Mike Hillyer,1,0.0,2005-07-10,1
3.99,5.0,4032,1.0,0.27,El Alto,3.75,1,Bolivia,455,JON WILES,4.99,1,1,1,2,Jon Stephens,2,1.0,2005-07-12,1
3.99,5.0,4032,1.0,0.27,Kurgan,3.75,8,Russian Federation,376,RANDY GAITHER,4.99,1,1,1,1,Mike Hillyer,1,1.0,2005-07-10,1
3.99,5.0,4032,1.0,0.27,Saint Louis,3.75,8,United States,62,JOAN COOPER,4.99,1,1,1,2,Jon Stephens,2,1.0,2005-08-22,1
3.99,5.0,4037,1.0,0.27,Bayugan,3.75,4,Philippines,188,MELANIE ARMSTRONG,4.99,1,1,1,2,Jon Stephens,2,0.0,2005-07-12,1
3.99,5.0,4038,1.0,0.23,Zeleznogorsk,4.29,9,Russian Federation,351,JACK FOUST,4.99,1,1,1,2,Jon Stephens,2,1.0,2005-08-22,1
3.99,5.0,4039,1.0,0.23,Avellaneda,4.29,5,Argentina,560,JORDAN ARCHULETA,4.99,1,1,1,2,Jon Stephens,2,1.0,2005-07-27,1
3.99,5.0,4039,1.0,0.23,Beni-Mellal,4.29,1,Morocco,543,LANCE PEMBERTON,4.99,1,1,1,2,Jon Stephens,2,0.0,2005-07-11,1
3.99,5.0,4039,1.0,0.23,Kumbakonam,4.29,26,India,271,PENNY NEAL,4.99,1,1,1,1,Mike Hillyer,1,0.0,2005-08-18,1
3.99,5.0,4039,1.0,0.23,Shimoga,4.29,26,India,238,NELLIE GARRETT,4.99,1,1,1,1,Mike Hillyer,1,0.0,2005-07-30,1
3.99,5.0,4043,1.0,0.23,Bislig,4.29,8,Philippines,94,NORMA GONZALES,4.99,1,1,1,2,Jon Stephens,2,0.0,2005-07-10,1
3.99,5.0,4043,1.0,0.23,Loja,4.29,2,Ecuador,589,TRACY HERRMANN,4.99,1,1,1,1,Mike Hillyer,1,0.0,2005-08-17,1
3.99,5.0,4043,1.0,0.23,Novoterkassk,4.29,9,Russian Federation,191,JEANETTE GREENE,4.99,1,1,1,1,Mike Hillyer,1,0.0,2005-07-30,1
3.99,5.0,4043,1.0,0.23,Tel Aviv-Jaffa,4.29,3,Israel,161,GERALDINE PERKINS,4.99,1,1,1,2,Jon Stephens,2,0.0,2005-07-12,1
3.99,5.0,4047,1.0,0.23,Funafuti,4.29,1,Tuvalu,105,DAWN SULLIVAN,4.99,1,1,1,2,Jon Stephens,2,0.0,2005-07-12,1
3.99,5.0,4047,1.0,0.23,Goinia,4.29,8,Brazil,92,TINA SIMMONS,4.99,1,1,1,1,Mike Hillyer,1,0.0,2005-08-17,1
3.99,5.0,4049,1.0,0.23,Najafabad,4.29,3,Iran,368,HARRY ARCE,4.99,1,1,1,2,Jon Stephens,2,0.0,2005-07-27,1
3.99,5.0,4050,1.0,0.2,Fontana,5.0,8,United States,51,ALICE STEWART,4.99,1,1,1,1,Mike Hillyer,1,0.0,2005-07-10,1
3.99,5.0,4050,1.0,0.2,Qinhuangdao,5.0,3,China,242,GLENDA FRAZIER,4.99,1,1,1,1,Mike Hillyer,1,1.0,2005-07-05,1
3.99,5.0,4052,1.0,0.2,Dongying,5.0,11,China,466,LEO EBERT,4.99,1,1,1,1,Mike Hillyer,1,1.0,2005-07-10,1
3.99,5.0,4052,1.0,0.2,Guadalajara,5.0,9,Mexico,364,BENJAMIN VARNEY,4.99,1,1,1,2,Jon Stephens,2,0.0,2005-07-30,1
3.99,5.0,4054,1.0,0.2,Mandi Bahauddin,5.0,2,Pakistan,223,MELINDA FERNANDEZ,4.99,1,1,1,2,Jon Stephens,2,0.0,2005-08-21,1
3.99,5.01,4027,1.0,0.3,Caracas,3.33,3,Venezuela,111,CARMEN OWENS,4.99,1,1,1,2,Jon Stephens,2,1.0,2005-08-01,1
3.99,5.01,4028,1.0,0.3,Leshan,3.33,26,China,569,DAVE GARDINER,4.99,1,1,1,1,Mike Hillyer,1,0.0,2005-08-17,1
3.99,5.01,4029,1.0,0.3,Maring,3.33,8,Brazil,246,MARIAN MENDOZA,4.99,1,1,1,1,Mike Hillyer,1,0.0,2005-07-12,1
31.1,17.71,2,1.86,0.53,Tangail,7.5,1,Bangladesh,21,MICHELLE CLARK,32.96,4,2,2,2,Jon Stephens,2,1.0,2005-08-20,4
31.12,18.01,1,1.83,0.37,Bijapur,13.64,1,India,468,TIM CARY,32.95,5,2,2,1,Mike Hillyer,1,0.6,2005-08-21,5
4.01,3.04,4026,1.96,0.43,Mosul,6.92,1,Iraq,579,DARYL LARUE,5.97,3,2,2,2,Jon Stephens,2,0.3333,2005-08-21,3
4.02,3.05,4023,1.96,0.43,Chungho,4.62,4,Taiwan,517,BRAD MCCURDY,5.98,2,1,1,2,Jon Stephens,2,0.0,2005-07-12,2
4.02,3.05,4024,1.96,0.4,Kuwana,5.0,11,Japan,531,JAMIE WAUGH,5.98,2,1,1,2,Jon Stephens,2,0.5,2005-07-30,2
4.02,5.16,4025,0.97,0.17,Niznekamsk,12.0,7,Russian Federation,48,ANN EVANS,4.98,2,1,1,2,Jon Stephens,2,1.0,2005-08-21,2
4.03,5.17,4012,0.96,0.23,Avellaneda,4.29,3,Argentina,560,JORDAN ARCHULETA,4.99,1,1,1,1,Mike Hillyer,1,1.0,2005-07-11,1
4.03,5.17,4012,0.96,0.23,Papeete,4.29,1,French Polynesia,56,GLORIA COOK,4.99,1,1,1,2,Jon Stephens,2,0.0,2005-07-08,1
4.03,5.17,4014,0.96,0.23,Inegl,4.29,8,Turkey,278,BILLIE HORTON,4.99,1,1,1,2,Jon Stephens,2,0.0,2005-07-12,1
4.03,5.17,4014,0.96,0.23,Tsuyama,4.29,15,Japan,429,FREDERICK ISBELL,4.99,1,1,1,1,Mike Hillyer,1,1.0,2005-08-19,1
4.03,5.17,4014,0.96,0.23,Tuguegarao,4.29,9,Philippines,261,DEANNA BYRD,4.99,1,1,1,2,Jon Stephens,2,0.0,2005-08-19,1
4.03,5.17,4014,0.96,0.23,Ueda,4.29,10,Japan,503,ANGEL BARCLAY,4.99,1,1,1,1,Mike Hillyer,1,0.0,2005-07-11,1
4.03,5.17,4018,0.96,0.2,Coacalco de Berriozbal,5.0,10,Mexico,247,STELLA MORENO,4.99,1,1,1,1,Mike Hillyer,1,0.0,2005-07-10,1
4.03,5.17,4019,0.96,0.2,Valparai,5.0,17,India,403,MIKE WAY,4.99,1,1,1,1,Mike Hillyer,1,0.0,2005-07-27,1
4.03,5.17,4019,0.96,0.2,Xinxiang,5.0,14,China,339,WALTER PERRYMAN,4.99,1,1,1,1,Mike Hillyer,1,1.0,2005-07-07,1
4.03,5.17,4021,0.97,0.17,Onomichi,6.0,7,Japan,337,JERRY JORDON,4.99,1,1,1,2,Jon Stephens,2,0.0,2005-07-08,1
4.03,5.17,4021,0.97,0.17,Talavera,6.0,6,Philippines,505,RAFAEL ABNEY,4.99,1,1,1,1,Mike Hillyer,1,1.0,2005-07-28,1
4.03,5.18,4004,0.96,0.33,Surakarta,3.0,10,Indonesia,450,JAY ROBB,4.99,1,1,1,1,Mike Hillyer,1,0.0,2005-08-21,1
4.03,5.18,4005,0.96,0.3,Usak,3.33,8,Turkey,204,ROSEMARY SCHMIDT,4.99,1,1,1,1,Mike Hillyer,1,0.0,2005-07-27,1
4.03,5.18,4006,0.96,0.3,Saarbrcken,3.33,3,Germany,227,COLLEEN BURTON,4.99,1,1,1,2,Jon Stephens,2,0.0,2005-08-19,1
4.03,5.18,4007,0.96,0.27,San Felipe del Progreso,3.75,10,Mexico,319,RONALD WEINER,4.99,1,1,1,1,Mike Hillyer,1,0.0,2005-07-08,1
4.03,5.18,4008,0.96,0.27,Chisinau,3.75,1,Moldova,38,MARTHA GONZALEZ,4.99,1,1,1,2,Jon Stephens,2,0.0,2005-07-08,1
4.03,5.18,4008,0.96,0.27,Santo Andr,3.75,5,Brazil,354,JUSTIN NGO,4.99,1,1,1,1,Mike Hillyer,1,0.0,2005-07-09,1
4.03,5.18,4010,0.96,0.27,Shenzhen,3.75,21,China,378,EUGENE CULPEPPER,4.99,1,1,1,2,Jon Stephens,2,0.0,2005-08-21,1
4.03,5.18,4011,0.96,0.27,Lublin,3.75,4,Poland,501,RUBEN GEARY,4.99,1,1,1,1,Mike Hillyer,1,0.0,2005-08-19,1
4.05,3.1,3999,1.93,0.53,Nha Trang,3.75,2,Vietnam,520,MITCHELL WESTMORELAND,5.98,2,1,1,1,Mike Hillyer,1,0.5,2005-08-21,2
4.05,3.1,4000,1.93,0.43,Usolje-Sibirskoje,4.62,8,Russian Federation,462,WARREN SHERROD,5.98,2,2,2,2,Jon Stephens,2,0.5,2005-08-18,2
4.05,3.1,4001,1.93,0.4,Ilorin,5.0,5,Nigeria,103,GLADYS HAMILTON,5.98,2,1,1,1,Mike Hillyer,1,0.0,2005-07-29,2
4.05,5.35,4002,0.93,0.23,Faaa,8.57,1,French Polynesia,43,CHRISTINE ROBERTS,4.98,2,2,2,2,Jon Stephens,2,0.5,2005-07-12,2
4.05,5.35,4003,0.93,0.23,Alvorada,8.57,17,Brazil,551,CLAYTON BARBEE,4.98,2,2,2,1,Mike Hillyer,1,0.5,2005-08-19,2
4.06,5.35,3998,0.93,0.13,Tambaram,7.5,11,India,287,BECKY MILES,4.99,1,1,1,2,Jon Stephens,2,1.0,2005-07-08,1
4.06,5.36,3972,0.93,0.3,Augusta-Richmond County,3.33,11,United States,96,DIANA ALEXANDER,4.99,1,1,1,1,Mike Hillyer,1,0.0,2005-07-08,1
4.06,5.36,3972,0.93,0.3,Tegal,3.33,5,Indonesia,458,LLOYD DOWD,4.99,1,1,1,1,Mike Hillyer,1,1.0,2005-08-23,1
4.06,5.36,3974,0.93,0.27,Erlangen,3.75,4,Germany,448,MIGUEL BETANCOURT,4.99,1,1,1,2,Jon Stephens,2,0.0,2005-07-27,1
4.06,5.36,3974,0.93,0.27,Lincoln,3.75,14,United States,63,ASHLEY RICHARDSON,4.99,1,1,1,1,Mike Hillyer,1,1.0,2005-08-17,1
4.06,5.36,3974,0.93,0.27,Munger (Monghyr),3.75,17,India,28,CYNTHIA YOUNG,4.99,1,1,1,1,Mike Hillyer,1,0.0,2005-07-29,1
4.06,5.36,3974,0.93,0.27,Pontianak,3.75,3,Indonesia,506,LESLIE SEWARD,4.99,1,1,1,2,Jon Stephens,2,0.0,2005-08-17,1
4.06,5.36,3974,0.93,0.27,Talavera,3.75,8,Philippines,505,RAFAEL ABNEY,4.99,1,1,1,1,Mike Hillyer,1,0.0,2005-08-23,1
4.06,5.36,3979,0.93,0.27,Gulbarga,3.75,27,India,370,WAYNE TRUONG,4.99,1,1,1,1,Mike Hillyer,1,0.0,2005-08-01,1
4.06,5.36,3980,0.93,0.27,Faaa,3.75,1,French Polynesia,43,CHRISTINE ROBERTS,4.99,1,1,1,1,Mike Hillyer,1,0.0,2005-07-27,1
4.06,5.36,3980,0.93,0.27,Mandaluyong,3.75,4,Philippines,263,HILDA HOPKINS,4.99,1,1,1,2,Jon Stephens,2,0.0,2005-07-11,1
4.06,5.36,3980,0.93,0.27,Patras,3.75,2,Greece,596,ENRIQUE FORSYTHE,4.99,1,1,1,1,Mike Hillyer,1,0.0,2005-08-19,1
4.06,5.36,3980,0.93,0.27,Saint Louis,3.75,8,United States,62,JOAN COOPER,4.99,1,1,1,2,Jon Stephens,2,0.0,2005-07-07,1
4.06,5.36,3980,0.93,0.27,Tete,3.75,2,Mozambique,97,ANNIE RUSSELL,4.99,1,1,1,2,Jon Stephens,2,0.0,2005-07-09,1
4.06,5.36,3985,0.93,0.23,Binzhou,4.29,9,China,533,JESSIE MILAM,4.99,1,1,1,1,Mike Hillyer,1,0.0,2005-07-08,1
4.06,5.36,3985,0.93,0.23,Novoterkassk,4.29,9,Russian Federation,191,JEANETTE GREENE,4.99,1,1,1,2,Jon Stephens,2,0.0,2005-08-22,1
4.06,5.36,3985,0.93,0.23,Purnea (Purnia),4.29,11,India,426,BRADLEY MOTLEY,4.99,1,1,1,1,Mike Hillyer,1,0.0,2005-07-08,1
4.06,5.36,3985,0.93,0.23,Sanya,4.29,16,China,546,KELLY KNOTT,4.99,1,1,1,1,Mike Hillyer,1,0.0,2005-07-29,1
4.06,5.36,3989,0.93,0.23,Braslia,4.29,8,Brazil,325,TIMOTHY BUNN,4.99,1,1,1,2,Jon Stephens,2,0.0,2005-08-17,1
4.06,5.36,3990,0.93,0.2,Salzburg,5.0,2,Austria,266,NORA HERRERA,4.99,1,1,1,1,Mike Hillyer,1,0.0,2005-07-10,1
4.06,5.36,3990,0.93,0.2,Santa F,5.0,5,Argentina,331,ERIC ROBERT,4.99,1,1,1,2,Jon Stephens,2,0.0,2005-08-18,1
4.06,5.36,3992,0.93,0.2,Suihua,5.0,9,China,511,CHESTER BENNER,4.99,1,1,1,1,Mike Hillyer,1,0.0,2005-07-08,1
4.06,5.36,3993,0.93,0.2,Gijn,5.0,2,Spain,394,CHRIS BROTHERS,4.99,1,1,1,1,Mike Hillyer,1,0.0,2005-07-10,1
4.06,5.36,3993,0.93,0.2,Ueda,5.0,1,Japan,503,ANGEL BARCLAY,4.99,1,1,1,2,Jon Stephens,2,0.0,2005-07-26,1
4.06,5.36,3995,0.93,0.17,Binzhou,6.0,15,China,533,JESSIE MILAM,4.99,1,1,1,2,Jon Stephens,2,0.0,2005-07-27,1
4.06,5.36,3996,0.93,0.17,Nam Dinh,6.0,3,Vietnam,472,GREG ROBINS,4.99,1,1,1,2,Jon Stephens,2,0.0,2005-08-18,1
4.06,5.36,3997,0.93,0.17,Livorno,6.0,3,Italy,541,DARREN WINDHAM,4.99,1,1,1,1,Mike Hillyer,1,0.0,2005-07-29,1
4.08,3.15,3968,1.9,0.43,Arecibo,4.62,1,Puerto Rico,360,RALPH MADRIGAL,5.98,2,2,2,2,Jon Stephens,2,0.0,2005-07-30,2
4.08,5.54,3971,0.9,0.13,Ourense (Orense),15.0,2,Spain,469,WESLEY BULL,4.98,2,1,1,2,Jon Stephens,2,0.5,2005-07-07,2
4.08,5.55,3969,0.9,0.3,Mogiljov,6.67,2,Belarus,527,CORY MEEHAN,4.98,2,1,1,2,Jon Stephens,2,0.5,2005-08-01,2
4.08,5.55,3970,0.9,0.23,Tegal,8.57,8,Indonesia,458,LLOYD DOWD,4.98,2,2,2,1,Mike Hillyer,1,0.5,2005-07-28,2
4.09,3.16,3966,1.9,0.5,Ciomas,4.0,8,Indonesia,239,MINNIE ROMERO,5.98,2,1,1,2,Jon Stephens,2,1.0,2005-08-20,2
4.09,3.16,3967,1.9,0.5,Fontana,4.0,12,United States,51,ALICE STEWART,5.98,2,2,2,1,Mike Hillyer,1,0.0,2005-08-19,2
4.09,5.55,3960,0.9,0.17,Gaziantep,6.0,4,Turkey,480,COREY HAUSER,4.99,1,1,1,2,Jon Stephens,2,0.0,2005-07-29,1
4.09,5.55,3961,0.9,0.17,Memphis,6.0,14,United States,181,ANA BRADLEY,4.99,1,1,1,1,Mike Hillyer,1,0.0,2005-07-28,1
4.09,5.55,3962,0.9,0.17,Hino,6.0,11,Japan,194,KRISTEN CHAVEZ,4.99,1,1,1,1,Mike Hillyer,1,0.0,2005-08-21,1
4.09,5.55,3962,0.9,0.17,Ktahya,6.0,6,Turkey,124,SHEILA WELLS,4.99,1,1,1,1,Mike Hillyer,1,0.0,2005-08-19,1
4.09,5.55,3962,0.9,0.17,Memphis,6.0,8,United States,181,ANA BRADLEY,4.99,1,1,1,2,Jon Stephens,2,0.0,2005-07-07,1
4.09,5.55,3965,0.9,0.13,Alessandria,7.5,3,Italy,33,ANNA HILL,4.99,1,1,1,1,Mike Hillyer,1,0.0,2005-07-10,1
4.09,5.56,3942,0.9,0.3,Gulbarga,3.33,26,India,370,WAYNE TRUONG,4.99,1,1,1,1,Mike Hillyer,1,0.0,2005-08-18,1
4.09,5.56,3942,0.9,0.3,Namibe,3.33,1,Angola,383,MARTIN BALES,4.99,1,1,1,2,Jon Stephens,2,1.0,2005-08-01,1
4.09,5.56,3944,0.9,0.27,Vitria de Santo Anto,3.75,10,Brazil,374,JEREMY HURTADO,4.99,1,1,1,2,Jon Stephens,2,1.0,2005-08-20,1
4.09,5.56,3945,0.9,0.27,Bandar Seri Begawan,3.75,1,Brunei,91,LOIS BUTLER,4.99,1,1,1,1,Mike Hillyer,1,1.0,2005-07-08,1
4.09,5.56,3945,0.9,0.27,Sharja,3.75,1,United Arab Emirates,292,MISTY LAMBERT,4.99,1,1,1,1,Mike Hillyer,1,0.0,2005-07-10,1
4.09,5.56,3947,0.9,0.27,Palghat (Palakkad),3.75,16,India,268,NINA SOTO,4.99,1,1,1,2,Jon Stephens,2,1.0,2005-07-06,1
4.09,5.56,3948,0.9,0.27,Cabuyao,3.75,6,Philippines,371,BILLY POULIN,4.99,1,1,1,1,Mike Hillyer,1,0.0,2005-07-28,1
4.09,5.56,3949,0.9,0.23,Charlotte Amalie,4.29,1,"Virgin Islands, U.S.",406,NATHAN RUNYON,4.99,1,1,1,2,Jon Stephens,2,0.0,2005-07-07,1
4.09,5.56,3949,0.9,0.23,guas Lindas de Gois,4.29,7,Brazil,130,CHARLOTTE HUNTER,4.99,1,1,1,2,Jon Stephens,2,1.0,2005-07-08,1
4.09,5.56,3951,0.9,0.23,Yingkou,4.29,12,China,521,ROLAND SOUTH,4.99,1,1,1,1,Mike Hillyer,1,1.0,2005-08-18,1
4.09,5.56,3952,0.9,0.23,Bayugan,4.29,12,Philippines,188,MELANIE ARMSTRONG,4.99,1,1,1,2,Jon Stephens,2,0.0,2005-07-31,1
4.09,5.56,3953,0.9,0.2,Tanauan,5.0,1,Philippines,373,LOUIS LEONE,4.99,1,1,1,1,Mike Hillyer,1,1.0,2005-07-26,1
4.09,5.56,3954,0.9,0.2,Braslia,5.0,10,Brazil,325,TIMOTHY BUNN,4.99,1,1,1,2,Jon Stephens,2,0.0,2005-07-11,1
4.09,5.56,3954,0.9,0.2,Sal,5.0,2,Morocco,22,LAURA RODRIGUEZ,4.99,1,1,1,1,Mike Hillyer,1,0.0,2005-07-31,1
4.09,5.56,3956,0.9,0.2,Clarksville,5.0,11,United States,140,EVA RAMOS,4.99,1,1,1,1,Mike Hillyer,1,0.0,2005-08-18,1
4.09,5.56,3956,0.9,0.2,Juazeiro do Norte,5.0,10,Brazil,47,FRANCES PARKER,4.99,1,1,1,2,Jon Stephens,2,1.0,2005-07-28,1
4.09,5.56,3956,0.9,0.2,Parbhani,5.0,17,India,300,JOHN FARNSWORTH,4.99,1,1,1,1,Mike Hillyer,1,0.0,2005-07-27,1
4.09,5.56,3959,0.9,0.2,Shivapuri,5.0,25,India,68,NICOLE PETERSON,4.99,1,1,1,2,Jon Stephens,2,0.0,2005-08-20,1
4.11,5.75,3941,0.86,0.27,Toulouse,11.25,2,France,35,VIRGINIA GREEN,4.97,3,2,2,2,Jon Stephens,2,0.3333,2005-07-09,3
4.12,3.21,3934,1.86,0.4,Merlo,5.0,5,Argentina,107,FLORENCE WOODS,5.98,2,2,2,2,Jon Stephens,2,0.0,2005-07-30,2
4.12,3.21,3934,1.86,0.4,Uijongbu,5.0,3,South Korea,245,COURTNEY DAY,5.98,2,1,1,2,Jon Stephens,2,0.5,2005-07-30,2
4.12,3.21,3936,1.86,0.33,Kowloon and New Kowloon,6.0,1,Hong Kong,289,VIOLET RODRIQUEZ,5.98,2,1,1,2,Jon Stephens,2,0.5,2005-07-10,2
4.12,5.76,3937,0.86,0.27,Jelets,7.5,15,Russian Federation,100,ROBIN HAYES,4.98,2,2,2,2,Jon Stephens,2,0.5,2005-08-22,2
4.12,5.76,3938,0.86,0.2,Pingxiang,10.0,16,China,169,ERICA MATTHEWS,4.98,2,1,1,2,Jon Stephens,2,0.5,2005-08-19,2
4.12,5.76,3939,0.86,0.2,Korolev,10.0,12,Russian Federation,393,PHILIP CAUSEY,4.98,2,2,2,1,Mike Hillyer,1,1.0,2005-08-17,2
4.12,5.76,3940,0.86,0.2,Huixquilucan,10.0,11,Mexico,108,TRACY COLE,4.98,2,2,2,1,Mike Hillyer,1,0.5,2005-07-07,2
4.12,5.77,3932,0.87,0.13,Lilongwe,7.5,1,Malawi,166,LYNN PAYNE,4.99,1,1,1,2,Jon Stephens,2,1.0,2005-08-18,1
4.12,5.77,3933,0.87,0.13,Athenai,7.5,1,Greece,3,LINDA WILLIAMS,4.99,1,1,1,1,Mike Hillyer,1,0.0,2005-07-07,1
4.13,5.77,3908,0.86,0.23,Dos Quebradas,4.29,2,Colombia,120,SYLVIA ORTIZ,4.99,1,1,1,1,Mike Hillyer,1,1.0,2005-07-27,1
4.13,5.77,3909,0.86,0.23,Okara,4.29,3,Pakistan,399,DANNY ISOM,4.99,1,1,1,2,Jon Stephens,2,0.0,2005-07-12,1
4.13,5.77,3910,0.86,0.23,Ivanovo,4.29,12,Russian Federation,106,CONNIE WALLACE,4.99,1,1,1,1,Mike Hillyer,1,0.0,2005-07-28,1
4.13,5.77,3910,0.86,0.23,Myingyan,4.29,2,Myanmar,4,BARBARA JONES,4.99,1,1,1,2,Jon Stephens,2,0.0,2005-08-17,1
4.13,5.77,3912,0.86,0.23,Coquimbo,4.29,2,Chile,515,ANDRE RAPP,4.99,1,1,1,1,Mike Hillyer,1,0.0,2005-07-31,1
4.13,5.77,3913,0.86,0.2,Balaiha,5.0,10,Russian Federation,55,DORIS REED,4.99,1,1,1,1,Mike Hillyer,1,0.0,2005-08-18,1
4.13,5.77,3914,0.86,0.2,Tabriz,5.0,2,Iran,279,DIANNE SHELTON,4.99,1,1,1,1,Mike Hillyer,1,0.0,2005-08-17,1
4.13,5.77,3915,0.86,0.2,Carmen,5.0,10,Mexico,578,WILLARD LUMPKIN,4.99,1,1,1,2,Jon Stephens,2,0.0,2005-07-10,1
4.13,5.77,3915,0.86,0.2,Hodeida,5.0,2,Yemen,470,GORDON ALLARD,4.99,1,1,1,1,Mike Hillyer,1,0.0,2005-07-07,1
4.13,5.77,3917,0.86,0.2,Haldia,5.0,15,India,186,HOLLY FOX,4.99,1,1,1,2,Jon Stephens,2,0.0,2005-07-11,1
4.13,5.77,3917,0.86,0.2,Jodhpur,5.0,15,India,224,PEARL GARZA,4.99,1,1,1,1,Mike Hillyer,1,0.0,2005-07-11,1
4.13,5.77,3917,0.86,0.2,Kamakura,5.0,9,Japan,79,RACHEL BARNES,4.99,1,1,1,2,Jon Stephens,2,0.0,2005-08-17,1
4.13,5.77,3917,0.86,0.2,Nabereznyje Telny,5.0,9,Russian Federation,447,CLIFFORD BOWENS,4.99,1,1,1,1,Mike Hillyer,1,0.0,2005-07-09,1
4.13,5.77,3917,0.86,0.2,Vaduz,5.0,1,Liechtenstein,57,EVELYN MORGAN,4.99,1,1,1,2,Jon Stephens,2,0.0,2005-07-07,1
4.13,5.77,3922,0.87,0.17,Birgunj,6.0,1,Nepal,321,KEVIN SCHULER,4.99,1,1,1,1,Mike Hillyer,1,1.0,2005-08-18,1
4.13,5.77,3922,0.87,0.17,Madiun,6.0,3,Indonesia,500,REGINALD KINDER,4.99,1,1,1,2,Jon Stephens,2,0.0,2005-07-06,1
4.13,5.77,3924,0.87,0.17,Bhavnagar,6.0,14,India,379,CARLOS COUGHLIN,4.99,1,1,1,1,Mike Hillyer,1,0.0,2005-07-09,1
4.13,5.77,3924,0.87,0.17,Bhavnagar,6.0,23,India,379,CARLOS COUGHLIN,4.99,1,1,1,1,Mike Hillyer,1,1.0,2005-07-31,1
4.13,5.77,3924,0.87,0.17,Chiayi,6.0,5,Taiwan,73,BEVERLY BROOKS,4.99,1,1,1,1,Mike Hillyer,1,0.0,2005-07-27,1
4.13,5.77,3924,0.87,0.17,Klerksdorp,6.0,4,South Africa,109,EDNA WEST,4.99,1,1,1,1,Mike Hillyer,1,0.0,2005-07-08,1
4.13,5.77,3924,0.87,0.17,Maikop,6.0,9,Russian Federation,346,ARTHUR SIMPKINS,4.99,1,1,1,1,Mike Hillyer,1,0.0,2005-07-09,1
4.13,5.77,3924,0.87,0.17,Mosul,6.0,1,Iraq,579,DARYL LARUE,4.99,1,1,1,1,Mike Hillyer,1,0.0,2005-07-11,1
4.13,5.77,3924,0.87,0.17,Rancagua,6.0,2,Chile,464,JEROME KENYON,4.99,1,1,1,1,Mike Hillyer,1,1.0,2005-07-10,1
4.13,5.77,3931,0.87,0.17,Dzerzinsk,6.0,13,Russian Federation,430,RAY HOULE,4.99,1,1,1,1,Mike Hillyer,1,0.0,2005-07-29,1
4.13,5.78,3904,0.86,0.3,Pavlodar,3.33,1,Kazakstan,76,IRENE PRICE,4.99,1,1,1,2,Jon Stephens,2,0.0,2005-08-01,1
4.13,5.78,3905,0.86,0.27,Ezeiza,3.75,7,Argentina,530,DARRYL ASHCRAFT,4.99,1,1,1,1,Mike Hillyer,1,0.0,2005-07-31,1
4.13,5.78,3906,0.86,0.27,Atinsk,3.75,1,Russian Federation,397,JIMMY SCHRADER,4.99,1,1,1,2,Jon Stephens,2,0.0,2005-08-16,1
4.13,5.78,3906,0.86,0.27,Baha Blanca,3.75,3,Argentina,322,JASON MORRISSEY,4.99,1,1,1,2,Jon Stephens,2,0.0,2005-07-28,1
4.15,3.27,3893,1.83,0.47,Brescia,4.29,2,Italy,309,CHRISTOPHER GRECO,5.98,2,1,1,2,Jon Stephens,2,0.0,2005-08-20,2
4.15,3.27,3894,1.83,0.43,Davao,4.62,8,Philippines,27,SHIRLEY ALLEN,5.98,2,1,1,1,Mike Hillyer,1,0.0,2005-08-02,2
4.15,3.27,3895,1.83,0.4,Qinhuangdao,5.0,18,China,242,GLENDA FRAZIER,5.98,2,2,2,1,Mike Hillyer,1,0.0,2005-08-02,2
4.15,3.27,3895,1.83,0.4,Taizz,5.0,1,Yemen,213,GINA WILLIAMSON,5.98,2,2,2,1,Mike Hillyer,1,0.0,2005-07-09,2
4.15,3.27,3897,1.83,0.37,Tanshui,5.45,4,Taiwan,577,CLIFTON MALCOLM,5.98,2,2,2,2,Jon Stephens,2,0.5,2005-08-18,2
4.15,3.27,3898,1.83,0.3,Athenai,6.67,1,Greece,3,LINDA WILLIAMS,5.98,2,2,2,2,Jon Stephens,2,1.0,2005-07-30,2
4.15,5.99,3899,0.83,0.23,Sousse,8.57,1,Tunisia,335,GREGORY MAULDIN,4.98,2,1,1,1,Mike Hillyer,1,0.5,2005-08-20,2
4.15,5.99,3900,0.83,0.2,Halle/Saale,10.0,3,Germany,251,VICKIE BREWER,4.98,2,2,2,2,Jon Stephens,2,0.5,2005-08-17,2
4.15,5.99,3901,0.83,0.2,Saint Louis,10.0,16,United States,62,JOAN COOPER,4.98,2,1,1,2,Jon Stephens,2,1.0,2005-08-21,2
4.15,5.99,3902,0.83,0.2,Kakamigahara,10.0,18,Japan,163,CATHY SPENCER,4.98,2,1,1,1,Mike Hillyer,1,0.5,2005-07-27,2
4.15,5.99,3903,0.83,0.17,Pereira,12.0,4,Colombia,180,STACY CUNNINGHAM,4.98,2,2,2,1,Mike Hillyer,1,0.5,2005-07-10,2
4.16,6.0,3873,0.83,0.23,Chungho,4.29,4,Taiwan,517,BRAD MCCURDY,4.99,1,1,1,2,Jon Stephens,2,1.0,2005-08-21,1
4.16,6.0,3873,0.83,0.23,Iwakuni,4.29,13,Japan,54,TERESA ROGERS,4.99,1,1,1,2,Jon Stephens,2,0.0,2005-07-30,1
4.16,6.0,3875,0.83,0.23,Ashqelon,4.29,1,Israel,478,LEWIS LYMAN,4.99,1,1,1,2,Jon Stephens,2,0.0,2005-08-20,1
4.16,6.0,3875,0.83,0.23,Manchester,4.29,12,United States,382,VICTOR BARKLEY,4.99,1,1,1,1,Mike Hillyer,1,0.0,2005-07-09,1
4.16,6.0,3875,0.83,0.23,Tama,4.29,7,Japan,385,PHILLIP HOLM,4.99,1,1,1,1,Mike Hillyer,1,1.0,2005-07-12,1
4.16,6.0,3875,0.83,0.23,Tarlac,4.29,4,Philippines,548,ALLAN CORNISH,4.99,1,1,1,2,Jon Stephens,2,1.0,2005-07-12,1
4.16,6.0,3879,0.83,0.23,A Corua (La Corua),4.29,2,Spain,52,JULIE SANCHEZ,4.99,1,1,1,2,Jon Stephens,2,1.0,2005-07-28,1
4.16,6.0,3879,0.83,0.23,Pachuca de Soto,4.29,8,Mexico,353,JONATHAN SCARBOROUGH,4.99,1,1,1,1,Mike Hillyer,1,0.0,2005-08-21,1
4.16,6.0,3879,0.83,0.23,Springs,4.29,2,South Africa,83,LOUISE JENKINS,4.99,1,1,1,2,Jon Stephens,2,0.0,2005-07-29,1
4.16,6.0,3882,0.83,0.23,Phnom Penh,4.29,1,Cambodia,228,ALLISON STANLEY,4.99,1,1,1,2,Jon Stephens,2,0.0,2005-08-20,1
4.16,6.0,3883,0.83,0.2,Jakarta,5.0,3,Indonesia,153,SUZANNE NICHOLS,4.99,1,1,1,1,Mike Hillyer,1,0.0,2005-08-19,1
4.16,6.0,3884,0.83,0.2,Beni-Mellal,5.0,2,Morocco,543,LANCE PEMBERTON,4.99,1,1,1,2,Jon Stephens,2,1.0,2005-07-09,1
4.16,6.0,3884,0.83,0.2,Rockford,5.0,11,United States,457,BILL GAVIN,4.99,1,1,1,1,Mike Hillyer,1,0.0,2005-08-18,1
4.16,6.0,3886,0.83,0.2,Hami,5.0,12,China,165,LORRAINE STEPHENS,4.99,1,1,1,2,Jon Stephens,2,0.0,2005-08-18,1
4.16,6.0,3887,0.83,0.2,Compton,5.0,11,United States,182,RENEE LANE,4.99,1,1,1,1,Mike Hillyer,1,0.0,2005-08-18,1
4.16,6.0,3888,0.83,0.17,Weifang,6.0,13,China,588,MARION OCAMPO,4.99,1,1,1,1,Mike Hillyer,1,0.0,2005-07-06,1
4.16,6.0,3889,0.83,0.17,Hubli-Dharwad,6.0,25,India,136,ANITA MORALES,4.99,1,1,1,2,Jon Stephens,2,0.0,2005-08-20,1
4.16,6.0,3889,0.83,0.17,Ocumare del Tuy,6.0,4,Venezuela,174,YVONNE WATKINS,4.99,1,1,1,1,Mike Hillyer,1,0.0,2005-07-30,1
4.16,6.0,3891,0.83,0.17,Tama,6.0,1,Japan,385,PHILLIP HOLM,4.99,1,1,1,2,Jon Stephens,2,0.0,2005-07-26,1
4.16,6.0,3892,0.83,0.13,Vinh,7.5,2,Vietnam,523,HARVEY GUAJARDO,4.99,1,1,1,1,Mike Hillyer,1,1.0,2005-07-08,1
4.16,6.01,3869,0.83,0.33,Namibe,3.0,1,Angola,383,MARTIN BALES,4.99,1,1,1,1,Mike Hillyer,1,0.0,2005-08-18,1
4.16,6.01,3870,0.83,0.27,Syktyvkar,3.75,9,Russian Federation,428,HERBERT KRUGER,4.99,1,1,1,1,Mike Hillyer,1,0.0,2005-07-09,1
4.16,6.01,3871,0.83,0.27,Dzerzinsk,3.75,9,Russian Federation,430,RAY HOULE,4.99,1,1,1,1,Mike Hillyer,1,0.0,2005-08-22,1
4.16,6.01,3872,0.83,0.27,Citt del Vaticano,3.75,1,Holy See (Vatican City State),26,JESSICA HALL,4.99,1,1,1,2,Jon Stephens,2,0.0,2005-08-19,1
4.18,3.33,3864,1.8,0.4,Vila Velha,5.0,8,Brazil,39,DEBRA NELSON,5.98,2,1,1,2,Jon Stephens,2,0.0,2005-08-18,2
4.18,3.33,3865,1.8,0.4,Konotop,5.0,2,Ukraine,545,JULIO NOLAND,5.98,2,2,2,2,Jon Stephens,2,0.0,2005-08-23,2
4.18,3.33,3866,1.8,0.37,Gorontalo,5.45,3,Indonesia,203,TARA RYAN,5.98,2,1,1,2,Jon Stephens,2,0.5,2005-08-23,2
4.18,6.24,3868,0.8,0.2,Luzinia,10.0,13,Brazil,183,IDA ANDREWS,4.98,2,1,1,2,Jon Stephens,2,0.5,2005-08-18,2
4.18,6.25,3867,0.8,0.3,Tsaotun,6.67,6,Taiwan,586,KIRK STCLAIR,4.98,2,2,2,2,Jon Stephens,2,0.5,2005-08-23,2
4.19,6.25,3851,0.8,0.2,Tartu,5.0,1,Estonia,444,MARCUS HIDALGO,4.99,1,1,1,1,Mike Hillyer,1,0.0,2005-08-17,1
4.19,6.25,3852,0.8,0.2,Ocumare del Tuy,5.0,2,Venezuela,174,YVONNE WATKINS,4.99,1,1,1,1,Mike Hillyer,1,0.0,2005-07-12,1
4.19,6.25,3853,0.8,0.2,Almirante Brown,5.0,3,Argentina,359,WILLIE MARKHAM,4.99,1,1,1,1,Mike Hillyer,1,0.0,2005-07-28,1
4.19,6.25,3853,0.8,0.2,Belm,5.0,5,Brazil,362,NICHOLAS BARFIELD,4.99,1,1,1,1,Mike Hillyer,1,1.0,2005-07-09,1
4.19,6.25,3853,0.8,0.2,Tianjin,5.0,19,China,249,DORA MEDINA,4.99,1,1,1,2,Jon Stephens,2,0.0,2005-08-20,1
4.19,6.25,3856,0.8,0.2,Bislig,5.0,12,Philippines,94,NORMA GONZALES,4.99,1,1,1,1,Mike Hillyer,1,1.0,2005-07-31,1
4.19,6.25,3856,0.8,0.2,Buenaventura,5.0,3,Colombia,235,JACKIE LYNCH,4.99,1,1,1,1,Mike Hillyer,1,0.0,2005-07-10,1
4.19,6.25,3856,0.8,0.2,Ruse,5.0,1,Bulgaria,540,TYRONE ASHER,4.99,1,1,1,2,Jon Stephens,2,0.0,2005-07-09,1
4.19,6.25,3859,0.8,0.17,Nukualofa,6.0,1,Tonga,344,HENRY BILLINGSLEY,4.99,1,1,1,2,Jon Stephens,2,1.0,2005-07-31,1
4.19,6.25,3860,0.8,0.17,Boksburg,6.0,3,South Africa,125,ETHEL WEBB,4.99,1,1,1,1,Mike Hillyer,1,0.0,2005-07-27,1
4.19,6.25,3860,0.8,0.17,Syrakusa,6.0,2,Italy,221,BESSIE MORRISON,4.99,1,1,1,1,Mike Hillyer,1,0.0,2005-07-07,1
4.19,6.25,3862,0.8,0.13,Kanazawa,7.5,11,Japan,547,KURT EMMONS,4.99,1,1,1,2,Jon Stephens,2,0.0,2005-07-10,1
4.19,6.25,3863,0.8,0.13,Shenzhen,7.5,13,China,378,EUGENE CULPEPPER,4.99,1,1,1,1,Mike Hillyer,1,0.0,2005-07-06,1
4.19,6.26,3836,0.8,0.3,Katihar,3.33,17,India,419,CHAD CARBONE,4.99,1,1,1,1,Mike Hillyer,1,1.0,2005-07-27,1
4.19,6.26,3837,0.8,0.27,Bradford,3.75,4,United Kingdom,85,ANNE POWELL,4.99,1,1,1,1,Mike Hillyer,1,1.0,2005-07-09,1
4.19,6.26,3838,0.8,0.27,Masqat,3.75,1,Oman,9,MARGARET MOORE,4.99,1,1,1,1,Mike Hillyer,1,0.0,2005-07-30,1
4.19,6.26,3839,0.8,0.27,Addis Abeba,3.75,1,Ethiopia,392,SEAN DOUGLASS,4.99,1,1,1,1,Mike Hillyer,1,1.0,2005-08-01,1
4.19,6.26,3839,0.8,0.27,Botshabelo,3.75,3,South Africa,132,ESTHER CRAWFORD,4.99,1,1,1,1,Mike Hillyer,1,0.0,2005-07-07,1
4.19,6.26,3841,0.8,0.27,Salala,3.75,1,Oman,498,GENE SANBORN,4.99,1,1,1,1,Mike Hillyer,1,1.0,2005-07-07,1
4.19,6.26,3841,0.8,0.27,San Miguel de Tucumn,3.75,4,Argentina,243,LYDIA BURKE,4.99,1,1,1,1,Mike Hillyer,1,1.0,2005-07-29,1
4.19,6.26,3843,0.8,0.23,al-Qatif,4.29,3,Saudi Arabia,417,TRAVIS ESTEP,4.99,1,1,1,2,Jon Stephens,2,0.0,2005-08-18,1
4.19,6.26,3844,0.8,0.23,Brest,4.29,1,France,402,LUIS YANEZ,4.99,1,1,1,1,Mike Hillyer,1,0.0,2005-08-23,1
4.19,6.26,3845,0.8,0.23,Dongying,4.29,20,China,466,LEO EBERT,4.99,1,1,1,1,Mike Hillyer,1,0.0,2005-08-01,1
4.19,6.26,3845,0.8,0.23,Hiroshima,4.29,12,Japan,299,JAMES GANNON,4.99,1,1,1,1,Mike Hillyer,1,0.0,2005-07-27,1
4.19,6.26,3847,0.8,0.23,Valle de la Pascua,4.29,1,Venezuela,290,KRISTINA CHAMBERS,4.99,1,1,1,1,Mike Hillyer,1,0.0,2005-07-26,1
4.19,6.26,3848,0.8,0.23,Alvorada,4.29,10,Brazil,551,CLAYTON BARBEE,4.99,1,1,1,2,Jon Stephens,2,0.0,2005-07-31,1
4.19,6.26,3848,0.8,0.23,Patiala,4.29,15,India,296,RAMONA HALE,4.99,1,1,1,1,Mike Hillyer,1,0.0,2005-07-10,1
4.19,6.26,3850,0.8,0.23,Shenzhen,4.29,13,China,378,EUGENE CULPEPPER,4.99,1,1,1,1,Mike Hillyer,1,0.0,2005-08-19,1
4.22,3.39,3830,1.76,0.5,Hanoi,4.0,2,Vietnam,340,PATRICK NEWSOM,5.98,2,2,2,2,Jon Stephens,2,0.0,2005-08-21,2
4.22,3.39,3831,1.76,0.47,Laiwu,4.29,16,China,151,MEGAN PALMER,5.98,2,2,2,2,Jon Stephens,2,0.5,2005-08-23,2
4.22,3.39,3832,1.76,0.43,NDjamna,4.62,1,Chad,535,JAVIER ELROD,5.98,2,1,1,1,Mike Hillyer,1,0.0,2005-08-20,2
4.22,6.51,3833,0.76,0.2,Witten,10.0,2,Germany,201,VICKI FIELDS,4.98,2,2,2,1,Mike Hillyer,1,0.5,2005-08-02,2
4.22,6.51,3834,0.76,0.2,Mandaluyong,10.0,10,Philippines,263,HILDA HOPKINS,4.98,2,1,1,2,Jon Stephens,2,0.5,2005-07-09,2
4.22,6.51,3835,0.77,0.17,Xintai,12.0,29,China,564,BOB PFEIFFER,4.98,2,2,2,2,Jon Stephens,2,1.0,2005-07-30,2
4.23,3.4,3812,1.76,0.33,Hunuco,3.0,2,Peru,565,JAIME NETTLES,5.99,1,1,1,2,Jon Stephens,2,1.0,2005-08-18,1
4.23,6.52,3826,0.77,0.17,Kisumu,6.0,2,Kenya,193,KATIE ELLIOTT,4.99,1,1,1,1,Mike Hillyer,1,1.0,2005-07-31,1
4.23,6.52,3827,0.77,0.17,Gijn,6.0,1,Spain,394,CHRIS BROTHERS,4.99,1,1,1,2,Jon Stephens,2,1.0,2005-07-09,1
4.23,6.52,3827,0.77,0.17,Kursk,6.0,7,Russian Federation,311,PAUL TROUT,4.99,1,1,1,2,Jon Stephens,2,0.0,2005-07-11,1
4.23,6.52,3827,0.77,0.17,Rizhao,6.0,12,China,496,TYLER WREN,4.99,1,1,1,2,Jon Stephens,2,0.0,2005-08-18,1
4.23,6.53,3813,0.76,0.27,Baku,3.75,1,Azerbaijan,333,ANDREW PURDY,4.99,1,1,1,1,Mike Hillyer,1,0.0,2005-07-29,1
4.23,6.53,3813,0.76,0.27,Garden Grove,3.75,14,United States,593,RENE MCALISTER,4.99,1,1,1,2,Jon Stephens,2,0.0,2005-07-28,1
4.23,6.53,3815,0.76,0.27,Tegal,3.75,10,Indonesia,458,LLOYD DOWD,4.99,1,1,1,2,Jon Stephens,2,1.0,2005-08-21,1
4.23,6.53,3816,0.76,0.23,El Fuerte,4.29,7,Mexico,451,JIM REA,4.99,1,1,1,2,Jon Stephens,2,1.0,2005-07-06,1
4.23,6.53,3816,0.76,0.23,Jaipur,4.29,23,India,60,MILDRED BAILEY,4.99,1,1,1,1,Mike Hillyer,1,0.0,2005-07-31,1
4.23,6.53,3816,0.76,0.23,Tete,4.29,2,Mozambique,97,ANNIE RUSSELL,4.99,1,1,1,1,Mike Hillyer,1,1.0,2005-07-08,1
4.23,6.53,3819,0.76,0.23,Patras,4.29,1,Greece,596,ENRIQUE FORSYTHE,4.99,1,1,1,2,Jon Stephens,2,1.0,2005-08-18,1
4.23,6.53,3820,0.76,0.2,Ciparay,5.0,2,Indonesia,328,JEFFREY SPEAR,4.99,1,1,1,1,Mike Hillyer,1,0.0,2005-08-18,1
4.23,6.53,3821,0.76,0.2,Alvorada,5.0,9,Brazil,551,CLAYTON BARBEE,4.99,1,1,1,2,Jon Stephens,2,0.0,2005-08-18,1
4.23,6.53,3821,0.76,0.2,Idfu,5.0,2,Egypt,233,LILLIE KIM,4.99,1,1,1,1,Mike Hillyer,1,0.0,2005-07-08,1
4.23,6.53,3821,0.76,0.2,Qinhuangdao,5.0,16,China,242,GLENDA FRAZIER,4.99,1,1,1,1,Mike Hillyer,1,0.0,2005-07-29,1
4.23,6.53,3824,0.76,0.2,Peoria,5.0,14,United States,275,CAROLE BARNETT,4.99,1,1,1,1,Mike Hillyer,1,0.0,2005-08-17,1
4.23,6.53,3825,0.76,0.2,Sanya,5.0,26,China,546,KELLY KNOTT,4.99,1,1,1,1,Mike Hillyer,1,0.0,2005-08-17,1
4.24,3.45,3811,1.73,0.43,Chisinau,6.92,1,Moldova,38,MARTHA GONZALEZ,5.97,3,2,2,1,Mike Hillyer,1,0.3333,2005-07-30,3
4.25,3.46,3807,1.73,0.47,Tartu,4.29,1,Estonia,444,MARCUS HIDALGO,5.98,2,2,2,2,Jon Stephens,2,0.0,2005-08-23,2
4.25,3.46,3808,1.73,0.43,El Fuerte,4.62,9,Mexico,451,JIM REA,5.98,2,1,1,1,Mike Hillyer,1,0.0,2005-08-20,2
4.25,3.46,3809,1.73,0.37,Sagamihara,5.45,11,Japan,11,LISA ANDERSON,5.98,2,2,2,1,Mike Hillyer,1,0.5,2005-08-20,2
4.25,6.81,3810,0.73,0.23,Shanwei,8.57,14,China,424,KYLE SPURLOCK,4.98,2,1,1,1,Mike Hillyer,1,0.5,2005-07-10,2
4.26,6.82,3796,0.73,0.2,Hami,5.0,17,China,165,LORRAINE STEPHENS,4.99,1,1,1,1,Mike Hillyer,1,0.0,2005-07-09,1
4.26,6.82,3796,0.73,0.2,Hoshiarpur,5.0,23,India,412,ALLEN BUTTERFIELD,4.99,1,1,1,1,Mike Hillyer,1,0.0,2005-07-31,1
4.26,6.82,3796,0.73,0.2,Ondo,5.0,6,Nigeria,156,BERTHA FERGUSON,4.99,1,1,1,2,Jon Stephens,2,0.0,2005-07-28,1
4.26,6.82,3796,0.73,0.2,guas Lindas de Gois,5.0,7,Brazil,130,CHARLOTTE HUNTER,4.99,1,1,1,2,Jon Stephens,2,0.0,2005-07-07,1
4.26,6.82,3800,0.73,0.2,Surakarta,5.0,9,Indonesia,450,JAY ROBB,4.99,1,1,1,2,Jon Stephens,2,0.0,2005-07-29,1
4.26,6.82,3801,0.73,0.2,Sullana,5.0,3,Peru,597,FREDDIE DUGGAN,4.99,1,1,1,2,Jon Stephens,2,0.0,2005-07-31,1
4.26,6.82,3802,0.73,0.17,Ciparay,6.0,5,Indonesia,328,JEFFREY SPEAR,4.99,1,1,1,1,Mike Hillyer,1,0.0,2005-07-09,1
4.26,6.82,3802,0.73,0.17,Clarksville,6.0,14,United States,140,EVA RAMOS,4.99,1,1,1,1,Mike Hillyer,1,1.0,2005-08-17,1
4.26,6.82,3802,0.73,0.17,Sambhal,6.0,14,India,217,AGNES BISHOP,4.99,1,1,1,2,Jon Stephens,2,0.0,2005-07-12,1
4.26,6.82,3805,0.73,0.13,Enshi,7.5,11,China,110,TIFFANY JORDAN,4.99,1,1,1,1,Mike Hillyer,1,0.0,2005-07-11,1
4.26,6.82,3805,0.73,0.13,Rajkot,7.5,11,India,554,DWAYNE OLVERA,4.99,1,1,1,2,Jon Stephens,2,1.0,2005-07-08,1
4.26,6.83,3792,0.73,0.23,Banjul,4.29,1,Gambia,584,SALVADOR TEEL,4.99,1,1,1,1,Mike Hillyer,1,0.0,2005-07-28,1
4.26,6.83,3793,0.73,0.23,Kilis,4.29,4,Turkey,143,LESLIE GORDON,4.99,1,1,1,2,Jon Stephens,2,0.0,2005-08-20,1
4.26,6.83,3793,0.73,0.23,San Felipe de Puerto Plata,4.29,1,Dominican Republic,418,JEFF EAST,4.99,1,1,1,1,Mike Hillyer,1,0.0,2005-07-11,1
4.26,6.83,3795,0.73,0.23,Mwanza,4.29,2,Tanzania,481,HERMAN DEVORE,4.99,1,1,1,1,Mike Hillyer,1,0.0,2005-07-27,1
4.27,7.12,3791,0.7,0.23,Cavite,12.86,11,Philippines,388,CRAIG MORRELL,4.97,3,2,2,1,Mike Hillyer,1,0.3333,2005-08-17,3
4.28,3.52,3787,1.7,0.33,Nha Trang,6.0,4,Vietnam,520,MITCHELL WESTMORELAND,5.98,2,2,2,2,Jon Stephens,2,0.0,2005-07-29,2
4.28,3.52,3788,1.7,0.27,Fontana,7.5,11,United States,51,ALICE STEWART,5.98,2,1,1,1,Mike Hillyer,1,0.5,2005-07-29,2
4.28,3.53,3786,1.7,0.43,Fontana,4.62,10,United States,51,ALICE STEWART,5.98,2,1,1,1,Mike Hillyer,1,0.0,2005-08-18,2
4.28,7.13,3789,0.7,0.2,Linz,10.0,3,Austria,159,JILL HAWKINS,4.98,2,1,1,2,Jon Stephens,2,0.5,2005-07-30,2
4.28,7.13,3790,0.7,0.2,Botosani,10.0,2,Romania,230,JOY GEORGE,4.98,2,1,1,1,Mike Hillyer,1,0.5,2005-07-08,2
4.29,3.53,3760,1.7,0.3,Chapra,3.33,16,India,509,RAUL FORTIER,5.99,1,1,1,2,Jon Stephens,2,1.0,2005-08-22,1
4.29,7.14,3779,0.7,0.13,Mwene-Ditu,7.5,1,"Congo, The Democratic Republic of the",375,AARON SELBY,4.99,1,1,1,2,Jon Stephens,2,0.0,2005-07-07,1
4.29,7.14,3780,0.7,0.13,Sagamihara,7.5,12,Japan,11,LISA ANDERSON,4.99,1,1,1,1,Mike Hillyer,1,1.0,2005-07-27,1
4.29,7.14,3781,0.7,0.13,Bhavnagar,7.5,17,India,379,CARLOS COUGHLIN,4.99,1,1,1,2,Jon Stephens,2,0.0,2005-07-27,1
4.29,7.14,3781,0.7,0.13,Haining,7.5,11,China,552,HUGH WALDROP,4.99,1,1,1,2,Jon Stephens,2,1.0,2005-07-11,1
4.29,7.14,3781,0.7,0.13,Okayama,7.5,9,Japan,489,RICARDO MEADOR,4.99,1,1,1,1,Mike Hillyer,1,0.0,2005-08-17,1
4.29,7.14,3781,0.7,0.13,Sanaa,7.5,2,Yemen,303,WILLIAM SATTERFIELD,4.99,1,1,1,1,Mike Hillyer,1,0.0,2005-07-09,1
4.29,7.14,3785,0.7,0.1,Deba Habe,10.0,6,Nigeria,409,RODNEY MOELLER,4.99,1,1,1,2,Jon Stephens,2,0.0,2005-07-08,1
4.29,7.15,3763,0.7,0.23,Baha Blanca,4.29,5,Argentina,322,JASON MORRISSEY,4.99,1,1,1,1,Mike Hillyer,1,0.0,2005-07-27,1
4.29,7.15,3763,0.7,0.23,Fukuyama,4.29,6,Japan,141,DEBBIE REYES,4.99,1,1,1,1,Mike Hillyer,1,0.0,2005-07-29,1
4.29,7.15,3763,0.7,0.23,Toulouse,4.29,2,France,35,VIRGINIA GREEN,4.99,1,1,1,2,Jon Stephens,2,1.0,2005-07-07,1
4.29,7.15,3766,0.7,0.2,Tabuk,5.0,3,Saudi Arabia,312,MARK RINEHART,4.99,1,1,1,1,Mike Hillyer,1,0.0,2005-07-28,1
4.29,7.15,3767,0.7,0.2,Maring,5.0,7,Brazil,246,MARIAN MENDOZA,4.99,1,1,1,2,Jon Stephens,2,0.0,2005-07-08,1
4.29,7.15,3767,0.7,0.2,Uluberia,5.0,19,India,446,THEODORE CULP,4.99,1,1,1,2,Jon Stephens,2,1.0,2005-07-07,1
4.29,7.15,3769,0.7,0.2,Coquimbo,5.0,1,Chile,515,ANDRE RAPP,4.99,1,1,1,1,Mike Hillyer,1,0.0,2005-07-29,1
4.29,7.15,3769,0.7,0.2,Vinh,5.0,2,Vietnam,523,HARVEY GUAJARDO,4.99,1,1,1,1,Mike Hillyer,1,1.0,2005-08-17,1
4.29,7.15,3771,0.7,0.17,Amersfoort,6.0,1,Netherlands,415,GLENN PULLEN,4.99,1,1,1,1,Mike Hillyer,1,0.0,2005-07-27,1
4.29,7.15,3771,0.7,0.17,Novi Sad,6.0,1,Yugoslavia,553,MAX PITT,4.99,1,1,1,1,Mike Hillyer,1,1.0,2005-08-22,1
4.29,7.15,3771,0.7,0.17,Salzburg,6.0,2,Austria,266,NORA HERRERA,4.99,1,1,1,2,Jon Stephens,2,1.0,2005-08-01,1
4.29,7.15,3774,0.7,0.17,Bamenda,6.0,1,Cameroon,352,ALBERT CROUSE,4.99,1,1,1,2,Jon Stephens,2,0.0,2005-07-07,1
4.29,7.15,3774,0.7,0.17,Higashiosaka,6.0,9,Japan,264,GWENDOLYN MAY,4.99,1,1,1,1,Mike Hillyer,1,0.0,2005-07-07,1
4.29,7.15,3774,0.7,0.17,Vaduz,6.0,1,Liechtenstein,57,EVELYN MORGAN,4.99,1,1,1,1,Mike Hillyer,1,0.0,2005-07-06,1
4.29,7.15,3777,0.7,0.17,Sungai Petani,6.0,1,Malaysia,306,CHARLES KOWALSKI,4.99,1,1,1,1,Mike Hillyer,1,0.0,2005-07-26,1
4.29,7.15,3778,0.7,0.17,Aurora,6.0,13,United States,537,CLINTON BUFORD,4.99,1,1,1,2,Jon Stephens,2,0.0,2005-08-19,1
4.29,7.16,3761,0.7,0.3,Stara Zagora,3.33,1,Bulgaria,215,JESSIE BANKS,4.99,1,1,1,2,Jon Stephens,2,1.0,2005-08-22,1
4.29,7.16,3762,0.7,0.27,Kurashiki,3.75,9,Japan,34,REBECCA SCOTT,4.99,1,1,1,2,Jon Stephens,2,0.0,2005-08-17,1
4.32,3.6,3756,1.66,0.43,La Plata,4.62,4,Argentina,89,JULIA FLORES,5.98,2,2,2,1,Mike Hillyer,1,0.0,2005-08-18,2
4.32,3.6,3757,1.66,0.43,Ciomas,4.62,4,Indonesia,239,MINNIE ROMERO,5.98,2,2,2,1,Mike Hillyer,1,0.5,2005-08-02,2
4.32,3.6,3758,1.66,0.37,Pontianak,5.45,4,Indonesia,506,LESLIE SEWARD,5.98,2,2,2,2,Jon Stephens,2,1.0,2005-08-02,2
4.32,3.6,3759,1.66,0.37,Kirovo-Tepetsk,5.45,8,Russian Federation,179,DANA HART,5.98,2,2,2,1,Mike Hillyer,1,0.0,2005-08-19,2
4.32,7.5,3745,0.67,0.13,Boksburg,7.5,3,South Africa,125,ETHEL WEBB,4.99,1,1,1,1,Mike Hillyer,1,1.0,2005-07-06,1
4.32,7.5,3745,0.67,0.13,Denizli,7.5,1,Turkey,483,VERNON CHAPA,4.99,1,1,1,1,Mike Hillyer,1,0.0,2005-07-10,1
4.32,7.5,3745,0.67,0.13,Faaa,7.5,1,French Polynesia,43,CHRISTINE ROBERTS,4.99,1,1,1,1,Mike Hillyer,1,1.0,2005-08-17,1
4.32,7.5,3745,0.67,0.13,Hagonoy,7.5,7,Philippines,255,IRMA PEARSON,4.99,1,1,1,2,Jon Stephens,2,0.0,2005-08-17,1
4.32,7.5,3745,0.67,0.13,Iwaki,7.5,5,Japan,240,MARLENE WELCH,4.99,1,1,1,2,Jon Stephens,2,1.0,2005-07-09,1
4.32,7.5,3745,0.67,0.13,Iwakuni,7.5,7,Japan,54,TERESA ROGERS,4.99,1,1,1,2,Jon Stephens,2,0.0,2005-07-08,1
4.32,7.5,3745,0.67,0.13,Tsuyama,7.5,11,Japan,429,FREDERICK ISBELL,4.99,1,1,1,2,Jon Stephens,2,0.0,2005-07-10,1
4.32,7.5,3745,0.67,0.13,Udaipur,7.5,19,India,170,BEATRICE ARNOLD,4.99,1,1,1,2,Jon Stephens,2,0.0,2005-07-07,1
4.32,7.5,3753,0.67,0.13,Bhopal,7.5,17,India,15,HELEN HARRIS,4.99,1,1,1,1,Mike Hillyer,1,0.0,2005-07-27,1
4.32,7.5,3754,0.67,0.13,Duisburg,7.5,1,Germany,114,GRACE ELLIS,4.99,1,1,1,1,Mike Hillyer,1,0.0,2005-07-05,1
4.32,7.5,3755,0.67,0.13,Ipoh,7.5,3,Malaysia,171,DOLORES WAGNER,4.99,1,1,1,1,Mike Hillyer,1,1.0,2005-08-18,1
4.33,7.5,3740,0.67,0.17,Sunnyvale,6.0,13,United States,214,KRISTIN JOHNSTON,4.99,1,1,1,2,Jon Stephens,2,0.0,2005-07-27,1
4.33,7.5,3741,0.67,0.17,Mardan,6.0,2,Pakistan,20,SHARON ROBINSON,4.99,1,1,1,2,Jon Stephens,2,0.0,2005-07-27,1
4.33,7.5,3742,0.67,0.17,Anpolis,6.0,8,Brazil,229,TAMARA NGUYEN,4.99,1,1,1,1,Mike Hillyer,1,1.0,2005-08-17,1
4.33,7.5,3743,0.67,0.17,El Alto,6.0,1,Bolivia,455,JON WILES,4.99,1,1,1,1,Mike Hillyer,1,1.0,2005-08-17,1
4.33,7.5,3743,0.67,0.17,Nantou,6.0,3,Taiwan,5,ELIZABETH BROWN,4.99,1,1,1,2,Jon Stephens,2,0.0,2005-07-06,1
4.33,7.51,3727,0.66,0.23,Johannesburg,4.29,4,South Africa,471,DEAN SAUER,4.99,1,1,1,1,Mike Hillyer,1,0.0,2005-08-18,1
4.33,7.51,3728,0.66,0.23,Oyo,4.29,7,Nigeria,250,JO FOWLER,4.99,1,1,1,2,Jon Stephens,2,1.0,2005-08-01,1
4.33,7.51,3729,0.66,0.23,Teboksary,4.29,6,Russian Federation,350,JUAN FRALEY,4.99,1,1,1,2,Jon Stephens,2,0.0,2005-07-27,1
4.33,7.51,3730,0.66,0.2,Emeishan,5.0,15,China,389,ALAN KAHN,4.99,1,1,1,1,Mike Hillyer,1,0.0,2005-07-27,1
4.33,7.51,3730,0.66,0.2,Ezeiza,5.0,3,Argentina,530,DARRYL ASHCRAFT,4.99,1,1,1,2,Jon Stephens,2,0.0,2005-07-28,1
4.33,7.51,3730,0.66,0.2,Manchester,5.0,8,United States,382,VICTOR BARKLEY,4.99,1,1,1,2,Jon Stephens,2,0.0,2005-07-07,1
4.33,7.51,3730,0.66,0.2,Springs,5.0,4,South Africa,83,LOUISE JENKINS,4.99,1,1,1,1,Mike Hillyer,1,0.0,2005-08-18,1
4.33,7.51,3730,0.66,0.2,Ziguinchor,5.0,1,Senegal,456,RONNIE RICKETTS,4.99,1,1,1,1,Mike Hillyer,1,0.0,2005-07-29,1
4.33,7.51,3735,0.66,0.2,Okinawa,5.0,7,Japan,365,BRUCE SCHWARZ,4.99,1,1,1,1,Mike Hillyer,1,0.0,2005-07-12,1
4.33,7.51,3735,0.66,0.2,Parbhani,5.0,15,India,300,JOHN FARNSWORTH,4.99,1,1,1,2,Jon Stephens,2,0.0,2005-07-11,1
4.33,7.51,3735,0.66,0.2,Tarlac,5.0,7,Philippines,548,ALLAN CORNISH,4.99,1,1,1,2,Jon Stephens,2,0.0,2005-07-09,1
4.33,7.51,3738,0.66,0.2,Augusta-Richmond County,5.0,14,United States,96,DIANA ALEXANDER,4.99,1,1,1,2,Jon Stephens,2,0.0,2005-07-28,1
4.33,7.51,3738,0.66,0.2,Crdoba,5.0,7,Argentina,24,KIMBERLY LEE,4.99,1,1,1,1,Mike Hillyer,1,0.0,2005-07-30,1
4.33,7.52,3725,0.66,0.3,London,3.33,4,United Kingdom,252,MATTIE HOFFMAN,4.99,1,1,1,1,Mike Hillyer,1,0.0,2005-08-19,1
4.33,7.52,3726,0.66,0.27,Barcelona,3.75,4,Venezuela,568,ALBERTO HENNING,4.99,1,1,1,1,Mike Hillyer,1,0.0,2005-08-20,1
4.35,3.67,3719,1.63,0.43,Taguig,4.62,7,Philippines,72,THERESA WATSON,5.98,2,2,2,2,Jon Stephens,2,0.0,2005-08-19,2
4.35,3.67,3720,1.63,0.4,Ife,5.0,7,Nigeria,80,MARILYN ROSS,5.98,2,2,2,2,Jon Stephens,2,0.0,2005-08-20,2
4.35,3.67,3721,1.63,0.4,Fuyu,5.0,17,China,211,STACEY MONTGOMERY,5.98,2,2,2,1,Mike Hillyer,1,0.0,2005-08-20,2
4.35,3.67,3722,1.63,0.33,Augusta-Richmond County,6.0,14,United States,96,DIANA ALEXANDER,5.98,2,1,1,1,Mike Hillyer,1,0.5,2005-08-20,2
4.35,3.67,3723,1.63,0.3,Sultanbeyli,6.67,5,Turkey,493,BRENT HARKINS,5.98,2,2,2,1,Mike Hillyer,1,0.0,2005-08-22,2
4.35,7.89,3724,0.63,0.23,Tsaotun,8.57,5,Taiwan,586,KIRK STCLAIR,4.98,2,2,2,2,Jon Stephens,2,0.5,2005-08-21,2
4.36,3.67,3692,1.63,0.33,Baiyin,3.0,11,China,495,CHARLIE BESS,5.99,1,1,1,1,Mike Hillyer,1,1.0,2005-08-18,1
4.36,3.67,3692,1.63,0.33,Ife,3.0,4,Nigeria,80,MARILYN ROSS,5.99,1,1,1,1,Mike Hillyer,1,1.0,2005-07-29,1
4.36,3.67,3694,1.63,0.33,Osmaniye,3.0,4,Turkey,13,KAREN JACKSON,5.99,1,1,1,2,Jon Stephens,2,1.0,2005-08-17,1
4.36,7.89,3718,0.63,0.1,Kanazawa,10.0,5,Japan,547,KURT EMMONS,4.99,1,1,1,2,Jon Stephens,2,0.0,2005-07-09,1
4.36,7.9,3696,0.63,0.2,Ranchi,5.0,20,India,358,SAMUEL MARLOW,4.99,1,1,1,2,Jon Stephens,2,1.0,2005-08-17,1
4.36,7.9,3697,0.63,0.2,Amroha,5.0,14,India,534,CHRISTIAN JUNG,4.99,1,1,1,2,Jon Stephens,2,0.0,2005-07-09,1
4.36,7.9,3697,0.63,0.2,Jaffna,5.0,1,Sri Lanka,408,MANUEL MURRELL,4.99,1,1,1,2,Jon Stephens,2,1.0,2005-07-28,1
4.36,7.9,3697,0.63,0.2,Tallahassee,5.0,16,United States,248,CAROLINE BOWMAN,4.99,1,1,1,2,Jon Stephens,2,0.0,2005-08-01,1
4.36,7.9,3697,0.63,0.2,Ueda,5.0,9,Japan,503,ANGEL BARCLAY,4.99,1,1,1,1,Mike Hillyer,1,0.0,2005-08-17,1
4.36,7.9,3701,0.63,0.2,Dhule (Dhulia),5.0,17,India,440,BERNARD COLBY,4.99,1,1,1,2,Jon Stephens,2,0.0,2005-07-27,1
4.36,7.9,3702,0.63,0.2,Kaduna,5.0,6,Nigeria,18,CAROL GARCIA,4.99,1,1,1,1,Mike Hillyer,1,0.0,2005-07-29,1
4.36,7.9,3703,0.63,0.17,Balaiha,6.0,12,Russian Federation,55,DORIS REED,4.99,1,1,1,1,Mike Hillyer,1,1.0,2005-07-08,1
4.36,7.9,3703,0.63,0.17,Ocumare del Tuy,6.0,5,Venezuela,174,YVONNE WATKINS,4.99,1,1,1,2,Jon Stephens,2,0.0,2005-07-09,1
4.36,7.9,3703,0.63,0.17,s-Hertogenbosch,6.0,1,Netherlands,184,VIVIAN RUIZ,4.99,1,1,1,2,Jon Stephens,2,0.0,2005-07-27,1
4.36,7.9,3706,0.63,0.17,Bhusawal,6.0,11,India,202,CARLA GUTIERREZ,4.99,1,1,1,2,Jon Stephens,2,0.0,2005-07-08,1
4.36,7.9,3706,0.63,0.17,Jastrzebie-Zdrj,6.0,2,Poland,128,MARJORIE TUCKER,4.99,1,1,1,1,Mike Hillyer,1,0.0,2005-07-10,1
4.36,7.9,3706,0.63,0.17,Kurashiki,6.0,5,Japan,34,REBECCA SCOTT,4.99,1,1,1,1,Mike Hillyer,1,0.0,2005-07-09,1
4.36,7.9,3706,0.63,0.17,Nagareyama,6.0,13,Japan,53,HEATHER MORRIS,4.99,1,1,1,1,Mike Hillyer,1,0.0,2005-07-30,1
4.36,7.9,3706,0.63,0.17,Ruse,6.0,2,Bulgaria,540,TYRONE ASHER,4.99,1,1,1,2,Jon Stephens,2,0.0,2005-07-08,1
4.36,7.9,3706,0.63,0.17,Zalantun,6.0,15,China,93,PHYLLIS FOSTER,4.99,1,1,1,1,Mike Hillyer,1,0.0,2005-07-12,1
4.36,7.9,3712,0.63,0.17,Callao,6.0,3,Peru,304,DAVID ROYAL,4.99,1,1,1,2,Jon Stephens,2,1.0,2005-08-17,1
4.36,7.9,3713,0.63,0.13,Arecibo,7.5,2,Puerto Rico,360,RALPH MADRIGAL,4.99,1,1,1,1,Mike Hillyer,1,0.0,2005-07-07,1
4.36,7.9,3713,0.63,0.13,Arlington,7.5,8,United States,305,RICHARD MCCRARY,4.99,1,1,1,2,Jon Stephens,2,0.0,2005-07-07,1
4.36,7.9,3713,0.63,0.13,Baicheng,7.5,13,China,538,TED BREAUX,4.99,1,1,1,2,Jon Stephens,2,0.0,2005-07-06,1
4.36,7.9,3713,0.63,0.13,Yinchuan,7.5,14,China,484,ROBERTO VU,4.99,1,1,1,1,Mike Hillyer,1,0.0,2005-07-07,1
4.36,7.9,3717,0.63,0.13,Clarksville,7.5,13,United States,140,EVA RAMOS,4.99,1,1,1,1,Mike Hillyer,1,0.0,2005-07-27,1
4.36,7.91,3695,0.63,0.23,Monclova,4.29,9,Mexico,570,IVAN CROMWELL,4.99,1,1,1,2,Jon Stephens,2,0.0,2005-07-29,1
4.37,8.3,3691,0.6,0.13,Enshi,22.5,19,China,110,TIFFANY JORDAN,4.97,3,2,2,1,Mike Hillyer,1,0.0,2005-07-27,3
4.38,3.75,3686,1.6,0.37,Avellaneda,5.45,5,Argentina,560,JORDAN ARCHULETA,5.98,2,2,2,1,Mike Hillyer,1,0.5,2005-07-30,2
4.38,3.75,3687,1.6,0.37,Po,5.45,13,Brazil,126,ELLEN SIMPSON,5.98,2,1,1,2,Jon Stephens,2,0.0,2005-08-21,2
4.38,3.75,3688,1.6,0.33,Palghat (Palakkad),6.0,22,India,268,NINA SOTO,5.98,2,2,2,1,Mike Hillyer,1,1.0,2005-07-31,2
4.38,8.32,3689,0.6,0.17,Valle de Santiago,12.0,12,Mexico,288,BOBBIE CRAIG,4.98,2,2,2,1,Mike Hillyer,1,0.5,2005-08-17,2
4.38,8.32,3690,0.6,0.17,Patras,12.0,1,Greece,596,ENRIQUE FORSYTHE,4.98,2,2,2,1,Mike Hillyer,1,0.5,2005-08-17,2
4.39,3.75,3660,1.6,0.33,Blumenau,3.0,7,Brazil,206,TERRI VASQUEZ,5.99,1,1,1,1,Mike Hillyer,1,1.0,2005-07-28,1
4.39,3.75,3661,1.6,0.33,Cam Ranh,3.0,2,Vietnam,532,NEIL RENNER,5.99,1,1,1,2,Jon Stephens,2,1.0,2005-08-18,1
4.39,3.75,3661,1.6,0.33,Gorontalo,3.0,9,Indonesia,203,TARA RYAN,5.99,1,1,1,2,Jon Stephens,2,1.0,2005-08-21,1
4.39,3.75,3661,1.6,0.33,Naju,3.0,2,South Korea,237,TANYA GILBERT,5.99,1,1,1,1,Mike Hillyer,1,1.0,2005-07-30,1
4.39,3.75,3664,1.6,0.3,Mysore,3.33,19,India,59,CHERYL MURPHY,5.99,1,1,1,1,Mike Hillyer,1,1.0,2005-08-21,1
4.39,8.33,3680,0.6,0.1,Halle/Saale,10.0,4,Germany,251,VICKIE BREWER,4.99,1,1,1,1,Mike Hillyer,1,1.0,2005-07-06,1
4.39,8.33,3681,0.6,0.1,Aparecida de Goinia,10.0,10,Brazil,216,NATALIE MEYER,4.99,1,1,1,1,Mike Hillyer,1,0.0,2005-07-28,1
4.39,8.33,3681,0.6,0.1,Bhavnagar,10.0,16,India,379,CARLOS COUGHLIN,4.99,1,1,1,1,Mike Hillyer,1,0.0,2005-07-06,1
4.39,8.33,3681,0.6,0.1,Cayenne,10.0,1,French Guiana,65,ROSE HOWARD,4.99,1,1,1,1,Mike Hillyer,1,0.0,2005-07-07,1
4.39,8.33,3681,0.6,0.1,Rae Bareli,10.0,16,India,78,LORI WOOD,4.99,1,1,1,1,Mike Hillyer,1,1.0,2005-07-06,1
4.39,8.33,3685,0.6,0.1,Juazeiro do Norte,10.0,8,Brazil,47,FRANCES PARKER,4.99,1,1,1,1,Mike Hillyer,1,0.0,2005-07-06,1
4.39,8.34,3666,0.6,0.2,Southport,5.0,4,United Kingdom,556,ARMANDO GRUBER,4.99,1,1,1,2,Jon Stephens,2,0.0,2005-07-31,1
4.39,8.34,3667,0.6,0.2,Jaipur,5.0,26,India,60,MILDRED BAILEY,4.99,1,1,1,1,Mike Hillyer,1,0.0,2005-07-30,1
4.39,8.34,3667,0.6,0.2,Naju,5.0,3,South Korea,237,TANYA GILBERT,4.99,1,1,1,2,Jon Stephens,2,1.0,2005-07-11,1
4.39,8.34,3667,0.6,0.2,Tete,5.0,2,Mozambique,97,ANNIE RUSSELL,4.99,1,1,1,2,Jon Stephens,2,0.0,2005-07-07,1
4.39,8.34,3670,0.6,0.2,Taguig,5.0,5,Philippines,72,THERESA WATSON,4.99,1,1,1,2,Jon Stephens,2,0.0,2005-07-29,1
4.39,8.34,3671,0.6,0.17,Sokoto,6.0,3,Nigeria,562,WALLACE SLONE,4.99,1,1,1,2,Jon Stephens,2,0.0,2005-08-17,1
4.39,8.34,3672,0.6,0.17,San Felipe de Puerto Plata,6.0,1,Dominican Republic,418,JEFF EAST,4.99,1,1,1,1,Mike Hillyer,1,1.0,2005-07-27,1
4.39,8.34,3672,0.6,0.17,Santa Rosa,6.0,6,Philippines,522,ARNOLD HAVENS,4.99,1,1,1,2,Jon Stephens,2,0.0,2005-07-07,1
4.39,8.34,3672,0.6,0.17,Tete,6.0,2,Mozambique,97,ANNIE RUSSELL,4.99,1,1,1,2,Jon Stephens,2,1.0,2005-08-21,1
4.39,8.34,3675,0.6,0.17,Patiala,6.0,11,India,296,RAMONA HALE,4.99,1,1,1,1,Mike Hillyer,1,0.0,2005-07-08,1
4.39,8.34,3676,0.6,0.13,Hsichuh,7.5,3,Taiwan,348,ROGER QUINTANILLA,4.99,1,1,1,2,Jon Stephens,2,1.0,2005-07-06,1
4.39,8.34,3676,0.6,0.13,Mandi Bahauddin,7.5,1,Pakistan,223,MELINDA FERNANDEZ,4.99,1,1,1,1,Mike Hillyer,1,0.0,2005-07-08,1
4.39,8.34,3676,0.6,0.13,Qalyub,7.5,4,Egypt,134,EMMA BOYD,4.99,1,1,1,1,Mike Hillyer,1,1.0,2005-07-09,1
4.39,8.34,3676,0.6,0.13,Xintai,7.5,16,China,564,BOB PFEIFFER,4.99,1,1,1,2,Jon Stephens,2,1.0,2005-07-29,1
4.39,8.35,3665,0.6,0.23,Suihua,4.29,12,China,511,CHESTER BENNER,4.99,1,1,1,1,Mike Hillyer,1,0.0,2005-07-28,1
4.41,3.82,3659,1.56,0.37,Zalantun,8.18,19,China,93,PHYLLIS FOSTER,5.97,3,2,2,2,Jon Stephens,2,0.3333,2005-08-23,3
4.41,8.81,3658,0.57,0.13,Tuguegarao,15.0,9,Philippines,261,DEANNA BYRD,4.98,2,2,2,2,Jon Stephens,2,1.0,2005-08-17,2
4.42,3.83,3653,1.56,0.43,Chisinau,4.62,1,Moldova,38,MARTHA GONZALEZ,5.98,2,2,2,2,Jon Stephens,2,0.0,2005-08-17,2
4.42,3.83,3654,1.56,0.37,Akishima,5.45,10,Japan,574,JULIAN VEST,5.98,2,1,1,2,Jon Stephens,2,0.5,2005-08-22,2
4.42,3.83,3654,1.56,0.37,Amroha,5.45,21,India,534,CHRISTIAN JUNG,5.98,2,1,1,2,Jon Stephens,2,0.0,2005-08-19,2
4.42,3.83,3654,1.56,0.37,Bergamo,5.45,2,Italy,439,ALEXANDER FENNELL,5.98,2,2,2,2,Jon Stephens,2,0.5,2005-07-12,2
4.42,3.83,3657,1.56,0.33,San Felipe del Progreso,6.0,6,Mexico,319,RONALD WEINER,5.98,2,1,1,2,Jon Stephens,2,0.0,2005-07-30,2
4.42,8.82,3648,0.57,0.1,Enshi,10.0,9,China,110,TIFFANY JORDAN,4.99,1,1,1,2,Jon Stephens,2,0.0,2005-07-08,1
4.42,8.82,3648,0.57,0.1,Pingxiang,10.0,9,China,169,ERICA MATTHEWS,4.99,1,1,1,1,Mike Hillyer,1,0.0,2005-07-08,1
4.42,8.82,3650,0.57,0.1,Lapu-Lapu,10.0,8,Philippines,244,VIOLA HANSON,4.99,1,1,1,1,Mike Hillyer,1,1.0,2005-07-08,1
4.42,8.82,3650,0.57,0.1,Tarsus,10.0,6,Turkey,164,JOANN GARDNER,4.99,1,1,1,2,Jon Stephens,2,1.0,2005-07-08,1
4.42,8.82,3652,0.57,0.07,Emmen,15.0,2,Netherlands,474,DUSTIN GILLETTE,4.99,1,1,1,2,Jon Stephens,2,1.0,2005-07-06,1
4.42,8.83,3643,0.57,0.13,Maracabo,7.5,3,Venezuela,453,CALVIN MARTEL,4.99,1,1,1,1,Mike Hillyer,1,1.0,2005-08-17,1
4.42,8.83,3644,0.57,0.13,La Romana,7.5,3,Dominican Republic,437,RANDALL NEUMANN,4.99,1,1,1,2,Jon Stephens,2,0.0,2005-07-08,1
4.42,8.83,3644,0.57,0.13,Matsue,7.5,5,Japan,355,TERRY GRISSOM,4.99,1,1,1,1,Mike Hillyer,1,0.0,2005-07-09,1
4.42,8.83,3644,0.57,0.13,Ziguinchor,7.5,1,Senegal,456,RONNIE RICKETTS,4.99,1,1,1,1,Mike Hillyer,1,0.0,2005-08-18,1
4.42,8.83,3647,0.57,0.13,Acua,7.5,7,Mexico,486,GLEN TALBERT,4.99,1,1,1,1,Mike Hillyer,1,0.0,2005-07-06,1
4.43,3.83,3630,1.56,0.33,Chapra,3.0,15,India,509,RAUL FORTIER,5.99,1,1,1,2,Jon Stephens,2,1.0,2005-08-02,1
4.43,3.83,3631,1.56,0.33,Coquimbo,3.0,2,Chile,515,ANDRE RAPP,5.99,1,1,1,1,Mike Hillyer,1,1.0,2005-08-19,1
4.43,3.83,3632,1.56,0.3,Syrakusa,3.33,2,Italy,221,BESSIE MORRISON,5.99,1,1,1,2,Jon Stephens,2,1.0,2005-07-10,1
4.43,8.83,3637,0.57,0.17,Mahajanga,6.0,1,Madagascar,81,ANDREA HENDERSON,4.99,1,1,1,2,Jon Stephens,2,0.0,2005-08-18,1
4.43,8.83,3638,0.57,0.17,Tabriz,6.0,4,Iran,279,DIANNE SHELTON,4.99,1,1,1,1,Mike Hillyer,1,0.0,2005-07-08,1
4.43,8.83,3639,0.57,0.17,Junan,6.0,11,China,435,RICKY SHELBY,4.99,1,1,1,2,Jon Stephens,2,0.0,2005-07-11,1
4.43,8.83,3639,0.57,0.17,Ljubertsy,6.0,12,Russian Federation,160,ERIN DUNN,4.99,1,1,1,1,Mike Hillyer,1,0.0,2005-07-28,1
4.43,8.83,3639,0.57,0.17,Sullana,6.0,1,Peru,597,FREDDIE DUGGAN,4.99,1,1,1,2,Jon Stephens,2,0.0,2005-07-30,1
4.43,8.83,3639,0.57,0.17,Taguig,6.0,8,Philippines,72,THERESA WATSON,4.99,1,1,1,1,Mike Hillyer,1,1.0,2005-07-10,1
4.43,8.84,3633,0.56,0.23,Witten,4.29,3,Germany,201,VICKI FIELDS,4.99,1,1,1,2,Jon Stephens,2,0.0,2005-08-19,1
4.43,8.84,3634,0.56,0.23,Torren,4.29,11,Mexico,133,PAULINE HENRY,4.99,1,1,1,1,Mike Hillyer,1,0.0,2005-08-18,1
4.43,8.84,3635,0.56,0.2,Patras,5.0,1,Greece,596,ENRIQUE FORSYTHE,4.99,1,1,1,2,Jon Stephens,2,0.0,2005-07-12,1
4.43,8.84,3636,0.56,0.2,Laohekou,5.0,27,China,422,MELVIN ELLINGTON,4.99,1,1,1,2,Jon Stephens,2,0.0,2005-07-31,1
4.44,9.35,3629,0.53,0.2,Korla,15.0,28,China,283,FELICIA SUTTON,4.97,3,2,2,2,Jon Stephens,2,0.3333,2005-08-17,3
4.45,3.91,3621,1.53,0.43,Shikarpur,4.62,3,Pakistan,25,DEBORAH WALKER,5.98,2,2,2,1,Mike Hillyer,1,0.0,2005-08-02,2
4.45,3.91,3622,1.53,0.4,Baha Blanca,5.0,6,Argentina,322,JASON MORRISSEY,5.98,2,1,1,2,Jon Stephens,2,0.0,2005-08-02,2
4.45,3.91,3623,1.53,0.33,Atlixco,6.0,6,Mexico,84,SARA PERRY,5.98,2,1,1,2,Jon Stephens,2,0.5,2005-08-17,2
4.45,3.91,3624,1.53,0.3,Santa Brbara dOeste,6.67,9,Brazil,178,MARION SNYDER,5.98,2,2,2,2,Jon Stephens,2,0.0,2005-07-28,2
4.45,3.91,3625,1.53,0.3,Ede,6.67,1,Netherlands,341,PETER MENARD,5.98,2,1,1,2,Jon Stephens,2,0.0,2005-07-10,2
4.45,3.91,3626,1.53,0.27,Mit Ghamr,7.5,2,Egypt,491,RICK MATTOX,5.98,2,1,1,1,Mike Hillyer,1,0.0,2005-08-17,2
4.45,9.36,3628,0.53,0.1,al-Ayn,20.0,2,United Arab Emirates,98,LILLIAN GRIFFIN,4.98,2,2,2,1,Mike Hillyer,1,0.5,2005-07-27,2
4.45,9.37,3627,0.53,0.17,A Corua (La Corua),12.0,2,Spain,52,JULIE SANCHEZ,4.98,2,2,2,2,Jon Stephens,2,0.5,2005-07-09,2
4.46,3.91,3605,1.53,0.3,Kragujevac,3.33,1,Yugoslavia,7,MARIA MILLER,5.99,1,1,1,2,Jon Stephens,2,1.0,2005-07-29,1
4.46,3.91,3608,1.53,0.23,Mexicali,4.29,4,Mexico,343,DOUGLAS GRAF,5.99,1,1,1,2,Jon Stephens,2,1.0,2005-07-30,1
4.46,3.92,3604,1.53,0.33,Sagamihara,3.0,7,Japan,11,LISA ANDERSON,5.99,1,1,1,2,Jon Stephens,2,1.0,2005-08-17,1
4.46,9.37,3617,0.53,0.1,Nukualofa,10.0,1,Tonga,344,HENRY BILLINGSLEY,4.99,1,1,1,2,Jon Stephens,2,0.0,2005-07-27,1
4.46,9.37,3618,0.53,0.1,Chandrapur,10.0,16,India,167,SALLY PIERCE,4.99,1,1,1,2,Jon Stephens,2,1.0,2005-07-06,1
4.46,9.37,3618,0.53,0.1,Ife,10.0,6,Nigeria,80,MARILYN ROSS,4.99,1,1,1,2,Jon Stephens,2,0.0,2005-07-06,1
4.46,9.37,3618,0.53,0.1,Nagaon,10.0,14,India,152,ALICIA MILLS,4.99,1,1,1,1,Mike Hillyer,1,0.0,2005-07-09,1
4.46,9.38,3612,0.53,0.13,Boa Vista,7.5,10,Brazil,342,HAROLD MARTINO,4.99,1,1,1,2,Jon Stephens,2,0.0,2005-07-11,1
4.46,9.38,3612,0.53,0.13,Lausanne,7.5,1,Switzerland,598,WADE DELVALLE,4.99,1,1,1,1,Mike Hillyer,1,0.0,2005-07-07,1
4.46,9.38,3612,0.53,0.13,Purwakarta,7.5,5,Indonesia,524,JARED ELY,4.99,1,1,1,2,Jon Stephens,2,1.0,2005-07-09,1
4.46,9.38,3612,0.53,0.13,Satna,7.5,11,India,356,GERALD FULTZ,4.99,1,1,1,2,Jon Stephens,2,0.0,2005-07-08,1
4.46,9.38,3612,0.53,0.13,Siegen,7.5,2,Germany,195,VANESSA SIMS,4.99,1,1,1,2,Jon Stephens,2,0.0,2005-07-11,1
4.46,9.39,3609,0.53,0.17,Tonghae,6.0,4,South Korea,536,FERNANDO CHURCHILL,4.99,1,1,1,1,Mike Hillyer,1,0.0,2005-07-27,1
4.46,9.39,3610,0.53,0.17,Pak Kret,6.0,1,Thailand,42,CAROLYN PEREZ,4.99,1,1,1,2,Jon Stephens,2,0.0,2005-07-09,1
4.46,9.39,3610,0.53,0.17,Sharja,6.0,2,United Arab Emirates,292,MISTY LAMBERT,4.99,1,1,1,1,Mike Hillyer,1,0.0,2005-07-07,1
4.46,9.4,3606,0.53,0.27,Gingoog,3.75,8,Philippines,461,DEREK BLAKELY,4.99,1,1,1,2,Jon Stephens,2,0.0,2005-07-30,1
4.46,9.4,3607,0.53,0.23,Araatuba,4.29,9,Brazil,77,JANE BENNETT,4.99,1,1,1,2,Jon Stephens,2,0.0,2005-08-01,1
4.48,3.99,3602,1.5,0.3,Elista,6.67,5,Russian Federation,17,DONNA THOMPSON,5.98,2,2,2,1,Mike Hillyer,1,0.0,2005-08-21,2
4.48,3.99,3603,1.5,0.27,Nha Trang,7.5,1,Vietnam,520,MITCHELL WESTMORELAND,5.98,2,1,1,1,Mike Hillyer,1,0.5,2005-07-28,2
4.48,4.0,3601,1.5,0.37,Goinia,5.45,11,Brazil,92,TINA SIMMONS,5.98,2,2,2,2,Jon Stephens,2,0.0,2005-08-22,2
4.49,10.0,3596,0.5,0.1,Mwene-Ditu,10.0,1,"Congo, The Democratic Republic of the",375,AARON SELBY,4.99,1,1,1,1,Mike Hillyer,1,0.0,2005-07-28,1
4.49,10.0,3597,0.5,0.1,Carmen,10.0,10,Mexico,578,WILLARD LUMPKIN,4.99,1,1,1,2,Jon Stephens,2,0.0,2005-07-08,1
4.49,10.0,3597,0.5,0.1,Denizli,10.0,6,Turkey,483,VERNON CHAPA,4.99,1,1,1,2,Jon Stephens,2,1.0,2005-07-06,1
4.49,10.0,3597,0.5,0.1,Iwaki,10.0,9,Japan,240,MARLENE WELCH,4.99,1,1,1,2,Jon Stephens,2,0.0,2005-07-07,1
4.49,10.01,3585,0.5,0.17,Lhokseumawe,6.0,3,Indonesia,473,JORGE OLIVARES,4.99,1,1,1,2,Jon Stephens,2,0.0,2005-07-07,1
4.49,10.01,3586,0.5,0.17,Inegl,6.0,4,Turkey,278,BILLIE HORTON,4.99,1,1,1,1,Mike Hillyer,1,1.0,2005-07-07,1
4.49,10.01,3587,0.5,0.17,Omdurman,6.0,1,Sudan,50,DIANE COLLINS,4.99,1,1,1,2,Jon Stephens,2,0.0,2005-07-09,1
4.49,10.01,3587,0.5,0.17,Uijongbu,6.0,1,South Korea,245,COURTNEY DAY,4.99,1,1,1,1,Mike Hillyer,1,1.0,2005-07-10,1
4.49,10.01,3589,0.5,0.13,Lengshuijiang,7.5,12,China,267,MARGIE WADE,4.99,1,1,1,1,Mike Hillyer,1,1.0,2005-07-28,1
4.49,10.01,3590,0.5,0.13,Brindisi,7.5,4,Italy,499,MARC OUTLAW,4.99,1,1,1,1,Mike Hillyer,1,1.0,2005-07-06,1
4.49,10.01,3591,0.5,0.13,Anpolis,7.5,8,Brazil,229,TAMARA NGUYEN,4.99,1,1,1,2,Jon Stephens,2,0.0,2005-07-06,1
4.49,10.01,3591,0.5,0.13,Atinsk,7.5,9,Russian Federation,397,JIMMY SCHRADER,4.99,1,1,1,2,Jon Stephens,2,0.0,2005-07-09,1
4.49,10.01,3591,0.5,0.13,Laohekou,7.5,13,China,422,MELVIN ELLINGTON,4.99,1,1,1,1,Mike Hillyer,1,0.0,2005-07-06,1
4.49,10.01,3591,0.5,0.13,Sambhal,7.5,17,India,217,AGNES BISHOP,4.99,1,1,1,2,Jon Stephens,2,0.0,2005-07-29,1
4.49,10.01,3595,0.5,0.13,Guadalajara,7.5,8,Mexico,364,BENJAMIN VARNEY,4.99,1,1,1,2,Jon Stephens,2,0.0,2005-08-17,1
4.49,10.02,3581,0.5,0.2,Johannesburg,5.0,8,South Africa,471,DEAN SAUER,4.99,1,1,1,2,Jon Stephens,2,0.0,2005-08-17,1
4.49,10.02,3582,0.5,0.2,Vancouver,5.0,2,Canada,436,TROY QUIGLEY,4.99,1,1,1,1,Mike Hillyer,1,0.0,2005-07-27,1
4.49,10.02,3583,0.5,0.2,Lubumbashi,5.0,1,"Congo, The Democratic Republic of the",387,JESSE SCHILLING,4.99,1,1,1,2,Jon Stephens,2,0.0,2005-07-11,1
4.49,10.02,3584,0.5,0.2,Nezahualcyotl,5.0,11,Mexico,115,WENDY HARRISON,4.99,1,1,1,1,Mike Hillyer,1,0.0,2005-07-09,1
4.49,4.0,3576,1.5,0.33,Baybay,3.0,2,Philippines,71,KATHY JAMES,5.99,1,1,1,1,Mike Hillyer,1,1.0,2005-07-12,1
4.49,4.0,3576,1.5,0.33,Mahajanga,3.0,1,Madagascar,81,ANDREA HENDERSON,5.99,1,1,1,1,Mike Hillyer,1,1.0,2005-08-22,1
4.49,4.0,3578,1.5,0.3,Benin City,3.33,5,Nigeria,284,SONIA GREGORY,5.99,1,1,1,1,Mike Hillyer,1,1.0,2005-08-20,1
4.49,4.0,3579,1.5,0.27,Southampton,3.75,2,United Kingdom,583,MARSHALL THORN,5.99,1,1,1,1,Mike Hillyer,1,1.0,2005-07-27,1
4.49,4.0,3580,1.5,0.23,Fontana,4.29,10,United States,51,ALICE STEWART,5.99,1,1,1,1,Mike Hillyer,1,1.0,2005-07-28,1
4.49,4.0,3600,1.5,0.5,Korla,4.0,25,China,283,FELICIA SUTTON,5.98,2,1,1,2,Jon Stephens,2,0.0,2005-07-31,2
4.5,10.67,3575,0.47,0.1,Dhule (Dhulia),30.0,19,India,440,BERNARD COLBY,4.97,3,1,1,2,Jon Stephens,2,0.3333,2005-07-10,3
4.52,10.71,3574,0.47,0.17,Stara Zagora,12.0,2,Bulgaria,215,JESSIE BANKS,4.98,2,2,2,1,Mike Hillyer,1,0.5,2005-08-18,2
4.52,10.72,3555,0.47,0.13,Xiangtan,7.5,14,China,67,KELLY TORRES,4.99,1,1,1,2,Jon Stephens,2,0.0,2005-07-07,1
4.52,10.72,3556,0.47,0.13,Chiayi,7.5,5,Taiwan,73,BEVERLY BROOKS,4.99,1,1,1,2,Jon Stephens,2,0.0,2005-07-09,1
4.52,10.72,3556,0.47,0.13,Nabereznyje Telny,7.5,3,Russian Federation,447,CLIFFORD BOWENS,4.99,1,1,1,2,Jon Stephens,2,0.0,2005-07-07,1
4.52,10.72,3556,0.47,0.13,Quilmes,7.5,3,Argentina,585,PERRY SWAFFORD,4.99,1,1,1,2,Jon Stephens,2,0.0,2005-07-07,1
4.52,10.72,3556,0.47,0.13,Zalantun,7.5,11,China,93,PHYLLIS FOSTER,4.99,1,1,1,2,Jon Stephens,2,0.0,2005-07-11,1
4.52,10.72,3560,0.47,0.13,Kimberley,7.5,3,South Africa,19,RUTH MARTINEZ,4.99,1,1,1,2,Jon Stephens,2,0.0,2005-07-12,1
4.52,10.72,3560,0.47,0.13,Nagareyama,7.5,12,Japan,53,HEATHER MORRIS,4.99,1,1,1,1,Mike Hillyer,1,0.0,2005-07-28,1
4.52,10.72,3562,0.47,0.1,Berhampore (Baharampur),10.0,17,India,413,MARVIN YEE,4.99,1,1,1,2,Jon Stephens,2,0.0,2005-07-27,1
4.52,10.72,3562,0.47,0.1,Bhavnagar,10.0,26,India,379,CARLOS COUGHLIN,4.99,1,1,1,1,Mike Hillyer,1,0.0,2005-08-18,1
4.52,10.72,3562,0.47,0.1,Mahajanga,10.0,1,Madagascar,81,ANDREA HENDERSON,4.99,1,1,1,2,Jon Stephens,2,0.0,2005-07-27,1
4.52,10.72,3562,0.47,0.1,guas Lindas de Gois,10.0,12,Brazil,130,CHARLOTTE HUNTER,4.99,1,1,1,1,Mike Hillyer,1,0.0,2005-07-27,1
4.52,10.72,3566,0.47,0.1,Baybay,10.0,8,Philippines,71,KATHY JAMES,4.99,1,1,1,2,Jon Stephens,2,0.0,2005-07-08,1
4.52,4.09,3567,1.46,0.43,Eskisehir,4.62,8,Turkey,507,EDGAR RHOADS,5.98,2,2,2,1,Mike Hillyer,1,0.5,2005-07-30,2
4.52,4.09,3567,1.46,0.43,Iligan,4.62,10,Philippines,580,ROSS GREY,5.98,2,1,1,2,Jon Stephens,2,0.5,2005-07-31,2
4.52,4.09,3569,1.46,0.4,Cuautla,5.0,6,Mexico,323,MATTHEW MAHAN,5.98,2,2,2,1,Mike Hillyer,1,0.0,2005-08-17,2
4.52,4.09,3570,1.46,0.37,Paarl,5.45,4,South Africa,338,DENNIS GILMAN,5.98,2,2,2,2,Jon Stephens,2,0.0,2005-08-02,2
4.52,4.09,3571,1.46,0.33,Erlangen,6.0,1,Germany,448,MIGUEL BETANCOURT,5.98,2,1,1,2,Jon Stephens,2,0.0,2005-07-08,2
4.52,4.09,3571,1.46,0.33,Tanza,6.0,7,Philippines,236,MARCIA DEAN,5.98,2,2,2,1,Mike Hillyer,1,0.0,2005-07-08,2
4.52,4.09,3573,1.46,0.3,Ourense (Orense),6.67,2,Spain,469,WESLEY BULL,5.98,2,1,1,2,Jon Stephens,2,0.0,2005-07-11,2
4.53,10.73,3551,0.47,0.17,Poos de Caldas,6.0,8,Brazil,254,MAXINE SILVA,4.99,1,1,1,1,Mike Hillyer,1,0.0,2005-07-06,1
4.53,10.73,3552,0.47,0.17,Jaffna,6.0,1,Sri Lanka,408,MANUEL MURRELL,4.99,1,1,1,1,Mike Hillyer,1,0.0,2005-07-27,1
4.53,10.73,3552,0.47,0.17,Vitria de Santo Anto,6.0,5,Brazil,374,JEREMY HURTADO,4.99,1,1,1,1,Mike Hillyer,1,0.0,2005-07-09,1
4.53,10.73,3554,0.47,0.17,Linz,6.0,1,Austria,159,JILL HAWKINS,4.99,1,1,1,2,Jon Stephens,2,0.0,2005-07-12,1
4.53,10.74,3547,0.46,0.2,Laiwu,5.0,26,China,151,MEGAN PALMER,4.99,1,1,1,1,Mike Hillyer,1,0.0,2005-07-30,1
4.53,10.74,3548,0.46,0.2,Adana,5.0,10,Turkey,327,LARRY THRASHER,4.99,1,1,1,1,Mike Hillyer,1,0.0,2005-08-02,1
4.53,10.74,3548,0.46,0.2,Jodhpur,5.0,26,India,224,PEARL GARZA,4.99,1,1,1,1,Mike Hillyer,1,1.0,2005-08-18,1
4.53,10.74,3550,0.46,0.2,Monclova,5.0,11,Mexico,570,IVAN CROMWELL,4.99,1,1,1,2,Jon Stephens,2,0.0,2005-07-27,1
4.53,4.09,3544,1.46,0.3,Birgunj,3.33,1,Nepal,321,KEVIN SCHULER,5.99,1,1,1,1,Mike Hillyer,1,1.0,2005-07-12,1
4.53,4.09,3545,1.46,0.27,Ibirit,3.75,8,Brazil,310,DANIEL CABRAL,5.99,1,1,1,1,Mike Hillyer,1,1.0,2005-08-22,1
4.53,4.09,3546,1.46,0.23,Lincoln,4.29,10,United States,63,ASHLEY RICHARDSON,5.99,1,1,1,2,Jon Stephens,2,1.0,2005-07-29,1
4.55,11.53,3543,0.43,0.13,Loja,15.0,3,Ecuador,589,TRACY HERRMANN,4.98,2,1,1,2,Jon Stephens,2,0.5,2005-07-27,2
4.55,4.18,3539,1.43,0.37,Skikda,5.45,1,Algeria,176,JUNE CARROLL,5.98,2,1,1,1,Mike Hillyer,1,0.5,2005-08-18,2
4.55,4.18,3540,1.43,0.33,Ife,6.0,6,Nigeria,80,MARILYN ROSS,5.98,2,2,2,2,Jon Stephens,2,0.5,2005-08-19,2
4.55,4.18,3541,1.43,0.33,Lapu-Lapu,6.0,3,Philippines,244,VIOLA HANSON,5.98,2,1,1,2,Jon Stephens,2,0.5,2005-07-12,2
4.55,4.18,3542,1.43,0.3,Coacalco de Berriozbal,6.67,11,Mexico,247,STELLA MORENO,5.98,2,1,1,2,Jon Stephens,2,0.0,2005-08-02,2
4.56,11.53,3535,0.43,0.07,Balaiha,15.0,6,Russian Federation,55,DORIS REED,4.99,1,1,1,2,Jon Stephens,2,0.0,2005-07-27,1
4.56,11.53,3536,0.43,0.07,Varanasi (Benares),15.0,17,India,123,SHANNON FREEMAN,4.99,1,1,1,2,Jon Stephens,2,1.0,2005-07-27,1
4.56,11.53,3537,0.43,0.07,Cayenne,15.0,1,French Guiana,65,ROSE HOWARD,4.99,1,1,1,1,Mike Hillyer,1,1.0,2005-07-06,1
4.56,11.53,3537,0.43,0.07,ostka,15.0,3,Ukraine,475,PEDRO CHESTNUT,4.99,1,1,1,1,Mike Hillyer,1,1.0,2005-07-08,1
4.56,11.54,3528,0.43,0.1,Le Mans,10.0,2,France,162,LAUREN HUDSON,4.99,1,1,1,2,Jon Stephens,2,1.0,2005-07-30,1
4.56,11.54,3528,0.43,0.1,Novi Sad,10.0,2,Yugoslavia,553,MAX PITT,4.99,1,1,1,2,Jon Stephens,2,0.0,2005-08-17,1
4.56,11.54,3530,0.43,0.1,Ashqelon,10.0,3,Israel,478,LEWIS LYMAN,4.99,1,1,1,2,Jon Stephens,2,0.0,2005-07-29,1
4.56,11.54,3530,0.43,0.1,Sal,10.0,1,Morocco,22,LAURA RODRIGUEZ,4.99,1,1,1,1,Mike Hillyer,1,0.0,2005-07-27,1
4.56,11.54,3532,0.43,0.1,Asuncin,10.0,3,Paraguay,226,MAUREEN LITTLE,4.99,1,1,1,1,Mike Hillyer,1,0.0,2005-07-07,1
4.56,11.54,3532,0.43,0.1,Hsichuh,10.0,2,Taiwan,348,ROGER QUINTANILLA,4.99,1,1,1,2,Jon Stephens,2,0.0,2005-07-05,1
4.56,11.54,3532,0.43,0.1,Nha Trang,10.0,1,Vietnam,520,MITCHELL WESTMORELAND,4.99,1,1,1,2,Jon Stephens,2,1.0,2005-07-05,1
4.56,11.55,3520,0.43,0.13,Alessandria,7.5,4,Italy,33,ANNA HILL,4.99,1,1,1,1,Mike Hillyer,1,0.0,2005-07-28,1
4.56,11.55,3520,0.43,0.13,Ezhou,7.5,16,China,313,DONALD MAHON,4.99,1,1,1,2,Jon Stephens,2,0.0,2005-07-29,1
4.56,11.55,3522,0.43,0.13,Lungtan,7.5,3,Taiwan,30,MELISSA KING,4.99,1,1,1,1,Mike Hillyer,1,0.0,2005-07-06,1
4.56,11.55,3522,0.43,0.13,Meixian,7.5,14,China,90,RUBY WASHINGTON,4.99,1,1,1,2,Jon Stephens,2,0.0,2005-07-07,1
4.56,11.55,3524,0.43,0.13,Oshawa,7.5,2,Canada,189,LORETTA CARPENTER,4.99,1,1,1,1,Mike Hillyer,1,0.0,2005-07-27,1
4.56,11.55,3524,0.43,0.13,Sanya,7.5,13,China,546,KELLY KNOTT,4.99,1,1,1,1,Mike Hillyer,1,0.0,2005-07-06,1
4.56,11.55,3524,0.43,0.13,Sucre,7.5,1,Bolivia,431,JOEL FRANCISCO,4.99,1,1,1,2,Jon Stephens,2,1.0,2005-07-29,1
4.56,11.55,3527,0.43,0.13,Pachuca de Soto,7.5,8,Mexico,353,JONATHAN SCARBOROUGH,4.99,1,1,1,2,Jon Stephens,2,0.0,2005-08-17,1
4.56,11.56,3514,0.43,0.17,Kamarhati,6.0,20,India,31,BRENDA WRIGHT,4.99,1,1,1,2,Jon Stephens,2,0.0,2005-08-17,1
4.56,11.56,3514,0.43,0.17,Lubumbashi,6.0,1,"Congo, The Democratic Republic of the",387,JESSE SCHILLING,4.99,1,1,1,2,Jon Stephens,2,1.0,2005-08-18,1
4.56,11.56,3516,0.43,0.17,Fukuyama,6.0,12,Japan,141,DEBBIE REYES,4.99,1,1,1,2,Jon Stephens,2,0.0,2005-07-27,1
4.56,11.56,3516,0.43,0.17,Iwaki,6.0,1,Japan,240,MARLENE WELCH,4.99,1,1,1,1,Mike Hillyer,1,1.0,2005-07-26,1
4.56,11.56,3518,0.43,0.17,Naju,6.0,2,South Korea,237,TANYA GILBERT,4.99,1,1,1,1,Mike Hillyer,1,0.0,2005-07-08,1
4.56,11.56,3518,0.43,0.17,Pyongyang,6.0,1,North Korea,157,DARLENE ROSE,4.99,1,1,1,1,Mike Hillyer,1,1.0,2005-07-10,1
4.56,11.57,3510,0.43,0.2,Pavlodar,5.0,2,Kazakstan,76,IRENE PRICE,4.99,1,1,1,2,Jon Stephens,2,1.0,2005-07-07,1
4.56,11.57,3510,0.43,0.2,Sorocaba,5.0,5,Brazil,314,GEORGE LINTON,4.99,1,1,1,2,Jon Stephens,2,0.0,2005-07-09,1
4.56,11.57,3512,0.43,0.2,Monywa,5.0,1,Myanmar,256,MABEL HOLLAND,4.99,1,1,1,2,Jon Stephens,2,1.0,2005-08-01,1
4.56,11.57,3513,0.43,0.2,Gijn,5.0,2,Spain,394,CHRIS BROTHERS,4.99,1,1,1,1,Mike Hillyer,1,0.0,2005-08-17,1
4.56,11.58,3509,0.43,0.23,Bhimavaram,4.29,15,India,529,ERIK GUILLEN,4.99,1,1,1,1,Mike Hillyer,1,0.0,2005-07-11,1
4.56,4.19,3503,1.43,0.33,Ogbomosho,3.0,4,Nigeria,277,OLGA JIMENEZ,5.99,1,1,1,2,Jon Stephens,2,1.0,2005-07-09,1
4.56,4.19,3504,1.43,0.33,Fengshan,3.0,1,Taiwan,576,MORRIS MCCARTER,5.99,1,1,1,2,Jon Stephens,2,1.0,2005-08-17,1
4.56,4.19,3504,1.43,0.33,Qinhuangdao,3.0,9,China,242,GLENDA FRAZIER,5.99,1,1,1,2,Jon Stephens,2,1.0,2005-07-10,1
4.56,4.19,3506,1.43,0.3,Shimoga,3.33,24,India,238,NELLIE GARRETT,5.99,1,1,1,1,Mike Hillyer,1,1.0,2005-08-01,1
4.56,4.19,3507,1.43,0.27,Carmen,3.75,7,Mexico,578,WILLARD LUMPKIN,5.99,1,1,1,2,Jon Stephens,2,1.0,2005-08-19,1
4.56,4.19,3507,1.43,0.27,Wroclaw,3.75,2,Poland,558,JIMMIE EGGLESTON,5.99,1,1,1,1,Mike Hillyer,1,1.0,2005-07-07,1
4.58,4.28,3497,1.4,0.4,Tandil,5.0,8,Argentina,405,LEONARD SCHOFIELD,5.98,2,2,2,2,Jon Stephens,2,0.5,2005-08-21,2
4.58,4.28,3498,1.4,0.4,Madiun,5.0,3,Indonesia,500,REGINALD KINDER,5.98,2,1,1,1,Mike Hillyer,1,0.0,2005-08-23,2
4.58,4.28,3499,1.4,0.33,Braslia,6.0,8,Brazil,325,TIMOTHY BUNN,5.98,2,2,2,1,Mike Hillyer,1,0.0,2005-08-01,2
4.58,4.28,3499,1.4,0.33,Sivas,6.0,7,Turkey,518,GABRIEL HARDER,5.98,2,1,1,2,Jon Stephens,2,0.5,2005-08-18,2
4.58,4.28,3501,1.4,0.3,Qinhuangdao,6.67,22,China,242,GLENDA FRAZIER,5.98,2,2,2,1,Mike Hillyer,1,0.0,2005-08-17,2
4.58,4.28,3501,1.4,0.3,Usak,6.67,5,Turkey,204,ROSEMARY SCHMIDT,5.98,2,1,1,1,Mike Hillyer,1,0.0,2005-08-19,2
4.59,12.51,3494,0.4,0.1,Cam Ranh,10.0,2,Vietnam,532,NEIL RENNER,4.99,1,1,1,2,Jon Stephens,2,0.0,2005-07-08,1
4.59,12.51,3494,0.4,0.1,Maikop,10.0,3,Russian Federation,346,ARTHUR SIMPKINS,4.99,1,1,1,2,Jon Stephens,2,0.0,2005-07-07,1
4.59,12.51,3496,0.4,0.1,La Romana,10.0,1,Dominican Republic,437,RANDALL NEUMANN,4.99,1,1,1,1,Mike Hillyer,1,1.0,2005-07-06,1
4.59,12.52,3489,0.4,0.13,Junan,7.5,17,China,435,RICKY SHELBY,4.99,1,1,1,2,Jon Stephens,2,1.0,2005-07-09,1
4.59,12.52,3489,0.4,0.13,Kuching,7.5,1,Malaysia,58,JEAN BELL,4.99,1,1,1,2,Jon Stephens,2,0.0,2005-07-07,1
4.59,12.52,3489,0.4,0.13,Sullana,7.5,2,Peru,597,FREDDIE DUGGAN,4.99,1,1,1,2,Jon Stephens,2,0.0,2005-07-28,1
4.59,12.52,3492,0.4,0.13,Kamakura,7.5,9,Japan,79,RACHEL BARNES,4.99,1,1,1,2,Jon Stephens,2,1.0,2005-07-07,1
4.59,12.52,3492,0.4,0.13,Qalyub,7.5,4,Egypt,134,EMMA BOYD,4.99,1,1,1,2,Jon Stephens,2,0.0,2005-07-28,1
4.59,4.29,3486,1.4,0.3,Firozabad,3.33,19,India,192,LAURIE LAWRENCE,5.99,1,1,1,1,Mike Hillyer,1,1.0,2005-08-19,1
4.59,4.29,3487,1.4,0.27,Greensboro,3.75,11,United States,158,VERONICA STONE,5.99,1,1,1,2,Jon Stephens,2,1.0,2005-07-12,1
4.59,4.29,3488,1.4,0.23,Brescia,4.29,3,Italy,309,CHRISTOPHER GRECO,5.99,1,1,1,2,Jon Stephens,2,1.0,2005-07-27,1
4.61,13.62,3485,0.37,0.17,Gingoog,18.0,8,Philippines,461,DEREK BLAKELY,4.97,3,1,1,2,Jon Stephens,2,0.0,2005-07-28,3
4.62,13.63,3479,0.37,0.07,Berhampore (Baharampur),15.0,16,India,413,MARVIN YEE,4.99,1,1,1,1,Mike Hillyer,1,0.0,2005-07-06,1
4.62,13.63,3479,0.37,0.07,Niznekamsk,15.0,8,Russian Federation,48,ANN EVANS,4.99,1,1,1,2,Jon Stephens,2,1.0,2005-07-06,1
4.62,13.65,3473,0.37,0.1,Tsaotun,10.0,3,Taiwan,586,KIRK STCLAIR,4.99,1,1,1,2,Jon Stephens,2,0.0,2005-07-06,1
4.62,13.65,3474,0.37,0.1,Jurez,10.0,10,Mexico,369,FRED WHEAT,4.99,1,1,1,2,Jon Stephens,2,0.0,2005-07-08,1
4.62,13.65,3475,0.37,0.1,Dayton,10.0,8,United States,294,SHELLY WATTS,4.99,1,1,1,2,Jon Stephens,2,0.0,2005-07-07,1
4.62,13.65,3475,0.37,0.1,Sumqayit,10.0,1,Azerbaijan,334,RAYMOND MCWHORTER,4.99,1,1,1,1,Mike Hillyer,1,0.0,2005-07-06,1
4.62,13.65,3477,0.37,0.1,Tonghae,10.0,1,South Korea,536,FERNANDO CHURCHILL,4.99,1,1,1,1,Mike Hillyer,1,1.0,2005-07-05,1
4.62,13.65,3478,0.37,0.1,Saint Louis,10.0,13,United States,62,JOAN COOPER,4.99,1,1,1,2,Jon Stephens,2,0.0,2005-07-29,1
4.62,13.66,3472,0.37,0.13,Koriyama,7.5,12,Japan,401,TONY CARRANZA,4.99,1,1,1,2,Jon Stephens,2,1.0,2005-07-28,1
4.62,4.38,3484,1.36,0.23,Bellevue,8.57,15,United States,212,WILMA RICHARDS,5.98,2,1,1,2,Jon Stephens,2,0.5,2005-08-01,2
4.62,4.39,3481,1.36,0.43,Arak,4.62,6,Iran,36,KATHLEEN ADAMS,5.98,2,1,1,2,Jon Stephens,2,0.5,2005-08-01,2
4.62,4.39,3482,1.36,0.33,Jaipur,6.0,17,India,60,MILDRED BAILEY,5.98,2,1,1,1,Mike Hillyer,1,0.0,2005-08-22,2
4.62,4.39,3483,1.36,0.33,Ogbomosho,6.0,3,Nigeria,277,OLGA JIMENEZ,5.98,2,2,2,1,Mike Hillyer,1,0.5,2005-07-31,2
4.63,4.39,3462,1.36,0.33,Zalantun,3.0,19,China,93,PHYLLIS FOSTER,5.99,1,1,1,2,Jon Stephens,2,1.0,2005-08-22,1
4.63,4.39,3463,1.36,0.33,Czestochowa,3.0,3,Poland,572,SIDNEY BURLESON,5.99,1,1,1,2,Jon Stephens,2,1.0,2005-07-31,1
4.63,4.39,3464,1.36,0.33,Pereira,3.0,4,Colombia,180,STACY CUNNINGHAM,5.99,1,1,1,1,Mike Hillyer,1,1.0,2005-08-01,1
4.63,4.39,3464,1.36,0.33,Vicente Lpez,3.0,2,Argentina,219,WILLIE HOWELL,5.99,1,1,1,1,Mike Hillyer,1,1.0,2005-07-28,1
4.63,4.39,3466,1.36,0.3,Mandaluyong,3.33,8,Philippines,263,HILDA HOPKINS,5.99,1,1,1,2,Jon Stephens,2,1.0,2005-08-18,1
4.63,4.39,3466,1.36,0.3,Nakhon Sawan,3.33,2,Thailand,390,SHAWN HEATON,5.99,1,1,1,1,Mike Hillyer,1,1.0,2005-07-08,1
4.63,4.39,3468,1.36,0.27,Dallas,3.75,10,United States,400,BRYAN HARDISON,5.99,1,1,1,2,Jon Stephens,2,1.0,2005-07-30,1
4.63,4.39,3469,1.36,0.27,La Paz,3.75,4,Mexico,488,SHANE MILLARD,5.99,1,1,1,2,Jon Stephens,2,1.0,2005-07-30,1
4.63,4.39,3469,1.36,0.27,Syrakusa,3.75,4,Italy,221,BESSIE MORRISON,5.99,1,1,1,1,Mike Hillyer,1,1.0,2005-07-09,1
4.63,4.39,3471,1.36,0.23,Simferopol,4.29,2,Ukraine,82,KATHRYN COLEMAN,5.99,1,1,1,2,Jon Stephens,2,1.0,2005-08-17,1
4.64,4.49,3461,1.33,0.27,Rampur,11.25,23,India,336,JOSHUA MARK,5.97,3,1,1,2,Jon Stephens,2,1.0,2005-08-19,3
4.65,14.95,3460,0.33,0.03,Vancouver,60.0,2,Canada,436,TROY QUIGLEY,4.98,2,1,1,2,Jon Stephens,2,0.5,2005-07-06,2
4.65,4.49,3458,1.33,0.27,Oulu,7.5,1,Finland,298,ERIKA PENA,5.98,2,1,1,1,Mike Hillyer,1,0.0,2005-08-19,2
4.65,4.49,3459,1.33,0.27,Nagareyama,7.5,11,Japan,53,HEATHER MORRIS,5.98,2,2,2,1,Mike Hillyer,1,0.0,2005-08-20,2
4.65,4.5,3454,1.33,0.33,Jurez,6.0,8,Mexico,369,FRED WHEAT,5.98,2,2,2,1,Mike Hillyer,1,0.0,2005-07-31,2
4.65,4.5,3454,1.33,0.33,Kalisz,6.0,1,Poland,270,LEAH CURTIS,5.98,2,1,1,1,Mike Hillyer,1,0.0,2005-08-18,2
4.65,4.5,3456,1.33,0.3,Jakarta,6.67,7,Indonesia,153,SUZANNE NICHOLS,5.98,2,2,2,2,Jon Stephens,2,0.0,2005-08-22,2
4.65,4.5,3457,1.33,0.3,Sucre,6.67,1,Bolivia,431,JOEL FRANCISCO,5.98,2,1,1,1,Mike Hillyer,1,0.0,2005-08-23,2
4.66,15.0,3450,0.33,0.07,Hidalgo,15.0,9,Mexico,150,DANIELLE DANIELS,4.99,1,1,1,2,Jon Stephens,2,0.0,2005-07-28,1
4.66,15.0,3450,0.33,0.07,Lincoln,15.0,11,United States,63,ASHLEY RICHARDSON,4.99,1,1,1,1,Mike Hillyer,1,0.0,2005-07-08,1
4.66,15.0,3450,0.33,0.07,Siegen,15.0,2,Germany,195,VANESSA SIMS,4.99,1,1,1,1,Mike Hillyer,1,1.0,2005-07-09,1
4.66,15.0,3453,0.33,0.07,NDjamna,15.0,1,Chad,535,JAVIER ELROD,4.99,1,1,1,1,Mike Hillyer,1,0.0,2005-07-07,1
4.66,15.02,3446,0.33,0.1,Zalantun,10.0,12,China,93,PHYLLIS FOSTER,4.99,1,1,1,1,Mike Hillyer,1,0.0,2005-08-18,1
4.66,15.02,3447,0.33,0.1,Okara,10.0,1,Pakistan,399,DANNY ISOM,4.99,1,1,1,2,Jon Stephens,2,1.0,2005-07-09,1
4.66,15.02,3447,0.33,0.1,Owo,10.0,6,Nigeria,280,TRACEY BARRETT,4.99,1,1,1,1,Mike Hillyer,1,0.0,2005-07-08,1
4.66,15.02,3449,0.33,0.1,Haldia,10.0,17,India,186,HOLLY FOX,4.99,1,1,1,1,Mike Hillyer,1,0.0,2005-07-29,1
4.66,15.05,3445,0.33,0.17,Araatuba,6.0,8,Brazil,77,JANE BENNETT,4.99,1,1,1,2,Jon Stephens,2,1.0,2005-07-30,1
4.66,4.5,3440,1.33,0.33,Amroha,3.0,15,India,534,CHRISTIAN JUNG,5.99,1,1,1,2,Jon Stephens,2,1.0,2005-08-02,1
4.66,4.5,3441,1.33,0.33,Warren,3.0,9,United States,276,BRANDY GRAVES,5.99,1,1,1,2,Jon Stephens,2,1.0,2005-07-31,1
4.66,4.5,3442,1.33,0.3,Skikda,3.33,1,Algeria,176,JUNE CARROLL,5.99,1,1,1,1,Mike Hillyer,1,1.0,2005-07-28,1
4.66,4.5,3443,1.33,0.3,Compton,3.33,13,United States,182,RENEE LANE,5.99,1,1,1,1,Mike Hillyer,1,1.0,2005-08-21,1
4.66,4.5,3444,1.33,0.27,Palghat (Palakkad),3.75,23,India,268,NINA SOTO,5.99,1,1,1,2,Jon Stephens,2,1.0,2005-08-20,1
4.67,4.6,3439,1.3,0.27,Soshanguve,11.25,5,South Africa,145,LUCILLE HOLMES,5.97,3,2,2,2,Jon Stephens,2,0.3333,2005-07-11,3
4.68,16.67,3438,0.3,0.13,Laiwu,15.0,18,China,151,MEGAN PALMER,4.98,2,2,2,2,Jon Stephens,2,1.0,2005-07-27,2
4.68,3.04,3430,2.3,0.4,Rae Bareli,5.0,16,India,78,LORI WOOD,6.98,2,2,2,1,Mike Hillyer,1,0.5,2005-08-19,2
4.68,4.61,3429,1.3,0.4,Bandar Seri Begawan,5.0,1,Brunei,91,LOIS BUTLER,5.98,2,2,2,1,Mike Hillyer,1,0.5,2005-07-28,2
4.68,4.61,3431,1.3,0.3,Caracas,6.67,3,Venezuela,111,CARMEN OWENS,5.98,2,2,2,2,Jon Stephens,2,0.0,2005-07-07,2
4.68,4.61,3431,1.3,0.3,Kuching,6.67,2,Malaysia,58,JEAN BELL,5.98,2,2,2,1,Mike Hillyer,1,0.0,2005-08-01,2
4.68,4.61,3431,1.3,0.3,Tartu,6.67,1,Estonia,444,MARCUS HIDALGO,5.98,2,2,2,2,Jon Stephens,2,0.5,2005-07-10,2
4.68,4.61,3434,1.3,0.27,Qalyub,7.5,3,Egypt,134,EMMA BOYD,5.98,2,1,1,2,Jon Stephens,2,0.0,2005-08-19,2
4.68,4.61,3435,1.3,0.27,Ciomas,7.5,3,Indonesia,239,MINNIE ROMERO,5.98,2,2,2,1,Mike Hillyer,1,0.5,2005-07-10,2
4.68,4.61,3436,1.3,0.23,Elista,8.57,5,Russian Federation,17,DONNA THOMPSON,5.98,2,1,1,1,Mike Hillyer,1,0.0,2005-08-20,2
4.68,4.61,3437,1.3,0.23,Yinchuan,8.57,22,China,484,ROBERTO VU,5.98,2,2,2,1,Mike Hillyer,1,0.0,2005-08-17,2
4.68,4.62,3428,1.3,0.47,Inegl,4.29,5,Turkey,278,BILLIE HORTON,5.98,2,2,2,1,Mike Hillyer,1,0.0,2005-08-22,2
4.69,16.65,3427,0.3,0.03,Enshi,30.0,13,China,110,TIFFANY JORDAN,4.99,1,1,1,1,Mike Hillyer,1,1.0,2005-07-06,1
4.69,16.67,3425,0.3,0.07,Zaoyang,15.0,12,China,514,FRANKLIN TROUTMAN,4.99,1,1,1,1,Mike Hillyer,1,0.0,2005-07-28,1
4.69,16.67,3426,0.3,0.07,Sogamoso,15.0,2,Colombia,490,SAM MCDUFFIE,4.99,1,1,1,2,Jon Stephens,2,0.0,2005-07-06,1
4.69,16.69,3420,0.3,0.1,Chiayi,10.0,4,Taiwan,73,BEVERLY BROOKS,4.99,1,1,1,1,Mike Hillyer,1,1.0,2005-07-08,1
4.69,16.69,3420,0.3,0.1,Zalantun,10.0,17,China,93,PHYLLIS FOSTER,4.99,1,1,1,2,Jon Stephens,2,0.0,2005-07-09,1
4.69,16.69,3422,0.3,0.1,Roanoke,10.0,11,United States,291,TONI HOLT,4.99,1,1,1,2,Jon Stephens,2,1.0,2005-07-06,1
4.69,16.69,3423,0.3,0.1,Kaliningrad,10.0,3,Russian Federation,301,ROBERT BAUGHMAN,4.99,1,1,1,2,Jon Stephens,2,1.0,2005-07-07,1
4.69,16.69,3423,0.3,0.1,Kimberley,10.0,3,South Africa,19,RUTH MARTINEZ,4.99,1,1,1,2,Jon Stephens,2,0.0,2005-07-06,1
4.69,16.71,3419,0.3,0.13,Baku,7.5,1,Azerbaijan,333,ANDREW PURDY,4.99,1,1,1,2,Jon Stephens,2,0.0,2005-07-26,1
4.69,16.73,3418,0.3,0.17,Escobar,6.0,3,Argentina,445,MICHEAL FORMAN,4.99,1,1,1,2,Jon Stephens,2,1.0,2005-07-28,1
4.69,4.62,3413,1.3,0.33,Najafabad,3.0,4,Iran,368,HARRY ARCE,5.99,1,1,1,1,Mike Hillyer,1,1.0,2005-07-30,1
4.69,4.62,3414,1.3,0.3,Paarl,3.33,2,South Africa,338,DENNIS GILMAN,5.99,1,1,1,2,Jon Stephens,2,1.0,2005-07-07,1
4.69,4.62,3414,1.3,0.3,Roanoke,3.33,12,United States,291,TONI HOLT,5.99,1,1,1,1,Mike Hillyer,1,1.0,2005-08-20,1
4.69,4.62,3414,1.3,0.3,Toulon,3.33,4,France,104,RITA GRAHAM,5.99,1,1,1,2,Jon Stephens,2,1.0,2005-07-31,1
4.69,4.62,3417,1.3,0.23,Nha Trang,4.29,2,Vietnam,520,MITCHELL WESTMORELAND,5.99,1,1,1,2,Jon Stephens,2,1.0,2005-07-27,1
4.71,18.75,3411,0.27,0.1,Kumbakonam,20.0,17,India,271,PENNY NEAL,4.98,2,2,2,1,Mike Hillyer,1,0.5,2005-07-10,2
4.71,4.72,3412,1.26,0.23,Erlangen,12.86,3,Germany,448,MIGUEL BETANCOURT,5.97,3,2,2,1,Mike Hillyer,1,0.6667,2005-07-07,3
4.72,18.74,3406,0.27,0.03,Ambattur,30.0,16,India,225,ARLENE HARVEY,4.99,1,1,1,2,Jon Stephens,2,0.0,2005-07-06,1
4.72,18.76,3404,0.27,0.07,Asuncin,15.0,2,Paraguay,226,MAUREEN LITTLE,4.99,1,1,1,1,Mike Hillyer,1,1.0,2005-07-06,1
4.72,18.76,3404,0.27,0.07,Rancagua,15.0,1,Chile,464,JEROME KENYON,4.99,1,1,1,1,Mike Hillyer,1,0.0,2005-07-06,1
4.72,18.78,3401,0.27,0.1,Linz,10.0,1,Austria,159,JILL HAWKINS,4.99,1,1,1,2,Jon Stephens,2,0.0,2005-07-07,1
4.72,18.78,3401,0.27,0.1,Shimoga,10.0,17,India,238,NELLIE GARRETT,4.99,1,1,1,2,Jon Stephens,2,0.0,2005-07-27,1
4.72,18.78,3403,0.27,0.1,Sucre,10.0,2,Bolivia,431,JOEL FRANCISCO,4.99,1,1,1,2,Jon Stephens,2,0.0,2005-07-28,1
4.72,18.81,3400,0.27,0.13,Ikerre,7.5,3,Nigeria,198,ELSIE KELLEY,4.99,1,1,1,2,Jon Stephens,2,1.0,2005-07-10,1
4.72,3.09,3407,2.26,0.47,Loja,4.29,2,Ecuador,589,TRACY HERRMANN,6.98,2,1,1,2,Jon Stephens,2,0.5,2005-08-23,2
4.72,4.73,3408,1.26,0.33,Davao,6.0,7,Philippines,27,SHIRLEY ALLEN,5.98,2,1,1,1,Mike Hillyer,1,0.5,2005-07-10,2
4.72,4.73,3408,1.26,0.33,Nagaon,6.0,24,India,152,ALICIA MILLS,5.98,2,2,2,2,Jon Stephens,2,0.5,2005-08-21,2
4.72,4.73,3410,1.26,0.27,Tanza,7.5,3,Philippines,236,MARCIA DEAN,5.98,2,2,2,2,Jon Stephens,2,0.5,2005-07-06,2
4.73,4.74,3394,1.26,0.33,Baicheng,3.0,20,China,538,TED BREAUX,5.99,1,1,1,2,Jon Stephens,2,1.0,2005-08-17,1
4.73,4.74,3395,1.26,0.33,Aurora,3.0,7,United States,330,SCOTT SHELLEY,5.99,1,1,1,1,Mike Hillyer,1,1.0,2005-07-10,1
4.73,4.74,3396,1.26,0.3,Touliu,3.33,3,Taiwan,139,AMBER DIXON,5.99,1,1,1,2,Jon Stephens,2,1.0,2005-07-28,1
4.73,4.74,3397,1.26,0.27,Cuman,3.75,2,Venezuela,113,CINDY FISHER,5.99,1,1,1,1,Mike Hillyer,1,1.0,2005-08-18,1
4.73,4.74,3397,1.26,0.27,Ktahya,3.75,7,Turkey,124,SHEILA WELLS,5.99,1,1,1,2,Jon Stephens,2,1.0,2005-08-02,1
4.73,4.74,3399,1.26,0.23,Daugavpils,4.29,1,Latvia,347,RYAN SALISBURY,5.99,1,1,1,1,Mike Hillyer,1,1.0,2005-07-07,1
4.74,21.36,3393,0.23,0.07,Sorocaba,45.0,11,Brazil,314,GEORGE LINTON,4.97,3,1,1,1,Mike Hillyer,1,0.3333,2005-07-06,3
4.75,21.43,3392,0.23,0.1,Addis Abeba,20.0,1,Ethiopia,392,SEAN DOUGLASS,4.98,2,1,1,1,Mike Hillyer,1,0.5,2005-07-28,2
4.75,3.13,3386,2.23,0.53,Shimonoseki,3.75,10,Japan,29,ANGELA HERNANDEZ,6.98,2,2,2,1,Mike Hillyer,1,0.5,2005-08-20,2
4.75,4.86,3387,1.23,0.33,Pingxiang,6.0,16,China,169,ERICA MATTHEWS,5.98,2,1,1,2,Jon Stephens,2,0.5,2005-08-23,2
4.75,4.86,3388,1.23,0.33,Kanazawa,6.0,14,Japan,547,KURT EMMONS,5.98,2,1,1,2,Jon Stephens,2,0.0,2005-08-19,2
4.75,4.86,3389,1.23,0.27,Baybay,7.5,6,Philippines,71,KATHY JAMES,5.98,2,2,2,1,Mike Hillyer,1,0.0,2005-07-27,2
4.75,4.86,3390,1.23,0.27,Cuman,7.5,4,Venezuela,113,CINDY FISHER,5.98,2,1,1,2,Jon Stephens,2,0.5,2005-07-09,2
4.75,4.86,3391,1.23,0.23,Coatzacoalcos,8.57,6,Mexico,482,MAURICE CRAWLEY,5.98,2,1,1,2,Jon Stephens,2,0.0,2005-08-21,2
4.76,21.42,3385,0.23,0.03,San Juan Bautista Tuxtepec,30.0,7,Mexico,425,FRANCIS SIKES,4.99,1,1,1,1,Mike Hillyer,1,0.0,2005-07-06,1
4.76,21.45,3381,0.23,0.07,Avellaneda,15.0,7,Argentina,560,JORDAN ARCHULETA,4.99,1,1,1,1,Mike Hillyer,1,0.0,2005-07-06,1
4.76,21.45,3381,0.23,0.07,Firozabad,15.0,11,India,192,LAURIE LAWRENCE,4.99,1,1,1,1,Mike Hillyer,1,0.0,2005-07-08,1
4.76,21.45,3381,0.23,0.07,Tel Aviv-Jaffa,15.0,2,Israel,161,GERALDINE PERKINS,4.99,1,1,1,1,Mike Hillyer,1,0.0,2005-07-06,1
4.76,21.45,3384,0.23,0.07,Okayama,15.0,12,Japan,489,RICARDO MEADOR,4.99,1,1,1,1,Mike Hillyer,1,1.0,2005-07-27,1
4.76,21.48,3379,0.23,0.1,Coatzacoalcos,10.0,10,Mexico,482,MAURICE CRAWLEY,4.99,1,1,1,1,Mike Hillyer,1,0.0,2005-07-08,1
4.76,21.48,3380,0.23,0.1,Kuching,10.0,2,Malaysia,58,JEAN BELL,4.99,1,1,1,1,Mike Hillyer,1,1.0,2005-07-06,1
4.76,4.87,3373,1.23,0.33,Skikda,3.0,2,Algeria,176,JUNE CARROLL,5.99,1,1,1,1,Mike Hillyer,1,1.0,2005-08-17,1
4.76,4.87,3374,1.23,0.3,Johannesburg,3.33,2,South Africa,471,DEAN SAUER,5.99,1,1,1,1,Mike Hillyer,1,1.0,2005-07-12,1
4.76,4.87,3375,1.23,0.3,Omiya,3.33,10,Japan,404,STANLEY SCROGGINS,5.99,1,1,1,1,Mike Hillyer,1,1.0,2005-07-28,1
4.76,4.87,3376,1.23,0.3,Ipoh,3.33,1,Malaysia,171,DOLORES WAGNER,5.99,1,1,1,1,Mike Hillyer,1,1.0,2005-07-10,1
4.76,4.87,3377,1.23,0.27,Salinas,3.75,11,United States,269,CASSANDRA WALTERS,5.99,1,1,1,2,Jon Stephens,2,1.0,2005-08-19,1
4.76,4.87,3378,1.23,0.23,El Alto,4.29,1,Bolivia,455,JON WILES,5.99,1,1,1,2,Jon Stephens,2,1.0,2005-07-28,1
4.77,24.93,3372,0.2,0.07,Etawah,45.0,27,India,121,JOSEPHINE GOMEZ,4.97,3,2,2,2,Jon Stephens,2,0.0,2005-07-27,3
4.77,4.98,3371,1.2,0.2,Kursk,15.0,10,Russian Federation,311,PAUL TROUT,5.97,3,2,2,2,Jon Stephens,2,0.6667,2005-08-19,3
4.78,4.99,3366,1.2,0.27,Moscow,7.5,7,Russian Federation,46,CATHERINE CAMPBELL,5.98,2,2,2,2,Jon Stephens,2,0.0,2005-08-17,2
4.78,4.99,3367,1.2,0.27,Tel Aviv-Jaffa,7.5,2,Israel,161,GERALDINE PERKINS,5.98,2,2,2,2,Jon Stephens,2,0.5,2005-07-30,2
4.78,4.99,3367,1.2,0.27,Ueda,7.5,9,Japan,503,ANGEL BARCLAY,5.98,2,2,2,1,Mike Hillyer,1,0.0,2005-07-31,2
4.78,4.99,3369,1.2,0.23,Asuncin,8.57,2,Paraguay,226,MAUREEN LITTLE,5.98,2,2,2,1,Mike Hillyer,1,0.5,2005-07-29,2
4.78,4.99,3369,1.2,0.23,Dhule (Dhulia),8.57,21,India,440,BERNARD COLBY,5.98,2,2,2,2,Jon Stephens,2,0.0,2005-08-19,2
4.78,5.0,3360,1.2,0.37,Suihua,5.45,18,China,511,CHESTER BENNER,5.98,2,2,2,2,Jon Stephens,2,0.5,2005-08-01,2
4.78,5.0,3361,1.2,0.33,Bilbays,6.0,2,Egypt,559,EVERETT BANDA,5.98,2,2,2,2,Jon Stephens,2,0.0,2005-07-31,2
4.78,5.0,3361,1.2,0.33,Tongliao,6.0,9,China,442,LEROY BUSTAMANTE,5.98,2,1,1,1,Mike Hillyer,1,0.5,2005-07-28,2
4.78,5.0,3363,1.2,0.3,Kermanshah,6.67,5,Iran,377,HOWARD FORTNER,5.98,2,1,1,1,Mike Hillyer,1,0.5,2005-07-31,2
4.78,5.0,3363,1.2,0.3,Phnom Penh,6.67,1,Cambodia,228,ALLISON STANLEY,5.98,2,1,1,1,Mike Hillyer,1,0.0,2005-07-08,2
4.78,5.0,3365,1.2,0.3,Rae Bareli,6.67,14,India,78,LORI WOOD,5.98,2,1,1,1,Mike Hillyer,1,0.0,2005-07-11,2
4.79,25.03,3356,0.2,0.07,Allappuzha (Alleppey),15.0,16,India,175,ANNETTE OLSON,4.99,1,1,1,1,Mike Hillyer,1,1.0,2005-07-06,1
4.79,25.03,3356,0.2,0.07,Dayton,15.0,11,United States,294,SHELLY WATTS,4.99,1,1,1,1,Mike Hillyer,1,0.0,2005-07-06,1
4.79,25.03,3356,0.2,0.07,Owo,15.0,7,Nigeria,280,TRACEY BARRETT,4.99,1,1,1,1,Mike Hillyer,1,0.0,2005-07-27,1
4.79,25.08,3354,0.2,0.1,El Monte,10.0,8,United States,420,JACOB LANCE,4.99,1,1,1,1,Mike Hillyer,1,1.0,2005-07-07,1
4.79,25.08,3354,0.2,0.1,Etawah,10.0,14,India,121,JOSEPHINE GOMEZ,4.99,1,1,1,2,Jon Stephens,2,0.0,2005-07-12,1
4.79,3.18,3359,2.2,0.5,Botosani,4.0,2,Romania,230,JOY GEORGE,6.98,2,2,2,1,Mike Hillyer,1,0.5,2005-08-20,2
4.79,5.0,3349,1.2,0.27,Benin City,3.75,4,Nigeria,284,SONIA GREGORY,5.99,1,1,1,1,Mike Hillyer,1,1.0,2005-07-11,1
4.79,5.0,3350,1.2,0.27,Guadalajara,3.75,12,Mexico,364,BENJAMIN VARNEY,5.99,1,1,1,2,Jon Stephens,2,1.0,2005-08-01,1
4.79,5.0,3351,1.2,0.23,Beira,4.29,2,Mozambique,257,MARSHA DOUGLAS,5.99,1,1,1,2,Jon Stephens,2,1.0,2005-07-12,1
4.79,5.0,3351,1.2,0.23,Nam Dinh,4.29,1,Vietnam,472,GREG ROBINS,5.99,1,1,1,2,Jon Stephens,2,1.0,2005-07-30,1
4.79,5.0,3353,1.2,0.2,Pudukkottai,5.0,12,India,421,LEE HAWKS,5.99,1,1,1,2,Jon Stephens,2,1.0,2005-07-07,1
4.81,29.94,3347,0.17,0.03,Haldia,60.0,19,India,186,HOLLY FOX,4.98,2,2,2,1,Mike Hillyer,1,0.5,2005-07-28,2
4.81,30.0,3346,0.17,0.07,Tabuk,30.0,3,Saudi Arabia,312,MARK RINEHART,4.98,2,1,1,1,Mike Hillyer,1,0.5,2005-07-06,2
4.81,5.13,3348,1.16,0.4,Daxian,7.5,14,China,64,JUDITH COX,5.97,3,2,2,1,Mike Hillyer,1,0.6667,2005-07-27,3
4.82,3.23,3340,2.16,0.53,Tokat,3.75,3,Turkey,566,CASEY MENA,6.98,2,2,2,2,Jon Stephens,2,0.5,2005-07-31,2
4.82,30.12,3338,0.17,0.1,Daxian,10.0,14,China,64,JUDITH COX,4.99,1,1,1,1,Mike Hillyer,1,0.0,2005-07-07,1
4.82,30.12,3338,0.17,0.1,Rustenburg,10.0,4,South Africa,407,DALE RATCLIFF,4.99,1,1,1,1,Mike Hillyer,1,0.0,2005-07-09,1
4.82,5.14,3341,1.16,0.33,Southend-on-Sea,6.0,5,United Kingdom,16,SANDRA MARTIN,5.98,2,1,1,2,Jon Stephens,2,0.5,2005-08-01,2
4.82,5.14,3342,1.16,0.3,Amersfoort,6.67,2,Netherlands,415,GLENN PULLEN,5.98,2,2,2,1,Mike Hillyer,1,0.5,2005-07-31,2
4.82,5.14,3343,1.16,0.27,Poos de Caldas,7.5,10,Brazil,254,MAXINE SILVA,5.98,2,2,2,1,Mike Hillyer,1,0.0,2005-07-27,2
4.82,5.14,3343,1.16,0.27,Zalantun,7.5,19,China,93,PHYLLIS FOSTER,5.98,2,2,2,2,Jon Stephens,2,0.5,2005-08-21,2
4.82,5.14,3345,1.16,0.27,Kumbakonam,7.5,24,India,271,PENNY NEAL,5.98,2,1,1,2,Jon Stephens,2,0.5,2005-08-21,2
4.83,5.14,3336,1.16,0.23,Dallas,4.29,10,United States,400,BRYAN HARDISON,5.99,1,1,1,1,Mike Hillyer,1,1.0,2005-07-28,1
4.83,5.14,3336,1.16,0.23,Dallas,4.29,11,United States,400,BRYAN HARDISON,5.99,1,1,1,2,Jon Stephens,2,1.0,2005-07-12,1
4.83,5.15,3332,1.16,0.33,Mannheim,3.0,3,Germany,196,ALMA AUSTIN,5.99,1,1,1,1,Mike Hillyer,1,1.0,2005-07-30,1
4.83,5.15,3333,1.16,0.33,Zhezqazghan,3.0,1,Kazakstan,573,BYRON BOX,5.99,1,1,1,1,Mike Hillyer,1,1.0,2005-07-09,1
4.83,5.15,3334,1.16,0.3,Shubra al-Khayma,3.33,1,Egypt,119,SHERRY MARSHALL,5.99,1,1,1,1,Mike Hillyer,1,1.0,2005-08-17,1
4.83,5.15,3335,1.16,0.27,Goinia,3.75,11,Brazil,92,TINA SIMMONS,5.99,1,1,1,2,Jon Stephens,2,1.0,2005-08-19,1
4.84,5.28,3331,1.13,0.27,Junan,11.25,25,China,435,RICKY SHELBY,5.97,3,2,2,2,Jon Stephens,2,0.3333,2005-08-17,3
4.85,3.28,3321,2.13,0.53,Lima,3.75,3,Peru,122,THELMA MURRAY,6.98,2,1,1,2,Jon Stephens,2,0.5,2005-08-02,2
4.85,5.28,3330,1.13,0.17,Fuyu,12.0,8,China,211,STACEY MONTGOMERY,5.98,2,2,2,1,Mike Hillyer,1,0.0,2005-07-08,2
4.85,5.29,3322,1.13,0.33,Shikarpur,6.0,2,Pakistan,25,DEBORAH WALKER,5.98,2,1,1,2,Jon Stephens,2,0.0,2005-07-31,2
4.85,5.29,3323,1.13,0.3,Lubumbashi,6.67,1,"Congo, The Democratic Republic of the",387,JESSE SCHILLING,5.98,2,1,1,2,Jon Stephens,2,0.5,2005-08-20,2
4.85,5.29,3324,1.13,0.3,Chisinau,6.67,1,Moldova,38,MARTHA GONZALEZ,5.98,2,2,2,2,Jon Stephens,2,0.0,2005-07-09,2
4.85,5.29,3324,1.13,0.3,Ciomas,6.67,2,Indonesia,239,MINNIE ROMERO,5.98,2,2,2,1,Mike Hillyer,1,0.0,2005-08-17,2
4.85,5.29,3324,1.13,0.3,Kurashiki,6.67,11,Japan,34,REBECCA SCOTT,5.98,2,1,1,1,Mike Hillyer,1,0.0,2005-08-01,2
4.85,5.29,3327,1.13,0.27,Jakarta,7.5,3,Indonesia,153,SUZANNE NICHOLS,5.98,2,1,1,2,Jon Stephens,2,0.0,2005-07-31,2
4.85,5.29,3328,1.13,0.27,Jurez,7.5,6,Mexico,369,FRED WHEAT,5.98,2,2,2,1,Mike Hillyer,1,0.0,2005-07-30,2
4.85,5.29,3329,1.13,0.23,Namibe,8.57,1,Angola,383,MARTIN BALES,5.98,2,1,1,2,Jon Stephens,2,0.0,2005-07-11,2
4.86,37.52,3319,0.13,0.03,al-Qatif,30.0,2,Saudi Arabia,417,TRAVIS ESTEP,4.99,1,1,1,1,Mike Hillyer,1,1.0,2005-07-06,1
4.86,37.52,3320,0.13,0.03,Sogamoso,30.0,1,Colombia,490,SAM MCDUFFIE,4.99,1,1,1,1,Mike Hillyer,1,0.0,2005-07-05,1
4.86,37.61,3318,0.13,0.07,Yuzhou,15.0,13,China,324,GARY COY,4.99,1,1,1,1,Mike Hillyer,1,0.0,2005-07-06,1
4.86,5.29,3315,1.13,0.2,Ife,5.0,5,Nigeria,80,MARILYN ROSS,5.99,1,1,1,1,Mike Hillyer,1,1.0,2005-07-08,1
4.86,5.29,3315,1.13,0.2,Talavera,5.0,7,Philippines,505,RAFAEL ABNEY,5.99,1,1,1,2,Jon Stephens,2,1.0,2005-08-01,1
4.86,5.29,3317,1.13,0.17,Kimberley,6.0,7,South Africa,19,RUTH MARTINEZ,5.99,1,1,1,1,Mike Hillyer,1,1.0,2005-08-17,1
4.86,5.3,3309,1.13,0.33,La Paz,3.0,10,Mexico,488,SHANE MILLARD,5.99,1,1,1,2,Jon Stephens,2,1.0,2005-08-18,1
4.86,5.3,3310,1.13,0.3,Anpolis,3.33,9,Brazil,229,TAMARA NGUYEN,5.99,1,1,1,1,Mike Hillyer,1,1.0,2005-08-20,1
4.86,5.3,3311,1.13,0.23,Brockton,4.29,2,United States,149,VALERIE BLACK,5.99,1,1,1,2,Jon Stephens,2,1.0,2005-07-26,1
4.86,5.3,3312,1.13,0.23,Livorno,4.29,2,Italy,541,DARREN WINDHAM,5.99,1,1,1,1,Mike Hillyer,1,1.0,2005-08-01,1
4.86,5.3,3312,1.13,0.23,Valparai,4.29,16,India,403,MIKE WAY,5.99,1,1,1,2,Jon Stephens,2,1.0,2005-07-28,1
4.86,5.3,3314,1.13,0.23,Nagareyama,4.29,13,Japan,53,HEATHER MORRIS,5.99,1,1,1,1,Mike Hillyer,1,1.0,2005-08-19,1
4.87,49.87,3308,0.1,0.03,Robamba,90.0,2,Ecuador,494,RAMON CHOATE,4.97,3,2,2,2,Jon Stephens,2,0.3333,2005-07-06,3
4.88,3.33,3307,2.09,0.6,Hohhot,5.0,14,China,138,HAZEL WARREN,6.97,3,1,1,1,Mike Hillyer,1,0.0,2005-08-02,3
4.88,5.45,3304,1.1,0.3,Bratislava,6.67,1,Slovakia,357,KEITH RICO,5.98,2,2,2,1,Mike Hillyer,1,0.0,2005-07-28,2
4.88,5.45,3305,1.1,0.23,Usak,8.57,2,Turkey,204,ROSEMARY SCHMIDT,5.98,2,2,2,2,Jon Stephens,2,0.0,2005-07-09,2
4.88,5.45,3306,1.1,0.2,Soshanguve,10.0,3,South Africa,145,LUCILLE HOLMES,5.98,2,2,2,2,Jon Stephens,2,0.0,2005-07-08,2
4.89,3.33,3303,2.1,0.5,Arecibo,4.0,2,Puerto Rico,360,RALPH MADRIGAL,6.98,2,2,2,2,Jon Stephens,2,1.0,2005-07-31,2
4.89,5.46,3296,1.1,0.33,Laiwu,3.0,15,China,151,MEGAN PALMER,5.99,1,1,1,1,Mike Hillyer,1,1.0,2005-08-20,1
4.89,5.46,3297,1.1,0.33,Liepaja,3.0,1,Latvia,23,SARAH LEWIS,5.99,1,1,1,2,Jon Stephens,2,1.0,2005-07-12,1
4.89,5.46,3298,1.1,0.3,Kamakura,3.33,9,Japan,79,RACHEL BARNES,5.99,1,1,1,2,Jon Stephens,2,1.0,2005-07-11,1
4.89,5.46,3298,1.1,0.3,Tandil,3.33,3,Argentina,405,LEONARD SCHOFIELD,5.99,1,1,1,2,Jon Stephens,2,1.0,2005-08-18,1
4.89,5.46,3300,1.1,0.23,Rio Claro,4.29,13,Brazil,74,DENISE KELLY,5.99,1,1,1,2,Jon Stephens,2,1.0,2005-07-29,1
4.89,50.07,3301,0.1,0.03,Tiefa,30.0,9,China,302,MICHAEL SILVERMAN,4.99,1,1,1,2,Jon Stephens,2,0.0,2005-07-08,1
4.89,50.07,3302,0.1,0.03,Kanchrapara,30.0,24,India,492,LESTER KRAUS,4.99,1,1,1,2,Jon Stephens,2,0.0,2005-08-19,1
4.91,5.62,3295,1.06,0.4,Changhwa,7.5,4,Taiwan,75,TAMMY SANDERS,5.97,3,2,2,2,Jon Stephens,2,0.3333,2005-07-28,3
4.92,3.39,3287,2.06,0.5,Jamalpur,4.0,1,Bangladesh,329,FRANK WAGGONER,6.98,2,2,2,2,Jon Stephens,2,0.5,2005-08-02,2
4.92,5.62,3289,1.06,0.3,Tangail,6.67,2,Bangladesh,21,MICHELLE CLARK,5.98,2,2,2,1,Mike Hillyer,1,0.0,2005-08-01,2
4.92,5.62,3290,1.06,0.27,Charlotte Amalie,7.5,1,"Virgin Islands, U.S.",406,NATHAN RUNYON,5.98,2,1,1,2,Jon Stephens,2,0.5,2005-07-09,2
4.92,5.62,3290,1.06,0.27,Hamilton,7.5,1,New Zealand,8,SUSAN WILSON,5.98,2,2,2,2,Jon Stephens,2,0.0,2005-07-09,2
4.92,5.62,3292,1.06,0.23,Plock,8.57,3,Poland,571,JOHNNIE CHISHOLM,5.98,2,2,2,2,Jon Stephens,2,0.0,2005-08-19,2
4.92,5.62,3293,1.06,0.2,Serpuhov,10.0,7,Russian Federation,567,ALFREDO MCADAMS,5.98,2,2,2,1,Mike Hillyer,1,0.0,2005-08-17,2
4.92,5.62,3294,1.07,0.17,Daugavpils,12.0,2,Latvia,347,RYAN SALISBURY,5.98,2,1,1,2,Jon Stephens,2,0.0,2005-07-06,2
4.92,5.63,3288,1.06,0.4,Valle de Santiago,5.0,10,Mexico,288,BOBBIE CRAIG,5.98,2,2,2,1,Mike Hillyer,1,0.0,2005-08-22,2
4.93,5.62,3286,1.07,0.17,La Paz,6.0,7,Mexico,488,SHANE MILLARD,5.99,1,1,1,2,Jon Stephens,2,1.0,2005-07-12,1
4.93,5.63,3281,1.06,0.33,Emmen,3.0,3,Netherlands,474,DUSTIN GILLETTE,5.99,1,1,1,2,Jon Stephens,2,1.0,2005-08-01,1
4.93,5.63,3282,1.06,0.3,Davao,3.33,5,Philippines,27,SHIRLEY ALLEN,5.99,1,1,1,1,Mike Hillyer,1,1.0,2005-07-08,1
4.93,5.63,3282,1.06,0.3,Etawah,3.33,24,India,121,JOSEPHINE GOMEZ,5.99,1,1,1,2,Jon Stephens,2,1.0,2005-08-01,1
4.93,5.63,3284,1.06,0.23,Tabuk,4.29,2,Saudi Arabia,312,MARK RINEHART,5.99,1,1,1,2,Jon Stephens,2,1.0,2005-08-17,1
4.93,5.63,3285,1.06,0.23,Pathankot,4.29,25,India,95,PAULA BRYANT,5.99,1,1,1,2,Jon Stephens,2,1.0,2005-08-18,1
4.95,3.44,3266,2.03,0.43,Yerevan,4.62,1,Armenia,41,STEPHANIE MITCHELL,6.98,2,1,1,2,Jon Stephens,2,0.5,2005-08-18,2
4.95,3.44,3267,2.03,0.43,Blumenau,4.62,6,Brazil,206,TERRI VASQUEZ,6.98,2,2,2,1,Mike Hillyer,1,1.0,2005-08-02,2
4.95,5.8,3269,1.03,0.27,Koriyama,7.5,9,Japan,401,TONY CARRANZA,5.98,2,1,1,2,Jon Stephens,2,0.0,2005-07-31,2
4.95,5.8,3269,1.03,0.27,Korolev,7.5,8,Russian Federation,393,PHILIP CAUSEY,5.98,2,1,1,1,Mike Hillyer,1,0.5,2005-08-18,2
4.95,5.8,3269,1.03,0.27,Vicente Lpez,7.5,5,Argentina,219,WILLIE HOWELL,5.98,2,2,2,2,Jon Stephens,2,0.0,2005-08-20,2
4.95,5.8,3272,1.03,0.27,Huixquilucan,7.5,9,Mexico,108,TRACY COLE,5.98,2,1,1,1,Mike Hillyer,1,0.5,2005-07-08,2
4.95,5.8,3273,1.03,0.27,Guadalajara,7.5,9,Mexico,364,BENJAMIN VARNEY,5.98,2,2,2,2,Jon Stephens,2,0.0,2005-08-20,2
4.95,5.8,3273,1.03,0.27,Taizz,7.5,2,Yemen,213,GINA WILLIAMSON,5.98,2,2,2,2,Jon Stephens,2,0.5,2005-08-19,2
4.95,5.8,3275,1.03,0.23,Carmen,8.57,9,Mexico,578,WILLARD LUMPKIN,5.98,2,1,1,1,Mike Hillyer,1,0.0,2005-07-12,2
4.95,5.8,3275,1.03,0.23,s-Hertogenbosch,8.57,2,Netherlands,184,VIVIAN RUIZ,5.98,2,1,1,1,Mike Hillyer,1,1.0,2005-07-30,2
4.95,5.8,3277,1.03,0.23,Tama,8.57,4,Japan,385,PHILLIP HOLM,5.98,2,1,1,1,Mike Hillyer,1,0.0,2005-07-29,2
4.95,5.8,3278,1.03,0.2,Madiun,10.0,4,Indonesia,500,REGINALD KINDER,5.98,2,2,2,2,Jon Stephens,2,0.0,2005-07-08,2
4.95,5.8,3279,1.03,0.2,Klerksdorp,10.0,3,South Africa,109,EDNA WEST,5.98,2,2,2,2,Jon Stephens,2,1.0,2005-07-09,2
4.95,5.8,3279,1.03,0.2,Sogamoso,10.0,2,Colombia,490,SAM MCDUFFIE,5.98,2,2,2,1,Mike Hillyer,1,0.5,2005-07-10,2
4.95,5.81,3268,1.03,0.33,Datong,6.0,23,China,260,CHRISTY VARGAS,5.98,2,2,2,2,Jon Stephens,2,1.0,2005-07-30,2
4.96,151.21,3265,0.03,0.03,Florencia,30.0,2,Colombia,460,LEON BOSTIC,4.99,1,1,1,2,Jon Stephens,2,1.0,2005-07-06,1
4.96,5.81,3256,1.03,0.3,Amersfoort,3.33,2,Netherlands,415,GLENN PULLEN,5.99,1,1,1,2,Jon Stephens,2,1.0,2005-08-17,1
4.96,5.81,3256,1.03,0.3,Rockford,3.33,9,United States,457,BILL GAVIN,5.99,1,1,1,2,Jon Stephens,2,1.0,2005-07-08,1
4.96,5.81,3258,1.03,0.27,Batman,3.75,7,Turkey,172,BERNICE WILLIS,5.99,1,1,1,1,Mike Hillyer,1,1.0,2005-07-12,1
4.96,5.81,3258,1.03,0.27,Vaduz,3.75,1,Liechtenstein,57,EVELYN MORGAN,5.99,1,1,1,2,Jon Stephens,2,1.0,2005-07-29,1
4.96,5.81,3260,1.03,0.27,Sanya,3.75,15,China,546,KELLY KNOTT,5.99,1,1,1,2,Jon Stephens,2,1.0,2005-08-20,1
4.96,5.81,3261,1.03,0.23,Mexicali,4.29,6,Mexico,343,DOUGLAS GRAF,5.99,1,1,1,1,Mike Hillyer,1,1.0,2005-07-06,1
4.96,5.81,3261,1.03,0.23,Sirjan,4.29,4,Iran,449,OSCAR AQUINO,5.99,1,1,1,2,Jon Stephens,2,1.0,2005-07-31,1
4.96,5.81,3263,1.03,0.17,Nanyang,6.0,23,China,37,PAMELA BAKER,5.99,1,1,1,1,Mike Hillyer,1,1.0,2005-07-31,1
4.96,5.81,3263,1.03,0.17,Plock,6.0,3,Poland,571,JOHNNIE CHISHOLM,5.99,1,1,1,1,Mike Hillyer,1,1.0,2005-07-28,1
4.97,5.99,3255,1.0,0.27,Pachuca de Soto,11.25,10,Mexico,353,JONATHAN SCARBOROUGH,5.97,3,2,2,2,Jon Stephens,2,0.3333,2005-08-23,3
4.98,5.99,3252,1.0,0.23,Atinsk,8.57,6,Russian Federation,397,JIMMY SCHRADER,5.98,2,1,1,2,Jon Stephens,2,0.0,2005-07-11,2
4.98,5.99,3252,1.0,0.23,La Romana,8.57,2,Dominican Republic,437,RANDALL NEUMANN,5.98,2,1,1,2,Jon Stephens,2,0.0,2005-07-30,2
4.98,5.99,3254,1.0,0.17,al-Qatif,12.0,2,Saudi Arabia,417,TRAVIS ESTEP,5.98,2,2,2,2,Jon Stephens,2,0.5,2005-07-30,2
4.98,6.0,3248,1.0,0.3,Sousse,6.67,1,Tunisia,335,GREGORY MAULDIN,5.98,2,1,1,2,Jon Stephens,2,0.0,2005-08-22,2
4.98,6.0,3249,1.0,0.27,Balurghat,7.5,17,India,208,LUCY WHEELER,5.98,2,2,2,2,Jon Stephens,2,1.0,2005-07-28,2
4.98,6.0,3250,1.0,0.27,Oulu,7.5,1,Finland,298,ERIKA PENA,5.98,2,2,2,1,Mike Hillyer,1,0.0,2005-07-09,2
4.98,6.0,3251,1.0,0.27,Kakamigahara,7.5,11,Japan,163,CATHY SPENCER,5.98,2,1,1,2,Jon Stephens,2,0.5,2005-07-28,2
4.99,3.5,3247,1.99,0.53,Xintai,3.75,15,China,564,BOB PFEIFFER,6.98,2,2,2,1,Mike Hillyer,1,1.0,2005-08-21,2
4.99,6.0,3243,1.0,0.23,Nakhon Sawan,4.29,1,Thailand,390,SHAWN HEATON,5.99,1,1,1,1,Mike Hillyer,1,1.0,2005-08-17,1
4.99,6.0,3244,1.0,0.23,Idfu,4.29,3,Egypt,233,LILLIE KIM,5.99,1,1,1,1,Mike Hillyer,1,1.0,2005-08-18,1
4.99,6.0,3244,1.0,0.23,Jinchang,4.29,9,China,168,REGINA BERRY,5.99,1,1,1,1,Mike Hillyer,1,1.0,2005-07-11,1
4.99,6.0,3246,1.0,0.2,Beira,5.0,2,Mozambique,257,MARSHA DOUGLAS,5.99,1,1,1,1,Mike Hillyer,1,1.0,2005-07-11,1
4.99,6.01,3237,1.0,0.3,Caracas,3.33,3,Venezuela,111,CARMEN OWENS,5.99,1,1,1,2,Jon Stephens,2,1.0,2005-08-20,1
4.99,6.01,3238,1.0,0.3,Syktyvkar,3.33,7,Russian Federation,428,HERBERT KRUGER,5.99,1,1,1,1,Mike Hillyer,1,1.0,2005-07-12,1
4.99,6.01,3239,1.0,0.3,Iwatsuki,3.33,9,Japan,396,EARL SHANKS,5.99,1,1,1,1,Mike Hillyer,1,1.0,2005-07-30,1
4.99,6.01,3240,1.0,0.27,Chungho,3.75,3,Taiwan,517,BRAD MCCURDY,5.99,1,1,1,1,Mike Hillyer,1,1.0,2005-08-23,1
4.99,6.01,3240,1.0,0.27,Iwakuni,3.75,9,Japan,54,TERESA ROGERS,5.99,1,1,1,2,Jon Stephens,2,1.0,2005-08-01,1
4.99,6.01,3242,1.0,0.27,Valencia,3.75,1,Venezuela,539,MATHEW BOLIN,5.99,1,1,1,2,Jon Stephens,2,1.0,2005-07-12,1
5.02,6.2,3234,0.96,0.27,Dongying,7.5,18,China,466,LEO EBERT,5.98,2,2,2,1,Mike Hillyer,1,0.5,2005-08-02,2
5.02,6.2,3235,0.96,0.2,Junan,10.0,23,China,435,RICKY SHELBY,5.98,2,1,1,2,Jon Stephens,2,0.5,2005-07-30,2
5.02,6.2,3236,0.97,0.17,Dallas,12.0,11,United States,400,BRYAN HARDISON,5.98,2,1,1,2,Jon Stephens,2,1.0,2005-07-27,2
5.02,6.21,3233,0.96,0.3,Masqat,6.67,1,Oman,9,MARGARET MOORE,5.98,2,1,1,1,Mike Hillyer,1,0.0,2005-08-01,2
5.03,6.21,3229,0.96,0.23,Touliu,4.29,2,Taiwan,139,AMBER DIXON,5.99,1,1,1,2,Jon Stephens,2,1.0,2005-08-21,1
5.03,6.21,3230,0.96,0.23,Haiphong,4.29,3,Vietnam,199,BETH FRANKLIN,5.99,1,1,1,2,Jon Stephens,2,1.0,2005-07-10,1
5.03,6.21,3231,0.96,0.2,Nukualofa,5.0,1,Tonga,344,HENRY BILLINGSLEY,5.99,1,1,1,2,Jon Stephens,2,1.0,2005-08-02,1
5.03,6.21,3232,0.96,0.2,Haining,5.0,13,China,552,HUGH WALDROP,5.99,1,1,1,2,Jon Stephens,2,1.0,2005-07-29,1
5.03,6.22,3227,0.96,0.3,Wroclaw,3.33,2,Poland,558,JIMMIE EGGLESTON,5.99,1,1,1,2,Jon Stephens,2,1.0,2005-08-20,1
5.03,6.22,3228,0.96,0.3,Southend-on-Sea,3.33,3,United Kingdom,16,SANDRA MARTIN,5.99,1,1,1,2,Jon Stephens,2,1.0,2005-07-31,1
5.05,6.42,3223,0.93,0.23,Carmen,8.57,8,Mexico,578,WILLARD LUMPKIN,5.98,2,1,1,1,Mike Hillyer,1,0.0,2005-07-28,2
5.05,6.42,3224,0.93,0.2,Hino,10.0,4,Japan,194,KRISTEN CHAVEZ,5.98,2,2,2,1,Mike Hillyer,1,0.5,2005-07-09,2
5.05,6.42,3225,0.93,0.2,Jurez,10.0,8,Mexico,369,FRED WHEAT,5.98,2,2,2,2,Jon Stephens,2,0.0,2005-07-29,2
5.05,6.42,3226,0.93,0.2,Abu Dhabi,10.0,3,United Arab Emirates,452,TOM MILNER,5.98,2,1,1,1,Mike Hillyer,1,0.5,2005-08-18,2
5.05,6.43,3222,0.93,0.27,Beni-Mellal,7.5,1,Morocco,543,LANCE PEMBERTON,5.98,2,2,2,1,Mike Hillyer,1,0.0,2005-08-01,2
5.06,6.43,3216,0.93,0.23,Bern,4.29,2,Switzerland,155,GAIL KNIGHT,5.99,1,1,1,2,Jon Stephens,2,1.0,2005-07-28,1
5.06,6.43,3217,0.93,0.23,Idfu,4.29,3,Egypt,233,LILLIE KIM,5.99,1,1,1,2,Jon Stephens,2,1.0,2005-07-09,1
5.06,6.43,3218,0.93,0.2,Coacalco de Berriozbal,5.0,7,Mexico,247,STELLA MORENO,5.99,1,1,1,1,Mike Hillyer,1,1.0,2005-07-28,1
5.06,6.43,3218,0.93,0.2,Namibe,5.0,1,Angola,383,MARTIN BALES,5.99,1,1,1,2,Jon Stephens,2,1.0,2005-07-08,1
5.06,6.43,3220,0.93,0.2,Cuman,5.0,2,Venezuela,113,CINDY FISHER,5.99,1,1,1,2,Jon Stephens,2,1.0,2005-07-06,1
5.06,6.43,3221,0.93,0.13,La Paz,7.5,9,Mexico,488,SHANE MILLARD,5.99,1,1,1,1,Mike Hillyer,1,1.0,2005-07-27,1
5.06,6.44,3213,0.93,0.3,Ranchi,3.33,15,India,358,SAMUEL MARLOW,5.99,1,1,1,2,Jon Stephens,2,1.0,2005-08-02,1
5.06,6.44,3214,0.93,0.3,Uttarpara-Kotrung,3.33,24,India,231,GEORGIA JACOBS,5.99,1,1,1,2,Jon Stephens,2,1.0,2005-07-30,1
5.06,6.44,3215,0.93,0.3,Iwatsuki,3.33,14,Japan,396,EARL SHANKS,5.99,1,1,1,2,Jon Stephens,2,1.0,2005-08-18,1
5.08,3.68,3203,1.9,0.4,Cape Coral,5.0,10,United States,526,KARL SEAL,6.98,2,1,1,2,Jon Stephens,2,0.5,2005-07-09,2
5.08,6.66,3205,0.9,0.27,Bradford,7.5,5,United Kingdom,85,ANNE POWELL,5.98,2,1,1,1,Mike Hillyer,1,0.0,2005-08-01,2
5.08,6.66,3206,0.9,0.27,Liepaja,7.5,1,Latvia,23,SARAH LEWIS,5.98,2,1,1,1,Mike Hillyer,1,1.0,2005-07-11,2
5.08,6.66,3207,0.9,0.23,guas Lindas de Gois,8.57,7,Brazil,130,CHARLOTTE HUNTER,5.98,2,1,1,1,Mike Hillyer,1,0.5,2005-08-17,2
5.08,6.66,3208,0.9,0.23,Roanoke,8.57,11,United States,291,TONI HOLT,5.98,2,2,2,2,Jon Stephens,2,0.5,2005-07-29,2
5.08,6.66,3209,0.9,0.2,Moscow,10.0,13,Russian Federation,46,CATHERINE CAMPBELL,5.98,2,2,2,1,Mike Hillyer,1,0.0,2005-07-31,2
5.08,6.66,3210,0.9,0.2,Ezhou,10.0,22,China,313,DONALD MAHON,5.98,2,1,1,2,Jon Stephens,2,1.0,2005-08-17,2
5.08,6.66,3211,0.9,0.17,Rancagua,12.0,2,Chile,464,JEROME KENYON,5.98,2,2,2,1,Mike Hillyer,1,0.5,2005-08-23,2
5.08,6.66,3212,0.9,0.17,Bat Yam,12.0,2,Israel,315,KENNETH GOODEN,5.98,2,2,2,2,Jon Stephens,2,0.5,2005-08-21,2
5.08,6.67,3204,0.9,0.37,Gingoog,5.45,7,Philippines,461,DEREK BLAKELY,5.98,2,1,1,1,Mike Hillyer,1,0.0,2005-08-19,2
5.09,6.67,3199,0.9,0.2,Bern,5.0,2,Switzerland,155,GAIL KNIGHT,5.99,1,1,1,2,Jon Stephens,2,1.0,2005-08-17,1
5.09,6.67,3200,0.9,0.2,Vila Velha,5.0,5,Brazil,39,DEBRA NELSON,5.99,1,1,1,1,Mike Hillyer,1,1.0,2005-07-07,1
5.09,6.67,3201,0.9,0.17,Cavite,6.0,5,Philippines,388,CRAIG MORRELL,5.99,1,1,1,2,Jon Stephens,2,1.0,2005-07-08,1
5.09,6.67,3202,0.9,0.17,Rancagua,6.0,1,Chile,464,JEROME KENYON,5.99,1,1,1,1,Mike Hillyer,1,1.0,2005-07-31,1
5.09,6.68,3196,0.9,0.3,Oulu,3.33,1,Finland,298,ERIKA PENA,5.99,1,1,1,2,Jon Stephens,2,1.0,2005-07-29,1
5.09,6.68,3197,0.9,0.27,Kilis,3.75,4,Turkey,143,LESLIE GORDON,5.99,1,1,1,1,Mike Hillyer,1,1.0,2005-08-22,1
5.09,6.68,3197,0.9,0.27,Novoterkassk,3.75,7,Russian Federation,191,JEANETTE GREENE,5.99,1,1,1,1,Mike Hillyer,1,1.0,2005-07-10,1
5.12,6.91,3195,0.87,0.17,Stara Zagora,12.0,2,Bulgaria,215,JESSIE BANKS,5.98,2,2,2,2,Jon Stephens,2,0.5,2005-07-31,2
5.12,6.92,3190,0.87,0.13,Joliet,7.5,7,United States,504,NATHANIEL ADAM,5.99,1,1,1,1,Mike Hillyer,1,1.0,2005-07-07,1
5.12,6.92,3191,0.86,0.2,Amersfoort,10.0,3,Netherlands,415,GLENN PULLEN,5.98,2,2,2,1,Mike Hillyer,1,0.0,2005-07-28,2
5.12,6.92,3192,0.86,0.2,Tartu,10.0,1,Estonia,444,MARCUS HIDALGO,5.98,2,2,2,1,Mike Hillyer,1,0.5,2005-07-06,2
5.12,6.92,3193,0.86,0.2,Cuernavaca,10.0,6,Mexico,575,ISAAC OGLESBY,5.98,2,1,1,2,Jon Stephens,2,0.0,2005-07-30,2
5.12,6.92,3193,0.86,0.2,Tanshui,10.0,4,Taiwan,577,CLIFTON MALCOLM,5.98,2,2,2,2,Jon Stephens,2,0.0,2005-07-12,2
5.13,6.92,3188,0.87,0.17,Hino,6.0,10,Japan,194,KRISTEN CHAVEZ,5.99,1,1,1,2,Jon Stephens,2,1.0,2005-08-02,1
5.13,6.92,3188,0.87,0.17,Tanauan,6.0,4,Philippines,373,LOUIS LEONE,5.99,1,1,1,1,Mike Hillyer,1,1.0,2005-07-09,1
5.13,6.93,3178,0.86,0.27,Batna,3.75,1,Algeria,441,MARIO CHEATHAM,5.99,1,1,1,1,Mike Hillyer,1,1.0,2005-07-26,1
5.13,6.93,3179,0.86,0.27,Lhokseumawe,3.75,3,Indonesia,473,JORGE OLIVARES,5.99,1,1,1,2,Jon Stephens,2,1.0,2005-07-09,1
5.13,6.93,3179,0.86,0.27,Tangail,3.75,2,Bangladesh,21,MICHELLE CLARK,5.99,1,1,1,1,Mike Hillyer,1,1.0,2005-07-31,1
5.13,6.93,3179,0.86,0.27,Tete,3.75,2,Mozambique,97,ANNIE RUSSELL,5.99,1,1,1,2,Jon Stephens,2,1.0,2005-07-27,1
5.13,6.93,3182,0.86,0.27,Rampur,3.75,12,India,336,JOSHUA MARK,5.99,1,1,1,2,Jon Stephens,2,1.0,2005-07-07,1
5.13,6.93,3183,0.86,0.23,Yuncheng,4.29,7,China,154,MICHELE GRANT,5.99,1,1,1,1,Mike Hillyer,1,1.0,2005-07-08,1
5.13,6.93,3184,0.86,0.23,Guaruj,4.29,10,Brazil,427,JESUS MCCARTNEY,5.99,1,1,1,2,Jon Stephens,2,1.0,2005-07-10,1
5.13,6.93,3185,0.86,0.23,Vinh,4.29,2,Vietnam,523,HARVEY GUAJARDO,5.99,1,1,1,1,Mike Hillyer,1,1.0,2005-07-29,1
5.13,6.93,3186,0.86,0.2,Bamenda,5.0,1,Cameroon,352,ALBERT CROUSE,5.99,1,1,1,2,Jon Stephens,2,1.0,2005-07-11,1
5.13,6.93,3186,0.86,0.2,Ondo,5.0,2,Nigeria,156,BERTHA FERGUSON,5.99,1,1,1,1,Mike Hillyer,1,1.0,2005-08-17,1
5.13,6.94,3177,0.86,0.33,Cianjur,3.0,8,Indonesia,411,NORMAN CURRIER,5.99,1,1,1,2,Jon Stephens,2,1.0,2005-07-29,1
5.14,3.81,3174,1.83,0.53,Jinzhou,5.63,15,China,595,TERRENCE GUNDERSON,6.97,3,1,1,2,Jon Stephens,2,0.0,2005-08-23,3
5.14,3.81,3175,1.83,0.5,Taguig,6.0,6,Philippines,72,THERESA WATSON,6.97,3,2,2,1,Mike Hillyer,1,0.0,2005-08-20,3
5.14,7.18,3176,0.83,0.23,Datong,12.86,15,China,260,CHRISTY VARGAS,5.97,3,1,1,1,Mike Hillyer,1,0.3333,2005-07-29,3
5.15,3.82,3167,1.83,0.4,Tabriz,5.0,3,Iran,279,DIANNE SHELTON,6.98,2,2,2,1,Mike Hillyer,1,1.0,2005-08-21,2
5.15,7.19,3170,0.83,0.2,Fengshan,10.0,3,Taiwan,576,MORRIS MCCARTER,5.98,2,2,2,1,Mike Hillyer,1,1.0,2005-07-27,2
5.15,7.19,3171,0.83,0.2,Zhezqazghan,10.0,1,Kazakstan,573,BYRON BOX,5.98,2,2,2,1,Mike Hillyer,1,0.0,2005-07-07,2
5.15,7.19,3172,0.83,0.17,Changzhou,12.0,23,China,197,SUE PETERS,5.98,2,2,2,1,Mike Hillyer,1,0.5,2005-07-30,2
5.15,7.19,3173,0.83,0.13,Denizli,15.0,7,Turkey,483,VERNON CHAPA,5.98,2,2,2,1,Mike Hillyer,1,0.5,2005-07-27,2
5.15,7.2,3168,0.83,0.23,Saint-Denis,8.57,1,Runion,148,ELEANOR HUNT,5.98,2,1,1,1,Mike Hillyer,1,0.0,2005-07-08,2
5.15,7.2,3169,0.83,0.23,Songkhla,8.57,1,Thailand,86,JACQUELINE LONG,5.98,2,2,2,2,Jon Stephens,2,0.0,2005-07-06,2
5.16,7.2,3162,0.83,0.17,Ibirit,6.0,13,Brazil,310,DANIEL CABRAL,5.99,1,1,1,2,Jon Stephens,2,1.0,2005-07-29,1
5.16,7.2,3162,0.83,0.17,Nanyang,6.0,14,China,37,PAMELA BAKER,5.99,1,1,1,1,Mike Hillyer,1,1.0,2005-07-09,1
5.16,7.2,3164,0.83,0.17,Nagareyama,6.0,7,Japan,53,HEATHER MORRIS,5.99,1,1,1,1,Mike Hillyer,1,1.0,2005-08-17,1
5.16,7.2,3165,0.83,0.13,Halisahar,7.5,12,India,259,LENA JENSEN,5.99,1,1,1,2,Jon Stephens,2,1.0,2005-07-07,1
5.16,7.2,3166,0.83,0.13,Talavera,7.5,5,Philippines,505,RAFAEL ABNEY,5.99,1,1,1,2,Jon Stephens,2,1.0,2005-07-07,1
5.16,7.21,3152,0.83,0.27,Ranchi,3.75,10,India,358,SAMUEL MARLOW,5.99,1,1,1,2,Jon Stephens,2,1.0,2005-07-09,1
5.16,7.21,3153,0.83,0.23,Ezhou,4.29,17,China,313,DONALD MAHON,5.99,1,1,1,2,Jon Stephens,2,1.0,2005-08-01,1
5.16,7.21,3153,0.83,0.23,Parbhani,4.29,11,India,300,JOHN FARNSWORTH,5.99,1,1,1,1,Mike Hillyer,1,1.0,2005-07-12,1
5.16,7.21,3153,0.83,0.23,Peoria,4.29,10,United States,275,CAROLE BARNETT,5.99,1,1,1,2,Jon Stephens,2,1.0,2005-07-11,1
5.16,7.21,3153,0.83,0.23,Springs,4.29,3,South Africa,83,LOUISE JENKINS,5.99,1,1,1,2,Jon Stephens,2,1.0,2005-08-19,1
5.16,7.21,3157,0.83,0.23,Pemalang,4.29,7,Indonesia,116,VICTORIA GIBSON,5.99,1,1,1,2,Jon Stephens,2,1.0,2005-07-28,1
5.16,7.21,3158,0.83,0.2,Kingstown,5.0,1,Saint Vincent and the Grenadines,326,JOSE ANDREW,5.99,1,1,1,1,Mike Hillyer,1,1.0,2005-07-09,1
5.16,7.21,3158,0.83,0.2,Salamanca,5.0,8,Mexico,273,PRISCILLA LOWE,5.99,1,1,1,1,Mike Hillyer,1,1.0,2005-07-08,1
5.16,7.21,3158,0.83,0.2,Sunnyvale,5.0,10,United States,214,KRISTIN JOHNSTON,5.99,1,1,1,2,Jon Stephens,2,1.0,2005-07-28,1
5.16,7.21,3161,0.83,0.2,Celaya,5.0,7,Mexico,587,SERGIO STANFIELD,5.99,1,1,1,2,Jon Stephens,2,1.0,2005-07-29,1
5.16,7.22,3151,0.83,0.33,London,3.0,2,United Kingdom,252,MATTIE HOFFMAN,5.99,1,1,1,2,Jon Stephens,2,1.0,2005-08-20,1
5.17,3.88,3149,1.8,0.37,Sunnyvale,8.18,9,United States,214,KRISTIN JOHNSTON,6.97,3,1,1,1,Mike Hillyer,1,0.6667,2005-08-20,3
5.17,3.88,3150,1.8,0.33,Lapu-Lapu,9.0,6,Philippines,244,VIOLA HANSON,6.97,3,2,2,1,Mike Hillyer,1,0.3333,2005-08-20,3
5.18,3.88,3135,1.8,0.33,Halisahar,6.0,23,India,259,LENA JENSEN,6.98,2,1,1,1,Mike Hillyer,1,1.0,2005-08-01,2
5.18,3.89,3132,1.8,0.4,Uttarpara-Kotrung,5.0,14,India,231,GEORGIA JACOBS,6.98,2,2,2,1,Mike Hillyer,1,0.5,2005-08-22,2
5.18,3.89,3133,1.8,0.37,Yangor,5.45,1,Nauru,513,DUANE TUBBS,6.98,2,2,2,1,Mike Hillyer,1,0.5,2005-07-31,2
5.18,7.49,3139,0.8,0.2,Kisumu,10.0,2,Kenya,193,KATIE ELLIOTT,5.98,2,1,1,2,Jon Stephens,2,0.0,2005-08-18,2
5.18,7.49,3140,0.8,0.2,Sousse,10.0,1,Tunisia,335,GREGORY MAULDIN,5.98,2,1,1,1,Mike Hillyer,1,0.0,2005-07-09,2
5.18,7.49,3141,0.8,0.2,Bhusawal,10.0,13,India,202,CARLA GUTIERREZ,5.98,2,2,2,1,Mike Hillyer,1,1.0,2005-07-09,2
5.18,7.49,3141,0.8,0.2,Hunuco,10.0,2,Peru,565,JAIME NETTLES,5.98,2,2,2,1,Mike Hillyer,1,0.0,2005-07-09,2
5.18,7.49,3141,0.8,0.2,Siegen,10.0,3,Germany,195,VANESSA SIMS,5.98,2,1,1,2,Jon Stephens,2,0.5,2005-07-29,2
5.18,7.49,3144,0.8,0.17,Jedda,12.0,1,Saudi Arabia,49,JOYCE EDWARDS,5.98,2,1,1,2,Jon Stephens,2,0.0,2005-07-06,2
5.18,7.49,3144,0.8,0.17,Tieli,12.0,25,China,599,AUSTIN CINTRON,5.98,2,1,1,2,Jon Stephens,2,0.5,2005-07-31,2
5.18,7.49,3146,0.8,0.17,Clarksville,12.0,11,United States,140,EVA RAMOS,5.98,2,1,1,1,Mike Hillyer,1,0.5,2005-07-30,2
5.18,7.49,3146,0.8,0.17,Tafuna,12.0,1,American Samoa,320,ANTHONY SCHWAB,5.98,2,1,1,2,Jon Stephens,2,0.5,2005-07-06,2
5.18,7.49,3148,0.8,0.13,Pachuca de Soto,15.0,9,Mexico,353,JONATHAN SCARBOROUGH,5.98,2,2,2,1,Mike Hillyer,1,1.0,2005-07-12,2
5.18,7.5,3136,0.8,0.27,Escobar,7.5,6,Argentina,445,MICHEAL FORMAN,5.98,2,2,2,1,Mike Hillyer,1,0.0,2005-07-31,2
5.18,7.5,3137,0.8,0.23,Iwatsuki,8.57,4,Japan,396,EARL SHANKS,5.98,2,1,1,2,Jon Stephens,2,0.0,2005-07-29,2
5.18,7.5,3138,0.8,0.23,Barcelona,8.57,2,Venezuela,568,ALBERTO HENNING,5.98,2,1,1,1,Mike Hillyer,1,0.0,2005-07-10,2
5.18,7.51,3134,0.8,0.33,South Hill,6.0,1,Anguilla,381,BOBBY BOUDREAU,5.98,2,1,1,2,Jon Stephens,2,0.0,2005-07-30,2
5.19,3.89,3119,1.8,0.33,Mysore,3.0,19,India,59,CHERYL MURPHY,6.99,1,1,1,2,Jon Stephens,2,1.0,2005-07-31,1
5.19,3.89,3130,1.8,0.5,Jurez,4.0,9,Mexico,369,FRED WHEAT,6.98,2,2,2,2,Jon Stephens,2,0.5,2005-08-02,2
5.19,3.89,3130,1.8,0.5,Xiangfan,4.0,16,China,241,HEIDI LARSON,6.98,2,2,2,1,Mike Hillyer,1,0.5,2005-08-01,2
5.19,7.5,3125,0.8,0.17,Sagamihara,6.0,8,Japan,11,LISA ANDERSON,5.99,1,1,1,2,Jon Stephens,2,1.0,2005-07-10,1
5.19,7.5,3126,0.8,0.17,Fukuyama,6.0,6,Japan,141,DEBBIE REYES,5.99,1,1,1,1,Mike Hillyer,1,1.0,2005-07-08,1
5.19,7.5,3127,0.8,0.17,Dayton,6.0,10,United States,294,SHELLY WATTS,5.99,1,1,1,2,Jon Stephens,2,1.0,2005-07-11,1
5.19,7.5,3128,0.8,0.17,Tarlac,6.0,8,Philippines,548,ALLAN CORNISH,5.99,1,1,1,1,Mike Hillyer,1,1.0,2005-07-31,1
5.19,7.5,3129,0.8,0.17,Benguela,6.0,1,Angola,528,CLAUDE HERZOG,5.99,1,1,1,1,Mike Hillyer,1,1.0,2005-07-08,1
5.19,7.51,3120,0.8,0.23,Bayugan,4.29,6,Philippines,188,MELANIE ARMSTRONG,5.99,1,1,1,2,Jon Stephens,2,1.0,2005-07-10,1
5.19,7.51,3121,0.8,0.2,Bergamo,5.0,3,Italy,439,ALEXANDER FENNELL,5.99,1,1,1,2,Jon Stephens,2,1.0,2005-07-06,1
5.19,7.51,3122,0.8,0.2,Jinchang,5.0,9,China,168,REGINA BERRY,5.99,1,1,1,1,Mike Hillyer,1,1.0,2005-07-10,1
5.19,7.51,3123,0.8,0.2,Abha,5.0,2,Saudi Arabia,101,PEGGY MYERS,5.99,1,1,1,2,Jon Stephens,2,1.0,2005-07-27,1
5.19,7.51,3124,0.8,0.2,Callao,5.0,2,Peru,304,DAVID ROYAL,5.99,1,1,1,1,Mike Hillyer,1,1.0,2005-08-18,1
5.22,3.96,3112,1.76,0.43,Aden,4.62,1,Yemen,210,ELLA OLIVER,6.98,2,2,2,2,Jon Stephens,2,0.5,2005-07-28,2
5.22,3.96,3113,1.76,0.4,Shimonoseki,5.0,9,Japan,29,ANGELA HERNANDEZ,6.98,2,2,2,1,Mike Hillyer,1,1.0,2005-08-02,2
5.22,3.96,3114,1.76,0.4,ostka,5.0,2,Ukraine,475,PEDRO CHESTNUT,6.98,2,1,1,1,Mike Hillyer,1,0.5,2005-08-22,2
5.22,3.96,3115,1.76,0.33,Southampton,6.0,3,United Kingdom,583,MARSHALL THORN,6.98,2,1,1,1,Mike Hillyer,1,0.5,2005-07-09,2
5.22,7.82,3117,0.76,0.2,Anpolis,10.0,6,Brazil,229,TAMARA NGUYEN,5.98,2,2,2,2,Jon Stephens,2,0.0,2005-07-08,2
5.22,7.82,3118,0.77,0.17,Sumqayit,12.0,1,Azerbaijan,334,RAYMOND MCWHORTER,5.98,2,1,1,2,Jon Stephens,2,0.0,2005-07-09,2
5.22,7.83,3109,0.77,0.13,Rae Bareli,7.5,12,India,78,LORI WOOD,5.99,1,1,1,2,Jon Stephens,2,1.0,2005-07-07,1
5.22,7.83,3110,0.77,0.13,Juazeiro do Norte,7.5,5,Brazil,47,FRANCES PARKER,5.99,1,1,1,2,Jon Stephens,2,1.0,2005-07-07,1
5.22,7.83,3110,0.77,0.13,Mandi Bahauddin,7.5,3,Pakistan,223,MELINDA FERNANDEZ,5.99,1,1,1,1,Mike Hillyer,1,1.0,2005-08-19,1
5.22,7.83,3116,0.76,0.3,South Hill,6.67,1,Anguilla,381,BOBBY BOUDREAU,5.98,2,2,2,2,Jon Stephens,2,0.5,2005-08-17,2
5.23,3.96,3102,1.76,0.3,Coatzacoalcos,3.33,5,Mexico,482,MAURICE CRAWLEY,6.99,1,1,1,2,Jon Stephens,2,1.0,2005-07-28,1
5.23,7.83,3104,0.76,0.2,Isesaki,5.0,8,Japan,519,RON DELUCA,5.99,1,1,1,2,Jon Stephens,2,1.0,2005-07-10,1
5.23,7.83,3104,0.76,0.2,Sokoto,5.0,2,Nigeria,562,WALLACE SLONE,5.99,1,1,1,1,Mike Hillyer,1,1.0,2005-08-18,1
5.23,7.83,3106,0.76,0.2,Santiago de los Caballeros,5.0,2,Dominican Republic,258,MYRTLE FLEMING,5.99,1,1,1,2,Jon Stephens,2,1.0,2005-07-09,1
5.23,7.83,3107,0.77,0.17,Tarsus,6.0,3,Turkey,164,JOANN GARDNER,5.99,1,1,1,2,Jon Stephens,2,1.0,2005-08-20,1
5.23,7.83,3108,0.77,0.17,Junan,6.0,13,China,435,RICKY SHELBY,5.99,1,1,1,1,Mike Hillyer,1,1.0,2005-07-29,1
5.23,7.84,3101,0.76,0.3,Tandil,3.33,4,Argentina,405,LEONARD SCHOFIELD,5.99,1,1,1,1,Mike Hillyer,1,1.0,2005-07-30,1
5.23,7.84,3103,0.76,0.23,Uijongbu,4.29,2,South Korea,245,COURTNEY DAY,5.99,1,1,1,1,Mike Hillyer,1,1.0,2005-07-12,1
5.24,4.03,3100,1.73,0.33,Dallas,9.0,13,United States,400,BRYAN HARDISON,6.97,3,2,2,1,Mike Hillyer,1,0.0,2005-08-01,3
5.25,8.17,3097,0.73,0.17,Lubumbashi,12.0,2,"Congo, The Democratic Republic of the",387,JESSE SCHILLING,5.98,2,1,1,1,Mike Hillyer,1,0.0,2005-08-01,2
5.25,8.17,3098,0.73,0.13,Lapu-Lapu,15.0,5,Philippines,244,VIOLA HANSON,5.98,2,1,1,2,Jon Stephens,2,0.0,2005-07-09,2
5.25,8.17,3098,0.73,0.13,Suihua,15.0,12,China,511,CHESTER BENNER,5.98,2,2,2,1,Mike Hillyer,1,0.5,2005-07-06,2
5.25,8.18,3094,0.73,0.23,Augusta-Richmond County,8.57,10,United States,96,DIANA ALEXANDER,5.98,2,2,2,2,Jon Stephens,2,0.5,2005-07-06,2
5.25,8.18,3095,0.73,0.2,Satna,10.0,13,India,356,GERALD FULTZ,5.98,2,1,1,1,Mike Hillyer,1,0.0,2005-07-12,2
5.25,8.18,3096,0.73,0.2,Fuzhou,10.0,9,China,281,LEONA OBRIEN,5.98,2,1,1,2,Jon Stephens,2,0.0,2005-07-28,2
5.26,4.04,3081,1.73,0.33,Loja,3.0,2,Ecuador,589,TRACY HERRMANN,6.99,1,1,1,1,Mike Hillyer,1,1.0,2005-08-20,1
5.26,4.04,3081,1.73,0.33,Wroclaw,3.0,1,Poland,558,JIMMIE EGGLESTON,6.99,1,1,1,2,Jon Stephens,2,1.0,2005-07-09,1
5.26,4.04,3083,1.73,0.33,Simferopol,3.0,3,Ukraine,82,KATHRYN COLEMAN,6.99,1,1,1,2,Jon Stephens,2,1.0,2005-08-20,1
5.26,8.18,3093,0.73,0.13,Konotop,7.5,1,Ukraine,545,JULIO NOLAND,5.99,1,1,1,1,Mike Hillyer,1,1.0,2005-07-27,1
5.26,8.19,3084,0.73,0.23,Southend-on-Sea,4.29,5,United Kingdom,16,SANDRA MARTIN,5.99,1,1,1,2,Jon Stephens,2,1.0,2005-07-29,1
5.26,8.19,3085,0.73,0.2,Carmen,5.0,9,Mexico,578,WILLARD LUMPKIN,5.99,1,1,1,2,Jon Stephens,2,1.0,2005-07-27,1
5.26,8.19,3086,0.73,0.2,Mahajanga,5.0,1,Madagascar,81,ANDREA HENDERSON,5.99,1,1,1,2,Jon Stephens,2,1.0,2005-08-20,1
5.26,8.19,3087,0.73,0.2,Okara,5.0,2,Pakistan,399,DANNY ISOM,5.99,1,1,1,2,Jon Stephens,2,1.0,2005-07-29,1
5.26,8.19,3087,0.73,0.2,Zalantun,5.0,15,China,93,PHYLLIS FOSTER,5.99,1,1,1,2,Jon Stephens,2,1.0,2005-08-02,1
5.26,8.19,3089,0.73,0.17,Gorontalo,6.0,2,Indonesia,203,TARA RYAN,5.99,1,1,1,2,Jon Stephens,2,1.0,2005-07-10,1
5.26,8.19,3089,0.73,0.17,Maring,6.0,8,Brazil,246,MARIAN MENDOZA,5.99,1,1,1,2,Jon Stephens,2,1.0,2005-07-31,1
5.26,8.19,3089,0.73,0.17,Matsue,6.0,8,Japan,355,TERRY GRISSOM,5.99,1,1,1,1,Mike Hillyer,1,1.0,2005-07-10,1
5.26,8.19,3089,0.73,0.17,Salzburg,6.0,2,Austria,266,NORA HERRERA,5.99,1,1,1,2,Jon Stephens,2,1.0,2005-07-09,1
5.27,4.11,3080,1.7,0.43,Rio Claro,6.92,6,Brazil,74,DENISE KELLY,6.97,3,2,2,1,Mike Hillyer,1,0.3333,2005-08-23,3
5.28,4.11,3073,1.7,0.37,La Paz,5.45,11,Mexico,488,SHANE MILLARD,6.98,2,2,2,1,Mike Hillyer,1,0.5,2005-08-01,2
5.28,4.11,3074,1.7,0.33,Garden Grove,6.0,12,United States,593,RENE MCALISTER,6.98,2,1,1,1,Mike Hillyer,1,0.5,2005-08-21,2
5.28,8.56,3078,0.7,0.17,Bayugan,12.0,6,Philippines,188,MELANIE ARMSTRONG,5.98,2,2,2,1,Mike Hillyer,1,0.0,2005-07-27,2
5.28,8.56,3079,0.7,0.13,Portoviejo,15.0,1,Ecuador,262,PATSY DAVIDSON,5.98,2,1,1,1,Mike Hillyer,1,1.0,2005-07-06,2
5.28,8.57,3076,0.7,0.2,Sharja,10.0,1,United Arab Emirates,292,MISTY LAMBERT,5.98,2,1,1,2,Jon Stephens,2,0.0,2005-07-09,2
5.28,8.57,3077,0.7,0.2,Ozamis,10.0,6,Philippines,434,EDDIE TOMLIN,5.98,2,2,2,2,Jon Stephens,2,0.0,2005-08-17,2
5.28,8.58,3075,0.7,0.3,Gingoog,6.67,10,Philippines,461,DEREK BLAKELY,5.98,2,2,2,2,Jon Stephens,2,0.0,2005-07-31,2
5.29,4.12,3065,1.7,0.3,Iwaki,3.33,11,Japan,240,MARLENE WELCH,6.99,1,1,1,2,Jon Stephens,2,1.0,2005-08-18,1
5.29,8.58,3069,0.7,0.2,Cheju,5.0,3,South Korea,88,BONNIE HUGHES,5.99,1,1,1,1,Mike Hillyer,1,1.0,2005-07-27,1
5.29,8.58,3070,0.7,0.2,Chapra,5.0,11,India,509,RAUL FORTIER,5.99,1,1,1,1,Mike Hillyer,1,1.0,2005-07-12,1
5.29,8.58,3071,0.7,0.17,Uttarpara-Kotrung,6.0,19,India,231,GEORGIA JACOBS,5.99,1,1,1,1,Mike Hillyer,1,1.0,2005-08-17,1
5.29,8.58,3072,0.7,0.17,Lausanne,6.0,1,Switzerland,598,WADE DELVALLE,5.99,1,1,1,2,Jon Stephens,2,1.0,2005-07-10,1
5.29,8.59,3066,0.7,0.27,Oshawa,3.75,2,Canada,189,LORETTA CARPENTER,5.99,1,1,1,1,Mike Hillyer,1,1.0,2005-07-11,1
5.29,8.59,3067,0.7,0.23,Jakarta,4.29,3,Indonesia,153,SUZANNE NICHOLS,5.99,1,1,1,2,Jon Stephens,2,1.0,2005-07-08,1
5.29,8.59,3067,0.7,0.23,Tonghae,4.29,2,South Korea,536,FERNANDO CHURCHILL,5.99,1,1,1,1,Mike Hillyer,1,1.0,2005-07-11,1
5.31,8.99,3064,0.67,0.13,Carmen,15.0,10,Mexico,578,WILLARD LUMPKIN,5.98,2,1,1,1,Mike Hillyer,1,0.0,2005-07-09,2
5.32,8.99,3059,0.67,0.07,Alessandria,15.0,1,Italy,33,ANNA HILL,5.99,1,1,1,1,Mike Hillyer,1,1.0,2005-07-07,1
5.32,9.0,3056,0.67,0.13,Fuzhou,7.5,14,China,281,LEONA OBRIEN,5.99,1,1,1,2,Jon Stephens,2,1.0,2005-07-09,1
5.32,9.0,3057,0.67,0.13,Leshan,7.5,9,China,569,DAVE GARDINER,5.99,1,1,1,2,Jon Stephens,2,1.0,2005-07-11,1
5.32,9.0,3058,0.67,0.1,Bag,10.0,3,Brazil,398,ANTONIO MEEK,5.99,1,1,1,2,Jon Stephens,2,1.0,2005-07-09,1
5.32,9.0,3061,0.66,0.2,Lhokseumawe,10.0,4,Indonesia,473,JORGE OLIVARES,5.98,2,2,2,1,Mike Hillyer,1,0.0,2005-07-08,2
5.32,9.0,3061,0.66,0.2,Tabuk,10.0,3,Saudi Arabia,312,MARK RINEHART,5.98,2,2,2,1,Mike Hillyer,1,0.0,2005-07-12,2
5.32,9.0,3063,0.66,0.2,Laredo,10.0,11,United States,6,JENNIFER DAVIS,5.98,2,1,1,2,Jon Stephens,2,0.5,2005-07-27,2
5.32,9.01,3060,0.66,0.3,San Juan Bautista Tuxtepec,6.67,10,Mexico,425,FRANCIS SIKES,5.98,2,2,2,1,Mike Hillyer,1,0.5,2005-08-22,2
5.33,4.2,3048,1.66,0.33,Denizli,3.0,4,Turkey,483,VERNON CHAPA,6.99,1,1,1,1,Mike Hillyer,1,1.0,2005-08-02,1
5.33,4.2,3049,1.66,0.3,Cayenne,3.33,1,French Guiana,65,ROSE HOWARD,6.99,1,1,1,1,Mike Hillyer,1,1.0,2005-08-18,1
5.33,4.2,3050,1.66,0.3,Ashgabat,3.33,1,Turkmenistan,200,JEANNE LAWSON,6.99,1,1,1,2,Jon Stephens,2,1.0,2005-08-21,1
5.33,9.01,3053,0.66,0.2,Saint Louis,5.0,9,United States,62,JOAN COOPER,5.99,1,1,1,1,Mike Hillyer,1,1.0,2005-08-02,1
5.33,9.01,3054,0.67,0.17,Nagaon,6.0,24,India,152,ALICIA MILLS,5.99,1,1,1,1,Mike Hillyer,1,1.0,2005-07-30,1
5.33,9.01,3055,0.67,0.17,Nukualofa,6.0,1,Tonga,344,HENRY BILLINGSLEY,5.99,1,1,1,2,Jon Stephens,2,1.0,2005-07-11,1
5.33,9.02,3051,0.66,0.27,Hunuco,3.75,2,Peru,565,JAIME NETTLES,5.99,1,1,1,2,Jon Stephens,2,1.0,2005-07-27,1
5.33,9.02,3052,0.66,0.27,Cianjur,3.75,1,Indonesia,411,NORMAN CURRIER,5.99,1,1,1,1,Mike Hillyer,1,1.0,2005-08-17,1
5.35,3.04,3036,2.63,0.5,Goinia,4.0,3,Brazil,92,TINA SIMMONS,7.98,2,1,1,2,Jon Stephens,2,0.5,2005-08-02,2
5.35,4.28,3037,1.63,0.43,Korolev,4.62,7,Russian Federation,393,PHILIP CAUSEY,6.98,2,2,2,2,Jon Stephens,2,0.5,2005-08-22,2
5.35,4.28,3037,1.63,0.43,Laredo,4.62,15,United States,6,JENNIFER DAVIS,6.98,2,2,2,2,Jon Stephens,2,0.5,2005-08-23,2
5.35,4.28,3037,1.63,0.43,Nantou,4.62,3,Taiwan,5,ELIZABETH BROWN,6.98,2,1,1,1,Mike Hillyer,1,1.0,2005-07-30,2
5.35,4.28,3040,1.63,0.4,Etawah,5.0,16,India,121,JOSEPHINE GOMEZ,6.98,2,2,2,2,Jon Stephens,2,0.5,2005-08-19,2
5.35,4.28,3041,1.63,0.3,Apeldoorn,6.67,1,Netherlands,137,RHONDA KENNEDY,6.98,2,1,1,1,Mike Hillyer,1,0.5,2005-07-09,2
5.35,4.28,3042,1.63,0.27,Erlangen,7.5,3,Germany,448,MIGUEL BETANCOURT,6.98,2,1,1,1,Mike Hillyer,1,1.0,2005-08-21,2
5.35,9.46,3046,0.63,0.13,Baybay,15.0,5,Philippines,71,KATHY JAMES,5.98,2,1,1,2,Jon Stephens,2,1.0,2005-07-09,2
5.35,9.46,3046,0.63,0.13,Ciparay,15.0,3,Indonesia,328,JEFFREY SPEAR,5.98,2,2,2,1,Mike Hillyer,1,0.0,2005-07-31,2
5.35,9.47,3044,0.63,0.2,Ranchi,10.0,14,India,358,SAMUEL MARLOW,5.98,2,1,1,1,Mike Hillyer,1,0.0,2005-07-06,2
5.35,9.47,3045,0.63,0.17,Pachuca de Soto,12.0,11,Mexico,353,JONATHAN SCARBOROUGH,5.98,2,2,2,2,Jon Stephens,2,0.0,2005-08-02,2
5.35,9.48,3043,0.63,0.23,Vilnius,8.57,1,Lithuania,557,FELIX GAFFNEY,5.98,2,2,2,2,Jon Stephens,2,0.5,2005-08-20,2
5.36,4.29,3025,1.63,0.33,Duisburg,3.0,3,Germany,114,GRACE ELLIS,6.99,1,1,1,2,Jon Stephens,2,1.0,2005-08-20,1
5.36,4.29,3026,1.63,0.3,Halisahar,3.33,18,India,259,LENA JENSEN,6.99,1,1,1,2,Jon Stephens,2,1.0,2005-08-18,1
5.36,9.48,3030,0.63,0.17,Hubli-Dharwad,6.0,21,India,136,ANITA MORALES,5.99,1,1,1,2,Jon Stephens,2,1.0,2005-07-31,1
5.36,9.48,3031,0.63,0.17,Bydgoszcz,6.0,3,Poland,318,BRIAN WYMAN,5.99,1,1,1,2,Jon Stephens,2,1.0,2005-07-31,1
5.36,9.48,3032,0.63,0.13,Ezhou,7.5,14,China,313,DONALD MAHON,5.99,1,1,1,1,Mike Hillyer,1,1.0,2005-07-09,1
5.36,9.48,3033,0.63,0.13,Ibirit,7.5,7,Brazil,310,DANIEL CABRAL,5.99,1,1,1,1,Mike Hillyer,1,1.0,2005-07-28,1
5.36,9.48,3033,0.63,0.13,Nanyang,7.5,11,China,37,PAMELA BAKER,5.99,1,1,1,1,Mike Hillyer,1,1.0,2005-07-06,1
5.36,9.48,3033,0.63,0.13,Nukualofa,7.5,1,Tonga,344,HENRY BILLINGSLEY,5.99,1,1,1,2,Jon Stephens,2,1.0,2005-08-18,1
5.36,9.49,3028,0.63,0.23,Citt del Vaticano,4.29,1,Holy See (Vatican City State),26,JESSICA HALL,5.99,1,1,1,1,Mike Hillyer,1,1.0,2005-08-17,1
5.36,9.49,3029,0.63,0.2,Uttarpara-Kotrung,5.0,12,India,231,GEORGIA JACOBS,5.99,1,1,1,1,Mike Hillyer,1,1.0,2005-07-10,1
5.36,9.5,3027,0.63,0.27,Sorocaba,3.75,9,Brazil,314,GEORGE LINTON,5.99,1,1,1,1,Mike Hillyer,1,1.0,2005-07-11,1
5.37,4.37,3024,1.6,0.33,Munger (Monghyr),9.0,24,India,28,CYNTHIA YOUNG,6.97,3,2,2,1,Mike Hillyer,1,0.3333,2005-08-18,3
5.38,10.0,3017,0.6,0.2,Iligan,10.0,3,Philippines,580,ROSS GREY,5.98,2,2,2,2,Jon Stephens,2,0.0,2005-07-11,2
5.38,4.37,3012,1.6,0.4,Lausanne,5.0,1,Switzerland,598,WADE DELVALLE,6.98,2,2,2,1,Mike Hillyer,1,0.5,2005-07-29,2
5.38,4.37,3013,1.6,0.37,Kamjanets-Podilskyi,5.45,3,Ukraine,386,TODD TAN,6.98,2,2,2,1,Mike Hillyer,1,0.5,2005-07-31,2
5.38,4.37,3013,1.6,0.37,Sorocaba,5.45,10,Brazil,314,GEORGE LINTON,6.98,2,2,2,1,Mike Hillyer,1,0.5,2005-08-19,2
5.38,4.37,3015,1.6,0.33,Juazeiro do Norte,6.0,6,Brazil,47,FRANCES PARKER,6.98,2,2,2,2,Jon Stephens,2,0.5,2005-08-02,2
5.38,4.37,3016,1.6,0.27,Tianjin,7.5,13,China,249,DORA MEDINA,6.98,2,1,1,1,Mike Hillyer,1,1.0,2005-08-02,2
5.38,9.99,3018,0.6,0.17,Brest,12.0,2,France,402,LUIS YANEZ,5.98,2,1,1,2,Jon Stephens,2,0.0,2005-08-17,2
5.38,9.99,3019,0.6,0.17,Lungtan,12.0,3,Taiwan,30,MELISSA KING,5.98,2,1,1,2,Jon Stephens,2,0.0,2005-07-08,2
5.38,9.99,3019,0.6,0.17,Sucre,12.0,1,Bolivia,431,JOEL FRANCISCO,5.98,2,2,2,1,Mike Hillyer,1,0.5,2005-08-01,2
5.38,9.99,3021,0.6,0.17,Tanshui,12.0,3,Taiwan,577,CLIFTON MALCOLM,5.98,2,2,2,1,Mike Hillyer,1,0.0,2005-07-27,2
5.38,9.99,3022,0.6,0.13,Tsaotun,15.0,3,Taiwan,586,KIRK STCLAIR,5.98,2,1,1,2,Jon Stephens,2,0.0,2005-07-31,2
5.38,9.99,3023,0.6,0.13,Asuncin,15.0,1,Paraguay,226,MAUREEN LITTLE,5.98,2,1,1,1,Mike Hillyer,1,0.0,2005-07-09,2
5.39,10.0,3007,0.6,0.1,Konotop,10.0,2,Ukraine,545,JULIO NOLAND,5.99,1,1,1,1,Mike Hillyer,1,1.0,2005-07-08,1
5.39,10.0,3007,0.6,0.1,Pachuca de Soto,10.0,10,Mexico,353,JONATHAN SCARBOROUGH,5.99,1,1,1,2,Jon Stephens,2,1.0,2005-07-07,1
5.39,10.01,3004,0.6,0.17,Abha,6.0,2,Saudi Arabia,101,PEGGY MYERS,5.99,1,1,1,2,Jon Stephens,2,1.0,2005-07-12,1
5.39,10.01,3004,0.6,0.17,Pachuca de Soto,6.0,7,Mexico,353,JONATHAN SCARBOROUGH,5.99,1,1,1,1,Mike Hillyer,1,1.0,2005-08-19,1
5.39,10.01,3006,0.6,0.13,Bhopal,7.5,12,India,15,HELEN HARRIS,5.99,1,1,1,1,Mike Hillyer,1,1.0,2005-07-07,1
5.39,3.08,3009,2.59,0.6,Siliguri (Shiliguri),3.33,14,India,502,BRETT CORNWELL,7.98,2,1,1,1,Mike Hillyer,1,1.0,2005-08-23,2
5.39,3.08,3010,2.59,0.57,Owo,3.53,7,Nigeria,280,TRACEY BARRETT,7.98,2,2,2,1,Mike Hillyer,1,0.0,2005-08-22,2
5.39,3.08,3011,2.59,0.53,Daugavpils,3.75,1,Latvia,347,RYAN SALISBURY,7.98,2,1,1,2,Jon Stephens,2,0.5,2005-08-23,2
5.39,4.38,3003,1.6,0.33,Angra dos Reis,3.0,8,Brazil,307,JOSEPH JOY,6.99,1,1,1,2,Jon Stephens,2,1.0,2005-08-19,1
5.41,10.57,3000,0.57,0.1,So Leopoldo,20.0,10,Brazil,443,FRANCISCO SKIDMORE,5.98,2,2,2,1,Mike Hillyer,1,0.5,2005-07-27,2
5.41,10.57,3002,0.56,0.2,Laiwu,15.0,14,China,151,MEGAN PALMER,5.97,3,1,1,2,Jon Stephens,2,0.3333,2005-07-12,3
5.41,10.58,2999,0.57,0.13,Santiago de Compostela,15.0,2,Spain,549,NELSON CHRISTENSON,5.98,2,2,2,1,Mike Hillyer,1,0.5,2005-07-29,2
5.41,3.11,3001,2.56,0.57,Bergamo,5.29,2,Italy,439,ALEXANDER FENNELL,7.97,3,2,2,1,Mike Hillyer,1,0.6667,2005-08-23,3
5.42,10.6,2990,0.57,0.13,Sogamoso,7.5,3,Colombia,490,SAM MCDUFFIE,5.99,1,1,1,1,Mike Hillyer,1,1.0,2005-07-08,1
5.42,10.6,2991,0.57,0.13,Kursk,7.5,8,Russian Federation,311,PAUL TROUT,5.99,1,1,1,2,Jon Stephens,2,1.0,2005-07-09,1
5.42,10.6,2991,0.57,0.13,Rustenburg,7.5,2,South Africa,407,DALE RATCLIFF,5.99,1,1,1,1,Mike Hillyer,1,1.0,2005-07-27,1
5.42,3.12,2993,2.56,0.63,Ashdod,3.16,3,Israel,102,CRYSTAL FORD,7.98,2,2,2,1,Mike Hillyer,1,0.0,2005-07-31,2
5.42,3.12,2994,2.56,0.53,Sincelejo,3.75,1,Colombia,87,WANDA PATTERSON,7.98,2,2,2,2,Jon Stephens,2,0.0,2005-08-23,2
5.42,3.12,2995,2.56,0.53,Songkhla,3.75,1,Thailand,86,JACQUELINE LONG,7.98,2,2,2,2,Jon Stephens,2,1.0,2005-08-23,2
5.42,4.46,2998,1.56,0.27,Akron,7.5,13,United States,479,ZACHARY HITE,6.98,2,1,1,2,Jon Stephens,2,0.5,2005-08-17,2
5.42,4.47,2996,1.56,0.4,Xinxiang,5.0,12,China,339,WALTER PERRYMAN,6.98,2,1,1,1,Mike Hillyer,1,1.0,2005-08-20,2
5.42,4.47,2997,1.56,0.37,Santa F,5.45,4,Argentina,331,ERIC ROBERT,6.98,2,2,2,1,Mike Hillyer,1,1.0,2005-08-23,2
5.43,10.6,2988,0.56,0.17,Witten,6.0,2,Germany,201,VICKI FIELDS,5.99,1,1,1,2,Jon Stephens,2,1.0,2005-08-01,1
5.43,10.6,2989,0.57,0.17,Idfu,6.0,3,Egypt,233,LILLIE KIM,5.99,1,1,1,1,Mike Hillyer,1,1.0,2005-07-07,1
5.43,4.47,2986,1.56,0.33,Mandaluyong,3.0,4,Philippines,263,HILDA HOPKINS,6.99,1,1,1,2,Jon Stephens,2,1.0,2005-08-19,1
5.43,4.47,2987,1.56,0.27,Cuauhtmoc,3.75,5,Mexico,467,ALVIN DELOACH,6.99,1,1,1,2,Jon Stephens,2,1.0,2005-07-11,1
5.44,11.23,2984,0.53,0.17,Cianjur,18.0,5,Indonesia,411,NORMAN CURRIER,5.97,3,2,2,1,Mike Hillyer,1,0.3333,2005-07-27,3
5.44,11.23,2984,0.53,0.17,Katihar,18.0,14,India,419,CHAD CARBONE,5.97,3,2,2,2,Jon Stephens,2,0.3333,2005-07-10,3
5.44,4.56,2983,1.53,0.5,Greensboro,6.0,9,United States,158,VERONICA STONE,6.97,3,2,2,2,Jon Stephens,2,0.3333,2005-08-20,3
5.45,11.25,2982,0.53,0.17,Jaffna,12.0,1,Sri Lanka,408,MANUEL MURRELL,5.98,2,2,2,2,Jon Stephens,2,0.0,2005-07-11,2
5.45,4.56,2974,1.53,0.33,Ocumare del Tuy,6.0,1,Venezuela,174,YVONNE WATKINS,6.98,2,1,1,1,Mike Hillyer,1,0.5,2005-08-23,2
5.45,4.56,2975,1.53,0.33,San Felipe de Puerto Plata,6.0,2,Dominican Republic,418,JEFF EAST,6.98,2,2,2,1,Mike Hillyer,1,0.5,2005-08-01,2
5.45,4.56,2975,1.53,0.33,Vancouver,6.0,1,Canada,436,TROY QUIGLEY,6.98,2,1,1,1,Mike Hillyer,1,0.5,2005-07-31,2
5.45,4.56,2975,1.53,0.33,Ziguinchor,6.0,1,Senegal,456,RONNIE RICKETTS,6.98,2,1,1,1,Mike Hillyer,1,0.5,2005-08-23,2
5.45,4.56,2978,1.53,0.3,Ambattur,6.67,9,India,225,ARLENE HARVEY,6.98,2,2,2,2,Jon Stephens,2,0.5,2005-07-12,2
5.45,4.56,2979,1.53,0.3,Gaziantep,6.67,6,Turkey,480,COREY HAUSER,6.98,2,2,2,1,Mike Hillyer,1,0.5,2005-08-02,2
5.45,4.56,2980,1.53,0.3,Omdurman,6.67,1,Sudan,50,DIANE COLLINS,6.98,2,1,1,1,Mike Hillyer,1,1.0,2005-07-29,2
5.45,4.56,2981,1.53,0.27,Hunuco,7.5,2,Peru,565,JAIME NETTLES,6.98,2,1,1,1,Mike Hillyer,1,0.5,2005-08-17,2
5.45,4.57,2972,1.53,0.43,Shikarpur,4.62,3,Pakistan,25,DEBORAH WALKER,6.98,2,1,1,1,Mike Hillyer,1,0.5,2005-08-23,2
5.45,4.57,2973,1.53,0.43,Junan,4.62,15,China,435,RICKY SHELBY,6.98,2,1,1,1,Mike Hillyer,1,0.5,2005-08-21,2
5.46,11.26,2970,0.53,0.13,Jaipur,7.5,13,India,60,MILDRED BAILEY,5.99,1,1,1,1,Mike Hillyer,1,1.0,2005-07-11,1
5.46,11.26,2970,0.53,0.13,Kaliningrad,7.5,7,Russian Federation,301,ROBERT BAUGHMAN,5.99,1,1,1,2,Jon Stephens,2,1.0,2005-08-19,1
5.46,11.27,2968,0.53,0.2,Pathankot,5.0,9,India,95,PAULA BRYANT,5.99,1,1,1,1,Mike Hillyer,1,1.0,2005-07-08,1
5.46,11.27,2969,0.53,0.17,Siliguri (Shiliguri),6.0,10,India,502,BRETT CORNWELL,5.99,1,1,1,2,Jon Stephens,2,1.0,2005-07-09,1
5.46,4.57,2967,1.53,0.33,Tanshui,3.0,2,Taiwan,577,CLIFTON MALCOLM,6.99,1,1,1,2,Jon Stephens,2,1.0,2005-07-29,1
5.47,4.66,2966,1.5,0.33,al-Ayn,9.0,1,United Arab Emirates,98,LILLIAN GRIFFIN,6.97,3,2,2,2,Jon Stephens,2,0.3333,2005-08-02,3
5.48,11.99,2965,0.5,0.13,Serpuhov,15.0,11,Russian Federation,567,ALFREDO MCADAMS,5.98,2,2,2,1,Mike Hillyer,1,0.0,2005-07-08,2
5.48,12.0,2964,0.5,0.17,Pjatigorsk,12.0,11,Russian Federation,487,HECTOR POINDEXTER,5.98,2,2,2,2,Jon Stephens,2,0.5,2005-07-28,2
5.48,12.01,2963,0.5,0.2,Munger (Monghyr),10.0,10,India,28,CYNTHIA YOUNG,5.98,2,1,1,2,Jon Stephens,2,0.5,2005-07-08,2
5.48,4.67,2962,1.5,0.47,Ahmadnagar,4.29,21,India,297,SHERRI RHODES,6.98,2,2,2,1,Mike Hillyer,1,0.5,2005-08-20,2
5.49,12.0,2960,0.5,0.07,Deba Habe,15.0,5,Nigeria,409,RODNEY MOELLER,5.99,1,1,1,1,Mike Hillyer,1,1.0,2005-07-06,1
5.49,12.01,2957,0.5,0.13,Salzburg,7.5,1,Austria,266,NORA HERRERA,5.99,1,1,1,2,Jon Stephens,2,1.0,2005-07-30,1
5.49,12.01,2958,0.5,0.13,Cavite,7.5,5,Philippines,388,CRAIG MORRELL,5.99,1,1,1,2,Jon Stephens,2,1.0,2005-07-28,1
5.49,12.01,2959,0.5,0.13,Mandi Bahauddin,7.5,1,Pakistan,223,MELINDA FERNANDEZ,5.99,1,1,1,2,Jon Stephens,2,1.0,2005-07-27,1
5.49,12.03,2955,0.5,0.2,Balurghat,5.0,12,India,208,LUCY WHEELER,5.99,1,1,1,1,Mike Hillyer,1,1.0,2005-07-07,1
5.49,12.03,2955,0.5,0.2,Jakarta,5.0,1,Indonesia,153,SUZANNE NICHOLS,5.99,1,1,1,1,Mike Hillyer,1,1.0,2005-07-07,1
5.49,4.67,2954,1.5,0.3,Brockton,3.33,9,United States,149,VALERIE BLACK,6.99,1,1,1,1,Mike Hillyer,1,1.0,2005-07-28,1
5.49,4.67,2961,1.49,0.53,Bandar Seri Begawan,3.75,1,Brunei,91,LOIS BUTLER,6.98,2,2,2,2,Jon Stephens,2,0.5,2005-08-23,2
5.51,12.85,2951,0.47,0.13,Lilongwe,15.0,1,Malawi,166,LYNN PAYNE,5.98,2,2,2,1,Mike Hillyer,1,0.0,2005-07-06,2
5.51,12.85,2951,0.47,0.13,Ponce,15.0,1,Puerto Rico,282,JENNY CASTRO,5.98,2,2,2,1,Mike Hillyer,1,0.5,2005-07-06,2
5.51,4.76,2953,1.46,0.37,Aurora,8.18,9,United States,330,SCOTT SHELLEY,6.97,3,2,2,1,Mike Hillyer,1,0.0,2005-07-12,3
5.52,12.86,2945,0.47,0.1,Maring,10.0,11,Brazil,246,MARIAN MENDOZA,5.99,1,1,1,2,Jon Stephens,2,1.0,2005-08-19,1
5.52,12.86,2946,0.47,0.1,Hamilton,10.0,1,New Zealand,8,SUSAN WILSON,5.99,1,1,1,1,Mike Hillyer,1,1.0,2005-07-05,1
5.52,12.86,2950,0.47,0.17,Oshawa,12.0,1,Canada,189,LORETTA CARPENTER,5.98,2,2,2,2,Jon Stephens,2,0.5,2005-07-06,2
5.52,12.87,2943,0.47,0.13,Xiangtan,7.5,13,China,67,KELLY TORRES,5.99,1,1,1,2,Jon Stephens,2,1.0,2005-07-27,1
5.52,12.87,2944,0.47,0.13,Warren,7.5,10,United States,276,BRANDY GRAVES,5.99,1,1,1,2,Jon Stephens,2,1.0,2005-07-27,1
5.52,4.77,2947,1.46,0.37,Baicheng,5.45,12,China,538,TED BREAUX,6.98,2,2,2,2,Jon Stephens,2,0.5,2005-08-20,2
5.52,4.77,2948,1.46,0.3,Cuman,6.67,1,Venezuela,113,CINDY FISHER,6.98,2,1,1,2,Jon Stephens,2,0.5,2005-08-19,2
5.52,4.77,2948,1.46,0.3,Kermanshah,6.67,3,Iran,377,HOWARD FORTNER,6.98,2,1,1,1,Mike Hillyer,1,0.5,2005-08-18,2
5.53,12.88,2940,0.47,0.17,Tabuk,6.0,2,Saudi Arabia,312,MARK RINEHART,5.99,1,1,1,1,Mike Hillyer,1,1.0,2005-07-09,1
5.53,12.88,2941,0.47,0.17,Balikesir,6.0,5,Turkey,366,BRANDON HUEY,5.99,1,1,1,1,Mike Hillyer,1,1.0,2005-07-08,1
5.53,12.88,2941,0.47,0.17,Tallahassee,6.0,7,United States,248,CAROLINE BOWMAN,5.99,1,1,1,2,Jon Stephens,2,1.0,2005-08-22,1
5.53,12.91,2937,0.46,0.27,London,3.75,5,United Kingdom,252,MATTIE HOFFMAN,5.99,1,1,1,1,Mike Hillyer,1,1.0,2005-07-29,1
5.53,12.91,2938,0.46,0.27,San Juan Bautista Tuxtepec,3.75,6,Mexico,425,FRANCIS SIKES,5.99,1,1,1,2,Jon Stephens,2,1.0,2005-08-20,1
5.53,4.77,2939,1.46,0.27,Daugavpils,3.75,1,Latvia,347,RYAN SALISBURY,6.99,1,1,1,1,Mike Hillyer,1,1.0,2005-07-08,1
5.53,4.78,2935,1.46,0.3,Garden Grove,3.33,7,United States,593,RENE MCALISTER,6.99,1,1,1,1,Mike Hillyer,1,1.0,2005-08-20,1
5.53,4.78,2935,1.46,0.3,Mit Ghamr,3.33,1,Egypt,491,RICK MATTOX,6.99,1,1,1,2,Jon Stephens,2,1.0,2005-07-09,1
5.54,4.88,2934,1.43,0.37,Bayugan,8.18,7,Philippines,188,MELANIE ARMSTRONG,6.97,3,1,1,2,Jon Stephens,2,0.3333,2005-08-22,3
5.55,13.84,2933,0.43,0.13,Emmen,15.0,3,Netherlands,474,DUSTIN GILLETTE,5.98,2,2,2,1,Mike Hillyer,1,0.0,2005-08-17,2
5.55,3.29,2930,2.43,0.53,Baku,3.75,2,Azerbaijan,333,ANDREW PURDY,7.98,2,2,2,1,Mike Hillyer,1,0.0,2005-08-22,2
5.55,4.88,2931,1.43,0.3,Hodeida,6.67,2,Yemen,470,GORDON ALLARD,6.98,2,1,1,1,Mike Hillyer,1,0.5,2005-07-11,2
5.55,4.88,2932,1.43,0.3,Udine,6.67,1,Italy,525,ADRIAN CLARY,6.98,2,2,2,1,Mike Hillyer,1,0.5,2005-07-31,2
5.56,13.84,2929,0.43,0.07,Leshan,15.0,12,China,569,DAVE GARDINER,5.99,1,1,1,1,Mike Hillyer,1,1.0,2005-07-07,1
5.56,13.86,2927,0.43,0.1,Braslia,10.0,3,Brazil,325,TIMOTHY BUNN,5.99,1,1,1,1,Mike Hillyer,1,1.0,2005-07-09,1
5.56,13.86,2927,0.43,0.1,Rancagua,10.0,2,Chile,464,JEROME KENYON,5.99,1,1,1,1,Mike Hillyer,1,1.0,2005-07-07,1
5.56,13.87,2924,0.43,0.13,Bilbays,7.5,1,Egypt,559,EVERETT BANDA,5.99,1,1,1,1,Mike Hillyer,1,1.0,2005-07-06,1
5.56,13.87,2924,0.43,0.13,Huejutla de Reyes,7.5,7,Mexico,582,ANDY VANHORN,5.99,1,1,1,2,Jon Stephens,2,1.0,2005-07-12,1
5.56,13.87,2926,0.43,0.13,Saarbrcken,7.5,3,Germany,227,COLLEEN BURTON,5.99,1,1,1,1,Mike Hillyer,1,1.0,2005-07-06,1
5.56,13.88,2923,0.43,0.17,Tallahassee,6.0,10,United States,248,CAROLINE BOWMAN,5.99,1,1,1,2,Jon Stephens,2,1.0,2005-07-28,1
5.56,4.89,2914,1.43,0.33,Mosul,3.0,1,Iraq,579,DARYL LARUE,6.99,1,1,1,2,Jon Stephens,2,1.0,2005-08-17,1
5.56,4.89,2915,1.43,0.33,Batman,3.0,1,Turkey,172,BERNICE WILLIS,6.99,1,1,1,2,Jon Stephens,2,1.0,2005-08-16,1
5.56,4.89,2916,1.43,0.33,Tambaram,3.0,14,India,287,BECKY MILES,6.99,1,1,1,2,Jon Stephens,2,1.0,2005-08-21,1
5.56,4.89,2917,1.43,0.3,Hoshiarpur,3.33,14,India,412,ALLEN BUTTERFIELD,6.99,1,1,1,1,Mike Hillyer,1,1.0,2005-08-21,1
5.56,4.89,2917,1.43,0.3,Merlo,3.33,2,Argentina,107,FLORENCE WOODS,6.99,1,1,1,1,Mike Hillyer,1,1.0,2005-08-20,1
5.56,4.89,2917,1.43,0.3,Tabriz,3.33,2,Iran,279,DIANNE SHELTON,6.99,1,1,1,2,Jon Stephens,2,1.0,2005-08-02,1
5.56,4.89,2920,1.43,0.3,Simferopol,3.33,1,Ukraine,82,KATHRYN COLEMAN,6.99,1,1,1,2,Jon Stephens,2,1.0,2005-07-12,1
5.56,4.89,2921,1.43,0.27,Birgunj,3.75,1,Nepal,321,KEVIN SCHULER,6.99,1,1,1,2,Jon Stephens,2,1.0,2005-07-29,1
5.56,4.89,2921,1.43,0.27,Sultanbeyli,3.75,4,Turkey,493,BRENT HARKINS,6.99,1,1,1,1,Mike Hillyer,1,1.0,2005-08-01,1
5.57,14.96,2913,0.4,0.1,Jaipur,30.0,16,India,60,MILDRED BAILEY,5.97,3,2,2,1,Mike Hillyer,1,0.3333,2005-07-27,3
5.57,14.97,2912,0.4,0.13,Nador,22.5,2,Morocco,40,AMANDA CARTER,5.97,3,1,1,2,Jon Stephens,2,0.6667,2005-07-28,3
5.58,14.99,2911,0.4,0.1,Okayama,20.0,11,Japan,489,RICARDO MEADOR,5.98,2,2,2,1,Mike Hillyer,1,0.0,2005-07-30,2
5.58,4.99,2910,1.4,0.23,Plock,8.57,3,Poland,571,JOHNNIE CHISHOLM,6.98,2,2,2,1,Mike Hillyer,1,0.5,2005-07-30,2
5.58,5.0,2904,1.4,0.37,Ahmadnagar,5.45,20,India,297,SHERRI RHODES,6.98,2,2,2,1,Mike Hillyer,1,0.5,2005-07-31,2
5.58,5.0,2905,1.4,0.33,Tabuk,6.0,3,Saudi Arabia,312,MARK RINEHART,6.98,2,2,2,1,Mike Hillyer,1,1.0,2005-08-21,2
5.58,5.0,2906,1.4,0.33,Ciomas,6.0,1,Indonesia,239,MINNIE ROMERO,6.98,2,2,2,1,Mike Hillyer,1,0.5,2005-07-31,2
5.58,5.0,2907,1.4,0.3,Brest,6.67,2,France,402,LUIS YANEZ,6.98,2,2,2,1,Mike Hillyer,1,0.5,2005-07-11,2
5.58,5.0,2907,1.4,0.3,Varanasi (Benares),6.67,21,India,123,SHANNON FREEMAN,6.98,2,1,1,1,Mike Hillyer,1,1.0,2005-08-18,2
5.58,5.0,2909,1.4,0.27,Baha Blanca,7.5,6,Argentina,322,JASON MORRISSEY,6.98,2,2,2,1,Mike Hillyer,1,0.5,2005-07-06,2
5.59,15.03,2902,0.4,0.13,Shimoga,7.5,12,India,238,NELLIE GARRETT,5.99,1,1,1,1,Mike Hillyer,1,1.0,2005-07-10,1
5.59,15.03,2903,0.4,0.13,Bislig,7.5,8,Philippines,94,NORMA GONZALES,5.99,1,1,1,1,Mike Hillyer,1,1.0,2005-08-20,1
5.59,15.04,2901,0.4,0.17,Southport,6.0,6,United Kingdom,556,ARMANDO GRUBER,5.99,1,1,1,1,Mike Hillyer,1,1.0,2005-07-30,1
5.59,15.05,2900,0.4,0.2,Cianjur,5.0,3,Indonesia,411,NORMAN CURRIER,5.99,1,1,1,2,Jon Stephens,2,1.0,2005-07-09,1
5.59,5.0,2893,1.4,0.33,Lengshuijiang,3.0,11,China,267,MARGIE WADE,6.99,1,1,1,1,Mike Hillyer,1,1.0,2005-07-09,1
5.59,5.0,2894,1.4,0.33,Donostia-San Sebastin,3.0,2,Spain,293,MAE FLETCHER,6.99,1,1,1,1,Mike Hillyer,1,1.0,2005-08-21,1
5.59,5.0,2895,1.4,0.3,Jinzhou,3.33,11,China,595,TERRENCE GUNDERSON,6.99,1,1,1,1,Mike Hillyer,1,1.0,2005-07-12,1
5.59,5.0,2895,1.4,0.3,Sal,3.33,1,Morocco,22,LAURA RODRIGUEZ,6.99,1,1,1,1,Mike Hillyer,1,1.0,2005-08-21,1
5.59,5.0,2897,1.4,0.3,Quilmes,3.33,2,Argentina,585,PERRY SWAFFORD,6.99,1,1,1,2,Jon Stephens,2,1.0,2005-07-12,1
5.59,5.0,2898,1.4,0.27,Nam Dinh,3.75,2,Vietnam,472,GREG ROBINS,6.99,1,1,1,2,Jon Stephens,2,1.0,2005-07-31,1
5.59,5.0,2899,1.4,0.23,Purwakarta,4.29,5,Indonesia,524,JARED ELY,6.99,1,1,1,1,Mike Hillyer,1,1.0,2005-07-29,1
5.6,5.11,2892,1.36,0.37,Korla,10.91,8,China,283,FELICIA SUTTON,6.96,4,2,2,2,Jon Stephens,2,0.5,2005-07-11,4
5.61,16.35,2890,0.37,0.1,Kanchrapara,20.0,19,India,492,LESTER KRAUS,5.98,2,2,2,1,Mike Hillyer,1,0.0,2005-08-23,2
5.61,16.37,2889,0.37,0.13,Laohekou,15.0,9,China,422,MELVIN ELLINGTON,5.98,2,1,1,2,Jon Stephens,2,0.5,2005-07-28,2
5.61,5.11,2891,1.36,0.37,Lungtan,8.18,3,Taiwan,30,MELISSA KING,6.97,3,2,2,2,Jon Stephens,2,0.6667,2005-08-18,3
5.62,16.37,2882,0.37,0.07,Onomichi,15.0,12,Japan,337,JERRY JORDON,5.99,1,1,1,1,Mike Hillyer,1,1.0,2005-07-06,1
5.62,16.37,2883,0.37,0.07,Karnal,15.0,13,India,274,NAOMI JENNINGS,5.99,1,1,1,2,Jon Stephens,2,1.0,2005-07-06,1
5.62,16.38,2881,0.37,0.1,Allappuzha (Alleppey),10.0,12,India,175,ANNETTE OLSON,5.99,1,1,1,2,Jon Stephens,2,1.0,2005-07-07,1
5.62,16.4,2880,0.37,0.13,Mahajanga,7.5,1,Madagascar,81,ANDREA HENDERSON,5.99,1,1,1,1,Mike Hillyer,1,1.0,2005-08-17,1
5.62,5.12,2884,1.36,0.43,Daxian,4.62,15,China,64,JUDITH COX,6.98,2,2,2,2,Jon Stephens,2,0.5,2005-08-21,2
5.62,5.12,2885,1.36,0.33,Xinxiang,6.0,21,China,339,WALTER PERRYMAN,6.98,2,2,2,2,Jon Stephens,2,0.5,2005-07-30,2
5.62,5.12,2886,1.36,0.33,Shubra al-Khayma,6.0,2,Egypt,119,SHERRY MARSHALL,6.98,2,1,1,2,Jon Stephens,2,0.5,2005-08-18,2
5.62,5.12,2887,1.36,0.3,Arecibo,6.67,1,Puerto Rico,360,RALPH MADRIGAL,6.98,2,2,2,2,Jon Stephens,2,0.5,2005-07-12,2
5.62,5.12,2888,1.36,0.23,Gorontalo,8.57,1,Indonesia,203,TARA RYAN,6.98,2,1,1,2,Jon Stephens,2,0.5,2005-08-01,2
5.63,16.41,2878,0.37,0.17,Kragujevac,6.0,2,Yugoslavia,7,MARIA MILLER,5.99,1,1,1,2,Jon Stephens,2,1.0,2005-07-06,1
5.63,16.41,2879,0.37,0.17,Izumisano,6.0,8,Japan,391,CLARENCE GAMEZ,5.99,1,1,1,1,Mike Hillyer,1,1.0,2005-07-07,1
5.63,5.12,2877,1.36,0.23,Maikop,4.29,9,Russian Federation,346,ARTHUR SIMPKINS,6.99,1,1,1,2,Jon Stephens,2,1.0,2005-07-28,1
5.63,5.13,2872,1.36,0.33,Portoviejo,3.0,2,Ecuador,262,PATSY DAVIDSON,6.99,1,1,1,1,Mike Hillyer,1,1.0,2005-07-30,1
5.63,5.13,2873,1.36,0.33,Sharja,3.0,1,United Arab Emirates,292,MISTY LAMBERT,6.99,1,1,1,1,Mike Hillyer,1,1.0,2005-07-12,1
5.63,5.13,2873,1.36,0.33,York,3.0,4,United Kingdom,497,GILBERT SLEDGE,6.99,1,1,1,2,Jon Stephens,2,1.0,2005-07-29,1
5.63,5.13,2875,1.36,0.3,Kuwana,3.33,8,Japan,531,JAMIE WAUGH,6.99,1,1,1,2,Jon Stephens,2,1.0,2005-07-28,1
5.63,5.13,2875,1.36,0.3,Onomichi,3.33,12,Japan,337,JERRY JORDON,6.99,1,1,1,2,Jon Stephens,2,1.0,2005-08-19,1
5.63,5.23,2871,1.33,0.33,Peoria,12.0,11,United States,275,CAROLE BARNETT,6.96,4,1,1,2,Jon Stephens,2,0.25,2005-08-20,4
5.64,5.24,2870,1.33,0.3,Kingstown,10.0,1,Saint Vincent and the Grenadines,326,JOSE ANDREW,6.97,3,2,2,2,Jon Stephens,2,0.6667,2005-07-31,3
5.65,3.43,2862,2.33,0.57,Lhokseumawe,3.53,3,Indonesia,473,JORGE OLIVARES,7.98,2,2,2,2,Jon Stephens,2,1.0,2005-08-22,2
5.65,3.43,2863,2.33,0.5,Kurgan,4.0,9,Russian Federation,376,RANDY GAITHER,7.98,2,2,2,1,Mike Hillyer,1,1.0,2005-08-01,2
5.65,3.43,2864,2.33,0.47,Daugavpils,4.29,1,Latvia,347,RYAN SALISBURY,7.98,2,1,1,2,Jon Stephens,2,0.0,2005-08-22,2
5.65,3.43,2865,2.33,0.4,Coatzacoalcos,5.0,7,Mexico,482,MAURICE CRAWLEY,7.98,2,1,1,2,Jon Stephens,2,0.0,2005-08-01,2
5.65,5.25,2866,1.33,0.37,Ciomas,5.45,1,Indonesia,239,MINNIE ROMERO,6.98,2,1,1,1,Mike Hillyer,1,0.5,2005-08-18,2
5.65,5.25,2867,1.33,0.27,Pontianak,7.5,1,Indonesia,506,LESLIE SEWARD,6.98,2,1,1,2,Jon Stephens,2,0.5,2005-07-31,2
5.65,5.25,2868,1.33,0.27,Ibirit,7.5,9,Brazil,310,DANIEL CABRAL,6.98,2,2,2,2,Jon Stephens,2,0.5,2005-07-10,2
5.65,5.25,2869,1.33,0.27,Tambaram,7.5,12,India,287,BECKY MILES,6.98,2,2,2,1,Mike Hillyer,1,0.5,2005-07-11,2
5.66,18.02,2861,0.33,0.1,Purwakarta,10.0,1,Indonesia,524,JARED ELY,5.99,1,1,1,1,Mike Hillyer,1,1.0,2005-07-07,1
5.66,18.04,2860,0.33,0.13,Katihar,7.5,10,India,419,CHAD CARBONE,5.99,1,1,1,2,Jon Stephens,2,1.0,2005-07-09,1
5.66,5.26,2859,1.33,0.33,Kansas City,3.0,9,United States,308,THOMAS GRIGSBY,6.99,1,1,1,2,Jon Stephens,2,1.0,2005-08-19,1
5.67,5.38,2858,1.3,0.33,Gijn,9.0,2,Spain,394,CHRIS BROTHERS,6.97,3,1,1,1,Mike Hillyer,1,0.0,2005-08-01,3
5.68,20.0,2854,0.3,0.1,Tsaotun,20.0,2,Taiwan,586,KIRK STCLAIR,5.98,2,1,1,1,Mike Hillyer,1,0.5,2005-08-17,2
5.68,20.0,2855,0.3,0.1,Yuzhou,20.0,13,China,324,GARY COY,5.98,2,2,2,2,Jon Stephens,2,0.0,2005-07-07,2
5.68,20.0,2856,0.3,0.1,Dzerzinsk,20.0,8,Russian Federation,430,RAY HOULE,5.98,2,1,1,1,Mike Hillyer,1,0.0,2005-08-19,2
5.68,3.47,2857,2.29,0.53,Ashdod,5.63,1,Israel,102,CRYSTAL FORD,7.97,3,2,2,2,Jon Stephens,2,0.6667,2005-07-30,3
5.68,3.48,2851,2.3,0.47,Tanauan,4.29,5,Philippines,373,LOUIS LEONE,7.98,2,1,1,2,Jon Stephens,2,1.0,2005-08-17,2
5.68,5.38,2852,1.3,0.33,Imus,6.0,6,Philippines,349,JOE GILLILAND,6.98,2,1,1,1,Mike Hillyer,1,0.5,2005-07-31,2
5.68,5.38,2853,1.3,0.27,Ocumare del Tuy,7.5,1,Venezuela,174,YVONNE WATKINS,6.98,2,2,2,1,Mike Hillyer,1,0.5,2005-08-19,2
5.69,20.01,2848,0.3,0.07,Zaria,15.0,6,Nigeria,232,CONSTANCE REID,5.99,1,1,1,1,Mike Hillyer,1,1.0,2005-07-27,1
5.69,20.01,2849,0.3,0.07,Alvorada,15.0,6,Brazil,551,CLAYTON BARBEE,5.99,1,1,1,2,Jon Stephens,2,1.0,2005-07-06,1
5.69,20.01,2850,0.3,0.07,Jalib al-Shuyukh,15.0,1,Kuwait,234,CLAUDIA FULLER,5.99,1,1,1,2,Jon Stephens,2,1.0,2005-07-31,1
5.69,5.39,2845,1.3,0.33,Halifax,3.0,3,Canada,463,DARRELL POWER,6.99,1,1,1,2,Jon Stephens,2,1.0,2005-08-18,1
5.69,5.39,2846,1.3,0.3,Emeishan,3.33,12,China,389,ALAN KAHN,6.99,1,1,1,1,Mike Hillyer,1,1.0,2005-07-29,1
5.69,5.39,2846,1.3,0.3,Sokoto,3.33,3,Nigeria,562,WALLACE SLONE,6.99,1,1,1,2,Jon Stephens,2,1.0,2005-08-02,1
5.71,22.48,2844,0.27,0.07,Benguela,30.0,1,Angola,528,CLAUDE HERZOG,5.98,2,2,2,1,Mike Hillyer,1,0.5,2005-07-06,2
5.71,22.51,2843,0.27,0.1,Sullana,20.0,2,Peru,597,FREDDIE DUGGAN,5.98,2,1,1,1,Mike Hillyer,1,0.0,2005-07-09,2
5.72,22.52,2836,0.27,0.07,Atinsk,15.0,1,Russian Federation,397,JIMMY SCHRADER,5.99,1,1,1,1,Mike Hillyer,1,1.0,2005-07-05,1
5.72,22.52,2836,0.27,0.07,Serpuhov,15.0,7,Russian Federation,567,ALFREDO MCADAMS,5.99,1,1,1,1,Mike Hillyer,1,1.0,2005-07-06,1
5.72,22.55,2835,0.27,0.1,Chatsworth,10.0,4,South Africa,555,DWIGHT LOMBARDI,5.99,1,1,1,1,Mike Hillyer,1,1.0,2005-07-30,1
5.72,3.53,2838,2.26,0.47,Lengshuijiang,4.29,12,China,267,MARGIE WADE,7.98,2,2,2,1,Mike Hillyer,1,1.0,2005-08-22,2
5.72,3.53,2838,2.26,0.47,Novi Sad,4.29,1,Yugoslavia,553,MAX PITT,7.98,2,2,2,1,Mike Hillyer,1,0.5,2005-07-12,2
5.72,5.52,2841,1.26,0.3,Monywa,6.67,1,Myanmar,256,MABEL HOLLAND,6.98,2,1,1,2,Jon Stephens,2,0.5,2005-08-21,2
5.72,5.52,2842,1.27,0.17,Erlangen,12.0,2,Germany,448,MIGUEL BETANCOURT,6.98,2,2,2,2,Jon Stephens,2,1.0,2005-08-19,2
5.72,5.53,2840,1.26,0.33,Kimchon,6.0,1,South Korea,99,EMILY DIAZ,6.98,2,1,1,1,Mike Hillyer,1,0.5,2005-07-11,2
5.73,5.53,2831,1.26,0.33,Ponce,3.0,1,Puerto Rico,282,JENNY CASTRO,6.99,1,1,1,1,Mike Hillyer,1,1.0,2005-07-10,1
5.73,5.53,2832,1.26,0.3,Ponce,3.33,2,Puerto Rico,282,JENNY CASTRO,6.99,1,1,1,1,Mike Hillyer,1,1.0,2005-07-28,1
5.73,5.53,2833,1.26,0.27,Santa Rosa,3.75,3,Philippines,522,ARNOLD HAVENS,6.99,1,1,1,2,Jon Stephens,2,1.0,2005-07-09,1
5.73,5.53,2834,1.26,0.23,Apeldoorn,4.29,1,Netherlands,137,RHONDA KENNEDY,6.99,1,1,1,1,Mike Hillyer,1,1.0,2005-07-07,1
5.74,5.67,2830,1.23,0.33,Garland,9.0,9,United States,561,IAN STILL,6.97,3,1,1,1,Mike Hillyer,1,0.6667,2005-07-12,3
5.75,3.58,2819,2.23,0.53,Ourense (Orense),3.75,2,Spain,469,WESLEY BULL,7.98,2,1,1,1,Mike Hillyer,1,0.5,2005-08-20,2
5.75,3.58,2820,2.23,0.5,Cape Coral,4.0,7,United States,526,KARL SEAL,7.98,2,1,1,1,Mike Hillyer,1,0.5,2005-07-29,2
5.75,3.58,2821,2.23,0.47,Sharja,4.29,1,United Arab Emirates,292,MISTY LAMBERT,7.98,2,2,2,2,Jon Stephens,2,1.0,2005-07-31,2
5.75,3.58,2823,2.23,0.4,Santa Brbara dOeste,5.0,5,Brazil,178,MARION SNYDER,7.98,2,2,2,2,Jon Stephens,2,0.0,2005-07-11,2
5.75,5.67,2825,1.23,0.33,Sousse,6.0,1,Tunisia,335,GREGORY MAULDIN,6.98,2,2,2,1,Mike Hillyer,1,0.5,2005-07-29,2
5.75,5.67,2826,1.23,0.33,Ikerre,6.0,5,Nigeria,198,ELSIE KELLEY,6.98,2,2,2,1,Mike Hillyer,1,1.0,2005-07-28,2
5.75,5.67,2827,1.23,0.3,Papeete,6.67,1,French Polynesia,56,GLORIA COOK,6.98,2,1,1,2,Jon Stephens,2,1.0,2005-08-18,2
5.75,5.67,2828,1.23,0.3,Merlo,6.67,3,Argentina,107,FLORENCE WOODS,6.98,2,1,1,2,Jon Stephens,2,0.5,2005-07-10,2
5.75,5.67,2829,1.23,0.2,Tangail,10.0,1,Bangladesh,21,MICHELLE CLARK,6.98,2,1,1,1,Mike Hillyer,1,0.5,2005-07-10,2
5.75,5.68,2822,1.23,0.4,Gulbarga,5.0,14,India,370,WAYNE TRUONG,6.98,2,1,1,2,Jon Stephens,2,0.5,2005-08-22,2
5.75,5.68,2824,1.23,0.37,Mandaluyong,5.45,4,Philippines,263,HILDA HOPKINS,6.98,2,2,2,2,Jon Stephens,2,0.5,2005-07-28,2
5.76,25.74,2818,0.23,0.07,Tarlac,15.0,6,Philippines,548,ALLAN CORNISH,5.99,1,1,1,1,Mike Hillyer,1,1.0,2005-08-19,1
5.76,5.68,2809,1.23,0.33,Cuman,3.0,3,Venezuela,113,CINDY FISHER,6.99,1,1,1,2,Jon Stephens,2,1.0,2005-07-30,1
5.76,5.68,2809,1.23,0.33,Huixquilucan,3.0,8,Mexico,108,TRACY COLE,6.99,1,1,1,2,Jon Stephens,2,1.0,2005-07-09,1
5.76,5.68,2809,1.23,0.33,Taizz,3.0,2,Yemen,213,GINA WILLIAMSON,6.99,1,1,1,1,Mike Hillyer,1,1.0,2005-08-21,1
5.76,5.68,2812,1.23,0.3,Touliu,3.33,2,Taiwan,139,AMBER DIXON,6.99,1,1,1,1,Mike Hillyer,1,1.0,2005-07-10,1
5.76,5.68,2813,1.23,0.27,Klerksdorp,3.75,1,South Africa,109,EDNA WEST,6.99,1,1,1,2,Jon Stephens,2,1.0,2005-07-12,1
5.76,5.68,2813,1.23,0.27,Ourense (Orense),3.75,1,Spain,469,WESLEY BULL,6.99,1,1,1,2,Jon Stephens,2,1.0,2005-07-10,1
5.76,5.68,2815,1.23,0.27,Purwakarta,3.75,5,Indonesia,524,JARED ELY,6.99,1,1,1,2,Jon Stephens,2,1.0,2005-08-22,1
5.76,5.68,2816,1.23,0.23,Maracabo,4.29,3,Venezuela,453,CALVIN MARTEL,6.99,1,1,1,2,Jon Stephens,2,1.0,2005-07-09,1
5.76,5.68,2817,1.23,0.23,Bellevue,4.29,8,United States,212,WILMA RICHARDS,6.99,1,1,1,1,Mike Hillyer,1,1.0,2005-07-09,1
5.77,3.63,2808,2.2,0.4,Usolje-Sibirskoje,7.5,10,Russian Federation,462,WARREN SHERROD,7.97,3,2,2,2,Jon Stephens,2,0.6667,2005-07-29,3
5.78,3.63,2803,2.2,0.4,Mysore,5.0,14,India,59,CHERYL MURPHY,7.98,2,1,1,2,Jon Stephens,2,0.5,2005-08-23,2
5.78,3.63,2803,2.2,0.4,Uruapan,5.0,6,Mexico,454,ALEX GRESHAM,7.98,2,1,1,2,Jon Stephens,2,0.0,2005-07-09,2
5.78,30.05,2806,0.2,0.1,Tallahassee,20.0,10,United States,248,CAROLINE BOWMAN,5.98,2,2,2,1,Mike Hillyer,1,0.5,2005-07-08,2
5.78,30.05,2807,0.2,0.1,Tarlac,20.0,3,Philippines,548,ALLAN CORNISH,5.98,2,2,2,2,Jon Stephens,2,0.5,2005-07-06,2
5.78,5.83,2805,1.2,0.27,Nakhon Sawan,7.5,2,Thailand,390,SHAWN HEATON,6.98,2,2,2,1,Mike Hillyer,1,0.5,2005-08-19,2
5.79,3.64,2800,2.19,0.6,Tanza,3.33,5,Philippines,236,MARCIA DEAN,7.98,2,2,2,2,Jon Stephens,2,0.5,2005-07-31,2
5.79,3.64,2801,2.2,0.5,Atlixco,4.0,6,Mexico,84,SARA PERRY,7.98,2,1,1,1,Mike Hillyer,1,0.5,2005-08-22,2
5.79,3.64,2802,2.2,0.5,Rustenburg,4.0,3,South Africa,407,DALE RATCLIFF,7.98,2,2,2,2,Jon Stephens,2,0.5,2005-08-20,2
5.79,30.05,2798,0.2,0.07,Soshanguve,15.0,2,South Africa,145,LUCILLE HOLMES,5.99,1,1,1,1,Mike Hillyer,1,1.0,2005-07-06,1
5.79,30.05,2798,0.2,0.07,al-Hawiya,15.0,1,Saudi Arabia,70,CHRISTINA RAMIREZ,5.99,1,1,1,1,Mike Hillyer,1,1.0,2005-07-10,1
5.79,5.83,2797,1.2,0.2,Kisumu,5.0,1,Kenya,193,KATIE ELLIOTT,6.99,1,1,1,1,Mike Hillyer,1,1.0,2005-07-08,1
5.79,5.84,2792,1.2,0.33,Mogiljov,3.0,1,Belarus,527,CORY MEEHAN,6.99,1,1,1,1,Mike Hillyer,1,1.0,2005-08-18,1
5.79,5.84,2793,1.2,0.3,Torren,3.33,6,Mexico,133,PAULINE HENRY,6.99,1,1,1,2,Jon Stephens,2,1.0,2005-07-29,1
5.79,5.84,2794,1.2,0.3,Kaliningrad,3.33,6,Russian Federation,301,ROBERT BAUGHMAN,6.99,1,1,1,2,Jon Stephens,2,1.0,2005-07-12,1
5.79,5.84,2795,1.2,0.27,Naala-Porto,3.75,1,Mozambique,433,DON BONE,6.99,1,1,1,2,Jon Stephens,2,1.0,2005-08-18,1
5.79,5.84,2796,1.2,0.27,Simferopol,3.75,2,Ukraine,82,KATHRYN COLEMAN,6.99,1,1,1,2,Jon Stephens,2,1.0,2005-07-11,1
5.82,3.69,2789,2.16,0.43,Dhaka,4.62,1,Bangladesh,332,STEPHEN QUALLS,7.98,2,1,1,1,Mike Hillyer,1,1.0,2005-07-30,2
5.82,6.0,2790,1.16,0.33,Nuuk,6.0,1,Greenland,207,GERTRUDE CASTILLO,6.98,2,2,2,1,Mike Hillyer,1,0.5,2005-07-12,2
5.82,6.0,2791,1.16,0.3,Deba Habe,6.67,5,Nigeria,409,RODNEY MOELLER,6.98,2,1,1,1,Mike Hillyer,1,0.5,2005-08-21,2
5.83,6.0,2788,1.16,0.23,Dongying,4.29,6,China,466,LEO EBERT,6.99,1,1,1,1,Mike Hillyer,1,1.0,2005-07-11,1
5.83,6.01,2779,1.16,0.3,Lengshuijiang,3.33,17,China,267,MARGIE WADE,6.99,1,1,1,1,Mike Hillyer,1,1.0,2005-08-17,1
5.83,6.01,2779,1.16,0.3,Yuzhou,3.33,8,China,324,GARY COY,6.99,1,1,1,2,Jon Stephens,2,1.0,2005-07-28,1
5.83,6.01,2781,1.16,0.3,Ciomas,3.33,5,Indonesia,239,MINNIE ROMERO,6.99,1,1,1,1,Mike Hillyer,1,1.0,2005-07-29,1
5.83,6.01,2781,1.16,0.3,Ondo,3.33,4,Nigeria,156,BERTHA FERGUSON,6.99,1,1,1,2,Jon Stephens,2,1.0,2005-08-01,1
5.83,6.01,2783,1.16,0.3,Vinh,3.33,2,Vietnam,523,HARVEY GUAJARDO,6.99,1,1,1,2,Jon Stephens,2,1.0,2005-07-31,1
5.83,6.01,2784,1.16,0.27,Grand Prairie,3.75,9,United States,118,KIM CRUZ,6.99,1,1,1,2,Jon Stephens,2,1.0,2005-08-19,1
5.83,6.01,2784,1.16,0.27,Jinzhou,3.75,6,China,595,TERRENCE GUNDERSON,6.99,1,1,1,1,Mike Hillyer,1,1.0,2005-07-11,1
5.83,6.01,2784,1.16,0.27,Usak,3.75,5,Turkey,204,ROSEMARY SCHMIDT,6.99,1,1,1,1,Mike Hillyer,1,1.0,2005-08-18,1
5.83,6.01,2787,1.16,0.27,Bchar,3.75,2,Algeria,69,JUDY GRAY,6.99,1,1,1,2,Jon Stephens,2,1.0,2005-07-12,1
5.84,6.16,2776,1.13,0.2,Shikarpur,15.0,2,Pakistan,25,DEBORAH WALKER,6.97,3,2,2,2,Jon Stephens,2,0.0,2005-07-07,3
5.84,6.16,2776,1.13,0.2,York,15.0,5,United Kingdom,497,GILBERT SLEDGE,6.97,3,2,2,2,Jon Stephens,2,0.3333,2005-07-08,3
5.84,6.16,2778,1.13,0.17,La Paz,18.0,6,Mexico,488,SHANE MILLARD,6.97,3,2,2,2,Jon Stephens,2,0.3333,2005-07-28,3
5.84,6.17,2775,1.13,0.4,Liaocheng,7.5,13,China,129,CARRIE PORTER,6.97,3,2,2,2,Jon Stephens,2,0.3333,2005-07-09,3
5.85,3.75,2770,2.13,0.43,Cape Coral,4.62,9,United States,526,KARL SEAL,7.98,2,2,2,2,Jon Stephens,2,0.5,2005-08-17,2
5.85,3.75,2771,2.13,0.37,Goinia,5.45,5,Brazil,92,TINA SIMMONS,7.98,2,2,2,2,Jon Stephens,2,0.5,2005-07-11,2
5.85,6.17,2774,1.13,0.23,Changhwa,8.57,2,Taiwan,75,TAMMY SANDERS,6.98,2,2,2,1,Mike Hillyer,1,1.0,2005-07-08,2
5.85,6.18,2772,1.13,0.33,Usak,6.0,7,Turkey,204,ROSEMARY SCHMIDT,6.98,2,2,2,1,Mike Hillyer,1,0.5,2005-07-30,2
5.85,6.18,2773,1.13,0.3,Kaduna,6.67,6,Nigeria,18,CAROL GARCIA,6.98,2,2,2,2,Jon Stephens,2,0.5,2005-08-01,2
5.86,6.18,2767,1.13,0.3,Kilis,3.33,4,Turkey,143,LESLIE GORDON,6.99,1,1,1,1,Mike Hillyer,1,1.0,2005-08-02,1
5.86,6.18,2768,1.13,0.27,Onomichi,3.75,11,Japan,337,JERRY JORDON,6.99,1,1,1,1,Mike Hillyer,1,1.0,2005-08-18,1
5.86,6.18,2769,1.13,0.23,Bchar,4.29,2,Algeria,69,JUDY GRAY,6.99,1,1,1,2,Jon Stephens,2,1.0,2005-07-29,1
5.86,6.19,2766,1.13,0.33,Dos Quebradas,3.0,2,Colombia,120,SYLVIA ORTIZ,6.99,1,1,1,1,Mike Hillyer,1,1.0,2005-07-30,1
5.87,6.35,2765,1.1,0.23,Kalisz,12.86,3,Poland,270,LEAH CURTIS,6.97,3,2,2,1,Mike Hillyer,1,0.0,2005-08-17,3
5.88,3.81,2758,2.1,0.47,Meixian,4.29,11,China,90,RUBY WASHINGTON,7.98,2,1,1,1,Mike Hillyer,1,1.0,2005-08-19,2
5.88,3.81,2759,2.1,0.43,Pudukkottai,4.62,12,India,421,LEE HAWKS,7.98,2,2,2,1,Mike Hillyer,1,0.5,2005-08-02,2
5.88,3.81,2760,2.1,0.43,Yinchuan,4.62,12,China,484,ROBERTO VU,7.98,2,1,1,1,Mike Hillyer,1,0.0,2005-08-23,2
5.88,6.36,2761,1.1,0.3,Santo Andr,6.67,2,Brazil,354,JUSTIN NGO,6.98,2,1,1,1,Mike Hillyer,1,0.5,2005-07-26,2
5.88,6.36,2762,1.1,0.3,Tychy,6.67,2,Poland,380,RUSSELL BRINSON,6.98,2,1,1,1,Mike Hillyer,1,0.5,2005-07-28,2
5.88,6.36,2763,1.1,0.23,Bhimavaram,8.57,21,India,529,ERIK GUILLEN,6.98,2,2,2,1,Mike Hillyer,1,1.0,2005-08-18,2
5.88,60.0,2764,0.1,0.03,Katihar,60.0,14,India,419,CHAD CARBONE,5.98,2,1,1,1,Mike Hillyer,1,0.0,2005-07-06,2
5.89,3.81,2756,2.09,0.63,Lungtan,3.16,2,Taiwan,30,MELISSA KING,7.98,2,2,2,2,Jon Stephens,2,0.5,2005-08-23,2
5.89,3.81,2757,2.1,0.5,Munger (Monghyr),4.0,14,India,28,CYNTHIA YOUNG,7.98,2,1,1,1,Mike Hillyer,1,0.0,2005-08-23,2
5.89,6.37,2745,1.1,0.33,Oulu,3.0,1,Finland,298,ERIKA PENA,6.99,1,1,1,2,Jon Stephens,2,1.0,2005-08-01,1
5.89,6.37,2746,1.1,0.3,Katihar,3.33,18,India,419,CHAD CARBONE,6.99,1,1,1,2,Jon Stephens,2,1.0,2005-08-17,1
5.89,6.37,2746,1.1,0.3,guas Lindas de Gois,3.33,7,Brazil,130,CHARLOTTE HUNTER,6.99,1,1,1,1,Mike Hillyer,1,1.0,2005-08-18,1
5.89,6.37,2748,1.1,0.3,Peoria,3.33,10,United States,275,CAROLE BARNETT,6.99,1,1,1,1,Mike Hillyer,1,1.0,2005-08-01,1
5.89,6.37,2749,1.1,0.3,Valle de la Pascua,3.33,2,Venezuela,290,KRISTINA CHAMBERS,6.99,1,1,1,1,Mike Hillyer,1,1.0,2005-08-17,1
5.89,6.37,2750,1.1,0.23,Bat Yam,4.29,1,Israel,315,KENNETH GOODEN,6.99,1,1,1,1,Mike Hillyer,1,1.0,2005-08-23,1
5.89,6.37,2751,1.1,0.2,Joliet,5.0,8,United States,504,NATHANIEL ADAM,6.99,1,1,1,2,Jon Stephens,2,1.0,2005-07-09,1
5.89,6.37,2751,1.1,0.2,Tsuyama,5.0,6,Japan,429,FREDERICK ISBELL,6.99,1,1,1,2,Jon Stephens,2,1.0,2005-07-12,1
5.89,60.1,2754,0.1,0.03,Kuwana,30.0,12,Japan,531,JAMIE WAUGH,5.99,1,1,1,2,Jon Stephens,2,1.0,2005-07-06,1
5.89,60.1,2754,0.1,0.03,So Leopoldo,30.0,6,Brazil,443,FRANCISCO SKIDMORE,5.99,1,1,1,2,Jon Stephens,2,1.0,2005-07-06,1
5.89,60.3,2753,0.1,0.07,Huaian,15.0,20,China,384,ERNEST STEPP,5.99,1,1,1,2,Jon Stephens,2,1.0,2005-08-17,1
5.91,6.55,2741,1.06,0.33,Namibe,9.0,1,Angola,383,MARTIN BALES,6.97,3,2,2,2,Jon Stephens,2,0.0,2005-08-02,3
5.91,6.55,2742,1.06,0.23,Ondo,12.86,4,Nigeria,156,BERTHA FERGUSON,6.97,3,1,1,2,Jon Stephens,2,0.0,2005-08-20,3
5.91,6.55,2742,1.06,0.23,Saarbrcken,12.86,2,Germany,227,COLLEEN BURTON,6.97,3,2,2,2,Jon Stephens,2,0.3333,2005-07-29,3
5.91,6.55,2744,1.06,0.2,Osmaniye,15.0,6,Turkey,13,KAREN JACKSON,6.97,3,1,1,1,Mike Hillyer,1,0.3333,2005-07-12,3
5.92,3.87,2731,2.06,0.6,San Felipe de Puerto Plata,3.33,1,Dominican Republic,418,JEFF EAST,7.98,2,2,2,2,Jon Stephens,2,0.5,2005-08-22,2
5.92,3.87,2732,2.06,0.47,Salamanca,4.29,3,Mexico,273,PRISCILLA LOWE,7.98,2,1,1,2,Jon Stephens,2,1.0,2005-08-21,2
5.92,3.87,2733,2.06,0.43,Ivanovo,4.62,4,Russian Federation,106,CONNIE WALLACE,7.98,2,1,1,1,Mike Hillyer,1,0.5,2005-08-22,2
5.92,3.87,2733,2.06,0.43,Sharja,4.62,1,United Arab Emirates,292,MISTY LAMBERT,7.98,2,2,2,1,Mike Hillyer,1,0.0,2005-08-22,2
5.92,3.87,2735,2.06,0.4,Songkhla,5.0,2,Thailand,86,JACQUELINE LONG,7.98,2,1,1,1,Mike Hillyer,1,0.5,2005-08-20,2
5.92,6.56,2736,1.06,0.33,Matamoros,6.0,9,Mexico,177,SAMANTHA DUNCAN,6.98,2,1,1,1,Mike Hillyer,1,0.5,2005-08-02,2
5.92,6.56,2737,1.06,0.3,Bandar Seri Begawan,6.67,1,Brunei,91,LOIS BUTLER,6.98,2,1,1,2,Jon Stephens,2,0.5,2005-07-09,2
5.92,6.56,2737,1.06,0.3,Lapu-Lapu,6.67,4,Philippines,244,VIOLA HANSON,6.98,2,1,1,2,Jon Stephens,2,0.5,2005-07-29,2
5.92,6.56,2739,1.06,0.23,Denizli,8.57,6,Turkey,483,VERNON CHAPA,6.98,2,1,1,2,Jon Stephens,2,0.5,2005-08-18,2
5.92,6.56,2740,1.06,0.23,Shivapuri,8.57,18,India,68,NICOLE PETERSON,6.98,2,1,1,2,Jon Stephens,2,0.5,2005-08-21,2
5.92,90.76,2730,0.07,0.07,Linz,15.0,1,Austria,159,JILL HAWKINS,5.99,1,1,1,2,Jon Stephens,2,1.0,2005-07-06,1
5.93,6.57,2724,1.06,0.33,Balurghat,3.0,11,India,208,LUCY WHEELER,6.99,1,1,1,2,Jon Stephens,2,1.0,2005-07-11,1
5.93,6.57,2725,1.06,0.3,Vitria de Santo Anto,3.33,7,Brazil,374,JEREMY HURTADO,6.99,1,1,1,1,Mike Hillyer,1,1.0,2005-07-31,1
5.93,6.57,2726,1.06,0.27,Guaruj,3.75,8,Brazil,427,JESUS MCCARTNEY,6.99,1,1,1,1,Mike Hillyer,1,1.0,2005-07-11,1
5.93,6.57,2726,1.06,0.27,Tartu,3.75,1,Estonia,444,MARCUS HIDALGO,6.99,1,1,1,2,Jon Stephens,2,1.0,2005-07-08,1
5.93,6.57,2728,1.06,0.27,Qinhuangdao,3.75,21,China,242,GLENDA FRAZIER,6.99,1,1,1,1,Mike Hillyer,1,1.0,2005-07-31,1
5.93,6.57,2729,1.06,0.2,Maring,5.0,12,Brazil,246,MARIAN MENDOZA,6.99,1,1,1,1,Mike Hillyer,1,1.0,2005-08-21,1
5.93,6.75,2723,1.03,0.23,Yamuna Nagar,17.14,9,India,12,NANCY THOMAS,6.96,4,2,2,2,Jon Stephens,2,0.25,2005-07-09,4
5.94,6.76,2722,1.03,0.23,Garden Grove,12.86,7,United States,593,RENE MCALISTER,6.97,3,1,1,2,Jon Stephens,2,0.6667,2005-07-08,3
5.95,3.93,2715,2.03,0.53,Tongliao,3.75,13,China,442,LEROY BUSTAMANTE,7.98,2,1,1,2,Jon Stephens,2,0.5,2005-08-01,2
5.95,3.93,2715,2.03,0.53,Xiangfan,3.75,12,China,241,HEIDI LARSON,7.98,2,1,1,1,Mike Hillyer,1,0.0,2005-08-23,2
5.95,3.93,2717,2.03,0.43,Binzhou,4.62,8,China,533,JESSIE MILAM,7.98,2,1,1,1,Mike Hillyer,1,0.5,2005-08-18,2
5.95,3.93,2719,2.03,0.37,Athenai,5.45,1,Greece,3,LINDA WILLIAMS,7.98,2,2,2,2,Jon Stephens,2,0.0,2005-07-31,2
5.95,6.77,2720,1.03,0.23,Ponce,8.57,2,Puerto Rico,282,JENNY CASTRO,6.98,2,2,2,2,Jon Stephens,2,0.5,2005-07-27,2
5.95,6.77,2721,1.03,0.17,Joliet,12.0,8,United States,504,NATHANIEL ADAM,6.98,2,2,2,1,Mike Hillyer,1,0.5,2005-07-27,2
5.95,6.78,2718,1.03,0.37,Toulouse,5.45,1,France,35,VIRGINIA GREEN,6.98,2,1,1,1,Mike Hillyer,1,0.5,2005-07-10,2
5.96,6.78,2708,1.03,0.3,Ashgabat,3.33,1,Turkmenistan,200,JEANNE LAWSON,6.99,1,1,1,1,Mike Hillyer,1,1.0,2005-07-31,1
5.96,6.78,2709,1.03,0.27,Ede,3.75,2,Netherlands,341,PETER MENARD,6.99,1,1,1,1,Mike Hillyer,1,1.0,2005-08-02,1
5.96,6.78,2710,1.03,0.27,Pemalang,3.75,3,Indonesia,116,VICTORIA GIBSON,6.99,1,1,1,2,Jon Stephens,2,1.0,2005-07-30,1
5.96,6.78,2711,1.03,0.23,Hodeida,4.29,3,Yemen,470,GORDON ALLARD,6.99,1,1,1,2,Jon Stephens,2,1.0,2005-07-08,1
5.96,6.78,2712,1.03,0.23,Jamalpur,4.29,1,Bangladesh,329,FRANK WAGGONER,6.99,1,1,1,1,Mike Hillyer,1,1.0,2005-07-29,1
5.96,6.78,2713,1.03,0.2,Birgunj,5.0,1,Nepal,321,KEVIN SCHULER,6.99,1,1,1,2,Jon Stephens,2,1.0,2005-08-20,1
5.96,6.78,2714,1.03,0.17,Talavera,6.0,3,Philippines,505,RAFAEL ABNEY,6.99,1,1,1,1,Mike Hillyer,1,1.0,2005-07-08,1
5.98,4.0,2701,2.0,0.43,Baiyin,4.62,10,China,495,CHARLIE BESS,7.98,2,1,1,2,Jon Stephens,2,0.0,2005-08-20,2
5.98,4.0,2702,2.0,0.4,Kuching,5.0,2,Malaysia,58,JEAN BELL,7.98,2,2,2,2,Jon Stephens,2,0.0,2005-08-20,2
5.98,4.0,2703,2.0,0.4,Wroclaw,5.0,1,Poland,558,JIMMIE EGGLESTON,7.98,2,1,1,1,Mike Hillyer,1,0.0,2005-07-29,2
5.98,6.99,2707,1.0,0.2,Weifang,10.0,11,China,588,MARION OCAMPO,6.98,2,2,2,2,Jon Stephens,2,0.5,2005-07-07,2
5.98,7.0,2704,1.0,0.33,Laredo,6.0,8,United States,6,JENNIFER DAVIS,6.98,2,1,1,1,Mike Hillyer,1,1.0,2005-08-02,2
5.98,7.0,2705,1.0,0.3,Johannesburg,6.67,2,South Africa,471,DEAN SAUER,6.98,2,2,2,2,Jon Stephens,2,0.5,2005-08-01,2
5.98,7.0,2706,1.0,0.27,Anpolis,7.5,9,Brazil,229,TAMARA NGUYEN,6.98,2,1,1,2,Jon Stephens,2,0.5,2005-07-27,2
5.99,4.0,2700,2.0,0.5,Ljubertsy,4.0,4,Russian Federation,160,ERIN DUNN,7.98,2,1,1,1,Mike Hillyer,1,0.0,2005-08-22,2
5.99,7.0,2698,1.0,0.2,Sagamihara,5.0,8,Japan,11,LISA ANDERSON,6.99,1,1,1,2,Jon Stephens,2,1.0,2005-07-11,1
5.99,7.0,2699,1.0,0.2,Smolensk,5.0,11,Russian Federation,127,ELAINE STEVENS,6.99,1,1,1,1,Mike Hillyer,1,1.0,2005-07-31,1
5.99,7.01,2692,1.0,0.33,Abu Dhabi,3.0,2,United Arab Emirates,452,TOM MILNER,6.99,1,1,1,2,Jon Stephens,2,1.0,2005-07-28,1
5.99,7.01,2693,1.0,0.27,Dallas,3.75,2,United States,400,BRYAN HARDISON,6.99,1,1,1,2,Jon Stephens,2,1.0,2005-08-16,1
5.99,7.01,2694,1.0,0.27,Tianjin,3.75,15,China,249,DORA MEDINA,6.99,1,1,1,1,Mike Hillyer,1,1.0,2005-08-22,1
5.99,7.01,2695,1.0,0.27,Siegen,3.75,2,Germany,195,VANESSA SIMS,6.99,1,1,1,2,Jon Stephens,2,1.0,2005-07-30,1
5.99,7.01,2696,1.0,0.23,Sokoto,4.29,3,Nigeria,562,WALLACE SLONE,6.99,1,1,1,2,Jon Stephens,2,1.0,2005-07-11,1
5.99,7.01,2697,1.0,0.23,Clarksville,4.29,10,United States,140,EVA RAMOS,6.99,1,1,1,1,Mike Hillyer,1,1.0,2005-08-01,1
6.01,7.23,2691,0.96,0.27,Cavite,11.25,7,Philippines,388,CRAIG MORRELL,6.97,3,1,1,2,Jon Stephens,2,0.0,2005-07-31,3
6.02,4.07,2685,1.96,0.43,Cape Coral,4.62,6,United States,526,KARL SEAL,7.98,2,2,2,1,Mike Hillyer,1,0.0,2005-07-28,2
6.02,4.07,2686,1.96,0.4,Apeldoorn,5.0,1,Netherlands,137,RHONDA KENNEDY,7.98,2,2,2,2,Jon Stephens,2,0.5,2005-07-11,2
6.02,4.07,2686,1.96,0.4,Fontana,5.0,9,United States,51,ALICE STEWART,7.98,2,2,2,1,Mike Hillyer,1,0.5,2005-08-01,2
6.02,7.24,2688,0.96,0.3,Nezahualcyotl,6.67,8,Mexico,115,WENDY HARRISON,6.98,2,1,1,2,Jon Stephens,2,0.5,2005-07-27,2
6.02,7.24,2689,0.96,0.27,al-Qatif,7.5,1,Saudi Arabia,417,TRAVIS ESTEP,6.98,2,1,1,1,Mike Hillyer,1,1.0,2005-08-20,2
6.02,7.24,2690,0.96,0.27,Atlixco,7.5,9,Mexico,84,SARA PERRY,6.98,2,1,1,1,Mike Hillyer,1,0.5,2005-07-09,2
6.03,7.25,2679,0.96,0.27,Ondo,3.75,5,Nigeria,156,BERTHA FERGUSON,6.99,1,1,1,2,Jon Stephens,2,1.0,2005-07-12,1
6.03,7.25,2680,0.96,0.27,Laohekou,3.75,12,China,422,MELVIN ELLINGTON,6.99,1,1,1,2,Jon Stephens,2,1.0,2005-08-02,1
6.03,7.25,2681,0.96,0.23,Gatineau,4.29,3,Canada,476,DERRICK BOURQUE,6.99,1,1,1,2,Jon Stephens,2,1.0,2005-07-30,1
6.03,7.25,2682,0.96,0.23,Merlo,4.29,1,Argentina,107,FLORENCE WOODS,6.99,1,1,1,2,Jon Stephens,2,1.0,2005-07-26,1
6.03,7.25,2683,0.96,0.23,Benin City,4.29,3,Nigeria,284,SONIA GREGORY,6.99,1,1,1,1,Mike Hillyer,1,1.0,2005-07-09,1
6.03,7.25,2684,0.96,0.2,Dhule (Dhulia),5.0,18,India,440,BERNARD COLBY,6.99,1,1,1,2,Jon Stephens,2,1.0,2005-08-18,1
6.03,7.26,2678,0.96,0.33,Laredo,3.0,7,United States,6,JENNIFER DAVIS,6.99,1,1,1,2,Jon Stephens,2,1.0,2005-08-20,1
6.04,4.13,2676,1.93,0.47,Pune,6.43,20,India,135,JUANITA MASON,7.97,3,2,2,1,Mike Hillyer,1,0.6667,2005-08-01,3
6.04,7.49,2677,0.93,0.27,Compton,11.25,7,United States,182,RENEE LANE,6.97,3,1,1,2,Jon Stephens,2,0.6667,2005-07-08,3
6.05,4.13,2672,1.93,0.33,Iwaki,6.0,9,Japan,240,MARLENE WELCH,7.98,2,1,1,2,Jon Stephens,2,0.0,2005-08-19,2
6.05,4.14,2668,1.93,0.57,Ahmadnagar,3.53,14,India,297,SHERRI RHODES,7.98,2,2,2,1,Mike Hillyer,1,0.0,2005-08-23,2
6.05,4.14,2669,1.93,0.53,Chisinau,3.75,1,Moldova,38,MARTHA GONZALEZ,7.98,2,2,2,2,Jon Stephens,2,0.5,2005-07-31,2
6.05,4.14,2670,1.93,0.47,Kansas City,4.29,9,United States,308,THOMAS GRIGSBY,7.98,2,1,1,2,Jon Stephens,2,0.0,2005-08-23,2
6.05,4.14,2671,1.93,0.37,Cayenne,5.45,1,French Guiana,65,ROSE HOWARD,7.98,2,2,2,1,Mike Hillyer,1,0.5,2005-08-21,2
6.05,7.49,2674,0.93,0.2,Bhavnagar,10.0,21,India,379,CARLOS COUGHLIN,6.98,2,1,1,1,Mike Hillyer,1,0.5,2005-08-20,2
6.05,7.49,2675,0.93,0.17,Konotop,12.0,3,Ukraine,545,JULIO NOLAND,6.98,2,1,1,2,Jon Stephens,2,1.0,2005-07-29,2
6.05,7.5,2673,0.93,0.23,Cheju,8.57,1,South Korea,88,BONNIE HUGHES,6.98,2,1,1,1,Mike Hillyer,1,1.0,2005-07-12,2
6.06,7.5,2667,0.93,0.17,Florencia,6.0,1,Colombia,460,LEON BOSTIC,6.99,1,1,1,1,Mike Hillyer,1,1.0,2005-07-27,1
6.06,7.51,2665,0.93,0.27,Deba Habe,3.75,3,Nigeria,409,RODNEY MOELLER,6.99,1,1,1,2,Jon Stephens,2,1.0,2005-08-20,1
6.06,7.51,2666,0.93,0.2,Czestochowa,5.0,1,Poland,572,SIDNEY BURLESON,6.99,1,1,1,2,Jon Stephens,2,1.0,2005-07-28,1
6.07,7.76,2664,0.9,0.2,Nuuk,15.0,1,Greenland,207,GERTRUDE CASTILLO,6.97,3,2,2,1,Mike Hillyer,1,0.0,2005-07-09,3
6.08,3.1,2663,2.89,0.6,Karnal,5.0,10,India,274,NAOMI JENNINGS,8.97,3,2,2,2,Jon Stephens,2,0.3333,2005-08-22,3
6.08,4.21,2657,1.9,0.43,Bhusawal,4.62,17,India,202,CARLA GUTIERREZ,7.98,2,1,1,1,Mike Hillyer,1,1.0,2005-08-20,2
6.08,4.21,2658,1.9,0.4,Celaya,5.0,8,Mexico,587,SERGIO STANFIELD,7.98,2,2,2,2,Jon Stephens,2,0.0,2005-08-02,2
6.08,4.21,2659,1.9,0.37,Vancouver,5.45,2,Canada,436,TROY QUIGLEY,7.98,2,1,1,2,Jon Stephens,2,0.5,2005-08-18,2
6.08,4.21,2660,1.9,0.33,Santa F,6.0,2,Argentina,331,ERIC ROBERT,7.98,2,1,1,1,Mike Hillyer,1,1.0,2005-07-10,2
6.08,7.77,2661,0.9,0.2,Southend-on-Sea,10.0,3,United Kingdom,16,SANDRA MARTIN,6.98,2,1,1,2,Jon Stephens,2,0.5,2005-07-07,2
6.08,7.77,2662,0.9,0.2,Imus,10.0,4,Philippines,349,JOE GILLILAND,6.98,2,2,2,1,Mike Hillyer,1,0.5,2005-07-08,2
6.09,7.79,2652,0.9,0.27,Madiun,3.75,5,Indonesia,500,REGINALD KINDER,6.99,1,1,1,1,Mike Hillyer,1,1.0,2005-07-29,1
6.09,7.79,2653,0.9,0.23,Newcastle,4.29,3,South Africa,432,EDWIN BURK,6.99,1,1,1,1,Mike Hillyer,1,1.0,2005-08-18,1
6.09,7.79,2654,0.9,0.23,Ondo,4.29,3,Nigeria,156,BERTHA FERGUSON,6.99,1,1,1,1,Mike Hillyer,1,1.0,2005-07-30,1
6.09,7.79,2654,0.9,0.23,Poos de Caldas,4.29,6,Brazil,254,MAXINE SILVA,6.99,1,1,1,1,Mike Hillyer,1,1.0,2005-08-17,1
6.09,7.79,2656,0.9,0.23,Coquimbo,4.29,1,Chile,515,ANDRE RAPP,6.99,1,1,1,2,Jon Stephens,2,1.0,2005-07-07,1
6.11,8.06,2650,0.87,0.17,Valle de la Pascua,18.0,2,Venezuela,290,KRISTINA CHAMBERS,6.97,3,2,2,2,Jon Stephens,2,0.3333,2005-07-07,3
6.11,8.06,2651,0.87,0.17,Shivapuri,18.0,12,India,68,NICOLE PETERSON,6.97,3,2,2,1,Mike Hillyer,1,0.0,2005-07-06,3
6.11,8.07,2648,0.87,0.13,Shubra al-Khayma,15.0,2,Egypt,119,SHERRY MARSHALL,6.98,2,1,1,1,Mike Hillyer,1,0.5,2005-07-09,2
6.11,8.07,2649,0.86,0.3,Kurashiki,10.0,13,Japan,34,REBECCA SCOTT,6.97,3,2,2,1,Mike Hillyer,1,0.0,2005-08-18,3
6.12,4.28,2643,1.86,0.43,Balikesir,4.62,4,Turkey,366,BRANDON HUEY,7.98,2,2,2,1,Mike Hillyer,1,0.5,2005-08-18,2
6.12,8.07,2647,0.86,0.2,Adoni,10.0,9,India,367,ADAM GOOCH,6.98,2,2,2,2,Jon Stephens,2,1.0,2005-07-12,2
6.12,8.08,2644,0.86,0.33,Vilnius,6.0,1,Lithuania,557,FELIX GAFFNEY,6.98,2,1,1,2,Jon Stephens,2,0.5,2005-08-23,2
6.12,8.08,2645,0.86,0.27,Olomouc,7.5,1,Czech Republic,265,JENNIE TERRY,6.98,2,2,2,2,Jon Stephens,2,0.5,2005-08-18,2
6.12,8.08,2646,0.86,0.23,Oshawa,8.57,4,Canada,189,LORETTA CARPENTER,6.98,2,1,1,2,Jon Stephens,2,0.5,2005-07-30,2
6.13,8.08,2638,0.86,0.2,Bhopal,5.0,16,India,15,HELEN HARRIS,6.99,1,1,1,2,Jon Stephens,2,1.0,2005-07-29,1
6.13,8.08,2638,0.86,0.2,Nagaon,5.0,21,India,152,ALICIA MILLS,6.99,1,1,1,1,Mike Hillyer,1,1.0,2005-08-01,1
6.13,8.08,2638,0.86,0.2,Rio Claro,5.0,8,Brazil,74,DENISE KELLY,6.99,1,1,1,1,Mike Hillyer,1,1.0,2005-07-27,1
6.13,8.08,2638,0.86,0.2,Sucre,5.0,2,Bolivia,431,JOEL FRANCISCO,6.99,1,1,1,1,Mike Hillyer,1,1.0,2005-08-18,1
6.13,8.08,2642,0.87,0.17,Basel,6.0,2,Switzerland,61,KATHERINE RIVERA,6.99,1,1,1,2,Jon Stephens,2,1.0,2005-07-31,1
6.13,8.09,2637,0.86,0.23,Sterling Heights,4.29,6,United States,146,JAMIE RICE,6.99,1,1,1,1,Mike Hillyer,1,1.0,2005-07-08,1
6.14,4.36,2635,1.83,0.33,Fuyu,9.0,10,China,211,STACEY MONTGOMERY,7.97,3,2,2,1,Mike Hillyer,1,1.0,2005-07-12,3
6.14,8.39,2636,0.83,0.23,Sanaa,12.86,1,Yemen,303,WILLIAM SATTERFIELD,6.97,3,1,1,2,Jon Stephens,2,0.3333,2005-08-17,3
6.15,4.36,2630,1.83,0.5,Nantou,4.0,2,Taiwan,5,ELIZABETH BROWN,7.98,2,1,1,2,Jon Stephens,2,0.5,2005-08-20,2
6.15,4.36,2631,1.83,0.47,Richmond Hill,4.29,3,Canada,410,CURTIS IRBY,7.98,2,1,1,1,Mike Hillyer,1,0.5,2005-08-01,2
6.15,4.36,2632,1.83,0.4,Paarl,5.0,2,South Africa,338,DENNIS GILMAN,7.98,2,1,1,1,Mike Hillyer,1,0.0,2005-07-11,2
6.15,4.36,2633,1.83,0.33,Zanzibar,6.0,3,Tanzania,220,CHARLENE ALVAREZ,7.98,2,2,2,2,Jon Stephens,2,0.5,2005-08-17,2
6.15,4.37,2629,1.83,0.53,Chisinau,3.75,1,Moldova,38,MARTHA GONZALEZ,7.98,2,2,2,2,Jon Stephens,2,0.5,2005-08-21,2
6.15,8.41,2634,0.83,0.3,Sorocaba,6.67,7,Brazil,314,GEORGE LINTON,6.98,2,1,1,1,Mike Hillyer,1,0.5,2005-07-12,2
6.16,8.4,2628,0.83,0.17,Coatzacoalcos,6.0,1,Mexico,482,MAURICE CRAWLEY,6.99,1,1,1,2,Jon Stephens,2,1.0,2005-08-16,1
6.16,8.41,2624,0.83,0.27,Tambaram,3.75,21,India,287,BECKY MILES,6.99,1,1,1,2,Jon Stephens,2,1.0,2005-07-30,1
6.16,8.41,2625,0.83,0.23,Merlo,4.29,5,Argentina,107,FLORENCE WOODS,6.99,1,1,1,2,Jon Stephens,2,1.0,2005-07-06,1
6.16,8.41,2626,0.83,0.23,Augusta-Richmond County,4.29,9,United States,96,DIANA ALEXANDER,6.99,1,1,1,1,Mike Hillyer,1,1.0,2005-07-29,1
6.16,8.41,2627,0.83,0.2,Nam Dinh,5.0,2,Vietnam,472,GREG ROBINS,6.99,1,1,1,2,Jon Stephens,2,1.0,2005-07-06,1
6.16,8.42,2623,0.83,0.3,Matamoros,3.33,4,Mexico,177,SAMANTHA DUNCAN,6.99,1,1,1,2,Jon Stephens,2,1.0,2005-08-17,1
6.18,3.21,2622,2.79,0.57,Valparai,5.29,11,India,403,MIKE WAY,8.97,3,2,2,2,Jon Stephens,2,0.0,2005-08-21,3
6.18,4.44,2618,1.8,0.4,Yangor,5.0,1,Nauru,513,DUANE TUBBS,7.98,2,1,1,2,Jon Stephens,2,0.5,2005-08-19,2
6.18,8.74,2620,0.8,0.17,Garden Grove,12.0,6,United States,593,RENE MCALISTER,6.98,2,1,1,2,Jon Stephens,2,0.5,2005-07-07,2
6.18,8.74,2621,0.8,0.17,Ciomas,12.0,2,Indonesia,239,MINNIE ROMERO,6.98,2,2,2,1,Mike Hillyer,1,0.5,2005-07-06,2
6.18,8.75,2619,0.8,0.23,Ashgabat,8.57,1,Turkmenistan,200,JEANNE LAWSON,6.98,2,1,1,2,Jon Stephens,2,0.5,2005-07-29,2
6.19,4.45,2609,1.8,0.33,Huejutla de Reyes,3.0,6,Mexico,582,ANDY VANHORN,7.99,1,1,1,2,Jon Stephens,2,1.0,2005-08-02,1
6.19,8.75,2617,0.8,0.13,Dayton,7.5,7,United States,294,SHELLY WATTS,6.99,1,1,1,2,Jon Stephens,2,1.0,2005-07-27,1
6.19,8.76,2610,0.8,0.23,Ranchi,4.29,18,India,358,SAMUEL MARLOW,6.99,1,1,1,1,Mike Hillyer,1,1.0,2005-08-18,1
6.19,8.76,2611,0.8,0.23,Sucre,4.29,1,Bolivia,431,JOEL FRANCISCO,6.99,1,1,1,2,Jon Stephens,2,1.0,2005-08-02,1
6.19,8.76,2612,0.8,0.2,Suihua,5.0,17,China,511,CHESTER BENNER,6.99,1,1,1,2,Jon Stephens,2,1.0,2005-08-17,1
6.19,8.76,2613,0.8,0.2,s-Hertogenbosch,5.0,2,Netherlands,184,VIVIAN RUIZ,6.99,1,1,1,2,Jon Stephens,2,1.0,2005-07-28,1
6.19,8.76,2614,0.8,0.2,Simferopol,5.0,1,Ukraine,82,KATHRYN COLEMAN,6.99,1,1,1,1,Mike Hillyer,1,1.0,2005-07-08,1
6.19,8.76,2615,0.8,0.17,Pathankot,6.0,21,India,95,PAULA BRYANT,6.99,1,1,1,1,Mike Hillyer,1,1.0,2005-07-30,1
6.19,8.76,2616,0.8,0.17,Kirovo-Tepetsk,6.0,4,Russian Federation,179,DANA HART,6.99,1,1,1,2,Jon Stephens,2,1.0,2005-07-11,1
6.21,9.11,2608,0.77,0.17,Kurashiki,18.0,11,Japan,34,REBECCA SCOTT,6.97,3,2,2,1,Mike Hillyer,1,0.0,2005-07-27,3
6.21,9.12,2607,0.76,0.23,Valle de Santiago,12.86,6,Mexico,288,BOBBIE CRAIG,6.97,3,2,2,2,Jon Stephens,2,0.0,2005-08-19,3
6.22,4.52,2603,1.76,0.3,Mit Ghamr,6.67,1,Egypt,491,RICK MATTOX,7.98,2,1,1,2,Jon Stephens,2,0.5,2005-07-31,2
6.22,4.53,2599,1.76,0.43,Tanza,4.62,4,Philippines,236,MARCIA DEAN,7.98,2,2,2,2,Jon Stephens,2,1.0,2005-07-10,2
6.22,4.53,2600,1.76,0.4,Pereira,5.0,1,Colombia,180,STACY CUNNINGHAM,7.98,2,1,1,1,Mike Hillyer,1,0.5,2005-08-22,2
6.22,4.53,2601,1.76,0.33,Cam Ranh,6.0,1,Vietnam,532,NEIL RENNER,7.98,2,2,2,2,Jon Stephens,2,0.5,2005-07-27,2
6.22,4.53,2602,1.76,0.33,Oshawa,6.0,1,Canada,189,LORETTA CARPENTER,7.98,2,1,1,1,Mike Hillyer,1,1.0,2005-08-23,2
6.22,9.12,2606,0.77,0.17,Inegl,12.0,8,Turkey,278,BILLIE HORTON,6.98,2,1,1,2,Jon Stephens,2,0.5,2005-07-28,2
6.22,9.13,2598,0.77,0.13,Mexicali,7.5,7,Mexico,343,DOUGLAS GRAF,6.99,1,1,1,1,Mike Hillyer,1,1.0,2005-07-27,1
6.22,9.13,2605,0.76,0.2,San Felipe de Puerto Plata,10.0,1,Dominican Republic,418,JEFF EAST,6.98,2,1,1,2,Jon Stephens,2,0.5,2005-07-29,2
6.22,9.14,2604,0.76,0.27,Yaound,7.5,1,Cameroon,361,LAWRENCE LAWTON,6.98,2,1,1,1,Mike Hillyer,1,0.5,2005-07-31,2
6.23,4.53,2590,1.76,0.33,Uruapan,3.0,3,Mexico,454,ALEX GRESHAM,7.99,1,1,1,1,Mike Hillyer,1,1.0,2005-07-06,1
6.23,9.14,2593,0.76,0.2,Zeleznogorsk,5.0,3,Russian Federation,351,JACK FOUST,6.99,1,1,1,1,Mike Hillyer,1,1.0,2005-08-21,1
6.23,9.14,2594,0.76,0.2,Tel Aviv-Jaffa,5.0,3,Israel,161,GERALDINE PERKINS,6.99,1,1,1,2,Jon Stephens,2,1.0,2005-07-09,1
6.23,9.14,2595,0.77,0.17,Gandhinagar,6.0,8,India,117,EDITH MCDONALD,6.99,1,1,1,1,Mike Hillyer,1,1.0,2005-07-12,1
6.23,9.14,2595,0.77,0.17,Kabul,6.0,1,Afghanistan,218,VERA MCCOY,6.99,1,1,1,2,Jon Stephens,2,1.0,2005-07-30,1
6.23,9.14,2595,0.77,0.17,San Lorenzo,6.0,2,Paraguay,345,CARL ARTIS,6.99,1,1,1,1,Mike Hillyer,1,1.0,2005-07-27,1
6.23,9.15,2591,0.76,0.23,Southport,4.29,4,United Kingdom,556,ARMANDO GRUBER,6.99,1,1,1,2,Jon Stephens,2,1.0,2005-08-01,1
6.23,9.15,2592,0.76,0.23,El Alto,4.29,1,Bolivia,455,JON WILES,6.99,1,1,1,1,Mike Hillyer,1,1.0,2005-07-10,1
6.24,3.29,2587,2.73,0.5,Huejutla de Reyes,6.0,5,Mexico,582,ANDY VANHORN,8.97,3,2,2,2,Jon Stephens,2,0.3333,2005-08-23,3
6.24,9.53,2588,0.73,0.2,Ljubertsy,15.0,12,Russian Federation,160,ERIN DUNN,6.97,3,2,2,2,Jon Stephens,2,0.3333,2005-07-31,3
6.24,9.53,2588,0.73,0.2,Satna,15.0,15,India,356,GERALD FULTZ,6.97,3,1,1,1,Mike Hillyer,1,0.6667,2005-07-28,3
6.25,3.29,2578,2.73,0.6,Etawah,3.33,7,India,121,JOSEPHINE GOMEZ,8.98,2,2,2,1,Mike Hillyer,1,0.5,2005-08-22,2
6.25,4.61,2582,1.73,0.4,Citrus Heights,5.0,4,United States,14,BETTY WHITE,7.98,2,2,2,1,Mike Hillyer,1,0.5,2005-08-22,2
6.25,4.61,2583,1.73,0.3,Purnea (Purnia),6.67,14,India,426,BRADLEY MOTLEY,7.98,2,1,1,2,Jon Stephens,2,0.5,2005-08-17,2
6.25,4.62,2579,1.73,0.43,Ciparay,4.62,3,Indonesia,328,JEFFREY SPEAR,7.98,2,2,2,1,Mike Hillyer,1,0.5,2005-08-22,2
6.25,4.62,2579,1.73,0.43,Tel Aviv-Jaffa,4.62,2,Israel,161,GERALDINE PERKINS,7.98,2,2,2,2,Jon Stephens,2,0.5,2005-08-02,2
6.25,4.62,2581,1.73,0.43,Sungai Petani,4.62,1,Malaysia,306,CHARLES KOWALSKI,7.98,2,1,1,2,Jon Stephens,2,0.5,2005-08-17,2
6.25,9.54,2584,0.73,0.2,Malm,10.0,1,Sweden,66,JANICE WARD,6.98,2,1,1,1,Mike Hillyer,1,1.0,2005-08-17,2
6.25,9.54,2584,0.73,0.2,San Felipe del Progreso,10.0,9,Mexico,319,RONALD WEINER,6.98,2,1,1,2,Jon Stephens,2,0.5,2005-07-07,2
6.25,9.54,2586,0.73,0.17,La Romana,12.0,1,Dominican Republic,437,RANDALL NEUMANN,6.98,2,2,2,1,Mike Hillyer,1,0.5,2005-07-09,2
6.26,4.62,2568,1.73,0.33,Isesaki,3.0,8,Japan,519,RON DELUCA,7.99,1,1,1,1,Mike Hillyer,1,1.0,2005-08-20,1
6.26,4.62,2569,1.73,0.33,Kragujevac,3.0,1,Yugoslavia,7,MARIA MILLER,7.99,1,1,1,2,Jon Stephens,2,1.0,2005-07-31,1
6.26,9.55,2575,0.73,0.17,Juiz de Fora,6.0,5,Brazil,591,KENT ARSENAULT,6.99,1,1,1,1,Mike Hillyer,1,1.0,2005-07-08,1
6.26,9.55,2575,0.73,0.17,London,6.0,2,United Kingdom,512,CECIL VINES,6.99,1,1,1,1,Mike Hillyer,1,1.0,2005-07-09,1
6.26,9.55,2575,0.73,0.17,Niznekamsk,6.0,11,Russian Federation,48,ANN EVANS,6.99,1,1,1,1,Mike Hillyer,1,1.0,2005-07-29,1
6.26,9.56,2570,0.73,0.23,Atlixco,4.29,7,Mexico,84,SARA PERRY,6.99,1,1,1,2,Jon Stephens,2,1.0,2005-07-08,1
6.26,9.56,2570,0.73,0.23,Laohekou,4.29,15,China,422,MELVIN ELLINGTON,6.99,1,1,1,2,Jon Stephens,2,1.0,2005-08-01,1
6.26,9.56,2572,0.73,0.2,London,5.0,3,United Kingdom,512,CECIL VINES,6.99,1,1,1,1,Mike Hillyer,1,1.0,2005-07-28,1
6.26,9.56,2572,0.73,0.2,Tuguegarao,5.0,6,Philippines,261,DEANNA BYRD,6.99,1,1,1,1,Mike Hillyer,1,1.0,2005-08-18,1
6.26,9.56,2572,0.73,0.2,Ueda,5.0,7,Japan,503,ANGEL BARCLAY,6.99,1,1,1,1,Mike Hillyer,1,1.0,2005-07-10,1
6.27,4.7,2564,1.7,0.47,Citt del Vaticano,6.43,1,Holy See (Vatican City State),26,JESSICA HALL,7.97,3,2,2,1,Mike Hillyer,1,0.3333,2005-08-02,3
6.27,4.7,2565,1.7,0.43,Atinsk,6.92,10,Russian Federation,397,JIMMY SCHRADER,7.97,3,2,2,1,Mike Hillyer,1,0.6667,2005-08-01,3
6.27,4.7,2566,1.7,0.27,Jelets,11.25,8,Russian Federation,100,ROBIN HAYES,7.97,3,2,2,2,Jon Stephens,2,0.6667,2005-07-28,3
6.27,9.99,2567,0.7,0.2,Berhampore (Baharampur),15.0,14,India,413,MARVIN YEE,6.97,3,2,2,1,Mike Hillyer,1,0.0,2005-08-02,3
6.28,10.0,2563,0.7,0.17,Bern,12.0,3,Switzerland,155,GAIL KNIGHT,6.98,2,1,1,1,Mike Hillyer,1,0.5,2005-07-27,2
6.28,4.7,2562,1.7,0.33,Xiangtan,6.0,12,China,67,KELLY TORRES,7.98,2,1,1,2,Jon Stephens,2,0.0,2005-08-22,2
6.28,4.71,2559,1.7,0.43,Dayton,4.62,9,United States,294,SHELLY WATTS,7.98,2,1,1,2,Jon Stephens,2,0.5,2005-08-17,2
6.28,4.71,2560,1.7,0.4,Kowloon and New Kowloon,5.0,1,Hong Kong,289,VIOLET RODRIQUEZ,7.98,2,2,2,1,Mike Hillyer,1,0.5,2005-08-20,2
6.28,4.71,2561,1.7,0.4,Bijapur,5.0,18,India,468,TIM CARY,7.98,2,1,1,1,Mike Hillyer,1,1.0,2005-07-31,2
6.29,10.0,2557,0.7,0.13,Nam Dinh,7.5,1,Vietnam,472,GREG ROBINS,6.99,1,1,1,1,Mike Hillyer,1,1.0,2005-08-17,1
6.29,10.01,2555,0.7,0.17,Eskisehir,6.0,2,Turkey,507,EDGAR RHOADS,6.99,1,1,1,2,Jon Stephens,2,1.0,2005-08-17,1
6.29,10.01,2556,0.7,0.17,Ashdod,6.0,2,Israel,102,CRYSTAL FORD,6.99,1,1,1,1,Mike Hillyer,1,1.0,2005-07-07,1
6.29,10.03,2554,0.7,0.3,Korla,3.33,10,China,283,FELICIA SUTTON,6.99,1,1,1,1,Mike Hillyer,1,1.0,2005-08-18,1
6.29,4.71,2553,1.7,0.3,Southampton,3.33,2,United Kingdom,583,MARSHALL THORN,7.99,1,1,1,2,Jon Stephens,2,1.0,2005-07-29,1
6.29,4.71,2558,1.7,0.5,Nezahualcyotl,4.0,7,Mexico,115,WENDY HARRISON,7.98,2,1,1,2,Jon Stephens,2,1.0,2005-08-01,2
6.31,10.49,2548,0.67,0.13,Nuuk,15.0,1,Greenland,207,GERTRUDE CASTILLO,6.98,2,2,2,1,Mike Hillyer,1,0.5,2005-07-08,2
6.31,10.49,2549,0.67,0.13,Kalisz,15.0,2,Poland,270,LEAH CURTIS,6.98,2,2,2,2,Jon Stephens,2,1.0,2005-07-29,2
6.31,10.49,2551,0.66,0.23,Nezahualcyotl,12.86,6,Mexico,115,WENDY HARRISON,6.97,3,2,2,1,Mike Hillyer,1,0.6667,2005-07-11,3
6.31,10.49,2552,0.66,0.2,Liaocheng,15.0,10,China,129,CARRIE PORTER,6.97,3,2,2,2,Jon Stephens,2,0.3333,2005-07-06,3
6.31,4.79,2550,1.66,0.37,Tambaram,8.18,13,India,287,BECKY MILES,7.97,3,2,2,2,Jon Stephens,2,0.3333,2005-08-22,3
6.32,10.5,2539,0.67,0.1,Novi Sad,10.0,1,Yugoslavia,553,MAX PITT,6.99,1,1,1,1,Mike Hillyer,1,1.0,2005-07-05,1
6.32,10.5,2545,0.66,0.2,Esfahan,10.0,2,Iran,10,DOROTHY TAYLOR,6.98,2,2,2,1,Mike Hillyer,1,0.5,2005-07-07,2
6.32,10.5,2546,0.67,0.17,Roanoke,12.0,8,United States,291,TONI HOLT,6.98,2,2,2,2,Jon Stephens,2,0.5,2005-07-27,2
6.32,10.5,2547,0.67,0.17,Guadalajara,12.0,9,Mexico,364,BENJAMIN VARNEY,6.98,2,1,1,1,Mike Hillyer,1,0.5,2005-08-18,2
6.32,10.51,2537,0.67,0.13,Memphis,7.5,9,United States,181,ANA BRADLEY,6.99,1,1,1,1,Mike Hillyer,1,1.0,2005-07-06,1
6.32,10.51,2537,0.67,0.13,Rancagua,7.5,1,Chile,464,JEROME KENYON,6.99,1,1,1,1,Mike Hillyer,1,1.0,2005-08-22,1
6.32,3.37,2540,2.66,0.57,Saint-Denis,3.53,1,Runion,148,ELEANOR HUNT,8.98,2,1,1,1,Mike Hillyer,1,0.5,2005-07-30,2
6.32,4.8,2541,1.66,0.43,Pak Kret,4.62,1,Thailand,42,CAROLYN PEREZ,7.98,2,2,2,2,Jon Stephens,2,0.0,2005-08-18,2
6.32,4.8,2542,1.66,0.4,Deba Habe,5.0,3,Nigeria,409,RODNEY MOELLER,7.98,2,2,2,1,Mike Hillyer,1,1.0,2005-07-29,2
6.32,4.8,2543,1.66,0.4,Kansas City,5.0,4,United States,308,THOMAS GRIGSBY,7.98,2,2,2,1,Mike Hillyer,1,0.5,2005-08-22,2
6.32,4.8,2544,1.66,0.33,Ilorin,6.0,5,Nigeria,103,GLADYS HAMILTON,7.98,2,2,2,2,Jon Stephens,2,0.5,2005-07-27,2
6.33,10.52,2536,0.66,0.2,Lilongwe,5.0,1,Malawi,166,LYNN PAYNE,6.99,1,1,1,2,Jon Stephens,2,1.0,2005-07-07,1
6.33,4.8,2535,1.66,0.3,Sultanbeyli,3.33,2,Turkey,493,BRENT HARKINS,7.99,1,1,1,2,Jon Stephens,2,1.0,2005-08-02,1
6.34,3.41,2534,2.63,0.63,Tychy,4.74,2,Poland,380,RUSSELL BRINSON,8.97,3,2,2,2,Jon Stephens,2,0.0,2005-08-23,3
6.35,11.05,2533,0.63,0.17,Santo Andr,12.0,4,Brazil,354,JUSTIN NGO,6.98,2,2,2,1,Mike Hillyer,1,0.5,2005-07-07,2
6.35,11.06,2532,0.63,0.23,Vaduz,8.57,1,Liechtenstein,57,EVELYN MORGAN,6.98,2,1,1,2,Jon Stephens,2,0.5,2005-08-19,2
6.35,4.89,2529,1.63,0.3,Nam Dinh,6.67,4,Vietnam,472,GREG ROBINS,7.98,2,1,1,1,Mike Hillyer,1,0.5,2005-08-01,2
6.35,4.89,2529,1.63,0.3,York,6.67,3,United Kingdom,497,GILBERT SLEDGE,7.98,2,1,1,1,Mike Hillyer,1,0.0,2005-08-19,2
6.35,4.89,2531,1.63,0.27,San Juan Bautista Tuxtepec,7.5,6,Mexico,425,FRANCIS SIKES,7.98,2,2,2,1,Mike Hillyer,1,0.0,2005-07-09,2
6.35,4.9,2525,1.63,0.43,Halle/Saale,4.62,4,Germany,251,VICKIE BREWER,7.98,2,1,1,2,Jon Stephens,2,0.5,2005-08-23,2
6.35,4.9,2526,1.63,0.43,Izumisano,4.62,6,Japan,391,CLARENCE GAMEZ,7.98,2,2,2,2,Jon Stephens,2,0.0,2005-08-02,2
6.35,4.9,2527,1.63,0.33,Celaya,6.0,7,Mexico,587,SERGIO STANFIELD,7.98,2,2,2,1,Mike Hillyer,1,0.0,2005-08-01,2
6.35,4.9,2527,1.63,0.33,Newcastle,6.0,4,South Africa,432,EDWIN BURK,7.98,2,1,1,2,Jon Stephens,2,0.0,2005-07-31,2
6.36,11.06,2523,0.63,0.13,Niznekamsk,7.5,6,Russian Federation,48,ANN EVANS,6.99,1,1,1,2,Jon Stephens,2,1.0,2005-07-09,1
6.36,11.06,2523,0.63,0.13,Rancagua,7.5,2,Chile,464,JEROME KENYON,6.99,1,1,1,2,Jon Stephens,2,1.0,2005-07-09,1
6.36,11.07,2521,0.63,0.17,Cayenne,6.0,1,French Guiana,65,ROSE HOWARD,6.99,1,1,1,1,Mike Hillyer,1,1.0,2005-07-28,1
6.36,11.07,2521,0.63,0.17,Nabereznyje Telny,6.0,9,Russian Federation,447,CLIFFORD BOWENS,6.99,1,1,1,1,Mike Hillyer,1,1.0,2005-07-08,1
6.36,4.9,2520,1.63,0.33,Sal,3.0,1,Morocco,22,LAURA RODRIGUEZ,7.99,1,1,1,1,Mike Hillyer,1,1.0,2005-08-22,1
6.37,4.99,2519,1.6,0.37,Karnal,8.18,13,India,274,NAOMI JENNINGS,7.97,3,2,2,2,Jon Stephens,2,0.3333,2005-08-02,3
6.38,11.65,2518,0.6,0.1,Hubli-Dharwad,20.0,21,India,136,ANITA MORALES,6.98,2,2,2,2,Jon Stephens,2,0.5,2005-08-18,2
6.38,11.67,2516,0.6,0.17,A Corua (La Corua),12.0,3,Spain,52,JULIE SANCHEZ,6.98,2,1,1,2,Jon Stephens,2,0.5,2005-07-27,2
6.38,11.67,2516,0.6,0.17,Cuautla,12.0,9,Mexico,323,MATTHEW MAHAN,6.98,2,1,1,2,Jon Stephens,2,0.5,2005-07-10,2
6.38,11.69,2515,0.6,0.27,Berhampore (Baharampur),7.5,16,India,413,MARVIN YEE,6.98,2,1,1,1,Mike Hillyer,1,0.5,2005-08-19,2
6.38,5.0,2513,1.6,0.43,Kurgan,4.62,4,Russian Federation,376,RANDY GAITHER,7.98,2,1,1,1,Mike Hillyer,1,0.0,2005-08-22,2
6.38,5.0,2514,1.6,0.33,Baku,6.0,1,Azerbaijan,333,ANDREW PURDY,7.98,2,2,2,2,Jon Stephens,2,0.5,2005-08-18,2
6.39,11.67,2511,0.6,0.1,Balaiha,10.0,11,Russian Federation,55,DORIS REED,6.99,1,1,1,2,Jon Stephens,2,1.0,2005-07-29,1
6.39,11.67,2512,0.6,0.1,Otsu,10.0,7,Japan,285,MIRIAM MCKINNEY,6.99,1,1,1,2,Jon Stephens,2,1.0,2005-07-07,1
6.39,11.68,2509,0.6,0.17,Kaliningrad,6.0,6,Russian Federation,301,ROBERT BAUGHMAN,6.99,1,1,1,1,Mike Hillyer,1,1.0,2005-07-09,1
6.39,11.68,2509,0.6,0.17,Ljubertsy,6.0,4,Russian Federation,160,ERIN DUNN,6.99,1,1,1,2,Jon Stephens,2,1.0,2005-07-11,1
6.39,5.0,2508,1.6,0.33,Ivanovo,3.0,6,Russian Federation,106,CONNIE WALLACE,7.99,1,1,1,1,Mike Hillyer,1,1.0,2005-08-18,1
6.41,12.34,2507,0.57,0.1,Yantai,20.0,12,China,272,KAY CALDWELL,6.98,2,1,1,2,Jon Stephens,2,0.5,2005-07-09,2
6.42,12.35,2505,0.57,0.17,Dongying,12.0,21,China,466,LEO EBERT,6.98,2,1,1,1,Mike Hillyer,1,0.5,2005-07-30,2
6.42,12.35,2506,0.57,0.17,Liepaja,12.0,1,Latvia,23,SARAH LEWIS,6.98,2,1,1,2,Jon Stephens,2,1.0,2005-07-06,2
6.42,12.36,2501,0.57,0.13,Tieli,7.5,19,China,599,AUSTIN CINTRON,6.99,1,1,1,1,Mike Hillyer,1,1.0,2005-07-30,1
6.42,12.36,2502,0.57,0.13,Ktahya,7.5,6,Turkey,124,SHEILA WELLS,6.99,1,1,1,1,Mike Hillyer,1,1.0,2005-07-27,1
6.42,5.11,2503,1.56,0.5,Arak,4.0,1,Iran,36,KATHLEEN ADAMS,7.98,2,2,2,2,Jon Stephens,2,0.5,2005-08-02,2
6.42,5.11,2504,1.56,0.37,Angra dos Reis,5.45,5,Brazil,307,JOSEPH JOY,7.98,2,2,2,1,Mike Hillyer,1,0.5,2005-07-11,2
6.43,12.37,2500,0.57,0.17,Kamjanets-Podilskyi,6.0,3,Ukraine,386,TODD TAN,6.99,1,1,1,2,Jon Stephens,2,1.0,2005-07-06,1
6.43,12.38,2499,0.56,0.2,Hagonoy,5.0,6,Philippines,255,IRMA PEARSON,6.99,1,1,1,1,Mike Hillyer,1,1.0,2005-07-30,1
6.43,5.11,2497,1.56,0.33,Kamyin,3.0,7,Russian Federation,510,BEN EASTER,7.99,1,1,1,2,Jon Stephens,2,1.0,2005-08-01,1
6.43,5.11,2498,1.56,0.3,Sirjan,3.33,3,Iran,449,OSCAR AQUINO,7.99,1,1,1,2,Jon Stephens,2,1.0,2005-08-22,1
6.44,13.09,2496,0.53,0.1,Miyakonojo,30.0,9,Japan,253,TERRY CARLSON,6.97,3,1,1,2,Jon Stephens,2,0.6667,2005-07-28,3
6.44,13.1,2495,0.53,0.13,Halifax,22.5,2,Canada,463,DARRELL POWER,6.97,3,1,1,1,Mike Hillyer,1,0.0,2005-07-09,3
6.44,5.21,2494,1.53,0.4,Jurez,7.5,10,Mexico,369,FRED WHEAT,7.97,3,2,2,2,Jon Stephens,2,0.3333,2005-08-01,3
6.45,13.11,2493,0.53,0.1,Jodhpur,20.0,10,India,224,PEARL GARZA,6.98,2,2,2,2,Jon Stephens,2,0.5,2005-07-07,2
6.45,13.12,2492,0.53,0.13,Santiago de los Caballeros,15.0,2,Dominican Republic,258,MYRTLE FLEMING,6.98,2,2,2,2,Jon Stephens,2,0.5,2005-07-08,2
6.45,13.13,2490,0.53,0.17,Baku,12.0,2,Azerbaijan,333,ANDREW PURDY,6.98,2,2,2,2,Jon Stephens,2,0.5,2005-07-10,2
6.45,13.13,2490,0.53,0.17,Sunnyvale,12.0,10,United States,214,KRISTIN JOHNSTON,6.98,2,1,1,2,Jon Stephens,2,0.5,2005-07-09,2
6.45,5.21,2489,1.53,0.3,Santa Rosa,6.67,2,Philippines,522,ARNOLD HAVENS,7.98,2,2,2,2,Jon Stephens,2,0.5,2005-07-28,2
6.45,5.22,2487,1.53,0.4,Yingkou,5.0,12,China,521,ROLAND SOUTH,7.98,2,1,1,2,Jon Stephens,2,0.0,2005-08-22,2
6.45,5.22,2488,1.53,0.33,Changzhou,6.0,7,China,197,SUE PETERS,7.98,2,1,1,2,Jon Stephens,2,0.5,2005-07-09,2
6.46,13.14,2486,0.53,0.13,Sumqayit,7.5,1,Azerbaijan,334,RAYMOND MCWHORTER,6.99,1,1,1,1,Mike Hillyer,1,1.0,2005-07-08,1
6.46,5.22,2485,1.53,0.33,Tiefa,3.0,12,China,302,MICHAEL SILVERMAN,7.99,1,1,1,1,Mike Hillyer,1,1.0,2005-08-17,1
6.47,5.32,2484,1.5,0.3,Laohekou,10.0,11,China,422,MELVIN ELLINGTON,7.97,3,1,1,2,Jon Stephens,2,0.3333,2005-08-20,3
6.47,5.33,2482,1.5,0.4,Hanoi,7.5,3,Vietnam,340,PATRICK NEWSOM,7.97,3,2,2,1,Mike Hillyer,1,0.6667,2005-08-19,3
6.47,5.33,2483,1.5,0.33,Ponce,9.0,1,Puerto Rico,282,JENNY CASTRO,7.97,3,1,1,2,Jon Stephens,2,0.3333,2005-07-29,3
6.48,13.99,2480,0.5,0.1,London,20.0,4,United Kingdom,512,CECIL VINES,6.98,2,1,1,1,Mike Hillyer,1,0.5,2005-07-08,2
6.48,13.99,2480,0.5,0.1,Sambhal,20.0,10,India,217,AGNES BISHOP,6.98,2,1,1,2,Jon Stephens,2,0.5,2005-07-10,2
6.48,14.0,2478,0.5,0.13,Fuzhou,15.0,12,China,281,LEONA OBRIEN,6.98,2,2,2,1,Mike Hillyer,1,0.5,2005-07-27,2
6.48,14.0,2479,0.5,0.13,Mardan,15.0,1,Pakistan,20,SHARON ROBINSON,6.98,2,2,2,1,Mike Hillyer,1,1.0,2005-07-07,2
6.48,5.33,2473,1.5,0.4,Weifang,5.0,16,China,588,MARION OCAMPO,7.98,2,1,1,2,Jon Stephens,2,0.0,2005-07-30,2
6.48,5.33,2474,1.5,0.33,Brest,6.0,2,France,402,LUIS YANEZ,7.98,2,2,2,2,Jon Stephens,2,0.5,2005-07-31,2
6.48,5.33,2474,1.5,0.33,Sharja,6.0,1,United Arab Emirates,292,MISTY LAMBERT,7.98,2,1,1,1,Mike Hillyer,1,0.5,2005-07-28,2
6.48,5.33,2476,1.5,0.33,Sunnyvale,6.0,7,United States,214,KRISTIN JOHNSTON,7.98,2,1,1,2,Jon Stephens,2,0.5,2005-08-02,2
6.48,5.33,2477,1.5,0.33,Callao,6.0,2,Peru,304,DAVID ROYAL,7.98,2,1,1,1,Mike Hillyer,1,0.5,2005-07-31,2
6.48,5.34,2472,1.5,0.43,Ikerre,4.62,2,Nigeria,198,ELSIE KELLEY,7.98,2,1,1,1,Mike Hillyer,1,0.0,2005-07-31,2
6.49,14.01,2471,0.5,0.1,Kursk,10.0,9,Russian Federation,311,PAUL TROUT,6.99,1,1,1,2,Jon Stephens,2,1.0,2005-07-28,1
6.49,14.02,2470,0.5,0.13,Emeishan,7.5,10,China,389,ALAN KAHN,6.99,1,1,1,1,Mike Hillyer,1,1.0,2005-07-07,1
6.49,14.03,2469,0.5,0.17,Tama,6.0,5,Japan,385,PHILLIP HOLM,6.99,1,1,1,1,Mike Hillyer,1,1.0,2005-07-08,1
6.49,14.04,2468,0.5,0.2,Atlixco,5.0,6,Mexico,84,SARA PERRY,6.99,1,1,1,2,Jon Stephens,2,1.0,2005-07-07,1
6.49,5.34,2466,1.5,0.33,Arlington,3.0,7,United States,305,RICHARD MCCRARY,7.99,1,1,1,1,Mike Hillyer,1,1.0,2005-07-11,1
6.49,5.34,2467,1.5,0.3,Cam Ranh,3.33,2,Vietnam,532,NEIL RENNER,7.99,1,1,1,2,Jon Stephens,2,1.0,2005-07-11,1
6.51,3.64,2463,2.46,0.53,Dadu,5.63,2,Pakistan,416,JEFFERY PINSON,8.97,3,2,2,2,Jon Stephens,2,0.3333,2005-08-23,3
6.51,5.44,2465,1.46,0.27,Rajkot,11.25,13,India,554,DWAYNE OLVERA,7.97,3,1,1,1,Mike Hillyer,1,0.0,2005-08-21,3
6.51,5.45,2464,1.46,0.37,Cuman,8.18,2,Venezuela,113,CINDY FISHER,7.97,3,2,2,2,Jon Stephens,2,0.3333,2005-08-01,3
6.52,15.01,2453,0.47,0.1,Mwene-Ditu,10.0,1,"Congo, The Democratic Republic of the",375,AARON SELBY,6.99,1,1,1,1,Mike Hillyer,1,1.0,2005-07-06,1
6.52,15.01,2454,0.47,0.1,Iwatsuki,10.0,8,Japan,396,EARL SHANKS,6.99,1,1,1,2,Jon Stephens,2,1.0,2005-07-06,1
6.52,15.01,2462,0.47,0.17,Hohhot,12.0,8,China,138,HAZEL WARREN,6.98,2,1,1,1,Mike Hillyer,1,0.5,2005-07-10,2
6.52,15.02,2451,0.47,0.13,Higashiosaka,7.5,8,Japan,264,GWENDOLYN MAY,6.99,1,1,1,1,Mike Hillyer,1,1.0,2005-07-06,1
6.52,15.02,2452,0.47,0.13,Hidalgo,7.5,4,Mexico,150,DANIELLE DANIELS,6.99,1,1,1,2,Jon Stephens,2,1.0,2005-08-17,1
6.52,15.02,2461,0.46,0.2,Shenzhen,10.0,22,China,378,EUGENE CULPEPPER,6.98,2,2,2,1,Mike Hillyer,1,0.5,2005-07-31,2
6.52,5.45,2455,1.46,0.37,Baku,5.45,1,Azerbaijan,333,ANDREW PURDY,7.98,2,2,2,1,Mike Hillyer,1,0.0,2005-07-31,2
6.52,5.45,2455,1.46,0.37,Ciparay,5.45,7,Indonesia,328,JEFFREY SPEAR,7.98,2,2,2,1,Mike Hillyer,1,1.0,2005-08-21,2
6.52,5.45,2457,1.46,0.33,Touliu,6.0,3,Taiwan,139,AMBER DIXON,7.98,2,2,2,2,Jon Stephens,2,0.5,2005-07-12,2
6.52,5.45,2458,1.46,0.33,Abha,6.0,2,Saudi Arabia,101,PEGGY MYERS,7.98,2,2,2,1,Mike Hillyer,1,0.5,2005-08-18,2
6.52,5.45,2458,1.46,0.33,Shikarpur,6.0,2,Pakistan,25,DEBORAH WALKER,7.98,2,2,2,2,Jon Stephens,2,1.0,2005-07-12,2
6.52,5.45,2460,1.46,0.3,Pereira,6.67,2,Colombia,180,STACY CUNNINGHAM,7.98,2,2,2,1,Mike Hillyer,1,0.5,2005-08-20,2
6.53,15.04,2450,0.46,0.2,Klerksdorp,5.0,6,South Africa,109,EDNA WEST,6.99,1,1,1,2,Jon Stephens,2,1.0,2005-08-17,1
6.53,5.46,2449,1.46,0.3,Tianjin,3.33,6,China,249,DORA MEDINA,7.99,1,1,1,2,Jon Stephens,2,1.0,2005-07-12,1
6.55,16.17,2448,0.43,0.17,Dadu,12.0,1,Pakistan,416,JEFFERY PINSON,6.98,2,1,1,1,Mike Hillyer,1,0.5,2005-07-06,2
6.55,5.58,2442,1.43,0.37,Paarl,5.45,3,South Africa,338,DENNIS GILMAN,7.98,2,1,1,2,Jon Stephens,2,0.5,2005-08-22,2
6.55,5.58,2443,1.43,0.33,Baybay,6.0,2,Philippines,71,KATHY JAMES,7.98,2,1,1,2,Jon Stephens,2,0.5,2005-07-28,2
6.55,5.58,2444,1.43,0.33,Ruse,6.0,1,Bulgaria,540,TYRONE ASHER,7.98,2,1,1,1,Mike Hillyer,1,0.5,2005-07-12,2
6.55,5.58,2445,1.43,0.33,Tongliao,6.0,9,China,442,LEROY BUSTAMANTE,7.98,2,1,1,2,Jon Stephens,2,0.5,2005-07-12,2
6.55,5.58,2445,1.43,0.33,Xinxiang,6.0,4,China,339,WALTER PERRYMAN,7.98,2,1,1,1,Mike Hillyer,1,0.5,2005-07-11,2
6.55,5.58,2447,1.43,0.33,Shaoguan,6.0,15,China,485,CLYDE TOBIAS,7.98,2,1,1,1,Mike Hillyer,1,1.0,2005-08-17,2
6.56,16.19,2441,0.43,0.17,Arak,6.0,2,Iran,36,KATHLEEN ADAMS,6.99,1,1,1,1,Mike Hillyer,1,1.0,2005-07-27,1
6.56,5.59,2439,1.43,0.3,Sumqayit,3.33,2,Azerbaijan,334,RAYMOND MCWHORTER,7.99,1,1,1,1,Mike Hillyer,1,1.0,2005-07-30,1
6.56,5.59,2440,1.43,0.3,Akron,3.33,5,United States,479,ZACHARY HITE,7.99,1,1,1,1,Mike Hillyer,1,1.0,2005-07-27,1
6.58,17.49,2436,0.4,0.1,Kurashiki,20.0,11,Japan,34,REBECCA SCOTT,6.98,2,2,2,1,Mike Hillyer,1,0.5,2005-07-06,2
6.58,17.49,2436,0.4,0.1,al-Qadarif,20.0,1,Sudan,395,JOHNNY TURPIN,6.98,2,2,2,2,Jon Stephens,2,0.5,2005-08-21,2
6.58,3.75,2438,2.39,0.53,Salzburg,5.63,1,Austria,266,NORA HERRERA,8.97,3,1,1,1,Mike Hillyer,1,0.6667,2005-08-22,3
6.58,5.71,2430,1.4,0.37,Phnom Penh,5.45,1,Cambodia,228,ALLISON STANLEY,7.98,2,1,1,1,Mike Hillyer,1,0.5,2005-07-09,2
6.58,5.71,2431,1.4,0.33,Usak,6.0,6,Turkey,204,ROSEMARY SCHMIDT,7.98,2,1,1,2,Jon Stephens,2,0.0,2005-07-11,2
6.58,5.71,2432,1.4,0.3,Brockton,6.67,9,United States,149,VALERIE BLACK,7.98,2,1,1,2,Jon Stephens,2,0.0,2005-08-23,2
6.58,5.71,2433,1.4,0.3,Cape Coral,6.67,7,United States,526,KARL SEAL,7.98,2,2,2,2,Jon Stephens,2,1.0,2005-07-06,2
6.58,5.71,2434,1.4,0.3,Santiago de Compostela,6.67,3,Spain,549,NELSON CHRISTENSON,7.98,2,1,1,2,Jon Stephens,2,0.0,2005-08-18,2
6.58,5.71,2435,1.4,0.27,San Lorenzo,7.5,1,Paraguay,345,CARL ARTIS,7.98,2,2,2,2,Jon Stephens,2,0.0,2005-07-30,2
6.58,5.72,2429,1.4,0.47,Pyongyang,4.29,1,North Korea,157,DARLENE ROSE,7.98,2,1,1,2,Jon Stephens,2,0.0,2005-07-30,2
6.59,17.55,2428,0.4,0.17,Kilis,6.0,2,Turkey,143,LESLIE GORDON,6.99,1,1,1,2,Jon Stephens,2,1.0,2005-08-17,1
6.59,5.72,2427,1.4,0.33,Jos Azueta,3.0,6,Mexico,581,VIRGIL WOFFORD,7.99,1,1,1,2,Jon Stephens,2,1.0,2005-07-27,1
6.61,19.07,2425,0.37,0.07,Mandi Bahauddin,30.0,1,Pakistan,223,MELINDA FERNANDEZ,6.98,2,1,1,1,Mike Hillyer,1,0.5,2005-07-06,2
6.61,19.09,2424,0.37,0.1,Ljubertsy,20.0,10,Russian Federation,160,ERIN DUNN,6.98,2,1,1,1,Mike Hillyer,1,0.5,2005-07-08,2
6.61,5.84,2426,1.36,0.3,Etawah,10.0,17,India,121,JOSEPHINE GOMEZ,7.97,3,1,1,2,Jon Stephens,2,1.0,2005-08-18,3
6.62,19.12,2413,0.37,0.1,Cuernavaca,10.0,4,Mexico,575,ISAAC OGLESBY,6.99,1,1,1,1,Mike Hillyer,1,1.0,2005-07-06,1
6.62,3.8,2414,2.36,0.63,Ikerre,3.16,4,Nigeria,198,ELSIE KELLEY,8.98,2,2,2,2,Jon Stephens,2,0.5,2005-08-21,2
6.62,3.8,2415,2.36,0.43,Santa F,4.62,3,Argentina,331,ERIC ROBERT,8.98,2,1,1,1,Mike Hillyer,1,0.5,2005-08-02,2
6.62,5.85,2417,1.36,0.37,Dos Quebradas,5.45,2,Colombia,120,SYLVIA ORTIZ,7.98,2,1,1,2,Jon Stephens,2,0.5,2005-07-31,2
6.62,5.85,2418,1.36,0.37,Daugavpils,5.45,1,Latvia,347,RYAN SALISBURY,7.98,2,1,1,2,Jon Stephens,2,0.0,2005-07-29,2
6.62,5.85,2418,1.36,0.37,Tambaram,5.45,17,India,287,BECKY MILES,7.98,2,1,1,2,Jon Stephens,2,0.5,2005-08-01,2
6.62,5.85,2420,1.36,0.33,El Alto,6.0,1,Bolivia,455,JON WILES,7.98,2,2,2,2,Jon Stephens,2,0.0,2005-08-21,2
6.62,5.85,2421,1.36,0.3,Uttarpara-Kotrung,6.67,17,India,231,GEORGIA JACOBS,7.98,2,2,2,1,Mike Hillyer,1,0.5,2005-08-20,2
6.62,5.85,2422,1.36,0.3,Okinawa,6.67,10,Japan,365,BRUCE SCHWARZ,7.98,2,1,1,2,Jon Stephens,2,0.5,2005-08-18,2
6.62,5.85,2423,1.36,0.27,Duisburg,7.5,1,Germany,114,GRACE ELLIS,7.98,2,2,2,1,Mike Hillyer,1,0.5,2005-08-18,2
6.62,5.86,2416,1.36,0.4,Usak,5.0,2,Turkey,204,ROSEMARY SCHMIDT,7.98,2,1,1,2,Jon Stephens,2,0.0,2005-07-31,2
6.63,19.15,2412,0.37,0.17,Iligan,6.0,5,Philippines,580,ROSS GREY,6.99,1,1,1,1,Mike Hillyer,1,1.0,2005-07-10,1
6.63,5.86,2409,1.36,0.33,Poos de Caldas,3.0,6,Brazil,254,MAXINE SILVA,7.99,1,1,1,2,Jon Stephens,2,1.0,2005-07-28,1
6.63,5.86,2410,1.36,0.27,Isesaki,3.75,9,Japan,519,RON DELUCA,7.99,1,1,1,2,Jon Stephens,2,1.0,2005-08-18,1
6.63,5.86,2411,1.36,0.23,Kragujevac,4.29,1,Yugoslavia,7,MARIA MILLER,7.99,1,1,1,2,Jon Stephens,2,1.0,2005-08-17,1
6.65,20.98,2407,0.33,0.07,Naju,30.0,2,South Korea,237,TANYA GILBERT,6.98,2,2,2,2,Jon Stephens,2,0.5,2005-07-27,2
6.65,20.98,2408,0.33,0.07,Kimberley,30.0,3,South Africa,19,RUTH MARTINEZ,6.98,2,1,1,1,Mike Hillyer,1,1.0,2005-07-30,2
6.65,3.86,2395,2.33,0.63,Chisinau,3.16,1,Moldova,38,MARTHA GONZALEZ,8.98,2,1,1,1,Mike Hillyer,1,0.5,2005-08-23,2
6.65,5.99,2405,1.33,0.2,Effon-Alaiye,10.0,4,Nigeria,286,VELMA LUCAS,7.98,2,1,1,1,Mike Hillyer,1,0.0,2005-07-08,2
6.65,5.99,2405,1.33,0.2,Tianjin,10.0,7,China,249,DORA MEDINA,7.98,2,2,2,2,Jon Stephens,2,0.0,2005-07-28,2
6.65,6.0,2396,1.33,0.4,Bandar Seri Begawan,5.0,1,Brunei,91,LOIS BUTLER,7.98,2,1,1,1,Mike Hillyer,1,0.5,2005-07-11,2
6.65,6.0,2397,1.33,0.4,Iwatsuki,5.0,7,Japan,396,EARL SHANKS,7.98,2,1,1,2,Jon Stephens,2,0.5,2005-08-01,2
6.65,6.0,2398,1.33,0.37,Oulu,5.45,1,Finland,298,ERIKA PENA,7.98,2,2,2,2,Jon Stephens,2,0.5,2005-08-02,2
6.65,6.0,2399,1.33,0.37,Tychy,5.45,2,Poland,380,RUSSELL BRINSON,7.98,2,1,1,1,Mike Hillyer,1,0.5,2005-07-30,2
6.65,6.0,2400,1.33,0.33,Bellevue,6.0,9,United States,212,WILMA RICHARDS,7.98,2,2,2,2,Jon Stephens,2,0.5,2005-08-23,2
6.65,6.0,2401,1.33,0.33,Anpolis,6.0,5,Brazil,229,TAMARA NGUYEN,7.98,2,2,2,2,Jon Stephens,2,0.5,2005-08-23,2
6.65,6.0,2402,1.33,0.3,Kamjanets-Podilskyi,6.67,2,Ukraine,386,TODD TAN,7.98,2,2,2,1,Mike Hillyer,1,0.5,2005-07-29,2
6.65,6.0,2403,1.33,0.23,Mysore,8.57,17,India,59,CHERYL MURPHY,7.98,2,2,2,2,Jon Stephens,2,0.0,2005-08-20,2
6.65,6.0,2404,1.33,0.23,Atlixco,8.57,4,Mexico,84,SARA PERRY,7.98,2,2,2,2,Jon Stephens,2,0.5,2005-07-28,2
6.66,6.01,2394,1.33,0.33,Kragujevac,3.0,1,Yugoslavia,7,MARIA MILLER,7.99,1,1,1,1,Mike Hillyer,1,1.0,2005-07-10,1
6.67,6.14,2393,1.3,0.27,Abha,11.25,3,Saudi Arabia,101,PEGGY MYERS,7.97,3,2,2,2,Jon Stephens,2,0.6667,2005-07-29,3
6.68,23.32,2391,0.3,0.07,Jastrzebie-Zdrj,30.0,6,Poland,128,MARJORIE TUCKER,6.98,2,2,2,2,Jon Stephens,2,0.5,2005-07-06,2
6.68,23.32,2391,0.3,0.07,Zaoyang,30.0,19,China,514,FRANKLIN TROUTMAN,6.98,2,2,2,2,Jon Stephens,2,1.0,2005-08-17,2
6.68,23.37,2389,0.3,0.13,Pathankot,15.0,11,India,95,PAULA BRYANT,6.98,2,2,2,2,Jon Stephens,2,0.5,2005-07-06,2
6.68,23.37,2389,0.3,0.13,Teboksary,15.0,6,Russian Federation,350,JUAN FRALEY,6.98,2,1,1,1,Mike Hillyer,1,0.5,2005-07-06,2
6.68,3.91,2384,2.3,0.47,Kirovo-Tepetsk,4.29,6,Russian Federation,179,DANA HART,8.98,2,2,2,2,Jon Stephens,2,0.5,2005-08-01,2
6.68,6.15,2385,1.3,0.33,Pemalang,6.0,5,Indonesia,116,VICTORIA GIBSON,7.98,2,1,1,1,Mike Hillyer,1,0.5,2005-08-20,2
6.68,6.15,2386,1.3,0.3,Lausanne,6.67,2,Switzerland,598,WADE DELVALLE,7.98,2,1,1,2,Jon Stephens,2,1.0,2005-07-27,2
6.68,6.15,2387,1.3,0.3,Koriyama,6.67,9,Japan,401,TONY CARRANZA,7.98,2,1,1,1,Mike Hillyer,1,0.5,2005-08-19,2
6.68,6.15,2388,1.3,0.27,Yinchuan,7.5,9,China,484,ROBERTO VU,7.98,2,1,1,2,Jon Stephens,2,0.5,2005-07-27,2
6.69,23.35,2383,0.3,0.07,Coacalco de Berriozbal,15.0,6,Mexico,247,STELLA MORENO,6.99,1,1,1,2,Jon Stephens,2,1.0,2005-07-07,1
6.69,23.38,2380,0.3,0.1,Satna,10.0,10,India,356,GERALD FULTZ,6.99,1,1,1,2,Jon Stephens,2,1.0,2005-07-06,1
6.69,23.38,2381,0.3,0.1,Cuautla,10.0,4,Mexico,323,MATTHEW MAHAN,6.99,1,1,1,2,Jon Stephens,2,1.0,2005-07-06,1
6.69,23.38,2381,0.3,0.1,Ueda,10.0,8,Japan,503,ANGEL BARCLAY,6.99,1,1,1,2,Jon Stephens,2,1.0,2005-07-06,1
6.7,6.3,2379,1.26,0.27,Jamalpur,15.0,2,Bangladesh,329,FRANK WAGGONER,7.96,4,2,2,1,Mike Hillyer,1,0.5,2005-07-30,4
6.71,26.24,2377,0.27,0.07,Chapra,30.0,10,India,509,RAUL FORTIER,6.98,2,1,1,2,Jon Stephens,2,0.5,2005-07-07,2
6.71,3.97,2378,2.26,0.57,Haldia,5.29,10,India,186,HOLLY FOX,8.97,3,1,1,2,Jon Stephens,2,0.6667,2005-08-22,3
6.72,26.28,2364,0.27,0.07,Kimchon,15.0,2,South Korea,99,EMILY DIAZ,6.99,1,1,1,2,Jon Stephens,2,1.0,2005-07-06,1
6.72,26.28,2364,0.27,0.07,Sungai Petani,15.0,1,Malaysia,306,CHARLES KOWALSKI,6.99,1,1,1,1,Mike Hillyer,1,1.0,2005-07-06,1
6.72,26.28,2366,0.27,0.07,Hidalgo,15.0,6,Mexico,150,DANIELLE DANIELS,6.99,1,1,1,1,Mike Hillyer,1,1.0,2005-07-07,1
6.72,26.34,2363,0.27,0.13,Halifax,7.5,1,Canada,463,DARRELL POWER,6.99,1,1,1,1,Mike Hillyer,1,1.0,2005-07-26,1
6.72,3.97,2367,2.26,0.5,Bhimavaram,4.0,7,India,529,ERIK GUILLEN,8.98,2,2,2,2,Jon Stephens,2,0.5,2005-08-22,2
6.72,6.31,2371,1.26,0.3,Jaffna,6.67,1,Sri Lanka,408,MANUEL MURRELL,7.98,2,1,1,1,Mike Hillyer,1,0.0,2005-08-18,2
6.72,6.31,2371,1.26,0.3,Lengshuijiang,6.67,20,China,267,MARGIE WADE,7.98,2,1,1,2,Jon Stephens,2,0.5,2005-07-31,2
6.72,6.31,2373,1.26,0.3,Aparecida de Goinia,6.67,6,Brazil,216,NATALIE MEYER,7.98,2,2,2,2,Jon Stephens,2,0.5,2005-08-22,2
6.72,6.31,2373,1.26,0.3,Papeete,6.67,1,French Polynesia,56,GLORIA COOK,7.98,2,1,1,2,Jon Stephens,2,0.5,2005-08-01,2
6.72,6.31,2373,1.26,0.3,Sambhal,6.67,14,India,217,AGNES BISHOP,7.98,2,1,1,1,Mike Hillyer,1,0.5,2005-08-17,2
6.72,6.31,2376,1.26,0.23,Miyakonojo,8.57,6,Japan,253,TERRY CARLSON,7.98,2,1,1,1,Mike Hillyer,1,0.5,2005-07-10,2
6.72,6.32,2368,1.26,0.33,Bergamo,6.0,3,Italy,439,ALEXANDER FENNELL,7.98,2,1,1,1,Mike Hillyer,1,0.5,2005-07-30,2
6.72,6.32,2369,1.26,0.33,Tartu,6.0,1,Estonia,444,MARCUS HIDALGO,7.98,2,1,1,2,Jon Stephens,2,0.5,2005-08-02,2
6.72,6.32,2370,1.26,0.33,Xiangfan,6.0,11,China,241,HEIDI LARSON,7.98,2,2,2,2,Jon Stephens,2,0.5,2005-08-19,2
6.73,4.02,2360,2.23,0.43,Duisburg,9.23,3,Germany,114,GRACE ELLIS,8.96,4,2,2,1,Mike Hillyer,1,0.25,2005-08-23,4
6.73,6.32,2361,1.26,0.33,Emmen,3.0,3,Netherlands,474,DUSTIN GILLETTE,7.99,1,1,1,1,Mike Hillyer,1,1.0,2005-07-12,1
6.73,6.32,2362,1.26,0.27,Pathankot,3.75,15,India,95,PAULA BRYANT,7.99,1,1,1,2,Jon Stephens,2,1.0,2005-08-20,1
6.75,6.48,2358,1.23,0.27,Madiun,7.5,4,Indonesia,500,REGINALD KINDER,7.98,2,1,1,2,Jon Stephens,2,0.0,2005-07-11,2
6.75,6.48,2358,1.23,0.27,Weifang,7.5,7,China,588,MARION OCAMPO,7.98,2,2,2,1,Mike Hillyer,1,0.0,2005-07-09,2
6.75,6.49,2353,1.23,0.43,Korla,4.62,16,China,283,FELICIA SUTTON,7.98,2,1,1,2,Jon Stephens,2,0.5,2005-07-30,2
6.75,6.49,2354,1.23,0.4,Boa Vista,5.0,5,Brazil,342,HAROLD MARTINO,7.98,2,1,1,1,Mike Hillyer,1,1.0,2005-08-18,2
6.75,6.49,2355,1.23,0.33,Anpolis,6.0,5,Brazil,229,TAMARA NGUYEN,7.98,2,2,2,1,Mike Hillyer,1,0.5,2005-07-12,2
6.75,6.49,2356,1.23,0.3,Tama,6.67,6,Japan,385,PHILLIP HOLM,7.98,2,1,1,1,Mike Hillyer,1,0.0,2005-07-31,2
6.75,6.49,2357,1.23,0.3,Buenaventura,6.67,3,Colombia,235,JACKIE LYNCH,7.98,2,1,1,2,Jon Stephens,2,0.5,2005-07-29,2
6.76,6.49,2350,1.23,0.3,Brest,3.33,2,France,402,LUIS YANEZ,7.99,1,1,1,2,Jon Stephens,2,1.0,2005-07-29,1
6.76,6.49,2351,1.23,0.27,Mexicali,3.75,5,Mexico,343,DOUGLAS GRAF,7.99,1,1,1,1,Mike Hillyer,1,1.0,2005-07-08,1
6.76,6.49,2352,1.23,0.23,Niznekamsk,4.29,9,Russian Federation,48,ANN EVANS,7.99,1,1,1,2,Jon Stephens,2,1.0,2005-07-31,1
6.76,6.5,2348,1.23,0.33,Hami,3.0,15,China,165,LORRAINE STEPHENS,7.99,1,1,1,2,Jon Stephens,2,1.0,2005-07-30,1
6.76,6.5,2349,1.23,0.33,Palghat (Palakkad),3.0,5,India,268,NINA SOTO,7.99,1,1,1,1,Mike Hillyer,1,1.0,2005-07-09,1
6.77,35.08,2347,0.2,0.13,London,22.5,1,United Kingdom,252,MATTIE HOFFMAN,6.97,3,2,2,2,Jon Stephens,2,0.0,2005-07-27,3
6.77,6.66,2346,1.2,0.3,Bchar,10.0,1,Algeria,69,JUDY GRAY,7.97,3,1,1,2,Jon Stephens,2,0.6667,2005-08-21,3
6.78,3.12,2344,3.19,0.63,Richmond Hill,4.74,2,Canada,410,CURTIS IRBY,9.97,3,2,2,2,Jon Stephens,2,0.6667,2005-08-22,3
6.78,3.12,2345,3.19,0.6,Probolinggo,5.0,5,Indonesia,372,STEVE MACKENZIE,9.97,3,1,1,1,Mike Hillyer,1,0.6667,2005-08-21,3
6.78,35.02,2343,0.2,0.07,Gandhinagar,30.0,10,India,117,EDITH MCDONALD,6.98,2,2,2,1,Mike Hillyer,1,0.5,2005-07-10,2
6.78,6.66,2336,1.2,0.27,Nyeri,7.5,1,Kenya,363,ROY WHITING,7.98,2,1,1,2,Jon Stephens,2,1.0,2005-07-28,2
6.78,6.66,2337,1.2,0.27,Matsue,7.5,3,Japan,355,TERRY GRISSOM,7.98,2,2,2,2,Jon Stephens,2,0.5,2005-07-12,2
6.78,6.66,2338,1.2,0.23,Donostia-San Sebastin,8.57,1,Spain,293,MAE FLETCHER,7.98,2,1,1,1,Mike Hillyer,1,1.0,2005-07-29,2
6.78,6.66,2339,1.2,0.23,Boksburg,8.57,2,South Africa,125,ETHEL WEBB,7.98,2,2,2,2,Jon Stephens,2,1.0,2005-07-11,2
6.78,6.66,2339,1.2,0.23,Maikop,8.57,3,Russian Federation,346,ARTHUR SIMPKINS,7.98,2,1,1,2,Jon Stephens,2,0.0,2005-07-11,2
6.78,6.66,2341,1.2,0.2,Lipetsk,10.0,5,Russian Federation,44,MARIE TURNER,7.98,2,2,2,2,Jon Stephens,2,0.5,2005-07-27,2
6.78,6.66,2341,1.2,0.2,Pingxiang,10.0,9,China,169,ERICA MATTHEWS,7.98,2,2,2,1,Mike Hillyer,1,0.5,2005-07-27,2
6.78,6.67,2333,1.2,0.33,Almirante Brown,6.0,3,Argentina,359,WILLIE MARKHAM,7.98,2,1,1,1,Mike Hillyer,1,0.5,2005-08-22,2
6.78,6.67,2333,1.2,0.33,Caracas,6.0,2,Venezuela,111,CARMEN OWENS,7.98,2,2,2,2,Jon Stephens,2,1.0,2005-08-22,2
6.78,6.67,2335,1.2,0.33,Tychy,6.0,1,Poland,380,RUSSELL BRINSON,7.98,2,2,2,2,Jon Stephens,2,0.5,2005-07-08,2
6.79,35.01,2332,0.2,0.03,ostka,30.0,2,Ukraine,475,PEDRO CHESTNUT,6.99,1,1,1,1,Mike Hillyer,1,1.0,2005-07-07,1
6.79,35.07,2330,0.2,0.07,Sal,15.0,1,Morocco,22,LAURA RODRIGUEZ,6.99,1,1,1,1,Mike Hillyer,1,1.0,2005-07-09,1
6.79,35.07,2331,0.2,0.07,Haining,15.0,6,China,552,HUGH WALDROP,6.99,1,1,1,1,Mike Hillyer,1,1.0,2005-07-08,1
6.81,6.85,2329,1.16,0.33,Leshan,9.0,9,China,569,DAVE GARDINER,7.97,3,2,2,1,Mike Hillyer,1,1.0,2005-08-18,3
6.82,4.15,2315,2.16,0.47,Tiefa,4.29,9,China,302,MICHAEL SILVERMAN,8.98,2,2,2,2,Jon Stephens,2,0.5,2005-08-21,2
6.82,42.19,2313,0.17,0.1,Kabul,10.0,1,Afghanistan,218,VERA MCCOY,6.99,1,1,1,1,Mike Hillyer,1,1.0,2005-07-08,1
6.82,42.19,2313,0.17,0.1,s-Hertogenbosch,10.0,3,Netherlands,184,VIVIAN RUIZ,6.99,1,1,1,2,Jon Stephens,2,1.0,2005-07-08,1
6.82,6.85,2325,1.16,0.23,NDjamna,8.57,1,Chad,535,JAVIER ELROD,7.98,2,1,1,1,Mike Hillyer,1,0.0,2005-07-29,2
6.82,6.85,2326,1.16,0.23,El Fuerte,8.57,8,Mexico,451,JIM REA,7.98,2,2,2,1,Mike Hillyer,1,0.0,2005-08-18,2
6.82,6.85,2326,1.16,0.23,Konotop,8.57,2,Ukraine,545,JULIO NOLAND,7.98,2,1,1,2,Jon Stephens,2,0.5,2005-07-31,2
6.82,6.85,2328,1.16,0.2,Sultanbeyli,10.0,3,Turkey,493,BRENT HARKINS,7.98,2,1,1,1,Mike Hillyer,1,1.0,2005-07-29,2
6.82,6.86,2316,1.16,0.37,Allende,5.45,5,Mexico,414,VINCENT RALSTON,7.98,2,1,1,2,Jon Stephens,2,0.0,2005-08-20,2
6.82,6.86,2317,1.16,0.37,Botosani,5.45,1,Romania,230,JOY GEORGE,7.98,2,2,2,1,Mike Hillyer,1,1.0,2005-07-11,2
6.82,6.86,2317,1.16,0.37,Urawa,5.45,3,Japan,147,JOANNE ROBERTSON,7.98,2,1,1,2,Jon Stephens,2,0.0,2005-07-12,2
6.82,6.86,2319,1.16,0.3,Dhule (Dhulia),6.67,20,India,440,BERNARD COLBY,7.98,2,1,1,1,Mike Hillyer,1,0.0,2005-07-30,2
6.82,6.86,2320,1.16,0.3,Saint Louis,6.67,9,United States,62,JOAN COOPER,7.98,2,1,1,1,Mike Hillyer,1,0.5,2005-08-23,2
6.82,6.86,2321,1.16,0.3,Coquimbo,6.67,1,Chile,515,ANDRE RAPP,7.98,2,1,1,2,Jon Stephens,2,0.5,2005-07-10,2
6.82,6.86,2322,1.16,0.27,Angra dos Reis,7.5,4,Brazil,307,JOSEPH JOY,7.98,2,1,1,1,Mike Hillyer,1,0.5,2005-07-08,2
6.82,6.86,2322,1.16,0.27,Aurora,7.5,8,United States,537,CLINTON BUFORD,7.98,2,2,2,1,Mike Hillyer,1,0.5,2005-07-11,2
6.82,6.86,2322,1.16,0.27,Haiphong,7.5,2,Vietnam,199,BETH FRANKLIN,7.98,2,1,1,2,Jon Stephens,2,0.5,2005-07-12,2
6.83,6.86,2308,1.16,0.27,Acua,3.75,5,Mexico,486,GLEN TALBERT,7.99,1,1,1,1,Mike Hillyer,1,1.0,2005-07-08,1
6.83,6.86,2308,1.16,0.27,Loja,3.75,1,Ecuador,589,TRACY HERRMANN,7.99,1,1,1,1,Mike Hillyer,1,1.0,2005-08-18,1
6.83,6.86,2308,1.16,0.27,Shimoga,3.75,17,India,238,NELLIE GARRETT,7.99,1,1,1,2,Jon Stephens,2,1.0,2005-07-31,1
6.83,6.86,2311,1.16,0.23,Mandi Bahauddin,4.29,2,Pakistan,223,MELINDA FERNANDEZ,7.99,1,1,1,1,Mike Hillyer,1,1.0,2005-08-22,1
6.83,6.86,2312,1.16,0.2,Stockport,5.0,2,United Kingdom,477,DAN PAINE,7.99,1,1,1,2,Jon Stephens,2,1.0,2005-07-08,1
6.84,52.54,2307,0.13,0.07,Zanzibar,45.0,1,Tanzania,220,CHARLENE ALVAREZ,6.97,3,1,1,2,Jon Stephens,2,0.0,2005-07-10,3
6.85,4.22,2299,2.13,0.47,Tanshui,4.29,4,Taiwan,577,CLIFTON MALCOLM,8.98,2,2,2,2,Jon Stephens,2,0.5,2005-08-02,2
6.85,7.05,2306,1.13,0.2,Greensboro,10.0,8,United States,158,VERONICA STONE,7.98,2,1,1,1,Mike Hillyer,1,0.0,2005-07-11,2
6.85,7.06,2300,1.13,0.3,Fukuyama,6.67,6,Japan,141,DEBBIE REYES,7.98,2,2,2,2,Jon Stephens,2,0.0,2005-07-31,2
6.85,7.06,2300,1.13,0.3,Hamilton,6.67,1,New Zealand,8,SUSAN WILSON,7.98,2,1,1,1,Mike Hillyer,1,0.0,2005-08-23,2
6.85,7.06,2302,1.13,0.3,Miyakonojo,6.67,7,Japan,253,TERRY CARLSON,7.98,2,2,2,1,Mike Hillyer,1,0.5,2005-08-01,2
6.85,7.06,2303,1.13,0.27,Braslia,7.5,6,Brazil,325,TIMOTHY BUNN,7.98,2,2,2,1,Mike Hillyer,1,0.0,2005-07-31,2
6.85,7.06,2304,1.13,0.23,Okinawa,8.57,8,Japan,365,BRUCE SCHWARZ,7.98,2,2,2,2,Jon Stephens,2,0.0,2005-07-30,2
6.85,7.06,2305,1.13,0.23,Santiago de Compostela,8.57,1,Spain,549,NELSON CHRISTENSON,7.98,2,1,1,2,Jon Stephens,2,0.0,2005-08-17,2
6.86,52.69,2298,0.13,0.07,Tsaotun,15.0,1,Taiwan,586,KIRK STCLAIR,6.99,1,1,1,2,Jon Stephens,2,1.0,2005-07-05,1
6.86,7.07,2295,1.13,0.3,Lima,3.33,1,Peru,122,THELMA MURRAY,7.99,1,1,1,1,Mike Hillyer,1,1.0,2005-07-07,1
6.86,7.07,2295,1.13,0.3,Ranchi,3.33,15,India,358,SAMUEL MARLOW,7.99,1,1,1,1,Mike Hillyer,1,1.0,2005-08-20,1
6.86,7.07,2297,1.13,0.3,Ivanovo,3.33,9,Russian Federation,106,CONNIE WALLACE,7.99,1,1,1,2,Jon Stephens,2,1.0,2005-07-31,1
6.88,7.27,2289,1.1,0.3,Jaffna,6.67,1,Sri Lanka,408,MANUEL MURRELL,7.98,2,2,2,1,Mike Hillyer,1,1.0,2005-07-30,2
6.88,7.27,2290,1.1,0.3,Addis Abeba,6.67,1,Ethiopia,392,SEAN DOUGLASS,7.98,2,2,2,2,Jon Stephens,2,0.5,2005-08-18,2
6.88,7.27,2290,1.1,0.3,Luzinia,6.67,8,Brazil,183,IDA ANDREWS,7.98,2,1,1,1,Mike Hillyer,1,0.5,2005-08-20,2
6.88,7.27,2292,1.1,0.27,Ezhou,7.5,14,China,313,DONALD MAHON,7.98,2,2,2,1,Mike Hillyer,1,0.5,2005-08-21,2
6.88,7.27,2292,1.1,0.27,Vicente Lpez,7.5,2,Argentina,219,WILLIE HOWELL,7.98,2,2,2,1,Mike Hillyer,1,0.5,2005-07-11,2
6.88,7.27,2294,1.1,0.23,Moscow,8.57,4,Russian Federation,46,CATHERINE CAMPBELL,7.98,2,2,2,1,Mike Hillyer,1,0.5,2005-07-06,2
6.89,7.28,2283,1.1,0.3,Paarl,3.33,2,South Africa,338,DENNIS GILMAN,7.99,1,1,1,1,Mike Hillyer,1,1.0,2005-07-30,1
6.89,7.28,2284,1.1,0.3,Bhopal,3.33,12,India,15,HELEN HARRIS,7.99,1,1,1,1,Mike Hillyer,1,1.0,2005-08-17,1
6.89,7.28,2284,1.1,0.3,Jaipur,3.33,16,India,60,MILDRED BAILEY,7.99,1,1,1,2,Jon Stephens,2,1.0,2005-08-18,1
6.89,7.28,2286,1.1,0.27,Udaipur,3.75,12,India,170,BEATRICE ARNOLD,7.99,1,1,1,1,Mike Hillyer,1,1.0,2005-07-28,1
6.89,7.28,2287,1.1,0.2,Lublin,5.0,1,Poland,501,RUBEN GEARY,7.99,1,1,1,2,Jon Stephens,2,1.0,2005-07-11,1
6.89,7.29,2282,1.1,0.33,Masqat,3.0,1,Oman,9,MARGARET MOORE,7.99,1,1,1,2,Jon Stephens,2,1.0,2005-08-21,1
6.89,70.13,2288,0.1,0.03,Udine,30.0,2,Italy,525,ADRIAN CLARY,6.99,1,1,1,1,Mike Hillyer,1,1.0,2005-07-06,1
6.91,4.35,2281,2.06,0.53,Changzhou,5.63,11,China,197,SUE PETERS,8.97,3,2,2,2,Jon Stephens,2,0.3333,2005-08-22,3
6.92,4.35,2276,2.06,0.47,Malm,4.29,1,Sweden,66,JANICE WARD,8.98,2,1,1,2,Jon Stephens,2,0.5,2005-08-02,2
6.92,4.36,2275,2.06,0.57,Cuautla,3.53,5,Mexico,323,MATTHEW MAHAN,8.98,2,1,1,1,Mike Hillyer,1,1.0,2005-08-22,2
6.92,7.5,2277,1.06,0.33,Arak,6.0,3,Iran,36,KATHLEEN ADAMS,7.98,2,1,1,1,Mike Hillyer,1,0.0,2005-07-30,2
6.92,7.5,2278,1.06,0.3,Lhokseumawe,6.67,4,Indonesia,473,JORGE OLIVARES,7.98,2,2,2,2,Jon Stephens,2,0.0,2005-07-12,2
6.92,7.5,2279,1.06,0.3,Balurghat,6.67,14,India,208,LUCY WHEELER,7.98,2,1,1,2,Jon Stephens,2,0.5,2005-08-17,2
6.92,7.5,2280,1.06,0.23,Ruse,8.57,1,Bulgaria,540,TYRONE ASHER,7.98,2,1,1,2,Jon Stephens,2,0.5,2005-07-31,2
6.93,7.5,2274,1.07,0.17,Tianjin,6.0,7,China,249,DORA MEDINA,7.99,1,1,1,1,Mike Hillyer,1,1.0,2005-07-27,1
6.93,7.51,2273,1.06,0.23,La Plata,4.29,4,Argentina,89,JULIA FLORES,7.99,1,1,1,2,Jon Stephens,2,1.0,2005-07-27,1
6.94,4.42,2271,2.03,0.5,Tanza,6.0,2,Philippines,236,MARCIA DEAN,8.97,3,2,2,1,Mike Hillyer,1,0.0,2005-07-11,3
6.94,4.42,2272,2.03,0.4,Kurgan,7.5,8,Russian Federation,376,RANDY GAITHER,8.97,3,1,1,1,Mike Hillyer,1,0.3333,2005-07-31,3
6.95,4.43,2268,2.03,0.43,Ozamis,4.62,4,Philippines,434,EDDIE TOMLIN,8.98,2,1,1,2,Jon Stephens,2,0.5,2005-08-22,2
6.95,4.43,2269,2.03,0.4,Benin City,5.0,6,Nigeria,284,SONIA GREGORY,8.98,2,2,2,2,Jon Stephens,2,0.5,2005-08-22,2
6.95,7.74,2270,1.03,0.2,Springs,10.0,2,South Africa,83,LOUISE JENKINS,7.98,2,2,2,2,Jon Stephens,2,0.5,2005-07-09,2
6.96,211.82,2267,0.03,0.03,Jurez,30.0,1,Mexico,369,FRED WHEAT,6.99,1,1,1,1,Mike Hillyer,1,1.0,2005-07-05,1
6.96,7.75,2260,1.03,0.3,Halifax,3.33,2,Canada,463,DARRELL POWER,7.99,1,1,1,2,Jon Stephens,2,1.0,2005-08-17,1
6.96,7.75,2261,1.03,0.27,Ezhou,3.75,11,China,313,DONALD MAHON,7.99,1,1,1,2,Jon Stephens,2,1.0,2005-08-02,1
6.96,7.75,2262,1.03,0.23,Ciomas,4.29,2,Indonesia,239,MINNIE ROMERO,7.99,1,1,1,2,Jon Stephens,2,1.0,2005-07-08,1
6.96,7.75,2262,1.03,0.23,Qalyub,4.29,1,Egypt,134,EMMA BOYD,7.99,1,1,1,1,Mike Hillyer,1,1.0,2005-08-18,1
6.96,7.75,2264,1.03,0.2,Baiyin,5.0,3,China,495,CHARLIE BESS,7.99,1,1,1,2,Jon Stephens,2,1.0,2005-07-11,1
6.96,7.75,2264,1.03,0.2,Bhavnagar,5.0,9,India,379,CARLOS COUGHLIN,7.99,1,1,1,1,Mike Hillyer,1,1.0,2005-07-11,1
6.96,7.75,2264,1.03,0.2,Ibirit,5.0,6,Brazil,310,DANIEL CABRAL,7.99,1,1,1,1,Mike Hillyer,1,1.0,2005-07-30,1
6.96,7.76,2258,1.03,0.33,Pavlodar,3.0,1,Kazakstan,76,IRENE PRICE,7.99,1,1,1,2,Jon Stephens,2,1.0,2005-08-02,1
6.96,7.76,2259,1.03,0.33,Kakamigahara,3.0,8,Japan,163,CATHY SPENCER,7.99,1,1,1,2,Jon Stephens,2,1.0,2005-08-20,1
6.97,4.5,2256,2.0,0.47,La Plata,6.43,4,Argentina,89,JULIA FLORES,8.97,3,1,1,2,Jon Stephens,2,0.6667,2005-07-31,3
6.97,7.99,2257,1.0,0.3,Crdoba,10.0,1,Argentina,24,KIMBERLY LEE,7.97,3,2,2,1,Mike Hillyer,1,0.6667,2005-08-19,3
6.98,8.0,2248,1.0,0.27,Duisburg,7.5,1,Germany,114,GRACE ELLIS,7.98,2,2,2,1,Mike Hillyer,1,0.0,2005-07-10,2
6.98,8.0,2249,1.0,0.23,Bergamo,8.57,2,Italy,439,ALEXANDER FENNELL,7.98,2,1,1,1,Mike Hillyer,1,0.0,2005-07-08,2
6.98,8.0,2249,1.0,0.23,Malm,8.57,1,Sweden,66,JANICE WARD,7.98,2,2,2,2,Jon Stephens,2,0.5,2005-07-06,2
6.98,8.0,2251,1.0,0.23,Aparecida de Goinia,8.57,11,Brazil,216,NATALIE MEYER,7.98,2,1,1,2,Jon Stephens,2,0.0,2005-08-21,2
6.98,8.0,2252,1.0,0.23,Inegl,8.57,6,Turkey,278,BILLIE HORTON,7.98,2,2,2,2,Jon Stephens,2,0.5,2005-07-30,2
6.98,8.0,2253,1.0,0.2,Brockton,10.0,9,United States,149,VALERIE BLACK,7.98,2,1,1,1,Mike Hillyer,1,1.0,2005-08-17,2
6.98,8.0,2254,1.0,0.2,al-Hawiya,10.0,1,Saudi Arabia,70,CHRISTINA RAMIREZ,7.98,2,1,1,1,Mike Hillyer,1,0.0,2005-08-17,2
6.98,8.0,2255,1.0,0.2,Kabul,10.0,1,Afghanistan,218,VERA MCCOY,7.98,2,2,2,1,Mike Hillyer,1,0.5,2005-07-31,2
6.98,8.01,2246,1.0,0.4,South Hill,5.0,1,Anguilla,381,BOBBY BOUDREAU,7.98,2,2,2,2,Jon Stephens,2,0.0,2005-07-31,2
6.98,8.01,2247,1.0,0.33,Laiwu,6.0,13,China,151,MEGAN PALMER,7.98,2,1,1,1,Mike Hillyer,1,0.0,2005-08-01,2
6.99,8.01,2245,1.0,0.2,Miyakonojo,5.0,5,Japan,253,TERRY CARLSON,7.99,1,1,1,1,Mike Hillyer,1,1.0,2005-07-06,1
7.01,4.57,2242,1.96,0.37,Loja,8.18,2,Ecuador,589,TRACY HERRMANN,8.97,3,2,2,2,Jon Stephens,2,0.3333,2005-08-21,3
7.01,8.26,2244,0.97,0.17,Purwakarta,18.0,8,Indonesia,524,JARED ELY,7.97,3,2,2,2,Jon Stephens,2,0.6667,2005-08-21,3
7.01,8.27,2241,0.97,0.13,Bellevue,15.0,6,United States,212,WILMA RICHARDS,7.98,2,1,1,2,Jon Stephens,2,0.5,2005-07-28,2
7.01,8.27,2243,0.96,0.27,Izumisano,11.25,5,Japan,391,CLARENCE GAMEZ,7.97,3,1,1,1,Mike Hillyer,1,0.3333,2005-08-17,3
7.02,4.58,2231,1.96,0.5,Botosani,4.0,1,Romania,230,JOY GEORGE,8.98,2,1,1,2,Jon Stephens,2,0.5,2005-08-02,2
7.02,4.58,2232,1.96,0.47,Beira,4.29,1,Mozambique,257,MARSHA DOUGLAS,8.98,2,1,1,2,Jon Stephens,2,1.0,2005-08-17,2
7.02,8.27,2240,0.97,0.17,Maracabo,12.0,1,Venezuela,453,CALVIN MARTEL,7.98,2,2,2,2,Jon Stephens,2,0.0,2005-07-08,2
7.02,8.28,2234,0.96,0.33,Katihar,6.0,13,India,419,CHAD CARBONE,7.98,2,1,1,1,Mike Hillyer,1,0.5,2005-07-28,2
7.02,8.28,2235,0.96,0.33,Boa Vista,6.0,5,Brazil,342,HAROLD MARTINO,7.98,2,1,1,1,Mike Hillyer,1,0.5,2005-08-17,2
7.02,8.28,2236,0.96,0.23,Belm,8.57,7,Brazil,362,NICHOLAS BARFIELD,7.98,2,1,1,2,Jon Stephens,2,1.0,2005-07-10,2
7.02,8.28,2236,0.96,0.23,London,8.57,5,United Kingdom,512,CECIL VINES,7.98,2,2,2,1,Mike Hillyer,1,0.0,2005-07-30,2
7.02,8.28,2238,0.96,0.23,Buenaventura,8.57,1,Colombia,235,JACKIE LYNCH,7.98,2,2,2,2,Jon Stephens,2,0.5,2005-07-11,2
7.02,8.28,2239,0.96,0.23,Taizz,8.57,4,Yemen,213,GINA WILLIAMSON,7.98,2,1,1,2,Jon Stephens,2,0.5,2005-07-29,2
7.02,8.29,2233,0.96,0.37,South Hill,5.45,1,Anguilla,381,BOBBY BOUDREAU,7.98,2,1,1,2,Jon Stephens,2,0.5,2005-08-18,2
7.03,8.28,2230,0.96,0.2,Niznekamsk,5.0,8,Russian Federation,48,ANN EVANS,7.99,1,1,1,1,Mike Hillyer,1,1.0,2005-07-30,1
7.04,8.56,2229,0.93,0.2,Higashiosaka,15.0,5,Japan,264,GWENDOLYN MAY,7.97,3,2,2,1,Mike Hillyer,1,0.3333,2005-08-17,3
7.05,3.41,2218,2.93,0.53,Hodeida,3.75,1,Yemen,470,GORDON ALLARD,9.98,2,2,2,1,Mike Hillyer,1,0.5,2005-08-20,2
7.05,4.65,2221,1.93,0.33,Lilongwe,6.0,1,Malawi,166,LYNN PAYNE,8.98,2,2,2,2,Jon Stephens,2,0.5,2005-08-22,2
7.05,4.66,2219,1.93,0.47,Batna,4.29,1,Algeria,441,MARIO CHEATHAM,8.98,2,1,1,2,Jon Stephens,2,1.0,2005-08-22,2
7.05,4.66,2220,1.93,0.47,Nador,4.29,1,Morocco,40,AMANDA CARTER,8.98,2,1,1,1,Mike Hillyer,1,0.5,2005-08-20,2
7.05,8.57,2222,0.93,0.27,Almirante Brown,7.5,6,Argentina,359,WILLIE MARKHAM,7.98,2,2,2,2,Jon Stephens,2,1.0,2005-08-21,2
7.05,8.57,2223,0.93,0.27,Batna,7.5,1,Algeria,441,MARIO CHEATHAM,7.98,2,2,2,1,Mike Hillyer,1,0.0,2005-07-12,2
7.05,8.57,2223,0.93,0.27,Po,7.5,5,Brazil,126,ELLEN SIMPSON,7.98,2,2,2,2,Jon Stephens,2,0.5,2005-07-12,2
7.05,8.57,2225,0.93,0.27,Tychy,7.5,4,Poland,380,RUSSELL BRINSON,7.98,2,1,1,1,Mike Hillyer,1,0.5,2005-07-06,2
7.05,8.57,2226,0.93,0.23,Peoria,8.57,6,United States,275,CAROLE BARNETT,7.98,2,2,2,1,Mike Hillyer,1,1.0,2005-08-18,2
7.05,8.57,2227,0.93,0.2,Maring,10.0,4,Brazil,246,MARIAN MENDOZA,7.98,2,1,1,2,Jon Stephens,2,0.0,2005-08-01,2
7.05,8.57,2227,0.93,0.2,Matsue,10.0,7,Japan,355,TERRY GRISSOM,7.98,2,2,2,2,Jon Stephens,2,0.5,2005-07-11,2
7.06,8.58,2217,0.93,0.2,Boksburg,5.0,3,South Africa,125,ETHEL WEBB,7.99,1,1,1,2,Jon Stephens,2,1.0,2005-07-10,1
7.06,8.59,2216,0.93,0.27,Rio Claro,3.75,4,Brazil,74,DENISE KELLY,7.99,1,1,1,1,Mike Hillyer,1,1.0,2005-07-11,1
7.07,4.73,2215,1.9,0.43,Boksburg,6.92,3,South Africa,125,ETHEL WEBB,8.97,3,2,2,2,Jon Stephens,2,0.6667,2005-07-31,3
7.08,4.73,2211,1.9,0.33,Nam Dinh,6.0,2,Vietnam,472,GREG ROBINS,8.98,2,1,1,2,Jon Stephens,2,0.5,2005-08-22,2
7.08,4.74,2209,1.9,0.43,Botosani,4.62,1,Romania,230,JOY GEORGE,8.98,2,1,1,2,Jon Stephens,2,0.5,2005-08-18,2
7.08,4.74,2210,1.9,0.4,Naala-Porto,5.0,1,Mozambique,433,DON BONE,8.98,2,2,2,1,Mike Hillyer,1,0.5,2005-07-30,2
7.08,8.88,2214,0.9,0.17,Gandhinagar,12.0,17,India,117,EDITH MCDONALD,7.98,2,2,2,1,Mike Hillyer,1,0.0,2005-08-01,2
7.08,8.89,2212,0.9,0.27,Ueda,7.5,9,Japan,503,ANGEL BARCLAY,7.98,2,2,2,1,Mike Hillyer,1,0.0,2005-08-19,2
7.08,8.89,2213,0.9,0.23,Buenaventura,8.57,3,Colombia,235,JACKIE LYNCH,7.98,2,2,2,1,Mike Hillyer,1,0.0,2005-08-18,2
7.09,8.9,2205,0.9,0.27,Mwanza,3.75,2,Tanzania,481,HERMAN DEVORE,7.99,1,1,1,2,Jon Stephens,2,1.0,2005-07-28,1
7.09,8.9,2205,0.9,0.27,San Lorenzo,3.75,1,Paraguay,345,CARL ARTIS,7.99,1,1,1,1,Mike Hillyer,1,1.0,2005-07-11,1
7.09,8.9,2207,0.9,0.23,Yangor,4.29,1,Nauru,513,DUANE TUBBS,7.99,1,1,1,1,Mike Hillyer,1,1.0,2005-07-10,1
7.09,8.9,2208,0.9,0.2,Benguela,5.0,1,Angola,528,CLAUDE HERZOG,7.99,1,1,1,1,Mike Hillyer,1,1.0,2005-07-27,1
7.11,4.82,2203,1.86,0.43,Tabora,6.92,1,Tanzania,190,YOLANDA WEAVER,8.97,3,1,1,2,Jon Stephens,2,0.6667,2005-08-21,3
7.11,9.21,2204,0.87,0.17,Southport,18.0,3,United Kingdom,556,ARMANDO GRUBER,7.97,3,2,2,1,Mike Hillyer,1,0.6667,2005-07-08,3
7.11,9.22,2202,0.87,0.13,Yerevan,15.0,1,Armenia,41,STEPHANIE MITCHELL,7.98,2,1,1,1,Mike Hillyer,1,0.0,2005-07-08,2
7.12,3.49,2186,2.86,0.67,Bhopal,3.0,5,India,15,HELEN HARRIS,9.98,2,2,2,1,Mike Hillyer,1,0.5,2005-08-22,2
7.12,4.82,2187,1.86,0.47,Kermanshah,4.29,2,Iran,377,HOWARD FORTNER,8.98,2,1,1,1,Mike Hillyer,1,0.5,2005-08-23,2
7.12,9.23,2190,0.86,0.23,Trshavn,8.57,1,Faroe Islands,317,EDWARD BAUGH,7.98,2,1,1,1,Mike Hillyer,1,0.0,2005-07-29,2
7.12,9.23,2191,0.86,0.23,Lhokseumawe,8.57,4,Indonesia,473,JORGE OLIVARES,7.98,2,1,1,1,Mike Hillyer,1,0.5,2005-07-27,2
7.12,9.23,2192,0.86,0.23,Graz,8.57,1,Austria,173,AUDREY RAY,7.98,2,1,1,2,Jon Stephens,2,1.0,2005-07-09,2
7.12,9.23,2192,0.86,0.23,Lima,8.57,1,Peru,122,THELMA MURRAY,7.98,2,2,2,2,Jon Stephens,2,0.0,2005-07-06,2
7.12,9.23,2192,0.86,0.23,Robamba,8.57,1,Ecuador,494,RAMON CHOATE,7.98,2,2,2,1,Mike Hillyer,1,0.0,2005-07-09,2
7.12,9.23,2195,0.86,0.23,Miyakonojo,8.57,6,Japan,253,TERRY CARLSON,7.98,2,1,1,2,Jon Stephens,2,0.5,2005-07-31,2
7.12,9.23,2195,0.86,0.23,Uluberia,8.57,7,India,446,THEODORE CULP,7.98,2,1,1,2,Jon Stephens,2,0.0,2005-07-09,2
7.12,9.23,2197,0.86,0.2,Citrus Heights,10.0,6,United States,14,BETTY WHITE,7.98,2,1,1,1,Mike Hillyer,1,1.0,2005-07-28,2
7.12,9.23,2197,0.86,0.2,Iwatsuki,10.0,3,Japan,396,EARL SHANKS,7.98,2,1,1,2,Jon Stephens,2,1.0,2005-07-12,2
7.12,9.23,2199,0.86,0.2,Cayenne,10.0,1,French Guiana,65,ROSE HOWARD,7.98,2,1,1,2,Jon Stephens,2,1.0,2005-07-29,2
7.12,9.23,2200,0.87,0.17,Sagamihara,12.0,7,Japan,11,LISA ANDERSON,7.98,2,2,2,2,Jon Stephens,2,0.0,2005-07-28,2
7.12,9.23,2200,0.87,0.17,Shahr-e Kord,12.0,1,Iran,185,ROBERTA HARPER,7.98,2,1,1,1,Mike Hillyer,1,0.5,2005-07-27,2
7.12,9.24,2188,0.86,0.33,South Hill,6.0,1,Anguilla,381,BOBBY BOUDREAU,7.98,2,1,1,2,Jon Stephens,2,0.5,2005-07-12,2
7.12,9.24,2189,0.86,0.27,Chandrapur,7.5,13,India,167,SALLY PIERCE,7.98,2,1,1,1,Mike Hillyer,1,0.0,2005-07-28,2
7.13,9.24,2181,0.86,0.23,Jakarta,4.29,5,Indonesia,153,SUZANNE NICHOLS,7.99,1,1,1,2,Jon Stephens,2,1.0,2005-07-28,1
7.13,9.24,2182,0.86,0.23,Kilis,4.29,4,Turkey,143,LESLIE GORDON,7.99,1,1,1,1,Mike Hillyer,1,1.0,2005-07-08,1
7.13,9.24,2183,0.86,0.2,al-Ayn,5.0,2,United Arab Emirates,98,LILLIAN GRIFFIN,7.99,1,1,1,2,Jon Stephens,2,1.0,2005-07-06,1
7.13,9.24,2184,0.87,0.17,Sincelejo,6.0,1,Colombia,87,WANDA PATTERSON,7.99,1,1,1,1,Mike Hillyer,1,1.0,2005-07-09,1
7.13,9.24,2184,0.87,0.17,York,6.0,2,United Kingdom,497,GILBERT SLEDGE,7.99,1,1,1,2,Jon Stephens,2,1.0,2005-07-07,1
7.13,9.25,2179,0.86,0.27,Fukuyama,3.75,6,Japan,141,DEBBIE REYES,7.99,1,1,1,2,Jon Stephens,2,1.0,2005-07-30,1
7.13,9.25,2180,0.86,0.27,Hamilton,3.75,1,New Zealand,8,SUSAN WILSON,7.99,1,1,1,1,Mike Hillyer,1,1.0,2005-08-22,1
7.15,4.91,2172,1.83,0.3,Huejutla de Reyes,6.67,3,Mexico,582,ANDY VANHORN,8.98,2,1,1,1,Mike Hillyer,1,0.5,2005-08-17,2
7.15,4.91,2173,1.83,0.27,Molodetno,7.5,2,Belarus,144,CLARA SHAW,8.98,2,1,1,2,Jon Stephens,2,0.5,2005-07-27,2
7.15,9.6,2174,0.83,0.23,Jining,8.57,8,China,594,EDUARDO HIATT,7.98,2,2,2,2,Jon Stephens,2,0.0,2005-07-06,2
7.15,9.6,2175,0.83,0.2,El Alto,10.0,1,Bolivia,455,JON WILES,7.98,2,1,1,1,Mike Hillyer,1,1.0,2005-08-18,2
7.15,9.6,2176,0.83,0.17,Faaa,12.0,1,French Polynesia,43,CHRISTINE ROBERTS,7.98,2,1,1,1,Mike Hillyer,1,0.0,2005-08-21,2
7.15,9.6,2176,0.83,0.17,Laohekou,12.0,15,China,422,MELVIN ELLINGTON,7.98,2,1,1,1,Mike Hillyer,1,0.5,2005-08-17,2
7.15,9.6,2176,0.83,0.17,Tarlac,12.0,6,Philippines,548,ALLAN CORNISH,7.98,2,1,1,2,Jon Stephens,2,0.5,2005-08-21,2
7.15,9.61,2171,0.83,0.3,Sorocaba,6.67,7,Brazil,314,GEORGE LINTON,7.98,2,2,2,1,Mike Hillyer,1,1.0,2005-07-27,2
7.16,9.61,2163,0.83,0.23,Siliguri (Shiliguri),4.29,9,India,502,BRETT CORNWELL,7.99,1,1,1,2,Jon Stephens,2,1.0,2005-07-11,1
7.16,9.61,2163,0.83,0.23,Vicente Lpez,4.29,1,Argentina,219,WILLIE HOWELL,7.99,1,1,1,2,Jon Stephens,2,1.0,2005-07-10,1
7.16,9.61,2165,0.83,0.2,Alessandria,5.0,3,Italy,33,ANNA HILL,7.99,1,1,1,1,Mike Hillyer,1,1.0,2005-08-19,1
7.16,9.61,2165,0.83,0.2,Mandi Bahauddin,5.0,1,Pakistan,223,MELINDA FERNANDEZ,7.99,1,1,1,2,Jon Stephens,2,1.0,2005-07-31,1
7.16,9.61,2167,0.83,0.17,Sincelejo,6.0,1,Colombia,87,WANDA PATTERSON,7.99,1,1,1,2,Jon Stephens,2,1.0,2005-07-28,1
7.16,9.61,2168,0.83,0.17,Hagonoy,6.0,5,Philippines,255,IRMA PEARSON,7.99,1,1,1,2,Jon Stephens,2,1.0,2005-08-18,1
7.16,9.61,2168,0.83,0.17,Tsuyama,6.0,5,Japan,429,FREDERICK ISBELL,7.99,1,1,1,2,Jon Stephens,2,1.0,2005-07-11,1
7.16,9.61,2170,0.83,0.17,Crdoba,6.0,3,Argentina,24,KIMBERLY LEE,7.99,1,1,1,2,Jon Stephens,2,1.0,2005-07-06,1
7.16,9.62,2161,0.83,0.27,Klerksdorp,3.75,2,South Africa,109,EDNA WEST,7.99,1,1,1,2,Jon Stephens,2,1.0,2005-08-22,1
7.16,9.62,2162,0.83,0.27,Firozabad,3.75,19,India,192,LAURIE LAWRENCE,7.99,1,1,1,1,Mike Hillyer,1,1.0,2005-07-30,1
7.17,4.99,2159,1.8,0.4,Abha,7.5,1,Saudi Arabia,101,PEGGY MYERS,8.97,3,2,2,1,Mike Hillyer,1,0.3333,2005-08-01,3
7.17,9.99,2160,0.8,0.23,Daxian,12.86,10,China,64,JUDITH COX,7.97,3,2,2,1,Mike Hillyer,1,1.0,2005-07-09,3
7.18,10.0,2154,0.8,0.23,Celaya,8.57,5,Mexico,587,SERGIO STANFIELD,7.98,2,2,2,2,Jon Stephens,2,0.5,2005-07-12,2
7.18,10.0,2155,0.8,0.2,Akron,10.0,7,United States,479,ZACHARY HITE,7.98,2,2,2,1,Mike Hillyer,1,0.5,2005-07-06,2
7.18,10.0,2156,0.8,0.2,Jastrzebie-Zdrj,10.0,3,Poland,128,MARJORIE TUCKER,7.98,2,1,1,2,Jon Stephens,2,1.0,2005-07-11,2
7.18,10.0,2157,0.8,0.2,Konotop,10.0,1,Ukraine,545,JULIO NOLAND,7.98,2,2,2,1,Mike Hillyer,1,0.5,2005-08-17,2
7.18,10.02,2153,0.8,0.33,Changhwa,6.0,2,Taiwan,75,TAMMY SANDERS,7.98,2,1,1,1,Mike Hillyer,1,1.0,2005-07-27,2
7.18,5.0,2152,1.8,0.47,Xinxiang,4.29,9,China,339,WALTER PERRYMAN,8.98,2,2,2,2,Jon Stephens,2,0.5,2005-08-21,2
7.18,9.99,2158,0.8,0.13,Salinas,15.0,5,United States,269,CASSANDRA WALTERS,7.98,2,1,1,2,Jon Stephens,2,0.5,2005-07-08,2
7.19,10.01,2148,0.8,0.2,Balaiha,5.0,2,Russian Federation,55,DORIS REED,7.99,1,1,1,2,Jon Stephens,2,1.0,2005-07-11,1
7.19,10.01,2149,0.8,0.2,Nagareyama,5.0,5,Japan,53,HEATHER MORRIS,7.99,1,1,1,1,Mike Hillyer,1,1.0,2005-07-31,1
7.19,10.01,2150,0.8,0.17,Arecibo,6.0,1,Puerto Rico,360,RALPH MADRIGAL,7.99,1,1,1,1,Mike Hillyer,1,1.0,2005-07-08,1
7.19,10.02,2147,0.8,0.27,A Corua (La Corua),3.75,1,Spain,52,JULIE SANCHEZ,7.99,1,1,1,1,Mike Hillyer,1,1.0,2005-07-11,1
7.19,3.57,2151,2.8,0.5,Vijayawada,4.0,10,India,508,MILTON HOWLAND,9.98,2,2,2,2,Jon Stephens,2,0.5,2005-08-02,2
7.19,5.0,2146,1.8,0.27,Sumy,3.75,2,Ukraine,187,BRITTANY RILEY,8.99,1,1,1,2,Jon Stephens,2,1.0,2005-08-20,1
7.21,5.09,2145,1.76,0.37,Ashdod,8.18,1,Israel,102,CRYSTAL FORD,8.97,3,1,1,2,Jon Stephens,2,0.3333,2005-07-27,3
7.22,10.43,2144,0.77,0.17,Rio Claro,12.0,5,Brazil,74,DENISE KELLY,7.98,2,1,1,2,Jon Stephens,2,1.0,2005-08-18,2
7.22,10.44,2143,0.76,0.2,Tiefa,10.0,9,China,302,MICHAEL SILVERMAN,7.98,2,1,1,1,Mike Hillyer,1,0.5,2005-07-27,2
7.22,10.45,2142,0.76,0.27,Suihua,7.5,16,China,511,CHESTER BENNER,7.98,2,1,1,1,Mike Hillyer,1,0.5,2005-07-30,2
7.22,5.09,2140,1.76,0.33,Cam Ranh,6.0,1,Vietnam,532,NEIL RENNER,8.98,2,2,2,1,Mike Hillyer,1,1.0,2005-07-12,2
7.22,5.09,2141,1.76,0.33,Songkhla,6.0,1,Thailand,86,JACQUELINE LONG,8.98,2,1,1,2,Jon Stephens,2,1.0,2005-08-19,2
7.22,5.1,2135,1.76,0.47,Fukuyama,4.29,5,Japan,141,DEBBIE REYES,8.98,2,1,1,1,Mike Hillyer,1,0.5,2005-08-02,2
7.22,5.1,2136,1.76,0.43,Johannesburg,4.62,1,South Africa,471,DEAN SAUER,8.98,2,1,1,2,Jon Stephens,2,0.5,2005-08-22,2
7.22,5.1,2137,1.76,0.43,Ogbomosho,4.62,4,Nigeria,277,OLGA JIMENEZ,8.98,2,2,2,1,Mike Hillyer,1,0.5,2005-07-12,2
7.22,5.1,2137,1.76,0.43,Toulouse,4.62,1,France,35,VIRGINIA GREEN,8.98,2,2,2,2,Jon Stephens,2,1.0,2005-07-30,2
7.22,5.1,2139,1.76,0.43,Jamalpur,4.62,1,Bangladesh,329,FRANK WAGGONER,8.98,2,2,2,2,Jon Stephens,2,0.5,2005-08-01,2
7.23,10.44,2132,0.77,0.17,Baiyin,6.0,5,China,495,CHARLIE BESS,7.99,1,1,1,2,Jon Stephens,2,1.0,2005-07-09,1
7.23,10.44,2132,0.77,0.17,Sogamoso,6.0,1,Colombia,490,SAM MCDUFFIE,7.99,1,1,1,2,Jon Stephens,2,1.0,2005-07-09,1
7.23,10.44,2134,0.77,0.17,Guaruj,6.0,1,Brazil,427,JESUS MCCARTNEY,7.99,1,1,1,2,Jon Stephens,2,1.0,2005-07-26,1
7.23,10.45,2127,0.76,0.23,Vitria de Santo Anto,4.29,10,Brazil,374,JEREMY HURTADO,7.99,1,1,1,2,Jon Stephens,2,1.0,2005-07-29,1
7.23,10.45,2127,0.76,0.23,Xiangtan,4.29,19,China,67,KELLY TORRES,7.99,1,1,1,1,Mike Hillyer,1,1.0,2005-07-31,1
7.23,10.45,2129,0.76,0.23,Sunnyvale,4.29,5,United States,214,KRISTIN JOHNSTON,7.99,1,1,1,1,Mike Hillyer,1,1.0,2005-07-12,1
7.23,10.45,2130,0.76,0.2,Citrus Heights,5.0,6,United States,14,BETTY WHITE,7.99,1,1,1,1,Mike Hillyer,1,1.0,2005-07-10,1
7.23,10.45,2131,0.76,0.2,Santiago de Compostela,5.0,1,Spain,549,NELSON CHRISTENSON,7.99,1,1,1,2,Jon Stephens,2,1.0,2005-07-30,1
7.23,10.46,2125,0.76,0.27,Dadu,3.75,1,Pakistan,416,JEFFERY PINSON,7.99,1,1,1,1,Mike Hillyer,1,1.0,2005-07-12,1
7.23,10.46,2126,0.76,0.27,Brindisi,3.75,1,Italy,499,MARC OUTLAW,7.99,1,1,1,1,Mike Hillyer,1,1.0,2005-08-16,1
7.25,10.91,2124,0.73,0.17,Funafuti,12.0,1,Tuvalu,105,DAWN SULLIVAN,7.98,2,1,1,2,Jon Stephens,2,0.5,2005-07-10,2
7.25,10.92,2122,0.73,0.27,Torren,7.5,5,Mexico,133,PAULINE HENRY,7.98,2,2,2,2,Jon Stephens,2,0.0,2005-08-19,2
7.25,10.92,2123,0.73,0.23,Shimonoseki,8.57,6,Japan,29,ANGELA HERNANDEZ,7.98,2,2,2,1,Mike Hillyer,1,0.5,2005-07-07,2
7.25,3.66,2119,2.73,0.57,Cape Coral,3.53,2,United States,526,KARL SEAL,9.98,2,2,2,1,Mike Hillyer,1,0.5,2005-08-20,2
7.25,5.19,2120,1.73,0.47,Tongliao,4.29,16,China,442,LEROY BUSTAMANTE,8.98,2,2,2,1,Mike Hillyer,1,0.5,2005-07-31,2
7.25,5.19,2121,1.73,0.33,Kurgan,6.0,9,Russian Federation,376,RANDY GAITHER,8.98,2,1,1,1,Mike Hillyer,1,0.5,2005-07-29,2
7.26,10.93,2115,0.73,0.23,Dongying,4.29,12,China,466,LEO EBERT,7.99,1,1,1,1,Mike Hillyer,1,1.0,2005-08-17,1
7.26,10.93,2116,0.73,0.2,Ilorin,5.0,4,Nigeria,103,GLADYS HAMILTON,7.99,1,1,1,2,Jon Stephens,2,1.0,2005-08-19,1
7.26,10.93,2117,0.73,0.2,Garland,5.0,6,United States,561,IAN STILL,7.99,1,1,1,2,Jon Stephens,2,1.0,2005-07-31,1
7.26,10.93,2117,0.73,0.2,Liepaja,5.0,1,Latvia,23,SARAH LEWIS,7.99,1,1,1,1,Mike Hillyer,1,1.0,2005-07-27,1
7.26,11.41,2114,0.7,0.27,Araatuba,15.0,4,Brazil,77,JANE BENNETT,7.96,4,2,2,1,Mike Hillyer,1,0.25,2005-08-02,4
7.27,5.29,2113,1.7,0.33,Toulouse,9.0,1,France,35,VIRGINIA GREEN,8.97,3,2,2,2,Jon Stephens,2,0.3333,2005-08-21,3
7.28,11.42,2111,0.7,0.1,Elista,20.0,6,Russian Federation,17,DONNA THOMPSON,7.98,2,1,1,1,Mike Hillyer,1,1.0,2005-07-10,2
7.28,11.42,2112,0.7,0.1,Purwakarta,20.0,5,Indonesia,524,JARED ELY,7.98,2,1,1,2,Jon Stephens,2,0.5,2005-08-20,2
7.28,11.43,2108,0.7,0.2,Roanoke,10.0,7,United States,291,TONI HOLT,7.98,2,2,2,1,Mike Hillyer,1,0.0,2005-07-12,2
7.28,11.43,2109,0.7,0.2,Kansas City,10.0,9,United States,308,THOMAS GRIGSBY,7.98,2,1,1,1,Mike Hillyer,1,0.0,2005-08-17,2
7.28,11.43,2110,0.7,0.17,Haiphong,12.0,3,Vietnam,199,BETH FRANKLIN,7.98,2,2,2,2,Jon Stephens,2,0.5,2005-07-09,2
7.28,11.44,2107,0.7,0.23,Balurghat,8.57,7,India,208,LUCY WHEELER,7.98,2,2,2,1,Mike Hillyer,1,1.0,2005-07-09,2
7.28,11.45,2104,0.7,0.3,Liaocheng,6.67,11,China,129,CARRIE PORTER,7.98,2,1,1,1,Mike Hillyer,1,0.0,2005-07-29,2
7.28,5.29,2101,1.7,0.4,Jalib al-Shuyukh,5.0,1,Kuwait,234,CLAUDIA FULLER,8.98,2,2,2,1,Mike Hillyer,1,0.5,2005-08-22,2
7.28,5.29,2102,1.7,0.4,Nantou,5.0,2,Taiwan,5,ELIZABETH BROWN,8.98,2,2,2,2,Jon Stephens,2,1.0,2005-07-12,2
7.28,5.29,2103,1.7,0.33,Antofagasta,6.0,1,Chile,45,JANET PHILLIPS,8.98,2,2,2,2,Jon Stephens,2,0.5,2005-08-19,2
7.28,5.29,2105,1.7,0.3,Smolensk,6.67,5,Russian Federation,127,ELAINE STEVENS,8.98,2,1,1,1,Mike Hillyer,1,0.5,2005-08-02,2
7.28,5.29,2106,1.7,0.3,Songkhla,6.67,2,Thailand,86,JACQUELINE LONG,8.98,2,2,2,1,Mike Hillyer,1,0.5,2005-07-29,2
7.28,5.3,2100,1.7,0.43,Baybay,4.62,4,Philippines,71,KATHY JAMES,8.98,2,1,1,2,Jon Stephens,2,1.0,2005-08-22,2
7.29,11.44,2097,0.7,0.17,Saarbrcken,6.0,3,Germany,227,COLLEEN BURTON,7.99,1,1,1,1,Mike Hillyer,1,1.0,2005-07-27,1
7.29,11.44,2098,0.7,0.17,Aparecida de Goinia,6.0,4,Brazil,216,NATALIE MEYER,7.99,1,1,1,2,Jon Stephens,2,1.0,2005-08-17,1
7.29,11.46,2096,0.7,0.3,Kermanshah,3.33,1,Iran,377,HOWARD FORTNER,7.99,1,1,1,2,Jon Stephens,2,1.0,2005-07-12,1
7.29,3.7,2099,2.69,0.6,Escobar,3.33,2,Argentina,445,MICHEAL FORMAN,9.98,2,2,2,2,Jon Stephens,2,0.5,2005-08-23,2
7.29,5.3,2095,1.7,0.33,Quilmes,3.0,3,Argentina,585,PERRY SWAFFORD,8.99,1,1,1,2,Jon Stephens,2,1.0,2005-07-30,1
7.3,11.98,2094,0.67,0.13,Hamilton,22.5,1,New Zealand,8,SUSAN WILSON,7.97,3,2,2,2,Jon Stephens,2,0.3333,2005-07-07,3
7.31,11.99,2093,0.67,0.13,Sanaa,15.0,1,Yemen,303,WILLIAM SATTERFIELD,7.98,2,2,2,2,Jon Stephens,2,0.5,2005-07-27,2
7.32,12.0,2090,0.67,0.17,Purnea (Purnia),12.0,6,India,426,BRADLEY MOTLEY,7.98,2,1,1,2,Jon Stephens,2,1.0,2005-07-07,2
7.32,12.0,2091,0.67,0.17,Aurora,12.0,6,United States,330,SCOTT SHELLEY,7.98,2,1,1,1,Mike Hillyer,1,0.5,2005-08-18,2
7.32,12.0,2091,0.67,0.17,Faaa,12.0,1,French Polynesia,43,CHRISTINE ROBERTS,7.98,2,2,2,2,Jon Stephens,2,0.5,2005-07-10,2
7.32,12.01,2087,0.66,0.23,Ranchi,8.57,17,India,358,SAMUEL MARLOW,7.98,2,1,1,1,Mike Hillyer,1,0.5,2005-08-01,2
7.32,12.01,2088,0.66,0.23,Pune,8.57,7,India,135,JUANITA MASON,7.98,2,1,1,1,Mike Hillyer,1,1.0,2005-07-12,2
7.32,12.01,2089,0.66,0.2,Ponce,10.0,1,Puerto Rico,282,JENNY CASTRO,7.98,2,2,2,2,Jon Stephens,2,0.0,2005-07-07,2
7.32,3.75,2081,2.66,0.57,Avellaneda,3.53,2,Argentina,560,JORDAN ARCHULETA,9.98,2,2,2,1,Mike Hillyer,1,0.5,2005-08-22,2
7.32,5.4,2082,1.66,0.37,Cuernavaca,5.45,5,Mexico,575,ISAAC OGLESBY,8.98,2,1,1,1,Mike Hillyer,1,0.5,2005-08-02,2
7.32,5.4,2082,1.66,0.37,Fengshan,5.45,1,Taiwan,576,MORRIS MCCARTER,8.98,2,2,2,1,Mike Hillyer,1,0.5,2005-07-10,2
7.32,5.4,2084,1.66,0.37,Liaocheng,5.45,6,China,129,CARRIE PORTER,8.98,2,1,1,2,Jon Stephens,2,1.0,2005-08-18,2
7.32,5.4,2085,1.66,0.33,Ashdod,6.0,1,Israel,102,CRYSTAL FORD,8.98,2,2,2,1,Mike Hillyer,1,1.0,2005-07-10,2
7.32,5.4,2086,1.66,0.33,Yinchuan,6.0,10,China,484,ROBERTO VU,8.98,2,2,2,2,Jon Stephens,2,1.0,2005-08-19,2
7.33,12.02,2079,0.67,0.17,Hino,6.0,5,Japan,194,KRISTEN CHAVEZ,7.99,1,1,1,2,Jon Stephens,2,1.0,2005-07-07,1
7.33,12.02,2080,0.67,0.17,Kansas City,6.0,6,United States,308,THOMAS GRIGSBY,7.99,1,1,1,1,Mike Hillyer,1,1.0,2005-07-31,1
7.33,12.03,2078,0.66,0.27,Halifax,3.75,2,Canada,463,DARRELL POWER,7.99,1,1,1,2,Jon Stephens,2,1.0,2005-07-30,1
7.33,5.4,2076,1.66,0.33,San Lorenzo,3.0,1,Paraguay,345,CARL ARTIS,8.99,1,1,1,2,Jon Stephens,2,1.0,2005-08-01,1
7.33,5.4,2077,1.66,0.3,Stockport,3.33,3,United Kingdom,477,DAN PAINE,8.99,1,1,1,2,Jon Stephens,2,1.0,2005-07-30,1
7.34,5.5,2075,1.63,0.33,Chatsworth,9.0,2,South Africa,555,DWIGHT LOMBARDI,8.97,3,2,2,1,Mike Hillyer,1,0.3333,2005-08-18,3
7.35,12.63,2071,0.63,0.17,Peoria,12.0,6,United States,275,CAROLE BARNETT,7.98,2,2,2,2,Jon Stephens,2,0.5,2005-07-27,2
7.35,12.63,2071,0.63,0.17,Saarbrcken,12.0,2,Germany,227,COLLEEN BURTON,7.98,2,1,1,2,Jon Stephens,2,1.0,2005-07-07,2
7.35,12.63,2073,0.63,0.13,Braslia,15.0,7,Brazil,325,TIMOTHY BUNN,7.98,2,2,2,1,Mike Hillyer,1,0.0,2005-07-10,2
7.35,12.63,2074,0.63,0.13,Tongliao,15.0,8,China,442,LEROY BUSTAMANTE,7.98,2,2,2,1,Mike Hillyer,1,0.0,2005-07-06,2
7.35,12.64,2070,0.63,0.2,Bradford,10.0,2,United Kingdom,85,ANNE POWELL,7.98,2,2,2,1,Mike Hillyer,1,0.0,2005-07-31,2
7.35,12.65,2068,0.63,0.23,Jodhpur,8.57,14,India,224,PEARL GARZA,7.98,2,2,2,2,Jon Stephens,2,0.5,2005-08-19,2
7.35,12.65,2068,0.63,0.23,Yuzhou,8.57,4,China,324,GARY COY,7.98,2,2,2,2,Jon Stephens,2,0.5,2005-07-11,2
7.35,3.8,2063,2.63,0.53,Beira,3.75,1,Mozambique,257,MARSHA DOUGLAS,9.98,2,2,2,2,Jon Stephens,2,0.5,2005-07-31,2
7.35,5.51,2064,1.63,0.47,Nha Trang,4.29,1,Vietnam,520,MITCHELL WESTMORELAND,8.98,2,1,1,2,Jon Stephens,2,0.5,2005-08-20,2
7.35,5.51,2065,1.63,0.4,Bhavnagar,5.0,11,India,379,CARLOS COUGHLIN,8.98,2,2,2,2,Jon Stephens,2,0.5,2005-08-23,2
7.35,5.51,2066,1.63,0.3,Carmen,6.67,4,Mexico,578,WILLARD LUMPKIN,8.98,2,1,1,2,Jon Stephens,2,0.5,2005-08-20,2
7.35,5.51,2067,1.63,0.27,Lilongwe,7.5,1,Malawi,166,LYNN PAYNE,8.98,2,1,1,2,Jon Stephens,2,1.0,2005-08-21,2
7.36,12.65,2062,0.63,0.17,Allappuzha (Alleppey),6.0,6,India,175,ANNETTE OLSON,7.99,1,1,1,2,Jon Stephens,2,1.0,2005-07-12,1
7.36,5.51,2061,1.63,0.27,Brescia,3.75,2,Italy,309,CHRISTOPHER GRECO,8.99,1,1,1,2,Jon Stephens,2,1.0,2005-07-09,1
7.37,13.32,2060,0.6,0.17,Bislig,18.0,6,Philippines,94,NORMA GONZALES,7.97,3,2,2,1,Mike Hillyer,1,0.3333,2005-08-22,3
7.38,13.33,2059,0.6,0.13,Kingstown,15.0,1,Saint Vincent and the Grenadines,326,JOSE ANDREW,7.98,2,1,1,2,Jon Stephens,2,1.0,2005-07-28,2
7.38,13.34,2055,0.6,0.2,Adana,10.0,4,Turkey,327,LARRY THRASHER,7.98,2,2,2,1,Mike Hillyer,1,0.0,2005-08-19,2
7.38,13.34,2056,0.6,0.2,Kitwe,10.0,1,Zambia,438,BARRY LOVELACE,7.98,2,2,2,2,Jon Stephens,2,0.0,2005-07-07,2
7.38,13.34,2057,0.6,0.17,Yuncheng,12.0,9,China,154,MICHELE GRANT,7.98,2,2,2,1,Mike Hillyer,1,0.0,2005-07-07,2
7.38,13.34,2058,0.6,0.17,Oshawa,12.0,2,Canada,189,LORETTA CARPENTER,7.98,2,2,2,2,Jon Stephens,2,0.0,2005-07-28,2
7.38,5.62,2053,1.6,0.33,Naala-Porto,6.0,2,Mozambique,433,DON BONE,8.98,2,1,1,1,Mike Hillyer,1,0.5,2005-07-29,2
7.38,5.62,2053,1.6,0.33,Onomichi,6.0,5,Japan,337,JERRY JORDON,8.98,2,2,2,2,Jon Stephens,2,1.0,2005-08-20,2
7.38,5.63,2051,1.6,0.43,Tama,4.62,6,Japan,385,PHILLIP HOLM,8.98,2,2,2,1,Mike Hillyer,1,0.5,2005-08-19,2
7.38,5.63,2052,1.6,0.43,Kimchon,4.62,4,South Korea,99,EMILY DIAZ,8.98,2,1,1,2,Jon Stephens,2,0.5,2005-07-29,2
7.39,13.35,2045,0.6,0.13,Hino,7.5,6,Japan,194,KRISTEN CHAVEZ,7.99,1,1,1,1,Mike Hillyer,1,1.0,2005-07-30,1
7.39,13.35,2045,0.6,0.13,Nha Trang,7.5,1,Vietnam,520,MITCHELL WESTMORELAND,7.99,1,1,1,1,Mike Hillyer,1,1.0,2005-07-06,1
7.39,13.35,2045,0.6,0.13,Sal,7.5,1,Morocco,22,LAURA RODRIGUEZ,7.99,1,1,1,1,Mike Hillyer,1,1.0,2005-07-28,1
7.39,13.35,2045,0.6,0.13,Tanauan,7.5,3,Philippines,373,LOUIS LEONE,7.99,1,1,1,1,Mike Hillyer,1,1.0,2005-07-07,1
7.39,13.35,2049,0.6,0.13,Yantai,7.5,9,China,272,KAY CALDWELL,7.99,1,1,1,1,Mike Hillyer,1,1.0,2005-07-29,1
7.39,13.36,2042,0.6,0.2,Graz,5.0,1,Austria,173,AUDREY RAY,7.99,1,1,1,1,Mike Hillyer,1,1.0,2005-07-08,1
7.39,13.36,2042,0.6,0.2,Robamba,5.0,1,Ecuador,494,RAMON CHOATE,7.99,1,1,1,2,Jon Stephens,2,1.0,2005-07-08,1
7.39,13.36,2042,0.6,0.2,Tiefa,5.0,6,China,302,MICHAEL SILVERMAN,7.99,1,1,1,2,Jon Stephens,2,1.0,2005-07-12,1
7.39,3.85,2050,2.59,0.53,Omdurman,3.75,1,Sudan,50,DIANE COLLINS,9.98,2,1,1,2,Jon Stephens,2,0.5,2005-08-22,2
7.39,5.63,2040,1.6,0.3,Atlixco,3.33,4,Mexico,84,SARA PERRY,8.99,1,1,1,1,Mike Hillyer,1,1.0,2005-07-29,1
7.39,5.63,2040,1.6,0.3,Benin City,3.33,2,Nigeria,284,SONIA GREGORY,8.99,1,1,1,2,Jon Stephens,2,1.0,2005-07-28,1
7.41,14.11,2039,0.56,0.2,Yaound,15.0,1,Cameroon,361,LAWRENCE LAWTON,7.97,3,2,2,1,Mike Hillyer,1,0.3333,2005-07-12,3
7.41,14.12,2037,0.57,0.13,Rockford,15.0,7,United States,457,BILL GAVIN,7.98,2,2,2,1,Mike Hillyer,1,0.5,2005-07-29,2
7.41,5.74,2038,1.56,0.37,San Felipe de Puerto Plata,8.18,1,Dominican Republic,418,JEFF EAST,8.97,3,1,1,1,Mike Hillyer,1,0.0,2005-08-17,3
7.42,14.12,2036,0.57,0.17,Dundee,12.0,3,United Kingdom,142,APRIL BURNS,7.98,2,1,1,2,Jon Stephens,2,0.5,2005-07-29,2
7.42,14.13,2027,0.57,0.13,Berhampore (Baharampur),7.5,9,India,413,MARVIN YEE,7.99,1,1,1,1,Mike Hillyer,1,1.0,2005-07-10,1
7.42,14.13,2035,0.56,0.2,Kakamigahara,10.0,4,Japan,163,CATHY SPENCER,7.98,2,1,1,2,Jon Stephens,2,0.0,2005-08-17,2
7.42,5.74,2033,1.56,0.33,Bamenda,6.0,1,Cameroon,352,ALBERT CROUSE,8.98,2,2,2,1,Mike Hillyer,1,0.5,2005-08-18,2
7.42,5.74,2034,1.56,0.3,Emeishan,6.67,11,China,389,ALAN KAHN,8.98,2,1,1,2,Jon Stephens,2,1.0,2005-08-17,2
7.42,5.75,2028,1.56,0.4,Bergamo,5.0,2,Italy,439,ALEXANDER FENNELL,8.98,2,1,1,2,Jon Stephens,2,0.5,2005-08-19,2
7.42,5.75,2028,1.56,0.4,Hiroshima,5.0,2,Japan,299,JAMES GANNON,8.98,2,2,2,1,Mike Hillyer,1,0.5,2005-07-12,2
7.42,5.75,2030,1.56,0.4,Jhansi,5.0,11,India,32,AMY LOPEZ,8.98,2,1,1,2,Jon Stephens,2,0.5,2005-07-29,2
7.42,5.75,2031,1.56,0.4,Ogbomosho,5.0,2,Nigeria,277,OLGA JIMENEZ,8.98,2,1,1,2,Jon Stephens,2,0.5,2005-08-02,2
7.42,5.75,2032,1.56,0.37,Oulu,5.45,1,Finland,298,ERIKA PENA,8.98,2,2,2,2,Jon Stephens,2,1.0,2005-08-22,2
7.43,14.14,2026,0.57,0.17,Kingstown,6.0,1,Saint Vincent and the Grenadines,326,JOSE ANDREW,7.99,1,1,1,1,Mike Hillyer,1,1.0,2005-07-07,1
7.43,14.15,2025,0.56,0.2,Datong,5.0,6,China,260,CHRISTY VARGAS,7.99,1,1,1,1,Mike Hillyer,1,1.0,2005-07-28,1
7.43,14.16,2024,0.56,0.23,Firozabad,4.29,15,India,192,LAURIE LAWRENCE,7.99,1,1,1,2,Jon Stephens,2,1.0,2005-07-29,1
7.43,5.75,2023,1.56,0.27,Otsu,3.75,3,Japan,285,MIRIAM MCKINNEY,8.99,1,1,1,1,Mike Hillyer,1,1.0,2005-08-17,1
7.44,3.94,2021,2.53,0.6,Moscow,5.0,8,Russian Federation,46,CATHERINE CAMPBELL,9.97,3,1,1,1,Mike Hillyer,1,0.3333,2005-08-23,3
7.44,5.87,2022,1.53,0.5,Bandar Seri Begawan,6.0,1,Brunei,91,LOIS BUTLER,8.97,3,1,1,2,Jon Stephens,2,0.3333,2005-07-30,3
7.45,14.98,2020,0.53,0.07,Pangkal Pinang,30.0,2,Indonesia,542,LONNIE TIRADO,7.98,2,2,2,1,Mike Hillyer,1,0.5,2005-07-09,2
7.45,14.99,2019,0.53,0.1,Sagamihara,20.0,4,Japan,11,LISA ANDERSON,7.98,2,2,2,1,Mike Hillyer,1,0.5,2005-07-08,2
7.45,15.0,2017,0.53,0.13,Beni-Mellal,15.0,1,Morocco,543,LANCE PEMBERTON,7.98,2,2,2,2,Jon Stephens,2,0.5,2005-07-29,2
7.45,15.0,2018,0.53,0.13,Lancaster,15.0,7,United States,112,ROSA REYNOLDS,7.98,2,1,1,1,Mike Hillyer,1,0.5,2005-07-09,2
7.45,15.02,2016,0.53,0.2,Barcelona,10.0,2,Venezuela,568,ALBERTO HENNING,7.98,2,2,2,1,Mike Hillyer,1,1.0,2005-07-31,2
7.45,5.87,2011,1.53,0.4,Szkesfehrvr,5.0,1,Hungary,592,TERRANCE ROUSH,8.98,2,1,1,1,Mike Hillyer,1,0.5,2005-07-30,2
7.45,5.87,2012,1.53,0.37,Alessandria,5.45,5,Italy,33,ANNA HILL,8.98,2,2,2,2,Jon Stephens,2,0.5,2005-08-22,2
7.45,5.87,2012,1.53,0.37,Dhule (Dhulia),5.45,7,India,440,BERNARD COLBY,8.98,2,1,1,2,Jon Stephens,2,0.5,2005-08-22,2
7.45,5.87,2014,1.53,0.33,Compton,6.0,3,United States,182,RENEE LANE,8.98,2,1,1,1,Mike Hillyer,1,1.0,2005-08-22,2
7.45,5.87,2014,1.53,0.33,Patiala,6.0,17,India,296,RAMONA HALE,8.98,2,1,1,1,Mike Hillyer,1,0.5,2005-07-30,2
7.46,15.02,2010,0.53,0.13,Dayton,7.5,4,United States,294,SHELLY WATTS,7.99,1,1,1,1,Mike Hillyer,1,1.0,2005-07-08,1
7.46,15.03,2009,0.53,0.17,Akishima,6.0,5,Japan,574,JULIAN VEST,7.99,1,1,1,1,Mike Hillyer,1,1.0,2005-07-06,1
7.46,5.87,2008,1.53,0.3,Acua,3.33,4,Mexico,486,GLEN TALBERT,8.99,1,1,1,2,Jon Stephens,2,1.0,2005-07-29,1
7.46,5.88,2007,1.53,0.33,Varanasi (Benares),3.0,10,India,123,SHANNON FREEMAN,8.99,1,1,1,2,Jon Stephens,2,1.0,2005-08-01,1
7.48,15.99,2003,0.5,0.1,Kimchon,20.0,1,South Korea,99,EMILY DIAZ,7.98,2,1,1,2,Jon Stephens,2,0.5,2005-07-07,2
7.48,15.99,2003,0.5,0.1,Sungai Petani,20.0,1,Malaysia,306,CHARLES KOWALSKI,7.98,2,1,1,2,Jon Stephens,2,1.0,2005-07-08,2
7.48,15.99,2005,0.5,0.1,Eskisehir,20.0,4,Turkey,507,EDGAR RHOADS,7.98,2,1,1,1,Mike Hillyer,1,0.5,2005-07-06,2
7.48,15.99,2006,0.5,0.1,Jalib al-Shuyukh,20.0,1,Kuwait,234,CLAUDIA FULLER,7.98,2,1,1,2,Jon Stephens,2,0.5,2005-08-01,2
7.48,16.0,2002,0.5,0.13,Bydgoszcz,15.0,4,Poland,318,BRIAN WYMAN,7.98,2,2,2,2,Jon Stephens,2,0.5,2005-07-06,2
7.48,16.02,2000,0.5,0.2,Yaound,10.0,2,Cameroon,361,LAWRENCE LAWTON,7.98,2,1,1,2,Jon Stephens,2,0.5,2005-07-28,2
7.48,16.02,2001,0.5,0.2,Tegal,10.0,5,Indonesia,458,LLOYD DOWD,7.98,2,1,1,2,Jon Stephens,2,0.0,2005-08-20,2
7.48,6.0,1996,1.5,0.43,Witten,4.62,2,Germany,201,VICKI FIELDS,8.98,2,2,2,2,Jon Stephens,2,0.5,2005-08-23,2
7.48,6.0,1997,1.5,0.37,Miraj,5.45,10,India,316,STEVEN CURLEY,8.98,2,1,1,2,Jon Stephens,2,0.5,2005-08-19,2
7.48,6.0,1998,1.5,0.33,Escobar,6.0,1,Argentina,445,MICHEAL FORMAN,8.98,2,1,1,1,Mike Hillyer,1,0.5,2005-08-17,2
7.48,6.0,1999,1.5,0.3,Mexicali,6.67,5,Mexico,343,DOUGLAS GRAF,8.98,2,2,2,1,Mike Hillyer,1,0.5,2005-07-09,2
7.49,16.01,1994,0.5,0.1,Bag,10.0,10,Brazil,398,ANTONIO MEEK,7.99,1,1,1,1,Mike Hillyer,1,1.0,2005-07-29,1
7.49,16.02,1993,0.5,0.13,Ciudad del Este,7.5,1,Paraguay,205,EILEEN CARR,7.99,1,1,1,1,Mike Hillyer,1,1.0,2005-07-06,1
7.49,4.0,1995,2.49,0.67,Pyongyang,3.0,1,North Korea,157,DARLENE ROSE,9.98,2,1,1,1,Mike Hillyer,1,0.5,2005-08-20,2
7.49,6.01,1992,1.5,0.3,Mysore,3.33,16,India,59,CHERYL MURPHY,8.99,1,1,1,1,Mike Hillyer,1,1.0,2005-07-30,1
7.5,17.13,1991,0.47,0.13,Shanwei,22.5,5,China,424,KYLE SPURLOCK,7.97,3,1,1,2,Jon Stephens,2,0.3333,2005-07-08,3
7.51,17.15,1988,0.47,0.13,Tangail,15.0,3,Bangladesh,21,MICHELLE CLARK,7.98,2,2,2,2,Jon Stephens,2,0.5,2005-07-28,2
7.51,4.05,1989,2.46,0.53,Dhaka,5.63,2,Bangladesh,332,STEPHEN QUALLS,9.97,3,2,2,1,Mike Hillyer,1,0.6667,2005-08-22,3
7.51,6.13,1990,1.46,0.43,Botshabelo,6.92,2,South Africa,132,ESTHER CRAWFORD,8.97,3,2,2,2,Jon Stephens,2,0.6667,2005-07-10,3
7.52,17.16,1987,0.46,0.17,Banjul,12.0,1,Gambia,584,SALVADOR TEEL,7.98,2,1,1,1,Mike Hillyer,1,0.5,2005-07-27,2
7.52,17.17,1986,0.46,0.2,Yingkou,10.0,7,China,521,ROLAND SOUTH,7.98,2,1,1,2,Jon Stephens,2,0.5,2005-07-10,2
7.52,6.13,1985,1.46,0.27,Siliguri (Shiliguri),7.5,14,India,502,BRETT CORNWELL,8.98,2,2,2,1,Mike Hillyer,1,0.5,2005-07-27,2
7.52,6.14,1984,1.46,0.4,Kitwe,5.0,1,Zambia,438,BARRY LOVELACE,8.98,2,2,2,2,Jon Stephens,2,1.0,2005-07-12,2
7.53,6.14,1982,1.46,0.3,Maikop,3.33,5,Russian Federation,346,ARTHUR SIMPKINS,8.99,1,1,1,2,Jon Stephens,2,1.0,2005-07-12,1
7.53,6.14,1983,1.46,0.3,Benguela,3.33,1,Angola,528,CLAUDE HERZOG,8.99,1,1,1,2,Jon Stephens,2,1.0,2005-07-30,1
7.53,6.26,1981,1.43,0.3,El Fuerte,13.33,4,Mexico,451,JIM REA,8.96,4,1,1,2,Jon Stephens,2,0.75,2005-08-19,4
7.55,18.44,1979,0.43,0.07,Nagaon,30.0,14,India,152,ALICIA MILLS,7.98,2,1,1,2,Jon Stephens,2,0.5,2005-08-17,2
7.55,18.44,1980,0.43,0.07,Kirovo-Tepetsk,30.0,4,Russian Federation,179,DANA HART,7.98,2,1,1,1,Mike Hillyer,1,1.0,2005-07-06,2
7.55,4.11,1974,2.43,0.57,Balikesir,3.53,4,Turkey,366,BRANDON HUEY,9.98,2,2,2,1,Mike Hillyer,1,0.5,2005-07-30,2
7.55,4.11,1975,2.43,0.53,Tabriz,3.75,1,Iran,279,DIANNE SHELTON,9.98,2,2,2,1,Mike Hillyer,1,0.5,2005-08-23,2
7.55,4.11,1976,2.43,0.43,Tonghae,4.62,1,South Korea,536,FERNANDO CHURCHILL,9.98,2,1,1,1,Mike Hillyer,1,0.5,2005-08-23,2
7.55,6.28,1977,1.43,0.33,Tonghae,6.0,3,South Korea,536,FERNANDO CHURCHILL,8.98,2,2,2,2,Jon Stephens,2,0.5,2005-07-31,2
7.55,6.28,1978,1.43,0.27,Mandi Bahauddin,7.5,1,Pakistan,223,MELINDA FERNANDEZ,8.98,2,2,2,1,Mike Hillyer,1,0.5,2005-08-23,2
7.56,18.47,1973,0.43,0.07,Ambattur,15.0,4,India,225,ARLENE HARVEY,7.99,1,1,1,1,Mike Hillyer,1,1.0,2005-07-07,1
7.56,18.48,1971,0.43,0.1,Haining,10.0,5,China,552,HUGH WALDROP,7.99,1,1,1,1,Mike Hillyer,1,1.0,2005-07-09,1
7.56,18.48,1971,0.43,0.1,Pudukkottai,10.0,1,India,421,LEE HAWKS,7.99,1,1,1,1,Mike Hillyer,1,1.0,2005-07-05,1
7.56,18.5,1969,0.43,0.13,Almirante Brown,7.5,4,Argentina,359,WILLIE MARKHAM,7.99,1,1,1,2,Jon Stephens,2,1.0,2005-07-08,1
7.56,18.5,1970,0.43,0.13,Gatineau,7.5,1,Canada,476,DERRICK BOURQUE,7.99,1,1,1,2,Jon Stephens,2,1.0,2005-07-05,1
7.56,18.51,1968,0.43,0.17,Maring,6.0,3,Brazil,246,MARIAN MENDOZA,7.99,1,1,1,1,Mike Hillyer,1,1.0,2005-07-07,1
7.56,6.29,1967,1.43,0.3,Loja,3.33,1,Ecuador,589,TRACY HERRMANN,8.99,1,1,1,2,Jon Stephens,2,1.0,2005-08-19,1
7.57,6.42,1966,1.4,0.33,Lima,9.0,1,Peru,122,THELMA MURRAY,8.97,3,2,2,2,Jon Stephens,2,0.6667,2005-07-28,3
7.58,19.98,1965,0.4,0.07,Fuzhou,30.0,4,China,281,LEONA OBRIEN,7.98,2,2,2,2,Jon Stephens,2,0.5,2005-07-08,2
7.58,20.0,1964,0.4,0.1,Tel Aviv-Jaffa,20.0,1,Israel,161,GERALDINE PERKINS,7.98,2,1,1,2,Jon Stephens,2,0.5,2005-07-07,2
7.58,6.43,1961,1.4,0.37,Zeleznogorsk,5.45,5,Russian Federation,351,JACK FOUST,8.98,2,2,2,2,Jon Stephens,2,0.5,2005-07-31,2
7.58,6.43,1962,1.4,0.37,Chandrapur,5.45,14,India,167,SALLY PIERCE,8.98,2,1,1,1,Mike Hillyer,1,1.0,2005-08-20,2
7.58,6.43,1963,1.4,0.3,Yinchuan,6.67,2,China,484,ROBERTO VU,8.98,2,1,1,2,Jon Stephens,2,1.0,2005-07-11,2
7.59,20.06,1958,0.4,0.17,Tarlac,6.0,3,Philippines,548,ALLAN CORNISH,7.99,1,1,1,1,Mike Hillyer,1,1.0,2005-07-07,1
7.59,4.17,1959,2.39,0.6,Tokat,3.33,1,Turkey,566,CASEY MENA,9.98,2,1,1,2,Jon Stephens,2,0.5,2005-08-01,2
7.59,4.17,1960,2.39,0.53,London,3.75,1,United Kingdom,512,CECIL VINES,9.98,2,1,1,2,Jon Stephens,2,0.0,2005-08-23,2
7.61,21.8,1954,0.37,0.07,Mandaluyong,30.0,1,Philippines,263,HILDA HOPKINS,7.98,2,2,2,2,Jon Stephens,2,0.0,2005-07-06,2
7.61,21.82,1953,0.37,0.1,Mysore,20.0,6,India,59,CHERYL MURPHY,7.98,2,2,2,1,Mike Hillyer,1,0.5,2005-07-07,2
7.61,6.58,1955,1.36,0.4,Vaduz,7.5,1,Liechtenstein,57,EVELYN MORGAN,8.97,3,2,2,2,Jon Stephens,2,0.0,2005-07-31,3
7.61,6.58,1956,1.36,0.33,Bhopal,9.0,15,India,15,HELEN HARRIS,8.97,3,2,2,1,Mike Hillyer,1,0.3333,2005-08-18,3
7.61,6.58,1957,1.36,0.3,Deba Habe,10.0,3,Nigeria,409,RODNEY MOELLER,8.97,3,2,2,1,Mike Hillyer,1,0.3333,2005-07-28,3
7.62,21.85,1943,0.37,0.1,Nanyang,10.0,2,China,37,PAMELA BAKER,7.99,1,1,1,2,Jon Stephens,2,1.0,2005-07-05,1
7.62,21.86,1952,0.37,0.17,Nagareyama,12.0,7,Japan,53,HEATHER MORRIS,7.98,2,1,1,2,Jon Stephens,2,0.0,2005-07-06,2
7.62,4.22,1945,2.36,0.43,Vijayawada,4.62,9,India,508,MILTON HOWLAND,9.98,2,2,2,2,Jon Stephens,2,0.5,2005-08-19,2
7.62,4.23,1944,2.36,0.67,Changhwa,3.0,2,Taiwan,75,TAMMY SANDERS,9.98,2,2,2,1,Mike Hillyer,1,1.0,2005-08-01,2
7.62,6.58,1951,1.36,0.27,Rizhao,7.5,9,China,496,TYLER WREN,8.98,2,1,1,1,Mike Hillyer,1,0.5,2005-08-21,2
7.62,6.59,1946,1.36,0.37,Amersfoort,5.45,2,Netherlands,415,GLENN PULLEN,8.98,2,1,1,1,Mike Hillyer,1,0.5,2005-08-01,2
7.62,6.59,1947,1.36,0.33,Augusta-Richmond County,6.0,5,United States,96,DIANA ALEXANDER,8.98,2,2,2,2,Jon Stephens,2,0.5,2005-07-31,2
7.62,6.59,1948,1.36,0.33,Higashiosaka,6.0,5,Japan,264,GWENDOLYN MAY,8.98,2,2,2,1,Mike Hillyer,1,1.0,2005-08-20,2
7.62,6.59,1949,1.36,0.3,Syktyvkar,6.67,5,Russian Federation,428,HERBERT KRUGER,8.98,2,2,2,2,Jon Stephens,2,0.5,2005-07-31,2
7.62,6.59,1950,1.36,0.3,Serpuhov,6.67,3,Russian Federation,567,ALFREDO MCADAMS,8.98,2,1,1,2,Jon Stephens,2,0.5,2005-08-22,2
7.63,21.89,1942,0.36,0.17,Bradford,6.0,4,United Kingdom,85,ANNE POWELL,7.99,1,1,1,2,Jon Stephens,2,1.0,2005-07-30,1
7.63,6.59,1941,1.36,0.33,Daugavpils,3.0,1,Latvia,347,RYAN SALISBURY,8.99,1,1,1,2,Jon Stephens,2,1.0,2005-08-17,1
7.64,4.28,1939,2.33,0.47,Avellaneda,6.43,4,Argentina,560,JORDAN ARCHULETA,9.97,3,2,2,1,Mike Hillyer,1,0.3333,2005-08-21,3
7.64,6.74,1940,1.33,0.3,Ashgabat,10.0,1,Turkmenistan,200,JEANNE LAWSON,8.97,3,2,2,1,Mike Hillyer,1,0.3333,2005-07-11,3
7.65,23.99,1936,0.33,0.07,Ivanovo,30.0,2,Russian Federation,106,CONNIE WALLACE,7.98,2,2,2,2,Jon Stephens,2,0.0,2005-07-07,2
7.65,23.99,1936,0.33,0.07,Livorno,30.0,3,Italy,541,DARREN WINDHAM,7.98,2,2,2,2,Jon Stephens,2,0.5,2005-07-09,2
7.65,23.99,1936,0.33,0.07,Tanauan,30.0,1,Philippines,373,LOUIS LEONE,7.98,2,1,1,2,Jon Stephens,2,1.0,2005-07-06,2
7.65,24.04,1935,0.33,0.13,Adana,15.0,1,Turkey,327,LARRY THRASHER,7.98,2,2,2,1,Mike Hillyer,1,0.5,2005-08-17,2
7.65,4.29,1930,2.33,0.57,Arecibo,3.53,1,Puerto Rico,360,RALPH MADRIGAL,9.98,2,1,1,2,Jon Stephens,2,0.5,2005-08-02,2
7.65,6.75,1931,1.33,0.33,A Corua (La Corua),6.0,2,Spain,52,JULIE SANCHEZ,8.98,2,1,1,2,Jon Stephens,2,1.0,2005-07-31,2
7.65,6.75,1932,1.33,0.33,Valle de la Pascua,6.0,1,Venezuela,290,KRISTINA CHAMBERS,8.98,2,1,1,2,Jon Stephens,2,0.5,2005-08-18,2
7.65,6.75,1933,1.33,0.3,Bhimavaram,6.67,10,India,529,ERIK GUILLEN,8.98,2,2,2,2,Jon Stephens,2,0.5,2005-08-19,2
7.65,6.75,1934,1.33,0.23,Ife,8.57,2,Nigeria,80,MARILYN ROSS,8.98,2,1,1,2,Jon Stephens,2,1.0,2005-07-09,2
7.66,24.04,1929,0.33,0.1,Bhopal,10.0,9,India,15,HELEN HARRIS,7.99,1,1,1,1,Mike Hillyer,1,1.0,2005-07-06,1
7.66,6.76,1928,1.33,0.3,Kuching,3.33,1,Malaysia,58,JEAN BELL,8.99,1,1,1,2,Jon Stephens,2,1.0,2005-08-18,1
7.67,6.91,1927,1.3,0.27,Iwakuni,11.25,7,Japan,54,TERESA ROGERS,8.97,3,2,2,2,Jon Stephens,2,0.0,2005-08-19,3
7.68,26.66,1926,0.3,0.07,Gorontalo,30.0,6,Indonesia,203,TARA RYAN,7.98,2,2,2,1,Mike Hillyer,1,0.5,2005-07-28,2
7.68,4.35,1917,2.3,0.43,Goinia,4.62,4,Brazil,92,TINA SIMMONS,9.98,2,1,1,1,Mike Hillyer,1,0.0,2005-07-30,2
7.68,6.92,1924,1.3,0.3,Avellaneda,6.67,3,Argentina,560,JORDAN ARCHULETA,8.98,2,2,2,2,Jon Stephens,2,0.5,2005-07-29,2
7.68,6.92,1925,1.3,0.2,Pangkal Pinang,10.0,4,Indonesia,542,LONNIE TIRADO,8.98,2,2,2,2,Jon Stephens,2,0.5,2005-07-29,2
7.68,6.93,1918,1.3,0.37,Madiun,5.45,3,Indonesia,500,REGINALD KINDER,8.98,2,2,2,2,Jon Stephens,2,1.0,2005-08-02,2
7.68,6.93,1918,1.3,0.37,Yaound,5.45,1,Cameroon,361,LAWRENCE LAWTON,8.98,2,1,1,2,Jon Stephens,2,1.0,2005-08-18,2
7.68,6.93,1918,1.3,0.37,al-Ayn,5.45,1,United Arab Emirates,98,LILLIAN GRIFFIN,8.98,2,1,1,1,Mike Hillyer,1,0.5,2005-08-17,2
7.68,6.93,1921,1.3,0.37,Valle de la Pascua,5.45,2,Venezuela,290,KRISTINA CHAMBERS,8.98,2,1,1,1,Mike Hillyer,1,0.5,2005-07-30,2
7.68,6.93,1922,1.3,0.33,Kolpino,6.0,7,Russian Federation,295,DAISY BATES,8.98,2,2,2,1,Mike Hillyer,1,0.5,2005-07-28,2
7.68,6.93,1923,1.3,0.33,Warren,6.0,5,United States,276,BRANDY GRAVES,8.98,2,2,2,2,Jon Stephens,2,0.5,2005-08-17,2
7.69,26.72,1915,0.3,0.1,Santiago de Compostela,10.0,2,Spain,549,NELSON CHRISTENSON,7.99,1,1,1,1,Mike Hillyer,1,1.0,2005-07-27,1
7.69,4.35,1916,2.29,0.53,Toulouse,3.75,1,France,35,VIRGINIA GREEN,9.98,2,1,1,1,Mike Hillyer,1,1.0,2005-08-02,2
7.69,6.93,1913,1.3,0.33,Ilorin,3.0,5,Nigeria,103,GLADYS HAMILTON,8.99,1,1,1,2,Jon Stephens,2,1.0,2005-08-22,1
7.69,6.93,1914,1.3,0.27,Jedda,3.75,1,Saudi Arabia,49,JOYCE EDWARDS,8.99,1,1,1,2,Jon Stephens,2,1.0,2005-07-28,1
7.71,4.41,1912,2.26,0.43,Valparai,6.92,9,India,403,MIKE WAY,9.97,3,2,2,1,Mike Hillyer,1,0.3333,2005-08-17,3
7.72,30.08,1905,0.27,0.1,Sivas,10.0,2,Turkey,518,GABRIEL HARDER,7.99,1,1,1,2,Jon Stephens,2,1.0,2005-07-07,1
7.72,4.41,1906,2.26,0.43,Aden,4.62,1,Yemen,210,ELLA OLIVER,9.98,2,1,1,2,Jon Stephens,2,0.5,2005-08-23,2
7.72,7.11,1907,1.26,0.33,Bergamo,6.0,3,Italy,439,ALEXANDER FENNELL,8.98,2,2,2,2,Jon Stephens,2,1.0,2005-08-18,2
7.72,7.11,1908,1.26,0.33,Nakhon Sawan,6.0,1,Thailand,390,SHAWN HEATON,8.98,2,2,2,2,Jon Stephens,2,0.5,2005-07-30,2
7.72,7.11,1909,1.26,0.3,Amroha,6.67,13,India,534,CHRISTIAN JUNG,8.98,2,2,2,1,Mike Hillyer,1,0.5,2005-08-18,2
7.72,7.11,1909,1.26,0.3,Bergamo,6.67,1,Italy,439,ALEXANDER FENNELL,8.98,2,2,2,1,Mike Hillyer,1,0.5,2005-07-10,2
7.72,7.11,1909,1.26,0.3,Parbhani,6.67,13,India,300,JOHN FARNSWORTH,8.98,2,1,1,2,Jon Stephens,2,1.0,2005-08-18,2
7.73,7.11,1904,1.26,0.23,El Fuerte,4.29,4,Mexico,451,JIM REA,8.99,1,1,1,2,Jon Stephens,2,1.0,2005-08-01,1
7.74,7.28,1903,1.23,0.2,Ambattur,15.0,8,India,225,ARLENE HARVEY,8.97,3,2,2,2,Jon Stephens,2,0.3333,2005-07-11,3
7.74,7.29,1901,1.23,0.33,Joliet,9.0,8,United States,504,NATHANIEL ADAM,8.97,3,2,2,2,Jon Stephens,2,0.0,2005-08-19,3
7.74,7.29,1902,1.23,0.33,Abu Dhabi,9.0,1,United Arab Emirates,452,TOM MILNER,8.97,3,2,2,2,Jon Stephens,2,0.0,2005-07-07,3
7.75,3.4,1887,3.23,0.63,Apeldoorn,3.16,1,Netherlands,137,RHONDA KENNEDY,10.98,2,1,1,2,Jon Stephens,2,0.5,2005-08-01,2
7.75,4.48,1888,2.23,0.5,Effon-Alaiye,4.0,1,Nigeria,286,VELMA LUCAS,9.98,2,2,2,2,Jon Stephens,2,1.0,2005-07-31,2
7.75,4.48,1889,2.23,0.43,Qomsheh,4.62,1,Iran,459,TOMMY COLLAZO,9.98,2,1,1,1,Mike Hillyer,1,0.5,2005-07-30,2
7.75,7.29,1900,1.23,0.23,Onomichi,8.57,4,Japan,337,JERRY JORDON,8.98,2,2,2,2,Jon Stephens,2,0.5,2005-07-11,2
7.75,7.3,1890,1.23,0.37,Lincoln,5.45,7,United States,63,ASHLEY RICHARDSON,8.98,2,1,1,1,Mike Hillyer,1,0.5,2005-08-19,2
7.75,7.3,1891,1.23,0.37,Abu Dhabi,5.45,2,United Arab Emirates,452,TOM MILNER,8.98,2,2,2,2,Jon Stephens,2,1.0,2005-07-30,2
7.75,7.3,1892,1.23,0.37,Zaoyang,5.45,9,China,514,FRANKLIN TROUTMAN,8.98,2,1,1,1,Mike Hillyer,1,0.5,2005-08-23,2
7.75,7.3,1893,1.23,0.33,Anpolis,6.0,4,Brazil,229,TAMARA NGUYEN,8.98,2,1,1,2,Jon Stephens,2,0.5,2005-07-28,2
7.75,7.3,1894,1.23,0.3,al-Manama,6.67,1,Bahrain,590,SETH HANNON,8.98,2,2,2,1,Mike Hillyer,1,0.5,2005-07-28,2
7.75,7.3,1895,1.23,0.3,Dallas,6.67,5,United States,400,BRYAN HARDISON,8.98,2,2,2,1,Mike Hillyer,1,0.5,2005-08-17,2
7.75,7.3,1895,1.23,0.3,London,6.67,2,United Kingdom,512,CECIL VINES,8.98,2,1,1,2,Jon Stephens,2,0.5,2005-08-01,2
7.75,7.3,1897,1.23,0.27,Zapopan,7.5,4,Mexico,465,FLOYD GANDY,8.98,2,2,2,2,Jon Stephens,2,0.5,2005-08-23,2
7.75,7.3,1898,1.23,0.27,Jalib al-Shuyukh,7.5,1,Kuwait,234,CLAUDIA FULLER,8.98,2,2,2,1,Mike Hillyer,1,0.5,2005-07-08,2
7.75,7.3,1899,1.23,0.27,Valencia,7.5,2,Venezuela,539,MATHEW BOLIN,8.98,2,1,1,2,Jon Stephens,2,1.0,2005-08-20,2
7.76,34.29,1886,0.23,0.03,Gulbarga,30.0,4,India,370,WAYNE TRUONG,7.99,1,1,1,2,Jon Stephens,2,1.0,2005-07-07,1
7.76,34.34,1884,0.23,0.07,Okinawa,15.0,10,Japan,365,BRUCE SCHWARZ,7.99,1,1,1,1,Mike Hillyer,1,1.0,2005-07-27,1
7.76,34.34,1885,0.23,0.07,Yantai,15.0,7,China,272,KAY CALDWELL,7.99,1,1,1,2,Jon Stephens,2,1.0,2005-07-27,1
7.76,34.39,1883,0.23,0.1,Patiala,10.0,1,India,296,RAMONA HALE,7.99,1,1,1,2,Jon Stephens,2,1.0,2005-07-05,1
7.76,34.44,1882,0.23,0.13,Pune,7.5,5,India,135,JUANITA MASON,7.99,1,1,1,2,Jon Stephens,2,1.0,2005-07-09,1
7.76,7.3,1880,1.23,0.27,Sokoto,3.75,3,Nigeria,562,WALLACE SLONE,8.99,1,1,1,1,Mike Hillyer,1,1.0,2005-07-12,1
7.76,7.3,1881,1.23,0.23,Jelets,4.29,5,Russian Federation,100,ROBIN HAYES,8.99,1,1,1,1,Mike Hillyer,1,1.0,2005-07-08,1
7.77,7.49,1878,1.2,0.27,Cheju,11.25,5,South Korea,88,BONNIE HUGHES,8.97,3,2,2,1,Mike Hillyer,1,0.3333,2005-07-29,3
7.77,7.49,1879,1.2,0.27,Zhoushan,11.25,18,China,550,GUY BROWNLEE,8.97,3,2,2,2,Jon Stephens,2,0.6667,2005-07-31,3
7.77,7.5,1877,1.2,0.37,Monclova,8.18,6,Mexico,570,IVAN CROMWELL,8.97,3,2,2,2,Jon Stephens,2,0.0,2005-07-31,3
7.78,4.55,1871,2.2,0.47,Sumqayit,4.29,1,Azerbaijan,334,RAYMOND MCWHORTER,9.98,2,2,2,2,Jon Stephens,2,1.0,2005-08-02,2
7.78,40.1,1876,0.2,0.1,Ezeiza,20.0,4,Argentina,530,DARRYL ASHCRAFT,7.98,2,1,1,2,Jon Stephens,2,0.0,2005-07-06,2
7.78,40.17,1875,0.2,0.13,Yingkou,15.0,7,China,521,ROLAND SOUTH,7.98,2,2,2,2,Jon Stephens,2,0.5,2005-07-09,2
7.78,7.5,1872,1.2,0.33,Banjul,6.0,1,Gambia,584,SALVADOR TEEL,8.98,2,2,2,2,Jon Stephens,2,0.5,2005-07-31,2
7.78,7.5,1873,1.2,0.33,Firozabad,6.0,12,India,192,LAURIE LAWRENCE,8.98,2,2,2,1,Mike Hillyer,1,0.5,2005-08-01,2
7.78,7.5,1874,1.2,0.27,Sunnyvale,7.5,6,United States,214,KRISTIN JOHNSTON,8.98,2,2,2,2,Jon Stephens,2,0.5,2005-08-01,2
7.79,4.55,1870,2.19,0.6,Nantou,3.33,3,Taiwan,5,ELIZABETH BROWN,9.98,2,2,2,1,Mike Hillyer,1,0.5,2005-08-02,2
7.79,40.08,1869,0.2,0.07,Florencia,15.0,2,Colombia,460,LEON BOSTIC,7.99,1,1,1,1,Mike Hillyer,1,1.0,2005-07-07,1
7.79,7.51,1867,1.2,0.3,La Romana,3.33,1,Dominican Republic,437,RANDALL NEUMANN,8.99,1,1,1,2,Jon Stephens,2,1.0,2005-07-31,1
7.79,7.51,1868,1.2,0.27,Stara Zagora,3.75,2,Bulgaria,215,JESSIE BANKS,8.99,1,1,1,2,Jon Stephens,2,1.0,2005-07-11,1
7.81,4.61,1866,2.16,0.43,Zanzibar,6.92,2,Tanzania,220,CHARLENE ALVAREZ,9.97,3,1,1,1,Mike Hillyer,1,0.6667,2005-08-02,3
7.81,47.98,1865,0.17,0.03,Gijn,60.0,2,Spain,394,CHRIS BROTHERS,7.98,2,2,2,1,Mike Hillyer,1,0.5,2005-07-06,2
7.82,48.23,1860,0.17,0.1,Enshi,10.0,12,China,110,TIFFANY JORDAN,7.99,1,1,1,1,Mike Hillyer,1,1.0,2005-08-17,1
7.82,7.71,1863,1.16,0.27,Junan,7.5,16,China,435,RICKY SHELBY,8.98,2,2,2,2,Jon Stephens,2,1.0,2005-07-31,2
7.82,7.71,1864,1.16,0.23,Loja,8.57,1,Ecuador,589,TRACY HERRMANN,8.98,2,1,1,2,Jon Stephens,2,0.5,2005-07-11,2
7.82,7.72,1861,1.16,0.37,Cianjur,5.45,6,Indonesia,411,NORMAN CURRIER,8.98,2,2,2,1,Mike Hillyer,1,0.5,2005-08-21,2
7.82,7.72,1862,1.16,0.33,Tel Aviv-Jaffa,6.0,1,Israel,161,GERALDINE PERKINS,8.98,2,2,2,1,Mike Hillyer,1,0.5,2005-08-21,2
7.83,7.72,1858,1.16,0.23,Korolev,4.29,1,Russian Federation,393,PHILIP CAUSEY,8.99,1,1,1,1,Mike Hillyer,1,1.0,2005-07-26,1
7.83,7.72,1858,1.16,0.23,Siliguri (Shiliguri),4.29,1,India,502,BRETT CORNWELL,8.99,1,1,1,2,Jon Stephens,2,1.0,2005-07-26,1
7.84,4.69,1856,2.13,0.57,Nuuk,5.29,1,Greenland,207,GERTRUDE CASTILLO,9.97,3,2,2,2,Jon Stephens,2,0.3333,2005-08-02,3
7.84,60.23,1857,0.13,0.1,Bhimavaram,30.0,8,India,529,ERIK GUILLEN,7.97,3,1,1,2,Jon Stephens,2,0.6667,2005-07-07,3
7.85,7.94,1848,1.13,0.3,Santo Andr,6.67,6,Brazil,354,JUSTIN NGO,8.98,2,2,2,1,Mike Hillyer,1,0.5,2005-07-10,2
7.85,7.94,1849,1.13,0.27,Bern,7.5,1,Switzerland,155,GAIL KNIGHT,8.98,2,2,2,1,Mike Hillyer,1,0.5,2005-07-31,2
7.85,7.94,1850,1.13,0.27,Citrus Heights,7.5,6,United States,14,BETTY WHITE,8.98,2,2,2,2,Jon Stephens,2,0.5,2005-07-29,2
7.85,7.94,1850,1.13,0.27,Mardan,7.5,2,Pakistan,20,SHARON ROBINSON,8.98,2,1,1,2,Jon Stephens,2,0.5,2005-07-30,2
7.85,7.94,1852,1.13,0.23,Coacalco de Berriozbal,8.57,5,Mexico,247,STELLA MORENO,8.98,2,1,1,1,Mike Hillyer,1,1.0,2005-08-01,2
7.85,7.94,1852,1.13,0.23,Tabriz,8.57,2,Iran,279,DIANNE SHELTON,8.98,2,1,1,2,Jon Stephens,2,0.5,2005-07-31,2
7.85,7.94,1854,1.13,0.2,Sincelejo,10.0,1,Colombia,87,WANDA PATTERSON,8.98,2,2,2,2,Jon Stephens,2,1.0,2005-07-10,2
7.85,7.94,1855,1.13,0.2,Bamenda,10.0,1,Cameroon,352,ALBERT CROUSE,8.98,2,1,1,1,Mike Hillyer,1,1.0,2005-07-28,2
7.86,7.95,1845,1.13,0.3,Battambang,3.33,1,Cambodia,516,ELMER NOE,8.99,1,1,1,1,Mike Hillyer,1,1.0,2005-08-19,1
7.86,7.95,1846,1.13,0.27,Ahmadnagar,3.75,7,India,297,SHERRI RHODES,8.99,1,1,1,1,Mike Hillyer,1,1.0,2005-07-10,1
7.86,7.95,1846,1.13,0.27,Coatzacoalcos,3.75,4,Mexico,482,MAURICE CRAWLEY,8.99,1,1,1,1,Mike Hillyer,1,1.0,2005-07-11,1
7.87,8.18,1843,1.1,0.33,Augusta-Richmond County,9.0,5,United States,96,DIANA ALEXANDER,8.97,3,1,1,1,Mike Hillyer,1,0.3333,2005-07-10,3
7.87,8.18,1844,1.1,0.3,Alvorada,10.0,10,Brazil,551,CLAYTON BARBEE,8.97,3,2,2,2,Jon Stephens,2,0.0,2005-08-21,3
7.88,4.76,1833,2.1,0.43,Onomichi,4.62,8,Japan,337,JERRY JORDON,9.98,2,2,2,1,Mike Hillyer,1,0.0,2005-08-22,2
7.88,8.18,1836,1.1,0.27,Hiroshima,7.5,3,Japan,299,JAMES GANNON,8.98,2,2,2,1,Mike Hillyer,1,0.5,2005-07-07,2
7.88,8.18,1836,1.1,0.27,Valle de la Pascua,7.5,2,Venezuela,290,KRISTINA CHAMBERS,8.98,2,2,2,2,Jon Stephens,2,1.0,2005-07-09,2
7.88,8.18,1838,1.1,0.27,Adoni,7.5,17,India,367,ADAM GOOCH,8.98,2,1,1,1,Mike Hillyer,1,0.5,2005-07-30,2
7.88,8.18,1838,1.1,0.27,Sanya,7.5,14,China,546,KELLY KNOTT,8.98,2,1,1,1,Mike Hillyer,1,0.0,2005-07-30,1
7.88,8.18,1840,1.1,0.2,Shubra al-Khayma,10.0,1,Egypt,119,SHERRY MARSHALL,8.98,2,2,2,2,Jon Stephens,2,0.5,2005-07-11,2
7.88,8.19,1834,1.1,0.3,Patras,6.67,1,Greece,596,ENRIQUE FORSYTHE,8.98,2,1,1,1,Mike Hillyer,1,0.5,2005-08-20,2
7.88,8.19,1834,1.1,0.3,Sousse,6.67,1,Tunisia,335,GREGORY MAULDIN,8.98,2,1,1,1,Mike Hillyer,1,0.5,2005-07-12,2
7.88,80.07,1842,0.1,0.03,Santiago de Compostela,60.0,2,Spain,549,NELSON CHRISTENSON,7.98,2,1,1,2,Jon Stephens,2,0.0,2005-07-06,2
7.88,80.34,1841,0.1,0.07,Balikesir,30.0,4,Turkey,366,BRANDON HUEY,7.98,2,2,2,1,Mike Hillyer,1,0.5,2005-07-06,2
7.89,4.77,1832,2.09,0.57,Nantou,3.53,1,Taiwan,5,ELIZABETH BROWN,9.98,2,2,2,2,Jon Stephens,2,0.5,2005-08-21,2
7.89,8.19,1828,1.1,0.23,San Lorenzo,4.29,1,Paraguay,345,CARL ARTIS,8.99,1,1,1,2,Jon Stephens,2,1.0,2005-07-29,1
7.89,8.19,1829,1.1,0.2,Nam Dinh,5.0,2,Vietnam,472,GREG ROBINS,8.99,1,1,1,2,Jon Stephens,2,1.0,2005-08-19,1
7.89,8.19,1829,1.1,0.2,Ruse,5.0,1,Bulgaria,540,TYRONE ASHER,8.99,1,1,1,2,Jon Stephens,2,1.0,2005-08-17,1
7.89,8.2,1826,1.1,0.33,Olomouc,3.0,1,Czech Republic,265,JENNIE TERRY,8.99,1,1,1,2,Jon Stephens,2,1.0,2005-08-20,1
7.89,8.2,1827,1.1,0.33,Bradford,3.0,2,United Kingdom,85,ANNE POWELL,8.99,1,1,1,2,Jon Stephens,2,1.0,2005-08-02,1
7.89,80.17,1831,0.1,0.03,Dhule (Dhulia),30.0,8,India,440,BERNARD COLBY,7.99,1,1,1,1,Mike Hillyer,1,1.0,2005-07-08,1
7.91,4.83,1824,2.06,0.4,ostka,7.5,1,Ukraine,475,PEDRO CHESTNUT,9.97,3,2,2,2,Jon Stephens,2,0.6667,2005-07-31,3
7.91,8.43,1825,1.06,0.27,Rio Claro,11.25,7,Brazil,74,DENISE KELLY,8.97,3,2,2,2,Jon Stephens,2,0.6667,2005-08-20,3
7.92,120.45,1815,0.07,0.03,Ktahya,30.0,2,Turkey,124,SHEILA WELLS,7.99,1,1,1,1,Mike Hillyer,1,1.0,2005-07-07,1
7.92,121.06,1814,0.07,0.07,Gaziantep,15.0,3,Turkey,480,COREY HAUSER,7.99,1,1,1,2,Jon Stephens,2,1.0,2005-07-06,1
7.92,4.84,1816,2.06,0.53,Iwatsuki,3.75,8,Japan,396,EARL SHANKS,9.98,2,2,2,2,Jon Stephens,2,1.0,2005-08-22,2
7.92,4.84,1817,2.06,0.47,Nabereznyje Telny,4.29,7,Russian Federation,447,CLIFFORD BOWENS,9.98,2,2,2,2,Jon Stephens,2,0.5,2005-08-23,2
7.92,4.84,1818,2.06,0.43,Ourense (Orense),4.62,1,Spain,469,WESLEY BULL,9.98,2,2,2,1,Mike Hillyer,1,0.5,2005-07-28,2
7.92,8.44,1821,1.06,0.3,Tambaram,6.67,16,India,287,BECKY MILES,8.98,2,2,2,1,Mike Hillyer,1,1.0,2005-07-31,2
7.92,8.44,1822,1.06,0.27,guas Lindas de Gois,7.5,3,Brazil,130,CHARLOTTE HUNTER,8.98,2,1,1,2,Jon Stephens,2,1.0,2005-08-01,2
7.92,8.44,1823,1.06,0.27,Augusta-Richmond County,7.5,9,United States,96,DIANA ALEXANDER,8.98,2,2,2,1,Mike Hillyer,1,0.5,2005-07-30,2
7.92,8.45,1819,1.06,0.37,Mogiljov,5.45,2,Belarus,527,CORY MEEHAN,8.98,2,1,1,1,Mike Hillyer,1,0.5,2005-08-02,2
7.92,8.45,1820,1.06,0.33,Eskisehir,6.0,4,Turkey,507,EDGAR RHOADS,8.98,2,1,1,1,Mike Hillyer,1,1.0,2005-07-11,2
7.93,8.45,1808,1.06,0.3,Vitria de Santo Anto,3.33,9,Brazil,374,JEREMY HURTADO,8.99,1,1,1,2,Jon Stephens,2,1.0,2005-08-21,1
7.93,8.45,1809,1.06,0.3,Sharja,3.33,1,United Arab Emirates,292,MISTY LAMBERT,8.99,1,1,1,1,Mike Hillyer,1,1.0,2005-07-11,1
7.93,8.45,1810,1.06,0.27,Akron,3.75,3,United States,479,ZACHARY HITE,8.99,1,1,1,2,Jon Stephens,2,1.0,2005-07-07,1
7.93,8.45,1810,1.06,0.27,Etawah,3.75,10,India,121,JOSEPHINE GOMEZ,8.99,1,1,1,2,Jon Stephens,2,1.0,2005-08-17,1
7.93,8.45,1812,1.06,0.23,Birgunj,4.29,1,Nepal,321,KEVIN SCHULER,8.99,1,1,1,2,Jon Stephens,2,1.0,2005-07-10,1
7.93,8.45,1812,1.06,0.23,Pereira,4.29,2,Colombia,180,STACY CUNNINGHAM,8.99,1,1,1,1,Mike Hillyer,1,1.0,2005-08-18,1
7.94,4.91,1807,2.03,0.43,Yangor,6.92,1,Nauru,513,DUANE TUBBS,9.97,3,2,2,1,Mike Hillyer,1,0.6667,2005-08-02,3
7.95,8.7,1806,1.03,0.17,Mysore,12.0,10,India,59,CHERYL MURPHY,8.98,2,2,2,2,Jon Stephens,2,1.0,2005-08-19,2
7.95,8.71,1803,1.03,0.27,Bellevue,7.5,11,United States,212,WILMA RICHARDS,8.98,2,2,2,2,Jon Stephens,2,0.5,2005-08-21,2
7.95,8.71,1804,1.03,0.27,Bayugan,7.5,4,Philippines,188,MELANIE ARMSTRONG,8.98,2,1,1,1,Mike Hillyer,1,1.0,2005-08-20,2
7.95,8.71,1805,1.03,0.2,Mosul,10.0,1,Iraq,579,DARYL LARUE,8.98,2,1,1,2,Jon Stephens,2,1.0,2005-07-12,2
7.95,8.72,1801,1.03,0.3,Ezeiza,6.67,3,Argentina,530,DARRYL ASHCRAFT,8.98,2,1,1,2,Jon Stephens,2,1.0,2005-08-01,2
7.95,8.72,1801,1.03,0.3,Kumbakonam,6.67,12,India,271,PENNY NEAL,8.98,2,2,2,1,Mike Hillyer,1,1.0,2005-08-01,2
7.96,8.72,1797,1.03,0.27,Xiangtan,3.75,9,China,67,KELLY TORRES,8.99,1,1,1,1,Mike Hillyer,1,1.0,2005-08-02,1
7.96,8.72,1798,1.03,0.27,Kimchon,3.75,1,South Korea,99,EMILY DIAZ,8.99,1,1,1,2,Jon Stephens,2,1.0,2005-08-19,1
7.96,8.72,1799,1.03,0.23,Oulu,4.29,1,Finland,298,ERIKA PENA,8.99,1,1,1,1,Mike Hillyer,1,1.0,2005-08-18,1
7.96,8.72,1800,1.03,0.23,Rampur,4.29,12,India,336,JOSHUA MARK,8.99,1,1,1,1,Mike Hillyer,1,1.0,2005-08-18,1
7.96,8.73,1796,1.03,0.3,Kragujevac,3.33,1,Yugoslavia,7,MARIA MILLER,8.99,1,1,1,1,Mike Hillyer,1,1.0,2005-07-09,1
7.97,5.0,1795,2.0,0.43,Varanasi (Benares),6.92,9,India,123,SHANNON FREEMAN,9.97,3,2,2,2,Jon Stephens,2,0.3333,2005-08-23,3
7.98,5.0,1787,2.0,0.37,Jedda,5.45,1,Saudi Arabia,49,JOYCE EDWARDS,9.98,2,1,1,1,Mike Hillyer,1,0.5,2005-07-31,2
7.98,8.99,1794,1.0,0.17,Pudukkottai,12.0,14,India,421,LEE HAWKS,8.98,2,1,1,2,Jon Stephens,2,0.5,2005-07-27,2
7.98,9.0,1788,1.0,0.27,Pemalang,7.5,2,Indonesia,116,VICTORIA GIBSON,8.98,2,2,2,1,Mike Hillyer,1,0.5,2005-08-19,2
7.98,9.0,1789,1.0,0.23,Kanazawa,8.57,6,Japan,547,KURT EMMONS,8.98,2,1,1,1,Mike Hillyer,1,1.0,2005-07-28,2
7.98,9.0,1790,1.0,0.2,Iwakuni,10.0,8,Japan,54,TERESA ROGERS,8.98,2,2,2,2,Jon Stephens,2,0.5,2005-08-18,2
7.98,9.0,1791,1.0,0.2,Chatsworth,10.0,2,South Africa,555,DWIGHT LOMBARDI,8.98,2,1,1,1,Mike Hillyer,1,0.5,2005-08-02,2
7.98,9.0,1792,1.0,0.2,Augusta-Richmond County,10.0,5,United States,96,DIANA ALEXANDER,8.98,2,2,2,1,Mike Hillyer,1,1.0,2005-08-17,2
7.98,9.0,1792,1.0,0.2,Rajkot,10.0,7,India,554,DWAYNE OLVERA,8.98,2,1,1,1,Mike Hillyer,1,0.5,2005-07-11,2
7.99,3.67,1786,2.99,0.63,San Bernardino,3.16,8,United States,2,PATRICIA JOHNSON,10.98,2,2,2,2,Jon Stephens,2,0.5,2005-08-21,2
7.99,9.01,1784,1.0,0.23,Abha,4.29,1,Saudi Arabia,101,PEGGY MYERS,8.99,1,1,1,2,Jon Stephens,2,1.0,2005-07-28,1
7.99,9.01,1785,1.0,0.17,Pangkal Pinang,6.0,4,Indonesia,542,LONNIE TIRADO,8.99,1,1,1,2,Jon Stephens,2,1.0,2005-07-28,1
7.99,9.02,1783,1.0,0.3,Linz,3.33,1,Austria,159,JILL HAWKINS,8.99,1,1,1,2,Jon Stephens,2,1.0,2005-08-21,1
8.01,9.3,1781,0.96,0.27,Izumisano,11.25,5,Japan,391,CLARENCE GAMEZ,8.97,3,2,2,1,Mike Hillyer,1,0.6667,2005-07-30,3
8.01,9.3,1782,0.96,0.23,Bergamo,12.86,2,Italy,439,ALEXANDER FENNELL,8.97,3,2,2,2,Jon Stephens,2,0.0,2005-07-29,3
8.02,5.08,1776,1.96,0.37,Skikda,5.45,2,Algeria,176,JUNE CARROLL,9.98,2,1,1,1,Mike Hillyer,1,0.5,2005-07-11,2
8.02,5.08,1777,1.96,0.33,Southampton,6.0,1,United Kingdom,583,MARSHALL THORN,9.98,2,2,2,2,Jon Stephens,2,1.0,2005-07-31,2
8.02,5.09,1774,1.96,0.53,Bilbays,3.75,1,Egypt,559,EVERETT BANDA,9.98,2,2,2,1,Mike Hillyer,1,0.0,2005-08-23,2
8.02,5.09,1775,1.96,0.43,Binzhou,4.62,9,China,533,JESSIE MILAM,9.98,2,1,1,1,Mike Hillyer,1,0.5,2005-08-01,2
8.02,9.31,1780,0.96,0.23,Ogbomosho,8.57,2,Nigeria,277,OLGA JIMENEZ,8.98,2,1,1,2,Jon Stephens,2,0.5,2005-07-06,2
8.02,9.32,1778,0.96,0.27,Bergamo,7.5,3,Italy,439,ALEXANDER FENNELL,8.98,2,2,2,1,Mike Hillyer,1,0.5,2005-08-17,2
8.02,9.32,1779,0.96,0.27,Tandil,7.5,3,Argentina,405,LEONARD SCHOFIELD,8.98,2,2,2,1,Mike Hillyer,1,0.5,2005-07-09,2
8.03,3.74,1772,2.93,0.53,Bijapur,7.5,7,India,468,TIM CARY,10.96,4,2,2,2,Jon Stephens,2,0.25,2005-08-23,4
8.03,9.32,1773,0.96,0.23,Jining,4.29,6,China,594,EDUARDO HIATT,8.99,1,1,1,1,Mike Hillyer,1,1.0,2005-07-27,1
8.04,5.17,1767,1.93,0.43,Sumqayit,6.92,1,Azerbaijan,334,RAYMOND MCWHORTER,9.97,3,2,2,1,Mike Hillyer,1,0.3333,2005-08-23,3
8.04,5.17,1768,1.93,0.4,Mwanza,7.5,1,Tanzania,481,HERMAN DEVORE,9.97,3,2,2,1,Mike Hillyer,1,0.3333,2005-08-20,3
8.04,5.17,1768,1.93,0.4,Olomouc,7.5,1,Czech Republic,265,JENNIE TERRY,9.97,3,2,2,2,Jon Stephens,2,0.3333,2005-07-29,3
8.04,9.63,1770,0.93,0.2,Sanaa,15.0,3,Yemen,303,WILLIAM SATTERFIELD,8.97,3,2,2,2,Jon Stephens,2,0.3333,2005-07-29,3
8.04,9.63,1771,0.93,0.2,Kansas City,15.0,7,United States,308,THOMAS GRIGSBY,8.97,3,2,2,1,Mike Hillyer,1,0.0,2005-08-01,3
8.05,5.18,1762,1.93,0.6,Pyongyang,3.33,1,North Korea,157,DARLENE ROSE,9.98,2,1,1,2,Jon Stephens,2,0.5,2005-08-02,2
8.05,5.18,1763,1.93,0.5,Haldia,4.0,9,India,186,HOLLY FOX,9.98,2,1,1,2,Jon Stephens,2,0.0,2005-08-21,2
8.05,9.64,1765,0.93,0.2,Papeete,10.0,1,French Polynesia,56,GLORIA COOK,8.98,2,2,2,2,Jon Stephens,2,0.5,2005-07-28,2
8.05,9.64,1766,0.93,0.17,Balaiha,12.0,5,Russian Federation,55,DORIS REED,8.98,2,1,1,2,Jon Stephens,2,0.5,2005-07-31,2
8.05,9.65,1764,0.93,0.27,Cuman,7.5,1,Venezuela,113,CINDY FISHER,8.98,2,1,1,2,Jon Stephens,2,1.0,2005-07-27,2
8.07,9.99,1761,0.9,0.2,Tarsus,15.0,5,Turkey,164,JOANN GARDNER,8.97,3,2,2,2,Jon Stephens,2,0.3333,2005-07-12,3
8.08,10.0,1757,0.9,0.23,Hoshiarpur,8.57,12,India,412,ALLEN BUTTERFIELD,8.98,2,2,2,1,Mike Hillyer,1,0.5,2005-08-01,2
8.08,10.0,1757,0.9,0.23,Kermanshah,8.57,2,Iran,377,HOWARD FORTNER,8.98,2,1,1,2,Jon Stephens,2,1.0,2005-07-30,2
8.08,10.0,1759,0.9,0.2,Pereira,10.0,2,Colombia,180,STACY CUNNINGHAM,8.98,2,1,1,2,Jon Stephens,2,1.0,2005-07-29,2
8.08,10.0,1760,0.9,0.17,Florencia,12.0,1,Colombia,460,LEON BOSTIC,8.98,2,2,2,1,Mike Hillyer,1,0.5,2005-08-17,2
8.08,10.01,1755,0.9,0.27,Banjul,7.5,1,Gambia,584,SALVADOR TEEL,8.98,2,1,1,2,Jon Stephens,2,1.0,2005-07-30,2
8.08,10.01,1755,0.9,0.27,Mogiljov,7.5,2,Belarus,527,CORY MEEHAN,8.98,2,1,1,1,Mike Hillyer,1,0.5,2005-08-17,2
8.08,5.26,1752,1.9,0.43,Akron,4.62,3,United States,479,ZACHARY HITE,9.98,2,2,2,2,Jon Stephens,2,0.5,2005-07-12,2
8.08,5.26,1753,1.9,0.4,So Leopoldo,5.0,7,Brazil,443,FRANCISCO SKIDMORE,9.98,2,2,2,2,Jon Stephens,2,1.0,2005-08-21,2
8.08,5.26,1754,1.9,0.37,Sincelejo,5.45,2,Colombia,87,WANDA PATTERSON,9.98,2,2,2,1,Mike Hillyer,1,0.5,2005-08-01,2
8.09,10.01,1748,0.9,0.23,Cheju,4.29,2,South Korea,88,BONNIE HUGHES,8.99,1,1,1,1,Mike Hillyer,1,1.0,2005-07-28,1
8.09,10.01,1749,0.9,0.23,Higashiosaka,4.29,8,Japan,264,GWENDOLYN MAY,8.99,1,1,1,1,Mike Hillyer,1,1.0,2005-07-27,1
8.09,10.01,1750,0.9,0.23,Zhoushan,4.29,13,China,550,GUY BROWNLEE,8.99,1,1,1,1,Mike Hillyer,1,1.0,2005-07-30,1
8.09,5.27,1751,1.9,0.5,Kimchon,4.0,1,South Korea,99,EMILY DIAZ,9.98,2,2,2,1,Mike Hillyer,1,1.0,2005-08-01,2
8.11,10.37,1747,0.86,0.2,Bhusawal,15.0,13,India,202,CARLA GUTIERREZ,8.97,3,1,1,1,Mike Hillyer,1,0.0,2005-07-29,3
8.11,10.38,1741,0.87,0.13,Stockport,15.0,1,United Kingdom,477,DAN PAINE,8.98,2,2,2,1,Mike Hillyer,1,1.0,2005-07-07,2
8.11,10.38,1745,0.86,0.27,Botosani,11.25,1,Romania,230,JOY GEORGE,8.97,3,2,2,2,Jon Stephens,2,0.6667,2005-07-09,3
8.11,10.38,1745,0.86,0.27,Duisburg,11.25,2,Germany,114,GRACE ELLIS,8.97,3,1,1,2,Jon Stephens,2,0.0,2005-07-27,3
8.11,3.83,1742,2.86,0.6,Batman,5.0,2,Turkey,172,BERNICE WILLIS,10.97,3,2,2,2,Jon Stephens,2,0.6667,2005-08-23,3
8.11,5.35,1743,1.86,0.47,Mardan,6.43,1,Pakistan,20,SHARON ROBINSON,9.97,3,2,2,2,Jon Stephens,2,0.6667,2005-08-22,3
8.11,5.35,1744,1.86,0.43,Jastrzebie-Zdrj,6.92,2,Poland,128,MARJORIE TUCKER,9.97,3,2,2,1,Mike Hillyer,1,0.6667,2005-07-31,3
8.12,10.39,1739,0.86,0.27,Shahr-e Kord,7.5,2,Iran,185,ROBERTA HARPER,8.98,2,1,1,1,Mike Hillyer,1,0.5,2005-08-18,2
8.12,10.39,1740,0.86,0.2,Aurora,10.0,4,United States,537,CLINTON BUFORD,8.98,2,2,2,2,Jon Stephens,2,0.5,2005-07-10,2
8.12,10.4,1737,0.86,0.3,Hunuco,6.67,1,Peru,565,JAIME NETTLES,8.98,2,1,1,1,Mike Hillyer,1,0.5,2005-07-31,2
8.12,10.4,1738,0.86,0.3,Cianjur,6.67,4,Indonesia,411,NORMAN CURRIER,8.98,2,1,1,2,Jon Stephens,2,0.5,2005-08-20,2
8.12,3.84,1736,2.86,0.57,Rae Bareli,3.53,4,India,78,LORI WOOD,10.98,2,2,2,2,Jon Stephens,2,0.5,2005-08-22,2
8.13,10.39,1735,0.86,0.17,Xiangtan,6.0,10,China,67,KELLY TORRES,8.99,1,1,1,1,Mike Hillyer,1,1.0,2005-08-17,1
8.13,10.4,1734,0.86,0.2,Aden,5.0,2,Yemen,210,ELLA OLIVER,8.99,1,1,1,2,Jon Stephens,2,1.0,2005-08-18,1
8.13,10.41,1733,0.86,0.27,San Felipe del Progreso,3.75,7,Mexico,319,RONALD WEINER,8.99,1,1,1,2,Jon Stephens,2,1.0,2005-08-18,1
8.13,5.36,1732,1.86,0.33,Erlangen,3.0,1,Germany,448,MIGUEL BETANCOURT,9.99,1,1,1,2,Jon Stephens,2,1.0,2005-08-22,1
8.14,10.79,1731,0.83,0.2,Anpolis,15.0,6,Brazil,229,TAMARA NGUYEN,8.97,3,2,2,2,Jon Stephens,2,0.6667,2005-08-19,3
8.14,5.45,1730,1.83,0.33,Novi Sad,9.0,2,Yugoslavia,553,MAX PITT,9.97,3,1,1,2,Jon Stephens,2,0.3333,2005-07-08,3
8.15,10.79,1729,0.83,0.1,Fuyu,20.0,7,China,211,STACEY MONTGOMERY,8.98,2,1,1,2,Jon Stephens,2,1.0,2005-07-07,2
8.15,10.8,1725,0.83,0.2,Ahmadnagar,10.0,6,India,297,SHERRI RHODES,8.98,2,2,2,1,Mike Hillyer,1,1.0,2005-07-08,2
8.15,10.8,1726,0.83,0.2,Mardan,10.0,1,Pakistan,20,SHARON ROBINSON,8.98,2,1,1,2,Jon Stephens,2,0.5,2005-07-28,2
8.15,10.8,1727,0.83,0.17,Nukualofa,12.0,1,Tonga,344,HENRY BILLINGSLEY,8.98,2,2,2,1,Mike Hillyer,1,0.5,2005-08-19,2
8.15,10.8,1727,0.83,0.17,Okinawa,12.0,3,Japan,365,BRUCE SCHWARZ,8.98,2,2,2,1,Mike Hillyer,1,0.5,2005-07-29,2
8.15,10.81,1723,0.83,0.3,Barcelona,6.67,1,Venezuela,568,ALBERTO HENNING,8.98,2,2,2,1,Mike Hillyer,1,1.0,2005-08-22,2
8.15,10.81,1724,0.83,0.23,Ziguinchor,8.57,1,Senegal,456,RONNIE RICKETTS,8.98,2,2,2,1,Mike Hillyer,1,0.5,2005-08-01,2
8.15,3.88,1717,2.83,0.67,Molodetno,3.0,1,Belarus,144,CLARA SHAW,10.98,2,2,2,2,Jon Stephens,2,1.0,2005-08-19,2
8.15,5.45,1722,1.83,0.37,Sultanbeyli,5.45,3,Turkey,493,BRENT HARKINS,9.98,2,2,2,2,Jon Stephens,2,1.0,2005-08-23,2
8.15,5.46,1718,1.83,0.47,Dallas,4.29,6,United States,400,BRYAN HARDISON,9.98,2,1,1,2,Jon Stephens,2,0.5,2005-08-23,2
8.15,5.46,1718,1.83,0.47,Tokat,4.29,4,Turkey,566,CASEY MENA,9.98,2,1,1,2,Jon Stephens,2,0.5,2005-07-30,2
8.15,5.46,1720,1.83,0.43,Escobar,4.62,2,Argentina,445,MICHEAL FORMAN,9.98,2,2,2,2,Jon Stephens,2,0.5,2005-08-21,2
8.15,5.46,1721,1.83,0.43,Najafabad,4.62,2,Iran,368,HARRY ARCE,9.98,2,1,1,2,Jon Stephens,2,1.0,2005-08-20,2
8.16,10.81,1715,0.83,0.2,Halle/Saale,5.0,1,Germany,251,VICKIE BREWER,8.99,1,1,1,2,Jon Stephens,2,1.0,2005-07-27,1
8.16,10.81,1716,0.83,0.13,Kimberley,7.5,1,South Africa,19,RUTH MARTINEZ,8.99,1,1,1,2,Jon Stephens,2,1.0,2005-08-16,1
8.17,5.55,1714,1.8,0.3,Juiz de Fora,10.0,3,Brazil,591,KENT ARSENAULT,9.97,3,2,2,1,Mike Hillyer,1,0.6667,2005-07-28,3
8.18,11.25,1712,0.8,0.2,Bijapur,10.0,8,India,468,TIM CARY,8.98,2,2,2,1,Mike Hillyer,1,1.0,2005-07-06,2
8.18,11.26,1709,0.8,0.27,Iligan,7.5,2,Philippines,580,ROSS GREY,8.98,2,2,2,1,Mike Hillyer,1,0.5,2005-07-29,2
8.18,11.26,1710,0.8,0.23,Bratislava,8.57,1,Slovakia,357,KEITH RICO,8.98,2,1,1,1,Mike Hillyer,1,0.5,2005-07-27,2
8.18,11.26,1711,0.8,0.23,Jaffna,8.57,1,Sri Lanka,408,MANUEL MURRELL,8.98,2,1,1,2,Jon Stephens,2,1.0,2005-07-29,2
8.18,3.92,1713,2.8,0.5,Maikop,6.0,5,Russian Federation,346,ARTHUR SIMPKINS,10.97,3,2,2,2,Jon Stephens,2,0.6667,2005-08-01,3
8.18,5.56,1708,1.8,0.4,Fengshan,5.0,3,Taiwan,576,MORRIS MCCARTER,9.98,2,1,1,1,Mike Hillyer,1,0.5,2005-08-19,2
8.19,11.26,1707,0.8,0.17,Ktahya,6.0,7,Turkey,124,SHEILA WELLS,8.99,1,1,1,2,Jon Stephens,2,1.0,2005-07-28,1
8.19,11.27,1703,0.8,0.23,Nabereznyje Telny,4.29,8,Russian Federation,447,CLIFFORD BOWENS,8.99,1,1,1,1,Mike Hillyer,1,1.0,2005-07-29,1
8.19,11.27,1704,0.8,0.23,Cabuyao,4.29,2,Philippines,371,BILLY POULIN,8.99,1,1,1,2,Jon Stephens,2,1.0,2005-07-07,1
8.19,11.27,1705,0.8,0.2,Kamjanets-Podilskyi,5.0,1,Ukraine,386,TODD TAN,8.99,1,1,1,1,Mike Hillyer,1,1.0,2005-07-07,1
8.19,11.27,1705,0.8,0.2,Stara Zagora,5.0,1,Bulgaria,215,JESSIE BANKS,8.99,1,1,1,2,Jon Stephens,2,1.0,2005-07-08,1
8.2,11.71,1702,0.77,0.17,Mwene-Ditu,24.0,1,"Congo, The Democratic Republic of the",375,AARON SELBY,8.96,4,2,2,1,Mike Hillyer,1,0.25,2005-08-01,4
8.21,11.73,1699,0.77,0.13,Bag,15.0,5,Brazil,398,ANTONIO MEEK,8.98,2,2,2,2,Jon Stephens,2,0.5,2005-07-30,2
8.21,11.73,1701,0.77,0.17,Kimchon,18.0,1,South Korea,99,EMILY DIAZ,8.97,3,2,2,2,Jon Stephens,2,0.0,2005-07-08,3
8.21,11.74,1700,0.76,0.23,Matamoros,12.86,6,Mexico,177,SAMANTHA DUNCAN,8.97,3,2,2,1,Mike Hillyer,1,0.0,2005-08-01,3
8.22,11.74,1697,0.76,0.2,Portoviejo,10.0,1,Ecuador,262,PATSY DAVIDSON,8.98,2,2,2,2,Jon Stephens,2,0.5,2005-08-21,2
8.22,11.74,1698,0.77,0.17,Cuauhtmoc,12.0,5,Mexico,467,ALVIN DELOACH,8.98,2,1,1,2,Jon Stephens,2,1.0,2005-07-27,2
8.22,11.75,1691,0.77,0.13,Aparecida de Goinia,7.5,9,Brazil,216,NATALIE MEYER,8.99,1,1,1,2,Jon Stephens,2,1.0,2005-07-29,1
8.22,11.75,1691,0.77,0.13,La Paz,7.5,4,Mexico,488,SHANE MILLARD,8.99,1,1,1,1,Mike Hillyer,1,1.0,2005-07-09,1
8.22,11.75,1691,0.77,0.13,Vijayawada,7.5,1,India,508,MILTON HOWLAND,8.99,1,1,1,2,Jon Stephens,2,1.0,2005-07-26,1
8.22,11.75,1696,0.76,0.23,Taguig,8.57,5,Philippines,72,THERESA WATSON,8.98,2,2,2,2,Jon Stephens,2,0.5,2005-07-30,2
8.22,5.66,1694,1.76,0.47,Iligan,4.29,3,Philippines,580,ROSS GREY,9.98,2,2,2,1,Mike Hillyer,1,0.5,2005-08-22,2
8.22,5.66,1695,1.76,0.4,Shanwei,5.0,8,China,424,KYLE SPURLOCK,9.98,2,1,1,2,Jon Stephens,2,0.5,2005-08-17,2
8.23,11.75,1690,0.77,0.17,Osmaniye,6.0,3,Turkey,13,KAREN JACKSON,8.99,1,1,1,1,Mike Hillyer,1,1.0,2005-07-11,1
8.23,11.76,1688,0.76,0.2,La Romana,5.0,2,Dominican Republic,437,RANDALL NEUMANN,8.99,1,1,1,1,Mike Hillyer,1,1.0,2005-08-18,1
8.23,11.76,1689,0.76,0.2,Bydgoszcz,5.0,1,Poland,318,BRIAN WYMAN,8.99,1,1,1,1,Mike Hillyer,1,1.0,2005-07-07,1
8.24,12.27,1687,0.73,0.2,Patras,15.0,1,Greece,596,ENRIQUE FORSYTHE,8.97,3,2,2,2,Jon Stephens,2,0.0,2005-08-01,3
8.24,12.28,1686,0.73,0.3,Ahmadnagar,10.0,11,India,297,SHERRI RHODES,8.97,3,2,2,1,Mike Hillyer,1,0.0,2005-08-17,3
8.24,5.76,1685,1.73,0.37,Baha Blanca,8.18,1,Argentina,322,JASON MORRISSEY,9.97,3,2,2,2,Jon Stephens,2,0.3333,2005-07-12,3
8.24,5.77,1684,1.73,0.47,Arak,6.43,3,Iran,36,KATHLEEN ADAMS,9.97,3,2,2,1,Mike Hillyer,1,0.3333,2005-08-20,3
8.25,12.28,1680,0.73,0.23,El Monte,8.57,6,United States,420,JACOB LANCE,8.98,2,1,1,2,Jon Stephens,2,0.5,2005-07-11,2
8.25,12.28,1681,0.73,0.23,Soshanguve,8.57,5,South Africa,145,LUCILLE HOLMES,8.98,2,1,1,2,Jon Stephens,2,0.5,2005-08-17,2
8.25,12.28,1682,0.73,0.2,Trshavn,10.0,1,Faroe Islands,317,EDWARD BAUGH,8.98,2,2,2,2,Jon Stephens,2,0.5,2005-07-10,2
8.25,12.28,1683,0.73,0.2,Batman,10.0,4,Turkey,172,BERNICE WILLIS,8.98,2,2,2,1,Mike Hillyer,1,0.5,2005-07-11,2
8.25,5.77,1679,1.73,0.47,Baicheng,4.29,9,China,538,TED BREAUX,9.98,2,2,2,1,Mike Hillyer,1,1.0,2005-08-01,2
8.26,12.28,1678,0.73,0.13,Greensboro,7.5,3,United States,158,VERONICA STONE,8.99,1,1,1,1,Mike Hillyer,1,1.0,2005-07-07,1
8.28,12.85,1677,0.7,0.1,Usolje-Sibirskoje,20.0,7,Russian Federation,462,WARREN SHERROD,8.98,2,2,2,2,Jon Stephens,2,1.0,2005-07-08,2
8.28,12.86,1675,0.7,0.17,Kanazawa,12.0,9,Japan,547,KURT EMMONS,8.98,2,1,1,2,Jon Stephens,2,0.5,2005-07-27,2
8.28,12.86,1675,0.7,0.17,Lipetsk,12.0,5,Russian Federation,44,MARIE TURNER,8.98,2,2,2,1,Mike Hillyer,1,0.5,2005-08-18,2
8.28,12.88,1674,0.7,0.27,Munger (Monghyr),7.5,8,India,28,CYNTHIA YOUNG,8.98,2,2,2,1,Mike Hillyer,1,1.0,2005-07-10,2
8.28,5.88,1668,1.7,0.4,Chungho,5.0,2,Taiwan,517,BRAD MCCURDY,9.98,2,1,1,2,Jon Stephens,2,0.0,2005-08-01,2
8.28,5.88,1669,1.7,0.4,Citrus Heights,5.0,5,United States,14,BETTY WHITE,9.98,2,2,2,2,Jon Stephens,2,0.5,2005-08-01,2
8.28,5.88,1670,1.7,0.4,Shaoguan,5.0,3,China,485,CLYDE TOBIAS,9.98,2,1,1,2,Jon Stephens,2,0.5,2005-08-18,2
8.28,5.88,1671,1.7,0.37,Korolev,5.45,4,Russian Federation,393,PHILIP CAUSEY,9.98,2,2,2,1,Mike Hillyer,1,1.0,2005-07-31,2
8.28,5.88,1672,1.7,0.33,Baha Blanca,6.0,2,Argentina,322,JASON MORRISSEY,9.98,2,2,2,2,Jon Stephens,2,0.5,2005-08-23,2
8.28,5.88,1672,1.7,0.33,Benin City,6.0,2,Nigeria,284,SONIA GREGORY,9.98,2,2,2,2,Jon Stephens,2,0.5,2005-08-21,2
8.29,5.89,1667,1.69,0.53,Yaound,3.75,1,Cameroon,361,LAWRENCE LAWTON,9.98,2,2,2,2,Jon Stephens,2,0.5,2005-08-23,2
8.3,13.48,1666,0.67,0.1,Haining,30.0,5,China,552,HUGH WALDROP,8.97,3,2,2,2,Jon Stephens,2,0.0,2005-07-28,3
8.31,13.49,1665,0.67,0.17,Ondo,18.0,2,Nigeria,156,BERTHA FERGUSON,8.97,3,2,2,2,Jon Stephens,2,0.0,2005-07-10,3
8.31,13.5,1663,0.67,0.13,Southport,15.0,2,United Kingdom,556,ARMANDO GRUBER,8.98,2,2,2,1,Mike Hillyer,1,0.5,2005-08-17,2
8.31,13.5,1664,0.66,0.2,Arak,15.0,5,Iran,36,KATHLEEN ADAMS,8.97,3,2,2,2,Jon Stephens,2,0.3333,2005-07-28,3
8.32,13.5,1662,0.67,0.17,Tabora,12.0,1,Tanzania,190,YOLANDA WEAVER,8.98,2,2,2,1,Mike Hillyer,1,0.5,2005-07-07,2
8.32,13.51,1656,0.67,0.13,Maracabo,7.5,1,Venezuela,453,CALVIN MARTEL,8.99,1,1,1,2,Jon Stephens,2,1.0,2005-07-07,1
8.32,13.51,1661,0.66,0.2,Lublin,10.0,2,Poland,501,RUBEN GEARY,8.98,2,2,2,2,Jon Stephens,2,1.0,2005-08-17,2
8.32,6.0,1657,1.66,0.43,Kakamigahara,4.62,3,Japan,163,CATHY SPENCER,9.98,2,1,1,1,Mike Hillyer,1,0.5,2005-08-23,2
8.32,6.0,1658,1.66,0.4,Jinchang,5.0,3,China,168,REGINA BERRY,9.98,2,1,1,1,Mike Hillyer,1,0.5,2005-08-18,2
8.32,6.0,1659,1.66,0.33,So Bernardo do Campo,6.0,4,Brazil,544,CODY NOLEN,9.98,2,1,1,1,Mike Hillyer,1,0.5,2005-08-22,2
8.32,6.0,1660,1.66,0.33,Salinas,6.0,6,United States,269,CASSANDRA WALTERS,9.98,2,1,1,1,Mike Hillyer,1,0.0,2005-08-02,2
8.33,13.53,1655,0.66,0.2,Inegl,5.0,3,Turkey,278,BILLIE HORTON,8.99,1,1,1,2,Jon Stephens,2,1.0,2005-07-08,1
8.34,14.2,1654,0.63,0.17,al-Qadarif,18.0,1,Sudan,395,JOHNNY TURPIN,8.97,3,1,1,1,Mike Hillyer,1,0.0,2005-08-23,3
8.35,14.21,1651,0.63,0.13,Sal,15.0,1,Morocco,22,LAURA RODRIGUEZ,8.98,2,1,1,1,Mike Hillyer,1,0.5,2005-08-17,2
8.35,14.21,1652,0.63,0.13,Bhavnagar,15.0,10,India,379,CARLOS COUGHLIN,8.98,2,2,2,2,Jon Stephens,2,0.5,2005-08-19,2
8.35,14.21,1653,0.63,0.13,Abu Dhabi,15.0,1,United Arab Emirates,452,TOM MILNER,8.98,2,2,2,1,Mike Hillyer,1,1.0,2005-08-17,2
8.35,14.22,1649,0.63,0.17,Nador,12.0,1,Morocco,40,AMANDA CARTER,8.98,2,2,2,1,Mike Hillyer,1,1.0,2005-07-10,2
8.35,14.22,1650,0.63,0.17,Mysore,12.0,6,India,59,CHERYL MURPHY,8.98,2,1,1,1,Mike Hillyer,1,0.5,2005-07-08,2
8.35,6.12,1646,1.63,0.37,Sterling Heights,5.45,2,United States,146,JAMIE RICE,9.98,2,2,2,2,Jon Stephens,2,0.5,2005-08-20,2
8.35,6.12,1647,1.63,0.37,NDjamna,5.45,1,Chad,535,JAVIER ELROD,9.98,2,1,1,2,Jon Stephens,2,1.0,2005-08-01,2
8.35,6.12,1648,1.63,0.37,Uluberia,5.45,10,India,446,THEODORE CULP,9.98,2,1,1,2,Jon Stephens,2,0.5,2005-08-18,2
8.35,6.13,1641,1.63,0.5,Toulouse,4.0,1,France,35,VIRGINIA GREEN,9.98,2,1,1,1,Mike Hillyer,1,0.0,2005-07-12,2
8.35,6.13,1642,1.63,0.47,Bilbays,4.29,2,Egypt,559,EVERETT BANDA,9.98,2,2,2,2,Jon Stephens,2,0.5,2005-08-21,2
8.35,6.13,1643,1.63,0.43,Cuautla,4.62,5,Mexico,323,MATTHEW MAHAN,9.98,2,2,2,1,Mike Hillyer,1,0.0,2005-07-31,2
8.35,6.13,1644,1.63,0.4,Amersfoort,5.0,1,Netherlands,415,GLENN PULLEN,9.98,2,2,2,2,Jon Stephens,2,0.5,2005-08-22,2
8.35,6.13,1644,1.63,0.4,Ogbomosho,5.0,2,Nigeria,277,OLGA JIMENEZ,9.98,2,1,1,2,Jon Stephens,2,0.0,2005-08-21,2
8.36,14.22,1640,0.63,0.13,Livorno,7.5,3,Italy,541,DARREN WINDHAM,8.99,1,1,1,1,Mike Hillyer,1,1.0,2005-07-28,1
8.36,14.24,1638,0.63,0.2,Binzhou,5.0,6,China,533,JESSIE MILAM,8.99,1,1,1,1,Mike Hillyer,1,1.0,2005-07-07,1
8.36,14.24,1639,0.63,0.2,Varanasi (Benares),5.0,5,India,123,SHANNON FREEMAN,8.99,1,1,1,1,Mike Hillyer,1,1.0,2005-07-08,1
8.37,14.99,1637,0.6,0.17,Jodhpur,18.0,13,India,224,PEARL GARZA,8.97,3,2,2,1,Mike Hillyer,1,0.6667,2005-07-29,3
8.37,6.25,1636,1.6,0.43,Weifang,6.92,9,China,588,MARION OCAMPO,9.97,3,1,1,1,Mike Hillyer,1,0.3333,2005-08-22,3
8.38,14.99,1635,0.6,0.1,Hino,20.0,5,Japan,194,KRISTEN CHAVEZ,8.98,2,2,2,2,Jon Stephens,2,1.0,2005-08-20,2
8.38,15.02,1634,0.6,0.2,Novoterkassk,10.0,5,Russian Federation,191,JEANETTE GREENE,8.98,2,2,2,2,Jon Stephens,2,0.5,2005-07-09,2
8.38,15.03,1633,0.6,0.23,Oulu,8.57,1,Finland,298,ERIKA PENA,8.98,2,2,2,1,Mike Hillyer,1,0.5,2005-07-28,2
8.38,6.25,1630,1.6,0.43,Bergamo,4.62,1,Italy,439,ALEXANDER FENNELL,9.98,2,2,2,2,Jon Stephens,2,0.5,2005-08-02,2
8.38,6.25,1631,1.6,0.37,Usolje-Sibirskoje,5.45,5,Russian Federation,462,WARREN SHERROD,9.98,2,2,2,1,Mike Hillyer,1,0.5,2005-08-17,2
8.38,6.25,1632,1.6,0.33,al-Manama,6.0,1,Bahrain,590,SETH HANNON,9.98,2,2,2,2,Jon Stephens,2,0.5,2005-07-11,2
8.39,15.02,1629,0.6,0.13,Cuernavaca,7.5,7,Mexico,575,ISAAC OGLESBY,8.99,1,1,1,2,Jon Stephens,2,1.0,2005-07-10,1
8.39,15.03,1628,0.6,0.17,Moscow,6.0,7,Russian Federation,46,CATHERINE CAMPBELL,8.99,1,1,1,2,Jon Stephens,2,1.0,2005-07-30,1
8.39,15.04,1627,0.6,0.23,Nador,4.29,1,Morocco,40,AMANDA CARTER,8.99,1,1,1,1,Mike Hillyer,1,1.0,2005-07-30,1
8.39,6.26,1626,1.6,0.33,Joliet,3.0,5,United States,504,NATHANIEL ADAM,9.99,1,1,1,1,Mike Hillyer,1,1.0,2005-07-29,1
8.4,15.87,1625,0.57,0.13,Tieli,22.5,12,China,599,AUSTIN CINTRON,8.97,3,1,1,1,Mike Hillyer,1,0.6667,2005-08-21,3
8.41,15.89,1624,0.56,0.2,Laredo,15.0,8,United States,6,JENNIFER DAVIS,8.97,3,1,1,1,Mike Hillyer,1,0.6667,2005-08-17,3
8.41,6.38,1622,1.56,0.4,Jaipur,7.5,9,India,60,MILDRED BAILEY,9.97,3,1,1,1,Mike Hillyer,1,0.6667,2005-08-23,3
8.41,6.38,1623,1.56,0.37,Bucuresti,8.18,1,Romania,563,KEN PREWITT,9.97,3,2,2,1,Mike Hillyer,1,0.3333,2005-08-23,3
8.42,15.89,1612,0.57,0.1,Memphis,10.0,1,United States,181,ANA BRADLEY,8.99,1,1,1,1,Mike Hillyer,1,1.0,2005-07-26,1
8.42,15.89,1613,0.57,0.1,Shubra al-Khayma,10.0,1,Egypt,119,SHERRY MARSHALL,8.99,1,1,1,2,Jon Stephens,2,1.0,2005-07-08,1
8.42,15.89,1621,0.57,0.17,Kilis,12.0,1,Turkey,143,LESLIE GORDON,8.98,2,2,2,2,Jon Stephens,2,0.5,2005-07-07,2
8.42,15.9,1610,0.57,0.13,Maikop,7.5,5,Russian Federation,346,ARTHUR SIMPKINS,8.99,1,1,1,1,Mike Hillyer,1,1.0,2005-07-08,1
8.42,15.9,1610,0.57,0.13,Naala-Porto,7.5,1,Mozambique,433,DON BONE,8.99,1,1,1,1,Mike Hillyer,1,1.0,2005-07-11,1
8.42,4.28,1616,2.56,0.37,Sumy,5.45,1,Ukraine,187,BRITTANY RILEY,10.98,2,1,1,2,Jon Stephens,2,0.5,2005-08-23,2
8.42,6.38,1620,1.56,0.3,Baiyin,6.67,12,China,495,CHARLIE BESS,9.98,2,2,2,2,Jon Stephens,2,0.5,2005-07-31,2
8.42,6.39,1614,1.56,0.43,Ciomas,4.62,1,Indonesia,239,MINNIE ROMERO,9.98,2,2,2,2,Jon Stephens,2,0.0,2005-08-19,2
8.42,6.39,1615,1.56,0.4,Nakhon Sawan,5.0,1,Thailand,390,SHAWN HEATON,9.98,2,1,1,1,Mike Hillyer,1,0.0,2005-07-31,2
8.42,6.39,1617,1.56,0.37,Akron,5.45,5,United States,479,ZACHARY HITE,9.98,2,2,2,1,Mike Hillyer,1,1.0,2005-07-11,2
8.42,6.39,1618,1.56,0.37,Omiya,5.45,4,Japan,404,STANLEY SCROGGINS,9.98,2,1,1,1,Mike Hillyer,1,0.5,2005-07-30,2
8.42,6.39,1618,1.56,0.37,Xintai,5.45,3,China,564,BOB PFEIFFER,9.98,2,1,1,2,Jon Stephens,2,1.0,2005-08-18,2
8.45,6.52,1606,1.53,0.37,Jakarta,5.45,2,Indonesia,153,SUZANNE NICHOLS,9.98,2,2,2,1,Mike Hillyer,1,1.0,2005-08-23,2
8.45,6.52,1607,1.53,0.3,Olomouc,6.67,1,Czech Republic,265,JENNIE TERRY,9.98,2,2,2,2,Jon Stephens,2,0.5,2005-07-11,2
8.45,6.52,1608,1.53,0.3,Palghat (Palakkad),6.67,9,India,268,NINA SOTO,9.98,2,1,1,2,Jon Stephens,2,1.0,2005-08-21,2
8.45,6.52,1609,1.53,0.27,Jining,7.5,8,China,594,EDUARDO HIATT,9.98,2,2,2,1,Mike Hillyer,1,0.0,2005-08-22,2
8.46,16.88,1605,0.53,0.07,Fuyu,15.0,5,China,211,STACEY MONTGOMERY,8.99,1,1,1,2,Jon Stephens,2,1.0,2005-07-06,1
8.46,16.91,1603,0.53,0.17,Saint Louis,6.0,5,United States,62,JOAN COOPER,8.99,1,1,1,2,Jon Stephens,2,1.0,2005-08-20,1
8.46,16.91,1604,0.53,0.17,Celaya,6.0,4,Mexico,587,SERGIO STANFIELD,8.99,1,1,1,1,Mike Hillyer,1,1.0,2005-07-27,1
8.46,6.65,1602,1.5,0.27,Binzhou,15.0,8,China,533,JESSIE MILAM,9.96,4,2,2,2,Jon Stephens,2,0.75,2005-07-29,4
8.47,17.98,1601,0.5,0.1,Vancouver,30.0,1,Canada,436,TROY QUIGLEY,8.97,3,2,2,1,Mike Hillyer,1,0.3333,2005-07-08,3
8.47,6.66,1598,1.5,0.4,La Paz,7.5,4,Mexico,488,SHANE MILLARD,9.97,3,2,2,1,Mike Hillyer,1,0.3333,2005-08-22,3
8.47,6.66,1599,1.5,0.37,Tama,8.18,5,Japan,385,PHILLIP HOLM,9.97,3,1,1,1,Mike Hillyer,1,0.6667,2005-08-01,3
8.47,6.66,1600,1.5,0.3,Idfu,10.0,2,Egypt,233,LILLIE KIM,9.97,3,1,1,2,Jon Stephens,2,0.3333,2005-07-29,3
8.48,18.02,1597,0.5,0.17,Syktyvkar,12.0,3,Russian Federation,428,HERBERT KRUGER,8.98,2,1,1,1,Mike Hillyer,1,0.5,2005-07-06,2
8.48,18.03,1596,0.5,0.2,Zaoyang,10.0,6,China,514,FRANKLIN TROUTMAN,8.98,2,1,1,2,Jon Stephens,2,0.5,2005-07-06,2
8.48,6.67,1593,1.5,0.47,Boa Vista,4.29,5,Brazil,342,HAROLD MARTINO,9.98,2,1,1,2,Jon Stephens,2,0.5,2005-08-19,2
8.48,6.67,1594,1.5,0.37,Myingyan,5.45,2,Myanmar,4,BARBARA JONES,9.98,2,1,1,1,Mike Hillyer,1,0.5,2005-08-20,2
8.48,6.67,1595,1.5,0.3,Bhilwara,6.67,4,India,209,TONYA CHAPMAN,9.98,2,1,1,2,Jon Stephens,2,1.0,2005-07-09,2
8.49,18.03,1591,0.5,0.13,Monywa,7.5,1,Myanmar,256,MABEL HOLLAND,8.99,1,1,1,2,Jon Stephens,2,1.0,2005-08-17,1
8.49,18.04,1590,0.5,0.17,Belm,6.0,3,Brazil,362,NICHOLAS BARFIELD,8.99,1,1,1,2,Jon Stephens,2,1.0,2005-07-08,1
8.49,4.4,1592,2.49,0.6,Ourense (Orense),3.33,1,Spain,469,WESLEY BULL,10.98,2,1,1,2,Jon Stephens,2,1.0,2005-08-21,2
8.51,19.27,1586,0.47,0.07,Effon-Alaiye,30.0,2,Nigeria,286,VELMA LUCAS,8.98,2,1,1,2,Jon Stephens,2,1.0,2005-07-06,2
8.51,19.28,1585,0.47,0.1,Tanshui,20.0,2,Taiwan,577,CLIFTON MALCOLM,8.98,2,2,2,1,Mike Hillyer,1,1.0,2005-07-06,2
8.51,19.29,1589,0.47,0.17,Baku,18.0,1,Azerbaijan,333,ANDREW PURDY,8.97,3,1,1,2,Jon Stephens,2,0.3333,2005-07-27,3
8.51,19.3,1584,0.47,0.13,Portoviejo,15.0,1,Ecuador,262,PATSY DAVIDSON,8.98,2,2,2,1,Mike Hillyer,1,0.5,2005-08-20,2
8.51,19.32,1588,0.46,0.23,Xiangfan,12.86,4,China,241,HEIDI LARSON,8.97,3,2,2,1,Mike Hillyer,1,1.0,2005-07-09,3
8.51,6.81,1587,1.46,0.33,Kamakura,9.0,4,Japan,79,RACHEL BARNES,9.97,3,2,2,1,Mike Hillyer,1,0.6667,2005-07-31,3
8.52,4.46,1577,2.46,0.67,Tanza,3.0,6,Philippines,236,MARCIA DEAN,10.98,2,1,1,2,Jon Stephens,2,1.0,2005-08-02,2
8.52,4.46,1578,2.46,0.57,Sorocaba,3.53,3,Brazil,314,GEORGE LINTON,10.98,2,1,1,2,Jon Stephens,2,0.5,2005-08-22,2
8.52,6.82,1579,1.46,0.43,Mandaluyong,4.62,4,Philippines,263,HILDA HOPKINS,9.98,2,1,1,1,Mike Hillyer,1,0.5,2005-08-01,2
8.52,6.82,1580,1.46,0.43,Xiangfan,4.62,12,China,241,HEIDI LARSON,9.98,2,1,1,1,Mike Hillyer,1,1.0,2005-07-31,2
8.52,6.82,1581,1.46,0.33,Junan,6.0,7,China,435,RICKY SHELBY,9.98,2,1,1,1,Mike Hillyer,1,0.5,2005-08-02,2
8.52,6.82,1582,1.46,0.3,Sasebo,6.67,3,Japan,1,MARY SMITH,9.98,2,1,1,1,Mike Hillyer,1,0.0,2005-07-09,2
8.52,6.82,1583,1.46,0.27,Lipetsk,7.5,5,Russian Federation,44,MARIE TURNER,9.98,2,2,2,1,Mike Hillyer,1,0.0,2005-07-29,2
8.53,19.35,1576,0.46,0.2,Escobar,5.0,2,Argentina,445,MICHEAL FORMAN,8.99,1,1,1,1,Mike Hillyer,1,1.0,2005-07-29,1
8.53,6.83,1574,1.46,0.3,Huejutla de Reyes,3.33,4,Mexico,582,ANDY VANHORN,9.99,1,1,1,1,Mike Hillyer,1,1.0,2005-07-31,1
8.53,6.83,1575,1.46,0.3,Lapu-Lapu,3.33,4,Philippines,244,VIOLA HANSON,9.99,1,1,1,1,Mike Hillyer,1,1.0,2005-08-17,1
8.54,20.76,1573,0.43,0.13,Zeleznogorsk,22.5,8,Russian Federation,351,JACK FOUST,8.97,3,2,2,2,Jon Stephens,2,0.6667,2005-07-08,3
8.55,6.98,1571,1.43,0.37,Sungai Petani,5.45,2,Malaysia,306,CHARLES KOWALSKI,9.98,2,1,1,2,Jon Stephens,2,0.5,2005-07-30,2
8.55,6.98,1572,1.43,0.3,Faaa,6.67,1,French Polynesia,43,CHRISTINE ROBERTS,9.98,2,1,1,2,Jon Stephens,2,0.5,2005-08-23,2
8.56,7.13,1570,1.4,0.27,Effon-Alaiye,15.0,4,Nigeria,286,VELMA LUCAS,9.96,4,1,1,1,Mike Hillyer,1,0.25,2005-07-27,4
8.57,22.46,1569,0.4,0.07,Ashdod,45.0,1,Israel,102,CRYSTAL FORD,8.97,3,1,1,2,Jon Stephens,2,1.0,2005-07-06,3
8.57,7.14,1568,1.4,0.33,Tel Aviv-Jaffa,9.0,1,Israel,161,GERALDINE PERKINS,9.97,3,1,1,1,Mike Hillyer,1,0.3333,2005-08-01,3
8.58,22.49,1567,0.4,0.07,San Juan Bautista Tuxtepec,30.0,5,Mexico,425,FRANCIS SIKES,8.98,2,1,1,2,Jon Stephens,2,1.0,2005-07-07,2
8.58,7.14,1564,1.4,0.3,Omdurman,6.67,1,Sudan,50,DIANE COLLINS,9.98,2,2,2,1,Mike Hillyer,1,0.5,2005-07-12,2
8.58,7.14,1564,1.4,0.3,Rampur,6.67,14,India,336,JOSHUA MARK,9.98,2,1,1,2,Jon Stephens,2,0.5,2005-07-30,2
8.58,7.14,1566,1.4,0.27,Pudukkottai,7.5,9,India,421,LEE HAWKS,9.98,2,1,1,1,Mike Hillyer,1,0.5,2005-07-29,2
8.58,7.15,1561,1.4,0.4,Phnom Penh,5.0,1,Cambodia,228,ALLISON STANLEY,9.98,2,2,2,1,Mike Hillyer,1,0.5,2005-07-27,2
8.58,7.15,1562,1.4,0.4,Arak,5.0,1,Iran,36,KATHLEEN ADAMS,9.98,2,2,2,1,Mike Hillyer,1,0.0,2005-08-17,2
8.58,7.15,1563,1.4,0.33,Braslia,6.0,7,Brazil,325,TIMOTHY BUNN,9.98,2,2,2,1,Mike Hillyer,1,1.0,2005-08-21,2
8.59,22.55,1560,0.4,0.13,Hubli-Dharwad,7.5,5,India,136,ANITA MORALES,8.99,1,1,1,1,Mike Hillyer,1,1.0,2005-07-12,1
8.59,22.59,1559,0.4,0.2,Zanzibar,5.0,1,Tanzania,220,CHARLENE ALVAREZ,8.99,1,1,1,2,Jon Stephens,2,1.0,2005-07-12,1
8.62,24.6,1558,0.37,0.17,Etawah,12.0,11,India,121,JOSEPHINE GOMEZ,8.98,2,2,2,2,Jon Stephens,2,1.0,2005-07-29,2
8.62,7.32,1555,1.36,0.37,Rio Claro,5.45,4,Brazil,74,DENISE KELLY,9.98,2,2,2,2,Jon Stephens,2,0.5,2005-08-22,2
8.62,7.32,1556,1.36,0.37,Kaduna,5.45,1,Nigeria,18,CAROL GARCIA,9.98,2,1,1,2,Jon Stephens,2,0.0,2005-08-02,2
8.62,7.32,1557,1.36,0.3,York,6.67,1,United Kingdom,497,GILBERT SLEDGE,9.98,2,1,1,1,Mike Hillyer,1,0.5,2005-07-09,2
8.64,4.71,1553,2.33,0.47,Ambattur,6.43,12,India,225,ARLENE HARVEY,10.97,3,2,2,2,Jon Stephens,2,0.6667,2005-07-31,3
8.64,7.49,1554,1.33,0.23,Callao,12.86,1,Peru,304,DAVID ROYAL,9.97,3,2,2,2,Jon Stephens,2,0.3333,2005-07-10,3
8.65,26.99,1552,0.33,0.07,Zaria,30.0,2,Nigeria,232,CONSTANCE REID,8.98,2,2,2,1,Mike Hillyer,1,0.5,2005-07-11,2
8.65,4.72,1546,2.33,0.67,San Felipe de Puerto Plata,3.0,1,Dominican Republic,418,JEFF EAST,10.98,2,2,2,2,Jon Stephens,2,1.0,2005-08-23,2
8.65,7.5,1549,1.33,0.33,Lima,6.0,1,Peru,122,THELMA MURRAY,9.98,2,1,1,2,Jon Stephens,2,0.5,2005-08-18,2
8.65,7.5,1550,1.33,0.3,Hsichuh,6.67,1,Taiwan,348,ROGER QUINTANILLA,9.98,2,2,2,1,Mike Hillyer,1,1.0,2005-07-27,2
8.65,7.5,1551,1.33,0.27,Mwanza,7.5,2,Tanzania,481,HERMAN DEVORE,9.98,2,1,1,1,Mike Hillyer,1,0.5,2005-08-17,2
8.65,7.51,1547,1.33,0.43,Pontianak,4.62,3,Indonesia,506,LESLIE SEWARD,9.98,2,2,2,2,Jon Stephens,2,0.5,2005-08-21,2
8.65,7.51,1548,1.33,0.37,Southend-on-Sea,5.45,2,United Kingdom,16,SANDRA MARTIN,9.98,2,2,2,1,Mike Hillyer,1,0.5,2005-08-19,2
8.66,27.08,1545,0.33,0.13,Bhusawal,7.5,7,India,202,CARLA GUTIERREZ,8.99,1,1,1,1,Mike Hillyer,1,1.0,2005-07-06,1
8.67,30.0,1544,0.3,0.1,Tete,30.0,1,Mozambique,97,ANNIE RUSSELL,8.97,3,2,2,2,Jon Stephens,2,0.3333,2005-07-06,3
8.68,30.03,1541,0.3,0.1,Yuncheng,20.0,6,China,154,MICHELE GRANT,8.98,2,1,1,2,Jon Stephens,2,0.5,2005-07-06,2
8.68,30.03,1542,0.3,0.1,Tafuna,20.0,1,American Samoa,320,ANTHONY SCHWAB,8.98,2,1,1,2,Jon Stephens,2,1.0,2005-07-27,2
8.68,4.78,1536,2.3,0.43,Akron,4.62,4,United States,479,ZACHARY HITE,10.98,2,1,1,2,Jon Stephens,2,0.5,2005-07-31,2
8.68,4.78,1543,2.3,0.5,Tanshui,6.0,1,Taiwan,577,CLIFTON MALCOLM,10.97,3,1,1,2,Jon Stephens,2,0.3333,2005-08-23,3
8.68,7.69,1540,1.3,0.27,Augusta-Richmond County,7.5,5,United States,96,DIANA ALEXANDER,9.98,2,2,2,2,Jon Stephens,2,0.5,2005-08-18,2
8.68,7.7,1537,1.3,0.37,Shaoguan,5.45,5,China,485,CLYDE TOBIAS,9.98,2,1,1,2,Jon Stephens,2,0.5,2005-07-12,2
8.68,7.7,1538,1.3,0.33,Bhavnagar,6.0,5,India,379,CARLOS COUGHLIN,9.98,2,2,2,2,Jon Stephens,2,0.0,2005-08-22,2
8.68,7.7,1538,1.3,0.33,Ogbomosho,6.0,2,Nigeria,277,OLGA JIMENEZ,9.98,2,2,2,1,Mike Hillyer,1,0.5,2005-08-20,2
8.69,4.79,1535,2.29,0.53,Tanauan,3.75,3,Philippines,373,LOUIS LEONE,10.98,2,1,1,1,Mike Hillyer,1,0.5,2005-08-01,2
8.7,33.76,1534,0.27,0.1,Patras,30.0,1,Greece,596,ENRIQUE FORSYTHE,8.97,3,1,1,1,Mike Hillyer,1,0.3333,2005-07-11,3
8.71,33.76,1528,0.27,0.07,Naala-Porto,30.0,1,Mozambique,433,DON BONE,8.98,2,1,1,2,Jon Stephens,2,0.5,2005-07-09,2
8.71,4.85,1529,2.26,0.53,Tychy,5.63,2,Poland,380,RUSSELL BRINSON,10.97,3,2,2,1,Mike Hillyer,1,0.6667,2005-08-22,3
8.71,4.85,1530,2.26,0.43,Zanzibar,6.92,1,Tanzania,220,CHARLENE ALVAREZ,10.97,3,2,2,1,Mike Hillyer,1,0.3333,2005-08-19,3
8.71,7.89,1531,1.26,0.3,Xintai,10.0,11,China,564,BOB PFEIFFER,9.97,3,2,2,1,Mike Hillyer,1,0.3333,2005-08-01,3
8.71,7.89,1532,1.26,0.3,Inegl,10.0,2,Turkey,278,BILLIE HORTON,9.97,3,2,2,2,Jon Stephens,2,0.6667,2005-08-01,3
8.71,7.89,1533,1.26,0.23,Joliet,12.86,5,United States,504,NATHANIEL ADAM,9.97,3,1,1,2,Jon Stephens,2,0.3333,2005-07-28,3
8.72,33.8,1521,0.27,0.07,Amersfoort,15.0,2,Netherlands,415,GLENN PULLEN,8.99,1,1,1,2,Jon Stephens,2,1.0,2005-07-08,1
8.72,33.8,1521,0.27,0.07,Bchar,15.0,2,Algeria,69,JUDY GRAY,8.99,1,1,1,1,Mike Hillyer,1,1.0,2005-07-06,1
8.72,33.8,1521,0.27,0.07,Pingxiang,15.0,1,China,169,ERICA MATTHEWS,8.99,1,1,1,1,Mike Hillyer,1,1.0,2005-07-05,1
8.72,7.89,1527,1.26,0.23,Toulouse,8.57,1,France,35,VIRGINIA GREEN,9.98,2,1,1,1,Mike Hillyer,1,0.5,2005-08-17,2
8.72,7.9,1524,1.26,0.33,Acua,6.0,2,Mexico,486,GLEN TALBERT,9.98,2,1,1,2,Jon Stephens,2,1.0,2005-08-21,2
8.72,7.9,1525,1.26,0.27,Blumenau,7.5,5,Brazil,206,TERRI VASQUEZ,9.98,2,2,2,2,Jon Stephens,2,0.0,2005-07-27,2
8.72,7.9,1526,1.26,0.27,Naala-Porto,7.5,1,Mozambique,433,DON BONE,9.98,2,2,2,2,Jon Stephens,2,0.0,2005-07-28,2
8.73,7.9,1519,1.26,0.27,Jhansi,3.75,9,India,32,AMY LOPEZ,9.99,1,1,1,2,Jon Stephens,2,1.0,2005-08-18,1
8.73,7.9,1520,1.26,0.23,Bat Yam,4.29,2,Israel,315,KENNETH GOODEN,9.99,1,1,1,2,Jon Stephens,2,1.0,2005-07-31,1
8.73,7.91,1518,1.26,0.33,Oshawa,3.0,2,Canada,189,LORETTA CARPENTER,9.99,1,1,1,1,Mike Hillyer,1,1.0,2005-08-01,1
8.74,38.55,1517,0.23,0.07,Rizhao,45.0,8,China,496,TYLER WREN,8.97,3,1,1,1,Mike Hillyer,1,0.3333,2005-07-07,3
8.74,8.11,1516,1.23,0.33,Tongliao,9.0,8,China,442,LEROY BUSTAMANTE,9.97,3,2,2,1,Mike Hillyer,1,0.3333,2005-08-19,3
8.75,8.11,1510,1.23,0.33,Korolev,6.0,5,Russian Federation,393,PHILIP CAUSEY,9.98,2,2,2,2,Jon Stephens,2,0.5,2005-08-19,2
8.75,8.11,1511,1.23,0.3,Akishima,6.67,3,Japan,574,JULIAN VEST,9.98,2,1,1,1,Mike Hillyer,1,0.0,2005-08-20,2
8.75,8.11,1512,1.23,0.27,Hagonoy,7.5,3,Philippines,255,IRMA PEARSON,9.98,2,2,2,1,Mike Hillyer,1,0.5,2005-08-20,2
8.75,8.11,1512,1.23,0.27,Najafabad,7.5,2,Iran,368,HARRY ARCE,9.98,2,2,2,2,Jon Stephens,2,0.5,2005-07-08,2
8.75,8.11,1512,1.23,0.27,Shahr-e Kord,7.5,2,Iran,185,ROBERTA HARPER,9.98,2,2,2,1,Mike Hillyer,1,0.5,2005-07-29,2
8.75,8.11,1515,1.23,0.23,Huixquilucan,8.57,6,Mexico,108,TRACY COLE,9.98,2,2,2,2,Jon Stephens,2,0.5,2005-08-18,2
8.75,8.12,1509,1.23,0.43,South Hill,4.62,1,Anguilla,381,BOBBY BOUDREAU,9.98,2,1,1,2,Jon Stephens,2,0.5,2005-08-19,2
8.76,8.12,1506,1.23,0.33,Nador,3.0,1,Morocco,40,AMANDA CARTER,9.99,1,1,1,2,Jon Stephens,2,1.0,2005-08-18,1
8.76,8.12,1507,1.23,0.27,Baiyin,3.75,11,China,495,CHARLIE BESS,9.99,1,1,1,1,Mike Hillyer,1,1.0,2005-07-30,1
8.76,8.12,1508,1.23,0.27,Basel,3.75,1,Switzerland,61,KATHERINE RIVERA,9.99,1,1,1,1,Mike Hillyer,1,1.0,2005-08-17,1
8.77,8.32,1505,1.2,0.17,Allende,18.0,4,Mexico,414,VINCENT RALSTON,9.97,3,1,1,2,Jon Stephens,2,0.3333,2005-07-12,3
8.78,44.97,1504,0.2,0.03,Bag,60.0,4,Brazil,398,ANTONIO MEEK,8.98,2,1,1,2,Jon Stephens,2,1.0,2005-07-28,2
8.78,8.33,1502,1.2,0.23,Acua,8.57,3,Mexico,486,GLEN TALBERT,9.98,2,1,1,2,Jon Stephens,2,0.0,2005-07-27,2
8.78,8.33,1503,1.2,0.2,La Plata,10.0,2,Argentina,89,JULIA FLORES,9.98,2,1,1,1,Mike Hillyer,1,1.0,2005-07-08,2
8.78,8.34,1496,1.2,0.37,Shikarpur,5.45,1,Pakistan,25,DEBORAH WALKER,9.98,2,1,1,1,Mike Hillyer,1,1.0,2005-08-21,2
8.78,8.34,1497,1.2,0.37,Kamarhati,5.45,5,India,31,BRENDA WRIGHT,9.98,2,2,2,2,Jon Stephens,2,0.5,2005-07-06,2
8.78,8.34,1498,1.2,0.33,Weifang,6.0,7,China,588,MARION OCAMPO,9.98,2,2,2,1,Mike Hillyer,1,0.5,2005-08-19,2
8.78,8.34,1499,1.2,0.3,Datong,6.67,3,China,260,CHRISTY VARGAS,9.98,2,2,2,1,Mike Hillyer,1,0.5,2005-07-08,2
8.78,8.34,1500,1.2,0.27,Karnal,7.5,13,India,274,NAOMI JENNINGS,9.98,2,2,2,2,Jon Stephens,2,0.0,2005-07-31,2
8.78,8.34,1500,1.2,0.27,Varanasi (Benares),7.5,13,India,123,SHANNON FREEMAN,9.98,2,2,2,1,Mike Hillyer,1,0.0,2005-07-31,2
8.79,8.34,1494,1.2,0.27,Olomouc,3.75,1,Czech Republic,265,JENNIE TERRY,9.99,1,1,1,1,Mike Hillyer,1,1.0,2005-07-10,1
8.79,8.34,1495,1.2,0.2,Pangkal Pinang,5.0,2,Indonesia,542,LONNIE TIRADO,9.99,1,1,1,1,Mike Hillyer,1,1.0,2005-07-12,1
8.79,8.35,1492,1.2,0.3,Mwene-Ditu,3.33,1,"Congo, The Democratic Republic of the",375,AARON SELBY,9.99,1,1,1,2,Jon Stephens,2,1.0,2005-08-17,1
8.79,8.35,1493,1.2,0.3,Vancouver,3.33,1,Canada,436,TROY QUIGLEY,9.99,1,1,1,1,Mike Hillyer,1,1.0,2005-07-30,1
8.8,8.56,1491,1.16,0.33,San Miguel de Tucumn,12.0,5,Argentina,243,LYDIA BURKE,9.96,4,2,2,2,Jon Stephens,2,0.5,2005-08-21,4
8.81,53.99,1488,0.17,0.03,Oyo,60.0,2,Nigeria,250,JO FOWLER,8.98,2,1,1,1,Mike Hillyer,1,0.5,2005-07-06,2
8.81,54.1,1487,0.17,0.07,Vicente Lpez,30.0,3,Argentina,219,WILLIE HOWELL,8.98,2,1,1,2,Jon Stephens,2,1.0,2005-07-08,2
8.81,8.57,1490,1.16,0.27,Zhezqazghan,11.25,1,Kazakstan,573,BYRON BOX,9.97,3,2,2,1,Mike Hillyer,1,1.0,2005-08-17,3
8.81,8.58,1489,1.16,0.43,Bandar Seri Begawan,6.92,1,Brunei,91,LOIS BUTLER,9.97,3,2,2,1,Mike Hillyer,1,0.6667,2005-08-22,3
8.82,5.08,1482,2.16,0.53,Dayton,3.75,8,United States,294,SHELLY WATTS,10.98,2,2,2,2,Jon Stephens,2,1.0,2005-08-21,2
8.82,5.08,1483,2.16,0.43,Naala-Porto,4.62,1,Mozambique,433,DON BONE,10.98,2,2,2,1,Mike Hillyer,1,0.5,2005-08-23,2
8.82,8.57,1485,1.16,0.27,Cheju,7.5,1,South Korea,88,BONNIE HUGHES,9.98,2,1,1,2,Jon Stephens,2,1.0,2005-08-22,2
8.82,8.57,1486,1.16,0.23,Bhilwara,8.57,4,India,209,TONYA CHAPMAN,9.98,2,2,2,1,Mike Hillyer,1,0.0,2005-07-08,2
8.82,8.58,1484,1.16,0.3,Callao,6.67,1,Peru,304,DAVID ROYAL,9.98,2,1,1,1,Mike Hillyer,1,1.0,2005-08-22,2
8.83,8.59,1481,1.16,0.33,Kolpino,3.0,2,Russian Federation,295,DAISY BATES,9.99,1,1,1,1,Mike Hillyer,1,1.0,2005-07-06,1
8.83,8.81,1480,1.13,0.33,Chandrapur,12.0,10,India,167,SALLY PIERCE,9.96,4,2,2,2,Jon Stephens,2,0.0,2005-07-29,4
8.84,3.83,1477,3.13,0.6,Molodetno,5.0,1,Belarus,144,CLARA SHAW,11.97,3,1,1,1,Mike Hillyer,1,0.3333,2005-08-01,3
8.84,5.16,1478,2.13,0.57,Pyongyang,5.29,1,North Korea,157,DARLENE ROSE,10.97,3,1,1,1,Mike Hillyer,1,0.3333,2005-08-19,3
8.84,8.82,1479,1.13,0.3,Graz,10.0,1,Austria,173,AUDREY RAY,9.97,3,2,2,1,Mike Hillyer,1,0.6667,2005-07-10,3
8.85,5.16,1471,2.13,0.4,Juiz de Fora,5.0,7,Brazil,591,KENT ARSENAULT,10.98,2,1,1,2,Jon Stephens,2,1.0,2005-07-29,2
8.85,8.82,1476,1.13,0.2,Sultanbeyli,10.0,2,Turkey,493,BRENT HARKINS,9.98,2,2,2,2,Jon Stephens,2,0.5,2005-08-20,2
8.85,8.83,1472,1.13,0.33,Iwatsuki,6.0,4,Japan,396,EARL SHANKS,9.98,2,2,2,2,Jon Stephens,2,0.5,2005-08-19,2
8.85,8.83,1473,1.13,0.3,Lhokseumawe,6.67,3,Indonesia,473,JORGE OLIVARES,9.98,2,1,1,2,Jon Stephens,2,1.0,2005-07-28,2
8.85,8.83,1474,1.13,0.27,Santa F,7.5,2,Argentina,331,ERIC ROBERT,9.98,2,1,1,1,Mike Hillyer,1,1.0,2005-08-21,2
8.85,8.83,1474,1.13,0.27,Santiago de los Caballeros,7.5,1,Dominican Republic,258,MYRTLE FLEMING,9.98,2,2,2,2,Jon Stephens,2,1.0,2005-08-18,2
8.86,67.93,1470,0.13,0.1,Hagonoy,10.0,5,Philippines,255,IRMA PEARSON,8.99,1,1,1,2,Jon Stephens,2,1.0,2005-07-27,1
8.86,8.84,1468,1.13,0.33,Beni-Mellal,3.0,1,Morocco,543,LANCE PEMBERTON,9.99,1,1,1,2,Jon Stephens,2,1.0,2005-08-02,1
8.86,8.84,1469,1.13,0.33,Songkhla,3.0,1,Thailand,86,JACQUELINE LONG,9.99,1,1,1,1,Mike Hillyer,1,1.0,2005-07-08,1
8.87,5.23,1467,2.1,0.4,Vila Velha,7.5,5,Brazil,39,DEBRA NELSON,10.97,3,2,2,1,Mike Hillyer,1,0.6667,2005-07-31,3
8.88,5.24,1462,2.1,0.4,Citt del Vaticano,5.0,1,Holy See (Vatican City State),26,JESSICA HALL,10.98,2,1,1,1,Mike Hillyer,1,1.0,2005-07-08,2
8.88,9.09,1464,1.1,0.23,Brockton,8.57,4,United States,149,VALERIE BLACK,9.98,2,1,1,1,Mike Hillyer,1,1.0,2005-07-06,2
8.88,9.09,1464,1.1,0.23,Halle/Saale,8.57,1,Germany,251,VICKIE BREWER,9.98,2,1,1,2,Jon Stephens,2,0.5,2005-07-11,2
8.88,9.09,1466,1.1,0.23,Faaa,8.57,1,French Polynesia,43,CHRISTINE ROBERTS,9.98,2,1,1,2,Jon Stephens,2,0.5,2005-08-22,2
8.88,9.1,1463,1.1,0.3,Jining,6.67,4,China,594,EDUARDO HIATT,9.98,2,1,1,1,Mike Hillyer,1,1.0,2005-07-07,2
8.91,9.36,1461,1.06,0.2,Belm,15.0,6,Brazil,362,NICHOLAS BARFIELD,9.97,3,1,1,1,Mike Hillyer,1,0.3333,2005-07-27,3
8.91,9.37,1460,1.06,0.23,Szkesfehrvr,12.86,1,Hungary,592,TERRANCE ROUSH,9.97,3,2,2,2,Jon Stephens,2,0.3333,2005-07-27,3
8.92,5.32,1451,2.06,0.47,Tabriz,4.29,1,Iran,279,DIANNE SHELTON,10.98,2,1,1,1,Mike Hillyer,1,0.5,2005-08-22,2
8.92,5.32,1452,2.06,0.47,Uijongbu,4.29,1,South Korea,245,COURTNEY DAY,10.98,2,1,1,1,Mike Hillyer,1,1.0,2005-07-31,2
8.92,5.32,1452,2.06,0.47,Yangor,4.29,1,Nauru,513,DUANE TUBBS,10.98,2,1,1,1,Mike Hillyer,1,0.5,2005-08-20,2
8.92,9.37,1459,1.06,0.2,NDjamna,10.0,1,Chad,535,JAVIER ELROD,9.98,2,2,2,2,Jon Stephens,2,0.5,2005-07-10,2
8.92,9.38,1455,1.06,0.27,Kitwe,7.5,1,Zambia,438,BARRY LOVELACE,9.98,2,1,1,2,Jon Stephens,2,0.5,2005-08-17,2
8.92,9.38,1456,1.06,0.27,Hami,7.5,7,China,165,LORRAINE STEPHENS,9.98,2,2,2,2,Jon Stephens,2,1.0,2005-08-23,2
8.92,9.38,1456,1.06,0.27,Jastrzebie-Zdrj,7.5,3,Poland,128,MARJORIE TUCKER,9.98,2,1,1,2,Jon Stephens,2,1.0,2005-07-12,2
8.92,9.38,1458,1.06,0.23,Funafuti,8.57,1,Tuvalu,105,DAWN SULLIVAN,9.98,2,2,2,1,Mike Hillyer,1,0.5,2005-08-19,2
8.92,9.39,1454,1.06,0.33,Jamalpur,6.0,2,Bangladesh,329,FRANK WAGGONER,9.98,2,2,2,1,Mike Hillyer,1,0.5,2005-07-07,2
8.93,9.39,1450,1.06,0.3,Bucuresti,3.33,1,Romania,563,KEN PREWITT,9.99,1,1,1,2,Jon Stephens,2,1.0,2005-08-20,1
8.95,5.41,1443,2.03,0.53,Brescia,3.75,3,Italy,309,CHRISTOPHER GRECO,10.98,2,1,1,2,Jon Stephens,2,1.0,2005-08-22,2
8.95,5.42,1442,2.03,0.63,Gingoog,3.16,3,Philippines,461,DEREK BLAKELY,10.98,2,1,1,2,Jon Stephens,2,1.0,2005-08-23,2
8.95,9.68,1446,1.03,0.27,Kurgan,7.5,5,Russian Federation,376,RANDY GAITHER,9.98,2,2,2,1,Mike Hillyer,1,0.5,2005-08-17,2
8.95,9.68,1447,1.03,0.27,York,7.5,2,United Kingdom,497,GILBERT SLEDGE,9.98,2,2,2,1,Mike Hillyer,1,0.5,2005-07-28,2
8.95,9.68,1448,1.03,0.23,Syktyvkar,8.57,5,Russian Federation,428,HERBERT KRUGER,9.98,2,1,1,2,Jon Stephens,2,0.5,2005-07-29,2
8.95,9.68,1449,1.03,0.2,Yuzhou,10.0,8,China,324,GARY COY,9.98,2,1,1,1,Mike Hillyer,1,0.5,2005-08-17,2
8.95,9.69,1444,1.03,0.3,El Monte,6.67,3,United States,420,JACOB LANCE,9.98,2,2,2,1,Mike Hillyer,1,0.5,2005-07-12,2
8.95,9.69,1444,1.03,0.3,Saint-Denis,6.67,1,Runion,148,ELEANOR HUNT,9.98,2,1,1,1,Mike Hillyer,1,0.0,2005-07-09,2
8.96,272.42,1440,0.03,0.03,Lincoln,30.0,6,United States,63,ASHLEY RICHARDSON,8.99,1,1,1,2,Jon Stephens,2,1.0,2005-07-06,1
8.96,272.42,1441,0.03,0.03,Adoni,30.0,3,India,367,ADAM GOOCH,8.99,1,1,1,1,Mike Hillyer,1,1.0,2005-07-07,1
8.96,9.69,1439,1.03,0.27,Kamakura,3.75,7,Japan,79,RACHEL BARNES,9.99,1,1,1,1,Mike Hillyer,1,1.0,2005-07-27,1
8.98,10.0,1434,1.0,0.23,al-Manama,8.57,1,Bahrain,590,SETH HANNON,9.98,2,1,1,2,Jon Stephens,2,1.0,2005-08-17,2
8.98,10.0,1435,1.0,0.23,Jakarta,8.57,3,Indonesia,153,SUZANNE NICHOLS,9.98,2,1,1,1,Mike Hillyer,1,0.0,2005-08-21,2
8.98,10.0,1436,1.0,0.23,Compton,8.57,4,United States,182,RENEE LANE,9.98,2,1,1,1,Mike Hillyer,1,0.5,2005-08-19,2
8.98,10.0,1437,1.0,0.2,Tianjin,10.0,3,China,249,DORA MEDINA,9.98,2,1,1,1,Mike Hillyer,1,0.0,2005-07-09,2
8.98,10.0,1438,1.0,0.17,Vinh,12.0,2,Vietnam,523,HARVEY GUAJARDO,9.98,2,2,2,1,Mike Hillyer,1,0.5,2005-07-09,2
8.98,10.01,1433,1.0,0.27,Ashqelon,7.5,2,Israel,478,LEWIS LYMAN,9.98,2,2,2,2,Jon Stephens,2,1.0,2005-08-22,2
8.98,10.02,1430,1.0,0.37,Tandil,5.45,2,Argentina,405,LEONARD SCHOFIELD,9.98,2,2,2,2,Jon Stephens,2,0.5,2005-08-01,2
8.98,5.5,1429,2.0,0.43,Yerevan,4.62,1,Armenia,41,STEPHANIE MITCHELL,10.98,2,1,1,1,Mike Hillyer,1,0.5,2005-07-31,2
8.98,5.5,1431,2.0,0.37,Purnea (Purnia),5.45,8,India,426,BRADLEY MOTLEY,10.98,2,1,1,2,Jon Stephens,2,1.0,2005-08-18,2
8.98,5.5,1432,2.0,0.37,Quilmes,5.45,2,Argentina,585,PERRY SWAFFORD,10.98,2,1,1,1,Mike Hillyer,1,1.0,2005-07-31,2
9.01,4.04,1426,2.96,0.63,Saint-Denis,4.74,1,Runion,148,ELEANOR HUNT,11.97,3,2,2,2,Jon Stephens,2,0.3333,2005-07-31,3
9.01,5.59,1427,1.96,0.37,Hunuco,8.18,1,Peru,565,JAIME NETTLES,10.97,3,2,2,1,Mike Hillyer,1,0.0,2005-08-19,3
9.01,5.59,1428,1.96,0.33,Brescia,9.0,1,Italy,309,CHRISTOPHER GRECO,10.97,3,1,1,1,Mike Hillyer,1,0.3333,2005-07-29,3
9.02,10.35,1423,0.96,0.23,Tartu,8.57,1,Estonia,444,MARCUS HIDALGO,9.98,2,2,2,2,Jon Stephens,2,0.5,2005-08-18,2
9.02,10.35,1424,0.96,0.23,La Romana,8.57,2,Dominican Republic,437,RANDALL NEUMANN,9.98,2,1,1,2,Jon Stephens,2,0.5,2005-07-10,2
9.02,10.35,1425,0.96,0.23,Koriyama,8.57,6,Japan,401,TONY CARRANZA,9.98,2,2,2,2,Jon Stephens,2,0.5,2005-08-18,2
9.02,5.59,1421,1.96,0.37,Kolpino,5.45,3,Russian Federation,295,DAISY BATES,10.98,2,1,1,2,Jon Stephens,2,0.5,2005-08-17,2
9.02,5.59,1422,1.96,0.37,Jelets,5.45,5,Russian Federation,100,ROBIN HAYES,10.98,2,2,2,1,Mike Hillyer,1,0.5,2005-07-30,2
9.03,10.36,1419,0.96,0.27,Pangkal Pinang,3.75,2,Indonesia,542,LONNIE TIRADO,9.99,1,1,1,2,Jon Stephens,2,1.0,2005-08-22,1
9.03,10.36,1420,0.96,0.2,Pontianak,5.0,2,Indonesia,506,LESLIE SEWARD,9.99,1,1,1,2,Jon Stephens,2,1.0,2005-07-28,1
9.03,10.37,1418,0.96,0.33,Jakarta,3.0,2,Indonesia,153,SUZANNE NICHOLS,9.99,1,1,1,2,Jon Stephens,2,1.0,2005-07-12,1
9.04,10.7,1416,0.93,0.17,Sokoto,18.0,2,Nigeria,562,WALLACE SLONE,9.97,3,2,2,2,Jon Stephens,2,0.6667,2005-07-27,3
9.04,10.7,1417,0.93,0.17,Mukateve,18.0,2,Ukraine,131,MONICA HICKS,9.97,3,2,2,1,Mike Hillyer,1,0.3333,2005-07-10,3
9.04,10.71,1415,0.93,0.2,Lapu-Lapu,15.0,3,Philippines,244,VIOLA HANSON,9.97,3,2,2,1,Mike Hillyer,1,0.6667,2005-07-10,3
9.04,4.09,1414,2.93,0.5,Memphis,6.0,3,United States,181,ANA BRADLEY,11.97,3,1,1,1,Mike Hillyer,1,0.3333,2005-08-18,3
9.05,10.72,1408,0.93,0.27,Lilongwe,7.5,1,Malawi,166,LYNN PAYNE,9.98,2,2,2,2,Jon Stephens,2,0.5,2005-07-09,2
9.05,10.72,1408,0.93,0.27,Tartu,7.5,1,Estonia,444,MARCUS HIDALGO,9.98,2,1,1,1,Mike Hillyer,1,0.5,2005-08-01,2
9.05,10.72,1410,0.93,0.27,Ponce,7.5,1,Puerto Rico,282,JENNY CASTRO,9.98,2,2,2,2,Jon Stephens,2,0.5,2005-07-09,2
9.05,10.72,1411,0.93,0.23,Meixian,8.57,4,China,90,RUBY WASHINGTON,9.98,2,1,1,1,Mike Hillyer,1,0.5,2005-07-28,2
9.05,10.72,1412,0.93,0.23,Xintai,8.57,12,China,564,BOB PFEIFFER,9.98,2,2,2,1,Mike Hillyer,1,0.5,2005-07-31,2
9.05,10.72,1413,0.93,0.2,Eskisehir,10.0,2,Turkey,507,EDGAR RHOADS,9.98,2,2,2,1,Mike Hillyer,1,1.0,2005-08-18,2
9.05,5.69,1407,1.93,0.43,Kolpino,4.62,5,Russian Federation,295,DAISY BATES,10.98,2,2,2,1,Mike Hillyer,1,1.0,2005-07-30,2
9.06,10.72,1406,0.93,0.17,Otsu,6.0,5,Japan,285,MIRIAM MCKINNEY,9.99,1,1,1,1,Mike Hillyer,1,1.0,2005-07-10,1
9.06,10.73,1405,0.93,0.23,London,4.29,1,United Kingdom,512,CECIL VINES,9.99,1,1,1,2,Jon Stephens,2,1.0,2005-08-17,1
9.07,11.11,1404,0.9,0.23,Ikerre,12.86,2,Nigeria,198,ELSIE KELLEY,9.97,3,1,1,1,Mike Hillyer,1,0.6667,2005-07-27,3
9.08,11.11,1399,0.9,0.2,Zapopan,10.0,3,Mexico,465,FLOYD GANDY,9.98,2,1,1,1,Mike Hillyer,1,0.0,2005-08-19,2
9.08,11.11,1400,0.9,0.2,Ede,10.0,2,Netherlands,341,PETER MENARD,9.98,2,1,1,2,Jon Stephens,2,0.5,2005-08-19,2
9.08,11.11,1400,0.9,0.2,Okara,10.0,2,Pakistan,399,DANNY ISOM,9.98,2,2,2,2,Jon Stephens,2,0.0,2005-08-19,2
9.08,11.11,1402,0.9,0.17,El Alto,12.0,1,Bolivia,455,JON WILES,9.98,2,2,2,2,Jon Stephens,2,0.5,2005-07-27,2
9.08,11.11,1402,0.9,0.17,Udine,12.0,2,Italy,525,ADRIAN CLARY,9.98,2,1,1,2,Jon Stephens,2,0.5,2005-07-27,2
9.08,11.12,1397,0.9,0.27,Chandrapur,7.5,10,India,167,SALLY PIERCE,9.98,2,2,2,2,Jon Stephens,2,0.0,2005-08-18,2
9.08,11.12,1398,0.9,0.23,Nakhon Sawan,8.57,1,Thailand,390,SHAWN HEATON,9.98,2,2,2,1,Mike Hillyer,1,1.0,2005-07-27,2
9.08,11.13,1396,0.9,0.3,Mandaluyong,6.67,3,Philippines,263,HILDA HOPKINS,9.98,2,2,2,1,Mike Hillyer,1,1.0,2005-07-27,2
9.08,5.79,1395,1.9,0.37,Baiyin,5.45,8,China,495,CHARLIE BESS,10.98,2,2,2,1,Mike Hillyer,1,1.0,2005-08-01,2
9.09,11.13,1392,0.9,0.23,Tokat,4.29,1,Turkey,566,CASEY MENA,9.99,1,1,1,1,Mike Hillyer,1,1.0,2005-07-09,1
9.09,11.13,1393,0.9,0.23,al-Hawiya,4.29,2,Saudi Arabia,70,CHRISTINA RAMIREZ,9.99,1,1,1,1,Mike Hillyer,1,1.0,2005-08-02,1
9.09,5.8,1394,1.89,0.53,Sorocaba,3.75,3,Brazil,314,GEORGE LINTON,10.98,2,1,1,2,Jon Stephens,2,1.0,2005-07-30,2
9.1,11.54,1391,0.86,0.33,Stara Zagora,12.0,1,Bulgaria,215,JESSIE BANKS,9.96,4,2,2,1,Mike Hillyer,1,0.0,2005-08-23,4
9.11,11.53,1390,0.87,0.17,Po,18.0,3,Brazil,126,ELLEN SIMPSON,9.97,3,2,2,1,Mike Hillyer,1,0.6667,2005-08-17,3
9.11,5.89,1388,1.86,0.5,Chandrapur,6.0,6,India,167,SALLY PIERCE,10.97,3,1,1,2,Jon Stephens,2,0.0,2005-08-23,3
9.11,5.89,1389,1.86,0.4,Emeishan,7.5,6,China,389,ALAN KAHN,10.97,3,2,2,2,Jon Stephens,2,0.3333,2005-08-02,3
9.12,11.54,1385,0.86,0.2,Aurora,10.0,2,United States,537,CLINTON BUFORD,9.98,2,2,2,1,Mike Hillyer,1,0.5,2005-08-20,2
9.12,11.54,1386,0.87,0.17,Asuncin,12.0,1,Paraguay,226,MAUREEN LITTLE,9.98,2,2,2,1,Mike Hillyer,1,1.0,2005-07-27,2
9.12,11.54,1387,0.87,0.17,Sanaa,12.0,1,Yemen,303,WILLIAM SATTERFIELD,9.98,2,2,2,2,Jon Stephens,2,0.0,2005-07-11,2
9.12,11.55,1384,0.86,0.27,Kitwe,7.5,1,Zambia,438,BARRY LOVELACE,9.98,2,1,1,2,Jon Stephens,2,0.5,2005-07-09,2
9.12,11.56,1383,0.86,0.37,San Juan Bautista Tuxtepec,5.45,3,Mexico,425,FRANCIS SIKES,9.98,2,1,1,2,Jon Stephens,2,0.5,2005-08-23,2
9.12,4.19,1382,2.86,0.63,Owo,3.16,3,Nigeria,280,TRACEY BARRETT,11.98,2,1,1,2,Jon Stephens,2,1.0,2005-08-23,2
9.13,11.56,1381,0.86,0.27,Jhansi,3.75,3,India,32,AMY LOPEZ,9.99,1,1,1,1,Mike Hillyer,1,1.0,2005-07-09,1
9.14,6.0,1380,1.83,0.47,Fuyu,6.43,7,China,211,STACEY MONTGOMERY,10.97,3,2,2,1,Mike Hillyer,1,0.6667,2005-08-22,3
9.15,12.0,1378,0.83,0.17,Newcastle,12.0,1,South Africa,432,EDWIN BURK,9.98,2,1,1,1,Mike Hillyer,1,1.0,2005-07-09,2
9.15,12.0,1379,0.83,0.17,Palghat (Palakkad),12.0,7,India,268,NINA SOTO,9.98,2,1,1,2,Jon Stephens,2,0.5,2005-08-17,2
9.15,12.01,1377,0.83,0.23,Mardan,8.57,1,Pakistan,20,SHARON ROBINSON,9.98,2,2,2,2,Jon Stephens,2,0.5,2005-07-11,2
9.15,12.02,1375,0.83,0.33,Berhampore (Baharampur),6.0,12,India,413,MARVIN YEE,9.98,2,1,1,2,Jon Stephens,2,0.0,2005-08-20,2
9.15,12.02,1376,0.83,0.3,Luzinia,6.67,4,Brazil,183,IDA ANDREWS,9.98,2,1,1,1,Mike Hillyer,1,0.5,2005-07-12,2
9.15,6.0,1374,1.83,0.47,Halifax,4.29,1,Canada,463,DARRELL POWER,10.98,2,2,2,2,Jon Stephens,2,0.5,2005-08-22,2
9.16,6.01,1373,1.83,0.33,Purnea (Purnia),3.0,9,India,426,BRADLEY MOTLEY,10.99,1,1,1,2,Jon Stephens,2,1.0,2005-07-31,1
9.16,6.1,1372,1.8,0.37,Naju,10.91,2,South Korea,237,TANYA GILBERT,10.96,4,2,2,2,Jon Stephens,2,0.25,2005-07-31,4
9.18,12.51,1366,0.8,0.23,Ogbomosho,8.57,1,Nigeria,277,OLGA JIMENEZ,9.98,2,2,2,1,Mike Hillyer,1,1.0,2005-08-18,2
9.18,12.51,1366,0.8,0.23,Sambhal,8.57,13,India,217,AGNES BISHOP,9.98,2,1,1,2,Jon Stephens,2,1.0,2005-07-31,2
9.18,12.51,1368,0.8,0.23,Kaduna,8.57,2,Nigeria,18,CAROL GARCIA,9.98,2,2,2,2,Jon Stephens,2,0.5,2005-07-30,2
9.18,12.51,1369,0.8,0.2,Akishima,10.0,2,Japan,574,JULIAN VEST,9.98,2,1,1,1,Mike Hillyer,1,0.0,2005-07-07,2
9.18,12.51,1369,0.8,0.2,Blumenau,10.0,2,Brazil,206,TERRI VASQUEZ,9.98,2,1,1,2,Jon Stephens,2,0.5,2005-07-07,2
9.18,12.51,1369,0.8,0.2,Tuguegarao,10.0,2,Philippines,261,DEANNA BYRD,9.98,2,1,1,1,Mike Hillyer,1,1.0,2005-07-09,2
9.18,6.11,1365,1.8,0.37,Mandaluyong,5.45,5,Philippines,263,HILDA HOPKINS,10.98,2,2,2,2,Jon Stephens,2,1.0,2005-08-21,2
9.19,12.52,1364,0.8,0.2,Asuncin,5.0,1,Paraguay,226,MAUREEN LITTLE,9.99,1,1,1,1,Mike Hillyer,1,1.0,2005-07-12,1
9.19,6.12,1363,1.8,0.33,San Lorenzo,3.0,3,Paraguay,345,CARL ARTIS,10.99,1,1,1,1,Mike Hillyer,1,1.0,2005-08-21,1
9.21,6.22,1362,1.76,0.37,Tanshui,8.18,1,Taiwan,577,CLIFTON MALCOLM,10.97,3,2,2,1,Mike Hillyer,1,0.3333,2005-08-01,3
9.22,13.05,1361,0.76,0.2,Urawa,10.0,6,Japan,147,JOANNE ROBERTSON,9.98,2,1,1,1,Mike Hillyer,1,0.0,2005-08-18,2
9.22,13.06,1359,0.76,0.27,Aurora,7.5,2,United States,537,CLINTON BUFORD,9.98,2,1,1,2,Jon Stephens,2,1.0,2005-07-28,2
9.22,13.06,1360,0.76,0.23,Addis Abeba,8.57,1,Ethiopia,392,SEAN DOUGLASS,9.98,2,2,2,2,Jon Stephens,2,0.5,2005-08-17,2
9.22,6.23,1358,1.76,0.33,Santa F,6.0,2,Argentina,331,ERIC ROBERT,10.98,2,2,2,1,Mike Hillyer,1,1.0,2005-07-30,2
9.23,13.08,1357,0.76,0.3,Valle de Santiago,3.33,4,Mexico,288,BOBBIE CRAIG,9.99,1,1,1,1,Mike Hillyer,1,1.0,2005-08-02,1
9.24,6.34,1356,1.73,0.37,Chiayi,8.18,2,Taiwan,73,BEVERLY BROOKS,10.97,3,2,2,2,Jon Stephens,2,0.3333,2005-08-02,3
9.25,13.64,1354,0.73,0.17,Patiala,12.0,7,India,296,RAMONA HALE,9.98,2,1,1,2,Jon Stephens,2,0.5,2005-08-17,2
9.25,13.64,1355,0.73,0.17,Livorno,12.0,2,Italy,541,DARREN WINDHAM,9.98,2,2,2,2,Jon Stephens,2,0.0,2005-08-18,2
9.25,13.65,1352,0.73,0.23,Botosani,8.57,1,Romania,230,JOY GEORGE,9.98,2,1,1,2,Jon Stephens,2,0.5,2005-07-27,2
9.25,13.65,1352,0.73,0.23,Yingkou,8.57,12,China,521,ROLAND SOUTH,9.98,2,2,2,2,Jon Stephens,2,1.0,2005-07-31,2
9.25,6.35,1348,1.73,0.4,Najafabad,5.0,4,Iran,368,HARRY ARCE,10.98,2,1,1,2,Jon Stephens,2,1.0,2005-08-01,2
9.25,6.35,1349,1.73,0.37,Blumenau,5.45,4,Brazil,206,TERRI VASQUEZ,10.98,2,1,1,2,Jon Stephens,2,0.5,2005-08-20,2
9.25,6.35,1350,1.73,0.37,Bhilwara,5.45,9,India,209,TONYA CHAPMAN,10.98,2,2,2,1,Mike Hillyer,1,0.5,2005-07-28,2
9.25,6.35,1351,1.73,0.33,Plock,6.0,2,Poland,571,JOHNNIE CHISHOLM,10.98,2,1,1,2,Jon Stephens,2,0.5,2005-08-02,2
9.27,14.29,1347,0.7,0.23,Pjatigorsk,12.86,7,Russian Federation,487,HECTOR POINDEXTER,9.97,3,2,2,1,Mike Hillyer,1,0.3333,2005-07-29,3
9.28,14.28,1346,0.7,0.13,Springs,15.0,1,South Africa,83,LOUISE JENKINS,9.98,2,2,2,1,Mike Hillyer,1,0.5,2005-07-06,2
9.28,14.29,1343,0.7,0.17,Syktyvkar,12.0,6,Russian Federation,428,HERBERT KRUGER,9.98,2,1,1,1,Mike Hillyer,1,0.5,2005-07-28,2
9.28,14.29,1344,0.7,0.17,Kuwana,12.0,1,Japan,531,JAMIE WAUGH,9.98,2,1,1,1,Mike Hillyer,1,0.0,2005-07-12,2
9.28,14.29,1344,0.7,0.17,Teboksary,12.0,4,Russian Federation,350,JUAN FRALEY,9.98,2,1,1,2,Jon Stephens,2,0.5,2005-08-18,2
9.28,14.3,1339,0.7,0.2,Donostia-San Sebastin,10.0,1,Spain,293,MAE FLETCHER,9.98,2,2,2,1,Mike Hillyer,1,1.0,2005-08-19,2
9.28,14.3,1339,0.7,0.2,Tonghae,10.0,3,South Korea,536,FERNANDO CHURCHILL,9.98,2,2,2,1,Mike Hillyer,1,0.0,2005-07-29,2
9.28,14.3,1341,0.7,0.2,Pak Kret,10.0,1,Thailand,42,CAROLYN PEREZ,9.98,2,1,1,2,Jon Stephens,2,1.0,2005-07-10,2
9.28,14.3,1341,0.7,0.2,Pemalang,10.0,1,Indonesia,116,VICTORIA GIBSON,9.98,2,1,1,2,Jon Stephens,2,0.5,2005-07-06,2
9.28,14.31,1338,0.7,0.27,Shenzhen,7.5,7,China,378,EUGENE CULPEPPER,9.98,2,1,1,1,Mike Hillyer,1,0.0,2005-08-02,2
9.28,6.47,1334,1.7,0.4,Salamanca,5.0,3,Mexico,273,PRISCILLA LOWE,10.98,2,2,2,1,Mike Hillyer,1,0.5,2005-08-20,2
9.28,6.47,1335,1.7,0.4,Arecibo,5.0,1,Puerto Rico,360,RALPH MADRIGAL,10.98,2,1,1,2,Jon Stephens,2,1.0,2005-08-17,2
9.28,6.47,1336,1.7,0.33,Valparai,6.0,10,India,403,MIKE WAY,10.98,2,1,1,2,Jon Stephens,2,0.5,2005-07-31,2
9.28,6.47,1337,1.7,0.33,Guaruj,6.0,6,Brazil,427,JESUS MCCARTNEY,10.98,2,2,2,1,Mike Hillyer,1,1.0,2005-08-21,2
9.28,6.48,1333,1.7,0.43,Fuyu,4.62,10,China,211,STACEY MONTGOMERY,10.98,2,2,2,1,Mike Hillyer,1,1.0,2005-07-30,2
9.29,14.3,1331,0.7,0.13,Nanyang,7.5,6,China,37,PAMELA BAKER,9.99,1,1,1,1,Mike Hillyer,1,1.0,2005-07-29,1
9.29,14.31,1330,0.7,0.17,Almirante Brown,6.0,1,Argentina,359,WILLIE MARKHAM,9.99,1,1,1,2,Jon Stephens,2,1.0,2005-07-11,1
9.29,4.45,1332,2.7,0.5,Vijayawada,4.0,1,India,508,MILTON HOWLAND,11.98,2,1,1,1,Mike Hillyer,1,1.0,2005-08-22,2
9.31,14.99,1329,0.67,0.17,Brindisi,18.0,1,Italy,499,MARC OUTLAW,9.97,3,2,2,2,Jon Stephens,2,0.6667,2005-07-09,3
9.31,6.6,1328,1.66,0.4,Usak,7.5,4,Turkey,204,ROSEMARY SCHMIDT,10.97,3,2,2,2,Jon Stephens,2,0.3333,2005-07-12,3
9.32,15.01,1325,0.67,0.17,Atinsk,12.0,5,Russian Federation,397,JIMMY SCHRADER,9.98,2,1,1,2,Jon Stephens,2,0.5,2005-07-10,2
9.32,15.01,1325,0.67,0.17,Bislig,12.0,1,Philippines,94,NORMA GONZALES,9.98,2,2,2,1,Mike Hillyer,1,0.5,2005-07-07,2
9.32,15.01,1325,0.67,0.17,Guadalajara,12.0,2,Mexico,364,BENJAMIN VARNEY,9.98,2,2,2,2,Jon Stephens,2,0.0,2005-07-06,2
9.32,6.6,1324,1.66,0.37,Liepaja,5.45,2,Latvia,23,SARAH LEWIS,10.98,2,2,2,1,Mike Hillyer,1,1.0,2005-07-31,2
9.33,15.02,1322,0.67,0.17,Tianjin,6.0,3,China,249,DORA MEDINA,9.99,1,1,1,1,Mike Hillyer,1,1.0,2005-07-07,1
9.33,15.02,1323,0.67,0.17,Braslia,6.0,3,Brazil,325,TIMOTHY BUNN,9.99,1,1,1,2,Jon Stephens,2,1.0,2005-07-27,1
9.34,15.79,1321,0.63,0.2,Poos de Caldas,15.0,2,Brazil,254,MAXINE SILVA,9.97,3,2,2,2,Jon Stephens,2,0.3333,2005-07-09,3
9.34,6.73,1320,1.63,0.43,Kolpino,6.92,4,Russian Federation,295,DAISY BATES,10.97,3,2,2,2,Jon Stephens,2,0.6667,2005-07-09,3
9.35,15.79,1319,0.63,0.13,Coacalco de Berriozbal,15.0,2,Mexico,247,STELLA MORENO,9.98,2,2,2,1,Mike Hillyer,1,0.5,2005-07-09,2
9.35,15.8,1317,0.63,0.17,Amersfoort,12.0,1,Netherlands,415,GLENN PULLEN,9.98,2,2,2,1,Mike Hillyer,1,1.0,2005-07-12,2
9.35,15.8,1317,0.63,0.17,Imus,12.0,3,Philippines,349,JOE GILLILAND,9.98,2,1,1,1,Mike Hillyer,1,0.0,2005-07-27,2
9.35,6.74,1316,1.63,0.33,Kuching,6.0,2,Malaysia,58,JEAN BELL,10.98,2,1,1,1,Mike Hillyer,1,1.0,2005-08-19,2
9.38,16.66,1313,0.6,0.1,Battambang,20.0,1,Cambodia,516,ELMER NOE,9.98,2,1,1,1,Mike Hillyer,1,0.5,2005-07-28,2
9.38,16.66,1314,0.6,0.1,Jinzhou,20.0,4,China,595,TERRENCE GUNDERSON,9.98,2,1,1,1,Mike Hillyer,1,0.0,2005-07-07,2
9.38,16.66,1315,0.6,0.1,Mukateve,20.0,2,Ukraine,131,MONICA HICKS,9.98,2,1,1,1,Mike Hillyer,1,0.0,2005-07-09,2
9.38,16.67,1311,0.6,0.13,Bat Yam,15.0,1,Israel,315,KENNETH GOODEN,9.98,2,1,1,1,Mike Hillyer,1,0.5,2005-07-12,2
9.38,16.67,1311,0.6,0.13,Czestochowa,15.0,2,Poland,572,SIDNEY BURLESON,9.98,2,1,1,1,Mike Hillyer,1,1.0,2005-07-27,2
9.38,16.68,1309,0.6,0.17,So Bernardo do Campo,12.0,2,Brazil,544,CODY NOLEN,9.98,2,2,2,2,Jon Stephens,2,0.5,2005-07-08,2
9.38,16.68,1310,0.6,0.17,Tafuna,12.0,1,American Samoa,320,ANTHONY SCHWAB,9.98,2,1,1,2,Jon Stephens,2,0.0,2005-07-28,2
9.38,16.69,1308,0.6,0.2,Deba Habe,10.0,3,Nigeria,409,RODNEY MOELLER,9.98,2,2,2,1,Mike Hillyer,1,0.5,2005-08-19,2
9.38,6.87,1307,1.6,0.27,Brescia,7.5,2,Italy,309,CHRISTOPHER GRECO,10.98,2,2,2,1,Mike Hillyer,1,0.5,2005-07-28,2
9.38,6.88,1306,1.6,0.33,Kuwana,6.0,2,Japan,531,JAMIE WAUGH,10.98,2,1,1,2,Jon Stephens,2,1.0,2005-07-29,2
9.39,16.7,1304,0.6,0.17,Okayama,6.0,4,Japan,489,RICARDO MEADOR,9.99,1,1,1,2,Jon Stephens,2,1.0,2005-08-02,1
9.39,16.72,1303,0.6,0.23,Munger (Monghyr),4.29,13,India,28,CYNTHIA YOUNG,9.99,1,1,1,1,Mike Hillyer,1,1.0,2005-07-27,1
9.39,4.62,1305,2.59,0.53,Apeldoorn,3.75,1,Netherlands,137,RHONDA KENNEDY,11.98,2,1,1,1,Mike Hillyer,1,1.0,2005-08-20,2
9.39,6.88,1302,1.6,0.3,Jedda,3.33,2,Saudi Arabia,49,JOYCE EDWARDS,10.99,1,1,1,2,Jon Stephens,2,1.0,2005-07-29,1
9.4,17.64,1301,0.57,0.13,Tokat,22.5,2,Turkey,566,CASEY MENA,9.97,3,2,2,1,Mike Hillyer,1,0.3333,2005-07-06,3
9.41,7.01,1300,1.56,0.27,Smolensk,11.25,4,Russian Federation,127,ELAINE STEVENS,10.97,3,2,2,1,Mike Hillyer,1,0.3333,2005-08-19,3
9.41,7.02,1299,1.56,0.37,Nador,8.18,2,Morocco,40,AMANDA CARTER,10.97,3,2,2,1,Mike Hillyer,1,0.6667,2005-08-19,3
9.42,17.66,1296,0.57,0.17,Warren,12.0,5,United States,276,BRANDY GRAVES,9.98,2,1,1,2,Jon Stephens,2,0.0,2005-07-09,2
9.42,17.66,1297,0.57,0.17,Kamakura,12.0,3,Japan,79,RACHEL BARNES,9.98,2,2,2,2,Jon Stephens,2,0.5,2005-07-08,2
9.42,17.66,1298,0.57,0.17,Zhoushan,12.0,7,China,550,GUY BROWNLEE,9.98,2,2,2,2,Jon Stephens,2,1.0,2005-07-29,2
9.42,17.67,1293,0.57,0.13,Gaziantep,7.5,6,Turkey,480,COREY HAUSER,9.99,1,1,1,2,Jon Stephens,2,1.0,2005-07-28,1
9.42,7.02,1295,1.56,0.33,Najafabad,6.0,1,Iran,368,HARRY ARCE,10.98,2,1,1,1,Mike Hillyer,1,0.5,2005-07-11,2
9.42,7.03,1294,1.56,0.43,Balurghat,4.62,9,India,208,LUCY WHEELER,10.98,2,1,1,2,Jon Stephens,2,0.5,2005-08-01,2
9.43,17.68,1292,0.57,0.17,Lipetsk,6.0,4,Russian Federation,44,MARIE TURNER,9.99,1,1,1,2,Jon Stephens,2,1.0,2005-07-08,1
9.43,7.03,1291,1.56,0.33,Sharja,3.0,1,United Arab Emirates,292,MISTY LAMBERT,10.99,1,1,1,1,Mike Hillyer,1,1.0,2005-08-18,1
9.44,18.74,1290,0.53,0.13,Ivanovo,22.5,4,Russian Federation,106,CONNIE WALLACE,9.97,3,2,2,1,Mike Hillyer,1,0.3333,2005-07-27,3
9.44,7.17,1289,1.53,0.33,Botosani,9.0,1,Romania,230,JOY GEORGE,10.97,3,2,2,1,Mike Hillyer,1,1.0,2005-08-17,3
9.45,18.77,1288,0.53,0.17,Okara,12.0,1,Pakistan,399,DANNY ISOM,9.98,2,1,1,2,Jon Stephens,2,1.0,2005-07-11,2
9.45,7.17,1287,1.53,0.3,Omiya,6.67,3,Japan,404,STANLEY SCROGGINS,10.98,2,2,2,1,Mike Hillyer,1,1.0,2005-08-19,2
9.45,7.18,1284,1.53,0.4,Xiangfan,5.0,7,China,241,HEIDI LARSON,10.98,2,1,1,2,Jon Stephens,2,1.0,2005-08-21,2
9.45,7.18,1285,1.53,0.37,Carmen,5.45,3,Mexico,578,WILLARD LUMPKIN,10.98,2,2,2,1,Mike Hillyer,1,1.0,2005-08-01,2
9.45,7.18,1285,1.53,0.37,Papeete,5.45,1,French Polynesia,56,GLORIA COOK,10.98,2,1,1,1,Mike Hillyer,1,0.5,2005-08-02,2
9.46,18.77,1283,0.53,0.1,Yerevan,10.0,1,Armenia,41,STEPHANIE MITCHELL,9.99,1,1,1,2,Jon Stephens,2,1.0,2005-07-07,1
9.47,19.99,1282,0.5,0.13,Haldia,22.5,15,India,186,HOLLY FOX,9.97,3,1,1,2,Jon Stephens,2,0.3333,2005-07-30,3
9.47,20.01,1281,0.5,0.17,Dzerzinsk,18.0,2,Russian Federation,430,RAY HOULE,9.97,3,2,2,1,Mike Hillyer,1,1.0,2005-08-20,3
9.47,7.33,1280,1.5,0.4,Banjul,7.5,1,Gambia,584,SALVADOR TEEL,10.97,3,2,2,1,Mike Hillyer,1,0.0,2005-08-02,3
9.48,20.0,1279,0.5,0.1,Okinawa,20.0,5,Japan,365,BRUCE SCHWARZ,9.98,2,2,2,1,Mike Hillyer,1,0.0,2005-07-28,2
9.48,21.35,1277,0.47,0.07,Dhaka,75.0,1,Bangladesh,332,STEPHEN QUALLS,9.95,5,2,2,1,Mike Hillyer,1,0.4,2005-07-09,5
9.48,7.34,1276,1.5,0.43,Davao,4.62,1,Philippines,27,SHIRLEY ALLEN,10.98,2,1,1,2,Jon Stephens,2,1.0,2005-07-12,2
9.48,7.34,1278,1.5,0.4,Bijapur,5.0,4,India,468,TIM CARY,10.98,2,2,2,2,Jon Stephens,2,0.5,2005-07-12,2
9.49,20.02,1274,0.5,0.1,Shahr-e Kord,10.0,1,Iran,185,ROBERTA HARPER,9.99,1,1,1,1,Mike Hillyer,1,1.0,2005-07-07,1
9.49,4.8,1275,2.49,0.57,Cape Coral,3.53,3,United States,526,KARL SEAL,11.98,2,1,1,2,Jon Stephens,2,0.5,2005-07-31,2
9.5,21.43,1273,0.47,0.13,Bchar,22.5,1,Algeria,69,JUDY GRAY,9.97,3,1,1,1,Mike Hillyer,1,0.6667,2005-08-17,3
9.51,21.45,1270,0.47,0.13,Batna,15.0,1,Algeria,441,MARIO CHEATHAM,9.98,2,2,2,2,Jon Stephens,2,0.5,2005-07-07,2
9.51,21.45,1271,0.47,0.13,Compton,15.0,4,United States,182,RENEE LANE,9.98,2,1,1,1,Mike Hillyer,1,0.5,2005-07-06,2
9.51,7.5,1272,1.46,0.33,Sullana,9.0,1,Peru,597,FREDDIE DUGGAN,10.97,3,2,2,1,Mike Hillyer,1,0.3333,2005-08-19,3
9.52,21.45,1265,0.47,0.1,Salinas,10.0,2,United States,269,CASSANDRA WALTERS,9.99,1,1,1,1,Mike Hillyer,1,1.0,2005-07-07,1
9.52,21.47,1264,0.47,0.13,Benguela,7.5,1,Angola,528,CLAUDE HERZOG,9.99,1,1,1,2,Jon Stephens,2,1.0,2005-07-07,1
9.52,7.5,1268,1.46,0.3,Nyeri,6.67,1,Kenya,363,ROY WHITING,10.98,2,1,1,2,Jon Stephens,2,0.5,2005-08-18,2
9.52,7.5,1269,1.46,0.27,Purnea (Purnia),7.5,8,India,426,BRADLEY MOTLEY,10.98,2,2,2,2,Jon Stephens,2,0.5,2005-07-30,2
9.52,7.51,1266,1.46,0.47,Gulbarga,4.29,5,India,370,WAYNE TRUONG,10.98,2,1,1,1,Mike Hillyer,1,0.5,2005-08-23,2
9.52,7.51,1267,1.46,0.37,Huixquilucan,5.45,5,Mexico,108,TRACY COLE,10.98,2,2,2,2,Jon Stephens,2,1.0,2005-07-10,2
9.54,23.06,1263,0.43,0.1,Leshan,30.0,12,China,569,DAVE GARDINER,9.97,3,2,2,1,Mike Hillyer,1,0.3333,2005-07-30,3
9.55,23.08,1262,0.43,0.1,Gijn,20.0,1,Spain,394,CHRIS BROTHERS,9.98,2,2,2,1,Mike Hillyer,1,0.5,2005-07-07,2
9.55,23.12,1261,0.43,0.17,s-Hertogenbosch,12.0,1,Netherlands,184,VIVIAN RUIZ,9.98,2,1,1,2,Jon Stephens,2,0.5,2005-07-12,2
9.55,7.68,1258,1.43,0.43,Leshan,4.62,6,China,569,DAVE GARDINER,10.98,2,2,2,1,Mike Hillyer,1,0.5,2005-08-19,2
9.55,7.68,1259,1.43,0.4,Richmond Hill,5.0,1,Canada,410,CURTIS IRBY,10.98,2,2,2,2,Jon Stephens,2,0.5,2005-07-11,2
9.55,7.68,1260,1.43,0.33,Cuman,6.0,1,Venezuela,113,CINDY FISHER,10.98,2,2,2,1,Mike Hillyer,1,1.0,2005-07-10,2
9.56,23.13,1257,0.43,0.13,Gandhinagar,7.5,6,India,117,EDITH MCDONALD,9.99,1,1,1,1,Mike Hillyer,1,1.0,2005-07-11,1
9.57,7.86,1256,1.4,0.37,Fukuyama,8.18,4,Japan,141,DEBBIE REYES,10.97,3,1,1,1,Mike Hillyer,1,0.6667,2005-08-01,3
9.58,25.01,1253,0.4,0.1,Dallas,20.0,3,United States,400,BRYAN HARDISON,9.98,2,1,1,1,Mike Hillyer,1,0.5,2005-07-08,2
9.58,25.01,1254,0.4,0.1,Funafuti,20.0,1,Tuvalu,105,DAWN SULLIVAN,9.98,2,2,2,1,Mike Hillyer,1,0.5,2005-07-09,2
9.58,25.03,1252,0.4,0.13,Coatzacoalcos,15.0,2,Mexico,482,MAURICE CRAWLEY,9.98,2,1,1,1,Mike Hillyer,1,0.0,2005-07-09,2
9.58,7.86,1249,1.4,0.37,Santo Andr,5.45,4,Brazil,354,JUSTIN NGO,10.98,2,2,2,1,Mike Hillyer,1,1.0,2005-08-18,2
9.58,7.86,1250,1.4,0.33,Chungho,6.0,4,Taiwan,517,BRAD MCCURDY,10.98,2,1,1,1,Mike Hillyer,1,0.5,2005-07-09,2
9.58,7.86,1251,1.4,0.27,Oshawa,7.5,3,Canada,189,LORETTA CARPENTER,10.98,2,2,2,1,Mike Hillyer,1,1.0,2005-08-20,2
9.58,7.86,1255,1.4,0.5,Sasebo,6.0,7,Japan,1,MARY SMITH,10.97,3,2,2,1,Mike Hillyer,1,1.0,2005-08-22,3
9.58,7.87,1247,1.4,0.4,Ljubertsy,5.0,3,Russian Federation,160,ERIN DUNN,10.98,2,2,2,1,Mike Hillyer,1,1.0,2005-08-18,2
9.58,7.87,1248,1.4,0.4,Rae Bareli,5.0,8,India,78,LORI WOOD,10.98,2,2,2,1,Mike Hillyer,1,1.0,2005-07-30,2
9.59,7.86,1246,1.4,0.27,Florencia,3.75,1,Colombia,460,LEON BOSTIC,10.99,1,1,1,2,Jon Stephens,2,1.0,2005-08-01,1
9.61,27.29,1244,0.37,0.1,Trshavn,20.0,1,Faroe Islands,317,EDWARD BAUGH,9.98,2,1,1,1,Mike Hillyer,1,0.5,2005-07-07,2
9.61,27.29,1245,0.37,0.1,Lancaster,20.0,2,United States,112,ROSA REYNOLDS,9.98,2,1,1,2,Jon Stephens,2,0.0,2005-07-28,2
9.61,27.32,1243,0.37,0.13,El Monte,15.0,5,United States,420,JACOB LANCE,9.98,2,2,2,1,Mike Hillyer,1,0.0,2005-07-09,2
9.62,5.07,1241,2.36,0.53,Pjatigorsk,3.75,2,Russian Federation,487,HECTOR POINDEXTER,11.98,2,2,2,2,Jon Stephens,2,1.0,2005-08-17,2
9.62,8.06,1242,1.36,0.37,guas Lindas de Gois,5.45,3,Brazil,130,CHARLOTTE HUNTER,10.98,2,2,2,1,Mike Hillyer,1,0.5,2005-08-23,2
9.64,8.24,1240,1.33,0.23,Xiangtan,12.86,7,China,67,KELLY TORRES,10.97,3,2,2,2,Jon Stephens,2,0.0,2005-08-20,3
9.64,8.25,1239,1.33,0.37,Pak Kret,8.18,1,Thailand,42,CAROLYN PEREZ,10.97,3,2,2,2,Jon Stephens,2,0.6667,2005-07-29,3
9.65,30.0,1237,0.33,0.07,Kisumu,30.0,2,Kenya,193,KATIE ELLIOTT,9.98,2,1,1,1,Mike Hillyer,1,0.5,2005-07-29,2
9.65,30.0,1238,0.33,0.07,Udaipur,30.0,5,India,170,BEATRICE ARNOLD,9.98,2,2,2,1,Mike Hillyer,1,0.0,2005-07-06,2
9.65,30.03,1235,0.33,0.1,Nukualofa,20.0,1,Tonga,344,HENRY BILLINGSLEY,9.98,2,1,1,2,Jon Stephens,2,1.0,2005-07-07,2
9.65,30.03,1236,0.33,0.1,Faaa,20.0,1,French Polynesia,43,CHRISTINE ROBERTS,9.98,2,1,1,1,Mike Hillyer,1,0.5,2005-07-09,2
9.65,5.15,1229,2.33,0.6,Leshan,3.33,4,China,569,DAVE GARDINER,11.98,2,1,1,1,Mike Hillyer,1,0.5,2005-08-22,2
9.65,8.25,1231,1.33,0.3,Sumqayit,6.67,1,Azerbaijan,334,RAYMOND MCWHORTER,10.98,2,1,1,2,Jon Stephens,2,1.0,2005-07-12,2
9.65,8.25,1232,1.33,0.27,Tabora,7.5,1,Tanzania,190,YOLANDA WEAVER,10.98,2,1,1,2,Jon Stephens,2,0.5,2005-08-17,2
9.65,8.25,1233,1.33,0.27,Matsue,7.5,6,Japan,355,TERRY GRISSOM,10.98,2,1,1,2,Jon Stephens,2,1.0,2005-07-27,2
9.65,8.25,1234,1.33,0.27,Valparai,7.5,8,India,403,MIKE WAY,10.98,2,2,2,2,Jon Stephens,2,0.5,2005-07-30,2
9.65,8.26,1230,1.33,0.37,Satna,5.45,10,India,356,GERALD FULTZ,10.98,2,1,1,2,Jon Stephens,2,1.0,2005-07-31,2
9.66,30.09,1227,0.33,0.13,Alvorada,7.5,3,Brazil,551,CLAYTON BARBEE,9.99,1,1,1,2,Jon Stephens,2,1.0,2005-07-27,1
9.66,30.09,1227,0.33,0.13,Rustenburg,7.5,1,South Africa,407,DALE RATCLIFF,9.99,1,1,1,2,Jon Stephens,2,1.0,2005-07-10,1
9.66,8.26,1226,1.33,0.27,Songkhla,3.75,1,Thailand,86,JACQUELINE LONG,10.99,1,1,1,1,Mike Hillyer,1,1.0,2005-07-28,1
9.66,8.45,1225,1.3,0.33,Jastrzebie-Zdrj,12.0,1,Poland,128,MARJORIE TUCKER,10.96,4,1,1,2,Jon Stephens,2,0.5,2005-08-19,4
9.68,33.3,1223,0.3,0.03,Kanazawa,60.0,3,Japan,547,KURT EMMONS,9.98,2,2,2,1,Mike Hillyer,1,0.0,2005-07-06,2
9.68,33.38,1222,0.3,0.1,Sirjan,20.0,1,Iran,449,OSCAR AQUINO,9.98,2,1,1,1,Mike Hillyer,1,0.5,2005-07-06,2
9.68,33.45,1221,0.3,0.17,Grand Prairie,12.0,2,United States,118,KIM CRUZ,9.98,2,2,2,2,Jon Stephens,2,1.0,2005-07-28,2
9.68,5.22,1224,2.29,0.53,Warren,5.63,4,United States,276,BRANDY GRAVES,11.97,3,2,2,2,Jon Stephens,2,0.3333,2005-08-23,3
9.68,8.46,1220,1.3,0.23,Cayenne,8.57,1,French Guiana,65,ROSE HOWARD,10.98,2,2,2,1,Mike Hillyer,1,0.5,2005-08-17,2
9.68,8.47,1216,1.3,0.37,Kakamigahara,5.45,6,Japan,163,CATHY SPENCER,10.98,2,1,1,2,Jon Stephens,2,1.0,2005-08-21,2
9.68,8.47,1217,1.3,0.33,San Felipe del Progreso,6.0,3,Mexico,319,RONALD WEINER,10.98,2,1,1,2,Jon Stephens,2,1.0,2005-08-22,2
9.68,8.47,1218,1.3,0.3,Soshanguve,6.67,1,South Africa,145,LUCILLE HOLMES,10.98,2,2,2,1,Mike Hillyer,1,0.5,2005-07-27,2
9.68,8.47,1219,1.3,0.3,Blumenau,6.67,3,Brazil,206,TERRI VASQUEZ,10.98,2,1,1,1,Mike Hillyer,1,1.0,2005-07-11,2
9.69,37.44,1215,0.27,0.07,Tiefa,60.0,6,China,302,MICHAEL SILVERMAN,9.96,4,1,1,2,Jon Stephens,2,0.0,2005-07-10,4
9.71,37.57,1212,0.27,0.1,Dundee,20.0,1,United Kingdom,142,APRIL BURNS,9.98,2,2,2,1,Mike Hillyer,1,0.5,2005-07-08,2
9.71,37.61,1211,0.27,0.13,Robamba,15.0,1,Ecuador,494,RAMON CHOATE,9.98,2,2,2,2,Jon Stephens,2,1.0,2005-07-07,2
9.71,5.29,1213,2.26,0.57,Ljubertsy,5.29,4,Russian Federation,160,ERIN DUNN,11.97,3,2,2,1,Mike Hillyer,1,0.3333,2005-08-23,3
9.71,8.68,1214,1.26,0.27,Jining,11.25,3,China,594,EDUARDO HIATT,10.97,3,2,2,2,Jon Stephens,2,0.6667,2005-07-29,3
9.72,37.56,1204,0.27,0.07,Jinzhou,15.0,3,China,595,TERRENCE GUNDERSON,9.99,1,1,1,1,Mike Hillyer,1,1.0,2005-07-06,1
9.72,8.69,1207,1.26,0.37,Izumisano,5.45,3,Japan,391,CLARENCE GAMEZ,10.98,2,2,2,2,Jon Stephens,2,0.5,2005-08-01,2
9.72,8.69,1208,1.26,0.33,Lilongwe,6.0,1,Malawi,166,LYNN PAYNE,10.98,2,1,1,1,Mike Hillyer,1,0.5,2005-07-10,2
9.72,8.69,1209,1.26,0.3,Tabuk,6.67,1,Saudi Arabia,312,MARK RINEHART,10.98,2,1,1,1,Mike Hillyer,1,1.0,2005-07-30,2
9.72,8.69,1210,1.26,0.27,Benguela,7.5,1,Angola,528,CLAUDE HERZOG,10.98,2,2,2,1,Mike Hillyer,1,0.5,2005-08-20,2
9.72,8.7,1205,1.26,0.43,Toulouse,4.62,1,France,35,VIRGINIA GREEN,10.98,2,1,1,1,Mike Hillyer,1,0.5,2005-07-11,2
9.72,8.7,1206,1.26,0.4,Effon-Alaiye,5.0,1,Nigeria,286,VELMA LUCAS,10.98,2,2,2,1,Mike Hillyer,1,1.0,2005-08-20,2
9.74,5.37,1203,2.23,0.53,Jaffna,5.63,1,Sri Lanka,408,MANUEL MURRELL,11.97,3,2,2,1,Mike Hillyer,1,0.6667,2005-08-23,3
9.75,5.37,1195,2.23,0.43,Kuwana,4.62,1,Japan,531,JAMIE WAUGH,11.98,2,2,2,2,Jon Stephens,2,0.5,2005-08-19,2
9.75,8.92,1199,1.23,0.3,Siegen,6.67,2,Germany,195,VANESSA SIMS,10.98,2,1,1,1,Mike Hillyer,1,0.5,2005-07-31,2
9.75,8.92,1200,1.23,0.27,Osmaniye,7.5,3,Turkey,13,KAREN JACKSON,10.98,2,1,1,2,Jon Stephens,2,0.5,2005-07-30,2
9.75,8.92,1200,1.23,0.27,Palghat (Palakkad),7.5,8,India,268,NINA SOTO,10.98,2,2,2,2,Jon Stephens,2,0.5,2005-07-30,2
9.75,8.92,1202,1.23,0.23,Deba Habe,8.57,1,Nigeria,409,RODNEY MOELLER,10.98,2,1,1,1,Mike Hillyer,1,0.5,2005-07-10,2
9.75,8.93,1196,1.23,0.37,Vaduz,5.45,1,Liechtenstein,57,EVELYN MORGAN,10.98,2,1,1,2,Jon Stephens,2,0.5,2005-08-23,2
9.75,8.93,1197,1.23,0.37,Uttarpara-Kotrung,5.45,9,India,231,GEORGIA JACOBS,10.98,2,2,2,1,Mike Hillyer,1,1.0,2005-08-02,2
9.75,8.93,1198,1.23,0.33,Vicente Lpez,6.0,1,Argentina,219,WILLIE HOWELL,10.98,2,1,1,1,Mike Hillyer,1,0.5,2005-08-21,2
9.76,9.16,1194,1.2,0.37,Datong,10.91,8,China,260,CHRISTY VARGAS,10.96,4,2,2,2,Jon Stephens,2,0.25,2005-08-20,4
9.77,9.16,1192,1.2,0.3,Jinchang,10.0,3,China,168,REGINA BERRY,10.97,3,2,2,2,Jon Stephens,2,1.0,2005-07-29,3
9.77,9.16,1193,1.2,0.27,Kowloon and New Kowloon,11.25,1,Hong Kong,289,VIOLET RODRIQUEZ,10.97,3,2,2,2,Jon Stephens,2,0.0,2005-07-27,3
9.78,9.17,1190,1.2,0.3,Springs,6.67,2,South Africa,83,LOUISE JENKINS,10.98,2,1,1,2,Jon Stephens,2,0.5,2005-08-23,2
9.78,9.17,1191,1.2,0.2,Valparai,10.0,3,India,403,MIKE WAY,10.98,2,2,2,2,Jon Stephens,2,1.0,2005-07-06,2
9.78,9.18,1189,1.2,0.33,Manchester,6.0,8,United States,382,VICTOR BARKLEY,10.98,2,1,1,2,Jon Stephens,2,0.5,2005-08-21,2
9.79,9.18,1188,1.2,0.3,Guadalajara,3.33,4,Mexico,364,BENJAMIN VARNEY,10.99,1,1,1,1,Mike Hillyer,1,1.0,2005-07-10,1
9.81,4.1,1185,3.16,0.6,Maikop,5.0,3,Russian Federation,346,ARTHUR SIMPKINS,12.97,3,2,2,2,Jon Stephens,2,1.0,2005-08-02,3
9.81,60.24,1184,0.17,0.1,Tama,20.0,3,Japan,385,PHILLIP HOLM,9.98,2,1,1,2,Jon Stephens,2,0.5,2005-07-06,2
9.81,9.42,1187,1.16,0.27,Zeleznogorsk,11.25,6,Russian Federation,351,JACK FOUST,10.97,3,2,2,1,Mike Hillyer,1,0.3333,2005-08-23,3
9.81,9.43,1186,1.16,0.3,Yingkou,10.0,8,China,521,ROLAND SOUTH,10.97,3,2,2,2,Jon Stephens,2,0.6667,2005-08-21,3
9.82,60.06,1182,0.17,0.03,Vijayawada,30.0,6,India,508,MILTON HOWLAND,9.99,1,1,1,2,Jon Stephens,2,1.0,2005-07-10,1
9.82,9.43,1183,1.16,0.23,Gatineau,8.57,1,Canada,476,DERRICK BOURQUE,10.98,2,2,2,2,Jon Stephens,2,1.0,2005-08-18,2
9.84,5.62,1179,2.13,0.43,Batman,6.92,3,Turkey,172,BERNICE WILLIS,11.97,3,2,2,1,Mike Hillyer,1,0.6667,2005-08-19,3
9.84,5.63,1178,2.13,0.6,Nha Trang,5.0,1,Vietnam,520,MITCHELL WESTMORELAND,11.97,3,2,2,1,Mike Hillyer,1,0.6667,2005-08-23,3
9.84,9.7,1181,1.13,0.23,Fengshan,12.86,1,Taiwan,576,MORRIS MCCARTER,10.97,3,2,2,2,Jon Stephens,2,0.0,2005-07-06,3
9.84,9.71,1180,1.13,0.37,Surakarta,8.18,1,Indonesia,450,JAY ROBB,10.97,3,2,2,2,Jon Stephens,2,0.6667,2005-08-22,3
9.85,5.63,1173,2.13,0.6,Shaoguan,3.33,6,China,485,CLYDE TOBIAS,11.98,2,2,2,2,Jon Stephens,2,1.0,2005-08-01,2
9.85,5.63,1174,2.13,0.43,Smolensk,4.62,3,Russian Federation,127,ELAINE STEVENS,11.98,2,2,2,2,Jon Stephens,2,1.0,2005-08-23,2
9.85,75.23,1177,0.13,0.07,Aden,30.0,2,Yemen,210,ELLA OLIVER,9.98,2,1,1,2,Jon Stephens,2,0.5,2005-07-06,2
9.85,9.71,1175,1.13,0.3,Okara,6.67,2,Pakistan,399,DANNY ISOM,10.98,2,2,2,1,Mike Hillyer,1,1.0,2005-08-02,2
9.85,9.71,1176,1.13,0.27,Trshavn,7.5,1,Faroe Islands,317,EDWARD BAUGH,10.98,2,1,1,2,Jon Stephens,2,0.5,2005-08-17,2
9.87,10.0,1171,1.1,0.33,Iligan,9.0,4,Philippines,580,ROSS GREY,10.97,3,1,1,1,Mike Hillyer,1,0.6667,2005-07-30,3
9.87,10.0,1172,1.1,0.27,Garland,11.25,5,United States,561,IAN STILL,10.97,3,2,2,2,Jon Stephens,2,0.3333,2005-08-02,3
9.87,5.71,1170,2.1,0.37,Vijayawada,8.18,8,India,508,MILTON HOWLAND,11.97,3,2,2,2,Jon Stephens,2,0.6667,2005-07-31,3
9.88,10.0,1166,1.1,0.2,Sincelejo,10.0,1,Colombia,87,WANDA PATTERSON,10.98,2,2,2,2,Jon Stephens,2,1.0,2005-07-29,2
9.88,10.0,1167,1.1,0.2,Purnea (Purnia),10.0,9,India,426,BRADLEY MOTLEY,10.98,2,1,1,1,Mike Hillyer,1,0.5,2005-07-28,2
9.88,10.01,1163,1.1,0.3,Dos Quebradas,6.67,2,Colombia,120,SYLVIA ORTIZ,10.98,2,1,1,2,Jon Stephens,2,1.0,2005-08-19,2
9.88,10.01,1164,1.1,0.27,Shivapuri,7.5,1,India,68,NICOLE PETERSON,10.98,2,2,2,1,Mike Hillyer,1,1.0,2005-07-08,2
9.88,10.01,1164,1.1,0.27,Sullana,7.5,1,Peru,597,FREDDIE DUGGAN,10.98,2,1,1,1,Mike Hillyer,1,1.0,2005-08-17,2
9.88,100.13,1168,0.1,0.03,Le Mans,60.0,1,France,162,LAUREN HUDSON,9.98,2,2,2,1,Mike Hillyer,1,0.5,2005-07-29,2
9.88,100.13,1169,0.1,0.03,San Bernardino,60.0,3,United States,2,PATRICIA JOHNSON,9.98,2,1,1,1,Mike Hillyer,1,0.5,2005-07-10,2
9.88,5.72,1162,2.1,0.43,Bhilwara,4.62,8,India,209,TONYA CHAPMAN,11.98,2,1,1,2,Jon Stephens,2,0.5,2005-07-29,2
9.89,10.02,1159,1.1,0.3,Erlangen,3.33,1,Germany,448,MIGUEL BETANCOURT,10.99,1,1,1,1,Mike Hillyer,1,1.0,2005-07-30,1
9.89,100.57,1160,0.1,0.07,Fontana,15.0,3,United States,51,ALICE STEWART,9.99,1,1,1,1,Mike Hillyer,1,1.0,2005-07-06,1
9.89,5.72,1161,2.09,0.53,Iligan,3.75,2,Philippines,580,ROSS GREY,11.98,2,1,1,1,Mike Hillyer,1,0.5,2005-08-23,2
9.91,10.32,1158,1.06,0.33,Tanza,9.0,1,Philippines,236,MARCIA DEAN,10.97,3,1,1,2,Jon Stephens,2,0.3333,2005-07-27,3
9.91,151.21,1155,0.07,0.07,Arak,30.0,2,Iran,36,KATHLEEN ADAMS,9.98,2,1,1,2,Jon Stephens,2,0.0,2005-07-08,2
9.91,151.21,1156,0.07,0.07,Pyongyang,30.0,1,North Korea,157,DARLENE ROSE,9.98,2,2,2,2,Jon Stephens,2,1.0,2005-07-07,2
9.91,151.21,1157,0.07,0.07,Junan,30.0,4,China,435,RICKY SHELBY,9.98,2,1,1,1,Mike Hillyer,1,0.5,2005-07-06,2
9.92,10.32,1153,1.06,0.27,Portoviejo,7.5,2,Ecuador,262,PATSY DAVIDSON,10.98,2,1,1,2,Jon Stephens,2,1.0,2005-08-22,2
9.92,10.32,1154,1.06,0.23,Juazeiro do Norte,8.57,7,Brazil,47,FRANCES PARKER,10.98,2,2,2,1,Mike Hillyer,1,1.0,2005-07-29,2
9.93,10.33,1152,1.06,0.23,Clarksville,4.29,3,United States,140,EVA RAMOS,10.99,1,1,1,2,Jon Stephens,2,1.0,2005-08-19,1
9.94,10.63,1151,1.03,0.13,Cuauhtmoc,22.5,3,Mexico,467,ALVIN DELOACH,10.97,3,2,2,1,Mike Hillyer,1,0.0,2005-07-07,3
9.94,10.64,1149,1.03,0.27,Tiefa,11.25,3,China,302,MICHAEL SILVERMAN,10.97,3,2,2,1,Mike Hillyer,1,0.3333,2005-07-29,3
9.94,10.64,1150,1.03,0.27,Boksburg,11.25,1,South Africa,125,ETHEL WEBB,10.97,3,2,2,1,Mike Hillyer,1,0.3333,2005-07-29,3
9.94,5.9,1147,2.03,0.57,Hohhot,5.29,6,China,138,HAZEL WARREN,11.97,3,2,2,2,Jon Stephens,2,0.3333,2005-08-21,3
9.94,5.9,1148,2.03,0.5,Sungai Petani,6.0,1,Malaysia,306,CHARLES KOWALSKI,11.97,3,2,2,1,Mike Hillyer,1,0.3333,2005-08-02,3
9.95,10.65,1140,1.03,0.27,Uruapan,7.5,3,Mexico,454,ALEX GRESHAM,10.98,2,2,2,1,Mike Hillyer,1,0.5,2005-07-30,2
9.95,10.65,1141,1.03,0.27,Donostia-San Sebastin,7.5,1,Spain,293,MAE FLETCHER,10.98,2,2,2,1,Mike Hillyer,1,0.5,2005-08-20,2
9.95,10.65,1141,1.03,0.27,Fengshan,7.5,2,Taiwan,576,MORRIS MCCARTER,10.98,2,1,1,1,Mike Hillyer,1,1.0,2005-07-30,2
9.95,10.65,1143,1.03,0.27,Lima,7.5,1,Peru,122,THELMA MURRAY,10.98,2,2,2,1,Mike Hillyer,1,0.5,2005-07-27,2
9.95,10.65,1144,1.03,0.23,Santiago de Compostela,8.57,1,Spain,549,NELSON CHRISTENSON,10.98,2,1,1,2,Jon Stephens,2,0.5,2005-07-31,2
9.95,10.65,1145,1.03,0.2,Probolinggo,10.0,3,Indonesia,372,STEVE MACKENZIE,10.98,2,2,2,2,Jon Stephens,2,0.5,2005-07-27,2
9.95,10.65,1146,1.03,0.2,Kirovo-Tepetsk,10.0,3,Russian Federation,179,DANA HART,10.98,2,1,1,1,Mike Hillyer,1,1.0,2005-07-12,2
9.95,10.66,1138,1.03,0.33,Ljubertsy,6.0,3,Russian Federation,160,ERIN DUNN,10.98,2,1,1,1,Mike Hillyer,1,1.0,2005-08-17,2
9.95,10.66,1139,1.03,0.33,Zeleznogorsk,6.0,3,Russian Federation,351,JACK FOUST,10.98,2,2,2,2,Jon Stephens,2,0.5,2005-07-12,2
9.95,5.9,1137,2.03,0.37,Mit Ghamr,5.45,2,Egypt,491,RICK MATTOX,11.98,2,2,2,1,Mike Hillyer,1,0.5,2005-08-02,2
9.96,10.67,1136,1.03,0.33,Shimonoseki,3.0,2,Japan,29,ANGELA HERNANDEZ,10.99,1,1,1,2,Jon Stephens,2,1.0,2005-07-09,1
9.97,10.99,1135,1.0,0.2,Dos Quebradas,15.0,1,Colombia,120,SYLVIA ORTIZ,10.97,3,2,2,2,Jon Stephens,2,0.6667,2005-07-07,3
9.98,11.01,1131,1.0,0.23,Iwakuni,8.57,3,Japan,54,TERESA ROGERS,10.98,2,1,1,1,Mike Hillyer,1,0.5,2005-07-11,2
9.98,11.01,1132,1.0,0.23,Mandaluyong,8.57,3,Philippines,263,HILDA HOPKINS,10.98,2,2,2,2,Jon Stephens,2,0.5,2005-08-17,2
9.98,4.33,1133,2.99,0.6,Lancaster,5.0,3,United States,112,ROSA REYNOLDS,12.97,3,1,1,1,Mike Hillyer,1,0.3333,2005-08-23,3
9.98,6.0,1134,1.99,0.53,Kolpino,5.63,1,Russian Federation,295,DAISY BATES,11.97,3,2,2,2,Jon Stephens,2,0.6667,2005-07-11,3
9.99,11.01,1130,1.0,0.2,Gorontalo,5.0,2,Indonesia,203,TARA RYAN,10.99,1,1,1,2,Jon Stephens,2,1.0,2005-07-30,1
9.99,11.02,1129,1.0,0.27,San Felipe de Puerto Plata,3.75,1,Dominican Republic,418,JEFF EAST,10.99,1,1,1,2,Jon Stephens,2,1.0,2005-07-30,1
