customer_name,country,city,payment_date,window_amount,window_count,window_films,window_staffs,window_stores,global_risk_rank
TOMMY COLLAZO,Iran,Qomsheh,2005-08-01,96.84,16,16,"1,2,1,2,1,2,1,1,2","1,2,1,2,1,2,1,1,2",1
PATRICIA JOHNSON,United States,San Bernardino,2005-08-02,83.83,17,17,"2,1,2,1,1,2,1,1,1,2","2,1,2,1,1,2,1,1,1,2",2
ANA BRADLEY,United States,Memphis,2005-08-01,82.86,14,14,"1,1,1,1,2,1,1,2,1","1,1,1,1,2,1,1,2,1",3
ANA BRADLEY,United States,Memphis,2005-08-02,78.86,14,14,"1,1,1,2,1,1,2,1,2","1,1,1,2,1,1,2,1,2",4
ELEANOR HUNT,Runion,Saint-Denis,2005-08-02,78.85,15,15,"1,2,2,1,1,1,2,2,1","1,2,2,1,1,1,2,2,1",5
ARNOLD HAVENS,Philippines,Santa Rosa,2005-08-01,74.86,14,14,"2,1,2,1,1,2,2,2,1","2,1,2,1,1,2,2,2,1",6
TOMMY COLLAZO,Iran,Qomsheh,2005-07-31,73.88,12,12,"1,2,1,2,1,2,1","1,2,1,2,1,2,1",7
MICHELLE CLARK,Bangladesh,Tangail,2005-08-22,72.86,14,14,"2,2,1,1,2,1,2,2,1","2,2,1,1,2,1,2,2,1",8
TANYA GILBERT,South Korea,Naju,2005-08-02,71.85,15,15,"1,2,1,2,2,1,1,1,2,2","1,2,1,2,2,1,1,1,2,2",9
RHONDA KENNEDY,Netherlands,Apeldoorn,2005-08-02,69.87,13,13,"1,2,1,1,2,2,1","1,2,1,1,2,2,1",10
ELEANOR HUNT,Runion,Saint-Denis,2005-08-23,69.84,16,16,"1,2,2,1,1,1,2,2,1,2","1,2,2,1,1,1,2,2,1,2",11
MICHELLE CLARK,Bangladesh,Tangail,2005-08-21,67.87,13,13,"2,2,1,1,2,1,2,2","2,2,1,1,2,1,2,2",12
MIKE WAY,India,Valparai,2005-08-02,67.87,13,13,"1,2,1,2,2,1,2,1,2","1,2,1,2,2,1,2,1,2",13
HELEN HARRIS,India,Bhopal,2005-08-23,67.86,14,14,"1,2,1,2,1,2,1,2,2,1,1","1,2,1,2,1,2,1,2,2,1,1",14
ELEANOR HUNT,Runion,Saint-Denis,2005-08-01,67.86,14,14,"1,2,2,1,1,1,2,2","1,2,2,1,1,1,2,2",14
HECTOR POINDEXTER,Russian Federation,Pjatigorsk,2005-08-02,67.85,15,15,"1,1,2,2,1,1,2,2,2,1,2,1","1,1,2,2,1,1,2,2,2,1,2,1",16
PATRICIA JOHNSON,United States,San Bernardino,2005-08-01,66.87,13,13,"2,1,2,1,1,2,1,1","2,1,2,1,1,2,1,1",17
ARTHUR SIMPKINS,Russian Federation,Maikop,2005-08-02,66.86,14,14,"2,2,1,2,1,1,2,2,1","2,2,1,2,1,1,2,2,1",18
PATRICIA JOHNSON,United States,San Bernardino,2005-07-31,65.88,12,12,"2,1,2,1,1,2,1","2,1,2,1,1,2,1",19
ELSIE KELLEY,Nigeria,Ikerre,2005-08-23,65.86,14,14,"1,2,2,1,1,1,2,2,1,1","1,2,2,1,1,1,2,2,1,1",20
CLARA SHAW,Belarus,Molodetno,2005-08-02,65.84,16,16,"2,1,2,1,2,2,1,1,2","2,1,2,1,2,2,1,1,2",21
LINDA WILLIAMS,Greece,Athenai,2005-08-01,64.88,12,12,"1,2,2,1,1,1,2,1,2,2","1,2,2,1,1,1,2,1,2,2",22
LENA JENSEN,India,Halisahar,2005-08-23,64.87,13,12,"2,1,2,1,2,2,2,1,2","2,1,2,1,2,2,2,1,2",23
BRITTANY RILEY,Ukraine,Sumy,2005-08-23,63.91,9,9,"1,2,1,2,2,2","1,2,1,2,2,2",24
JAMIE WAUGH,Japan,Kuwana,2005-08-02,63.88,12,12,"2,1,2,2,2,2,1","2,1,2,2,2,2,1",25
PATRICIA JOHNSON,United States,San Bernardino,2005-07-30,62.89,11,11,"2,1,2,1,1,2","2,1,2,1,1,2",26
HELEN HARRIS,India,Bhopal,2005-08-22,62.87,13,13,"1,2,1,2,1,2,1,2,2,1","1,2,1,2,1,2,1,2,2,1",27
STEPHEN QUALLS,Bangladesh,Dhaka,2005-08-02,62.87,13,13,"2,2,1,1,1,2,1","2,2,1,1,1,2,1",27
TAMMY SANDERS,Taiwan,Changhwa,2005-08-02,62.86,14,14,"1,1,2,1,2,1,2,1,1","1,1,2,1,2,1,2,1,1",29
DANIELLE DANIELS,Mexico,Hidalgo,2005-08-21,62.86,14,14,"2,2,1,2,2,2,1","2,2,1,2,2,2,1",30
SHERRY MARSHALL,Egypt,Shubra al-Khayma,2005-08-23,62.86,14,14,"1,2,2,1,2,1,2,1,2","1,2,2,1,2,1,2,1,2",31
KARL SEAL,United States,Cape Coral,2005-08-22,61.89,11,11,"1,1,2,1,2,2,1,2,1,1","1,1,2,1,2,2,1,2,1,1",32
MICHELLE CLARK,Bangladesh,Tangail,2005-08-20,61.89,11,11,"2,2,1,1,2,1,2","2,2,1,1,2,1,2",33
TONYA CHAPMAN,India,Bhilwara,2005-08-01,61.88,12,12,"1,2,1,2,2,1,2,1","1,2,1,2,2,1,2,1",34
STEVE MACKENZIE,Indonesia,Probolinggo,2005-08-02,61.88,12,12,"1,2,2,1,1,2,1,2","1,2,2,1,1,2,1,2",34
MILTON HOWLAND,India,Vijayawada,2005-08-02,61.88,12,12,"1,2,2,2,1,1,1,2","1,2,2,2,1,1,1,2",36
JOSEPHINE GOMEZ,India,Etawah,2005-08-23,61.87,13,13,"2,2,1,2,1,2,2,1,1","2,2,1,2,1,2,2,1,1",37
ELEANOR HUNT,Runion,Saint-Denis,2005-08-22,61.86,14,14,"1,2,2,1,1,1,2,2","1,2,2,1,1,1,2,2",38
CASEY MENA,Turkey,Tokat,2005-08-02,61.84,16,16,"1,2,1,2,2,1,2,2,2","1,2,1,2,2,1,2,2,2",39
TOMMY COLLAZO,Iran,Qomsheh,2005-07-30,60.91,9,9,"1,2,1,2,1","1,2,1,2,1",40
KARL SEAL,United States,Cape Coral,2005-08-23,60.89,11,11,"1,2,1,2,2,1,2,1,1,1","1,2,1,2,2,1,2,1,1,1",41
RHONDA KENNEDY,Netherlands,Apeldoorn,2005-08-01,60.89,11,11,"1,2,1,1,2","1,2,1,1,2",42
MILTON HOWLAND,India,Vijayawada,2005-08-01,60.89,11,11,"2,1,2,2,2,1,1","2,1,2,2,2,1,1",43
RUBY WASHINGTON,China,Meixian,2005-08-02,60.88,12,12,"2,1,1,1,2,2,1,2","2,1,1,1,2,2,1,2",44
STEPHANIE MITCHELL,Armenia,Yerevan,2005-08-02,60.87,13,13,"1,2,2,1,1,2,1,2,1","1,2,2,1,1,2,1,2,1",45
ELEANOR HUNT,Runion,Saint-Denis,2005-07-31,60.87,13,13,"1,2,2,1,1,1,2","1,2,2,1,1,1,2",45
ELSIE KELLEY,Nigeria,Ikerre,2005-08-22,60.87,13,13,"1,2,2,1,1,1,2,2,1","1,2,2,1,1,1,2,2,1",45
TIM CARY,India,Bijapur,2005-08-23,60.87,13,13,"2,2,1,2,1,2,1","2,2,1,2,1,2,1",48
HAROLD MARTINO,Brazil,Boa Vista,2005-08-23,60.86,14,14,"1,1,2,2,1,2,1","1,1,2,2,1,2,1",49
NICHOLAS BARFIELD,Brazil,Belm,2005-08-22,59.9,10,10,"2,1,1,2,2,1,1","2,1,1,2,2,1,1",50
DUANE TUBBS,Nauru,Yangor,2005-08-23,59.89,11,11,"1,1,2,1,2,1,2","1,1,2,1,2,1,2",51
GUY BROWNLEE,China,Zhoushan,2005-08-23,59.89,11,11,"1,2,1,2,2,1,2,1","1,2,1,2,2,1,2,1",52
SHAWN HEATON,Thailand,Nakhon Sawan,2005-08-22,59.88,12,12,"1,2,1,1,2,2","1,2,1,1,2,2",53
NAOMI JENNINGS,India,Karnal,2005-08-23,59.88,12,12,"1,1,2,1,2,1,2,1,2","1,1,2,1,2,1,2,1,2",54
CURTIS IRBY,Canada,Richmond Hill,2005-08-23,59.88,12,12,"1,2,1,2,1,2,2,1,1","1,2,1,2,1,2,2,1,1",55
JOANNE ROBERTSON,Japan,Urawa,2005-08-23,59.87,13,13,"1,2,1,2,2,1,2,1","1,2,1,2,2,1,2,1",56
MAE FLETCHER,Spain,Donostia-San Sebastin,2005-08-23,58.9,10,10,"1,2,1,2,1,1,1,1,2","1,2,1,2,1,1,1,1,2",57
JIMMIE EGGLESTON,Poland,Wroclaw,2005-07-12,58.89,11,11,"1,1,1,2,1,2,2,1","1,1,1,2,1,2,2,1",58
LINDA WILLIAMS,Greece,Athenai,2005-07-31,58.89,11,11,"1,2,2,1,1,1,2,1,2","1,2,2,1,1,1,2,1,2",59
DAISY BATES,Russian Federation,Kolpino,2005-08-02,58.89,11,11,"2,1,1,2,1,2,2,1,2","2,1,1,2,1,2,2,1,2",60
JOSEPHINE GOMEZ,India,Etawah,2005-08-22,58.88,12,12,"2,2,1,2,1,2,2,1","2,2,1,2,1,2,2,1",61
TROY QUIGLEY,Canada,Vancouver,2005-08-23,58.88,12,12,"1,2,2,2,1,2,2","1,2,2,2,1,2,2",62
MARSHA DOUGLAS,Mozambique,Beira,2005-08-02,58.86,14,14,"2,1,2,2,1,2,1,2,1","2,1,2,2,1,2,1,2,1",63
CASEY MENA,Turkey,Tokat,2005-08-01,58.85,15,15,"1,2,1,2,2,1,2,2","1,2,1,2,2,1,2,2",64
ALFRED CASILLAS,Egypt,Sawhaj,2005-08-02,57.89,11,11,"1,2,1,2,2,2,1,1","1,2,1,2,2,2,1,1",65
LOUIS LEONE,Philippines,Tanauan,2005-08-22,57.88,12,12,"2,2,1,2,2,1,2,2,1","2,2,1,2,2,1,2,2,1",66
DAVE GARDINER,China,Leshan,2005-08-23,57.87,13,13,"1,1,2,2,1,2,2,1,2","1,1,2,2,1,2,2,1,2",67
DIANE COLLINS,Sudan,Omdurman,2005-08-02,57.87,13,13,"1,1,1,2,1,2,2,2","1,1,1,2,1,2,2,2",68
RAMON CHOATE,Ecuador,Robamba,2005-08-02,57.87,13,13,"2,2,2,2,1,2,1,1,2","2,2,2,2,1,2,1,1,2",68
TINA SIMMONS,Brazil,Goinia,2005-07-11,56.9,10,10,"2,1,2,2,1,1,2","2,1,2,2,1,1,2",70
TAMMY SANDERS,Taiwan,Changhwa,2005-08-01,56.88,12,12,"1,1,2,1,2,1,2,1","1,1,2,1,2,1,2,1",71
STEPHEN QUALLS,Bangladesh,Dhaka,2005-08-01,56.88,12,12,"2,2,1,1,1,2","2,2,1,1,1,2",72
DIANNE SHELTON,Iran,Tabriz,2005-08-23,56.88,12,12,"1,2,1,2,2,1,1,2,1","1,2,1,2,2,1,1,2,1",73
ANA BRADLEY,United States,Memphis,2005-07-31,55.91,9,9,"1,1,1,1,2,1,1","1,1,1,1,2,1,1",74
ARNOLD HAVENS,Philippines,Santa Rosa,2005-07-31,55.9,10,10,"2,1,2,1,1,2,2","2,1,2,1,1,2,2",75
DALE RATCLIFF,South Africa,Rustenburg,2005-08-02,55.89,11,11,"1,2,1,2,1,2,1,2","1,2,1,2,1,2,1,2",76
RUBY WASHINGTON,China,Meixian,2005-08-01,55.89,11,11,"2,1,1,1,2,2,1","2,1,1,1,2,2,1",77
NAOMI JENNINGS,India,Karnal,2005-08-22,55.89,11,11,"1,1,2,1,2,1,2,1","1,1,2,1,2,1,2,1",77
FRANCIS SIKES,Mexico,San Juan Bautista Tuxtepec,2005-07-12,55.89,11,11,"1,2,2,1,2,1,2,1","1,2,2,1,2,1,2,1",77
JORDAN ARCHULETA,Argentina,Avellaneda,2005-08-02,55.89,11,11,"2,1,1,2,2,1,2,2,1,1","2,1,1,2,2,1,2,2,1,1",77
LOUIS LEONE,Philippines,Tanauan,2005-08-02,55.88,12,12,"1,2,1,1,2,1,1,1,2","1,2,1,1,2,1,1,1,2",81
SHERRY MARSHALL,Egypt,Shubra al-Khayma,2005-08-22,55.88,12,12,"1,2,2,1,2,1,2","1,2,2,1,2,1,2",82
ALEXANDER FENNELL,Italy,Bergamo,2005-08-23,55.88,12,12,"2,1,1,2,2,2,2,2,1","2,1,1,2,2,2,2,2,1",83
ANGELA HERNANDEZ,Japan,Shimonoseki,2005-08-22,55.87,13,13,"2,1,2,2,1,2,1,1,1","2,1,2,2,1,2,1,1,1",84
CONSTANCE REID,Nigeria,Zaria,2005-08-01,55.87,13,13,"1,2,1,1,2,2,2,1","1,2,1,1,2,2,2,1",84
BRANDON HUEY,Turkey,Balikesir,2005-08-02,55.87,13,13,"2,1,1,2,2,2,1,1,2","2,1,1,2,2,2,1,1,2",84
COURTNEY DAY,South Korea,Uijongbu,2005-08-02,55.86,14,14,"2,1,2,1,2,1,2,1","2,1,2,1,2,1,2,1",87
NATHAN RUNYON,"Virgin Islands, U.S.",Charlotte Amalie,2005-08-01,55.86,14,14,"2,1,2,2,1,2,1,1","2,1,2,2,1,2,1,1",87
ETHEL WEBB,South Africa,Boksburg,2005-08-02,55.86,14,14,"1,2,2,1,1,2,1,1,2","1,2,2,1,1,2,1,1,2",89
CLARA SHAW,Belarus,Molodetno,2005-07-12,54.92,8,8,"1,2,2,2,2","1,2,2,2,2",90
ANDY VANHORN,Mexico,Huejutla de Reyes,2005-08-02,54.91,9,9,"2,1,2,1,1,2","2,1,2,1,1,2",91
ALFRED CASILLAS,Egypt,Sawhaj,2005-08-01,54.9,10,10,"1,2,1,2,2,2,1","1,2,1,2,2,2,1",92
LAURA RODRIGUEZ,Morocco,Sal,2005-08-23,54.9,10,10,"1,2,1,1,1,1","1,2,1,1,1,1",93
CHARLENE ALVAREZ,Tanzania,Zanzibar,2005-08-02,54.9,10,10,"2,1,1,2,1,2,1","2,1,1,2,1,2,1",93
STEPHEN QUALLS,Bangladesh,Dhaka,2005-07-31,54.9,10,10,"2,2,1,1","2,2,1,1",93
MIGUEL BETANCOURT,Germany,Erlangen,2005-08-23,54.9,10,10,"2,1,1,1,2,1,1,2,1","2,1,1,1,2,1,1,2,1",93
LORI WOOD,India,Rae Bareli,2005-08-02,54.9,10,10,"2,2,1,2,1,2,1,1","2,2,1,2,1,2,1,1",97
STANLEY SCROGGINS,Japan,Omiya,2005-08-22,54.9,10,10,"1,2,1,1,2","1,2,1,1,2",98
ANDREA HENDERSON,Madagascar,Mahajanga,2005-08-23,54.89,11,11,"1,2,2,1,2,1,1,2","1,2,2,1,2,1,1,2",99
RHONDA KENNEDY,Netherlands,Apeldoorn,2005-08-23,54.89,11,11,"2,1,1,1,1,2,1,2,1","2,1,1,1,1,2,1,2,1",99
CLIFTON MALCOLM,Taiwan,Tanshui,2005-08-02,54.89,11,11,"2,1,2,1,2,2,1,1,2","2,1,2,1,2,2,1,1,2",99
CURTIS IRBY,Canada,Richmond Hill,2005-08-22,54.89,11,11,"1,2,1,2,1,2,2,1","1,2,1,2,1,2,2,1",102
STEPHANIE MITCHELL,Armenia,Yerevan,2005-08-01,54.88,12,12,"1,2,2,1,1,2,1,2","1,2,2,1,1,2,1,2",103
TANYA GILBERT,South Korea,Naju,2005-07-31,54.87,13,13,"1,2,1,2,2,1,1,1,2","1,2,1,2,2,1,1,1,2",104
HOLLY FOX,India,Haldia,2005-08-23,54.87,13,13,"1,1,1,2,1,2,2,1","1,1,1,2,1,2,2,1",105
HECTOR POINDEXTER,Russian Federation,Pjatigorsk,2005-08-01,54.86,14,14,"1,1,1,2,2,1,1,2,2,2,1","1,1,1,2,2,1,1,2,2,2,1",106
HAZEL WARREN,China,Hohhot,2005-08-02,54.85,15,15,"1,1,2,1,2,1,2,1,1","1,1,2,1,2,1,2,1,1",107
RUTH MARTINEZ,South Africa,Kimberley,2005-08-22,53.92,8,8,"2,1,1,2,1,2,1,1","2,1,1,2,1,2,1,1",108
KARL SEAL,United States,Cape Coral,2005-08-21,53.91,9,9,"1,1,2,1,2,2,1,2,1","1,1,2,1,2,2,1,2,1",109
JOHN FARNSWORTH,India,Parbhani,2005-08-23,53.9,10,10,"2,2,1,2,1,1,2,2","2,2,1,2,1,1,2,2",110
DUANE TUBBS,Nauru,Yangor,2005-08-22,53.9,10,10,"1,1,2,1,2,1","1,1,2,1,2,1",111
DAISY BATES,Russian Federation,Kolpino,2005-08-01,53.9,10,10,"2,1,1,2,1,2,2,1","2,1,1,2,1,2,2,1",112
ROSA REYNOLDS,United States,Lancaster,2005-08-23,53.89,11,11,"1,2,2,1,2,1","1,2,2,1,2,1",113
TROY QUIGLEY,Canada,Vancouver,2005-08-20,53.89,11,11,"1,2,2,2,1,2","1,2,2,2,1,2",113
WARREN SHERROD,Russian Federation,Usolje-Sibirskoje,2005-08-23,53.89,11,11,"2,1,1,2,1,2,1,2,1","2,1,1,2,1,2,1,2,1",113
CECIL VINES,United Kingdom,London,2005-08-23,53.89,11,11,"2,2,2,1,1,2,2","2,2,2,1,1,2,2",113
ARTHUR SIMPKINS,Russian Federation,Maikop,2005-08-01,53.89,11,11,"2,2,1,2,1,1,2","2,2,1,2,1,1,2",117
MARION SNYDER,Brazil,Santa Brbara dOeste,2005-08-02,53.88,12,12,"1,2,1,2,2,1,2,2,1,2","1,2,1,2,2,1,2,2,1,2",118
DEBRA NELSON,Brazil,Vila Velha,2005-08-01,53.88,12,12,"2,1,1,1,2,1,2","2,1,1,1,2,1,2",119
DIANE COLLINS,Sudan,Omdurman,2005-08-01,53.88,12,12,"1,1,1,2,1,2,2","1,1,1,2,1,2,2",120
HOLLY FOX,India,Haldia,2005-08-22,53.88,12,12,"1,1,1,2,1,2,2","1,1,1,2,1,2,2",120
RAMON CHOATE,Ecuador,Robamba,2005-08-01,53.88,12,12,"2,2,2,2,1,2,1,1","2,2,2,2,1,2,1,1",120
NATHAN RUNYON,"Virgin Islands, U.S.",Charlotte Amalie,2005-07-31,53.87,13,13,"2,1,2,2,1,2,1","2,1,2,2,1,2,1",123
JAVIER ELROD,Chad,NDjamna,2005-08-23,53.87,13,13,"2,1,2,1,1,1,2,1,1","2,1,2,1,1,1,2,1,1",124
BRITTANY RILEY,Ukraine,Sumy,2005-08-22,52.93,7,7,"1,2,1,2,2","1,2,1,2,2",125
GORDON ALLARD,Yemen,Hodeida,2005-08-01,52.91,9,9,"1,1,2,1,1,1","1,1,2,1,1,1",126
MAURICE CRAWLEY,Mexico,Coatzacoalcos,2005-07-12,52.91,9,9,"2,1,1,2,1,2","2,1,1,2,1,2",127
JENNIE TERRY,Czech Republic,Olomouc,2005-07-12,52.9,10,10,"1,1,2,1,1,1,2,2","1,1,2,1,1,1,2,2",128
OLGA JIMENEZ,Nigeria,Ogbomosho,2005-08-22,52.9,10,10,"2,2,1,1,2,1,2,1","2,2,1,1,2,1,2,1",128
ALEX GRESHAM,Mexico,Uruapan,2005-06-21,52.9,10,10,"2,1,2,2,1,2,1","2,1,2,2,1,2,1",128
NEIL RENNER,Vietnam,Cam Ranh,2005-07-12,52.9,10,10,"1,2,2,1,2,1,2,2,1","1,2,2,1,2,1,2,2,1",128
FRANCIS SIKES,Mexico,San Juan Bautista Tuxtepec,2005-07-11,52.9,10,10,"1,2,2,1,2,1,2","1,2,2,1,2,1,2",132
COURTNEY DAY,South Korea,Uijongbu,2005-07-31,52.89,11,11,"2,1,2,1,2,1","2,1,2,1,2,1",133
CRYSTAL FORD,Israel,Ashdod,2005-07-12,52.89,11,11,"2,1,2,1,2,1,2","2,1,2,1,2,1,2",134
HELEN HARRIS,India,Bhopal,2005-08-21,52.89,11,11,"1,2,1,2,1,2,1,2","1,2,1,2,1,2,1,2",135
LARRY THRASHER,Turkey,Adana,2005-08-23,52.89,11,11,"2,1,2,1,1,1,2,1,2","2,1,2,1,1,1,2,1,2",135
WESLEY BULL,Spain,Ourense (Orense),2005-08-01,52.88,12,12,"1,2,2,1,2,1,2,1","1,2,2,1,2,1,2,1",137
MARCIA DEAN,Philippines,Tanza,2005-08-02,52.88,12,12,"2,1,2,1,1,1,2,2","2,1,2,1,1,1,2,2",138
MARSHA DOUGLAS,Mozambique,Beira,2005-07-31,52.88,12,12,"2,1,2,2,1,2,1,2","2,1,2,2,1,2,1,2",138
LOUIS LEONE,Philippines,Tanauan,2005-08-01,52.88,12,12,"1,1,2,1,1,2,1,1,1","1,1,2,1,1,2,1,1,1",138
KARL SEAL,United States,Cape Coral,2005-08-02,52.88,12,12,"2,2,1,1,2,2,2","2,2,1,1,2,2,2",138
ARLENE HARVEY,India,Ambattur,2005-08-02,52.88,12,12,"2,1,1,2,1,2,1,2","2,1,1,2,1,2,1,2",142
KYLE SPURLOCK,China,Shanwei,2005-08-02,52.88,12,12,"1,2,1,2,1,2,2,1,2","1,2,1,2,1,2,2,1,2",143
JAVIER ELROD,Chad,NDjamna,2005-08-22,52.88,12,12,"2,1,2,1,1,1,2,1","2,1,2,1,1,1,2,1",143
ELLA OLIVER,Yemen,Aden,2005-07-12,52.87,13,13,"2,2,1,1,1,2,2,1","2,2,1,1,1,2,2,1",145
NICHOLAS BARFIELD,Brazil,Belm,2005-08-21,51.92,8,8,"2,1,1,2,2,1","2,1,1,2,2,1",146
GORDON ALLARD,Yemen,Hodeida,2005-07-31,51.92,8,8,"1,1,2,1,1","1,1,2,1,1",146
ELLA OLIVER,Yemen,Aden,2005-08-23,51.91,9,9,"2,1,2,1,2,2,2","2,1,2,1,2,2,2",148
ALFRED CASILLAS,Egypt,Sawhaj,2005-07-30,51.91,9,9,"1,2,1,2,2,2","1,2,1,2,2,2",148
BRADLEY MOTLEY,India,Purnea (Purnia),2005-08-02,51.91,9,9,"1,1,1,2,2,1,2","1,1,1,2,2,1,2",150
ERIC ROBERT,Argentina,Santa F,2005-07-10,51.91,9,9,"1,2,1,2,1,1","1,2,1,2,1,1",151
GLADYS HAMILTON,Nigeria,Ilorin,2005-08-23,51.9,10,10,"2,1,2,2,2,1,2","2,1,2,2,2,1,2",152
RANDY GAITHER,Russian Federation,Kurgan,2005-07-12,51.9,10,10,"2,1,2,1,1,1,2","2,1,2,1,1,1,2",153
MILTON HOWLAND,India,Vijayawada,2005-07-31,51.9,10,10,"2,1,2,2,2,1","2,1,2,2,2,1",154
DAVE GARDINER,China,Leshan,2005-08-22,51.89,11,11,"1,1,2,2,1,2,2,1","1,1,2,2,1,2,2,1",155
JORGE OLIVARES,Indonesia,Lhokseumawe,2005-08-02,51.89,11,11,"1,2,1,2,1,2","1,2,1,2,1,2",156
REGINA BERRY,China,Jinchang,2005-08-23,51.88,12,12,"1,1,1,2,1,1,2","1,1,1,2,1,1,2",157
HAROLD MARTINO,Brazil,Boa Vista,2005-08-21,51.88,12,12,"1,1,2,2,1,2","1,1,2,2,1,2",158
TERRENCE GUNDERSON,China,Jinzhou,2005-08-02,51.87,13,13,"1,2,1,2,2,1,1,1","1,2,1,2,2,1,1,1",159
RUTH MARTINEZ,South Africa,Kimberley,2005-08-21,50.93,7,7,"2,1,1,2,1,2,1","2,1,1,2,1,2,1",160
TOMMY COLLAZO,Iran,Qomsheh,2005-07-29,50.93,7,7,"1,2,1,2","1,2,1,2",160
ROBIN HAYES,Russian Federation,Jelets,2005-07-12,50.92,8,8,"2,1,1,1,2,1","2,1,1,1,2,1",162
ANA BRADLEY,United States,Memphis,2005-07-30,50.92,8,8,"1,1,1,1,2,1","1,1,1,1,2,1",162
BRADLEY MOTLEY,India,Purnea (Purnia),2005-08-01,50.92,8,8,"1,1,1,2,2,1","1,1,1,2,2,1",162
LINDA WILLIAMS,Greece,Athenai,2005-07-30,50.91,9,9,"1,2,2,1,1,1,2","1,2,2,1,1,1,2",165
TRACEY BARRETT,Nigeria,Owo,2005-08-23,50.91,9,9,"1,1,2,1,2,1,2","1,1,2,1,2,1,2",165
CRAIG MORRELL,Philippines,Cavite,2005-08-23,50.89,11,11,"2,1,2,1,1,1,2,2","2,1,2,1,1,1,2,2",167
JORDAN ARCHULETA,Argentina,Avellaneda,2005-08-01,50.89,11,11,"1,2,1,1,2,2,1,2,2,1","1,2,1,1,2,2,1,2,2,1",168
CURTIS IRBY,Canada,Richmond Hill,2005-08-02,50.89,11,11,"2,1,2,1,1,1","2,1,2,1,1,1",169
FRANK WAGGONER,Bangladesh,Jamalpur,2005-08-02,50.88,12,12,"1,2,1,2,1,1,1,2,1,2","1,2,1,2,1,1,1,2,1,2",170
RALPH MADRIGAL,Puerto Rico,Arecibo,2005-08-02,50.88,12,12,"1,2,1,2,2,1,2,1,2,2","1,2,1,2,2,1,2,1,2,2",170
ELLA OLIVER,Yemen,Aden,2005-07-11,50.88,12,12,"2,2,1,1,1,2,2","2,2,1,1,1,2,2",172
SHELLY WATTS,United States,Dayton,2005-08-02,50.87,13,13,"2,1,2,2,1,2,2,1,2,1","2,1,2,2,1,2,2,1,2,1",173
CLARA SHAW,Belarus,Molodetno,2005-08-01,50.87,13,13,"2,1,2,1,2,2,1","2,1,2,1,2,2,1",174
CAROLE BARNETT,United States,Peoria,2005-08-23,50.86,14,14,"1,2,1,1,2,1,2,2,2","1,2,1,1,2,1,2,2,2",175
DARLENE ROSE,North Korea,Pyongyang,2005-08-02,50.85,15,15,"1,2,2,2,1,2,1,1,2","1,2,2,2,1,2,1,1,2",176
RHONDA KENNEDY,Netherlands,Apeldoorn,2005-07-31,49.91,9,9,"1,2,1,1","1,2,1,1",177
MIGUEL BETANCOURT,Germany,Erlangen,2005-08-22,49.91,9,9,"2,1,1,1,2,1,1,2","2,1,1,1,2,1,1,2",177
FRANCIS SIKES,Mexico,San Juan Bautista Tuxtepec,2005-07-09,49.91,9,9,"1,2,2,1,2,1","1,2,2,1,2,1",179
TIM CARY,India,Bijapur,2005-08-21,49.91,9,9,"2,2,1,2,1","2,2,1,2,1",179
ARNOLD HAVENS,Philippines,Santa Rosa,2005-07-30,49.91,9,9,"2,1,2,1,1,2","2,1,2,1,1,2",179
WESLEY BULL,Spain,Ourense (Orense),2005-08-23,49.9,10,10,"2,1,1,2,1","2,1,1,2,1",182
JOSEPHINE GOMEZ,India,Etawah,2005-08-21,49.9,10,10,"2,2,1,2,1,2","2,2,1,2,1,2",183
MARC OUTLAW,Italy,Brindisi,2005-08-22,49.9,10,10,"1,2,1,1,2,2,1","1,2,1,1,2,2,1",183
MARC OUTLAW,Italy,Brindisi,2005-08-23,49.9,10,10,"2,1,1,2,2,1,1","2,1,1,2,2,1,1",183
RAMON CHOATE,Ecuador,Robamba,2005-07-31,49.9,10,10,"2,2,2,2,1,2,1","2,2,2,2,1,2,1",186
CARRIE PORTER,China,Liaocheng,2005-08-01,49.89,11,11,"1,2,1,2,1","1,2,1,2,1",187
DANA HART,Russian Federation,Kirovo-Tepetsk,2005-08-02,49.89,11,11,"1,1,1,2,2,1,1,2,1","1,1,1,2,2,1,1,2,1",187
STEPHANIE MITCHELL,Armenia,Yerevan,2005-07-31,49.89,11,11,"1,2,2,1,1,2,1","1,2,2,1,1,2,1",189
DIANNE SHELTON,Iran,Tabriz,2005-08-22,49.89,11,11,"1,1,2,1,2,2,1,1","1,1,2,1,2,2,1,1",189
WESLEY BULL,Spain,Ourense (Orense),2005-08-02,49.88,12,12,"2,2,1,2,1,2,1,2","2,2,1,2,1,2,1,2",191
ALICE STEWART,United States,Fontana,2005-08-22,49.88,12,12,"2,1,2,1,1,2,2,1,1","2,1,2,1,1,2,2,1,1",192
JUANITA MASON,India,Pune,2005-08-02,49.88,12,12,"2,1,1,1,2,1,2,2,1,2","2,1,1,1,2,1,2,2,1,2",192
CATHERINE CAMPBELL,Russian Federation,Moscow,2005-08-23,49.87,13,13,"1,2,2,1,1,2,1,1","1,2,2,1,1,2,1,1",194
NORA HERRERA,Austria,Salzburg,2005-08-22,49.87,13,13,"2,1,1,2,1,1,1","2,1,1,2,1,1,1",195
BRADLEY MOTLEY,India,Purnea (Purnia),2005-07-31,48.93,7,7,"1,1,1,2,2","1,1,1,2,2",196
ALFRED CASILLAS,Egypt,Sawhaj,2005-07-29,48.92,8,8,"1,2,1,2,2","1,2,1,2,2",197
JACQUELINE LONG,Thailand,Songkhla,2005-08-01,48.92,8,8,"1,1,2,1,2,2","1,1,2,1,2,2",198
TINA SIMMONS,Brazil,Goinia,2005-07-10,48.92,8,8,"2,1,2,2,1","2,1,2,2,1",198
STEPHEN QUALLS,Bangladesh,Dhaka,2005-07-30,48.92,8,8,"2,2,1","2,2,1",198
DAISY BATES,Russian Federation,Kolpino,2005-07-31,48.92,8,8,"2,1,1,2,1,2","2,1,1,2,1,2",201
SERGIO STANFIELD,Mexico,Celaya,2005-08-02,48.91,9,9,"1,2,2,2,1,1,2","1,2,2,2,1,1,2",202
LENA JENSEN,India,Halisahar,2005-08-02,48.91,9,9,"2,2,1,2,1,1,1","2,2,1,2,1,1,1",203
EDDIE TOMLIN,Philippines,Ozamis,2005-08-22,48.91,9,9,"1,2,2,2,1,2,2","1,2,2,2,1,2,2",204
DEAN SAUER,South Africa,Johannesburg,2005-08-23,48.9,10,10,"2,1,1,1,2,2,1","2,1,1,1,2,2,1",205
ANDRE RAPP,Chile,Coquimbo,2005-08-22,48.9,10,10,"2,1,2,1,1,2,2,2","2,1,2,1,1,2,2,2",205
KAREN JACKSON,Turkey,Osmaniye,2005-08-02,48.9,10,10,"1,1,2,2,1,1,2","1,1,2,2,1,1,2",207
JANICE WARD,Sweden,Malm,2005-07-11,48.9,10,10,"1,2,2,1,2,2,1,2","1,2,2,1,2,2,1,2",207
ROSA REYNOLDS,United States,Lancaster,2005-08-02,48.9,10,10,"2,1,2,2,1,2,1","2,1,2,2,1,2,1",207
ELEANOR HUNT,Runion,Saint-Denis,2005-07-30,48.9,10,10,"1,2,2,1,1","1,2,2,1,1",207
ERIN DUNN,Russian Federation,Ljubertsy,2005-08-23,48.9,10,10,"1,2,1,2,1,2,1","1,2,1,2,1,2,1",207
DANA HART,Russian Federation,Kirovo-Tepetsk,2005-08-01,48.9,10,10,"1,1,1,2,2,1,1,2","1,1,1,2,2,1,1,2",207
CHARLIE BESS,China,Baiyin,2005-08-01,48.9,10,10,"2,1,1,1,1,2,2,1","2,1,1,1,1,2,2,1",207
DEBBIE REYES,Japan,Fukuyama,2005-08-02,48.89,11,11,"2,2,1,2,1,2,1,1","2,2,1,2,1,2,1,1",214
REGINA BERRY,China,Jinchang,2005-08-22,48.89,11,11,"1,1,1,2,1,1","1,1,1,2,1,1",214
ELSIE KELLEY,Nigeria,Ikerre,2005-08-21,48.89,11,11,"1,2,2,1,1,1,2","1,2,2,1,1,1,2",214
THEODORE CULP,India,Uluberia,2005-08-02,48.89,11,11,"1,2,2,1,2,1,1","1,2,2,1,2,1,1",217
CAROLYN PEREZ,Thailand,Pak Kret,2005-08-02,48.88,12,12,"1,1,1,2,2,2,2,1","1,1,1,2,2,2,2,1",218
CONSTANCE REID,Nigeria,Zaria,2005-07-31,48.88,12,12,"1,2,1,1,2,2,2","1,2,1,1,2,2,2",219
TERRENCE GUNDERSON,China,Jinzhou,2005-08-01,48.88,12,12,"1,2,1,2,2,1,1","1,2,1,2,2,1,1",219
MAX PITT,Yugoslavia,Novi Sad,2005-07-12,48.88,12,12,"2,1,1,2,1,2,1","2,1,1,2,1,2,1",221
CASEY MENA,Turkey,Tokat,2005-07-31,48.87,13,13,"1,2,1,2,2,1,2","1,2,1,2,2,1,2",222
MITCHELL WESTMORELAND,Vietnam,Nha Trang,2005-08-23,48.87,13,13,"1,1,1,2,2,1,1,2","1,1,1,2,2,1,1,2",223
HILDA HOPKINS,Philippines,Mandaluyong,2005-08-23,47.92,8,8,"1,2,2,2,1,2,1,2","1,2,2,2,1,2,1,2",224
GILBERT SLEDGE,United Kingdom,York,2005-08-01,47.92,8,8,"2,2,1,2,2,1,2,2","2,2,1,2,2,1,2,2",224
JOHN FARNSWORTH,India,Parbhani,2005-08-22,47.91,9,9,"2,2,1,2,1,1,2","2,2,1,2,1,1,2",226
JANET PHILLIPS,Chile,Antofagasta,2005-08-02,47.91,9,9,"1,1,1,2,1","1,1,1,2,1",227
MARILYN ROSS,Nigeria,Ife,2005-07-12,47.91,9,9,"2,2,1,2,1,2,2","2,2,1,2,1,2,2",227
PRISCILLA LOWE,Mexico,Salamanca,2005-07-12,47.91,9,9,"2,1,1,2,1,1,2","2,1,1,2,1,1,2",229
ALEXANDER FENNELL,Italy,Bergamo,2005-08-22,47.91,9,9,"2,1,1,2,2,2,2","2,1,1,2,2,2,2",229
ANDREW PURDY,Azerbaijan,Baku,2005-08-01,47.9,10,10,"2,2,1,2,2,1,2","2,2,1,2,2,1,2",231
CONNIE WALLACE,Russian Federation,Ivanovo,2005-08-02,47.9,10,10,"2,1,1,2,2,2,1,2","2,1,1,2,2,2,1,2",232
DANIELLE DANIELS,Mexico,Hidalgo,2005-08-20,47.9,10,10,"2,2,1,2,2","2,2,1,2,2",232
ALVIN DELOACH,Mexico,Cuauhtmoc,2005-08-02,47.9,10,10,"2,1,2,2,1,2,2","2,1,2,2,1,2,2",232
SAM MCDUFFIE,Colombia,Sogamoso,2005-07-12,47.9,10,10,"2,1,1,2,2,1,2,1,2","2,1,1,2,2,1,2,1,2",232
KENT ARSENAULT,Brazil,Juiz de Fora,2005-08-01,47.89,11,11,"1,2,2,1,2,1,1","1,2,2,1,2,1,1",236
GERALD FULTZ,India,Satna,2005-08-23,47.89,11,11,"1,2,2,1,2,1,2","1,2,2,1,2,1,2",237
STEVE MACKENZIE,Indonesia,Probolinggo,2005-08-23,47.89,11,11,"2,1,2,2,1,2,1","2,1,2,2,1,2,1",237
RUSSELL BRINSON,Poland,Tychy,2005-08-02,47.89,11,11,"2,1,1,1,2,1","2,1,1,1,2,1",237
KARL SEAL,United States,Cape Coral,2005-08-01,47.89,11,11,"2,2,1,1,2,2","2,2,1,1,2,2",237
ROGER QUINTANILLA,Taiwan,Hsichuh,2005-08-02,47.89,11,11,"2,1,2,1,2,2,1,2,1","2,1,2,1,2,2,1,2,1",241
DEREK BLAKELY,Philippines,Gingoog,2005-08-23,47.89,11,11,"2,1,1,1,2,2","2,1,1,1,2,2",241
WARREN SHERROD,Russian Federation,Usolje-Sibirskoje,2005-08-01,47.89,11,11,"2,1,1,2,1,2,1,1","2,1,1,2,1,2,1,1",241
MAX PITT,Yugoslavia,Novi Sad,2005-07-11,47.89,11,11,"1,2,1,1,2,1","1,2,1,1,2,1",241
HAZEL WARREN,China,Hohhot,2005-08-01,47.88,12,12,"1,1,2,1,2,1,2,1","1,1,2,1,2,1,2,1",245
SIDNEY BURLESON,Poland,Czestochowa,2005-08-02,47.88,12,12,"1,2,2,1,1,2,2,1,2","1,2,2,1,1,2,2,1,2",245
ETHEL WEBB,South Africa,Boksburg,2005-08-01,47.87,13,13,"1,2,2,1,1,2,1,1","1,2,2,1,1,2,1,1",247
BRETT CORNWELL,India,Siliguri (Shiliguri),2005-08-02,47.87,13,13,"2,1,1,2,2,1,2,1,2","2,1,1,2,2,1,2,1,2",247
ZACHARY HITE,United States,Akron,2005-08-02,46.92,8,8,"1,2,1,2,2,2","1,2,1,2,2,2",249
MARLENE WELCH,Japan,Iwaki,2005-08-01,46.92,8,8,"1,1,2,1,2,2,1","1,1,2,1,2,2,1",250
NAOMI JENNINGS,India,Karnal,2005-08-21,46.92,8,8,"1,1,2,1,2,1","1,1,2,1,2,1",251
WARREN SHERROD,Russian Federation,Usolje-Sibirskoje,2005-08-20,46.92,8,8,"2,1,1,2,1,2,1","2,1,1,2,1,2,1",251
ANDY VANHORN,Mexico,Huejutla de Reyes,2005-07-31,46.92,8,8,"2,1,2,1,1","2,1,2,1,1",251
MIRIAM MCKINNEY,Japan,Otsu,2005-08-01,46.92,8,8,"1,1,2,1,2","1,1,2,1,2",254
GLADYS HAMILTON,Nigeria,Ilorin,2005-07-12,46.91,9,9,"2,1,2,1,2,2,1,2","2,1,2,1,2,2,1,2",255
TONYA CHAPMAN,India,Bhilwara,2005-07-31,46.91,9,9,"1,2,1,2,2,1","1,2,1,2,2,1",255
DEAN SAUER,South Africa,Johannesburg,2005-08-22,46.91,9,9,"2,1,1,1,2,2","2,1,1,1,2,2",255
PERRY SWAFFORD,Argentina,Quilmes,2005-08-02,46.91,9,9,"1,2,2,2,1,2,1","1,2,2,2,1,2,1",255
HELEN HARRIS,India,Bhopal,2005-08-20,46.91,9,9,"1,2,1,2,1,2,1","1,2,1,2,1,2,1",259
CONNIE WALLACE,Russian Federation,Ivanovo,2005-08-01,46.91,9,9,"2,1,1,2,2,2,1","2,1,1,2,2,2,1",259
ALAN KAHN,China,Emeishan,2005-08-02,46.91,9,9,"1,1,2,1,1,1,1,2","1,1,2,1,1,1,1,2",259
TERRI VASQUEZ,Brazil,Blumenau,2005-08-23,46.91,9,9,"2,1,2,2,2,2,1","2,1,2,2,2,2,1",262
SALVADOR TEEL,Gambia,Banjul,2005-08-22,46.91,9,9,"2,2,1,2,1","2,2,1,2,1",262
TAMMY SANDERS,Taiwan,Changhwa,2005-07-31,46.9,10,10,"1,1,2,1,2,1","1,1,2,1,2,1",264
MISTY LAMBERT,United Arab Emirates,Sharja,2005-08-02,46.9,10,10,"2,1,1,2,1,1,2,1","2,1,1,2,1,1,2,1",264
STEVE MACKENZIE,Indonesia,Probolinggo,2005-07-30,46.9,10,10,"1,2,2,1,1,2,1","1,2,2,1,1,2,1",264
CRYSTAL FORD,Israel,Ashdod,2005-07-10,46.9,10,10,"2,1,2,1,2,1","2,1,2,1,2,1",267
RHONDA KENNEDY,Netherlands,Apeldoorn,2005-07-11,46.9,10,10,"2,1,2,1,1,1,2","2,1,2,1,1,1,2",267
BERNICE WILLIS,Turkey,Batman,2005-08-23,46.9,10,10,"2,2,1,2,1,2,1","2,2,1,2,1,2,1",267
CHARLES KOWALSKI,Malaysia,Sungai Petani,2005-08-23,46.9,10,10,"2,1,1,1,2,1,2","2,1,1,1,2,1,2",267
LOUIS LEONE,Philippines,Tanauan,2005-08-20,46.9,10,10,"2,2,1,2,2,1,2","2,2,1,2,2,1,2",271
KYLE SPURLOCK,China,Shanwei,2005-08-01,46.9,10,10,"1,2,1,2,1,2,2","1,2,1,2,1,2,2",271
MARION SNYDER,Brazil,Santa Brbara dOeste,2005-08-01,46.89,11,11,"1,2,1,2,2,1,2,2,1","1,2,1,2,2,1,2,2,1",273
ERIK GUILLEN,India,Bhimavaram,2005-08-22,46.89,11,11,"1,2,1,1,2,1,2,2,1,2","1,2,1,1,2,1,2,2,1,2",273
JEFF EAST,Dominican Republic,San Felipe de Puerto Plata,2005-08-02,46.89,11,11,"1,2,2,1,2,1,2,1","1,2,2,1,2,1,2,1",275
STACEY MONTGOMERY,China,Fuyu,2005-07-12,46.89,11,11,"2,2,2,1,1,2,2,1","2,2,2,1,1,2,2,1",276
VIOLET RODRIQUEZ,Hong Kong,Kowloon and New Kowloon,2005-08-22,46.89,11,11,"1,2,2,2,1,2,2","1,2,2,2,1,2,2",276
BRANDON HUEY,Turkey,Balikesir,2005-08-01,46.89,11,11,"2,1,1,2,2,2,1,1","2,1,1,2,2,2,1,1",276
CHARLES KOWALSKI,Malaysia,Sungai Petani,2005-08-02,46.88,12,12,"1,2,2,1,2,1,1,2,1","1,2,2,1,2,1,1,2,1",279
MARTHA GONZALEZ,Moldova,Chisinau,2005-08-02,46.87,13,13,"1,2,1,2,1,1,2,2,2,1","1,2,1,2,1,1,2,2,2,1",280
CAROLE BARNETT,United States,Peoria,2005-08-22,46.87,13,13,"1,2,1,1,2,1,2,2","1,2,1,1,2,1,2,2",280
JOSE ANDREW,Saint Vincent and the Grenadines,Kingstown,2005-08-02,46.86,14,14,"1,2,1,2,2,1,2,2","1,2,1,2,2,1,2,2",282
RUTH MARTINEZ,South Africa,Kimberley,2005-08-20,45.94,6,6,"2,1,1,2,1,2","2,1,1,2,1,2",283
ROBIN HAYES,Russian Federation,Jelets,2005-07-09,45.93,7,7,"2,1,1,1,2","2,1,1,1,2",284
RICK MATTOX,Egypt,Mit Ghamr,2005-08-02,45.92,8,8,"2,2,1,2,2,1","2,2,1,2,2,1",285
RUTH MARTINEZ,South Africa,Kimberley,2005-08-23,45.92,8,8,"1,1,2,1,2,1,1,2","1,1,2,1,2,1,1,2",286
JEAN BELL,Malaysia,Kuching,2005-08-22,45.92,8,8,"2,1,1,2,2,1,1","2,1,1,2,2,1,1",286
TONYA CHAPMAN,India,Bhilwara,2005-07-30,45.92,8,8,"1,2,1,2,2","1,2,1,2,2",286
MARILYN ROSS,Nigeria,Ife,2005-07-11,45.92,8,8,"2,2,1,2,1,2","2,2,1,2,1,2",289
JOE GILLILAND,Philippines,Imus,2005-08-23,45.92,8,8,"1,1,2,2,2,1","1,1,2,2,2,1",289
JESSICA HALL,Holy See (Vatican City State),Citt del Vaticano,2005-08-23,45.92,8,8,"1,2,2,1,1,1","1,2,2,1,1,1",291
EDUARDO HIATT,China,Jining,2005-08-01,45.92,8,8,"1,1,2,1,2,2","1,1,2,1,2,2",291
JUNE CARROLL,Algeria,Skikda,2005-08-23,45.91,9,9,"1,1,1,2,1,2,2,1","1,1,1,2,1,2,2,1",293
RALPH MADRIGAL,Puerto Rico,Arecibo,2005-08-22,45.91,9,9,"2,1,2,1,2,1,1","2,1,2,1,2,1,1",294
MARIA MILLER,Yugoslavia,Kragujevac,2005-07-12,45.91,9,9,"2,2,2,1,1,1,1,2","2,2,2,1,1,1,1,2",295
ROSA REYNOLDS,United States,Lancaster,2005-08-01,45.91,9,9,"2,1,2,2,1,2","2,1,2,2,1,2",295
MICHELE GRANT,China,Yuncheng,2005-08-02,45.91,9,9,"2,1,2,2,2,1,1","2,1,2,2,2,1,1",295
MARION SNYDER,Brazil,Santa Brbara dOeste,2005-07-12,45.91,9,9,"1,1,1,2,1,2","1,1,1,2,1,2",295
LENA JENSEN,India,Halisahar,2005-08-22,45.91,9,9,"2,1,2,1,2,2,2","2,1,2,1,2,2,2",295
RICARDO MEADOR,Japan,Okayama,2005-08-23,45.91,9,9,"1,1,2,1,2,1,1","1,1,2,1,2,1,1",295
MARC OUTLAW,Italy,Brindisi,2005-08-20,45.91,9,9,"1,2,1,1,2,2","1,2,1,1,2,2",295
CLIFTON MALCOLM,Taiwan,Tanshui,2005-08-01,45.91,9,9,"2,1,2,1,2,2,1","2,1,2,1,2,2,1",295
JAMIE RICE,United States,Sterling Heights,2005-08-23,45.91,9,9,"1,1,1,1,2,2,1","1,1,1,1,2,2,1",303
MARGIE WADE,China,Lengshuijiang,2005-08-23,45.91,9,9,"1,1,1,2,1,2,1,1","1,1,1,2,1,2,1,1",303
MIKE WAY,India,Valparai,2005-08-01,45.91,9,9,"1,2,1,2,2,1,2","1,2,1,2,2,1,2",303
CALVIN MARTEL,Venezuela,Maracabo,2005-08-23,45.9,10,10,"1,1,1,1,2,1,2","1,1,1,1,2,1,2",306
SARA PERRY,Mexico,Atlixco,2005-08-02,45.9,10,10,"1,2,1,2,2,2,1,2","1,2,1,2,2,2,1,2",307
JOY GEORGE,Romania,Botosani,2005-08-02,45.9,10,10,"2,2,2,1,2,1,2","2,2,2,1,2,1,2",307
MABEL HOLLAND,Myanmar,Monywa,2005-08-23,45.9,10,10,"2,2,1,2,2,1","2,2,1,2,2,1",307
RAMONA HALE,India,Patiala,2005-08-23,45.9,10,10,"2,2,2,1,2,2,2","2,2,2,1,2,2,2",307
MICHAEL SILVERMAN,China,Tiefa,2005-08-01,45.9,10,10,"1,1,2,1,2,2,2","1,1,2,1,2,2,2",307
MICHEAL FORMAN,Argentina,Escobar,2005-08-23,45.9,10,10,"1,2,1,2,1,1,2","1,2,1,2,1,1,2",307
CLARA SHAW,Belarus,Molodetno,2005-08-23,45.9,10,10,"1,2,2,1,2,2,2,1,1","1,2,2,1,2,2,2,1,1",313
JOE GILLILAND,Philippines,Imus,2005-08-02,45.9,10,10,"1,2,2,1,1,1,2","1,2,2,1,1,1,2",313
NATHANIEL ADAM,United States,Joliet,2005-08-23,45.9,10,10,"2,1,1,2,2,2,1,1,2","2,1,1,2,2,2,1,1,2",313
HARRY ARCE,Iran,Najafabad,2005-08-23,45.89,11,11,"1,2,1,2,2,1,1,1","1,2,1,2,2,1,1,1",316
ELLA OLIVER,Yemen,Aden,2005-07-10,45.89,11,11,"2,2,1,1,1,2","2,2,1,1,1,2",317
STACEY MONTGOMERY,China,Fuyu,2005-08-23,45.89,11,11,"2,2,2,1,2,1,2","2,2,2,1,2,1,2",317
CONSTANCE REID,Nigeria,Zaria,2005-07-30,45.89,11,11,"1,2,1,1,2,2","1,2,1,1,2,2",317
JEFFERY PINSON,Pakistan,Dadu,2005-08-02,45.89,11,11,"1,2,2,1,1,2","1,2,2,1,1,2",317
TERRENCE GUNDERSON,China,Jinzhou,2005-07-31,45.89,11,11,"1,2,1,2,2,1","1,2,1,2,2,1",317
GEORGE LINTON,Brazil,Sorocaba,2005-08-23,45.89,11,11,"2,1,2,1,2,2,1,2,2","2,1,2,1,2,2,1,2,2",322
JULIA FLORES,Argentina,La Plata,2005-08-02,45.88,12,12,"2,2,1,2,1,2,2,1","2,2,1,2,1,2,2,1",323
CHARLENE ALVAREZ,Tanzania,Zanzibar,2005-08-01,44.93,7,7,"2,1,1,2,1,2","2,1,1,2,1,2",324
ADAM GOOCH,India,Adoni,2005-08-21,44.93,7,7,"1,2,2,1","1,2,2,1",324
LINDA WILLIAMS,Greece,Athenai,2005-07-29,44.93,7,7,"1,2,2,1,1","1,2,2,1,1",326
MAE FLETCHER,Spain,Donostia-San Sebastin,2005-08-22,44.92,8,8,"1,2,1,2,1,1,1","1,2,1,2,1,1,1",327
JOHN FARNSWORTH,India,Parbhani,2005-08-21,44.92,8,8,"2,2,1,2,1,1","2,2,1,2,1,1",327
KENT ARSENAULT,Brazil,Juiz de Fora,2005-08-20,44.92,8,8,"2,1,1,2,1","2,1,1,2,1",327
ALEX GRESHAM,Mexico,Uruapan,2005-06-19,44.92,8,8,"2,1,2,2,1,2","2,1,2,2,1,2",330
DAN PAINE,United Kingdom,Stockport,2005-08-02,44.92,8,8,"2,2,1,2,2,1,2","2,2,1,2,2,1,2",330
LENA JENSEN,India,Halisahar,2005-08-01,44.92,8,8,"2,2,1,2,1,1","2,2,1,2,1,1",332
RYAN SALISBURY,Latvia,Daugavpils,2005-08-23,44.92,8,8,"2,1,2,2,2,2","2,1,2,2,2,2",332
MARSHALL THORN,United Kingdom,Southampton,2005-07-12,44.92,8,8,"1,2,1,1,2,2","1,2,1,1,2,2",332
CURTIS IRBY,Canada,Richmond Hill,2005-08-21,44.92,8,8,"1,2,1,2,1,2","1,2,1,2,1,2",335
SALVADOR TEEL,Gambia,Banjul,2005-08-21,44.92,8,8,"2,2,1,2","2,2,1,2",335
GREG ROBINS,Vietnam,Nam Dinh,2005-08-22,44.92,8,8,"1,2,2,1,2,2","1,2,2,1,2,2",337
MARION SNYDER,Brazil,Santa Brbara dOeste,2005-08-22,44.91,9,9,"2,2,1,1,2,1","2,2,1,1,2,1",338
LISA ANDERSON,Japan,Sagamihara,2005-08-02,44.91,9,9,"1,1,2,2,1,1,2,1,2","1,1,2,2,1,1,2,1,2",339
MICHAEL SILVERMAN,China,Tiefa,2005-07-31,44.91,9,9,"1,1,2,1,2,2","1,1,2,1,2,2",339
ALVIN DELOACH,Mexico,Cuauhtmoc,2005-08-01,44.91,9,9,"2,1,2,2,1,2","2,1,2,2,1,2",339
GORDON ALLARD,Yemen,Hodeida,2005-07-12,44.91,9,9,"1,1,2,2,1,2","1,1,2,2,1,2",339
WANDA PATTERSON,Colombia,Sincelejo,2005-08-01,44.91,9,9,"2,2,1,2,2,1,2,1","2,2,1,2,2,1,2,1",343
HOLLY FOX,India,Haldia,2005-08-21,44.91,9,9,"1,1,1,2,1,2","1,1,1,2,1,2",343
TRACY HERRMANN,Ecuador,Loja,2005-08-23,44.91,9,9,"1,1,2,1,1,2,2","1,1,2,1,1,2,2",343
BESSIE MORRISON,Italy,Syrakusa,2005-08-22,44.9,10,10,"2,1,1,2,2,2,1,1","2,1,1,2,2,2,1,1",346
AMANDA CARTER,Morocco,Nador,2005-08-22,44.9,10,10,"2,2,2,1,1,1,1","2,2,2,1,1,1,1",347
ALMA AUSTIN,Germany,Mannheim,2005-08-02,44.9,10,10,"2,2,1,1,2,1,1","2,2,1,1,2,1,1",347
ARLENE HARVEY,India,Ambattur,2005-07-12,44.9,10,10,"2,1,1,2,1,1,2,1,2","2,1,1,2,1,1,2,1,2",347
MICHAEL SILVERMAN,China,Tiefa,2005-08-23,44.9,10,10,"1,2,1,1,1,2,2,1","1,2,1,1,1,2,2,1",347
THOMAS GRIGSBY,United States,Kansas City,2005-08-23,44.9,10,10,"1,2,1,2,1,2,1,2","1,2,1,2,1,2,1,2",347
STEVE MACKENZIE,Indonesia,Probolinggo,2005-08-22,44.9,10,10,"2,1,2,2,1,2","2,1,2,2,1,2",347
CRAIG MORRELL,Philippines,Cavite,2005-08-22,44.9,10,10,"2,1,2,1,1,1,2","2,1,2,1,1,1,2",347
MICHEAL FORMAN,Argentina,Escobar,2005-08-02,44.9,10,10,"2,2,1,2,2,1,2,2,1","2,2,1,2,2,1,2,2,1",347
KARL SEAL,United States,Cape Coral,2005-07-31,44.9,10,10,"2,2,1,1,2","2,2,1,1,2",347
LORI WOOD,India,Rae Bareli,2005-08-23,44.9,10,10,"2,2,1,2,2,1,1,2,2","2,2,1,2,2,1,1,2,2",356
ELLA OLIVER,Yemen,Aden,2005-07-09,44.9,10,10,"2,2,1,1,1","2,2,1,1,1",356
PRISCILLA LOWE,Mexico,Salamanca,2005-08-02,44.9,10,10,"1,1,2,2,1,1","1,1,2,2,1,1",356
PEDRO CHESTNUT,Ukraine,ostka,2005-08-02,44.9,10,10,"1,2,1,1,2,1,1","1,2,1,1,2,1,1",356
MAX PITT,Yugoslavia,Novi Sad,2005-07-08,44.9,10,10,"1,2,1,1,2","1,2,1,1,2",356
THEODORE CULP,India,Uluberia,2005-07-30,44.9,10,10,"1,2,2,1,2,1","1,2,2,1,2,1",361
ALEX GRESHAM,Mexico,Uruapan,2005-08-23,44.89,11,11,"2,1,2,1,1,2,2","2,1,2,1,1,2,2",362
ALICE STEWART,United States,Fontana,2005-08-21,44.89,11,11,"2,1,2,1,1,2,2,1","2,1,2,1,1,2,2,1",363
SHELLY WATTS,United States,Dayton,2005-08-01,44.89,11,11,"2,1,2,2,1,2,2,1","2,1,2,2,1,2,2,1",363
DARREN WINDHAM,Italy,Livorno,2005-08-23,44.89,11,11,"1,2,1,2,2,2,1,2","1,2,1,2,2,2,1,2",363
NATHAN RUNYON,"Virgin Islands, U.S.",Charlotte Amalie,2005-07-30,44.88,12,12,"2,1,2,2,1,2","2,1,2,2,1,2",366
SUE PETERS,China,Changzhou,2005-08-02,44.88,12,12,"1,2,1,2,2,1,1","1,2,1,2,2,1,1",367
DEBBIE REYES,Japan,Fukuyama,2005-08-23,44.88,12,12,"1,2,2,1,2,2,1,1,1","1,2,2,1,2,2,1,1,1",368
GORDON ALLARD,Yemen,Hodeida,2005-07-30,43.94,6,6,"1,1,2,1","1,1,2,1",369
DAN PAINE,United Kingdom,Stockport,2005-08-01,43.93,7,7,"2,2,1,2,2,1","2,2,1,2,2,1",370
ASHLEY RICHARDSON,United States,Lincoln,2005-07-12,43.93,7,7,"2,1,1,2,2","2,1,1,2,2",371
ERIC ROBERT,Argentina,Santa F,2005-07-09,43.93,7,7,"1,2,1,2,1","1,2,1,2,1",371
NEIL RENNER,Vietnam,Cam Ranh,2005-07-11,43.92,8,8,"1,2,2,1,2,1,2","1,2,2,1,2,1,2",373
KAREN JACKSON,Turkey,Osmaniye,2005-08-22,43.92,8,8,"2,2,1,1,2,1","2,2,1,1,2,1",374
ALVIN DELOACH,Mexico,Cuauhtmoc,2005-07-29,43.92,8,8,"2,1,2,2,1","2,1,2,2,1",374
RAMON CHOATE,Ecuador,Robamba,2005-08-22,43.92,8,8,"1,2,2,1,2","1,2,2,1,2",374
GUY BROWNLEE,China,Zhoushan,2005-08-21,43.92,8,8,"1,2,1,2,2,1","1,2,1,2,2,1",377
ANDRE RAPP,Chile,Coquimbo,2005-08-21,43.91,9,9,"2,1,2,1,1,2,2","2,1,2,1,1,2,2",378
CYNTHIA YOUNG,India,Munger (Monghyr),2005-08-02,43.91,9,9,"1,1,1,2,2,1","1,1,1,2,2,1",379
TANYA GILBERT,South Korea,Naju,2005-07-30,43.91,9,9,"1,2,1,2,2,1,1","1,2,1,2,2,1,1",379
TANYA GILBERT,South Korea,Naju,2005-08-23,43.91,9,9,"2,1,2,2,2,1,2","2,1,2,2,2,1,2",379
VIOLA HANSON,Philippines,Lapu-Lapu,2005-08-02,43.91,9,9,"2,1,2,2,2,1","2,1,2,2,2,1",379
ROY WHITING,Kenya,Nyeri,2005-08-01,43.91,9,9,"1,2,2,1,1","1,2,2,1,1",379
STEVE MACKENZIE,Indonesia,Probolinggo,2005-08-21,43.91,9,9,"2,1,2,2,1","2,1,2,2,1",379
HOWARD FORTNER,Iran,Kermanshah,2005-08-02,43.91,9,9,"1,2,2,1,1,1","1,2,2,1,1,1",379
FRANCISCO SKIDMORE,Brazil,So Leopoldo,2005-08-02,43.91,9,9,"2,1,1,2,1,2,1","2,1,1,2,1,2,1",379
BILL GAVIN,United States,Rockford,2005-08-22,43.91,9,9,"2,1,1,1,2,2,1,1","2,1,1,1,2,2,1,1",379
BRETT CORNWELL,India,Siliguri (Shiliguri),2005-08-01,43.91,9,9,"2,2,1,1,2,2,1,2","2,2,1,1,2,2,1,2",379
NEIL RENNER,Vietnam,Cam Ranh,2005-08-02,43.91,9,9,"1,2,1,1,2,1,2","1,2,1,1,2,1,2",379
LORI WOOD,India,Rae Bareli,2005-08-01,43.91,9,9,"2,2,1,2,1,2,1","2,2,1,2,1,2,1",390
RONALD WEINER,Mexico,San Felipe del Progreso,2005-07-12,43.91,9,9,"2,1,1,2,1,1","2,1,1,2,1,1",390
LOUIS LEONE,Philippines,Tanauan,2005-08-19,43.91,9,9,"2,2,1,2,2,1","2,2,1,2,2,1",390
SEAN DOUGLASS,Ethiopia,Addis Abeba,2005-08-21,43.91,9,9,"1,2,1,2,1,2,1,2","1,2,1,2,1,2,1,2",390
EARL SHANKS,Japan,Iwatsuki,2005-08-22,43.91,9,9,"2,1,2,1,1,2,1,2","2,1,2,1,1,2,1,2",390
CECIL VINES,United Kingdom,London,2005-08-22,43.91,9,9,"2,2,2,1,1,2","2,2,2,1,1,2",390
HUGH WALDROP,China,Haining,2005-08-02,43.91,9,9,"1,2,2,2,1,1,2","1,2,2,2,1,1,2",390
WESLEY BULL,Spain,Ourense (Orense),2005-07-12,43.9,10,10,"2,1,2,1,2,2,1","2,1,2,1,2,2,1",397
AMBER DIXON,Taiwan,Touliu,2005-08-23,43.9,10,10,"1,2,2,1,2,1","1,2,2,1,2,1",398
PATSY DAVIDSON,Ecuador,Portoviejo,2005-08-23,43.9,10,10,"2,1,1,2,2,1,2","2,1,1,2,2,1,2",398
SHERRI RHODES,India,Ahmadnagar,2005-08-23,43.9,10,10,"2,1,1,1,2,1,1,2,1","2,1,1,1,2,1,1,2,1",398
FRANK WAGGONER,Bangladesh,Jamalpur,2005-08-01,43.9,10,10,"1,2,1,2,1,1,1,2","1,2,1,2,1,1,1,2",398
RUSSELL BRINSON,Poland,Tychy,2005-08-01,43.9,10,10,"2,1,1,1,2","2,1,1,1,2",398
DUANE TUBBS,Nauru,Yangor,2005-08-02,43.9,10,10,"1,2,1,2,1,2,1","1,2,1,2,1,2,1",398
BRANDON HUEY,Turkey,Balikesir,2005-07-12,43.9,10,10,"2,1,2,1,2,1,2,1","2,1,2,1,2,1,2,1",404
BOB PFEIFFER,China,Xintai,2005-08-01,43.9,10,10,"1,2,2,1,2,2,1,2,1","1,2,2,1,2,2,1,2,1",404
TRACEY BARRETT,Nigeria,Owo,2005-08-02,43.89,11,11,"1,2,2,1,1,2,1,1","1,2,2,1,1,2,1,1",406
JUANITA MASON,India,Pune,2005-08-01,43.89,11,11,"2,1,1,1,2,1,2,2,1","2,1,1,1,2,1,2,2,1",407
ROGER QUINTANILLA,Taiwan,Hsichuh,2005-08-23,43.89,11,11,"2,2,2,1,2,2,1","2,2,2,1,2,2,1",407
CARLOS COUGHLIN,India,Bhavnagar,2005-08-23,43.89,11,11,"1,1,2,1,2,1,1,2,1,2","1,1,2,1,2,1,1,2,1,2",407
MANUEL MURRELL,Sri Lanka,Jaffna,2005-08-23,43.89,11,11,"1,1,2,1,2,2,1,2","1,1,2,1,2,2,1,2",407
ROSS GREY,Philippines,Iligan,2005-08-02,43.89,11,11,"1,2,1,1,2,1,2,1","1,2,1,1,2,1,2,1",407
CAROLYN PEREZ,Thailand,Pak Kret,2005-08-01,43.88,12,12,"1,1,1,1,2,2,2,2","1,1,1,1,2,2,2,2",412
MATTHEW MAHAN,Mexico,Cuautla,2005-08-02,43.88,12,12,"2,2,1,2,1,1,2,1,1,1","2,2,1,2,1,1,2,1,1,1",412
CAROLE BARNETT,United States,Peoria,2005-08-21,43.88,12,12,"1,2,1,1,2,1,2","1,2,1,1,2,1,2",414
CRYSTAL FORD,Israel,Ashdod,2005-08-02,43.87,13,13,"2,1,1,2,1,2,1,2,2,1","2,1,1,2,1,2,1,2,2,1",415
ANGEL BARCLAY,Japan,Ueda,2005-08-23,43.87,13,13,"1,2,2,1,1,1,2,1","1,2,2,1,1,1,2,1",415
KEVIN SCHULER,Nepal,Birgunj,2005-08-23,42.93,7,7,"1,2,1,2,1,2","1,2,1,2,1,2",417
BERNICE WILLIS,Turkey,Batman,2005-08-22,42.92,8,8,"2,2,2,1,2,1","2,2,2,1,2,1",418
JUNE CARROLL,Algeria,Skikda,2005-06-20,42.92,8,8,"1,1,1,2,1","1,1,1,2,1",418
MARCIA DEAN,Philippines,Tanza,2005-08-21,42.92,8,8,"2,1,1,2,1","2,1,1,2,1",418
KEVIN SCHULER,Nepal,Birgunj,2005-07-12,42.92,8,8,"2,1,2,1,2,2,2,1","2,1,2,1,2,2,2,1",418
RALPH MADRIGAL,Puerto Rico,Arecibo,2005-08-21,42.92,8,8,"2,1,2,1,2,1","2,1,2,1,2,1",418
GORDON ALLARD,Yemen,Hodeida,2005-08-21,42.92,8,8,"2,1,2,1,2,1,2","2,1,2,1,2,1,2",418
FERNANDO CHURCHILL,South Korea,Tonghae,2005-08-02,42.92,8,8,"1,2,1,1,1,2,1","1,2,1,1,1,2,1",418
JIMMIE EGGLESTON,Poland,Wroclaw,2005-07-11,42.92,8,8,"1,1,1,2,1,2","1,1,1,2,1,2",418
WILLARD LUMPKIN,Mexico,Carmen,2005-08-02,42.92,8,8,"2,1,2,1,2,1,1","2,1,2,1,2,1,1",418
KAREN JACKSON,Turkey,Osmaniye,2005-07-31,42.92,8,8,"1,1,2,2,1","1,1,2,2,1",427
LENA JENSEN,India,Halisahar,2005-08-21,42.92,8,8,"2,1,2,1,2,2","2,1,2,1,2,2",427
JERRY JORDON,Japan,Onomichi,2005-08-22,42.92,8,8,"1,1,2,1,2,2,2,1","1,1,2,1,2,2,2,1",427
JESUS MCCARTNEY,Brazil,Guaruj,2005-08-01,42.92,8,8,"2,2,1,2,2,1,2","2,2,1,2,2,1,2",427
DON BONE,Mozambique,Naala-Porto,2005-08-23,42.92,8,8,"1,2,2,1,2,1,2,1","1,2,2,1,2,1,2,1",427
TROY QUIGLEY,Canada,Vancouver,2005-08-02,42.92,8,8,"1,2,1,1,2,2","1,2,1,1,2,2",427
ARTHUR SIMPKINS,Russian Federation,Maikop,2005-07-31,42.92,8,8,"2,2,1,2,1","2,2,1,2,1",433
CLIFFORD BOWENS,Russian Federation,Nabereznyje Telny,2005-08-02,42.92,8,8,"1,2,1,1,2,1","1,2,1,1,2,1",433
CHERYL MURPHY,India,Mysore,2005-08-23,42.91,9,9,"1,2,1,2,1,1,2,2","1,2,1,2,1,1,2,2",435
ANDREW PURDY,Azerbaijan,Baku,2005-07-31,42.91,9,9,"2,2,1,2,2,1","2,2,1,2,2,1",435
GORDON ALLARD,Yemen,Hodeida,2005-08-02,42.91,9,9,"1,2,1,1,1,2","1,2,1,1,1,2",435
ZACHARY HITE,United States,Akron,2005-07-12,42.91,9,9,"2,1,2,1,1,2,1,1,2","2,1,2,1,1,2,1,1,2",435
JOYCE EDWARDS,Saudi Arabia,Jedda,2005-08-01,42.91,9,9,"2,2,2,2,1,1","2,2,2,2,1,1",439
LYNN PAYNE,Malawi,Lilongwe,2005-08-23,42.91,9,9,"2,1,2,2,1,2,2","2,1,2,2,1,2,2",439
JOSEPH JOY,Brazil,Angra dos Reis,2005-08-02,42.91,9,9,"1,1,1,1,1,1","1,1,1,1,1,1",439
STEVEN CURLEY,India,Miraj,2005-08-01,42.91,9,9,"2,1,1,1,1,2,1","2,1,1,1,1,2,1",439
NEIL RENNER,Vietnam,Cam Ranh,2005-08-23,42.91,9,9,"2,2,2,1,1,2,1","2,2,2,1,1,2,1",439
CATHY SPENCER,Japan,Kakamigahara,2005-08-23,42.91,9,9,"2,1,2,2,2,1","2,1,2,2,2,1",444
GEORGE LINTON,Brazil,Sorocaba,2005-07-30,42.91,9,9,"2,1,2,1,2,2","2,1,2,1,2,2",444
TERESA ROGERS,Japan,Iwakuni,2005-08-23,42.9,10,10,"2,1,2,1,2,1,1,1,1","2,1,2,1,2,1,1,1,1",446
KENT ARSENAULT,Brazil,Juiz de Fora,2005-07-31,42.9,10,10,"1,2,2,1,2,1","1,2,2,1,2,1",446
BERNICE WILLIS,Turkey,Batman,2005-08-01,42.9,10,10,"1,2,1,2,1,1,2","1,2,1,2,1,1,2",448
MARSHA DOUGLAS,Mozambique,Beira,2005-07-30,42.9,10,10,"2,1,2,2,1,2","2,1,2,2,1,2",448
HARRY ARCE,Iran,Najafabad,2005-08-22,42.9,10,10,"1,2,1,2,2,1,1","1,2,1,2,2,1,1",448
MARIO CHEATHAM,Algeria,Batna,2005-08-01,42.9,10,10,"1,2,1,2,1","1,2,1,2,1",448
ALEX GRESHAM,Mexico,Uruapan,2005-08-22,42.9,10,10,"2,1,2,1,1,2","2,1,2,1,1,2",448
CLYDE TOBIAS,China,Shaoguan,2005-08-02,42.9,10,10,"1,2,1,1,1,2,2","1,2,1,1,1,2,2",453
DARREN WINDHAM,Italy,Livorno,2005-08-22,42.9,10,10,"1,2,1,2,2,2,1","1,2,1,2,2,2,1",453
MORRIS MCCARTER,Taiwan,Fengshan,2005-08-01,42.9,10,10,"2,1,1,2,1,2","2,1,1,2,1,2",453
DARYL LARUE,Iraq,Mosul,2005-08-02,42.9,10,10,"2,1,1,2,2,1","2,1,1,2,2,1",453
PHYLLIS FOSTER,China,Zalantun,2005-08-23,42.89,11,11,"1,1,2,1,2,2,2,1","1,1,2,1,2,2,2,1",457
BOBBY BOUDREAU,Anguilla,South Hill,2005-08-23,42.89,11,11,"1,2,2,2,1,2,1,2,1","1,2,2,2,1,2,1,2,1",457
MELVIN ELLINGTON,China,Laohekou,2005-08-22,42.89,11,11,"1,1,2,2,1,2","1,1,2,2,1,2",457
TERRANCE ROUSH,Hungary,Szkesfehrvr,2005-08-02,42.89,11,11,"2,1,1,2,1,2,2,1","2,1,1,2,1,2,2,1",457
JEANNE LAWSON,Turkmenistan,Ashgabat,2005-08-23,41.94,6,6,"1,2,2,1","1,2,2,1",461
LINDA WILLIAMS,Greece,Athenai,2005-07-28,41.94,6,6,"1,2,2,1","1,2,2,1",462
ZACHARY HITE,United States,Akron,2005-08-01,41.93,7,7,"1,2,1,2,2","1,2,1,2,2",463
SANDRA MARTIN,United Kingdom,Southend-on-Sea,2005-08-21,41.93,7,7,"2,1,2,1,1,1","2,1,2,1,1,1",464
ELAINE STEVENS,Russian Federation,Smolensk,2005-08-02,41.93,7,7,"1,2,1,1,1","1,2,1,1,1",464
GERTRUDE CASTILLO,Greenland,Nuuk,2005-08-23,41.93,7,7,"1,2,2,1","1,2,2,1",464
ELLA OLIVER,Yemen,Aden,2005-08-22,41.93,7,7,"2,1,2,1,2,2","2,1,2,1,2,2",464
CHRISTOPHER GRECO,Italy,Brescia,2005-07-12,41.93,7,7,"2,2,1,2,1,2","2,2,1,2,1,2",464
JESSICA HALL,Holy See (Vatican City State),Citt del Vaticano,2005-06-19,41.93,7,7,"1,2,1,2,1","1,2,1,2,1",469
FRANCIS SIKES,Mexico,San Juan Bautista Tuxtepec,2005-07-08,41.93,7,7,"1,2,2,1","1,2,2,1",469
TROY QUIGLEY,Canada,Vancouver,2005-08-01,41.93,7,7,"1,2,1,1,2","1,2,1,1,2",469
SARAH LEWIS,Latvia,Liepaja,2005-08-02,41.92,8,8,"1,1,2,2,2,1,1","1,1,2,2,2,1,1",472
LORETTA CARPENTER,Canada,Oshawa,2005-08-02,41.92,8,8,"1,1,2,2,1,1,2","1,1,2,2,1,1,2",472
MARIA MILLER,Yugoslavia,Kragujevac,2005-07-11,41.92,8,8,"2,2,2,1,1,1,1","2,2,2,1,1,1,1",474
TANYA GILBERT,South Korea,Naju,2005-08-22,41.92,8,8,"2,1,2,2,2,1","2,1,2,2,2,1",474
TRACEY BARRETT,Nigeria,Owo,2005-08-22,41.92,8,8,"1,1,1,2,1,2,1","1,1,1,2,1,2,1",474
VELMA LUCAS,Nigeria,Effon-Alaiye,2005-07-12,41.92,8,8,"2,2,1,1,2","2,2,1,1,2",474
OSCAR AQUINO,Iran,Sirjan,2005-08-01,41.92,8,8,"2,2,2,1","2,2,2,1",474
MARC OUTLAW,Italy,Brindisi,2005-08-19,41.92,8,8,"1,2,1,1,2","1,2,1,1,2",474
JESSIE MILAM,China,Binzhou,2005-08-23,41.92,8,8,"2,1,1,1,1,2","2,1,1,1,1,2",474
MARSHALL THORN,United Kingdom,Southampton,2005-08-02,41.92,8,8,"1,2,1,2,2,2","1,2,1,2,2,2",474
COURTNEY DAY,South Korea,Uijongbu,2005-07-30,41.91,9,9,"2,1,2,1,2","2,1,2,1,2",482
MISTY LAMBERT,United Arab Emirates,Sharja,2005-07-31,41.91,9,9,"2,1,1,2,1,1,2","2,1,1,2,1,1,2",482
KARL SEAL,United States,Cape Coral,2005-06-21,41.91,9,9,"1,2,1,2,1,2,1","1,2,1,2,1,2,1",482
KARL SEAL,United States,Cape Coral,2005-07-12,41.91,9,9,"1,2,1,2,1,2,1","1,2,1,2,1,2,1",482
KENT ARSENAULT,Brazil,Juiz de Fora,2005-07-29,41.91,9,9,"1,2,2,1,2","1,2,2,1,2",482
AMANDA CARTER,Morocco,Nador,2005-08-21,41.91,9,9,"2,2,2,1,1,1","2,2,2,1,1,1",487
SHANNON FREEMAN,India,Varanasi (Benares),2005-08-01,41.91,9,9,"2,1,2,2,2,1,2","2,1,2,2,2,1,2",487
DANIELLE DANIELS,Mexico,Hidalgo,2005-08-19,41.91,9,9,"2,2,1,2","2,2,1,2",487
REGINA BERRY,China,Jinchang,2005-08-21,41.91,9,9,"1,1,1,2,1","1,1,1,2,1",487
ALMA AUSTIN,Germany,Mannheim,2005-08-01,41.91,9,9,"2,2,1,1,2,1","2,2,1,1,2,1",487
JEREMY HURTADO,Brazil,Vitria de Santo Anto,2005-08-22,41.91,9,9,"1,2,1,2,2,2,1","1,2,1,2,2,2,1",487
RUSSELL BRINSON,Poland,Tychy,2005-07-31,41.91,9,9,"2,1,1,1","2,1,1,1",487
LORI WOOD,India,Rae Bareli,2005-08-22,41.91,9,9,"2,2,1,2,2,1,1,2","2,2,1,2,2,1,1,2",494
GLENDA FRAZIER,China,Qinhuangdao,2005-08-02,41.91,9,9,"2,1,1,1,2,2,1","2,1,1,1,2,2,1",494
BRANDY GRAVES,United States,Warren,2005-08-23,41.91,9,9,"1,2,2,1,1,2,1","1,2,2,1,1,2,1",494
BILLY POULIN,Philippines,Cabuyao,2005-08-23,41.91,9,9,"2,1,2,2,1,1","2,1,2,2,1,1",494
KYLE SPURLOCK,China,Shanwei,2005-07-31,41.91,9,9,"1,2,1,2,1,2","1,2,1,2,1,2",494
GABRIEL HARDER,Turkey,Sivas,2005-08-02,41.9,10,10,"1,2,1,2,1,1,2","1,2,1,2,1,1,2",499
MARCIA DEAN,Philippines,Tanza,2005-07-31,41.9,10,10,"2,1,2,1,1,1,2","2,1,2,1,1,1,2",500
EDWARD BAUGH,Faroe Islands,Trshavn,2005-08-22,41.9,10,10,"2,2,1,1,2,1","2,2,1,1,2,1",500
LOUIS LEONE,Philippines,Tanauan,2005-07-31,41.9,10,10,"1,1,2,1,1,2,1,1","1,1,2,1,1,2,1,1",500
BRAD MCCURDY,Taiwan,Chungho,2005-07-12,41.9,10,10,"2,1,2,1,2,2","2,1,2,1,2,2",500
SALVADOR TEEL,Gambia,Banjul,2005-08-02,41.9,10,10,"1,1,2,1,2,1,2","1,1,2,1,2,1,2",500
VIOLET RODRIQUEZ,Hong Kong,Kowloon and New Kowloon,2005-08-21,41.9,10,10,"1,2,2,2,1,2","1,2,2,2,1,2",505
LEON BOSTIC,Colombia,Florencia,2005-08-23,41.9,10,10,"2,1,2,1,2,2,2,1,2","2,1,2,1,2,2,2,1,2",505
VIRGIL WOFFORD,Mexico,Jos Azueta,2005-07-10,41.9,10,10,"2,1,2,1,1,2","2,1,2,1,1,2",505
GEORGE LINTON,Brazil,Sorocaba,2005-08-22,41.9,10,10,"2,1,2,1,2,2,1,2","2,1,2,1,2,2,1,2",508
EMILY DIAZ,South Korea,Kimchon,2005-07-12,41.89,11,11,"2,2,1,2,2,1,1,2","2,2,1,2,2,1,1,2",509
ANGELA HERNANDEZ,Japan,Shimonoseki,2005-08-21,41.89,11,11,"2,1,2,2,1,2,1,1","2,1,2,2,1,2,1,1",510
JULIA FLORES,Argentina,La Plata,2005-08-01,41.89,11,11,"2,2,1,2,1,2,2","2,2,1,2,1,2,2",510
ETHEL WEBB,South Africa,Boksburg,2005-07-31,41.89,11,11,"1,2,2,1,1,2,1","1,2,2,1,1,2,1",510
CASEY MENA,Turkey,Tokat,2005-07-30,41.89,11,11,"1,2,1,2,2","1,2,1,2,2",510
JUSTIN NGO,Brazil,Santo Andr,2005-08-01,41.89,11,11,"1,2,2,1,2,1,1","1,2,2,1,2,1,1",514
DEBBIE REYES,Japan,Fukuyama,2005-08-22,41.89,11,11,"1,2,2,1,2,2,1,1","1,2,2,1,2,2,1,1",515
KATHLEEN ADAMS,Iran,Arak,2005-08-02,41.88,12,12,"1,1,2,1,1,2,2,1,2","1,1,2,1,1,2,2,1,2",516
MARSHA DOUGLAS,Mozambique,Beira,2005-08-23,41.88,12,12,"2,2,1,2,2,1,1,2","2,2,1,2,2,1,1,2",516
CHRISTOPHER GRECO,Italy,Brescia,2005-08-01,41.88,12,12,"2,2,1,1,1,2,1,1","2,2,1,1,1,2,1,1",516
ERIC ROBERT,Argentina,Santa F,2005-07-07,40.94,6,6,"1,2,1,2","1,2,1,2",519
STEPHEN QUALLS,Bangladesh,Dhaka,2005-07-28,40.94,6,6,"2,2","2,2",519
DEBRA NELSON,Brazil,Vila Velha,2005-07-11,40.93,7,7,"1,2,1,2,1","1,2,1,2,1",521
JEAN BELL,Malaysia,Kuching,2005-08-21,40.93,7,7,"2,1,1,2,2,1","2,1,1,2,2,1",521
NELLIE GARRETT,India,Shimoga,2005-08-01,40.93,7,7,"2,1,1,2,1","2,1,1,2,1",521
CARL ARTIS,Paraguay,San Lorenzo,2005-08-02,40.93,7,7,"1,2,2,1,2,2,2","1,2,2,1,2,2,2",521
SERGIO STANFIELD,Mexico,Celaya,2005-08-01,40.93,7,7,"1,2,2,2,1","1,2,2,2,1",521
MARIA MILLER,Yugoslavia,Kragujevac,2005-08-02,40.93,7,7,"2,2,2,1,2","2,2,2,1,2",526
KATHRYN COLEMAN,Ukraine,Simferopol,2005-08-02,40.93,7,7,"2,1,2,1,1","2,1,2,1,1",526
SYLVIA ORTIZ,Colombia,Dos Quebradas,2005-08-22,40.93,7,7,"2,1,1,2,2","2,1,1,2,2",526
JASON MORRISSEY,Argentina,Baha Blanca,2005-06-21,40.93,7,7,"1,1,2,1,1,2,2","1,1,2,1,1,2,2",526
ARTHUR SIMPKINS,Russian Federation,Maikop,2005-07-12,40.93,7,7,"2,1,1,2,2,2","2,1,1,2,2,2",526
JESSIE MILAM,China,Binzhou,2005-08-22,40.93,7,7,"2,1,1,1,1","2,1,1,1,1",526
JAIME NETTLES,Peru,Hunuco,2005-08-02,40.93,7,7,"2,1,2,2,1","2,1,2,2,1",526
MARGIE WADE,China,Lengshuijiang,2005-08-22,40.93,7,7,"1,1,1,2,1,2,1","1,1,1,2,1,2,1",533
JUNE CARROLL,Algeria,Skikda,2005-08-22,40.92,8,8,"1,1,1,2,1,2,2","1,1,1,2,1,2,2",534
SONIA GREGORY,Nigeria,Benin City,2005-08-01,40.92,8,8,"2,1,2,1,1,1","2,1,2,1,1,1",535
CYNTHIA YOUNG,India,Munger (Monghyr),2005-08-01,40.92,8,8,"1,1,1,2,2","1,1,1,2,2",536
ROSA REYNOLDS,United States,Lancaster,2005-08-22,40.92,8,8,"1,2,2,1,2","1,2,2,1,2",536
LYNN PAYNE,Malawi,Lilongwe,2005-08-22,40.92,8,8,"2,1,2,2,1,2","2,1,2,2,1,2",536
HOWARD FORTNER,Iran,Kermanshah,2005-08-01,40.92,8,8,"1,2,2,1,1","1,2,2,1,1",536
JESUS MCCARTNEY,Brazil,Guaruj,2005-08-02,40.92,8,8,"2,1,2,2,1,2,1","2,1,2,2,1,2,1",536
RICARDO MEADOR,Japan,Okayama,2005-08-22,40.92,8,8,"1,1,2,1,2,1","1,1,2,1,2,1",536
ARNOLD HAVENS,Philippines,Santa Rosa,2005-07-10,40.92,8,8,"1,2,2,2,2","1,2,2,2,2",536
RENE MCALISTER,United States,Garden Grove,2005-08-02,40.92,8,8,"2,1,2,1,1,2,2","2,1,2,1,1,2,2",536
TERRENCE GUNDERSON,China,Jinzhou,2005-07-12,40.92,8,8,"1,1,2,1,1,1","1,1,2,1,1,1",536
RON DELUCA,Japan,Isesaki,2005-08-01,40.92,8,8,"1,2,2,1,2","1,2,2,1,2",545
CODY NOLEN,Brazil,So Bernardo do Campo,2005-08-23,40.92,8,8,"2,2,2,1,1,1","2,2,2,1,1,1",545
STEVE MACKENZIE,Indonesia,Probolinggo,2005-07-29,40.91,9,9,"1,2,2,1,1,2","1,2,2,1,1,2",547
SHAWN HEATON,Thailand,Nakhon Sawan,2005-08-20,40.91,9,9,"1,2,1,1,2","1,2,1,1,2",547
RODNEY MOELLER,Nigeria,Deba Habe,2005-07-12,40.91,9,9,"1,2,1,2,1,2,1","1,2,1,2,1,2,1",547
CALVIN MARTEL,Venezuela,Maracabo,2005-08-22,40.91,9,9,"1,1,1,1,2,1","1,1,1,1,2,1",547
BRUCE SCHWARZ,Japan,Okinawa,2005-08-01,40.91,9,9,"1,2,1,2,1,1,2,2,2","1,2,1,2,1,1,2,2,2",551
MARIO CHEATHAM,Algeria,Batna,2005-07-31,40.91,9,9,"1,2,1,2","1,2,1,2",551
LUCILLE HOLMES,South Africa,Soshanguve,2005-08-21,40.91,9,9,"2,1,2,1,2,2","2,1,2,1,2,2",553
ELLA OLIVER,Yemen,Aden,2005-07-08,40.91,9,9,"2,2,1,1","2,2,1,1",553
RONALD WEINER,Mexico,San Felipe del Progreso,2005-08-22,40.91,9,9,"1,2,2,1,2","1,2,2,1,2",553
SALVADOR TEEL,Gambia,Banjul,2005-08-23,40.91,9,9,"2,1,2,1,1","2,1,2,1,1",553
GERALD FULTZ,India,Satna,2005-08-02,40.9,10,10,"1,1,1,2,2,1,1","1,1,1,2,2,1,1",557
RALPH MADRIGAL,Puerto Rico,Arecibo,2005-07-31,40.9,10,10,"1,2,1,2,2,1,2,1,2","1,2,1,2,2,1,2,1,2",557
LEE HAWKS,India,Pudukkottai,2005-08-02,40.9,10,10,"2,2,1,2,2,1,2,1","2,2,1,2,2,1,2,1",557
JESSIE MILAM,China,Binzhou,2005-08-01,40.9,10,10,"2,1,2,2,1,2,1","2,1,2,2,1,2,1",557
DIANE COLLINS,Sudan,Omdurman,2005-07-31,40.9,10,10,"1,1,1,2,1,2","1,1,1,2,1,2",561
ELLEN SIMPSON,Brazil,Po,2005-08-23,40.9,10,10,"2,1,2,2,2,1","2,1,2,2,2,1",561
NORA HERRERA,Austria,Salzburg,2005-08-21,40.9,10,10,"2,1,1,2,1,1","2,1,1,2,1,1",561
RYAN SALISBURY,Latvia,Daugavpils,2005-07-31,40.9,10,10,"1,2,2,1,1","1,2,2,1,1",561
BYRON BOX,Kazakstan,Zhezqazghan,2005-07-12,40.9,10,10,"2,1,2,1,1,1,2,1","2,1,2,1,1,1,2,1",561
MELISSA KING,Taiwan,Lungtan,2005-08-01,40.89,11,11,"2,2,1,1,2,2,1,1","2,2,1,1,2,2,1,1",566
VIRGINIA GREEN,France,Toulouse,2005-07-12,40.89,11,11,"2,2,2,1,1,1,1","2,2,2,1,1,1,1",566
MARJORIE TUCKER,Poland,Jastrzebie-Zdrj,2005-08-23,40.89,11,11,"2,2,1,2,2,1,1","2,2,1,2,2,1,1",566
MONICA HICKS,Ukraine,Mukateve,2005-08-23,40.89,11,11,"2,1,1,2,2,1,2,1","2,1,1,2,2,1,2,1",566
DARLENE ROSE,North Korea,Pyongyang,2005-08-01,40.87,13,13,"1,2,2,2,1,2,1,1","1,2,2,2,1,2,1,1",570
GERTRUDE CASTILLO,Greenland,Nuuk,2005-08-20,39.94,6,6,"1,2,2","1,2,2",571
CHARLENE ALVAREZ,Tanzania,Zanzibar,2005-07-31,39.94,6,6,"2,1,1,2,1","2,1,1,2,1",571
GUY BROWNLEE,China,Zhoushan,2005-06-21,39.94,6,6,"1,1,2,1,2,1","1,1,2,1,2,1",573
DIANE COLLINS,Sudan,Omdurman,2005-07-12,39.93,7,7,"2,2,2,1,2,1","2,2,2,1,2,1",574
BRITTANY RILEY,Ukraine,Sumy,2005-07-12,39.93,7,7,"2,1,2,1,2,1,2","2,1,2,1,2,1,2",574
FERNANDO CHURCHILL,South Korea,Tonghae,2005-08-23,39.93,7,7,"1,2,2,1,1","1,2,2,1,1",574
ANDREA HENDERSON,Madagascar,Mahajanga,2005-08-22,39.93,7,7,"1,2,2,1,2,1","1,2,2,1,2,1",577
SARA PERRY,Mexico,Atlixco,2005-07-11,39.93,7,7,"2,2,1,1,2","2,2,1,1,2",577
HILDA HOPKINS,Philippines,Mandaluyong,2005-08-22,39.93,7,7,"1,2,2,2,1,2,1","1,2,2,2,1,2,1",577
ROY WHITING,Kenya,Nyeri,2005-08-22,39.93,7,7,"2,1,1,1,2","2,1,1,1,2",577
EDDIE TOMLIN,Philippines,Ozamis,2005-08-21,39.93,7,7,"1,2,2,2,1,2","1,2,2,2,1,2",577
TROY QUIGLEY,Canada,Vancouver,2005-08-19,39.93,7,7,"1,2,2,2","1,2,2,2",577
RICARDO MEADOR,Japan,Okayama,2005-08-21,39.93,7,7,"1,1,2,1,2","1,1,2,1,2",577
GILBERT SLEDGE,United Kingdom,York,2005-07-31,39.93,7,7,"2,2,1,2,2,1,2","2,2,1,2,2,1,2",577
BEN EASTER,Russian Federation,Kamyin,2005-08-01,39.93,7,7,"1,1,2,2,1,1,2","1,1,2,2,1,1,2",577
MILTON HOWLAND,India,Vijayawada,2005-07-28,39.93,7,7,"2,1,2,2","2,1,2,2",586
MARION SNYDER,Brazil,Santa Brbara dOeste,2005-08-21,39.92,8,8,"2,2,1,1,2","2,2,1,1,2",587
GLORIA COOK,French Polynesia,Papeete,2005-08-23,39.92,8,8,"1,2,2,1,2,2","1,2,2,1,2,2",588
CALVIN MARTEL,Venezuela,Maracabo,2005-08-21,39.92,8,8,"1,1,1,1,2","1,1,1,1,2",588
ROSA REYNOLDS,United States,Lancaster,2005-07-31,39.92,8,8,"2,1,2,2,1","2,1,2,2,1",590
APRIL BURNS,United Kingdom,Dundee,2005-08-02,39.92,8,8,"1,2,1,2","1,2,1,2",590
ELEANOR HUNT,Runion,Saint-Denis,2005-07-29,39.92,8,8,"1,2,2,1","1,2,2,1",590
MICHELE GRANT,China,Yuncheng,2005-08-01,39.92,8,8,"2,1,2,2,2,1","2,1,2,2,2,1",590
DANA HART,Russian Federation,Kirovo-Tepetsk,2005-07-31,39.92,8,8,"1,1,1,2,2,1","1,1,1,2,2,1",590
YOLANDA WEAVER,Tanzania,Tabora,2005-08-02,39.92,8,8,"1,2,1,1,2","1,2,1,1,2",590
VANESSA SIMS,Germany,Siegen,2005-08-02,39.92,8,8,"1,2,2,1,2,1","1,2,2,1,2,1",590
JENNIE TERRY,Czech Republic,Olomouc,2005-07-11,39.92,8,8,"1,1,2,1,1,1,2","1,1,2,1,1,1,2",590
RAYMOND MCWHORTER,Azerbaijan,Sumqayit,2005-07-12,39.92,8,8,"1,1,2,2,1,2","1,1,2,2,1,2",590
TERRY GRISSOM,Japan,Matsue,2005-07-12,39.92,8,8,"1,1,1,1,2,1,2","1,1,1,1,2,1,2",590
MIGUEL BETANCOURT,Germany,Erlangen,2005-08-21,39.92,8,8,"2,1,1,1,2,1,1","2,1,1,1,2,1,1",590
BILL GAVIN,United States,Rockford,2005-08-21,39.92,8,8,"2,1,1,1,2,2,1","2,1,1,1,2,2,1",590
GORDON ALLARD,Yemen,Hodeida,2005-07-11,39.92,8,8,"1,1,2,2,1","1,1,2,2,1",590
HERMAN DEVORE,Tanzania,Mwanza,2005-08-02,39.92,8,8,"1,2,1,2,1,1,2","1,2,1,2,1,1,2",590
EVERETT BANDA,Egypt,Bilbays,2005-08-23,39.92,8,8,"1,2,1,1,2,2,1","1,2,1,1,2,2,1",590
ISAAC OGLESBY,Mexico,Cuernavaca,2005-08-23,39.92,8,8,"1,2,2,2,2,2","1,2,2,2,2,2",590
MARION SNYDER,Brazil,Santa Brbara dOeste,2005-07-31,39.91,9,9,"1,2,1,2,2,1,2","1,2,1,2,2,1,2",606
VIVIAN RUIZ,Netherlands,s-Hertogenbosch,2005-08-23,39.91,9,9,"2,1,1,2,1,2","2,1,1,2,1,2",606
DAVE GARDINER,China,Leshan,2005-08-21,39.91,9,9,"1,1,2,2,1,2,2","1,1,2,2,1,2,2",606
BETTY WHITE,United States,Citrus Heights,2005-08-02,39.91,9,9,"1,1,2,2,1,1,2,1","1,1,2,2,1,1,2,1",609
JEAN BELL,Malaysia,Kuching,2005-08-02,39.91,9,9,"1,2,1,2,1,2,1,1","1,2,1,2,1,2,1,1",609
ASHLEY RICHARDSON,United States,Lincoln,2005-08-22,39.91,9,9,"1,2,1,1,1","1,2,1,1,1",609
SHERRY MARSHALL,Egypt,Shubra al-Khayma,2005-08-21,39.91,9,9,"1,2,2,1,2","1,2,2,1,2",609
DEBBIE REYES,Japan,Fukuyama,2005-08-01,39.91,9,9,"2,2,1,2,1,2,1","2,2,1,2,1,2,1",609
ELEANOR HUNT,Runion,Saint-Denis,2005-07-12,39.91,9,9,"1,1,1,1,1,1,2","1,1,1,1,1,1,2",609
ELSIE KELLEY,Nigeria,Ikerre,2005-08-20,39.91,9,9,"1,2,2,1,1","1,2,2,1,1",609
ROSEMARY SCHMIDT,Turkey,Usak,2005-08-22,39.91,9,9,"2,1,1,2,2,1,2","2,1,1,2,2,1,2",609
JOSHUA MARK,India,Rampur,2005-08-23,39.91,9,9,"2,1,2,2,1,1,2","2,1,2,2,1,1,2",609
HARRY ARCE,Iran,Najafabad,2005-08-21,39.91,9,9,"1,2,1,2,2,1","1,2,1,2,2,1",609
TODD TAN,Ukraine,Kamjanets-Podilskyi,2005-07-12,39.91,9,9,"2,1,1,1,2,2","2,1,1,1,2,2",609
JULIAN VEST,Japan,Akishima,2005-07-12,39.91,9,9,"1,1,2,2,1,1,1","1,1,2,2,1,1,1",609
ELIZABETH BROWN,Taiwan,Nantou,2005-07-12,39.91,9,9,"2,2,1,2,2,1,1,2","2,2,1,2,2,1,1,2",621
MELISSA KING,Taiwan,Lungtan,2005-07-11,39.91,9,9,"1,2,2,1,2,1","1,2,2,1,2,1",621
WANDA PATTERSON,Colombia,Sincelejo,2005-08-23,39.91,9,9,"1,1,2,1,1,2","1,1,2,1,1,2",621
GEORGIA JACOBS,India,Uttarpara-Kotrung,2005-08-22,39.91,9,9,"1,1,2,2,1,1,2,1","1,1,2,2,1,1,2,1",621
PRISCILLA LOWE,Mexico,Salamanca,2005-08-01,39.91,9,9,"1,1,2,2,1","1,1,2,2,1",621
ANA BRADLEY,United States,Memphis,2005-08-23,39.9,10,10,"1,2,2,2,2","1,2,2,2,2",626
CATHERINE CAMPBELL,Russian Federation,Moscow,2005-08-22,39.9,10,10,"1,2,2,1,1,2,1","1,2,2,1,1,2,1",627
GRACE ELLIS,Germany,Duisburg,2005-08-23,39.9,10,10,"1,2,1,2,2,1,1,2","1,2,1,2,2,1,1,2",627
THELMA MURRAY,Peru,Lima,2005-08-02,39.9,10,10,"2,1,2,1,1,2,1,2","2,1,2,1,1,2,1,2",627
SALLY PIERCE,India,Chandrapur,2005-08-23,39.9,10,10,"1,2,1,1,1,2","1,2,1,1,1,2",627
NAOMI JENNINGS,India,Karnal,2005-08-02,39.9,10,10,"2,1,1,2,1,2,1","2,1,1,2,1,2,1",627
CHARLES KOWALSKI,Malaysia,Sungai Petani,2005-08-01,39.9,10,10,"1,1,2,2,1,2,1,1","1,1,2,2,1,2,1,1",627
LESLIE SEWARD,Indonesia,Pontianak,2005-08-23,39.9,10,10,"2,1,2,2,1,1,2,2,2,1","2,1,2,2,1,1,2,2,2,1",627
ISAAC OGLESBY,Mexico,Cuernavaca,2005-08-02,39.9,10,10,"1,2,2,1,1,2,1","1,2,2,1,1,2,1",627
JAVIER ELROD,Chad,NDjamna,2005-08-21,39.9,10,10,"2,1,2,1,1,1","2,1,2,1,1,1",635
JESSICA HALL,Holy See (Vatican City State),Citt del Vaticano,2005-07-11,39.9,10,10,"1,2,1,1,1,2","1,2,1,1,1,2",636
MARTHA GONZALEZ,Moldova,Chisinau,2005-08-01,39.89,11,11,"1,2,1,2,1,1,2,2","1,2,1,2,1,1,2,2",637
ESTHER CRAWFORD,South Africa,Botshabelo,2005-07-11,39.89,11,11,"1,2,1,1,2,1,2,1,1","1,2,1,1,2,1,2,1,1",637
MATTHEW MAHAN,Mexico,Cuautla,2005-08-01,39.89,11,11,"2,2,1,2,1,1,2,1,1","2,2,1,2,1,1,2,1,1",637
RUSSELL BRINSON,Poland,Tychy,2005-08-23,39.89,11,11,"1,2,1,1,1,1,2,2,1","1,2,1,1,1,1,2,2,1",637
PATRICK NEWSOM,Vietnam,Hanoi,2005-08-02,39.89,11,11,"2,2,1,1,1,2,1","2,2,1,1,1,2,1",641
BRITTANY RILEY,Ukraine,Sumy,2005-08-20,38.95,5,5,"1,2,1,2","1,2,1,2",642
DAN PAINE,United Kingdom,Stockport,2005-07-30,38.94,6,6,"2,2,1,2,2","2,2,1,2,2",643
SARAH LEWIS,Latvia,Liepaja,2005-07-31,38.93,7,7,"1,1,2,2,2,1","1,1,2,2,2,1",644
TARA RYAN,Indonesia,Gorontalo,2005-08-01,38.93,7,7,"2,1,1,2,2","2,1,1,2,2",644
TONYA CHAPMAN,India,Bhilwara,2005-07-29,38.93,7,7,"1,2,1,2","1,2,1,2",644
MARLENE WELCH,Japan,Iwaki,2005-07-30,38.93,7,7,"1,1,2,1,2,2","1,1,2,1,2,2",644
ALAN KAHN,China,Emeishan,2005-08-23,38.93,7,7,"2,2,1,1,2","2,2,1,1,2",644
ALFRED CASILLAS,Egypt,Sawhaj,2005-07-28,38.93,7,7,"1,2,1,2","1,2,1,2",644
ANDRE RAPP,Chile,Coquimbo,2005-08-20,38.93,7,7,"2,1,2,1,1,2","2,1,2,1,1,2",644
KARL SEAL,United States,Cape Coral,2005-08-20,38.93,7,7,"1,1,2,1,2,2,1","1,1,2,1,2,2,1",644
KAREN JACKSON,Turkey,Osmaniye,2005-08-21,38.93,7,7,"2,2,1,1,2","2,2,1,1,2",652
ROSE HOWARD,French Guiana,Cayenne,2005-08-02,38.93,7,7,"1,2,1,2,1","1,2,1,2,1",652
LAURIE LAWRENCE,India,Firozabad,2005-08-23,38.93,7,7,"1,1,2,1,2","1,1,2,1,2",652
VELMA LUCAS,Nigeria,Effon-Alaiye,2005-07-10,38.93,7,7,"2,2,1,1","2,2,1,1",652
WARREN SHERROD,Russian Federation,Usolje-Sibirskoje,2005-08-19,38.93,7,7,"2,1,1,2,1,2","2,1,1,2,1,2",652
MAURICE CRAWLEY,Mexico,Coatzacoalcos,2005-07-11,38.93,7,7,"2,1,1,2,1","2,1,1,2,1",652
MITCHELL WESTMORELAND,Vietnam,Nha Trang,2005-07-11,38.93,7,7,"2,1,2,2,1,1","2,1,2,2,1,1",652
ROBERTO VU,China,Yinchuan,2005-07-31,38.93,7,7,"2,2,2,1,2","2,2,2,1,2",659
RHONDA KENNEDY,Netherlands,Apeldoorn,2005-07-10,38.92,8,8,"2,1,2,1,1","2,1,2,1,1",660
DARLENE ROSE,North Korea,Pyongyang,2005-08-22,38.92,8,8,"1,1,1,2","1,1,1,2",660
VIVIAN RUIZ,Netherlands,s-Hertogenbosch,2005-08-22,38.92,8,8,"2,1,1,2,1","2,1,1,2,1",660
GARY COY,China,Yuzhou,2005-08-22,38.92,8,8,"1,2,2,1,1,2,1","1,2,2,1,1,2,1",660
AMBER DIXON,Taiwan,Touliu,2005-08-22,38.92,8,8,"1,2,2,1,2","1,2,2,1,2",664
REGINA BERRY,China,Jinchang,2005-08-20,38.92,8,8,"1,1,1,2","1,1,1,2",664
STACEY MONTGOMERY,China,Fuyu,2005-07-10,38.92,8,8,"2,2,2,1,1,2","2,2,2,1,1,2",664
ARLENE HARVEY,India,Ambattur,2005-08-01,38.92,8,8,"2,1,1,2,1,2,1","2,1,1,2,1,2,1",664
MICHAEL SILVERMAN,China,Tiefa,2005-07-30,38.92,8,8,"1,1,2,1,2","1,1,2,1,2",664
FRANCISCO SKIDMORE,Brazil,So Leopoldo,2005-08-01,38.92,8,8,"2,1,1,2,1,2","2,1,1,2,1,2",664
COREY HAUSER,Turkey,Gaziantep,2005-08-02,38.92,8,8,"1,2,2,1,2,2,2,1","1,2,2,1,2,2,2,1",664
ROBERTO VU,China,Yinchuan,2005-07-12,38.92,8,8,"1,1,2,1,2,1","1,1,2,1,2,1",664
BRETT CORNWELL,India,Siliguri (Shiliguri),2005-07-31,38.92,8,8,"2,2,1,1,2,2,1","2,2,1,1,2,2,1",664
JAMIE RICE,United States,Sterling Heights,2005-08-21,38.92,8,8,"1,1,1,1,2,2","1,1,1,1,2,2",673
ALLEN BUTTERFIELD,India,Hoshiarpur,2005-08-02,38.92,8,8,"1,2,1,1,2,1,2","1,2,1,1,2,1,2",673
TONI HOLT,United States,Roanoke,2005-08-02,38.91,9,9,"1,2,1,2,1,2,2,1,2","1,2,1,2,1,2,2,1,2",675
WESLEY BULL,Spain,Ourense (Orense),2005-07-11,38.91,9,9,"2,1,2,1,2,2","2,1,2,1,2,2",675
BARBARA JONES,Myanmar,Myingyan,2005-08-23,38.91,9,9,"2,1,2,2,1,2,1,2","2,1,2,2,1,2,1,2",677
JENNIFER DAVIS,United States,Laredo,2005-08-23,38.91,9,9,"1,2,2,1,1,2","1,2,2,1,1,2",677
STEPHANIE MITCHELL,Armenia,Yerevan,2005-07-30,38.91,9,9,"1,2,2,1,1,2","1,2,2,1,1,2",677
PEGGY MYERS,Saudi Arabia,Abha,2005-08-01,38.91,9,9,"2,2,1,2,2,2,1","2,2,1,2,2,2,1",677
BETH FRANKLIN,Vietnam,Haiphong,2005-08-02,38.91,9,9,"1,1,1,2,1,2,1","1,1,1,2,1,2,1",677
CRAIG MORRELL,Philippines,Cavite,2005-08-21,38.91,9,9,"2,1,2,1,1,1","2,1,2,1,1,1",677
WADE DELVALLE,Switzerland,Lausanne,2005-07-12,38.91,9,9,"1,2,1,2,1,2","1,2,1,2,1,2",677
LUCILLE HOLMES,South Africa,Soshanguve,2005-07-11,38.91,9,9,"1,2,1,1,2,2,1","1,2,1,1,2,2,1",684
MARGIE WADE,China,Lengshuijiang,2005-06-20,38.91,9,9,"2,2,2,1,1,2","2,2,2,1,1,2",684
DIANNE SHELTON,Iran,Tabriz,2005-08-21,38.91,9,9,"1,1,2,1,2,2,1","1,1,2,1,2,2,1",684
HAROLD MARTINO,Brazil,Boa Vista,2005-08-20,38.91,9,9,"1,1,2,2,1","1,1,2,2,1",684
BRANDON HUEY,Turkey,Balikesir,2005-07-30,38.91,9,9,"2,1,1,2,2,2,1","2,1,1,2,2,2,1",684
LEON BOSTIC,Colombia,Florencia,2005-08-22,38.91,9,9,"2,1,2,1,2,2,2,1","2,1,2,1,2,2,2,1",684
PEDRO CHESTNUT,Ukraine,ostka,2005-08-01,38.91,9,9,"1,2,1,1,2,1","1,2,1,1,2,1",684
CLYDE TOBIAS,China,Shaoguan,2005-08-01,38.91,9,9,"1,2,1,1,1,2","1,2,1,1,1,2",684
MORRIS MCCARTER,Taiwan,Fengshan,2005-07-31,38.91,9,9,"2,1,1,2,1","2,1,1,2,1",684
DARYL LARUE,Iraq,Mosul,2005-07-31,38.91,9,9,"2,1,1,2,2","2,1,1,2,2",684
GENE SANBORN,Oman,Salala,2005-08-02,38.91,9,9,"1,2,1,2,2,1,1","1,2,1,2,2,1,1",694
JANICE WARD,Sweden,Malm,2005-08-23,38.9,10,10,"1,1,1,2,1,2,1","1,1,1,2,1,2,1",695
JOANNE ROBERTSON,Japan,Urawa,2005-08-22,38.9,10,10,"1,2,1,2,2,1","1,2,1,2,2,1",695
LYNN PAYNE,Malawi,Lilongwe,2005-07-12,38.9,10,10,"2,1,2,1,1,2,1,2,2","2,1,2,1,1,2,1,2,2",695
TRACEY BARRETT,Nigeria,Owo,2005-08-01,38.9,10,10,"1,2,2,1,1,2,1","1,2,2,1,1,2,1",695
MATTHEW MAHAN,Mexico,Cuautla,2005-07-31,38.9,10,10,"2,2,1,2,1,1,2,1","2,2,1,2,1,1,2,1",695
MARIO CHEATHAM,Algeria,Batna,2005-08-02,38.9,10,10,"2,1,2,1,2","2,1,2,1,2",695
ROLAND SOUTH,China,Yingkou,2005-08-22,38.9,10,10,"2,1,1,1,1,2,2","2,1,1,1,1,2,2",695
BRANDY GRAVES,United States,Warren,2005-08-02,38.9,10,10,"2,2,1,2,2,1,2","2,2,1,2,2,1,2",702
DAISY BATES,Russian Federation,Kolpino,2005-07-11,38.9,10,10,"2,1,1,1,2,2,1","2,1,1,1,2,2,1",702
PATRICK NEWSOM,Vietnam,Hanoi,2005-08-01,38.9,10,10,"2,2,1,1,1,2","2,2,1,1,1,2",702
ALICE STEWART,United States,Fontana,2005-08-02,38.89,11,11,"1,1,1,1,2,2,1,1","1,1,1,1,2,2,1,1",705
ALLISON STANLEY,Cambodia,Phnom Penh,2005-07-11,38.89,11,11,"2,1,1,1,1,2,2","2,1,1,1,1,2,2",705
DEBRA NELSON,Brazil,Vila Velha,2005-07-10,37.94,6,6,"1,2,1,2","1,2,1,2",707
JANET PHILLIPS,Chile,Antofagasta,2005-08-23,37.94,6,6,"1,1,2,1,1,2","1,1,2,1,1,2",708
LENA JENSEN,India,Halisahar,2005-07-30,37.94,6,6,"2,2,1,2,1","2,2,1,2,1",708
BRADLEY MOTLEY,India,Purnea (Purnia),2005-07-30,37.94,6,6,"1,1,1,2","1,1,1,2",708
TROY QUIGLEY,Canada,Vancouver,2005-07-31,37.94,6,6,"1,2,1,1","1,2,1,1",708
LAURA RODRIGUEZ,Morocco,Sal,2005-08-22,37.93,7,7,"1,2,1,1,1","1,2,1,1,1",712
LOUISE JENKINS,South Africa,Springs,2005-08-23,37.93,7,7,"1,2,1,2,1,2","1,2,1,2,1,2",712
BERNICE WILLIS,Turkey,Batman,2005-08-20,37.93,7,7,"2,2,2,1,2","2,2,2,1,2",712
JUNE CARROLL,Algeria,Skikda,2005-06-18,37.93,7,7,"1,1,1,2","1,1,1,2",712
JENNIE TERRY,Czech Republic,Olomouc,2005-08-22,37.93,7,7,"1,2,2,2,1,1","1,2,2,2,1,1",712
RALPH MADRIGAL,Puerto Rico,Arecibo,2005-08-20,37.93,7,7,"2,1,2,1,2","2,1,2,1,2",712
LEO EBERT,China,Dongying,2005-08-23,37.93,7,7,"1,1,2,2,1","1,1,2,2,1",712
GORDON ALLARD,Yemen,Hodeida,2005-08-20,37.93,7,7,"2,1,2,1,2,1","2,1,2,1,2,1",712
DEAN SAUER,South Africa,Johannesburg,2005-08-21,37.93,7,7,"2,1,1,1,2","2,1,1,1,2",712
YVONNE WATKINS,Venezuela,Ocumare del Tuy,2005-08-01,37.93,7,7,"2,1,1,1,1,2","2,1,1,1,1,2",721
LENA JENSEN,India,Halisahar,2005-08-20,37.93,7,7,"2,1,2,1,2","2,1,2,1,2",721
FRANCISCO SKIDMORE,Brazil,So Leopoldo,2005-07-31,37.93,7,7,"2,1,1,2,1","2,1,1,2,1",721
MARSHALL THORN,United Kingdom,Southampton,2005-07-10,37.93,7,7,"1,2,1,1,2","1,2,1,1,2",721
TRACY HERRMANN,Ecuador,Loja,2005-08-21,37.93,7,7,"1,1,2,1,1,2","1,1,2,1,1,2",721
JESSICA HALL,Holy See (Vatican City State),Citt del Vaticano,2005-08-22,37.93,7,7,"1,2,2,1,1","1,2,2,1,1",726
VIRGINIA GREEN,France,Toulouse,2005-08-02,37.93,7,7,"1,1,1,2,1,1","1,1,1,2,1,1",726
BILLY POULIN,Philippines,Cabuyao,2005-08-21,37.93,7,7,"2,1,2,2,1","2,1,2,2,1",726
TIM CARY,India,Bijapur,2005-08-02,37.93,7,7,"2,1,2,1,2","2,1,2,1,2",726
SHARON ROBINSON,Pakistan,Mardan,2005-08-02,37.92,8,8,"2,2,2,2,1,1","2,2,2,2,1,1",730
TERRY CARLSON,Japan,Miyakonojo,2005-08-22,37.92,8,8,"1,2,1,2,2,1,2","1,2,1,2,2,1,2",730
TONI HOLT,United States,Roanoke,2005-08-01,37.92,8,8,"1,2,1,2,1,2,2,1","1,2,1,2,1,2,2,1",730
JERRY JORDON,Japan,Onomichi,2005-07-12,37.92,8,8,"1,1,2,2,1,1,2,1","1,1,2,2,1,1,2,1",730
DALE RATCLIFF,South Africa,Rustenburg,2005-08-01,37.92,8,8,"1,2,1,2,1,2","1,2,1,2,1,2",730
RODNEY MOELLER,Nigeria,Deba Habe,2005-07-11,37.92,8,8,"1,2,1,2,1,2","1,2,1,2,1,2",730
LISA ANDERSON,Japan,Sagamihara,2005-08-01,37.92,8,8,"1,1,2,2,1,1,2,1","1,1,2,2,1,1,2,1",736
RUBY WASHINGTON,China,Meixian,2005-07-30,37.92,8,8,"2,1,1,1,2","2,1,1,1,2",736
CRYSTAL FORD,Israel,Ashdod,2005-07-09,37.92,8,8,"2,1,2,1","2,1,2,1",736
BERNICE WILLIS,Turkey,Batman,2005-07-30,37.92,8,8,"1,2,1,2,1","1,2,1,2,1",736
TERRI VASQUEZ,Brazil,Blumenau,2005-07-11,37.92,8,8,"1,2,2,2,1","1,2,2,2,1",736
ARLENE HARVEY,India,Ambattur,2005-07-11,37.92,8,8,"2,1,1,2,1,1,2","2,1,1,2,1,1,2",736
MARCIA DEAN,Philippines,Tanza,2005-06-21,37.92,8,8,"1,2,2,2,1,2,1,2","1,2,2,2,1,2,1,2",736
TANYA GILBERT,South Korea,Naju,2005-07-29,37.92,8,8,"1,2,1,2,2,1","1,2,1,2,2,1",736
BRUCE SCHWARZ,Japan,Okinawa,2005-07-31,37.92,8,8,"1,2,1,2,1,1,2,2","1,2,1,2,1,1,2,2",736
CHARLIE BESS,China,Baiyin,2005-07-31,37.92,8,8,"2,1,1,1,1,2","2,1,1,1,1,2",736
JAIME NETTLES,Peru,Hunuco,2005-08-20,37.92,8,8,"2,1,2,2,1,1","2,1,2,2,1,1",736
FLORENCE WOODS,Argentina,Merlo,2005-08-01,37.92,8,8,"2,2,1,1,2,1,2,1","2,2,1,1,2,1,2,1",747
TERESA ROGERS,Japan,Iwakuni,2005-08-22,37.91,9,9,"2,1,2,1,2,1,1,1","2,1,2,1,2,1,1,1",748
VICKI FIELDS,Germany,Witten,2005-08-23,37.91,9,9,"2,2,2,2,1,1,2","2,2,2,2,1,1,2",748
JOHN FARNSWORTH,India,Parbhani,2005-08-02,37.91,9,9,"1,1,1,1,2,2,1","1,1,1,1,2,2,1",748
GABRIEL HARDER,Turkey,Sivas,2005-08-01,37.91,9,9,"1,2,1,2,1,1","1,2,1,2,1,1",748
ERIK GUILLEN,India,Bhimavaram,2005-08-21,37.91,9,9,"1,2,1,1,2,1,2,2","1,2,1,1,2,1,2,2",748
ELIZABETH BROWN,Taiwan,Nantou,2005-08-22,37.91,9,9,"2,1,1,2,1,2,2","2,1,1,2,1,2,2",753
AGNES BISHOP,India,Sambhal,2005-08-02,37.91,9,9,"2,2,1,2,2,1,1","2,2,1,2,2,1,1",753
WILLIE HOWELL,Argentina,Vicente Lpez,2005-07-12,37.91,9,9,"2,2,2,2,1,2","2,2,2,2,1,2",753
RAMONA HALE,India,Patiala,2005-08-22,37.91,9,9,"2,2,2,1,2,2","2,2,2,1,2,2",753
CHRISTIAN JUNG,India,Amroha,2005-08-02,37.91,9,9,"2,1,2,1,2,2,1,2","2,1,2,1,2,2,1,2",753
ANGELA HERNANDEZ,Japan,Shimonoseki,2005-08-02,37.91,9,9,"2,1,2,2,1,1,2,1","2,1,2,2,1,1,2,1",758
CLARA SHAW,Belarus,Molodetno,2005-08-22,37.91,9,9,"1,2,2,1,2,2,2,1","1,2,2,1,2,2,2,1",758
GLENDA FRAZIER,China,Qinhuangdao,2005-08-22,37.91,9,9,"2,1,2,1,2,1,1","2,1,2,1,2,1,1",758
NORA HERRERA,Austria,Salzburg,2005-08-20,37.91,9,9,"2,1,1,2,1","2,1,1,2,1",758
ROGER QUINTANILLA,Taiwan,Hsichuh,2005-08-22,37.91,9,9,"2,2,2,1,2","2,2,2,1,2",758
MARSHA DOUGLAS,Mozambique,Beira,2005-08-22,37.9,10,10,"2,2,1,2,2,1","2,2,1,2,2,1",763
JEFFREY SPEAR,Indonesia,Ciparay,2005-08-23,37.9,10,10,"1,2,1,2,2,1,2,1,1","1,2,1,2,2,1,2,1,1",763
CAROLYN PEREZ,Thailand,Pak Kret,2005-07-31,37.9,10,10,"1,1,1,1,2,2,2","1,1,1,1,2,2,2",765
CARLA GUTIERREZ,India,Bhusawal,2005-08-02,37.9,10,10,"1,1,2,2,1,1","1,1,2,2,1,1",765
MAUREEN LITTLE,Paraguay,Asuncin,2005-08-23,37.9,10,10,"1,1,2,2,2,1","1,1,2,2,2,1",765
BRANDON HUEY,Turkey,Balikesir,2005-08-23,37.9,10,10,"2,1,2,1,1,1,1","2,1,2,1,1,1,1",765
JIMMY SCHRADER,Russian Federation,Atinsk,2005-08-22,37.9,10,10,"2,2,1,2,1","2,2,1,2,1",765
BOBBY BOUDREAU,Anguilla,South Hill,2005-08-22,37.9,10,10,"1,2,2,2,1,2,1,2","1,2,2,2,1,2,1,2",770
LOIS BUTLER,Brunei,Bandar Seri Begawan,2005-07-12,37.89,11,11,"2,2,1,1,2,2,1,2","2,2,1,1,2,2,1,2",771
GERTRUDE CASTILLO,Greenland,Nuuk,2005-07-12,37.89,11,11,"2,1,2,1,2,1,2,2,1","2,1,2,1,2,1,2,2,1",772
HECTOR POINDEXTER,Russian Federation,Pjatigorsk,2005-07-31,37.89,11,11,"1,1,1,2,2,1,1,2,2","1,1,1,2,2,1,1,2,2",772
CHARLENE ALVAREZ,Tanzania,Zanzibar,2005-07-30,36.95,5,5,"2,1,1,2","2,1,1,2",774
ZACHARY HITE,United States,Akron,2005-07-31,36.94,6,6,"1,2,1,2","1,2,1,2",775
MARIA MILLER,Yugoslavia,Kragujevac,2005-07-10,36.94,6,6,"2,2,2,1,1,1","2,2,2,1,1,1",776
CLARA SHAW,Belarus,Molodetno,2005-07-10,36.94,6,6,"1,2,2,2","1,2,2,2",776
BRITTANY RILEY,Ukraine,Sumy,2005-07-11,36.94,6,6,"2,1,2,1,2,1","2,1,2,1,2,1",776
ELLA OLIVER,Yemen,Aden,2005-08-21,36.94,6,6,"2,1,2,1,2","2,1,2,1,2",776
MARIA MILLER,Yugoslavia,Kragujevac,2005-08-01,36.94,6,6,"2,2,2,1","2,2,2,1",780
RYAN SALISBURY,Latvia,Daugavpils,2005-08-22,36.94,6,6,"2,1,2,2,2","2,1,2,2,2",780
ERIN DUNN,Russian Federation,Ljubertsy,2005-08-22,36.93,7,7,"1,2,1,2,1","1,2,1,2,1",782
KEVIN SCHULER,Nepal,Birgunj,2005-07-11,36.93,7,7,"2,1,2,1,2,2,2","2,1,2,1,2,2,2",782
MARILYN ROSS,Nigeria,Ife,2005-08-02,36.93,7,7,"2,1,1,1,2","2,1,1,1,2",784
JACQUELINE LONG,Thailand,Songkhla,2005-07-12,36.93,7,7,"1,2,1,1,2,1,2","1,2,1,1,2,1,2",784
LOUIS LEONE,Philippines,Tanauan,2005-08-18,36.93,7,7,"2,2,1,2","2,2,1,2",784
MARC OUTLAW,Italy,Brindisi,2005-08-18,36.93,7,7,"1,2,1,1","1,2,1,1",784
ANDY VANHORN,Mexico,Huejutla de Reyes,2005-07-29,36.93,7,7,"2,1,2,1","2,1,2,1",784
MARSHALL THORN,United Kingdom,Southampton,2005-08-01,36.93,7,7,"1,2,1,2,2","1,2,1,2,2",784
EDUARDO HIATT,China,Jining,2005-07-31,36.93,7,7,"1,1,2,1,2","1,1,2,1,2",790
BRADLEY MOTLEY,India,Purnea (Purnia),2005-08-22,36.92,8,8,"2,2,1,2,2,2","2,2,1,2,2,2",791
WESLEY BULL,Spain,Ourense (Orense),2005-07-31,36.92,8,8,"1,2,2,1,2,1,2","1,2,2,1,2,1,2",791
CLAUDIA FULLER,Kuwait,Jalib al-Shuyukh,2005-06-21,36.92,8,8,"2,2,1,2,1,2,2,2","2,2,1,2,1,2,2,2",793
NINA SOTO,India,Palghat (Palakkad),2005-07-12,36.92,8,8,"2,2,1,2,1,2","2,2,1,2,1,2",793
PERRY SWAFFORD,Argentina,Quilmes,2005-08-01,36.92,8,8,"1,2,2,2,1,2","1,2,2,2,1,2",793
BARBARA JONES,Myanmar,Myingyan,2005-08-22,36.92,8,8,"2,1,2,2,1,2,1","2,1,2,2,1,2,1",796
ELIZABETH BROWN,Taiwan,Nantou,2005-08-21,36.92,8,8,"2,1,1,2,1,2","2,1,1,2,1,2",796
NANCY THOMAS,India,Yamuna Nagar,2005-08-01,36.92,8,8,"2,2,1,2,2","2,2,1,2,2",796
PHYLLIS FOSTER,China,Zalantun,2005-08-22,36.92,8,8,"1,1,2,1,2,2","1,1,2,1,2,2",796
AMBER DIXON,Taiwan,Touliu,2005-07-12,36.92,8,8,"2,2,1,1,1,2","2,2,1,1,1,2",796
LAURIE LAWRENCE,India,Firozabad,2005-08-02,36.92,8,8,"2,2,2,1,1,2,1,1","2,2,2,1,1,2,1,1",796
ALMA AUSTIN,Germany,Mannheim,2005-07-31,36.92,8,8,"2,2,1,1,2","2,2,1,1,2",796
JOY GEORGE,Romania,Botosani,2005-07-31,36.92,8,8,"2,2,2,1,2,1","2,2,2,1,2,1",796
THOMAS GRIGSBY,United States,Kansas City,2005-08-22,36.92,8,8,"1,2,1,2,1,2,1","1,2,1,2,1,2,1",796
JOSHUA MARK,India,Rampur,2005-08-22,36.92,8,8,"2,1,2,2,1,1","2,1,2,2,1,1",796
ROGER QUINTANILLA,Taiwan,Hsichuh,2005-07-10,36.92,8,8,"2,2,2,1,1,2","2,2,2,1,1,2",796
ROY WHITING,Kenya,Nyeri,2005-07-31,36.92,8,8,"1,2,2,1","1,2,2,1",796
HERBERT KRUGER,Russian Federation,Syktyvkar,2005-08-02,36.92,8,8,"1,2,1,2,2,2","1,2,1,2,2,2",796
JAMIE WAUGH,Japan,Kuwana,2005-07-30,36.92,8,8,"2,1,2,2,2","2,1,2,2,2",796
NEIL RENNER,Vietnam,Cam Ranh,2005-08-22,36.92,8,8,"2,2,2,1,1,2","2,2,2,1,1,2",796
JULIAN VEST,Japan,Akishima,2005-07-10,36.92,8,8,"1,1,2,2,1,1","1,1,2,2,1,1",796
KATHY JAMES,Philippines,Baybay,2005-07-12,36.92,8,8,"2,2,1,2,2,1","2,2,1,2,2,1",812
GLENDA FRAZIER,China,Qinhuangdao,2005-08-21,36.92,8,8,"2,1,2,1,2,1","2,1,2,1,2,1",812
RONALD WEINER,Mexico,San Felipe del Progreso,2005-07-11,36.92,8,8,"2,1,1,2,1","2,1,1,2,1",812
JEFFERY PINSON,Pakistan,Dadu,2005-08-23,36.92,8,8,"1,1,1,1,1,2,1","1,1,1,1,1,2,1",812
REBECCA SCOTT,Japan,Kurashiki,2005-08-21,36.91,9,9,"1,2,2,1,1,2,1,2","1,2,2,1,1,2,1,2",816
TAMMY SANDERS,Taiwan,Changhwa,2005-07-30,36.91,9,9,"1,1,2,1,2","1,1,2,1,2",816
MARSHA DOUGLAS,Mozambique,Beira,2005-08-21,36.91,9,9,"2,2,1,2,2","2,2,1,2,2",816
JEFFREY SPEAR,Indonesia,Ciparay,2005-08-22,36.91,9,9,"1,2,1,2,2,1,2,1","1,2,1,2,2,1,2,1",816
BEVERLY BROOKS,Taiwan,Chiayi,2005-08-02,36.91,9,9,"1,1,1,1,1,2,1,2","1,1,1,1,1,2,1,2",820
SUZANNE NICHOLS,Indonesia,Jakarta,2005-08-23,36.91,9,9,"1,1,1,1,1,2,2,1","1,1,1,1,1,2,2,1",820
JESSE SCHILLING,"Congo, The Democratic Republic of the",Lubumbashi,2005-08-22,36.91,9,9,"2,2,1,2,2,2,2","2,2,1,2,2,2,2",820
DEREK BLAKELY,Philippines,Gingoog,2005-08-22,36.91,9,9,"2,1,1,1,2","2,1,1,1,2",820
TED BREAUX,China,Baicheng,2005-08-02,36.91,9,9,"1,1,1,1,2,2,1,1","1,1,1,1,2,2,1,1",820
JENNY CASTRO,Puerto Rico,Ponce,2005-08-02,36.91,9,9,"1,2,1,2,2,2,2","1,2,1,2,2,2,2",825
VIOLET RODRIQUEZ,Hong Kong,Kowloon and New Kowloon,2005-08-20,36.91,9,9,"1,2,2,2,1","1,2,2,2,1",825
MAURICE CRAWLEY,Mexico,Coatzacoalcos,2005-08-23,36.91,9,9,"1,2,2,1,1,2","1,2,2,1,1,2",827
JUNE CARROLL,Algeria,Skikda,2005-08-02,36.9,10,10,"1,2,1,1,2,1,2,1","1,2,1,1,2,1,2,1",828
PAMELA BAKER,China,Nanyang,2005-08-23,36.9,10,10,"1,2,2,1,2,1,1,2","1,2,2,1,2,1,1,2",829
EMILY DIAZ,South Korea,Kimchon,2005-07-11,36.9,10,10,"2,2,1,2,2,1,1","2,2,1,2,2,1,1",829
GREGORY MAULDIN,Tunisia,Sousse,2005-07-12,36.9,10,10,"1,2,1,1,2,1","1,2,1,1,2,1",829
LEROY BUSTAMANTE,China,Tongliao,2005-08-01,36.9,10,10,"2,1,1,1,1,2,1,2","2,1,1,1,1,2,1,2",829
JULIA FLORES,Argentina,La Plata,2005-07-31,36.9,10,10,"2,2,1,2,1,2","2,2,1,2,1,2",833
KRISTIN JOHNSTON,United States,Sunnyvale,2005-08-23,36.9,10,10,"2,2,1,1,2,1,2","2,2,1,1,2,1,2",833
ALLISON STANLEY,Cambodia,Phnom Penh,2005-07-10,36.9,10,10,"2,1,1,1,1,2","2,1,1,1,1,2",833
HECTOR POINDEXTER,Russian Federation,Pjatigorsk,2005-07-30,36.9,10,10,"1,1,1,2,2,1,1,2","1,1,1,2,2,1,1,2",833
CLAYTON BARBEE,Brazil,Alvorada,2005-08-22,36.9,10,10,"2,2,2,1,1,2,1,2","2,2,2,1,1,2,1,2",833
MITCHELL WESTMORELAND,Vietnam,Nha Trang,2005-08-21,36.9,10,10,"1,1,1,2,2,1","1,1,1,2,2,1",838
KEN PREWITT,Romania,Bucuresti,2005-07-11,36.89,11,11,"1,2,1,2,1,2","1,2,1,2,1,2",839
CLYDE TOBIAS,China,Shaoguan,2005-07-12,36.89,11,11,"2,1,2,2,1,1,2","2,1,2,2,1,1,2",840
FRANKLIN TROUTMAN,China,Zaoyang,2005-08-23,36.89,11,11,"1,2,1,2,2,1,1,1","1,2,1,2,2,1,1,1",840
BRENDA WRIGHT,India,Kamarhati,2005-07-12,35.94,6,6,"1,2,1,2,1,2","1,2,1,2,1,2",842
JOYCE EDWARDS,Saudi Arabia,Jedda,2005-07-31,35.94,6,6,"2,2,2,2,1","2,2,2,2,1",843
KATIE ELLIOTT,Kenya,Kisumu,2005-06-21,35.94,6,6,"1,2,2,2,1","1,2,2,2,1",843
MARSHA DOUGLAS,Mozambique,Beira,2005-07-12,35.94,6,6,"2,1,1,2","2,1,1,2",843
KAY CALDWELL,China,Yantai,2005-08-02,35.94,6,6,"2,2,1,2,1,2","2,2,1,2,1,2",843
CARL ARTIS,Paraguay,San Lorenzo,2005-08-01,35.94,6,6,"1,2,2,1,2,2","1,2,2,1,2,2",843
ALAN KAHN,China,Emeishan,2005-08-01,35.94,6,6,"1,1,2,1,1,1","1,1,2,1,1,1",843
HECTOR POINDEXTER,Russian Federation,Pjatigorsk,2005-08-23,35.94,6,6,"1,2,1,2,1,2","1,2,1,2,1,2",843
MARIE TURNER,Russian Federation,Lipetsk,2005-07-10,35.94,6,6,"2,2,1,2","2,2,1,2",850
KATHRYN COLEMAN,Ukraine,Simferopol,2005-07-30,35.94,6,6,"2,1,2,1","2,1,2,1",850
LAURIE LAWRENCE,India,Firozabad,2005-08-21,35.94,6,6,"1,1,2,1","1,1,2,1",850
PAUL TROUT,Russian Federation,Kursk,2005-08-01,35.94,6,6,"2,1,1,2,2","2,1,1,2,2",850
MIKE WAY,India,Valparai,2005-06-21,35.94,6,6,"2,1,2,1,2,1","2,1,2,1,2,1",850
HERMAN DEVORE,Tanzania,Mwanza,2005-07-31,35.94,6,6,"1,2,1,2,1,1","1,2,1,2,1,1",850
MITCHELL WESTMORELAND,Vietnam,Nha Trang,2005-07-10,35.94,6,6,"2,1,2,2,1","2,1,2,2,1",850
JESSIE MILAM,China,Binzhou,2005-08-21,35.94,6,6,"2,1,1,1","2,1,1,1",850
GREG ROBINS,Vietnam,Nam Dinh,2005-08-21,35.94,6,6,"1,2,2,1,2","1,2,2,1,2",858
JUNE CARROLL,Algeria,Skikda,2005-08-21,35.93,7,7,"1,1,1,2,1,2","1,1,1,2,1,2",859
SHARON ROBINSON,Pakistan,Mardan,2005-08-01,35.93,7,7,"2,2,2,2,1","2,2,2,2,1",860
RHONDA KENNEDY,Netherlands,Apeldoorn,2005-07-09,35.93,7,7,"2,1,2,1","2,1,2,1",860
BEATRICE ARNOLD,India,Udaipur,2005-08-23,35.93,7,7,"2,1,2,2,1","2,1,2,2,1",860
COURTNEY DAY,South Korea,Uijongbu,2005-07-29,35.93,7,7,"2,1,2,1","2,1,2,1",860
MAE FLETCHER,Spain,Donostia-San Sebastin,2005-06-21,35.93,7,7,"1,2,1,2,1,2","1,2,1,2,1,2",860
STEVEN CURLEY,India,Miraj,2005-06-21,35.93,7,7,"1,2,1,2,1,2","1,2,1,2,1,2",860
JOEL FRANCISCO,Bolivia,Sucre,2005-06-21,35.93,7,7,"2,1,1,2,2,2","2,1,1,2,2,2",860
BARRY LOVELACE,Zambia,Kitwe,2005-08-23,35.93,7,7,"2,2,2,1,2,2","2,2,2,1,2,2",860
GLEN TALBERT,Mexico,Acua,2005-07-11,35.93,7,7,"1,2,1,1,2,2","1,2,1,1,2,2",860
NEIL RENNER,Vietnam,Cam Ranh,2005-07-10,35.93,7,7,"1,2,2,1,2,1","1,2,2,1,2,1",860
FERNANDO CHURCHILL,South Korea,Tonghae,2005-07-31,35.93,7,7,"1,2,1,1,1,2","1,2,1,1,1,2",860
DWIGHT LOMBARDI,South Africa,Chatsworth,2005-08-02,35.93,7,7,"1,1,1,2,1","1,1,1,2,1",860
PERRY SWAFFORD,Argentina,Quilmes,2005-07-31,35.93,7,7,"1,2,2,2,1","1,2,2,2,1",860
ROSA REYNOLDS,United States,Lancaster,2005-08-21,35.93,7,7,"1,2,2,1","1,2,2,1",873
GRACE ELLIS,Germany,Duisburg,2005-07-31,35.93,7,7,"2,2,2,1,1","2,2,2,1,1",873
ARLENE HARVEY,India,Ambattur,2005-07-31,35.93,7,7,"2,1,1,2,1,2","2,1,1,2,1,2",873
GLENDA FRAZIER,China,Qinhuangdao,2005-08-01,35.93,7,7,"2,1,1,1,2","2,1,1,1,2",873
MARGIE WADE,China,Lengshuijiang,2005-06-19,35.93,7,7,"2,2,2,1","2,2,2,1",873
ROGER QUINTANILLA,Taiwan,Hsichuh,2005-07-09,35.93,7,7,"2,2,2,1,1","2,2,2,1,1",873
GREG ROBINS,Vietnam,Nam Dinh,2005-07-12,35.93,7,7,"2,2,1,1,2,1","2,2,1,1,2,1",873
RENE MCALISTER,United States,Garden Grove,2005-08-01,35.93,7,7,"2,1,2,1,1,2","2,1,2,1,1,2",873
JAMIE RICE,United States,Sterling Heights,2005-08-20,35.93,7,7,"1,1,1,1,2","1,1,1,1,2",881
GLENDA FRAZIER,China,Qinhuangdao,2005-08-20,35.93,7,7,"2,1,2,1,2","2,1,2,1,2",881
FLOYD GANDY,Mexico,Zapopan,2005-08-23,35.93,7,7,"1,2,1,1,2","1,2,1,1,2",881
RON DELUCA,Japan,Isesaki,2005-07-31,35.93,7,7,"1,2,2,1","1,2,2,1",881
CODY NOLEN,Brazil,So Bernardo do Campo,2005-08-22,35.93,7,7,"2,2,2,1,1","2,2,2,1,1",881
CATHERINE CAMPBELL,Russian Federation,Moscow,2005-08-01,35.92,8,8,"1,2,2,2,1,2,1","1,2,2,2,1,2,1",886
JULIE SANCHEZ,Spain,A Corua (La Corua),2005-08-23,35.92,8,8,"1,2,2,2,1,2","1,2,2,2,1,2",886
TONYA CHAPMAN,India,Bhilwara,2005-07-11,35.92,8,8,"2,2,1,2,1,2,1","2,2,1,2,1,2,1",886
MARSHA DOUGLAS,Mozambique,Beira,2005-08-20,35.92,8,8,"2,2,1,2","2,2,1,2",886
SAM MCDUFFIE,Colombia,Sogamoso,2005-07-11,35.92,8,8,"1,2,1,1,2,2,1,2","1,2,1,1,2,2,1,2",886
GABRIEL HARDER,Turkey,Sivas,2005-08-23,35.92,8,8,"2,1,1,1,2,2","2,1,1,1,2,2",886
SHIRLEY ALLEN,Philippines,Davao,2005-08-02,35.92,8,8,"1,2,2,1,1,1","1,2,2,1,1,1",892
JUANITA MASON,India,Pune,2005-07-31,35.92,8,8,"2,1,1,1,2,1,2","2,1,1,1,2,1,2",892
BETH FRANKLIN,Vietnam,Haiphong,2005-08-01,35.92,8,8,"1,1,1,2,1,2","1,1,1,2,1,2",892
WILLIE HOWELL,Argentina,Vicente Lpez,2005-07-11,35.92,8,8,"2,2,2,2,1","2,2,2,2,1",892
JACKIE LYNCH,Colombia,Buenaventura,2005-07-12,35.92,8,8,"2,1,2,1,1,2,2","2,1,2,1,1,2,2",892
DEANNA BYRD,Philippines,Tuguegarao,2005-08-22,35.92,8,8,"1,2,1,2,2,1,2","1,2,1,2,2,1,2",892
OLGA JIMENEZ,Nigeria,Ogbomosho,2005-08-21,35.92,8,8,"2,2,1,1,2,1,2","2,2,1,1,2,1,2",892
MIRIAM MCKINNEY,Japan,Otsu,2005-07-12,35.92,8,8,"2,2,1,1,2,2","2,2,1,1,2,2",892
SHERRI RHODES,India,Ahmadnagar,2005-08-21,35.92,8,8,"2,1,1,1,2,1,1","2,1,1,1,2,1,1",892
JAMES GANNON,Japan,Hiroshima,2005-08-22,35.92,8,8,"1,1,2,1,2","1,1,2,1,2",892
CHARLES KOWALSKI,Malaysia,Sungai Petani,2005-08-20,35.92,8,8,"2,1,1,1,2","2,1,1,1,2",892
RAYMOND MCWHORTER,Azerbaijan,Sumqayit,2005-08-02,35.92,8,8,"1,1,1,1,1,2","1,1,1,1,1,2",892
JESSE SCHILLING,"Congo, The Democratic Republic of the",Lubumbashi,2005-08-21,35.92,8,8,"2,2,1,2,2,2","2,2,1,2,2,2",892
ANTONIO MEEK,Brazil,Bag,2005-08-02,35.92,8,8,"2,1,1,2,1,1,2","2,1,1,2,1,1,2",892
LUIS YANEZ,France,Brest,2005-07-11,35.92,8,8,"2,1,2,2,2,1","2,1,2,2,2,1",892
MICHEAL FORMAN,Argentina,Escobar,2005-08-22,35.92,8,8,"1,2,1,2,1","1,2,1,2,1",892
RONNIE RICKETTS,Senegal,Ziguinchor,2005-08-23,35.92,8,8,"1,1,1,2,1","1,1,1,2,1",892
BRAD MCCURDY,Taiwan,Chungho,2005-07-11,35.92,8,8,"2,1,2,1,2","2,1,2,1,2",892
JULIO NOLAND,Ukraine,Konotop,2005-08-23,35.92,8,8,"2,1,1,2,1,1,1,2","2,1,1,2,1,1,1,2",892
JAIME NETTLES,Peru,Hunuco,2005-08-23,35.92,8,8,"1,2,2,1,1,1","1,2,2,1,1,1",892
CLARA SHAW,Belarus,Molodetno,2005-08-21,35.92,8,8,"1,2,2,1,2,2,2","1,2,2,1,2,2,2",912
VIOLET RODRIQUEZ,Hong Kong,Kowloon and New Kowloon,2005-07-12,35.92,8,8,"1,2,1,2,2,2,2","1,2,1,2,2,2,2",912
BESSIE MORRISON,Italy,Syrakusa,2005-08-21,35.91,9,9,"2,1,1,2,2,2,1","2,1,1,2,2,2,1",914
HEIDI LARSON,China,Xiangfan,2005-08-23,35.91,9,9,"2,1,2,2,1,2,1","2,1,2,2,1,2,1",914
MARJORIE TUCKER,Poland,Jastrzebie-Zdrj,2005-08-01,35.91,9,9,"2,2,2,1,2,1,1","2,2,2,1,2,1,1",916
LYNN PAYNE,Malawi,Lilongwe,2005-07-11,35.91,9,9,"2,1,2,1,1,2,1,2","2,1,2,1,1,2,1,2",916
REGINA BERRY,China,Jinchang,2005-08-01,35.91,9,9,"2,1,2,1,2,2","2,1,2,1,2,2",916
KATIE ELLIOTT,Kenya,Kisumu,2005-08-23,35.91,9,9,"2,1,1,1,2,2","2,1,1,1,2,2",916
GERTRUDE CASTILLO,Greenland,Nuuk,2005-08-02,35.91,9,9,"2,1,1,2,2,1,2","2,1,1,2,2,1,2",916
GINA WILLIAMSON,Yemen,Taizz,2005-06-21,35.91,9,9,"1,2,1,2,1,2,1","1,2,1,2,1,2,1",916
MARSHA DOUGLAS,Mozambique,Beira,2005-07-29,35.91,9,9,"2,1,2,2,1","2,1,2,2,1",916
GERALD FULTZ,India,Satna,2005-08-01,35.91,9,9,"1,1,1,2,2,1","1,1,1,2,2,1",916
KURT EMMONS,Japan,Kanazawa,2005-08-02,35.91,9,9,"2,1,1,1,2","2,1,1,1,2",916
ANGELA HERNANDEZ,Japan,Shimonoseki,2005-08-20,35.91,9,9,"2,1,2,2,1,2,1","2,1,2,2,1,2,1",925
REGINA BERRY,China,Jinchang,2005-07-12,35.91,9,9,"1,1,2,2,1,1,1,2","1,1,2,2,1,1,1,2",925
ALLISON STANLEY,Cambodia,Phnom Penh,2005-07-09,35.91,9,9,"2,1,1,1,1","2,1,1,1,1",925
PATSY DAVIDSON,Ecuador,Portoviejo,2005-07-12,35.91,9,9,"1,1,2,1,2,1","1,1,2,1,2,1",925
BRANDY GRAVES,United States,Warren,2005-08-01,35.91,9,9,"2,2,1,2,2,1","2,2,1,2,2,1",925
AARON SELBY,"Congo, The Democratic Republic of the",Mwene-Ditu,2005-08-02,35.91,9,9,"1,2,1,2,1,2","1,2,1,2,1,2",925
DEBBIE REYES,Japan,Fukuyama,2005-08-21,35.91,9,9,"1,2,2,1,2,2,1","1,2,2,1,2,2,1",931
JACQUELINE LONG,Thailand,Songkhla,2005-08-23,35.9,10,10,"2,1,2,1,2,2,1,2","2,1,2,1,2,2,1,2",932
KEITH RICO,Slovakia,Bratislava,2005-08-02,35.9,10,10,"1,2,1,2,2,1,2","1,2,1,2,2,1,2",932
JUDITH COX,China,Daxian,2005-08-02,35.9,10,10,"2,1,2,1,2,1","2,1,2,1,2,1",934
LILLIAN GRIFFIN,United Arab Emirates,al-Ayn,2005-08-02,35.9,10,10,"2,1,1,2,1,2,1,2","2,1,1,2,1,2,1,2",934
GUY BROWNLEE,China,Zhoushan,2005-08-02,35.9,10,10,"1,2,1,2,1,1,2,1,2","1,2,1,2,1,1,2,1,2",936
ELIZABETH BROWN,Taiwan,Nantou,2005-08-02,35.89,11,11,"2,2,1,1,1,2,1,2,1","2,2,1,1,1,2,1,2,1",937
DARLENE ROSE,North Korea,Pyongyang,2005-07-31,35.88,12,12,"1,2,2,2,1,2,1","1,2,2,2,1,2,1",938
VERONICA STONE,United States,Greensboro,2005-08-02,35.88,12,12,"2,1,2,1,1,1,2,1","2,1,2,1,1,1,2,1",938
DEBRA NELSON,Brazil,Vila Velha,2005-07-09,34.95,5,5,"1,2,1","1,2,1",940
JANE BENNETT,Brazil,Araatuba,2005-08-22,34.94,6,6,"2,1,2,2,2,2","2,1,2,2,2,2",941
CARRIE PORTER,China,Liaocheng,2005-07-31,34.94,6,6,"1,2,1","1,2,1",941
RHONDA KENNEDY,Netherlands,Apeldoorn,2005-07-30,34.94,6,6,"1,2,1","1,2,1",941
NELLIE GARRETT,India,Shimoga,2005-07-31,34.94,6,6,"2,1,1,2","2,1,1,2",941
JENNIE TERRY,Czech Republic,Olomouc,2005-08-21,34.94,6,6,"1,2,2,2,1","1,2,2,2,1",941
JIM REA,Mexico,El Fuerte,2005-07-10,34.94,6,6,"2,1,2,1,2","2,1,2,1,2",941
CLIFTON MALCOLM,Taiwan,Tanshui,2005-07-29,34.94,6,6,"2,1,2,1,2","2,1,2,1,2",941
PERRY SWAFFORD,Argentina,Quilmes,2005-07-12,34.94,6,6,"2,2,1,2,2,2","2,2,1,2,2,2",941
DIANE COLLINS,Sudan,Omdurman,2005-08-23,34.94,6,6,"1,2,1,2,1","1,2,1,2,1",949
ROSA REYNOLDS,United States,Lancaster,2005-08-20,34.94,6,6,"1,2,2","1,2,2",949
HILDA HOPKINS,Philippines,Mandaluyong,2005-08-21,34.94,6,6,"1,2,2,2,1,2","1,2,2,2,1,2",949
EDDIE TOMLIN,Philippines,Ozamis,2005-08-19,34.94,6,6,"1,2,2,2,1","1,2,2,2,1",949
GILBERT SLEDGE,United Kingdom,York,2005-07-30,34.94,6,6,"2,2,1,2,2,1","2,2,1,2,2,1",949
JIMMIE EGGLESTON,Poland,Wroclaw,2005-08-21,34.94,6,6,"2,1,2,2,1","2,1,2,2,1",949
JESSICA HALL,Holy See (Vatican City State),Citt del Vaticano,2005-08-21,34.94,6,6,"1,2,2,1","1,2,2,1",955
BILLY POULIN,Philippines,Cabuyao,2005-08-02,34.94,6,6,"1,1,1,1,1","1,1,1,1,1",955
BILLY POULIN,Philippines,Cabuyao,2005-08-20,34.94,6,6,"2,1,2,2","2,1,2,2",955
VICTORIA GIBSON,Indonesia,Pemalang,2005-08-22,34.93,7,7,"2,2,1,1,2,1","2,2,1,1,2,1",958
KENT ARSENAULT,Brazil,Juiz de Fora,2005-08-19,34.93,7,7,"2,1,1,2","2,1,1,2",958
KATHLEEN ADAMS,Iran,Arak,2005-08-23,34.93,7,7,"2,1,2,1,1,2","2,1,2,1,1,2",960
CHERYL MURPHY,India,Mysore,2005-08-22,34.93,7,7,"1,2,1,2,1,1,2","1,2,1,2,1,1,2",960
LORETTA CARPENTER,Canada,Oshawa,2005-08-01,34.93,7,7,"1,1,2,2,1,1","1,1,2,2,1,1",960
TONYA CHAPMAN,India,Bhilwara,2005-07-09,34.93,7,7,"2,2,1,2,1,2","2,2,1,2,1,2",960
TERRY CARLSON,Japan,Miyakonojo,2005-08-21,34.93,7,7,"1,2,1,2,2,1","1,2,1,2,2,1",960
NINA SOTO,India,Palghat (Palakkad),2005-07-11,34.93,7,7,"2,2,1,2,1","2,2,1,2,1",960
ANDREW PURDY,Azerbaijan,Baku,2005-07-30,34.93,7,7,"2,2,1,2","2,2,1,2",960
JERRY JORDON,Japan,Onomichi,2005-07-11,34.93,7,7,"1,1,2,2,1,1,2","1,1,2,2,1,1,2",960
PHILIP CAUSEY,Russian Federation,Korolev,2005-07-12,34.93,7,7,"2,2,1,1,2","2,2,1,1,2",960
JEFF EAST,Dominican Republic,San Felipe de Puerto Plata,2005-08-01,34.93,7,7,"1,2,2,1,2,1","1,2,2,1,2,1",960
ALEX GRESHAM,Mexico,Uruapan,2005-06-18,34.93,7,7,"2,1,2,2,1","2,1,2,2,1",960
DARRELL POWER,Canada,Halifax,2005-08-22,34.93,7,7,"2,2,1,2,1,1,2","2,2,1,2,1,1,2",960
BRETT CORNWELL,India,Siliguri (Shiliguri),2005-07-12,34.93,7,7,"2,1,2,2,2,1,2","2,1,2,2,2,1,2",960
KARL SEAL,United States,Cape Coral,2005-07-11,34.93,7,7,"1,2,1,2,1","1,2,1,2,1",960
JIMMIE EGGLESTON,Poland,Wroclaw,2005-07-10,34.93,7,7,"1,1,1,2,1","1,1,1,2,1",960
WILLARD LUMPKIN,Mexico,Carmen,2005-08-01,34.93,7,7,"2,1,2,1,2,1","2,1,2,1,2,1",960
CHERYL MURPHY,India,Mysore,2005-07-10,34.93,7,7,"2,1,1,2,1,1","2,1,1,2,1,1",976
WANDA PATTERSON,Colombia,Sincelejo,2005-07-30,34.93,7,7,"2,2,1,2,2,1","2,2,1,2,2,1",976
HOLLY FOX,India,Haldia,2005-08-20,34.93,7,7,"1,1,1,2,1","1,1,1,2,1",976
MIRIAM MCKINNEY,Japan,Otsu,2005-07-11,34.93,7,7,"2,2,1,1,2","2,2,1,1,2",976
DENNIS GILMAN,South Africa,Paarl,2005-06-21,34.93,7,7,"2,1,2,1,1,1","2,1,2,1,1,1",976
BRUCE SCHWARZ,Japan,Okinawa,2005-07-30,34.93,7,7,"1,2,1,2,1,1,2","1,2,1,2,1,1,2",976
ERNEST STEPP,China,Huaian,2005-06-20,34.93,7,7,"1,2,1,2,2,1","1,2,1,2,2,1",976
DERRICK BOURQUE,Canada,Gatineau,2005-08-01,34.93,7,7,"1,1,2,2,1","1,1,2,2,1",976
JAVIER ELROD,Chad,NDjamna,2005-07-12,34.93,7,7,"1,1,2,1,2,1","1,1,2,1,2,1",976
MAX PITT,Yugoslavia,Novi Sad,2005-07-07,34.93,7,7,"1,2,1,1","1,2,1,1",976
PAMELA BAKER,China,Nanyang,2005-08-22,34.92,8,8,"1,2,2,1,2,1","1,2,2,1,2,1",986
KARL SEAL,United States,Cape Coral,2005-06-20,34.92,8,8,"1,2,1,2,1,2","1,2,1,2,1,2",986
BETTY WHITE,United States,Citrus Heights,2005-08-01,34.92,8,8,"1,1,2,2,1,1,2","1,1,2,2,1,1,2",988
CAROL GARCIA,Nigeria,Kaduna,2005-08-02,34.92,8,8,"2,1,1,2,1,2,2","2,1,1,2,1,2,2",988
AMANDA CARTER,Morocco,Nador,2005-08-20,34.92,8,8,"2,2,2,1,1","2,2,2,1,1",988
LYNN PAYNE,Malawi,Lilongwe,2005-07-10,34.92,8,8,"2,1,2,1,1,2,1","2,1,2,1,1,2,1",988
REGINA BERRY,China,Jinchang,2005-07-31,34.92,8,8,"2,1,2,1,2","2,1,2,1,2",988
AGNES BISHOP,India,Sambhal,2005-08-01,34.92,8,8,"2,2,1,2,2,1","2,2,1,2,2,1",988
MAXINE SILVA,Brazil,Poos de Caldas,2005-07-10,34.92,8,8,"1,2,1,1,2","1,2,1,1,2",988
CHRISTY VARGAS,China,Datong,2005-06-20,34.92,8,8,"1,2,1,1,1,2,1","1,2,1,1,1,2,1",988
NINA SOTO,India,Palghat (Palakkad),2005-08-22,34.92,8,8,"2,2,2,2,1,2","2,2,2,2,1,2",988
RAMONA HALE,India,Patiala,2005-08-21,34.92,8,8,"2,2,2,1,2","2,2,2,1,2",988
RICHARD MCCRARY,United States,Arlington,2005-07-12,34.92,8,8,"2,1,2,1,2,1,1,2","2,1,2,1,2,1,1,2",988
JOSEPH JOY,Brazil,Angra dos Reis,2005-08-01,34.92,8,8,"1,1,1,1,1","1,1,1,1,1",988
STEVEN CURLEY,India,Miraj,2005-07-31,34.92,8,8,"2,1,1,1,1,2","2,1,1,1,1,2",988
FRANK WAGGONER,Bangladesh,Jamalpur,2005-07-31,34.92,8,8,"1,2,1,2,1,1","1,2,1,2,1,1",988
ROGER QUINTANILLA,Taiwan,Hsichuh,2005-07-12,34.92,8,8,"2,2,1,1,2,2","2,2,1,1,2,2",988
TODD TAN,Ukraine,Kamjanets-Podilskyi,2005-07-11,34.92,8,8,"2,1,1,1,2","2,1,1,1,2",988
MANUEL MURRELL,Sri Lanka,Jaffna,2005-08-02,34.92,8,8,"1,2,2,2,1,2,2","1,2,2,2,1,2,2",988
JACOB LANCE,United States,El Monte,2005-07-12,34.92,8,8,"1,2,1,2,2,2,1","1,2,1,2,2,2,1",988
BARRY LOVELACE,Zambia,Kitwe,2005-07-12,34.92,8,8,"1,2,2,1,2,1,2","1,2,2,1,2,1,2",988
ERIK GUILLEN,India,Bhimavaram,2005-07-12,34.92,8,8,"2,1,1,2,1","2,1,1,2,1",988
BYRON BOX,Kazakstan,Zhezqazghan,2005-08-02,34.92,8,8,"1,2,1,1","1,2,1,1",988
JESSICA HALL,Holy See (Vatican City State),Citt del Vaticano,2005-07-09,34.92,8,8,"1,2,1,1","1,2,1,1",1009
SUE PETERS,China,Changzhou,2005-08-23,34.92,8,8,"1,1,2,1,2,1,1","1,1,2,1,2,1,1",1009
BECKY MILES,India,Tambaram,2005-08-02,34.92,8,8,"2,2,2,2,1,2,2","2,2,2,2,1,2,2",1009
DAVID ROYAL,Peru,Callao,2005-07-12,34.92,8,8,"1,2,1,1,2,2,1","1,2,1,1,2,2,1",1009
ANA BRADLEY,United States,Memphis,2005-08-22,34.91,9,9,"1,2,2,2","1,2,2,2",1013
CHRISTOPHER GRECO,Italy,Brescia,2005-07-31,34.91,9,9,"2,2,1,1,1,2,1","2,2,1,1,1,2,1",1014
IVAN CROMWELL,Mexico,Monclova,2005-08-02,34.91,9,9,"2,2,1,2,1,2,1","2,2,1,2,1,2,1",1014
CATHERINE CAMPBELL,Russian Federation,Moscow,2005-08-21,34.91,9,9,"1,2,2,1,1,2","1,2,2,1,1,2",1016
SHERRY MARSHALL,Egypt,Shubra al-Khayma,2005-08-02,34.91,9,9,"2,1,1,2,1,1,2,2","2,1,1,2,1,1,2,2",1016
MONICA HICKS,Ukraine,Mukateve,2005-08-19,34.91,9,9,"2,1,1,2,2,1","2,1,1,2,2,1",1016
ANNETTE OLSON,India,Allappuzha (Alleppey),2005-08-02,34.91,9,9,"1,1,1,2,2,1","1,1,1,2,2,1",1016
BRANDON HUEY,Turkey,Balikesir,2005-08-22,34.91,9,9,"2,1,2,1,1,1","2,1,2,1,1,1",1016
CARLOS COUGHLIN,India,Bhavnagar,2005-08-22,34.91,9,9,"1,1,2,1,2,1,1,2","1,1,2,1,2,1,1,2",1016
ALICE STEWART,United States,Fontana,2005-08-01,34.91,9,9,"1,1,1,1,2,2,1","1,1,1,1,2,2,1",1022
MARGIE WADE,China,Lengshuijiang,2005-08-02,34.91,9,9,"1,1,2,1,2,1,2","1,1,2,1,2,1,2",1022
VELMA LUCAS,Nigeria,Effon-Alaiye,2005-07-31,34.91,9,9,"1,1,2,2,1,2","1,1,2,2,1,2",1022
PATRICK NEWSOM,Vietnam,Hanoi,2005-08-22,34.91,9,9,"2,2,1,1,2,1,2","2,2,1,1,2,1,2",1022
JAVIER ELROD,Chad,NDjamna,2005-08-20,34.91,9,9,"2,1,2,1,1","2,1,2,1,1",1022
LOIS BUTLER,Brunei,Bandar Seri Begawan,2005-07-11,34.9,10,10,"2,2,1,1,2,2,1","2,2,1,1,2,2,1",1027
LAWRENCE LAWTON,Cameroon,Yaound,2005-08-02,34.9,10,10,"1,2,1,1,2,1","1,2,1,1,2,1",1027
VINCENT RALSTON,Mexico,Allende,2005-08-23,34.9,10,10,"1,2,1,2,1,2","1,2,1,2,1,2",1029
JUSTIN NGO,Brazil,Santo Andr,2005-07-30,34.9,10,10,"1,2,2,1,2,1","1,2,2,1,2,1",1030
DENISE KELLY,Brazil,Rio Claro,2005-08-23,34.89,11,11,"2,2,2,1,1,2,2,1","2,2,2,1,1,2,2,1",1031
FELICIA SUTTON,China,Korla,2005-07-12,34.89,11,11,"1,2,2,2,1,1","1,2,2,2,1,1",1031
PHILIP CAUSEY,Russian Federation,Korolev,2005-08-23,34.89,11,11,"2,1,1,1,2,2,1,2,2","2,1,1,1,2,2,1,2,2",1031
TERRANCE ROUSH,Hungary,Szkesfehrvr,2005-08-01,34.89,11,11,"1,2,1,1,2,1,2,2","1,2,1,1,2,1,2,2",1031
JUDITH COX,China,Daxian,2005-07-12,34.88,12,12,"2,1,1,2,1,2,2,2","2,1,1,2,1,2,2,2",1035
JUNE CARROLL,Algeria,Skikda,2005-08-20,33.94,6,6,"1,1,1,2,1","1,1,1,2,1",1036
RICK MATTOX,Egypt,Mit Ghamr,2005-07-31,33.94,6,6,"2,2,1,2","2,2,1,2",1036
DEBORAH WALKER,Pakistan,Shikarpur,2005-06-21,33.94,6,6,"1,2,2,1,1","1,2,2,1,1",1038
TRACY COLE,Mexico,Huixquilucan,2005-08-02,33.94,6,6,"2,1,2,1,2","2,1,2,1,2",1038
NAOMI JENNINGS,India,Karnal,2005-08-20,33.94,6,6,"1,1,2,1","1,1,2,1",1038
KEVIN SCHULER,Nepal,Birgunj,2005-07-10,33.94,6,6,"2,1,2,1,2,2","2,1,2,1,2,2",1038
PHILIP CAUSEY,Russian Federation,Korolev,2005-07-11,33.94,6,6,"2,2,1,1","2,2,1,1",1038
ANDRE RAPP,Chile,Coquimbo,2005-08-19,33.94,6,6,"2,1,2,1,1","2,1,2,1,1",1038
NEIL RENNER,Vietnam,Cam Ranh,2005-08-20,33.94,6,6,"2,2,2,1,1","2,2,2,1,1",1038
ISAAC OGLESBY,Mexico,Cuernavaca,2005-08-22,33.94,6,6,"1,2,2,2,2","1,2,2,2,2",1038
DONNA THOMPSON,Russian Federation,Elista,2005-07-30,33.94,6,6,"2,1,2,1","2,1,2,1",1046
ANDREA HENDERSON,Madagascar,Mahajanga,2005-08-21,33.94,6,6,"1,2,2,1,2","1,2,2,1,2",1046
SYLVIA ORTIZ,Colombia,Dos Quebradas,2005-08-21,33.94,6,6,"2,1,1,2","2,1,1,2",1046
DANA HART,Russian Federation,Kirovo-Tepetsk,2005-07-30,33.94,6,6,"1,1,1,2","1,1,1,2",1046
TRACEY BARRETT,Nigeria,Owo,2005-08-20,33.94,6,6,"1,1,1,2,1","1,1,1,2,1",1046
VELMA LUCAS,Nigeria,Effon-Alaiye,2005-07-08,33.94,6,6,"2,2,1","2,2,1",1046
RAUL FORTIER,India,Chapra,2005-08-02,33.94,6,6,"1,2,1,2","1,2,1,2",1046
MISTY LAMBERT,United Arab Emirates,Sharja,2005-07-30,33.93,7,7,"2,1,1,2,1","2,1,1,2,1",1053
BRADLEY MOTLEY,India,Purnea (Purnia),2005-08-21,33.93,7,7,"2,2,1,2,2","2,2,1,2,2",1053
JOYCE EDWARDS,Saudi Arabia,Jedda,2005-07-12,33.93,7,7,"2,1,1,1,2","2,1,1,1,2",1055
GLADYS HAMILTON,Nigeria,Ilorin,2005-07-09,33.93,7,7,"2,1,2,1,2,2","2,1,2,1,2,2",1055
DARLENE ROSE,North Korea,Pyongyang,2005-08-20,33.93,7,7,"1,1,1","1,1,1",1055
RENEE LANE,United States,Compton,2005-08-22,33.93,7,7,"2,1,1,1,1","2,1,1,1,1",1055
BETH FRANKLIN,Vietnam,Haiphong,2005-07-12,33.93,7,7,"1,2,1,2,2,2","1,2,1,2,2,2",1055
ROSEMARY SCHMIDT,Turkey,Usak,2005-08-02,33.93,7,7,"1,2,1,2,2,1","1,2,1,2,2,1",1055
GARY COY,China,Yuzhou,2005-08-21,33.93,7,7,"1,2,2,1,1,2","1,2,2,1,1,2",1055
DOUGLAS GRAF,Mexico,Mexicali,2005-08-02,33.93,7,7,"1,2,2,2,1,1","1,2,2,2,1,1",1055
DUANE TUBBS,Nauru,Yangor,2005-07-31,33.93,7,7,"1,2,1,2,1","1,2,1,2,1",1055
MATHEW BOLIN,Venezuela,Valencia,2005-08-02,33.93,7,7,"1,2,2,1,2","1,2,2,1,2",1055
DAVE GARDINER,China,Leshan,2005-08-20,33.93,7,7,"1,1,2,2,1,2","1,1,2,2,1,2",1055
BARBARA JONES,Myanmar,Myingyan,2005-08-21,33.93,7,7,"2,1,2,2,1,2","2,1,2,2,1,2",1066
CYNTHIA YOUNG,India,Munger (Monghyr),2005-07-31,33.93,7,7,"1,1,1,2","1,1,1,2",1066
JUDY GRAY,Algeria,Bchar,2005-07-12,33.93,7,7,"1,1,2,2,1,2","1,1,2,2,1,2",1066
VALERIE BLACK,United States,Brockton,2005-07-11,33.93,7,7,"1,1,1,1","1,1,1,1",1066
TERRI VASQUEZ,Brazil,Blumenau,2005-08-21,33.93,7,7,"2,1,2,2,2","2,1,2,2,2",1066
SHERRI RHODES,India,Ahmadnagar,2005-07-11,33.93,7,7,"1,2,1,1,2,1","1,2,1,1,2,1",1066
ROBERT BAUGHMAN,Russian Federation,Kaliningrad,2005-07-12,33.93,7,7,"2,2,1,2,2","2,2,1,2,2",1066
RICHARD MCCRARY,United States,Arlington,2005-07-11,33.93,7,7,"2,1,2,1,2,1,1","2,1,2,1,2,1,1",1066
EARL SHANKS,Japan,Iwatsuki,2005-08-21,33.93,7,7,"2,1,2,1,1,2","2,1,2,1,1,2",1066
HERBERT KRUGER,Russian Federation,Syktyvkar,2005-08-01,33.93,7,7,"1,2,1,2,2","1,2,1,2,2",1066
LEON BOSTIC,Colombia,Florencia,2005-08-20,33.93,7,7,"2,1,2,1,2,2","2,1,2,1,2,2",1066
TYLER WREN,China,Rizhao,2005-08-23,33.93,7,7,"1,2,1,2,1,2","1,2,1,2,1,2",1066
BRETT CORNWELL,India,Siliguri (Shiliguri),2005-07-30,33.93,7,7,"2,2,1,1,2,2","2,2,1,1,2,2",1066
CLAUDE HERZOG,Angola,Benguela,2005-08-02,33.93,7,7,"1,2,1,2,1,1,1","1,2,1,2,1,1,1",1066
NELSON CHRISTENSON,Spain,Santiago de Compostela,2005-08-01,33.93,7,7,"1,2,1,2,2,2","1,2,1,2,2,2",1066
IAN STILL,United States,Garland,2005-08-02,33.93,7,7,"1,1,2,2,1,2","1,1,2,2,1,2",1066
BOB PFEIFFER,China,Xintai,2005-07-31,33.93,7,7,"1,2,2,1,2,2,1","1,2,2,1,2,2,1",1066
JULIAN VEST,Japan,Akishima,2005-07-09,33.93,7,7,"1,1,2,2,1","1,1,2,2,1",1066
MORRIS MCCARTER,Taiwan,Fengshan,2005-06-21,33.93,7,7,"1,2,1,2,1,2,2","1,2,1,2,1,2,2",1066
TERRENCE GUNDERSON,China,Jinzhou,2005-07-11,33.93,7,7,"1,1,2,1,1","1,1,2,1,1",1066
ALLEN BUTTERFIELD,India,Hoshiarpur,2005-08-01,33.93,7,7,"1,2,1,1,2,1","1,2,1,1,2,1",1086
PEDRO CHESTNUT,Ukraine,ostka,2005-07-31,33.93,7,7,"1,2,1,1,2","1,2,1,1,2",1086
ELAINE STEVENS,Russian Federation,Smolensk,2005-08-23,33.92,8,8,"2,2,1,2,1,1,2","2,2,1,2,1,1,2",1088
MONICA HICKS,Ukraine,Mukateve,2005-08-02,33.92,8,8,"1,2,1,1,1,1,1","1,2,1,1,1,1,1",1089
MARCIA DEAN,Philippines,Tanza,2005-07-30,33.92,8,8,"2,1,2,1,1","2,1,2,1,1",1089
GERALD FULTZ,India,Satna,2005-08-20,33.92,8,8,"1,2,2,1,2","1,2,2,1,2",1089
CHRISTINA RAMIREZ,Saudi Arabia,al-Hawiya,2005-08-23,33.92,8,8,"1,2,1,1,2,2,1","1,2,1,1,2,2,1",1092
DIANA ALEXANDER,United States,Augusta-Richmond County,2005-08-23,33.92,8,8,"2,1,1,2,1,1,2","2,1,1,2,1,1,2",1092
ANNETTE OLSON,India,Allappuzha (Alleppey),2005-08-01,33.92,8,8,"1,1,1,2,2","1,1,1,2,2",1092
ELSIE KELLEY,Nigeria,Ikerre,2005-08-19,33.92,8,8,"1,2,2,1","1,2,2,1",1092
CHARLENE ALVAREZ,Tanzania,Zanzibar,2005-08-23,33.92,8,8,"1,2,1,1,2,2,2","1,2,1,1,2,2,2",1092
EDWARD BAUGH,Faroe Islands,Trshavn,2005-08-01,33.92,8,8,"1,2,1,1,2,1,1","1,2,1,1,2,1,1",1092
ROGER QUINTANILLA,Taiwan,Hsichuh,2005-08-01,33.92,8,8,"2,1,2,1,2,2,1","2,1,2,1,2,2,1",1092
RALPH MADRIGAL,Puerto Rico,Arecibo,2005-07-30,33.92,8,8,"1,2,1,2,2,1,2","1,2,1,2,2,1,2",1092
BEN EASTER,Russian Federation,Kamyin,2005-06-21,33.92,8,8,"2,2,2,1,2,2","2,2,2,1,2,2",1092
DWIGHT LOMBARDI,South Africa,Chatsworth,2005-08-22,33.92,8,8,"1,2,2,1,1,2","1,2,2,1,1,2",1092
WALLACE SLONE,Nigeria,Sokoto,2005-08-23,33.92,8,8,"2,1,2,2,1,2,1","2,1,2,2,1,2,1",1092
SIDNEY BURLESON,Poland,Czestochowa,2005-08-01,33.92,8,8,"1,2,2,1,1,2,2","1,2,2,1,1,2,2",1092
LUCILLE HOLMES,South Africa,Soshanguve,2005-08-20,33.92,8,8,"2,1,2,1,2","2,1,2,1,2",1104
MYRTLE FLEMING,Dominican Republic,Santiago de los Caballeros,2005-08-01,33.92,8,8,"1,1,2,2,1","1,1,2,2,1",1104
MARGIE WADE,China,Lengshuijiang,2005-08-01,33.92,8,8,"1,1,2,1,2,1","1,1,2,1,2,1",1104
JENNY CASTRO,Puerto Rico,Ponce,2005-07-31,33.92,8,8,"1,2,1,2,2,2","1,2,1,2,2,2",1104
DEBORAH WALKER,Pakistan,Shikarpur,2005-08-02,33.91,9,9,"2,2,1,2,1,2,1","2,2,1,2,1,2,1",1108
JUNE CARROLL,Algeria,Skikda,2005-08-01,33.91,9,9,"1,2,1,1,2,1,2","1,2,1,1,2,1,2",1108
HEATHER MORRIS,Japan,Nagareyama,2005-08-22,33.91,9,9,"1,1,1,2,1,2,1,2","1,1,1,2,1,2,1,2",1110
IAN STILL,United States,Garland,2005-06-21,33.91,9,9,"2,2,1,1,1,1,1","2,2,1,1,1,1,1",1110
KRISTIN JOHNSTON,United States,Sunnyvale,2005-08-21,33.91,9,9,"2,2,1,1,2,1","2,2,1,1,2,1",1112
MINNIE ROMERO,Indonesia,Ciomas,2005-08-02,33.91,9,9,"2,1,1,2,1,1,2,1","2,1,1,2,1,1,2,1",1112
WALTER PERRYMAN,China,Xinxiang,2005-08-21,33.91,9,9,"1,2,1,1,1,1,2","1,2,1,1,1,1,2",1112
VINCENT RALSTON,Mexico,Allende,2005-08-22,33.91,9,9,"1,2,1,2,1","1,2,1,2,1",1112
HERMAN DEVORE,Tanzania,Mwanza,2005-08-21,33.91,9,9,"1,2,1,2,1,2","1,2,1,2,1,2",1112
KATHLEEN ADAMS,Iran,Arak,2005-08-01,33.9,10,10,"1,1,2,1,1,2,2","1,1,2,1,1,2,2",1117
JULIE SANCHEZ,Spain,A Corua (La Corua),2005-08-02,33.9,10,10,"2,2,1,1,2,2,1,1","2,2,1,1,2,2,1,1",1117
NICHOLAS BARFIELD,Brazil,Belm,2005-08-01,33.9,10,10,"1,1,2,1,1,2","1,1,2,1,1,2",1117
MARCUS HIDALGO,Estonia,Tartu,2005-08-23,33.9,10,10,"1,1,2,2,1,2,1,1,2","1,1,2,2,1,2,1,1,2",1117
KEN PREWITT,Romania,Bucuresti,2005-07-09,33.9,10,10,"1,2,1,2,1","1,2,1,2,1",1117
MELISSA KING,Taiwan,Lungtan,2005-07-31,33.9,10,10,"2,2,1,1,2,2,1","2,2,1,1,2,2,1",1122
KATHY JAMES,Philippines,Baybay,2005-07-30,33.9,10,10,"2,1,2,1,1","2,1,2,1,1",1122
MARILYN ROSS,Nigeria,Ife,2005-08-23,33.9,10,10,"2,1,2,1,2,1,2,1,1","2,1,2,1,2,1,2,1,1",1124
CRYSTAL FORD,Israel,Ashdod,2005-08-01,33.89,11,11,"2,1,1,2,1,2,1,2","2,1,1,2,1,2,1,2",1125
JEFF EAST,Dominican Republic,San Felipe de Puerto Plata,2005-08-23,33.89,11,11,"1,2,1,1,1,2,1,2","1,2,1,1,1,2,1,2",1126
ELAINE STEVENS,Russian Federation,Smolensk,2005-08-01,32.95,5,5,"1,2,1,1","1,2,1,1",1127
BRITTANY RILEY,Ukraine,Sumy,2005-07-10,32.95,5,5,"2,1,2,1,2","2,1,2,1,2",1127
KAY CALDWELL,China,Yantai,2005-08-01,32.95,5,5,"2,2,1,2,1","2,2,1,2,1",1127
HECTOR POINDEXTER,Russian Federation,Pjatigorsk,2005-08-20,32.95,5,5,"1,2,1,2,1","1,2,1,2,1",1127
SERGIO STANFIELD,Mexico,Celaya,2005-07-31,32.95,5,5,"1,2,2","1,2,2",1127
KENT ARSENAULT,Brazil,Juiz de Fora,2005-07-10,32.95,5,5,"1,2,1,1","1,2,1,1",1127
MARGIE WADE,China,Lengshuijiang,2005-08-21,32.95,5,5,"1,1,1,2,1","1,1,1,2,1",1133
MIRIAM MCKINNEY,Japan,Otsu,2005-07-29,32.95,5,5,"1,1,2","1,1,2",1133
LEE HAWKS,India,Pudukkottai,2005-08-22,32.94,6,6,"1,1,2,1,1,1","1,1,2,1,1,1",1135
SANDRA MARTIN,United Kingdom,Southend-on-Sea,2005-08-20,32.94,6,6,"2,1,2,1,1","2,1,2,1,1",1136
AMY LOPEZ,India,Jhansi,2005-08-21,32.94,6,6,"2,2,1,2","2,2,1,2",1136
REGINA BERRY,China,Jinchang,2005-08-19,32.94,6,6,"1,1,1","1,1,1",1136
BERNICE WILLIS,Turkey,Batman,2005-08-19,32.94,6,6,"2,2,2,1","2,2,2,1",1136
MARLENE WELCH,Japan,Iwaki,2005-07-29,32.94,6,6,"1,1,2,1,2","1,1,2,1,2",1136
STELLA MORENO,Mexico,Coacalco de Berriozbal,2005-08-23,32.94,6,6,"2,1,1,1,1","2,1,1,1,1",1136
SONIA GREGORY,Nigeria,Benin City,2005-07-11,32.94,6,6,"1,2,1,2,1,1","1,2,1,2,1,1",1136
JERRY JORDON,Japan,Onomichi,2005-08-21,32.94,6,6,"1,1,2,1,2,2","1,1,2,1,2,2",1136
DOUGLAS GRAF,Mexico,Mexicali,2005-08-01,32.94,6,6,"1,2,2,2,1","1,2,2,2,1",1136
JOE GILLILAND,Philippines,Imus,2005-08-22,32.94,6,6,"1,1,2,2,2","1,1,2,2,2",1136
GORDON ALLARD,Yemen,Hodeida,2005-07-09,32.94,6,6,"1,1,2,2","1,1,2,2",1136
TYRONE ASHER,Bulgaria,Ruse,2005-08-02,32.94,6,6,"2,1,2","2,1,2",1136
JOHNNIE CHISHOLM,Poland,Plock,2005-06-20,32.94,6,6,"1,2,1,2,1,1","1,2,1,2,1,1",1136
MARILYN ROSS,Nigeria,Ife,2005-07-09,32.94,6,6,"2,2,1,2","2,2,1,2",1149
LUCILLE HOLMES,South Africa,Soshanguve,2005-07-08,32.94,6,6,"1,2,1,1,2","1,2,1,1,2",1149
BERNICE WILLIS,Turkey,Batman,2005-07-12,32.94,6,6,"1,2,2,1,1","1,2,2,1,1",1149
TERRI VASQUEZ,Brazil,Blumenau,2005-08-20,32.94,6,6,"2,1,2,2","2,1,2,2",1149
MIKE WAY,India,Valparai,2005-07-31,32.94,6,6,"1,2,1,2,2","1,2,1,2,2",1149
MIGUEL BETANCOURT,Germany,Erlangen,2005-08-20,32.94,6,6,"2,1,1,1,2,1","2,1,1,1,2,1",1149
GREG ROBINS,Vietnam,Nam Dinh,2005-07-11,32.94,6,6,"2,2,1,1,2","2,2,1,1,2",1149
BRETT CORNWELL,India,Siliguri (Shiliguri),2005-07-28,32.94,6,6,"2,2,1,1,2","2,2,1,1,2",1149
NELSON CHRISTENSON,Spain,Santiago de Compostela,2005-07-31,32.94,6,6,"1,2,1,2,2","1,2,1,2,2",1149
CHRISTINE ROBERTS,French Polynesia,Faaa,2005-08-23,32.93,7,7,"1,1,2,2","1,1,2,2",1158
KELLY TORRES,China,Xiangtan,2005-08-22,32.93,7,7,"1,2,1,2,2","1,2,1,2,2",1158
ANNETTE OLSON,India,Allappuzha (Alleppey),2005-08-22,32.93,7,7,"2,1,1,2,2,2","2,1,1,2,2,2",1158
VIVIAN RUIZ,Netherlands,s-Hertogenbosch,2005-08-21,32.93,7,7,"2,1,1,2","2,1,1,2",1158
CARLA GUTIERREZ,India,Bhusawal,2005-08-23,32.93,7,7,"2,2,1,1,1,2","2,2,1,1,1,2",1158
KRISTIN JOHNSTON,United States,Sunnyvale,2005-08-02,32.93,7,7,"2,2,1,1,2,2","2,2,1,1,2,2",1158
TONI HOLT,United States,Roanoke,2005-07-31,32.93,7,7,"1,2,1,2,1,2,2","1,2,1,2,1,2,2",1158
MISTY LAMBERT,United Arab Emirates,Sharja,2005-07-12,32.93,7,7,"2,1,2,1,1,1","2,1,2,1,1,1",1158
RAMONA HALE,India,Patiala,2005-07-11,32.93,7,7,"2,1,1,2,1,2,1","2,1,1,2,1,2,1",1158
ALBERT CROUSE,Cameroon,Bamenda,2005-07-30,32.93,7,7,"1,2,1,1","1,2,1,1",1158
HARRY ARCE,Iran,Najafabad,2005-08-01,32.93,7,7,"2,1,2,1,1,2","2,1,2,1,1,2",1158
CHRIS BROTHERS,Spain,Gijn,2005-07-11,32.93,7,7,"2,1,2,1,2,1,2","2,1,2,1,2,1,2",1158
NATHAN RUNYON,"Virgin Islands, U.S.",Charlotte Amalie,2005-07-29,32.93,7,7,"2,1,2,2","2,1,2,2",1158
DALE RATCLIFF,South Africa,Rustenburg,2005-07-29,32.93,7,7,"1,2,1,2,1","1,2,1,2,1",1158
RODNEY MOELLER,Nigeria,Deba Habe,2005-07-10,32.93,7,7,"1,2,1,2,1","1,2,1,2,1",1158
WESLEY BULL,Spain,Ourense (Orense),2005-07-10,32.93,7,7,"2,1,2,1,2","2,1,2,1,2",1158
ZACHARY HITE,United States,Akron,2005-07-11,32.93,7,7,"2,1,2,1,1,2,1","2,1,2,1,1,2,1",1158
SAM MCDUFFIE,Colombia,Sogamoso,2005-07-10,32.93,7,7,"1,2,1,1,2,2,1","1,2,1,1,2,2,1",1158
IVAN CROMWELL,Mexico,Monclova,2005-06-20,32.93,7,7,"1,2,2,2,2,2","1,2,2,2,2,2",1158
LISA ANDERSON,Japan,Sagamihara,2005-07-30,32.93,7,7,"1,1,2,2,1,1,2","1,1,2,2,1,1,2",1177
AMY LOPEZ,India,Jhansi,2005-08-02,32.93,7,7,"1,1,2,2,1","1,1,2,2,1",1177
THERESA WATSON,Philippines,Taguig,2005-08-02,32.93,7,7,"2,1,2,2,2,2","2,1,2,2,2,2",1177
VALERIE BLACK,United States,Brockton,2005-06-19,32.93,7,7,"2,1,2,2,1,1","2,1,2,2,1,1",1177
DOLORES WAGNER,Malaysia,Ipoh,2005-06-21,32.93,7,7,"2,2,2,1,2,2","2,2,2,1,2,2",1177
GEORGIA JACOBS,India,Uttarpara-Kotrung,2005-08-21,32.93,7,7,"1,1,2,2,1,1","1,1,2,2,1,1",1177
CASSANDRA WALTERS,United States,Salinas,2005-08-23,32.93,7,7,"1,1,2,2,1,2,2","1,1,2,2,1,2,2",1177
LEAH CURTIS,Poland,Kalisz,2005-08-02,32.93,7,7,"1,2,1,1,2,1","1,2,1,1,2,1",1177
ROY WHITING,Kenya,Nyeri,2005-07-12,32.93,7,7,"1,2,1,2,2","1,2,1,2,2",1177
RANDY GAITHER,Russian Federation,Kurgan,2005-07-10,32.93,7,7,"2,1,2,1,1","2,1,2,1,1",1177
DON BONE,Mozambique,Naala-Porto,2005-08-01,32.93,7,7,"1,2,1,2,1,1","1,2,1,2,1,1",1177
ALEXANDER FENNELL,Italy,Bergamo,2005-08-21,32.93,7,7,"2,1,1,2,2,2","2,1,1,2,2,2",1177
MARIA MILLER,Yugoslavia,Kragujevac,2005-08-21,32.93,7,7,"2,1,2,1,1","2,1,2,1,1",1189
DOROTHY TAYLOR,Iran,Esfahan,2005-08-02,32.93,7,7,"1,2,1,2,2,1","1,2,1,2,2,1",1189
FLORENCE WOODS,Argentina,Merlo,2005-07-30,32.93,7,7,"2,2,1,1,2,1,2","2,2,1,1,2,1,2",1189
CLARA SHAW,Belarus,Molodetno,2005-08-20,32.93,7,7,"1,2,2,1,2,2","1,2,2,1,2,2",1189
CATHY SPENCER,Japan,Kakamigahara,2005-08-21,32.93,7,7,"2,1,2,2,2","2,1,2,2,2",1189
ANDREW PURDY,Azerbaijan,Baku,2005-08-22,32.92,8,8,"1,2,1,2,1,2,1","1,2,1,2,1,2,1",1194
DEBRA NELSON,Brazil,Vila Velha,2005-07-31,32.92,8,8,"2,1,1,1,2","2,1,1,1,2",1195
THELMA MURRAY,Peru,Lima,2005-08-01,32.92,8,8,"2,1,2,1,1,2,1","2,1,2,1,1,2,1",1195
JOHN FARNSWORTH,India,Parbhani,2005-07-31,32.92,8,8,"1,1,1,1,2,2","1,1,1,1,2,2",1195
MARTHA GONZALEZ,Moldova,Chisinau,2005-07-12,32.92,8,8,"1,2,2,1,2,1,1","1,2,2,1,2,1,1",1198
STEPHANIE MITCHELL,Armenia,Yerevan,2005-07-29,32.92,8,8,"1,2,2,1,1","1,2,2,1,1",1198
HEATHER MORRIS,Japan,Nagareyama,2005-08-21,32.92,8,8,"1,1,1,2,1,2,1","1,1,1,2,1,2,1",1198
JEAN BELL,Malaysia,Kuching,2005-08-01,32.92,8,8,"1,2,1,2,1,2,1","1,2,1,2,1,2,1",1198
SHANNON FREEMAN,India,Varanasi (Benares),2005-07-31,32.92,8,8,"2,1,2,2,2,1","2,1,2,2,2,1",1198
ETHEL WEBB,South Africa,Boksburg,2005-07-30,32.92,8,8,"1,2,2,1,1","1,2,2,1,1",1198
MARJORIE TUCKER,Poland,Jastrzebie-Zdrj,2005-07-12,32.92,8,8,"1,2,1,1,2,2","1,2,1,1,2,2",1198
MARJORIE TUCKER,Poland,Jastrzebie-Zdrj,2005-07-31,32.92,8,8,"2,2,2,1,2,1","2,2,2,1,2,1",1198
LORRAINE STEPHENS,China,Hami,2005-07-11,32.92,8,8,"2,1,2,2,1,2,1","2,1,2,2,1,2,1",1198
BEATRICE ARNOLD,India,Udaipur,2005-07-10,32.92,8,8,"2,1,2,2,2,1,2","2,1,2,2,2,1,2",1198
DOLORES WAGNER,Malaysia,Ipoh,2005-08-23,32.92,8,8,"1,1,2,1,2,2","1,1,2,1,2,2",1198
STACEY MONTGOMERY,China,Fuyu,2005-08-02,32.92,8,8,"2,1,2,1,1,1,2","2,1,2,1,1,1,2",1198
PRISCILLA LOWE,Mexico,Salamanca,2005-08-23,32.92,8,8,"1,2,1,2,2,1","1,2,1,2,2,1",1198
WALTER PERRYMAN,China,Xinxiang,2005-07-12,32.92,8,8,"2,1,1,2,1,1,2","2,1,1,2,1,1,2",1198
LEE HAWKS,India,Pudukkottai,2005-08-01,32.92,8,8,"2,2,1,2,2,1","2,2,1,2,2,1",1198
KARL SEAL,United States,Cape Coral,2005-07-29,32.92,8,8,"2,2,1,1","2,2,1,1",1198
JORDAN ARCHULETA,Argentina,Avellaneda,2005-07-31,32.92,8,8,"1,2,1,1,2,2,1,2","1,2,1,1,2,2,1,2",1198
IAN STILL,United States,Garland,2005-06-20,32.92,8,8,"2,2,1,1,1,1","2,2,1,1,1,1",1198
FREDDIE DUGGAN,Peru,Sullana,2005-08-02,32.92,8,8,"2,2,2,1,2,1","2,2,2,1,2,1",1198
OLGA JIMENEZ,Nigeria,Ogbomosho,2005-07-12,32.92,8,8,"2,1,2,1,2,1","2,1,2,1,2,1",1217
DEBBIE REYES,Japan,Fukuyama,2005-08-20,32.92,8,8,"1,2,2,1,2,2","1,2,2,1,2,2",1218
HEIDI LARSON,China,Xiangfan,2005-08-02,32.91,9,9,"1,1,1,1,2,1,1","1,1,1,1,2,1,1",1219
TERRY CARLSON,Japan,Miyakonojo,2005-08-02,32.91,9,9,"2,2,2,2,1,2","2,2,2,2,1,2",1219
HELEN HARRIS,India,Bhopal,2005-08-02,32.91,9,9,"1,1,2,2,1,1,2","1,1,2,2,1,1,2",1221
JULIE SANCHEZ,Spain,A Corua (La Corua),2005-08-01,32.91,9,9,"2,2,1,1,2,2,1","2,2,1,1,2,2,1",1221
JUDY GRAY,Algeria,Bchar,2005-08-23,32.91,9,9,"1,1,2,1","1,1,2,1",1221
HAZEL WARREN,China,Hohhot,2005-07-31,32.91,9,9,"1,1,2,1,2,1","1,1,2,1,2,1",1221
CARLA GUTIERREZ,India,Bhusawal,2005-08-01,32.91,9,9,"1,1,2,2,1","1,1,2,2,1",1221
STACEY MONTGOMERY,China,Fuyu,2005-08-22,32.91,9,9,"2,2,2,1,2,1","2,2,2,1,2,1",1221
CHRISTY VARGAS,China,Datong,2005-08-21,32.91,9,9,"1,2,1,2,2,1","1,2,1,2,2,1",1221
CHARLES KOWALSKI,Malaysia,Sungai Petani,2005-07-31,32.91,9,9,"1,1,2,2,1,2,1","1,1,2,2,1,2,1",1221
KEITH RICO,Slovakia,Bratislava,2005-08-01,32.91,9,9,"1,2,1,2,2,1","1,2,1,2,2,1",1221
JEFFERY PINSON,Pakistan,Dadu,2005-08-01,32.91,9,9,"1,2,2,1","1,2,2,1",1221
ALVIN DELOACH,Mexico,Cuauhtmoc,2005-08-23,32.91,9,9,"1,1,1,1,2","1,1,1,1,2",1221
TED BREAUX,China,Baicheng,2005-08-01,32.91,9,9,"2,1,1,1,1,2,2,1","2,1,1,1,1,2,2,1",1221
KEN PREWITT,Romania,Bucuresti,2005-07-08,32.91,9,9,"1,2,1,2","1,2,1,2",1221
MARION OCAMPO,China,Weifang,2005-08-01,32.91,9,9,"2,2,1,2,2,2","2,2,1,2,2,2",1221
ENRIQUE FORSYTHE,Greece,Patras,2005-08-23,32.91,9,9,"2,1,2,1,1,1,1,1","2,1,2,1,1,1,1,1",1221
KATHY JAMES,Philippines,Baybay,2005-07-29,32.91,9,9,"2,1,2,1","2,1,2,1",1236
SYLVIA ORTIZ,Colombia,Dos Quebradas,2005-08-02,32.91,9,9,"1,2,2,1,2,2,1,2","1,2,2,1,2,2,1,2",1236
ELLEN SIMPSON,Brazil,Po,2005-07-12,32.91,9,9,"2,1,1,2,2,1,1,2","2,1,1,2,2,1,1,2",1236
DAISY BATES,Russian Federation,Kolpino,2005-06-21,32.91,9,9,"1,2,1,1,1,1,1,2","1,2,1,1,1,1,1,2",1236
JUSTIN NGO,Brazil,Santo Andr,2005-07-12,32.91,9,9,"2,2,1,2,1,2,1,1,1","2,2,1,2,1,2,1,1,1",1236
BOBBY BOUDREAU,Anguilla,South Hill,2005-08-21,32.91,9,9,"1,2,2,2,1,2,1","1,2,2,2,1,2,1",1236
CHAD CARBONE,India,Katihar,2005-08-02,32.91,9,9,"1,1,1,1,2,1","1,1,1,1,2,1",1236
DUSTIN GILLETTE,Netherlands,Emmen,2005-08-23,32.91,9,9,"2,1,1,2,1,2,1","2,1,1,2,1,2,1",1236
BYRON BOX,Kazakstan,Zhezqazghan,2005-07-10,32.91,9,9,"2,1,2,1,1,1,2","2,1,2,1,1,1,2",1236
MARTHA GONZALEZ,Moldova,Chisinau,2005-07-31,32.9,10,10,"1,2,1,2,1,1,2","1,2,1,2,1,1,2",1245
ESTHER CRAWFORD,South Africa,Botshabelo,2005-07-10,32.9,10,10,"1,2,1,1,2,1,2,1","1,2,1,1,2,1,2,1",1245
JOSE ANDREW,Saint Vincent and the Grenadines,Kingstown,2005-08-01,32.9,10,10,"1,2,1,2,2,1,2","1,2,1,2,2,1,2",1245
PEARL GARZA,India,Jodhpur,2005-08-23,32.9,10,10,"1,1,1,2,2,2,1,1","1,1,1,2,2,2,1,1",1248
DARLENE ROSE,North Korea,Pyongyang,2005-07-30,32.89,11,11,"1,2,2,2,1,2","1,2,2,2,1,2",1249
FRED WHEAT,Mexico,Jurez,2005-08-02,32.89,11,11,"1,2,2,1,2,1,1,2,1,2","1,2,2,1,2,1,1,2,1,2",1249
THERESA WATSON,Philippines,Taguig,2005-08-22,32.87,13,13,"1,2,1,2,1,2,2,1,2","1,2,1,2,1,2,2,1,2",1251
MICHELLE CLARK,Bangladesh,Tangail,2005-06-21,31.95,5,5,"2,1,2,1","2,1,2,1",1252
ALICE STEWART,United States,Fontana,2005-07-10,31.95,5,5,"1,1,2,1","1,1,2,1",1252
JANE BENNETT,Brazil,Araatuba,2005-08-21,31.95,5,5,"2,1,2,2,2","2,1,2,2,2",1252
TARA RYAN,Indonesia,Gorontalo,2005-07-30,31.95,5,5,"2,1,1,2","2,1,1,2",1252
DORA MEDINA,China,Tianjin,2005-07-12,31.95,5,5,"1,1,2,2","1,1,2,2",1252
DOUGLAS GRAF,Mexico,Mexicali,2005-07-31,31.95,5,5,"1,2,2,2","1,2,2,2",1252
JESSICA HALL,Holy See (Vatican City State),Citt del Vaticano,2005-06-18,31.95,5,5,"1,2,1,2","1,2,1,2",1258
JAMIE RICE,United States,Sterling Heights,2005-07-11,31.95,5,5,"1,2,1,2","1,2,1,2",1259
HERMAN DEVORE,Tanzania,Mwanza,2005-07-30,31.95,5,5,"1,2,1,2,1","1,2,1,2,1",1259
VICTORIA GIBSON,Indonesia,Pemalang,2005-08-21,31.94,6,6,"2,2,1,1,2","2,2,1,1,2",1261
HELEN HARRIS,India,Bhopal,2005-08-19,31.94,6,6,"1,2,1,2,1","1,2,1,2,1",1262
ROSEMARY SCHMIDT,Turkey,Usak,2005-06-19,31.94,6,6,"1,1,1,2,2,2","1,1,1,2,2,2",1262
CASSANDRA WALTERS,United States,Salinas,2005-07-12,31.94,6,6,"1,2,1,2","1,2,1,2",1262
ALBERT CROUSE,Cameroon,Bamenda,2005-07-28,31.94,6,6,"1,2,1","1,2,1",1262
NICHOLAS BARFIELD,Brazil,Belm,2005-07-12,31.94,6,6,"2,1,2,1,2","2,1,2,1,2",1262
JIM REA,Mexico,El Fuerte,2005-08-02,31.94,6,6,"1,2,1,2","1,2,1,2",1262
ALFREDO MCADAMS,Russian Federation,Serpuhov,2005-08-01,31.94,6,6,"2,1,1,1,2","2,1,1,1,2",1262
ARTHUR SIMPKINS,Russian Federation,Maikop,2005-07-11,31.94,6,6,"2,1,1,2,2","2,1,1,2,2",1269
TERRY GRISSOM,Japan,Matsue,2005-07-11,31.94,6,6,"1,1,1,1,2","1,1,1,1,2",1269
DON BONE,Mozambique,Naala-Porto,2005-08-21,31.94,6,6,"1,2,2,1,2,1","1,2,2,1,2,1",1269
JORGE OLIVARES,Indonesia,Lhokseumawe,2005-07-30,31.94,6,6,"1,2,1,2","1,2,1,2",1269
BEN EASTER,Russian Federation,Kamyin,2005-07-31,31.94,6,6,"1,1,2,2,1,1","1,1,2,2,1,1",1269
JAVIER ELROD,Chad,NDjamna,2005-07-10,31.94,6,6,"1,1,2,1,2","1,1,2,1,2",1269
PATRICIA JOHNSON,United States,San Bernardino,2005-07-29,31.94,6,6,"2,1,2,1","2,1,2,1",1275
VALERIE BLACK,United States,Brockton,2005-06-18,31.94,6,6,"2,1,2,2,1","2,1,2,2,1",1275
LYNN PAYNE,Malawi,Lilongwe,2005-08-21,31.94,6,6,"2,1,2,2","2,1,2,2",1275
JASON MORRISSEY,Argentina,Baha Blanca,2005-06-20,31.94,6,6,"1,1,2,1,1,2","1,1,2,1,1,2",1275
COREY HAUSER,Turkey,Gaziantep,2005-08-01,31.94,6,6,"1,2,2,1,2,2","1,2,2,1,2,2",1275
MYRTLE FLEMING,Dominican Republic,Santiago de los Caballeros,2005-08-22,31.94,6,6,"1,2,1,2,2","1,2,1,2,2",1280
WESLEY BULL,Spain,Ourense (Orense),2005-08-21,31.93,7,7,"2,1,1,2","2,1,1,2",1281
WESLEY BULL,Spain,Ourense (Orense),2005-07-30,31.93,7,7,"1,2,2,1,2,1","1,2,2,1,2,1",1282
GLORIA COOK,French Polynesia,Papeete,2005-08-21,31.93,7,7,"1,2,2,1,2","1,2,2,1,2",1283
MARLENE WELCH,Japan,Iwaki,2005-08-23,31.93,7,7,"1,2,2,1,2,2","1,2,2,1,2,2",1283
JOHN FARNSWORTH,India,Parbhani,2005-07-30,31.93,7,7,"1,1,1,1,2","1,1,1,1,2",1283
ERIK GUILLEN,India,Bhimavaram,2005-08-20,31.93,7,7,"1,2,1,1,2,1,2","1,2,1,1,2,1,2",1283
MONICA HICKS,Ukraine,Mukateve,2005-08-01,31.93,7,7,"1,2,1,1,1,1","1,2,1,1,1,1",1287
PAULINE HENRY,Mexico,Torren,2005-07-12,31.93,7,7,"2,1,2,1,1","2,1,2,1,1",1287
AUDREY RAY,Austria,Graz,2005-08-01,31.93,7,7,"1,2,1,2,1","1,2,1,2,1",1287
CLAUDIA FULLER,Kuwait,Jalib al-Shuyukh,2005-06-20,31.93,7,7,"2,2,1,2,1,2,2","2,2,1,2,1,2,2",1287
CLAUDIA FULLER,Kuwait,Jalib al-Shuyukh,2005-08-02,31.93,7,7,"2,2,2,1","2,2,2,1",1287
RICK MATTOX,Egypt,Mit Ghamr,2005-06-21,31.93,7,7,"2,1,2,1,2,2,1","2,1,2,1,2,2,1",1287
JENNIFER DAVIS,United States,Laredo,2005-08-21,31.93,7,7,"1,2,2,1","1,2,2,1",1293
KIM CRUZ,United States,Grand Prairie,2005-07-31,31.93,7,7,"1,1,2,1,2,1,2","1,1,2,1,2,1,2",1293
LORRAINE STEPHENS,China,Hami,2005-07-10,31.93,7,7,"2,1,2,2,1,2","2,1,2,2,1,2",1293
DOLORES WAGNER,Malaysia,Ipoh,2005-08-21,31.93,7,7,"1,1,2,1,2","1,1,2,1,2",1293
LAURIE LAWRENCE,India,Firozabad,2005-08-01,31.93,7,7,"2,2,2,1,1,2,1","2,2,2,1,1,2,1",1293
NAOMI JENNINGS,India,Karnal,2005-08-01,31.93,7,7,"2,1,1,2,1","2,1,1,2,1",1293
JOSEPH JOY,Brazil,Angra dos Reis,2005-07-11,31.93,7,7,"1,1,1,2,1","1,1,1,2,1",1293
ADAM GOOCH,India,Adoni,2005-07-12,31.93,7,7,"1,2,2,1,2","1,2,2,1,2",1293
ROBERTO VU,China,Yinchuan,2005-07-11,31.93,7,7,"1,1,2,1,2","1,1,2,1,2",1293
TYRONE ASHER,Bulgaria,Ruse,2005-07-12,31.93,7,7,"2,2,1,2,1","2,2,1,2,1",1293
JOHNNIE CHISHOLM,Poland,Plock,2005-08-02,31.93,7,7,"1,1,2,1,1,2","1,1,2,1,1,2",1293
MARY SMITH,Japan,Sasebo,2005-06-21,31.93,7,7,"1,2,1,1,2,1","1,2,1,1,2,1",1304
ANNE POWELL,United Kingdom,Bradford,2005-08-02,31.93,7,7,"2,2,2,1,1,2","2,2,2,1,1,2",1304
BONNIE HUGHES,South Korea,Cheju,2005-08-02,31.93,7,7,"1,1,1,2,1,1","1,1,1,2,1,1",1304
JULIA FLORES,Argentina,La Plata,2005-07-12,31.93,7,7,"2,1,2,1,1","2,1,2,1,1",1304
ANITA MORALES,India,Hubli-Dharwad,2005-08-23,31.93,7,7,"2,1,2,2,2,1,1","2,1,2,2,2,1,1",1304
STACY CUNNINGHAM,Colombia,Pereira,2005-08-02,31.93,7,7,"1,2,1,2,1,1","1,2,1,2,1,1",1304
JEANNE LAWSON,Turkmenistan,Ashgabat,2005-06-20,31.93,7,7,"2,2,1,2,1","2,2,1,2,1",1304
MYRTLE FLEMING,Dominican Republic,Santiago de los Caballeros,2005-07-11,31.93,7,7,"2,1,2,2,1,2","2,1,2,2,1,2",1304
BRANDY GRAVES,United States,Warren,2005-07-31,31.93,7,7,"2,2,1,2","2,2,1,2",1304
DIANNE SHELTON,Iran,Tabriz,2005-08-20,31.93,7,7,"1,1,2,1,2","1,1,2,1,2",1304
JAMES GANNON,Japan,Hiroshima,2005-06-21,31.93,7,7,"1,2,1,1,2,1","1,2,1,1,2,1",1304
MARK RINEHART,Saudi Arabia,Tabuk,2005-08-02,31.93,7,7,"1,1,1,2","1,1,1,2",1304
GEORGE LINTON,Brazil,Sorocaba,2005-07-29,31.93,7,7,"2,1,2,1,2","2,1,2,1,2",1304
MANUEL MURRELL,Sri Lanka,Jaffna,2005-07-31,31.93,7,7,"1,2,2,2,1,2","1,2,2,2,1,2",1304
JACOB LANCE,United States,El Monte,2005-08-02,31.93,7,7,"2,2,1,2,1,2","2,2,1,2,1,2",1304
VERNON CHAPA,Turkey,Denizli,2005-08-02,31.93,7,7,"2,1,1,1,2,1","2,1,1,1,2,1",1304
JESSICA HALL,Holy See (Vatican City State),Citt del Vaticano,2005-07-08,31.93,7,7,"1,2,1","1,2,1",1320
SHIRLEY ALLEN,Philippines,Davao,2005-08-22,31.93,7,7,"1,2,2,1,2,1","1,2,2,1,2,1",1320
KATHY JAMES,Philippines,Baybay,2005-08-23,31.93,7,7,"1,1,2,1","1,1,2,1",1320
PAULA BRYANT,India,Pathankot,2005-08-01,31.93,7,7,"2,1,1,1,2","2,1,1,1,2",1320
WANDA PATTERSON,Colombia,Sincelejo,2005-08-21,31.93,7,7,"1,1,2,1","1,1,2,1",1324
CINDY FISHER,Venezuela,Cuman,2005-08-23,31.93,7,7,"2,1,1,2,1","2,1,1,2,1",1324
ETHEL WEBB,South Africa,Boksburg,2005-08-22,31.92,8,8,"1,2,2,2,1","1,2,2,2,1",1326
GABRIEL HARDER,Turkey,Sivas,2005-07-29,31.92,8,8,"1,2,1,2,1","1,2,1,2,1",1327
MARTHA GONZALEZ,Moldova,Chisinau,2005-08-23,31.92,8,8,"1,2,2,1,2,1,1","1,2,2,1,2,1,1",1328
GLORIA COOK,French Polynesia,Papeete,2005-08-02,31.92,8,8,"1,1,2,1,2,1","1,1,2,1,2,1",1328
GERALD FULTZ,India,Satna,2005-07-31,31.92,8,8,"1,1,1,2,2","1,1,1,2,2",1328
HARRY ARCE,Iran,Najafabad,2005-08-20,31.92,8,8,"1,2,1,2,2","1,2,1,2,2",1328
LEROY BUSTAMANTE,China,Tongliao,2005-07-12,31.92,8,8,"2,1,1,2,2,2","2,1,1,2,2,2",1328
AMANDA CARTER,Morocco,Nador,2005-08-01,31.92,8,8,"2,1,2,1,1","2,1,2,1,1",1333
IRENE PRICE,Kazakstan,Pavlodar,2005-08-02,31.92,8,8,"2,1,2,2,2,2","2,1,2,2,2,2",1333
LILLIAN GRIFFIN,United Arab Emirates,al-Ayn,2005-08-01,31.92,8,8,"2,2,1,1,2,1,2","2,2,1,1,2,1,2",1333
SHERRY MARSHALL,Egypt,Shubra al-Khayma,2005-08-01,31.92,8,8,"2,1,1,2,1,1,2","2,1,1,2,1,1,2",1333
JOSEPHINE GOMEZ,India,Etawah,2005-08-01,31.92,8,8,"2,1,1,2,2,2","2,1,1,2,2,2",1333
AUDREY RAY,Austria,Graz,2005-07-11,31.92,8,8,"2,1,2,1,2,2","2,1,2,1,2,2",1333
SUE PETERS,China,Changzhou,2005-06-19,31.92,8,8,"2,1,2,2,1,1,2","2,1,2,2,1,1,2",1333
CHARLES KOWALSKI,Malaysia,Sungai Petani,2005-07-30,31.92,8,8,"1,1,2,2,1,2","1,1,2,2,1,2",1333
STANLEY SCROGGINS,Japan,Omiya,2005-07-12,31.92,8,8,"1,1,2,1,1,2","1,1,2,1,1,2",1333
LEONARD SCHOFIELD,Argentina,Tandil,2005-08-02,31.92,8,8,"1,1,2,1,1,1,2,1","1,1,2,1,1,1,2,1",1333
MANUEL MURRELL,Sri Lanka,Jaffna,2005-08-21,31.92,8,8,"1,1,2,1,2,2","1,1,2,1,2,2",1333
BARRY LOVELACE,Zambia,Kitwe,2005-08-01,31.92,8,8,"2,1,2,1,2,1","2,1,2,1,2,1",1333
CHRISTIAN JUNG,India,Amroha,2005-08-01,31.92,8,8,"2,1,2,1,2,2,1","2,1,2,1,2,2,1",1333
SALVADOR TEEL,Gambia,Banjul,2005-07-31,31.92,8,8,"2,1,1,2,1,2","2,1,1,2,1,2",1333
ALMA AUSTIN,Germany,Mannheim,2005-06-21,31.92,8,8,"1,2,1,2,1,2","1,2,1,2,1,2",1347
ROBERTO VU,China,Yinchuan,2005-08-23,31.92,8,8,"2,1,1,1,2,2,1","2,1,1,1,2,2,1",1347
NATHANIEL ADAM,United States,Joliet,2005-08-01,31.92,8,8,"2,1,2,1,2","2,1,2,1,2",1347
NATHANIEL ADAM,United States,Joliet,2005-08-22,31.92,8,8,"2,1,1,2,2,2,1","2,1,1,2,2,2,1",1347
RAYMOND MCWHORTER,Azerbaijan,Sumqayit,2005-08-23,31.92,8,8,"2,2,1,1,1,2,1","2,2,1,1,1,2,1",1351
CURTIS IRBY,Canada,Richmond Hill,2005-08-01,31.92,8,8,"2,1,2,1,1","2,1,2,1,1",1351
TIM CARY,India,Bijapur,2005-07-12,31.92,8,8,"2,1,2,2,1,1,1,2","2,1,2,2,1,1,1,2",1351
GUY BROWNLEE,China,Zhoushan,2005-07-31,31.92,8,8,"1,2,1,2,1,1,2","1,2,1,2,1,1,2",1351
SETH HANNON,Bahrain,al-Manama,2005-07-12,31.92,8,8,"2,1,1,1,1,2,2","2,1,1,1,1,2,2",1351
GENE SANBORN,Oman,Salala,2005-08-01,31.92,8,8,"1,2,1,2,2,1","1,2,1,2,2,1",1356
VERONICA STONE,United States,Greensboro,2005-08-23,31.91,9,9,"2,2,2,2,1,1","2,2,2,2,1,1",1357
GERALDINE PERKINS,Israel,Tel Aviv-Jaffa,2005-08-02,31.91,9,9,"1,2,1,2,1,1,2","1,2,1,2,1,1,2",1357
LUCY WHEELER,India,Balurghat,2005-08-02,31.91,9,9,"1,1,2,1,2,1,2,2","1,1,2,1,2,1,2,2",1357
CHRISTY VARGAS,China,Datong,2005-08-02,31.91,9,9,"2,1,1,1,1,2,2","2,1,1,1,1,2,2",1357
BILLIE HORTON,Turkey,Inegl,2005-08-02,31.91,9,9,"1,2,1,2,1,2,1","1,2,1,2,1,2,1",1357
JOSE ANDREW,Saint Vincent and the Grenadines,Kingstown,2005-07-31,31.91,9,9,"1,2,1,2,2,1","1,2,1,2,2,1",1357
BOB PFEIFFER,China,Xintai,2005-08-22,31.91,9,9,"2,2,2,2,1,2,1,2","2,2,2,2,1,2,1,2",1357
CASEY MENA,Turkey,Tokat,2005-07-29,31.91,9,9,"1,2,1,2","1,2,1,2",1357
VIOLA HANSON,Philippines,Lapu-Lapu,2005-07-12,31.91,9,9,"1,2,2,1,2,2","1,2,2,1,2,2",1365
JACK FOUST,Russian Federation,Zeleznogorsk,2005-07-12,31.91,9,9,"1,1,2,1,1,2,1,2","1,1,2,1,1,2,1,2",1365
TRAVIS ESTEP,Saudi Arabia,al-Qatif,2005-08-23,31.91,9,9,"2,2,1,2,1,2,1","2,2,1,2,1,2,1",1365
VICKIE BREWER,Germany,Halle/Saale,2005-08-23,31.91,9,9,"1,2,2,2,1,1,2","1,2,2,2,1,1,2",1368
ANTHONY SCHWAB,American Samoa,Tafuna,2005-08-02,31.91,9,9,"2,2,2,1,1,1","2,2,2,1,1,1",1368
DARRYL ASHCRAFT,Argentina,Ezeiza,2005-08-02,31.91,9,9,"1,2,2,1,1,2,1","1,2,2,1,1,2,1",1368
CRYSTAL FORD,Israel,Ashdod,2005-07-31,31.9,10,10,"2,1,1,2,1,2,1","2,1,1,2,1,2,1",1371
MARCIA DEAN,Philippines,Tanza,2005-07-11,31.9,10,10,"1,2,2,1,1,1,2,2,1","1,2,2,1,1,1,2,2,1",1372
MARJORIE TUCKER,Poland,Jastrzebie-Zdrj,2005-08-22,31.9,10,10,"2,2,1,2,2,1","2,2,1,2,2,1",1373
MAXINE SILVA,Brazil,Poos de Caldas,2005-08-23,31.9,10,10,"1,2,1,1,2,2,1","1,2,1,1,2,2,1",1374
BRENDA WRIGHT,India,Kamarhati,2005-07-11,30.95,5,5,"1,2,1,2,1","1,2,1,2,1",1375
JOHNNIE CHISHOLM,Poland,Plock,2005-07-12,30.95,5,5,"2,1,2,2,1","2,1,2,2,1",1376
CHERYL MURPHY,India,Mysore,2005-08-02,30.95,5,5,"1,2,1,2,2","1,2,1,2,2",1377
ALAN KAHN,China,Emeishan,2005-07-30,30.95,5,5,"1,1,2,1,1","1,1,2,1,1",1377
PHILIP CAUSEY,Russian Federation,Korolev,2005-07-09,30.95,5,5,"2,2,1","2,2,1",1377
BEN EASTER,Russian Federation,Kamyin,2005-07-30,30.95,5,5,"1,1,2,2,1","1,1,2,2,1",1377
ISAAC OGLESBY,Mexico,Cuernavaca,2005-08-20,30.95,5,5,"1,2,2,2","1,2,2,2",1377
TRACY HERRMANN,Ecuador,Loja,2005-06-20,30.95,5,5,"1,2,2,1,1","1,2,2,1,1",1377
SETH HANNON,Bahrain,al-Manama,2005-06-20,30.95,5,5,"2,2,2,1","2,2,2,1",1377
ASHLEY RICHARDSON,United States,Lincoln,2005-07-10,30.95,5,5,"2,1,1,2","2,1,1,2",1384
JULIA FLORES,Argentina,La Plata,2005-06-19,30.95,5,5,"1,2,1,1","1,2,1,1",1384
ANA BRADLEY,United States,Memphis,2005-07-29,30.95,5,5,"1,1,1,1","1,1,1,1",1384
PAUL TROUT,Russian Federation,Kursk,2005-07-31,30.95,5,5,"2,1,1,2","2,1,1,2",1384
CURTIS IRBY,Canada,Richmond Hill,2005-08-20,30.95,5,5,"1,2,1,2","1,2,1,2",1388
NATHANIEL ADAM,United States,Joliet,2005-07-09,30.95,5,5,"2,1,1,1,2","2,1,1,1,2",1388
MARLENE WELCH,Japan,Iwaki,2005-08-21,30.94,6,6,"1,2,2,1,2","1,2,2,1,2",1390
MAE FLETCHER,Spain,Donostia-San Sebastin,2005-07-12,30.94,6,6,"1,2,2,2,1","1,2,2,2,1",1390
MAE FLETCHER,Spain,Donostia-San Sebastin,2005-08-21,30.94,6,6,"1,2,1,2,1,1","1,2,1,2,1,1",1390
DAWN SULLIVAN,Tuvalu,Funafuti,2005-08-01,30.94,6,6,"1,2,1","1,2,1",1393
GRACE ELLIS,Germany,Duisburg,2005-08-22,30.94,6,6,"1,2,1,2,2,1","1,2,1,2,2,1",1393
NINA SOTO,India,Palghat (Palakkad),2005-07-10,30.94,6,6,"2,2,1,2","2,2,1,2",1393
JOSEPH JOY,Brazil,Angra dos Reis,2005-07-31,30.94,6,6,"1,1,1,1","1,1,1,1",1393
GARY COY,China,Yuzhou,2005-08-01,30.94,6,6,"2,1,2,1,1,2","2,1,2,1,1,2",1393
LARRY THRASHER,Turkey,Adana,2005-06-19,30.94,6,6,"1,2,2,1,2,2","1,2,2,1,2,2",1393
HARRY ARCE,Iran,Najafabad,2005-06-21,30.94,6,6,"1,1,2","1,1,2",1393
STEVE MACKENZIE,Indonesia,Probolinggo,2005-07-12,30.94,6,6,"1,1,2,2","1,1,2,2",1393
PHILLIP HOLM,Japan,Tama,2005-08-23,30.94,6,6,"1,2,2,1,1","1,2,2,1,1",1393
EDWIN BURK,South Africa,Newcastle,2005-07-11,30.94,6,6,"1,1,1,1","1,1,1,1",1393
GLEN TALBERT,Mexico,Acua,2005-07-09,30.94,6,6,"1,2,1,1,2","1,2,1,1,2",1393
JIMMIE EGGLESTON,Poland,Wroclaw,2005-07-09,30.94,6,6,"1,1,1,2","1,1,1,2",1393
TERRANCE ROUSH,Hungary,Szkesfehrvr,2005-07-08,30.94,6,6,"2,1,1,1","2,1,1,1",1393
MARILYN ROSS,Nigeria,Ife,2005-08-01,30.94,6,6,"2,1,1,1","2,1,1,1",1406
BEATRICE ARNOLD,India,Udaipur,2005-08-02,30.94,6,6,"1,2,1,2,1","1,2,1,2,1",1406
NINA SOTO,India,Palghat (Palakkad),2005-08-21,30.94,6,6,"2,2,2,2","2,2,2,2",1406
ROGER QUINTANILLA,Taiwan,Hsichuh,2005-07-08,30.94,6,6,"2,2,2,1","2,2,2,1",1406
TYLER WREN,China,Rizhao,2005-08-21,30.94,6,6,"1,2,1,2,1","1,2,1,2,1",1406
CLAUDE HERZOG,Angola,Benguela,2005-08-01,30.94,6,6,"1,2,1,2,1,1","1,2,1,2,1,1",1406
JAMIE WAUGH,Japan,Kuwana,2005-07-29,30.94,6,6,"2,1,2,2","2,1,2,2",1406
SHIRLEY ALLEN,Philippines,Davao,2005-08-20,30.94,6,6,"1,2,2,1,2","1,2,2,1,2",1413
PAULA BRYANT,India,Pathankot,2005-07-31,30.94,6,6,"2,1,1,1","2,1,1,1",1413
GRACE ELLIS,Germany,Duisburg,2005-07-29,30.94,6,6,"2,2,2,1","2,2,2,1",1413
NORA HERRERA,Austria,Salzburg,2005-08-02,30.94,6,6,"1,2,2,2,1","1,2,2,2,1",1413
SHELLY WATTS,United States,Dayton,2005-08-23,30.94,6,6,"2,1,1,2,1","2,1,1,2,1",1413
BYRON BOX,Kazakstan,Zhezqazghan,2005-08-01,30.94,6,6,"1,2,1","1,2,1",1413
SEAN DOUGLASS,Ethiopia,Addis Abeba,2005-08-20,30.94,6,6,"1,2,1,2,1,2","1,2,1,2,1,2",1419
GABRIEL HARDER,Turkey,Sivas,2005-08-22,30.93,7,7,"2,1,1,1,2","2,1,1,1,2",1420
PAMELA BAKER,China,Nanyang,2005-08-21,30.93,7,7,"1,2,2,1,2","1,2,2,1,2",1421
THELMA MURRAY,Peru,Lima,2005-07-31,30.93,7,7,"2,1,2,1,1,2","2,1,2,1,1,2",1421
AUDREY RAY,Austria,Graz,2005-08-23,30.93,7,7,"2,1,2,1,2,1","2,1,2,1,2,1",1421
LILLIE KIM,Egypt,Idfu,2005-07-12,30.93,7,7,"1,1,1,2,1,1,1","1,1,1,2,1,1,1",1421
CHRISTOPHER GRECO,Italy,Brescia,2005-07-30,30.93,7,7,"2,2,1,1,1","2,2,1,1,1",1421
KENT ARSENAULT,Brazil,Juiz de Fora,2005-07-28,30.93,7,7,"1,2,2,1","1,2,2,1",1421
JULIE SANCHEZ,Spain,A Corua (La Corua),2005-07-31,30.93,7,7,"2,2,1,1,2","2,2,1,1,2",1427
PHYLLIS FOSTER,China,Zalantun,2005-08-21,30.93,7,7,"1,1,2,1,2","1,1,2,1,2",1427
JUANITA MASON,India,Pune,2005-07-30,30.93,7,7,"2,1,1,1,2,1","2,1,1,1,2,1",1427
JACKIE LYNCH,Colombia,Buenaventura,2005-07-11,30.93,7,7,"2,1,2,1,1,2","2,1,2,1,1,2",1427
MABEL HOLLAND,Myanmar,Monywa,2005-06-19,30.93,7,7,"1,2,2,1,2,1","1,2,2,1,2,1",1427
EDWARD BAUGH,Faroe Islands,Trshavn,2005-07-31,30.93,7,7,"1,2,1,1,2,1","1,2,1,1,2,1",1427
DOUGLAS GRAF,Mexico,Mexicali,2005-06-21,30.93,7,7,"2,1,2,2,1,1","2,1,2,2,1,1",1427
STANLEY SCROGGINS,Japan,Omiya,2005-07-11,30.93,7,7,"1,1,2,1,1","1,1,2,1,1",1427
RICKY SHELBY,China,Junan,2005-08-02,30.93,7,7,"1,2,1,2,1","1,2,1,2,1",1427
BRENT HARKINS,Turkey,Sultanbeyli,2005-08-23,30.93,7,7,"1,2,1,2,1,1,2","1,2,1,2,1,1,2",1427
ROSS GREY,Philippines,Iligan,2005-08-23,30.93,7,7,"2,2,2,2,1,1","2,2,2,2,1,1",1427
ELIZABETH BROWN,Taiwan,Nantou,2005-07-11,30.93,7,7,"2,2,1,2,2,1","2,2,1,2,2,1",1438
ANGELA HERNANDEZ,Japan,Shimonoseki,2005-08-01,30.93,7,7,"2,1,2,2,1,1","2,1,2,2,1,1",1438
EMMA BOYD,Egypt,Qalyub,2005-08-02,30.93,7,7,"2,2,2,1,2","2,2,2,1,2",1438
LAUREN HUDSON,France,Le Mans,2005-08-02,30.93,7,7,"2,1,2,1,2,2","2,1,2,1,2,2",1438
REGINA BERRY,China,Jinchang,2005-07-11,30.93,7,7,"1,1,2,2,1,1,1","1,1,2,2,1,1,1",1438
IRMA PEARSON,Philippines,Hagonoy,2005-08-21,30.93,7,7,"2,2,2,1,2,1,2","2,2,2,1,2,1,2",1438
DEANNA BYRD,Philippines,Tuguegarao,2005-08-20,30.93,7,7,"1,2,1,2,2,1","1,2,1,2,2,1",1438
JENNY CASTRO,Puerto Rico,Ponce,2005-07-10,30.93,7,7,"2,1,1,2,1,2,1","2,1,1,2,1,2,1",1438
PETER MENARD,Netherlands,Ede,2005-08-23,30.93,7,7,"1,2,2,2,2,2","1,2,2,2,2,2",1438
ROGER QUINTANILLA,Taiwan,Hsichuh,2005-07-30,30.93,7,7,"2,1,2,1,2,2","2,1,2,1,2,2",1438
ANTONIO MEEK,Brazil,Bag,2005-08-01,30.93,7,7,"2,1,1,2,1,1","2,1,1,2,1,1",1438
STANLEY SCROGGINS,Japan,Omiya,2005-08-01,30.93,7,7,"1,1,1,1,2,1","1,1,1,1,2,1",1438
RAMON CHOATE,Ecuador,Robamba,2005-07-30,30.93,7,7,"2,2,2,2,1","2,2,2,2,1",1438
KELLY KNOTT,China,Sanya,2005-08-23,30.93,7,7,"1,2,2,1,2","1,2,2,1,2",1438
KATHY JAMES,Philippines,Baybay,2005-07-11,30.93,7,7,"2,2,1,2,2","2,2,1,2,2",1452
MARGIE WADE,China,Lengshuijiang,2005-07-31,30.93,7,7,"1,1,2,1,2","1,1,2,1,2",1452
JASON MORRISSEY,Argentina,Baha Blanca,2005-08-02,30.93,7,7,"1,2,1,2","1,2,1,2",1452
JORDAN ARCHULETA,Argentina,Avellaneda,2005-08-22,30.93,7,7,"1,2,1,2,2,1","1,2,1,2,2,1",1452
GENE SANBORN,Oman,Salala,2005-07-31,30.93,7,7,"1,2,1,2,2","1,2,1,2,2",1456
MAURICE CRAWLEY,Mexico,Coatzacoalcos,2005-08-22,30.93,7,7,"2,1,2,2,1","2,1,2,2,1",1457
RACHEL BARNES,Japan,Kamakura,2005-07-11,30.92,8,8,"1,2,1,2,2,1,2","1,2,1,2,2,1,2",1458
HEIDI LARSON,China,Xiangfan,2005-08-01,30.92,8,8,"1,1,1,1,2,1","1,1,1,1,2,1",1458
RUSSELL BRINSON,Poland,Tychy,2005-08-22,30.92,8,8,"1,2,1,1,1,1,2","1,2,1,1,1,1,2",1458
IVAN CROMWELL,Mexico,Monclova,2005-07-31,30.92,8,8,"2,2,1,2,1,2","2,2,1,2,1,2",1458
RUSSELL BRINSON,Poland,Tychy,2005-07-30,30.92,8,8,"2,1,1","2,1,1",1462
ISAAC OGLESBY,Mexico,Cuernavaca,2005-08-01,30.92,8,8,"1,2,2,1,1,2","1,2,2,1,1,2",1462
SHIRLEY ALLEN,Philippines,Davao,2005-06-21,30.92,8,8,"1,2,2,2,2,1,1,2","1,2,2,2,2,1,1,2",1464
EVELYN MORGAN,Liechtenstein,Vaduz,2005-07-12,30.92,8,8,"1,2,1,1,2,2,1","1,2,1,1,2,2,1",1464
MILDRED BAILEY,India,Jaipur,2005-08-02,30.92,8,8,"2,1,1,1,2,1","2,1,1,1,2,1",1464
THELMA MURRAY,Peru,Lima,2005-07-12,30.92,8,8,"1,2,1,1,2,2,1,1","1,2,1,1,2,2,1,1",1464
MELANIE ARMSTRONG,Philippines,Bayugan,2005-08-02,30.92,8,8,"2,1,2,2,1,2","2,1,2,2,1,2",1464
CONSTANCE REID,Nigeria,Zaria,2005-07-29,30.92,8,8,"1,2,1,1,2","1,2,1,1,2",1464
PRISCILLA LOWE,Mexico,Salamanca,2005-08-22,30.92,8,8,"2,1,2,1,2,2","2,1,2,1,2,2",1464
ERIKA PENA,Finland,Oulu,2005-08-23,30.92,8,8,"2,1,1,2,1,2,1","2,1,1,2,1,2,1",1464
TRAVIS ESTEP,Saudi Arabia,al-Qatif,2005-08-22,30.92,8,8,"2,2,1,2,1,2","2,2,1,2,1,2",1464
BERNARD COLBY,India,Dhule (Dhulia),2005-08-23,30.92,8,8,"2,1,2,2,1,2,1","2,1,2,2,1,2,1",1464
RAMON CHOATE,Ecuador,Robamba,2005-07-09,30.92,8,8,"1,2,1,2,2,2,1","1,2,1,2,2,2,1",1464
ROLAND SOUTH,China,Yingkou,2005-08-21,30.92,8,8,"2,1,1,1,1,2","2,1,1,1,1,2",1464
JESSIE MILAM,China,Binzhou,2005-07-31,30.92,8,8,"2,1,2,2,1,2","2,1,2,2,1,2",1464
LANCE PEMBERTON,Morocco,Beni-Mellal,2005-08-02,30.92,8,8,"2,1,2,1,2,1,2","2,1,2,1,2,1,2",1464
ANTHONY SCHWAB,American Samoa,Tafuna,2005-07-31,30.92,8,8,"2,2,2,1,1","2,2,2,1,1",1478
JON WILES,Bolivia,El Alto,2005-08-23,30.92,8,8,"1,1,2,2,1,2,1","1,1,2,2,1,2,1",1478
DARRYL ASHCRAFT,Argentina,Ezeiza,2005-08-01,30.92,8,8,"1,2,2,1,1,2","1,2,2,1,1,2",1478
JUSTIN NGO,Brazil,Santo Andr,2005-07-29,30.92,8,8,"1,2,2,1","1,2,2,1",1481
CURTIS IRBY,Canada,Richmond Hill,2005-07-11,30.92,8,8,"2,1,1,2,1,2","2,1,1,2,1,2",1481
MITCHELL WESTMORELAND,Vietnam,Nha Trang,2005-08-20,30.92,8,8,"1,1,1,2,2","1,1,1,2,2",1483
AMY LOPEZ,India,Jhansi,2005-07-12,30.91,9,9,"1,1,2,1,1,1,2","1,1,2,1,1,1,2",1484
VIRGINIA GREEN,France,Toulouse,2005-07-11,30.91,9,9,"2,2,2,1,1,1","2,2,2,1,1,1",1484
CAROLYN PEREZ,Thailand,Pak Kret,2005-07-30,30.91,9,9,"1,1,1,1,2,2","1,1,1,1,2,2",1484
JUDITH COX,China,Daxian,2005-07-11,30.91,9,9,"2,1,1,2,1,2,2","2,1,1,2,1,2,2",1484
TRACY COLE,Mexico,Huixquilucan,2005-07-12,30.91,9,9,"1,2,1,1,2,1,2,1","1,2,1,1,2,1,2,1",1484
GLENN PULLEN,Netherlands,Amersfoort,2005-08-02,30.91,9,9,"1,2,1,2,2,1,1,2","1,2,1,2,2,1,1,2",1484
ANGEL BARCLAY,Japan,Ueda,2005-08-22,30.91,9,9,"1,2,2,1,1,1,2","1,2,2,1,1,1,2",1484
ROSS GREY,Philippines,Iligan,2005-08-01,30.91,9,9,"1,2,1,1,2,1","1,2,1,1,2,1",1484
JUDITH COX,China,Daxian,2005-08-01,30.91,9,9,"2,1,2,1,2","2,1,2,1,2",1492
WENDY HARRISON,Mexico,Nezahualcyotl,2005-08-02,30.91,9,9,"2,1,1,2,2,2","2,1,1,2,2,2",1492
GERTRUDE CASTILLO,Greenland,Nuuk,2005-07-10,30.91,9,9,"2,1,2,1,2,1,2","2,1,2,1,2,1,2",1492
PEARL GARZA,India,Jodhpur,2005-08-22,30.91,9,9,"1,1,1,2,2,2,1","1,1,1,2,2,2,1",1492
WAYNE TRUONG,India,Gulbarga,2005-08-23,30.91,9,9,"1,2,1,1,1,2,1","1,2,1,1,1,2,1",1492
BILL GAVIN,United States,Rockford,2005-06-20,30.91,9,9,"2,2,1,1,1,2","2,2,1,1,1,2",1492
MAXINE SILVA,Brazil,Poos de Caldas,2005-08-21,30.91,9,9,"1,2,1,1,2,2","1,2,1,1,2,2",1498
MARY SMITH,Japan,Sasebo,2005-08-02,30.9,10,10,"2,1,2,2,2,2,2,1","2,1,2,2,2,2,2,1",1499
SHARON ROBINSON,Pakistan,Mardan,2005-08-23,30.9,10,10,"1,1,2,1,2,2,1,1","1,1,2,1,2,2,1,1",1500
ALICIA MILLS,India,Nagaon,2005-08-21,30.9,10,10,"2,1,1,2,2,1,1,2","2,1,1,2,2,1,1,2",1500
ERIN DUNN,Russian Federation,Ljubertsy,2005-08-02,30.9,10,10,"2,1,1,2,1,2,2","2,1,1,2,1,2,2",1502
ELSIE KELLEY,Nigeria,Ikerre,2005-08-02,30.9,10,10,"1,2,1,2,1,1,1","1,2,1,2,1,1,1",1502
KEVIN SCHULER,Nepal,Birgunj,2005-08-20,29.95,5,5,"1,2,1,2","1,2,1,2",1504
FERNANDO CHURCHILL,South Korea,Tonghae,2005-08-22,29.95,5,5,"1,2,2,1","1,2,2,1",1504
MARY SMITH,Japan,Sasebo,2005-07-11,29.95,5,5,"2,1,1,1","2,1,1,1",1506
DIANE COLLINS,Sudan,Omdurman,2005-07-10,29.95,5,5,"2,2,2,1","2,2,2,1",1506
TAMMY SANDERS,Taiwan,Changhwa,2005-06-21,29.95,5,5,"1,2,2,1","1,2,2,1",1506
BEATRICE ARNOLD,India,Udaipur,2005-08-01,29.95,5,5,"1,2,1,2","1,2,1,2",1506
MARSHA DOUGLAS,Mozambique,Beira,2005-07-11,29.95,5,5,"2,1,1","2,1,1",1506
TOMMY COLLAZO,Iran,Qomsheh,2005-07-28,29.95,5,5,"1,2","1,2",1506
DAN PAINE,United Kingdom,Stockport,2005-07-29,29.95,5,5,"2,2,1,2","2,2,1,2",1506
CLAUDE HERZOG,Angola,Benguela,2005-07-31,29.95,5,5,"1,2,1,2,1","1,2,1,2,1",1506
LONNIE TIRADO,Indonesia,Pangkal Pinang,2005-07-12,29.95,5,5,"2,1,2,1","2,1,2,1",1506
DIANE COLLINS,Sudan,Omdurman,2005-08-22,29.95,5,5,"1,2,1,2","1,2,1,2",1515
MIKE WAY,India,Valparai,2005-06-20,29.95,5,5,"2,1,2,1,2","2,1,2,1,2",1515
TRAVIS ESTEP,Saudi Arabia,al-Qatif,2005-07-11,29.95,5,5,"1,1,2,1","1,1,2,1",1515
LEE HAWKS,India,Pudukkottai,2005-07-11,29.95,5,5,"1,2,1,2,1","1,2,1,2,1",1515
COREY HAUSER,Turkey,Gaziantep,2005-07-30,29.95,5,5,"1,2,2,1,2","1,2,2,1,2",1515
BYRON BOX,Kazakstan,Zhezqazghan,2005-07-31,29.95,5,5,"1,2","1,2",1515
JASON MORRISSEY,Argentina,Baha Blanca,2005-08-23,29.95,5,5,"2,1,2,1,2","2,1,2,1,2",1521
ALLEN BUTTERFIELD,India,Hoshiarpur,2005-08-23,29.95,5,5,"1,1,2,2,1","1,1,2,2,1",1521
CLIFFORD BOWENS,Russian Federation,Nabereznyje Telny,2005-08-01,29.95,5,5,"1,2,1,1","1,2,1,1",1521
CECIL VINES,United Kingdom,London,2005-08-21,29.95,5,5,"2,2,2,1","2,2,2,1",1521
DAISY BATES,Russian Federation,Kolpino,2005-07-30,29.95,5,5,"2,1,1,2,1","2,1,1,2,1",1525
ARTHUR SIMPKINS,Russian Federation,Maikop,2005-07-29,29.95,5,5,"2,2,1","2,2,1",1525
BILLY POULIN,Philippines,Cabuyao,2005-08-19,29.95,5,5,"2,1,2","2,1,2",1527
GABRIEL HARDER,Turkey,Sivas,2005-08-21,29.94,6,6,"2,1,1,1","2,1,1,1",1528
ERIK GUILLEN,India,Bhimavaram,2005-08-01,29.94,6,6,"1,2,1,2,2","1,2,1,2,2",1528
CHRISTOPHER GRECO,Italy,Brescia,2005-08-22,29.94,6,6,"2,2,2,2","2,2,2,2",1530
LAURA RODRIGUEZ,Morocco,Sal,2005-08-21,29.94,6,6,"1,2,1,1","1,2,1,1",1531
KATHLEEN ADAMS,Iran,Arak,2005-08-21,29.94,6,6,"2,1,2,1,1","2,1,2,1,1",1531
CHRISTINA RAMIREZ,Saudi Arabia,al-Hawiya,2005-08-02,29.94,6,6,"2,1,2,1,1","2,1,2,1,1",1531
DIANA ALEXANDER,United States,Augusta-Richmond County,2005-07-31,29.94,6,6,"2,1,2,1,1,2","2,1,2,1,1,2",1531
PEGGY MYERS,Saudi Arabia,Abha,2005-07-31,29.94,6,6,"2,2,1,2,2","2,2,1,2,2",1531
KIM CRUZ,United States,Grand Prairie,2005-07-30,29.94,6,6,"1,1,2,1,2,1","1,1,2,1,2,1",1531
SYLVIA ORTIZ,Colombia,Dos Quebradas,2005-06-20,29.94,6,6,"1,1,2,1,1,1","1,1,2,1,1,1",1531
ANNETTE OLSON,India,Allappuzha (Alleppey),2005-08-21,29.94,6,6,"2,1,1,2,2","2,1,1,2,2",1531
GLENDA FRAZIER,China,Qinhuangdao,2005-06-20,29.94,6,6,"2,1,2,1,2","2,1,2,1,2",1531
VIOLA HANSON,Philippines,Lapu-Lapu,2005-08-01,29.94,6,6,"2,1,2,2","2,1,2,2",1531
TERRY CARLSON,Japan,Miyakonojo,2005-06-19,29.94,6,6,"2,2,2,1,1,2","2,2,2,1,1,2",1531
JENNIE TERRY,Czech Republic,Olomouc,2005-07-10,29.94,6,6,"1,1,2,1,1","1,1,2,1,1",1531
NAOMI JENNINGS,India,Karnal,2005-07-31,29.94,6,6,"2,1,1,2","2,1,1,2",1531
FRANK WAGGONER,Bangladesh,Jamalpur,2005-08-22,29.94,6,6,"2,1,1,1,2","2,1,1,1,2",1531
DOUGLAS GRAF,Mexico,Mexicali,2005-06-20,29.94,6,6,"2,1,2,2,1","2,1,2,2,1",1531
RALPH MADRIGAL,Puerto Rico,Arecibo,2005-08-19,29.94,6,6,"2,1,2,1","2,1,2,1",1531
BARRY LOVELACE,Zambia,Kitwe,2005-08-21,29.94,6,6,"2,2,2,1,2","2,2,2,1,2",1531
CALVIN MARTEL,Venezuela,Maracabo,2005-07-12,29.94,6,6,"2,2,1,2,2,1","2,2,1,2,2,1",1531
LEO EBERT,China,Dongying,2005-08-22,29.94,6,6,"1,1,2,2","1,1,2,2",1531
CORY MEEHAN,Belarus,Mogiljov,2005-08-23,29.94,6,6,"1,1,1,1,1","1,1,1,1,1",1531
MATHEW BOLIN,Venezuela,Valencia,2005-07-31,29.94,6,6,"1,2,2,1","1,2,2,1",1531
IVAN CROMWELL,Mexico,Monclova,2005-06-18,29.94,6,6,"1,2,2,2,2","1,2,2,2,2",1531
CHERYL MURPHY,India,Mysore,2005-07-09,29.94,6,6,"2,1,1,2,1","2,1,1,2,1",1553
RITA GRAHAM,France,Toulon,2005-07-09,29.94,6,6,"2,2,1,1","2,2,1,1",1553
LAUREN HUDSON,France,Le Mans,2005-07-31,29.94,6,6,"2,1,2,1,2","2,1,2,1,2",1553
MARION SNYDER,Brazil,Santa Brbara dOeste,2005-07-11,29.94,6,6,"1,1,1,2","1,1,1,2",1553
DELORES HANSEN,Russian Federation,Jaroslavl,2005-07-12,29.94,6,6,"2,1,2,2,1","2,1,2,2,1",1553
MARCIA DEAN,Philippines,Tanza,2005-06-19,29.94,6,6,"1,2,2,2,1,2","1,2,2,2,1,2",1553
CASSANDRA WALTERS,United States,Salinas,2005-08-21,29.94,6,6,"1,1,2,2,1,2","1,1,2,2,1,2",1553
ERIKA PENA,Finland,Oulu,2005-08-02,29.94,6,6,"2,1,2,2,1,2","2,1,2,2,1,2",1553
ALEX GRESHAM,Mexico,Uruapan,2005-08-20,29.94,6,6,"2,1,2,1","2,1,2,1",1553
MAURICE CRAWLEY,Mexico,Coatzacoalcos,2005-07-10,29.94,6,6,"2,1,1,2","2,1,1,2",1553
NEIL RENNER,Vietnam,Cam Ranh,2005-08-01,29.94,6,6,"1,2,1,1,2","1,2,1,1,2",1553
MAX PITT,Yugoslavia,Novi Sad,2005-07-06,29.94,6,6,"1,2,1","1,2,1",1553
EVERETT BANDA,Egypt,Bilbays,2005-08-21,29.94,6,6,"1,2,1,1,2","1,2,1,1,2",1553
MARSHALL THORN,United Kingdom,Southampton,2005-07-09,29.94,6,6,"1,2,1,1","1,2,1,1",1553
SHIRLEY ALLEN,Philippines,Davao,2005-08-01,29.94,6,6,"1,2,2,1,1","1,2,2,1,1",1567
KATHY JAMES,Philippines,Baybay,2005-07-10,29.94,6,6,"2,2,1,2","2,2,1,2",1567
CHRISTY VARGAS,China,Datong,2005-06-19,29.94,6,6,"1,2,1,1,1","1,2,1,1,1",1567
LEAH CURTIS,Poland,Kalisz,2005-08-01,29.94,6,6,"1,2,1,1,2","1,2,1,1,2",1567
BRANDY GRAVES,United States,Warren,2005-08-20,29.94,6,6,"1,2,2,1,1","1,2,2,1,1",1567
PAUL TROUT,Russian Federation,Kursk,2005-08-23,29.94,6,6,"1,2,2,2,1","1,2,2,2,1",1567
WARREN SHERROD,Russian Federation,Usolje-Sibirskoje,2005-07-12,29.94,6,6,"1,2,1","1,2,1",1567
ALVIN DELOACH,Mexico,Cuauhtmoc,2005-07-28,29.94,6,6,"2,1,2","2,1,2",1567
JULIO NOLAND,Ukraine,Konotop,2005-08-20,29.94,6,6,"2,1,1,2,1,1","2,1,1,2,1,1",1567
CLARA SHAW,Belarus,Molodetno,2005-08-19,29.94,6,6,"1,2,2,1,2","1,2,2,1,2",1576
JULIE SANCHEZ,Spain,A Corua (La Corua),2005-08-22,29.93,7,7,"1,2,2,2,1","1,2,2,2,1",1577
EMILY DIAZ,South Korea,Kimchon,2005-08-02,29.93,7,7,"1,1,2,2,1,2","1,1,2,2,1,2",1577
JUNE CARROLL,Algeria,Skikda,2005-07-30,29.93,7,7,"1,2,1,1,2","1,2,1,1,2",1577
WILLIE HOWELL,Argentina,Vicente Lpez,2005-08-02,29.93,7,7,"2,1,1,2,1,1","2,1,1,2,1,1",1577
BESSIE MORRISON,Italy,Syrakusa,2005-07-31,29.93,7,7,"1,2,2,1,2","1,2,2,1,2",1577
MABEL HOLLAND,Myanmar,Monywa,2005-08-21,29.93,7,7,"2,2,1,2","2,2,1,2",1577
MARSHA DOUGLAS,Mozambique,Beira,2005-08-19,29.93,7,7,"2,2,1","2,2,1",1577
JERRY JORDON,Japan,Onomichi,2005-08-02,29.93,7,7,"1,1,2,1,2,2","1,1,2,1,2,2",1577
JULIAN VEST,Japan,Akishima,2005-08-01,29.93,7,7,"1,1,1,1,1","1,1,1,1,1",1577
JANICE WARD,Sweden,Malm,2005-06-21,29.93,7,7,"1,1,2,1,1,2","1,1,2,1,1,2",1586
JANICE WARD,Sweden,Malm,2005-07-10,29.93,7,7,"1,2,2,1,2,2","1,2,2,1,2,2",1586
CHRISTINA RAMIREZ,Saudi Arabia,al-Hawiya,2005-08-22,29.93,7,7,"1,2,1,1,2,2","1,2,1,1,2,2",1586
THELMA MURRAY,Peru,Lima,2005-07-11,29.93,7,7,"1,2,1,1,2,2,1","1,2,1,1,2,2,1",1586
TERRI VASQUEZ,Brazil,Blumenau,2005-08-02,29.93,7,7,"1,2,1,1,2,2,1","1,2,1,1,2,2,1",1586
WILMA RICHARDS,United States,Bellevue,2005-08-23,29.93,7,7,"1,2,1,2,1,2","1,2,1,2,1,2",1586
GINA WILLIAMSON,Yemen,Taizz,2005-06-20,29.93,7,7,"1,2,1,2,1,2","1,2,1,2,1,2",1586
SHERRI RHODES,India,Ahmadnagar,2005-08-20,29.93,7,7,"2,1,1,1,2,1","2,1,1,1,2,1",1586
SHAWN HEATON,Thailand,Nakhon Sawan,2005-07-31,29.93,7,7,"2,1,1,1,2,1","2,1,1,1,2,1",1586
ANNA HILL,Italy,Alessandria,2005-08-22,29.93,7,7,"1,1,1,1,2","1,1,1,1,2",1595
STEPHANIE MITCHELL,Armenia,Yerevan,2005-07-28,29.93,7,7,"1,2,2,1","1,2,2,1",1595
NATALIE MEYER,Brazil,Aparecida de Goinia,2005-08-23,29.93,7,7,"2,2,2,1,2,2","2,2,2,1,2,2",1595
LILLIE KIM,Egypt,Idfu,2005-08-01,29.93,7,7,"1,2,2,1,1","1,2,2,1,1",1595
HILDA HOPKINS,Philippines,Mandaluyong,2005-08-02,29.93,7,7,"2,1,1,2,1,1","2,1,1,2,1,1",1595
PENNY NEAL,India,Kumbakonam,2005-08-02,29.93,7,7,"1,1,1,2,2,1,1","1,1,1,2,2,1,1",1595
ANTHONY SCHWAB,American Samoa,Tafuna,2005-07-29,29.93,7,7,"2,2,2,1","2,2,2,1",1595
BRANDON HUEY,Turkey,Balikesir,2005-07-11,29.93,7,7,"2,1,2,1,2,1","2,1,2,1,2,1",1595
JESSE SCHILLING,"Congo, The Democratic Republic of the",Lubumbashi,2005-08-20,29.93,7,7,"2,2,1,2,2","2,2,1,2,2",1595
BRAD MCCURDY,Taiwan,Chungho,2005-07-09,29.93,7,7,"2,1,2,1","2,1,2,1",1595
TRACY HERRMANN,Ecuador,Loja,2005-08-01,29.93,7,7,"2,2,1,1,2","2,2,1,1,2",1595
SETH HANNON,Bahrain,al-Manama,2005-08-01,29.93,7,7,"1,2,1,1,2,1,1","1,2,1,1,2,1,1",1595
FREDDIE DUGGAN,Peru,Sullana,2005-08-23,29.93,7,7,"1,1,2,2,1","1,1,2,2,1",1595
BECKY MILES,India,Tambaram,2005-08-01,29.93,7,7,"2,2,2,2,1,2","2,2,2,2,1,2",1608
DAVID ROYAL,Peru,Callao,2005-07-11,29.93,7,7,"1,2,1,1,2,2","1,2,1,1,2,2",1608
RONALD WEINER,Mexico,San Felipe del Progreso,2005-08-20,29.93,7,7,"1,2,2,1","1,2,2,1",1610
THEODORE CULP,India,Uluberia,2005-07-29,29.93,7,7,"1,2,2,1","1,2,2,1",1610
TRACY COLE,Mexico,Huixquilucan,2005-07-10,29.92,8,8,"1,2,1,1,2,1,2","1,2,1,1,2,1,2",1612
MEGAN PALMER,China,Laiwu,2005-08-23,29.92,8,8,"2,2,1,1,2,1,2","2,2,1,1,2,1,2",1612
TAMARA NGUYEN,Brazil,Anpolis,2005-07-12,29.92,8,8,"2,2,1,2,1,2,2,1","2,2,1,2,1,2,2,1",1612
FRANCISCO SKIDMORE,Brazil,So Leopoldo,2005-08-23,29.92,8,8,"1,2,1,1,2,1,2,1","1,2,1,1,2,1,2,1",1612
JUDY GRAY,Algeria,Bchar,2005-08-21,29.92,8,8,"1,1,2","1,1,2",1616
EMILY DIAZ,South Korea,Kimchon,2005-07-10,29.92,8,8,"2,2,1,2,2,1","2,2,1,2,2,1",1616
WENDY HARRISON,Mexico,Nezahualcyotl,2005-08-01,29.92,8,8,"2,1,1,2,2","2,1,1,2,2",1616
KATIE ELLIOTT,Kenya,Kisumu,2005-08-22,29.92,8,8,"2,1,1,1,2","2,1,1,1,2",1616
CARLA GUTIERREZ,India,Bhusawal,2005-07-31,29.92,8,8,"1,1,2,2","1,1,2,2",1616
GERTRUDE CASTILLO,Greenland,Nuuk,2005-07-09,29.92,8,8,"2,1,2,1,2,1","2,1,2,1,2,1",1616
JOY GEORGE,Romania,Botosani,2005-08-21,29.92,8,8,"1,2,2,2,1,1","1,2,2,2,1,1",1616
LOUIS LEONE,Philippines,Tanauan,2005-07-30,29.92,8,8,"1,1,2,1,1,2,1","1,1,2,1,1,2,1",1616
TODD TAN,Ukraine,Kamjanets-Podilskyi,2005-08-02,29.92,8,8,"2,1,2,1,1,2,2","2,1,2,1,1,2,2",1616
BRYAN HARDISON,United States,Dallas,2005-08-01,29.92,8,8,"2,1,2,2,1,2","2,1,2,2,1,2",1616
ALVIN DELOACH,Mexico,Cuauhtmoc,2005-08-22,29.92,8,8,"1,1,1,1","1,1,1,1",1616
KRISTINA CHAMBERS,Venezuela,Valle de la Pascua,2005-08-01,29.92,8,8,"1,2,1,1,1,2,1","1,2,1,1,1,2,1",1627
ROGER QUINTANILLA,Taiwan,Hsichuh,2005-08-20,29.92,8,8,"2,2,2,1","2,2,2,1",1628
JANICE WARD,Sweden,Malm,2005-08-22,29.91,9,9,"1,1,1,2,1,2","1,1,1,2,1,2",1629
HEIDI LARSON,China,Xiangfan,2005-07-11,29.91,9,9,"2,1,2,1,2,1,2","2,1,2,1,2,1,2",1629
NICHOLAS BARFIELD,Brazil,Belm,2005-07-31,29.91,9,9,"1,1,2,1,1","1,1,2,1,1",1629
PHILLIP HOLM,Japan,Tama,2005-08-01,29.91,9,9,"2,2,1,1,1","2,2,1,1,1",1629
PHILIP CAUSEY,Russian Federation,Korolev,2005-08-22,29.91,9,9,"2,1,1,1,2,2,1,2","2,1,1,1,2,2,1,2",1629
SHANE MILLARD,Mexico,La Paz,2005-08-01,29.91,9,9,"1,1,2,2,1,2,1","1,1,2,2,1,2,1",1629
DAVE GARDINER,China,Leshan,2005-08-02,29.91,9,9,"1,2,2,2,2,1","1,2,2,2,2,1",1629
MELISSA KING,Taiwan,Lungtan,2005-08-23,29.9,10,10,"1,2,1,1,1,1,1,2","1,2,1,1,1,1,1,2",1636
FELICIA SUTTON,China,Korla,2005-07-11,29.9,10,10,"1,2,2,2,1","1,2,2,2,1",1636
BESSIE MORRISON,Italy,Syrakusa,2005-07-10,28.95,5,5,"1,2,1,1,2","1,2,1,1,2",1638
LEE HAWKS,India,Pudukkottai,2005-08-21,28.95,5,5,"1,1,2,1,1","1,1,2,1,1",1638
MARIA MILLER,Yugoslavia,Kragujevac,2005-07-09,28.95,5,5,"2,2,2,1,1","2,2,2,1,1",1640
DEBORAH WALKER,Pakistan,Shikarpur,2005-06-20,28.95,5,5,"1,2,2,1","1,2,2,1",1640
ANN EVANS,Russian Federation,Niznekamsk,2005-08-01,28.95,5,5,"1,1,1,2,2","1,1,1,2,2",1640
KATHRYN COLEMAN,Ukraine,Simferopol,2005-07-12,28.95,5,5,"1,1,2,2,2","1,1,2,2,2",1640
RHONDA KENNEDY,Netherlands,Apeldoorn,2005-07-08,28.95,5,5,"2,1,2","2,1,2",1640
LESLIE GORDON,Turkey,Kilis,2005-07-11,28.95,5,5,"1,2,1,2","1,2,1,2",1640
CLARA SHAW,Belarus,Molodetno,2005-07-09,28.95,5,5,"1,2,2","1,2,2",1640
VALERIE BLACK,United States,Brockton,2005-08-01,28.95,5,5,"2,2,1,2,2","2,2,1,2,2",1640
ERIN DUNN,Russian Federation,Ljubertsy,2005-08-19,28.95,5,5,"1,2,1,2","1,2,1,2",1640
DELORES HANSEN,Russian Federation,Jaroslavl,2005-07-11,28.95,5,5,"2,1,2,2","2,1,2,2",1640
ARLENE HARVEY,India,Ambattur,2005-07-09,28.95,5,5,"2,1,1,2,1","2,1,1,2,1",1640
MINNIE ROMERO,Indonesia,Ciomas,2005-05-31,28.95,5,5,"1,1,1,2","1,1,1,2",1640
MARLENE WELCH,Japan,Iwaki,2005-07-28,28.95,5,5,"1,1,2,1","1,1,2,1",1640
MAE FLETCHER,Spain,Donostia-San Sebastin,2005-06-20,28.95,5,5,"1,2,1,2","1,2,1,2",1640
CARL ARTIS,Paraguay,San Lorenzo,2005-08-23,28.95,5,5,"1,1,2,1,1","1,1,2,1,1",1640
BRYAN HARDISON,United States,Dallas,2005-07-12,28.95,5,5,"1,2,2","1,2,2",1640
NATHAN RUNYON,"Virgin Islands, U.S.",Charlotte Amalie,2005-07-28,28.95,5,5,"2,1,2","2,1,2",1640
DALE RATCLIFF,South Africa,Rustenburg,2005-07-28,28.95,5,5,"1,2,1","1,2,1",1640
CHESTER BENNER,China,Suihua,2005-08-22,28.95,5,5,"2,1,1,1","2,1,1,1",1640
KARL SEAL,United States,Cape Coral,2005-08-19,28.95,5,5,"1,1,2,1,2","1,1,2,1,2",1640
NEIL RENNER,Vietnam,Cam Ranh,2005-08-19,28.95,5,5,"2,2,2,1","2,2,2,1",1640
KAREN JACKSON,Turkey,Osmaniye,2005-07-30,28.95,5,5,"1,1,2,2","1,1,2,2",1661
DANA HART,Russian Federation,Kirovo-Tepetsk,2005-07-29,28.95,5,5,"1,1,1","1,1,1",1661
VERA MCCOY,Afghanistan,Kabul,2005-07-31,28.95,5,5,"2,1,2,2,1","2,1,2,2,1",1661
TRACEY BARRETT,Nigeria,Owo,2005-08-19,28.95,5,5,"1,1,1,2","1,1,1,2",1661
MIGUEL BETANCOURT,Germany,Erlangen,2005-08-19,28.95,5,5,"2,1,1,1,2","2,1,1,1,2",1661
LEO EBERT,China,Dongying,2005-06-21,28.95,5,5,"2,2,1,2","2,2,1,2",1661
RAFAEL ABNEY,Philippines,Talavera,2005-07-12,28.95,5,5,"2,1,2,1","2,1,2,1",1661
DOROTHY TAYLOR,Iran,Esfahan,2005-08-01,28.95,5,5,"1,2,1,2","1,2,1,2",1668
GLENDA FRAZIER,China,Qinhuangdao,2005-08-19,28.95,5,5,"2,1,2,1","2,1,2,1",1669
WESLEY BULL,Spain,Ourense (Orense),2005-07-29,28.94,6,6,"1,2,2,1,2","1,2,2,1,2",1670
BESSIE MORRISON,Italy,Syrakusa,2005-07-30,28.94,6,6,"1,2,2,1","1,2,2,1",1671
SONIA GREGORY,Nigeria,Benin City,2005-08-22,28.94,6,6,"2,1,1,2,1,2","2,1,1,2,1,2",1671
JANICE WARD,Sweden,Malm,2005-07-08,28.94,6,6,"1,2,2,1,2","1,2,2,1,2",1673
CHRISTINA RAMIREZ,Saudi Arabia,al-Hawiya,2005-08-20,28.94,6,6,"1,2,1,1,2","1,2,1,1,2",1673
GLADYS HAMILTON,Nigeria,Ilorin,2005-07-08,28.94,6,6,"2,1,2,1,2","2,1,2,1,2",1673
JEANNE LAWSON,Turkmenistan,Ashgabat,2005-08-02,28.94,6,6,"1,2,1,1,1","1,2,1,1,1",1673
STELLA MORENO,Mexico,Coacalco de Berriozbal,2005-08-20,28.94,6,6,"1,2,1,1,1","1,2,1,1,1",1673
THOMAS GRIGSBY,United States,Kansas City,2005-08-20,28.94,6,6,"1,2,1,2,1","1,2,1,2,1",1673
LUIS YANEZ,France,Brest,2005-07-09,28.94,6,6,"2,1,2,2","2,1,2,2",1673
STANLEY SCROGGINS,Japan,Omiya,2005-07-10,28.94,6,6,"1,1,2,1","1,1,2,1",1673
BERNARD COLBY,India,Dhule (Dhulia),2005-07-31,28.94,6,6,"2,1,1,1","2,1,1,1",1673
BRETT CORNWELL,India,Siliguri (Shiliguri),2005-08-23,28.94,6,6,"1,1,1,1,1","1,1,1,1,1",1673
BARBARA JONES,Myanmar,Myingyan,2005-08-20,28.94,6,6,"2,1,2,2,1","2,1,2,2,1",1683
EVELYN MORGAN,Liechtenstein,Vaduz,2005-08-23,28.94,6,6,"2,2,2","2,2,2",1683
DEBBIE REYES,Japan,Fukuyama,2005-07-31,28.94,6,6,"2,2,1,2,1,2","2,2,1,2,1,2",1683
DANA HART,Russian Federation,Kirovo-Tepetsk,2005-07-12,28.94,6,6,"1,1,2,1","1,1,2,1",1683
MELINDA FERNANDEZ,Pakistan,Mandi Bahauddin,2005-08-23,28.94,6,6,"1,1,2,1,2,1","1,1,2,1,2,1",1683
PATSY DAVIDSON,Ecuador,Portoviejo,2005-08-22,28.94,6,6,"2,1,1,2,2","2,1,1,2,2",1683
RAYMOND MCWHORTER,Azerbaijan,Sumqayit,2005-07-10,28.94,6,6,"1,1,2,2,1","1,1,2,2,1",1683
DENNIS GILMAN,South Africa,Paarl,2005-06-18,28.94,6,6,"2,1,2,1,1","2,1,2,1,1",1683
GLENN PULLEN,Netherlands,Amersfoort,2005-08-23,28.94,6,6,"2,2,2,1,2,1","2,2,2,1,2,1",1683
HERBERT KRUGER,Russian Federation,Syktyvkar,2005-07-31,28.94,6,6,"1,2,1,2","1,2,1,2",1683
RONNIE RICKETTS,Senegal,Ziguinchor,2005-08-21,28.94,6,6,"1,1,1,2","1,1,1,2",1683
LORI WOOD,India,Rae Bareli,2005-07-30,28.94,6,6,"2,2,1,2,1","2,2,1,2,1",1694
JACQUELINE LONG,Thailand,Songkhla,2005-07-10,28.94,6,6,"1,2,1,1,2,1","1,2,1,1,2,1",1694
AMBER DIXON,Taiwan,Touliu,2005-07-10,28.94,6,6,"2,2,1,1","2,2,1,1",1694
VALERIE BLACK,United States,Brockton,2005-07-09,28.94,6,6,"1,1,1","1,1,1",1694
DAVID ROYAL,Peru,Callao,2005-07-10,28.94,6,6,"1,2,1,1,2","1,2,1,1,2",1694
RICHARD MCCRARY,United States,Arlington,2005-08-02,28.94,6,6,"2,2,2,2,1","2,2,2,2,1",1694
MIKE WAY,India,Valparai,2005-07-11,28.94,6,6,"1,2,2,1,2","1,2,2,1,2",1694
COREY HAUSER,Turkey,Gaziantep,2005-08-23,28.94,6,6,"2,1,2,2","2,1,2,2",1694
ELMER NOE,Cambodia,Battambang,2005-07-30,28.94,6,6,"1,2,2","1,2,2",1694
HUGH WALDROP,China,Haining,2005-07-30,28.94,6,6,"1,2,2,2,1","1,2,2,2,1",1694
EVERETT BANDA,Egypt,Bilbays,2005-07-12,28.94,6,6,"1,1,2,1,1","1,1,2,1,1",1694
WALLACE SLONE,Nigeria,Sokoto,2005-08-22,28.94,6,6,"2,1,2,2,1","2,1,2,2,1",1694
ALFREDO MCADAMS,Russian Federation,Serpuhov,2005-08-23,28.94,6,6,"2,1,2,2,2","2,1,2,2,2",1694
WANDA PATTERSON,Colombia,Sincelejo,2005-08-20,28.94,6,6,"1,1,2","1,1,2",1707
ETHEL WEBB,South Africa,Boksburg,2005-08-21,28.93,7,7,"1,2,2,2","1,2,2,2",1708
MICHELLE CLARK,Bangladesh,Tangail,2005-08-19,28.93,7,7,"2,2,1,1,2","2,2,1,1,2",1709
DANA HART,Russian Federation,Kirovo-Tepetsk,2005-08-23,28.93,7,7,"2,1,2,1,1","2,1,2,1,1",1709
VICKI FIELDS,Germany,Witten,2005-08-22,28.93,7,7,"2,2,2,2,1","2,2,2,2,1",1709
JEFFREY SPEAR,Indonesia,Ciparay,2005-08-21,28.93,7,7,"1,2,1,2,2,1","1,2,1,2,2,1",1709
FRANCISCO SKIDMORE,Brazil,So Leopoldo,2005-08-22,28.93,7,7,"1,2,1,1,2,1,2","1,2,1,1,2,1,2",1709
GABRIEL HARDER,Turkey,Sivas,2005-07-28,28.93,7,7,"1,2,1,2","1,2,1,2",1709
SALLY PIERCE,India,Chandrapur,2005-08-22,28.93,7,7,"1,2,1,1,1","1,2,1,1,1",1715
LUCY WHEELER,India,Balurghat,2005-07-12,28.93,7,7,"2,1,2,1,2,2,1","2,1,2,1,2,2,1",1715
EDWARD BAUGH,Faroe Islands,Trshavn,2005-08-21,28.93,7,7,"2,2,1,1,2","2,2,1,1,2",1715
RALPH MADRIGAL,Puerto Rico,Arecibo,2005-07-12,28.93,7,7,"1,1,2,1,1,1,2","1,1,2,1,1,1,2",1715
EDDIE TOMLIN,Philippines,Ozamis,2005-06-20,28.93,7,7,"1,2,2,1,1,2","1,2,2,1,1,2",1715
ALEXANDER FENNELL,Italy,Bergamo,2005-07-12,28.93,7,7,"2,1,2,1,1,2","2,1,2,1,1,2",1715
TED BREAUX,China,Baicheng,2005-07-11,28.93,7,7,"2,2,1,1,2,1","2,2,1,1,2,1",1715
AMANDA CARTER,Morocco,Nador,2005-07-31,28.93,7,7,"2,1,2,1","2,1,2,1",1722
DIANA ALEXANDER,United States,Augusta-Richmond County,2005-08-21,28.93,7,7,"2,1,1,2,1,1","2,1,1,2,1,1",1722
FLORENCE WOODS,Argentina,Merlo,2005-07-12,28.93,7,7,"2,2,2,2,1","2,2,2,2,1",1722
STACY CUNNINGHAM,Colombia,Pereira,2005-08-22,28.93,7,7,"1,1,2,1,1,1","1,1,2,1,1,1",1722
CHARLENE ALVAREZ,Tanzania,Zanzibar,2005-08-20,28.93,7,7,"1,2,1,1,2,2","1,2,1,1,2,2",1722
OLGA JIMENEZ,Nigeria,Ogbomosho,2005-06-21,28.93,7,7,"1,2,2,2,1,2","1,2,2,2,1,2",1722
MARK RINEHART,Saudi Arabia,Tabuk,2005-08-23,28.93,7,7,"2,1,1,2,1,1,1","2,1,1,2,1,1,1",1722
WALTER PERRYMAN,China,Xinxiang,2005-08-02,28.93,7,7,"2,2,1,2,1,2,2","2,2,1,2,1,2,2",1722
RYAN SALISBURY,Latvia,Daugavpils,2005-07-30,28.93,7,7,"1,2,2,1","1,2,2,1",1722
VICTOR BARKLEY,United States,Manchester,2005-08-01,28.93,7,7,"2,2,1,2,2","2,2,1,2,2",1722
JON WILES,Bolivia,El Alto,2005-08-21,28.93,7,7,"1,1,2,2,1,2","1,1,2,2,1,2",1722
JAVIER ELROD,Chad,NDjamna,2005-08-18,28.93,7,7,"2,1,2,1","2,1,2,1",1722
SIDNEY BURLESON,Poland,Czestochowa,2005-07-31,28.93,7,7,"1,2,2,1,1,2","1,2,2,1,1,2",1722
ANGELA HERNANDEZ,Japan,Shimonoseki,2005-08-19,28.93,7,7,"2,1,2,2,1","2,1,2,2,1",1735
VIOLET RODRIQUEZ,Hong Kong,Kowloon and New Kowloon,2005-08-19,28.93,7,7,"1,2,2","1,2,2",1735
DENNIS GILMAN,South Africa,Paarl,2005-08-22,28.93,7,7,"2,1,1,1,2","2,1,1,1,2",1735
BRANDON HUEY,Turkey,Balikesir,2005-07-29,28.93,7,7,"2,1,1,2,2","2,1,1,2,2",1735
CLINTON BUFORD,United States,Aurora,2005-08-23,28.93,7,7,"2,2,1,2,1,1,1","2,2,1,2,1,1,1",1739
ESTHER CRAWFORD,South Africa,Botshabelo,2005-08-02,28.92,8,8,"1,2,1,2,1,2","1,2,1,2,1,2",1740
LUCY WHEELER,India,Balurghat,2005-08-01,28.92,8,8,"1,1,2,1,2,1,2","1,1,2,1,2,1,2",1741
CLARENCE GAMEZ,Japan,Izumisano,2005-08-02,28.92,8,8,"2,1,2,1,2,1,2","2,1,2,1,2,1,2",1741
GLENN PULLEN,Netherlands,Amersfoort,2005-08-01,28.92,8,8,"1,2,1,2,2,1,1","1,2,1,2,2,1,1",1741
LEROY BUSTAMANTE,China,Tongliao,2005-07-31,28.92,8,8,"2,1,1,1,1,2,1","2,1,1,1,1,2,1",1741
SUSAN WILSON,New Zealand,Hamilton,2005-07-11,28.92,8,8,"1,1,2,1,1,2,1","1,1,2,1,1,2,1",1745
MEGAN PALMER,China,Laiwu,2005-08-01,28.92,8,8,"1,2,1,1,1","1,2,1,1,1",1745
MATTHEW MAHAN,Mexico,Cuautla,2005-07-30,28.92,8,8,"2,2,1,2,1,1","2,2,1,2,1,1",1745
LARRY THRASHER,Turkey,Adana,2005-08-22,28.92,8,8,"2,1,2,1,1,1,2","2,1,2,1,1,1,2",1745
ALEXANDER FENNELL,Italy,Bergamo,2005-08-02,28.92,8,8,"1,2,1,2,1,2","1,2,1,2,1,2",1745
ADRIAN CLARY,Italy,Udine,2005-08-02,28.92,8,8,"2,1,1,2,1,1,2","2,1,1,2,1,1,2",1745
ERICA MATTHEWS,China,Pingxiang,2005-08-23,28.92,8,8,"2,1,2,2,2,2","2,1,2,2,2,2",1751
MINNIE ROMERO,Indonesia,Ciomas,2005-08-20,28.92,8,8,"2,1,1,1,2,2","2,1,1,1,2,2",1751
JUAN FRALEY,Russian Federation,Teboksary,2005-08-23,28.92,8,8,"2,1,2,2,2,1","2,1,2,2,2,1",1751
LOIS BUTLER,Brunei,Bandar Seri Begawan,2005-08-23,28.91,9,9,"1,2,1,2,1,1,2","1,2,1,2,1,1,2",1754
WENDY HARRISON,Mexico,Nezahualcyotl,2005-07-12,28.91,9,9,"2,1,1,1,1,2,1","2,1,1,1,1,2,1",1755
ROSEMARY SCHMIDT,Turkey,Usak,2005-07-12,28.91,9,9,"1,1,2,1,2,2,1","1,1,2,1,2,2,1",1755
TRACEY BARRETT,Nigeria,Owo,2005-07-30,28.91,9,9,"1,2,2,1,1,2","1,2,2,1,1,2",1755
DUSTIN GILLETTE,Netherlands,Emmen,2005-07-12,28.91,9,9,"2,2,1,2,1,1","2,2,1,2,1,1",1758
HAROLD MARTINO,Brazil,Boa Vista,2005-08-02,28.9,10,10,"2,1,1,2,1,2","2,1,1,2,1,2",1759
EDGAR RHOADS,Turkey,Eskisehir,2005-07-12,28.9,10,10,"1,2,2,1,1,1","1,2,2,1,1,1",1760
EVERETT BANDA,Egypt,Bilbays,2005-08-02,28.9,10,10,"1,1,1,2,1,2,1,2","1,1,1,2,1,2,1,2",1761
THERESA WATSON,Philippines,Taguig,2005-08-20,28.89,11,11,"1,2,1,2,1,2,2,1","1,2,1,2,1,2,2,1",1762
WESLEY BULL,Spain,Ourense (Orense),2005-07-28,27.95,5,5,"1,2,2,1","1,2,2,1",1763
MARLENE WELCH,Japan,Iwaki,2005-08-20,27.95,5,5,"1,2,2,1","1,2,2,1",1764
JOHN FARNSWORTH,India,Parbhani,2005-07-29,27.95,5,5,"1,1,1","1,1,1",1764
JEAN BELL,Malaysia,Kuching,2005-08-20,27.95,5,5,"2,1,1,2","2,1,1,2",1766
SARAH LEWIS,Latvia,Liepaja,2005-07-30,27.95,5,5,"1,1,2,2","1,1,2,2",1767
JACQUELINE LONG,Thailand,Songkhla,2005-07-30,27.95,5,5,"1,1,2,1,2","1,1,2,1,2",1767
RITA GRAHAM,France,Toulon,2005-07-08,27.95,5,5,"2,2,1","2,2,1",1767
THELMA MURRAY,Peru,Lima,2005-07-09,27.95,5,5,"1,2,1,1,2","1,2,1,1,2",1767
GAIL KNIGHT,Switzerland,Bern,2005-06-21,27.95,5,5,"2,1,1,1,2","2,1,1,1,2",1767
MARIAN MENDOZA,Brazil,Maring,2005-08-23,27.95,5,5,"2,1,1,1","2,1,1,1",1767
GARY COY,China,Yuzhou,2005-07-31,27.95,5,5,"2,1,2,1,1","2,1,2,1,1",1767
JOE GILLILAND,Philippines,Imus,2005-08-21,27.95,5,5,"1,1,2,2","1,1,2,2",1767
GLENN PULLEN,Netherlands,Amersfoort,2005-08-22,27.95,5,5,"2,2,2,1,2","2,2,2,1,2",1767
JEFF EAST,Dominican Republic,San Felipe de Puerto Plata,2005-07-31,27.95,5,5,"1,2,2,1","1,2,2,1",1767
GORDON ALLARD,Yemen,Hodeida,2005-07-08,27.95,5,5,"1,1,2","1,1,2",1767
GORDON ALLARD,Yemen,Hodeida,2005-08-18,27.95,5,5,"2,1,2,1","2,1,2,1",1767
SAM MCDUFFIE,Colombia,Sogamoso,2005-08-02,27.95,5,5,"1,2,1,1,1","1,2,1,1,1",1767
ANDRE RAPP,Chile,Coquimbo,2005-08-18,27.95,5,5,"2,1,2,1","2,1,2,1",1767
ARNOLD HAVENS,Philippines,Santa Rosa,2005-07-09,27.95,5,5,"1,2,2,2","1,2,2,2",1767
JARED ELY,Indonesia,Purwakarta,2005-07-12,27.95,5,5,"1,2,2,1,2","1,2,2,1,2",1767
JESSIE MILAM,China,Binzhou,2005-07-12,27.95,5,5,"1,1,2","1,1,2",1767
WALLACE SLONE,Nigeria,Sokoto,2005-07-12,27.95,5,5,"2,1,2,2,1","2,1,2,2,1",1767
CLIFTON MALCOLM,Taiwan,Tanshui,2005-07-28,27.95,5,5,"2,1,2,1","2,1,2,1",1767
PERRY SWAFFORD,Argentina,Quilmes,2005-07-10,27.95,5,5,"2,2,1,2,2","2,2,1,2,2",1767
TERRANCE ROUSH,Hungary,Szkesfehrvr,2005-07-07,27.95,5,5,"2,1,1","2,1,1",1767
MARK RINEHART,Saudi Arabia,Tabuk,2005-07-30,27.95,5,5,"1,1,1","1,1,1",1788
LEON BOSTIC,Colombia,Florencia,2005-07-12,27.95,5,5,"2,1,2,1","2,1,2,1",1788
JESSIE MILAM,China,Binzhou,2005-08-18,27.95,5,5,"2,1,1","2,1,1",1788
VIRGINIA GREEN,France,Toulouse,2005-07-31,27.95,5,5,"1,1,1,2,1","1,1,1,2,1",1791
PRISCILLA LOWE,Mexico,Salamanca,2005-07-10,27.95,5,5,"2,1,1,2,1","2,1,1,2,1",1791
LESLIE SEWARD,Indonesia,Pontianak,2005-06-19,27.95,5,5,"1,2,1,2","1,2,1,2",1791
LESLIE SEWARD,Indonesia,Pontianak,2005-07-12,27.95,5,5,"2,2,1","2,2,1",1791
RAUL FORTIER,India,Chapra,2005-08-01,27.95,5,5,"1,2,1","1,2,1",1791
SALVADOR TEEL,Gambia,Banjul,2005-08-19,27.95,5,5,"2,2,1","2,2,1",1791
JEFFERY PINSON,Pakistan,Dadu,2005-08-22,27.95,5,5,"1,1,1,1,1","1,1,1,1,1",1797
SONIA GREGORY,Nigeria,Benin City,2005-07-31,27.94,6,6,"2,1,2,1,1","2,1,2,1,1",1798
PAMELA BAKER,China,Nanyang,2005-08-20,27.94,6,6,"1,2,2,1","1,2,2,1",1799
CATHERINE CAMPBELL,Russian Federation,Moscow,2005-06-21,27.94,6,6,"2,2,1,2,2","2,2,1,2,2",1799
PAULINE HENRY,Mexico,Torren,2005-07-11,27.94,6,6,"2,1,2,1","2,1,2,1",1799
GERALDINE PERKINS,Israel,Tel Aviv-Jaffa,2005-07-12,27.94,6,6,"1,2,1,2,2","1,2,1,2,2",1799
BEATRICE ARNOLD,India,Udaipur,2005-08-21,27.94,6,6,"2,1,2,2","2,1,2,2",1799
VIVIAN RUIZ,Netherlands,s-Hertogenbosch,2005-08-19,27.94,6,6,"2,1,1","2,1,1",1799
CARLA GUTIERREZ,India,Bhusawal,2005-08-22,27.94,6,6,"2,2,1,1,1","2,2,1,1,1",1799
WILLIE HOWELL,Argentina,Vicente Lpez,2005-07-10,27.94,6,6,"2,2,2","2,2,2",1799
LILLIE KIM,Egypt,Idfu,2005-07-11,27.94,6,6,"1,1,1,2,1,1","1,1,1,2,1,1",1799
STELLA MORENO,Mexico,Coacalco de Berriozbal,2005-07-10,27.94,6,6,"2,2,1,2,1,1","2,2,1,2,1,1",1799
MICHAEL SILVERMAN,China,Tiefa,2005-08-21,27.94,6,6,"1,2,1,1,1,2","1,2,1,1,1,2",1799
CHRISTOPHER GRECO,Italy,Brescia,2005-07-29,27.94,6,6,"2,2,1,1","2,2,1,1",1799
DANIEL CABRAL,Brazil,Ibirit,2005-06-19,27.94,6,6,"2,2,2,1,1","2,2,2,1,1",1799
RALPH MADRIGAL,Puerto Rico,Arecibo,2005-07-29,27.94,6,6,"1,2,1,2,2","1,2,1,2,2",1799
MARTIN BALES,Angola,Namibe,2005-06-20,27.94,6,6,"1,2,1,1,1","1,2,1,1,1",1799
CHRIS BROTHERS,Spain,Gijn,2005-07-10,27.94,6,6,"2,1,2,1,2,1","2,1,2,1,2,1",1799
GLEN TALBERT,Mexico,Acua,2005-08-02,27.94,6,6,"2,2,2,1,2","2,2,2,1,2",1799
RICK MATTOX,Egypt,Mit Ghamr,2005-06-20,27.94,6,6,"2,1,2,1,2,2","2,1,2,1,2,2",1799
ANGEL BARCLAY,Japan,Ueda,2005-07-12,27.94,6,6,"2,2,2,1,1,1","2,2,2,1,1,1",1799
MARY SMITH,Japan,Sasebo,2005-06-18,27.94,6,6,"1,2,1,1,2","1,2,1,1,2",1818
CATHERINE CAMPBELL,Russian Federation,Moscow,2005-06-20,27.94,6,6,"1,2,2,1,2","1,2,2,1,2",1818
KIM CRUZ,United States,Grand Prairie,2005-08-23,27.94,6,6,"2,2,2,1,1","2,2,2,1,1",1818
FRED WHEAT,Mexico,Jurez,2005-07-10,27.94,6,6,"1,2,2,1,2","1,2,2,1,2",1818
RANDY GAITHER,Russian Federation,Kurgan,2005-07-08,27.94,6,6,"2,1,2,1","2,1,2,1",1818
HOWARD FORTNER,Iran,Kermanshah,2005-07-31,27.94,6,6,"1,2,2,1","1,2,2,1",1818
LEON BOSTIC,Colombia,Florencia,2005-08-19,27.94,6,6,"2,1,2,1,2","2,1,2,1,2",1818
JAMIE WAUGH,Japan,Kuwana,2005-07-12,27.94,6,6,"2,1,2,1","2,1,2,1",1818
MELISSA KING,Taiwan,Lungtan,2005-07-09,27.94,6,6,"1,2,2,1","1,2,2,1",1826
AMY LOPEZ,India,Jhansi,2005-07-30,27.94,6,6,"1,1,2,2","1,1,2,2",1826
CINDY FISHER,Venezuela,Cuman,2005-06-20,27.94,6,6,"2,1,1,2,1","2,1,1,2,1",1826
APRIL BURNS,United Kingdom,Dundee,2005-07-30,27.94,6,6,"1,2,1","1,2,1",1826
MICHELE GRANT,China,Yuncheng,2005-07-30,27.94,6,6,"2,1,2,2,2","2,1,2,2,2",1826
GINA WILLIAMSON,Yemen,Taizz,2005-07-12,27.94,6,6,"2,2,1,2,1,2","2,2,1,2,1,2",1826
GEORGIA JACOBS,India,Uttarpara-Kotrung,2005-08-20,27.94,6,6,"1,1,2,2,1","1,1,2,2,1",1826
GWENDOLYN MAY,Japan,Higashiosaka,2005-08-01,27.94,6,6,"1,2,2,1,2","1,2,2,1,2",1826
JOSHUA MARK,India,Rampur,2005-07-31,27.94,6,6,"2,1,2,1","2,1,2,1",1826
ROGER QUINTANILLA,Taiwan,Hsichuh,2005-07-29,27.94,6,6,"2,1,2,1,2","2,1,2,1,2",1826
ANTONIO MEEK,Brazil,Bag,2005-07-31,27.94,6,6,"2,1,1,2,1","2,1,1,2,1",1826
STANLEY SCROGGINS,Japan,Omiya,2005-07-31,27.94,6,6,"1,1,1,1,2","1,1,1,1,2",1826
CHARLIE BESS,China,Baiyin,2005-07-30,27.94,6,6,"2,1,1,1","2,1,1,1",1826
EDUARDO HIATT,China,Jining,2005-07-12,27.94,6,6,"1,2,1,2,1","1,2,1,2,1",1826
FRANCES PARKER,Brazil,Juazeiro do Norte,2005-08-02,27.94,6,6,"2,2,1,2,1,2","2,2,1,2,1,2",1840
ESTHER CRAWFORD,South Africa,Botshabelo,2005-08-01,27.93,7,7,"1,2,1,2,1","1,2,1,2,1",1841
HEIDI LARSON,China,Xiangfan,2005-08-22,27.93,7,7,"2,1,2,2,1,2","2,1,2,2,1,2",1841
KIMBERLY LEE,Argentina,Crdoba,2005-08-22,27.93,7,7,"2,2,1,1,2,2","2,2,1,1,2,2",1843
DEBORAH WALKER,Pakistan,Shikarpur,2005-08-01,27.93,7,7,"2,2,1,2,1","2,2,1,2,1",1843
MICHELE GRANT,China,Yuncheng,2005-08-23,27.93,7,7,"1,2,2,2,1,1","1,2,2,2,1,1",1843
JEANETTE GREENE,Russian Federation,Novoterkassk,2005-08-01,27.93,7,7,"1,2,1,1,2","1,2,1,1,2",1843
MARCIA DEAN,Philippines,Tanza,2005-07-29,27.93,7,7,"2,1,2,1","2,1,2,1",1843
CLARENCE GAMEZ,Japan,Izumisano,2005-07-12,27.93,7,7,"1,1,2,2,1,1,1","1,1,2,2,1,1,1",1843
SHANE MILLARD,Mexico,La Paz,2005-08-23,27.93,7,7,"1,2,2,2,1,2","1,2,2,2,1,2",1843
KARL SEAL,United States,Cape Coral,2005-06-19,27.93,7,7,"1,2,1,2,1","1,2,1,2,1",1843
JOAN COOPER,United States,Saint Louis,2005-08-23,27.93,7,7,"1,2,2,2,1","1,2,2,2,1",1851
TAMARA NGUYEN,Brazil,Anpolis,2005-08-23,27.93,7,7,"1,1,2,1,1,2","1,1,2,1,1,2",1851
FRANK WAGGONER,Bangladesh,Jamalpur,2005-07-30,27.93,7,7,"1,2,1,2,1","1,2,1,2,1",1851
JIMMY SCHRADER,Russian Federation,Atinsk,2005-07-11,27.93,7,7,"1,1,2,2,2","1,1,2,2,2",1851
BRYAN HARDISON,United States,Dallas,2005-08-23,27.93,7,7,"2,1,1,2,1,2","2,1,1,2,1,2",1851
NORMAN CURRIER,Indonesia,Cianjur,2005-08-23,27.93,7,7,"1,2,2,1,2,1","1,2,2,1,2,1",1851
LEE HAWKS,India,Pudukkottai,2005-07-31,27.93,7,7,"2,2,1,2,2","2,2,1,2,2",1851
CECIL VINES,United Kingdom,London,2005-08-01,27.93,7,7,"1,1,2,1,2","1,1,2,1,2",1851
LILLIAN GRIFFIN,United Arab Emirates,al-Ayn,2005-07-31,27.93,7,7,"2,2,1,1,2,1","2,2,1,1,2,1",1859
SYLVIA ORTIZ,Colombia,Dos Quebradas,2005-08-01,27.93,7,7,"1,2,2,1,2,2","1,2,2,1,2,2",1859
SHANNON FREEMAN,India,Varanasi (Benares),2005-08-23,27.93,7,7,"1,1,2,2,1","1,1,2,2,1",1859
GERALDINE PERKINS,Israel,Tel Aviv-Jaffa,2005-08-22,27.93,7,7,"1,2,1,1,2","1,2,1,1,2",1859
MELANIE ARMSTRONG,Philippines,Bayugan,2005-08-01,27.93,7,7,"2,1,2,2,1","2,1,2,2,1",1859
ELSIE KELLEY,Nigeria,Ikerre,2005-08-18,27.93,7,7,"1,2,2","1,2,2",1859
KRISTIN JOHNSTON,United States,Sunnyvale,2005-08-20,27.93,7,7,"2,2,1,1","2,2,1,1",1859
MINNIE ROMERO,Indonesia,Ciomas,2005-08-01,27.93,7,7,"2,1,1,2,1,1","2,1,1,2,1,1",1859
KRISTINA CHAMBERS,Venezuela,Valle de la Pascua,2005-07-31,27.93,7,7,"1,2,1,1,1,2","1,2,1,1,1,2",1859
TIMOTHY BUNN,Brazil,Braslia,2005-08-01,27.93,7,7,"2,2,2,2,1,2,1","2,2,2,2,1,2,1",1859
TRAVIS ESTEP,Saudi Arabia,al-Qatif,2005-08-21,27.93,7,7,"2,2,1,2,1","2,2,1,2,1",1859
MELVIN ELLINGTON,China,Laohekou,2005-08-20,27.93,7,7,"1,1,2,2","1,1,2,2",1859
HERMAN DEVORE,Tanzania,Mwanza,2005-08-20,27.93,7,7,"1,2,1,2,1","1,2,1,2,1",1859
KELLY KNOTT,China,Sanya,2005-07-12,27.93,7,7,"1,2,1,1,2,1","1,2,1,1,2,1",1859
AUSTIN CINTRON,China,Tieli,2005-08-23,27.93,7,7,"2,1,2","2,1,2",1859
SARA PERRY,Mexico,Atlixco,2005-08-22,27.93,7,7,"2,2,2,1,1","2,2,2,1,1",1874
JULIA FLORES,Argentina,La Plata,2005-07-30,27.93,7,7,"2,2,1,2,1","2,2,1,2,1",1874
ALLISON STANLEY,Cambodia,Phnom Penh,2005-07-08,27.93,7,7,"2,1,1,1","2,1,1,1",1874
DENNIS GILMAN,South Africa,Paarl,2005-07-11,27.93,7,7,"1,2,2,2,1,1","1,2,2,2,1,1",1874
LUCILLE HOLMES,South Africa,Soshanguve,2005-08-19,27.93,7,7,"2,1,2,1","2,1,2,1",1878
COLLEEN BURTON,Germany,Saarbrcken,2005-08-02,27.92,8,8,"1,1,1,2,1,2,2","1,1,1,2,1,2,2",1879
MATTHEW MAHAN,Mexico,Cuautla,2005-08-23,27.92,8,8,"2,1,1,1,1,1,1","2,1,1,1,1,1,1",1880
BENJAMIN VARNEY,Mexico,Guadalajara,2005-08-22,27.92,8,8,"2,1,2,1,2,2,1","2,1,2,1,2,2,1",1880
DARRELL POWER,Canada,Halifax,2005-08-01,27.92,8,8,"1,1,1,2,1,1,2","1,1,1,2,1,1,2",1880
MARION OCAMPO,China,Weifang,2005-07-30,27.92,8,8,"2,2,1,2,2","2,2,1,2,2",1880
AMY LOPEZ,India,Jhansi,2005-07-11,27.92,8,8,"1,1,2,1,1,1","1,1,2,1,1,1",1884
KATHLEEN ADAMS,Iran,Arak,2005-07-31,27.92,8,8,"1,1,2,1,1,2","1,1,2,1,1,2",1884
CHRISTINE ROBERTS,French Polynesia,Faaa,2005-07-12,27.92,8,8,"2,1,1,1,2,1,2","2,1,1,1,2,1,2",1884
ALICE STEWART,United States,Fontana,2005-08-20,27.92,8,8,"2,1,2,1,1,2","2,1,2,1,1,2",1884
JUDITH COX,China,Daxian,2005-07-09,27.92,8,8,"2,1,1,2,1,2","2,1,1,2,1,2",1884
BERTHA FERGUSON,Nigeria,Ondo,2005-08-22,27.92,8,8,"1,2,1,2","1,2,1,2",1884
KRISTINA CHAMBERS,Venezuela,Valle de la Pascua,2005-08-02,27.92,8,8,"2,1,1,1,2,1,1","2,1,1,1,2,1,1",1884
GREGORY MAULDIN,Tunisia,Sousse,2005-07-10,27.92,8,8,"1,2,1,1,2","1,2,1,1,2",1884
RUSSELL BRINSON,Poland,Tychy,2005-06-21,27.92,8,8,"1,1,2,1","1,1,2,1",1884
CRAIG MORRELL,Philippines,Cavite,2005-08-19,27.92,8,8,"2,1,2,1,1","2,1,2,1,1",1884
MARCUS HIDALGO,Estonia,Tartu,2005-08-22,27.92,8,8,"1,1,2,2,1,2,1","1,1,2,2,1,2,1",1884
MIGUEL BETANCOURT,Germany,Erlangen,2005-07-11,27.92,8,8,"2,2,1,2,2","2,2,1,2,2",1884
LESLIE SEWARD,Indonesia,Pontianak,2005-08-22,27.92,8,8,"2,1,2,2,1,1,2,2","2,1,2,2,1,1,2,2",1884
DARYL LARUE,Iraq,Mosul,2005-08-23,27.92,8,8,"2,2,2,1,2,2,1","2,2,2,1,2,2,1",1884
DENISE KELLY,Brazil,Rio Claro,2005-08-22,27.92,8,8,"2,2,2,1,1,2","2,2,2,1,1,2",1898
ELLEN SIMPSON,Brazil,Po,2005-08-21,27.92,8,8,"2,1,2,2","2,1,2,2",1898
MICHELE GRANT,China,Yuncheng,2005-07-11,27.92,8,8,"2,2,1,1,1,2,1","2,2,1,1,1,2,1",1898
JUSTIN NGO,Brazil,Santo Andr,2005-07-11,27.92,8,8,"2,2,1,2,1,2,1,1","2,2,1,2,1,2,1,1",1898
BOBBY BOUDREAU,Anguilla,South Hill,2005-08-20,27.92,8,8,"1,2,2,2,1,2","1,2,2,2,1,2",1898
JAY ROBB,Indonesia,Surakarta,2005-08-22,27.92,8,8,"2,2,1,1,2,1","2,2,1,1,2,1",1903
CINDY FISHER,Venezuela,Cuman,2005-07-12,27.92,8,8,"2,1,2,2,1,1,1","2,1,2,2,1,1,1",1904
SHARON ROBINSON,Pakistan,Mardan,2005-08-22,27.91,9,9,"1,1,2,1,2,2,1","1,1,2,1,2,2,1",1905
PHILLIP HOLM,Japan,Tama,2005-08-02,27.91,9,9,"2,1,1,1,1","2,1,1,1,1",1905
EARL SHANKS,Japan,Iwatsuki,2005-08-01,27.91,9,9,"2,2,1,2,2","2,2,1,2,2",1905
FRANKLIN TROUTMAN,China,Zaoyang,2005-08-21,27.91,9,9,"1,2,1,2,2,1,1","1,2,1,2,2,1,1",1908
GLORIA COOK,French Polynesia,Papeete,2005-08-20,26.95,5,5,"1,2,2,1","1,2,2,1",1909
SONIA GREGORY,Nigeria,Benin City,2005-07-30,26.95,5,5,"2,1,2,1","2,1,2,1",1909
RICK MATTOX,Egypt,Mit Ghamr,2005-07-11,26.95,5,5,"1,2,1,2","1,2,1,2",1909
TERESA ROGERS,Japan,Iwakuni,2005-08-02,26.95,5,5,"2,2,2,1","2,2,2,1",1912
CARLA GUTIERREZ,India,Bhusawal,2005-08-20,26.95,5,5,"2,2,1,1","2,2,1,1",1912
TONYA CHAPMAN,India,Bhilwara,2005-07-28,26.95,5,5,"1,2,1","1,2,1",1912
DUANE TUBBS,Nauru,Yangor,2005-07-29,26.95,5,5,"1,2,1","1,2,1",1912
AMY LOPEZ,India,Jhansi,2005-08-20,26.95,5,5,"2,2,1","2,2,1",1916
LOUISE JENKINS,South Africa,Springs,2005-08-20,26.95,5,5,"1,2,1,2,1","1,2,1,2,1",1916
KIM CRUZ,United States,Grand Prairie,2005-08-22,26.95,5,5,"2,2,2,1","2,2,2,1",1916
SYLVIA ORTIZ,Colombia,Dos Quebradas,2005-06-19,26.95,5,5,"1,1,2,1,1","1,1,2,1,1",1916
SHEILA WELLS,Turkey,Ktahya,2005-08-02,26.95,5,5,"1,2,2,1,2","1,2,2,1,2",1916
EVA RAMOS,United States,Clarksville,2005-08-23,26.95,5,5,"1,1,2,1,1","1,1,2,1,1",1916
ERICA MATTHEWS,China,Pingxiang,2005-07-12,26.95,5,5,"1,1,1,2","1,1,1,2",1916
KATIE ELLIOTT,Kenya,Kisumu,2005-06-20,26.95,5,5,"1,2,2,2","1,2,2,2",1916
ROSEMARY SCHMIDT,Turkey,Usak,2005-06-18,26.95,5,5,"1,1,1,2,2","1,1,1,2,2",1916
NELLIE GARRETT,India,Shimoga,2005-07-30,26.95,5,5,"2,1,1","2,1,1",1916
SONIA GREGORY,Nigeria,Benin City,2005-07-09,26.95,5,5,"1,2,1,2,1","1,2,1,2,1",1916
LARRY THRASHER,Turkey,Adana,2005-06-18,26.95,5,5,"1,2,2,1,2","1,2,2,1,2",1916
JERRY JORDON,Japan,Onomichi,2005-08-20,26.95,5,5,"1,1,2,1,2","1,1,2,1,2",1916
CARL ARTIS,Paraguay,San Lorenzo,2005-07-30,26.95,5,5,"1,2,2,1,2","1,2,2,1,2",1916
NICHOLAS BARFIELD,Brazil,Belm,2005-07-11,26.95,5,5,"2,1,2,1","2,1,2,1",1916
BENJAMIN VARNEY,Mexico,Guadalajara,2005-07-10,26.95,5,5,"1,2,1,2,1","1,2,1,2,1",1916
BRUCE SCHWARZ,Japan,Okinawa,2005-08-21,26.95,5,5,"2,1,1,2","2,1,1,2",1916
ADAM GOOCH,India,Adoni,2005-08-19,26.95,5,5,"1,2,2","1,2,2",1916
CRAIG MORRELL,Philippines,Cavite,2005-06-20,26.95,5,5,"2,1,1,2","2,1,1,2",1916
JESUS MCCARTNEY,Brazil,Guaruj,2005-07-31,26.95,5,5,"2,2,1,2,2","2,2,1,2,2",1916
JON WILES,Bolivia,El Alto,2005-07-12,26.95,5,5,"2,1,1,2","2,1,1,2",1916
JEROME KENYON,Chile,Rancagua,2005-07-12,26.95,5,5,"1,1,2,1,2","1,1,2,1,2",1916
DERRICK BOURQUE,Canada,Gatineau,2005-07-11,26.95,5,5,"2,1,2,2,1","2,1,2,2,1",1916
SAM MCDUFFIE,Colombia,Sogamoso,2005-07-09,26.95,5,5,"1,2,1,1,2","1,2,1,1,2",1916
FERNANDO CHURCHILL,South Korea,Tonghae,2005-07-30,26.95,5,5,"1,2,1,1","1,2,1,1",1916
DWIGHT LOMBARDI,South Africa,Chatsworth,2005-07-31,26.95,5,5,"1,1,1,2","1,1,1,2",1916
BERNICE WILLIS,Turkey,Batman,2005-07-11,26.95,5,5,"1,2,2,1","1,2,2,1",1942
DIANNE SHELTON,Iran,Tabriz,2005-07-11,26.95,5,5,"1,1,2,1","1,1,2,1",1942
JOSHUA MARK,India,Rampur,2005-07-30,26.95,5,5,"2,1,2","2,1,2",1942
BRUCE SCHWARZ,Japan,Okinawa,2005-07-29,26.95,5,5,"1,2,1,2,1","1,2,1,2,1",1942
LEON BOSTIC,Colombia,Florencia,2005-08-02,26.95,5,5,"1,1,2,2,1","1,1,2,2,1",1942
ADRIAN CLARY,Italy,Udine,2005-07-12,26.95,5,5,"1,1,2,1","1,1,2,1",1942
DARYL LARUE,Iraq,Mosul,2005-07-12,26.95,5,5,"1,1,2","1,1,2",1942
CHAD CARBONE,India,Katihar,2005-08-23,26.95,5,5,"2,1,2,2","2,1,2,2",1949
FLOYD GANDY,Mexico,Zapopan,2005-08-19,26.95,5,5,"1,2,1","1,2,1",1949
FLORENCE WOODS,Argentina,Merlo,2005-07-29,26.95,5,5,"2,2,1,1,2","2,2,1,1,2",1951
CINDY FISHER,Venezuela,Cuman,2005-08-19,26.95,5,5,"2,1,1,2","2,1,1,2",1951
STANLEY SCROGGINS,Japan,Omiya,2005-08-21,26.95,5,5,"1,2,1,1","1,2,1,1",1951
GUY BROWNLEE,China,Zhoushan,2005-08-20,26.95,5,5,"1,2,1,2","1,2,1,2",1954
JOHN FARNSWORTH,India,Parbhani,2005-08-20,26.94,6,6,"2,2,1,2,1","2,2,1,2,1",1955
BRADLEY MOTLEY,India,Purnea (Purnia),2005-08-20,26.94,6,6,"2,2,1,2","2,2,1,2",1955
JERRY JORDON,Japan,Onomichi,2005-08-01,26.94,6,6,"1,1,2,1,2","1,1,2,1,2",1957
DORIS REED,Russian Federation,Balaiha,2005-08-22,26.94,6,6,"1,1,2,1,1","1,1,2,1,1",1958
ASHLEY RICHARDSON,United States,Lincoln,2005-08-20,26.94,6,6,"1,2,1,1","1,2,1,1",1958
MONICA HICKS,Ukraine,Mukateve,2005-07-31,26.94,6,6,"1,2,1,1,1","1,2,1,1,1",1958
GAIL KNIGHT,Switzerland,Bern,2005-08-02,26.94,6,6,"1,2,2,1,1","1,2,2,1,1",1958
VANESSA SIMS,Germany,Siegen,2005-07-31,26.94,6,6,"1,2,2,1","1,2,2,1",1958
ALMA AUSTIN,Germany,Mannheim,2005-07-12,26.94,6,6,"1,2,2,2","1,2,2,2",1958
TERRI VASQUEZ,Brazil,Blumenau,2005-07-08,26.94,6,6,"1,2,2,2","1,2,2,2",1958
LUCY WHEELER,India,Balurghat,2005-07-11,26.94,6,6,"2,1,2,1,2,2","2,1,2,1,2,2",1958
WILLIE HOWELL,Argentina,Vicente Lpez,2005-07-31,26.94,6,6,"2,1,1,2,1","2,1,1,2,1",1958
NELLIE GARRETT,India,Shimoga,2005-08-23,26.94,6,6,"2,1,1,1","2,1,1,1",1958
JOHN FARNSWORTH,India,Parbhani,2005-07-12,26.94,6,6,"1,1,2,1,2,1","1,1,2,1,2,1",1958
DONALD MAHON,China,Ezhou,2005-08-02,26.94,6,6,"2,2,1,2,2,2","2,2,1,2,2,2",1958
STEVEN CURLEY,India,Miraj,2005-06-19,26.94,6,6,"1,2,1,2,1","1,2,1,2,1",1958
NORMAN CURRIER,Indonesia,Cianjur,2005-08-22,26.94,6,6,"1,2,2,1,2","1,2,2,1,2",1958
LEE HAWKS,India,Pudukkottai,2005-07-30,26.94,6,6,"2,2,1,2","2,2,1,2",1958
DUANE TUBBS,Nauru,Yangor,2005-07-11,26.94,6,6,"2,2,1,1","2,2,1,1",1958
JORDAN ARCHULETA,Argentina,Avellaneda,2005-07-11,26.94,6,6,"1,1,2,2,1","1,1,2,2,1",1958
ELIZABETH BROWN,Taiwan,Nantou,2005-08-20,26.94,6,6,"2,1,1,2","2,1,1,2",1975
NANCY THOMAS,India,Yamuna Nagar,2005-06-21,26.94,6,6,"2,2,2,2,1","2,2,2,2,1",1975
JEAN BELL,Malaysia,Kuching,2005-07-31,26.94,6,6,"1,2,1,2,1","1,2,1,2,1",1975
JUDY GRAY,Algeria,Bchar,2005-07-11,26.94,6,6,"1,1,2,2,1","1,1,2,2,1",1975
ANITA MORALES,India,Hubli-Dharwad,2005-08-21,26.94,6,6,"2,1,2,2,2,1","2,1,2,2,2,1",1975
MINNIE ROMERO,Indonesia,Ciomas,2005-07-31,26.94,6,6,"2,1,1,2,1","2,1,1,2,1",1975
IRMA PEARSON,Philippines,Hagonoy,2005-08-20,26.94,6,6,"2,2,2,1,2,1","2,2,2,1,2,1",1975
MYRTLE FLEMING,Dominican Republic,Santiago de los Caballeros,2005-07-10,26.94,6,6,"2,1,2,2,1","2,1,2,2,1",1975
HILDA HOPKINS,Philippines,Mandaluyong,2005-08-01,26.94,6,6,"2,1,1,2,1","2,1,1,2,1",1975
PENNY NEAL,India,Kumbakonam,2005-08-01,26.94,6,6,"1,1,1,2,2,1","1,1,1,2,2,1",1975
DIANNE SHELTON,Iran,Tabriz,2005-08-19,26.94,6,6,"1,1,2,1","1,1,2,1",1975
ROBERT BAUGHMAN,Russian Federation,Kaliningrad,2005-07-10,26.94,6,6,"2,2,1,2","2,2,1,2",1975
LOUIS LEONE,Philippines,Tanauan,2005-07-11,26.94,6,6,"2,1,1,1,2","2,1,1,1,2",1975
LEONARD SCHOFIELD,Argentina,Tandil,2005-06-21,26.94,6,6,"2,1,2,2,1","2,1,2,2,1",1975
MANUEL MURRELL,Sri Lanka,Jaffna,2005-07-30,26.94,6,6,"1,2,2,2,1","1,2,2,2,1",1975
RANDALL NEUMANN,Dominican Republic,La Romana,2005-07-10,26.94,6,6,"1,2,2,1,2","1,2,2,1,2",1975
ALEXANDER FENNELL,Italy,Bergamo,2005-08-19,26.94,6,6,"2,1,1,2,2","2,1,1,2,2",1975
CLAUDE HERZOG,Angola,Benguela,2005-07-12,26.94,6,6,"2,1,2,1,2,2","2,1,2,1,2,2",1975
MORRIS MCCARTER,Taiwan,Fengshan,2005-06-19,26.94,6,6,"1,2,1,2,1,2","1,2,1,2,1,2",1975
TERRENCE GUNDERSON,China,Jinzhou,2005-07-10,26.94,6,6,"1,1,2,1","1,1,2,1",1975
FRANCES PARKER,Brazil,Juazeiro do Norte,2005-07-11,26.94,6,6,"1,2,1,2,1","1,2,1,2,1",1995
BRANDON HUEY,Turkey,Balikesir,2005-07-28,26.94,6,6,"2,1,1,2","2,1,1,2",1995
MARTIN BALES,Angola,Namibe,2005-08-23,26.94,6,6,"1,1,2,2,1,1","1,1,2,2,1,1",1995
NATHANIEL ADAM,United States,Joliet,2005-07-29,26.94,6,6,"2,1,2,1","2,1,2,1",1995
TIM CARY,India,Bijapur,2005-07-31,26.94,6,6,"2,1,2,1","2,1,2,1",1999
VICTORIA GIBSON,Indonesia,Pemalang,2005-08-02,26.93,7,7,"1,2,2,1,2,1,2","1,2,2,1,2,1,2",2000
MATTHEW MAHAN,Mexico,Cuautla,2005-08-22,26.93,7,7,"2,1,1,1,1,1","2,1,1,1,1,1",2000
GERALD FULTZ,India,Satna,2005-08-19,26.93,7,7,"1,2,2,1","1,2,2,1",2000
BENJAMIN VARNEY,Mexico,Guadalajara,2005-08-21,26.93,7,7,"2,1,2,1,2,2","2,1,2,1,2,2",2000
JIMMY SCHRADER,Russian Federation,Atinsk,2005-07-12,26.93,7,7,"1,2,2,2,1","1,2,2,2,1",2000
SHIRLEY ALLEN,Philippines,Davao,2005-06-20,26.93,7,7,"1,2,2,2,2,1,1","1,2,2,2,2,1,1",2005
KATHLEEN ADAMS,Iran,Arak,2005-07-30,26.93,7,7,"1,1,2,1,1","1,1,2,1,1",2005
CHARLOTTE HUNTER,Brazil,guas Lindas de Gois,2005-08-01,26.93,7,7,"1,1,1,2,2","1,1,1,2,2",2005
SUZANNE NICHOLS,Indonesia,Jakarta,2005-08-22,26.93,7,7,"1,1,1,1,1,2","1,1,1,1,1,2",2005
ELSIE KELLEY,Nigeria,Ikerre,2005-07-12,26.93,7,7,"2,2,2,2,1","2,2,2,2,1",2005
TRACEY BARRETT,Nigeria,Owo,2005-07-29,26.93,7,7,"1,2,2,1","1,2,2,1",2005
RAMONA HALE,India,Patiala,2005-08-20,26.93,7,7,"2,2,2,1","2,2,2,1",2005
SHAWN HEATON,Thailand,Nakhon Sawan,2005-07-12,26.93,7,7,"1,1,2,1,1,1","1,1,2,1,1,1",2005
JORDAN ARCHULETA,Argentina,Avellaneda,2005-07-30,26.93,7,7,"1,2,1,1,2,2,1","1,2,1,1,2,2,1",2005
MARTHA GONZALEZ,Moldova,Chisinau,2005-07-10,26.93,7,7,"1,2,2,1,2,1","1,2,2,1,2,1",2014
EMILY DIAZ,South Korea,Kimchon,2005-07-09,26.93,7,7,"2,2,1,2,2","2,2,1,2,2",2014
MICHELE GRANT,China,Yuncheng,2005-07-10,26.93,7,7,"2,2,1,1,1,2","2,2,1,1,1,2",2014
JILL HAWKINS,Austria,Linz,2005-08-02,26.93,7,7,"2,1,2,1,2","2,1,2,1,2",2014
AUDREY RAY,Austria,Graz,2005-07-10,26.93,7,7,"2,1,2,1,2","2,1,2,1,2",2014
PEARL GARZA,India,Jodhpur,2005-08-21,26.93,7,7,"1,1,1,2,2","1,1,1,2,2",2014
JACKIE LYNCH,Colombia,Buenaventura,2005-07-31,26.93,7,7,"1,2,1,2,1","1,2,1,2,1",2014
GWENDOLYN MAY,Japan,Higashiosaka,2005-07-12,26.93,7,7,"1,1,1,1,2,1","1,1,1,1,2,1",2014
GWENDOLYN MAY,Japan,Higashiosaka,2005-08-23,26.93,7,7,"1,2,1,2,1,1","1,2,1,2,1,1",2014
JOE GILLILAND,Philippines,Imus,2005-07-31,26.93,7,7,"1,2,2,1,1","1,2,2,1,1",2014
JUSTIN NGO,Brazil,Santo Andr,2005-07-10,26.93,7,7,"2,2,1,2,1,2,1","2,2,1,2,1,2,1",2014
TODD TAN,Ukraine,Kamjanets-Podilskyi,2005-08-01,26.93,7,7,"2,1,2,1,1,2","2,1,2,1,1,2",2014
NATHAN RUNYON,"Virgin Islands, U.S.",Charlotte Amalie,2005-06-21,26.93,7,7,"1,2,1,2,2,1,1","1,2,1,2,2,1,1",2014
MANUEL MURRELL,Sri Lanka,Jaffna,2005-08-20,26.93,7,7,"1,1,2,1,2","1,1,2,1,2",2014
THEODORE CULP,India,Uluberia,2005-07-12,26.93,7,7,"2,2,2,1","2,2,2,1",2014
LLOYD DOWD,Indonesia,Tegal,2005-07-12,26.93,7,7,"2,1,1,2,1,2","2,1,1,2,1,2",2014
DWIGHT LOMBARDI,South Africa,Chatsworth,2005-08-19,26.93,7,7,"1,2,2,1,1","1,2,2,1,1",2014
DAISY BATES,Russian Federation,Kolpino,2005-07-09,26.93,7,7,"2,1,1,1,2","2,1,1,1,2",2031
JUAN FRALEY,Russian Federation,Teboksary,2005-08-19,26.93,7,7,"2,2,1,2,2","2,2,1,2,2",2031
JUSTIN NGO,Brazil,Santo Andr,2005-08-23,26.93,7,7,"2,1,1,2,1,2","2,1,1,2,1,2",2031
CLYDE TOBIAS,China,Shaoguan,2005-07-31,26.93,7,7,"1,2,1,1","1,2,1,1",2031
SETH HANNON,Bahrain,al-Manama,2005-07-11,26.93,7,7,"2,1,1,1,1,2","2,1,1,1,1,2",2031
CINDY FISHER,Venezuela,Cuman,2005-07-11,26.93,7,7,"2,1,2,2,1,1","2,1,2,2,1,1",2036
GINA WILLIAMSON,Yemen,Taizz,2005-08-01,26.93,7,7,"2,2,2,1,1","2,2,2,1,1",2036
ROSS GREY,Philippines,Iligan,2005-07-31,26.92,8,8,"1,2,1,1,2","1,2,1,1,2",2038
CAROLYN PEREZ,Thailand,Pak Kret,2005-07-29,26.92,8,8,"1,1,1,1,2","1,1,1,1,2",2039
LOIS BUTLER,Brunei,Bandar Seri Begawan,2005-07-10,26.92,8,8,"2,2,1,1,2,2","2,2,1,1,2,2",2039
SALLY PIERCE,India,Chandrapur,2005-08-01,26.92,8,8,"1,2,1,2,2","1,2,1,2,2",2039
MARVIN YEE,India,Berhampore (Baharampur),2005-08-23,26.92,8,8,"1,2,1,2,1,1","1,2,1,2,1,1",2039
MICHEAL FORMAN,Argentina,Escobar,2005-08-01,26.92,8,8,"2,2,1,2,2,1,2","2,2,1,2,2,1,2",2039
CORY MEEHAN,Belarus,Mogiljov,2005-08-02,26.92,8,8,"2,1,1,2,2,1","2,1,1,2,2,1",2039
TERRENCE GUNDERSON,China,Jinzhou,2005-07-30,26.92,8,8,"1,2,1,2","1,2,1,2",2039
CYNTHIA YOUNG,India,Munger (Monghyr),2005-08-23,26.92,8,8,"1,2,1,2,2,1","1,2,1,2,2,1",2046
HAZEL WARREN,China,Hohhot,2005-08-23,26.92,8,8,"2,2,1,2,1,1","2,2,1,2,1,1",2046
GEORGIA JACOBS,India,Uttarpara-Kotrung,2005-07-12,26.92,8,8,"2,1,2,2,1,1,1","2,1,2,2,1,1,1",2046
VINCENT RALSTON,Mexico,Allende,2005-08-20,26.92,8,8,"1,2,1,2","1,2,1,2",2046
MITCHELL WESTMORELAND,Vietnam,Nha Trang,2005-08-01,26.92,8,8,"2,1,1,2,1,2","2,1,1,2,1,2",2050
ELSIE KELLEY,Nigeria,Ikerre,2005-08-01,26.91,9,9,"1,2,1,2,1,1","1,2,1,2,1,1",2051
HILDA HOPKINS,Philippines,Mandaluyong,2005-07-12,26.91,9,9,"1,2,2,2,2,1","1,2,2,2,2,1",2051
TOM MILNER,United Arab Emirates,Abu Dhabi,2005-07-09,26.91,9,9,"2,1,1,2,1,1,2","2,1,1,2,1,1,2",2053
JUNE CARROLL,Algeria,Skikda,2005-08-19,25.95,5,5,"1,1,1,2","1,1,1,2",2054
NELLIE GARRETT,India,Shimoga,2005-08-21,25.95,5,5,"2,1,1","2,1,1",2055
NANCY THOMAS,India,Yamuna Nagar,2005-06-20,25.95,5,5,"2,2,2,2","2,2,2,2",2056
SANDRA MARTIN,United Kingdom,Southend-on-Sea,2005-08-19,25.95,5,5,"2,1,2,1","2,1,2,1",2056
KELLY TORRES,China,Xiangtan,2005-08-02,25.95,5,5,"2,2,2,1,1","2,2,2,1,1",2056
BEVERLY BROOKS,Taiwan,Chiayi,2005-07-12,25.95,5,5,"2,1,2,1","2,1,2,1",2056
WANDA PATTERSON,Colombia,Sincelejo,2005-06-20,25.95,5,5,"2,1,2,1,2","2,1,2,1,2",2056
GLADYS HAMILTON,Nigeria,Ilorin,2005-08-22,25.95,5,5,"2,1,2,2,2","2,1,2,2,2",2056
DAWN SULLIVAN,Tuvalu,Funafuti,2005-07-30,25.95,5,5,"1,2","1,2",2056
EDNA WEST,South Africa,Klerksdorp,2005-06-20,25.95,5,5,"2,2,2,2,2","2,2,2,2,2",2056
LESLIE GORDON,Turkey,Kilis,2005-08-23,25.95,5,5,"2,1,2,1,1","2,1,2,1,1",2056
VERONICA STONE,United States,Greensboro,2005-07-12,25.95,5,5,"1,1,1,2","1,1,1,2",2056
BETH FRANKLIN,Vietnam,Haiphong,2005-07-10,25.95,5,5,"1,2,1,2,2","1,2,1,2,2",2056
VICKI FIELDS,Germany,Witten,2005-06-21,25.95,5,5,"1,2,1,1","1,2,1,1",2056
MAUREEN LITTLE,Paraguay,Asuncin,2005-07-12,25.95,5,5,"1,1,1,1","1,1,1,1",2056
JOSEPH JOY,Brazil,Angra dos Reis,2005-07-29,25.95,5,5,"1,1,1","1,1,1",2056
THOMAS GRIGSBY,United States,Kansas City,2005-08-19,25.95,5,5,"1,2,1,2","1,2,1,2",2056
DANIEL CABRAL,Brazil,Ibirit,2005-08-02,25.95,5,5,"1,2,1,1,2","1,2,1,1,2",2056
WALTER PERRYMAN,China,Xinxiang,2005-06-21,25.95,5,5,"2,1,2,1,1","2,1,2,1,1",2056
HARRY ARCE,Iran,Najafabad,2005-06-19,25.95,5,5,"1,1","1,1",2056
STEVE MACKENZIE,Indonesia,Probolinggo,2005-07-10,25.95,5,5,"1,1,2","1,1,2",2056
SHAWN HEATON,Thailand,Nakhon Sawan,2005-06-20,25.95,5,5,"2,2,1,1","2,2,1,1",2056
EDWIN BURK,South Africa,Newcastle,2005-07-10,25.95,5,5,"1,1,1","1,1,1",2056
JIM REA,Mexico,El Fuerte,2005-07-09,25.95,5,5,"2,1,2,1","2,1,2,1",2056
ALEX GRESHAM,Mexico,Uruapan,2005-06-17,25.95,5,5,"2,1,2","2,1,2",2056
GLEN TALBERT,Mexico,Acua,2005-07-08,25.95,5,5,"1,2,1,1","1,2,1,1",2056
REGINALD KINDER,Indonesia,Madiun,2005-06-20,25.95,5,5,"1,2,2,2,1","1,2,2,2,1",2056
RAUL FORTIER,India,Chapra,2005-08-23,25.95,5,5,"1,2,2,2,1","1,2,2,2,1",2056
CORY MEEHAN,Belarus,Mogiljov,2005-08-22,25.95,5,5,"1,1,1,1","1,1,1,1",2056
CLAUDE HERZOG,Angola,Benguela,2005-07-09,25.95,5,5,"2,1,2,1,2","2,1,2,1,2",2056
ALLAN CORNISH,Philippines,Tarlac,2005-08-21,25.95,5,5,"1,1,2,2","1,1,2,2",2056
ARMANDO GRUBER,United Kingdom,Southport,2005-06-21,25.95,5,5,"1,2,2,1,2","1,2,2,1,2",2056
IVAN CROMWELL,Mexico,Monclova,2005-06-17,25.95,5,5,"1,2,2,2","1,2,2,2",2056
SANDRA MARTIN,United Kingdom,Southend-on-Sea,2005-06-21,25.95,5,4,"2,1,1,1,2","2,1,1,1,2",2087
SHIRLEY ALLEN,Philippines,Davao,2005-08-18,25.95,5,5,"1,2,2,1","1,2,2,1",2087
ROBERTA HARPER,Iran,Shahr-e Kord,2005-07-11,25.95,5,5,"1,1,2,2,1","1,1,2,2,1",2087
HAROLD MARTINO,Brazil,Boa Vista,2005-07-12,25.95,5,5,"1,2,2,1","1,2,2,1",2087
ANTONIO MEEK,Brazil,Bag,2005-07-30,25.95,5,5,"2,1,1,2","2,1,1,2",2087
RAY HOULE,Russian Federation,Dzerzinsk,2005-07-11,25.95,5,5,"1,2,1,2","1,2,1,2",2087
WALLACE SLONE,Nigeria,Sokoto,2005-08-20,25.95,5,5,"2,1,2,2","2,1,2,2",2087
KATHY JAMES,Philippines,Baybay,2005-08-22,25.95,5,5,"1,1,2","1,1,2",2094
ELLEN SIMPSON,Brazil,Po,2005-08-02,25.95,5,5,"1,1,2,1","1,1,2,1",2094
JAMIE RICE,United States,Sterling Heights,2005-08-19,25.95,5,5,"1,1,1","1,1,1",2094
KRISTINA CHAMBERS,Venezuela,Valle de la Pascua,2005-06-20,25.95,5,5,"1,2,2,1","1,2,2,1",2094
EVERETT BANDA,Egypt,Bilbays,2005-07-11,25.95,5,5,"1,1,2,1","1,1,2,1",2094
CODY NOLEN,Brazil,So Bernardo do Campo,2005-08-21,25.95,5,5,"2,2,2,1","2,2,2,1",2099
RACHEL BARNES,Japan,Kamakura,2005-08-01,25.94,6,6,"1,1,1,2,1","1,1,1,2,1",2100
ETHEL WEBB,South Africa,Boksburg,2005-08-19,25.94,6,6,"1,2,2","1,2,2",2100
BETTY WHITE,United States,Citrus Heights,2005-07-10,25.94,6,6,"1,1,1,2,1","1,1,1,2,1",2102
BEVERLY BROOKS,Taiwan,Chiayi,2005-08-01,25.94,6,6,"1,1,1,1,1,2","1,1,1,1,1,2",2102
DENISE KELLY,Brazil,Rio Claro,2005-07-12,25.94,6,6,"2,1,2,1,1","2,1,2,1,1",2102
LILLIAN GRIFFIN,United Arab Emirates,al-Ayn,2005-06-21,25.94,6,6,"1,2,1,2,2","1,2,1,2,2",2102
CONNIE WALLACE,Russian Federation,Ivanovo,2005-07-31,25.94,6,6,"2,1,1,2,2","2,1,1,2,2",2102
THELMA MURRAY,Peru,Lima,2005-07-29,25.94,6,6,"2,1,2,1,1","2,1,2,1,1",2102
BERTHA FERGUSON,Nigeria,Ondo,2005-08-02,25.94,6,6,"2,2,1,1,2,2","2,2,1,1,2,2",2102
AUDREY RAY,Austria,Graz,2005-07-31,25.94,6,6,"1,2,1,2","1,2,1,2",2102
VICKI FIELDS,Germany,Witten,2005-08-21,25.94,6,6,"2,2,2,2","2,2,2,2",2102
ROSEMARY SCHMIDT,Turkey,Usak,2005-08-01,25.94,6,6,"1,2,1,2,2","1,2,1,2,2",2102
ELLA OLIVER,Yemen,Aden,2005-08-02,25.94,6,6,"1,2,2,2","1,2,2,2",2102
MISTY LAMBERT,United Arab Emirates,Sharja,2005-07-11,25.94,6,6,"2,1,2,1,1","2,1,2,1,1",2102
VICTOR BARKLEY,United States,Manchester,2005-08-23,25.94,6,6,"2,1,2,2","2,1,2,2",2102
SHAWN HEATON,Thailand,Nakhon Sawan,2005-07-11,25.94,6,6,"1,1,2,1,1","1,1,2,1,1",2102
PHILIP CAUSEY,Russian Federation,Korolev,2005-07-31,25.94,6,6,"1,2,2,2,2,1","1,2,2,2,2,1",2102
EDWIN BURK,South Africa,Newcastle,2005-07-31,25.94,6,6,"2,2,2","2,2,2",2102
BARRY LOVELACE,Zambia,Kitwe,2005-07-11,25.94,6,6,"1,2,2,1,2","1,2,2,1,2",2102
WESLEY BULL,Spain,Ourense (Orense),2005-07-09,25.94,6,6,"2,1,2,1","2,1,2,1",2102
LEWIS LYMAN,Israel,Ashqelon,2005-08-23,25.94,6,6,"1,2,2,1,2,1","1,2,2,1,2,1",2102
AMANDA CARTER,Morocco,Nador,2005-08-19,25.94,6,6,"2,2,2,1","2,2,2,1",2121
DORIS REED,Russian Federation,Balaiha,2005-08-02,25.94,6,6,"2,2,1,2,2","2,2,1,2,2",2121
HOLLY FOX,India,Haldia,2005-06-20,25.94,6,6,"1,1,2,2,1","1,1,2,2,1",2121
VANESSA SIMS,Germany,Siegen,2005-08-23,25.94,6,6,"2,2,2,2,2","2,2,2,2,2",2121
GERTRUDE CASTILLO,Greenland,Nuuk,2005-08-01,25.94,6,6,"2,1,1,2,2","2,1,1,2,2",2121
GWENDOLYN MAY,Japan,Higashiosaka,2005-07-11,25.94,6,6,"1,1,1,1,2","1,1,1,1,2",2121
BRANDY GRAVES,United States,Warren,2005-07-30,25.94,6,6,"2,2,1","2,2,1",2121
TONY CARRANZA,Japan,Koriyama,2005-07-31,25.94,6,6,"2,1,2,2","2,1,2,2",2121
MARCUS HIDALGO,Estonia,Tartu,2005-06-21,25.94,6,6,"1,2,1,2","1,2,1,2",2121
OLGA JIMENEZ,Nigeria,Ogbomosho,2005-08-20,25.94,6,6,"2,2,1,1,2,1","2,2,1,1,2,1",2130
RICHARD MCCRARY,United States,Arlington,2005-07-10,25.94,6,6,"2,1,2,1,2,1","2,1,2,1,2,1",2130
RAYMOND MCWHORTER,Azerbaijan,Sumqayit,2005-08-01,25.94,6,6,"1,1,1,1","1,1,1,1",2130
HAROLD MARTINO,Brazil,Boa Vista,2005-08-19,25.94,6,6,"1,1,2","1,1,2",2130
JUAN FRALEY,Russian Federation,Teboksary,2005-08-18,25.94,6,6,"2,2,1,2","2,2,1,2",2130
JUSTIN NGO,Brazil,Santo Andr,2005-08-22,25.94,6,6,"2,1,1,2,1","2,1,1,2,1",2130
JACOB LANCE,United States,El Monte,2005-08-01,25.94,6,6,"2,2,1,2,1","2,2,1,2,1",2130
FREDERICK ISBELL,Japan,Tsuyama,2005-07-31,25.94,6,6,"1,2,2,1","1,2,2,1",2130
RUBEN GEARY,Poland,Lublin,2005-08-23,25.94,6,6,"1,2,1,2,1,1","1,2,1,2,1,1",2130
KELLY KNOTT,China,Sanya,2005-08-22,25.94,6,6,"1,2,2,1","1,2,2,1",2130
CINDY FISHER,Venezuela,Cuman,2005-07-10,25.94,6,6,"2,1,2,2,1","2,1,2,2,1",2140
GENE SANBORN,Oman,Salala,2005-07-30,25.94,6,6,"1,2,1,2","1,2,1,2",2140
DARRYL ASHCRAFT,Argentina,Ezeiza,2005-08-22,25.94,6,6,"1,1,2,2","1,1,2,2",2140
DAVID ROYAL,Peru,Callao,2005-08-22,25.94,6,6,"2,1,2,1,1","2,1,2,1,1",2143
RONALD WEINER,Mexico,San Felipe del Progreso,2005-08-18,25.94,6,6,"1,2,2","1,2,2",2143
PAULINE HENRY,Mexico,Torren,2005-08-23,25.93,7,7,"1,1,2,1,2,2,1","1,1,2,1,2,2,1",2145
LYDIA BURKE,Argentina,San Miguel de Tucumn,2005-07-31,25.93,7,7,"2,1,2,2","2,1,2,2",2145
NANCY THOMAS,India,Yamuna Nagar,2005-07-31,25.93,7,7,"2,2,1,2","2,2,1,2",2147
LOIS BUTLER,Brunei,Bandar Seri Begawan,2005-07-09,25.93,7,7,"2,2,1,1,2","2,2,1,1,2",2147
THELMA MURRAY,Peru,Lima,2005-06-19,25.93,7,7,"1,2,2,1,2","1,2,2,1,2",2147
JOANNE ROBERTSON,Japan,Urawa,2005-08-21,25.93,7,7,"1,2,1,2","1,2,1,2",2147
MATTHEW MAHAN,Mexico,Cuautla,2005-07-29,25.93,7,7,"2,2,1,2,1","2,2,1,2,1",2147
ERIC ROBERT,Argentina,Santa F,2005-08-23,25.93,7,7,"2,1,1,1,2,1","2,1,1,1,2,1",2147
BERNARD COLBY,India,Dhule (Dhulia),2005-08-22,25.93,7,7,"2,1,2,2,1,2","2,1,2,2,1,2",2147
JORGE OLIVARES,Indonesia,Lhokseumawe,2005-07-12,25.93,7,7,"1,2,2,1,2,1,2","1,2,2,1,2,1,2",2147
DOROTHY TAYLOR,Iran,Esfahan,2005-07-10,25.93,7,7,"2,2,1,1,2,1","2,2,1,1,2,1",2155
MILDRED BAILEY,India,Jaipur,2005-08-23,25.93,7,7,"1,2,1,1","1,2,1,1",2155
SYLVIA ORTIZ,Colombia,Dos Quebradas,2005-07-12,25.93,7,7,"1,2,2,1,2,2","1,2,2,1,2,2",2155
JOSEPHINE GOMEZ,India,Etawah,2005-07-30,25.93,7,7,"2,1,1,2,2","2,1,1,2,2",2155
JAMIE RICE,United States,Sterling Heights,2005-06-20,25.93,7,7,"2,2,2,1,1,1","2,2,2,1,1,1",2155
SUZANNE NICHOLS,Indonesia,Jakarta,2005-07-12,25.93,7,7,"1,1,2,2,2","1,1,2,2,2",2155
ANNETTE OLSON,India,Allappuzha (Alleppey),2005-07-31,25.93,7,7,"1,1,1,2","1,1,1,2",2155
VIOLA HANSON,Philippines,Lapu-Lapu,2005-07-11,25.93,7,7,"1,2,2,1,2","1,2,2,1,2",2155
ERIKA PENA,Finland,Oulu,2005-08-22,25.93,7,7,"2,1,1,2,1,2","2,1,1,2,1,2",2155
RONNIE RICKETTS,Senegal,Ziguinchor,2005-06-19,25.93,7,7,"1,1,2,1,1","1,1,2,1,1",2155
TOMMY COLLAZO,Iran,Qomsheh,2005-06-21,25.93,7,7,"2,1,2,2","2,1,2,2",2155
ADRIAN CLARY,Italy,Udine,2005-08-01,25.93,7,7,"2,1,1,2,1,1","2,1,1,2,1,1",2155
BECKY MILES,India,Tambaram,2005-08-23,25.93,7,7,"1,2,2,2,1,1","1,2,2,2,1,1",2167
TERRY CARLSON,Japan,Miyakonojo,2005-08-01,25.92,8,8,"2,2,2,2,1","2,2,2,2,1",2168
WILLIAM SATTERFIELD,Yemen,Sanaa,2005-08-23,25.92,8,8,"2,1,2,1,2,1","2,1,2,1,2,1",2168
JIMMY SCHRADER,Russian Federation,Atinsk,2005-08-01,25.92,8,8,"2,2,1,1,2,1,2","2,2,1,1,2,1,2",2168
MICHELLE CLARK,Bangladesh,Tangail,2005-08-01,25.92,8,8,"2,1,2,2,2,1,2,1","2,1,2,2,2,1,2,1",2171
ANNIE RUSSELL,Mozambique,Tete,2005-07-12,25.92,8,8,"1,2,2,1,2,1","1,2,2,1,2,1",2171
SALLY PIERCE,India,Chandrapur,2005-07-11,25.92,8,8,"2,2,2,1,1,2","2,2,2,1,1,2",2173
ELSIE KELLEY,Nigeria,Ikerre,2005-07-31,25.92,8,8,"1,2,1,2,1","1,2,1,2,1",2173
BILLIE HORTON,Turkey,Inegl,2005-08-01,25.92,8,8,"1,2,1,2,1,2","1,2,1,2,1,2",2173
LAWRENCE LAWTON,Cameroon,Yaound,2005-08-23,25.92,8,8,"1,2,1,2,1,1,2","1,2,1,2,1,1,2",2173
MARIO CHEATHAM,Algeria,Batna,2005-07-12,25.92,8,8,"2,1,2,2,1,2,1","2,1,2,2,1,2,1",2173
ENRIQUE FORSYTHE,Greece,Patras,2005-08-22,25.92,8,8,"2,1,2,1,1,1,1","2,1,2,1,1,1,1",2173
FRANKLIN TROUTMAN,China,Zaoyang,2005-08-20,25.92,8,8,"1,2,1,2,2,1","1,2,1,2,2,1",2179
MAXINE SILVA,Brazil,Poos de Caldas,2005-08-19,25.92,8,8,"1,2,1,1,2","1,2,1,1,2",2180
TOM MILNER,United Arab Emirates,Abu Dhabi,2005-08-23,25.92,8,8,"2,1,1,1,1,1,1","2,1,1,1,1,1,1",2180
DUSTIN GILLETTE,Netherlands,Emmen,2005-08-22,25.92,8,8,"2,1,1,2,1,2","2,1,1,2,1,2",2180
EVERETT BANDA,Egypt,Bilbays,2005-08-01,25.92,8,8,"1,1,1,2,1,2,1","1,1,1,2,1,2,1",2180
FRED WHEAT,Mexico,Jurez,2005-08-01,25.91,9,9,"1,2,2,1,2,1,1,2","1,2,2,1,2,1,1,2",2184
LEONARD SCHOFIELD,Argentina,Tandil,2005-08-23,25.91,9,9,"1,2,1,1,2,1,2,1","1,2,1,1,2,1,2,1",2184
JOANNE ROBERTSON,Japan,Urawa,2005-07-12,25.91,9,9,"2,2,2,1,2,2","2,2,2,1,2,2",2186
EDGAR RHOADS,Turkey,Eskisehir,2005-07-11,25.91,9,9,"1,2,2,1,1","1,2,2,1,1",2186
ELIZABETH BROWN,Taiwan,Nantou,2005-08-01,25.91,9,9,"2,2,1,1,1,2,1","2,2,1,1,1,2,1",2188
ALFRED CASILLAS,Egypt,Sawhaj,2005-07-27,24.95,5,5,"1,2","1,2",2189
HEATHER MORRIS,Japan,Nagareyama,2005-08-01,24.95,5,5,"2,1,1,1,1","2,1,1,1,1",2190
GLORIA COOK,French Polynesia,Papeete,2005-07-09,24.95,5,5,"1,2,1,2,1","1,2,1,2,1",2190
KELLY TORRES,China,Xiangtan,2005-08-20,24.95,5,5,"1,2,1,2","1,2,1,2",2190
PHYLLIS FOSTER,China,Zalantun,2005-08-20,24.95,5,5,"1,1,2","1,1,2",2190
TRACY COLE,Mexico,Huixquilucan,2005-06-20,24.95,5,5,"2,1,1,1,2","2,1,1,1,2",2190
KIM CRUZ,United States,Grand Prairie,2005-07-29,24.95,5,5,"1,1,2,1,2","1,1,2,1,2",2190
SHERRY MARSHALL,Egypt,Shubra al-Khayma,2005-08-20,24.95,5,5,"1,2,2,1","1,2,2,1",2190
BEATRICE ARNOLD,India,Udaipur,2005-08-20,24.95,5,5,"2,1,2","2,1,2",2190
ANNETTE OLSON,India,Allappuzha (Alleppey),2005-08-20,24.95,5,5,"2,1,1,2","2,1,1,2",2190
RENEE LANE,United States,Compton,2005-08-21,24.95,5,5,"2,1,1,1","2,1,1,1",2190
TONYA CHAPMAN,India,Bhilwara,2005-07-08,24.95,5,5,"2,2,1,2,1","2,2,1,2,1",2190
KRISTIN JOHNSTON,United States,Sunnyvale,2005-08-01,24.95,5,5,"2,2,1,1,2","2,2,1,1,2",2190
GLENDA FRAZIER,China,Qinhuangdao,2005-06-19,24.95,5,5,"2,1,2,1","2,1,2,1",2190
TERRY CARLSON,Japan,Miyakonojo,2005-06-18,24.95,5,5,"2,2,2,1,1","2,2,2,1,1",2190
NINA SOTO,India,Palghat (Palakkad),2005-08-02,24.95,5,5,"1,2,2,1,2","1,2,2,1,2",2190
DANIEL CABRAL,Brazil,Ibirit,2005-06-18,24.95,5,5,"2,2,2,1","2,2,2,1",2190
KENNETH GOODEN,Israel,Bat Yam,2005-07-12,24.95,5,5,"1,1,2,1","1,1,2,1",2190
EDWARD BAUGH,Faroe Islands,Trshavn,2005-08-20,24.95,5,5,"2,2,1,1","2,2,1,1",2190
KEVIN SCHULER,Nepal,Birgunj,2005-07-09,24.95,5,5,"2,1,2,1,2","2,1,2,1,2",2190
RALPH MADRIGAL,Puerto Rico,Arecibo,2005-07-28,24.95,5,5,"1,2,1,2","1,2,1,2",2190
ADAM GOOCH,India,Adoni,2005-07-11,24.95,5,5,"1,2,2","1,2,2",2190
MARTIN BALES,Angola,Namibe,2005-06-19,24.95,5,5,"1,2,1,1","1,2,1,1",2190
PHILLIP HOLM,Japan,Tama,2005-07-12,24.95,5,5,"2,1,1,1","2,1,1,1",2190
STANLEY SCROGGINS,Japan,Omiya,2005-07-08,24.95,5,5,"1,1,2","1,1,2",2190
MELVIN ELLINGTON,China,Laohekou,2005-08-02,24.95,5,5,"2,2,2,2","2,2,2,2",2190
MIGUEL BETANCOURT,Germany,Erlangen,2005-06-21,24.95,5,5,"1,2,2,2","1,2,2,2",2190
LEO EBERT,China,Dongying,2005-08-21,24.95,5,5,"1,1,2","1,1,2",2190
ANGEL BARCLAY,Japan,Ueda,2005-07-11,24.95,5,5,"2,2,2,1,1","2,2,2,1,1",2190
TED BREAUX,China,Baicheng,2005-07-10,24.95,5,5,"2,2,1,1","2,2,1,1",2190
PERRY SWAFFORD,Argentina,Quilmes,2005-07-30,24.95,5,5,"1,2,2,2","1,2,2,2",2190
MARION OCAMPO,China,Weifang,2005-06-20,24.95,5,5,"2,2,1,2","2,2,1,2",2190
AMY LOPEZ,India,Jhansi,2005-07-29,24.95,5,5,"1,1,2","1,1,2",2221
SHERRY MARSHALL,Egypt,Shubra al-Khayma,2005-07-11,24.95,5,5,"2,1,1,2","2,1,1,2",2221
GINA WILLIAMSON,Yemen,Taizz,2005-07-09,24.95,5,5,"2,2,1,2,1","2,2,1,2,1",2221
STANLEY SCROGGINS,Japan,Omiya,2005-07-30,24.95,5,5,"1,1,1,1","1,1,1,1",2221
VINCENT RALSTON,Mexico,Allende,2005-07-12,24.95,5,5,"1,1,2","1,1,2",2221
FREDERICK ISBELL,Japan,Tsuyama,2005-07-28,24.95,5,5,"1,2,2","1,2,2",2221
JEROME KENYON,Chile,Rancagua,2005-08-23,24.95,5,5,"1,2,1,2,1","1,2,1,2,1",2221
ANGELA HERNANDEZ,Japan,Shimonoseki,2005-08-18,24.95,5,5,"2,1,2","2,1,2",2228
LILLIAN GRIFFIN,United Arab Emirates,al-Ayn,2005-08-23,24.95,5,5,"1,2,2,1","1,2,2,1",2228
MICHELE GRANT,China,Yuncheng,2005-07-29,24.95,5,5,"2,1,2,2","2,1,2,2",2228
GWENDOLYN MAY,Japan,Higashiosaka,2005-07-31,24.95,5,5,"1,2,2,1","1,2,2,1",2228
BRANDY GRAVES,United States,Warren,2005-08-18,24.95,5,5,"1,2,2,1","1,2,2,1",2228
SHELLY WATTS,United States,Dayton,2005-08-21,24.95,5,5,"2,1,1,2","2,1,1,2",2228
JASON MORRISSEY,Argentina,Baha Blanca,2005-07-30,24.95,5,5,"1,2,1","1,2,1",2228
ALLEN BUTTERFIELD,India,Hoshiarpur,2005-07-31,24.95,5,5,"1,2,1,1","1,2,1,1",2228
ROBERTO VU,China,Yinchuan,2005-07-30,24.95,5,5,"2,2,2","2,2,2",2228
GENE SANBORN,Oman,Salala,2005-07-29,24.95,5,5,"1,2,1","1,2,1",2228
EDGAR RHOADS,Turkey,Eskisehir,2005-08-22,24.95,5,5,"2,2,1,2,1","2,2,1,2,1",2228
CLAUDE HERZOG,Angola,Benguela,2005-08-23,24.95,5,5,"1,2,1,2,2","1,2,1,2,2",2228
DARRYL ASHCRAFT,Argentina,Ezeiza,2005-08-21,24.95,5,5,"1,1,2","1,1,2",2228
JULIO NOLAND,Ukraine,Konotop,2005-08-19,24.95,5,5,"2,1,1,2,1","2,1,1,2,1",2228
MISTY LAMBERT,United Arab Emirates,Sharja,2005-07-29,24.94,6,6,"2,1,1,2","2,1,1,2",2242
ANDREW PURDY,Azerbaijan,Baku,2005-08-21,24.94,6,6,"1,2,1,2,1","1,2,1,2,1",2242
CHARLOTTE HUNTER,Brazil,guas Lindas de Gois,2005-08-23,24.94,6,6,"1,1,2,2,1","1,1,2,2,1",2244
BETTY WHITE,United States,Citrus Heights,2005-07-31,24.94,6,6,"1,1,2,2,1","1,1,2,2,1",2245
SHIRLEY ALLEN,Philippines,Davao,2005-06-19,24.94,6,6,"1,2,2,2,2,1","1,2,2,2,2,1",2245
ANNA HILL,Italy,Alessandria,2005-08-02,24.94,6,6,"1,1,2,2,1","1,1,2,2,1",2245
EMILY DIAZ,South Korea,Kimchon,2005-08-01,24.94,6,6,"1,1,2,2,1","1,1,2,2,1",2245
MICHELE GRANT,China,Yuncheng,2005-08-22,24.94,6,6,"1,2,2,2,1","1,2,2,2,1",2245
LORRAINE STEPHENS,China,Hami,2005-08-02,24.94,6,6,"1,1,2,2,1,1","1,1,2,2,1,1",2245
LORETTA CARPENTER,Canada,Oshawa,2005-07-31,24.94,6,6,"1,1,2,2,1","1,1,2,2,1",2245
JEANETTE GREENE,Russian Federation,Novoterkassk,2005-07-31,24.94,6,6,"1,2,1,1","1,2,1,1",2245
CLAUDIA FULLER,Kuwait,Jalib al-Shuyukh,2005-06-18,24.94,6,6,"2,2,1,2,1,2","2,2,1,2,1,2",2245
MARCIA DEAN,Philippines,Tanza,2005-07-28,24.94,6,6,"2,1,2","2,1,2",2245
JO FOWLER,Nigeria,Oyo,2005-08-22,24.94,6,6,"1,1,2,1,2","1,1,2,1,2",2245
TONI HOLT,United States,Roanoke,2005-07-30,24.94,6,6,"1,2,1,2,1,2","1,2,1,2,1,2",2245
JOSHUA MARK,India,Rampur,2005-07-11,24.94,6,6,"2,1,2,2","2,1,2,2",2245
CLARENCE GAMEZ,Japan,Izumisano,2005-07-11,24.94,6,6,"1,1,2,2,1,1","1,1,2,2,1,1",2245
BRYAN HARDISON,United States,Dallas,2005-08-21,24.94,6,6,"2,2,1,1,2,1","2,2,1,1,2,1",2245
MARIO CHEATHAM,Algeria,Batna,2005-07-29,24.94,6,6,"1,2,1","1,2,1",2245
SHANE MILLARD,Mexico,La Paz,2005-08-22,24.94,6,6,"1,2,2,2,1","1,2,2,2,1",2245
MARC OUTLAW,Italy,Brindisi,2005-07-12,24.94,6,6,"1,1,2,1,2","1,1,2,1,2",2245
KARL SEAL,United States,Cape Coral,2005-06-18,24.94,6,6,"1,2,1,2","1,2,1,2",2245
JULIAN VEST,Japan,Akishima,2005-07-31,24.94,6,6,"1,1,1,1","1,1,1,1",2245
CAROL GARCIA,Nigeria,Kaduna,2005-08-01,24.94,6,6,"2,1,1,2,1,2","2,1,1,2,1,2",2265
RUBY WASHINGTON,China,Meixian,2005-07-29,24.94,6,6,"2,1,1,1","2,1,1,1",2265
DIANA ALEXANDER,United States,Augusta-Richmond County,2005-08-20,24.94,6,6,"2,1,1,2,1","2,1,1,2,1",2265
LILLIAN GRIFFIN,United Arab Emirates,al-Ayn,2005-07-29,24.94,6,6,"2,2,1,1,2","2,2,1,1,2",2265
SYLVIA ORTIZ,Colombia,Dos Quebradas,2005-07-09,24.94,6,6,"1,2,2,1,2","1,2,2,1,2",2265
NATALIE MEYER,Brazil,Aparecida de Goinia,2005-08-22,24.94,6,6,"2,2,2,1,2","2,2,2,1,2",2265
LILLIE KIM,Egypt,Idfu,2005-07-31,24.94,6,6,"1,2,2,1","1,2,2,1",2265
JAMES GANNON,Japan,Hiroshima,2005-08-01,24.94,6,6,"1,1,2,1,1,2","1,1,2,1,1,2",2265
JOSE ANDREW,Saint Vincent and the Grenadines,Kingstown,2005-07-29,24.94,6,6,"1,2,1,2","1,2,1,2",2265
JACOB LANCE,United States,El Monte,2005-07-11,24.94,6,6,"1,2,1,2,2","1,2,1,2,2",2265
ANGELA HERNANDEZ,Japan,Shimonoseki,2005-07-31,24.94,6,6,"2,1,2,2,1","2,1,2,2,1",2275
CATHY SPENCER,Japan,Kakamigahara,2005-07-12,24.94,6,6,"2,1,2,1,1,1","2,1,2,1,1,1",2275
REGINA BERRY,China,Jinchang,2005-07-10,24.94,6,6,"1,1,2,2,1,1","1,1,2,2,1,1",2275
VICKIE BREWER,Germany,Halle/Saale,2005-08-01,24.94,6,6,"2,2,2,1,1,1","2,2,2,1,1,1",2275
VICTOR BARKLEY,United States,Manchester,2005-07-31,24.94,6,6,"2,2,1,2","2,2,1,2",2275
GREG ROBINS,Vietnam,Nam Dinh,2005-06-21,24.94,6,6,"1,2,1,1,1","1,2,1,1,1",2275
MORRIS MCCARTER,Taiwan,Fengshan,2005-07-10,24.94,6,6,"1,2,1,2,1","1,2,1,2,1",2275
TRACY HERRMANN,Ecuador,Loja,2005-07-30,24.94,6,6,"2,2,1,1","2,2,1,1",2275
SETH HANNON,Bahrain,al-Manama,2005-07-31,24.94,6,6,"1,2,1,1,2,1","1,2,1,1,2,1",2275
FREDDIE DUGGAN,Peru,Sullana,2005-08-22,24.94,6,6,"1,1,2,2","1,1,2,2",2275
TIMOTHY BUNN,Brazil,Braslia,2005-08-22,24.94,6,6,"2,1,2,2,1,2","2,1,2,2,1,2",2285
RACHEL BARNES,Japan,Kamakura,2005-07-10,24.93,7,7,"1,2,1,2,2,1","1,2,1,2,2,1",2286
WILLIAM SATTERFIELD,Yemen,Sanaa,2005-08-02,24.93,7,7,"1,2,1,2,2,1","1,2,1,2,2,1",2286
DONALD MAHON,China,Ezhou,2005-08-23,24.93,7,7,"2,2,1,2,1,2","2,2,1,2,1,2",2286
SHIRLEY ALLEN,Philippines,Davao,2005-07-12,24.93,7,7,"2,1,1,2,2","2,1,1,2,2",2289
TERESA ROGERS,Japan,Iwakuni,2005-07-12,24.93,7,7,"2,2,1,1,2,1","2,2,1,1,2,1",2289
JOAN COOPER,United States,Saint Louis,2005-06-21,24.93,7,7,"2,1,1,2,1,1","2,1,1,2,1,1",2289
JACQUELINE LONG,Thailand,Songkhla,2005-06-21,24.93,7,7,"2,2,1,1,1,2","2,2,1,1,1,2",2289
ALMA AUSTIN,Germany,Mannheim,2005-08-23,24.93,7,7,"2,2,1,2,1,2","2,2,1,2,1,2",2289
CARLA GUTIERREZ,India,Bhusawal,2005-07-30,24.93,7,7,"1,1,2","1,1,2",2289
WALTER PERRYMAN,China,Xinxiang,2005-07-11,24.93,7,7,"2,1,1,2,1,1","2,1,1,2,1,1",2289
RANDY GAITHER,Russian Federation,Kurgan,2005-08-22,24.93,7,7,"2,1,1,2,1","2,1,1,2,1",2289
CARLOS COUGHLIN,India,Bhavnagar,2005-08-21,24.93,7,7,"1,1,2,1,2,1","1,1,2,1,2,1",2289
MIGUEL BETANCOURT,Germany,Erlangen,2005-07-08,24.93,7,7,"2,2,1,2","2,2,1,2",2289
REGINALD KINDER,Indonesia,Madiun,2005-08-02,24.93,7,7,"1,1,1,2,1,2","1,1,1,2,1,2",2289
ENRIQUE FORSYTHE,Greece,Patras,2005-08-21,24.93,7,7,"2,1,2,1,1,1","2,1,2,1,1,1",2289
JUDITH COX,China,Daxian,2005-07-31,24.93,7,7,"2,1,2,1","2,1,2,1",2301
FLORENCE WOODS,Argentina,Merlo,2005-06-20,24.93,7,7,"2,2,2,1","2,2,2,1",2301
EDITH MCDONALD,India,Gandhinagar,2005-08-23,24.93,7,7,"1,1,2,1","1,1,2,1",2301
GREGORY MAULDIN,Tunisia,Sousse,2005-07-09,24.93,7,7,"1,2,1,1","1,2,1,1",2301
BILL GAVIN,United States,Rockford,2005-06-19,24.93,7,7,"2,2,1,1,1","2,2,1,1,1",2301
LLOYD DOWD,Indonesia,Tegal,2005-08-23,24.93,7,7,"2,2,2,2,2,1","2,2,2,2,2,1",2301
FRANKLIN TROUTMAN,China,Zaoyang,2005-08-19,24.93,7,7,"1,2,1,2,2","1,2,1,2,2",2301
VIRGIL WOFFORD,Mexico,Jos Azueta,2005-08-23,24.93,7,7,"2,2,1,2","2,2,1,2",2301
MARION OCAMPO,China,Weifang,2005-08-22,24.93,7,7,"1,2,1,1,1","1,2,1,1,1",2301
ELLEN SIMPSON,Brazil,Po,2005-07-10,24.93,7,7,"2,1,1,2,2,1","2,1,1,2,2,1",2310
WALTER PERRYMAN,China,Xinxiang,2005-08-20,24.93,7,7,"1,2,1,1,1","1,2,1,1,1",2310
RYAN SALISBURY,Latvia,Daugavpils,2005-07-11,24.93,7,7,"2,1,1,2,1,2","2,1,1,2,1,2",2310
TOM MILNER,United Arab Emirates,Abu Dhabi,2005-08-21,24.93,7,7,"2,1,1,1,1,1","2,1,1,1,1,1",2310
MICHELLE CLARK,Bangladesh,Tangail,2005-08-02,24.92,8,8,"1,2,2,2,1,2,1,2","1,2,2,2,1,2,1,2",2314
ALICIA MILLS,India,Nagaon,2005-08-20,24.92,8,8,"2,1,1,2,2,1","2,1,1,2,2,1",2314
MARTHA GONZALEZ,Moldova,Chisinau,2005-07-30,24.92,8,8,"1,2,1,2,1","1,2,1,2,1",2316
JANICE WARD,Sweden,Malm,2005-08-21,24.92,8,8,"1,1,1,2,1","1,1,1,2,1",2316
NICHOLAS BARFIELD,Brazil,Belm,2005-07-29,24.92,8,8,"1,1,2,1","1,1,2,1",2316
DARLENE ROSE,North Korea,Pyongyang,2005-07-29,24.91,9,9,"1,2,2,2,1","1,2,2,2,1",2319
SAMANTHA DUNCAN,Mexico,Matamoros,2005-08-02,24.91,9,9,"1,2,1,2,2,1,1","1,2,1,2,2,1,1",2320
GEORGE LINTON,Brazil,Sorocaba,2005-07-12,24.91,9,9,"1,2,2,2,1,1","1,2,2,2,1,1",2320
JESSIE BANKS,Bulgaria,Stara Zagora,2005-08-23,24.9,10,10,"1,2,1,2,2,2,1,2","1,2,1,2,2,2,1,2",2322
HEIDI LARSON,China,Xiangfan,2005-08-21,23.95,5,5,"2,1,2,2","2,1,2,2",2323
MAE FLETCHER,Spain,Donostia-San Sebastin,2005-08-20,23.95,5,5,"1,2,1,2,1","1,2,1,2,1",2323
RODNEY MOELLER,Nigeria,Deba Habe,2005-08-21,23.95,5,5,"2,1,2,1","2,1,2,1",2325
DARRELL POWER,Canada,Halifax,2005-08-21,23.95,5,5,"2,2,1,2,1","2,2,1,2,1",2325
PAMELA BAKER,China,Nanyang,2005-08-02,23.95,5,5,"2,1,1,1,1","2,1,1,1,1",2327
DORIS REED,Russian Federation,Balaiha,2005-07-31,23.95,5,5,"2,2,1,2","2,2,1,2",2327
NICOLE PETERSON,India,Shivapuri,2005-08-02,23.95,5,5,"2,1,2,1","2,1,2,1",2327
CHRISTINA RAMIREZ,Saudi Arabia,al-Hawiya,2005-08-19,23.95,5,5,"1,2,1,1","1,2,1,1",2327
RUBY WASHINGTON,China,Meixian,2005-07-28,23.95,5,5,"2,1,1","2,1,1",2327
GLADYS HAMILTON,Nigeria,Ilorin,2005-07-07,23.95,5,5,"2,1,2,1","2,1,2,1",2327
THELMA MURRAY,Peru,Lima,2005-08-21,23.95,5,5,"2,1,1,2","2,1,1,2",2327
MONICA HICKS,Ukraine,Mukateve,2005-07-30,23.95,5,5,"1,2,1,1","1,2,1,1",2327
JOANNE ROBERTSON,Japan,Urawa,2005-08-20,23.95,5,5,"1,2","1,2",2327
DARLENE ROSE,North Korea,Pyongyang,2005-08-19,23.95,5,5,"1,1","1,1",2327
SALLY PIERCE,India,Chandrapur,2005-08-20,23.95,5,5,"1,2,1,1","1,2,1,1",2327
BESSIE MORRISON,Italy,Syrakusa,2005-06-21,23.95,5,5,"1,1,2,1,1","1,1,2,1,1",2327
LILLIE KIM,Egypt,Idfu,2005-07-29,23.95,5,5,"1,2,2","1,2,2",2327
STELLA MORENO,Mexico,Coacalco de Berriozbal,2005-08-19,23.95,5,5,"1,2,1,1","1,2,1,1",2327
JOSEPH JOY,Brazil,Angra dos Reis,2005-07-10,23.95,5,5,"1,1,1","1,1,1",2327
MATTHEW MAHAN,Mexico,Cuautla,2005-07-28,23.95,5,5,"2,2,1","2,2,1",2327
PETER MENARD,Netherlands,Ede,2005-08-02,23.95,5,5,"2,1,2,1","2,1,2,1",2327
PHILLIP HOLM,Japan,Tama,2005-08-19,23.95,5,5,"1,2,2,1","1,2,2,1",2327
LUIS YANEZ,France,Brest,2005-07-08,23.95,5,5,"2,1,2","2,1,2",2327
NORMAN CURRIER,Indonesia,Cianjur,2005-08-21,23.95,5,5,"1,2,2,1","1,2,2,1",2327
BARRY LOVELACE,Zambia,Kitwe,2005-08-19,23.95,5,5,"2,2,2,1","2,2,2,1",2327
BERNARD COLBY,India,Dhule (Dhulia),2005-07-30,23.95,5,5,"2,1,1","2,1,1",2327
GABRIEL HARDER,Turkey,Sivas,2005-07-12,23.95,5,5,"1,2,2,1","1,2,2,1",2327
NEIL RENNER,Vietnam,Cam Ranh,2005-07-09,23.95,5,5,"1,2,2,1","1,2,2,1",2327
TYRONE ASHER,Bulgaria,Ruse,2005-07-11,23.95,5,5,"2,2,1,2","2,2,1,2",2327
ALLAN CORNISH,Philippines,Tarlac,2005-07-12,23.95,5,5,"1,2,1,2,2","1,2,1,2,2",2327
JIMMIE EGGLESTON,Poland,Wroclaw,2005-07-08,23.95,5,5,"1,1,1","1,1,1",2327
ALFREDO MCADAMS,Russian Federation,Serpuhov,2005-07-30,23.95,5,5,"2,1,1,1","2,1,1,1",2327
WILLARD LUMPKIN,Mexico,Carmen,2005-07-31,23.95,5,5,"2,1,2,1","2,1,2,1",2327
WADE DELVALLE,Switzerland,Lausanne,2005-07-10,23.95,5,5,"1,2,1,2","1,2,1,2",2327
ETHEL WEBB,South Africa,Boksburg,2005-07-11,23.95,5,5,"1,1,2,1,2","1,1,2,1,2",2357
STACY CUNNINGHAM,Colombia,Pereira,2005-07-10,23.95,5,5,"2,1,2,2,1","2,1,2,2,1",2357
TANYA GILBERT,South Korea,Naju,2005-07-28,23.95,5,5,"1,2,1,2","1,2,1,2",2357
SHERRI RHODES,India,Ahmadnagar,2005-06-18,23.95,5,5,"1,1,1,2","1,1,1,2",2357
VICTOR BARKLEY,United States,Manchester,2005-07-30,23.95,5,5,"2,2,1","2,2,1",2357
JESSE SCHILLING,"Congo, The Democratic Republic of the",Lubumbashi,2005-08-19,23.95,5,5,"2,2,1,2","2,2,1,2",2357
GREG ROBINS,Vietnam,Nam Dinh,2005-06-20,23.95,5,5,"1,2,1,1","1,2,1,1",2357
DARREN WINDHAM,Italy,Livorno,2005-08-20,23.95,5,5,"1,2,1,2,2","1,2,1,2,2",2357
BOB PFEIFFER,China,Xintai,2005-07-30,23.95,5,5,"1,2,2,1,2","1,2,2,1,2",2357
MARIE TURNER,Russian Federation,Lipetsk,2005-08-22,23.95,5,5,"2,1,1,2,2","2,1,1,2,2",2366
JULIA FLORES,Argentina,La Plata,2005-07-28,23.95,5,5,"2,2,1","2,2,1",2366
RONALD WEINER,Mexico,San Felipe del Progreso,2005-07-10,23.95,5,5,"2,1,1","2,1,1",2366
TIMOTHY BUNN,Brazil,Braslia,2005-08-21,23.95,5,5,"2,1,2,2,1","2,1,2,2,1",2366
COREY HAUSER,Turkey,Gaziantep,2005-08-22,23.95,5,5,"2,1,2","2,1,2",2366
CODY NOLEN,Brazil,So Bernardo do Campo,2005-08-02,23.95,5,5,"2,1,1,1","2,1,1,1",2366
BILLY POULIN,Philippines,Cabuyao,2005-07-31,23.95,5,5,"1,1,1,1","1,1,1,1",2372
RANDALL NEUMANN,Dominican Republic,La Romana,2005-08-22,23.95,5,5,"1,2,1,1","1,2,1,1",2372
HEIDI LARSON,China,Xiangfan,2005-07-31,23.94,6,6,"1,1,1,1","1,1,1,1",2374
CAROLYN PEREZ,Thailand,Pak Kret,2005-07-12,23.94,6,6,"2,2,2,1,1","2,2,2,1,1",2375
LOUISE JENKINS,South Africa,Springs,2005-07-12,23.94,6,6,"2,1,1,2,2,2","2,1,1,2,2,2",2375
ANNIE RUSSELL,Mozambique,Tete,2005-07-09,23.94,6,6,"1,2,2,1,2","1,2,2,1,2",2375
VICTORIA GIBSON,Indonesia,Pemalang,2005-07-12,23.94,6,6,"2,1,2,2,1","2,1,2,2,1",2375
MEGAN PALMER,China,Laiwu,2005-08-22,23.94,6,6,"2,2,1,1,2","2,2,1,1,2",2375
DANA HART,Russian Federation,Kirovo-Tepetsk,2005-08-21,23.94,6,6,"2,1,2,1","2,1,2,1",2375
KATIE ELLIOTT,Kenya,Kisumu,2005-08-01,23.94,6,6,"1,1,1,1,2","1,1,1,1,2",2375
ALMA AUSTIN,Germany,Mannheim,2005-08-21,23.94,6,6,"2,2,1,2,1","2,2,1,2,1",2375
JEANNE LAWSON,Turkmenistan,Ashgabat,2005-08-01,23.94,6,6,"1,1,2,1,1","1,1,2,1,1",2375
KRISTINA CHAMBERS,Venezuela,Valle de la Pascua,2005-08-20,23.94,6,6,"1,2,2,1,2","1,2,2,1,2",2375
GREGORY MAULDIN,Tunisia,Sousse,2005-08-01,23.94,6,6,"2,1,1,2,2","2,1,1,2,2",2375
ERNEST STEPP,China,Huaian,2005-08-22,23.94,6,6,"2,2,2,1,2","2,2,2,1,2",2375
ALEXANDER FENNELL,Italy,Bergamo,2005-06-21,23.94,6,6,"1,2,2,1,1,1","1,2,2,1,1,1",2375
ZACHARY HITE,United States,Akron,2005-06-19,23.94,6,6,"1,2,2,2","1,2,2,2",2375
DAVE GARDINER,China,Leshan,2005-08-19,23.94,6,6,"1,1,2,2,1","1,1,2,2,1",2375
ENRIQUE FORSYTHE,Greece,Patras,2005-08-20,23.94,6,6,"2,1,2,1,1","2,1,2,1,1",2375
MARTHA GONZALEZ,Moldova,Chisinau,2005-07-09,23.94,6,6,"1,2,2,1,2","1,2,2,1,2",2391
ALICE STEWART,United States,Fontana,2005-08-19,23.94,6,6,"2,1,2,1","2,1,2,1",2391
EMILY DIAZ,South Korea,Kimchon,2005-07-08,23.94,6,6,"2,2,1,2","2,2,1,2",2391
JOSEPHINE GOMEZ,India,Etawah,2005-08-19,23.94,6,6,"2,2,1,2","2,2,1,2",2391
MICHELE GRANT,China,Yuncheng,2005-07-09,23.94,6,6,"2,2,1,1,1","2,2,1,1,1",2391
LYNN PAYNE,Malawi,Lilongwe,2005-07-09,23.94,6,6,"2,1,2,1,1,2","2,1,2,1,1,2",2391
SUE PETERS,China,Changzhou,2005-06-17,23.94,6,6,"2,1,2,2,1","2,1,2,2,1",2391
JESSIE BANKS,Bulgaria,Stara Zagora,2005-06-20,23.94,6,6,"2,2,2,2,1","2,2,2,2,1",2391
JENNY CASTRO,Puerto Rico,Ponce,2005-07-09,23.94,6,6,"2,1,1,2,1,2","2,1,1,2,1,2",2391
KRISTINA CHAMBERS,Venezuela,Valle de la Pascua,2005-07-30,23.94,6,6,"1,2,1,1,1","1,2,1,1,1",2391
SHELLY WATTS,United States,Dayton,2005-07-31,23.94,6,6,"2,1,2,2,1,2","2,1,2,2,1,2",2391
JAMES GANNON,Japan,Hiroshima,2005-08-21,23.94,6,6,"1,1,2,1","1,1,2,1",2391
PETER MENARD,Netherlands,Ede,2005-08-22,23.94,6,6,"1,2,2,2,2","1,2,2,2,2",2391
RICKY SHELBY,China,Junan,2005-07-31,23.94,6,6,"1,1,2,1,2","1,1,2,1,2",2391
MICHEAL FORMAN,Argentina,Escobar,2005-07-31,23.94,6,6,"2,2,1,2,2,1","2,2,1,2,2,1",2391
TYLER WREN,China,Rizhao,2005-07-10,23.94,6,6,"2,1,1,2","2,1,1,2",2391
CHESTER BENNER,China,Suihua,2005-08-01,23.94,6,6,"1,1,1,1,2","1,1,1,1,2",2391
ELLEN SIMPSON,Brazil,Po,2005-07-09,23.94,6,6,"2,1,1,2,2","2,1,1,2,2",2408
IDA ANDREWS,Brazil,Luzinia,2005-08-02,23.94,6,6,"2,2,1,2,2","2,2,1,2,2",2408
GEORGIA JACOBS,India,Uttarpara-Kotrung,2005-07-10,23.94,6,6,"2,1,2,2,1,1","2,1,2,2,1,1",2408
DEANNA BYRD,Philippines,Tuguegarao,2005-06-21,23.94,6,6,"1,1,2,2,1","1,1,2,2,1",2408
RICHARD MCCRARY,United States,Arlington,2005-08-23,23.94,6,6,"2,2,2,1,2,1","2,2,2,1,2,1",2408
WALTER PERRYMAN,China,Xinxiang,2005-08-01,23.94,6,6,"2,2,1,2,1,2","2,2,1,2,1,2",2408
RYAN SALISBURY,Latvia,Daugavpils,2005-07-29,23.94,6,6,"1,2,2","1,2,2",2408
BOBBY BOUDREAU,Anguilla,South Hill,2005-08-19,23.94,6,6,"1,2,2,2","1,2,2,2",2408
MARCUS HIDALGO,Estonia,Tartu,2005-08-02,23.94,6,6,"2,2,1,2","2,2,1,2",2408
TOM MILNER,United Arab Emirates,Abu Dhabi,2005-08-20,23.94,6,6,"2,1,1,1,1","2,1,1,1,1",2408
LESTER KRAUS,India,Kanchrapara,2005-07-11,23.94,6,6,"2,1,2,1,1","2,1,2,1,1",2408
TED BREAUX,China,Baicheng,2005-08-22,23.94,6,6,"2,1,2,2,1,1","2,1,2,2,1,1",2408
JULIO NOLAND,Ukraine,Konotop,2005-08-02,23.94,6,6,"1,2,2,2","1,2,2,2",2408
EDUARDO HIATT,China,Jining,2005-06-21,23.94,6,6,"2,1,1,1,2,2","2,1,1,1,2,2",2408
GINA WILLIAMSON,Yemen,Taizz,2005-07-30,23.94,6,6,"2,2,2,1","2,2,2,1",2422
OLGA JIMENEZ,Nigeria,Ogbomosho,2005-07-10,23.94,6,6,"2,1,2,1","2,1,2,1",2422
TIM CARY,India,Bijapur,2005-06-19,23.94,6,6,"2,1,1,2,1","2,1,1,2,1",2422
CINDY FISHER,Venezuela,Cuman,2005-08-01,23.94,6,6,"2,2,2,1","2,2,2,1",2425
ESTHER CRAWFORD,South Africa,Botshabelo,2005-07-09,23.93,7,7,"1,2,1,1,2,1","1,2,1,1,2,1",2426
MELANIE ARMSTRONG,Philippines,Bayugan,2005-08-23,23.93,7,7,"1,1,2,2","1,1,2,2",2426
COLLEEN BURTON,Germany,Saarbrcken,2005-07-31,23.93,7,7,"1,1,1,2,1,2","1,1,1,2,1,2",2426
SUSAN WILSON,New Zealand,Hamilton,2005-07-09,23.93,7,7,"1,1,2,1,1,2","1,1,2,1,1,2",2429
AMY LOPEZ,India,Jhansi,2005-07-10,23.93,7,7,"1,1,2,1,1","1,1,2,1,1",2429
GERALDINE PERKINS,Israel,Tel Aviv-Jaffa,2005-08-01,23.93,7,7,"1,2,1,2,1","1,2,1,2,1",2429
LEONARD SCHOFIELD,Argentina,Tandil,2005-08-01,23.93,7,7,"1,1,2,1,1,1,2","1,1,2,1,1,1,2",2429
IRENE PRICE,Kazakstan,Pavlodar,2005-08-01,23.93,7,7,"2,1,2,2,2","2,1,2,2,2",2433
WAYNE TRUONG,India,Gulbarga,2005-08-01,23.93,7,7,"1,2,2,2,2,1","1,2,2,2,2,1",2433
MARVIN YEE,India,Berhampore (Baharampur),2005-08-21,23.93,7,7,"1,2,1,2,1","1,2,1,2,1",2433
VICKIE BREWER,Germany,Halle/Saale,2005-08-21,23.93,7,7,"1,2,2,2,1,1","1,2,2,2,1,1",2436
JENNY CASTRO,Puerto Rico,Ponce,2005-07-30,23.93,7,7,"1,2,1,2,2","1,2,1,2,2",2436
KEITH RICO,Slovakia,Bratislava,2005-07-12,23.93,7,7,"1,1,1,1,2,1","1,1,1,1,2,1",2436
BILLY POULIN,Philippines,Cabuyao,2005-06-21,23.93,7,7,"2,1,1,2,2,1,2","2,1,1,2,2,1,2",2436
CLIFFORD BOWENS,Russian Federation,Nabereznyje Telny,2005-07-12,23.93,7,7,"2,1,1,1,2,1","2,1,1,1,2,1",2436
TOM MILNER,United Arab Emirates,Abu Dhabi,2005-07-08,23.93,7,7,"2,1,1,2,1","2,1,1,2,1",2436
JIMMY SCHRADER,Russian Federation,Atinsk,2005-08-21,23.92,8,8,"2,2,1,2","2,2,1,2",2442
DARRELL POWER,Canada,Halifax,2005-08-02,23.92,8,8,"1,1,2,1,1,2,2","1,1,2,1,1,2,2",2442
SANDRA MARTIN,United Kingdom,Southend-on-Sea,2005-08-02,23.92,8,8,"2,2,2,2,2,2","2,2,2,2,2,2",2444
RENEE LANE,United States,Compton,2005-07-10,23.92,8,8,"1,1,2,1","1,1,2,1",2444
CAROLE BARNETT,United States,Peoria,2005-08-20,23.92,8,8,"1,2,1,1,2","1,2,1,1,2",2444
SUSAN WILSON,New Zealand,Hamilton,2005-07-12,23.92,8,8,"1,2,1,1,2,1,1","1,2,1,1,2,1,1",2447
LORI WOOD,India,Rae Bareli,2005-07-11,23.92,8,8,"1,2,2,1,2,1","1,2,2,1,2,1",2447
RITA GRAHAM,France,Toulon,2005-08-22,23.92,8,8,"1,1,1,1,2","1,1,1,1,2",2447
JANE BENNETT,Brazil,Araatuba,2005-08-02,23.91,9,9,"1,1,2,1,2,1,2","1,1,2,1,2,1,2",2450
CHAD CARBONE,India,Katihar,2005-07-12,23.91,9,9,"1,1,2,2,1,2,2","1,1,2,2,1,2,2",2451
TAMMY SANDERS,Taiwan,Changhwa,2005-07-12,23.9,10,10,"1,2,2,1,2,2,1,1,2","1,2,2,1,2,2,1,1,2",2452
DEREK BLAKELY,Philippines,Gingoog,2005-08-02,23.9,10,10,"2,2,2,1,2,1,2","2,2,2,1,2,1,2",2453
RACHEL BARNES,Japan,Kamakura,2005-07-31,22.95,5,5,"1,1,1,2","1,1,1,2",2454
DANA HART,Russian Federation,Kirovo-Tepetsk,2005-08-20,22.95,5,5,"2,1,2","2,1,2",2455
MABEL HOLLAND,Myanmar,Monywa,2005-08-20,22.95,5,5,"2,2,1","2,2,1",2455
SHARON ROBINSON,Pakistan,Mardan,2005-07-30,22.95,5,5,"2,2,2","2,2,2",2457
LAURA RODRIGUEZ,Morocco,Sal,2005-08-20,22.95,5,5,"1,2,1","1,2,1",2457
REBECCA SCOTT,Japan,Kurashiki,2005-07-10,22.95,5,5,"2,1,1,2","2,1,1,2",2457
CHRISTINE ROBERTS,French Polynesia,Faaa,2005-08-22,22.95,5,5,"1,1,2","1,1,2",2457
CHERYL MURPHY,India,Mysore,2005-08-21,22.95,5,5,"1,2,1,2,1","1,2,1,2,1",2457
JANICE WARD,Sweden,Malm,2005-07-07,22.95,5,5,"1,2,2,1","1,2,2,1",2457
DENISE KELLY,Brazil,Rio Claro,2005-07-11,22.95,5,5,"2,1,2,1","2,1,2,1",2457
DAWN SULLIVAN,Tuvalu,Funafuti,2005-07-12,22.95,5,5,"2,1,2,2","2,1,2,2",2457
CARMEN OWENS,Venezuela,Caracas,2005-07-12,22.95,5,5,"1,2,1,2,1","1,2,1,2,1",2457
SYLVIA ORTIZ,Colombia,Dos Quebradas,2005-07-08,22.95,5,5,"1,2,2,1","1,2,2,1",2457
MARJORIE TUCKER,Poland,Jastrzebie-Zdrj,2005-07-30,22.95,5,5,"2,2,2,1","2,2,2,1",2457
PAULINE HENRY,Mexico,Torren,2005-07-09,22.95,5,5,"2,1,2","2,1,2",2457
ELEANOR HUNT,Runion,Saint-Denis,2005-06-19,22.95,5,5,"1,2,2","1,2,2",2457
MICHELE GRANT,China,Yuncheng,2005-07-08,22.95,5,5,"2,2,1,1","2,2,1,1",2457
BERTHA FERGUSON,Nigeria,Ondo,2005-08-01,22.95,5,5,"2,2,1,1,2","2,2,1,1,2",2457
GERALDINE PERKINS,Israel,Tel Aviv-Jaffa,2005-07-09,22.95,5,5,"1,2,1,2","1,2,1,2",2457
AUDREY RAY,Austria,Graz,2005-07-30,22.95,5,5,"1,2,1","1,2,1",2457
LAURIE LAWRENCE,India,Firozabad,2005-07-31,22.95,5,5,"2,2,2,1,1","2,2,2,1,1",2457
KRISTEN CHAVEZ,Japan,Hino,2005-08-23,22.95,5,5,"2,1,2,1,2","2,1,2,1,2",2457
VICKI FIELDS,Germany,Witten,2005-08-20,22.95,5,5,"2,2,2","2,2,2",2457
CARLA GUTIERREZ,India,Bhusawal,2005-07-10,22.95,5,5,"1,2,2,1,2","1,2,2,1,2",2457
GERTRUDE CASTILLO,Greenland,Nuuk,2005-07-08,22.95,5,5,"2,1,2,1","2,1,2,1",2457
LILLIE KIM,Egypt,Idfu,2005-07-10,22.95,5,5,"1,1,1,2,1","1,1,1,2,1",2457
JACKIE LYNCH,Colombia,Buenaventura,2005-07-10,22.95,5,5,"2,1,2,1","2,1,2,1",2457
VIOLA HANSON,Philippines,Lapu-Lapu,2005-07-31,22.95,5,5,"2,1,2","2,1,2",2457
STELLA MORENO,Mexico,Coacalco de Berriozbal,2005-07-09,22.95,5,5,"2,2,1,2,1","2,2,1,2,1",2457
KAY CALDWELL,China,Yantai,2005-08-20,22.95,5,5,"2,1,2,1","2,1,2,1",2457
SHERRI RHODES,India,Ahmadnagar,2005-08-19,22.95,5,5,"2,1,1,1","2,1,1,1",2457
PETER MENARD,Netherlands,Ede,2005-08-21,22.95,5,5,"1,2,2,2","1,2,2,2",2457
CARL ARTIS,Paraguay,San Lorenzo,2005-07-11,22.95,5,5,"2,1,2,1","2,1,2,1",2457
JACK FOUST,Russian Federation,Zeleznogorsk,2005-08-23,22.95,5,5,"1,2,1,2","1,2,1,2",2457
ROY WHITING,Kenya,Nyeri,2005-06-21,22.95,5,5,"2,2,1,1,2","2,2,1,1,2",2457
CHRIS BROTHERS,Spain,Gijn,2005-07-09,22.95,5,5,"2,1,2,1,2","2,1,2,1,2",2457
JESUS MCCARTNEY,Brazil,Guaruj,2005-07-12,22.95,5,5,"1,2,2,1,1","1,2,2,1,1",2457
JOEL FRANCISCO,Bolivia,Sucre,2005-08-02,22.95,5,5,"2,2,2,1,2","2,2,2,1,2",2457
EDDIE TOMLIN,Philippines,Ozamis,2005-06-18,22.95,5,5,"1,2,2,1","1,2,2,1",2457
ALEXANDER FENNELL,Italy,Bergamo,2005-07-10,22.95,5,5,"2,1,2,1","2,1,2,1",2457
ROBERTO VU,China,Yinchuan,2005-07-10,22.95,5,5,"1,1,2,1","1,1,2,1",2457
GLEN TALBERT,Mexico,Acua,2005-07-31,22.95,5,5,"2,2,2,1","2,2,2,1",2457
RICK MATTOX,Egypt,Mit Ghamr,2005-06-18,22.95,5,5,"2,1,2,1,2","2,1,2,1,2",2457
BRETT CORNWELL,India,Siliguri (Shiliguri),2005-07-11,22.95,5,5,"2,1,2,2,2","2,1,2,2,2",2457
CASEY MENA,Turkey,Tokat,2005-07-11,22.95,5,5,"2,1,1,2","2,1,1,2",2457
DENISE KELLY,Brazil,Rio Claro,2005-08-01,22.95,5,5,"1,2,2,2,1","1,2,2,2,1",2499
ELLEN SIMPSON,Brazil,Po,2005-07-08,22.95,5,5,"2,1,1,2","2,1,1,2",2499
CATHY SPENCER,Japan,Kakamigahara,2005-07-11,22.95,5,5,"2,1,2,1,1","2,1,2,1,1",2499
DEANNA BYRD,Philippines,Tuguegarao,2005-06-18,22.95,5,5,"1,1,2,2","1,1,2,2",2499
JAMES GANNON,Japan,Hiroshima,2005-06-20,22.95,5,5,"1,2,1,1","1,2,1,1",2499
DANNY ISOM,Pakistan,Okara,2005-08-02,22.95,5,5,"2,2,2,2,1","2,2,2,2,1",2499
BRAD MCCURDY,Taiwan,Chungho,2005-06-20,22.95,5,5,"2,1,1,2,1","2,1,1,2,1",2499
JOANN GARDNER,Turkey,Tarsus,2005-08-02,22.95,5,5,"1,2,2,2","1,2,2,2",2506
MARGIE WADE,China,Lengshuijiang,2005-07-30,22.95,5,5,"1,1,2,1","1,1,2,1",2506
TIM CARY,India,Bijapur,2005-06-18,22.95,5,5,"2,1,1,2","2,1,1,2",2506
CLYDE TOBIAS,China,Shaoguan,2005-07-30,22.95,5,5,"1,2,1","1,2,1",2506
GUY BROWNLEE,China,Zhoushan,2005-07-30,22.95,5,5,"1,2,1,2,1","1,2,1,2,1",2506
JULIAN VEST,Japan,Akishima,2005-08-22,22.94,6,6,"2,1,1,2","2,1,1,2",2511
KIMBERLY LEE,Argentina,Crdoba,2005-08-19,22.94,6,6,"2,2,1,1,2","2,2,1,1,2",2512
CARMEN OWENS,Venezuela,Caracas,2005-06-21,22.94,6,6,"1,2,2,2,2","1,2,2,2,2",2512
SHANNON FREEMAN,India,Varanasi (Benares),2005-07-29,22.94,6,6,"2,1,2,2","2,1,2,2",2512
CLARA SHAW,Belarus,Molodetno,2005-06-21,22.94,6,6,"1,1,1,2,1,1","1,1,1,2,1,1",2512
ALICIA MILLS,India,Nagaon,2005-08-19,22.94,6,6,"2,1,1,2","2,1,1,2",2512
GAIL KNIGHT,Switzerland,Bern,2005-08-22,22.94,6,6,"2,1,2,2,1","2,1,2,2,1",2512
WILLIE HOWELL,Argentina,Vicente Lpez,2005-08-22,22.94,6,6,"2,1,2,1,1","2,1,2,1,1",2512
JOSEPH JOY,Brazil,Angra dos Reis,2005-06-21,22.94,6,6,"2,1,1,1,2,1","2,1,1,1,2,1",2512
STEVEN CURLEY,India,Miraj,2005-07-29,22.94,6,6,"2,1,1,1","2,1,1,1",2512
JEFFREY SPEAR,Indonesia,Ciparay,2005-08-02,22.94,6,6,"1,1,2,2,1,1","1,1,2,2,1,1",2512
WILLIE MARKHAM,Argentina,Almirante Brown,2005-08-02,22.94,6,6,"2,1,1,1,2,1","2,1,1,1,2,1",2512
RUSSELL BRINSON,Poland,Tychy,2005-07-28,22.94,6,6,"2,1","2,1",2512
DARRELL POWER,Canada,Halifax,2005-07-31,22.94,6,6,"1,1,1,2,1","1,1,1,2,1",2512
REGINALD KINDER,Indonesia,Madiun,2005-07-12,22.94,6,6,"2,1,2,2,2","2,1,2,2,2",2512
DOROTHY TAYLOR,Iran,Esfahan,2005-07-09,22.94,6,6,"2,2,1,1,2","2,2,1,1,2",2526
CHRISTINE ROBERTS,French Polynesia,Faaa,2005-07-10,22.94,6,6,"2,1,1,1,2","2,1,1,1,2",2526
ANNE POWELL,United Kingdom,Bradford,2005-08-01,22.94,6,6,"2,2,2,1,1","2,2,2,1,1",2526
ELLA OLIVER,Yemen,Aden,2005-07-07,22.94,6,6,"2,2,1","2,2,1",2526
CAROLE BARNETT,United States,Peoria,2005-08-02,22.94,6,6,"1,2,1,2,1,2","1,2,1,2,1,2",2526
FELICIA SUTTON,China,Korla,2005-07-08,22.94,6,6,"1,2,2","1,2,2",2526
MICHAEL SILVERMAN,China,Tiefa,2005-07-12,22.94,6,6,"2,2,2","2,2,2",2526
JACK FOUST,Russian Federation,Zeleznogorsk,2005-08-02,22.94,6,6,"2,2,1,2,2,2","2,2,1,2,2,2",2526
TODD TAN,Ukraine,Kamjanets-Podilskyi,2005-08-23,22.94,6,6,"2,2,1,2,1","2,2,1,2,1",2526
FRANCIS SIKES,Mexico,San Juan Bautista Tuxtepec,2005-08-23,22.94,6,6,"2,2,2,1,2","2,2,2,1,2",2526
JOEL FRANCISCO,Bolivia,Sucre,2005-08-23,22.94,6,6,"2,1,2,1,1","2,1,2,1,1",2526
RONNIE RICKETTS,Senegal,Ziguinchor,2005-06-18,22.94,6,6,"1,1,2,1","1,1,2,1",2526
RAMON CHOATE,Ecuador,Robamba,2005-07-08,22.94,6,6,"1,2,1,2,2","1,2,1,2,2",2526
SALVADOR TEEL,Gambia,Banjul,2005-07-30,22.94,6,6,"2,1,1,2","2,1,1,2",2526
SYLVIA ORTIZ,Colombia,Dos Quebradas,2005-07-31,22.94,6,6,"1,2,2,1,2","1,2,2,1,2",2540
JOANNE ROBERTSON,Japan,Urawa,2005-08-01,22.94,6,6,"2,1,1,2,1,2","2,1,1,2,1,2",2540
REGINA BERRY,China,Jinchang,2005-07-30,22.94,6,6,"2,1,2,1","2,1,2,1",2540
ERICA MATTHEWS,China,Pingxiang,2005-08-22,22.94,6,6,"2,1,2,2,2","2,1,2,2,2",2540
ELSIE KELLEY,Nigeria,Ikerre,2005-08-17,22.94,6,6,"1,2","1,2",2540
MINNIE ROMERO,Indonesia,Ciomas,2005-08-19,22.94,6,6,"2,1,1,1,2","2,1,1,1,2",2540
VICKIE BREWER,Germany,Halle/Saale,2005-08-19,22.94,6,6,"1,2,2,2,1","1,2,2,2,1",2540
OLGA JIMENEZ,Nigeria,Ogbomosho,2005-08-02,22.94,6,6,"2,2,2,1,2","2,2,2,1,2",2540
KEITH RICO,Slovakia,Bratislava,2005-07-11,22.94,6,6,"1,1,1,1,2","1,1,1,1,2",2540
BILLY POULIN,Philippines,Cabuyao,2005-06-20,22.94,6,6,"2,1,1,2,2,1","2,1,1,2,2,1",2540
RANDALL NEUMANN,Dominican Republic,La Romana,2005-08-02,22.94,6,6,"2,2,2,2,2","2,2,2,2,2",2540
TOM MILNER,United Arab Emirates,Abu Dhabi,2005-07-07,22.94,6,6,"2,1,1,2","2,1,1,2",2540
ADRIAN CLARY,Italy,Udine,2005-07-31,22.94,6,6,"2,1,1,2,1","2,1,1,2,1",2540
KELLY KNOTT,China,Sanya,2005-08-02,22.94,6,5,"1,1,2,2,2","1,1,2,2,2",2540
SIDNEY BURLESON,Poland,Czestochowa,2005-07-30,22.94,6,6,"1,2,2,1,1","1,2,2,1,1",2540
BECKY MILES,India,Tambaram,2005-08-22,22.94,6,6,"1,2,2,2,1","1,2,2,2,1",2555
SARAH LEWIS,Latvia,Liepaja,2005-08-21,22.93,7,7,"2,2,2,2","2,2,2,2",2556
REBECCA SCOTT,Japan,Kurashiki,2005-08-20,22.93,7,7,"1,2,2,1,1,2","1,2,2,1,1,2",2556
SANDRA MARTIN,United Kingdom,Southend-on-Sea,2005-08-01,22.93,7,7,"2,2,2,2,2","2,2,2,2,2",2558
CATHERINE CAMPBELL,Russian Federation,Moscow,2005-08-19,22.93,7,7,"1,2,2,1,1","1,2,2,1,1",2558
CARMEN OWENS,Venezuela,Caracas,2005-08-02,22.93,7,7,"2,2,2,1,2","2,2,2,1,2",2558
MARCIA DEAN,Philippines,Tanza,2005-07-10,22.93,7,7,"1,2,2,1,1,1,2","1,2,2,1,1,1,2",2558
WILLIE MARKHAM,Argentina,Almirante Brown,2005-08-23,22.93,7,7,"1,2,1,2,1,1","1,2,1,2,1,1",2558
RUSSELL BRINSON,Poland,Tychy,2005-06-20,22.93,7,7,"1,1,2","1,1,2",2558
CRAIG MORRELL,Philippines,Cavite,2005-08-18,22.93,7,7,"2,1,2,1","2,1,2,1",2558
PHILIP CAUSEY,Russian Federation,Korolev,2005-08-20,22.93,7,7,"2,1,1,1,2,2","2,1,1,1,2,2",2558
REGINALD KINDER,Indonesia,Madiun,2005-08-23,22.93,7,7,"1,2,2,1,1,1","1,2,2,1,1,1",2558
TED BREAUX,China,Baicheng,2005-07-31,22.93,7,7,"2,1,1,1,1,2","2,1,1,1,1,2",2558
ROSS GREY,Philippines,Iligan,2005-07-11,22.93,7,7,"2,2,2,1,1,2","2,2,2,1,1,2",2558
RITA GRAHAM,France,Toulon,2005-08-21,22.93,7,7,"1,1,1,1","1,1,1,1",2569
SALLY PIERCE,India,Chandrapur,2005-07-31,22.93,7,7,"1,2,1,2","1,2,1,2",2569
GARY COY,China,Yuzhou,2005-07-11,22.93,7,7,"1,1,2,2,1,1,2","1,1,2,2,1,1,2",2569
JONATHAN SCARBOROUGH,Mexico,Pachuca de Soto,2005-08-23,22.93,7,7,"2,1,2,1,1,2","2,1,2,1,1,2",2569
MARCUS HIDALGO,Estonia,Tartu,2005-08-20,22.93,7,7,"1,1,2,2,1,2","1,1,2,2,1,2",2569
JAY ROBB,Indonesia,Surakarta,2005-06-20,22.93,7,7,"2,1,2,2,1,1,1","2,1,2,2,1,1,1",2569
JIM REA,Mexico,El Fuerte,2005-06-21,22.93,7,7,"1,1,1,1,2,1","1,1,1,1,2,1",2569
TOM MILNER,United Arab Emirates,Abu Dhabi,2005-06-19,22.93,7,7,"2,1,1,1,2,2","2,1,1,1,2,2",2569
BILLY POULIN,Philippines,Cabuyao,2005-07-12,22.93,7,7,"2,1,1,2,1,1","2,1,1,2,1,1",2577
SEAN DOUGLASS,Ethiopia,Addis Abeba,2005-08-02,22.93,7,7,"1,1,2,2,1,1","1,1,2,2,1,1",2577
CHRISTY VARGAS,China,Datong,2005-07-30,22.92,8,8,"2,1,1,1,1,2","2,1,1,1,1,2",2579
MARC OUTLAW,Italy,Brindisi,2005-08-01,22.92,8,8,"1,2,1,1,2","1,2,1,1,2",2579
RENE MCALISTER,United States,Garden Grove,2005-07-12,22.92,8,8,"2,2,2,1,1","2,2,2,1,1",2579
HOLLY FOX,India,Haldia,2005-08-02,22.92,8,8,"2,1,1,2,1,1","2,1,1,2,1,1",2582
LOIS BUTLER,Brunei,Bandar Seri Begawan,2005-08-02,22.91,9,9,"2,2,1,1,2,2,2","2,2,1,1,2,2,2",2583
RICKY SHELBY,China,Junan,2005-08-22,22.91,9,9,"1,2,1,2,1,1","1,2,1,2,1,1",2583
BOBBY BOUDREAU,Anguilla,South Hill,2005-08-01,22.91,9,9,"1,1,2,2,1,2,1,2","1,1,2,2,1,2,1,2",2585
HARRY ARCE,Iran,Najafabad,2005-07-31,21.95,5,5,"2,1,2,1,1","2,1,2,1,1",2586
KARL SEAL,United States,Cape Coral,2005-07-09,21.95,5,5,"1,2,1,2","1,2,1,2",2586
IVAN CROMWELL,Mexico,Monclova,2005-07-30,21.95,5,5,"2,2,1,2","2,2,1,2",2586
BETTY WHITE,United States,Citrus Heights,2005-07-30,21.95,5,5,"1,1,2,2","1,1,2,2",2589
JULIE SANCHEZ,Spain,A Corua (La Corua),2005-07-30,21.95,5,5,"2,2,1,1","2,2,1,1",2589
DORIS REED,Russian Federation,Balaiha,2005-08-21,21.95,5,5,"1,1,2,1","1,1,2,1",2589
CARMEN OWENS,Venezuela,Caracas,2005-07-07,21.95,5,5,"2,1,2,1,2","2,1,2,1,2",2589
GAIL KNIGHT,Switzerland,Bern,2005-07-31,21.95,5,5,"1,2,2,1","1,2,2,1",2589
LORRAINE STEPHENS,China,Hami,2005-08-01,21.95,5,5,"1,1,2,2,1","1,1,2,2,1",2589
ALMA AUSTIN,Germany,Mannheim,2005-07-10,21.95,5,5,"1,2,2","1,2,2",2589
TERRI VASQUEZ,Brazil,Blumenau,2005-07-07,21.95,5,5,"1,2,2","1,2,2",2589
WILMA RICHARDS,United States,Bellevue,2005-08-21,21.95,5,5,"1,2,1,2","1,2,1,2",2589
MARIAN MENDOZA,Brazil,Maring,2005-07-12,21.95,5,5,"1,2,2,1","1,2,2,1",2589
RAMONA HALE,India,Patiala,2005-07-10,21.95,5,5,"2,1,1,2,1","2,1,1,2,1",2589
RAMONA HALE,India,Patiala,2005-07-30,21.95,5,5,"1,2,2,1","1,2,2,1",2589
STEVEN CURLEY,India,Miraj,2005-06-18,21.95,5,5,"1,2,1,2","1,2,1,2",2589
SCOTT SHELLEY,United States,Aurora,2005-06-20,21.95,5,5,"1,2,2,1","1,2,2,1",2589
JACK FOUST,Russian Federation,Zeleznogorsk,2005-08-01,21.95,5,5,"2,2,1,2,2","2,2,1,2,2",2589
RALPH MADRIGAL,Puerto Rico,Arecibo,2005-07-11,21.95,5,5,"1,1,2,1,1","1,1,2,1,1",2589
CHRIS BROTHERS,Spain,Gijn,2005-08-21,21.95,5,5,"1,1,2,2,1","1,1,2,2,1",2589
JIMMY SCHRADER,Russian Federation,Atinsk,2005-07-10,21.95,5,5,"1,1,2,2","1,1,2,2",2589
BRYAN HARDISON,United States,Dallas,2005-08-20,21.95,5,5,"2,2,1,1,2","2,2,1,1,2",2589
DEAN SAUER,South Africa,Johannesburg,2005-07-12,21.95,5,5,"1,1,2,1,1","1,1,2,1,1",2589
DUANE TUBBS,Nauru,Yangor,2005-07-10,21.95,5,5,"2,2,1","2,2,1",2589
LANCE PEMBERTON,Morocco,Beni-Mellal,2005-06-21,21.95,5,5,"2,1,2,1,2","2,1,2,1,2",2589
JORDAN ARCHULETA,Argentina,Avellaneda,2005-07-09,21.95,5,5,"1,1,2,2","1,1,2,2",2589
JOHNNIE CHISHOLM,Poland,Plock,2005-06-18,21.95,5,5,"1,2,1,2,1","1,2,1,2,1",2589
SIDNEY BURLESON,Poland,Czestochowa,2005-08-20,21.95,5,5,"1,1,2,2,1","1,1,2,2,1",2589
SHIRLEY ALLEN,Philippines,Davao,2005-07-31,21.95,5,5,"1,2,2,1","1,2,2,1",2614
ANGELA HERNANDEZ,Japan,Shimonoseki,2005-07-10,21.95,5,5,"2,1,2,2,1","2,1,2,2,1",2614
JUDY GRAY,Algeria,Bchar,2005-08-19,21.95,5,5,"1,1","1,1",2614
JANE BENNETT,Brazil,Araatuba,2005-06-21,21.95,5,5,"1,1,2,1,2","1,1,2,1,2",2614
AMBER DIXON,Taiwan,Touliu,2005-07-09,21.95,5,5,"2,2,1","2,2,1",2614
TIMOTHY BUNN,Brazil,Braslia,2005-07-31,21.95,5,5,"2,2,2,2,1","2,2,2,2,1",2614
JEFFREY SPEAR,Indonesia,Ciparay,2005-06-21,21.95,5,5,"2,2,2,1,1","2,2,2,1,1",2614
TROY QUIGLEY,Canada,Vancouver,2005-08-18,21.95,5,5,"1,2,2","1,2,2",2614
CATHY SPENCER,Japan,Kakamigahara,2005-08-20,21.95,5,5,"2,1,2,2","2,1,2,2",2622
ALLISON STANLEY,Cambodia,Phnom Penh,2005-07-07,21.95,5,5,"2,1,1","2,1,1",2622
PRISCILLA LOWE,Mexico,Salamanca,2005-06-21,21.95,5,5,"2,2,1,1","2,2,1,1",2622
BECKY MILES,India,Tambaram,2005-07-31,21.95,5,5,"2,2,2,2,1","2,2,2,2,1",2622
VIOLET RODRIQUEZ,Hong Kong,Kowloon and New Kowloon,2005-08-01,21.95,5,5,"1,2,1,2","1,2,1,2",2622
RAYMOND MCWHORTER,Azerbaijan,Sumqayit,2005-08-22,21.95,5,5,"2,2,1,1,1","2,2,1,1,1",2622
FREDDIE DUGGAN,Peru,Sullana,2005-08-19,21.95,5,5,"1,1,2","1,1,2",2622
SARAH LEWIS,Latvia,Liepaja,2005-07-12,21.94,6,6,"2,2,1,2","2,2,1,2",2629
DEBORAH WALKER,Pakistan,Shikarpur,2005-07-31,21.94,6,6,"2,2,1,2","2,2,1,2",2629
CATHERINE CAMPBELL,Russian Federation,Moscow,2005-08-18,21.94,6,6,"1,2,2,1","1,2,2,1",2629
VICTORIA GIBSON,Indonesia,Pemalang,2005-08-01,21.94,6,6,"1,2,2,1,2,1","1,2,2,1,2,1",2629
ROSEMARY SCHMIDT,Turkey,Usak,2005-08-21,21.94,6,6,"2,1,1,2,2","2,1,1,2,2",2629
STACEY MONTGOMERY,China,Fuyu,2005-08-20,21.94,6,6,"2,2,2,1","2,2,2,1",2629
BENJAMIN VARNEY,Mexico,Guadalajara,2005-08-20,21.94,6,6,"2,1,2,1,2","2,1,2,1,2",2629
HARRY ARCE,Iran,Najafabad,2005-08-19,21.94,6,6,"1,2,1,2","1,2,1,2",2629
BILL GAVIN,United States,Rockford,2005-08-20,21.94,6,6,"2,1,1,1,2","2,1,1,1,2",2629
ELIZABETH BROWN,Taiwan,Nantou,2005-07-10,21.94,6,6,"2,2,1,2,2","2,2,1,2,2",2638
WENDY HARRISON,Mexico,Nezahualcyotl,2005-07-31,21.94,6,6,"2,1,1,2","2,1,1,2",2638
EDITH MCDONALD,India,Gandhinagar,2005-08-22,21.94,6,6,"1,1,2","1,1,2",2638
CHARLOTTE HUNTER,Brazil,guas Lindas de Gois,2005-06-20,21.94,6,6,"1,2,2,1,1","1,2,2,1,1",2638
JUANITA MASON,India,Pune,2005-07-12,21.94,6,6,"1,2,1,1,1","1,2,1,1,1",2638
JILL HAWKINS,Austria,Linz,2005-07-31,21.94,6,6,"2,1,2,1","2,1,2,1",2638
AGNES BISHOP,India,Sambhal,2005-07-31,21.94,6,6,"2,2,1,2,2","2,2,1,2,2",2638
AGNES BISHOP,India,Sambhal,2005-08-22,21.94,6,6,"1,2,1,2","1,2,1,2",2638
MINNIE ROMERO,Indonesia,Ciomas,2005-07-12,21.94,6,6,"2,1,2,2,1,1","2,1,2,2,1,1",2638
CHARLES KOWALSKI,Malaysia,Sungai Petani,2005-07-29,21.94,6,6,"1,1,2,2,1","1,1,2,2,1",2638
JEREMY HURTADO,Brazil,Vitria de Santo Anto,2005-07-11,21.94,6,6,"1,1,1,2,2","1,1,1,2,2",2638
NATHAN RUNYON,"Virgin Islands, U.S.",Charlotte Amalie,2005-06-20,21.94,6,6,"1,2,1,2,2,1","1,2,1,2,2,1",2638
TOM MILNER,United Arab Emirates,Abu Dhabi,2005-06-18,21.94,6,6,"2,1,1,1,2","2,1,1,1,2",2638
DWIGHT LOMBARDI,South Africa,Chatsworth,2005-08-18,21.94,6,6,"1,2,2,1","1,2,2,1",2638
WILLARD LUMPKIN,Mexico,Carmen,2005-07-12,21.94,6,6,"2,1,2,1","2,1,2,1",2638
SUSAN WILSON,New Zealand,Hamilton,2005-08-02,21.94,6,6,"1,2,2,1,2","1,2,2,1,2",2653
ELLEN SIMPSON,Brazil,Po,2005-08-19,21.94,6,6,"2,1,2","2,1,2",2653
JUANITA MASON,India,Pune,2005-08-23,21.94,6,6,"1,1,1,1,2,2","1,1,1,1,2,2",2653
GWENDOLYN MAY,Japan,Higashiosaka,2005-08-20,21.94,6,6,"1,2,1,2,1","1,2,1,2,1",2653
RONALD WEINER,Mexico,San Felipe del Progreso,2005-06-21,21.94,6,6,"1,1,2,2,2,2","1,1,2,2,2,2",2653
PATRICK NEWSOM,Vietnam,Hanoi,2005-07-31,21.94,6,6,"2,2,1,1","2,2,1,1",2653
SEAN DOUGLASS,Ethiopia,Addis Abeba,2005-08-01,21.94,6,6,"1,1,2,2,1","1,1,2,2,1",2653
DARRYL ASHCRAFT,Argentina,Ezeiza,2005-07-31,21.94,6,6,"1,2,2,1,1","1,2,2,1,1",2653
EDUARDO HIATT,China,Jining,2005-07-09,21.94,6,6,"2,1,2,1,2","2,1,2,1,2",2653
DENNIS GILMAN,South Africa,Paarl,2005-08-02,21.94,6,6,"2,1,1,2,1,2","2,1,1,2,1,2",2662
MITCHELL WESTMORELAND,Vietnam,Nha Trang,2005-08-19,21.94,6,6,"1,1,1,2","1,1,1,2",2663
LOIS BUTLER,Brunei,Bandar Seri Begawan,2005-08-22,21.93,7,7,"1,2,1,2,1","1,2,1,2,1",2664
WILLIAM SATTERFIELD,Yemen,Sanaa,2005-08-22,21.93,7,7,"2,1,2,1,2","2,1,2,1,2",2664
JOY GEORGE,Romania,Botosani,2005-07-11,21.93,7,7,"1,1,2,2,1","1,1,2,2,1",2666
ANGELA HERNANDEZ,Japan,Shimonoseki,2005-06-21,21.93,7,7,"1,2,2,1","1,2,2,1",2667
HOLLY FOX,India,Haldia,2005-07-31,21.93,7,7,"2,1,1,2,1","2,1,1,2,1",2667
HILDA HOPKINS,Philippines,Mandaluyong,2005-07-11,21.93,7,7,"1,2,2,2,2","1,2,2,2,2",2667
DAISY BATES,Russian Federation,Kolpino,2005-06-20,21.93,7,7,"1,2,1,1,1,1","1,2,1,1,1,1",2667
RAY HOULE,Russian Federation,Dzerzinsk,2005-08-22,21.93,7,7,"1,1,2,1,1","1,1,2,1,1",2667
LEO EBERT,China,Dongying,2005-08-02,21.93,7,7,"2,2,1,1,2,1","2,2,1,1,2,1",2667
HECTOR POINDEXTER,Russian Federation,Pjatigorsk,2005-07-29,21.93,7,7,"1,1,1,2,2,1","1,1,1,2,2,1",2667
LESLIE SEWARD,Indonesia,Pontianak,2005-08-21,21.93,7,7,"2,1,2,2,1,1,2","2,1,2,2,1,1,2",2667
CLAYTON BARBEE,Brazil,Alvorada,2005-08-21,21.93,7,7,"2,2,2,1,1,2","2,2,2,1,1,2",2667
HERMAN DEVORE,Tanzania,Mwanza,2005-07-11,21.93,7,7,"1,1,2,1","1,1,2,1",2676
MARY SMITH,Japan,Sasebo,2005-08-22,21.92,8,8,"2,1,2,1,1,2","2,1,2,1,1,2",2677
LOIS BUTLER,Brunei,Bandar Seri Begawan,2005-07-31,21.92,8,8,"2,2,1,1,2,2","2,2,1,1,2,2",2677
MELISSA KING,Taiwan,Lungtan,2005-08-22,21.92,8,8,"1,2,1,1,1,1","1,2,1,1,1,1",2679
DEREK BLAKELY,Philippines,Gingoog,2005-08-01,21.92,8,8,"2,2,2,1,2,1","2,2,2,1,2,1",2679
THERESA WATSON,Philippines,Taguig,2005-08-19,21.92,8,8,"1,2,1,2,1,2","1,2,1,2,1,2",2681
MARTIN BALES,Angola,Namibe,2005-08-02,21.91,9,9,"1,2,1,1,2,1,2","1,2,1,1,2,1,2",2682
WESLEY BULL,Spain,Ourense (Orense),2005-08-20,20.95,5,5,"2,1,1","2,1,1",2683
KATHERINE RIVERA,Switzerland,Basel,2005-08-23,20.95,5,5,"1,1,2,1","1,1,2,1",2684
JEFFREY SPEAR,Indonesia,Ciparay,2005-08-20,20.95,5,5,"1,2,1,2","1,2,1,2",2684
BILL GAVIN,United States,Rockford,2005-08-19,20.95,5,5,"2,1,1,1","2,1,1,1",2684
ELIZABETH BROWN,Taiwan,Nantou,2005-07-09,20.95,5,5,"2,2,1,2","2,2,1,2",2687
HELEN HARRIS,India,Bhopal,2005-07-31,20.95,5,5,"1,1,2,2,1","1,1,2,2,1",2687
CAROLYN PEREZ,Thailand,Pak Kret,2005-07-11,20.95,5,5,"2,2,2,1","2,2,2,1",2687
JOYCE EDWARDS,Saudi Arabia,Jedda,2005-07-11,20.95,5,5,"2,1,1","2,1,1",2687
TERESA ROGERS,Japan,Iwakuni,2005-07-11,20.95,5,5,"2,2,1,1","2,2,1,1",2687
BEVERLY BROOKS,Taiwan,Chiayi,2005-07-31,20.95,5,5,"1,1,1,1,1","1,1,1,1,1",2687
LILLIAN GRIFFIN,United Arab Emirates,al-Ayn,2005-06-19,20.95,5,5,"1,2,1,2","1,2,1,2",2687
CARMEN OWENS,Venezuela,Caracas,2005-08-22,20.95,5,5,"2,2,2,1,2","2,2,2,1,2",2687
SUZANNE NICHOLS,Indonesia,Jakarta,2005-08-21,20.95,5,5,"1,1,1,1","1,1,1,1",2687
GAIL KNIGHT,Switzerland,Bern,2005-07-12,20.95,5,5,"1,1,2,1","1,1,2,1",2687
RENEE LANE,United States,Compton,2005-08-02,20.95,5,5,"2,2,1","2,2,1",2687
MELANIE ARMSTRONG,Philippines,Bayugan,2005-07-12,20.95,5,5,"2,2,2,2,2","2,2,2,2,2",2687
JEANNE LAWSON,Turkmenistan,Ashgabat,2005-07-31,20.95,5,5,"1,1,2,1","1,1,2,1",2687
COLLEEN BURTON,Germany,Saarbrcken,2005-07-09,20.95,5,5,"1,2,1,1","1,2,1,1",2687
ALLISON STANLEY,Cambodia,Phnom Penh,2005-08-01,20.95,5,5,"1,2,1,1,1","1,2,1,1,1",2687
MINNIE ROMERO,Indonesia,Ciomas,2005-07-10,20.95,5,5,"2,1,2,2,1","2,1,2,2,1",2687
STELLA MORENO,Mexico,Coacalco de Berriozbal,2005-08-02,20.95,5,5,"1,1,2","1,1,2",2687
MABEL HOLLAND,Myanmar,Monywa,2005-06-18,20.95,5,5,"1,2,2,1","1,2,2,1",2687
CAROLE BARNETT,United States,Peoria,2005-08-01,20.95,5,5,"1,2,1,2,1","1,2,1,2,1",2687
KRISTINA CHAMBERS,Venezuela,Valle de la Pascua,2005-08-19,20.95,5,5,"1,2,2,1","1,2,2,1",2687
JOHN FARNSWORTH,India,Parbhani,2005-07-11,20.95,5,5,"1,1,2,1,2","1,1,2,1,2",2687
CHARLES KOWALSKI,Malaysia,Sungai Petani,2005-07-12,20.95,5,5,"1,2,2,2","1,2,2,2",2687
DOUGLAS GRAF,Mexico,Mexicali,2005-06-18,20.95,5,5,"2,1,2,2","2,1,2,2",2687
ALBERT CROUSE,Cameroon,Bamenda,2005-06-21,20.95,5,5,"1,1,2","1,1,2",2687
JEREMY HURTADO,Brazil,Vitria de Santo Anto,2005-07-10,20.95,5,5,"1,1,1,2","1,1,1,2",2687
JEREMY HURTADO,Brazil,Vitria de Santo Anto,2005-08-21,20.95,5,5,"1,2,1,2,2","1,2,1,2,2",2687
CARLOS COUGHLIN,India,Bhavnagar,2005-08-20,20.95,5,5,"1,1,2,1","1,1,2,1",2687
SHAWN HEATON,Thailand,Nakhon Sawan,2005-07-08,20.95,5,5,"1,1,2,1","1,1,2,1",2687
CLARENCE GAMEZ,Japan,Izumisano,2005-07-10,20.95,5,5,"1,1,2,2,1","1,1,2,2,1",2687
GLENN PULLEN,Netherlands,Amersfoort,2005-07-12,20.95,5,5,"2,2,2,1","2,2,2,1",2687
HERBERT KRUGER,Russian Federation,Syktyvkar,2005-07-12,20.95,5,5,"1,1,1,1","1,1,1,1",2687
BARRY LOVELACE,Zambia,Kitwe,2005-07-10,20.95,5,5,"1,2,2,1","1,2,2,1",2687
DEAN SAUER,South Africa,Johannesburg,2005-06-20,20.95,5,5,"1,2,2,2,2","1,2,2,2,2",2687
LEWIS LYMAN,Israel,Ashqelon,2005-08-22,20.95,5,5,"1,2,2,1,2","1,2,2,1,2",2687
SAM MCDUFFIE,Colombia,Sogamoso,2005-08-23,20.95,5,5,"2,2,2,1","2,2,2,1",2687
KURT EMMONS,Japan,Kanazawa,2005-07-29,20.95,5,5,"2,1,1","2,1,1",2687
JORDAN ARCHULETA,Argentina,Avellaneda,2005-07-29,20.95,5,5,"1,2,1,1,2","1,2,1,1,2",2687
ANNA HILL,Italy,Alessandria,2005-08-21,20.95,5,5,"1,1,1","1,1,1",2724
HEATHER MORRIS,Japan,Nagareyama,2005-08-20,20.95,5,5,"1,1,1,2,1","1,1,1,2,1",2724
KATHRYN COLEMAN,Ukraine,Simferopol,2005-06-21,20.95,5,5,"1,2,1,1,2","1,2,1,1,2",2724
STACY CUNNINGHAM,Colombia,Pereira,2005-08-21,20.95,5,5,"1,1,2,1,1","1,1,2,1,1",2724
JON WILES,Bolivia,El Alto,2005-08-20,20.95,5,5,"1,1,2,2","1,1,2,2",2724
IDA ANDREWS,Brazil,Luzinia,2005-08-01,20.95,5,5,"2,2,1,2","2,2,1,2",2729
GEORGIA JACOBS,India,Uttarpara-Kotrung,2005-08-02,20.95,5,5,"1,2,2,2,1","1,2,2,2,1",2729
DENNIS GILMAN,South Africa,Paarl,2005-08-21,20.95,5,5,"2,1,1,1","2,1,1,1",2729
CLIFFORD BOWENS,Russian Federation,Nabereznyje Telny,2005-07-11,20.95,5,5,"2,1,1,1,2","2,1,1,1,2",2729
EDGAR RHOADS,Turkey,Eskisehir,2005-07-30,20.95,5,5,"2,1,2,2,1","2,1,2,2,1",2729
CLINTON BUFORD,United States,Aurora,2005-07-31,20.95,5,5,"1,2,2,1","1,2,2,1",2729
TAMMY SANDERS,Taiwan,Changhwa,2005-07-29,20.94,6,6,"1,1,2,1","1,1,2,1",2735
MARGARET MOORE,Oman,Masqat,2005-08-02,20.94,6,6,"2,1,1,1,2","2,1,1,1,2",2736
GLORIA COOK,French Polynesia,Papeete,2005-08-01,20.94,6,6,"1,1,2,1,2","1,1,2,1,2",2736
ESTHER CRAWFORD,South Africa,Botshabelo,2005-07-08,20.94,6,6,"1,2,1,1,2","1,2,1,1,2",2736
COLLEEN BURTON,Germany,Saarbrcken,2005-07-30,20.94,6,6,"1,1,1,2,1","1,1,1,2,1",2736
GERALD FULTZ,India,Satna,2005-07-30,20.94,6,6,"1,1,1,2","1,1,1,2",2736
WILLIE MARKHAM,Argentina,Almirante Brown,2005-08-22,20.94,6,6,"1,2,1,2,1","1,2,1,2,1",2736
CLARENCE GAMEZ,Japan,Izumisano,2005-08-01,20.94,6,6,"2,1,2,1,2","2,1,2,1,2",2736
PHILIP CAUSEY,Russian Federation,Korolev,2005-08-19,20.94,6,6,"2,1,1,1,2","2,1,1,1,2",2736
ROSS GREY,Philippines,Iligan,2005-07-30,20.94,6,6,"1,2,1,1","1,2,1,1",2736
BETTY WHITE,United States,Citrus Heights,2005-08-23,20.94,6,6,"2,1,1,2,1,1","2,1,1,2,1,1",2745
JANET PHILLIPS,Chile,Antofagasta,2005-07-11,20.94,6,6,"1,1,1,2","1,1,1,2",2745
BONNIE HUGHES,South Korea,Cheju,2005-07-12,20.94,6,6,"2,1,1","2,1,1",2745
TINA SIMMONS,Brazil,Goinia,2005-08-22,20.94,6,6,"1,2,1,1,2","1,2,1,1,2",2745
VICTORIA GIBSON,Indonesia,Pemalang,2005-06-19,20.94,6,6,"2,2,2,1","2,2,2,1",2745
HAZEL WARREN,China,Hohhot,2005-07-30,20.94,6,6,"1,1,2,1,2","1,1,2,1,2",2745
JAMIE RICE,United States,Sterling Heights,2005-06-19,20.94,6,6,"2,2,2,1,1","2,2,2,1,1",2745
MEGAN PALMER,China,Laiwu,2005-07-31,20.94,6,6,"1,2,1,1","1,2,1,1",2745
ANNETTE OLSON,India,Allappuzha (Alleppey),2005-07-29,20.94,6,6,"1,1,1","1,1,1",2745
JOY GEORGE,Romania,Botosani,2005-06-19,20.94,6,6,"2,1,2,2,2,1","2,1,2,2,2,1",2745
JACKIE LYNCH,Colombia,Buenaventura,2005-08-22,20.94,6,6,"2,1,2,1,2,1","2,1,2,1,2,1",2745
MARK RINEHART,Saudi Arabia,Tabuk,2005-07-12,20.94,6,6,"1,1,1,2,1","1,1,1,2,1",2745
EUGENE CULPEPPER,China,Shenzhen,2005-08-02,20.94,6,6,"1,2,2,1,1","1,2,2,1,1",2745
MARVIN YEE,India,Berhampore (Baharampur),2005-08-20,20.94,6,6,"1,2,1,2","1,2,1,2",2745
THEODORE CULP,India,Uluberia,2005-06-20,20.94,6,6,"1,2,2,1,2","1,2,2,1,2",2745
FRANKLIN TROUTMAN,China,Zaoyang,2005-08-18,20.94,6,6,"1,2,1,2","1,2,1,2",2745
HARVEY GUAJARDO,Vietnam,Vinh,2005-08-01,20.94,6,6,"2,1,1,2,2","2,1,1,2,2",2745
ALMA AUSTIN,Germany,Mannheim,2005-06-20,20.94,6,6,"1,2,1,2,1","1,2,1,2,1",2762
VIOLA HANSON,Philippines,Lapu-Lapu,2005-07-10,20.94,6,6,"1,2,2,1","1,2,2,1",2762
KYLE SPURLOCK,China,Shanwei,2005-07-30,20.94,6,6,"1,2,1,2","1,2,1,2",2762
HERMAN DEVORE,Tanzania,Mwanza,2005-07-10,20.94,6,6,"1,1,2","1,1,2",2762
TIM CARY,India,Bijapur,2005-07-11,20.94,6,6,"2,1,2,2,1,1","2,1,2,2,1,1",2766
BOBBY BOUDREAU,Anguilla,South Hill,2005-07-31,20.93,7,7,"1,1,2,2,1,2","1,1,2,2,1,2",2767
CRAIG MORRELL,Philippines,Cavite,2005-07-31,20.93,7,7,"2,2,2,2","2,2,2,2",2767
GRACE ELLIS,Germany,Duisburg,2005-07-11,20.93,7,7,"1,1,1,1,2,1,1","1,1,1,1,2,1,1",2769
GRACE ELLIS,Germany,Duisburg,2005-07-12,20.93,7,7,"1,1,1,2,1,1,1","1,1,1,2,1,1,1",2769
RENEE LANE,United States,Compton,2005-07-08,20.93,7,7,"1,1,2","1,1,2",2769
JACK FOUST,Russian Federation,Zeleznogorsk,2005-07-11,20.93,7,7,"1,1,2,1,1,2","1,1,2,1,1,2",2769
LANCE PEMBERTON,Morocco,Beni-Mellal,2005-08-01,20.93,7,7,"2,1,2,1,2,1","2,1,2,1,2,1",2769
DUSTIN GILLETTE,Netherlands,Emmen,2005-08-21,20.93,7,7,"2,1,1,2,1","2,1,1,2,1",2774
LEONARD SCHOFIELD,Argentina,Tandil,2005-08-22,20.92,8,8,"1,2,1,1,2,1,2","1,2,1,1,2,1,2",2775
GENE SANBORN,Oman,Salala,2005-07-11,20.92,8,8,"2,1,2,1,2,1","2,1,2,1,2,1",2776
CARRIE PORTER,China,Liaocheng,2005-07-09,20.91,9,9,"1,2,2,1,1,2","1,2,2,1,1,2",2777
VICTORIA GIBSON,Indonesia,Pemalang,2005-08-20,19.95,5,5,"2,2,1,1","2,2,1,1",2778
MISTY LAMBERT,United Arab Emirates,Sharja,2005-07-28,19.95,5,5,"2,1,1","2,1,1",2778
KATHLEEN ADAMS,Iran,Arak,2005-08-20,19.95,5,5,"2,1,2,1","2,1,2,1",2780
CATHERINE CAMPBELL,Russian Federation,Moscow,2005-07-31,19.95,5,5,"1,2,2,2,1","1,2,2,2,1",2780
ELIZABETH BROWN,Taiwan,Nantou,2005-06-20,19.95,5,5,"1,2,2,2,2","1,2,2,2,2",2782
MARGARET MOORE,Oman,Masqat,2005-08-21,19.95,5,5,"1,1,2,2","1,1,2,2",2782
SHARON ROBINSON,Pakistan,Mardan,2005-07-11,19.95,5,5,"2,1,1,1,2","2,1,1,1,2",2782
SHIRLEY ALLEN,Philippines,Davao,2005-06-18,19.95,5,5,"1,2,2,2,2","1,2,2,2,2",2782
AMY LOPEZ,India,Jhansi,2005-07-09,19.95,5,5,"1,1,2,1","1,1,2,1",2782
ANNA HILL,Italy,Alessandria,2005-08-01,19.95,5,5,"1,1,2,2","1,1,2,2",2782
JOAN COOPER,United States,Saint Louis,2005-06-20,19.95,5,5,"2,1,1,2,1","2,1,1,2,1",2782
JOAN COOPER,United States,Saint Louis,2005-08-22,19.95,5,5,"1,2,2,2","1,2,2,2",2782
JUDITH COX,China,Daxian,2005-07-08,19.95,5,5,"2,1,1,2","2,1,1,2",2782
CHRISTINA RAMIREZ,Saudi Arabia,al-Hawiya,2005-07-29,19.95,5,5,"2,1,2,1","2,1,2,1",2782
NORMA GONZALES,Philippines,Bislig,2005-06-19,19.95,5,5,"2,1,2,2,1","2,1,2,2,1",2782
CRYSTAL FORD,Israel,Ashdod,2005-07-08,19.95,5,5,"2,1,2","2,1,2",2782
CARMEN OWENS,Venezuela,Caracas,2005-06-20,19.95,5,5,"1,2,2,2","1,2,2,2",2782
THELMA MURRAY,Peru,Lima,2005-07-28,19.95,5,5,"2,1,2,1","2,1,2,1",2782
CLARA SHAW,Belarus,Molodetno,2005-06-20,19.95,5,5,"1,1,1,2,1","1,1,1,2,1",2782
JAMIE RICE,United States,Sterling Heights,2005-06-18,19.95,5,5,"2,2,2,1","2,2,2,1",2782
VALERIE BLACK,United States,Brockton,2005-08-23,19.95,5,5,"1,1,2","1,1,2",2782
ALICIA MILLS,India,Nagaon,2005-07-12,19.95,5,5,"2,1,1,1,1","2,1,1,1,1",2782
LORRAINE STEPHENS,China,Hami,2005-07-09,19.95,5,5,"2,1,2,2,1","2,1,2,2,1",2782
LORETTA CARPENTER,Canada,Oshawa,2005-07-30,19.95,5,5,"1,1,2,2","1,1,2,2",2782
YOLANDA WEAVER,Tanzania,Tabora,2005-06-21,19.95,5,5,"1,1,1,1","1,1,1,1",2782
KRISTEN CHAVEZ,Japan,Hino,2005-06-19,19.95,5,5,"1,1,1","1,1,1",2782
ROSEMARY SCHMIDT,Turkey,Usak,2005-07-31,19.95,5,5,"1,2,1,2","1,2,1,2",2782
LUCY WHEELER,India,Balurghat,2005-07-10,19.95,5,5,"2,1,2,1,2","2,1,2,1,2",2782
GINA WILLIAMSON,Yemen,Taizz,2005-06-19,19.95,5,5,"1,2,1,2","1,2,1,2",2782
KRISTIN JOHNSTON,United States,Sunnyvale,2005-07-12,19.95,5,5,"2,1,2,1","2,1,2,1",2782
WILLIE HOWELL,Argentina,Vicente Lpez,2005-07-09,19.95,5,5,"2,2","2,2",2782
TAMARA NGUYEN,Brazil,Anpolis,2005-07-31,19.95,5,5,"2,2,2","2,2,2",2782
COURTNEY DAY,South Korea,Uijongbu,2005-07-12,19.95,5,5,"1,2,1,2,1","1,2,1,2,1",2782
DORA MEDINA,China,Tianjin,2005-06-20,19.95,5,5,"1,2,2,2","1,2,2,2",2782
TONI HOLT,United States,Roanoke,2005-07-12,19.95,5,5,"2,2,2,2,1","2,2,2,2,1",2782
THOMAS GRIGSBY,United States,Kansas City,2005-06-18,19.95,5,5,"1,2,1,2","1,2,1,2",2782
EDWARD BAUGH,Faroe Islands,Trshavn,2005-07-10,19.95,5,5,"1,2,1,2","1,2,1,2",2782
MATTHEW MAHAN,Mexico,Cuautla,2005-07-12,19.95,5,5,"2,2,2,1","2,2,2,1",2782
JEFFREY SPEAR,Indonesia,Ciparay,2005-07-31,19.95,5,5,"1,1,2,2,1","1,1,2,2,1",2782
BENJAMIN VARNEY,Mexico,Guadalajara,2005-06-20,19.95,5,5,"1,2,2,2","1,2,2,2",2782
JEREMY HURTADO,Brazil,Vitria de Santo Anto,2005-08-01,19.95,5,5,"2,2,2,1,1","2,2,2,1,1",2782
SHAWN HEATON,Thailand,Nakhon Sawan,2005-07-30,19.95,5,5,"2,1,1,1,2","2,1,1,1,2",2782
PHILIP CAUSEY,Russian Federation,Korolev,2005-06-20,19.95,5,5,"1,2,2,1,2","1,2,2,1,2",2782
DANNY ISOM,Pakistan,Okara,2005-08-23,19.95,5,5,"1,1,2,1,1","1,1,2,1,1",2782
JOEL FRANCISCO,Bolivia,Sucre,2005-06-19,19.95,5,5,"2,1,1,2,2","2,1,1,2,2",2782
MICHEAL FORMAN,Argentina,Escobar,2005-08-21,19.95,5,5,"1,2,1,2","1,2,1,2",2782
DARRELL POWER,Canada,Halifax,2005-07-30,19.95,5,5,"1,1,1,2","1,1,1,2",2782
MARC OUTLAW,Italy,Brindisi,2005-07-10,19.95,5,5,"1,1,2,1","1,1,2,1",2782
ROLAND SOUTH,China,Yingkou,2005-08-20,19.95,5,5,"2,1,1,1","2,1,1,1",2782
KARL SEAL,United States,Cape Coral,2005-06-17,19.95,5,5,"1,2,1","1,2,1",2782
SUSAN WILSON,New Zealand,Hamilton,2005-08-23,19.95,5,5,"1,1,1,1","1,1,1,1",2828
ANGELA HERNANDEZ,Japan,Shimonoseki,2005-07-30,19.95,5,5,"2,1,2,2","2,1,2,2",2828
THERESA WATSON,Philippines,Taguig,2005-08-01,19.95,5,5,"2,1,2,2,2","2,1,2,2,2",2828
JACQUELINE LONG,Thailand,Songkhla,2005-07-09,19.95,5,5,"1,2,1,1,2","1,2,1,1,2",2828
GEORGE LINTON,Brazil,Sorocaba,2005-07-28,19.95,5,5,"2,1,2,1","2,1,2,1",2828
TIMOTHY BUNN,Brazil,Braslia,2005-07-12,19.95,5,5,"1,2,1,2,2","1,2,1,2,2",2828
JOE GILLILAND,Philippines,Imus,2005-07-30,19.95,5,5,"1,2,2,1","1,2,2,1",2828
MARTIN BALES,Angola,Namibe,2005-08-22,19.95,5,5,"1,1,2,2,1","1,1,2,2,1",2828
RUBEN GEARY,Poland,Lublin,2005-08-22,19.95,5,5,"1,2,1,2,1","1,2,1,2,1",2828
CLAYTON BARBEE,Brazil,Alvorada,2005-08-02,19.95,5,5,"2,1,2,2","2,1,2,2",2828
TRACY HERRMANN,Ecuador,Loja,2005-07-29,19.95,5,5,"2,2,1","2,2,1",2828
WALTER PERRYMAN,China,Xinxiang,2005-07-31,19.95,5,5,"2,2,1,2,1","2,2,1,2,1",2839
BILLY POULIN,Philippines,Cabuyao,2005-07-11,19.95,5,5,"2,1,1,2,1","2,1,1,2,1",2839
BRADLEY MOTLEY,India,Purnea (Purnia),2005-06-21,19.95,5,5,"1,1,1,1","1,1,1,1",2839
TOM MILNER,United Arab Emirates,Abu Dhabi,2005-08-19,19.95,5,5,"2,1,1,1","2,1,1,1",2839
TIM CARY,India,Bijapur,2005-07-09,19.95,5,5,"2,1,2,2,1","2,1,2,2,1",2839
ELMER NOE,Cambodia,Battambang,2005-06-20,19.95,5,5,"2,1,1,1,2","2,1,1,1,2",2839
SETH HANNON,Bahrain,al-Manama,2005-07-30,19.95,5,5,"1,2,1,1,2","1,2,1,1,2",2839
MICHELLE CLARK,Bangladesh,Tangail,2005-07-31,19.94,6,6,"2,1,2,2,2,1","2,1,2,2,2,1",2846
REBECCA SCOTT,Japan,Kurashiki,2005-08-19,19.94,6,6,"1,2,2,1,1","1,2,2,1,1",2846
DIANA ALEXANDER,United States,Augusta-Richmond County,2005-07-10,19.94,6,6,"1,2,1,1","1,2,1,1",2846
LYDIA BURKE,Argentina,San Miguel de Tucumn,2005-07-12,19.94,6,6,"2,1,1,1,2,2","2,1,1,1,2,2",2846
PHILLIP HOLM,Japan,Tama,2005-07-31,19.94,6,6,"2,2,1,1","2,2,1,1",2846
GLEN TALBERT,Mexico,Acua,2005-08-21,19.94,6,6,"1,2,1,2,2","1,2,1,2,2",2846
MARION OCAMPO,China,Weifang,2005-07-29,19.94,6,6,"2,2,1,2","2,2,1,2",2846
JENNIFER DAVIS,United States,Laredo,2005-07-12,19.94,6,6,"2,2,1,2,1,2","2,2,1,2,1,2",2853
MARGARET MOORE,Oman,Masqat,2005-07-11,19.94,6,6,"1,2,1,1,2,1","1,2,1,1,2,1",2853
HOLLY FOX,India,Haldia,2005-07-30,19.94,6,6,"2,1,1,2","2,1,1,2",2853
CHARLENE ALVAREZ,Tanzania,Zanzibar,2005-07-12,19.94,6,6,"2,2,2,2","2,2,2,2",2853
ALAN KAHN,China,Emeishan,2005-07-12,19.94,6,6,"2,1,1,2,2,1","2,1,1,2,2,1",2853
ROLAND SOUTH,China,Yingkou,2005-07-10,19.94,6,6,"2,1,2,2","2,1,2,2",2853
JASON MORRISSEY,Argentina,Baha Blanca,2005-07-12,19.94,6,6,"2,1,2,1,2","2,1,2,1,2",2859
HENRY BILLINGSLEY,Tonga,Nukualofa,2005-08-22,19.94,6,6,"2,2,1,1,2,1","2,2,1,1,2,1",2859
LLOYD DOWD,Indonesia,Tegal,2005-08-21,19.94,6,6,"2,2,2,2,2","2,2,2,2,2",2859
DUSTIN GILLETTE,Netherlands,Emmen,2005-08-18,19.94,6,6,"2,1,1,2","2,1,1,2",2859
GENE SANBORN,Oman,Salala,2005-06-21,19.94,6,6,"1,1,1,1,2","1,1,1,1,2",2859
VIRGIL WOFFORD,Mexico,Jos Azueta,2005-08-22,19.94,6,6,"2,2,1","2,2,1",2859
CURTIS IRBY,Canada,Richmond Hill,2005-07-09,19.94,6,6,"2,1,1,2","2,1,1,2",2865
CLINTON BUFORD,United States,Aurora,2005-08-22,19.94,6,6,"2,2,1,2,1,1","2,2,1,2,1,1",2866
JIMMY SCHRADER,Russian Federation,Atinsk,2005-08-18,19.93,7,7,"2,2,1","2,2,1",2867
VIRGINIA GREEN,France,Toulouse,2005-07-10,19.93,7,7,"2,2,2,1,1","2,2,2,1,1",2868
EARL SHANKS,Japan,Iwatsuki,2005-07-31,19.93,7,7,"2,2,1,2","2,2,1,2",2868
IDA ANDREWS,Brazil,Luzinia,2005-07-12,19.93,7,7,"1,2,1,2,1","1,2,1,2,1",2870
JUAN FRALEY,Russian Federation,Teboksary,2005-07-11,19.93,7,7,"1,1,1,1,2","1,1,1,1,2",2870
WAYNE TRUONG,India,Gulbarga,2005-08-22,19.93,7,7,"1,2,1,1,1,2","1,2,1,1,1,2",2870
BYRON BOX,Kazakstan,Zhezqazghan,2005-07-09,19.93,7,7,"2,1,2,1,1,1","2,1,2,1,1,1",2870
CLINTON BUFORD,United States,Aurora,2005-07-12,19.93,7,7,"1,2,1,2,2,1,1","1,2,1,2,2,1,1",2874
VERONICA STONE,United States,Greensboro,2005-07-31,19.92,8,8,"2,1,2,1,1,1","2,1,2,1,1,1",2875
NORMAN CURRIER,Indonesia,Cianjur,2005-08-02,19.92,8,8,"1,2,1,2,2,2","1,2,1,2,2,2",2875
ALBERTO HENNING,Venezuela,Barcelona,2005-08-02,19.92,8,8,"2,2,2,1,1,2,2,1","2,2,2,1,1,2,2,1",2875
KIRK STCLAIR,Taiwan,Tsaotun,2005-08-23,19.92,8,8,"1,1,2,1,2,1,2","1,1,2,1,2,1,2",2875
CHAD CARBONE,India,Katihar,2005-07-11,19.92,8,8,"1,1,2,2,1,2","1,1,2,2,1,2",2879
BOBBIE CRAIG,Mexico,Valle de Santiago,2005-08-22,19.91,9,9,"2,1,1,2,2,2,1","2,1,1,2,2,2,1",2880
JENNIFER DAVIS,United States,Laredo,2005-07-11,18.95,5,5,"2,2,1,2,1","2,2,1,2,1",2881
JENNIFER DAVIS,United States,Laredo,2005-08-20,18.95,5,5,"1,2,2","1,2,2",2881
KATHLEEN ADAMS,Iran,Arak,2005-07-29,18.95,5,5,"1,1,2,1","1,1,2,1",2881
JANICE WARD,Sweden,Malm,2005-06-19,18.95,5,5,"1,1,2,1","1,1,2,1",2881
JACQUELINE LONG,Thailand,Songkhla,2005-06-19,18.95,5,5,"2,2,1,1","2,2,1,1",2881
LOIS BUTLER,Brunei,Bandar Seri Begawan,2005-07-08,18.95,5,5,"2,2,1,1","2,2,1,1",2881
ANNIE RUSSELL,Mozambique,Tete,2005-07-08,18.95,5,5,"1,2,2,1","1,2,2,1",2881
VICTORIA GIBSON,Indonesia,Pemalang,2005-07-09,18.95,5,5,"2,1,2,2","2,1,2,2",2881
THELMA MURRAY,Peru,Lima,2005-06-18,18.95,5,5,"1,2,2,1","1,2,2,1",2881
HAZEL WARREN,China,Hohhot,2005-07-29,18.95,5,5,"1,1,2,1","1,1,2,1",2881
BERTHA FERGUSON,Nigeria,Ondo,2005-07-12,18.95,5,5,"2,2,1,2","2,2,1,2",2881
VIVIAN RUIZ,Netherlands,s-Hertogenbosch,2005-07-12,18.95,5,5,"1,2,1,2","1,2,1,2",2881
CLAUDIA FULLER,Kuwait,Jalib al-Shuyukh,2005-06-17,18.95,5,5,"2,2,1,2,1","2,2,1,2,1",2881
DONALD MAHON,China,Ezhou,2005-08-01,18.95,5,5,"2,2,1,2,2","2,2,1,2,2",2881
ANDREW PURDY,Azerbaijan,Baku,2005-07-29,18.95,5,5,"2,2,1","2,2,1",2881
DOUGLAS GRAF,Mexico,Mexicali,2005-08-23,18.95,5,5,"2,2,2,2","2,2,2,2",2881
GERALD FULTZ,India,Satna,2005-07-12,18.95,5,5,"2,2,1,1","2,2,1,1",2881
KEITH RICO,Slovakia,Bratislava,2005-07-30,18.95,5,5,"1,2,1,2","1,2,1,2",2881
RUSSELL BRINSON,Poland,Tychy,2005-06-18,18.95,5,5,"1,1","1,1",2881
MIGUEL BETANCOURT,Germany,Erlangen,2005-07-07,18.95,5,5,"2,2,1","2,2,1",2881
ALEX GRESHAM,Mexico,Uruapan,2005-07-31,18.95,5,5,"2,1,2,1,1","2,1,2,1,1",2881
LEWIS LYMAN,Israel,Ashqelon,2005-07-31,18.95,5,5,"1,2,1,2","1,2,1,2",2881
ANGEL BARCLAY,Japan,Ueda,2005-08-20,18.95,5,5,"1,2,2,1,1","1,2,2,1,1",2881
RAUL FORTIER,India,Chapra,2005-07-12,18.95,5,5,"2,2,2,1","2,2,2,1",2881
CECIL VINES,United Kingdom,London,2005-07-30,18.95,5,5,"1,1,2,1","1,1,2,1",2881
ANDRE RAPP,Chile,Coquimbo,2005-08-02,18.95,5,5,"2,1,1,2,1","2,1,1,2,1",2881
HARVEY GUAJARDO,Vietnam,Vinh,2005-07-31,18.95,5,5,"2,1,1,2","2,1,1,2",2881
HARVEY GUAJARDO,Vietnam,Vinh,2005-08-22,18.95,5,5,"1,1,1,1,1","1,1,1,1,1",2881
EVELYN MORGAN,Liechtenstein,Vaduz,2005-07-10,18.95,5,5,"1,2,1,1,2","1,2,1,1,2",2909
REGINA BERRY,China,Jinchang,2005-07-09,18.95,5,5,"1,1,2,2,1","1,1,2,2,1",2909
CAROLE BARNETT,United States,Peoria,2005-07-12,18.95,5,5,"2,1,2,2,2","2,1,2,2,2",2909
GREGORY MAULDIN,Tunisia,Sousse,2005-07-07,18.95,5,5,"1,2,1","1,2,1",2909
GENE SANBORN,Oman,Salala,2005-06-20,18.95,5,5,"1,1,1,1","1,1,1,1",2909
BRAD MCCURDY,Taiwan,Chungho,2005-07-08,18.95,5,5,"2,1,2","2,1,2",2909
SIDNEY BURLESON,Poland,Czestochowa,2005-07-29,18.95,5,5,"1,2,2,1","1,2,2,1",2909
PATRICK NEWSOM,Vietnam,Hanoi,2005-07-29,18.95,5,5,"2,2,1","2,2,1",2916
CHAD CARBONE,India,Katihar,2005-08-01,18.95,5,5,"1,1,1,1","1,1,1,1",2916
EDUARDO HIATT,China,Jining,2005-07-07,18.95,5,5,"2,1,2,1","2,1,2,1",2916
TRACY COLE,Mexico,Huixquilucan,2005-07-09,18.94,6,6,"1,2,1,1,2","1,2,1,1,2",2919
PAULINE HENRY,Mexico,Torren,2005-08-22,18.94,6,6,"1,1,2,1,2,2","1,1,2,1,2,2",2919
ANGELA HERNANDEZ,Japan,Shimonoseki,2005-06-20,18.94,6,6,"1,2,2","1,2,2",2921
IRENE PRICE,Kazakstan,Pavlodar,2005-07-31,18.94,6,6,"2,1,2,2","2,1,2,2",2921
RITA GRAHAM,France,Toulon,2005-08-19,18.94,6,6,"1,1,1","1,1,1",2921
SAMUEL MARLOW,India,Ranchi,2005-06-21,18.94,6,6,"1,2,1,1,1","1,2,1,1,1",2921
SAMUEL MARLOW,India,Ranchi,2005-08-02,18.94,6,6,"1,2,1,1,2","1,2,1,1,2",2921
LAWRENCE LAWTON,Cameroon,Yaound,2005-08-01,18.94,6,6,"1,2,1,1","1,2,1,1",2921
JEFFERY PINSON,Pakistan,Dadu,2005-07-30,18.94,6,6,"1,2,2","1,2,2",2921
MARC OUTLAW,Italy,Brindisi,2005-07-31,18.94,6,6,"1,2,1,1","1,2,1,1",2921
JESSIE MILAM,China,Binzhou,2005-06-20,18.94,6,6,"1,1,1,2,1","1,1,1,2,1",2921
JOANN GARDNER,Turkey,Tarsus,2005-07-12,18.94,6,6,"2,1,1,2,1","2,1,1,2,1",2930
DAISY BATES,Russian Federation,Kolpino,2005-06-19,18.94,6,6,"1,2,1,1,1","1,2,1,1,1",2930
WAYNE TRUONG,India,Gulbarga,2005-07-31,18.94,6,6,"1,2,2,2,2","1,2,2,2,2",2930
VINCENT RALSTON,Mexico,Allende,2005-08-19,18.94,6,6,"1,2,1","1,2,1",2930
CLINTON BUFORD,United States,Aurora,2005-07-11,18.94,6,6,"1,2,1,2,2,1","1,2,1,2,2,1",2930
EVELYN MORGAN,Liechtenstein,Vaduz,2005-07-31,18.93,7,7,"2,1,2,1,2","2,1,2,1,2",2935
CHAD CARBONE,India,Katihar,2005-07-10,18.93,7,7,"1,1,2,2,1","1,1,2,2,1",2935
DEREK BLAKELY,Philippines,Gingoog,2005-07-31,18.93,7,7,"2,2,2,1,2","2,2,2,1,2",2935
JAIME NETTLES,Peru,Hunuco,2005-07-12,18.93,7,7,"1,1,2,1,1,1","1,1,2,1,1,1",2935
MATTIE HOFFMAN,United Kingdom,London,2005-08-01,18.92,8,8,"1,2,1,1,1,2","1,2,1,1,1,2",2939
JIMMY SCHRADER,Russian Federation,Atinsk,2005-07-31,17.95,5,5,"2,2,1,1,2","2,2,1,1,2",2940
PAULINE HENRY,Mexico,Torren,2005-08-20,17.95,5,5,"1,1,2,1,2","1,1,2,1,2",2941
SUSAN WILSON,New Zealand,Hamilton,2005-07-08,17.95,5,5,"1,1,2,1","1,1,2,1",2942
BETTY WHITE,United States,Citrus Heights,2005-07-09,17.95,5,5,"1,1,1,2","1,1,1,2",2942
JANET PHILLIPS,Chile,Antofagasta,2005-06-21,17.95,5,5,"1,2,2,1,2","1,2,2,1,2",2942
JULIE SANCHEZ,Spain,A Corua (La Corua),2005-07-11,17.95,5,5,"1,1,2,1,1","1,1,2,1,1",2942
IRENE PRICE,Kazakstan,Pavlodar,2005-07-30,17.95,5,5,"2,1,2","2,1,2",2942
ANNIE RUSSELL,Mozambique,Tete,2005-08-01,17.95,5,5,"2,2,2,1,1","2,2,2,1,1",2942
CONNIE WALLACE,Russian Federation,Ivanovo,2005-07-30,17.95,5,5,"2,1,1,2","2,1,1,2",2942
CHARLOTTE HUNTER,Brazil,guas Lindas de Gois,2005-07-31,17.95,5,5,"1,1,1,2","1,1,1,2",2942
COLLEEN BURTON,Germany,Saarbrcken,2005-07-29,17.95,5,5,"1,1,1,2","1,1,1,2",2942
COURTNEY DAY,South Korea,Uijongbu,2005-07-27,17.95,5,5,"2,1","2,1",2942
FRANK WAGGONER,Bangladesh,Jamalpur,2005-07-08,17.95,5,5,"2,2,1,1,2","2,2,1,1,2",2942
LAWRENCE LAWTON,Cameroon,Yaound,2005-07-31,17.95,5,5,"1,2,1","1,2,1",2942
VICTOR BARKLEY,United States,Manchester,2005-08-21,17.95,5,5,"2,1,2","2,1,2",2942
JEFF EAST,Dominican Republic,San Felipe de Puerto Plata,2005-07-11,17.95,5,5,"1,2,1,1","1,2,1,1",2942
JORGE OLIVARES,Indonesia,Lhokseumawe,2005-07-09,17.95,5,5,"1,2,2,1,2","1,2,2,1,2",2942
RAFAEL ABNEY,Philippines,Talavera,2005-08-23,17.95,5,5,"1,2,1,1,1","1,2,1,1,1",2942
JESSIE MILAM,China,Binzhou,2005-06-19,17.95,5,5,"1,1,1,2","1,1,1,2",2942
CHRISTIAN JUNG,India,Amroha,2005-07-30,17.95,5,5,"2,1,2,1,2","2,1,2,1,2",2942
ENRIQUE FORSYTHE,Greece,Patras,2005-07-12,17.95,5,5,"2,1,2","2,1,2",2942
ENRIQUE FORSYTHE,Greece,Patras,2005-08-02,17.95,5,5,"1,2,1,2","1,2,1,2",2942
ERICA MATTHEWS,China,Pingxiang,2005-08-21,17.95,5,5,"2,1,2,2","2,1,2,2",2962
GEORGIA JACOBS,India,Uttarpara-Kotrung,2005-07-09,17.95,5,5,"2,1,2,2,1","2,1,2,2,1",2962
BOBBIE CRAIG,Mexico,Valle de Santiago,2005-08-02,17.95,5,5,"2,2,1,1","2,2,1,1",2962
RONALD WEINER,Mexico,San Felipe del Progreso,2005-06-20,17.95,5,5,"1,1,2,2,2","1,1,2,2,2",2962
JUSTIN NGO,Brazil,Santo Andr,2005-07-09,17.95,5,5,"2,2,1,2,1","2,2,1,2,1",2962
BRUCE SCHWARZ,Japan,Okinawa,2005-06-20,17.95,5,5,"1,1,1,1,2","1,1,1,1,2",2962
BRANDON HUEY,Turkey,Balikesir,2005-07-09,17.95,5,5,"2,1,2,1,2","2,1,2,1,2",2962
WAYNE TRUONG,India,Gulbarga,2005-07-29,17.95,5,5,"1,2,2,2","1,2,2,2",2962
HERMAN DEVORE,Tanzania,Mwanza,2005-07-08,17.95,5,5,"1,1","1,1",2962
BEVERLY BROOKS,Taiwan,Chiayi,2005-08-23,17.95,5,5,"2,2,1,1,2","2,2,1,1,2",2971
WALTER PERRYMAN,China,Xinxiang,2005-08-19,17.95,5,5,"1,2,1,1","1,2,1,1",2971
ELMER NOE,Cambodia,Battambang,2005-06-21,17.95,5,5,"1,1,1,2,1","1,1,1,2,1",2971
LUCY WHEELER,India,Balurghat,2005-07-31,17.94,6,6,"1,1,2,1,2,1","1,1,2,1,2,1",2974
FELICIA SUTTON,China,Korla,2005-08-23,17.94,6,6,"1,2,1,1,1","1,2,1,1,1",2974
DONALD MAHON,China,Ezhou,2005-08-22,17.94,6,6,"2,2,1,2,1","2,2,1,2,1",2974
VIRGINIA GREEN,France,Toulouse,2005-06-20,17.94,6,6,"1,1,1,1,2","1,1,1,1,2",2977
THERESA WATSON,Philippines,Taguig,2005-07-11,17.94,6,6,"1,2,1,1,2","1,2,1,1,2",2977
NORMA GONZALES,Philippines,Bislig,2005-08-23,17.94,6,6,"1,1,2,1,1","1,1,2,1,1",2977
SALLY PIERCE,India,Chandrapur,2005-07-29,17.94,6,6,"1,2,1","1,2,1",2977
SAMANTHA DUNCAN,Mexico,Matamoros,2005-08-22,17.94,6,6,"2,1,2,2","2,1,2,2",2977
FRED WHEAT,Mexico,Jurez,2005-07-31,17.94,6,6,"1,2,2,1,2,1","1,2,2,1,2,1",2977
MARIO CHEATHAM,Algeria,Batna,2005-07-10,17.94,6,6,"2,1,2,2,1","2,1,2,2,1",2977
JAY ROBB,Indonesia,Surakarta,2005-06-19,17.94,6,6,"2,1,2,2,1,1","2,1,2,2,1,1",2977
CORY MEEHAN,Belarus,Mogiljov,2005-08-01,17.94,6,6,"2,1,1,2,2","2,1,1,2,2",2977
DENISE KELLY,Brazil,Rio Claro,2005-08-20,17.94,6,6,"2,2,2,1","2,2,2,1",2986
CYNTHIA YOUNG,India,Munger (Monghyr),2005-07-12,17.93,7,7,"1,2,2,1,2,2","1,2,2,1,2,2",2987
JOANNE ROBERTSON,Japan,Urawa,2005-07-11,17.93,7,7,"2,2,2,1,2","2,2,2,1,2",2987
SANDRA MARTIN,United Kingdom,Southend-on-Sea,2005-07-31,16.95,5,5,"2,2,2,2","2,2,2,2",2989
SARAH LEWIS,Latvia,Liepaja,2005-06-21,16.95,5,5,"1,1,1","1,1,1",2989
THERESA WATSON,Philippines,Taguig,2005-07-10,16.95,5,5,"1,2,1,1","1,2,1,1",2989
NORMA GONZALES,Philippines,Bislig,2005-08-22,16.95,5,5,"1,1,2,1","1,1,2,1",2989
DARLENE ROSE,North Korea,Pyongyang,2005-07-10,16.95,5,5,"1,1,2,1,1","1,1,2,1,1",2989
CASSANDRA WALTERS,United States,Salinas,2005-05-31,16.95,5,5,"1,2,2,1,2","1,2,2,1,2",2989
DIANNE SHELTON,Iran,Tabriz,2005-06-21,16.95,5,5,"1,1,1","1,1,1",2989
MISTY LAMBERT,United Arab Emirates,Sharja,2005-07-10,16.95,5,5,"2,1,2,1","2,1,2,1",2989
BOBBY BOUDREAU,Anguilla,South Hill,2005-06-21,16.95,5,5,"1,1,2,1,2","1,1,2,1,2",2989
ALEXANDER FENNELL,Italy,Bergamo,2005-06-20,16.95,5,5,"1,2,2,1,1","1,2,2,1,1",2989
MARIO CHEATHAM,Algeria,Batna,2005-07-09,16.95,5,5,"2,1,2,2","2,1,2,2",2989
ANDRE RAPP,Chile,Coquimbo,2005-07-10,16.95,5,5,"2,2,2,2","2,2,2,2",2989
ROSS GREY,Philippines,Iligan,2005-07-10,16.95,5,5,"2,2,2,1","2,2,2,1",2989
BEATRICE ARNOLD,India,Udaipur,2005-07-09,16.95,5,5,"2,1,2,2,2","2,1,2,2,2",3002
DAISY BATES,Russian Federation,Kolpino,2005-06-18,16.95,5,5,"1,2,1,1","1,2,1,1",3002
LARRY THRASHER,Turkey,Adana,2005-08-20,16.95,5,5,"2,1,2,1,1","2,1,2,1,1",3002
HENRY BILLINGSLEY,Tonga,Nukualofa,2005-08-21,16.95,5,5,"2,2,1,1,2","2,2,1,1,2",3002
SEAN DOUGLASS,Ethiopia,Addis Abeba,2005-07-31,16.95,5,5,"1,1,2,2","1,1,2,2",3002
RONNIE RICKETTS,Senegal,Ziguinchor,2005-07-11,16.95,5,5,"1,2,1,2,2","1,2,1,2,2",3002
DARRYL ASHCRAFT,Argentina,Ezeiza,2005-07-29,16.95,5,5,"1,2,2,1","1,2,2,1",3002
TED BREAUX,China,Baicheng,2005-08-21,16.95,5,5,"2,1,2,2,1","2,1,2,2,1",3002
VICKIE BREWER,Germany,Halle/Saale,2005-07-31,16.95,5,5,"2,2,2,1,1","2,2,2,1,1",3010
JAY ROBB,Indonesia,Surakarta,2005-08-21,16.95,5,5,"2,2,1,1","2,2,1,1",3010
RONALD WEINER,Mexico,San Felipe del Progreso,2005-08-17,16.95,5,5,"1,2","1,2",3012
CLINTON BUFORD,United States,Aurora,2005-08-21,16.95,5,5,"2,2,1,2,1","2,2,1,2,1",3012
JENNIFER DAVIS,United States,Laredo,2005-08-02,16.94,6,6,"2,1,1,1","2,1,1,1",3014
CYNTHIA YOUNG,India,Munger (Monghyr),2005-07-11,16.94,6,6,"1,2,2,1,2","1,2,2,1,2",3015
MILDRED BAILEY,India,Jaipur,2005-08-01,16.94,6,6,"2,1,1,1,2","2,1,1,1,2",3015
CHRISTY VARGAS,China,Datong,2005-07-29,16.94,6,6,"2,1,1,1","2,1,1,1",3015
HILDA HOPKINS,Philippines,Mandaluyong,2005-07-09,16.94,6,6,"1,2,2,2","1,2,2,2",3015
ERIKA PENA,Finland,Oulu,2005-07-09,16.94,6,6,"2,1,2,1,2,1","2,1,2,1,2,1",3015
ERIKA PENA,Finland,Oulu,2005-07-12,16.94,6,6,"1,2,1,2,1,2","1,2,1,2,1,2",3015
JACK FOUST,Russian Federation,Zeleznogorsk,2005-07-10,16.94,6,6,"1,1,2,1,1","1,1,2,1,1",3015
AARON SELBY,"Congo, The Democratic Republic of the",Mwene-Ditu,2005-08-01,16.94,6,6,"1,2,1,2","1,2,1,2",3015
ALFREDO MCADAMS,Russian Federation,Serpuhov,2005-07-12,16.94,6,6,"1,2,2,1,2,2","1,2,2,1,2,2",3015
CATHY SPENCER,Japan,Kakamigahara,2005-08-01,16.94,6,6,"1,2,2,2","1,2,2,2",3024
RAY HOULE,Russian Federation,Dzerzinsk,2005-08-20,16.94,6,6,"1,1,2,1","1,1,2,1",3024
LOIS BUTLER,Brunei,Bandar Seri Begawan,2005-07-30,16.93,7,7,"2,2,1,1,2","2,2,1,1,2",3026
BOBBY BOUDREAU,Anguilla,South Hill,2005-07-12,16.93,7,7,"2,1,2,2,2","2,1,2,2,2",3027
ERIN DUNN,Russian Federation,Ljubertsy,2005-08-01,16.93,7,7,"2,1,1,2,1,2","2,1,1,2,1,2",3028
NORMAN CURRIER,Indonesia,Cianjur,2005-07-31,16.93,7,7,"1,2,1,2,2","1,2,1,2,2",3028
EDGAR RHOADS,Turkey,Eskisehir,2005-07-10,16.93,7,7,"1,2,2,1","1,2,2,1",3028
MONICA HICKS,Ukraine,Mukateve,2005-08-18,15.95,5,5,"2,1,1,2","2,1,1,2",3031
CAROLYN PEREZ,Thailand,Pak Kret,2005-07-28,15.95,5,5,"1,1,1","1,1,1",3032
JUANITA MASON,India,Pune,2005-07-29,15.95,5,5,"2,1,1,1","2,1,1,1",3032
JO FOWLER,Nigeria,Oyo,2005-07-11,15.95,5,5,"1,1,1,1","1,1,1,1",3032
EARL SHANKS,Japan,Iwatsuki,2005-07-30,15.95,5,5,"2,2,1","2,2,1",3032
DOROTHY TAYLOR,Iran,Esfahan,2005-06-20,15.95,5,5,"1,1,2,1,1","1,1,2,1,1",3036
CYNTHIA YOUNG,India,Munger (Monghyr),2005-07-10,15.95,5,5,"1,2,2,1","1,2,2,1",3036
ANGELA HERNANDEZ,Japan,Shimonoseki,2005-06-19,15.95,5,5,"1,2","1,2",3036
MILDRED BAILEY,India,Jaipur,2005-07-31,15.95,5,5,"2,1,1,1","2,1,1,1",3036
JANE BENNETT,Brazil,Araatuba,2005-08-01,15.95,5,5,"1,1,2,1,2","1,1,2,1,2",3036
NATALIE MEYER,Brazil,Aparecida de Goinia,2005-06-21,15.95,5,5,"2,1,2,1","2,1,2,1",3036
SAMUEL MARLOW,India,Ranchi,2005-06-19,15.95,5,5,"1,2,1,1","1,2,1,1",3036
VICTOR BARKLEY,United States,Manchester,2005-06-20,15.95,5,5,"1,2","1,2",3036
ALAN KAHN,China,Emeishan,2005-07-11,15.95,5,5,"2,1,1,2,2","2,1,1,2,2",3036
NORMAN CURRIER,Indonesia,Cianjur,2005-07-10,15.95,5,5,"1,2,1,2,1","1,2,1,2,1",3036
LEO EBERT,China,Dongying,2005-08-01,15.95,5,5,"2,2,1,1","2,2,1,1",3036
CHRISTIAN JUNG,India,Amroha,2005-06-21,15.95,5,5,"1,1,2,1","1,1,2,1",3036
FERNANDO CHURCHILL,South Korea,Tonghae,2005-07-11,15.95,5,5,"1,1,1,2,1","1,1,1,2,1",3036
ALFREDO MCADAMS,Russian Federation,Serpuhov,2005-07-11,15.95,5,5,"1,2,2,1,2","1,2,2,1,2",3036
JULIAN VEST,Japan,Akishima,2005-06-21,15.95,5,5,"1,2,1,1","1,2,1,1",3036
CATHY SPENCER,Japan,Kakamigahara,2005-07-29,15.95,5,5,"1,2,2","1,2,2",3051
LEONARD SCHOFIELD,Argentina,Tandil,2005-08-21,15.94,6,6,"1,2,1,1,2","1,2,1,1,2",3052
ALBERTO HENNING,Venezuela,Barcelona,2005-08-01,15.94,6,6,"2,2,2,1,1,2","2,2,2,1,1,2",3052
SUZANNE NICHOLS,Indonesia,Jakarta,2005-07-10,15.94,6,6,"1,1,2,2","1,1,2,2",3054
JUAN FRALEY,Russian Federation,Teboksary,2005-07-10,15.94,6,6,"1,1,1,1","1,1,1,1",3054
NORMAN CURRIER,Indonesia,Cianjur,2005-07-29,15.94,6,6,"1,2,1,2","1,2,1,2",3054
RAY HOULE,Russian Federation,Dzerzinsk,2005-06-20,15.94,6,6,"2,1,1,2","2,1,1,2",3054
JIM REA,Mexico,El Fuerte,2005-06-20,15.94,6,6,"1,1,1,1,2","1,1,1,1,2",3054
TOMMY COLLAZO,Iran,Qomsheh,2005-06-20,15.94,6,6,"2,1,2","2,1,2",3054
EDGAR RHOADS,Turkey,Eskisehir,2005-07-08,15.94,6,6,"1,2,2","1,2,2",3054
GENE SANBORN,Oman,Salala,2005-07-10,15.94,6,6,"2,1,2,1,2","2,1,2,1,2",3061
REBECCA SCOTT,Japan,Kurashiki,2005-08-18,14.95,5,5,"1,2,2,1","1,2,2,1",3062
FELICIA SUTTON,China,Korla,2005-08-19,14.95,5,5,"1,2,1,1","1,2,1,1",3062
DAVE GARDINER,China,Leshan,2005-08-01,14.95,5,5,"1,2,2,2","1,2,2,2",3062
SHANNON FREEMAN,India,Varanasi (Benares),2005-06-19,14.95,5,5,"2,1,2,2,1","2,1,2,2,1",3065
CHARLOTTE HUNTER,Brazil,guas Lindas de Gois,2005-06-19,14.95,5,5,"1,2,2,1","1,2,2,1",3065
MICHAEL SILVERMAN,China,Tiefa,2005-07-10,14.95,5,5,"2,2","2,2",3065
GARY COY,China,Yuzhou,2005-07-10,14.95,5,5,"1,1,2,2,1","1,1,2,2,1",3065
JAY ROBB,Indonesia,Surakarta,2005-06-18,14.95,5,5,"2,1,2,2,1","2,1,2,2,1",3065
RAMON CHOATE,Ecuador,Robamba,2005-07-07,14.95,5,5,"1,2,1,2","1,2,1,2",3065
LANCE PEMBERTON,Morocco,Beni-Mellal,2005-07-31,14.95,5,5,"2,1,2,1","2,1,2,1",3065
LLOYD DOWD,Indonesia,Tegal,2005-08-20,14.95,5,5,"2,2,2,2","2,2,2,2",3072
GENE SANBORN,Oman,Salala,2005-07-09,14.95,5,5,"2,1,2,1","2,1,2,1",3072
KIMBERLY LEE,Argentina,Crdoba,2005-08-02,14.94,6,6,"1,1,1,2,2,1","1,1,1,2,2,1",3074
JESSIE BANKS,Bulgaria,Stara Zagora,2005-08-22,14.94,6,6,"1,2,1,2,2,2","1,2,1,2,2,2",3074
HEIDI LARSON,China,Xiangfan,2005-07-10,14.94,6,6,"2,1,2,1,2","2,1,2,1,2",3076
MATTIE HOFFMAN,United Kingdom,London,2005-07-30,14.94,6,6,"1,2,1,1,1","1,2,1,1,1",3076
KIRK STCLAIR,Taiwan,Tsaotun,2005-08-21,14.94,6,6,"1,1,2,1,2","1,1,2,1,2",3076
TAMMY SANDERS,Taiwan,Changhwa,2005-07-28,13.95,5,5,"1,1,2","1,1,2",3079
NANCY THOMAS,India,Yamuna Nagar,2005-07-30,13.95,5,5,"2,2","2,2",3080
SHIRLEY ALLEN,Philippines,Davao,2005-07-11,13.95,5,5,"2,1,1,2","2,1,1,2",3080
LEONARD SCHOFIELD,Argentina,Tandil,2005-07-31,13.95,5,5,"1,1,2,1,1","1,1,2,1,1",3080
CYNTHIA YOUNG,India,Munger (Monghyr),2005-06-21,13.95,5,5,"2,1,2,2,1","2,1,2,2,1",3083
JOSEPHINE GOMEZ,India,Etawah,2005-07-29,13.95,5,5,"2,1,1,2","2,1,1,2",3083
MATTIE HOFFMAN,United Kingdom,London,2005-07-29,13.95,5,5,"1,2,1,1","1,2,1,1",3083
MAXINE SILVA,Brazil,Poos de Caldas,2005-06-19,13.95,5,5,"1,2,1,2","1,2,1,2",3083
JUAN FRALEY,Russian Federation,Teboksary,2005-07-09,13.95,5,5,"1,1,1","1,1,1",3083
JOHNNY TURPIN,Sudan,al-Qadarif,2005-07-09,13.95,5,5,"2,1,1,2","2,1,1,2",3083
NATHAN RUNYON,"Virgin Islands, U.S.",Charlotte Amalie,2005-06-19,13.95,5,5,"1,2,1,2,2","1,2,1,2,2",3083
CORY MEEHAN,Belarus,Mogiljov,2005-07-11,13.95,5,5,"1,1,2,1","1,1,2,1",3083
ERIK GUILLEN,India,Bhimavaram,2005-07-11,13.95,5,5,"2,1,1","2,1,1",3083
BOBBIE CRAIG,Mexico,Valle de Santiago,2005-08-21,13.93,7,7,"2,1,1,2,2","2,1,1,2,2",3092
VIRGINIA GREEN,France,Toulouse,2005-07-09,12.95,5,5,"2,2,2,1","2,2,2,1",3093
BOBBY BOUDREAU,Anguilla,South Hill,2005-07-30,12.95,5,5,"1,1,2,2","1,1,2,2",3093
KATHLEEN ADAMS,Iran,Arak,2005-07-11,12.95,5,5,"2,2,1,2","2,2,1,2",3095
LAUREN HUDSON,France,Le Mans,2005-06-20,12.95,5,5,"2,1,1,1,2","2,1,1,1,2",3095
LAURIE LAWRENCE,India,Firozabad,2005-07-12,12.95,5,5,"1,1,1,2,2","1,1,1,2,2",3095
TANYA GILBERT,South Korea,Naju,2005-06-20,12.95,5,5,"1,2,1,1,2","1,2,1,1,2",3095
CAROLINE BOWMAN,United States,Tallahassee,2005-07-12,12.95,5,5,"1,2,1,1,2","1,2,1,1,2",3095
PENNY NEAL,India,Kumbakonam,2005-07-11,12.95,5,5,"1,2,2,1,1","1,2,2,1,1",3095
JACK FOUST,Russian Federation,Zeleznogorsk,2005-07-09,12.95,5,5,"1,1,2,1","1,1,2,1",3095
JEFFERY PINSON,Pakistan,Dadu,2005-06-16,12.95,5,5,"2,1,2","2,1,2",3095
DEREK BLAKELY,Philippines,Gingoog,2005-07-30,12.95,5,5,"2,2,2","2,2,2",3095
IRENE PRICE,Kazakstan,Pavlodar,2005-06-21,12.94,6,6,"2,1,2,2,1,2","2,1,2,2,1,2",3104
KIMBERLY LEE,Argentina,Crdoba,2005-08-01,11.95,5,5,"1,1,1,2,2","1,1,1,2,2",3105
IRENE PRICE,Kazakstan,Pavlodar,2005-06-20,11.95,5,5,"2,1,2,2,1","2,1,2,2,1",3106
HAZEL WARREN,China,Hohhot,2005-07-12,11.95,5,5,"1,1,1","1,1,1",3106
CHARLENE ALVAREZ,Tanzania,Zanzibar,2005-07-11,10.95,5,5,"2,2,2","2,2,2",3108
