database_name,query,difficulty,uuid,query_short,query_business,query_technical,query_short_related,query_business_related,query_technical_related,variant_index,true_qdrant_uuid,predicted_short,predicted_business,predicted_technical
sakila,"Показать идентификатор платежа, идентификатор клиента, сумму и дату платежа для всех платежей на сумму больше 8.00, отсортировав их по сумме по убыванию.",easy,48311c49-4ade-408c-b1d9-99752bbc105d,"Скрипт для формирования списка платежей с суммой больше 8.00, включая идентификатор платежа, идентификатор клиента, сумму и дату платежа, отсортированных по сумме по убыванию.","Скрипт для формирования списка платежей клиентов с суммой больше 8.00 с указанием идентификатора платежа, клиента, суммы и даты операции, отсортированного по сумме в порядке убывания.","Скрипт для формирования списка платежей с идентификатором платежа, идентификатором клиента, суммой и датой платежа, отфильтрованных по сумме больше 8.00 и отсортированных по сумме в порядке убывания.","Скрипт для отображения идентификатора платежа, идентификатора клиента и суммы для платежей с суммой меньше 5.00, отсортированных по сумме по возрастанию.","Выявить все транзакции с суммой платежа свыше 8.00 для анализа крупных списаний по клиентам, отсортировав их от наибольшей суммы к наименьшей для приоритизации при мониторинге подозрительных операций.","Отобразить идентификатор платежа, идентификатор сотрудника, сумму и дату платежа для всех платежей, у которых сумма меньше 3.00, упорядочив их по дате платежа от самой ранней к самой поздней.",0,c35c933b-1acc-5e76-b8d0-0088106e46ad-sql,c075474a-2169-5a3a-99a8-db6ff1c22a29-sql;014ae64a-c12a-5b5a-b27e-ae85d129fedc-sql;dd50b6ce-3ff2-5397-a29a-ce6dcd913bae-sql;a06aefd1-4dab-51f3-8aa4-eccc1ee41cbd-sql;c35c933b-1acc-5e76-b8d0-0088106e46ad-sql,2cbeb819-e994-520f-b0df-fd0cbff51808-sql;e79c18bc-418f-5fd4-9972-7e34cd61cc4a-sql;c35c933b-1acc-5e76-b8d0-0088106e46ad-sql;014ae64a-c12a-5b5a-b27e-ae85d129fedc-sql;a06aefd1-4dab-51f3-8aa4-eccc1ee41cbd-sql,014ae64a-c12a-5b5a-b27e-ae85d129fedc-sql;dd50b6ce-3ff2-5397-a29a-ce6dcd913bae-sql;758f6a5c-fb42-58c4-8bde-45004bd52662-sql;c075474a-2169-5a3a-99a8-db6ff1c22a29-sql;70125e64-c3a3-5a78-945c-1db179627269-sql
sakila,"Показать идентификатор платежа, идентификатор клиента, сумму и дату платежа для всех платежей на сумму больше 8.00, отсортировав их по сумме по убыванию.",easy,48311c49-4ade-408c-b1d9-99752bbc105d,"Скрипт для формирования списка платежей с суммой больше 8.00, включая идентификатор платежа, идентификатор клиента, сумму и дату платежа, отсортированных по сумме по убыванию.","Скрипт для формирования списка платежей клиентов с суммой больше 8.00 с указанием идентификатора платежа, клиента, суммы и даты операции, отсортированного по сумме в порядке убывания.","Скрипт для формирования списка платежей с идентификатором платежа, идентификатором клиента, суммой и датой платежа, отфильтрованных по сумме больше 8.00 и отсортированных по сумме в порядке убывания.","Скрипт для вывода идентификатора платежа, имени клиента, суммы и даты платежа для всех платежей, принятых сотрудником с идентификатором 1, отсортированных по дате платежа по возрастанию.","Для анализа транзакций с высокой суммой и контроля корректности начислений подготовить отчёт, включающий идентификатор платежа, клиента, сумму и дату для всех платежей на сумму более 9.99 долларов, отсортировав их по возрастанию суммы.","Вывести идентификатор платежа, идентификатор сотрудника, сумму и дату платежа для платежей с суммой менее 5.00, отсортировав их по дате платежа по возрастанию.",1,c35c933b-1acc-5e76-b8d0-0088106e46ad-sql,014ae64a-c12a-5b5a-b27e-ae85d129fedc-sql;dd50b6ce-3ff2-5397-a29a-ce6dcd913bae-sql;aaba7f4e-f0ff-5f8e-b937-feb2aebcb6ef-sql;a06aefd1-4dab-51f3-8aa4-eccc1ee41cbd-sql;5259df29-82da-5d5f-99fd-a8b1042e7cbd-sql,c35c933b-1acc-5e76-b8d0-0088106e46ad-sql;dd50b6ce-3ff2-5397-a29a-ce6dcd913bae-sql;2cbeb819-e994-520f-b0df-fd0cbff51808-sql;014ae64a-c12a-5b5a-b27e-ae85d129fedc-sql;e79c18bc-418f-5fd4-9972-7e34cd61cc4a-sql,dd50b6ce-3ff2-5397-a29a-ce6dcd913bae-sql;c075474a-2169-5a3a-99a8-db6ff1c22a29-sql;014ae64a-c12a-5b5a-b27e-ae85d129fedc-sql;70125e64-c3a3-5a78-945c-1db179627269-sql;758f6a5c-fb42-58c4-8bde-45004bd52662-sql
sakila,"Показать идентификатор платежа, идентификатор клиента, сумму и дату платежа для всех платежей на сумму больше 8.00, отсортировав их по сумме по убыванию.",easy,48311c49-4ade-408c-b1d9-99752bbc105d,"Скрипт для формирования списка платежей с суммой больше 8.00, включая идентификатор платежа, идентификатор клиента, сумму и дату платежа, отсортированных по сумме по убыванию.","Скрипт для формирования списка платежей клиентов с суммой больше 8.00 с указанием идентификатора платежа, клиента, суммы и даты операции, отсортированного по сумме в порядке убывания.","Скрипт для формирования списка платежей с идентификатором платежа, идентификатором клиента, суммой и датой платежа, отфильтрованных по сумме больше 8.00 и отсортированных по сумме в порядке убывания.","Скрипт для отображения идентификатора платежа, идентификатора клиента и суммы для всех платежей на сумму меньше 5.00, отсортированных по сумме по возрастанию.","Отчёт о всех платежах на сумму более 6 долларов, отсортированных по дате платежа в порядке убывания, с указанием идентификатора платежа, клиента и суммы, для анализа динамики поступлений.","Выбрать идентификатор платежа, идентификатор сотрудника, сумму платежа и дату для всех платежей, сумма которых меньше 3.00, упорядочив записи по дате платежа в порядке возрастания.",2,c35c933b-1acc-5e76-b8d0-0088106e46ad-sql,c075474a-2169-5a3a-99a8-db6ff1c22a29-sql;014ae64a-c12a-5b5a-b27e-ae85d129fedc-sql;dd50b6ce-3ff2-5397-a29a-ce6dcd913bae-sql;a06aefd1-4dab-51f3-8aa4-eccc1ee41cbd-sql;7bd948b3-a57b-5182-b882-e638fc09454b-sql,c35c933b-1acc-5e76-b8d0-0088106e46ad-sql;dd50b6ce-3ff2-5397-a29a-ce6dcd913bae-sql;aaba7f4e-f0ff-5f8e-b937-feb2aebcb6ef-sql;bafc8eab-f07b-54f0-8b98-225791ebb1d5-sql;014ae64a-c12a-5b5a-b27e-ae85d129fedc-sql,c35c933b-1acc-5e76-b8d0-0088106e46ad-sql;dd50b6ce-3ff2-5397-a29a-ce6dcd913bae-sql;014ae64a-c12a-5b5a-b27e-ae85d129fedc-sql;c075474a-2169-5a3a-99a8-db6ff1c22a29-sql;70125e64-c3a3-5a78-945c-1db179627269-sql
sakila,"Показать 10 самых крупных платежей клиентов с указанием идентификатора платежа, идентификатора клиента, суммы и даты платежа, отсортировав по сумме по убыванию",easy,1f20ef88-9279-4248-9373-dd67f628e895,"Скрипт для поиска 10 самых крупных платежей клиентов с указанием идентификатора платежа, идентификатора клиента, суммы и даты платежа, отсортированных по сумме по убыванию","Скрипт для поиска 10 крупнейших платежей клиентов с указанием идентификатора платежа, идентификатора клиента, суммы и даты платежа, отсортированных по сумме по убыванию","Скрипт для формирования списка 10 самых крупных платежей клиентов с выводом идентификатора платежа, идентификатора клиента, суммы и даты платежа, отсортированного по сумме платежа по убыванию","Скрипт для вывода 5 наименьших платежей клиентов с указанием идентификатора платежа, суммы и даты, отсортированных по возрастанию суммы.","Для целей финансового мониторинга и выявления подозрительных операций клиентов необходимо получить перечень 10 крупнейших транзакций с указанием идентификаторов платежа и клиента, суммы и даты, упорядоченный по убыванию суммы.","Отобрать 5 наибольших по сумме платежей, совершённых в 2005 году, вывести идентификатор платежа, идентификатор клиента, сумму и дату платежа, упорядочить записи по убыванию суммы.",0,bafc8eab-f07b-54f0-8b98-225791ebb1d5-sql,014ae64a-c12a-5b5a-b27e-ae85d129fedc-sql;c075474a-2169-5a3a-99a8-db6ff1c22a29-sql;dd50b6ce-3ff2-5397-a29a-ce6dcd913bae-sql;a06aefd1-4dab-51f3-8aa4-eccc1ee41cbd-sql;758f6a5c-fb42-58c4-8bde-45004bd52662-sql,bafc8eab-f07b-54f0-8b98-225791ebb1d5-sql;2cbeb819-e994-520f-b0df-fd0cbff51808-sql;aaba7f4e-f0ff-5f8e-b937-feb2aebcb6ef-sql;e79c18bc-418f-5fd4-9972-7e34cd61cc4a-sql;014ae64a-c12a-5b5a-b27e-ae85d129fedc-sql,5259df29-82da-5d5f-99fd-a8b1042e7cbd-sql;aa228506-8c73-5dfa-82d6-658e4747cef5-sql;31e16f9a-eed8-51f5-b4a8-597df678d268-sql;aaba7f4e-f0ff-5f8e-b937-feb2aebcb6ef-sql;bafc8eab-f07b-54f0-8b98-225791ebb1d5-sql
sakila,"Показать 10 самых крупных платежей клиентов с указанием идентификатора платежа, идентификатора клиента, суммы и даты платежа, отсортировав по сумме по убыванию",easy,1f20ef88-9279-4248-9373-dd67f628e895,"Скрипт для поиска 10 самых крупных платежей клиентов с указанием идентификатора платежа, идентификатора клиента, суммы и даты платежа, отсортированных по сумме по убыванию","Скрипт для поиска 10 крупнейших платежей клиентов с указанием идентификатора платежа, идентификатора клиента, суммы и даты платежа, отсортированных по сумме по убыванию","Скрипт для формирования списка 10 самых крупных платежей клиентов с выводом идентификатора платежа, идентификатора клиента, суммы и даты платежа, отсортированного по сумме платежа по убыванию","Скрипт для отображения 5 платежей с наибольшей суммой, с указанием идентификатора платежа, клиента и суммы.","Для анализа крупных поступлений подготовить отчёт о пяти наибольших платежах клиентов с указанием идентификатора транзакции, кода клиента, суммы и даты операции, отсортировав по сумме по убыванию.","Вывести 5 самых крупных платежей за 2005 год, указав идентификатор платежа, идентификатор клиента, сумму и дату платежа, отсортировав по сумме по убыванию.",1,bafc8eab-f07b-54f0-8b98-225791ebb1d5-sql,c075474a-2169-5a3a-99a8-db6ff1c22a29-sql;bafc8eab-f07b-54f0-8b98-225791ebb1d5-sql;aaba7f4e-f0ff-5f8e-b937-feb2aebcb6ef-sql;014ae64a-c12a-5b5a-b27e-ae85d129fedc-sql;a06aefd1-4dab-51f3-8aa4-eccc1ee41cbd-sql,aaba7f4e-f0ff-5f8e-b937-feb2aebcb6ef-sql;bafc8eab-f07b-54f0-8b98-225791ebb1d5-sql;e79c18bc-418f-5fd4-9972-7e34cd61cc4a-sql;2cbeb819-e994-520f-b0df-fd0cbff51808-sql;5259df29-82da-5d5f-99fd-a8b1042e7cbd-sql,31e16f9a-eed8-51f5-b4a8-597df678d268-sql;5259df29-82da-5d5f-99fd-a8b1042e7cbd-sql;aa228506-8c73-5dfa-82d6-658e4747cef5-sql;aaba7f4e-f0ff-5f8e-b937-feb2aebcb6ef-sql;bafc8eab-f07b-54f0-8b98-225791ebb1d5-sql
sakila,"Показать 10 самых крупных платежей клиентов с указанием идентификатора платежа, идентификатора клиента, суммы и даты платежа, отсортировав по сумме по убыванию",easy,1f20ef88-9279-4248-9373-dd67f628e895,"Скрипт для поиска 10 самых крупных платежей клиентов с указанием идентификатора платежа, идентификатора клиента, суммы и даты платежа, отсортированных по сумме по убыванию","Скрипт для поиска 10 крупнейших платежей клиентов с указанием идентификатора платежа, идентификатора клиента, суммы и даты платежа, отсортированных по сумме по убыванию","Скрипт для формирования списка 10 самых крупных платежей клиентов с выводом идентификатора платежа, идентификатора клиента, суммы и даты платежа, отсортированного по сумме платежа по убыванию","Скрипт для вывода 5 самых дешёвых платежей клиентов с идентификатором платежа, идентификатором клиента и суммой, отсортированных по сумме по возрастанию.","Отобрать 10 крупнейших транзакций клиентов для контроля крупных списаний, с указанием идентификатора платежа, клиента, суммы и даты, отсортировав по убыванию суммы.","Вывести 10 платежей с наибольшей суммой, совершенных в 2005 году, с указанием идентификатора платежа, идентификатора клиента, суммы и даты, отсортировав по убыванию суммы.",2,bafc8eab-f07b-54f0-8b98-225791ebb1d5-sql,014ae64a-c12a-5b5a-b27e-ae85d129fedc-sql;c075474a-2169-5a3a-99a8-db6ff1c22a29-sql;dd50b6ce-3ff2-5397-a29a-ce6dcd913bae-sql;aaba7f4e-f0ff-5f8e-b937-feb2aebcb6ef-sql;a06aefd1-4dab-51f3-8aa4-eccc1ee41cbd-sql,bafc8eab-f07b-54f0-8b98-225791ebb1d5-sql;2cbeb819-e994-520f-b0df-fd0cbff51808-sql;aaba7f4e-f0ff-5f8e-b937-feb2aebcb6ef-sql;e79c18bc-418f-5fd4-9972-7e34cd61cc4a-sql;5259df29-82da-5d5f-99fd-a8b1042e7cbd-sql,5259df29-82da-5d5f-99fd-a8b1042e7cbd-sql;aa228506-8c73-5dfa-82d6-658e4747cef5-sql;31e16f9a-eed8-51f5-b4a8-597df678d268-sql;bafc8eab-f07b-54f0-8b98-225791ebb1d5-sql;aaba7f4e-f0ff-5f8e-b937-feb2aebcb6ef-sql
sakila,"Показать 20 последних платежей на сумму больше 5.00 с идентификатором клиента, суммой и датой платежа, отсортированных по дате платежа от новых к старым.",easy,58d71401-2b79-4c01-aa27-d796ade816e6,"Скрипт для поиска 20 последних платежей на сумму больше 5.00 с идентификатором клиента, суммой и датой платежа, отсортированных по дате платежа от новых к старым.","Скрипт для поиска 20 последних платежей на сумму свыше 5.00 с указанием идентификатора клиента, суммы и даты платежа, отсортированных по дате платежа от новых к старым.","Скрипт для поиска 20 последних платежей с суммой больше 5.00, с выводом идентификатора клиента, суммы и даты платежа, отсортированных по дате платежа от новых к старым.","Скрипт для вывода 15 последних платежей на сумму больше 3.00 с идентификатором клиента, суммой и датой платежа, отсортированных по дате платежа от новых к старым.","Для контроля мелких транзакций получить 30 последних платежей на сумму менее 1 доллара с идентификатором клиента, суммой и датой, отсортированных по убыванию даты.","Вывести 15 платежей с суммой не менее 8.00, указав идентификатор клиента, сумму и дату платежа, отсортировав записи по дате в порядке убывания.",0,c075474a-2169-5a3a-99a8-db6ff1c22a29-sql,c075474a-2169-5a3a-99a8-db6ff1c22a29-sql;014ae64a-c12a-5b5a-b27e-ae85d129fedc-sql;dd50b6ce-3ff2-5397-a29a-ce6dcd913bae-sql;70125e64-c3a3-5a78-945c-1db179627269-sql;a06aefd1-4dab-51f3-8aa4-eccc1ee41cbd-sql,dd50b6ce-3ff2-5397-a29a-ce6dcd913bae-sql;c075474a-2169-5a3a-99a8-db6ff1c22a29-sql;268c869d-a741-55ed-965a-f021d4493d25-sql;70125e64-c3a3-5a78-945c-1db179627269-sql;230ac9a2-0850-53ab-921f-d33653f910b0-sql,014ae64a-c12a-5b5a-b27e-ae85d129fedc-sql;dd50b6ce-3ff2-5397-a29a-ce6dcd913bae-sql;c35c933b-1acc-5e76-b8d0-0088106e46ad-sql;758f6a5c-fb42-58c4-8bde-45004bd52662-sql;70125e64-c3a3-5a78-945c-1db179627269-sql
sakila,"Показать 20 последних платежей на сумму больше 5.00 с идентификатором клиента, суммой и датой платежа, отсортированных по дате платежа от новых к старым.",easy,58d71401-2b79-4c01-aa27-d796ade816e6,"Скрипт для поиска 20 последних платежей на сумму больше 5.00 с идентификатором клиента, суммой и датой платежа, отсортированных по дате платежа от новых к старым.","Скрипт для поиска 20 последних платежей на сумму свыше 5.00 с указанием идентификатора клиента, суммы и даты платежа, отсортированных по дате платежа от новых к старым.","Скрипт для поиска 20 последних платежей с суммой больше 5.00, с выводом идентификатора клиента, суммы и даты платежа, отсортированных по дате платежа от новых к старым.","Скрипт для получения 25 последних платежей на сумму больше 7.50 с идентификатором клиента, суммой и датой платежа, отсортированных по дате по убыванию.","Скрипт предназначен для оперативного мониторинга крупных транзакций клиентов: выбирает 15 последних платежей на сумму свыше 7.00, выводит идентификатор клиента, сумму и дату платежа, сортируя по дате от новых к старым.","Показать 5 самых крупных платежей с указанием идентификатора клиента и даты, отсортированных по сумме по убыванию.",1,c075474a-2169-5a3a-99a8-db6ff1c22a29-sql,c075474a-2169-5a3a-99a8-db6ff1c22a29-sql;70125e64-c3a3-5a78-945c-1db179627269-sql;dd50b6ce-3ff2-5397-a29a-ce6dcd913bae-sql;7bd948b3-a57b-5182-b882-e638fc09454b-sql;014ae64a-c12a-5b5a-b27e-ae85d129fedc-sql,014ae64a-c12a-5b5a-b27e-ae85d129fedc-sql;dd50b6ce-3ff2-5397-a29a-ce6dcd913bae-sql;a06aefd1-4dab-51f3-8aa4-eccc1ee41cbd-sql;c075474a-2169-5a3a-99a8-db6ff1c22a29-sql;70125e64-c3a3-5a78-945c-1db179627269-sql,bafc8eab-f07b-54f0-8b98-225791ebb1d5-sql;aaba7f4e-f0ff-5f8e-b937-feb2aebcb6ef-sql;31e16f9a-eed8-51f5-b4a8-597df678d268-sql;5259df29-82da-5d5f-99fd-a8b1042e7cbd-sql;aa228506-8c73-5dfa-82d6-658e4747cef5-sql
sakila,"Показать 20 последних платежей на сумму больше 5.00 с идентификатором клиента, суммой и датой платежа, отсортированных по дате платежа от новых к старым.",easy,58d71401-2b79-4c01-aa27-d796ade816e6,"Скрипт для поиска 20 последних платежей на сумму больше 5.00 с идентификатором клиента, суммой и датой платежа, отсортированных по дате платежа от новых к старым.","Скрипт для поиска 20 последних платежей на сумму свыше 5.00 с указанием идентификатора клиента, суммы и даты платежа, отсортированных по дате платежа от новых к старым.","Скрипт для поиска 20 последних платежей с суммой больше 5.00, с выводом идентификатора клиента, суммы и даты платежа, отсортированных по дате платежа от новых к старым.","Скрипт для отображения 15 последних платежей с суммой больше 10.00 с идентификатором клиента, суммой и датой, отсортированных по дате от новых к старым.","Для контроля операционных расходов и выявления аномальных списаний требуется сформировать выборку последних 10 транзакций с суммой более 10.00, включающую идентификатор клиента, сумму и дату платежа, с сортировкой от наиболее свежих к старым.","Вывести 10 платежей с суммой от 0.99 до 4.99 включительно, указав идентификатор клиента, сумму и дату, отсортированных по дате от старых к новым.",2,c075474a-2169-5a3a-99a8-db6ff1c22a29-sql,014ae64a-c12a-5b5a-b27e-ae85d129fedc-sql;a06aefd1-4dab-51f3-8aa4-eccc1ee41cbd-sql;c075474a-2169-5a3a-99a8-db6ff1c22a29-sql;dd50b6ce-3ff2-5397-a29a-ce6dcd913bae-sql;7bd948b3-a57b-5182-b882-e638fc09454b-sql,014ae64a-c12a-5b5a-b27e-ae85d129fedc-sql;dd50b6ce-3ff2-5397-a29a-ce6dcd913bae-sql;a06aefd1-4dab-51f3-8aa4-eccc1ee41cbd-sql;268c869d-a741-55ed-965a-f021d4493d25-sql;230ac9a2-0850-53ab-921f-d33653f910b0-sql,014ae64a-c12a-5b5a-b27e-ae85d129fedc-sql;dd50b6ce-3ff2-5397-a29a-ce6dcd913bae-sql;a06aefd1-4dab-51f3-8aa4-eccc1ee41cbd-sql;c075474a-2169-5a3a-99a8-db6ff1c22a29-sql;230ac9a2-0850-53ab-921f-d33653f910b0-sql
sakila,"Показать 20 последних клиентских платежей на сумму более 9.00 с идентификатором платежа, клиента, сотрудника, суммой и датой платежа, отсортировав их по дате платежа от новых к старым.",easy,bbfd055c-6f48-4e0c-ae14-d3d9255b5335,"Скрипт для поиска 20 последних клиентских платежей на сумму более 9.00 с идентификатором платежа, клиента, сотрудника, суммой и датой платежа, отсортированных по дате платежа от новых к старым.","Скрипт для поиска 20 последних клиентских платежей на сумму более 9.00 с указанием идентификатора платежа, клиента, сотрудника, суммы и даты платежа, отсортированных по дате платежа от новых к старым.","Скрипт для отбора 20 последних клиентских платежей с суммой больше 9.00, с выводом идентификатора платежа, клиента, сотрудника, суммы и даты платежа, упорядоченных по дате платежа от новых к старым.","Скрипт для получения 15 последних платежей на сумму менее 5.00 с идентификатором платежа, клиента, сотрудника, суммой и датой платежа, отсортированных по дате платежа от новых к старым.","Для еженедельной сверки кассовых операций сформировать список 20 последних транзакций на сумму свыше 9 долларов, указав идентификатор платежа, код клиента, ответственного сотрудника и дату операции, с сортировкой от самой новой к самой старой.","Выбрать из таблицы платежей 30 последних записей, где сумма платежа не менее 7.00, и вывести идентификатор платежа, идентификатор клиента, идентификатор сотрудника, сумму и дату платежа, отсортировав результат по дате платежа в порядке убывания.",0,230ac9a2-0850-53ab-921f-d33653f910b0-sql,c075474a-2169-5a3a-99a8-db6ff1c22a29-sql;dd50b6ce-3ff2-5397-a29a-ce6dcd913bae-sql;70125e64-c3a3-5a78-945c-1db179627269-sql;230ac9a2-0850-53ab-921f-d33653f910b0-sql;758f6a5c-fb42-58c4-8bde-45004bd52662-sql,dd50b6ce-3ff2-5397-a29a-ce6dcd913bae-sql;230ac9a2-0850-53ab-921f-d33653f910b0-sql;758f6a5c-fb42-58c4-8bde-45004bd52662-sql;70125e64-c3a3-5a78-945c-1db179627269-sql;7bd948b3-a57b-5182-b882-e638fc09454b-sql,dd50b6ce-3ff2-5397-a29a-ce6dcd913bae-sql;014ae64a-c12a-5b5a-b27e-ae85d129fedc-sql;70125e64-c3a3-5a78-945c-1db179627269-sql;758f6a5c-fb42-58c4-8bde-45004bd52662-sql;c075474a-2169-5a3a-99a8-db6ff1c22a29-sql
sakila,"Показать 20 последних клиентских платежей на сумму более 9.00 с идентификатором платежа, клиента, сотрудника, суммой и датой платежа, отсортировав их по дате платежа от новых к старым.",easy,bbfd055c-6f48-4e0c-ae14-d3d9255b5335,"Скрипт для поиска 20 последних клиентских платежей на сумму более 9.00 с идентификатором платежа, клиента, сотрудника, суммой и датой платежа, отсортированных по дате платежа от новых к старым.","Скрипт для поиска 20 последних клиентских платежей на сумму более 9.00 с указанием идентификатора платежа, клиента, сотрудника, суммы и даты платежа, отсортированных по дате платежа от новых к старым.","Скрипт для отбора 20 последних клиентских платежей с суммой больше 9.00, с выводом идентификатора платежа, клиента, сотрудника, суммы и даты платежа, упорядоченных по дате платежа от новых к старым.","Скрипт для получения 25 последних платежей на сумму менее 7.00 с идентификатором платежа, клиента, сотрудника и датой, отсортированных по дате платежа по убыванию.","Для мониторинга крупных транзакций клиентов сформируйте список 10 последних платежей на сумму более 8.00, включающий идентификатор платежа, клиента и сотрудника, сумму и дату, отсортированный по дате совершения от новых к старым.","Вывести 10 последних платежей клиентов с суммой более 15.00, включив идентификаторы платежа и клиента, сумму платежа и дату, отсортировав записи по дате платежа в порядке убывания.",1,230ac9a2-0850-53ab-921f-d33653f910b0-sql,dd50b6ce-3ff2-5397-a29a-ce6dcd913bae-sql;c075474a-2169-5a3a-99a8-db6ff1c22a29-sql;70125e64-c3a3-5a78-945c-1db179627269-sql;230ac9a2-0850-53ab-921f-d33653f910b0-sql;758f6a5c-fb42-58c4-8bde-45004bd52662-sql,2cbeb819-e994-520f-b0df-fd0cbff51808-sql;a06aefd1-4dab-51f3-8aa4-eccc1ee41cbd-sql;014ae64a-c12a-5b5a-b27e-ae85d129fedc-sql;bafc8eab-f07b-54f0-8b98-225791ebb1d5-sql;70125e64-c3a3-5a78-945c-1db179627269-sql,014ae64a-c12a-5b5a-b27e-ae85d129fedc-sql;dd50b6ce-3ff2-5397-a29a-ce6dcd913bae-sql;a06aefd1-4dab-51f3-8aa4-eccc1ee41cbd-sql;758f6a5c-fb42-58c4-8bde-45004bd52662-sql;c075474a-2169-5a3a-99a8-db6ff1c22a29-sql
sakila,"Показать 20 последних клиентских платежей на сумму более 9.00 с идентификатором платежа, клиента, сотрудника, суммой и датой платежа, отсортировав их по дате платежа от новых к старым.",easy,bbfd055c-6f48-4e0c-ae14-d3d9255b5335,"Скрипт для поиска 20 последних клиентских платежей на сумму более 9.00 с идентификатором платежа, клиента, сотрудника, суммой и датой платежа, отсортированных по дате платежа от новых к старым.","Скрипт для поиска 20 последних клиентских платежей на сумму более 9.00 с указанием идентификатора платежа, клиента, сотрудника, суммы и даты платежа, отсортированных по дате платежа от новых к старым.","Скрипт для отбора 20 последних клиентских платежей с суммой больше 9.00, с выводом идентификатора платежа, клиента, сотрудника, суммы и даты платежа, упорядоченных по дате платежа от новых к старым.",Скрипт для отображения 10 самых ранних платежей на сумму от 5.00 до 15.00.,"Операционный контроль мелких платежей: получить список 10 последних транзакций с суммой менее 1.00, содержащий идентификаторы платежа, клиента, сотрудника, сумму и дату, отсортированный по дате платежа от новых к старым.","Из таблицы платежей отобрать 15 записей с максимальными суммами, для которых дата платежа позже 1 июня 2005 года. Для каждой записи вывести идентификатор платежа, идентификатор клиента, идентификатор сотрудника, сумму и дату. Результат упорядочить по убыванию суммы, а при равных суммах — по убыванию даты.",2,230ac9a2-0850-53ab-921f-d33653f910b0-sql,842ea0df-c638-5a0b-b8a7-5002232ac011-sql;014ae64a-c12a-5b5a-b27e-ae85d129fedc-sql;c075474a-2169-5a3a-99a8-db6ff1c22a29-sql;a06aefd1-4dab-51f3-8aa4-eccc1ee41cbd-sql;268c869d-a741-55ed-965a-f021d4493d25-sql,dd50b6ce-3ff2-5397-a29a-ce6dcd913bae-sql;014ae64a-c12a-5b5a-b27e-ae85d129fedc-sql;a06aefd1-4dab-51f3-8aa4-eccc1ee41cbd-sql;70125e64-c3a3-5a78-945c-1db179627269-sql;230ac9a2-0850-53ab-921f-d33653f910b0-sql,aa228506-8c73-5dfa-82d6-658e4747cef5-sql;5259df29-82da-5d5f-99fd-a8b1042e7cbd-sql;31e16f9a-eed8-51f5-b4a8-597df678d268-sql;aaba7f4e-f0ff-5f8e-b937-feb2aebcb6ef-sql;dd50b6ce-3ff2-5397-a29a-ce6dcd913bae-sql
sakila,"Показать 10 самых крупных платежей клиентов за июнь 2005 года с указанием идентификатора платежа, клиента, сотрудника, суммы и даты платежа, отсортировав по сумме по убыванию.",easy,0b31dac1-bbe8-4a24-b1f4-17d4289fcb7c,"Скрипт для поиска 10 крупнейших платежей клиентов за июнь 2005 года с выводом идентификатора платежа, клиента, сотрудника, суммы и даты платежа, отсортированных по сумме по убыванию.","Скрипт для поиска 10 крупнейших платежей клиентов за июнь 2005 года с указанием идентификатора платежа, клиента, сотрудника, суммы и даты платежа, отсортированных по сумме по убыванию.","Поиск 10 крупнейших платежей клиентов за июнь 2005 года с отбором по дате платежа в пределах месяца, выводом идентификатора платежа, клиента, сотрудника, суммы и даты платежа, и сортировкой по сумме в порядке убывания.","Скрипт для отображения 5 самых крупных платежей за май 2005 года с идентификатором платежа, клиента, сотрудника, суммой и датой, отсортированных по сумме по убыванию.","Для оценки эффективности работы сотрудника и выявления крупных транзакций, провести анализ пяти максимальных платежей, обработанных сотрудником с идентификатором 2 в июне 2005 года, с указанием идентификатора платежа, клиента, суммы и даты, упорядочив по сумме по убыванию.","Вывести 5 самых маленьких платежей за май 2005 года, указав идентификатор платежа, клиента, сотрудника, сумму и дату, отсортировав по возрастанию суммы.",0,5259df29-82da-5d5f-99fd-a8b1042e7cbd-sql,5259df29-82da-5d5f-99fd-a8b1042e7cbd-sql;aa228506-8c73-5dfa-82d6-658e4747cef5-sql;31e16f9a-eed8-51f5-b4a8-597df678d268-sql;aaba7f4e-f0ff-5f8e-b937-feb2aebcb6ef-sql;bafc8eab-f07b-54f0-8b98-225791ebb1d5-sql,5259df29-82da-5d5f-99fd-a8b1042e7cbd-sql;aa228506-8c73-5dfa-82d6-658e4747cef5-sql;31e16f9a-eed8-51f5-b4a8-597df678d268-sql;d160bcf2-8920-5c1d-8868-c0e72207bbd8-sql;758e649c-8652-51e2-a62a-350b8be14bea-sql,aa228506-8c73-5dfa-82d6-658e4747cef5-sql;5259df29-82da-5d5f-99fd-a8b1042e7cbd-sql;31e16f9a-eed8-51f5-b4a8-597df678d268-sql;c075474a-2169-5a3a-99a8-db6ff1c22a29-sql;758e649c-8652-51e2-a62a-350b8be14bea-sql
sakila,"Показать 10 самых крупных платежей клиентов за июнь 2005 года с указанием идентификатора платежа, клиента, сотрудника, суммы и даты платежа, отсортировав по сумме по убыванию.",easy,0b31dac1-bbe8-4a24-b1f4-17d4289fcb7c,"Скрипт для поиска 10 крупнейших платежей клиентов за июнь 2005 года с выводом идентификатора платежа, клиента, сотрудника, суммы и даты платежа, отсортированных по сумме по убыванию.","Скрипт для поиска 10 крупнейших платежей клиентов за июнь 2005 года с указанием идентификатора платежа, клиента, сотрудника, суммы и даты платежа, отсортированных по сумме по убыванию.","Поиск 10 крупнейших платежей клиентов за июнь 2005 года с отбором по дате платежа в пределах месяца, выводом идентификатора платежа, клиента, сотрудника, суммы и даты платежа, и сортировкой по сумме в порядке убывания.","Скрипт для вывода 10 самых маленьких платежей за август 2005 года с указанием идентификатора платежа, клиента, сотрудника, суммы и даты.","Выявить пять крупнейших транзакций клиентов за август 2005 года с детализацией по идентификатору платежа, клиенту, сотруднику, сумме и дате, упорядочив по убыванию суммы.","Показать 5 самых маленьких платежей за май 2005 года с указанием идентификатора платежа, клиента, сотрудника, суммы и даты платежа, отсортировав по сумме по возрастанию.",1,5259df29-82da-5d5f-99fd-a8b1042e7cbd-sql,aa228506-8c73-5dfa-82d6-658e4747cef5-sql;5259df29-82da-5d5f-99fd-a8b1042e7cbd-sql;31e16f9a-eed8-51f5-b4a8-597df678d268-sql;014ae64a-c12a-5b5a-b27e-ae85d129fedc-sql;c075474a-2169-5a3a-99a8-db6ff1c22a29-sql,31e16f9a-eed8-51f5-b4a8-597df678d268-sql;aa228506-8c73-5dfa-82d6-658e4747cef5-sql;5259df29-82da-5d5f-99fd-a8b1042e7cbd-sql;bafc8eab-f07b-54f0-8b98-225791ebb1d5-sql;aaba7f4e-f0ff-5f8e-b937-feb2aebcb6ef-sql,31e16f9a-eed8-51f5-b4a8-597df678d268-sql;aa228506-8c73-5dfa-82d6-658e4747cef5-sql;5259df29-82da-5d5f-99fd-a8b1042e7cbd-sql;c075474a-2169-5a3a-99a8-db6ff1c22a29-sql;79bc1f53-c827-5ca4-aca6-15549b2de722-sql
sakila,"Показать 10 самых крупных платежей клиентов за июнь 2005 года с указанием идентификатора платежа, клиента, сотрудника, суммы и даты платежа, отсортировав по сумме по убыванию.",easy,0b31dac1-bbe8-4a24-b1f4-17d4289fcb7c,"Скрипт для поиска 10 крупнейших платежей клиентов за июнь 2005 года с выводом идентификатора платежа, клиента, сотрудника, суммы и даты платежа, отсортированных по сумме по убыванию.","Скрипт для поиска 10 крупнейших платежей клиентов за июнь 2005 года с указанием идентификатора платежа, клиента, сотрудника, суммы и даты платежа, отсортированных по сумме по убыванию.","Поиск 10 крупнейших платежей клиентов за июнь 2005 года с отбором по дате платежа в пределах месяца, выводом идентификатора платежа, клиента, сотрудника, суммы и даты платежа, и сортировкой по сумме в порядке убывания.","Скрипт для вывода пяти крупнейших платежей за май 2005 года с указанием идентификатора платежа, клиента и суммы, отсортированных по сумме по убыванию.","Сформировать список 5 крупнейших платежей клиентов за июнь 2005 года с указанием идентификаторов платежа, клиента, сотрудника и суммы, отсортированный по сумме по убыванию, для оперативного контроля крупных транзакций.","Показать 5 наименьших платежей клиентов за май 2005 года с указанием идентификатора платежа, клиента, сотрудника, суммы и даты платежа, отсортировав по сумме по возрастанию.",2,5259df29-82da-5d5f-99fd-a8b1042e7cbd-sql,5259df29-82da-5d5f-99fd-a8b1042e7cbd-sql;aa228506-8c73-5dfa-82d6-658e4747cef5-sql;31e16f9a-eed8-51f5-b4a8-597df678d268-sql;aaba7f4e-f0ff-5f8e-b937-feb2aebcb6ef-sql;bafc8eab-f07b-54f0-8b98-225791ebb1d5-sql,31e16f9a-eed8-51f5-b4a8-597df678d268-sql;5259df29-82da-5d5f-99fd-a8b1042e7cbd-sql;aa228506-8c73-5dfa-82d6-658e4747cef5-sql;758e649c-8652-51e2-a62a-350b8be14bea-sql;79bc1f53-c827-5ca4-aca6-15549b2de722-sql,31e16f9a-eed8-51f5-b4a8-597df678d268-sql;aa228506-8c73-5dfa-82d6-658e4747cef5-sql;5259df29-82da-5d5f-99fd-a8b1042e7cbd-sql;c075474a-2169-5a3a-99a8-db6ff1c22a29-sql;79bc1f53-c827-5ca4-aca6-15549b2de722-sql
sakila,"Показать 10 самых крупных платежей клиентов с суммой выше 8.00, отсортировав их по сумме убыванию.",easy,97d5fa2e-22af-449d-b670-e2856abadeb9,"Скрипт для поиска 10 крупнейших платежей клиентов с суммой выше 8.00, отсортированных по сумме по убыванию.","Скрипт для поиска 10 крупнейших платежей клиентов с суммой выше 8.00, отсортированных по размеру платежа по убыванию","Скрипт для формирования топ-10 платежей клиентов с суммой более 8.00, отсортированных по величине платежа по убыванию.",Скрипт для отображения 5 самых дешёвых платежей клиентов с суммой менее 2.00.,"Скрипт для выявления 15 крупнейших платежей клиентов, превышающих 10.00, с сортировкой по убыванию суммы.","Выбрать 5 записей платежей с суммой больше 6.00, отсортировав их по величине суммы в порядке убывания и вернув только максимальные значения.",0,2cbeb819-e994-520f-b0df-fd0cbff51808-sql,c075474a-2169-5a3a-99a8-db6ff1c22a29-sql;268c869d-a741-55ed-965a-f021d4493d25-sql;dd50b6ce-3ff2-5397-a29a-ce6dcd913bae-sql;758f6a5c-fb42-58c4-8bde-45004bd52662-sql;70125e64-c3a3-5a78-945c-1db179627269-sql,2cbeb819-e994-520f-b0df-fd0cbff51808-sql;e79c18bc-418f-5fd4-9972-7e34cd61cc4a-sql;bafc8eab-f07b-54f0-8b98-225791ebb1d5-sql;aaba7f4e-f0ff-5f8e-b937-feb2aebcb6ef-sql;014ae64a-c12a-5b5a-b27e-ae85d129fedc-sql,2cbeb819-e994-520f-b0df-fd0cbff51808-sql;e79c18bc-418f-5fd4-9972-7e34cd61cc4a-sql;842ea0df-c638-5a0b-b8a7-5002232ac011-sql;c35c933b-1acc-5e76-b8d0-0088106e46ad-sql;c075474a-2169-5a3a-99a8-db6ff1c22a29-sql
sakila,"Показать 10 самых крупных платежей клиентов с суммой выше 8.00, отсортировав их по сумме убыванию.",easy,97d5fa2e-22af-449d-b670-e2856abadeb9,"Скрипт для поиска 10 крупнейших платежей клиентов с суммой выше 8.00, отсортированных по сумме по убыванию.","Скрипт для поиска 10 крупнейших платежей клиентов с суммой выше 8.00, отсортированных по размеру платежа по убыванию","Скрипт для формирования топ-10 платежей клиентов с суммой более 8.00, отсортированных по величине платежа по убыванию.",Скрипт для отображения 5 самых крупных платежей клиентов с суммой выше 10.00.,Для анализа исключительно больших транзакций клиентов отобрать 5 платежей с суммой более 9.00 и упорядочить их по убыванию.,"Вывести 5 самых дорогих платежей клиентов, где сумма превышает 9.00, отсортировав их по сумме в порядке убывания.",1,2cbeb819-e994-520f-b0df-fd0cbff51808-sql,2cbeb819-e994-520f-b0df-fd0cbff51808-sql;e79c18bc-418f-5fd4-9972-7e34cd61cc4a-sql;bafc8eab-f07b-54f0-8b98-225791ebb1d5-sql;a06aefd1-4dab-51f3-8aa4-eccc1ee41cbd-sql;014ae64a-c12a-5b5a-b27e-ae85d129fedc-sql,2cbeb819-e994-520f-b0df-fd0cbff51808-sql;e79c18bc-418f-5fd4-9972-7e34cd61cc4a-sql;e4f5b75f-12e5-5584-ba3c-b1cc4c01180f-sql;aaba7f4e-f0ff-5f8e-b937-feb2aebcb6ef-sql;bafc8eab-f07b-54f0-8b98-225791ebb1d5-sql,2cbeb819-e994-520f-b0df-fd0cbff51808-sql;e79c18bc-418f-5fd4-9972-7e34cd61cc4a-sql;268c869d-a741-55ed-965a-f021d4493d25-sql;e4f5b75f-12e5-5584-ba3c-b1cc4c01180f-sql;014ae64a-c12a-5b5a-b27e-ae85d129fedc-sql
sakila,"Показать 10 самых крупных платежей клиентов с суммой выше 8.00, отсортировав их по сумме убыванию.",easy,97d5fa2e-22af-449d-b670-e2856abadeb9,"Скрипт для поиска 10 крупнейших платежей клиентов с суммой выше 8.00, отсортированных по сумме по убыванию.","Скрипт для поиска 10 крупнейших платежей клиентов с суммой выше 8.00, отсортированных по размеру платежа по убыванию","Скрипт для формирования топ-10 платежей клиентов с суммой более 8.00, отсортированных по величине платежа по убыванию.","Скрипт для вывода 15 самых больших платежей клиентов с суммой свыше 7.00, отсортированных по сумме по убыванию.",None,"Показать 20 самых больших платежей клиентов с суммой выше 5.00, отсортировав их по сумме от наибольшей к наименьшей.",2,2cbeb819-e994-520f-b0df-fd0cbff51808-sql,e79c18bc-418f-5fd4-9972-7e34cd61cc4a-sql;2cbeb819-e994-520f-b0df-fd0cbff51808-sql;aaba7f4e-f0ff-5f8e-b937-feb2aebcb6ef-sql;bafc8eab-f07b-54f0-8b98-225791ebb1d5-sql;c35c933b-1acc-5e76-b8d0-0088106e46ad-sql,a89aea53-a231-5743-b3c7-2e203554906f-sql;09c83b98-73c4-5969-bb10-6217ba0cc214-sql;3658aec1-bae4-5034-9bf6-a362440e78b4-sql;d0feb92f-6c89-55d7-a7dd-6d584c3eb42c-sql;0975f712-4c74-5187-b542-54f304f1d17a-sql,e79c18bc-418f-5fd4-9972-7e34cd61cc4a-sql;aaba7f4e-f0ff-5f8e-b937-feb2aebcb6ef-sql;2cbeb819-e994-520f-b0df-fd0cbff51808-sql;c075474a-2169-5a3a-99a8-db6ff1c22a29-sql;e4f5b75f-12e5-5584-ba3c-b1cc4c01180f-sql
sakila,"Показать 10 самых крупных платежей клиентов за июнь 2005 года с указанием идентификатора платежа, клиента, сотрудника, суммы и даты платежа, отсортировав по сумме по убыванию.",easy,71c28807-ed2e-45ae-92e3-f28bf73e3332,"Скрипт для поиска 10 крупнейших платежей клиентов за июнь 2005 года с указанием идентификатора платежа, клиента, сотрудника, суммы и даты платежа, отсортированных по сумме по убыванию.","Скрипт для поиска 10 крупнейших платежей клиентов за июнь 2005 года с указанием идентификатора платежа, клиента, сотрудника, суммы и даты платежа, отсортированных по сумме по убыванию.","Поиск 10 крупнейших платежей клиентов за июнь 2005 года с возвратом идентификатора платежа, клиента, сотрудника, суммы и даты платежа, отсортированных по сумме в порядке убывания.","Скрипт для показа 10 самых крупных платежей клиентов за май 2005 года с указанием идентификатора платежа, клиента, сотрудника, суммы и даты платежа.","Вывести 15 крупнейших платежей, совершенных в мае 2005 года, с указанием идентификатора платежа, клиента, сотрудника, суммы и даты, отсортировав по убыванию суммы, для анализа пиковых транзакций клиентов.","Выбрать 5 наименьших платежей клиентов, совершенных в августе 2005 года. Для каждого платежа отобразить его идентификатор, идентификатор клиента, идентификатор сотрудника, сумму и дату платежа. Результат отсортировать по сумме платежа по возрастанию.",0,31e16f9a-eed8-51f5-b4a8-597df678d268-sql,31e16f9a-eed8-51f5-b4a8-597df678d268-sql;aa228506-8c73-5dfa-82d6-658e4747cef5-sql;5259df29-82da-5d5f-99fd-a8b1042e7cbd-sql;bafc8eab-f07b-54f0-8b98-225791ebb1d5-sql;aaba7f4e-f0ff-5f8e-b937-feb2aebcb6ef-sql,aa228506-8c73-5dfa-82d6-658e4747cef5-sql;5259df29-82da-5d5f-99fd-a8b1042e7cbd-sql;31e16f9a-eed8-51f5-b4a8-597df678d268-sql;758e649c-8652-51e2-a62a-350b8be14bea-sql;aaba7f4e-f0ff-5f8e-b937-feb2aebcb6ef-sql,5259df29-82da-5d5f-99fd-a8b1042e7cbd-sql;aa228506-8c73-5dfa-82d6-658e4747cef5-sql;31e16f9a-eed8-51f5-b4a8-597df678d268-sql;dd50b6ce-3ff2-5397-a29a-ce6dcd913bae-sql;c075474a-2169-5a3a-99a8-db6ff1c22a29-sql
sakila,"Показать 10 самых крупных платежей клиентов за июнь 2005 года с указанием идентификатора платежа, клиента, сотрудника, суммы и даты платежа, отсортировав по сумме по убыванию.",easy,71c28807-ed2e-45ae-92e3-f28bf73e3332,"Скрипт для поиска 10 крупнейших платежей клиентов за июнь 2005 года с указанием идентификатора платежа, клиента, сотрудника, суммы и даты платежа, отсортированных по сумме по убыванию.","Скрипт для поиска 10 крупнейших платежей клиентов за июнь 2005 года с указанием идентификатора платежа, клиента, сотрудника, суммы и даты платежа, отсортированных по сумме по убыванию.","Поиск 10 крупнейших платежей клиентов за июнь 2005 года с возвратом идентификатора платежа, клиента, сотрудника, суммы и даты платежа, отсортированных по сумме в порядке убывания.","Скрипт для вывода 5 наименьших платежей клиентов за июнь 2005 года с указанием идентификатора платежа, клиента, сотрудника, суммы и даты, отсортированных по сумме по возрастанию.","Сформировать отчёт о пяти крупнейших платежах, поступивших в июле 2005 года, с указанием идентификатора платежа, клиента и суммы, отсортированных по убыванию суммы.","Вывести 3 наименьших платежа за май 2005 года с указанием идентификатора платежа, клиента, сотрудника и суммы, отсортировав по сумме по возрастанию.",1,31e16f9a-eed8-51f5-b4a8-597df678d268-sql,aa228506-8c73-5dfa-82d6-658e4747cef5-sql;5259df29-82da-5d5f-99fd-a8b1042e7cbd-sql;31e16f9a-eed8-51f5-b4a8-597df678d268-sql;79bc1f53-c827-5ca4-aca6-15549b2de722-sql;e953e356-787b-5fc9-9aaf-f3b74cc80e4a-sql,31e16f9a-eed8-51f5-b4a8-597df678d268-sql;aa228506-8c73-5dfa-82d6-658e4747cef5-sql;5259df29-82da-5d5f-99fd-a8b1042e7cbd-sql;60e68728-8fc7-59ce-a4f9-89a39c06fb9d-sql;a1217ec6-562d-5701-8578-3f2685448d1b-sql,aa228506-8c73-5dfa-82d6-658e4747cef5-sql;5259df29-82da-5d5f-99fd-a8b1042e7cbd-sql;31e16f9a-eed8-51f5-b4a8-597df678d268-sql;c075474a-2169-5a3a-99a8-db6ff1c22a29-sql;e953e356-787b-5fc9-9aaf-f3b74cc80e4a-sql
sakila,"Показать 10 самых крупных платежей клиентов за июнь 2005 года с указанием идентификатора платежа, клиента, сотрудника, суммы и даты платежа, отсортировав по сумме по убыванию.",easy,71c28807-ed2e-45ae-92e3-f28bf73e3332,"Скрипт для поиска 10 крупнейших платежей клиентов за июнь 2005 года с указанием идентификатора платежа, клиента, сотрудника, суммы и даты платежа, отсортированных по сумме по убыванию.","Скрипт для поиска 10 крупнейших платежей клиентов за июнь 2005 года с указанием идентификатора платежа, клиента, сотрудника, суммы и даты платежа, отсортированных по сумме по убыванию.","Поиск 10 крупнейших платежей клиентов за июнь 2005 года с возвратом идентификатора платежа, клиента, сотрудника, суммы и даты платежа, отсортированных по сумме в порядке убывания.","Скрипт для вывода 5 самых маленьких платежей за июнь 2005 года с указанием идентификатора платежа и суммы, отсортированных по сумме по возрастанию.","Определить 5 самых крупных платежей, совершённых в мае 2005 года, с детализацией по идентификатору платежа, клиента, сотрудника, суммы и даты для анализа максимальных разовых поступлений.","Выбрать 5 самых дорогих платежей, совершённых в мае 2005 года, вывести идентификатор платежа, идентификатор клиента, идентификатор сотрудника, сумму и дату платежа, отсортировав записи по сумме по убыванию.",2,31e16f9a-eed8-51f5-b4a8-597df678d268-sql,5259df29-82da-5d5f-99fd-a8b1042e7cbd-sql;aa228506-8c73-5dfa-82d6-658e4747cef5-sql;31e16f9a-eed8-51f5-b4a8-597df678d268-sql;c075474a-2169-5a3a-99a8-db6ff1c22a29-sql;e953e356-787b-5fc9-9aaf-f3b74cc80e4a-sql,31e16f9a-eed8-51f5-b4a8-597df678d268-sql;5259df29-82da-5d5f-99fd-a8b1042e7cbd-sql;aa228506-8c73-5dfa-82d6-658e4747cef5-sql;758e649c-8652-51e2-a62a-350b8be14bea-sql;60e68728-8fc7-59ce-a4f9-89a39c06fb9d-sql,aa228506-8c73-5dfa-82d6-658e4747cef5-sql;5259df29-82da-5d5f-99fd-a8b1042e7cbd-sql;31e16f9a-eed8-51f5-b4a8-597df678d268-sql;aaba7f4e-f0ff-5f8e-b937-feb2aebcb6ef-sql;c075474a-2169-5a3a-99a8-db6ff1c22a29-sql
sakila,"Показать 10 последних платежей клиентов на сумму больше 8.00 с указанием идентификатора платежа, клиента, сотрудника, суммы и даты платежа",easy,5f5b0bf9-0d88-4a6d-b2ff-75c698b26343,"Скрипт для поиска 10 последних платежей клиентов на сумму больше 8.00 с указанием идентификатора платежа, клиента, сотрудника, суммы и даты платежа","Скрипт для поиска 10 последних платежей клиентов с суммой больше 8.00 с выводом идентификатора платежа, клиента, сотрудника, суммы и даты платежа","Скрипт для отбора 10 последних платежей клиентов с суммой более 8.00, отсортированных по дате платежа в порядке убывания, с выводом идентификатора платежа, идентификатора клиента, идентификатора сотрудника, суммы платежа и даты платежа","Показать 5 самых дорогих платежей с указанием идентификатора платежа, клиента и даты","Для контроля крупных транзакций вывести 10 последних платежей на сумму более 7 долларов с указанием идентификатора платежа, клиента, сотрудника, суммы и даты.","Получить список из 5 платежей, совершенных после 1 июня 2005 года, с суммой не менее 5.00, отсортированных по дате платежа по возрастанию. В результате включить идентификатор платежа, идентификатор клиента, идентификатор сотрудника, сумму и дату платежа.",0,3798eaf3-dcad-59ab-a3f2-be499dd42281-sql,bafc8eab-f07b-54f0-8b98-225791ebb1d5-sql;aaba7f4e-f0ff-5f8e-b937-feb2aebcb6ef-sql;c075474a-2169-5a3a-99a8-db6ff1c22a29-sql;31e16f9a-eed8-51f5-b4a8-597df678d268-sql;dd50b6ce-3ff2-5397-a29a-ce6dcd913bae-sql,dd50b6ce-3ff2-5397-a29a-ce6dcd913bae-sql;014ae64a-c12a-5b5a-b27e-ae85d129fedc-sql;2cbeb819-e994-520f-b0df-fd0cbff51808-sql;a06aefd1-4dab-51f3-8aa4-eccc1ee41cbd-sql;e79c18bc-418f-5fd4-9972-7e34cd61cc4a-sql,79bc1f53-c827-5ca4-aca6-15549b2de722-sql;aa228506-8c73-5dfa-82d6-658e4747cef5-sql;5259df29-82da-5d5f-99fd-a8b1042e7cbd-sql;78b4df04-9d3c-500a-819b-e1991ebd92dd-sql;758e649c-8652-51e2-a62a-350b8be14bea-sql
sakila,"Показать 10 последних платежей клиентов на сумму больше 8.00 с указанием идентификатора платежа, клиента, сотрудника, суммы и даты платежа",easy,5f5b0bf9-0d88-4a6d-b2ff-75c698b26343,"Скрипт для поиска 10 последних платежей клиентов на сумму больше 8.00 с указанием идентификатора платежа, клиента, сотрудника, суммы и даты платежа","Скрипт для поиска 10 последних платежей клиентов с суммой больше 8.00 с выводом идентификатора платежа, клиента, сотрудника, суммы и даты платежа","Скрипт для отбора 10 последних платежей клиентов с суммой более 8.00, отсортированных по дате платежа в порядке убывания, с выводом идентификатора платежа, идентификатора клиента, идентификатора сотрудника, суммы платежа и даты платежа","Скрипт для отображения 5 последних платежей, сумма которых превышает 10.00, с указанием идентификатора платежа, клиента, сотрудника и даты платежа.","Получить топ-10 дорогих транзакций (сумма более 8.00) с деталями платежа, клиента и сотрудника для проверки превышения пороговых значений в операционном мониторинге.","Из таблицы платежей отобрать 5 последних записей, где сумма больше 7.00, и вывести идентификатор платежа, идентификатор клиента, идентификатор сотрудника, сумму и дату платежа.",1,3798eaf3-dcad-59ab-a3f2-be499dd42281-sql,014ae64a-c12a-5b5a-b27e-ae85d129fedc-sql;3798eaf3-dcad-59ab-a3f2-be499dd42281-sql;a06aefd1-4dab-51f3-8aa4-eccc1ee41cbd-sql;c075474a-2169-5a3a-99a8-db6ff1c22a29-sql;758f6a5c-fb42-58c4-8bde-45004bd52662-sql,2cbeb819-e994-520f-b0df-fd0cbff51808-sql;e79c18bc-418f-5fd4-9972-7e34cd61cc4a-sql;3798eaf3-dcad-59ab-a3f2-be499dd42281-sql;a06aefd1-4dab-51f3-8aa4-eccc1ee41cbd-sql;dd50b6ce-3ff2-5397-a29a-ce6dcd913bae-sql,014ae64a-c12a-5b5a-b27e-ae85d129fedc-sql;dd50b6ce-3ff2-5397-a29a-ce6dcd913bae-sql;c075474a-2169-5a3a-99a8-db6ff1c22a29-sql;a06aefd1-4dab-51f3-8aa4-eccc1ee41cbd-sql;758f6a5c-fb42-58c4-8bde-45004bd52662-sql
sakila,"Показать 10 последних платежей клиентов на сумму больше 8.00 с указанием идентификатора платежа, клиента, сотрудника, суммы и даты платежа",easy,5f5b0bf9-0d88-4a6d-b2ff-75c698b26343,"Скрипт для поиска 10 последних платежей клиентов на сумму больше 8.00 с указанием идентификатора платежа, клиента, сотрудника, суммы и даты платежа","Скрипт для поиска 10 последних платежей клиентов с суммой больше 8.00 с выводом идентификатора платежа, клиента, сотрудника, суммы и даты платежа","Скрипт для отбора 10 последних платежей клиентов с суммой более 8.00, отсортированных по дате платежа в порядке убывания, с выводом идентификатора платежа, идентификатора клиента, идентификатора сотрудника, суммы платежа и даты платежа","Скрипт для отображения 10 последних платежей на сумму менее 3.00 с указанием идентификатора платежа, сотрудника и суммы","Скрипт для получения списка последних 5 платежей с суммой более 10.00, с указанием идентификатора платежа, клиента, сотрудника, суммы и даты транзакции, с целью контроля крупных операций.","Отобрать 15 платежей с суммой менее 5.00, выполненных в мае 2005 года, и вывести идентификатор платежа, идентификатор клиента, сумму платежа и дату платежа, отсортировав по возрастанию суммы.",2,3798eaf3-dcad-59ab-a3f2-be499dd42281-sql,3798eaf3-dcad-59ab-a3f2-be499dd42281-sql;014ae64a-c12a-5b5a-b27e-ae85d129fedc-sql;a06aefd1-4dab-51f3-8aa4-eccc1ee41cbd-sql;758f6a5c-fb42-58c4-8bde-45004bd52662-sql;dd50b6ce-3ff2-5397-a29a-ce6dcd913bae-sql,014ae64a-c12a-5b5a-b27e-ae85d129fedc-sql;a06aefd1-4dab-51f3-8aa4-eccc1ee41cbd-sql;c075474a-2169-5a3a-99a8-db6ff1c22a29-sql;dd50b6ce-3ff2-5397-a29a-ce6dcd913bae-sql;70125e64-c3a3-5a78-945c-1db179627269-sql,c075474a-2169-5a3a-99a8-db6ff1c22a29-sql;5259df29-82da-5d5f-99fd-a8b1042e7cbd-sql;aa228506-8c73-5dfa-82d6-658e4747cef5-sql;31e16f9a-eed8-51f5-b4a8-597df678d268-sql;758e649c-8652-51e2-a62a-350b8be14bea-sql
sakila,"Показать 10 последних платежей клиентов на сумму больше 8.00, выведя идентификатор платежа, идентификатор клиента, сумму и дату платежа, отсортировав по дате платежа от новых к старым.",easy,c0ae57a0-0347-4034-b82e-49ec54ecea3e,"Скрипт для поиска 10 последних платежей клиентов на сумму больше 8.00 с выводом идентификатора платежа, идентификатора клиента, суммы и даты платежа, отсортированных по дате платежа от новых к старым.","Скрипт для поиска 10 последних платежей клиентов на сумму свыше 8.00 с выводом идентификатора платежа, идентификатора клиента, суммы и даты платежа, отсортированных по дате платежа от новых к старым.","Скрипт для формирования списка 10 последних платежей клиентов с суммой больше 8.00, с выводом идентификатора платежа, идентификатора клиента, суммы и даты платежа, упорядоченных по дате платежа от новых к старым.","Скрипт для отображения 15 последних платежей с суммой выше 7.50, включая идентификатор платежа, клиента и дату, отсортированных по убыванию даты.","Вывести 5 последних платежей клиентов на сумму более 10.00, указав идентификатор платежа, клиента, сумму и дату, отсортировав по дате платежа от самых новых к старым, для контроля крупных списаний.","Показать 5 последних платежей клиентов на сумму меньше 5.00, выведя идентификатор платежа, идентификатор клиента, сумму и дату платежа, отсортировав по дате платежа от новых к старым.",0,014ae64a-c12a-5b5a-b27e-ae85d129fedc-sql,c075474a-2169-5a3a-99a8-db6ff1c22a29-sql;014ae64a-c12a-5b5a-b27e-ae85d129fedc-sql;758f6a5c-fb42-58c4-8bde-45004bd52662-sql;70125e64-c3a3-5a78-945c-1db179627269-sql;dd50b6ce-3ff2-5397-a29a-ce6dcd913bae-sql,014ae64a-c12a-5b5a-b27e-ae85d129fedc-sql;dd50b6ce-3ff2-5397-a29a-ce6dcd913bae-sql;c075474a-2169-5a3a-99a8-db6ff1c22a29-sql;a06aefd1-4dab-51f3-8aa4-eccc1ee41cbd-sql;268c869d-a741-55ed-965a-f021d4493d25-sql,c075474a-2169-5a3a-99a8-db6ff1c22a29-sql;014ae64a-c12a-5b5a-b27e-ae85d129fedc-sql;dd50b6ce-3ff2-5397-a29a-ce6dcd913bae-sql;a06aefd1-4dab-51f3-8aa4-eccc1ee41cbd-sql;758f6a5c-fb42-58c4-8bde-45004bd52662-sql
sakila,"Показать 10 последних платежей клиентов на сумму больше 8.00, выведя идентификатор платежа, идентификатор клиента, сумму и дату платежа, отсортировав по дате платежа от новых к старым.",easy,c0ae57a0-0347-4034-b82e-49ec54ecea3e,"Скрипт для поиска 10 последних платежей клиентов на сумму больше 8.00 с выводом идентификатора платежа, идентификатора клиента, суммы и даты платежа, отсортированных по дате платежа от новых к старым.","Скрипт для поиска 10 последних платежей клиентов на сумму свыше 8.00 с выводом идентификатора платежа, идентификатора клиента, суммы и даты платежа, отсортированных по дате платежа от новых к старым.","Скрипт для формирования списка 10 последних платежей клиентов с суммой больше 8.00, с выводом идентификатора платежа, идентификатора клиента, суммы и даты платежа, упорядоченных по дате платежа от новых к старым.","Скрипт для вывода 10 последних платежей на сумму менее 5.00 с указанием идентификатора платежа, клиента, суммы и даты, отсортированных по дате от новых к старым.",Сформировать отчёт о 10 последних транзакциях клиентов с суммой более 7.00 для контроля крупных поступлений.,"Выбрать из таблицы платежей 10 записей с суммой платежа менее 3.00, отобразить идентификатор платежа, идентификатор клиента, сумму и дату, отсортировать записи по дате в порядке убывания.",1,014ae64a-c12a-5b5a-b27e-ae85d129fedc-sql,014ae64a-c12a-5b5a-b27e-ae85d129fedc-sql;a06aefd1-4dab-51f3-8aa4-eccc1ee41cbd-sql;c075474a-2169-5a3a-99a8-db6ff1c22a29-sql;dd50b6ce-3ff2-5397-a29a-ce6dcd913bae-sql;758f6a5c-fb42-58c4-8bde-45004bd52662-sql,2cbeb819-e994-520f-b0df-fd0cbff51808-sql;e79c18bc-418f-5fd4-9972-7e34cd61cc4a-sql;e4f5b75f-12e5-5584-ba3c-b1cc4c01180f-sql;a06aefd1-4dab-51f3-8aa4-eccc1ee41cbd-sql;268c869d-a741-55ed-965a-f021d4493d25-sql,014ae64a-c12a-5b5a-b27e-ae85d129fedc-sql;dd50b6ce-3ff2-5397-a29a-ce6dcd913bae-sql;a06aefd1-4dab-51f3-8aa4-eccc1ee41cbd-sql;c075474a-2169-5a3a-99a8-db6ff1c22a29-sql;70125e64-c3a3-5a78-945c-1db179627269-sql
sakila,"Показать 10 последних платежей клиентов на сумму больше 8.00, выведя идентификатор платежа, идентификатор клиента, сумму и дату платежа, отсортировав по дате платежа от новых к старым.",easy,c0ae57a0-0347-4034-b82e-49ec54ecea3e,"Скрипт для поиска 10 последних платежей клиентов на сумму больше 8.00 с выводом идентификатора платежа, идентификатора клиента, суммы и даты платежа, отсортированных по дате платежа от новых к старым.","Скрипт для поиска 10 последних платежей клиентов на сумму свыше 8.00 с выводом идентификатора платежа, идентификатора клиента, суммы и даты платежа, отсортированных по дате платежа от новых к старым.","Скрипт для формирования списка 10 последних платежей клиентов с суммой больше 8.00, с выводом идентификатора платежа, идентификатора клиента, суммы и даты платежа, упорядоченных по дате платежа от новых к старым.","Скрипт для показа 15 последних платежей с суммой больше 5.00, с выводом идентификатора платежа, идентификатора клиента, суммы и даты платежа, отсортированных по дате от новых к старым.","Для мониторинга крупных транзакций получить 15 последних платежей с суммой не менее 10.00, отобразив идентификатор платежа, идентификатор клиента, сумму и дату операции, отсортировав по дате платежа в обратном порядке.","Вывести 15 платежей с суммой более 10.00, отобразив идентификатор платежа, идентификатор клиента, сумму и дату платежа, отсортировав по возрастанию суммы.",2,014ae64a-c12a-5b5a-b27e-ae85d129fedc-sql,c075474a-2169-5a3a-99a8-db6ff1c22a29-sql;014ae64a-c12a-5b5a-b27e-ae85d129fedc-sql;dd50b6ce-3ff2-5397-a29a-ce6dcd913bae-sql;a06aefd1-4dab-51f3-8aa4-eccc1ee41cbd-sql;758f6a5c-fb42-58c4-8bde-45004bd52662-sql,aaba7f4e-f0ff-5f8e-b937-feb2aebcb6ef-sql;e79c18bc-418f-5fd4-9972-7e34cd61cc4a-sql;014ae64a-c12a-5b5a-b27e-ae85d129fedc-sql;bafc8eab-f07b-54f0-8b98-225791ebb1d5-sql;dd50b6ce-3ff2-5397-a29a-ce6dcd913bae-sql,014ae64a-c12a-5b5a-b27e-ae85d129fedc-sql;dd50b6ce-3ff2-5397-a29a-ce6dcd913bae-sql;a06aefd1-4dab-51f3-8aa4-eccc1ee41cbd-sql;2cbeb819-e994-520f-b0df-fd0cbff51808-sql;c075474a-2169-5a3a-99a8-db6ff1c22a29-sql
sakila,"Показать 20 последних платежей клиентов на сумму больше 8.00 с идентификатором платежа, клиента, сотрудника, суммой и датой платежа, отсортировав по дате платежа от новых к старым.",easy,3106ec8f-eb54-4d26-8acb-a05aa1e8d771,"Скрипт для поиска 20 последних платежей клиентов на сумму больше 8.00 с идентификатором платежа, клиента, сотрудника, суммой и датой платежа, отсортированных по дате платежа от новых к старым.","Скрипт для поиска 20 последних платежей клиентов с суммой свыше 8.00, с выводом идентификатора платежа, клиента, сотрудника, суммы и даты платежа, отсортированных по дате платежа от новых к старым.","Скрипт для формирования списка 20 последних платежей клиентов с отбором записей, где сумма платежа превышает 8.00, и с выводом идентификатора платежа, клиента, сотрудника, суммы и даты платежа, отсортированных по дате платежа от новых к старым.","Скрипт для вывода 15 последних платежей на сумму больше 10.00 с идентификатором платежа, клиента, сотрудника, суммой и датой платежа, отсортированных по дате платежа по убыванию.","Выгрузить 30 последних платежей с суммой более 10.00, содержащих идентификатор платежа, клиента, сотрудника, сумму и дату, отсортированных от самых новых к старым для оперативного контроля за крупными транзакциями.","Выбрать 10 последних платежей с суммой более 7.00, совершённых после 1 июня 2005 года, отобразив идентификатор платежа, идентификатор клиента, идентификатор сотрудника, сумму и дату, отсортировав по дате платежа от самых новых к самым старым.",0,70125e64-c3a3-5a78-945c-1db179627269-sql,014ae64a-c12a-5b5a-b27e-ae85d129fedc-sql;dd50b6ce-3ff2-5397-a29a-ce6dcd913bae-sql;a06aefd1-4dab-51f3-8aa4-eccc1ee41cbd-sql;70125e64-c3a3-5a78-945c-1db179627269-sql;758f6a5c-fb42-58c4-8bde-45004bd52662-sql,dd50b6ce-3ff2-5397-a29a-ce6dcd913bae-sql;014ae64a-c12a-5b5a-b27e-ae85d129fedc-sql;70125e64-c3a3-5a78-945c-1db179627269-sql;268c869d-a741-55ed-965a-f021d4493d25-sql;842ea0df-c638-5a0b-b8a7-5002232ac011-sql,c075474a-2169-5a3a-99a8-db6ff1c22a29-sql;aa228506-8c73-5dfa-82d6-658e4747cef5-sql;5259df29-82da-5d5f-99fd-a8b1042e7cbd-sql;014ae64a-c12a-5b5a-b27e-ae85d129fedc-sql;dd50b6ce-3ff2-5397-a29a-ce6dcd913bae-sql
sakila,"Показать 20 последних платежей клиентов на сумму больше 8.00 с идентификатором платежа, клиента, сотрудника, суммой и датой платежа, отсортировав по дате платежа от новых к старым.",easy,3106ec8f-eb54-4d26-8acb-a05aa1e8d771,"Скрипт для поиска 20 последних платежей клиентов на сумму больше 8.00 с идентификатором платежа, клиента, сотрудника, суммой и датой платежа, отсортированных по дате платежа от новых к старым.","Скрипт для поиска 20 последних платежей клиентов с суммой свыше 8.00, с выводом идентификатора платежа, клиента, сотрудника, суммы и даты платежа, отсортированных по дате платежа от новых к старым.","Скрипт для формирования списка 20 последних платежей клиентов с отбором записей, где сумма платежа превышает 8.00, и с выводом идентификатора платежа, клиента, сотрудника, суммы и даты платежа, отсортированных по дате платежа от новых к старым.","Скрипт для отображения 10 последних платежей клиентов, где сумма превышает 5.00, с выводом идентификатора платежа, клиента, сотрудника, суммы и даты, отсортированных по дате платежа от новых к старым.","Для выявления последних крупных транзакций извлеки 10 платежей на сумму свыше 8.00 с идентификаторами платежа, клиента, сотрудника и датой, отсортировав по дате платежа от новых к старым.","Выбрать 25 последних платежей, у которых сумма строго больше 5.00, отобразив идентификатор платежа, идентификатор клиента, идентификатор сотрудника, сумму и дату платежа, отсортировав записи по дате платежа в порядке убывания.",1,70125e64-c3a3-5a78-945c-1db179627269-sql,014ae64a-c12a-5b5a-b27e-ae85d129fedc-sql;a06aefd1-4dab-51f3-8aa4-eccc1ee41cbd-sql;dd50b6ce-3ff2-5397-a29a-ce6dcd913bae-sql;c075474a-2169-5a3a-99a8-db6ff1c22a29-sql;758f6a5c-fb42-58c4-8bde-45004bd52662-sql,014ae64a-c12a-5b5a-b27e-ae85d129fedc-sql;a06aefd1-4dab-51f3-8aa4-eccc1ee41cbd-sql;dd50b6ce-3ff2-5397-a29a-ce6dcd913bae-sql;2cbeb819-e994-520f-b0df-fd0cbff51808-sql;70125e64-c3a3-5a78-945c-1db179627269-sql,c075474a-2169-5a3a-99a8-db6ff1c22a29-sql;dd50b6ce-3ff2-5397-a29a-ce6dcd913bae-sql;70125e64-c3a3-5a78-945c-1db179627269-sql;758f6a5c-fb42-58c4-8bde-45004bd52662-sql;014ae64a-c12a-5b5a-b27e-ae85d129fedc-sql
sakila,"Показать 20 последних платежей клиентов на сумму больше 8.00 с идентификатором платежа, клиента, сотрудника, суммой и датой платежа, отсортировав по дате платежа от новых к старым.",easy,3106ec8f-eb54-4d26-8acb-a05aa1e8d771,"Скрипт для поиска 20 последних платежей клиентов на сумму больше 8.00 с идентификатором платежа, клиента, сотрудника, суммой и датой платежа, отсортированных по дате платежа от новых к старым.","Скрипт для поиска 20 последних платежей клиентов с суммой свыше 8.00, с выводом идентификатора платежа, клиента, сотрудника, суммы и даты платежа, отсортированных по дате платежа от новых к старым.","Скрипт для формирования списка 20 последних платежей клиентов с отбором записей, где сумма платежа превышает 8.00, и с выводом идентификатора платежа, клиента, сотрудника, суммы и даты платежа, отсортированных по дате платежа от новых к старым.","Скрипт для отображения 15 последних аренд с отсутствующей датой возврата, выводящий идентификатор аренды, клиента, копии и дату выдачи, отсортированных по дате выдачи от новых к старым.","Извлечь 15 последних транзакций с суммой более 10.00 долларов для еженедельного мониторинга подозрительных операций, указав номер платежа, клиента, сотрудника, сумму и дату, отсортировав по дате от новых к старым.",None,2,70125e64-c3a3-5a78-945c-1db179627269-sql,014ae64a-c12a-5b5a-b27e-ae85d129fedc-sql;dd50b6ce-3ff2-5397-a29a-ce6dcd913bae-sql;c075474a-2169-5a3a-99a8-db6ff1c22a29-sql;7bd948b3-a57b-5182-b882-e638fc09454b-sql;230ac9a2-0850-53ab-921f-d33653f910b0-sql,dd50b6ce-3ff2-5397-a29a-ce6dcd913bae-sql;014ae64a-c12a-5b5a-b27e-ae85d129fedc-sql;6f799c69-ea1c-5283-be79-c4a77fe793e8-sql;d160bcf2-8920-5c1d-8868-c0e72207bbd8-sql;c075474a-2169-5a3a-99a8-db6ff1c22a29-sql,a89aea53-a231-5743-b3c7-2e203554906f-sql;09c83b98-73c4-5969-bb10-6217ba0cc214-sql;3658aec1-bae4-5034-9bf6-a362440e78b4-sql;d0feb92f-6c89-55d7-a7dd-6d584c3eb42c-sql;0975f712-4c74-5187-b542-54f304f1d17a-sql
sakila,"Показать последние 20 клиентских платежей на сумму больше 9.00 с идентификатором платежа, идентификатором клиента, суммой и датой платежа, отсортировав их от новых к старым.",easy,4700c4c6-8291-4c71-ad76-9b2e5f0f38a4,"Скрипт для поиска последних 20 клиентских платежей на сумму больше 9.00 с идентификатором платежа, идентификатором клиента, суммой и датой платежа, отсортированных от новых к старым.","Скрипт для поиска последних 20 клиентских платежей на сумму выше 9.00 с выводом идентификатора платежа, идентификатора клиента, суммы и даты платежа, отсортированных от новых к старым.","Скрипт для формирования списка последних 20 клиентских платежей с суммой более 9.00, включая идентификатор платежа, идентификатор клиента, сумму и дату платежа, отсортированных по дате от новых к старым.","Скрипт для отображения первых 10 платежей на сумму менее 5.00 с идентификатором платежа, идентификатором клиента, суммой и датой, отсортированных по дате от старых к новым.","Выгрузить 15 крупнейших транзакций (сумма более 20.00) для мониторинга высокорисковых операций, включив идентификатор платежа, клиента, сумму и дату, упорядочив их по убыванию даты.","Выбрать 25 записей платежей с суммой не менее 8.00, содержащих идентификатор платежа, идентификатор клиента, сумму и дату платежа, упорядочив их по дате в порядке возрастания.",0,7bd948b3-a57b-5182-b882-e638fc09454b-sql,014ae64a-c12a-5b5a-b27e-ae85d129fedc-sql;a06aefd1-4dab-51f3-8aa4-eccc1ee41cbd-sql;c075474a-2169-5a3a-99a8-db6ff1c22a29-sql;dd50b6ce-3ff2-5397-a29a-ce6dcd913bae-sql;70125e64-c3a3-5a78-945c-1db179627269-sql,e79c18bc-418f-5fd4-9972-7e34cd61cc4a-sql;aaba7f4e-f0ff-5f8e-b937-feb2aebcb6ef-sql;c35c933b-1acc-5e76-b8d0-0088106e46ad-sql;2cbeb819-e994-520f-b0df-fd0cbff51808-sql;dd50b6ce-3ff2-5397-a29a-ce6dcd913bae-sql,758f6a5c-fb42-58c4-8bde-45004bd52662-sql;014ae64a-c12a-5b5a-b27e-ae85d129fedc-sql;70125e64-c3a3-5a78-945c-1db179627269-sql;dd50b6ce-3ff2-5397-a29a-ce6dcd913bae-sql;a06aefd1-4dab-51f3-8aa4-eccc1ee41cbd-sql
sakila,"Показать последние 20 клиентских платежей на сумму больше 9.00 с идентификатором платежа, идентификатором клиента, суммой и датой платежа, отсортировав их от новых к старым.",easy,4700c4c6-8291-4c71-ad76-9b2e5f0f38a4,"Скрипт для поиска последних 20 клиентских платежей на сумму больше 9.00 с идентификатором платежа, идентификатором клиента, суммой и датой платежа, отсортированных от новых к старым.","Скрипт для поиска последних 20 клиентских платежей на сумму выше 9.00 с выводом идентификатора платежа, идентификатора клиента, суммы и даты платежа, отсортированных от новых к старым.","Скрипт для формирования списка последних 20 клиентских платежей с суммой более 9.00, включая идентификатор платежа, идентификатор клиента, сумму и дату платежа, отсортированных по дате от новых к старым.","Скрипт для отображения 10 последних платежей на сумму меньше 5.00 с идентификатором платежа, клиента, суммой и датой.","Для ежедневного мониторинга крупных поступлений от клиентов формировать отчёт по последним 20 транзакциям с суммой более 9,00, выводя идентификатор платежа, клиента, сумму и дату, отсортированные от новых к старым.","Выбрать последние 30 платежей, совершённых в 2005 году, с суммой, превышающей 3.00, отсортировав их от новых к старым по дате, и отобразить идентификатор платежа, идентификатор клиента, сумму и дату.",1,7bd948b3-a57b-5182-b882-e638fc09454b-sql,014ae64a-c12a-5b5a-b27e-ae85d129fedc-sql;a06aefd1-4dab-51f3-8aa4-eccc1ee41cbd-sql;c075474a-2169-5a3a-99a8-db6ff1c22a29-sql;3798eaf3-dcad-59ab-a3f2-be499dd42281-sql;dd50b6ce-3ff2-5397-a29a-ce6dcd913bae-sql,aaba7f4e-f0ff-5f8e-b937-feb2aebcb6ef-sql;7bd948b3-a57b-5182-b882-e638fc09454b-sql;dd50b6ce-3ff2-5397-a29a-ce6dcd913bae-sql;230ac9a2-0850-53ab-921f-d33653f910b0-sql;e79c18bc-418f-5fd4-9972-7e34cd61cc4a-sql,c075474a-2169-5a3a-99a8-db6ff1c22a29-sql;dd50b6ce-3ff2-5397-a29a-ce6dcd913bae-sql;014ae64a-c12a-5b5a-b27e-ae85d129fedc-sql;5259df29-82da-5d5f-99fd-a8b1042e7cbd-sql;aa228506-8c73-5dfa-82d6-658e4747cef5-sql
sakila,"Показать последние 20 клиентских платежей на сумму больше 9.00 с идентификатором платежа, идентификатором клиента, суммой и датой платежа, отсортировав их от новых к старым.",easy,4700c4c6-8291-4c71-ad76-9b2e5f0f38a4,"Скрипт для поиска последних 20 клиентских платежей на сумму больше 9.00 с идентификатором платежа, идентификатором клиента, суммой и датой платежа, отсортированных от новых к старым.","Скрипт для поиска последних 20 клиентских платежей на сумму выше 9.00 с выводом идентификатора платежа, идентификатора клиента, суммы и даты платежа, отсортированных от новых к старым.","Скрипт для формирования списка последних 20 клиентских платежей с суммой более 9.00, включая идентификатор платежа, идентификатор клиента, сумму и дату платежа, отсортированных по дате от новых к старым.","Скрипт для вывода последних 15 платежей на сумму более 10.00 с идентификатором платежа, клиента, суммой и датой, упорядоченных по убыванию даты.","Для контроля крупных поступлений от клиентов сформировать выборку последних 15 платежей на сумму более 10.00, включающую идентификатор платежа, клиента, сумму и дату, упорядоченную по убыванию даты платежа.","Вывести 30 платежей с суммой более 10.00, включая идентификатор платежа, идентификатор клиента, сумму и дату платежа, упорядочив записи от последних к первым по дате.",2,7bd948b3-a57b-5182-b882-e638fc09454b-sql,014ae64a-c12a-5b5a-b27e-ae85d129fedc-sql;a06aefd1-4dab-51f3-8aa4-eccc1ee41cbd-sql;dd50b6ce-3ff2-5397-a29a-ce6dcd913bae-sql;c075474a-2169-5a3a-99a8-db6ff1c22a29-sql;7bd948b3-a57b-5182-b882-e638fc09454b-sql,e79c18bc-418f-5fd4-9972-7e34cd61cc4a-sql;aaba7f4e-f0ff-5f8e-b937-feb2aebcb6ef-sql;2cbeb819-e994-520f-b0df-fd0cbff51808-sql;014ae64a-c12a-5b5a-b27e-ae85d129fedc-sql;bafc8eab-f07b-54f0-8b98-225791ebb1d5-sql,014ae64a-c12a-5b5a-b27e-ae85d129fedc-sql;dd50b6ce-3ff2-5397-a29a-ce6dcd913bae-sql;a06aefd1-4dab-51f3-8aa4-eccc1ee41cbd-sql;268c869d-a741-55ed-965a-f021d4493d25-sql;c075474a-2169-5a3a-99a8-db6ff1c22a29-sql
sakila,"Показать 20 самых крупных платежей клиентов с идентификатором платежа, идентификатором клиента, суммой и датой платежа, отсортировав по сумме по убыванию",easy,7dd87e0e-1a56-4abc-855d-dc7f5dc78799,"Скрипт для поиска 20 самых крупных платежей клиентов с выводом идентификатора платежа, идентификатора клиента, суммы и даты платежа, отсортированных по сумме по убыванию","Скрипт для поиска 20 крупнейших платежей клиентов с выводом идентификатора платежа, идентификатора клиента, суммы и даты платежа, отсортированных по сумме по убыванию","Скрипт для поиска 20 крупнейших платежей клиентов с выводом идентификатора платежа, идентификатора клиента, суммы и даты платежа, упорядоченных по сумме по убыванию","Вывести 10 самых дорогих платежей с идентификаторами платежа и клиента, отсортировав по сумме по убыванию","Выявить 15 транзакций с наибольшей суммой, зафиксированных по клиентам, с указанием уникального номера платежа, лицевого счёта клиента, точной суммы и времени проведения операции, отсортированных по убыванию объёма средств.",None,0,aaba7f4e-f0ff-5f8e-b937-feb2aebcb6ef-sql,bafc8eab-f07b-54f0-8b98-225791ebb1d5-sql;2cbeb819-e994-520f-b0df-fd0cbff51808-sql;aaba7f4e-f0ff-5f8e-b937-feb2aebcb6ef-sql;e79c18bc-418f-5fd4-9972-7e34cd61cc4a-sql;014ae64a-c12a-5b5a-b27e-ae85d129fedc-sql,e79c18bc-418f-5fd4-9972-7e34cd61cc4a-sql;bafc8eab-f07b-54f0-8b98-225791ebb1d5-sql;aaba7f4e-f0ff-5f8e-b937-feb2aebcb6ef-sql;2cbeb819-e994-520f-b0df-fd0cbff51808-sql;dd50b6ce-3ff2-5397-a29a-ce6dcd913bae-sql,a89aea53-a231-5743-b3c7-2e203554906f-sql;09c83b98-73c4-5969-bb10-6217ba0cc214-sql;3658aec1-bae4-5034-9bf6-a362440e78b4-sql;d0feb92f-6c89-55d7-a7dd-6d584c3eb42c-sql;0975f712-4c74-5187-b542-54f304f1d17a-sql
sakila,"Показать 20 самых крупных платежей клиентов с идентификатором платежа, идентификатором клиента, суммой и датой платежа, отсортировав по сумме по убыванию",easy,7dd87e0e-1a56-4abc-855d-dc7f5dc78799,"Скрипт для поиска 20 самых крупных платежей клиентов с выводом идентификатора платежа, идентификатора клиента, суммы и даты платежа, отсортированных по сумме по убыванию","Скрипт для поиска 20 крупнейших платежей клиентов с выводом идентификатора платежа, идентификатора клиента, суммы и даты платежа, отсортированных по сумме по убыванию","Скрипт для поиска 20 крупнейших платежей клиентов с выводом идентификатора платежа, идентификатора клиента, суммы и даты платежа, упорядоченных по сумме по убыванию","Скрипт для вывода 10 самых больших платежей с идентификатором платежа, клиента и суммой в порядке убывания.","Для анализа крупных транзакций сформировать отчёт о 10 самых больших платежах, включив идентификаторы платежа и клиента, сумму, дату и ответственного сотрудника, упорядочив по убыванию суммы.","Отобрать 15 самых крупных платежей за 2005 год, вывести идентификатор платежа, идентификатор клиента, сумму и дату, упорядочив по сумме от большей к меньшей.",1,aaba7f4e-f0ff-5f8e-b937-feb2aebcb6ef-sql,bafc8eab-f07b-54f0-8b98-225791ebb1d5-sql;2cbeb819-e994-520f-b0df-fd0cbff51808-sql;aaba7f4e-f0ff-5f8e-b937-feb2aebcb6ef-sql;014ae64a-c12a-5b5a-b27e-ae85d129fedc-sql;e79c18bc-418f-5fd4-9972-7e34cd61cc4a-sql,bafc8eab-f07b-54f0-8b98-225791ebb1d5-sql;aaba7f4e-f0ff-5f8e-b937-feb2aebcb6ef-sql;2cbeb819-e994-520f-b0df-fd0cbff51808-sql;e79c18bc-418f-5fd4-9972-7e34cd61cc4a-sql;5259df29-82da-5d5f-99fd-a8b1042e7cbd-sql,5259df29-82da-5d5f-99fd-a8b1042e7cbd-sql;aa228506-8c73-5dfa-82d6-658e4747cef5-sql;31e16f9a-eed8-51f5-b4a8-597df678d268-sql;aaba7f4e-f0ff-5f8e-b937-feb2aebcb6ef-sql;bafc8eab-f07b-54f0-8b98-225791ebb1d5-sql
sakila,"Показать 20 самых крупных платежей клиентов с идентификатором платежа, идентификатором клиента, суммой и датой платежа, отсортировав по сумме по убыванию",easy,7dd87e0e-1a56-4abc-855d-dc7f5dc78799,"Скрипт для поиска 20 самых крупных платежей клиентов с выводом идентификатора платежа, идентификатора клиента, суммы и даты платежа, отсортированных по сумме по убыванию","Скрипт для поиска 20 крупнейших платежей клиентов с выводом идентификатора платежа, идентификатора клиента, суммы и даты платежа, отсортированных по сумме по убыванию","Скрипт для поиска 20 крупнейших платежей клиентов с выводом идентификатора платежа, идентификатора клиента, суммы и даты платежа, упорядоченных по сумме по убыванию","Скрипт для отображения 10 наименьших платежей клиентов с идентификатором платежа, идентификатором клиента, суммой и датой, отсортированных по сумме по возрастанию","Сформировать отчет по 20 крупнейшим транзакциям клиентов, включающий идентификатор платежа, идентификатор клиента, сумму и дату, с сортировкой по сумме по убыванию.","Выбрать 10 платежей с наибольшей суммой, отобразив идентификатор платежа, идентификатор клиента, сумму и дату платежа, упорядочив записи по сумме в порядке убывания.",2,aaba7f4e-f0ff-5f8e-b937-feb2aebcb6ef-sql,014ae64a-c12a-5b5a-b27e-ae85d129fedc-sql;a06aefd1-4dab-51f3-8aa4-eccc1ee41cbd-sql;bafc8eab-f07b-54f0-8b98-225791ebb1d5-sql;dd50b6ce-3ff2-5397-a29a-ce6dcd913bae-sql;70125e64-c3a3-5a78-945c-1db179627269-sql,aaba7f4e-f0ff-5f8e-b937-feb2aebcb6ef-sql;e79c18bc-418f-5fd4-9972-7e34cd61cc4a-sql;bafc8eab-f07b-54f0-8b98-225791ebb1d5-sql;758f6a5c-fb42-58c4-8bde-45004bd52662-sql;2cbeb819-e994-520f-b0df-fd0cbff51808-sql,bafc8eab-f07b-54f0-8b98-225791ebb1d5-sql;2cbeb819-e994-520f-b0df-fd0cbff51808-sql;014ae64a-c12a-5b5a-b27e-ae85d129fedc-sql;aaba7f4e-f0ff-5f8e-b937-feb2aebcb6ef-sql;a06aefd1-4dab-51f3-8aa4-eccc1ee41cbd-sql
sakila,"Показать 10 самых крупных платежей клиентов за июнь 2005 года с идентификатором платежа, клиента, сотрудника, суммой и датой платежа, отсортировав по сумме по убыванию.",easy,c44e6641-c6a1-48ce-9032-2f72be70c8cf,"Скрипт для поиска 10 крупнейших платежей клиентов за июнь 2005 года с выводом идентификатора платежа, клиента, сотрудника, суммы и даты платежа, отсортированных по сумме по убыванию.","Скрипт для поиска 10 крупнейших платежей клиентов за июнь 2005 года с выводом идентификатора платежа, клиента, сотрудника, суммы и даты платежа, отсортированных по сумме по убыванию.","Скрипт для поиска 10 самых крупных платежей клиентов за июнь 2005 года с выводом идентификатора платежа, клиента, сотрудника, суммы и даты платежа, отсортированных по сумме в порядке убывания.","Показать 5 наименьших платежей клиентов за май 2005 года с идентификатором платежа, клиента, сотрудника, суммой и датой платежа, отсортировав по сумме по возрастанию.","Вывести 5 самых дорогих платежей, совершённых в июле 2005 года, с указанием идентификатора платежа, клиента, сотрудника, суммы и даты, отсортировав по убыванию суммы.","Из таблицы платежей выбрать 7 записей с наибольшей суммой за 2005 год, включив поля идентификатора платежа, идентификатора клиента, идентификатора сотрудника, суммы и даты платежа, отсортировать результат по сумме по убыванию.",0,aa228506-8c73-5dfa-82d6-658e4747cef5-sql,5259df29-82da-5d5f-99fd-a8b1042e7cbd-sql;aa228506-8c73-5dfa-82d6-658e4747cef5-sql;31e16f9a-eed8-51f5-b4a8-597df678d268-sql;c075474a-2169-5a3a-99a8-db6ff1c22a29-sql;79bc1f53-c827-5ca4-aca6-15549b2de722-sql,31e16f9a-eed8-51f5-b4a8-597df678d268-sql;aa228506-8c73-5dfa-82d6-658e4747cef5-sql;5259df29-82da-5d5f-99fd-a8b1042e7cbd-sql;60e68728-8fc7-59ce-a4f9-89a39c06fb9d-sql;267841bd-e996-5f10-8ef2-c7cd52f9eb41-sql,aa228506-8c73-5dfa-82d6-658e4747cef5-sql;5259df29-82da-5d5f-99fd-a8b1042e7cbd-sql;31e16f9a-eed8-51f5-b4a8-597df678d268-sql;aaba7f4e-f0ff-5f8e-b937-feb2aebcb6ef-sql;c075474a-2169-5a3a-99a8-db6ff1c22a29-sql
sakila,"Показать 10 самых крупных платежей клиентов за июнь 2005 года с идентификатором платежа, клиента, сотрудника, суммой и датой платежа, отсортировав по сумме по убыванию.",easy,c44e6641-c6a1-48ce-9032-2f72be70c8cf,"Скрипт для поиска 10 крупнейших платежей клиентов за июнь 2005 года с выводом идентификатора платежа, клиента, сотрудника, суммы и даты платежа, отсортированных по сумме по убыванию.","Скрипт для поиска 10 крупнейших платежей клиентов за июнь 2005 года с выводом идентификатора платежа, клиента, сотрудника, суммы и даты платежа, отсортированных по сумме по убыванию.","Скрипт для поиска 10 самых крупных платежей клиентов за июнь 2005 года с выводом идентификатора платежа, клиента, сотрудника, суммы и даты платежа, отсортированных по сумме в порядке убывания.",Скрипт для вывода 5 самых дешевых платежей за июль 2005 года с идентификатором платежа и клиента.,"Получение пяти минимальных платежей клиентов за июль 2005 года с полной информацией о плательщике, сотруднике и сумме для контроля минимальных операций.","Выбрать 5 самых ранних платежей в 2006 году с указанием идентификатора платежа, клиента, суммы и даты, отсортированных по дате по возрастанию.",1,aa228506-8c73-5dfa-82d6-658e4747cef5-sql,aa228506-8c73-5dfa-82d6-658e4747cef5-sql;5259df29-82da-5d5f-99fd-a8b1042e7cbd-sql;31e16f9a-eed8-51f5-b4a8-597df678d268-sql;3116dc2d-18e5-5677-8f49-27ebe4953dcd-sql;c075474a-2169-5a3a-99a8-db6ff1c22a29-sql,60e68728-8fc7-59ce-a4f9-89a39c06fb9d-sql;3116dc2d-18e5-5677-8f49-27ebe4953dcd-sql;78b4df04-9d3c-500a-819b-e1991ebd92dd-sql;8856dc7a-0389-5ac9-a680-d37120c94d49-sql;2f4fcdf7-9fcc-5623-b377-658b124e65ba-sql,31e16f9a-eed8-51f5-b4a8-597df678d268-sql;5259df29-82da-5d5f-99fd-a8b1042e7cbd-sql;aa228506-8c73-5dfa-82d6-658e4747cef5-sql;c075474a-2169-5a3a-99a8-db6ff1c22a29-sql;bafc8eab-f07b-54f0-8b98-225791ebb1d5-sql
sakila,"Показать 10 самых крупных платежей клиентов за июнь 2005 года с идентификатором платежа, клиента, сотрудника, суммой и датой платежа, отсортировав по сумме по убыванию.",easy,c44e6641-c6a1-48ce-9032-2f72be70c8cf,"Скрипт для поиска 10 крупнейших платежей клиентов за июнь 2005 года с выводом идентификатора платежа, клиента, сотрудника, суммы и даты платежа, отсортированных по сумме по убыванию.","Скрипт для поиска 10 крупнейших платежей клиентов за июнь 2005 года с выводом идентификатора платежа, клиента, сотрудника, суммы и даты платежа, отсортированных по сумме по убыванию.","Скрипт для поиска 10 самых крупных платежей клиентов за июнь 2005 года с выводом идентификатора платежа, клиента, сотрудника, суммы и даты платежа, отсортированных по сумме в порядке убывания.","Скрипт для вывода 20 крупнейших платежей клиентов за май 2005 года с идентификатором платежа, клиента, сотрудника, суммой и датой, отсортированных по сумме по убыванию.","Для анализа минимальных транзакций за отчетный месяц подготовить выборку 10 наименьших платежей за июнь 2005 года с указанием идентификатора платежа, клиента, сотрудника, суммы и даты, отсортировав по сумме по возрастанию.","Показать 10 самых маленьких платежей за июнь 2005 года с идентификатором платежа, клиента и суммой, отсортировав по сумме по возрастанию.",2,aa228506-8c73-5dfa-82d6-658e4747cef5-sql,5259df29-82da-5d5f-99fd-a8b1042e7cbd-sql;aa228506-8c73-5dfa-82d6-658e4747cef5-sql;31e16f9a-eed8-51f5-b4a8-597df678d268-sql;aaba7f4e-f0ff-5f8e-b937-feb2aebcb6ef-sql;bafc8eab-f07b-54f0-8b98-225791ebb1d5-sql,aa228506-8c73-5dfa-82d6-658e4747cef5-sql;5259df29-82da-5d5f-99fd-a8b1042e7cbd-sql;31e16f9a-eed8-51f5-b4a8-597df678d268-sql;78b4df04-9d3c-500a-819b-e1991ebd92dd-sql;758e649c-8652-51e2-a62a-350b8be14bea-sql,31e16f9a-eed8-51f5-b4a8-597df678d268-sql;aa228506-8c73-5dfa-82d6-658e4747cef5-sql;5259df29-82da-5d5f-99fd-a8b1042e7cbd-sql;79bc1f53-c827-5ca4-aca6-15549b2de722-sql;e953e356-787b-5fc9-9aaf-f3b74cc80e4a-sql
sakila,"Показать 20 последних платежей клиентов на сумму более 9.00, отсортировав их по дате платежа от новых к старым.",easy,b61a4220-719a-48a6-bf52-a9901f2656e4,"Скрипт для поиска 20 последних платежей клиентов на сумму более 9.00, отсортированных по дате платежа от новых к старым.","Скрипт для формирования списка 20 последних платежей клиентов на сумму более 9.00, отсортированных по дате платежа от новых к старым.","Поиск 20 последних платежей клиентов с суммой более 9.00, отсортированных по дате платежа от новых к старым.","Скрипт для вывода 10 самых дорогих платежей, выполненных в 2005 году, отсортированных по убыванию суммы.",Получить 15 последних платежей на сумму свыше 10.00 для анализа крупных списаний в рамках ежедневного мониторинга транзакционной активности клиентов.,"Выбрать из таблицы платежей записи с датой платежа в 2005 году, отсортировать их по сумме платежа от большего к меньшему и выделить первые 15 записей.",0,268c869d-a741-55ed-965a-f021d4493d25-sql,5259df29-82da-5d5f-99fd-a8b1042e7cbd-sql;aa228506-8c73-5dfa-82d6-658e4747cef5-sql;31e16f9a-eed8-51f5-b4a8-597df678d268-sql;2cbeb819-e994-520f-b0df-fd0cbff51808-sql;aaba7f4e-f0ff-5f8e-b937-feb2aebcb6ef-sql,268c869d-a741-55ed-965a-f021d4493d25-sql;e79c18bc-418f-5fd4-9972-7e34cd61cc4a-sql;e4f5b75f-12e5-5584-ba3c-b1cc4c01180f-sql;2cbeb819-e994-520f-b0df-fd0cbff51808-sql;842ea0df-c638-5a0b-b8a7-5002232ac011-sql,5259df29-82da-5d5f-99fd-a8b1042e7cbd-sql;aa228506-8c73-5dfa-82d6-658e4747cef5-sql;31e16f9a-eed8-51f5-b4a8-597df678d268-sql;c075474a-2169-5a3a-99a8-db6ff1c22a29-sql;842ea0df-c638-5a0b-b8a7-5002232ac011-sql
sakila,"Показать 20 последних платежей клиентов на сумму более 9.00, отсортировав их по дате платежа от новых к старым.",easy,b61a4220-719a-48a6-bf52-a9901f2656e4,"Скрипт для поиска 20 последних платежей клиентов на сумму более 9.00, отсортированных по дате платежа от новых к старым.","Скрипт для формирования списка 20 последних платежей клиентов на сумму более 9.00, отсортированных по дате платежа от новых к старым.","Поиск 20 последних платежей клиентов с суммой более 9.00, отсортированных по дате платежа от новых к старым.","Показать 10 последних платежей на сумму более 7.00, упорядочив по дате платежа по убыванию.","Показать 15 последних платежей, сумма которых находится в диапазоне от 5.00 до 10.00, упорядочив их по дате платежа от новых к старым для оценки типичной стоимости аренды популярных фильмов.","Выбрать из таблицы аренды записи, где дата возврата не пустая, упорядочить их по дате возврата по убыванию и вывести первые 10 строк.",1,268c869d-a741-55ed-965a-f021d4493d25-sql,842ea0df-c638-5a0b-b8a7-5002232ac011-sql;014ae64a-c12a-5b5a-b27e-ae85d129fedc-sql;2cbeb819-e994-520f-b0df-fd0cbff51808-sql;a06aefd1-4dab-51f3-8aa4-eccc1ee41cbd-sql;268c869d-a741-55ed-965a-f021d4493d25-sql,842ea0df-c638-5a0b-b8a7-5002232ac011-sql;c075474a-2169-5a3a-99a8-db6ff1c22a29-sql;268c869d-a741-55ed-965a-f021d4493d25-sql;e4f5b75f-12e5-5584-ba3c-b1cc4c01180f-sql;014ae64a-c12a-5b5a-b27e-ae85d129fedc-sql,014ae64a-c12a-5b5a-b27e-ae85d129fedc-sql;842ea0df-c638-5a0b-b8a7-5002232ac011-sql;a06aefd1-4dab-51f3-8aa4-eccc1ee41cbd-sql;bafc8eab-f07b-54f0-8b98-225791ebb1d5-sql;268c869d-a741-55ed-965a-f021d4493d25-sql
sakila,"Показать 20 последних платежей клиентов на сумму более 9.00, отсортировав их по дате платежа от новых к старым.",easy,b61a4220-719a-48a6-bf52-a9901f2656e4,"Скрипт для поиска 20 последних платежей клиентов на сумму более 9.00, отсортированных по дате платежа от новых к старым.","Скрипт для формирования списка 20 последних платежей клиентов на сумму более 9.00, отсортированных по дате платежа от новых к старым.","Поиск 20 последних платежей клиентов с суммой более 9.00, отсортированных по дате платежа от новых к старым.","Скрипт для получения 10 последних платежей клиентов на сумму более 5.00, отсортированных по дате платежа от новых к старым.","Сформировать выборку 12 последних транзакций клиентов с суммой более 11 долларов для анализа крупных покупок, отсортировав по дате операции от новых к старым.","Показать 20 последних платежей, сумма которых меньше или равна 5.00, отсортировав их по дате платежа от новых к старым.",2,268c869d-a741-55ed-965a-f021d4493d25-sql,014ae64a-c12a-5b5a-b27e-ae85d129fedc-sql;a06aefd1-4dab-51f3-8aa4-eccc1ee41cbd-sql;c075474a-2169-5a3a-99a8-db6ff1c22a29-sql;268c869d-a741-55ed-965a-f021d4493d25-sql;e4f5b75f-12e5-5584-ba3c-b1cc4c01180f-sql,e79c18bc-418f-5fd4-9972-7e34cd61cc4a-sql;2cbeb819-e994-520f-b0df-fd0cbff51808-sql;dd50b6ce-3ff2-5397-a29a-ce6dcd913bae-sql;e4f5b75f-12e5-5584-ba3c-b1cc4c01180f-sql;268c869d-a741-55ed-965a-f021d4493d25-sql,842ea0df-c638-5a0b-b8a7-5002232ac011-sql;c075474a-2169-5a3a-99a8-db6ff1c22a29-sql;268c869d-a741-55ed-965a-f021d4493d25-sql;e4f5b75f-12e5-5584-ba3c-b1cc4c01180f-sql;758f6a5c-fb42-58c4-8bde-45004bd52662-sql
sakila,"Показать 20 последних платежей на сумму больше 8.00, отсортированных по дате платежа от новых к старым.",easy,413d8fd6-2cee-49af-bbf4-93718769afc4,"Скрипт для поиска 20 последних платежей на сумму больше 8.00, отсортированных по дате платежа от новых к старым.","Скрипт для поиска 20 последних платежей с суммой больше 8.00, отсортированных по дате платежа от новых к старым.","Скрипт для формирования списка 20 последних платежей с суммой больше 8.00, отсортированных по дате платежа по убыванию от более новых к более старым.","Показать 15 последних платежей на сумму больше 5.00, отсортированных по дате платежа от новых к старым.",Отобрать последние 10 платежей на сумму более 9.00 для контроля крупных транзакций клиентов.,"Вывести 10 последних платежей, сумма которых превышает 5.00, упорядочив их по дате платежа от новых к старым.",0,842ea0df-c638-5a0b-b8a7-5002232ac011-sql,c075474a-2169-5a3a-99a8-db6ff1c22a29-sql;842ea0df-c638-5a0b-b8a7-5002232ac011-sql;268c869d-a741-55ed-965a-f021d4493d25-sql;e4f5b75f-12e5-5584-ba3c-b1cc4c01180f-sql;dd50b6ce-3ff2-5397-a29a-ce6dcd913bae-sql,2cbeb819-e994-520f-b0df-fd0cbff51808-sql;e4f5b75f-12e5-5584-ba3c-b1cc4c01180f-sql;268c869d-a741-55ed-965a-f021d4493d25-sql;e79c18bc-418f-5fd4-9972-7e34cd61cc4a-sql;014ae64a-c12a-5b5a-b27e-ae85d129fedc-sql,842ea0df-c638-5a0b-b8a7-5002232ac011-sql;c075474a-2169-5a3a-99a8-db6ff1c22a29-sql;014ae64a-c12a-5b5a-b27e-ae85d129fedc-sql;268c869d-a741-55ed-965a-f021d4493d25-sql;e4f5b75f-12e5-5584-ba3c-b1cc4c01180f-sql
sakila,"Показать 20 последних платежей на сумму больше 8.00, отсортированных по дате платежа от новых к старым.",easy,413d8fd6-2cee-49af-bbf4-93718769afc4,"Скрипт для поиска 20 последних платежей на сумму больше 8.00, отсортированных по дате платежа от новых к старым.","Скрипт для поиска 20 последних платежей с суммой больше 8.00, отсортированных по дате платежа от новых к старым.","Скрипт для формирования списка 20 последних платежей с суммой больше 8.00, отсортированных по дате платежа по убыванию от более новых к более старым.","Скрипт для вывода 15 последних платежей на сумму больше 7.00, отсортированных по дате от новых к старым.",Создать отчёт о 20 последних крупных транзакциях (сумма свыше 8.00) для выявления пиковых платежей и контроля операционной активности.,"Выбрать 15 записей из таблицы платежей, где сумма превышает 10.00, и упорядочить их по дате платежа в порядке возрастания, вывести только первые 15 строк.",1,842ea0df-c638-5a0b-b8a7-5002232ac011-sql,842ea0df-c638-5a0b-b8a7-5002232ac011-sql;268c869d-a741-55ed-965a-f021d4493d25-sql;e4f5b75f-12e5-5584-ba3c-b1cc4c01180f-sql;c075474a-2169-5a3a-99a8-db6ff1c22a29-sql;014ae64a-c12a-5b5a-b27e-ae85d129fedc-sql,842ea0df-c638-5a0b-b8a7-5002232ac011-sql;e79c18bc-418f-5fd4-9972-7e34cd61cc4a-sql;e4f5b75f-12e5-5584-ba3c-b1cc4c01180f-sql;268c869d-a741-55ed-965a-f021d4493d25-sql;758f6a5c-fb42-58c4-8bde-45004bd52662-sql,842ea0df-c638-5a0b-b8a7-5002232ac011-sql;014ae64a-c12a-5b5a-b27e-ae85d129fedc-sql;2cbeb819-e994-520f-b0df-fd0cbff51808-sql;a06aefd1-4dab-51f3-8aa4-eccc1ee41cbd-sql;e79c18bc-418f-5fd4-9972-7e34cd61cc4a-sql
sakila,"Показать 20 последних платежей на сумму больше 8.00, отсортированных по дате платежа от новых к старым.",easy,413d8fd6-2cee-49af-bbf4-93718769afc4,"Скрипт для поиска 20 последних платежей на сумму больше 8.00, отсортированных по дате платежа от новых к старым.","Скрипт для поиска 20 последних платежей с суммой больше 8.00, отсортированных по дате платежа от новых к старым.","Скрипт для формирования списка 20 последних платежей с суммой больше 8.00, отсортированных по дате платежа по убыванию от более новых к более старым.","Скрипт для вывода 15 последних платежей на сумму больше 6.00, отсортированных по дате от новых к старым.","Сформировать отчёт по 15 последним транзакциям с суммой более 9.00 для контроля крупных списаний, отсортировав их от самой свежей к более ранней.","Отфильтровать таблицу платежей по условию, что сумма платежа меньше 5.00 и дата платежа приходится на 2005 год. Отсортировать записи по дате платежа по возрастанию. Вывести первые 10 строк результата.",2,842ea0df-c638-5a0b-b8a7-5002232ac011-sql,842ea0df-c638-5a0b-b8a7-5002232ac011-sql;c075474a-2169-5a3a-99a8-db6ff1c22a29-sql;268c869d-a741-55ed-965a-f021d4493d25-sql;e4f5b75f-12e5-5584-ba3c-b1cc4c01180f-sql;dd50b6ce-3ff2-5397-a29a-ce6dcd913bae-sql,c35c933b-1acc-5e76-b8d0-0088106e46ad-sql;842ea0df-c638-5a0b-b8a7-5002232ac011-sql;e4f5b75f-12e5-5584-ba3c-b1cc4c01180f-sql;268c869d-a741-55ed-965a-f021d4493d25-sql;e79c18bc-418f-5fd4-9972-7e34cd61cc4a-sql,c075474a-2169-5a3a-99a8-db6ff1c22a29-sql;014ae64a-c12a-5b5a-b27e-ae85d129fedc-sql;842ea0df-c638-5a0b-b8a7-5002232ac011-sql;dd50b6ce-3ff2-5397-a29a-ce6dcd913bae-sql;268c869d-a741-55ed-965a-f021d4493d25-sql
sakila,"Показать 10 последних платежей клиентов на сумму больше 8.00 с идентификатором платежа, идентификатором клиента, суммой и датой платежа, отсортировав их от самых новых к старым.",easy,57e8f8b0-5e44-4b94-b804-51b13e5bae76,"Скрипт для поиска 10 последних платежей клиентов на сумму больше 8.00 с идентификатором платежа, идентификатором клиента, суммой и датой платежа, отсортированных от самых новых к старым.","Скрипт для поиска 10 последних платежей клиентов на сумму более 8.00 с выводом идентификатора платежа, идентификатора клиента, суммы и даты платежа, отсортированных от самых новых к самым старым.","Скрипт для поиска 10 последних платежей клиентов с суммой больше 8.00, с выводом идентификатора платежа, идентификатора клиента, суммы и даты платежа, отсортированных по дате платежа от самых новых к самым старым.","Скрипт для вывода 5 последних платежей с суммой менее 2.00, включая идентификатор платежа, сумму и дату, отсортированных от новых к старым.","Для выявления клиентов с высокой транзакционной активностью получите 20 последних платежей на сумму больше 5,00 с указанием идентификаторов платежа и клиента, суммы и даты, отсортировав по убыванию даты.",None,0,a06aefd1-4dab-51f3-8aa4-eccc1ee41cbd-sql,c075474a-2169-5a3a-99a8-db6ff1c22a29-sql;014ae64a-c12a-5b5a-b27e-ae85d129fedc-sql;dd50b6ce-3ff2-5397-a29a-ce6dcd913bae-sql;842ea0df-c638-5a0b-b8a7-5002232ac011-sql;a06aefd1-4dab-51f3-8aa4-eccc1ee41cbd-sql,c075474a-2169-5a3a-99a8-db6ff1c22a29-sql;758f6a5c-fb42-58c4-8bde-45004bd52662-sql;268c869d-a741-55ed-965a-f021d4493d25-sql;dd50b6ce-3ff2-5397-a29a-ce6dcd913bae-sql;70125e64-c3a3-5a78-945c-1db179627269-sql,a89aea53-a231-5743-b3c7-2e203554906f-sql;09c83b98-73c4-5969-bb10-6217ba0cc214-sql;3658aec1-bae4-5034-9bf6-a362440e78b4-sql;d0feb92f-6c89-55d7-a7dd-6d584c3eb42c-sql;0975f712-4c74-5187-b542-54f304f1d17a-sql
sakila,"Показать 10 последних платежей клиентов на сумму больше 8.00 с идентификатором платежа, идентификатором клиента, суммой и датой платежа, отсортировав их от самых новых к старым.",easy,57e8f8b0-5e44-4b94-b804-51b13e5bae76,"Скрипт для поиска 10 последних платежей клиентов на сумму больше 8.00 с идентификатором платежа, идентификатором клиента, суммой и датой платежа, отсортированных от самых новых к старым.","Скрипт для поиска 10 последних платежей клиентов на сумму более 8.00 с выводом идентификатора платежа, идентификатора клиента, суммы и даты платежа, отсортированных от самых новых к самым старым.","Скрипт для поиска 10 последних платежей клиентов с суммой больше 8.00, с выводом идентификатора платежа, идентификатора клиента, суммы и даты платежа, отсортированных по дате платежа от самых новых к самым старым.","Скрипт для отображения 5 последних платежей на сумму более 6.00 с идентификатором платежа, идентификатором клиента и датой, отсортированных от самых новых к старым.","Вывести 15 последних платежей на сумму более 6.00 с идентификатором платежа, клиента, суммой и датой, отсортировав от самых новых к старым, для контроля крупных транзакций.","Вывести 5 платежей, у которых сумма меньше 3.00, с отображением идентификатора платежа, идентификатора клиента и даты платежа, отсортировав записи по возрастанию даты платежа.",1,a06aefd1-4dab-51f3-8aa4-eccc1ee41cbd-sql,c075474a-2169-5a3a-99a8-db6ff1c22a29-sql;014ae64a-c12a-5b5a-b27e-ae85d129fedc-sql;a06aefd1-4dab-51f3-8aa4-eccc1ee41cbd-sql;dd50b6ce-3ff2-5397-a29a-ce6dcd913bae-sql;70125e64-c3a3-5a78-945c-1db179627269-sql,dd50b6ce-3ff2-5397-a29a-ce6dcd913bae-sql;c075474a-2169-5a3a-99a8-db6ff1c22a29-sql;014ae64a-c12a-5b5a-b27e-ae85d129fedc-sql;842ea0df-c638-5a0b-b8a7-5002232ac011-sql;268c869d-a741-55ed-965a-f021d4493d25-sql,014ae64a-c12a-5b5a-b27e-ae85d129fedc-sql;c075474a-2169-5a3a-99a8-db6ff1c22a29-sql;dd50b6ce-3ff2-5397-a29a-ce6dcd913bae-sql;a06aefd1-4dab-51f3-8aa4-eccc1ee41cbd-sql;758f6a5c-fb42-58c4-8bde-45004bd52662-sql
sakila,"Показать 10 последних платежей клиентов на сумму больше 8.00 с идентификатором платежа, идентификатором клиента, суммой и датой платежа, отсортировав их от самых новых к старым.",easy,57e8f8b0-5e44-4b94-b804-51b13e5bae76,"Скрипт для поиска 10 последних платежей клиентов на сумму больше 8.00 с идентификатором платежа, идентификатором клиента, суммой и датой платежа, отсортированных от самых новых к старым.","Скрипт для поиска 10 последних платежей клиентов на сумму более 8.00 с выводом идентификатора платежа, идентификатора клиента, суммы и даты платежа, отсортированных от самых новых к самым старым.","Скрипт для поиска 10 последних платежей клиентов с суммой больше 8.00, с выводом идентификатора платежа, идентификатора клиента, суммы и даты платежа, отсортированных по дате платежа от самых новых к самым старым.","Скрипт для вывода 10 самых ранних платежей с суммой менее 10.00, показывающий идентификатор платежа, идентификатор клиента, сумму и дату, отсортированных по дате по возрастанию.","Для мониторинга крупных операций подготовить список 15 последних платежей суммой более 9.00 с указанием идентификатора платежа, клиента, суммы и даты, отсортировав их от последних к первым.","Выбрать 15 последних по дате платежей, сумма которых превышает 10.00, и вывести их идентификатор, идентификатор клиента, сумму и дату, упорядочив записи от самых новых к старым.",2,a06aefd1-4dab-51f3-8aa4-eccc1ee41cbd-sql,014ae64a-c12a-5b5a-b27e-ae85d129fedc-sql;a06aefd1-4dab-51f3-8aa4-eccc1ee41cbd-sql;dd50b6ce-3ff2-5397-a29a-ce6dcd913bae-sql;c075474a-2169-5a3a-99a8-db6ff1c22a29-sql;7bd948b3-a57b-5182-b882-e638fc09454b-sql,e79c18bc-418f-5fd4-9972-7e34cd61cc4a-sql;2cbeb819-e994-520f-b0df-fd0cbff51808-sql;c35c933b-1acc-5e76-b8d0-0088106e46ad-sql;aaba7f4e-f0ff-5f8e-b937-feb2aebcb6ef-sql;bafc8eab-f07b-54f0-8b98-225791ebb1d5-sql,014ae64a-c12a-5b5a-b27e-ae85d129fedc-sql;a06aefd1-4dab-51f3-8aa4-eccc1ee41cbd-sql;dd50b6ce-3ff2-5397-a29a-ce6dcd913bae-sql;c075474a-2169-5a3a-99a8-db6ff1c22a29-sql;758f6a5c-fb42-58c4-8bde-45004bd52662-sql
sakila,"Показать 20 последних платежей клиентов на сумму больше 8.00 с идентификатором платежа, клиента, сотрудника, суммой и датой платежа, отсортировав по дате платежа от новых к старым.",easy,1dcf38a1-a9a8-4a3b-94ee-0166b8be43f9,"Скрипт для поиска 20 последних платежей клиентов на сумму больше 8.00 с указанием идентификатора платежа, клиента, сотрудника, суммы и даты платежа, отсортированных по дате платежа от новых к старым.","Скрипт для поиска 20 последних платежей клиентов на сумму свыше 8.00 с выводом идентификатора платежа, клиента, сотрудника, суммы и даты платежа, отсортированных по дате платежа от новых к старым.","Скрипт для отбора 20 последних платежей клиентов с суммой больше 8.00, с выводом идентификатора платежа, клиента, сотрудника, суммы и даты платежа, упорядоченных по дате платежа от новых к старым.","Скрипт для отображения 15 последних платежей на сумму больше 10.00 с идентификатором платежа, клиента, сотрудника, суммой и датой, отсортированных по дате от новых к старым.","Сформировать отчёт по 30 последним транзакциям с суммой более 10.00 для контроля превышения порога крупных платежей, включив идентификатор платежа, клиента, сотрудника, сумму и дату, отсортировав по дате в порядке убывания.","Выбрать из таблицы платежей записи с суммой больше 10.00, ограничить результат первыми 15 записями, отсортировав их по дате платежа в порядке убывания, и включить в вывод идентификатор платежа, идентификатор клиента, идентификатор сотрудника, сумму и дату платежа.",0,758f6a5c-fb42-58c4-8bde-45004bd52662-sql,014ae64a-c12a-5b5a-b27e-ae85d129fedc-sql;a06aefd1-4dab-51f3-8aa4-eccc1ee41cbd-sql;dd50b6ce-3ff2-5397-a29a-ce6dcd913bae-sql;70125e64-c3a3-5a78-945c-1db179627269-sql;758f6a5c-fb42-58c4-8bde-45004bd52662-sql,c35c933b-1acc-5e76-b8d0-0088106e46ad-sql;2cbeb819-e994-520f-b0df-fd0cbff51808-sql;e79c18bc-418f-5fd4-9972-7e34cd61cc4a-sql;bafc8eab-f07b-54f0-8b98-225791ebb1d5-sql;014ae64a-c12a-5b5a-b27e-ae85d129fedc-sql,014ae64a-c12a-5b5a-b27e-ae85d129fedc-sql;dd50b6ce-3ff2-5397-a29a-ce6dcd913bae-sql;a06aefd1-4dab-51f3-8aa4-eccc1ee41cbd-sql;2cbeb819-e994-520f-b0df-fd0cbff51808-sql;c35c933b-1acc-5e76-b8d0-0088106e46ad-sql
sakila,"Показать 20 последних платежей клиентов на сумму больше 8.00 с идентификатором платежа, клиента, сотрудника, суммой и датой платежа, отсортировав по дате платежа от новых к старым.",easy,1dcf38a1-a9a8-4a3b-94ee-0166b8be43f9,"Скрипт для поиска 20 последних платежей клиентов на сумму больше 8.00 с указанием идентификатора платежа, клиента, сотрудника, суммы и даты платежа, отсортированных по дате платежа от новых к старым.","Скрипт для поиска 20 последних платежей клиентов на сумму свыше 8.00 с выводом идентификатора платежа, клиента, сотрудника, суммы и даты платежа, отсортированных по дате платежа от новых к старым.","Скрипт для отбора 20 последних платежей клиентов с суммой больше 8.00, с выводом идентификатора платежа, клиента, сотрудника, суммы и даты платежа, упорядоченных по дате платежа от новых к старым.","Скрипт для вывода 5 самых дорогих платежей с суммой более 12.00, с указанием идентификатора платежа, клиента и сотрудника, отсортированных по убыванию суммы.","Для выявления подозрительных крупных транзакций сформировать отчет по последним платежам свыше 10.00, включив идентификатор операции, клиента, обработавшего сотрудника, сумму и дату, отсортировав по дате от новых к старым с лимитом 15 записей.","Вывести 15 последних платежей с суммой не менее 5.00, включив идентификатор платежа, идентификатор клиента, идентификатор сотрудника, сумму и дату платежа, отсортировав записи по дате платежа от новых к старым.",1,758f6a5c-fb42-58c4-8bde-45004bd52662-sql,dd50b6ce-3ff2-5397-a29a-ce6dcd913bae-sql;014ae64a-c12a-5b5a-b27e-ae85d129fedc-sql;aaba7f4e-f0ff-5f8e-b937-feb2aebcb6ef-sql;2cbeb819-e994-520f-b0df-fd0cbff51808-sql;e79c18bc-418f-5fd4-9972-7e34cd61cc4a-sql,d160bcf2-8920-5c1d-8868-c0e72207bbd8-sql;c35c933b-1acc-5e76-b8d0-0088106e46ad-sql;0975f712-4c74-5187-b542-54f304f1d17a-sql;758e649c-8652-51e2-a62a-350b8be14bea-sql;014ae64a-c12a-5b5a-b27e-ae85d129fedc-sql,c075474a-2169-5a3a-99a8-db6ff1c22a29-sql;dd50b6ce-3ff2-5397-a29a-ce6dcd913bae-sql;014ae64a-c12a-5b5a-b27e-ae85d129fedc-sql;758f6a5c-fb42-58c4-8bde-45004bd52662-sql;70125e64-c3a3-5a78-945c-1db179627269-sql
sakila,"Показать 20 последних платежей клиентов на сумму больше 8.00 с идентификатором платежа, клиента, сотрудника, суммой и датой платежа, отсортировав по дате платежа от новых к старым.",easy,1dcf38a1-a9a8-4a3b-94ee-0166b8be43f9,"Скрипт для поиска 20 последних платежей клиентов на сумму больше 8.00 с указанием идентификатора платежа, клиента, сотрудника, суммы и даты платежа, отсортированных по дате платежа от новых к старым.","Скрипт для поиска 20 последних платежей клиентов на сумму свыше 8.00 с выводом идентификатора платежа, клиента, сотрудника, суммы и даты платежа, отсортированных по дате платежа от новых к старым.","Скрипт для отбора 20 последних платежей клиентов с суммой больше 8.00, с выводом идентификатора платежа, клиента, сотрудника, суммы и даты платежа, упорядоченных по дате платежа от новых к старым.","Скрипт для отображения 5 последних платежей на сумму менее 5.00 с идентификатором платежа, клиента, сотрудника, суммой и датой платежа, отсортированных по дате от новых к старым.","Для анализа крупных поступлений выгрузить 20 последних платежей с суммой более 8.00, включив идентификаторы платежа, клиента и сотрудника, сумму и дату, отсортировав по дате от новых к старым.","Выбрать из таблицы платежей записи с суммой, превышающей 6.00, ограничив вывод 15 строками. В результат включить идентификатор платежа, идентификатор клиента, идентификатор сотрудника, сумму платежа и дату платежа. Отсортировать записи по дате платежа в порядке убывания.",2,758f6a5c-fb42-58c4-8bde-45004bd52662-sql,c075474a-2169-5a3a-99a8-db6ff1c22a29-sql;dd50b6ce-3ff2-5397-a29a-ce6dcd913bae-sql;014ae64a-c12a-5b5a-b27e-ae85d129fedc-sql;70125e64-c3a3-5a78-945c-1db179627269-sql;758f6a5c-fb42-58c4-8bde-45004bd52662-sql,e79c18bc-418f-5fd4-9972-7e34cd61cc4a-sql;dd50b6ce-3ff2-5397-a29a-ce6dcd913bae-sql;842ea0df-c638-5a0b-b8a7-5002232ac011-sql;70125e64-c3a3-5a78-945c-1db179627269-sql;aaba7f4e-f0ff-5f8e-b937-feb2aebcb6ef-sql,dd50b6ce-3ff2-5397-a29a-ce6dcd913bae-sql;014ae64a-c12a-5b5a-b27e-ae85d129fedc-sql;c35c933b-1acc-5e76-b8d0-0088106e46ad-sql;c075474a-2169-5a3a-99a8-db6ff1c22a29-sql;758f6a5c-fb42-58c4-8bde-45004bd52662-sql
sakila,"Показать последние 20 платежей клиентов на сумму больше 9.00, отсортировав их по дате платежа от новых к старым.",easy,9db62415-30eb-4b68-93cc-7a4797b234c6,"Скрипт для поиска последних 20 платежей клиентов с суммой больше 9.00, отсортированных по дате платежа от новых к старым.","Скрипт для формирования списка последних 20 платежей клиентов с суммой более 9.00, отсортированных по дате платежа от новых к старым.","Поиск последних 20 платежей клиентов с суммой больше 9.00, отсортированных по дате платежа от новых к старым.","Показать последние 10 платежей с суммой менее 5.00, отсортировав их по дате платежа от новых к старым.","Для мониторинга крупных транзакций получить список 15 последних платежей на сумму более 8.50, отсортированных по дате платежа в порядке убывания.","Из таблицы платежей отобрать записи, в которых сумма платежа превышает 2.00, а дата платежа попадает в промежуток с 1 по 31 мая 2005 года. Отсортировать полученные строки по дате платежа в порядке возрастания (от самых старых к новым). Вывести первые 20 записей результата.",0,e4f5b75f-12e5-5584-ba3c-b1cc4c01180f-sql,c075474a-2169-5a3a-99a8-db6ff1c22a29-sql;842ea0df-c638-5a0b-b8a7-5002232ac011-sql;014ae64a-c12a-5b5a-b27e-ae85d129fedc-sql;268c869d-a741-55ed-965a-f021d4493d25-sql;a06aefd1-4dab-51f3-8aa4-eccc1ee41cbd-sql,e79c18bc-418f-5fd4-9972-7e34cd61cc4a-sql;842ea0df-c638-5a0b-b8a7-5002232ac011-sql;2cbeb819-e994-520f-b0df-fd0cbff51808-sql;aaba7f4e-f0ff-5f8e-b937-feb2aebcb6ef-sql;c075474a-2169-5a3a-99a8-db6ff1c22a29-sql,842ea0df-c638-5a0b-b8a7-5002232ac011-sql;c075474a-2169-5a3a-99a8-db6ff1c22a29-sql;dd50b6ce-3ff2-5397-a29a-ce6dcd913bae-sql;268c869d-a741-55ed-965a-f021d4493d25-sql;e4f5b75f-12e5-5584-ba3c-b1cc4c01180f-sql
sakila,"Показать последние 20 платежей клиентов на сумму больше 9.00, отсортировав их по дате платежа от новых к старым.",easy,9db62415-30eb-4b68-93cc-7a4797b234c6,"Скрипт для поиска последних 20 платежей клиентов с суммой больше 9.00, отсортированных по дате платежа от новых к старым.","Скрипт для формирования списка последних 20 платежей клиентов с суммой более 9.00, отсортированных по дате платежа от новых к старым.","Поиск последних 20 платежей клиентов с суммой больше 9.00, отсортированных по дате платежа от новых к старым.","Скрипт для вывода 20 самых дорогих платежей, отсортированных по убыванию суммы.","Отчёт по последним 15 платежам на сумму более 10.00, упорядоченным по дате платежа от новых к старым, для контроля крупных операций.","Выбрать из таблицы платежей записи за 2005 год, где сумма платежа находится в диапазоне от 2.00 до 6.00 включительно, ограничить результат 10 строками и упорядочить по возрастанию даты платежа.",1,e4f5b75f-12e5-5584-ba3c-b1cc4c01180f-sql,e79c18bc-418f-5fd4-9972-7e34cd61cc4a-sql;aaba7f4e-f0ff-5f8e-b937-feb2aebcb6ef-sql;842ea0df-c638-5a0b-b8a7-5002232ac011-sql;dd50b6ce-3ff2-5397-a29a-ce6dcd913bae-sql;268c869d-a741-55ed-965a-f021d4493d25-sql,842ea0df-c638-5a0b-b8a7-5002232ac011-sql;268c869d-a741-55ed-965a-f021d4493d25-sql;e4f5b75f-12e5-5584-ba3c-b1cc4c01180f-sql;e79c18bc-418f-5fd4-9972-7e34cd61cc4a-sql;c075474a-2169-5a3a-99a8-db6ff1c22a29-sql,c075474a-2169-5a3a-99a8-db6ff1c22a29-sql;aa228506-8c73-5dfa-82d6-658e4747cef5-sql;5259df29-82da-5d5f-99fd-a8b1042e7cbd-sql;31e16f9a-eed8-51f5-b4a8-597df678d268-sql;758e649c-8652-51e2-a62a-350b8be14bea-sql
sakila,"Показать последние 20 платежей клиентов на сумму больше 9.00, отсортировав их по дате платежа от новых к старым.",easy,9db62415-30eb-4b68-93cc-7a4797b234c6,"Скрипт для поиска последних 20 платежей клиентов с суммой больше 9.00, отсортированных по дате платежа от новых к старым.","Скрипт для формирования списка последних 20 платежей клиентов с суммой более 9.00, отсортированных по дате платежа от новых к старым.","Поиск последних 20 платежей клиентов с суммой больше 9.00, отсортированных по дате платежа от новых к старым.","Отобразить 15 самых дорогих платежей, совершенных в 2005 году, упорядочив их по сумме по убыванию.","Сформировать выборку 20 последних транзакций с суммой свыше 9.00, упорядоченных по дате от новых к старым, для мониторинга крупных платежей клиентов.","Выбрать 15 самых ранних платежей клиентов, у которых сумма платежа превышает 8.00, и отсортировать их по дате платежа от старых к новым.",2,e4f5b75f-12e5-5584-ba3c-b1cc4c01180f-sql,31e16f9a-eed8-51f5-b4a8-597df678d268-sql;5259df29-82da-5d5f-99fd-a8b1042e7cbd-sql;aa228506-8c73-5dfa-82d6-658e4747cef5-sql;e79c18bc-418f-5fd4-9972-7e34cd61cc4a-sql;aaba7f4e-f0ff-5f8e-b937-feb2aebcb6ef-sql,e4f5b75f-12e5-5584-ba3c-b1cc4c01180f-sql;268c869d-a741-55ed-965a-f021d4493d25-sql;e79c18bc-418f-5fd4-9972-7e34cd61cc4a-sql;842ea0df-c638-5a0b-b8a7-5002232ac011-sql;7bd948b3-a57b-5182-b882-e638fc09454b-sql,842ea0df-c638-5a0b-b8a7-5002232ac011-sql;e79c18bc-418f-5fd4-9972-7e34cd61cc4a-sql;70125e64-c3a3-5a78-945c-1db179627269-sql;758f6a5c-fb42-58c4-8bde-45004bd52662-sql;a06aefd1-4dab-51f3-8aa4-eccc1ee41cbd-sql
sakila,"Показать 20 самых крупных платежей клиентов с суммой выше 8.00, отсортировав их по сумме убывания для первичной проверки подозрительно крупных транзакций.",easy,04cf2729-c2b0-4a31-bf0c-2237950d7c22,"Скрипт для поиска 20 самых крупных платежей клиентов с суммой выше 8.00, отсортированных по сумме по убыванию.",Скрипт для отбора 20 крупнейших платежей клиентов с суммой выше 8.00 и их сортировки по убыванию суммы для первичной проверки подозрительно крупных транзакций.,Поиск 20 крупнейших платежей клиентов с фильтрацией по сумме больше 8.00 и сортировкой по сумме по убыванию для первичной проверки подозрительно крупных транзакций.,"Показать 10 самых крупных платежей с суммой выше 9.99, отсортированных по дате платежа по убыванию для анализа подозрительных операций.","Извлечь 15 крупнейших платежей клиентов с суммой более 12.00, отсортированных по убыванию суммы, для выявления транзакций, требующих дополнительной проверки в рамках фрод-мониторинга.","Вывести 25 платежей с суммой не менее 9.99, отсортировав их по убыванию суммы, для первичного анализа максимальных транзакций.",0,e79c18bc-418f-5fd4-9972-7e34cd61cc4a-sql,2cbeb819-e994-520f-b0df-fd0cbff51808-sql;e79c18bc-418f-5fd4-9972-7e34cd61cc4a-sql;bafc8eab-f07b-54f0-8b98-225791ebb1d5-sql;aaba7f4e-f0ff-5f8e-b937-feb2aebcb6ef-sql;014ae64a-c12a-5b5a-b27e-ae85d129fedc-sql,e79c18bc-418f-5fd4-9972-7e34cd61cc4a-sql;2cbeb819-e994-520f-b0df-fd0cbff51808-sql;aaba7f4e-f0ff-5f8e-b937-feb2aebcb6ef-sql;758e649c-8652-51e2-a62a-350b8be14bea-sql;bafc8eab-f07b-54f0-8b98-225791ebb1d5-sql,e79c18bc-418f-5fd4-9972-7e34cd61cc4a-sql;2cbeb819-e994-520f-b0df-fd0cbff51808-sql;268c869d-a741-55ed-965a-f021d4493d25-sql;e4f5b75f-12e5-5584-ba3c-b1cc4c01180f-sql;842ea0df-c638-5a0b-b8a7-5002232ac011-sql
sakila,"Показать 20 самых крупных платежей клиентов с суммой выше 8.00, отсортировав их по сумме убывания для первичной проверки подозрительно крупных транзакций.",easy,04cf2729-c2b0-4a31-bf0c-2237950d7c22,"Скрипт для поиска 20 самых крупных платежей клиентов с суммой выше 8.00, отсортированных по сумме по убыванию.",Скрипт для отбора 20 крупнейших платежей клиентов с суммой выше 8.00 и их сортировки по убыванию суммы для первичной проверки подозрительно крупных транзакций.,Поиск 20 крупнейших платежей клиентов с фильтрацией по сумме больше 8.00 и сортировкой по сумме по убыванию для первичной проверки подозрительно крупных транзакций.,"Скрипт для извлечения 15 крупнейших платежей с суммой более 7.50, отсортированных по убыванию суммы, для мониторинга подозрительных транзакций.","Сформировать список из 25 крупнейших платежей, превышающих 7.50, отсортированных по убыванию суммы, для контроля соответствия лимитам и выявления потенциально аномальных транзакций.","Выбрать 15 записей из таблицы платежей, где сумма платежа больше 10.00 и дата платежа находится в диапазоне с 1 января 2005 года по 30 июня 2005 года, отсортировав по убыванию суммы платежа.",1,e79c18bc-418f-5fd4-9972-7e34cd61cc4a-sql,e79c18bc-418f-5fd4-9972-7e34cd61cc4a-sql;2cbeb819-e994-520f-b0df-fd0cbff51808-sql;c35c933b-1acc-5e76-b8d0-0088106e46ad-sql;842ea0df-c638-5a0b-b8a7-5002232ac011-sql;aaba7f4e-f0ff-5f8e-b937-feb2aebcb6ef-sql,c35c933b-1acc-5e76-b8d0-0088106e46ad-sql;e79c18bc-418f-5fd4-9972-7e34cd61cc4a-sql;758e649c-8652-51e2-a62a-350b8be14bea-sql;2cbeb819-e994-520f-b0df-fd0cbff51808-sql;dec689aa-ffa9-52a9-bb0f-fefa021b9cb2-sql,c075474a-2169-5a3a-99a8-db6ff1c22a29-sql;842ea0df-c638-5a0b-b8a7-5002232ac011-sql;aa228506-8c73-5dfa-82d6-658e4747cef5-sql;5259df29-82da-5d5f-99fd-a8b1042e7cbd-sql;31e16f9a-eed8-51f5-b4a8-597df678d268-sql
sakila,"Показать 20 самых крупных платежей клиентов с суммой выше 8.00, отсортировав их по сумме убывания для первичной проверки подозрительно крупных транзакций.",easy,04cf2729-c2b0-4a31-bf0c-2237950d7c22,"Скрипт для поиска 20 самых крупных платежей клиентов с суммой выше 8.00, отсортированных по сумме по убыванию.",Скрипт для отбора 20 крупнейших платежей клиентов с суммой выше 8.00 и их сортировки по убыванию суммы для первичной проверки подозрительно крупных транзакций.,Поиск 20 крупнейших платежей клиентов с фильтрацией по сумме больше 8.00 и сортировкой по сумме по убыванию для первичной проверки подозрительно крупных транзакций.,"Скрипт для выбора 15 самых дорогих платежей клиентов с суммой более 10.00, упорядоченных по убыванию, для мониторинга крупных транзакций.","Для выявления аномально высоких транзакций сформировать отчёт о 20 платежах с суммой более 8.50, отсортированных по дате в порядке убывания.","Вывести 15 самых дорогих платежей клиентов с суммой не менее 7.50, упорядоченных по убыванию суммы, с выводом идентификатора клиента, даты платежа и суммы, для мониторинга крупных транзакций.",2,e79c18bc-418f-5fd4-9972-7e34cd61cc4a-sql,2cbeb819-e994-520f-b0df-fd0cbff51808-sql;e79c18bc-418f-5fd4-9972-7e34cd61cc4a-sql;aaba7f4e-f0ff-5f8e-b937-feb2aebcb6ef-sql;bafc8eab-f07b-54f0-8b98-225791ebb1d5-sql;268c869d-a741-55ed-965a-f021d4493d25-sql,e79c18bc-418f-5fd4-9972-7e34cd61cc4a-sql;842ea0df-c638-5a0b-b8a7-5002232ac011-sql;c35c933b-1acc-5e76-b8d0-0088106e46ad-sql;e4f5b75f-12e5-5584-ba3c-b1cc4c01180f-sql;2cbeb819-e994-520f-b0df-fd0cbff51808-sql,aaba7f4e-f0ff-5f8e-b937-feb2aebcb6ef-sql;e79c18bc-418f-5fd4-9972-7e34cd61cc4a-sql;dd50b6ce-3ff2-5397-a29a-ce6dcd913bae-sql;2cbeb819-e994-520f-b0df-fd0cbff51808-sql;014ae64a-c12a-5b5a-b27e-ae85d129fedc-sql
sakila,"Показать 20 последних платежей клиентов на сумму больше 8 долларов с идентификатором платежа, клиента, сотрудника, суммой и датой платежа, отсортировав по дате платежа от новых к старым.",easy,788c0598-c9ec-43b2-8cc9-e78fccb7641c,"Скрипт для поиска 20 последних платежей клиентов на сумму больше 8 долларов с выводом идентификатора платежа, клиента, сотрудника, суммы и даты платежа, отсортированных по дате платежа от новых к старым.","Скрипт для формирования списка 20 последних платежей клиентов на сумму более 8 долларов с указанием идентификатора платежа, клиента, сотрудника, суммы и даты платежа, отсортированных по дате платежа от новых к старым.","Скрипт для формирования списка 20 последних платежей клиентов на сумму более 8 долларов с указанием идентификатора платежа, клиента, сотрудника, суммы и даты платежа, упорядоченных по дате платежа от новых к старым.","Показать 10 наибольших платежей 2005 года с идентификатором платежа, клиента и суммой, отсортировав по сумме по убыванию.","Для мониторинга крупных транзакций сформируйте выгрузку 20 последних платежей на сумму свыше 8 долларов с указанием идентификатора операции, клиента, сотрудника, суммы и даты, отсортированных по дате в порядке убывания.","Отфильтровать платежи по условию сумма меньше 5 долларов и дата платежа в 2005 году, отсортировать по дате от старых к новым, ограничить вывод 15 записями, включить поля идентификатор платежа, клиента, сумму и дату.",0,dd50b6ce-3ff2-5397-a29a-ce6dcd913bae-sql,31e16f9a-eed8-51f5-b4a8-597df678d268-sql;5259df29-82da-5d5f-99fd-a8b1042e7cbd-sql;aa228506-8c73-5dfa-82d6-658e4747cef5-sql;bafc8eab-f07b-54f0-8b98-225791ebb1d5-sql;aaba7f4e-f0ff-5f8e-b937-feb2aebcb6ef-sql,dd50b6ce-3ff2-5397-a29a-ce6dcd913bae-sql;e79c18bc-418f-5fd4-9972-7e34cd61cc4a-sql;aaba7f4e-f0ff-5f8e-b937-feb2aebcb6ef-sql;70125e64-c3a3-5a78-945c-1db179627269-sql;758f6a5c-fb42-58c4-8bde-45004bd52662-sql,dd50b6ce-3ff2-5397-a29a-ce6dcd913bae-sql;c075474a-2169-5a3a-99a8-db6ff1c22a29-sql;014ae64a-c12a-5b5a-b27e-ae85d129fedc-sql;70125e64-c3a3-5a78-945c-1db179627269-sql;758f6a5c-fb42-58c4-8bde-45004bd52662-sql
sakila,"Показать 20 последних платежей клиентов на сумму больше 8 долларов с идентификатором платежа, клиента, сотрудника, суммой и датой платежа, отсортировав по дате платежа от новых к старым.",easy,788c0598-c9ec-43b2-8cc9-e78fccb7641c,"Скрипт для поиска 20 последних платежей клиентов на сумму больше 8 долларов с выводом идентификатора платежа, клиента, сотрудника, суммы и даты платежа, отсортированных по дате платежа от новых к старым.","Скрипт для формирования списка 20 последних платежей клиентов на сумму более 8 долларов с указанием идентификатора платежа, клиента, сотрудника, суммы и даты платежа, отсортированных по дате платежа от новых к старым.","Скрипт для формирования списка 20 последних платежей клиентов на сумму более 8 долларов с указанием идентификатора платежа, клиента, сотрудника, суммы и даты платежа, упорядоченных по дате платежа от новых к старым.","Скрипт для вывода 10 последних платежей на сумму меньше 3 долларов с идентификатором платежа, клиента, сотрудника и датой, отсортированных по дате платежа от новых к старым.","Для контроля превышения лимитов получение выборки 25 последних транзакций с суммой более 5 долларов, включающей идентификатор платежа, клиента, сотрудника, сумму и дату, с сортировкой по дате от новых к старым.","Показать 10 последних платежей клиентов на сумму меньше 5 долларов с идентификаторами платежа, клиента и суммой, отсортировав по дате платежа от новых к старым.",1,dd50b6ce-3ff2-5397-a29a-ce6dcd913bae-sql,014ae64a-c12a-5b5a-b27e-ae85d129fedc-sql;dd50b6ce-3ff2-5397-a29a-ce6dcd913bae-sql;a06aefd1-4dab-51f3-8aa4-eccc1ee41cbd-sql;70125e64-c3a3-5a78-945c-1db179627269-sql;c075474a-2169-5a3a-99a8-db6ff1c22a29-sql,dd50b6ce-3ff2-5397-a29a-ce6dcd913bae-sql;c075474a-2169-5a3a-99a8-db6ff1c22a29-sql;70125e64-c3a3-5a78-945c-1db179627269-sql;758f6a5c-fb42-58c4-8bde-45004bd52662-sql;230ac9a2-0850-53ab-921f-d33653f910b0-sql,014ae64a-c12a-5b5a-b27e-ae85d129fedc-sql;dd50b6ce-3ff2-5397-a29a-ce6dcd913bae-sql;a06aefd1-4dab-51f3-8aa4-eccc1ee41cbd-sql;c075474a-2169-5a3a-99a8-db6ff1c22a29-sql;758f6a5c-fb42-58c4-8bde-45004bd52662-sql
sakila,"Показать 20 последних платежей клиентов на сумму больше 8 долларов с идентификатором платежа, клиента, сотрудника, суммой и датой платежа, отсортировав по дате платежа от новых к старым.",easy,788c0598-c9ec-43b2-8cc9-e78fccb7641c,"Скрипт для поиска 20 последних платежей клиентов на сумму больше 8 долларов с выводом идентификатора платежа, клиента, сотрудника, суммы и даты платежа, отсортированных по дате платежа от новых к старым.","Скрипт для формирования списка 20 последних платежей клиентов на сумму более 8 долларов с указанием идентификатора платежа, клиента, сотрудника, суммы и даты платежа, отсортированных по дате платежа от новых к старым.","Скрипт для формирования списка 20 последних платежей клиентов на сумму более 8 долларов с указанием идентификатора платежа, клиента, сотрудника, суммы и даты платежа, упорядоченных по дате платежа от новых к старым.","Скрипт для вывода 10 последних платежей на сумму больше 5 долларов с идентификаторами платежа, клиента, сотрудника, суммой и датой, отсортированных по дате платежа по убыванию.","Для мониторинга крупных операций сформировать выборку 30 последних транзакций с суммой более 10 долларов, включая идентификаторы платежа, клиента и сотрудника, а также дату и сумму, с сортировкой по дате в порядке убывания.","Выбрать 30 наибольших платежей клиентов с суммой больше 10 долларов, включив идентификатор платежа, идентификатор клиента, сумму и дату платежа, отсортировав по сумме от большей к меньшей.",2,dd50b6ce-3ff2-5397-a29a-ce6dcd913bae-sql,014ae64a-c12a-5b5a-b27e-ae85d129fedc-sql;dd50b6ce-3ff2-5397-a29a-ce6dcd913bae-sql;a06aefd1-4dab-51f3-8aa4-eccc1ee41cbd-sql;c075474a-2169-5a3a-99a8-db6ff1c22a29-sql;70125e64-c3a3-5a78-945c-1db179627269-sql,dd50b6ce-3ff2-5397-a29a-ce6dcd913bae-sql;e79c18bc-418f-5fd4-9972-7e34cd61cc4a-sql;2cbeb819-e994-520f-b0df-fd0cbff51808-sql;c35c933b-1acc-5e76-b8d0-0088106e46ad-sql;aaba7f4e-f0ff-5f8e-b937-feb2aebcb6ef-sql,2cbeb819-e994-520f-b0df-fd0cbff51808-sql;bafc8eab-f07b-54f0-8b98-225791ebb1d5-sql;014ae64a-c12a-5b5a-b27e-ae85d129fedc-sql;dd50b6ce-3ff2-5397-a29a-ce6dcd913bae-sql;a06aefd1-4dab-51f3-8aa4-eccc1ee41cbd-sql
sakila,"Сформировать отчет для мониторинга подозрительной активности за июнь 2005 года: по каждому клиенту и сотруднику, принявшему платежи, показать количество платежей, общую сумму, средний платеж и отдельный признак риска, если у клиента было не менее 5 платежей за период или сумма платежей превысила 30.00.",medium,3aea5482-5e8a-42be-9898-216a936a48ab,"Скрипт для формирования отчета по платежам за июнь 2005 года по каждому клиенту и сотруднику с расчетом количества, общей суммы, среднего платежа и признака риска при 5 и более платежах либо сумме свыше 30.00.","Скрипт для формирования отчета по подозрительной платежной активности за июнь 2005 года с группировкой по клиенту и сотруднику, включающего количество платежей, общую сумму, средний платеж и признак риска для случаев, когда у клиента было не менее 5 платежей за период либо сумма платежей превысила 30.00.","Скрипт для формирования отчета по подозрительной активности платежей за июнь 2005 года: для каждого клиента и сотрудника, принявшего платежи, рассчитываются количество платежей, общая сумма и средний платеж, а также формируется признак риска при наличии не менее 5 платежей за период или при превышении общей суммы 30.00; данные отбираются только за указанный месяц и группируются по клиенту и сотруднику.","Скрипт для анализа частоты платежей клиентов в апреле 2005 года: для каждого клиента и обработавшего платеж сотрудника рассчитать количество транзакций, общую сумму, средний размер платежа и отметить как «активного», если количество платежей не менее 4 или сумма больше 25.00.","Для контроля операционных рисков в апреле 2005 года подготовьте отчет по каждому клиенту и операционисту, принявшему его платежи. Включите количество транзакций, накопленную сумму, средний размер платежа, а также сформируйте признак «подозрительная активность», если число платежей от клиента данному сотруднику составило 4 и более или общая сумма превысила 40.00.","Выполнить анализ платежей за май 2005 года: сгруппировать записи по клиенту и магазину, в котором работал сотрудник, принявший платеж; для каждой группы рассчитать количество платежей, общую сумму, минимальную сумму платежа; дополнительно вычислить признак «высокая активность», если количество платежей не менее 4 или общая сумма превышает 20.00.",0,e953e356-787b-5fc9-9aaf-f3b74cc80e4a-sql,7f8cffa6-06bb-5247-be82-896c69752bbe-sql;cd61c8eb-7d44-5a6c-be89-e97b8161b610-sql;8856dc7a-0389-5ac9-a680-d37120c94d49-sql;267841bd-e996-5f10-8ef2-c7cd52f9eb41-sql;d160bcf2-8920-5c1d-8868-c0e72207bbd8-sql,d160bcf2-8920-5c1d-8868-c0e72207bbd8-sql;7f8cffa6-06bb-5247-be82-896c69752bbe-sql;6b70872c-8092-564b-84eb-a815efbfc822-sql;cd61c8eb-7d44-5a6c-be89-e97b8161b610-sql;a89aea53-a231-5743-b3c7-2e203554906f-sql,758e649c-8652-51e2-a62a-350b8be14bea-sql;d160bcf2-8920-5c1d-8868-c0e72207bbd8-sql;7f8cffa6-06bb-5247-be82-896c69752bbe-sql;6b70872c-8092-564b-84eb-a815efbfc822-sql;e953e356-787b-5fc9-9aaf-f3b74cc80e4a-sql
sakila,"Сформировать отчет для мониторинга подозрительной активности за июнь 2005 года: по каждому клиенту и сотруднику, принявшему платежи, показать количество платежей, общую сумму, средний платеж и отдельный признак риска, если у клиента было не менее 5 платежей за период или сумма платежей превысила 30.00.",medium,3aea5482-5e8a-42be-9898-216a936a48ab,"Скрипт для формирования отчета по платежам за июнь 2005 года по каждому клиенту и сотруднику с расчетом количества, общей суммы, среднего платежа и признака риска при 5 и более платежах либо сумме свыше 30.00.","Скрипт для формирования отчета по подозрительной платежной активности за июнь 2005 года с группировкой по клиенту и сотруднику, включающего количество платежей, общую сумму, средний платеж и признак риска для случаев, когда у клиента было не менее 5 платежей за период либо сумма платежей превысила 30.00.","Скрипт для формирования отчета по подозрительной активности платежей за июнь 2005 года: для каждого клиента и сотрудника, принявшего платежи, рассчитываются количество платежей, общая сумма и средний платеж, а также формируется признак риска при наличии не менее 5 платежей за период или при превышении общей суммы 30.00; данные отбираются только за указанный месяц и группируются по клиенту и сотруднику.","Скрипт для контроля платежной активности клиентов за май 2005 года: по каждому клиенту и принявшему платеж сотруднику отобразить число платежей, общую сумму, максимальный платеж и отметить подозрительных, если число платежей не меньше 6 или сумма более 35.","Разработать аналитический отчет для выявления аномальной активности в системе оплат за июнь 2005 года: по каждому клиенту и сотруднику, обрабатывавшему транзакции, предоставить число оплат, совокупный оборот, средний размер транзакции и маркер «подозрительный», если клиент совершил более 6 платежей или суммарный объём превысил 35.00.","Сформировать выборку по платежам за апрель 2005 года: для каждого клиента и сотрудника, обработавшего платежи, рассчитать количество совершённых платежей, минимальную сумму платежа, среднюю сумму и присвоить признак «подозрительный», если клиент осуществил не менее 6 платежей за период или общая сумма его платежей превысила 35.00. Результат отсортировать по возрастанию количества платежей.",1,e953e356-787b-5fc9-9aaf-f3b74cc80e4a-sql,7f8cffa6-06bb-5247-be82-896c69752bbe-sql;6b70872c-8092-564b-84eb-a815efbfc822-sql;2f4fcdf7-9fcc-5623-b377-658b124e65ba-sql;3658aec1-bae4-5034-9bf6-a362440e78b4-sql;758e649c-8652-51e2-a62a-350b8be14bea-sql,d160bcf2-8920-5c1d-8868-c0e72207bbd8-sql;7f8cffa6-06bb-5247-be82-896c69752bbe-sql;758e649c-8652-51e2-a62a-350b8be14bea-sql;6b70872c-8092-564b-84eb-a815efbfc822-sql;cd61c8eb-7d44-5a6c-be89-e97b8161b610-sql,2f4fcdf7-9fcc-5623-b377-658b124e65ba-sql;0975f712-4c74-5187-b542-54f304f1d17a-sql;758e649c-8652-51e2-a62a-350b8be14bea-sql;d160bcf2-8920-5c1d-8868-c0e72207bbd8-sql;a37e8fe3-b54f-5f10-ac0b-c708ab653597-sql
sakila,"Сформировать отчет для мониторинга подозрительной активности за июнь 2005 года: по каждому клиенту и сотруднику, принявшему платежи, показать количество платежей, общую сумму, средний платеж и отдельный признак риска, если у клиента было не менее 5 платежей за период или сумма платежей превысила 30.00.",medium,3aea5482-5e8a-42be-9898-216a936a48ab,"Скрипт для формирования отчета по платежам за июнь 2005 года по каждому клиенту и сотруднику с расчетом количества, общей суммы, среднего платежа и признака риска при 5 и более платежах либо сумме свыше 30.00.","Скрипт для формирования отчета по подозрительной платежной активности за июнь 2005 года с группировкой по клиенту и сотруднику, включающего количество платежей, общую сумму, средний платеж и признак риска для случаев, когда у клиента было не менее 5 платежей за период либо сумма платежей превысила 30.00.","Скрипт для формирования отчета по подозрительной активности платежей за июнь 2005 года: для каждого клиента и сотрудника, принявшего платежи, рассчитываются количество платежей, общая сумма и средний платеж, а также формируется признак риска при наличии не менее 5 платежей за период или при превышении общей суммы 30.00; данные отбираются только за указанный месяц и группируются по клиенту и сотруднику.","Скрипт для обнаружения клиентов с высокой платежной активностью за июль 2005 года: для каждого клиента и принявшего платеж сотрудника подсчитать количество транзакций, общую сумму, средний чек и пометить как «подозрительный», если клиент совершил более 7 платежей или общая сумма превысила 40.","Отчет предназначен для выявления клиентов с аномальной частотой или объемом платежей по каждому магазину за отчетный месяц, что позволяет своевременно обнаруживать потенциально мошеннические операции или нарушения условий аренды.","Построить отчет по транзакциям за апрель 2005 года: сгруппировать данные по клиентам и принявшим платежи сотрудникам, показать общее количество платежей, минимальную и максимальную сумму, а также сформировать флаг «активный клиент», если клиент совершил более 6 платежей или его суммарные траты превысили 35.00. Результат отсортировать по убыванию общей суммы.",2,e953e356-787b-5fc9-9aaf-f3b74cc80e4a-sql,7f8cffa6-06bb-5247-be82-896c69752bbe-sql;6b70872c-8092-564b-84eb-a815efbfc822-sql;2f4fcdf7-9fcc-5623-b377-658b124e65ba-sql;cd61c8eb-7d44-5a6c-be89-e97b8161b610-sql;0975f712-4c74-5187-b542-54f304f1d17a-sql,bc541f34-969b-561e-a311-3871325045fb-sql;41aad428-dc81-5b3b-a5c9-48c6547c1e6b-sql;3c016477-207a-5b36-8600-77ecf31a1ed7-sql;297ddd3c-632b-5a12-862e-43c68a88950c-sql;65e519b5-5d33-5a1f-b195-4c7c96ad1205-sql,d160bcf2-8920-5c1d-8868-c0e72207bbd8-sql;78b4df04-9d3c-500a-819b-e1991ebd92dd-sql;8856dc7a-0389-5ac9-a680-d37120c94d49-sql;758e649c-8652-51e2-a62a-350b8be14bea-sql;3658aec1-bae4-5034-9bf6-a362440e78b4-sql
sakila,"Для каждого активного клиента за июль 2005 года рассчитать количество платежей, общую и среднюю сумму операций, а также присвоить признак подозрительной активности, если платежей больше 10 или их суммарная сумма превышает 50.",medium,776919bd-829d-4585-98ca-6342b60fbf46,"Скрипт для расчета по каждому активному клиенту за июль 2005 года количества платежей, общей и средней суммы операций, а также признака подозрительной активности при числе платежей больше 10 или сумме свыше 50.","Скрипт для расчета по каждому активному клиенту за июль 2005 года количества платежей, общей и средней суммы операций с последующим выделением клиентов с подозрительной активностью при числе платежей более 10 или суммарной сумме свыше 50.","Скрипт для расчета по каждому активному клиенту за июль 2005 года количества платежей, общей и средней суммы операций, а также для присвоения признака подозрительной активности при числе платежей больше 10 или сумме платежей выше 50, с формированием результата по клиентам на основе агрегации платежей за указанный период.","Скрипт для вычисления для каждого активного клиента за июнь 2005 года количества платежей, их общей суммы и среднего значения, с присвоением метки «высокая активность» при числе платежей более 15 или общей сумме более 100.","Проанализировать активность клиентов за июнь 2005 года: для каждого активного клиента рассчитать количество совершённых платежей, их общую сумму и максимальный размер транзакции; присвоить статус «требующие внимания» тем, у кого общая сумма превышает 80 долларов или количество платежей больше двенадцати.","Отфильтровать таблицу клиентов (cus) по полю h07 = 'Y' (активные). Присоединить таблицу платежей (pay) по ключу h01 = p02 (идентификатор клиента). Оставить только платежи, у которых p06 (дата платежа) попадает в диапазон с 1 по 31 августа 2005 года. Сгруппировать записи по h01 (идентификатор клиента). Для каждой группы вычислить: количество записей (count(p05)), общую сумму (sum(p05)), максимальную сумму (max(p05)). Добавить вычисляемое поле 'high_risk', которое принимает значение 1, если count(p05) > 12 или sum(p05) > 80, иначе 0. Сортировать результат по полю sum(p05) в порядке убывания.",0,7f8cffa6-06bb-5247-be82-896c69752bbe-sql,7f8cffa6-06bb-5247-be82-896c69752bbe-sql;8856dc7a-0389-5ac9-a680-d37120c94d49-sql;267841bd-e996-5f10-8ef2-c7cd52f9eb41-sql;cd61c8eb-7d44-5a6c-be89-e97b8161b610-sql;6b70872c-8092-564b-84eb-a815efbfc822-sql,758e649c-8652-51e2-a62a-350b8be14bea-sql;cd61c8eb-7d44-5a6c-be89-e97b8161b610-sql;267841bd-e996-5f10-8ef2-c7cd52f9eb41-sql;7f8cffa6-06bb-5247-be82-896c69752bbe-sql;d160bcf2-8920-5c1d-8868-c0e72207bbd8-sql,758e649c-8652-51e2-a62a-350b8be14bea-sql;3658aec1-bae4-5034-9bf6-a362440e78b4-sql;d0feb92f-6c89-55d7-a7dd-6d584c3eb42c-sql;dec689aa-ffa9-52a9-bb0f-fefa021b9cb2-sql;2f4fcdf7-9fcc-5623-b377-658b124e65ba-sql
sakila,"Для каждого активного клиента за июль 2005 года рассчитать количество платежей, общую и среднюю сумму операций, а также присвоить признак подозрительной активности, если платежей больше 10 или их суммарная сумма превышает 50.",medium,776919bd-829d-4585-98ca-6342b60fbf46,"Скрипт для расчета по каждому активному клиенту за июль 2005 года количества платежей, общей и средней суммы операций, а также признака подозрительной активности при числе платежей больше 10 или сумме свыше 50.","Скрипт для расчета по каждому активному клиенту за июль 2005 года количества платежей, общей и средней суммы операций с последующим выделением клиентов с подозрительной активностью при числе платежей более 10 или суммарной сумме свыше 50.","Скрипт для расчета по каждому активному клиенту за июль 2005 года количества платежей, общей и средней суммы операций, а также для присвоения признака подозрительной активности при числе платежей больше 10 или сумме платежей выше 50, с формированием результата по клиентам на основе агрегации платежей за указанный период.","Скрипт для каждого активного клиента за июнь 2005 года подсчитывает количество платежей, общую и среднюю суммы, и устанавливает флаг «высокая активность», если количество платежей больше 8 или общая сумма превышает 40.","Для активных клиентов за август 2005 года необходимо рассчитать количество совершённых платежей, общую сумму, а также минимальный и максимальный размер операции. По результатам расчётов присвоить метку «высокая активность» клиентам, у которых количество платежей превышает 8 или общая сумма больше 40.","Для каждого активного клиента (статус активности 'Y') за август 2005 года вычислить количество платежей, общую сумму, а также присвоить категорию «тревожный», если количество платежей больше 8 или их суммарное значение превышает 60. Итоговый набор данных должен содержать идентификатор клиента, его имя и фамилию, показатели активности и присвоенную категорию.",1,7f8cffa6-06bb-5247-be82-896c69752bbe-sql,7f8cffa6-06bb-5247-be82-896c69752bbe-sql;267841bd-e996-5f10-8ef2-c7cd52f9eb41-sql;8856dc7a-0389-5ac9-a680-d37120c94d49-sql;cd61c8eb-7d44-5a6c-be89-e97b8161b610-sql;3658aec1-bae4-5034-9bf6-a362440e78b4-sql,d160bcf2-8920-5c1d-8868-c0e72207bbd8-sql;267841bd-e996-5f10-8ef2-c7cd52f9eb41-sql;cd61c8eb-7d44-5a6c-be89-e97b8161b610-sql;8856dc7a-0389-5ac9-a680-d37120c94d49-sql;7f8cffa6-06bb-5247-be82-896c69752bbe-sql,d160bcf2-8920-5c1d-8868-c0e72207bbd8-sql;8856dc7a-0389-5ac9-a680-d37120c94d49-sql;3658aec1-bae4-5034-9bf6-a362440e78b4-sql;7f8cffa6-06bb-5247-be82-896c69752bbe-sql;758e649c-8652-51e2-a62a-350b8be14bea-sql
sakila,"Для каждого активного клиента за июль 2005 года рассчитать количество платежей, общую и среднюю сумму операций, а также присвоить признак подозрительной активности, если платежей больше 10 или их суммарная сумма превышает 50.",medium,776919bd-829d-4585-98ca-6342b60fbf46,"Скрипт для расчета по каждому активному клиенту за июль 2005 года количества платежей, общей и средней суммы операций, а также признака подозрительной активности при числе платежей больше 10 или сумме свыше 50.","Скрипт для расчета по каждому активному клиенту за июль 2005 года количества платежей, общей и средней суммы операций с последующим выделением клиентов с подозрительной активностью при числе платежей более 10 или суммарной сумме свыше 50.","Скрипт для расчета по каждому активному клиенту за июль 2005 года количества платежей, общей и средней суммы операций, а также для присвоения признака подозрительной активности при числе платежей больше 10 или сумме платежей выше 50, с формированием результата по клиентам на основе агрегации платежей за указанный период.","Скрипт для расчёта количества платежей и общей выручки по каждому клиенту за июль 2005 года, с присвоением статуса «постоянный» при количестве платежей более 8 или общей сумме свыше 40.","Проанализировать транзакционную активность клиентов за август 2005 года: для каждого активного клиента вычислить количество совершённых платежей, их общую сумму и средний размер операции, а также присвоить метку «подозрительный», если число транзакций превышает 12 или суммарный платёж больше 75.","Для каждого активного клиента за июль 2005 года, объединив таблицы платежей и клиентов, определить количество платежей, общую сумму и максимальный размер платежа, а также присвоить признак «подозрительная активность», если количество платежей превышает 10 или максимальный платеж больше 20.",2,7f8cffa6-06bb-5247-be82-896c69752bbe-sql,8856dc7a-0389-5ac9-a680-d37120c94d49-sql;3116dc2d-18e5-5677-8f49-27ebe4953dcd-sql;602c68ae-1d5e-5f40-aa55-c32062bb6fb5-sql;79bc1f53-c827-5ca4-aca6-15549b2de722-sql;6b70872c-8092-564b-84eb-a815efbfc822-sql,d160bcf2-8920-5c1d-8868-c0e72207bbd8-sql;7f8cffa6-06bb-5247-be82-896c69752bbe-sql;cd61c8eb-7d44-5a6c-be89-e97b8161b610-sql;2f4fcdf7-9fcc-5623-b377-658b124e65ba-sql;0975f712-4c74-5187-b542-54f304f1d17a-sql,7f8cffa6-06bb-5247-be82-896c69752bbe-sql;6b70872c-8092-564b-84eb-a815efbfc822-sql;cd61c8eb-7d44-5a6c-be89-e97b8161b610-sql;a89aea53-a231-5743-b3c7-2e203554906f-sql;a1217ec6-562d-5701-8578-3f2685448d1b-sql
sakila,"Для каждого активного клиента за июнь 2005 года рассчитать количество платежей, общую сумму, средний и максимальный платёж, а также отметить как потенциально подозрительных тех клиентов, у которых более 10 операций или суммарная сумма платежей превышает 50.00, с выводом имени клиента и сотрудника, принявшего операции.",medium,fedff83e-4a10-4627-9909-0a97b232f7ae,"Алгоритм для расчета по активным клиентам за июнь 2005 года количества платежей, общей суммы, среднего и максимального платежа с пометкой потенциально подозрительных клиентов при превышении 10 операций или суммы 50.00 и выводом имени клиента и сотрудника, принявшего операции.","Скрипт для анализа активности клиентов за июнь 2005 года: расчет количества платежей, общей суммы, среднего и максимального платежа по каждому активному клиенту, а также выявление потенциально подозрительных клиентов с более чем 10 операциями или суммарными платежами свыше 50.00 с выводом имени клиента и сотрудника, принявшего операции.","Скрипт для формирования сводки по каждому активному клиенту за июнь 2005 года: отбираются только клиенты со статусом активности, по их платежам за указанный месяц рассчитываются количество операций, общая сумма, средний и максимальный платёж, а также определяется признак потенциальной подозрительности для клиентов с более чем 10 платежами или суммой платежей свыше 50.00; в результате возвращаются имя клиента и сотрудник, принявший операции.","Скрипт для расчёта по каждому активному клиенту за июль 2005 года количества платежей, общей суммы, среднего и максимального платежа, с пометкой подозрительных клиентов (более 6 операций или сумма > 60), с выводом имени клиента и фамилии сотрудника.","Для каждого активного клиента за июнь 2005 года рассчитать количество платежей, общую сумму, средний и минимальный платёж, а также пометить как требующих проверки клиентов, у которых количество операций превышает 12 или суммарная сумма платежей больше 60.00, с указанием имени клиента и имени сотрудника, принявшего его первый платеж в этом месяце.","Для каждого активного клиента (статус h07 = 'Y') за период с 1 апреля 2005 года по 30 июня 2005 года рассчитать количество платежей, общую сумму платежей, среднюю сумму платежа и максимальную сумму платежа. Дополнительно пометить как подозрительных тех клиентов, у которых количество платежей больше 5 или общая сумма платежей превышает 40.00. В результат включить полное имя клиента (h03 и h04) и полное имя сотрудника (o02 и o03), который обработал наибольшее количество платежей данного клиента в указанном периоде (при равенстве количества — сотрудника с наименьшим идентификатором o01). Результаты отсортировать по общей сумме платежей по убыванию.",0,d160bcf2-8920-5c1d-8868-c0e72207bbd8-sql,7f8cffa6-06bb-5247-be82-896c69752bbe-sql;cd61c8eb-7d44-5a6c-be89-e97b8161b610-sql;6b70872c-8092-564b-84eb-a815efbfc822-sql;a1217ec6-562d-5701-8578-3f2685448d1b-sql;a89aea53-a231-5743-b3c7-2e203554906f-sql,d160bcf2-8920-5c1d-8868-c0e72207bbd8-sql;758e649c-8652-51e2-a62a-350b8be14bea-sql;cd61c8eb-7d44-5a6c-be89-e97b8161b610-sql;78b4df04-9d3c-500a-819b-e1991ebd92dd-sql;602c68ae-1d5e-5f40-aa55-c32062bb6fb5-sql,d160bcf2-8920-5c1d-8868-c0e72207bbd8-sql;2f4fcdf7-9fcc-5623-b377-658b124e65ba-sql;cd61c8eb-7d44-5a6c-be89-e97b8161b610-sql;a37e8fe3-b54f-5f10-ac0b-c708ab653597-sql;758e649c-8652-51e2-a62a-350b8be14bea-sql
sakila,"Для каждого активного клиента за июнь 2005 года рассчитать количество платежей, общую сумму, средний и максимальный платёж, а также отметить как потенциально подозрительных тех клиентов, у которых более 10 операций или суммарная сумма платежей превышает 50.00, с выводом имени клиента и сотрудника, принявшего операции.",medium,fedff83e-4a10-4627-9909-0a97b232f7ae,"Алгоритм для расчета по активным клиентам за июнь 2005 года количества платежей, общей суммы, среднего и максимального платежа с пометкой потенциально подозрительных клиентов при превышении 10 операций или суммы 50.00 и выводом имени клиента и сотрудника, принявшего операции.","Скрипт для анализа активности клиентов за июнь 2005 года: расчет количества платежей, общей суммы, среднего и максимального платежа по каждому активному клиенту, а также выявление потенциально подозрительных клиентов с более чем 10 операциями или суммарными платежами свыше 50.00 с выводом имени клиента и сотрудника, принявшего операции.","Скрипт для формирования сводки по каждому активному клиенту за июнь 2005 года: отбираются только клиенты со статусом активности, по их платежам за указанный месяц рассчитываются количество операций, общая сумма, средний и максимальный платёж, а также определяется признак потенциальной подозрительности для клиентов с более чем 10 платежами или суммой платежей свыше 50.00; в результате возвращаются имя клиента и сотрудник, принявший операции.","Скрипт для вычисления за август 2005 года для каждого активного клиента общей суммы платежей и среднего платежа, с пометкой «подозрительный» для клиентов со средним платежом выше 15.00 или общей суммой выше 80.00, с выводом имени клиента и названия его города.","Ежемесячный отчет по транзакционной активности розничных клиентов: сформировать для каждого действующего клиента за отчетный период (май 2005) сводку по количеству операций, общей сумме, среднему и максимальному размеру платежа. Пометить как требующих дополнительной проверки клиентов с числом операций более 8 или общей суммой транзакций свыше 80.00. Итоговые данные должны содержать ФИО клиента и ФИО ответственного сотрудника, проводившего операции.","Для каждого сотрудника за июнь 2005 года рассчитать количество принятых платежей, общую сумму принятых платежей, средний размер платежа и максимальный платеж, а также выделить тех сотрудников, у которых количество обработанных платежей превышает 100 или суммарная сумма принятых платежей превышает 500.00, с выводом имени сотрудника и идентификатора его магазина.",1,d160bcf2-8920-5c1d-8868-c0e72207bbd8-sql,2f4fcdf7-9fcc-5623-b377-658b124e65ba-sql;7f8cffa6-06bb-5247-be82-896c69752bbe-sql;cd61c8eb-7d44-5a6c-be89-e97b8161b610-sql;3658aec1-bae4-5034-9bf6-a362440e78b4-sql;a89aea53-a231-5743-b3c7-2e203554906f-sql,d160bcf2-8920-5c1d-8868-c0e72207bbd8-sql;78b4df04-9d3c-500a-819b-e1991ebd92dd-sql;cd61c8eb-7d44-5a6c-be89-e97b8161b610-sql;758e649c-8652-51e2-a62a-350b8be14bea-sql;7f8cffa6-06bb-5247-be82-896c69752bbe-sql,78b4df04-9d3c-500a-819b-e1991ebd92dd-sql;602c68ae-1d5e-5f40-aa55-c32062bb6fb5-sql;79bc1f53-c827-5ca4-aca6-15549b2de722-sql;e953e356-787b-5fc9-9aaf-f3b74cc80e4a-sql;5259df29-82da-5d5f-99fd-a8b1042e7cbd-sql
sakila,"Для каждого активного клиента за июнь 2005 года рассчитать количество платежей, общую сумму, средний и максимальный платёж, а также отметить как потенциально подозрительных тех клиентов, у которых более 10 операций или суммарная сумма платежей превышает 50.00, с выводом имени клиента и сотрудника, принявшего операции.",medium,fedff83e-4a10-4627-9909-0a97b232f7ae,"Алгоритм для расчета по активным клиентам за июнь 2005 года количества платежей, общей суммы, среднего и максимального платежа с пометкой потенциально подозрительных клиентов при превышении 10 операций или суммы 50.00 и выводом имени клиента и сотрудника, принявшего операции.","Скрипт для анализа активности клиентов за июнь 2005 года: расчет количества платежей, общей суммы, среднего и максимального платежа по каждому активному клиенту, а также выявление потенциально подозрительных клиентов с более чем 10 операциями или суммарными платежами свыше 50.00 с выводом имени клиента и сотрудника, принявшего операции.","Скрипт для формирования сводки по каждому активному клиенту за июнь 2005 года: отбираются только клиенты со статусом активности, по их платежам за указанный месяц рассчитываются количество операций, общая сумма, средний и максимальный платёж, а также определяется признак потенциальной подозрительности для клиентов с более чем 10 платежами или суммой платежей свыше 50.00; в результате возвращаются имя клиента и сотрудник, принявший операции.","Скрипт для каждого активного клиента за апрель 2006 года расчёта количества платежей, общей суммы, среднего и максимального платежа, с пометкой клиентов с более чем 15 платежами или суммой свыше 200.00 как приоритетных, с выводом имени клиента и сотрудника.","Провести анализ платежной активности клиентов за июль 2005 года: для каждого клиента с активным статусом рассчитать количество проведенных транзакций, их общую сумму, средний и максимальный размер платежа; идентифицировать как требующих дополнительного мониторинга тех клиентов, у которых число операций превышает 12 или совокупная сумма платежей больше 75.00; в результат включить имя и фамилию клиента, а также имя сотрудника, принявшего данные платежи.","Для каждого сотрудника за август 2005 года рассчитать количество принятых платежей, общую сумму, средний и максимальный платёж, а также выделить как наиболее загруженных тех, у кого количество платежей превышает 30 или общая сумма больше 200.00, с выводом имени сотрудника и названия его магазина.",2,d160bcf2-8920-5c1d-8868-c0e72207bbd8-sql,267841bd-e996-5f10-8ef2-c7cd52f9eb41-sql;79bc1f53-c827-5ca4-aca6-15549b2de722-sql;8856dc7a-0389-5ac9-a680-d37120c94d49-sql;7f8cffa6-06bb-5247-be82-896c69752bbe-sql;cd61c8eb-7d44-5a6c-be89-e97b8161b610-sql,d160bcf2-8920-5c1d-8868-c0e72207bbd8-sql;cd61c8eb-7d44-5a6c-be89-e97b8161b610-sql;267841bd-e996-5f10-8ef2-c7cd52f9eb41-sql;7f8cffa6-06bb-5247-be82-896c69752bbe-sql;8856dc7a-0389-5ac9-a680-d37120c94d49-sql,3116dc2d-18e5-5677-8f49-27ebe4953dcd-sql;602c68ae-1d5e-5f40-aa55-c32062bb6fb5-sql;78b4df04-9d3c-500a-819b-e1991ebd92dd-sql;79bc1f53-c827-5ca4-aca6-15549b2de722-sql;60e68728-8fc7-59ce-a4f9-89a39c06fb9d-sql
sakila,"Сформировать отчет по клиентам за июль 2005 года: для каждого клиента показать имя, фамилию, количество платежей, общую сумму платежей, средний размер платежа и признак подозрительной активности, если за период было более 10 платежей или сумма платежей превысила 50.00.",medium,605ee2cc-3143-4d32-ba7c-f4ad88b950fd,"Скрипт для формирования отчета по клиентам за июль 2005 года с именем, фамилией, количеством платежей, общей и средней суммой платежей, а также признаком подозрительной активности при более чем 10 платежах или сумме свыше 50.00.","Скрипт для формирования отчета по клиентам за июль 2005 года с расчетом по каждому клиенту имени, фамилии, количества платежей, общей суммы и среднего размера платежа, а также с определением признака подозрительной активности при превышении 10 платежей или суммы платежей свыше 50.00.","Скрипт для формирования отчета по клиентам за июль 2005 года с группировкой по имени и фамилии клиента, расчетом количества платежей, общей суммы платежей и среднего размера платежа по каждому клиенту, а также определением признака подозрительной активности при превышении 10 платежей или суммы платежей более 50.00 в заданном периоде.","Скрипт для отчета по клиентам за август 2005 года: показать имя, фамилию, количество платежей, общую сумму и признак высокой активности, если платежей больше 12 или сумма превышает 75.00.","Сформировать отчет по клиентам за август 2005 года: для каждого клиента вывести имя, фамилию, количество платежей, общую сумму, минимальный и максимальный размер платежа, а также признак высокой активности, если количество платежей превышает 8 или общая сумма превышает 60.00.","Сформировать отчет по магазинам за август 2005 года: для каждого магазина показать его идентификатор, количество активных клиентов (со статусом 'Y'), общую сумму всех платежей этих клиентов за период, среднюю сумму платежа на одного клиента, и дополнительный признак 'высокой активности', который принимает значение 'да', если общая сумма превышает 1000 или количество клиентов больше 50, и 'нет' в противном случае.",0,a1217ec6-562d-5701-8578-3f2685448d1b-sql,a1217ec6-562d-5701-8578-3f2685448d1b-sql;267841bd-e996-5f10-8ef2-c7cd52f9eb41-sql;7f8cffa6-06bb-5247-be82-896c69752bbe-sql;79bc1f53-c827-5ca4-aca6-15549b2de722-sql;cd61c8eb-7d44-5a6c-be89-e97b8161b610-sql,a1217ec6-562d-5701-8578-3f2685448d1b-sql;8856dc7a-0389-5ac9-a680-d37120c94d49-sql;79bc1f53-c827-5ca4-aca6-15549b2de722-sql;267841bd-e996-5f10-8ef2-c7cd52f9eb41-sql;7f8cffa6-06bb-5247-be82-896c69752bbe-sql,7f8cffa6-06bb-5247-be82-896c69752bbe-sql;8856dc7a-0389-5ac9-a680-d37120c94d49-sql;6b70872c-8092-564b-84eb-a815efbfc822-sql;a1217ec6-562d-5701-8578-3f2685448d1b-sql;3116dc2d-18e5-5677-8f49-27ebe4953dcd-sql
sakila,"Сформировать отчет по клиентам за июль 2005 года: для каждого клиента показать имя, фамилию, количество платежей, общую сумму платежей, средний размер платежа и признак подозрительной активности, если за период было более 10 платежей или сумма платежей превысила 50.00.",medium,605ee2cc-3143-4d32-ba7c-f4ad88b950fd,"Скрипт для формирования отчета по клиентам за июль 2005 года с именем, фамилией, количеством платежей, общей и средней суммой платежей, а также признаком подозрительной активности при более чем 10 платежах или сумме свыше 50.00.","Скрипт для формирования отчета по клиентам за июль 2005 года с расчетом по каждому клиенту имени, фамилии, количества платежей, общей суммы и среднего размера платежа, а также с определением признака подозрительной активности при превышении 10 платежей или суммы платежей свыше 50.00.","Скрипт для формирования отчета по клиентам за июль 2005 года с группировкой по имени и фамилии клиента, расчетом количества платежей, общей суммы платежей и среднего размера платежа по каждому клиенту, а также определением признака подозрительной активности при превышении 10 платежей или суммы платежей более 50.00 в заданном периоде.","Скрипт для отчета по клиентам за апрель 2005 года: вывести имя, фамилию, количество платежей, общую сумму платежей и признак «постоянный клиент» при количестве платежей более 5.","Сформировать ежемесячный отчет по лояльности клиентов за август 2005 года: для каждого клиента вывести имя, фамилию, количество совершенных транзакций, общую сумму расходов, средний чек, а также флаг VIP-статуса, если число платежей превышает 15 или общая сумма больше 100 долларов.","Выполнить соединение таблиц клиентов (cus), аренд (ren) и платежей (pay) по ключам клиента и аренды. Отфильтровать аренды по дате выдачи (q02) за май 2005 года. Сгруппировать записи по идентификатору клиента. Для каждого клиента вычислить: общее количество аренд, общую сумму платежей, а также сформировать признак «постоянный» в случае, если количество аренд превышает 5 и общая сумма платежей больше 20.00. В итоговом наборе вывести имя (h03), фамилию (h04), количество аренд, сумму платежей и признак.",1,a1217ec6-562d-5701-8578-3f2685448d1b-sql,79bc1f53-c827-5ca4-aca6-15549b2de722-sql;a1217ec6-562d-5701-8578-3f2685448d1b-sql;602c68ae-1d5e-5f40-aa55-c32062bb6fb5-sql;60e68728-8fc7-59ce-a4f9-89a39c06fb9d-sql;8856dc7a-0389-5ac9-a680-d37120c94d49-sql,79bc1f53-c827-5ca4-aca6-15549b2de722-sql;a1217ec6-562d-5701-8578-3f2685448d1b-sql;78b4df04-9d3c-500a-819b-e1991ebd92dd-sql;2f4fcdf7-9fcc-5623-b377-658b124e65ba-sql;602c68ae-1d5e-5f40-aa55-c32062bb6fb5-sql,78b4df04-9d3c-500a-819b-e1991ebd92dd-sql;79bc1f53-c827-5ca4-aca6-15549b2de722-sql;602c68ae-1d5e-5f40-aa55-c32062bb6fb5-sql;758e649c-8652-51e2-a62a-350b8be14bea-sql;3658aec1-bae4-5034-9bf6-a362440e78b4-sql
sakila,"Сформировать отчет по клиентам за июль 2005 года: для каждого клиента показать имя, фамилию, количество платежей, общую сумму платежей, средний размер платежа и признак подозрительной активности, если за период было более 10 платежей или сумма платежей превысила 50.00.",medium,605ee2cc-3143-4d32-ba7c-f4ad88b950fd,"Скрипт для формирования отчета по клиентам за июль 2005 года с именем, фамилией, количеством платежей, общей и средней суммой платежей, а также признаком подозрительной активности при более чем 10 платежах или сумме свыше 50.00.","Скрипт для формирования отчета по клиентам за июль 2005 года с расчетом по каждому клиенту имени, фамилии, количества платежей, общей суммы и среднего размера платежа, а также с определением признака подозрительной активности при превышении 10 платежей или суммы платежей свыше 50.00.","Скрипт для формирования отчета по клиентам за июль 2005 года с группировкой по имени и фамилии клиента, расчетом количества платежей, общей суммы платежей и среднего размера платежа по каждому клиенту, а также определением признака подозрительной активности при превышении 10 платежей или суммы платежей более 50.00 в заданном периоде.","Скрипт для отчета по клиентам за август 2005 года: для каждого клиента показать имя, фамилию, количество платежей, общую сумму платежей, средний размер платежа и признак высокой активности, если за период было более 12 платежей или сумма платежей превысила 60.00.","Подготовить аналитический отчёт для отдела фрод-мониторинга по клиентам за июнь 2005 года: для каждого клиента указать имя, фамилию, количество проведённых платежей, общую сумму платежей, среднюю сумму и сформировать признак «подозрительный» при условии, что количество транзакций превышает 12 или общая сумма больше 75.00.","Построить отчет по платежам клиентов за август 2005 года. Сгруппировать данные по клиентам. Для каждого клиента вывести имя, фамилию, общее количество совершенных платежей, максимальную сумму платежа, минимальную сумму платежа и рассчитать показатель «средний платеж». Добавить вычисляемое поле «категория клиента»: если количество платежей больше 10 или максимальный платеж превышает 15.00, присвоить значение «Высокая активность», иначе «Стандартная». Результат отсортировать по количеству платежей по убыванию.",2,a1217ec6-562d-5701-8578-3f2685448d1b-sql,a1217ec6-562d-5701-8578-3f2685448d1b-sql;7f8cffa6-06bb-5247-be82-896c69752bbe-sql;267841bd-e996-5f10-8ef2-c7cd52f9eb41-sql;cd61c8eb-7d44-5a6c-be89-e97b8161b610-sql;6b70872c-8092-564b-84eb-a815efbfc822-sql,2f4fcdf7-9fcc-5623-b377-658b124e65ba-sql;758e649c-8652-51e2-a62a-350b8be14bea-sql;a1217ec6-562d-5701-8578-3f2685448d1b-sql;78b4df04-9d3c-500a-819b-e1991ebd92dd-sql;0975f712-4c74-5187-b542-54f304f1d17a-sql,79bc1f53-c827-5ca4-aca6-15549b2de722-sql;8856dc7a-0389-5ac9-a680-d37120c94d49-sql;2f4fcdf7-9fcc-5623-b377-658b124e65ba-sql;a89aea53-a231-5743-b3c7-2e203554906f-sql;3658aec1-bae4-5034-9bf6-a362440e78b4-sql
sakila,"Показать клиентов, у которых за июнь 2005 года было более 10 платежей: вывести имя и фамилию клиента, количество платежей, общую сумму, средний размер платежа и количество платежей на сумму выше 8.00, сгруппировав данные по клиенту.",medium,d3c751b4-c452-4af3-8020-f442c8a31ae3,"Скрипт для формирования списка клиентов с более чем 10 платежами за июнь 2005 года, с выводом имени, фамилии, количества платежей, общей суммы, среднего размера платежа и числа платежей свыше 8.00 по каждому клиенту.","Скрипт для формирования списка клиентов, у которых в июне 2005 года было более 10 платежей, с расчетом по каждому клиенту имени и фамилии, количества операций, общей суммы, среднего размера платежа и числа платежей на сумму выше 8.00, с группировкой по клиенту.","Скрипт для формирования списка клиентов, у которых в июне 2005 года было более 10 платежей: по каждому клиенту требуется вычислить имя и фамилию, количество платежей, общую сумму платежей, средний размер платежа и число платежей с суммой выше 8.00, сгруппировав данные по клиенту.","Скрипт для вывода клиентов с более чем 12 платежами в июне 2005 года: имя, фамилия, общая сумма, максимальный платеж, количество платежей выше 5.00.","Для анализа клиентской базы по итогам июня 2005 года необходимо отобрать клиентов, совершивших не менее 7 платежей. По каждому такому клиенту вывести: общее количество платежей, совокупную сумму, средний чек, а также количество платежей с суммой выше 7.00, чтобы определить клиентов с высоким средним чеком.","Для каждого клиента, совершившего в мае 2005 года не менее 5 платежей на сумму более 5.00, вывести имя и фамилию клиента, общее количество платежей за месяц, общую сумму всех платежей, максимальный и минимальный размер платежа. Результат упорядочить по общей сумме платежей в порядке убывания.",0,79bc1f53-c827-5ca4-aca6-15549b2de722-sql,79bc1f53-c827-5ca4-aca6-15549b2de722-sql;602c68ae-1d5e-5f40-aa55-c32062bb6fb5-sql;dec689aa-ffa9-52a9-bb0f-fefa021b9cb2-sql;d0feb92f-6c89-55d7-a7dd-6d584c3eb42c-sql;758e649c-8652-51e2-a62a-350b8be14bea-sql,758e649c-8652-51e2-a62a-350b8be14bea-sql;79bc1f53-c827-5ca4-aca6-15549b2de722-sql;602c68ae-1d5e-5f40-aa55-c32062bb6fb5-sql;78b4df04-9d3c-500a-819b-e1991ebd92dd-sql;267841bd-e996-5f10-8ef2-c7cd52f9eb41-sql,79bc1f53-c827-5ca4-aca6-15549b2de722-sql;5259df29-82da-5d5f-99fd-a8b1042e7cbd-sql;aa228506-8c73-5dfa-82d6-658e4747cef5-sql;758e649c-8652-51e2-a62a-350b8be14bea-sql;78b4df04-9d3c-500a-819b-e1991ebd92dd-sql
sakila,"Показать клиентов, у которых за июнь 2005 года было более 10 платежей: вывести имя и фамилию клиента, количество платежей, общую сумму, средний размер платежа и количество платежей на сумму выше 8.00, сгруппировав данные по клиенту.",medium,d3c751b4-c452-4af3-8020-f442c8a31ae3,"Скрипт для формирования списка клиентов с более чем 10 платежами за июнь 2005 года, с выводом имени, фамилии, количества платежей, общей суммы, среднего размера платежа и числа платежей свыше 8.00 по каждому клиенту.","Скрипт для формирования списка клиентов, у которых в июне 2005 года было более 10 платежей, с расчетом по каждому клиенту имени и фамилии, количества операций, общей суммы, среднего размера платежа и числа платежей на сумму выше 8.00, с группировкой по клиенту.","Скрипт для формирования списка клиентов, у которых в июне 2005 года было более 10 платежей: по каждому клиенту требуется вычислить имя и фамилию, количество платежей, общую сумму платежей, средний размер платежа и число платежей с суммой выше 8.00, сгруппировав данные по клиенту.","Скрипт для вывода клиентов, сделавших более 8 платежей в апреле 2005 года, с выводом имени, фамилии, общего количества платежей, общей суммы и количества платежей на сумму более 7.00.","Сформировать отчёт по клиентам с высокой активностью в мае 2005 года: отобрать клиентов с более чем 5 платежами, для каждого вывести имя, фамилию, общее число платежей, максимальную сумму и количество платежей на сумму более 5.00.","Для каждого клиента за период с апреля по июнь 2005 года выбрать имя и фамилию, общее количество платежей, общую сумму платежей, средний размер платежа и максимальный платеж. Оставить только тех клиентов, у которых средний платеж превышает 5.00 долларов. Результат упорядочить по общей сумме платежей по убыванию.",1,79bc1f53-c827-5ca4-aca6-15549b2de722-sql,79bc1f53-c827-5ca4-aca6-15549b2de722-sql;602c68ae-1d5e-5f40-aa55-c32062bb6fb5-sql;8856dc7a-0389-5ac9-a680-d37120c94d49-sql;a1217ec6-562d-5701-8578-3f2685448d1b-sql;78b4df04-9d3c-500a-819b-e1991ebd92dd-sql,758e649c-8652-51e2-a62a-350b8be14bea-sql;79bc1f53-c827-5ca4-aca6-15549b2de722-sql;267841bd-e996-5f10-8ef2-c7cd52f9eb41-sql;8856dc7a-0389-5ac9-a680-d37120c94d49-sql;d160bcf2-8920-5c1d-8868-c0e72207bbd8-sql,758e649c-8652-51e2-a62a-350b8be14bea-sql;79bc1f53-c827-5ca4-aca6-15549b2de722-sql;2f4fcdf7-9fcc-5623-b377-658b124e65ba-sql;5259df29-82da-5d5f-99fd-a8b1042e7cbd-sql;aa228506-8c73-5dfa-82d6-658e4747cef5-sql
sakila,"Показать клиентов, у которых за июнь 2005 года было более 10 платежей: вывести имя и фамилию клиента, количество платежей, общую сумму, средний размер платежа и количество платежей на сумму выше 8.00, сгруппировав данные по клиенту.",medium,d3c751b4-c452-4af3-8020-f442c8a31ae3,"Скрипт для формирования списка клиентов с более чем 10 платежами за июнь 2005 года, с выводом имени, фамилии, количества платежей, общей суммы, среднего размера платежа и числа платежей свыше 8.00 по каждому клиенту.","Скрипт для формирования списка клиентов, у которых в июне 2005 года было более 10 платежей, с расчетом по каждому клиенту имени и фамилии, количества операций, общей суммы, среднего размера платежа и числа платежей на сумму выше 8.00, с группировкой по клиенту.","Скрипт для формирования списка клиентов, у которых в июне 2005 года было более 10 платежей: по каждому клиенту требуется вычислить имя и фамилию, количество платежей, общую сумму платежей, средний размер платежа и число платежей с суммой выше 8.00, сгруппировав данные по клиенту.","Скрипт для вывода клиентов, совершивших более 3 платежей на сумму не менее 5.00 в апреле 2005 года, с отображением их имени, фамилии, количества таких платежей, общей суммы и средней суммы.","В рамках мониторинга ключевых клиентов за июнь 2005 года требуется сформировать список клиентов, у которых количество платежей превышает 5. Для каждого такого клиента необходимо показать: имя и фамилию, общее число транзакций, общую сумму выплат, средний размер платежа, а также количество транзакций, сумма которых превышает 12.00. Данные сгруппировать по клиентам.","По таблицам платежей и клиентов: для каждого клиента за июль 2005 года рассчитать количество платежей, минимальную и максимальную сумму платежа, а также количество платежей на сумму менее 2.00. Оставить только клиентов с общим числом платежей более 5. Вывести имя и фамилию клиента, а также рассчитанные показатели.",2,79bc1f53-c827-5ca4-aca6-15549b2de722-sql,79bc1f53-c827-5ca4-aca6-15549b2de722-sql;a1217ec6-562d-5701-8578-3f2685448d1b-sql;d0feb92f-6c89-55d7-a7dd-6d584c3eb42c-sql;602c68ae-1d5e-5f40-aa55-c32062bb6fb5-sql;2f4fcdf7-9fcc-5623-b377-658b124e65ba-sql,79bc1f53-c827-5ca4-aca6-15549b2de722-sql;78b4df04-9d3c-500a-819b-e1991ebd92dd-sql;602c68ae-1d5e-5f40-aa55-c32062bb6fb5-sql;758e649c-8652-51e2-a62a-350b8be14bea-sql;dec689aa-ffa9-52a9-bb0f-fefa021b9cb2-sql,3116dc2d-18e5-5677-8f49-27ebe4953dcd-sql;267841bd-e996-5f10-8ef2-c7cd52f9eb41-sql;8856dc7a-0389-5ac9-a680-d37120c94d49-sql;79bc1f53-c827-5ca4-aca6-15549b2de722-sql;d0feb92f-6c89-55d7-a7dd-6d584c3eb42c-sql
sakila,"За июль 2005 года по каждому клиенту и сотруднику, принявшему платежи, вывести количество платежей, общую сумму, средний платеж и признак подозрительной активности, если сумма платежей превышает 100 или было выполнено больше 15 платежей.",medium,ad40a2da-f48c-4d48-ad2d-c6f833a55201,"Скрипт для расчёта по каждому клиенту и сотруднику за июль 2005 года количества платежей, общей суммы, среднего платежа и признака подозрительной активности при сумме свыше 100 или числе платежей больше 15.","Скрипт для анализа платежной активности клиентов и сотрудников за июль 2005 года с расчетом по каждой паре клиент–сотрудник количества платежей, общей суммы, среднего чека и признака подозрительной активности при превышении суммы платежей 100 или числа операций более 15.","Скрипт для формирования помесячной статистики платежей за июль 2005 года по каждому клиенту и сотруднику, принявшему платеж: требуется отфильтровать платежи по дате, сгруппировать их по клиенту и сотруднику, вычислить количество операций, общую сумму и средний размер платежа, а также определить признак подозрительной активности, если сумма платежей превышает 100 или число платежей больше 15.","Скрипт для вывода за апрель 2006 года по каждому клиенту и сотруднику, принявшему платежи, количества платежей, общей суммы и метки «активный», если сумма превышает 150 или выполнено более 20 платежей.","Провести анализ платежной активности клиентов за август 2005 года: по каждой паре «клиент — сотрудник, принявший оплату» рассчитать общее количество транзакций, суммарный и средний размер платежа, а также отметить подозрительные случаи, когда общая сумма превышает 200 или количество платежей больше 25.","За август 2005 года по каждому клиенту и сотруднику, принявшему платежи, вывести количество платежей, общую сумму, средний платеж, а также признак «активный», если общая сумма платежей превышает 150 или количество платежей больше 10.",0,6b70872c-8092-564b-84eb-a815efbfc822-sql,7f8cffa6-06bb-5247-be82-896c69752bbe-sql;267841bd-e996-5f10-8ef2-c7cd52f9eb41-sql;6b70872c-8092-564b-84eb-a815efbfc822-sql;8856dc7a-0389-5ac9-a680-d37120c94d49-sql;cd61c8eb-7d44-5a6c-be89-e97b8161b610-sql,6b70872c-8092-564b-84eb-a815efbfc822-sql;7f8cffa6-06bb-5247-be82-896c69752bbe-sql;d160bcf2-8920-5c1d-8868-c0e72207bbd8-sql;2f4fcdf7-9fcc-5623-b377-658b124e65ba-sql;758e649c-8652-51e2-a62a-350b8be14bea-sql,7f8cffa6-06bb-5247-be82-896c69752bbe-sql;267841bd-e996-5f10-8ef2-c7cd52f9eb41-sql;6b70872c-8092-564b-84eb-a815efbfc822-sql;cd61c8eb-7d44-5a6c-be89-e97b8161b610-sql;8856dc7a-0389-5ac9-a680-d37120c94d49-sql
sakila,"За июль 2005 года по каждому клиенту и сотруднику, принявшему платежи, вывести количество платежей, общую сумму, средний платеж и признак подозрительной активности, если сумма платежей превышает 100 или было выполнено больше 15 платежей.",medium,ad40a2da-f48c-4d48-ad2d-c6f833a55201,"Скрипт для расчёта по каждому клиенту и сотруднику за июль 2005 года количества платежей, общей суммы, среднего платежа и признака подозрительной активности при сумме свыше 100 или числе платежей больше 15.","Скрипт для анализа платежной активности клиентов и сотрудников за июль 2005 года с расчетом по каждой паре клиент–сотрудник количества платежей, общей суммы, среднего чека и признака подозрительной активности при превышении суммы платежей 100 или числа операций более 15.","Скрипт для формирования помесячной статистики платежей за июль 2005 года по каждому клиенту и сотруднику, принявшему платеж: требуется отфильтровать платежи по дате, сгруппировать их по клиенту и сотруднику, вычислить количество операций, общую сумму и средний размер платежа, а также определить признак подозрительной активности, если сумма платежей превышает 100 или число платежей больше 15.","Скрипт для вывода за первый квартал 2005 года по каждому клиенту и сотруднику, принявшему платежи, количества платежей, общей суммы, максимального платежа и признака VIP, если сумма платежей превышает 200 или количество платежей больше 30.","С целью контроля за транзакционной активностью в августе 2005 года по каждому клиенту и сотруднику, принявшему платежи, определить количество операций, общую сумму, среднюю сумму и признак аномального поведения, если общая сумма превышает 150 или количество операций превышает 20.","Для каждого клиента за период с 1 апреля 2005 по 30 июня 2005 года, по которому зафиксированы платежи, вычислить количество платежей, общую сумму платежей, среднюю сумму платежа. В результирующем наборе данных дополнительно создать вычисляемое поле «подозрительная активность», принимающее значение 1, если средняя сумма платежа превышает 10 или количество платежей больше 10, и 0 в противном случае.",1,6b70872c-8092-564b-84eb-a815efbfc822-sql,79bc1f53-c827-5ca4-aca6-15549b2de722-sql;6b70872c-8092-564b-84eb-a815efbfc822-sql;e953e356-787b-5fc9-9aaf-f3b74cc80e4a-sql;267841bd-e996-5f10-8ef2-c7cd52f9eb41-sql;602c68ae-1d5e-5f40-aa55-c32062bb6fb5-sql,7f8cffa6-06bb-5247-be82-896c69752bbe-sql;d160bcf2-8920-5c1d-8868-c0e72207bbd8-sql;6b70872c-8092-564b-84eb-a815efbfc822-sql;cd61c8eb-7d44-5a6c-be89-e97b8161b610-sql;a89aea53-a231-5743-b3c7-2e203554906f-sql,3658aec1-bae4-5034-9bf6-a362440e78b4-sql;2f4fcdf7-9fcc-5623-b377-658b124e65ba-sql;a89aea53-a231-5743-b3c7-2e203554906f-sql;758e649c-8652-51e2-a62a-350b8be14bea-sql;7f8cffa6-06bb-5247-be82-896c69752bbe-sql
sakila,"За июль 2005 года по каждому клиенту и сотруднику, принявшему платежи, вывести количество платежей, общую сумму, средний платеж и признак подозрительной активности, если сумма платежей превышает 100 или было выполнено больше 15 платежей.",medium,ad40a2da-f48c-4d48-ad2d-c6f833a55201,"Скрипт для расчёта по каждому клиенту и сотруднику за июль 2005 года количества платежей, общей суммы, среднего платежа и признака подозрительной активности при сумме свыше 100 или числе платежей больше 15.","Скрипт для анализа платежной активности клиентов и сотрудников за июль 2005 года с расчетом по каждой паре клиент–сотрудник количества платежей, общей суммы, среднего чека и признака подозрительной активности при превышении суммы платежей 100 или числа операций более 15.","Скрипт для формирования помесячной статистики платежей за июль 2005 года по каждому клиенту и сотруднику, принявшему платеж: требуется отфильтровать платежи по дате, сгруппировать их по клиенту и сотруднику, вычислить количество операций, общую сумму и средний размер платежа, а также определить признак подозрительной активности, если сумма платежей превышает 100 или число платежей больше 15.","Скрипт для вывода за август 2005 года по каждому клиенту и принявшему платеж сотруднику количества платежей, общей суммы, максимального платежа и признака аномальной активности, если общая сумма превышает 150 или число платежей больше 20.","За август 2005 года по каждому клиенту и сотруднику, обработавшему платежи, рассчитать количество транзакций, общую сумму, средний чек и пометить как высокорисковые те пары, где общая сумма превышает 150 или количество транзакций больше 20.","За июнь 2005 года для каждого сотрудника, принявшего платежи, вывести количество обработанных платежей, общую сумму платежей, среднюю сумму платежа и пометить статус ""высокая активность"", если количество платежей превышает 20 или общая сумма больше 200.",2,6b70872c-8092-564b-84eb-a815efbfc822-sql,6b70872c-8092-564b-84eb-a815efbfc822-sql;7f8cffa6-06bb-5247-be82-896c69752bbe-sql;cd61c8eb-7d44-5a6c-be89-e97b8161b610-sql;a1217ec6-562d-5701-8578-3f2685448d1b-sql;e953e356-787b-5fc9-9aaf-f3b74cc80e4a-sql,6b70872c-8092-564b-84eb-a815efbfc822-sql;d160bcf2-8920-5c1d-8868-c0e72207bbd8-sql;78b4df04-9d3c-500a-819b-e1991ebd92dd-sql;e953e356-787b-5fc9-9aaf-f3b74cc80e4a-sql;2f4fcdf7-9fcc-5623-b377-658b124e65ba-sql,e953e356-787b-5fc9-9aaf-f3b74cc80e4a-sql;6b70872c-8092-564b-84eb-a815efbfc822-sql;7f8cffa6-06bb-5247-be82-896c69752bbe-sql;d160bcf2-8920-5c1d-8868-c0e72207bbd8-sql;758e649c-8652-51e2-a62a-350b8be14bea-sql
sakila,"За июль 2005 года по каждому активному клиенту рассчитать количество платежных транзакций, общую и среднюю сумму платежей, число операций на сумму выше 8.00, связав платежи с клиентами и сотрудниками, и вывести только клиентов с общей суммой платежей более 50.00 или минимум тремя крупными операциями, добавив признак подозрительной активности.",medium,d3598384-5b3b-4064-874c-ea4efedd8967,"Скрипт для расчета по каждому активному клиенту за июль 2005 года количества платежей, общей и средней суммы, числа операций свыше 8.00 и отбора клиентов с суммой платежей более 50.00 или не менее тремя крупными операциями с признаком подозрительной активности.","Скрипт для мониторинга платежной активности активных клиентов за июль 2005 года, с расчетом по каждому клиенту количества транзакций, общей и средней суммы платежей, числа операций на сумму выше 8.00, а также с формированием признака подозрительной активности на основе превышения общей суммы 50.00 или наличия не менее трех крупных операций при объединении данных о платежах, клиентах и сотрудниках.","Скрипт для формирования списка активных клиентов с агрегированными показателями платежей за июль 2005 года: по каждому клиенту вычисляются количество платежных транзакций, общая и средняя сумма платежей, а также число операций с суммой выше 8.00, при этом платежи связываются с данными клиентов и сотрудников; в результат включаются только клиенты, у которых общая сумма платежей превышает 50.00 либо выполнено не менее трёх крупных операций, и для каждого клиента добавляется признак подозрительной активности.","Скрипт для выявления подозрительных клиентов в июне 2005 года: для каждого клиента подсчитать количество платежей, общую сумму и число операций свыше 10.00, связав с сотрудниками, и вывести клиентов с общей суммой больше 60 или хотя бы двумя крупными платежами.","За август 2005 года по активным клиентам рассчитать общую и среднюю сумму платежей, количество транзакций и число платежей выше 10.00, вывести только тех, у кого общая сумма превышает 100.00 или есть хотя бы две крупные операции, и пометить их как клиентов с высоким риском, используя связку платежей с клиентами и сотрудниками.","По данным за июнь 2005 года для каждого активного клиента (статус активности равен 'Y') рассчитать количество совершённых платежей, общую сумму платежей, а также число платежей с суммой менее 2.00. Соединить таблицы платежей (pay) и клиентов (cus). Отобрать только тех клиентов, у которых общая сумма платежей превышает 100.00 или количество мелких платежей (менее 2.00) составляет не менее 5. В результат включить поле «подозрительная активность», принимающее значение «да», если общая сумма выше 100.00 и количество мелких платежей больше 3.",0,cd61c8eb-7d44-5a6c-be89-e97b8161b610-sql,758e649c-8652-51e2-a62a-350b8be14bea-sql;0975f712-4c74-5187-b542-54f304f1d17a-sql;2f4fcdf7-9fcc-5623-b377-658b124e65ba-sql;cd61c8eb-7d44-5a6c-be89-e97b8161b610-sql;a37e8fe3-b54f-5f10-ac0b-c708ab653597-sql,d160bcf2-8920-5c1d-8868-c0e72207bbd8-sql;cd61c8eb-7d44-5a6c-be89-e97b8161b610-sql;267841bd-e996-5f10-8ef2-c7cd52f9eb41-sql;7f8cffa6-06bb-5247-be82-896c69752bbe-sql;8856dc7a-0389-5ac9-a680-d37120c94d49-sql,758e649c-8652-51e2-a62a-350b8be14bea-sql;d160bcf2-8920-5c1d-8868-c0e72207bbd8-sql;cd61c8eb-7d44-5a6c-be89-e97b8161b610-sql;7f8cffa6-06bb-5247-be82-896c69752bbe-sql;3658aec1-bae4-5034-9bf6-a362440e78b4-sql
sakila,"За июль 2005 года по каждому активному клиенту рассчитать количество платежных транзакций, общую и среднюю сумму платежей, число операций на сумму выше 8.00, связав платежи с клиентами и сотрудниками, и вывести только клиентов с общей суммой платежей более 50.00 или минимум тремя крупными операциями, добавив признак подозрительной активности.",medium,d3598384-5b3b-4064-874c-ea4efedd8967,"Скрипт для расчета по каждому активному клиенту за июль 2005 года количества платежей, общей и средней суммы, числа операций свыше 8.00 и отбора клиентов с суммой платежей более 50.00 или не менее тремя крупными операциями с признаком подозрительной активности.","Скрипт для мониторинга платежной активности активных клиентов за июль 2005 года, с расчетом по каждому клиенту количества транзакций, общей и средней суммы платежей, числа операций на сумму выше 8.00, а также с формированием признака подозрительной активности на основе превышения общей суммы 50.00 или наличия не менее трех крупных операций при объединении данных о платежах, клиентах и сотрудниках.","Скрипт для формирования списка активных клиентов с агрегированными показателями платежей за июль 2005 года: по каждому клиенту вычисляются количество платежных транзакций, общая и средняя сумма платежей, а также число операций с суммой выше 8.00, при этом платежи связываются с данными клиентов и сотрудников; в результат включаются только клиенты, у которых общая сумма платежей превышает 50.00 либо выполнено не менее трёх крупных операций, и для каждого клиента добавляется признак подозрительной активности.","За июль 2005 года для каждого активного клиента, связав платежи с клиентами и сотрудниками, вычислить количество транзакций, общую и среднюю сумму платежей, а также число операций на сумму больше 10.00, и отобрать клиентов, у которых общая сумма превышает 60.00 или имеется не менее двух крупных платежей, добавив признак «подозрительная активность».","Провести мониторинг платежной активности клиентов за август 2005 года: для каждого активного клиента рассчитать количество транзакций, совокупную сумму, минимальный и максимальный размер платежа, а также число различных сотрудников, оформивших эти платежи. Идентифицировать клиентов, чья общая сумма превышает 70.00 или число транзакций больше 5, пометив их как подлежащих дополнительному анализу.","За август 2005 года по каждому активному клиенту вычислить сумму всех платежей, среднюю сумму транзакции, количество платежей и количество платежей свыше 5.00 долларов, сгруппировав данные по клиенту и сотруднику, который принял платеж. Оставить только тех клиентов, у которых общая сумма платежей превышает 60.00 долларов или количество платежей больше 10, дополнительно рассчитать долю крупных транзакций (свыше 5.00) от общего числа.",1,cd61c8eb-7d44-5a6c-be89-e97b8161b610-sql,cd61c8eb-7d44-5a6c-be89-e97b8161b610-sql;d160bcf2-8920-5c1d-8868-c0e72207bbd8-sql;7f8cffa6-06bb-5247-be82-896c69752bbe-sql;758e649c-8652-51e2-a62a-350b8be14bea-sql;a89aea53-a231-5743-b3c7-2e203554906f-sql,cd61c8eb-7d44-5a6c-be89-e97b8161b610-sql;d160bcf2-8920-5c1d-8868-c0e72207bbd8-sql;7f8cffa6-06bb-5247-be82-896c69752bbe-sql;758e649c-8652-51e2-a62a-350b8be14bea-sql;267841bd-e996-5f10-8ef2-c7cd52f9eb41-sql,267841bd-e996-5f10-8ef2-c7cd52f9eb41-sql;cd61c8eb-7d44-5a6c-be89-e97b8161b610-sql;d160bcf2-8920-5c1d-8868-c0e72207bbd8-sql;758e649c-8652-51e2-a62a-350b8be14bea-sql;8856dc7a-0389-5ac9-a680-d37120c94d49-sql
sakila,"За июль 2005 года по каждому активному клиенту рассчитать количество платежных транзакций, общую и среднюю сумму платежей, число операций на сумму выше 8.00, связав платежи с клиентами и сотрудниками, и вывести только клиентов с общей суммой платежей более 50.00 или минимум тремя крупными операциями, добавив признак подозрительной активности.",medium,d3598384-5b3b-4064-874c-ea4efedd8967,"Скрипт для расчета по каждому активному клиенту за июль 2005 года количества платежей, общей и средней суммы, числа операций свыше 8.00 и отбора клиентов с суммой платежей более 50.00 или не менее тремя крупными операциями с признаком подозрительной активности.","Скрипт для мониторинга платежной активности активных клиентов за июль 2005 года, с расчетом по каждому клиенту количества транзакций, общей и средней суммы платежей, числа операций на сумму выше 8.00, а также с формированием признака подозрительной активности на основе превышения общей суммы 50.00 или наличия не менее трех крупных операций при объединении данных о платежах, клиентах и сотрудниках.","Скрипт для формирования списка активных клиентов с агрегированными показателями платежей за июль 2005 года: по каждому клиенту вычисляются количество платежных транзакций, общая и средняя сумма платежей, а также число операций с суммой выше 8.00, при этом платежи связываются с данными клиентов и сотрудников; в результат включаются только клиенты, у которых общая сумма платежей превышает 50.00 либо выполнено не менее трёх крупных операций, и для каждого клиента добавляется признак подозрительной активности.","Скрипт для расчёта по каждому активному клиенту за август 2005 года числа платежей, общей и средней суммы, количества транзакций выше 10.00, вывода клиентов с суммой более 75 или не менее 4 крупных платежей и добавления признака подозрительной активности.","За август 2005 года по каждому активному клиенту подсчитать общее количество платежей, итоговую и среднюю суммы, а также число транзакций на сумму более 10.00. Оставить только клиентов с общей суммой более 70.00 или с как минимум четырьмя крупными транзакциями, пометив их флагом «высокий приоритет проверки».","За июль 2005 года для каждого активного клиента (h07 = '1') рассчитать количество платежных транзакций, общую и среднюю сумму платежей, а также количество платежей, обработанных сотрудником с логином 'Jon'. В результат включить только тех клиентов, у которых средняя сумма платежа превышает 5.00 или общая сумма платежей превышает 60.00, и добавить столбец-признак 'повышенная активность'.",2,cd61c8eb-7d44-5a6c-be89-e97b8161b610-sql,7f8cffa6-06bb-5247-be82-896c69752bbe-sql;cd61c8eb-7d44-5a6c-be89-e97b8161b610-sql;6b70872c-8092-564b-84eb-a815efbfc822-sql;3658aec1-bae4-5034-9bf6-a362440e78b4-sql;267841bd-e996-5f10-8ef2-c7cd52f9eb41-sql,cd61c8eb-7d44-5a6c-be89-e97b8161b610-sql;d160bcf2-8920-5c1d-8868-c0e72207bbd8-sql;758e649c-8652-51e2-a62a-350b8be14bea-sql;267841bd-e996-5f10-8ef2-c7cd52f9eb41-sql;7f8cffa6-06bb-5247-be82-896c69752bbe-sql,267841bd-e996-5f10-8ef2-c7cd52f9eb41-sql;cd61c8eb-7d44-5a6c-be89-e97b8161b610-sql;8856dc7a-0389-5ac9-a680-d37120c94d49-sql;7f8cffa6-06bb-5247-be82-896c69752bbe-sql;d160bcf2-8920-5c1d-8868-c0e72207bbd8-sql
sakila,"Найти клиентов, которые за июль 2005 года совершили более 10 платежей или оплатили суммарно больше 50, вывести их имя, фамилию, email, количество платежей, общую сумму, средний платёж и признак подозрительной активности по каждому клиенту.",medium,c2c1106d-1c0c-4b61-8e70-6c1a18b4ec61,"Скрипт для формирования списка клиентов с подсчётом количества и суммы платежей за июль 2005 года, вычислением среднего платежа и признаком подозрительной активности при превышении порогов по числу операций или общей сумме.","Скрипт для формирования списка клиентов, у которых за июль 2005 года число платежей превысило 10 или суммарная сумма оплат оказалась больше 50, с выводом имени, фамилии, email, количества платежей, общей суммы, среднего платежа и признака подозрительной активности по каждому клиенту.","Скрипт для формирования списка клиентов, у которых за июль 2005 года число платежей превышает 10 или суммарная сумма оплат больше 50; для каждого клиента вычисляются имя, фамилия, email, количество платежей, общая сумма, средний размер платежа и признак подозрительной активности на основе указанных порогов, с группировкой по клиенту и отбором только записей за заданный период.","Скрипт для поиска клиентов, которые за август 2005 года совершили более 7 платежей или оплатили суммарно более 50, с выводом их имени, фамилии, email, количества платежей, общей суммы, среднего платежа и отметки о превышении лимита.","Для целей комплаенс-мониторинга подготовить отчет по клиентам, у которых в августе 2005 года зафиксировано более 5 платежей или общая сумма оплат превысила 75 долларов, с выводом имени, фамилии, email, количества транзакций, общей и средней суммы, а также флага подозрительной активности.","Получить клиентов, у которых за август 2005 года количество аренд превышает 12 или общая сумма платежей больше 70; вывести имя, фамилию, email, количество аренд, сумму платежей, средний платёж и признак «Активный клиент», если условие по арендам выполняется, иначе «Платежеспособный клиент».",0,a89aea53-a231-5743-b3c7-2e203554906f-sql,79bc1f53-c827-5ca4-aca6-15549b2de722-sql;3116dc2d-18e5-5677-8f49-27ebe4953dcd-sql;dec689aa-ffa9-52a9-bb0f-fefa021b9cb2-sql;3658aec1-bae4-5034-9bf6-a362440e78b4-sql;d0feb92f-6c89-55d7-a7dd-6d584c3eb42c-sql,a1217ec6-562d-5701-8578-3f2685448d1b-sql;2f4fcdf7-9fcc-5623-b377-658b124e65ba-sql;0975f712-4c74-5187-b542-54f304f1d17a-sql;758e649c-8652-51e2-a62a-350b8be14bea-sql;3658aec1-bae4-5034-9bf6-a362440e78b4-sql,79bc1f53-c827-5ca4-aca6-15549b2de722-sql;267841bd-e996-5f10-8ef2-c7cd52f9eb41-sql;8856dc7a-0389-5ac9-a680-d37120c94d49-sql;cd61c8eb-7d44-5a6c-be89-e97b8161b610-sql;758e649c-8652-51e2-a62a-350b8be14bea-sql
sakila,"Найти клиентов, которые за июль 2005 года совершили более 10 платежей или оплатили суммарно больше 50, вывести их имя, фамилию, email, количество платежей, общую сумму, средний платёж и признак подозрительной активности по каждому клиенту.",medium,c2c1106d-1c0c-4b61-8e70-6c1a18b4ec61,"Скрипт для формирования списка клиентов с подсчётом количества и суммы платежей за июль 2005 года, вычислением среднего платежа и признаком подозрительной активности при превышении порогов по числу операций или общей сумме.","Скрипт для формирования списка клиентов, у которых за июль 2005 года число платежей превысило 10 или суммарная сумма оплат оказалась больше 50, с выводом имени, фамилии, email, количества платежей, общей суммы, среднего платежа и признака подозрительной активности по каждому клиенту.","Скрипт для формирования списка клиентов, у которых за июль 2005 года число платежей превышает 10 или суммарная сумма оплат больше 50; для каждого клиента вычисляются имя, фамилия, email, количество платежей, общая сумма, средний размер платежа и признак подозрительной активности на основе указанных порогов, с группировкой по клиенту и отбором только записей за заданный период.","Скрипт для выявления клиентов, совершивших менее 5 платежей или заплативших суммарно меньше 20 за август 2005 года, с выводом имени, фамилии, email, количества платежей, общей суммы и среднего платежа.","Выявить клиентов, у которых в июне 2005 года зафиксировано более 12 платежей или общая сумма списаний превысила 60 долларов. Для каждого такого клиента предоставить имя, фамилию, адрес электронной почты, количество транзакций, совокупную сумму, средний размер платежа и признак необходимости дополнительной верификации.","Из таблицы клиентов (cus) и платежей (pay) получить список клиентов, совершивших в августе 2005 года более 7 платежей. Для каждого такого клиента определить количество платежей, общую сумму всех платежей, максимальный платеж. Также вывести имя, фамилию, email клиента и булево поле, указывающее, зарегистрирован ли клиент до 1 января 2006 года (сравнение поля h08 с датой '2006-01-01'). Результат отсортировать по убыванию общей суммы платежей.",1,a89aea53-a231-5743-b3c7-2e203554906f-sql,79bc1f53-c827-5ca4-aca6-15549b2de722-sql;8856dc7a-0389-5ac9-a680-d37120c94d49-sql;78b4df04-9d3c-500a-819b-e1991ebd92dd-sql;2f4fcdf7-9fcc-5623-b377-658b124e65ba-sql;758e649c-8652-51e2-a62a-350b8be14bea-sql,758e649c-8652-51e2-a62a-350b8be14bea-sql;79bc1f53-c827-5ca4-aca6-15549b2de722-sql;78b4df04-9d3c-500a-819b-e1991ebd92dd-sql;2f4fcdf7-9fcc-5623-b377-658b124e65ba-sql;602c68ae-1d5e-5f40-aa55-c32062bb6fb5-sql,79bc1f53-c827-5ca4-aca6-15549b2de722-sql;78b4df04-9d3c-500a-819b-e1991ebd92dd-sql;602c68ae-1d5e-5f40-aa55-c32062bb6fb5-sql;5259df29-82da-5d5f-99fd-a8b1042e7cbd-sql;aa228506-8c73-5dfa-82d6-658e4747cef5-sql
sakila,"Найти клиентов, которые за июль 2005 года совершили более 10 платежей или оплатили суммарно больше 50, вывести их имя, фамилию, email, количество платежей, общую сумму, средний платёж и признак подозрительной активности по каждому клиенту.",medium,c2c1106d-1c0c-4b61-8e70-6c1a18b4ec61,"Скрипт для формирования списка клиентов с подсчётом количества и суммы платежей за июль 2005 года, вычислением среднего платежа и признаком подозрительной активности при превышении порогов по числу операций или общей сумме.","Скрипт для формирования списка клиентов, у которых за июль 2005 года число платежей превысило 10 или суммарная сумма оплат оказалась больше 50, с выводом имени, фамилии, email, количества платежей, общей суммы, среднего платежа и признака подозрительной активности по каждому клиенту.","Скрипт для формирования списка клиентов, у которых за июль 2005 года число платежей превышает 10 или суммарная сумма оплат больше 50; для каждого клиента вычисляются имя, фамилия, email, количество платежей, общая сумма, средний размер платежа и признак подозрительной активности на основе указанных порогов, с группировкой по клиенту и отбором только записей за заданный период.","Скрипт для поиска клиентов, сделавших в августе 2005 года более 5 платежей на общую сумму свыше 30, с выводом имени, фамилии, email, числа платежей, суммы, среднего платежа и флага повышенного внимания.","Разработать аналитический скрипт для выявления клиентов с признаками аномальной активности в августе 2005 года: порог по количеству платежей — более 8, порог по сумме — более 40 долларов. Выходные данные: имя, фамилия, email, количество платежей, общая сумма, средний платеж, метка «подозрительный».","Получить список клиентов, осуществивших в апреле 2005 года более 6 платежей либо заплативших суммарно свыше 45; для каждого такого клиента отобразить имя, фамилию, email, количество платежей, общую сумму платежей, средний размер платежа и признак подозрительной активности.",2,a89aea53-a231-5743-b3c7-2e203554906f-sql,79bc1f53-c827-5ca4-aca6-15549b2de722-sql;60e68728-8fc7-59ce-a4f9-89a39c06fb9d-sql;758e649c-8652-51e2-a62a-350b8be14bea-sql;3658aec1-bae4-5034-9bf6-a362440e78b4-sql;267841bd-e996-5f10-8ef2-c7cd52f9eb41-sql,3658aec1-bae4-5034-9bf6-a362440e78b4-sql;758e649c-8652-51e2-a62a-350b8be14bea-sql;d160bcf2-8920-5c1d-8868-c0e72207bbd8-sql;a89aea53-a231-5743-b3c7-2e203554906f-sql;2f4fcdf7-9fcc-5623-b377-658b124e65ba-sql,2f4fcdf7-9fcc-5623-b377-658b124e65ba-sql;79bc1f53-c827-5ca4-aca6-15549b2de722-sql;758e649c-8652-51e2-a62a-350b8be14bea-sql;a1217ec6-562d-5701-8578-3f2685448d1b-sql;d160bcf2-8920-5c1d-8868-c0e72207bbd8-sql
sakila,"За июнь 2005 года по каждому клиенту вывести имя, фамилию, количество платежей, общую сумму платежей, средний размер платежа и число платежей на сумму 8.00 и выше, оставив только клиентов с общей суммой платежей более 50.00 или не менее чем тремя крупными платежами для выявления потенциально подозрительной активности.",medium,7f1e658a-a17b-4e0c-b8a0-703a56005c3e,"Скрипт для формирования списка клиентов за июнь 2005 года с подсчётом количества, суммы и среднего размера платежей, а также числа платежей от 8.00 и выше, с отбором клиентов по общей сумме более 50.00 или наличию не менее трёх крупных платежей для выявления подозрительной активности","Скрипт для формирования списка клиентов за июнь 2005 года с расчетом по каждому имени, фамилии, количеству платежей, общей и средней сумме платежей, а также числу платежей на сумму 8.00 и выше, с последующим отбором клиентов с общей суммой платежей более 50.00 или не менее чем тремя крупными платежами для выявления потенциально подозрительной активности.","Скрипт для формирования списка клиентов с анализом платежной активности за июнь 2005 года: по каждому клиенту определить имя и фамилию, количество платежей, общую сумму платежей, средний размер платежа и число платежей на сумму 8.00 и выше, затем оставить только тех клиентов, у которых общая сумма платежей превышает 50.00 либо количество крупных платежей составляет не менее трёх, чтобы выявить потенциально подозрительную активность.","Скрипт для выявления подозрительной активности клиентов по платежам за июль 2005 года, выводящий по каждому клиенту имя, фамилию, количество платежей, общую сумму, средний размер платежа и число платежей на сумму 10.00 и выше, оставляя только клиентов с общей суммой более 60.00 или не менее чем двумя крупными платежами.","Определить клиентов, совершивших в июле 2005 года более 10 платежей, при этом средняя сумма платежа превышает 5.00, а также есть хотя бы один платеж на сумму 10.00 или выше. Такие клиенты могут быть отнесены к группе повышенного риска для дополнительной проверки.","По данным платежей за июнь 2005 года для каждого клиента рассчитать количество платежей, общую сумму, среднюю сумму и количество платежей суммой менее 2.00. Вывести имя и фамилию клиента. Оставить только клиентов, у которых общая сумма превышает 40.00 или количество мелких платежей (менее 2.00) составляет не менее 5, что позволяет выявить потенциально подозрительную активность.",0,758e649c-8652-51e2-a62a-350b8be14bea-sql,a1217ec6-562d-5701-8578-3f2685448d1b-sql;2f4fcdf7-9fcc-5623-b377-658b124e65ba-sql;cd61c8eb-7d44-5a6c-be89-e97b8161b610-sql;0975f712-4c74-5187-b542-54f304f1d17a-sql;a89aea53-a231-5743-b3c7-2e203554906f-sql,d0feb92f-6c89-55d7-a7dd-6d584c3eb42c-sql;2f4fcdf7-9fcc-5623-b377-658b124e65ba-sql;0975f712-4c74-5187-b542-54f304f1d17a-sql;dec689aa-ffa9-52a9-bb0f-fefa021b9cb2-sql;267841bd-e996-5f10-8ef2-c7cd52f9eb41-sql,758e649c-8652-51e2-a62a-350b8be14bea-sql;d160bcf2-8920-5c1d-8868-c0e72207bbd8-sql;2f4fcdf7-9fcc-5623-b377-658b124e65ba-sql;0975f712-4c74-5187-b542-54f304f1d17a-sql;3658aec1-bae4-5034-9bf6-a362440e78b4-sql
sakila,"За июнь 2005 года по каждому клиенту вывести имя, фамилию, количество платежей, общую сумму платежей, средний размер платежа и число платежей на сумму 8.00 и выше, оставив только клиентов с общей суммой платежей более 50.00 или не менее чем тремя крупными платежами для выявления потенциально подозрительной активности.",medium,7f1e658a-a17b-4e0c-b8a0-703a56005c3e,"Скрипт для формирования списка клиентов за июнь 2005 года с подсчётом количества, суммы и среднего размера платежей, а также числа платежей от 8.00 и выше, с отбором клиентов по общей сумме более 50.00 или наличию не менее трёх крупных платежей для выявления подозрительной активности","Скрипт для формирования списка клиентов за июнь 2005 года с расчетом по каждому имени, фамилии, количеству платежей, общей и средней сумме платежей, а также числу платежей на сумму 8.00 и выше, с последующим отбором клиентов с общей суммой платежей более 50.00 или не менее чем тремя крупными платежами для выявления потенциально подозрительной активности.","Скрипт для формирования списка клиентов с анализом платежной активности за июнь 2005 года: по каждому клиенту определить имя и фамилию, количество платежей, общую сумму платежей, средний размер платежа и число платежей на сумму 8.00 и выше, затем оставить только тех клиентов, у которых общая сумма платежей превышает 50.00 либо количество крупных платежей составляет не менее трёх, чтобы выявить потенциально подозрительную активность.","Скрипт для выявления клиентов с подозрительно высокой активностью за апрель 2005 года, у которых общая сумма платежей превышает 80.00 или количество платежей на сумму 9.99 и более составляет не менее 4.","За август 2005 года для каждого клиента вычислить количество оформленных аренд, общую сумму платежей, наибольший единичный платёж и число платежей, превышающих 10 долларов. Оставить только тех клиентов, чья общая сумма платежей превышает 100 долларов или у которых зафиксирован хотя бы один платёж свыше 20 долларов, чтобы выявить клиентов с аномально высокой активностью или потенциальными нарушениями условий аренды.","За май 2005 года по каждому клиенту вывести имя, фамилию, количество платежей, общую сумму платежей, средний размер платежа и число платежей на сумму 10.00 и выше, оставив только клиентов с общей суммой платежей более 70.00 или не менее чем четырьмя крупными платежами для выявления подозрительной активности.",1,758e649c-8652-51e2-a62a-350b8be14bea-sql,7f8cffa6-06bb-5247-be82-896c69752bbe-sql;cd61c8eb-7d44-5a6c-be89-e97b8161b610-sql;758e649c-8652-51e2-a62a-350b8be14bea-sql;2f4fcdf7-9fcc-5623-b377-658b124e65ba-sql;3658aec1-bae4-5034-9bf6-a362440e78b4-sql,758e649c-8652-51e2-a62a-350b8be14bea-sql;cd61c8eb-7d44-5a6c-be89-e97b8161b610-sql;2f4fcdf7-9fcc-5623-b377-658b124e65ba-sql;267841bd-e996-5f10-8ef2-c7cd52f9eb41-sql;3658aec1-bae4-5034-9bf6-a362440e78b4-sql,758e649c-8652-51e2-a62a-350b8be14bea-sql;d160bcf2-8920-5c1d-8868-c0e72207bbd8-sql;2f4fcdf7-9fcc-5623-b377-658b124e65ba-sql;3658aec1-bae4-5034-9bf6-a362440e78b4-sql;0975f712-4c74-5187-b542-54f304f1d17a-sql
sakila,"За июнь 2005 года по каждому клиенту вывести имя, фамилию, количество платежей, общую сумму платежей, средний размер платежа и число платежей на сумму 8.00 и выше, оставив только клиентов с общей суммой платежей более 50.00 или не менее чем тремя крупными платежами для выявления потенциально подозрительной активности.",medium,7f1e658a-a17b-4e0c-b8a0-703a56005c3e,"Скрипт для формирования списка клиентов за июнь 2005 года с подсчётом количества, суммы и среднего размера платежей, а также числа платежей от 8.00 и выше, с отбором клиентов по общей сумме более 50.00 или наличию не менее трёх крупных платежей для выявления подозрительной активности","Скрипт для формирования списка клиентов за июнь 2005 года с расчетом по каждому имени, фамилии, количеству платежей, общей и средней сумме платежей, а также числу платежей на сумму 8.00 и выше, с последующим отбором клиентов с общей суммой платежей более 50.00 или не менее чем тремя крупными платежами для выявления потенциально подозрительной активности.","Скрипт для формирования списка клиентов с анализом платежной активности за июнь 2005 года: по каждому клиенту определить имя и фамилию, количество платежей, общую сумму платежей, средний размер платежа и число платежей на сумму 8.00 и выше, затем оставить только тех клиентов, у которых общая сумма платежей превышает 50.00 либо количество крупных платежей составляет не менее трёх, чтобы выявить потенциально подозрительную активность.","Скрипт для выявления подозрительной активности клиентов в мае 2005 года по количеству платежей, общей сумме, среднему размеру и числу платежей выше 10.00, оставляя клиентов с общей суммой более 100.00 или не менее чем двумя крупными платежами.","За 2005 год по каждому активному клиенту (статус активности 'Y') из магазина с идентификатором 1 вывести общую сумму платежей, среднюю сумму платежа, количество платежей и число платежей на сумму 10.00 и выше. Оставить только клиентов, у которых общая сумма превышает 150.00 или количество крупных платежей составляет не менее 4, для выявления клиентов с аномально высокой транзакционной активностью в рамках фрод-мониторинга.","За период с 1 мая 2005 по 31 июля 2005 года по каждому клиенту вывести имя, фамилию, количество платежей, общую сумму платежей, средний размер платежа и количество платежей на сумму менее 5.00, оставив только клиентов с общей суммой платежей более 100.00 или не менее чем пятью малыми платежами для выявления потенциально подозрительной активности.",2,758e649c-8652-51e2-a62a-350b8be14bea-sql,758e649c-8652-51e2-a62a-350b8be14bea-sql;7f8cffa6-06bb-5247-be82-896c69752bbe-sql;0975f712-4c74-5187-b542-54f304f1d17a-sql;3658aec1-bae4-5034-9bf6-a362440e78b4-sql;cd61c8eb-7d44-5a6c-be89-e97b8161b610-sql,f0beccbb-786e-544c-819d-1a939769636d-sql;d160bcf2-8920-5c1d-8868-c0e72207bbd8-sql;cd61c8eb-7d44-5a6c-be89-e97b8161b610-sql;758e649c-8652-51e2-a62a-350b8be14bea-sql;7f8cffa6-06bb-5247-be82-896c69752bbe-sql,758e649c-8652-51e2-a62a-350b8be14bea-sql;3658aec1-bae4-5034-9bf6-a362440e78b4-sql;2f4fcdf7-9fcc-5623-b377-658b124e65ba-sql;0975f712-4c74-5187-b542-54f304f1d17a-sql;d160bcf2-8920-5c1d-8868-c0e72207bbd8-sql
sakila,"Найти клиентов, у которых за июнь 2005 года было более 10 платежей, рассчитать общую сумму платежей, средний чек и количество крупных операций свыше 8.00, сгруппировав данные по клиенту и сотруднику, проводившему платежи.",medium,d0f08def-66e3-4add-8c96-450bf991dc3e,"Скрипт для формирования списка клиентов с более чем 10 платежами за июнь 2005 года, с расчетом общей суммы, среднего чека и количества платежей свыше 8.00 по клиенту и сотруднику.","Скрипт для анализа платежной активности клиентов за июнь 2005 года с выявлением тех, у кого количество операций превысило 10, и расчётом по каждому клиенту и сотруднику общей суммы платежей, среднего чека и числа крупных платежей свыше 8.00.","Скрипт для формирования списка клиентов, у которых в июне 2005 года количество платежей превышает 10, с расчетом по каждому клиенту и сотруднику общей суммы платежей, среднего чека и числа операций с суммой свыше 8.00, с группировкой по клиенту и сотруднику, проводившему платежи.","Скрипт для поиска клиентов с более чем 8 платежами за май 2005 года, расчёта общей суммы, среднего значения и количества платежей свыше 7.00, с группировкой по клиенту и сотруднику.","Определить клиентов, у которых в апреле 2005 года было выполнено больше 8 платежей, вычислить для каждого такого клиента совокупную сумму, среднюю сумму операции и количество транзакций, превышающих 10 долларов, с детализацией по сотрудникам, обслуживающим платежи.","Определить клиентов, которые в августе 2005 года совершили более 8 платежей. Для каждого клиента и сотрудника, принявшего платежи, вычислить сумму всех платежей, средний размер платежа и количество платежей, превышающих 10.00. Результат сгруппировать по клиенту и сотруднику.",0,602c68ae-1d5e-5f40-aa55-c32062bb6fb5-sql,602c68ae-1d5e-5f40-aa55-c32062bb6fb5-sql;79bc1f53-c827-5ca4-aca6-15549b2de722-sql;78b4df04-9d3c-500a-819b-e1991ebd92dd-sql;758e649c-8652-51e2-a62a-350b8be14bea-sql;2f4fcdf7-9fcc-5623-b377-658b124e65ba-sql,d160bcf2-8920-5c1d-8868-c0e72207bbd8-sql;78b4df04-9d3c-500a-819b-e1991ebd92dd-sql;2f4fcdf7-9fcc-5623-b377-658b124e65ba-sql;3116dc2d-18e5-5677-8f49-27ebe4953dcd-sql;cd61c8eb-7d44-5a6c-be89-e97b8161b610-sql,3116dc2d-18e5-5677-8f49-27ebe4953dcd-sql;602c68ae-1d5e-5f40-aa55-c32062bb6fb5-sql;79bc1f53-c827-5ca4-aca6-15549b2de722-sql;2f4fcdf7-9fcc-5623-b377-658b124e65ba-sql;6b70872c-8092-564b-84eb-a815efbfc822-sql
sakila,"Найти клиентов, у которых за июнь 2005 года было более 10 платежей, рассчитать общую сумму платежей, средний чек и количество крупных операций свыше 8.00, сгруппировав данные по клиенту и сотруднику, проводившему платежи.",medium,d0f08def-66e3-4add-8c96-450bf991dc3e,"Скрипт для формирования списка клиентов с более чем 10 платежами за июнь 2005 года, с расчетом общей суммы, среднего чека и количества платежей свыше 8.00 по клиенту и сотруднику.","Скрипт для анализа платежной активности клиентов за июнь 2005 года с выявлением тех, у кого количество операций превысило 10, и расчётом по каждому клиенту и сотруднику общей суммы платежей, среднего чека и числа крупных платежей свыше 8.00.","Скрипт для формирования списка клиентов, у которых в июне 2005 года количество платежей превышает 10, с расчетом по каждому клиенту и сотруднику общей суммы платежей, среднего чека и числа операций с суммой свыше 8.00, с группировкой по клиенту и сотруднику, проводившему платежи.","Скрипт для выявления клиентов с более чем 8 платежами в апреле 2005 года, расчёта общей суммы, средней величины платежа и количества транзакций свыше 7.00, с группировкой по клиенту и сотруднику.","Выявить клиентов, совершивших в мае 2005 года не менее 8 платежей, и для каждого такого клиента совместно с сотрудником, принимавшим платежи, рассчитать общую сумму платежей, средний чек и количество транзакций с суммой более 6.00.","Выбрать все платежи за май 2005 года, сгруппировать по идентификатору клиента и идентификатору сотрудника, принявшего платеж. Для каждой группы рассчитать количество транзакций, общую выручку, минимальный размер платежа и количество операций с суммой менее 5.00. Оставить только группы, у которых общая выручка превышает 40.00, и отсортировать результат по убыванию общего количества платежей.",1,602c68ae-1d5e-5f40-aa55-c32062bb6fb5-sql,78b4df04-9d3c-500a-819b-e1991ebd92dd-sql;602c68ae-1d5e-5f40-aa55-c32062bb6fb5-sql;79bc1f53-c827-5ca4-aca6-15549b2de722-sql;3116dc2d-18e5-5677-8f49-27ebe4953dcd-sql;2f4fcdf7-9fcc-5623-b377-658b124e65ba-sql,78b4df04-9d3c-500a-819b-e1991ebd92dd-sql;602c68ae-1d5e-5f40-aa55-c32062bb6fb5-sql;758e649c-8652-51e2-a62a-350b8be14bea-sql;79bc1f53-c827-5ca4-aca6-15549b2de722-sql;2f4fcdf7-9fcc-5623-b377-658b124e65ba-sql,78b4df04-9d3c-500a-819b-e1991ebd92dd-sql;758e649c-8652-51e2-a62a-350b8be14bea-sql;aa228506-8c73-5dfa-82d6-658e4747cef5-sql;5259df29-82da-5d5f-99fd-a8b1042e7cbd-sql;31e16f9a-eed8-51f5-b4a8-597df678d268-sql
sakila,"Найти клиентов, у которых за июнь 2005 года было более 10 платежей, рассчитать общую сумму платежей, средний чек и количество крупных операций свыше 8.00, сгруппировав данные по клиенту и сотруднику, проводившему платежи.",medium,d0f08def-66e3-4add-8c96-450bf991dc3e,"Скрипт для формирования списка клиентов с более чем 10 платежами за июнь 2005 года, с расчетом общей суммы, среднего чека и количества платежей свыше 8.00 по клиенту и сотруднику.","Скрипт для анализа платежной активности клиентов за июнь 2005 года с выявлением тех, у кого количество операций превысило 10, и расчётом по каждому клиенту и сотруднику общей суммы платежей, среднего чека и числа крупных платежей свыше 8.00.","Скрипт для формирования списка клиентов, у которых в июне 2005 года количество платежей превышает 10, с расчетом по каждому клиенту и сотруднику общей суммы платежей, среднего чека и числа операций с суммой свыше 8.00, с группировкой по клиенту и сотруднику, проводившему платежи.","Скрипт для отбора клиентов, сделавших не менее 8 платежей в мае 2005 года, с вычислением общей суммы, среднего чека и числа платежей свыше 7.00, с группировкой по клиенту и сотруднику.","Выявить клиентов, совершивших в июле 2005 года не менее 7 платежей, и для каждой пары клиент-сотрудник рассчитать общую сумму поступлений, средний размер транзакции и количество чеков, превышающих 12 долларов.","Получить список клиентов, совершивших более 5 платежей в июле 2005 года. Для каждого такого клиента и сотрудника, принявшего платеж, вычислить общую сумму платежей, среднюю сумму платежа, а также количество платежей, превышающих 9.00. Результаты сгруппировать по идентификатору клиента и идентификатору сотрудника, отсортировать по убыванию общей суммы платежей.",2,602c68ae-1d5e-5f40-aa55-c32062bb6fb5-sql,602c68ae-1d5e-5f40-aa55-c32062bb6fb5-sql;3116dc2d-18e5-5677-8f49-27ebe4953dcd-sql;758e649c-8652-51e2-a62a-350b8be14bea-sql;78b4df04-9d3c-500a-819b-e1991ebd92dd-sql;267841bd-e996-5f10-8ef2-c7cd52f9eb41-sql,3116dc2d-18e5-5677-8f49-27ebe4953dcd-sql;6b70872c-8092-564b-84eb-a815efbfc822-sql;78b4df04-9d3c-500a-819b-e1991ebd92dd-sql;2f4fcdf7-9fcc-5623-b377-658b124e65ba-sql;267841bd-e996-5f10-8ef2-c7cd52f9eb41-sql,3116dc2d-18e5-5677-8f49-27ebe4953dcd-sql;79bc1f53-c827-5ca4-aca6-15549b2de722-sql;602c68ae-1d5e-5f40-aa55-c32062bb6fb5-sql;5259df29-82da-5d5f-99fd-a8b1042e7cbd-sql;aa228506-8c73-5dfa-82d6-658e4747cef5-sql
sakila,"Выявить клиентов, у которых за июнь 2005 года было более 10 платежных операций, посчитать по каждому клиенту общее число транзакций, сумму платежей, средний чек и количество операций на сумму не менее 5.00, объединив платежи с данными клиентов и сотрудников, проводивших операции.",medium,db3fec35-756c-4d13-ae25-757b588028ce,"Скрипт для формирования списка клиентов с более чем 10 платежами за июнь 2005 года и расчёта по каждому общего числа транзакций, суммы платежей, среднего чека и количества операций на сумму не менее 5.00 с объединением данных о клиентах и сотрудниках.","Скрипт для формирования списка клиентов с более чем 10 платежными операциями за июнь 2005 года и расчета по каждому клиенту общего числа транзакций, суммы платежей, среднего чека и количества операций на сумму не менее 5.00 с объединением данных о клиентах и сотрудниках, проводивших платежи.","Скрипт для формирования списка клиентов с более чем 10 платежными операциями за июнь 2005 года, с расчетом по каждому клиенту общего числа транзакций, суммы платежей, среднего чека и количества операций на сумму не менее 5.00, на основе объединения платежей с данными клиентов и сотрудников, выполнявших операции, с группировкой по клиенту и итоговой фильтрацией по количеству платежей.","Скрипт для выявления клиентов, совершивших более 5 платежей в мае 2005 года, с расчетом по каждому общего количества операций, суммы, среднего чека и числа платежей на сумму не менее 7.00, объединив платежи с данными клиентов и сотрудников.","Провести анализ клиентской базы по состоянию на август 2005 года: определить клиентов, у которых количество успешных платежей превышает 6, и для каждого такого клиента рассчитать общее количество транзакций, сумму всех платежей, средний чек и количество транзакций на сумму не менее 4.00, объединив данные платежей с клиентами и сотрудниками, оформившими платежи.","Определить сотрудников, которые за май 2005 года приняли более 20 платежей от клиентов, и для каждого такого сотрудника рассчитать общее количество проведенных транзакций, сумму платежей, средний размер платежа и количество транзакций на сумму менее 2.00, объединив данные платежей с информацией о сотрудниках и клиентах, отсортировав результат по убыванию суммы.",0,78b4df04-9d3c-500a-819b-e1991ebd92dd-sql,78b4df04-9d3c-500a-819b-e1991ebd92dd-sql;602c68ae-1d5e-5f40-aa55-c32062bb6fb5-sql;79bc1f53-c827-5ca4-aca6-15549b2de722-sql;758e649c-8652-51e2-a62a-350b8be14bea-sql;3116dc2d-18e5-5677-8f49-27ebe4953dcd-sql,78b4df04-9d3c-500a-819b-e1991ebd92dd-sql;602c68ae-1d5e-5f40-aa55-c32062bb6fb5-sql;79bc1f53-c827-5ca4-aca6-15549b2de722-sql;8856dc7a-0389-5ac9-a680-d37120c94d49-sql;758e649c-8652-51e2-a62a-350b8be14bea-sql,78b4df04-9d3c-500a-819b-e1991ebd92dd-sql;602c68ae-1d5e-5f40-aa55-c32062bb6fb5-sql;79bc1f53-c827-5ca4-aca6-15549b2de722-sql;e953e356-787b-5fc9-9aaf-f3b74cc80e4a-sql;d160bcf2-8920-5c1d-8868-c0e72207bbd8-sql
sakila,"Выявить клиентов, у которых за июнь 2005 года было более 10 платежных операций, посчитать по каждому клиенту общее число транзакций, сумму платежей, средний чек и количество операций на сумму не менее 5.00, объединив платежи с данными клиентов и сотрудников, проводивших операции.",medium,db3fec35-756c-4d13-ae25-757b588028ce,"Скрипт для формирования списка клиентов с более чем 10 платежами за июнь 2005 года и расчёта по каждому общего числа транзакций, суммы платежей, среднего чека и количества операций на сумму не менее 5.00 с объединением данных о клиентах и сотрудниках.","Скрипт для формирования списка клиентов с более чем 10 платежными операциями за июнь 2005 года и расчета по каждому клиенту общего числа транзакций, суммы платежей, среднего чека и количества операций на сумму не менее 5.00 с объединением данных о клиентах и сотрудниках, проводивших платежи.","Скрипт для формирования списка клиентов с более чем 10 платежными операциями за июнь 2005 года, с расчетом по каждому клиенту общего числа транзакций, суммы платежей, среднего чека и количества операций на сумму не менее 5.00, на основе объединения платежей с данными клиентов и сотрудников, выполнявших операции, с группировкой по клиенту и итоговой фильтрацией по количеству платежей.","Скрипт для выявления клиентов, совершивших не менее 5 платежей в мае 2005 года, с подсчетом общего числа транзакций, суммы и среднего чека, а также количества платежей на сумму не менее 10 долларов, и выводом имени сотрудника, оформившего эти платежи.","Для анализа клиентской лояльности: выявить клиентов, совершивших не менее 5 платежных операций в августе 2005 года, и по каждому такому клиенту рассчитать общее количество транзакций, суммарный объем платежей, средний чек, а также число операций с суммой свыше 10.00; данные объединить с информацией о клиентах и сотрудниках, принявших платежи.","Отобрать записи о платежах за июль 2005 года, объединённые с таблицами клиентов (cus) и сотрудников (stf). Сгруппировать по идентификатору клиента, вычислить для каждого клиента: общее количество транзакций, общую сумму платежей, среднюю сумму платежа и количество транзакций с суммой не менее 4.00. Оставить только тех клиентов, у которых общее количество транзакций превышает 8. Результирующий набор должен содержать идентификатор клиента, имя и фамилию клиента, а также все рассчитанные показатели. Отсортировать строки по убыванию общей суммы платежей.",1,78b4df04-9d3c-500a-819b-e1991ebd92dd-sql,78b4df04-9d3c-500a-819b-e1991ebd92dd-sql;79bc1f53-c827-5ca4-aca6-15549b2de722-sql;602c68ae-1d5e-5f40-aa55-c32062bb6fb5-sql;758e649c-8652-51e2-a62a-350b8be14bea-sql;60e68728-8fc7-59ce-a4f9-89a39c06fb9d-sql,78b4df04-9d3c-500a-819b-e1991ebd92dd-sql;8856dc7a-0389-5ac9-a680-d37120c94d49-sql;758e649c-8652-51e2-a62a-350b8be14bea-sql;602c68ae-1d5e-5f40-aa55-c32062bb6fb5-sql;3116dc2d-18e5-5677-8f49-27ebe4953dcd-sql,78b4df04-9d3c-500a-819b-e1991ebd92dd-sql;3116dc2d-18e5-5677-8f49-27ebe4953dcd-sql;79bc1f53-c827-5ca4-aca6-15549b2de722-sql;5259df29-82da-5d5f-99fd-a8b1042e7cbd-sql;aa228506-8c73-5dfa-82d6-658e4747cef5-sql
sakila,"Выявить клиентов, у которых за июнь 2005 года было более 10 платежных операций, посчитать по каждому клиенту общее число транзакций, сумму платежей, средний чек и количество операций на сумму не менее 5.00, объединив платежи с данными клиентов и сотрудников, проводивших операции.",medium,db3fec35-756c-4d13-ae25-757b588028ce,"Скрипт для формирования списка клиентов с более чем 10 платежами за июнь 2005 года и расчёта по каждому общего числа транзакций, суммы платежей, среднего чека и количества операций на сумму не менее 5.00 с объединением данных о клиентах и сотрудниках.","Скрипт для формирования списка клиентов с более чем 10 платежными операциями за июнь 2005 года и расчета по каждому клиенту общего числа транзакций, суммы платежей, среднего чека и количества операций на сумму не менее 5.00 с объединением данных о клиентах и сотрудниках, проводивших платежи.","Скрипт для формирования списка клиентов с более чем 10 платежными операциями за июнь 2005 года, с расчетом по каждому клиенту общего числа транзакций, суммы платежей, среднего чека и количества операций на сумму не менее 5.00, на основе объединения платежей с данными клиентов и сотрудников, выполнявших операции, с группировкой по клиенту и итоговой фильтрацией по количеству платежей.","Скрипт для группировки платежей клиентов за май 2005 года по клиенту и сотруднику, с расчетом количества платежей, суммы и максимального платежа, для клиентов, совершивших более 5 платежей.","Для целей анализа клиентской активности скрипт выделяет клиентов, у которых в августе 2005 года зафиксировано более 12 платёжных операций, и рассчитывает по каждому клиенту итоговое количество транзакций, их сумму, средний размер чека и количество операций суммой от 7.00, дополняя данные информацией о сотруднике, проводившем платежи.","Для каждого клиента, у которого в период с 1 июля 2005 года по 31 июля 2005 года было не менее 8 платежей, рассчитать общее количество транзакций, сумму платежей, средний размер платежа и количество платежей на сумму не менее 10.00, сгруппировав данные по клиентам и присоединив информацию о сотрудниках, оформивших эти платежи.",2,78b4df04-9d3c-500a-819b-e1991ebd92dd-sql,602c68ae-1d5e-5f40-aa55-c32062bb6fb5-sql;e953e356-787b-5fc9-9aaf-f3b74cc80e4a-sql;79bc1f53-c827-5ca4-aca6-15549b2de722-sql;78b4df04-9d3c-500a-819b-e1991ebd92dd-sql;60e68728-8fc7-59ce-a4f9-89a39c06fb9d-sql,78b4df04-9d3c-500a-819b-e1991ebd92dd-sql;cd61c8eb-7d44-5a6c-be89-e97b8161b610-sql;8856dc7a-0389-5ac9-a680-d37120c94d49-sql;7f8cffa6-06bb-5247-be82-896c69752bbe-sql;602c68ae-1d5e-5f40-aa55-c32062bb6fb5-sql,78b4df04-9d3c-500a-819b-e1991ebd92dd-sql;8856dc7a-0389-5ac9-a680-d37120c94d49-sql;2f4fcdf7-9fcc-5623-b377-658b124e65ba-sql;3116dc2d-18e5-5677-8f49-27ebe4953dcd-sql;602c68ae-1d5e-5f40-aa55-c32062bb6fb5-sql
sakila,"Вывести за период с 1 июня по 31 августа 2005 года клиентов, у которых было не менее 10 платежей, указав имя и фамилию клиента, количество платежей, общую сумму, средний размер платежа и признак подозрительной активности, если общая сумма превышает 100 или средний платеж больше 7.00.",medium,11b5e5d5-552b-4127-88f1-ba0b1e7585cf,"Скрипт для формирования списка клиентов за период с 1 июня по 31 августа 2005 года с подсчётом количества платежей, общей и средней суммы, а также признаком подозрительной активности при превышении порогов по сумме или среднему платежу.","Скрипт для формирования списка клиентов за период с 1 июня по 31 августа 2005 года, у которых было не менее 10 платежей, с расчетом имени и фамилии клиента, количества платежей, общей суммы, среднего размера платежа и признака подозрительной активности при превышении общей суммы 100 или среднего платежа 7.00.","Скрипт для формирования списка клиентов, совершивших в период с 1 июня по 31 августа 2005 года не менее 10 платежей, с выводом имени и фамилии клиента, количества платежей, общей суммы и среднего размера платежа, а также с вычислением признака подозрительной активности, если суммарные платежи превышают 100 или средний платеж больше 7.00.","Скрипт для отбора клиентов, совершивших более 8 платежей за март-май 2005 года, с подсчетом общей суммы и среднего платежа, а также маркировкой статуса 'активный', если общая сумма превышает 80 или средний платеж больше 6.","Выявить клиентов, совершивших не менее 8 платежей в период с 1 июля по 31 августа 2005 года, и для каждого такого клиента указать имя, фамилию, количество транзакций, общую сумму, средний размер платежа, а также признак «повышенный риск» в случае, если общая сумма превышает 150 или средний платеж больше 10,00.","Вывести за период с 1 июля по 30 сентября 2005 года клиентов, у которых количество платежей превышает 5, указав имя и фамилию клиента, количество платежей, общую сумму, максимальный размер платежа и признак VIP-клиента, если общая сумма превышает 200 или максимальный платеж больше 15.00.",0,3658aec1-bae4-5034-9bf6-a362440e78b4-sql,267841bd-e996-5f10-8ef2-c7cd52f9eb41-sql;cd61c8eb-7d44-5a6c-be89-e97b8161b610-sql;8856dc7a-0389-5ac9-a680-d37120c94d49-sql;758e649c-8652-51e2-a62a-350b8be14bea-sql;7f8cffa6-06bb-5247-be82-896c69752bbe-sql,d0feb92f-6c89-55d7-a7dd-6d584c3eb42c-sql;2f4fcdf7-9fcc-5623-b377-658b124e65ba-sql;79bc1f53-c827-5ca4-aca6-15549b2de722-sql;6b70872c-8092-564b-84eb-a815efbfc822-sql;cd61c8eb-7d44-5a6c-be89-e97b8161b610-sql,79bc1f53-c827-5ca4-aca6-15549b2de722-sql;267841bd-e996-5f10-8ef2-c7cd52f9eb41-sql;60e68728-8fc7-59ce-a4f9-89a39c06fb9d-sql;d0feb92f-6c89-55d7-a7dd-6d584c3eb42c-sql;3116dc2d-18e5-5677-8f49-27ebe4953dcd-sql
sakila,"Вывести за период с 1 июня по 31 августа 2005 года клиентов, у которых было не менее 10 платежей, указав имя и фамилию клиента, количество платежей, общую сумму, средний размер платежа и признак подозрительной активности, если общая сумма превышает 100 или средний платеж больше 7.00.",medium,11b5e5d5-552b-4127-88f1-ba0b1e7585cf,"Скрипт для формирования списка клиентов за период с 1 июня по 31 августа 2005 года с подсчётом количества платежей, общей и средней суммы, а также признаком подозрительной активности при превышении порогов по сумме или среднему платежу.","Скрипт для формирования списка клиентов за период с 1 июня по 31 августа 2005 года, у которых было не менее 10 платежей, с расчетом имени и фамилии клиента, количества платежей, общей суммы, среднего размера платежа и признака подозрительной активности при превышении общей суммы 100 или среднего платежа 7.00.","Скрипт для формирования списка клиентов, совершивших в период с 1 июня по 31 августа 2005 года не менее 10 платежей, с выводом имени и фамилии клиента, количества платежей, общей суммы и среднего размера платежа, а также с вычислением признака подозрительной активности, если суммарные платежи превышают 100 или средний платеж больше 7.00.","Скрипт для получения клиентов с более чем 15 платежами в июле 2005 года, с выводом имени, фамилии, количества платежей, общей суммы и отметки «активный» при общей сумме свыше 150.","За период с 1 июля по 30 сентября 2005 года необходимо отобрать клиентов, совершивших не менее 15 платежей, и для каждого рассчитать общее количество транзакций, суммарный оборот и среднюю сумму платежа; дополнительно присвоить метку «высокий риск» тем клиентам, у которых общая сумма превышает 120 у.е. или средний чек больше 8.00 у.е., для последующего контроля со стороны службы безопасности.","Вывести список клиентов, совершивших не менее 8 платежей в период с 1 июля по 31 августа 2005 года. Для каждого такого клиента показать имя, фамилию, количество платежей, общую сумму платежей, минимальный и максимальный размер платежа, а также пометить как «привилегированный», если общая сумма превышает 120 или средний платеж больше 9.00.",1,3658aec1-bae4-5034-9bf6-a362440e78b4-sql,8856dc7a-0389-5ac9-a680-d37120c94d49-sql;267841bd-e996-5f10-8ef2-c7cd52f9eb41-sql;79bc1f53-c827-5ca4-aca6-15549b2de722-sql;a1217ec6-562d-5701-8578-3f2685448d1b-sql;cd61c8eb-7d44-5a6c-be89-e97b8161b610-sql,2f4fcdf7-9fcc-5623-b377-658b124e65ba-sql;0975f712-4c74-5187-b542-54f304f1d17a-sql;d160bcf2-8920-5c1d-8868-c0e72207bbd8-sql;cd61c8eb-7d44-5a6c-be89-e97b8161b610-sql;758e649c-8652-51e2-a62a-350b8be14bea-sql,79bc1f53-c827-5ca4-aca6-15549b2de722-sql;2f4fcdf7-9fcc-5623-b377-658b124e65ba-sql;d0feb92f-6c89-55d7-a7dd-6d584c3eb42c-sql;3658aec1-bae4-5034-9bf6-a362440e78b4-sql;8856dc7a-0389-5ac9-a680-d37120c94d49-sql
sakila,"Вывести за период с 1 июня по 31 августа 2005 года клиентов, у которых было не менее 10 платежей, указав имя и фамилию клиента, количество платежей, общую сумму, средний размер платежа и признак подозрительной активности, если общая сумма превышает 100 или средний платеж больше 7.00.",medium,11b5e5d5-552b-4127-88f1-ba0b1e7585cf,"Скрипт для формирования списка клиентов за период с 1 июня по 31 августа 2005 года с подсчётом количества платежей, общей и средней суммы, а также признаком подозрительной активности при превышении порогов по сумме или среднему платежу.","Скрипт для формирования списка клиентов за период с 1 июня по 31 августа 2005 года, у которых было не менее 10 платежей, с расчетом имени и фамилии клиента, количества платежей, общей суммы, среднего размера платежа и признака подозрительной активности при превышении общей суммы 100 или среднего платежа 7.00.","Скрипт для формирования списка клиентов, совершивших в период с 1 июня по 31 августа 2005 года не менее 10 платежей, с выводом имени и фамилии клиента, количества платежей, общей суммы и среднего размера платежа, а также с вычислением признака подозрительной активности, если суммарные платежи превышают 100 или средний платеж больше 7.00.","Скрипт для выявления клиентов с не менее 15 платежами за период с 1 июня по 31 августа 2005 года, с отображением суммы, среднего платежа и маркером «приоритетный» при общей сумме более 150 или среднем больше 10.","Выявить за второй квартал 2005 года клиентов, осуществивших не менее 12 транзакций, с расчётом их общего количества, суммарного оборота и среднего чека, и присвоить статус «повышенный риск» тем, у кого общая сумма превышает 200 или средний платёж оказывается выше 9,50.","Отобрать за период с 1 мая по 31 июля 2005 года клиентов, у которых количество платежей превышает 8. Для каждого вывести имя и фамилию, количество платежей, общую сумму платежей, средний размер платежа и категорию «частый клиент», если общая сумма больше 150 или средний платеж больше 6.50.",2,3658aec1-bae4-5034-9bf6-a362440e78b4-sql,79bc1f53-c827-5ca4-aca6-15549b2de722-sql;602c68ae-1d5e-5f40-aa55-c32062bb6fb5-sql;758e649c-8652-51e2-a62a-350b8be14bea-sql;dec689aa-ffa9-52a9-bb0f-fefa021b9cb2-sql;3658aec1-bae4-5034-9bf6-a362440e78b4-sql,dec689aa-ffa9-52a9-bb0f-fefa021b9cb2-sql;d160bcf2-8920-5c1d-8868-c0e72207bbd8-sql;d0feb92f-6c89-55d7-a7dd-6d584c3eb42c-sql;758e649c-8652-51e2-a62a-350b8be14bea-sql;0975f712-4c74-5187-b542-54f304f1d17a-sql,79bc1f53-c827-5ca4-aca6-15549b2de722-sql;2f4fcdf7-9fcc-5623-b377-658b124e65ba-sql;758e649c-8652-51e2-a62a-350b8be14bea-sql;602c68ae-1d5e-5f40-aa55-c32062bb6fb5-sql;3116dc2d-18e5-5677-8f49-27ebe4953dcd-sql
sakila,"Найти клиентов, у которых за июль 2005 года было более 5 платежей, рассчитать общую сумму и средний размер платежа по каждому клиенту, а также пометить как подозрительных тех, у кого хотя бы один платеж превышал 8 долларов.",medium,b525e602-bf1c-4e4c-8265-4744cdce04d1,"Скрипт для формирования списка клиентов с более чем 5 платежами за июль 2005 года, расчёта общей и средней суммы платежей по каждому клиенту и отметки клиентов с хотя бы одним платежом свыше 8 долларов как подозрительных","Скрипт для формирования списка клиентов с повышенной платежной активностью за июль 2005 года, с расчетом общего и среднего размера платежей по каждому клиенту и выделением подозрительных случаев, если хотя бы один из платежей превышал 8 долларов.","Скрипт для формирования списка клиентов, у которых за июль 2005 года было более 5 платежей, с расчетом по каждому клиенту общей суммы и среднего размера платежа, а также с признаком подозрительности для клиентов, у которых хотя бы один платеж превышал 8 долларов; результат следует сгруппировать по клиенту и упорядочить по числу платежей и итоговым суммам.","Скрипт для отбора клиентов, у которых в августе 2005 года было более 3 платежей, с расчётом суммарной и средней суммы платежа и пометкой тех, кто хотя бы раз платил более 9 долларов.","Обеспечить контроль за клиентами с аномальной активностью: по данным за июль 2005 года определить клиентов, у которых число платежей превышает 5, вычислить совокупную сумму и средний размер транзакции, а также присвоить статус 'требует проверки' тем, у кого зафиксирован хотя бы один платеж на сумму более 8 долларов.","Определить клиентов, совершивших не менее 4 платежей в июне 2005 года, вычислить для каждого общую сумму и средний размер платежа, а также выделить тех, у кого хотя бы один платеж был меньше 2 долларов.",0,2f4fcdf7-9fcc-5623-b377-658b124e65ba-sql,267841bd-e996-5f10-8ef2-c7cd52f9eb41-sql;3116dc2d-18e5-5677-8f49-27ebe4953dcd-sql;2f4fcdf7-9fcc-5623-b377-658b124e65ba-sql;d0feb92f-6c89-55d7-a7dd-6d584c3eb42c-sql;79bc1f53-c827-5ca4-aca6-15549b2de722-sql,2f4fcdf7-9fcc-5623-b377-658b124e65ba-sql;a89aea53-a231-5743-b3c7-2e203554906f-sql;758e649c-8652-51e2-a62a-350b8be14bea-sql;0975f712-4c74-5187-b542-54f304f1d17a-sql;7f8cffa6-06bb-5247-be82-896c69752bbe-sql,2f4fcdf7-9fcc-5623-b377-658b124e65ba-sql;758e649c-8652-51e2-a62a-350b8be14bea-sql;79bc1f53-c827-5ca4-aca6-15549b2de722-sql;e953e356-787b-5fc9-9aaf-f3b74cc80e4a-sql;8856dc7a-0389-5ac9-a680-d37120c94d49-sql
sakila,"Найти клиентов, у которых за июль 2005 года было более 5 платежей, рассчитать общую сумму и средний размер платежа по каждому клиенту, а также пометить как подозрительных тех, у кого хотя бы один платеж превышал 8 долларов.",medium,b525e602-bf1c-4e4c-8265-4744cdce04d1,"Скрипт для формирования списка клиентов с более чем 5 платежами за июль 2005 года, расчёта общей и средней суммы платежей по каждому клиенту и отметки клиентов с хотя бы одним платежом свыше 8 долларов как подозрительных","Скрипт для формирования списка клиентов с повышенной платежной активностью за июль 2005 года, с расчетом общего и среднего размера платежей по каждому клиенту и выделением подозрительных случаев, если хотя бы один из платежей превышал 8 долларов.","Скрипт для формирования списка клиентов, у которых за июль 2005 года было более 5 платежей, с расчетом по каждому клиенту общей суммы и среднего размера платежа, а также с признаком подозрительности для клиентов, у которых хотя бы один платеж превышал 8 долларов; результат следует сгруппировать по клиенту и упорядочить по числу платежей и итоговым суммам.","Скрипт для отбора клиентов, у которых за август 2005 года было более 3 платежей, с расчётом общей суммы и максимального платежа, и пометкой тех, у кого средний платеж превышает 7 долларов.","Для выявления клиентов с повышенной транзакционной активностью в августе 2005 года определить клиентов, совершивших более 8 платежей, рассчитать их совокупный и средний чек, а также пометить клиентов, у которых хотя бы один платеж превысил 10 долларов, как требующих дополнительного анализа.","Выбрать клиентов, совершивших в августе 2005 года более 10 платежей, для каждого из них вычислить общую сумму платежей, средний размер платежа и максимальный размер платежа, а также присвоить метку «высокий риск» тем клиентам, у которых хотя бы один платеж превышал 12 долларов, отсортировав результат по убыванию общей суммы.",1,2f4fcdf7-9fcc-5623-b377-658b124e65ba-sql,267841bd-e996-5f10-8ef2-c7cd52f9eb41-sql;3116dc2d-18e5-5677-8f49-27ebe4953dcd-sql;d0feb92f-6c89-55d7-a7dd-6d584c3eb42c-sql;79bc1f53-c827-5ca4-aca6-15549b2de722-sql;758e649c-8652-51e2-a62a-350b8be14bea-sql,d160bcf2-8920-5c1d-8868-c0e72207bbd8-sql;2f4fcdf7-9fcc-5623-b377-658b124e65ba-sql;cd61c8eb-7d44-5a6c-be89-e97b8161b610-sql;758e649c-8652-51e2-a62a-350b8be14bea-sql;7f8cffa6-06bb-5247-be82-896c69752bbe-sql,d0feb92f-6c89-55d7-a7dd-6d584c3eb42c-sql;2f4fcdf7-9fcc-5623-b377-658b124e65ba-sql;dec689aa-ffa9-52a9-bb0f-fefa021b9cb2-sql;758e649c-8652-51e2-a62a-350b8be14bea-sql;d160bcf2-8920-5c1d-8868-c0e72207bbd8-sql
sakila,"Найти клиентов, у которых за июль 2005 года было более 5 платежей, рассчитать общую сумму и средний размер платежа по каждому клиенту, а также пометить как подозрительных тех, у кого хотя бы один платеж превышал 8 долларов.",medium,b525e602-bf1c-4e4c-8265-4744cdce04d1,"Скрипт для формирования списка клиентов с более чем 5 платежами за июль 2005 года, расчёта общей и средней суммы платежей по каждому клиенту и отметки клиентов с хотя бы одним платежом свыше 8 долларов как подозрительных","Скрипт для формирования списка клиентов с повышенной платежной активностью за июль 2005 года, с расчетом общего и среднего размера платежей по каждому клиенту и выделением подозрительных случаев, если хотя бы один из платежей превышал 8 долларов.","Скрипт для формирования списка клиентов, у которых за июль 2005 года было более 5 платежей, с расчетом по каждому клиенту общей суммы и среднего размера платежа, а также с признаком подозрительности для клиентов, у которых хотя бы один платеж превышал 8 долларов; результат следует сгруппировать по клиенту и упорядочить по числу платежей и итоговым суммам.","Скрипт для выявления клиентов с более чем 3 платежами в июне 2005 года, вычисления общей суммы и среднего платежа по каждому, а также отметки клиентов, у которых хотя бы один платеж превышал 10 долларов.","Для анализа клиентской базы за июнь 2005 года требуется отобрать клиентов с числом платежей не менее 4, вычислить общую сумму и средний размер транзакции, а также идентифицировать тех, у кого хотя бы одна транзакция превысила 9 долларов, как требующих дополнительного мониторинга.","Определить клиентов, у которых за август 2005 года было более 4 платежей, вывести общую сумму платежей, средний платеж и индикатор 'подозрительный' (1), если хотя бы один платеж за этот месяц превышал 10 долларов, отсортировав результат по убыванию общей суммы.",2,2f4fcdf7-9fcc-5623-b377-658b124e65ba-sql,2f4fcdf7-9fcc-5623-b377-658b124e65ba-sql;79bc1f53-c827-5ca4-aca6-15549b2de722-sql;602c68ae-1d5e-5f40-aa55-c32062bb6fb5-sql;d0feb92f-6c89-55d7-a7dd-6d584c3eb42c-sql;dec689aa-ffa9-52a9-bb0f-fefa021b9cb2-sql,758e649c-8652-51e2-a62a-350b8be14bea-sql;78b4df04-9d3c-500a-819b-e1991ebd92dd-sql;79bc1f53-c827-5ca4-aca6-15549b2de722-sql;602c68ae-1d5e-5f40-aa55-c32062bb6fb5-sql;2f4fcdf7-9fcc-5623-b377-658b124e65ba-sql,2f4fcdf7-9fcc-5623-b377-658b124e65ba-sql;758e649c-8652-51e2-a62a-350b8be14bea-sql;0975f712-4c74-5187-b542-54f304f1d17a-sql;a37e8fe3-b54f-5f10-ac0b-c708ab653597-sql;d160bcf2-8920-5c1d-8868-c0e72207bbd8-sql
sakila,"Найти за июль 2005 года клиентов, у которых общая сумма платежей превысила 50, посчитать количество операций, средний и максимальный платёж, а также отдельно количество подозрительно крупных платежей больше 8, сгруппировав результаты по клиенту и магазину обслуживания.",medium,0aa0168a-a6bd-4adb-82f6-57062b28aa52,"Скрипт для расчёта по клиентам и магазинам за июль 2005 года суммарных платежей, количества операций, среднего и максимального платежа, а также числа платежей больше 8 при отборе только клиентов с общей суммой свыше 50.","Скрипт для выявления клиентов и обслуживающих магазинов в июле 2005 года, у которых совокупная сумма платежей превысила 50, с расчётом количества операций, среднего и максимального платежа, а также отдельного количества подозрительно крупных платежей свыше 8 в разрезе клиента и магазина обслуживания.","Скрипт для формирования по клиентам и магазинам обслуживания сводки платежей за июль 2005 года: отбор операций по дате платежа, расчет общей суммы, количества операций, среднего и максимального платежа, а также количества платежей с суммой больше 8, с последующим выделением только тех групп, где общая сумма превысила 50.","Найти за июнь 2005 года клиентов с общей суммой платежей свыше 40, рассчитать количество платежей, среднюю и максимальную суммы, а также количество платежей больше 9, сгруппировав по клиенту и магазину.","Для мониторинга клиентской активности в августе 2005 года требуется выделить клиентов, чья общая сумма платежей превысила 70, рассчитать для каждого клиента и его обслуживающего магазина количество операций, средний и максимальный платеж, а также количество транзакций с суммой более 10.","За август 2005 года определить клиентов, у которых общая сумма платежей превысила 40, вывести количество платежей, среднюю и минимальную сумму, а также количество платежей, совершённых в субботу или воскресенье, с группировкой по клиенту и магазину.",0,3116dc2d-18e5-5677-8f49-27ebe4953dcd-sql,602c68ae-1d5e-5f40-aa55-c32062bb6fb5-sql;79bc1f53-c827-5ca4-aca6-15549b2de722-sql;e953e356-787b-5fc9-9aaf-f3b74cc80e4a-sql;78b4df04-9d3c-500a-819b-e1991ebd92dd-sql;31e16f9a-eed8-51f5-b4a8-597df678d268-sql,cd61c8eb-7d44-5a6c-be89-e97b8161b610-sql;d160bcf2-8920-5c1d-8868-c0e72207bbd8-sql;3116dc2d-18e5-5677-8f49-27ebe4953dcd-sql;7f8cffa6-06bb-5247-be82-896c69752bbe-sql;78b4df04-9d3c-500a-819b-e1991ebd92dd-sql,3116dc2d-18e5-5677-8f49-27ebe4953dcd-sql;267841bd-e996-5f10-8ef2-c7cd52f9eb41-sql;79bc1f53-c827-5ca4-aca6-15549b2de722-sql;602c68ae-1d5e-5f40-aa55-c32062bb6fb5-sql;78b4df04-9d3c-500a-819b-e1991ebd92dd-sql
sakila,"Найти за июль 2005 года клиентов, у которых общая сумма платежей превысила 50, посчитать количество операций, средний и максимальный платёж, а также отдельно количество подозрительно крупных платежей больше 8, сгруппировав результаты по клиенту и магазину обслуживания.",medium,0aa0168a-a6bd-4adb-82f6-57062b28aa52,"Скрипт для расчёта по клиентам и магазинам за июль 2005 года суммарных платежей, количества операций, среднего и максимального платежа, а также числа платежей больше 8 при отборе только клиентов с общей суммой свыше 50.","Скрипт для выявления клиентов и обслуживающих магазинов в июле 2005 года, у которых совокупная сумма платежей превысила 50, с расчётом количества операций, среднего и максимального платежа, а также отдельного количества подозрительно крупных платежей свыше 8 в разрезе клиента и магазина обслуживания.","Скрипт для формирования по клиентам и магазинам обслуживания сводки платежей за июль 2005 года: отбор операций по дате платежа, расчет общей суммы, количества операций, среднего и максимального платежа, а также количества платежей с суммой больше 8, с последующим выделением только тех групп, где общая сумма превысила 50.","Скрипт для анализа платежей за май 2005 года: вывести клиентов с суммой платежей более 30, количество платежей, средний и максимальный платёж, а также количество платежей больше 6, сгруппировав по клиенту и магазину.","Скрипт выполняет анализ клиентских платежей за август 2005 года, выделяя клиентов с общей суммой транзакций более 100, и для каждого такого клиента в разрезе магазина вычисляет: количество платежей, среднюю и максимальную сумму, а также количество мелких платежей (менее 5).","За август 2005 года найти клиентов, общая сумма платежей которых превысила 40, вычислить количество операций, средний и максимальный платёж, а также отдельно посчитать количество платежей, превышающих 10, сгруппировав результаты по клиенту и магазину обслуживания.",1,3116dc2d-18e5-5677-8f49-27ebe4953dcd-sql,79bc1f53-c827-5ca4-aca6-15549b2de722-sql;602c68ae-1d5e-5f40-aa55-c32062bb6fb5-sql;758e649c-8652-51e2-a62a-350b8be14bea-sql;5259df29-82da-5d5f-99fd-a8b1042e7cbd-sql;aa228506-8c73-5dfa-82d6-658e4747cef5-sql,3116dc2d-18e5-5677-8f49-27ebe4953dcd-sql;78b4df04-9d3c-500a-819b-e1991ebd92dd-sql;79bc1f53-c827-5ca4-aca6-15549b2de722-sql;602c68ae-1d5e-5f40-aa55-c32062bb6fb5-sql;8856dc7a-0389-5ac9-a680-d37120c94d49-sql,3116dc2d-18e5-5677-8f49-27ebe4953dcd-sql;78b4df04-9d3c-500a-819b-e1991ebd92dd-sql;d160bcf2-8920-5c1d-8868-c0e72207bbd8-sql;602c68ae-1d5e-5f40-aa55-c32062bb6fb5-sql;79bc1f53-c827-5ca4-aca6-15549b2de722-sql
sakila,"Найти за июль 2005 года клиентов, у которых общая сумма платежей превысила 50, посчитать количество операций, средний и максимальный платёж, а также отдельно количество подозрительно крупных платежей больше 8, сгруппировав результаты по клиенту и магазину обслуживания.",medium,0aa0168a-a6bd-4adb-82f6-57062b28aa52,"Скрипт для расчёта по клиентам и магазинам за июль 2005 года суммарных платежей, количества операций, среднего и максимального платежа, а также числа платежей больше 8 при отборе только клиентов с общей суммой свыше 50.","Скрипт для выявления клиентов и обслуживающих магазинов в июле 2005 года, у которых совокупная сумма платежей превысила 50, с расчётом количества операций, среднего и максимального платежа, а также отдельного количества подозрительно крупных платежей свыше 8 в разрезе клиента и магазина обслуживания.","Скрипт для формирования по клиентам и магазинам обслуживания сводки платежей за июль 2005 года: отбор операций по дате платежа, расчет общей суммы, количества операций, среднего и максимального платежа, а также количества платежей с суммой больше 8, с последующим выделением только тех групп, где общая сумма превысила 50.","Скрипт для поиска за август 2005 года клиентов с общей суммой платежей более 30, с подсчетом количества операций, средней суммы, максимального платежа и количества платежей свыше 10, сгруппированных по клиенту и магазину.","Оценить за август 2005 года клиентов, чья совокупная выручка превысила 60, для каждого из них и магазина, в котором они обслуживаются, вычислить количество совершённых платежей, среднюю сумму операции, максимальный платёж, а также количество транзакций с суммой более 10.","Для платежей, совершённых в августе 2005 года, отобрать клиентов, у которых общая сумма платежей превысила 75. Сгруппировать результаты по клиенту и магазину, к которому приписан клиент, и для каждой группы вычислить количество платежей, среднюю сумму платежа, максимальную сумму платежа, а также количество платежей с суммой больше 12.",2,3116dc2d-18e5-5677-8f49-27ebe4953dcd-sql,3116dc2d-18e5-5677-8f49-27ebe4953dcd-sql;602c68ae-1d5e-5f40-aa55-c32062bb6fb5-sql;78b4df04-9d3c-500a-819b-e1991ebd92dd-sql;79bc1f53-c827-5ca4-aca6-15549b2de722-sql;267841bd-e996-5f10-8ef2-c7cd52f9eb41-sql,3116dc2d-18e5-5677-8f49-27ebe4953dcd-sql;78b4df04-9d3c-500a-819b-e1991ebd92dd-sql;d160bcf2-8920-5c1d-8868-c0e72207bbd8-sql;cd61c8eb-7d44-5a6c-be89-e97b8161b610-sql;267841bd-e996-5f10-8ef2-c7cd52f9eb41-sql,3116dc2d-18e5-5677-8f49-27ebe4953dcd-sql;79bc1f53-c827-5ca4-aca6-15549b2de722-sql;267841bd-e996-5f10-8ef2-c7cd52f9eb41-sql;758e649c-8652-51e2-a62a-350b8be14bea-sql;602c68ae-1d5e-5f40-aa55-c32062bb6fb5-sql
sakila,"Выявить клиентов, у которых за июнь 2005 года было более 10 платежей или общая сумма платежей превысила 50, с указанием имени и фамилии клиента, количества платежей, общей суммы, средней суммы платежа и признака риска по превышению порога.",medium,5381bbdd-763b-4f3e-a170-f4f1709f52d7,"Скрипт для формирования списка клиентов с более чем 10 платежами или общей суммой платежей свыше 50 за июнь 2005 года с расчетом количества, общей и средней суммы платежей и признаком риска по превышению порога.","Скрипт для формирования списка клиентов с повышенной платежной активностью за июнь 2005 года, с расчетом количества платежей, общей и средней суммы платежей, а также признака риска при превышении порогов по числу операций или сумме транзакций.","Скрипт для формирования списка клиентов, у которых в июне 2005 года количество платежей превысило 10 или суммарная сумма платежей была больше 50, с расчетом имени и фамилии клиента, числа платежей, общей суммы, средней суммы платежа и признака превышения порогового значения риска.","Скрипт для отбора клиентов, у которых в апреле 2006 года количество платежей составило 8 или более, а общая сумма превысила 40, с выводом имени, фамилии, числа платежей, общей суммы и среднего размера платежа.","Отчёт по выявлению клиентов с повышенной транзакционной активностью за июль 2005 года: клиенты, совершившие более 8 платежей или оплатившие в сумме более 70 долларов. Для отобранных клиентов указать имя, фамилию, число транзакций, общую сумму, средний чек и статус «повышенный риск» при выполнении любого из условий.","Отобрать клиентов, совершивших за май 2005 года не менее 8 платежей или общая сумма которых превысила 40, вывести их полное имя, количество оплат, общую сумму, среднюю сумму платежа и пометить, превышен ли хотя бы один из порогов.",0,dec689aa-ffa9-52a9-bb0f-fefa021b9cb2-sql,79bc1f53-c827-5ca4-aca6-15549b2de722-sql;758e649c-8652-51e2-a62a-350b8be14bea-sql;3116dc2d-18e5-5677-8f49-27ebe4953dcd-sql;267841bd-e996-5f10-8ef2-c7cd52f9eb41-sql;602c68ae-1d5e-5f40-aa55-c32062bb6fb5-sql,267841bd-e996-5f10-8ef2-c7cd52f9eb41-sql;cd61c8eb-7d44-5a6c-be89-e97b8161b610-sql;d160bcf2-8920-5c1d-8868-c0e72207bbd8-sql;758e649c-8652-51e2-a62a-350b8be14bea-sql;3116dc2d-18e5-5677-8f49-27ebe4953dcd-sql,79bc1f53-c827-5ca4-aca6-15549b2de722-sql;758e649c-8652-51e2-a62a-350b8be14bea-sql;dec689aa-ffa9-52a9-bb0f-fefa021b9cb2-sql;602c68ae-1d5e-5f40-aa55-c32062bb6fb5-sql;2f4fcdf7-9fcc-5623-b377-658b124e65ba-sql
sakila,"Выявить клиентов, у которых за июнь 2005 года было более 10 платежей или общая сумма платежей превысила 50, с указанием имени и фамилии клиента, количества платежей, общей суммы, средней суммы платежа и признака риска по превышению порога.",medium,5381bbdd-763b-4f3e-a170-f4f1709f52d7,"Скрипт для формирования списка клиентов с более чем 10 платежами или общей суммой платежей свыше 50 за июнь 2005 года с расчетом количества, общей и средней суммы платежей и признаком риска по превышению порога.","Скрипт для формирования списка клиентов с повышенной платежной активностью за июнь 2005 года, с расчетом количества платежей, общей и средней суммы платежей, а также признака риска при превышении порогов по числу операций или сумме транзакций.","Скрипт для формирования списка клиентов, у которых в июне 2005 года количество платежей превысило 10 или суммарная сумма платежей была больше 50, с расчетом имени и фамилии клиента, числа платежей, общей суммы, средней суммы платежа и признака превышения порогового значения риска.","Скрипт для выявления клиентов, совершивших в мае 2005 года более 5 платежей или с общей суммой платежей свыше 100, с выводом имени, фамилии, количества платежей, общей суммы, среднего платежа и признака превышения порога.","Для целей операционного мониторинга клиентской активности за июнь 2005 года необходимо определить клиентов, у которых количество платежей превысило 8 или общая сумма платежей превысила 70. В отчете по каждому такому клиенту указать имя, фамилию, число платежей, общую сумму, среднюю сумму платежа и пометить их как «группа повышенного внимания».","Отобрать клиентов, у которых в мае 2005 года количество платежей превысило 6 или общая сумма платежей больше 40. Для каждого такого клиента вывести имя, фамилию, число платежей, сумму всех платежей, среднюю сумму платежа, а также вычислить поле «статус риска», присваивая ему значение «высокий» при общей сумме свыше 100, иначе «низкий».",1,dec689aa-ffa9-52a9-bb0f-fefa021b9cb2-sql,79bc1f53-c827-5ca4-aca6-15549b2de722-sql;dec689aa-ffa9-52a9-bb0f-fefa021b9cb2-sql;758e649c-8652-51e2-a62a-350b8be14bea-sql;3658aec1-bae4-5034-9bf6-a362440e78b4-sql;602c68ae-1d5e-5f40-aa55-c32062bb6fb5-sql,758e649c-8652-51e2-a62a-350b8be14bea-sql;d160bcf2-8920-5c1d-8868-c0e72207bbd8-sql;79bc1f53-c827-5ca4-aca6-15549b2de722-sql;cd61c8eb-7d44-5a6c-be89-e97b8161b610-sql;267841bd-e996-5f10-8ef2-c7cd52f9eb41-sql,79bc1f53-c827-5ca4-aca6-15549b2de722-sql;dec689aa-ffa9-52a9-bb0f-fefa021b9cb2-sql;d0feb92f-6c89-55d7-a7dd-6d584c3eb42c-sql;758e649c-8652-51e2-a62a-350b8be14bea-sql;2f4fcdf7-9fcc-5623-b377-658b124e65ba-sql
sakila,"Выявить клиентов, у которых за июнь 2005 года было более 10 платежей или общая сумма платежей превысила 50, с указанием имени и фамилии клиента, количества платежей, общей суммы, средней суммы платежа и признака риска по превышению порога.",medium,5381bbdd-763b-4f3e-a170-f4f1709f52d7,"Скрипт для формирования списка клиентов с более чем 10 платежами или общей суммой платежей свыше 50 за июнь 2005 года с расчетом количества, общей и средней суммы платежей и признаком риска по превышению порога.","Скрипт для формирования списка клиентов с повышенной платежной активностью за июнь 2005 года, с расчетом количества платежей, общей и средней суммы платежей, а также признака риска при превышении порогов по числу операций или сумме транзакций.","Скрипт для формирования списка клиентов, у которых в июне 2005 года количество платежей превысило 10 или суммарная сумма платежей была больше 50, с расчетом имени и фамилии клиента, числа платежей, общей суммы, средней суммы платежа и признака превышения порогового значения риска.","Скрипт для выявления клиентов, у которых в мае 2005 года было более 5 платежей или общая сумма платежей превысила 30, с указанием имени, фамилии, количества платежей, общей суммы, среднего платежа и категории риска.","Определить клиентов, у которых за январь 2006 года было выполнено более 20 платежей или суммарный объем транзакций превысил 100 долларов. Для каждого такого клиента вывести имя, фамилию, количество платежей, общую сумму, средний размер платежа и флаг высокого риска.","Из таблиц клиентов и платежей отобрать клиентов, совершивших в июле 2005 года не менее 6 платежей на общую сумму свыше 60. Сгруппировать по клиенту, вывести имя и фамилию, количество платежей, общую сумму, минимальную сумму платежа, максимальную сумму платежа. Добавить вычисляемый столбец «активный плательщик», принимающий значение 1, если общая сумма больше 100, иначе 0. Результат отсортировать по убыванию количества платежей.",2,dec689aa-ffa9-52a9-bb0f-fefa021b9cb2-sql,79bc1f53-c827-5ca4-aca6-15549b2de722-sql;dec689aa-ffa9-52a9-bb0f-fefa021b9cb2-sql;758e649c-8652-51e2-a62a-350b8be14bea-sql;d0feb92f-6c89-55d7-a7dd-6d584c3eb42c-sql;602c68ae-1d5e-5f40-aa55-c32062bb6fb5-sql,79bc1f53-c827-5ca4-aca6-15549b2de722-sql;758e649c-8652-51e2-a62a-350b8be14bea-sql;d160bcf2-8920-5c1d-8868-c0e72207bbd8-sql;d0feb92f-6c89-55d7-a7dd-6d584c3eb42c-sql;2f4fcdf7-9fcc-5623-b377-658b124e65ba-sql,8856dc7a-0389-5ac9-a680-d37120c94d49-sql;267841bd-e996-5f10-8ef2-c7cd52f9eb41-sql;cd61c8eb-7d44-5a6c-be89-e97b8161b610-sql;79bc1f53-c827-5ca4-aca6-15549b2de722-sql;3116dc2d-18e5-5677-8f49-27ebe4953dcd-sql
sakila,"Сформировать список клиентов, которые в июле 2005 года совершили через одного и того же сотрудника не менее 5 платежей, показав ФИО клиента, ФИО сотрудника, количество платежей, общую сумму и признак повышенного внимания, если сумма превышает 50.",medium,b73083af-3930-4f0b-8391-beec9292265e,"Скрипт для формирования списка клиентов, совершивших в июле 2005 года через одного и того же сотрудника не менее 5 платежей, с указанием ФИО клиента, ФИО сотрудника, количества платежей, общей суммы и признака повышенного внимания при сумме свыше 50.","Скрипт для формирования списка клиентов, которые в июле 2005 года совершили через одного и того же сотрудника не менее 5 платежей, с расчетом количества операций, общей суммы по каждому клиенту и сотруднику, а также признака повышенного внимания при сумме свыше 50.","Скрипт для формирования списка клиентов, которые в июле 2005 года совершили через одного и того же сотрудника не менее 5 платежей, с выводом ФИО клиента, ФИО сотрудника, количества платежей, общей суммы платежей и признака повышенного внимания для случаев, когда суммарная сумма превышает 50.","Скрипт для выявления клиентов, совершивших более 3 платежей в августе 2005 года через одного сотрудника, с отображением общего количества и средней суммы платежа, а также пометкой VIP-клиента при общей сумме свыше 100.","Аналитический скрипт предназначен для выявления клиентов, которые в июне 2005 года произвели не менее 4 платежей через одного и того же сотрудника, и для каждого такого клиента рассчитывается общая сумма платежей, а также формируется признак «приоритетный клиент» в случае превышения суммы в 60.","Выявить клиентов, которые в течение августа 2005 года оформили не менее 3 платежей через одного сотрудника. Включить в результат полные имена клиента и сотрудника, число платежей, сумму всех платежей, а также дополнительное поле «контрольная метка», устанавливаемое в значение «да» в случае, если средняя сумма платежа превышает 15.",0,60e68728-8fc7-59ce-a4f9-89a39c06fb9d-sql,60e68728-8fc7-59ce-a4f9-89a39c06fb9d-sql;79bc1f53-c827-5ca4-aca6-15549b2de722-sql;602c68ae-1d5e-5f40-aa55-c32062bb6fb5-sql;2f4fcdf7-9fcc-5623-b377-658b124e65ba-sql;3658aec1-bae4-5034-9bf6-a362440e78b4-sql,60e68728-8fc7-59ce-a4f9-89a39c06fb9d-sql;758e649c-8652-51e2-a62a-350b8be14bea-sql;602c68ae-1d5e-5f40-aa55-c32062bb6fb5-sql;2f4fcdf7-9fcc-5623-b377-658b124e65ba-sql;7f8cffa6-06bb-5247-be82-896c69752bbe-sql,2f4fcdf7-9fcc-5623-b377-658b124e65ba-sql;602c68ae-1d5e-5f40-aa55-c32062bb6fb5-sql;78b4df04-9d3c-500a-819b-e1991ebd92dd-sql;60e68728-8fc7-59ce-a4f9-89a39c06fb9d-sql;d0feb92f-6c89-55d7-a7dd-6d584c3eb42c-sql
sakila,"Сформировать список клиентов, которые в июле 2005 года совершили через одного и того же сотрудника не менее 5 платежей, показав ФИО клиента, ФИО сотрудника, количество платежей, общую сумму и признак повышенного внимания, если сумма превышает 50.",medium,b73083af-3930-4f0b-8391-beec9292265e,"Скрипт для формирования списка клиентов, совершивших в июле 2005 года через одного и того же сотрудника не менее 5 платежей, с указанием ФИО клиента, ФИО сотрудника, количества платежей, общей суммы и признака повышенного внимания при сумме свыше 50.","Скрипт для формирования списка клиентов, которые в июле 2005 года совершили через одного и того же сотрудника не менее 5 платежей, с расчетом количества операций, общей суммы по каждому клиенту и сотруднику, а также признака повышенного внимания при сумме свыше 50.","Скрипт для формирования списка клиентов, которые в июле 2005 года совершили через одного и того же сотрудника не менее 5 платежей, с выводом ФИО клиента, ФИО сотрудника, количества платежей, общей суммы платежей и признака повышенного внимания для случаев, когда суммарная сумма превышает 50.","Скрипт для отбора клиентов, сделавших не менее 3 платежей одному и тому же сотруднику в августе 2005 года, с выводом имени и фамилии клиента и сотрудника, числа платежей, общей суммы и флага лояльности при превышении 30.","Для мониторинга лояльности клиентов требуется получить перечень клиентов, которые в августе 2005 года осуществили не менее 4 платежей через одного и того же кассира, с подсчетом количества транзакций, общей суммы и пометкой «Premium» если общая сумма превышает 60.","Отобрать клиентов, совершивших в мае 2005 года не менее 4 платежей у одного и того же сотрудника, сгруппировав данные по идентификатору клиента и идентификатору сотрудника, рассчитав количество транзакций и общую сумму, а также добавив вычисляемое поле «high_value» со значением 'Y', если общая сумма превышает 40, иначе 'N', и отсортировать результат по общей сумме по убыванию.",1,60e68728-8fc7-59ce-a4f9-89a39c06fb9d-sql,60e68728-8fc7-59ce-a4f9-89a39c06fb9d-sql;3116dc2d-18e5-5677-8f49-27ebe4953dcd-sql;79bc1f53-c827-5ca4-aca6-15549b2de722-sql;758e649c-8652-51e2-a62a-350b8be14bea-sql;602c68ae-1d5e-5f40-aa55-c32062bb6fb5-sql,60e68728-8fc7-59ce-a4f9-89a39c06fb9d-sql;78b4df04-9d3c-500a-819b-e1991ebd92dd-sql;758e649c-8652-51e2-a62a-350b8be14bea-sql;602c68ae-1d5e-5f40-aa55-c32062bb6fb5-sql;f0beccbb-786e-544c-819d-1a939769636d-sql,78b4df04-9d3c-500a-819b-e1991ebd92dd-sql;602c68ae-1d5e-5f40-aa55-c32062bb6fb5-sql;758e649c-8652-51e2-a62a-350b8be14bea-sql;d160bcf2-8920-5c1d-8868-c0e72207bbd8-sql;5259df29-82da-5d5f-99fd-a8b1042e7cbd-sql
sakila,"Сформировать список клиентов, которые в июле 2005 года совершили через одного и того же сотрудника не менее 5 платежей, показав ФИО клиента, ФИО сотрудника, количество платежей, общую сумму и признак повышенного внимания, если сумма превышает 50.",medium,b73083af-3930-4f0b-8391-beec9292265e,"Скрипт для формирования списка клиентов, совершивших в июле 2005 года через одного и того же сотрудника не менее 5 платежей, с указанием ФИО клиента, ФИО сотрудника, количества платежей, общей суммы и признака повышенного внимания при сумме свыше 50.","Скрипт для формирования списка клиентов, которые в июле 2005 года совершили через одного и того же сотрудника не менее 5 платежей, с расчетом количества операций, общей суммы по каждому клиенту и сотруднику, а также признака повышенного внимания при сумме свыше 50.","Скрипт для формирования списка клиентов, которые в июле 2005 года совершили через одного и того же сотрудника не менее 5 платежей, с выводом ФИО клиента, ФИО сотрудника, количества платежей, общей суммы платежей и признака повышенного внимания для случаев, когда суммарная сумма превышает 50.","Скрипт для формирования списка клиентов, совершивших не менее 3 платежей через одного сотрудника в августе 2005 года, с выводом ФИО клиента, ФИО сотрудника, числа платежей и общей суммы, а также отметки «VIP» при сумме более 75.","Сформировать перечень клиентов, которые в августе 2005 года произвели не менее 3 платежей через одного сотрудника, с выводом полного имени клиента, полного имени сотрудника, количества платежей, итоговой суммы и метки «надёжный плательщик», если итоговая сумма превышает 70.","Отобрать клиентов, которые в августе 2005 года совершили через одного и того же сотрудника не менее трёх платежей. Для каждого такого сочетания клиента и сотрудника вывести полное имя клиента (имя и фамилия), полное имя сотрудника (имя и фамилия), количество произведённых платежей, общую сумму платежей. Дополнительно добавить вычисляемое поле «статус» со значением «Постоянный», если общая сумма превышает 30, иначе — «Обычный».",2,60e68728-8fc7-59ce-a4f9-89a39c06fb9d-sql,60e68728-8fc7-59ce-a4f9-89a39c06fb9d-sql;79bc1f53-c827-5ca4-aca6-15549b2de722-sql;602c68ae-1d5e-5f40-aa55-c32062bb6fb5-sql;a2ca386f-5b32-5dad-8e4b-2523418c4732-sql;d0feb92f-6c89-55d7-a7dd-6d584c3eb42c-sql,60e68728-8fc7-59ce-a4f9-89a39c06fb9d-sql;602c68ae-1d5e-5f40-aa55-c32062bb6fb5-sql;79bc1f53-c827-5ca4-aca6-15549b2de722-sql;78b4df04-9d3c-500a-819b-e1991ebd92dd-sql;2f4fcdf7-9fcc-5623-b377-658b124e65ba-sql,78b4df04-9d3c-500a-819b-e1991ebd92dd-sql;79bc1f53-c827-5ca4-aca6-15549b2de722-sql;602c68ae-1d5e-5f40-aa55-c32062bb6fb5-sql;758e649c-8652-51e2-a62a-350b8be14bea-sql;60e68728-8fc7-59ce-a4f9-89a39c06fb9d-sql
sakila,"Найти клиентов, у которых за июль 2005 года было не менее 10 платежей, рассчитать по каждому клиенту количество платежей, общую сумму, средний и максимальный платёж, а также отметить признак риска, если максимальный платёж превышает средний более чем в 3 раза.",medium,cd74d141-7b36-41e0-b0de-66a63292862f,"Скрипт для формирования списка клиентов с не менее чем 10 платежами за июль 2005 года, расчёта по каждому количества, общей суммы, среднего и максимального платежа и отметки риска при превышении максимального платежа более чем в 3 раза над средним.","Скрипт для формирования списка клиентов, у которых в июле 2005 года было не менее 10 платежей, с расчетом по каждому клиенту количества операций, общей суммы, среднего и максимального платежа, а также с определением признака риска при превышении максимальным платежом среднего более чем в 3 раза.","Скрипт для формирования списка клиентов с не менее чем 10 платежами за июль 2005 года, с расчётом по каждому клиенту количества платежей, общей суммы, среднего и максимального платежа, а также с вычислением признака риска, если максимальный платёж превышает средний более чем в 3 раза.","Скрипт для отбора клиентов с не менее чем 8 платежами в мае 2005 года с расчетом количества платежей, общей суммы, среднего и максимального платежа и отметкой о высоком риске, если максимальный платеж превышает средний более чем в 2.5 раза.","Выделить клиентов, совершивших не менее 8 платежей в августе 2005 года, и для каждого рассчитать общую сумму платежей, средний и максимальный платёж, маркируя как «аномального» тех, у кого максимальный платёж превышает средний более чем в 3 раза.","За период с 1 по 31 августа 2005 года отобрать клиентов, у которых общая сумма платежей превышает 50 долларов, и для каждого вывести количество платежей, среднюю сумму, максимальную сумму, а также добавить вычисляемое поле 'high_risk' равное 1, если максимальная сумма платежа более чем в два раза превышает среднюю.",0,d0feb92f-6c89-55d7-a7dd-6d584c3eb42c-sql,d0feb92f-6c89-55d7-a7dd-6d584c3eb42c-sql;dec689aa-ffa9-52a9-bb0f-fefa021b9cb2-sql;758e649c-8652-51e2-a62a-350b8be14bea-sql;267841bd-e996-5f10-8ef2-c7cd52f9eb41-sql;602c68ae-1d5e-5f40-aa55-c32062bb6fb5-sql,2f4fcdf7-9fcc-5623-b377-658b124e65ba-sql;d0feb92f-6c89-55d7-a7dd-6d584c3eb42c-sql;3658aec1-bae4-5034-9bf6-a362440e78b4-sql;79bc1f53-c827-5ca4-aca6-15549b2de722-sql;8856dc7a-0389-5ac9-a680-d37120c94d49-sql,d0feb92f-6c89-55d7-a7dd-6d584c3eb42c-sql;dec689aa-ffa9-52a9-bb0f-fefa021b9cb2-sql;2f4fcdf7-9fcc-5623-b377-658b124e65ba-sql;3658aec1-bae4-5034-9bf6-a362440e78b4-sql;758e649c-8652-51e2-a62a-350b8be14bea-sql
sakila,"Найти клиентов, у которых за июль 2005 года было не менее 10 платежей, рассчитать по каждому клиенту количество платежей, общую сумму, средний и максимальный платёж, а также отметить признак риска, если максимальный платёж превышает средний более чем в 3 раза.",medium,cd74d141-7b36-41e0-b0de-66a63292862f,"Скрипт для формирования списка клиентов с не менее чем 10 платежами за июль 2005 года, расчёта по каждому количества, общей суммы, среднего и максимального платежа и отметки риска при превышении максимального платежа более чем в 3 раза над средним.","Скрипт для формирования списка клиентов, у которых в июле 2005 года было не менее 10 платежей, с расчетом по каждому клиенту количества операций, общей суммы, среднего и максимального платежа, а также с определением признака риска при превышении максимальным платежом среднего более чем в 3 раза.","Скрипт для формирования списка клиентов с не менее чем 10 платежами за июль 2005 года, с расчётом по каждому клиенту количества платежей, общей суммы, среднего и максимального платежа, а также с вычислением признака риска, если максимальный платёж превышает средний более чем в 3 раза.","Скрипт для отбора клиентов с не менее 8 платежами за июнь 2005 года, расчёта общего числа платежей, суммы, среднего и максимального платежа, а также флага риска, если максимальный платёж превышает средний в 4 раза.","Разработать аналитический скрипт для мониторинга клиентских трат: выявить клиентов, у которых в августе 2005 года было не менее 8 платежей, и для каждого рассчитать количество платежей, общую сумму, среднюю и максимальную сумму платежа, а также присвоить метку «риск», если максимальный платёж превышает средний более чем в 3 раза.","Определить клиентов, у которых за июль 2005 года зафиксировано более 5 платежей, для каждого такого клиента рассчитать количество платежей, минимальную, максимальную и среднюю сумму платежа, а также сформировать метку 'HighVariance' в случае, если максимальный платёж превышает средний более чем в 5 раз.",1,d0feb92f-6c89-55d7-a7dd-6d584c3eb42c-sql,d0feb92f-6c89-55d7-a7dd-6d584c3eb42c-sql;dec689aa-ffa9-52a9-bb0f-fefa021b9cb2-sql;758e649c-8652-51e2-a62a-350b8be14bea-sql;3658aec1-bae4-5034-9bf6-a362440e78b4-sql;602c68ae-1d5e-5f40-aa55-c32062bb6fb5-sql,d0feb92f-6c89-55d7-a7dd-6d584c3eb42c-sql;2f4fcdf7-9fcc-5623-b377-658b124e65ba-sql;dec689aa-ffa9-52a9-bb0f-fefa021b9cb2-sql;3658aec1-bae4-5034-9bf6-a362440e78b4-sql;79bc1f53-c827-5ca4-aca6-15549b2de722-sql,d0feb92f-6c89-55d7-a7dd-6d584c3eb42c-sql;2f4fcdf7-9fcc-5623-b377-658b124e65ba-sql;0975f712-4c74-5187-b542-54f304f1d17a-sql;a89aea53-a231-5743-b3c7-2e203554906f-sql;8856dc7a-0389-5ac9-a680-d37120c94d49-sql
sakila,"Найти клиентов, у которых за июль 2005 года было не менее 10 платежей, рассчитать по каждому клиенту количество платежей, общую сумму, средний и максимальный платёж, а также отметить признак риска, если максимальный платёж превышает средний более чем в 3 раза.",medium,cd74d141-7b36-41e0-b0de-66a63292862f,"Скрипт для формирования списка клиентов с не менее чем 10 платежами за июль 2005 года, расчёта по каждому количества, общей суммы, среднего и максимального платежа и отметки риска при превышении максимального платежа более чем в 3 раза над средним.","Скрипт для формирования списка клиентов, у которых в июле 2005 года было не менее 10 платежей, с расчетом по каждому клиенту количества операций, общей суммы, среднего и максимального платежа, а также с определением признака риска при превышении максимальным платежом среднего более чем в 3 раза.","Скрипт для формирования списка клиентов с не менее чем 10 платежами за июль 2005 года, с расчётом по каждому клиенту количества платежей, общей суммы, среднего и максимального платежа, а также с вычислением признака риска, если максимальный платёж превышает средний более чем в 3 раза.","Скрипт для выявления клиентов с как минимум 12 платежами за июнь 2005 года, вычисления количества, общей суммы, среднего и максимального платежа, а также отметки тех, у кого максимальный платеж превышает средний более чем в 3 раза.","Для отдела риск-менеджмента необходимо выявить клиентов с повышенной транзакционной активностью в августе 2005 года: совершивших не менее 8 платежей. По каждому такому клиенту рассчитать количество платежей, общую сумму, средний и максимальный платёж, а также установить признак высокого риска, если максимальный платёж превышает средний в 2,5 раза и более.","Определить клиентов, у которых в августе 2005 года количество платежей превышает 8. Для каждого такого клиента вычислить общее количество платежей, сумму всех платежей, средний и максимальный платеж. Если максимальный платеж более чем в 2 раза превышает средний, присвоить признак «нестабильный плательщик».",2,d0feb92f-6c89-55d7-a7dd-6d584c3eb42c-sql,79bc1f53-c827-5ca4-aca6-15549b2de722-sql;602c68ae-1d5e-5f40-aa55-c32062bb6fb5-sql;d0feb92f-6c89-55d7-a7dd-6d584c3eb42c-sql;dec689aa-ffa9-52a9-bb0f-fefa021b9cb2-sql;758e649c-8652-51e2-a62a-350b8be14bea-sql,cd61c8eb-7d44-5a6c-be89-e97b8161b610-sql;7f8cffa6-06bb-5247-be82-896c69752bbe-sql;d0feb92f-6c89-55d7-a7dd-6d584c3eb42c-sql;d160bcf2-8920-5c1d-8868-c0e72207bbd8-sql;758e649c-8652-51e2-a62a-350b8be14bea-sql,d0feb92f-6c89-55d7-a7dd-6d584c3eb42c-sql;2f4fcdf7-9fcc-5623-b377-658b124e65ba-sql;79bc1f53-c827-5ca4-aca6-15549b2de722-sql;dec689aa-ffa9-52a9-bb0f-fefa021b9cb2-sql;602c68ae-1d5e-5f40-aa55-c32062bb6fb5-sql
sakila,"Показать клиентов, у которых за июль 2005 года было не менее 5 платежей, рассчитав общее количество операций, суммарную сумму, средний чек и долю платежей свыше 5.00, с пометкой клиента как подозрительного, если общая сумма платежей превышает 50.00 или доля крупных платежей больше 40%.",medium,aa5537b9-f5d0-410f-8cea-0ee9f9ae839d,"Скрипт для формирования списка клиентов с не менее чем 5 платежами за июль 2005 года, расчетом общего количества операций, суммарной и средней суммы, доли платежей свыше 5.00 и пометкой подозрительности при превышении общей суммы 50.00 или доли крупных платежей 40%.","Скрипт для формирования списка клиентов, у которых в июле 2005 года было не менее 5 платежей, с расчетом общего числа операций, суммарной суммы, среднего чека и доли платежей свыше 5.00, а также с пометкой подозрительного клиента при превышении общей суммы платежей 50.00 или доли крупных платежей более 40%.","Скрипт для формирования списка клиентов, у которых за июль 2005 года количество платежей не меньше 5, с расчетом общего числа операций, суммарной суммы, среднего чека и доли платежей свыше 5.00, а также с присвоением признака подозрительности при превышении общей суммы платежей 50.00 или при доле крупных платежей выше 40%.","Скрипт для поиска клиентов с как минимум 3 платежами за апрель 2005 года, с расчётом общего числа оплат, их суммы, среднего размера чека и доли транзакций стоимостью выше 10.00, с пометкой клиента как премиального, если его итоговая сумма превышает 100.00 или средний чек больше 15.00.","Определить клиентов, совершивших за август 2005 года более трёх платежей, вычислив для каждого общую сумму транзакций, средний чек, максимальный платёж и удельный вес операций выше 10.00, после чего присвоить статус «VIP-риск» в случаях, когда средний чек превышает 8.00 или максимальный платёж оказывается больше 15.00.","Вывести для каждого клиента, совершившего не менее 4 платежей в августе 2005 года, количество платежей, общую сумму всех платежей, среднюю сумму платежа и процент платежей, превышающих 8.00 долларов. Присвоить клиенту статус «требует проверки», если его средняя сумма платежа больше 12.00 или доля платежей выше 8.00 превышает 60%.",0,0975f712-4c74-5187-b542-54f304f1d17a-sql,758e649c-8652-51e2-a62a-350b8be14bea-sql;79bc1f53-c827-5ca4-aca6-15549b2de722-sql;602c68ae-1d5e-5f40-aa55-c32062bb6fb5-sql;2f4fcdf7-9fcc-5623-b377-658b124e65ba-sql;267841bd-e996-5f10-8ef2-c7cd52f9eb41-sql,d160bcf2-8920-5c1d-8868-c0e72207bbd8-sql;d0feb92f-6c89-55d7-a7dd-6d584c3eb42c-sql;cd61c8eb-7d44-5a6c-be89-e97b8161b610-sql;dec689aa-ffa9-52a9-bb0f-fefa021b9cb2-sql;2f4fcdf7-9fcc-5623-b377-658b124e65ba-sql,2f4fcdf7-9fcc-5623-b377-658b124e65ba-sql;0975f712-4c74-5187-b542-54f304f1d17a-sql;79bc1f53-c827-5ca4-aca6-15549b2de722-sql;758e649c-8652-51e2-a62a-350b8be14bea-sql;d0feb92f-6c89-55d7-a7dd-6d584c3eb42c-sql
sakila,"Показать клиентов, у которых за июль 2005 года было не менее 5 платежей, рассчитав общее количество операций, суммарную сумму, средний чек и долю платежей свыше 5.00, с пометкой клиента как подозрительного, если общая сумма платежей превышает 50.00 или доля крупных платежей больше 40%.",medium,aa5537b9-f5d0-410f-8cea-0ee9f9ae839d,"Скрипт для формирования списка клиентов с не менее чем 5 платежами за июль 2005 года, расчетом общего количества операций, суммарной и средней суммы, доли платежей свыше 5.00 и пометкой подозрительности при превышении общей суммы 50.00 или доли крупных платежей 40%.","Скрипт для формирования списка клиентов, у которых в июле 2005 года было не менее 5 платежей, с расчетом общего числа операций, суммарной суммы, среднего чека и доли платежей свыше 5.00, а также с пометкой подозрительного клиента при превышении общей суммы платежей 50.00 или доли крупных платежей более 40%.","Скрипт для формирования списка клиентов, у которых за июль 2005 года количество платежей не меньше 5, с расчетом общего числа операций, суммарной суммы, среднего чека и доли платежей свыше 5.00, а также с присвоением признака подозрительности при превышении общей суммы платежей 50.00 или при доле крупных платежей выше 40%.","Скрипт для вывода магазинов, которые за июнь 2005 года провели не менее 20 платежей, с расчетом общей суммы платежей, среднего чека, доли платежей свыше 10.00 и пометкой магазина как эффективного, если общая сумма превышает 500.00 или доля крупных платежей выше 30%.","Для отдела фрод-мониторинга сформировать отчёт по клиентам с подозрительной платёжной активностью в августе 2005 года: отобрать клиентов, совершивших не менее 3 платежей, и для каждого рассчитать общее количество операций, суммарный оборот, средний чек и долю платежей на сумму свыше 10.00. Клиентов, у которых общая сумма превышает 100.00 или доля крупных платежей больше 30%, пометить как «высокорисковые».","Выбрать клиентов, у которых за июнь 2005 года было совершено не менее 4 платежей. Для каждого такого клиента вычислить: количество платежей, суммарную сумму, среднюю сумму платежа и долю платежей на сумму более 7.00 (в процентах). Присвоить клиенту метку «подозрительный», если его общая сумма превышает 80.00 или доля крупных платежей больше 45%. Результат отсортировать по убыванию суммарной суммы.",1,0975f712-4c74-5187-b542-54f304f1d17a-sql,3116dc2d-18e5-5677-8f49-27ebe4953dcd-sql;267841bd-e996-5f10-8ef2-c7cd52f9eb41-sql;602c68ae-1d5e-5f40-aa55-c32062bb6fb5-sql;758e649c-8652-51e2-a62a-350b8be14bea-sql;7f8cffa6-06bb-5247-be82-896c69752bbe-sql,2f4fcdf7-9fcc-5623-b377-658b124e65ba-sql;0975f712-4c74-5187-b542-54f304f1d17a-sql;758e649c-8652-51e2-a62a-350b8be14bea-sql;cd61c8eb-7d44-5a6c-be89-e97b8161b610-sql;d160bcf2-8920-5c1d-8868-c0e72207bbd8-sql,2f4fcdf7-9fcc-5623-b377-658b124e65ba-sql;758e649c-8652-51e2-a62a-350b8be14bea-sql;0975f712-4c74-5187-b542-54f304f1d17a-sql;d160bcf2-8920-5c1d-8868-c0e72207bbd8-sql;3658aec1-bae4-5034-9bf6-a362440e78b4-sql
sakila,"Показать клиентов, у которых за июль 2005 года было не менее 5 платежей, рассчитав общее количество операций, суммарную сумму, средний чек и долю платежей свыше 5.00, с пометкой клиента как подозрительного, если общая сумма платежей превышает 50.00 или доля крупных платежей больше 40%.",medium,aa5537b9-f5d0-410f-8cea-0ee9f9ae839d,"Скрипт для формирования списка клиентов с не менее чем 5 платежами за июль 2005 года, расчетом общего количества операций, суммарной и средней суммы, доли платежей свыше 5.00 и пометкой подозрительности при превышении общей суммы 50.00 или доли крупных платежей 40%.","Скрипт для формирования списка клиентов, у которых в июле 2005 года было не менее 5 платежей, с расчетом общего числа операций, суммарной суммы, среднего чека и доли платежей свыше 5.00, а также с пометкой подозрительного клиента при превышении общей суммы платежей 50.00 или доли крупных платежей более 40%.","Скрипт для формирования списка клиентов, у которых за июль 2005 года количество платежей не меньше 5, с расчетом общего числа операций, суммарной суммы, среднего чека и доли платежей свыше 5.00, а также с присвоением признака подозрительности при превышении общей суммы платежей 50.00 или при доле крупных платежей выше 40%.","Показать клиентов, у которых в мае 2005 года было не менее 4 платежей, рассчитав количество операций, общую сумму, средний чек и долю платежей дороже 5.00, с пометкой «частый» при превышении общей суммы 40.00 или доли крупных платежей более 30%.","Для целей фрод-мониторинга требуется выявить клиентов с высокой транзакционной активностью за август 2005 года: совершивших не менее 7 платежей. Рассчитать для них суммарный оборот, средний размер операции и долю платежей свыше 10.00. Клиента считать рисковым, если суммарный оборот превышает 80.00 или доля крупных операций больше 30%.","Выбрать клиентов, совершивших в августе 2005 года не менее 4 платежей, и для каждого рассчитать общее количество операций, сумму всех платежей, среднюю сумму чека, а также долю платежей, превышающих 6.00. Присвоить каждому клиенту пометку «приоритетный», если его суммарные платежи превышают 40.00 или доля крупных платежей (свыше 6.00) составляет более 50%.",2,0975f712-4c74-5187-b542-54f304f1d17a-sql,d160bcf2-8920-5c1d-8868-c0e72207bbd8-sql;0975f712-4c74-5187-b542-54f304f1d17a-sql;758e649c-8652-51e2-a62a-350b8be14bea-sql;602c68ae-1d5e-5f40-aa55-c32062bb6fb5-sql;79bc1f53-c827-5ca4-aca6-15549b2de722-sql,d160bcf2-8920-5c1d-8868-c0e72207bbd8-sql;cd61c8eb-7d44-5a6c-be89-e97b8161b610-sql;7f8cffa6-06bb-5247-be82-896c69752bbe-sql;0975f712-4c74-5187-b542-54f304f1d17a-sql;758e649c-8652-51e2-a62a-350b8be14bea-sql,267841bd-e996-5f10-8ef2-c7cd52f9eb41-sql;cd61c8eb-7d44-5a6c-be89-e97b8161b610-sql;758e649c-8652-51e2-a62a-350b8be14bea-sql;2f4fcdf7-9fcc-5623-b377-658b124e65ba-sql;0975f712-4c74-5187-b542-54f304f1d17a-sql
sakila,"Показать активных клиентов, у которых за июль 2005 года было не менее 10 платежей: вывести имя и фамилию клиента, количество платежей, общую сумму, средний платёж и количество крупных платежей свыше 8.00, сгруппировав данные по клиенту.",medium,ed2b2ce7-a830-486f-8b29-17ae9caecd93,"Скрипт для формирования списка активных клиентов с не менее чем 10 платежами за июль 2005 года, с расчетом количества, общей суммы, среднего платежа и числа платежей свыше 8.00 по каждому клиенту.","Скрипт для формирования списка активных клиентов с не менее чем 10 платежами за июль 2005 года, с расчетом количества платежей, общей суммы, среднего платежа и числа крупных платежей свыше 8.00 по каждому клиенту.","Скрипт для формирования списка активных клиентов с фильтрацией по платежам за июль 2005 года: для каждого клиента рассчитываются количество платежей, общая сумма, средний платёж и число платежей с суммой свыше 8.00, при этом результаты группируются по имени и фамилии клиента и отбираются только клиенты с не менее чем 10 платежами.","Скрипт для отображения клиентов, совершивших не менее 5 платежей в июне 2005 года, с выводом имени, фамилии, количества платежей, общей суммы, среднего платежа и количества платежей свыше 6.00.","Для контроля лояльности клиентов банка необходимо проанализировать платежную активность за август 2005 года: отобрать клиентов с не менее чем 8 транзакциями за месяц, рассчитать для каждого из них общую сумму платежей, средний размер, а также количество транзакций с суммой более 7.00 — полученные данные помогут выделить сегмент наиболее активных клиентов.","Вывести данные по активным клиентам, совершившим не менее 5 платежей в мае 2005 года: для каждого такого клиента отобразить имя, фамилию, общее количество платежей, суммарную величину всех платежей, средний размер платежа, а также число платежей с суммой более 5.00, сгруппировав записи по клиенту и отсортировав результат по убыванию общей суммы платежей.",0,8856dc7a-0389-5ac9-a680-d37120c94d49-sql,79bc1f53-c827-5ca4-aca6-15549b2de722-sql;602c68ae-1d5e-5f40-aa55-c32062bb6fb5-sql;78b4df04-9d3c-500a-819b-e1991ebd92dd-sql;a1217ec6-562d-5701-8578-3f2685448d1b-sql;8856dc7a-0389-5ac9-a680-d37120c94d49-sql,758e649c-8652-51e2-a62a-350b8be14bea-sql;cd61c8eb-7d44-5a6c-be89-e97b8161b610-sql;f0beccbb-786e-544c-819d-1a939769636d-sql;267841bd-e996-5f10-8ef2-c7cd52f9eb41-sql;8856dc7a-0389-5ac9-a680-d37120c94d49-sql,79bc1f53-c827-5ca4-aca6-15549b2de722-sql;8856dc7a-0389-5ac9-a680-d37120c94d49-sql;d160bcf2-8920-5c1d-8868-c0e72207bbd8-sql;267841bd-e996-5f10-8ef2-c7cd52f9eb41-sql;758e649c-8652-51e2-a62a-350b8be14bea-sql
sakila,"Показать активных клиентов, у которых за июль 2005 года было не менее 10 платежей: вывести имя и фамилию клиента, количество платежей, общую сумму, средний платёж и количество крупных платежей свыше 8.00, сгруппировав данные по клиенту.",medium,ed2b2ce7-a830-486f-8b29-17ae9caecd93,"Скрипт для формирования списка активных клиентов с не менее чем 10 платежами за июль 2005 года, с расчетом количества, общей суммы, среднего платежа и числа платежей свыше 8.00 по каждому клиенту.","Скрипт для формирования списка активных клиентов с не менее чем 10 платежами за июль 2005 года, с расчетом количества платежей, общей суммы, среднего платежа и числа крупных платежей свыше 8.00 по каждому клиенту.","Скрипт для формирования списка активных клиентов с фильтрацией по платежам за июль 2005 года: для каждого клиента рассчитываются количество платежей, общая сумма, средний платёж и число платежей с суммой свыше 8.00, при этом результаты группируются по имени и фамилии клиента и отбираются только клиенты с не менее чем 10 платежами.","Скрипт для вывода активных клиентов, у которых в июне 2005 года было не менее 5 платежей, с указанием имени, фамилии, количества платежей, общей суммы, среднего платежа и максимального платежа.","Отчёт предназначен для идентификации активных клиентов, совершивших не менее 8 платежей в июле 2005 года, с расчётом для каждого клиента общего количества транзакций, накопленной суммы, среднего размера платежа и доли транзакций на сумму свыше 10.00. Данные используются для сегментации клиентов по уровню активности и среднему чеку.","Показать для каждого активного клиента (статус активности 'Y') за первый квартал 2005 года: количество совершённых платежей, общую сумму всех платежей, максимальный размер платежа и количество платежей, сумма которых превышает 10.00. Оставить только тех клиентов, у которых общая сумма платежей за квартал больше 50.00. Результат отсортировать по убыванию общей суммы платежей.",1,8856dc7a-0389-5ac9-a680-d37120c94d49-sql,8856dc7a-0389-5ac9-a680-d37120c94d49-sql;79bc1f53-c827-5ca4-aca6-15549b2de722-sql;267841bd-e996-5f10-8ef2-c7cd52f9eb41-sql;cd61c8eb-7d44-5a6c-be89-e97b8161b610-sql;758e649c-8652-51e2-a62a-350b8be14bea-sql,cd61c8eb-7d44-5a6c-be89-e97b8161b610-sql;267841bd-e996-5f10-8ef2-c7cd52f9eb41-sql;8856dc7a-0389-5ac9-a680-d37120c94d49-sql;7f8cffa6-06bb-5247-be82-896c69752bbe-sql;a1217ec6-562d-5701-8578-3f2685448d1b-sql,267841bd-e996-5f10-8ef2-c7cd52f9eb41-sql;cd61c8eb-7d44-5a6c-be89-e97b8161b610-sql;8856dc7a-0389-5ac9-a680-d37120c94d49-sql;758e649c-8652-51e2-a62a-350b8be14bea-sql;f0beccbb-786e-544c-819d-1a939769636d-sql
sakila,"Показать активных клиентов, у которых за июль 2005 года было не менее 10 платежей: вывести имя и фамилию клиента, количество платежей, общую сумму, средний платёж и количество крупных платежей свыше 8.00, сгруппировав данные по клиенту.",medium,ed2b2ce7-a830-486f-8b29-17ae9caecd93,"Скрипт для формирования списка активных клиентов с не менее чем 10 платежами за июль 2005 года, с расчетом количества, общей суммы, среднего платежа и числа платежей свыше 8.00 по каждому клиенту.","Скрипт для формирования списка активных клиентов с не менее чем 10 платежами за июль 2005 года, с расчетом количества платежей, общей суммы, среднего платежа и числа крупных платежей свыше 8.00 по каждому клиенту.","Скрипт для формирования списка активных клиентов с фильтрацией по платежам за июль 2005 года: для каждого клиента рассчитываются количество платежей, общая сумма, средний платёж и число платежей с суммой свыше 8.00, при этом результаты группируются по имени и фамилии клиента и отбираются только клиенты с не менее чем 10 платежами.","Скрипт для получения списка активных клиентов, совершивших не менее 8 платежей в мае 2005 года, с указанием количества платежей, общей суммы, среднего платежа и числа платежей выше 7.00.","Анализ лояльности клиентов за июнь 2005 года: отобрать активных клиентов с числом платежей не менее 10, предоставить количество платежей, общую сумму, средний платеж и количество крупных платежей (более 7.00).","Получить для активных клиентов (статус активности равен 1) за период с 1 по 7 июня 2005 года: идентификатор клиента, его имя и фамилию, количество совершённых платежей, общую сумму платежей, а также процент платежей, сумма которых превышает 5,00 долларов, от общего числа платежей клиента. Результат сгруппировать по клиенту и отсортировать по убыванию общей суммы платежей.",2,8856dc7a-0389-5ac9-a680-d37120c94d49-sql,8856dc7a-0389-5ac9-a680-d37120c94d49-sql;267841bd-e996-5f10-8ef2-c7cd52f9eb41-sql;79bc1f53-c827-5ca4-aca6-15549b2de722-sql;602c68ae-1d5e-5f40-aa55-c32062bb6fb5-sql;758e649c-8652-51e2-a62a-350b8be14bea-sql,758e649c-8652-51e2-a62a-350b8be14bea-sql;267841bd-e996-5f10-8ef2-c7cd52f9eb41-sql;cd61c8eb-7d44-5a6c-be89-e97b8161b610-sql;8856dc7a-0389-5ac9-a680-d37120c94d49-sql;79bc1f53-c827-5ca4-aca6-15549b2de722-sql,267841bd-e996-5f10-8ef2-c7cd52f9eb41-sql;cd61c8eb-7d44-5a6c-be89-e97b8161b610-sql;d160bcf2-8920-5c1d-8868-c0e72207bbd8-sql;8856dc7a-0389-5ac9-a680-d37120c94d49-sql;758e649c-8652-51e2-a62a-350b8be14bea-sql
sakila,"Для каждого активного клиента за июль 2005 года рассчитать количество платежей, общую сумму операций, средний и максимальный платеж, а также число подозрительно крупных платежей свыше 8.00; вывести только клиентов, у которых общая сумма платежей превышает 50.00 или было не менее трёх крупных платежей.",medium,cfe3d5f6-d356-4008-b91f-9b593213f44d,"Скрипт для расчета по активным клиентам за июль 2005 года количества платежей, общей суммы, среднего и максимального платежа, а также числа платежей свыше 8.00 с отбором клиентов, у которых сумма превышает 50.00 или таких крупных платежей не менее трёх.","Скрипт для анализа платежной активности активных клиентов за июль 2005 года: рассчитывает количество операций, общую сумму, средний и максимальный платеж, а также число подозрительно крупных транзакций свыше 8.00 и формирует список клиентов, у которых совокупные платежи превышают 50.00 либо зафиксировано не менее трёх крупных платежей.","Скрипт для формирования списка активных клиентов с агрегированными показателями по платежам за июль 2005 года: для каждого клиента рассчитываются количество платежей, общая сумма, средний и максимальный платеж, а также число платежей с суммой выше 8.00; результат ограничивается клиентами, у которых суммарные платежи превышают 50.00 либо число крупных платежей составляет не менее трёх, с группировкой по клиенту.","Скрипт для каждого активного клиента за июнь 2005 года рассчитать количество платежей, общую сумму, средний и максимальный платёж, а также число платежей выше 5.00; вывести только клиентов, у которых общая сумма превышает 20.00 или было не менее двух крупных платежей.","Оценка вклада активных клиентов в выручку за август 2005 года: для каждого клиента агрегируются данные о количестве платежей, общей сумме, среднем и максимальном платеже, а также количество платежей свыше 9.00; отбираются клиенты с общей суммой более 70.00 или не менее чем двумя крупными платежами.","Для активных клиентов, совершавших платежи в августе 2005 года, вычислить количество платежей, общую сумму, среднее и максимальное значение платежа, а также количество платежей на сумму более 7.00; отобрать только тех клиентов, у которых общая сумма превышает 40.00 или количество крупных платежей не менее 2.",0,267841bd-e996-5f10-8ef2-c7cd52f9eb41-sql,267841bd-e996-5f10-8ef2-c7cd52f9eb41-sql;758e649c-8652-51e2-a62a-350b8be14bea-sql;8856dc7a-0389-5ac9-a680-d37120c94d49-sql;79bc1f53-c827-5ca4-aca6-15549b2de722-sql;cd61c8eb-7d44-5a6c-be89-e97b8161b610-sql,267841bd-e996-5f10-8ef2-c7cd52f9eb41-sql;cd61c8eb-7d44-5a6c-be89-e97b8161b610-sql;758e649c-8652-51e2-a62a-350b8be14bea-sql;8856dc7a-0389-5ac9-a680-d37120c94d49-sql;3116dc2d-18e5-5677-8f49-27ebe4953dcd-sql,267841bd-e996-5f10-8ef2-c7cd52f9eb41-sql;cd61c8eb-7d44-5a6c-be89-e97b8161b610-sql;758e649c-8652-51e2-a62a-350b8be14bea-sql;8856dc7a-0389-5ac9-a680-d37120c94d49-sql;3116dc2d-18e5-5677-8f49-27ebe4953dcd-sql
sakila,"Для каждого активного клиента за июль 2005 года рассчитать количество платежей, общую сумму операций, средний и максимальный платеж, а также число подозрительно крупных платежей свыше 8.00; вывести только клиентов, у которых общая сумма платежей превышает 50.00 или было не менее трёх крупных платежей.",medium,cfe3d5f6-d356-4008-b91f-9b593213f44d,"Скрипт для расчета по активным клиентам за июль 2005 года количества платежей, общей суммы, среднего и максимального платежа, а также числа платежей свыше 8.00 с отбором клиентов, у которых сумма превышает 50.00 или таких крупных платежей не менее трёх.","Скрипт для анализа платежной активности активных клиентов за июль 2005 года: рассчитывает количество операций, общую сумму, средний и максимальный платеж, а также число подозрительно крупных транзакций свыше 8.00 и формирует список клиентов, у которых совокупные платежи превышают 50.00 либо зафиксировано не менее трёх крупных платежей.","Скрипт для формирования списка активных клиентов с агрегированными показателями по платежам за июль 2005 года: для каждого клиента рассчитываются количество платежей, общая сумма, средний и максимальный платеж, а также число платежей с суммой выше 8.00; результат ограничивается клиентами, у которых суммарные платежи превышают 50.00 либо число крупных платежей составляет не менее трёх, с группировкой по клиенту.","Скрипт для выявления активных клиентов за август 2005 года, у которых общая сумма платежей превышает 100 долларов или максимальный платёж больше 20 долларов, с подсчётом количества операций и средней суммы.","Для каждого активного клиента за август 2005 года рассчитать количество совершённых платежей, сумму всех транзакций, средний и максимальный размер платежа, а также количество платежей, превышающих 10.00. Вывести только тех клиентов, у которых либо общая сумма операций больше 75.00, либо количество крупных платежей (свыше 10.00) составляет не менее двух.","Для каждого клиента из магазина 2 за август 2005 года рассчитать количество платежей, общую сумму, минимальный и средний платеж, а также количество платежей, сумма которых превышает 7.00; вывести только тех клиентов, у которых общая сумма платежей превышает 55.00 или было не менее двух крупных платежей.",1,267841bd-e996-5f10-8ef2-c7cd52f9eb41-sql,cd61c8eb-7d44-5a6c-be89-e97b8161b610-sql;267841bd-e996-5f10-8ef2-c7cd52f9eb41-sql;7f8cffa6-06bb-5247-be82-896c69752bbe-sql;8856dc7a-0389-5ac9-a680-d37120c94d49-sql;758e649c-8652-51e2-a62a-350b8be14bea-sql,267841bd-e996-5f10-8ef2-c7cd52f9eb41-sql;cd61c8eb-7d44-5a6c-be89-e97b8161b610-sql;8856dc7a-0389-5ac9-a680-d37120c94d49-sql;d160bcf2-8920-5c1d-8868-c0e72207bbd8-sql;758e649c-8652-51e2-a62a-350b8be14bea-sql,3116dc2d-18e5-5677-8f49-27ebe4953dcd-sql;267841bd-e996-5f10-8ef2-c7cd52f9eb41-sql;79bc1f53-c827-5ca4-aca6-15549b2de722-sql;2f4fcdf7-9fcc-5623-b377-658b124e65ba-sql;758e649c-8652-51e2-a62a-350b8be14bea-sql
sakila,"Для каждого активного клиента за июль 2005 года рассчитать количество платежей, общую сумму операций, средний и максимальный платеж, а также число подозрительно крупных платежей свыше 8.00; вывести только клиентов, у которых общая сумма платежей превышает 50.00 или было не менее трёх крупных платежей.",medium,cfe3d5f6-d356-4008-b91f-9b593213f44d,"Скрипт для расчета по активным клиентам за июль 2005 года количества платежей, общей суммы, среднего и максимального платежа, а также числа платежей свыше 8.00 с отбором клиентов, у которых сумма превышает 50.00 или таких крупных платежей не менее трёх.","Скрипт для анализа платежной активности активных клиентов за июль 2005 года: рассчитывает количество операций, общую сумму, средний и максимальный платеж, а также число подозрительно крупных транзакций свыше 8.00 и формирует список клиентов, у которых совокупные платежи превышают 50.00 либо зафиксировано не менее трёх крупных платежей.","Скрипт для формирования списка активных клиентов с агрегированными показателями по платежам за июль 2005 года: для каждого клиента рассчитываются количество платежей, общая сумма, средний и максимальный платеж, а также число платежей с суммой выше 8.00; результат ограничивается клиентами, у которых суммарные платежи превышают 50.00 либо число крупных платежей составляет не менее трёх, с группировкой по клиенту.","Посчитать для каждого клиента, совершившего платежи в августе 2005 года, количество платежей, общую сумму, средний и максимальный платеж, а также количество платежей свыше 7.00; вывести только тех, у кого общая сумма превышает 60.00 или было не менее двух крупных платежей.","Выявить активных клиентов за август 2005 года, у которых суммарная выручка превысила 100 долларов или было совершено более пяти крупных платежей (сумма свыше 10 долларов), с детализацией по количеству платежей, общей сумме, среднему и максимальному чеку.","Для каждого активного клиента (поле h07 равно '1') за август 2005 года рассчитать суммарную выручку от платежей, количество проведённых транзакций и минимальную сумму одного платежа; вывести только клиентов, у которых общая сумма платежей превышает 40.00 или количество платежей составляет не менее четырёх.",2,267841bd-e996-5f10-8ef2-c7cd52f9eb41-sql,267841bd-e996-5f10-8ef2-c7cd52f9eb41-sql;79bc1f53-c827-5ca4-aca6-15549b2de722-sql;2f4fcdf7-9fcc-5623-b377-658b124e65ba-sql;3116dc2d-18e5-5677-8f49-27ebe4953dcd-sql;758e649c-8652-51e2-a62a-350b8be14bea-sql,267841bd-e996-5f10-8ef2-c7cd52f9eb41-sql;cd61c8eb-7d44-5a6c-be89-e97b8161b610-sql;d160bcf2-8920-5c1d-8868-c0e72207bbd8-sql;8856dc7a-0389-5ac9-a680-d37120c94d49-sql;758e649c-8652-51e2-a62a-350b8be14bea-sql,cd61c8eb-7d44-5a6c-be89-e97b8161b610-sql;8856dc7a-0389-5ac9-a680-d37120c94d49-sql;267841bd-e996-5f10-8ef2-c7cd52f9eb41-sql;d160bcf2-8920-5c1d-8868-c0e72207bbd8-sql;758e649c-8652-51e2-a62a-350b8be14bea-sql
sakila,"Выявить за каждый месяц клиентов, у которых сумма платежей и количество операций за любые 7 последовательных дней превышают их собственные средние показатели за предыдущие 30 дней минимум в 3 раза, при этом платежи проводились более чем одним сотрудником или магазином; для таких клиентов вывести месяц, клиента, город и страну, сумму и число платежей в подозрительном 7-дневном окне, средние 30-дневные значения, количество задействованных сотрудников и магазинов, а также ранг клиента внутри месяца по величине превышения над историческим средним.",hard,311822a6-bfa2-410d-9cff-837531afebff,"Скрипт для выявления по каждому месяцу клиентов, у которых в любом 7-дневном окне сумма и число платежей минимум в 3 раза превышают их средние показатели за предыдущие 30 дней при участии более чем одного сотрудника или магазина, с выводом месяца, клиента, города, страны, агрегатов подозрительного окна, средних 30-дневных значений, числа задействованных сотрудников и магазинов и ранга клиента по величине превышения.","Скрипт для выявления клиентов с аномальной платежной активностью по месяцам: анализируются любые 7 последовательных дней, в которых сумма платежей и число операций превышают собственные средние значения клиента за предыдущие 30 дней минимум в 3 раза, при условии что платежи в таком окне проводились более чем одним сотрудником или через более чем один магазин; по каждому месяцу формируется список таких клиентов с указанием города и страны, суммарных и количественных показателей подозрительного окна, средних 30-дневных значений, числа задействованных сотрудников и магазинов, а также ранга клиента внутри месяца по величине превышения над историческим средним.","Скрипт для выявления по каждому месяцу клиентов, у которых в любом 7-дневном окне сумма платежей и число операций превышают их собственные средние значения за предыдущие 30 дней как минимум в 3 раза, при условии что платежи в этом окне выполнялись более чем одним сотрудником или через более чем один магазин; результат формируется с указанием месяца, клиента, города и страны, суммарного платежа и количества платежей в подозрительном 7-дневном интервале, средних 30-дневных значений, числа задействованных сотрудников и магазинов, а также ранга клиента внутри месяца по величине превышения над историческим средним, с упорядочиванием по месяцу и силе аномалии.","Скрипт для выявления клиентов, у которых сумма платежей за любой 5-дневный период превышает их среднюю сумму за предыдущие 30 дней не менее чем в 2 раза, при этом платежи совершены минимум двумя разными сотрудниками, с выводом месяца, данных клиента, города, страны, суммы платежей и ранга по степени превышения.","Разработать скрипт для выявления клиентов, чьи ежедневные обороты по платежам за любые 7 последовательных дней превышают их средний дневной оборот за предыдущие 30 дней более чем в 3 раза, при условии что платежи совершались минимум через двух разных сотрудников или из двух разных магазинов; для каждого месяца определить таких клиентов с указанием месяца, города проживания, страны, суммы и количества транзакций в анализируемом 7-дневном окне, их средних месячных показателей, числа задействованных сотрудников и магазинов, а также ранжировать клиентов внутри месяца по степени превышения фактических показателей над исторической нормой.","Необходимо для каждого месяца определить клиентов, для которых существует непрерывный интервал в 10 календарных дней, в течение которого сумма платежей и количество платежей превышают соответствующие средние значения за предшествующий 30-дневный период (отсчитываемый от начала интервала) не менее чем в 2.5 раза. Дополнительно в платежах данного интервала должно участвовать не менее двух различных сотрудников (поле p03 таблицы pay). Для каждого такого клиента вывести: месяц (год и месяц из p06), идентификатор клиента (h01), полное имя (h03, h04), название города (d02 из cty), название страны (c02 из cnt), общую сумму платежей за 10-дневный интервал, количество платежей в этом интервале, среднюю сумму за 30-дневный период, среднее количество платежей за 30-дневный период, количество уникальных сотрудников и магазинов (по полю n03 из inv через связь pay-ren-inv), участвовавших в платежах интервала, а также ранг клиента внутри месяца по величине абсолютного превышения суммы платежей над средним (наибольшее превышение получает ранг 1). Результат упорядочить по году и месяцу, затем по рангу.",0,297ddd3c-632b-5a12-862e-43c68a88950c-sql,297ddd3c-632b-5a12-862e-43c68a88950c-sql;04810e06-3d2c-5877-ad0e-681a0b440fe0-sql;a2ca386f-5b32-5dad-8e4b-2523418c4732-sql;3c016477-207a-5b36-8600-77ecf31a1ed7-sql;cd51bd24-0f7e-5f7f-96a3-927d7dcc56ba-sql,297ddd3c-632b-5a12-862e-43c68a88950c-sql;a2ca386f-5b32-5dad-8e4b-2523418c4732-sql;04810e06-3d2c-5877-ad0e-681a0b440fe0-sql;bc541f34-969b-561e-a311-3871325045fb-sql;cd51bd24-0f7e-5f7f-96a3-927d7dcc56ba-sql,a2ca386f-5b32-5dad-8e4b-2523418c4732-sql;04810e06-3d2c-5877-ad0e-681a0b440fe0-sql;297ddd3c-632b-5a12-862e-43c68a88950c-sql;f0beccbb-786e-544c-819d-1a939769636d-sql;cd51bd24-0f7e-5f7f-96a3-927d7dcc56ba-sql
sakila,"Выявить за каждый месяц клиентов, у которых сумма платежей и количество операций за любые 7 последовательных дней превышают их собственные средние показатели за предыдущие 30 дней минимум в 3 раза, при этом платежи проводились более чем одним сотрудником или магазином; для таких клиентов вывести месяц, клиента, город и страну, сумму и число платежей в подозрительном 7-дневном окне, средние 30-дневные значения, количество задействованных сотрудников и магазинов, а также ранг клиента внутри месяца по величине превышения над историческим средним.",hard,311822a6-bfa2-410d-9cff-837531afebff,"Скрипт для выявления по каждому месяцу клиентов, у которых в любом 7-дневном окне сумма и число платежей минимум в 3 раза превышают их средние показатели за предыдущие 30 дней при участии более чем одного сотрудника или магазина, с выводом месяца, клиента, города, страны, агрегатов подозрительного окна, средних 30-дневных значений, числа задействованных сотрудников и магазинов и ранга клиента по величине превышения.","Скрипт для выявления клиентов с аномальной платежной активностью по месяцам: анализируются любые 7 последовательных дней, в которых сумма платежей и число операций превышают собственные средние значения клиента за предыдущие 30 дней минимум в 3 раза, при условии что платежи в таком окне проводились более чем одним сотрудником или через более чем один магазин; по каждому месяцу формируется список таких клиентов с указанием города и страны, суммарных и количественных показателей подозрительного окна, средних 30-дневных значений, числа задействованных сотрудников и магазинов, а также ранга клиента внутри месяца по величине превышения над историческим средним.","Скрипт для выявления по каждому месяцу клиентов, у которых в любом 7-дневном окне сумма платежей и число операций превышают их собственные средние значения за предыдущие 30 дней как минимум в 3 раза, при условии что платежи в этом окне выполнялись более чем одним сотрудником или через более чем один магазин; результат формируется с указанием месяца, клиента, города и страны, суммарного платежа и количества платежей в подозрительном 7-дневном интервале, средних 30-дневных значений, числа задействованных сотрудников и магазинов, а также ранга клиента внутри месяца по величине превышения над историческим средним, с упорядочиванием по месяцу и силе аномалии.","Скрипт для выявления клиентов, чья сумма платежей за любые 14 последовательных дней превышает их средний показатель за предыдущие 60 дней не менее чем в 2 раза, при этом платежи проведены более чем одним сотрудником, с выводом месяца, клиента, города, страны, суммы за 14 дней, среднего за 60 дней, числа сотрудников и ранга клиента в месяце по величине превышения.","Выявить за каждый месяц клиентов, у которых за любые 14 последовательных дней сумма платежей и количество платежей превышают их собственные средние показатели за предыдущие 60 дней минимум в 2 раза, при этом платежи проводились не менее чем двумя разными сотрудниками; для таких клиентов вывести месяц, идентификатор клиента, город и страну, сумму и число платежей в аномальном 14-дневном окне, средние 60-дневные значения, количество уникальных сотрудников, а также ранг клиента внутри месяца по степени превышения над историческим средним.","Сформировать помесячный отчет о клиентах, у которых за любой непрерывный 14-дневный интервал в отчетном месяце сумма платежей и количество операций превышают соответствующие средние показатели за предшествующие 60 календарных дней не менее чем в 2,5 раза, при этом платежи за данный 14-дневный интервал были проведены более чем одним сотрудником или осуществлены в более чем одном магазине. Для каждого такого клиента в разрезе месяца определить: месяц, идентификатор и полное имя клиента, город и страну проживания, сумму платежей и количество платежей в 14-дневном окне, среднюю сумму и среднее количество платежей за предыдущие 60 дней, число уникальных сотрудников, обслуживавших платежи в окне, число задействованных магазинов, а также ранг клиента внутри месяца по величине отношения суммы платежей в 14-дневном окне к средней сумме за 60 дней (оконная функция сортировки по убыванию).",1,297ddd3c-632b-5a12-862e-43c68a88950c-sql,297ddd3c-632b-5a12-862e-43c68a88950c-sql;a2ca386f-5b32-5dad-8e4b-2523418c4732-sql;04810e06-3d2c-5877-ad0e-681a0b440fe0-sql;cd51bd24-0f7e-5f7f-96a3-927d7dcc56ba-sql;5edfbd20-52e1-53ba-a9c5-566411862a87-sql,297ddd3c-632b-5a12-862e-43c68a88950c-sql;a2ca386f-5b32-5dad-8e4b-2523418c4732-sql;04810e06-3d2c-5877-ad0e-681a0b440fe0-sql;f0beccbb-786e-544c-819d-1a939769636d-sql;bc541f34-969b-561e-a311-3871325045fb-sql,a2ca386f-5b32-5dad-8e4b-2523418c4732-sql;04810e06-3d2c-5877-ad0e-681a0b440fe0-sql;297ddd3c-632b-5a12-862e-43c68a88950c-sql;f0beccbb-786e-544c-819d-1a939769636d-sql;bc541f34-969b-561e-a311-3871325045fb-sql
sakila,"Выявить за каждый месяц клиентов, у которых сумма платежей и количество операций за любые 7 последовательных дней превышают их собственные средние показатели за предыдущие 30 дней минимум в 3 раза, при этом платежи проводились более чем одним сотрудником или магазином; для таких клиентов вывести месяц, клиента, город и страну, сумму и число платежей в подозрительном 7-дневном окне, средние 30-дневные значения, количество задействованных сотрудников и магазинов, а также ранг клиента внутри месяца по величине превышения над историческим средним.",hard,311822a6-bfa2-410d-9cff-837531afebff,"Скрипт для выявления по каждому месяцу клиентов, у которых в любом 7-дневном окне сумма и число платежей минимум в 3 раза превышают их средние показатели за предыдущие 30 дней при участии более чем одного сотрудника или магазина, с выводом месяца, клиента, города, страны, агрегатов подозрительного окна, средних 30-дневных значений, числа задействованных сотрудников и магазинов и ранга клиента по величине превышения.","Скрипт для выявления клиентов с аномальной платежной активностью по месяцам: анализируются любые 7 последовательных дней, в которых сумма платежей и число операций превышают собственные средние значения клиента за предыдущие 30 дней минимум в 3 раза, при условии что платежи в таком окне проводились более чем одним сотрудником или через более чем один магазин; по каждому месяцу формируется список таких клиентов с указанием города и страны, суммарных и количественных показателей подозрительного окна, средних 30-дневных значений, числа задействованных сотрудников и магазинов, а также ранга клиента внутри месяца по величине превышения над историческим средним.","Скрипт для выявления по каждому месяцу клиентов, у которых в любом 7-дневном окне сумма платежей и число операций превышают их собственные средние значения за предыдущие 30 дней как минимум в 3 раза, при условии что платежи в этом окне выполнялись более чем одним сотрудником или через более чем один магазин; результат формируется с указанием месяца, клиента, города и страны, суммарного платежа и количества платежей в подозрительном 7-дневном интервале, средних 30-дневных значений, числа задействованных сотрудников и магазинов, а также ранга клиента внутри месяца по величине превышения над историческим средним, с упорядочиванием по месяцу и силе аномалии.","Скрипт для выявления за каждый месяц клиентов, у которых за любые 10 последовательных дней сумма платежей и количество уникальных фильмов в аренде превышают их собственные средние за предыдущие 60 дней минимум в 2.5 раза, при этом платежи обслуживались более чем одним сотрудником или магазином, с выводом месяца, клиента, города, страны, суммы и числа фильмов в окне, средних 60-дневных значений, числа сотрудников и магазинов, а также ранга клиента по величине превышения.","Ежемесячно выявлять клиентов, у которых совокупная сумма платежей и количество транзакций за любой непрерывный 5-дневный период превышают их собственные средние значения за предыдущие 20 дней как минимум в 2,5 раза, при этом расчёты проводились через более чем один магазин или обслуживались разными сотрудниками. Для отобранных клиентов предоставить месяц, полное имя клиента, название города и страны проживания, итоговую сумму и число платежей в аномальном 5-дневном окне, средние показатели за 20-дневный базовый период, количество задействованных магазинов и сотрудников, а также ранг клиента внутри месяца по величине превышения над его личной исторической нормой.","Определить за каждый квартал клиентов, у которых количество арендованных фильмов категории 'Action' за любые 5 последовательных дней превышает их среднее количество таких аренд за предыдущие 20 дней не менее чем в 2,5 раза, при этом аренды были оформлены не менее чем двумя разными сотрудниками. Для таких клиентов вывести квартал, идентификатор клиента, его город и страну, количество аренд в пиковом 5‑дневном окне, среднее количество за предыдущие 20 дней, количество уникальных сотрудников, оформивших аренды, и ранг клиента внутри квартала по величине превышения над средним историческим уровнем.",2,297ddd3c-632b-5a12-862e-43c68a88950c-sql,297ddd3c-632b-5a12-862e-43c68a88950c-sql;3c016477-207a-5b36-8600-77ecf31a1ed7-sql;cd51bd24-0f7e-5f7f-96a3-927d7dcc56ba-sql;a2ca386f-5b32-5dad-8e4b-2523418c4732-sql;f33a80fc-7e9f-5f21-a406-97686654333d-sql,a2ca386f-5b32-5dad-8e4b-2523418c4732-sql;297ddd3c-632b-5a12-862e-43c68a88950c-sql;f0beccbb-786e-544c-819d-1a939769636d-sql;04810e06-3d2c-5877-ad0e-681a0b440fe0-sql;cd51bd24-0f7e-5f7f-96a3-927d7dcc56ba-sql,3c016477-207a-5b36-8600-77ecf31a1ed7-sql;297ddd3c-632b-5a12-862e-43c68a88950c-sql;cd51bd24-0f7e-5f7f-96a3-927d7dcc56ba-sql;f33a80fc-7e9f-5f21-a406-97686654333d-sql;f0beccbb-786e-544c-819d-1a939769636d-sql
sakila,"Выявить активных клиентов, у которых в 2005 году был хотя бы один месяц с аномальной платёжной активностью: месячная сумма платежей превышала среднюю месячную сумму этого клиента за все предыдущие месяцы минимум в 3 раза, количество платежей было выше медианного количества платежей по клиентам из той же страны за тот же месяц, а сами платежи проходили через более чем одного сотрудника или магазин; для каждого такого случая вывести клиента, страну и город, месяц, сумму и число платежей, отклонение от предыдущего среднего, число задействованных сотрудников и магазинов, а также ранг клиента по сумме платежей внутри страны за этот месяц.",hard,a9f0f651-791c-404f-a110-d29ef9cf34dd,"Скрипт для выявления активных клиентов, у которых в 2005 году был хотя бы один месяц с аномальной платёжной активностью: сумма платежей за месяц как минимум втрое превышала среднюю месячную сумму по предыдущим месяцам этого клиента, число платежей было выше медианного по клиентам той же страны за тот же месяц, а операции проходили через более чем одного сотрудника или магазин, с выводом клиента, страны и города, месяца, суммы и числа платежей, отклонения от предыдущего среднего, числа задействованных сотрудников и магазинов, а также ранга по сумме платежей внутри страны за этот месяц.","Скрипт для выявления активных клиентов, у которых в 2005 году был хотя бы один месяц с аномальной платёжной активностью: месячная сумма платежей превышала среднюю месячную сумму клиента по всем предыдущим месяцам минимум в 3 раза, количество платежей было выше медианного числа платежей по клиентам той же страны за тот же месяц, а операции выполнялись через более чем одного сотрудника или магазина; для каждого такого случая формируется набор данных по клиенту, стране и городу, месяцу, сумме и числу платежей, отклонению от предыдущего среднего, числу задействованных сотрудников и магазинов, а также рангу клиента по сумме платежей внутри страны за этот месяц.","Скрипт для выявления активных клиентов, у которых в 2005 году хотя бы в одном месяце наблюдалась аномальная платёжная активность: сумма платежей за месяц превышала как минимум в 3 раза среднюю месячную сумму этого же клиента по всем предыдущим месяцам, число платежей было выше медианного количества платежей по клиентам той же страны за тот же месяц, а операции выполнялись через более чем одного сотрудника или магазина; результат формируется по каждому такому случаю с указанием клиента, страны и города, месяца, суммы и количества платежей, отклонения от предыдущего среднего, числа задействованных сотрудников и магазинов, а также ранга клиента по сумме платежей внутри страны за этот месяц.","Скрипт для выявления клиентов, у которых в 2005 году был месяц с аномально высокой платёжной активностью: месячная сумма платежей превышала среднюю за предыдущие месяцы в 4 раза, количество платежей превышало среднее количество платежей по клиентам из того же города за тот же месяц, а платежи проходили через разные магазины; вывести клиента, страну, город, месяц, сумму, число платежей, отклонение от среднего, количество магазинов и ранг клиента по сумме платежей внутри города за месяц.","Проанализировать клиентов, у которых в 2005 году хотя бы в одном месяце сумма платежей превышала их среднемесячную сумму за предыдущие три месяца не менее чем в 2,5 раза, при этом количество платежей в этом месяце было выше среднего количества платежей по клиентам из того же города, а сами платежи проводились как минимум через два разных магазина. Для каждого такого случая вывести клиента, город и страну, месяц, сумму и число платежей, отклонение от предыдущей средней суммы, количество задействованных магазинов, а также ранг клиента по сумме платежей среди клиентов его города за этот месяц.","Выявить активных клиентов, у которых в 2005 году был хотя бы один месяц с аномальной арендной активностью: месячное количество аренд превышало среднемесячное количество аренд этого клиента за все предыдущие месяцы минимум в 3 раза, количество аренд было выше медианного количества аренд по клиентам из той же страны за тот же месяц, а аренды проводились через более чем один магазин; для каждого такого случая вывести клиента, страну и город, месяц, количество аренд, отклонение от предыдущего среднего, число задействованных магазинов, а также ранг клиента по количеству аренд внутри страны за этот месяц.",0,f0beccbb-786e-544c-819d-1a939769636d-sql,f0beccbb-786e-544c-819d-1a939769636d-sql;04810e06-3d2c-5877-ad0e-681a0b440fe0-sql;a37e8fe3-b54f-5f10-ac0b-c708ab653597-sql;a2ca386f-5b32-5dad-8e4b-2523418c4732-sql;41aad428-dc81-5b3b-a5c9-48c6547c1e6b-sql,f0beccbb-786e-544c-819d-1a939769636d-sql;04810e06-3d2c-5877-ad0e-681a0b440fe0-sql;a2ca386f-5b32-5dad-8e4b-2523418c4732-sql;a37e8fe3-b54f-5f10-ac0b-c708ab653597-sql;297ddd3c-632b-5a12-862e-43c68a88950c-sql,f0beccbb-786e-544c-819d-1a939769636d-sql;3c016477-207a-5b36-8600-77ecf31a1ed7-sql;04810e06-3d2c-5877-ad0e-681a0b440fe0-sql;a37e8fe3-b54f-5f10-ac0b-c708ab653597-sql;a2ca386f-5b32-5dad-8e4b-2523418c4732-sql
sakila,"Выявить активных клиентов, у которых в 2005 году был хотя бы один месяц с аномальной платёжной активностью: месячная сумма платежей превышала среднюю месячную сумму этого клиента за все предыдущие месяцы минимум в 3 раза, количество платежей было выше медианного количества платежей по клиентам из той же страны за тот же месяц, а сами платежи проходили через более чем одного сотрудника или магазин; для каждого такого случая вывести клиента, страну и город, месяц, сумму и число платежей, отклонение от предыдущего среднего, число задействованных сотрудников и магазинов, а также ранг клиента по сумме платежей внутри страны за этот месяц.",hard,a9f0f651-791c-404f-a110-d29ef9cf34dd,"Скрипт для выявления активных клиентов, у которых в 2005 году был хотя бы один месяц с аномальной платёжной активностью: сумма платежей за месяц как минимум втрое превышала среднюю месячную сумму по предыдущим месяцам этого клиента, число платежей было выше медианного по клиентам той же страны за тот же месяц, а операции проходили через более чем одного сотрудника или магазин, с выводом клиента, страны и города, месяца, суммы и числа платежей, отклонения от предыдущего среднего, числа задействованных сотрудников и магазинов, а также ранга по сумме платежей внутри страны за этот месяц.","Скрипт для выявления активных клиентов, у которых в 2005 году был хотя бы один месяц с аномальной платёжной активностью: месячная сумма платежей превышала среднюю месячную сумму клиента по всем предыдущим месяцам минимум в 3 раза, количество платежей было выше медианного числа платежей по клиентам той же страны за тот же месяц, а операции выполнялись через более чем одного сотрудника или магазина; для каждого такого случая формируется набор данных по клиенту, стране и городу, месяцу, сумме и числу платежей, отклонению от предыдущего среднего, числу задействованных сотрудников и магазинов, а также рангу клиента по сумме платежей внутри страны за этот месяц.","Скрипт для выявления активных клиентов, у которых в 2005 году хотя бы в одном месяце наблюдалась аномальная платёжная активность: сумма платежей за месяц превышала как минимум в 3 раза среднюю месячную сумму этого же клиента по всем предыдущим месяцам, число платежей было выше медианного количества платежей по клиентам той же страны за тот же месяц, а операции выполнялись через более чем одного сотрудника или магазина; результат формируется по каждому такому случаю с указанием клиента, страны и города, месяца, суммы и количества платежей, отклонения от предыдущего среднего, числа задействованных сотрудников и магазинов, а также ранга клиента по сумме платежей внутри страны за этот месяц.","Скрипт для выявления клиентов с аномальным ростом суммы платежей в месяце 2005 года: сумма за месяц превышает среднюю за предыдущие шесть месяцев более чем вдвое, количество платежей выше среднего по клиентам из той же страны за тот же месяц, транзакции проходят через более чем один магазин; вывести клиента, страну, месяц, сумму платежей, отклонение от предыдущего среднего, число задействованных магазинов и ранг клиента по сумме внутри страны за месяц.","Разработать скрипт для выявления клиентов, у которых в 2005 году зафиксированы месяцы с аномальным ростом платёжной активности: сумма платежей за месяц превышала среднемесячную сумму этого клиента за все предыдущие месяцы не менее чем в три раза, количество транзакций было выше медианного числа платежей по клиентам из той же страны за тот же месяц, а платежи были проведены через как минимум двух разных сотрудников или два разных магазина. Для каждого такого случая подготовить отчёт с указанием клиента, его страны и города, месяца аномалии, суммы и числа платежей, отклонения от предыдущего среднемесячного значения, количества задействованных сотрудников и магазинов, а также ранга клиента по сумме платежей среди жителей его страны за данный месяц.","Выявить активных клиентов, у которых в 2005 году был хотя бы один месяц, когда сумма платежей превышала среднюю сумму за предыдущие три месяца более чем в 2,5 раза, количество платежей превышало среднее количество платежей по клиентам из того же города за этот же месяц, а общая сумма платежей за месяц составляла не менее 10% от суммы всех платежей данного клиента за весь 2005 год. Для каждого такого случая вывести идентификатор и имя клиента, название страны и города, месяц в формате ГГГГ-ММ, сумму и количество платежей, отношение суммы к среднему за предыдущие три месяца, количество уникальных сотрудников, оформивших платежи, количество уникальных магазинов, через которые прошли платежи, а также ранг клиента по сумме платежей среди всех клиентов его города за этот месяц. Результат отсортировать по месяцу и рангу.",1,f0beccbb-786e-544c-819d-1a939769636d-sql,f0beccbb-786e-544c-819d-1a939769636d-sql;04810e06-3d2c-5877-ad0e-681a0b440fe0-sql;a37e8fe3-b54f-5f10-ac0b-c708ab653597-sql;a2ca386f-5b32-5dad-8e4b-2523418c4732-sql;5b709a9e-4bc2-5925-873e-2a6c1c390e46-sql,f0beccbb-786e-544c-819d-1a939769636d-sql;41aad428-dc81-5b3b-a5c9-48c6547c1e6b-sql;04810e06-3d2c-5877-ad0e-681a0b440fe0-sql;a2ca386f-5b32-5dad-8e4b-2523418c4732-sql;a37e8fe3-b54f-5f10-ac0b-c708ab653597-sql,f0beccbb-786e-544c-819d-1a939769636d-sql;04810e06-3d2c-5877-ad0e-681a0b440fe0-sql;a2ca386f-5b32-5dad-8e4b-2523418c4732-sql;a37e8fe3-b54f-5f10-ac0b-c708ab653597-sql;41aad428-dc81-5b3b-a5c9-48c6547c1e6b-sql
sakila,"Выявить активных клиентов, у которых в 2005 году был хотя бы один месяц с аномальной платёжной активностью: месячная сумма платежей превышала среднюю месячную сумму этого клиента за все предыдущие месяцы минимум в 3 раза, количество платежей было выше медианного количества платежей по клиентам из той же страны за тот же месяц, а сами платежи проходили через более чем одного сотрудника или магазин; для каждого такого случая вывести клиента, страну и город, месяц, сумму и число платежей, отклонение от предыдущего среднего, число задействованных сотрудников и магазинов, а также ранг клиента по сумме платежей внутри страны за этот месяц.",hard,a9f0f651-791c-404f-a110-d29ef9cf34dd,"Скрипт для выявления активных клиентов, у которых в 2005 году был хотя бы один месяц с аномальной платёжной активностью: сумма платежей за месяц как минимум втрое превышала среднюю месячную сумму по предыдущим месяцам этого клиента, число платежей было выше медианного по клиентам той же страны за тот же месяц, а операции проходили через более чем одного сотрудника или магазин, с выводом клиента, страны и города, месяца, суммы и числа платежей, отклонения от предыдущего среднего, числа задействованных сотрудников и магазинов, а также ранга по сумме платежей внутри страны за этот месяц.","Скрипт для выявления активных клиентов, у которых в 2005 году был хотя бы один месяц с аномальной платёжной активностью: месячная сумма платежей превышала среднюю месячную сумму клиента по всем предыдущим месяцам минимум в 3 раза, количество платежей было выше медианного числа платежей по клиентам той же страны за тот же месяц, а операции выполнялись через более чем одного сотрудника или магазина; для каждого такого случая формируется набор данных по клиенту, стране и городу, месяцу, сумме и числу платежей, отклонению от предыдущего среднего, числу задействованных сотрудников и магазинов, а также рангу клиента по сумме платежей внутри страны за этот месяц.","Скрипт для выявления активных клиентов, у которых в 2005 году хотя бы в одном месяце наблюдалась аномальная платёжная активность: сумма платежей за месяц превышала как минимум в 3 раза среднюю месячную сумму этого же клиента по всем предыдущим месяцам, число платежей было выше медианного количества платежей по клиентам той же страны за тот же месяц, а операции выполнялись через более чем одного сотрудника или магазина; результат формируется по каждому такому случаю с указанием клиента, страны и города, месяца, суммы и количества платежей, отклонения от предыдущего среднего, числа задействованных сотрудников и магазинов, а также ранга клиента по сумме платежей внутри страны за этот месяц.",None,"Определить клиентов, у которых в 2006 году зафиксирован месяц с аномальным ростом платежей: сумма превысила их среднемесячное значение за предыдущие полгода более чем в 2,5 раза, количество транзакций оказалось выше верхнего квартиля по клиентам той же страны за этот месяц, а платежи проводились через разных сотрудников. Для каждого такого эпизода сформировать отчёт: клиент, страна и город, месяц, сумма и число платежей, процент превышения относительно исторического среднего, количество задействованных сотрудников и магазинов, а также ранг клиента по объёму платежей внутри страны за указанный месяц.","Выявить клиентов, у которых в 2005 году был хотя бы один квартал с аномальной активностью по аренде фильмов определённой категории: количество арендованных копий фильмов данной категории за квартал превышало среднее количество аренд этой категории за все предыдущие кварталы данного клиента минимум в 2 раза, при этом доля аренд, возвращённых позже установленного срока (более чем на 1 день после даты выдачи плюс длительность аренды), составляла менее 10% от общего числа аренд этой категории за квартал, а сами аренды были оформлены в более чем одном магазине; для каждого такого случая вывести клиента (имя, фамилия), страну и город проживания, название категории фильмов, квартал (в формате ГГГГ-К), количество аренд за квартал, отклонение количества аренд от среднего за предыдущие кварталы (в процентах), число различных магазинов, участвовавших в арендах, а также ранг клиента по количеству аренд данной категории внутри страны за этот квартал (сортировать по возрастанию ранга).",2,f0beccbb-786e-544c-819d-1a939769636d-sql,a89aea53-a231-5743-b3c7-2e203554906f-sql;09c83b98-73c4-5969-bb10-6217ba0cc214-sql;3658aec1-bae4-5034-9bf6-a362440e78b4-sql;d0feb92f-6c89-55d7-a7dd-6d584c3eb42c-sql;0975f712-4c74-5187-b542-54f304f1d17a-sql,f0beccbb-786e-544c-819d-1a939769636d-sql;a2ca386f-5b32-5dad-8e4b-2523418c4732-sql;04810e06-3d2c-5877-ad0e-681a0b440fe0-sql;41aad428-dc81-5b3b-a5c9-48c6547c1e6b-sql;a37e8fe3-b54f-5f10-ac0b-c708ab653597-sql,f0beccbb-786e-544c-819d-1a939769636d-sql;3c016477-207a-5b36-8600-77ecf31a1ed7-sql;a2ca386f-5b32-5dad-8e4b-2523418c4732-sql;a37e8fe3-b54f-5f10-ac0b-c708ab653597-sql;04810e06-3d2c-5877-ad0e-681a0b440fe0-sql
sakila,"Рассматривая платежи клиентов как банковские транзакции, выяви клиентов с потенциально подозрительной активностью: за каждый месяц 2005 года найти тех, у кого месячная сумма платежей входит в верхние 10% среди клиентов той же страны, количество платежей выше среднего по стране за этот месяц, были платежи через обоих сотрудников, а также есть хотя бы одна серия из трёх и более платежей в течение 24 часов; вывести клиента, страну, месяц, число платежей, сумму, средний платёж, количество задействованных сотрудников и место клиента в рейтинге по месячной сумме внутри страны.",hard,7421a50d-8435-4b2d-b0c1-1669eca062c9,"Скрипт для выявления потенциально подозрительных клиентов по ежемесячным платежам в 2005 году с отбором по верхним 10% внутри страны, числу платежей выше среднего, наличию операций через обоих сотрудников и серии из трёх и более платежей за 24 часа, с выводом страны, месяца, сумм, средних значений, количества сотрудников и ранга клиента по сумме платежей.","Скрипт для выявления клиентов с потенциально подозрительной платежной активностью: за каждый месяц 2005 года формируется список клиентов, у которых месячная сумма платежей входит в верхние 10% среди клиентов той же страны, число платежей превышает среднее по стране за этот месяц, операции проходили через обоих сотрудников, а также зафиксирована хотя бы одна серия из трёх и более платежей в течение 24 часов; дополнительно для каждого клиента рассчитываются страна, месяц, число платежей, сумма, средний платёж, количество задействованных сотрудников и место в рейтинге по месячной сумме внутри страны.","Скрипт для выявления потенциально подозрительных клиентов по платежной активности: по каждому месяцу 2005 года определить клиентов, у которых суммарные платежи входят в верхние 10% среди клиентов той же страны, число платежей превышает среднее по этой стране за тот же месяц, платежи выполнены через обоих сотрудников, а также присутствует хотя бы одна серия из трёх и более платежей в пределах 24 часов; результат должен содержать клиента, страну, месяц, количество платежей, общую сумму, средний платёж, число задействованных сотрудников и место клиента в рейтинге по месячной сумме внутри страны.","Скрипт для выявления клиентов, у которых в 2005 году среднемесячная сумма платежей превышает среднюю по стране, а максимальное количество платежей за один день входит в топ-5 по стране, с выводом ранга клиента по общей сумме.","Для целей антифрод-мониторинга в сети видеопроката необходимо ежеквартально выявлять клиентов с нетипичным платёжным поведением: за каждый квартал 2005 года отобрать клиентов, чья квартальная сумма платежей входит в верхние 5% среди жителей того же города, чья частота платежей (количество платежей, делённое на число дней между первым и последним платежом в квартале) выше средней по городу за этот квартал, которые хотя бы раз платили каждому из действующих сотрудников, и у которых зафиксирована хотя бы одна пара последовательных платежей с интервалом менее 30 минут. Вывести идентификатор клиента, город, квартал, количество платежей, общую сумму, средний размер платежа, число задействованных сотрудников и процентильный ранг клиента по сумме внутри города.","Для каждого квартала 2005 года среди всех клиентов выделить тех, чья квартальная сумма платежей попадает в топ-5% среди клиентов того же города, квартальное количество платежей превышает среднее по городу за этот квартал, проведены платежи через каждого из двух сотрудников (идентификаторы 1 и 2), и существует хотя бы одна пара последовательных платежей клиента (упорядоченных по дате) с интервалом менее 1 часа; в результате для каждого такого клиента вывести его идентификатор, название города, номер квартала, число платежей, общую сумму платежей, средний размер платежа, количество использованных сотрудников и ранг клиента по квартальной сумме внутри города.",0,a37e8fe3-b54f-5f10-ac0b-c708ab653597-sql,04810e06-3d2c-5877-ad0e-681a0b440fe0-sql;cd51bd24-0f7e-5f7f-96a3-927d7dcc56ba-sql;a37e8fe3-b54f-5f10-ac0b-c708ab653597-sql;3c016477-207a-5b36-8600-77ecf31a1ed7-sql;79bc1f53-c827-5ca4-aca6-15549b2de722-sql,a37e8fe3-b54f-5f10-ac0b-c708ab653597-sql;f0beccbb-786e-544c-819d-1a939769636d-sql;cd51bd24-0f7e-5f7f-96a3-927d7dcc56ba-sql;f33a80fc-7e9f-5f21-a406-97686654333d-sql;3c016477-207a-5b36-8600-77ecf31a1ed7-sql,a37e8fe3-b54f-5f10-ac0b-c708ab653597-sql;f0beccbb-786e-544c-819d-1a939769636d-sql;a2ca386f-5b32-5dad-8e4b-2523418c4732-sql;04810e06-3d2c-5877-ad0e-681a0b440fe0-sql;79bc1f53-c827-5ca4-aca6-15549b2de722-sql
sakila,"Рассматривая платежи клиентов как банковские транзакции, выяви клиентов с потенциально подозрительной активностью: за каждый месяц 2005 года найти тех, у кого месячная сумма платежей входит в верхние 10% среди клиентов той же страны, количество платежей выше среднего по стране за этот месяц, были платежи через обоих сотрудников, а также есть хотя бы одна серия из трёх и более платежей в течение 24 часов; вывести клиента, страну, месяц, число платежей, сумму, средний платёж, количество задействованных сотрудников и место клиента в рейтинге по месячной сумме внутри страны.",hard,7421a50d-8435-4b2d-b0c1-1669eca062c9,"Скрипт для выявления потенциально подозрительных клиентов по ежемесячным платежам в 2005 году с отбором по верхним 10% внутри страны, числу платежей выше среднего, наличию операций через обоих сотрудников и серии из трёх и более платежей за 24 часа, с выводом страны, месяца, сумм, средних значений, количества сотрудников и ранга клиента по сумме платежей.","Скрипт для выявления клиентов с потенциально подозрительной платежной активностью: за каждый месяц 2005 года формируется список клиентов, у которых месячная сумма платежей входит в верхние 10% среди клиентов той же страны, число платежей превышает среднее по стране за этот месяц, операции проходили через обоих сотрудников, а также зафиксирована хотя бы одна серия из трёх и более платежей в течение 24 часов; дополнительно для каждого клиента рассчитываются страна, месяц, число платежей, сумма, средний платёж, количество задействованных сотрудников и место в рейтинге по месячной сумме внутри страны.","Скрипт для выявления потенциально подозрительных клиентов по платежной активности: по каждому месяцу 2005 года определить клиентов, у которых суммарные платежи входят в верхние 10% среди клиентов той же страны, число платежей превышает среднее по этой стране за тот же месяц, платежи выполнены через обоих сотрудников, а также присутствует хотя бы одна серия из трёх и более платежей в пределах 24 часов; результат должен содержать клиента, страну, месяц, количество платежей, общую сумму, средний платёж, число задействованных сотрудников и место клиента в рейтинге по месячной сумме внутри страны.","Скрипт для выявления клиентов с аномальной платёжной активностью: за каждый месяц 2005 года найти тех, чья сумма платежей входит в верхние 5% по стране, количество платежей превышает среднее по стране в этом месяце, а также имеется хотя бы один случай, когда между двумя последовательными платежами прошло менее 1 часа, и все платежи были совершены у разных сотрудников; вывести клиента, страну, месяц, сумму, количество платежей, количество задействованных сотрудников и процентиль суммы внутри страны.","Для целей фрод-мониторинга транзакций клиентов проката за каждый месяц 2005 года выделите клиентов, чья месячная сумма платежей превышает 95-й перцентиль среди клиентов той же страны, количество платежей выше среднемесячного значения по стране, платежи были выполнены через всех действующих сотрудников, и имеется хотя бы один случай трёх и более платежей, совершённых в течение 12 часов; в результате укажите клиента, страну, месяц, число платежей, общую сумму, среднюю сумму платежа, количество задействованных сотрудников и ранг по сумме внутри страны.","Для каждого квартала 2005 года отфильтровать платежи клиентов. Сгруппировать по клиенту и кварталу, определив для каждого клиента его город через адрес. Для каждого города и квартала вычислить 5-й процентиль суммы платежей по всем клиентам этого города и медианное количество платежей. Оставить тех клиентов, у которых квартальная сумма не превышает найденный процентиль, а количество платежей строго больше медианы. Проверить, что за квартал все платежи клиента были проведены через одного и того же сотрудника. Дополнительно выявить наличие хотя бы одной серии из четырёх и более платежей, где интервал между последовательными платежами не превышает 12 часов. Для отобранных клиентов вывести идентификатор клиента, название города, номер квартала, общее количество платежей, общую сумму платежей, средний размер платежа, количество уникальных дней, в которые были совершены платежи, и ранг клиента по сумме платежей внутри города за квартал (сортировка по убыванию суммы).",1,a37e8fe3-b54f-5f10-ac0b-c708ab653597-sql,f0beccbb-786e-544c-819d-1a939769636d-sql;a37e8fe3-b54f-5f10-ac0b-c708ab653597-sql;5b709a9e-4bc2-5925-873e-2a6c1c390e46-sql;41aad428-dc81-5b3b-a5c9-48c6547c1e6b-sql;04810e06-3d2c-5877-ad0e-681a0b440fe0-sql,a37e8fe3-b54f-5f10-ac0b-c708ab653597-sql;04810e06-3d2c-5877-ad0e-681a0b440fe0-sql;f0beccbb-786e-544c-819d-1a939769636d-sql;a2ca386f-5b32-5dad-8e4b-2523418c4732-sql;cd51bd24-0f7e-5f7f-96a3-927d7dcc56ba-sql,a37e8fe3-b54f-5f10-ac0b-c708ab653597-sql;f0beccbb-786e-544c-819d-1a939769636d-sql;a2ca386f-5b32-5dad-8e4b-2523418c4732-sql;758e649c-8652-51e2-a62a-350b8be14bea-sql;04810e06-3d2c-5877-ad0e-681a0b440fe0-sql
sakila,"Рассматривая платежи клиентов как банковские транзакции, выяви клиентов с потенциально подозрительной активностью: за каждый месяц 2005 года найти тех, у кого месячная сумма платежей входит в верхние 10% среди клиентов той же страны, количество платежей выше среднего по стране за этот месяц, были платежи через обоих сотрудников, а также есть хотя бы одна серия из трёх и более платежей в течение 24 часов; вывести клиента, страну, месяц, число платежей, сумму, средний платёж, количество задействованных сотрудников и место клиента в рейтинге по месячной сумме внутри страны.",hard,7421a50d-8435-4b2d-b0c1-1669eca062c9,"Скрипт для выявления потенциально подозрительных клиентов по ежемесячным платежам в 2005 году с отбором по верхним 10% внутри страны, числу платежей выше среднего, наличию операций через обоих сотрудников и серии из трёх и более платежей за 24 часа, с выводом страны, месяца, сумм, средних значений, количества сотрудников и ранга клиента по сумме платежей.","Скрипт для выявления клиентов с потенциально подозрительной платежной активностью: за каждый месяц 2005 года формируется список клиентов, у которых месячная сумма платежей входит в верхние 10% среди клиентов той же страны, число платежей превышает среднее по стране за этот месяц, операции проходили через обоих сотрудников, а также зафиксирована хотя бы одна серия из трёх и более платежей в течение 24 часов; дополнительно для каждого клиента рассчитываются страна, месяц, число платежей, сумма, средний платёж, количество задействованных сотрудников и место в рейтинге по месячной сумме внутри страны.","Скрипт для выявления потенциально подозрительных клиентов по платежной активности: по каждому месяцу 2005 года определить клиентов, у которых суммарные платежи входят в верхние 10% среди клиентов той же страны, число платежей превышает среднее по этой стране за тот же месяц, платежи выполнены через обоих сотрудников, а также присутствует хотя бы одна серия из трёх и более платежей в пределах 24 часов; результат должен содержать клиента, страну, месяц, количество платежей, общую сумму, средний платёж, число задействованных сотрудников и место клиента в рейтинге по месячной сумме внутри страны.","Скрипт для выявления клиентов с аномально высокой частотой платежей в 2006 году: найти тех, у кого месячная сумма платежей входит в верхние 5% по стране, количество платежей выше среднего по стране за месяц, платежи распределены между всеми магазинами, и имеются случаи платежей в течение часа после предыдущего.","Для целей выявления потенциальных операций по легализации доходов через сервис проката, разработайте ежемесячный скрипт мониторинга клиентов с аномальной платёжной активностью в 2005 году: за каждый месяц отберите клиентов, чья общая сумма платежей входит в верхние 15% среди клиентов той же страны, количество платежей превышает медианное значение по стране за этот месяц, платежи принимались не менее чем двумя разными сотрудниками, и существует хотя бы одна серия из трёх и более платежей, совершённых в течение 6 часов. В результате для каждого такого клиента выведите: идентификатор и полное имя, страну, месяц, общую сумму и количество платежей, минимальный и максимальный разовый платёж, количество задействованных сотрудников, а также позицию клиента в ранжировании по сумме платежей внутри своей страны за данный месяц.","Используя данные о платежах и арендах, для каждого месяца 2005 года выявить клиентов, у которых средняя сумма платежа за месяц превышает среднюю сумму платежа по всем клиентам той же страны более чем на два стандартных отклонения, при этом количество платежей за месяц входит в нижние 5% среди клиентов той же страны, а также имеется хотя бы одна последовательность из трёх и более аренд, оформленных с интервалом менее 6 часов между любыми двумя последовательными выдачами. Вывести идентификатор и полное имя клиента, название страны, месяц, общее количество аренд за месяц, среднюю сумму платежа за месяц, стандартное отклонение суммы платежа по стране за этот месяц, количество уникальных фильмов, взятых в аренду, и место клиента по возрастанию средней суммы платежа внутри страны за месяц (наименьшая средняя сумма — ранг 1).",2,a37e8fe3-b54f-5f10-ac0b-c708ab653597-sql,5b709a9e-4bc2-5925-873e-2a6c1c390e46-sql;a37e8fe3-b54f-5f10-ac0b-c708ab653597-sql;f0beccbb-786e-544c-819d-1a939769636d-sql;65e519b5-5d33-5a1f-b195-4c7c96ad1205-sql;04810e06-3d2c-5877-ad0e-681a0b440fe0-sql,f0beccbb-786e-544c-819d-1a939769636d-sql;a37e8fe3-b54f-5f10-ac0b-c708ab653597-sql;41aad428-dc81-5b3b-a5c9-48c6547c1e6b-sql;758e649c-8652-51e2-a62a-350b8be14bea-sql;04810e06-3d2c-5877-ad0e-681a0b440fe0-sql,3c016477-207a-5b36-8600-77ecf31a1ed7-sql;04810e06-3d2c-5877-ad0e-681a0b440fe0-sql;f0beccbb-786e-544c-819d-1a939769636d-sql;a2ca386f-5b32-5dad-8e4b-2523418c4732-sql;a37e8fe3-b54f-5f10-ac0b-c708ab653597-sql
sakila,"Выявить клиентов для банковского мониторинга, у которых в любой календарный день сумма и количество платежей существенно превышают их собственный скользящий 30-дневный средний уровень и одновременно входят в топ-5% по стране клиента, дополнительно показав город и страну клиента, задействованные магазины и сотрудников, число связанных аренд, ранг клиента внутри страны по дневной сумме платежей и признак, что в этот день платежи проводились через более чем одного сотрудника или магазин.",hard,e2bffab7-b143-4f59-8dd6-c4fb59dd2e39,"Скрипт для выявления клиентов банковского мониторинга, у которых в любой календарный день сумма и количество платежей существенно превышают их собственный скользящий 30-дневный средний уровень и одновременно входят в топ-5% по стране клиента, с отображением города и страны, задействованных магазинов и сотрудников, числа связанных аренд, ранга внутри страны по дневной сумме платежей и признака обслуживания через более чем одного сотрудника или магазина.","Скрипт для формирования списка клиентов банковского мониторинга, у которых в любой календарный день сумма и количество платежей существенно превышают их собственный скользящий 30-дневный средний уровень и одновременно входят в топ-5% по стране клиента, с дополнительным отображением города и страны клиента, задействованных магазинов и сотрудников, числа связанных аренд, ранга клиента внутри страны по дневной сумме платежей и признака проведения платежей в этот день через более чем одного сотрудника или магазин.","Скрипт для формирования списка клиентов банковского мониторинга, у которых в любой календарный день суммарная сумма и количество платежей заметно превышают их собственный скользящий 30-дневный средний уровень и одновременно попадают в верхние 5% по стране клиента, с дополнительным включением города и страны клиента, задействованных магазинов и сотрудников, числа связанных аренд, ранга клиента внутри страны по дневной сумме платежей и признака того, что в этот день платежи проходили через более чем одного сотрудника или магазин; результат должен быть рассчитан по дневным агрегатам платежей, с группировкой по клиенту и дню, последующим сравнением с 30-дневной исторической базой, оценкой процентильного положения внутри страны и ранжированием по дневной сумме.","Скрипт для выявления клиентов с аномально высокими дневными платежами относительно их скользящего среднего за 7 дней и входящих в топ-10% по стране, с выводом города и страны, задействованных магазинов и сотрудников, числа аренд, ранга внутри страны и признака платежей через более одного магазина.","Определить клиентов, подлежащих операционному мониторингу, у которых дневной объем платежей и количество транзакций как минимум в два раза превышают их 90-дневное скользящее среднее значение, при этом за день они попадают в топ-1% клиентов по суммарным платежам в своей стране. Для таких клиентов также вывести их город и страну, список магазинов и сотрудников, через которых проводились платежи, количество уникальных аренд за день, ранг клиента внутри страны по дневной сумме платежей, а также пометить дни, когда платежи проводились через более двух разных магазинов или сотрудников.","Выполнить анализ аномалий платежной активности клиентов: для каждого клиента и каждого дня рассчитать скользящее среднее суммы платежей за предыдущие 14 дней, затем отфильтровать дни, когда дневная сумма превышает это среднее не менее чем на 100% и одновременно входит в топ-10% по дневной сумме среди всех клиентов из того же города. Для отфильтрованных дней дополнительно отобразить информацию о городе, стране, магазине, сотруднике, общем количестве аренд, связанных с этим клиентом в этот день, ранг клиента внутри города по дневной сумме, а также бинарный признак, указывающий, обслуживались ли платежи в этот день более чем одним сотрудником.",0,cd51bd24-0f7e-5f7f-96a3-927d7dcc56ba-sql,5b709a9e-4bc2-5925-873e-2a6c1c390e46-sql;cd51bd24-0f7e-5f7f-96a3-927d7dcc56ba-sql;65e519b5-5d33-5a1f-b195-4c7c96ad1205-sql;e32bf41a-4810-5cde-9a8d-ee065ec84ed7-sql;09c83b98-73c4-5969-bb10-6217ba0cc214-sql,cd51bd24-0f7e-5f7f-96a3-927d7dcc56ba-sql;f33a80fc-7e9f-5f21-a406-97686654333d-sql;6f799c69-ea1c-5283-be79-c4a77fe793e8-sql;5edfbd20-52e1-53ba-a9c5-566411862a87-sql;f0beccbb-786e-544c-819d-1a939769636d-sql,65e519b5-5d33-5a1f-b195-4c7c96ad1205-sql;e32bf41a-4810-5cde-9a8d-ee065ec84ed7-sql;6f799c69-ea1c-5283-be79-c4a77fe793e8-sql;5edfbd20-52e1-53ba-a9c5-566411862a87-sql;09c83b98-73c4-5969-bb10-6217ba0cc214-sql
sakila,"Выявить клиентов для банковского мониторинга, у которых в любой календарный день сумма и количество платежей существенно превышают их собственный скользящий 30-дневный средний уровень и одновременно входят в топ-5% по стране клиента, дополнительно показав город и страну клиента, задействованные магазины и сотрудников, число связанных аренд, ранг клиента внутри страны по дневной сумме платежей и признак, что в этот день платежи проводились через более чем одного сотрудника или магазин.",hard,e2bffab7-b143-4f59-8dd6-c4fb59dd2e39,"Скрипт для выявления клиентов банковского мониторинга, у которых в любой календарный день сумма и количество платежей существенно превышают их собственный скользящий 30-дневный средний уровень и одновременно входят в топ-5% по стране клиента, с отображением города и страны, задействованных магазинов и сотрудников, числа связанных аренд, ранга внутри страны по дневной сумме платежей и признака обслуживания через более чем одного сотрудника или магазина.","Скрипт для формирования списка клиентов банковского мониторинга, у которых в любой календарный день сумма и количество платежей существенно превышают их собственный скользящий 30-дневный средний уровень и одновременно входят в топ-5% по стране клиента, с дополнительным отображением города и страны клиента, задействованных магазинов и сотрудников, числа связанных аренд, ранга клиента внутри страны по дневной сумме платежей и признака проведения платежей в этот день через более чем одного сотрудника или магазин.","Скрипт для формирования списка клиентов банковского мониторинга, у которых в любой календарный день суммарная сумма и количество платежей заметно превышают их собственный скользящий 30-дневный средний уровень и одновременно попадают в верхние 5% по стране клиента, с дополнительным включением города и страны клиента, задействованных магазинов и сотрудников, числа связанных аренд, ранга клиента внутри страны по дневной сумме платежей и признака того, что в этот день платежи проходили через более чем одного сотрудника или магазин; результат должен быть рассчитан по дневным агрегатам платежей, с группировкой по клиенту и дню, последующим сравнением с 30-дневной исторической базой, оценкой процентильного положения внутри страны и ранжированием по дневной сумме.","Скрипт для выявления клиентов, у которых ежедневная сумма платежей превышает их скользящее 30-дневное среднее в 1.5 раза и одновременно входит в топ-10% среди клиентов той же страны, с выводом города, страны, магазинов, сотрудников, числа аренд, ранга клиента в стране и индикатора платежей через разных сотрудников или магазины.","Для целей операционного мониторинга и раннего обнаружения подозрительной активности требуется идентифицировать клиентов, у которых в любой календарный день сумма платежей более чем вдвое превышает их собственное скользящее среднее дневное значение за последние 60 дней, а также входит в топ-3% среди всех клиентов того же города. Дополнительно вывести страну клиента, список задействованных магазинов и сотрудников, общее количество аренд клиента, его ранг по дневной сумме платежей внутри города и признак того, что в данный день платежи обрабатывались разными сотрудниками или через разные магазины.","Определить клиентов, у которых в любой календарный день общая сумма и общее количество платежей превышают их индивидуальные средние дневные показатели за предыдущие 30 дней как минимум в два раза и одновременно попадают в топ-10% значений по своей стране по дневной сумме платежей. Для каждого такого случая вывести полное имя клиента, его адрес, город и страну, задействованные в этот день магазины и сотрудников (с признаком, что платежи проводились через более чем одного сотрудника или магазин), количество аренд, совершённых клиентом за этот день, ранг клиента внутри его страны по сумме платежей за этот день, а также идентификаторы магазинов и сотрудников.",1,cd51bd24-0f7e-5f7f-96a3-927d7dcc56ba-sql,cd51bd24-0f7e-5f7f-96a3-927d7dcc56ba-sql;3c016477-207a-5b36-8600-77ecf31a1ed7-sql;5b709a9e-4bc2-5925-873e-2a6c1c390e46-sql;e32bf41a-4810-5cde-9a8d-ee065ec84ed7-sql;297ddd3c-632b-5a12-862e-43c68a88950c-sql,cd51bd24-0f7e-5f7f-96a3-927d7dcc56ba-sql;e32bf41a-4810-5cde-9a8d-ee065ec84ed7-sql;f33a80fc-7e9f-5f21-a406-97686654333d-sql;f0beccbb-786e-544c-819d-1a939769636d-sql;6f799c69-ea1c-5283-be79-c4a77fe793e8-sql,cd51bd24-0f7e-5f7f-96a3-927d7dcc56ba-sql;3c016477-207a-5b36-8600-77ecf31a1ed7-sql;e32bf41a-4810-5cde-9a8d-ee065ec84ed7-sql;297ddd3c-632b-5a12-862e-43c68a88950c-sql;a2ca386f-5b32-5dad-8e4b-2523418c4732-sql
sakila,"Выявить клиентов для банковского мониторинга, у которых в любой календарный день сумма и количество платежей существенно превышают их собственный скользящий 30-дневный средний уровень и одновременно входят в топ-5% по стране клиента, дополнительно показав город и страну клиента, задействованные магазины и сотрудников, число связанных аренд, ранг клиента внутри страны по дневной сумме платежей и признак, что в этот день платежи проводились через более чем одного сотрудника или магазин.",hard,e2bffab7-b143-4f59-8dd6-c4fb59dd2e39,"Скрипт для выявления клиентов банковского мониторинга, у которых в любой календарный день сумма и количество платежей существенно превышают их собственный скользящий 30-дневный средний уровень и одновременно входят в топ-5% по стране клиента, с отображением города и страны, задействованных магазинов и сотрудников, числа связанных аренд, ранга внутри страны по дневной сумме платежей и признака обслуживания через более чем одного сотрудника или магазина.","Скрипт для формирования списка клиентов банковского мониторинга, у которых в любой календарный день сумма и количество платежей существенно превышают их собственный скользящий 30-дневный средний уровень и одновременно входят в топ-5% по стране клиента, с дополнительным отображением города и страны клиента, задействованных магазинов и сотрудников, числа связанных аренд, ранга клиента внутри страны по дневной сумме платежей и признака проведения платежей в этот день через более чем одного сотрудника или магазин.","Скрипт для формирования списка клиентов банковского мониторинга, у которых в любой календарный день суммарная сумма и количество платежей заметно превышают их собственный скользящий 30-дневный средний уровень и одновременно попадают в верхние 5% по стране клиента, с дополнительным включением города и страны клиента, задействованных магазинов и сотрудников, числа связанных аренд, ранга клиента внутри страны по дневной сумме платежей и признака того, что в этот день платежи проходили через более чем одного сотрудника или магазин; результат должен быть рассчитан по дневным агрегатам платежей, с группировкой по клиенту и дню, последующим сравнением с 30-дневной исторической базой, оценкой процентильного положения внутри страны и ранжированием по дневной сумме.","Скрипт для выявления клиентов, у которых в любой день общая сумма платежей превышает их скользящий 7-дневный средний уровень вдвое и одновременно попадает в топ-10% по стране по дневной сумме, с отображением города, страны, магазина, сотрудника, числа аренд за день, ранга клиента в стране и признака, что платёж совершён в выходной день.","Определить клиентов, подлежащих усиленному мониторингу, у которых в произвольный календарный день дневная сумма и количество платежей превышают их собственный скользящий 14-дневный средний уровень более чем на 50% и одновременно входят в топ-1% по стране проживания клиента. Вывести город и страну клиента, задействованные магазины и сотрудников, количество связанных аренд, ранг клиента внутри страны по дневной сумме платежей и признак того, что платежи в этот день проводились через более чем одного сотрудника или магазин.","Определить клиентов, у которых за любой календарный день сумма платежей превышает их собственное 7-дневное скользящее среднее (рассчитанное по дням, в которые были платежи) более чем на 50% и одновременно входит в верхние 3% по городу клиента (по дневной сумме платежей). Для каждого такого дня вывести фамилию и имя клиента, город и страну, общую сумму платежей за день, скользящее среднее за 7 дней, ранг клиента в городе по дневной сумме, количество различных магазинов, задействованных в платежах этого клиента в этот день, количество сотрудников, оформивших платежи, и общее количество аренд, совершённых клиентом за последние 30 дней до этого дня.",2,cd51bd24-0f7e-5f7f-96a3-927d7dcc56ba-sql,cd51bd24-0f7e-5f7f-96a3-927d7dcc56ba-sql;3c016477-207a-5b36-8600-77ecf31a1ed7-sql;5b709a9e-4bc2-5925-873e-2a6c1c390e46-sql;e32bf41a-4810-5cde-9a8d-ee065ec84ed7-sql;6f799c69-ea1c-5283-be79-c4a77fe793e8-sql,cd51bd24-0f7e-5f7f-96a3-927d7dcc56ba-sql;f33a80fc-7e9f-5f21-a406-97686654333d-sql;5edfbd20-52e1-53ba-a9c5-566411862a87-sql;e32bf41a-4810-5cde-9a8d-ee065ec84ed7-sql;3c016477-207a-5b36-8600-77ecf31a1ed7-sql,cd51bd24-0f7e-5f7f-96a3-927d7dcc56ba-sql;3c016477-207a-5b36-8600-77ecf31a1ed7-sql;297ddd3c-632b-5a12-862e-43c68a88950c-sql;e32bf41a-4810-5cde-9a8d-ee065ec84ed7-sql;a2ca386f-5b32-5dad-8e4b-2523418c4732-sql
sakila,"Выявить клиентов с признаками подозрительной транзакционной активности: за каждый месяц рассчитать по клиенту количество и сумму платежей, число разных сотрудников и магазинов, через которые проходили операции, сравнить месячную сумму клиента с его средним значением за предыдущие три месяца и со средним по стране проживания клиента, а затем вывести клиентов, у которых месячная сумма платежей минимум в 2 раза выше обеих базовых линий и при этом было не менее 3 платежей через разных сотрудников.",hard,8b657808-1ea7-4adb-ac34-100771a6d892,"Скрипт для выявления клиентов с подозрительной помесячной платёжной активностью на основе сравнения суммы платежей с средним за предыдущие три месяца и средним по стране проживания, с учётом числа платежей, разных сотрудников и магазинов.","Скрипт для выявления клиентов с признаками подозрительной транзакционной активности: по каждому месяцу формируется профиль платежей клиента с расчетом количества и суммы операций, числа уникальных сотрудников и магазинов, через которые проходили транзакции, затем месячная сумма сравнивается со средним значением за предыдущие три месяца и со средним уровнем по стране проживания клиента, после чего отбираются клиенты, у которых месячный объем платежей как минимум в 2 раза превышает обе базовые линии и при этом зафиксировано не менее 3 платежей через разных сотрудников.","Скрипт для выявления клиентов с признаками подозрительной транзакционной активности: по платежам формируется помесячная агрегация по клиенту с расчетом количества и суммы операций, а также числа разных сотрудников и магазинов, участвовавших в платежах; далее для каждого месяца вычисляется средняя месячная сумма клиента за три предыдущих месяца и средняя сумма по стране проживания клиента, после чего отбираются клиенты, у которых текущая месячная сумма как минимум в 2 раза превышает обе базовые линии и при этом за месяц выполнено не менее 3 платежей через разных сотрудников; результат возвращается в виде списка таких клиентов с помесячными показателями и признаками отбора.","Скрипт для выявления клиентов с аномально высокими ежемесячными расходами: сравнить сумму платежей клиента за месяц с его среднемесячной суммой за предыдущие 6 месяцев и со среднемесячной суммой по стране, и отфильтровать клиентов, у которых превышение более чем в 2 раза и количество разных сотрудников, обслуживающих платежи, не менее 3.","Разработать скрипт для идентификации клиентов с аномальной динамикой платежей: поквартально рассчитывать для каждого клиента общую сумму и количество платежей, количество различных магазинов, где проведены операции, а также число уникальных сотрудников, обработавших платежи. Сравнить квартальную сумму клиента с его медианной суммой за предыдущие четыре квартала и со среднемесячной суммой по всем клиентам из того же города за тот же квартал. Отобрать клиентов, у которых квартальная сумма превышает обе контрольные точки не менее чем на 50 % и при этом было совершено как минимум пять платежей, принятых не менее чем двумя разными сотрудниками.","Для каждого месяца и каждого клиента рассчитать общую сумму платежей. Сравнить её со средним значением этого клиента за предыдущие два месяца и со средним значением по городу проживания клиента. Вывести клиентов, у которых месячная сумма платежей минимум в 1.5 раза превышает обе базовые линии, при этом количество уникальных сотрудников, через которых проходили платежи, не менее 2, а общее число платежей за месяц — не менее 5.",0,bc541f34-969b-561e-a311-3871325045fb-sql,bc541f34-969b-561e-a311-3871325045fb-sql;5b709a9e-4bc2-5925-873e-2a6c1c390e46-sql;297ddd3c-632b-5a12-862e-43c68a88950c-sql;65e519b5-5d33-5a1f-b195-4c7c96ad1205-sql;a2ca386f-5b32-5dad-8e4b-2523418c4732-sql,bc541f34-969b-561e-a311-3871325045fb-sql;f0beccbb-786e-544c-819d-1a939769636d-sql;65e519b5-5d33-5a1f-b195-4c7c96ad1205-sql;5b709a9e-4bc2-5925-873e-2a6c1c390e46-sql;09c83b98-73c4-5969-bb10-6217ba0cc214-sql,a2ca386f-5b32-5dad-8e4b-2523418c4732-sql;04810e06-3d2c-5877-ad0e-681a0b440fe0-sql;bc541f34-969b-561e-a311-3871325045fb-sql;297ddd3c-632b-5a12-862e-43c68a88950c-sql;f0beccbb-786e-544c-819d-1a939769636d-sql
sakila,"Выявить клиентов с признаками подозрительной транзакционной активности: за каждый месяц рассчитать по клиенту количество и сумму платежей, число разных сотрудников и магазинов, через которые проходили операции, сравнить месячную сумму клиента с его средним значением за предыдущие три месяца и со средним по стране проживания клиента, а затем вывести клиентов, у которых месячная сумма платежей минимум в 2 раза выше обеих базовых линий и при этом было не менее 3 платежей через разных сотрудников.",hard,8b657808-1ea7-4adb-ac34-100771a6d892,"Скрипт для выявления клиентов с подозрительной помесячной платёжной активностью на основе сравнения суммы платежей с средним за предыдущие три месяца и средним по стране проживания, с учётом числа платежей, разных сотрудников и магазинов.","Скрипт для выявления клиентов с признаками подозрительной транзакционной активности: по каждому месяцу формируется профиль платежей клиента с расчетом количества и суммы операций, числа уникальных сотрудников и магазинов, через которые проходили транзакции, затем месячная сумма сравнивается со средним значением за предыдущие три месяца и со средним уровнем по стране проживания клиента, после чего отбираются клиенты, у которых месячный объем платежей как минимум в 2 раза превышает обе базовые линии и при этом зафиксировано не менее 3 платежей через разных сотрудников.","Скрипт для выявления клиентов с признаками подозрительной транзакционной активности: по платежам формируется помесячная агрегация по клиенту с расчетом количества и суммы операций, а также числа разных сотрудников и магазинов, участвовавших в платежах; далее для каждого месяца вычисляется средняя месячная сумма клиента за три предыдущих месяца и средняя сумма по стране проживания клиента, после чего отбираются клиенты, у которых текущая месячная сумма как минимум в 2 раза превышает обе базовые линии и при этом за месяц выполнено не менее 3 платежей через разных сотрудников; результат возвращается в виде списка таких клиентов с помесячными показателями и признаками отбора.",None,"Определить клиентов, демонстрирующих нетипичную финансовую активность: помесячно анализировать сумму платежей, количество платежей и число уникальных магазинов, через которые проводились платежи. Сравнить помесячную сумму клиента с его средней суммой за предыдущие четыре месяца и со средней суммой по региону (стране). Из полученных данных отобрать тех клиентов, у которых помесячная сумма превышает обе базовые линии не менее чем на 80% и при этом количество разных магазинов, задействованных в платежах за месяц, составляет не менее двух.","Определить клиентов, чья ежемесячная сумма платежей за последние 6 месяцев превышает в 1,5 раза их среднемесячный показатель за предыдущие 6 месяцев и одновременно в 1,5 раза среднюю сумму по клиентам из того же города; дополнительно учитывать, что количество платежей в месяц должно быть не менее 5, и они должны проходить как минимум через 2 разных магазина.",1,bc541f34-969b-561e-a311-3871325045fb-sql,a89aea53-a231-5743-b3c7-2e203554906f-sql;09c83b98-73c4-5969-bb10-6217ba0cc214-sql;3658aec1-bae4-5034-9bf6-a362440e78b4-sql;d0feb92f-6c89-55d7-a7dd-6d584c3eb42c-sql;0975f712-4c74-5187-b542-54f304f1d17a-sql,bc541f34-969b-561e-a311-3871325045fb-sql;f0beccbb-786e-544c-819d-1a939769636d-sql;a2ca386f-5b32-5dad-8e4b-2523418c4732-sql;65e519b5-5d33-5a1f-b195-4c7c96ad1205-sql;04810e06-3d2c-5877-ad0e-681a0b440fe0-sql,04810e06-3d2c-5877-ad0e-681a0b440fe0-sql;bc541f34-969b-561e-a311-3871325045fb-sql;a2ca386f-5b32-5dad-8e4b-2523418c4732-sql;297ddd3c-632b-5a12-862e-43c68a88950c-sql;f0beccbb-786e-544c-819d-1a939769636d-sql
sakila,"Выявить клиентов с признаками подозрительной транзакционной активности: за каждый месяц рассчитать по клиенту количество и сумму платежей, число разных сотрудников и магазинов, через которые проходили операции, сравнить месячную сумму клиента с его средним значением за предыдущие три месяца и со средним по стране проживания клиента, а затем вывести клиентов, у которых месячная сумма платежей минимум в 2 раза выше обеих базовых линий и при этом было не менее 3 платежей через разных сотрудников.",hard,8b657808-1ea7-4adb-ac34-100771a6d892,"Скрипт для выявления клиентов с подозрительной помесячной платёжной активностью на основе сравнения суммы платежей с средним за предыдущие три месяца и средним по стране проживания, с учётом числа платежей, разных сотрудников и магазинов.","Скрипт для выявления клиентов с признаками подозрительной транзакционной активности: по каждому месяцу формируется профиль платежей клиента с расчетом количества и суммы операций, числа уникальных сотрудников и магазинов, через которые проходили транзакции, затем месячная сумма сравнивается со средним значением за предыдущие три месяца и со средним уровнем по стране проживания клиента, после чего отбираются клиенты, у которых месячный объем платежей как минимум в 2 раза превышает обе базовые линии и при этом зафиксировано не менее 3 платежей через разных сотрудников.","Скрипт для выявления клиентов с признаками подозрительной транзакционной активности: по платежам формируется помесячная агрегация по клиенту с расчетом количества и суммы операций, а также числа разных сотрудников и магазинов, участвовавших в платежах; далее для каждого месяца вычисляется средняя месячная сумма клиента за три предыдущих месяца и средняя сумма по стране проживания клиента, после чего отбираются клиенты, у которых текущая месячная сумма как минимум в 2 раза превышает обе базовые линии и при этом за месяц выполнено не менее 3 платежей через разных сотрудников; результат возвращается в виде списка таких клиентов с помесячными показателями и признаками отбора.","Скрипт для отбора клиентов, у которых ежемесячная сумма платежей выше их среднемесячной суммы за предыдущие 3 месяца и средней суммы по городу проживания более чем в 1.5 раза, при условии проведения платежей через не менее двух разных сотрудников.","Необходимо идентифицировать клиентов с признаками резкого роста расходов на прокат. Для этого следует выполнить помесячный расчёт суммы и количества платежей, числа уникальных сотрудников и магазинов, через которые проведены операции. Затем для каждого клиента и месяца сравнить полученную сумму с медианой его же месячных сумм за предшествующие шесть месяцев и со среднемесячной суммой платежей всех клиентов в той же стране. Вывести клиентов, у которых месячная сумма превышает обе контрольные величины как минимум в 2,5 раза, при условии, что в этом месяце платежи были обработаны не менее чем двумя разными сотрудниками. Результат включает идентификатор клиента, месяц и сумму.","Определить клиентов, у которых месячная сумма платежей превышает как среднемесячную сумму этого же клиента за предыдущие 4 месяца, так и среднюю сумму по всем клиентам из того же города минимум в 2,5 раза, при этом количество уникальных сотрудников, принявших эти платежи, не менее 3, а количество различных магазинов — не менее 2. Для каждого месяца по каждому клиенту рассчитать сумму и количество платежей, а также число уникальных сотрудников и магазинов.",2,bc541f34-969b-561e-a311-3871325045fb-sql,297ddd3c-632b-5a12-862e-43c68a88950c-sql;04810e06-3d2c-5877-ad0e-681a0b440fe0-sql;a2ca386f-5b32-5dad-8e4b-2523418c4732-sql;3c016477-207a-5b36-8600-77ecf31a1ed7-sql;bc541f34-969b-561e-a311-3871325045fb-sql,3c016477-207a-5b36-8600-77ecf31a1ed7-sql;297ddd3c-632b-5a12-862e-43c68a88950c-sql;bc541f34-969b-561e-a311-3871325045fb-sql;f0beccbb-786e-544c-819d-1a939769636d-sql;a2ca386f-5b32-5dad-8e4b-2523418c4732-sql,a2ca386f-5b32-5dad-8e4b-2523418c4732-sql;04810e06-3d2c-5877-ad0e-681a0b440fe0-sql;297ddd3c-632b-5a12-862e-43c68a88950c-sql;bc541f34-969b-561e-a311-3871325045fb-sql;f0beccbb-786e-544c-819d-1a939769636d-sql
sakila,"Выявить клиентов для банковского мониторинга, у которых в течение одного календарного месяца было не менее 5 платежей, месячная сумма платежей превысила их среднюю месячную сумму за предыдущие месяцы более чем в 2 раза, при этом хотя бы один платёж был проведён сотрудником магазина, расположенного в стране, отличной от страны адреса клиента; для таких клиентов вывести месяц, ФИО клиента, страну клиента, количество платежей, сумму платежей, отклонение от исторического среднего, количество разных сотрудников и магазинов, а также ранг клиента внутри месяца по величине превышения над его историческим средним.",hard,9a5bfdbf-35aa-417b-870e-1f190a591bbf,"Скрипт для формирования списка клиентов, у которых в пределах одного календарного месяца было не менее 5 платежей, месячная сумма превышала более чем в 2 раза их средний месячный платеж за предыдущие периоды, при этом хотя бы один платёж был проведён сотрудником магазина из другой страны, с выводом месяца, ФИО, страны клиента, числа и суммы платежей, отклонения от исторического среднего, числа разных сотрудников и магазинов, а также ранга по величине превышения над средним.","Скрипт для выявления клиентов банковского мониторинга, у которых в течение одного календарного месяца было не менее 5 платежей, а сумма платежей за месяц более чем в 2 раза превысила их историческое среднее месячное значение за предыдущие периоды, при этом хотя бы один платёж был проведён сотрудником магазина, расположенного в стране, отличной от страны адреса клиента; для таких клиентов формируется помесячный список с указанием месяца, ФИО и страны клиента, количества и суммы платежей, отклонения от исторического среднего, числа разных сотрудников и магазинов, а также ранга клиента внутри месяца по величине превышения над его историческим средним.","Скрипт для выявления клиентов банковского мониторинга, у которых в пределах одного календарного месяца выполнено не менее 5 платежей, суммарная сумма месячных платежей более чем в 2 раза превышает их среднюю месячную сумму за предыдущие месяцы, и при этом хотя бы один платёж проведён сотрудником магазина, расположенного в стране, отличной от страны адреса клиента; результат формируется с группировкой по месяцу и клиенту, включает ФИО клиента, страну клиента, количество платежей, сумму платежей, отклонение от исторического среднего, число уникальных сотрудников и магазинов, а также ранг клиента внутри месяца по величине превышения над историческим средним.","Скрипт для выявления клиентов, у которых за любой квартал было не менее 10 платежей, квартальная сумма платежей превышает их среднюю квартальную сумму за предыдущие два квартала более чем в 1,5 раза, и хотя бы один платёж проведён сотрудником магазина, расположенного в стране, отличной от страны адреса клиента; вывод: квартал, ФИО клиента, страна клиента, количество платежей, сумма платежей, отклонение от исторического среднего, количество разных сотрудников и магазинов, а также ранг клиента внутри квартала по величине превышения.","Для целей противодействия отмыванию денег необходимо выявить клиентов, у которых в отчётном месяце количество совершённых транзакций (платежей) было не менее четырёх, а общая сумма транзакций превысила их среднемесячный объём за предыдущие полгода не менее чем в 1,8 раза. Дополнительным индикатором является тот факт, что хотя бы одна из транзакций была обработана сотрудником, работающим в магазине, находящемся в иной стране, чем страна проживания клиента. Для каждого такого клиента по месяцам вывести: месяц, имя и фамилию клиента, страну проживания, количество транзакций, сумму транзакций, процент отклонения от среднего исторического, количество уникальных сотрудников и магазинов, участвовавших в транзакциях, а также ранг клиента внутри месяца по размеру превышения над его историческим средним.","Сформировать отчёт, содержащий клиентов, у которых в течение одного календарного полугодия количество аренд составило не менее 6, а средняя стоимость аренды (сумма платежей за полугодие / количество аренд) превысила их среднегодовую стоимость аренды за предыдущие полугодия более чем на 2 стандартных отклонения; дополнительно условие — хотя бы одна аренда была оформлена через магазин, расположенный в стране, отличной от страны проживания клиента, но в том же городе. Для каждого такого клиента вывести полугодие (начало полугодия), ФИО клиента, страну клиента, количество аренд, сумму платежей, среднюю стоимость аренды, отклонение от исторического среднего в денежном выражении, количество задействованных магазинов, и ранг клиента внутри полугодия по величине отклонения от исторического среднего стоимости аренды.",0,a2ca386f-5b32-5dad-8e4b-2523418c4732-sql,a2ca386f-5b32-5dad-8e4b-2523418c4732-sql;297ddd3c-632b-5a12-862e-43c68a88950c-sql;04810e06-3d2c-5877-ad0e-681a0b440fe0-sql;3c016477-207a-5b36-8600-77ecf31a1ed7-sql;f0beccbb-786e-544c-819d-1a939769636d-sql,a2ca386f-5b32-5dad-8e4b-2523418c4732-sql;f0beccbb-786e-544c-819d-1a939769636d-sql;297ddd3c-632b-5a12-862e-43c68a88950c-sql;bc541f34-969b-561e-a311-3871325045fb-sql;04810e06-3d2c-5877-ad0e-681a0b440fe0-sql,a2ca386f-5b32-5dad-8e4b-2523418c4732-sql;04810e06-3d2c-5877-ad0e-681a0b440fe0-sql;3c016477-207a-5b36-8600-77ecf31a1ed7-sql;f0beccbb-786e-544c-819d-1a939769636d-sql;cd51bd24-0f7e-5f7f-96a3-927d7dcc56ba-sql
sakila,"Выявить клиентов для банковского мониторинга, у которых в течение одного календарного месяца было не менее 5 платежей, месячная сумма платежей превысила их среднюю месячную сумму за предыдущие месяцы более чем в 2 раза, при этом хотя бы один платёж был проведён сотрудником магазина, расположенного в стране, отличной от страны адреса клиента; для таких клиентов вывести месяц, ФИО клиента, страну клиента, количество платежей, сумму платежей, отклонение от исторического среднего, количество разных сотрудников и магазинов, а также ранг клиента внутри месяца по величине превышения над его историческим средним.",hard,9a5bfdbf-35aa-417b-870e-1f190a591bbf,"Скрипт для формирования списка клиентов, у которых в пределах одного календарного месяца было не менее 5 платежей, месячная сумма превышала более чем в 2 раза их средний месячный платеж за предыдущие периоды, при этом хотя бы один платёж был проведён сотрудником магазина из другой страны, с выводом месяца, ФИО, страны клиента, числа и суммы платежей, отклонения от исторического среднего, числа разных сотрудников и магазинов, а также ранга по величине превышения над средним.","Скрипт для выявления клиентов банковского мониторинга, у которых в течение одного календарного месяца было не менее 5 платежей, а сумма платежей за месяц более чем в 2 раза превысила их историческое среднее месячное значение за предыдущие периоды, при этом хотя бы один платёж был проведён сотрудником магазина, расположенного в стране, отличной от страны адреса клиента; для таких клиентов формируется помесячный список с указанием месяца, ФИО и страны клиента, количества и суммы платежей, отклонения от исторического среднего, числа разных сотрудников и магазинов, а также ранга клиента внутри месяца по величине превышения над его историческим средним.","Скрипт для выявления клиентов банковского мониторинга, у которых в пределах одного календарного месяца выполнено не менее 5 платежей, суммарная сумма месячных платежей более чем в 2 раза превышает их среднюю месячную сумму за предыдущие месяцы, и при этом хотя бы один платёж проведён сотрудником магазина, расположенного в стране, отличной от страны адреса клиента; результат формируется с группировкой по месяцу и клиенту, включает ФИО клиента, страну клиента, количество платежей, сумму платежей, отклонение от исторического среднего, число уникальных сотрудников и магазинов, а также ранг клиента внутри месяца по величине превышения над историческим средним.","Скрипт для поиска клиентов, у которых в одном календарном месяце было не менее 6 платежей, а их месячная сумма превысила среднемесячную сумму за предыдущие 2 квартала более чем в 1,8 раза, и хотя бы один платёж провёл сотрудник магазина, расположенного в другом городе, чем адрес клиента; для таких клиентов вывести месяц, фамилию и имя, страну, число и сумму платежей, отклонение от исторического среднего, количество уникальных сотрудников и магазинов, а также внутренний рейтинг клиента за месяц по величине превышения.","Определить клиентов, подозрительных на отмывание денег, у которых в одном календарном месяце было не менее 3 платежей, месячная сумма платежей превышает их среднемесячную сумму за предыдущие 2 месяца более чем в 1.8 раза, и при этом хотя бы один платеж был обработан сотрудником магазина, расположенного в городе, отличном от города проживания клиента. Для таких клиентов вывести месяц, ФИО клиента, страну и город клиента, количество платежей, сумму платежей, коэффициент превышения среднего, число различных сотрудников и магазинов, а также ранг клиента внутри месяца по величине превышения.","Определить клиентов, для которых в заданном календарном квартале (по полю p06) общая сумма платежей превышает среднюю квартальную сумму за предыдущие четыре полных квартала более чем в 1,5 раза. Дополнительно: за этот квартал клиент совершил платежи как минимум через три разных магазина (магазин определяется по сотруднику, принявшему платёж – stf.o07), причём хотя бы один из этих магазинов расположен в стране, отличной от страны адреса клиента. Для таких клиентов вывести: календарный квартал (год и номер квартала), полное имя клиента (h03, h04), название страны клиента (cnt.c02), сумму платежей за квартал, среднюю сумму за предыдущие четыре квартала, количество уникальных магазинов, через которые прошли платежи, количество уникальных сотрудников, обслуживавших платежи, и ранг клиента внутри квартала по убыванию отношения суммы платежей за квартал к среднему за предыдущие кварталы. Учитывать только клиентов, у которых за предыдущие четыре квартала были хотя бы какие-то платежи.",1,a2ca386f-5b32-5dad-8e4b-2523418c4732-sql,a2ca386f-5b32-5dad-8e4b-2523418c4732-sql;297ddd3c-632b-5a12-862e-43c68a88950c-sql;04810e06-3d2c-5877-ad0e-681a0b440fe0-sql;3c016477-207a-5b36-8600-77ecf31a1ed7-sql;cd51bd24-0f7e-5f7f-96a3-927d7dcc56ba-sql,bc541f34-969b-561e-a311-3871325045fb-sql;a2ca386f-5b32-5dad-8e4b-2523418c4732-sql;297ddd3c-632b-5a12-862e-43c68a88950c-sql;f0beccbb-786e-544c-819d-1a939769636d-sql;a37e8fe3-b54f-5f10-ac0b-c708ab653597-sql,a2ca386f-5b32-5dad-8e4b-2523418c4732-sql;04810e06-3d2c-5877-ad0e-681a0b440fe0-sql;f0beccbb-786e-544c-819d-1a939769636d-sql;297ddd3c-632b-5a12-862e-43c68a88950c-sql;bc541f34-969b-561e-a311-3871325045fb-sql
sakila,"Выявить клиентов для банковского мониторинга, у которых в течение одного календарного месяца было не менее 5 платежей, месячная сумма платежей превысила их среднюю месячную сумму за предыдущие месяцы более чем в 2 раза, при этом хотя бы один платёж был проведён сотрудником магазина, расположенного в стране, отличной от страны адреса клиента; для таких клиентов вывести месяц, ФИО клиента, страну клиента, количество платежей, сумму платежей, отклонение от исторического среднего, количество разных сотрудников и магазинов, а также ранг клиента внутри месяца по величине превышения над его историческим средним.",hard,9a5bfdbf-35aa-417b-870e-1f190a591bbf,"Скрипт для формирования списка клиентов, у которых в пределах одного календарного месяца было не менее 5 платежей, месячная сумма превышала более чем в 2 раза их средний месячный платеж за предыдущие периоды, при этом хотя бы один платёж был проведён сотрудником магазина из другой страны, с выводом месяца, ФИО, страны клиента, числа и суммы платежей, отклонения от исторического среднего, числа разных сотрудников и магазинов, а также ранга по величине превышения над средним.","Скрипт для выявления клиентов банковского мониторинга, у которых в течение одного календарного месяца было не менее 5 платежей, а сумма платежей за месяц более чем в 2 раза превысила их историческое среднее месячное значение за предыдущие периоды, при этом хотя бы один платёж был проведён сотрудником магазина, расположенного в стране, отличной от страны адреса клиента; для таких клиентов формируется помесячный список с указанием месяца, ФИО и страны клиента, количества и суммы платежей, отклонения от исторического среднего, числа разных сотрудников и магазинов, а также ранга клиента внутри месяца по величине превышения над его историческим средним.","Скрипт для выявления клиентов банковского мониторинга, у которых в пределах одного календарного месяца выполнено не менее 5 платежей, суммарная сумма месячных платежей более чем в 2 раза превышает их среднюю месячную сумму за предыдущие месяцы, и при этом хотя бы один платёж проведён сотрудником магазина, расположенного в стране, отличной от страны адреса клиента; результат формируется с группировкой по месяцу и клиенту, включает ФИО клиента, страну клиента, количество платежей, сумму платежей, отклонение от исторического среднего, число уникальных сотрудников и магазинов, а также ранг клиента внутри месяца по величине превышения над историческим средним.","Скрипт для выявления клиентов, у которых в течение одного квартала было более 10 платежей, квартальная сумма платежей превысила их среднюю квартальную сумму за предыдущие 4 квартала более чем в 1.5 раза, и хотя бы один платёж обработан сотрудником магазина из страны, отличной от страны клиента, с выводом квартала, ФИО, страны, числа платежей, суммы, отклонения от исторического среднего, количества сотрудников и магазинов, а также ранга клиента по величине превышения.","Цель: выявление клиентов с подозрительной активностью, у которых в течение одной календарной недели совершено не менее 3 платежей, сумма которых превышает их среднюю недельную сумму за предыдущие 8 недель более чем на 50%, при этом хотя бы один платёж проведён через магазин в стране, отличной от страны проживания клиента. Для каждого такого клиента за каждую неделю необходимо рассчитать: неделю, полное имя клиента, его страну, количество платежей за неделю, общую сумму, процент превышения над историческим средним, количество различных сотрудников, проводивших платежи, количество задействованных магазинов, а также ранг клиента внутри данной недели по величине превышения.","Определить клиентов, у которых в течение одного календарного квартала было не менее 8 платежей, квартальная сумма платежей превысила их среднюю квартальную сумму за все предыдущие кварталы более чем в 2 раза, при этом хотя бы один платёж был проведён сотрудником магазина, расположенного в стране, отличной от страны адреса клиента; для таких клиентов вывести квартал (год и номер квартала), ФИО клиента, страну клиента, количество платежей, сумму платежей, отклонение от исторического среднего (абсолютное и в процентах), количество разных сотрудников и магазинов, а также ранг клиента внутри квартала по величине отклонения.",2,a2ca386f-5b32-5dad-8e4b-2523418c4732-sql,a2ca386f-5b32-5dad-8e4b-2523418c4732-sql;297ddd3c-632b-5a12-862e-43c68a88950c-sql;04810e06-3d2c-5877-ad0e-681a0b440fe0-sql;5b709a9e-4bc2-5925-873e-2a6c1c390e46-sql;f0beccbb-786e-544c-819d-1a939769636d-sql,bc541f34-969b-561e-a311-3871325045fb-sql;e32bf41a-4810-5cde-9a8d-ee065ec84ed7-sql;f33a80fc-7e9f-5f21-a406-97686654333d-sql;f0beccbb-786e-544c-819d-1a939769636d-sql;5b709a9e-4bc2-5925-873e-2a6c1c390e46-sql,a2ca386f-5b32-5dad-8e4b-2523418c4732-sql;04810e06-3d2c-5877-ad0e-681a0b440fe0-sql;f0beccbb-786e-544c-819d-1a939769636d-sql;297ddd3c-632b-5a12-862e-43c68a88950c-sql;cd51bd24-0f7e-5f7f-96a3-927d7dcc56ba-sql
sakila,"Выявить клиентов, у которых за каждый месяц 2005 года сумма платежей превышала среднюю месячную сумму по их стране более чем на 50%, при этом не менее трёх платежей в месяце были проведены разными сотрудниками или в разных магазинах, и вывести для таких клиентов месяц, страну, город, общую сумму платежей, количество операций, долю операций с возвратом аренды позже установленного срока фильма, а также ранг клиента внутри страны по месячной сумме платежей.",hard,f34812da-34b5-4c26-b550-14078da740a7,"Скрипт для формирования списка клиентов, чьи ежемесячные платежи за каждый месяц 2005 года превышают среднюю месячную сумму по стране более чем на 50% при наличии не менее трёх платежей разными сотрудниками или в разных магазинах, с выводом месяца, страны, города, общей суммы, количества операций, доли просроченных возвратов и ранга клиента внутри страны по месячной сумме платежей.","Скрипт для формирования списка клиентов, у которых в каждый месяц 2005 года сумма платежей превышала среднюю месячную сумму по их стране более чем на 50%, при условии что в месяце было не менее трёх платежей, проведённых разными сотрудниками или в разных магазинах, с выводом месяца, страны, города, общей суммы платежей, количества операций, доли операций с возвратом аренды позже установленного срока и ранга клиента внутри страны по месячной сумме платежей.","Скрипт для формирования списка клиентов, у которых в каждый месяц 2005 года сумма платежей превышала среднюю месячную сумму по их стране более чем на 50%, при этом в месяце было не менее трёх платежей, проведённых разными сотрудниками или через разные магазины; результат должен содержать месяц, страну, город, общую сумму платежей, количество операций, долю операций с возвратом аренды позже установленного срока фильма и ранг клиента внутри страны по месячной сумме платежей, с агрегированием по клиенту и месяцу, сопоставлением клиента с адресом, городом и страной, а также с расчётом просрочки возврата на основе данных аренды и сроков фильмов.","Скрипт для выявления клиентов, у которых в каждом месяце 2005 года сумма платежей превышала среднемесячную сумму по их стране более чем на 30%, и не менее двух платежей в месяц были проведены разными сотрудниками, с выводом месяца, страны, города, общей суммы платежей, количества платежей, доли просроченных возвратов и ранга клиента по сумме в стране.","Для целей программы лояльности необходимо выявить клиентов, которые в каждом квартале 2005 года демонстрировали уровень расходов, превышающий среднемесячный показатель по своей стране не менее чем в 1,3 раза, при условии, что не менее трёх операций за квартал были проведены через разных кассиров. По каждому такому клиенту за каждый квартал предоставить: страну, город, итоговую сумму платежей, количество транзакций, долю аренд, возвращённых позже установленного срока, и позицию клиента в рейтинге по сумме платежей внутри страны за квартал.","Отобрать клиентов, у которых за каждый месяц первого полугодия 2005 года сумма платежей превышала среднюю месячную сумму платежей по их стране более чем на 40%, при этом в каждом таком месяце не менее трёх платежей были обработаны разными сотрудниками, а также не менее двух различных магазинов участвовало в проведении платежей, и вывести месяц, страну, город, общую сумму платежей, количество уникальных сотрудников, количество уникальных магазинов, среднюю стоимость аренды фильма за месяц, долю платежей, связанных с возвратом аренды позже установленного срока (когда дата возврата превышает дату выдачи плюс длительность аренды из таблицы flm), и ранг клиента внутри страны по общей сумме платежей за указанный период.",0,04810e06-3d2c-5877-ad0e-681a0b440fe0-sql,04810e06-3d2c-5877-ad0e-681a0b440fe0-sql;a37e8fe3-b54f-5f10-ac0b-c708ab653597-sql;f0beccbb-786e-544c-819d-1a939769636d-sql;a2ca386f-5b32-5dad-8e4b-2523418c4732-sql;297ddd3c-632b-5a12-862e-43c68a88950c-sql,04810e06-3d2c-5877-ad0e-681a0b440fe0-sql;f0beccbb-786e-544c-819d-1a939769636d-sql;a37e8fe3-b54f-5f10-ac0b-c708ab653597-sql;a2ca386f-5b32-5dad-8e4b-2523418c4732-sql;3c016477-207a-5b36-8600-77ecf31a1ed7-sql,04810e06-3d2c-5877-ad0e-681a0b440fe0-sql;f0beccbb-786e-544c-819d-1a939769636d-sql;a2ca386f-5b32-5dad-8e4b-2523418c4732-sql;a37e8fe3-b54f-5f10-ac0b-c708ab653597-sql;3c016477-207a-5b36-8600-77ecf31a1ed7-sql
sakila,"Выявить клиентов, у которых за каждый месяц 2005 года сумма платежей превышала среднюю месячную сумму по их стране более чем на 50%, при этом не менее трёх платежей в месяце были проведены разными сотрудниками или в разных магазинах, и вывести для таких клиентов месяц, страну, город, общую сумму платежей, количество операций, долю операций с возвратом аренды позже установленного срока фильма, а также ранг клиента внутри страны по месячной сумме платежей.",hard,f34812da-34b5-4c26-b550-14078da740a7,"Скрипт для формирования списка клиентов, чьи ежемесячные платежи за каждый месяц 2005 года превышают среднюю месячную сумму по стране более чем на 50% при наличии не менее трёх платежей разными сотрудниками или в разных магазинах, с выводом месяца, страны, города, общей суммы, количества операций, доли просроченных возвратов и ранга клиента внутри страны по месячной сумме платежей.","Скрипт для формирования списка клиентов, у которых в каждый месяц 2005 года сумма платежей превышала среднюю месячную сумму по их стране более чем на 50%, при условии что в месяце было не менее трёх платежей, проведённых разными сотрудниками или в разных магазинах, с выводом месяца, страны, города, общей суммы платежей, количества операций, доли операций с возвратом аренды позже установленного срока и ранга клиента внутри страны по месячной сумме платежей.","Скрипт для формирования списка клиентов, у которых в каждый месяц 2005 года сумма платежей превышала среднюю месячную сумму по их стране более чем на 50%, при этом в месяце было не менее трёх платежей, проведённых разными сотрудниками или через разные магазины; результат должен содержать месяц, страну, город, общую сумму платежей, количество операций, долю операций с возвратом аренды позже установленного срока фильма и ранг клиента внутри страны по месячной сумме платежей, с агрегированием по клиенту и месяцу, сопоставлением клиента с адресом, городом и страной, а также с расчётом просрочки возврата на основе данных аренды и сроков фильмов.","Скрипт для выявления клиентов, у которых в каждом квартале 2005 года количество аренд превышало среднее по их городу не менее чем на 30%, при этом арендованные фильмы относились как минимум к двум разным категориям, с выводом квартала, города, страны, общего количества аренд, доли возвратов с задержкой и ранга клиента внутри города по числу аренд.","Провести скоринг клиентов сети проката по ежемесячной активности в 2005 году: выявить клиентов, чья сумма платежей за каждый месяц превышала среднемесячную по их стране более чем на 50%, при этом не менее трёх платежей в этом месяце были обслужены разными сотрудниками или в разных магазинах; для отобранных клиентов помесячно отразить страну, город, общую сумму платежей, количество операций, долю возвратов с просрочкой аренды, а также ранг клиента внутри страны по месячной сумме.","Определить клиентов, у которых за каждый месяц второго квартала 2005 года (апрель–июнь) количество аренд превышало среднемесячное количество аренд по всем клиентам их города более чем на 25%, при этом сумма платежей за месяц составила не менее 50 долларов, а среди аренд этого месяца хотя бы две были возвращены с задержкой (дата возврата позже даты выдачи, увеличенной на длительность аренды i07 из таблицы flm). Для таких клиентов вывести месяц, город, общее количество аренд, общую сумму платежей, количество просроченных аренд, их долю от общего числа аренд в месяце, а также ранг клиента внутри города по количеству аренд за месяц.",1,04810e06-3d2c-5877-ad0e-681a0b440fe0-sql,3c016477-207a-5b36-8600-77ecf31a1ed7-sql;04810e06-3d2c-5877-ad0e-681a0b440fe0-sql;a37e8fe3-b54f-5f10-ac0b-c708ab653597-sql;f0beccbb-786e-544c-819d-1a939769636d-sql;41aad428-dc81-5b3b-a5c9-48c6547c1e6b-sql,04810e06-3d2c-5877-ad0e-681a0b440fe0-sql;f0beccbb-786e-544c-819d-1a939769636d-sql;a37e8fe3-b54f-5f10-ac0b-c708ab653597-sql;3c016477-207a-5b36-8600-77ecf31a1ed7-sql;a2ca386f-5b32-5dad-8e4b-2523418c4732-sql,04810e06-3d2c-5877-ad0e-681a0b440fe0-sql;3c016477-207a-5b36-8600-77ecf31a1ed7-sql;a2ca386f-5b32-5dad-8e4b-2523418c4732-sql;79bc1f53-c827-5ca4-aca6-15549b2de722-sql;f0beccbb-786e-544c-819d-1a939769636d-sql
sakila,"Выявить клиентов, у которых за каждый месяц 2005 года сумма платежей превышала среднюю месячную сумму по их стране более чем на 50%, при этом не менее трёх платежей в месяце были проведены разными сотрудниками или в разных магазинах, и вывести для таких клиентов месяц, страну, город, общую сумму платежей, количество операций, долю операций с возвратом аренды позже установленного срока фильма, а также ранг клиента внутри страны по месячной сумме платежей.",hard,f34812da-34b5-4c26-b550-14078da740a7,"Скрипт для формирования списка клиентов, чьи ежемесячные платежи за каждый месяц 2005 года превышают среднюю месячную сумму по стране более чем на 50% при наличии не менее трёх платежей разными сотрудниками или в разных магазинах, с выводом месяца, страны, города, общей суммы, количества операций, доли просроченных возвратов и ранга клиента внутри страны по месячной сумме платежей.","Скрипт для формирования списка клиентов, у которых в каждый месяц 2005 года сумма платежей превышала среднюю месячную сумму по их стране более чем на 50%, при условии что в месяце было не менее трёх платежей, проведённых разными сотрудниками или в разных магазинах, с выводом месяца, страны, города, общей суммы платежей, количества операций, доли операций с возвратом аренды позже установленного срока и ранга клиента внутри страны по месячной сумме платежей.","Скрипт для формирования списка клиентов, у которых в каждый месяц 2005 года сумма платежей превышала среднюю месячную сумму по их стране более чем на 50%, при этом в месяце было не менее трёх платежей, проведённых разными сотрудниками или через разные магазины; результат должен содержать месяц, страну, город, общую сумму платежей, количество операций, долю операций с возвратом аренды позже установленного срока фильма и ранг клиента внутри страны по месячной сумме платежей, с агрегированием по клиенту и месяцу, сопоставлением клиента с адресом, городом и страной, а также с расчётом просрочки возврата на основе данных аренды и сроков фильмов.","Скрипт для поиска клиентов, у которых в каждом месяце 2005 года общая сумма платежей превышала среднемесячную сумму по городу не менее чем на 40% и содержала минимум два платежа от разных сотрудников, с выводом месяца, страны, города, итоговой суммы, числа платежей, медианной суммы платежа, доли просроченных возвратов и ранга клиента по сумме внутри города за месяц.",None,"Определить клиентов, у которых в каждом квартале 2005 года общая сумма платежей превышала среднюю квартальную сумму по их стране не менее чем на 40%, при этом в каждом квартале было не менее двух платежей, проведённых разными сотрудниками, и вывести для таких клиентов квартал, страну, город, общую сумму платежей, количество аренд, среднюю разницу между фактической датой возврата и ожидаемой датой возврата (рассчитанной как дата выдачи плюс длительность аренды фильма), а также ранг клиента внутри страны по общей сумме платежей за квартал.",2,04810e06-3d2c-5877-ad0e-681a0b440fe0-sql,04810e06-3d2c-5877-ad0e-681a0b440fe0-sql;a37e8fe3-b54f-5f10-ac0b-c708ab653597-sql;f0beccbb-786e-544c-819d-1a939769636d-sql;a2ca386f-5b32-5dad-8e4b-2523418c4732-sql;41aad428-dc81-5b3b-a5c9-48c6547c1e6b-sql,a89aea53-a231-5743-b3c7-2e203554906f-sql;09c83b98-73c4-5969-bb10-6217ba0cc214-sql;3658aec1-bae4-5034-9bf6-a362440e78b4-sql;d0feb92f-6c89-55d7-a7dd-6d584c3eb42c-sql;0975f712-4c74-5187-b542-54f304f1d17a-sql,04810e06-3d2c-5877-ad0e-681a0b440fe0-sql;a37e8fe3-b54f-5f10-ac0b-c708ab653597-sql;f0beccbb-786e-544c-819d-1a939769636d-sql;a2ca386f-5b32-5dad-8e4b-2523418c4732-sql;3c016477-207a-5b36-8600-77ecf31a1ed7-sql
sakila,"Выявить клиентов с подозрительной платёжной активностью: за каждый месяц 2005 года посчитать по клиенту количество платежей, общую сумму и средний чек, сравнить эти показатели со средними значениями по его городу и стране, найти клиентов, у которых месячная сумма платежей минимум в 3 раза выше среднего по городу или входит в топ-5% по стране, дополнительно показать их предыдущий месячный оборот, процентный рост к предыдущему месяцу, количество разных сотрудников, принявших платежи, и самый крупный платёж за месяц.",hard,dcfcfee7-07aa-4427-bf2f-3c4ac641762a,"Скрипт для выявления клиентов с подозрительной платёжной активностью по месяцам 2005 года, сравнения их оборота со средними значениями по городу и стране, а также расчёта предыдущего месячного оборота, роста к прошлому месяцу, числа сотрудников и максимального платежа.","Скрипт для выявления клиентов с подозрительной платёжной активностью по месяцам 2005 года: рассчитывает по каждому клиенту количество платежей, общую сумму и средний чек, сопоставляет эти показатели со средними значениями по городу и стране, отбирает клиентов, у которых месячная сумма платежей минимум в 3 раза выше среднего по городу или входит в топ-5% по стране, а также дополнительно определяет предыдущий месячный оборот, процентный рост к предыдущему месяцу, число разных сотрудников, принимавших платежи, и максимальный платёж за месяц.","Скрипт для формирования помесячной аналитики платёжной активности клиентов за 2005 год: для каждого клиента и месяца рассчитываются количество платежей, общая сумма и средний чек, затем эти показатели сопоставляются со средними значениями по городу проживания и стране клиента; в результат включаются только клиенты, у которых месячная сумма платежей не менее чем в 3 раза превышает среднее по городу либо попадает в верхние 5% по стране; дополнительно для таких случаев определяется предыдущий месячный оборот, процентный рост относительно предыдущего месяца, число различных сотрудников, принявших платежи, и максимальный платёж за месяц.","Скрипт для выявления клиентов с аномальной арендной активностью: за каждый месяц 2005 года посчитать по клиенту количество аренд, среднюю длительность удержания фильма и количество просрочек, сравнить со средними значениями по его городу и стране, найти клиентов, у которых число аренд минимум вдвое выше среднего по городу или входит в топ-3% по стране, дополнительно показать их предыдущий месячный показатель аренд, процентный рост к предыдущему месяцу и общую сумму всех платежей за месяц.","Для каждого города (на основе адресов клиентов) рассчитать помесячную выручку за последние 12 месяцев, вычислить прирост к предыдущему месяцу, долю от общей выручки страны, количество уникальных клиентов и максимальный разовый платёж в каждом месяце.","Провести анализ аномальной арендной активности клиентов: за каждый месяц второго полугодия 2005 года сгруппировать по клиентам количество завершённых аренд (с ненулевой датой возврата), суммарную длительность аренды в днях и среднюю длительность, сопоставить эти метрики со средними значениями по городу проживания клиента и по стране, отобрать клиентов, у которых количество аренд за месяц превышает среднее по городу не менее чем в 2,5 раза или занимает позицию в верхних 2% по стране, для каждого такого клиента за каждый месяц дополнительно рассчитать общую сумму платежей за этот месяц, предыдущее месячное значение суммы платежей, процент изменения к предыдущему месяцу, количество уникальных магазинов, где производилась аренда, и максимальную длительность одной аренды за месяц. Результат упорядочить по месяцу и убыванию количества аренд.",0,41aad428-dc81-5b3b-a5c9-48c6547c1e6b-sql,3c016477-207a-5b36-8600-77ecf31a1ed7-sql;f0beccbb-786e-544c-819d-1a939769636d-sql;41aad428-dc81-5b3b-a5c9-48c6547c1e6b-sql;e32bf41a-4810-5cde-9a8d-ee065ec84ed7-sql;cd51bd24-0f7e-5f7f-96a3-927d7dcc56ba-sql,04810e06-3d2c-5877-ad0e-681a0b440fe0-sql;41aad428-dc81-5b3b-a5c9-48c6547c1e6b-sql;a2ca386f-5b32-5dad-8e4b-2523418c4732-sql;bc541f34-969b-561e-a311-3871325045fb-sql;297ddd3c-632b-5a12-862e-43c68a88950c-sql,f0beccbb-786e-544c-819d-1a939769636d-sql;3c016477-207a-5b36-8600-77ecf31a1ed7-sql;41aad428-dc81-5b3b-a5c9-48c6547c1e6b-sql;04810e06-3d2c-5877-ad0e-681a0b440fe0-sql;e32bf41a-4810-5cde-9a8d-ee065ec84ed7-sql
sakila,"Выявить клиентов с подозрительной платёжной активностью: за каждый месяц 2005 года посчитать по клиенту количество платежей, общую сумму и средний чек, сравнить эти показатели со средними значениями по его городу и стране, найти клиентов, у которых месячная сумма платежей минимум в 3 раза выше среднего по городу или входит в топ-5% по стране, дополнительно показать их предыдущий месячный оборот, процентный рост к предыдущему месяцу, количество разных сотрудников, принявших платежи, и самый крупный платёж за месяц.",hard,dcfcfee7-07aa-4427-bf2f-3c4ac641762a,"Скрипт для выявления клиентов с подозрительной платёжной активностью по месяцам 2005 года, сравнения их оборота со средними значениями по городу и стране, а также расчёта предыдущего месячного оборота, роста к прошлому месяцу, числа сотрудников и максимального платежа.","Скрипт для выявления клиентов с подозрительной платёжной активностью по месяцам 2005 года: рассчитывает по каждому клиенту количество платежей, общую сумму и средний чек, сопоставляет эти показатели со средними значениями по городу и стране, отбирает клиентов, у которых месячная сумма платежей минимум в 3 раза выше среднего по городу или входит в топ-5% по стране, а также дополнительно определяет предыдущий месячный оборот, процентный рост к предыдущему месяцу, число разных сотрудников, принимавших платежи, и максимальный платёж за месяц.","Скрипт для формирования помесячной аналитики платёжной активности клиентов за 2005 год: для каждого клиента и месяца рассчитываются количество платежей, общая сумма и средний чек, затем эти показатели сопоставляются со средними значениями по городу проживания и стране клиента; в результат включаются только клиенты, у которых месячная сумма платежей не менее чем в 3 раза превышает среднее по городу либо попадает в верхние 5% по стране; дополнительно для таких случаев определяется предыдущий месячный оборот, процентный рост относительно предыдущего месяца, число различных сотрудников, принявших платежи, и максимальный платёж за месяц.","Скрипт для выявления клиентов с аномально высокой частотой платежей: за каждый месяц 2005 года найти клиентов, у которых количество платежей более чем вдвое превышает среднее по городу или входит в топ-3% по стране, с дополнительным расчётом изменения к предыдущему месяцу и максимального разового платежа.","Идентифицировать клиентов с аномальной частотой платежей в 2005 году: для каждого клиента за каждый месяц посчитать количество транзакций и общую сумму, сравнить со средними показателями по городу и стране, отобрать клиентов, у которых количество транзакций превышает среднее по городу в 2 раза или сумма входит в топ-10% по стране, также показать сумму предыдущего месяца, изменение в процентах, количество уникальных сотрудников, обслуживших клиента, и самый крупный платёж за месяц.","Выявить клиентов с подозрительной активностью по арендам: за каждый месяц 2005 года по каждому клиенту рассчитать количество аренд, общую сумму платежей по этим арендам и среднюю длительность аренды (разница между датой возврата и выдачи), сравнить эти показатели со средними значениями по городу клиента и по стране, найти клиентов, у которых количество аренд как минимум в 2 раза превышает среднее по городу или общая сумма платежей попадает в топ-10% по стране за этот месяц, дополнительно для таких клиентов вывести их показатели за предыдущий месяц, процентный рост по количеству аренд, количество уникальных фильмов, которые они брали, и самую популярную категорию среди взятых фильмов.",1,41aad428-dc81-5b3b-a5c9-48c6547c1e6b-sql,f0beccbb-786e-544c-819d-1a939769636d-sql;41aad428-dc81-5b3b-a5c9-48c6547c1e6b-sql;5b709a9e-4bc2-5925-873e-2a6c1c390e46-sql;04810e06-3d2c-5877-ad0e-681a0b440fe0-sql;a37e8fe3-b54f-5f10-ac0b-c708ab653597-sql,f0beccbb-786e-544c-819d-1a939769636d-sql;a37e8fe3-b54f-5f10-ac0b-c708ab653597-sql;41aad428-dc81-5b3b-a5c9-48c6547c1e6b-sql;04810e06-3d2c-5877-ad0e-681a0b440fe0-sql;bc541f34-969b-561e-a311-3871325045fb-sql,41aad428-dc81-5b3b-a5c9-48c6547c1e6b-sql;3c016477-207a-5b36-8600-77ecf31a1ed7-sql;f0beccbb-786e-544c-819d-1a939769636d-sql;e32bf41a-4810-5cde-9a8d-ee065ec84ed7-sql;a37e8fe3-b54f-5f10-ac0b-c708ab653597-sql
sakila,"Выявить клиентов с подозрительной платёжной активностью: за каждый месяц 2005 года посчитать по клиенту количество платежей, общую сумму и средний чек, сравнить эти показатели со средними значениями по его городу и стране, найти клиентов, у которых месячная сумма платежей минимум в 3 раза выше среднего по городу или входит в топ-5% по стране, дополнительно показать их предыдущий месячный оборот, процентный рост к предыдущему месяцу, количество разных сотрудников, принявших платежи, и самый крупный платёж за месяц.",hard,dcfcfee7-07aa-4427-bf2f-3c4ac641762a,"Скрипт для выявления клиентов с подозрительной платёжной активностью по месяцам 2005 года, сравнения их оборота со средними значениями по городу и стране, а также расчёта предыдущего месячного оборота, роста к прошлому месяцу, числа сотрудников и максимального платежа.","Скрипт для выявления клиентов с подозрительной платёжной активностью по месяцам 2005 года: рассчитывает по каждому клиенту количество платежей, общую сумму и средний чек, сопоставляет эти показатели со средними значениями по городу и стране, отбирает клиентов, у которых месячная сумма платежей минимум в 3 раза выше среднего по городу или входит в топ-5% по стране, а также дополнительно определяет предыдущий месячный оборот, процентный рост к предыдущему месяцу, число разных сотрудников, принимавших платежи, и максимальный платёж за месяц.","Скрипт для формирования помесячной аналитики платёжной активности клиентов за 2005 год: для каждого клиента и месяца рассчитываются количество платежей, общая сумма и средний чек, затем эти показатели сопоставляются со средними значениями по городу проживания и стране клиента; в результат включаются только клиенты, у которых месячная сумма платежей не менее чем в 3 раза превышает среднее по городу либо попадает в верхние 5% по стране; дополнительно для таких случаев определяется предыдущий месячный оборот, процентный рост относительно предыдущего месяца, число различных сотрудников, принявших платежи, и максимальный платёж за месяц.","Скрипт для выявления категорий фильмов с аномально высокой выручкой: за каждый месяц 2005 года для каждой категории посчитать общую выручку, количество аренд и среднюю стоимость аренды, сравнить со средними показателями по всем категориям, найти категории с выручкой минимум в 2 раза выше средней за месяц или входящие в топ-3 по выручке, и дополнительно показать их выручку за предыдущий месяц, процентный рост, количество разных фильмов в категории и максимальную сумму платежа за месяц.","Вывести клиентов, чья среднемесячная сумма платежей за последние три месяца превышает аналогичный показатель всех остальных клиентов, а также имеющих аренды фильмов не менее чем из трёх различных категорий за этот период. Для каждого такого клиента определить ранг по общей сумме платежей, количество уникальных категорий арендованных фильмов и долю платежей последнего месяца в общем объёме за квартал.","Определить клиентов, у которых среднемесячная сумма платежей за 2005 год превышает удвоенное среднемесячное значение по магазину, в котором они обслуживаются, и одновременно попадает в топ-10% по стране по этому же показателю. Для каждого такого клиента по каждому месяцу 2005 года вычислить: общее количество платежей, общую сумму, средний чек, количество уникальных фильмов, взятых в аренду в этом месяце, а также скользящее среднее суммы платежей за предыдущие три месяца (если данных достаточно) и процентное отклонение текущей суммы от этого скользящего среднего.",2,41aad428-dc81-5b3b-a5c9-48c6547c1e6b-sql,3c016477-207a-5b36-8600-77ecf31a1ed7-sql;41aad428-dc81-5b3b-a5c9-48c6547c1e6b-sql;f0beccbb-786e-544c-819d-1a939769636d-sql;5b709a9e-4bc2-5925-873e-2a6c1c390e46-sql;297ddd3c-632b-5a12-862e-43c68a88950c-sql,3c016477-207a-5b36-8600-77ecf31a1ed7-sql;a2ca386f-5b32-5dad-8e4b-2523418c4732-sql;297ddd3c-632b-5a12-862e-43c68a88950c-sql;04810e06-3d2c-5877-ad0e-681a0b440fe0-sql;bc541f34-969b-561e-a311-3871325045fb-sql,04810e06-3d2c-5877-ad0e-681a0b440fe0-sql;f0beccbb-786e-544c-819d-1a939769636d-sql;3c016477-207a-5b36-8600-77ecf31a1ed7-sql;a2ca386f-5b32-5dad-8e4b-2523418c4732-sql;cd51bd24-0f7e-5f7f-96a3-927d7dcc56ba-sql
sakila,"Выявить клиентов с аномальной платёжной активностью для банковского мониторинга: по каждому клиенту агрегировать платежи по дням, определить сумму и количество транзакций, сравнить дневную сумму с его скользящим средним за предыдущие 30 дней и со средним уровнем клиентов из той же страны, учитывать долю платежей через разных сотрудников и магазины, исключить клиентов с недостаточной историей, а затем вывести топ подозрительных дней, где сумма платежей превышает личную норму как минимум в 3 раза и одновременно входит в верхние 5% по стране.",hard,d2d890c2-7e67-4029-bcb0-1c132cd5fbc0,"Скрипт для выявления клиентов с аномальной платёжной активностью по дням на основе сравнения дневных сумм с личным скользящим средним и средним уровнем по стране, с учетом распределения платежей по сотрудникам и магазинам и отбором наиболее подозрительных дней.","Скрипт для выявления клиентов с аномальной платёжной активностью в разрезе дней: по каждому клиенту агрегирует платежи, рассчитывает дневную сумму и количество транзакций, сравнивает текущий уровень с его скользящим средним за предыдущие 30 дней и со средним показателем по клиентам той же страны, учитывает распределение операций между сотрудниками и магазинами, отфильтровывает клиентов с недостаточной историей и формирует список наиболее подозрительных дней, где сумма платежей как минимум втрое превышает личную норму и одновременно входит в верхние 5% по стране.","Скрипт для выявления клиентов с аномальной платёжной активностью: по каждому клиенту агрегируются платежи по дням с расчётом дневной суммы и числа транзакций, затем дневной объём сопоставляется со скользящим средним этого клиента за предыдущие 30 дней и со средним уровнем по стране клиента, дополнительно оценивается распределение платежей по сотрудникам и магазинам, исключаются записи с недостаточной историей наблюдений, после чего формируется список наиболее подозрительных дней, где сумма платежей как минимум в 3 раза превышает личную норму и одновременно попадает в верхние 5% значений по стране, с итоговой сортировкой по степени аномальности.","Скрипт для поиска аномальных дней платежей, когда дневная сумма клиента превышает его 90-й перцентиль за последние 60 дней и входит в верхние 3% среди клиентов той же страны, с учётом числа уникальных сотрудников и магазинов, через которые проведены платежи.","Выявить подозрительные транзакции клиентов, которые могут указывать на несанкционированное использование карт или отмывание средств: агрегировать платежи по клиентам и дням, вычислить отношение дневной суммы к среднему дневному расходу клиента за предыдущие 90 дней, а также сравнить со средним по стране проживания клиента; дополнительно учесть количество различных сотрудников и магазинов, через которые проводились платежи за день; считать аномальными дни, когда отношение превышает 5 и одновременно сумма входит в верхние 2% по стране; исключить клиентов с историей менее 30 дней.","По каждому клиенту агрегировать платежи по дням: вычислить дневную сумму и количество транзакций. Рассчитать скользящее среднее дневной суммы за предыдущие 60 дней (исключая текущий) и медиану дневной суммы по всем клиентам того же города. Исключить клиентов, у которых менее 30 дней с платежами. Для каждого дня определить отношение дневной суммы к скользящему среднему и к городовой медиане. Отобрать дни, где отношение к скользящему среднему превышает 4 и дневная сумма входит в верхние 10% по городу. Дополнительно рассчитать индекс концентрации платежей по сотрудникам (долю платежей, проведённых одним сотрудником, в общем количестве за день); если эта доля превышает 70%, считать день более подозрительным. Вывести для каждого клиента список таких дней с указанием суммы, количества транзакций, отклонений и доли основного сотрудника; отсортировать по убыванию дневной суммы.",0,65e519b5-5d33-5a1f-b195-4c7c96ad1205-sql,5b709a9e-4bc2-5925-873e-2a6c1c390e46-sql;65e519b5-5d33-5a1f-b195-4c7c96ad1205-sql;6f799c69-ea1c-5283-be79-c4a77fe793e8-sql;cd51bd24-0f7e-5f7f-96a3-927d7dcc56ba-sql;09c83b98-73c4-5969-bb10-6217ba0cc214-sql,65e519b5-5d33-5a1f-b195-4c7c96ad1205-sql;e32bf41a-4810-5cde-9a8d-ee065ec84ed7-sql;bc541f34-969b-561e-a311-3871325045fb-sql;09c83b98-73c4-5969-bb10-6217ba0cc214-sql;5b709a9e-4bc2-5925-873e-2a6c1c390e46-sql,65e519b5-5d33-5a1f-b195-4c7c96ad1205-sql;e32bf41a-4810-5cde-9a8d-ee065ec84ed7-sql;5edfbd20-52e1-53ba-a9c5-566411862a87-sql;6f799c69-ea1c-5283-be79-c4a77fe793e8-sql;f33a80fc-7e9f-5f21-a406-97686654333d-sql
sakila,"Выявить клиентов с аномальной платёжной активностью для банковского мониторинга: по каждому клиенту агрегировать платежи по дням, определить сумму и количество транзакций, сравнить дневную сумму с его скользящим средним за предыдущие 30 дней и со средним уровнем клиентов из той же страны, учитывать долю платежей через разных сотрудников и магазины, исключить клиентов с недостаточной историей, а затем вывести топ подозрительных дней, где сумма платежей превышает личную норму как минимум в 3 раза и одновременно входит в верхние 5% по стране.",hard,d2d890c2-7e67-4029-bcb0-1c132cd5fbc0,"Скрипт для выявления клиентов с аномальной платёжной активностью по дням на основе сравнения дневных сумм с личным скользящим средним и средним уровнем по стране, с учетом распределения платежей по сотрудникам и магазинам и отбором наиболее подозрительных дней.","Скрипт для выявления клиентов с аномальной платёжной активностью в разрезе дней: по каждому клиенту агрегирует платежи, рассчитывает дневную сумму и количество транзакций, сравнивает текущий уровень с его скользящим средним за предыдущие 30 дней и со средним показателем по клиентам той же страны, учитывает распределение операций между сотрудниками и магазинами, отфильтровывает клиентов с недостаточной историей и формирует список наиболее подозрительных дней, где сумма платежей как минимум втрое превышает личную норму и одновременно входит в верхние 5% по стране.","Скрипт для выявления клиентов с аномальной платёжной активностью: по каждому клиенту агрегируются платежи по дням с расчётом дневной суммы и числа транзакций, затем дневной объём сопоставляется со скользящим средним этого клиента за предыдущие 30 дней и со средним уровнем по стране клиента, дополнительно оценивается распределение платежей по сотрудникам и магазинам, исключаются записи с недостаточной историей наблюдений, после чего формируется список наиболее подозрительных дней, где сумма платежей как минимум в 3 раза превышает личную норму и одновременно попадает в верхние 5% значений по стране, с итоговой сортировкой по степени аномальности.","Скрипт для поиска аномальных дней платежей клиентов: сравнение дневной суммы со скользящим средним за 45 дней и со средним по городу, с учётом разнообразия сотрудников и магазинов, отбор дней с превышением личной нормы в 2.5 раза и входящих в топ 3% по городу.","Разработать скрипт для выявления клиентов с аномальными пиками ежедневных расходов в целях фрод-мониторинга: агрегировать платежи по клиенту и по дням, рассчитать для каждого дня сумму и частоту транзакций, затем сравнить каждую дневную сумму со скользящим средним за предыдущие 7 дней и со средним значением по всему магазину клиента, дополнительно учесть долю транзакций через разных кассиров, отсеять клиентов с короткой историей (менее 14 дней с первого платежа) и вывести топ-10 дней для каждого клиента, где дневная сумма превышает его личный 7-дневный тренд больше чем на 200% и одновременно попадает в верхние 10% по магазину.","По каждому клиенту агрегировать платежи по неделям, вычисляя сумму и количество транзакций. Для каждой недели рассчитать скользящее среднее суммы за предыдущие 8 недель и скользящее стандартное отклонение. Исключить клиентов с менее чем 10 неделями истории. Сравнить недельную сумму с (среднее + 2 * стандартное отклонение) и определить превышения. Дополнительно для каждого такого превышения рассчитать процент платежей, обработанных сотрудниками других магазинов (отличных от основного магазина клиента), и отфильтровать те, где этот процент > 50%. Затем отобрать топ-20 клиентов по количеству аномальных недель, отсортированных по максимальному отношению суммы к личному порогу. В результат включить данные о стране и городе клиента.",1,65e519b5-5d33-5a1f-b195-4c7c96ad1205-sql,65e519b5-5d33-5a1f-b195-4c7c96ad1205-sql;5b709a9e-4bc2-5925-873e-2a6c1c390e46-sql;09c83b98-73c4-5969-bb10-6217ba0cc214-sql;6f799c69-ea1c-5283-be79-c4a77fe793e8-sql;e32bf41a-4810-5cde-9a8d-ee065ec84ed7-sql,65e519b5-5d33-5a1f-b195-4c7c96ad1205-sql;09c83b98-73c4-5969-bb10-6217ba0cc214-sql;5b709a9e-4bc2-5925-873e-2a6c1c390e46-sql;e32bf41a-4810-5cde-9a8d-ee065ec84ed7-sql;6f799c69-ea1c-5283-be79-c4a77fe793e8-sql,5b709a9e-4bc2-5925-873e-2a6c1c390e46-sql;09c83b98-73c4-5969-bb10-6217ba0cc214-sql;65e519b5-5d33-5a1f-b195-4c7c96ad1205-sql;a2ca386f-5b32-5dad-8e4b-2523418c4732-sql;5edfbd20-52e1-53ba-a9c5-566411862a87-sql
sakila,"Выявить клиентов с аномальной платёжной активностью для банковского мониторинга: по каждому клиенту агрегировать платежи по дням, определить сумму и количество транзакций, сравнить дневную сумму с его скользящим средним за предыдущие 30 дней и со средним уровнем клиентов из той же страны, учитывать долю платежей через разных сотрудников и магазины, исключить клиентов с недостаточной историей, а затем вывести топ подозрительных дней, где сумма платежей превышает личную норму как минимум в 3 раза и одновременно входит в верхние 5% по стране.",hard,d2d890c2-7e67-4029-bcb0-1c132cd5fbc0,"Скрипт для выявления клиентов с аномальной платёжной активностью по дням на основе сравнения дневных сумм с личным скользящим средним и средним уровнем по стране, с учетом распределения платежей по сотрудникам и магазинам и отбором наиболее подозрительных дней.","Скрипт для выявления клиентов с аномальной платёжной активностью в разрезе дней: по каждому клиенту агрегирует платежи, рассчитывает дневную сумму и количество транзакций, сравнивает текущий уровень с его скользящим средним за предыдущие 30 дней и со средним показателем по клиентам той же страны, учитывает распределение операций между сотрудниками и магазинами, отфильтровывает клиентов с недостаточной историей и формирует список наиболее подозрительных дней, где сумма платежей как минимум втрое превышает личную норму и одновременно входит в верхние 5% по стране.","Скрипт для выявления клиентов с аномальной платёжной активностью: по каждому клиенту агрегируются платежи по дням с расчётом дневной суммы и числа транзакций, затем дневной объём сопоставляется со скользящим средним этого клиента за предыдущие 30 дней и со средним уровнем по стране клиента, дополнительно оценивается распределение платежей по сотрудникам и магазинам, исключаются записи с недостаточной историей наблюдений, после чего формируется список наиболее подозрительных дней, где сумма платежей как минимум в 3 раза превышает личную норму и одновременно попадает в верхние 5% значений по стране, с итоговой сортировкой по степени аномальности.","Скрипт для поиска клиентов с резкими всплесками дневных платежей, превышающими их личную медиану за 60 дней более чем в 4 раза и одновременно попадающими в верхний 1% по стране, с учётом типов используемых магазинов.","Разработать скрипт для выявления клиентов с аномальной концентрацией платежей в один день, при которой общая дневная сумма значительно превышает скользящее среднее по данному клиенту за последние 30 дней, а доля уникальных сотрудников и магазинов, через которые прошли платежи, выше среднего по стране; дополнительно сравнить с медианной суммой платежа в том же городе; исключить клиентов с историей менее 20 дней платежей; вывести топ-100 подозрительных дней по степени отклонения.","Для каждого клиента определить дни с аномальным объёмом платежей: агрегировать сумму и количество транзакций по дням, вычислить скользящее среднее дневной суммы за предыдущие 7 дней (учитывая только дни, в которые были платежи, и исключая из расчёта среднего 5% самых высоких дневных сумм клиента за весь период), сравнить дневную сумму с этим скользящим средним; для того же дня рассчитать 90-й перцентиль суммы платежей всех клиентов из того же города за последние 90 дней; отфильтровать дни, где дневная сумма превышает личное скользящее среднее более чем в 2 раза и одновременно превышает найденный перцентиль по городу; исключить клиентов с количеством дней платежей менее 10 за последние 90 дней; вывести дату, идентификатор клиента, сумму платежа, скользящее среднее, перцентиль по городу, а также количество уникальных сотрудников, оформивших платежи в этот день, и количество задействованных магазинов; отсортировать результат по убыванию отклонения (отношения суммы к скользящему среднему) и ограничить первыми 50 записями.",2,65e519b5-5d33-5a1f-b195-4c7c96ad1205-sql,cd51bd24-0f7e-5f7f-96a3-927d7dcc56ba-sql;5b709a9e-4bc2-5925-873e-2a6c1c390e46-sql;65e519b5-5d33-5a1f-b195-4c7c96ad1205-sql;3c016477-207a-5b36-8600-77ecf31a1ed7-sql;09c83b98-73c4-5969-bb10-6217ba0cc214-sql,65e519b5-5d33-5a1f-b195-4c7c96ad1205-sql;e32bf41a-4810-5cde-9a8d-ee065ec84ed7-sql;5b709a9e-4bc2-5925-873e-2a6c1c390e46-sql;09c83b98-73c4-5969-bb10-6217ba0cc214-sql;6f799c69-ea1c-5283-be79-c4a77fe793e8-sql,65e519b5-5d33-5a1f-b195-4c7c96ad1205-sql;5b709a9e-4bc2-5925-873e-2a6c1c390e46-sql;09c83b98-73c4-5969-bb10-6217ba0cc214-sql;e32bf41a-4810-5cde-9a8d-ee065ec84ed7-sql;5edfbd20-52e1-53ba-a9c5-566411862a87-sql
sakila,"Выявить клиентов с подозрительной платёжной активностью: для каждого клиента рассчитать по платежам скользящие 24-часовые окна, найти окна, где сумма и количество платежей минимум в 3 раза превышают его средние дневные показатели за предыдущие 30 дней, дополнительно показать страну и город клиента, магазин и сотрудника, принявшего последний платёж в таком окне, а также ранжировать найденные случаи по степени отклонения от исторической нормы.",hard,6d7b7b0c-1d20-4794-8466-8d1ccd4454ef,"Скрипт для выявления клиентов с аномальной платёжной активностью по скользящим 24-часовым окнам, сравнения их с историческими дневными нормами за 30 дней, определения страны, города, магазина и сотрудника последнего платежа в каждом случае и ранжирования отклонений от нормы.","Скрипт для выявления клиентов с подозрительной платёжной активностью: по платежам каждого клиента рассчитываются скользящие 24-часовые окна, в которых сумма и количество операций минимум в 3 раза превышают средние дневные показатели за предыдущие 30 дней, с определением страны и города клиента, магазина и сотрудника, принявшего последний платёж в таком окне, а также с ранжированием найденных случаев по степени отклонения от исторической нормы.","Скрипт для выявления клиентов с подозрительной платёжной активностью: по данным платежей строится для каждого клиента серия скользящих 24-часовых окон, в которых рассчитываются сумма и количество операций, затем эти показатели сопоставляются со средними дневными значениями клиента за предшествующие 30 дней; отбираются окна, где оба показателя как минимум в 3 раза превышают историческую норму, после чего для каждого такого случая определяется страна и город клиента, магазин и сотрудник, принявший последний платёж в окне, а результаты ранжируются по степени отклонения от среднего уровня активности.","Скрипт для поиска клиентов, у которых сумма платежей в любом 48-часовом интервале более чем вдвое превышает их среднюю дневную сумму за предыдущий месяц, с отображением города, страны, магазина и сотрудника, принявшего последний платёж в интервале, и ранжированием по величине отклонения.","Провести анализ платёжной активности клиентов для выявления признаков мошеннических схем, характерных для компрометации учётных записей: для каждого клиента за последние 90 дней рассчитать скользящие 6-часовые окна, в которых количество транзакций превышает 95-й перцентиль его дневной нормы за предыдущие 30 дней, а совокупная сумма платежей в окне превышает медианный чек клиента в 4 раза. Дополнительно определить страну и город проживания клиента, а также сотрудника и магазин, оформившего последний платёж в таком окне; проранжировать выявленные случаи по степени превышения фактических показателей над пороговыми значениями, чтобы выделить наиболее подозрительные эпизоды для приоритетной проверки службой безопасности.","Выявить клиентов, совершивших аномально крупные платежи в узкие временные окна: для каждого клиента определить скользящие 6-часовые интервалы, в которых суммарный объем платежей превышает в 5 раз его среднедневной объем за последние 90 дней. Для каждого такого окна вывести страну и город клиента, а также данные о магазине и сотруднике, принявшем последний платеж в окне. Отфильтровать только те случаи, где в окне было не менее 3 платежей. Результат отсортировать по степени превышения над исторической нормой (максимальное отклонение в начале) и сгруппировать по клиенту, показывая топ-5 самых подозрительных окон для каждого.",0,09c83b98-73c4-5969-bb10-6217ba0cc214-sql,297ddd3c-632b-5a12-862e-43c68a88950c-sql;cd51bd24-0f7e-5f7f-96a3-927d7dcc56ba-sql;09c83b98-73c4-5969-bb10-6217ba0cc214-sql;5b709a9e-4bc2-5925-873e-2a6c1c390e46-sql;3c016477-207a-5b36-8600-77ecf31a1ed7-sql,09c83b98-73c4-5969-bb10-6217ba0cc214-sql;bc541f34-969b-561e-a311-3871325045fb-sql;65e519b5-5d33-5a1f-b195-4c7c96ad1205-sql;e32bf41a-4810-5cde-9a8d-ee065ec84ed7-sql;297ddd3c-632b-5a12-862e-43c68a88950c-sql,09c83b98-73c4-5969-bb10-6217ba0cc214-sql;5b709a9e-4bc2-5925-873e-2a6c1c390e46-sql;65e519b5-5d33-5a1f-b195-4c7c96ad1205-sql;297ddd3c-632b-5a12-862e-43c68a88950c-sql;e32bf41a-4810-5cde-9a8d-ee065ec84ed7-sql
sakila,"Выявить клиентов с подозрительной платёжной активностью: для каждого клиента рассчитать по платежам скользящие 24-часовые окна, найти окна, где сумма и количество платежей минимум в 3 раза превышают его средние дневные показатели за предыдущие 30 дней, дополнительно показать страну и город клиента, магазин и сотрудника, принявшего последний платёж в таком окне, а также ранжировать найденные случаи по степени отклонения от исторической нормы.",hard,6d7b7b0c-1d20-4794-8466-8d1ccd4454ef,"Скрипт для выявления клиентов с аномальной платёжной активностью по скользящим 24-часовым окнам, сравнения их с историческими дневными нормами за 30 дней, определения страны, города, магазина и сотрудника последнего платежа в каждом случае и ранжирования отклонений от нормы.","Скрипт для выявления клиентов с подозрительной платёжной активностью: по платежам каждого клиента рассчитываются скользящие 24-часовые окна, в которых сумма и количество операций минимум в 3 раза превышают средние дневные показатели за предыдущие 30 дней, с определением страны и города клиента, магазина и сотрудника, принявшего последний платёж в таком окне, а также с ранжированием найденных случаев по степени отклонения от исторической нормы.","Скрипт для выявления клиентов с подозрительной платёжной активностью: по данным платежей строится для каждого клиента серия скользящих 24-часовых окон, в которых рассчитываются сумма и количество операций, затем эти показатели сопоставляются со средними дневными значениями клиента за предшествующие 30 дней; отбираются окна, где оба показателя как минимум в 3 раза превышают историческую норму, после чего для каждого такого случая определяется страна и город клиента, магазин и сотрудник, принявший последний платёж в окне, а результаты ранжируются по степени отклонения от среднего уровня активности.","Скрипт для обнаружения клиентов с аномально интенсивной арендной активностью: для каждого клиента рассчитываются скользящие 12-часовые окна, и отбираются те, где количество аренд как минимум в 4 раза превышает его среднюю дневную норму за предыдущие 14 дней, с выводом страны, города, магазина и сотрудника, оформившего последнюю аренду в таком окне.","Обнаружить клиентов с подозрительно высокой интенсивностью платежей в краткосрочных периодах: для каждого клиента построить скользящие 12-часовые окна по дате платежа, найти окна, где количество и сумма платежей как минимум в 2,5 раза превышают его среднедневные показатели за предшествующие 30 дней, с детализацией по географическому положению клиента (страна, город), а также указанием магазина и сотрудника, принявшего последний платёж в таком окне, и проранжировать найденные аномалии по степени отклонения от исторической нормы.","Для каждого клиента рассчитать по платежам скользящие 48-часовые окна, определить окна, где сумма платежей превышает в 2,5 раза её среднее дневное значение за предыдущие 60 дней, и количество платежей в окне превышает в 2 раза среднее дневное количество за тот же период; дополнительно вывести страну, город клиента, магазин и сотрудника, принявшего последний платёж в таком окне, а также ранжировать найденные случаи по величине отклонения суммы от исторической нормы (разность между суммой в окне и средней дневной суммой за предыдущие 60 дней).",1,09c83b98-73c4-5969-bb10-6217ba0cc214-sql,09c83b98-73c4-5969-bb10-6217ba0cc214-sql;cd51bd24-0f7e-5f7f-96a3-927d7dcc56ba-sql;e32bf41a-4810-5cde-9a8d-ee065ec84ed7-sql;297ddd3c-632b-5a12-862e-43c68a88950c-sql;3c016477-207a-5b36-8600-77ecf31a1ed7-sql,09c83b98-73c4-5969-bb10-6217ba0cc214-sql;5b709a9e-4bc2-5925-873e-2a6c1c390e46-sql;65e519b5-5d33-5a1f-b195-4c7c96ad1205-sql;297ddd3c-632b-5a12-862e-43c68a88950c-sql;e32bf41a-4810-5cde-9a8d-ee065ec84ed7-sql,09c83b98-73c4-5969-bb10-6217ba0cc214-sql;297ddd3c-632b-5a12-862e-43c68a88950c-sql;a2ca386f-5b32-5dad-8e4b-2523418c4732-sql;5b709a9e-4bc2-5925-873e-2a6c1c390e46-sql;e32bf41a-4810-5cde-9a8d-ee065ec84ed7-sql
sakila,"Выявить клиентов с подозрительной платёжной активностью: для каждого клиента рассчитать по платежам скользящие 24-часовые окна, найти окна, где сумма и количество платежей минимум в 3 раза превышают его средние дневные показатели за предыдущие 30 дней, дополнительно показать страну и город клиента, магазин и сотрудника, принявшего последний платёж в таком окне, а также ранжировать найденные случаи по степени отклонения от исторической нормы.",hard,6d7b7b0c-1d20-4794-8466-8d1ccd4454ef,"Скрипт для выявления клиентов с аномальной платёжной активностью по скользящим 24-часовым окнам, сравнения их с историческими дневными нормами за 30 дней, определения страны, города, магазина и сотрудника последнего платежа в каждом случае и ранжирования отклонений от нормы.","Скрипт для выявления клиентов с подозрительной платёжной активностью: по платежам каждого клиента рассчитываются скользящие 24-часовые окна, в которых сумма и количество операций минимум в 3 раза превышают средние дневные показатели за предыдущие 30 дней, с определением страны и города клиента, магазина и сотрудника, принявшего последний платёж в таком окне, а также с ранжированием найденных случаев по степени отклонения от исторической нормы.","Скрипт для выявления клиентов с подозрительной платёжной активностью: по данным платежей строится для каждого клиента серия скользящих 24-часовых окон, в которых рассчитываются сумма и количество операций, затем эти показатели сопоставляются со средними дневными значениями клиента за предшествующие 30 дней; отбираются окна, где оба показателя как минимум в 3 раза превышают историческую норму, после чего для каждого такого случая определяется страна и город клиента, магазин и сотрудник, принявший последний платёж в окне, а результаты ранжируются по степени отклонения от среднего уровня активности.","Скрипт для выявления клиентов с аномально высокой платёжной активностью в скользящих 12-часовых окнах, где сумма платежей превышает их среднюю дневную сумму за предыдущие 30 дней более чем в 4 раза, с указанием страны, города, магазина и сотрудника, оформившего последний платеж в окне, и ранжированием по относительному отклонению.","С целью мониторинга нехарактерной активности клиентов в системе проката определить клиентов, у которых в течение скользящего 12-часового окна сумма платежей превышает в 5 раз среднюю дневную сумму за последние 60 дней. Для каждого такого окна дополнительно указать страну и город проживания клиента, а также магазин и сотрудника, оформившего последний платеж в данном окне. Результаты ранжировать по убыванию отношения суммы окна к среднемесячной норме.","Для каждого клиента построить скользящие 6-часовые окна по времени совершения платежей; отобрать окна, где сумма платежей и количество транзакций не менее чем в 4 раза превышают средние дневные показатели этого клиента за предшествующие 14 дней. Для каждого такого окна дополнительно вывести страну и город клиента, а также идентификаторы магазина и сотрудника, оформившего последний платёж в окне. Результат ранжировать по убыванию отношения суммы платежей в окне к среднему дневному значению клиента.",2,09c83b98-73c4-5969-bb10-6217ba0cc214-sql,09c83b98-73c4-5969-bb10-6217ba0cc214-sql;5b709a9e-4bc2-5925-873e-2a6c1c390e46-sql;e32bf41a-4810-5cde-9a8d-ee065ec84ed7-sql;cd51bd24-0f7e-5f7f-96a3-927d7dcc56ba-sql;297ddd3c-632b-5a12-862e-43c68a88950c-sql,09c83b98-73c4-5969-bb10-6217ba0cc214-sql;297ddd3c-632b-5a12-862e-43c68a88950c-sql;cd51bd24-0f7e-5f7f-96a3-927d7dcc56ba-sql;e32bf41a-4810-5cde-9a8d-ee065ec84ed7-sql;bc541f34-969b-561e-a311-3871325045fb-sql,297ddd3c-632b-5a12-862e-43c68a88950c-sql;09c83b98-73c4-5969-bb10-6217ba0cc214-sql;a2ca386f-5b32-5dad-8e4b-2523418c4732-sql;04810e06-3d2c-5877-ad0e-681a0b440fe0-sql;cd51bd24-0f7e-5f7f-96a3-927d7dcc56ba-sql
sakila,"Сформировать список активных клиентов, у которых в течение любого календарного дня сумма платежей была как минимум в 3 раза выше их собственной средней дневной суммы за предыдущие 30 дней и одновременно выше среднего дневного уровня по стране клиента, при этом за этот день было не менее 3 платежей, проведённых через разных сотрудников или магазины; для каждого такого клиента показать страну, город, дату подозрительной активности, число платежей, общую сумму, отклонение от личного 30-дневного среднего, отклонение от среднего по стране и названия арендованных фильмов, связанных с этими платежами.",hard,d496ca90-1613-487a-a488-32ee860569b3,"Скрипт для формирования списка активных клиентов с выявлением дней подозрительной платежной активности, когда сумма платежей за день как минимум в 3 раза превышает их средний дневной уровень за предыдущие 30 дней и средний дневной уровень по стране, при условии не менее 3 платежей через разных сотрудников или магазины, с выводом страны, города, даты, числа платежей, общей суммы, отклонений и названий связанных арендованных фильмов.","Скрипт для выявления активных клиентов с подозрительной дневной платежной активностью: в рамках любого календарного дня он находит случаи, когда сумма платежей клиента как минимум в 3 раза превышает его собственное среднее дневное значение за предыдущие 30 дней и одновременно выше среднего дневного уровня по стране клиента, при этом в этот день выполнено не менее 3 платежей через разных сотрудников или магазины; для каждого такого клиента формируются страна, город, дата аномалии, число платежей, общая сумма, отклонение от личного 30-дневного среднего, отклонение от среднего по стране и названия связанных с этими платежами арендованных фильмов.","Скрипт для формирования списка активных клиентов, у которых в пределах любого календарного дня сумма платежей не менее чем в 3 раза превышает их собственное среднее дневное значение за предыдущие 30 дней и одновременно выше среднего дневного уровня по стране клиента; дополнительно за этот день должно быть не менее 3 платежей, проведённых через разных сотрудников или магазины; результат должен содержать страну, город, дату подозрительной активности, количество платежей, общую сумму, отклонение от личного 30-дневного среднего, отклонение от среднего по стране и названия арендованных фильмов, связанных с этими платежами.","Скрипт для поиска клиентов, у которых в любом дне общая сумма платежей была более чем вдвое выше их средней дневной суммы за предыдущие 7 дней и превышала средний дневной уровень по городу, при этом в этот день было выполнено не менее двух платежей через разных сотрудников; для каждого такого случая вывести страну, город, дату, количество платежей, сумму, отклонение от личного недельного среднего, отклонение от среднего по городу и названия фильмов, арендованных по этим платежам.","Сформировать перечень клиентов, у которых в любой день сумма платежей превышает их среднюю дневную сумму за последние 7 дней более чем на 80% и одновременно превышает среднюю дневную сумму по городу клиента, при условии, что в этот день зафиксировано не менее 2 платежей через разных сотрудников; для каждого такого клиента указать страну, город, дату подозрительной активности, количество платежей, общую сумму, процент отклонения от личного 7-дневного среднего, отклонение от среднего по городу и перечень жанров фильмов, арендованных в рамках этих платежей.","Выявить клиентов, у которых в некоторый день сумма всех платежей превышала их среднюю дневную сумму за последние 60 дней в 5 раз и одновременно была выше средней дневной суммы по городу клиента, при этом за этот день было выполнено не менее 4 платежей, каждый из которых был проведён разными сотрудниками; для каждого такого случая вывести страну, город, дату подозрительной активности, количество платежей, общую сумму, процент отклонения от личного 60-дневного среднего, абсолютное отклонение от среднего по городу и перечень названий фильмов, взятых в аренду по этим платежам.",0,f33a80fc-7e9f-5f21-a406-97686654333d-sql,f33a80fc-7e9f-5f21-a406-97686654333d-sql;6f799c69-ea1c-5283-be79-c4a77fe793e8-sql;297ddd3c-632b-5a12-862e-43c68a88950c-sql;cd51bd24-0f7e-5f7f-96a3-927d7dcc56ba-sql;3c016477-207a-5b36-8600-77ecf31a1ed7-sql,f33a80fc-7e9f-5f21-a406-97686654333d-sql;5edfbd20-52e1-53ba-a9c5-566411862a87-sql;6f799c69-ea1c-5283-be79-c4a77fe793e8-sql;a2ca386f-5b32-5dad-8e4b-2523418c4732-sql;cd51bd24-0f7e-5f7f-96a3-927d7dcc56ba-sql,f33a80fc-7e9f-5f21-a406-97686654333d-sql;6f799c69-ea1c-5283-be79-c4a77fe793e8-sql;e32bf41a-4810-5cde-9a8d-ee065ec84ed7-sql;cd51bd24-0f7e-5f7f-96a3-927d7dcc56ba-sql;5edfbd20-52e1-53ba-a9c5-566411862a87-sql
sakila,"Сформировать список активных клиентов, у которых в течение любого календарного дня сумма платежей была как минимум в 3 раза выше их собственной средней дневной суммы за предыдущие 30 дней и одновременно выше среднего дневного уровня по стране клиента, при этом за этот день было не менее 3 платежей, проведённых через разных сотрудников или магазины; для каждого такого клиента показать страну, город, дату подозрительной активности, число платежей, общую сумму, отклонение от личного 30-дневного среднего, отклонение от среднего по стране и названия арендованных фильмов, связанных с этими платежами.",hard,d496ca90-1613-487a-a488-32ee860569b3,"Скрипт для формирования списка активных клиентов с выявлением дней подозрительной платежной активности, когда сумма платежей за день как минимум в 3 раза превышает их средний дневной уровень за предыдущие 30 дней и средний дневной уровень по стране, при условии не менее 3 платежей через разных сотрудников или магазины, с выводом страны, города, даты, числа платежей, общей суммы, отклонений и названий связанных арендованных фильмов.","Скрипт для выявления активных клиентов с подозрительной дневной платежной активностью: в рамках любого календарного дня он находит случаи, когда сумма платежей клиента как минимум в 3 раза превышает его собственное среднее дневное значение за предыдущие 30 дней и одновременно выше среднего дневного уровня по стране клиента, при этом в этот день выполнено не менее 3 платежей через разных сотрудников или магазины; для каждого такого клиента формируются страна, город, дата аномалии, число платежей, общая сумма, отклонение от личного 30-дневного среднего, отклонение от среднего по стране и названия связанных с этими платежами арендованных фильмов.","Скрипт для формирования списка активных клиентов, у которых в пределах любого календарного дня сумма платежей не менее чем в 3 раза превышает их собственное среднее дневное значение за предыдущие 30 дней и одновременно выше среднего дневного уровня по стране клиента; дополнительно за этот день должно быть не менее 3 платежей, проведённых через разных сотрудников или магазины; результат должен содержать страну, город, дату подозрительной активности, количество платежей, общую сумму, отклонение от личного 30-дневного среднего, отклонение от среднего по стране и названия арендованных фильмов, связанных с этими платежами.","Скрипт для выявления активных клиентов, у которых в течение любого дня сумма платежей была минимум вдвое выше их средней дневной суммы за предыдущие 60 дней и превышала среднюю дневную сумму по их городу, при этом в этот день было не менее 5 платежей, проведённых разными сотрудниками, с выводом страны, города, даты, числа платежей, общей суммы, отклонений от личного и городского среднего, а также названий арендованных фильмов.","Скрипт для мониторинга подозрительной активности клиентов: в любой день сумма платежей клиента должна превышать его среднюю дневную сумму за предыдущие 21 день не менее чем в 2 раза и одновременно превышать среднюю дневную сумму по стране клиента, при этом за этот день должно быть зафиксировано не менее 3 платежей, проведённых разными сотрудниками; для каждого такого клиента извлекаются страна, город, дата, количество платежей, общая сумма, процент отклонения от личного среднего, процент отклонения от среднего по стране и названия фильмов, соответствующих этим платежам.","Для каждого клиента определить дни, в которые общая сумма его платежей превышала его среднюю дневную сумму за предыдущие 90 дней более чем на 50%, а также превышала среднюю дневную сумму платежей по его стране за тот же календарный день; при этом за этот день должно быть зафиксировано не менее 4 платежей, каждый из которых был обработан разными сотрудниками (уникальные o01). Для каждого такого случая вывести идентификатор клиента, его страну, город, дату, количество платежей, общую сумму, процент отклонения от личного 90-дневного среднего, процент отклонения от среднего по стране, а также список названий фильмов, которые были арендованы в течение этого дня (через связь с ren и inv). Результат отсортировать по дате и сумме отклонения.",1,f33a80fc-7e9f-5f21-a406-97686654333d-sql,f33a80fc-7e9f-5f21-a406-97686654333d-sql;e32bf41a-4810-5cde-9a8d-ee065ec84ed7-sql;6f799c69-ea1c-5283-be79-c4a77fe793e8-sql;f0beccbb-786e-544c-819d-1a939769636d-sql;3c016477-207a-5b36-8600-77ecf31a1ed7-sql,f33a80fc-7e9f-5f21-a406-97686654333d-sql;6f799c69-ea1c-5283-be79-c4a77fe793e8-sql;e32bf41a-4810-5cde-9a8d-ee065ec84ed7-sql;297ddd3c-632b-5a12-862e-43c68a88950c-sql;cd51bd24-0f7e-5f7f-96a3-927d7dcc56ba-sql,6f799c69-ea1c-5283-be79-c4a77fe793e8-sql;f33a80fc-7e9f-5f21-a406-97686654333d-sql;5edfbd20-52e1-53ba-a9c5-566411862a87-sql;65e519b5-5d33-5a1f-b195-4c7c96ad1205-sql;09c83b98-73c4-5969-bb10-6217ba0cc214-sql
sakila,"Сформировать список активных клиентов, у которых в течение любого календарного дня сумма платежей была как минимум в 3 раза выше их собственной средней дневной суммы за предыдущие 30 дней и одновременно выше среднего дневного уровня по стране клиента, при этом за этот день было не менее 3 платежей, проведённых через разных сотрудников или магазины; для каждого такого клиента показать страну, город, дату подозрительной активности, число платежей, общую сумму, отклонение от личного 30-дневного среднего, отклонение от среднего по стране и названия арендованных фильмов, связанных с этими платежами.",hard,d496ca90-1613-487a-a488-32ee860569b3,"Скрипт для формирования списка активных клиентов с выявлением дней подозрительной платежной активности, когда сумма платежей за день как минимум в 3 раза превышает их средний дневной уровень за предыдущие 30 дней и средний дневной уровень по стране, при условии не менее 3 платежей через разных сотрудников или магазины, с выводом страны, города, даты, числа платежей, общей суммы, отклонений и названий связанных арендованных фильмов.","Скрипт для выявления активных клиентов с подозрительной дневной платежной активностью: в рамках любого календарного дня он находит случаи, когда сумма платежей клиента как минимум в 3 раза превышает его собственное среднее дневное значение за предыдущие 30 дней и одновременно выше среднего дневного уровня по стране клиента, при этом в этот день выполнено не менее 3 платежей через разных сотрудников или магазины; для каждого такого клиента формируются страна, город, дата аномалии, число платежей, общая сумма, отклонение от личного 30-дневного среднего, отклонение от среднего по стране и названия связанных с этими платежами арендованных фильмов.","Скрипт для формирования списка активных клиентов, у которых в пределах любого календарного дня сумма платежей не менее чем в 3 раза превышает их собственное среднее дневное значение за предыдущие 30 дней и одновременно выше среднего дневного уровня по стране клиента; дополнительно за этот день должно быть не менее 3 платежей, проведённых через разных сотрудников или магазины; результат должен содержать страну, город, дату подозрительной активности, количество платежей, общую сумму, отклонение от личного 30-дневного среднего, отклонение от среднего по стране и названия арендованных фильмов, связанных с этими платежами.","Скрипт для выявления активных клиентов, у которых в течение одного дня количество аренд было как минимум вдвое выше их среднего дневного количества за предыдущие 30 дней и одновременно превышало среднее дневное количество по стране, при этом среди арендованных фильмов присутствовали фильмы не менее двух разных категорий; для каждого такого клиента вывести страну, город, дату, число аренд, отклонения и список названий фильмов.","Составить список клиентов, у которых в любой день сумма платежей превысила их среднюю дневную сумму за предыдущие 90 дней более чем в 2 раза и одновременно оказалась выше среднего дневного показателя по стране клиента, при этом в течение этого дня было зарегистрировано не менее двух платежей, проведённых через разных сотрудников; для каждого такого клиента вывести страну, город, дату аномалии, количество платежей, общую сумму, отклонение от личного 90-дневного среднего, отклонение от среднего по стране и наименования фильмов, которые были арендованы в рамках данных платежей.","Выявить клиентов с активным статусом, у которых за любой календарный день совокупная сумма платежей вдвое превышала их среднюю дневную сумму за предыдущие 7 дней и одновременно была выше средней дневной суммы по стране проживания клиента, при этом за этот день было совершено не менее 2 платежей через разных сотрудников; для каждого такого случая вывести страну, город, дату, количество платежей, общую сумму, абсолютное отклонение от личного семидневного среднего, абсолютное отклонение от среднего по стране и перечень названий фильмов, связанных с этими платежами.",2,f33a80fc-7e9f-5f21-a406-97686654333d-sql,f33a80fc-7e9f-5f21-a406-97686654333d-sql;e32bf41a-4810-5cde-9a8d-ee065ec84ed7-sql;3c016477-207a-5b36-8600-77ecf31a1ed7-sql;cd51bd24-0f7e-5f7f-96a3-927d7dcc56ba-sql;6f799c69-ea1c-5283-be79-c4a77fe793e8-sql,f33a80fc-7e9f-5f21-a406-97686654333d-sql;a2ca386f-5b32-5dad-8e4b-2523418c4732-sql;5edfbd20-52e1-53ba-a9c5-566411862a87-sql;04810e06-3d2c-5877-ad0e-681a0b440fe0-sql;6f799c69-ea1c-5283-be79-c4a77fe793e8-sql,f33a80fc-7e9f-5f21-a406-97686654333d-sql;f0beccbb-786e-544c-819d-1a939769636d-sql;e32bf41a-4810-5cde-9a8d-ee065ec84ed7-sql;6f799c69-ea1c-5283-be79-c4a77fe793e8-sql;cd51bd24-0f7e-5f7f-96a3-927d7dcc56ba-sql
sakila,"Сформировать список клиентов для AML-проверки: найти по каждому клиенту календарные дни, когда было не менее 3 платежей, дневная сумма платежей превысила среднюю дневную сумму этого клиента за предыдущие 30 дней минимум в 3 раза, а операции в этот день проводились более чем одним сотрудником или магазином; вывести клиента, его страну и город, дату, количество платежей, дневную сумму, среднюю сумму за предыдущие 30 дней, отклонение от среднего и ранг риска среди всех таких дней по убыванию отклонения.",hard,2093d79f-7907-47e6-8b31-7b92959495ff,"Скрипт для формирования списка клиентов AML-проверки с выявлением календарных дней, когда при не менее чем 3 платежах дневная сумма превышает среднюю дневную сумму клиента за предыдущие 30 дней минимум в 3 раза и операции выполнялись более чем одним сотрудником или магазином, с выводом страны, города, даты, числа платежей, суммы, среднего за 30 дней, отклонения и ранга риска по убыванию отклонения.","Скрипт для формирования списка клиентов, по которым требуется AML-мониторинг: выявление календарных дней, когда у клиента было не менее трёх платежей, совокупная дневная сумма превышала среднюю дневную сумму этого клиента за предыдущие 30 дней минимум в три раза, а операции в этот день проводились более чем одним сотрудником или в более чем одном магазине; для таких дней рассчитываются клиент, его страна и город, дата, количество платежей, дневная сумма, средняя сумма за предыдущие 30 дней, отклонение от среднего и риск-ранг по убыванию величины отклонения среди всех найденных случаев.","Скрипт для формирования списка клиентов для AML-проверки: по каждому клиенту выявляются календарные дни, в которые было не менее 3 платежей, суммарная дневная сумма платежей превышала среднюю дневную сумму этого же клиента за предыдущие 30 дней как минимум в 3 раза, а сами операции в этот день были выполнены более чем одним сотрудником или в более чем одном магазине; результат включает клиента, его страну и город, дату, количество платежей, дневную сумму, среднюю сумму за предыдущие 30 дней, отклонение от среднего и ранг риска среди всех таких дней по убыванию отклонения.","Скрипт для выявления клиентов с аномально высокой частотой платежей: найти дни, когда клиент совершил не менее 4 платежей, дневная сумма превышает среднюю дневную сумму за предыдущие 45 дней не менее чем в 4 раза, и платежи обработаны несколькими сотрудниками; вывести клиента, страну, город, дату, количество платежей, дневную сумму, среднюю за 45 дней, отклонение и ранг по убыванию отклонения.","Сформировать отчёт по клиентам с подозрительной платёжной активностью: для каждого клиента найти даты, когда количество его платежей составило не менее 3, дневная сумма этих платежей превысила его среднюю дневную сумму за предыдущие 60 дней минимум в 5 раз, и платежи в этот день были приняты в более чем одном магазине; вывести ID клиента, его страну и город, дату, количество платежей, дневную сумму, среднюю за 60 дней, коэффициент превышения и ранг риска среди всех таких дат по убыванию коэффициента.","Для каждого клиента определить календарные дни, в которые количество совершённых аренд составило не менее 5, дневное количество аренд превысило среднее дневное количество аренд этого же клиента за предыдущие 90 дней не менее чем в 2,5 раза, а аренды в данный день были оформлены более чем через один магазин; вывести идентификатор клиента, его имя, фамилию, страну, город, дату, количество аренд, среднее количество аренд за предыдущие 90 дней, коэффициент превышения и ранг риска среди всех таких дней по убыванию коэффициента превышения.",0,5edfbd20-52e1-53ba-a9c5-566411862a87-sql,5b709a9e-4bc2-5925-873e-2a6c1c390e46-sql;6f799c69-ea1c-5283-be79-c4a77fe793e8-sql;09c83b98-73c4-5969-bb10-6217ba0cc214-sql;5edfbd20-52e1-53ba-a9c5-566411862a87-sql;297ddd3c-632b-5a12-862e-43c68a88950c-sql,e32bf41a-4810-5cde-9a8d-ee065ec84ed7-sql;f33a80fc-7e9f-5f21-a406-97686654333d-sql;5edfbd20-52e1-53ba-a9c5-566411862a87-sql;6f799c69-ea1c-5283-be79-c4a77fe793e8-sql;297ddd3c-632b-5a12-862e-43c68a88950c-sql,3c016477-207a-5b36-8600-77ecf31a1ed7-sql;5edfbd20-52e1-53ba-a9c5-566411862a87-sql;cd51bd24-0f7e-5f7f-96a3-927d7dcc56ba-sql;297ddd3c-632b-5a12-862e-43c68a88950c-sql;a2ca386f-5b32-5dad-8e4b-2523418c4732-sql
sakila,"Сформировать список клиентов для AML-проверки: найти по каждому клиенту календарные дни, когда было не менее 3 платежей, дневная сумма платежей превысила среднюю дневную сумму этого клиента за предыдущие 30 дней минимум в 3 раза, а операции в этот день проводились более чем одним сотрудником или магазином; вывести клиента, его страну и город, дату, количество платежей, дневную сумму, среднюю сумму за предыдущие 30 дней, отклонение от среднего и ранг риска среди всех таких дней по убыванию отклонения.",hard,2093d79f-7907-47e6-8b31-7b92959495ff,"Скрипт для формирования списка клиентов AML-проверки с выявлением календарных дней, когда при не менее чем 3 платежах дневная сумма превышает среднюю дневную сумму клиента за предыдущие 30 дней минимум в 3 раза и операции выполнялись более чем одним сотрудником или магазином, с выводом страны, города, даты, числа платежей, суммы, среднего за 30 дней, отклонения и ранга риска по убыванию отклонения.","Скрипт для формирования списка клиентов, по которым требуется AML-мониторинг: выявление календарных дней, когда у клиента было не менее трёх платежей, совокупная дневная сумма превышала среднюю дневную сумму этого клиента за предыдущие 30 дней минимум в три раза, а операции в этот день проводились более чем одним сотрудником или в более чем одном магазине; для таких дней рассчитываются клиент, его страна и город, дата, количество платежей, дневная сумма, средняя сумма за предыдущие 30 дней, отклонение от среднего и риск-ранг по убыванию величины отклонения среди всех найденных случаев.","Скрипт для формирования списка клиентов для AML-проверки: по каждому клиенту выявляются календарные дни, в которые было не менее 3 платежей, суммарная дневная сумма платежей превышала среднюю дневную сумму этого же клиента за предыдущие 30 дней как минимум в 3 раза, а сами операции в этот день были выполнены более чем одним сотрудником или в более чем одном магазине; результат включает клиента, его страну и город, дату, количество платежей, дневную сумму, среднюю сумму за предыдущие 30 дней, отклонение от среднего и ранг риска среди всех таких дней по убыванию отклонения.","Скрипт для выявления подозрительной активности клиентов: найти дни, когда клиент совершил не менее 4 платежей, сумма платежей превысила среднюю дневную сумму клиента за предыдущие 90 дней как минимум в 4 раза, а платежи были обработаны разными сотрудниками; вывести идентификатор клиента, страну, город, дату, количество платежей, дневную сумму, среднюю за период, коэффициент отклонения и ранг аномалии по убыванию коэффициента.",None,"Сформировать список клиентов для выявления аномальной арендной активности: найти по каждому клиенту календарные дни, когда количество аренд составило не менее 5, дневное количество аренд превысило среднее дневное количество аренд этого клиента за предыдущие 30 дней минимум в 2 раза, а аренды в этот день были оформлены более чем одним сотрудником или относились к копиям из разных магазинов; вывести идентификатор клиента, его имя и фамилию, страну и город, дату, количество аренд за день, среднее количество аренд за предыдущие 30 дней, отклонение от среднего и ранг риска среди всех таких дней по убыванию отклонения.",1,5edfbd20-52e1-53ba-a9c5-566411862a87-sql,e32bf41a-4810-5cde-9a8d-ee065ec84ed7-sql;6f799c69-ea1c-5283-be79-c4a77fe793e8-sql;f33a80fc-7e9f-5f21-a406-97686654333d-sql;09c83b98-73c4-5969-bb10-6217ba0cc214-sql;5edfbd20-52e1-53ba-a9c5-566411862a87-sql,a89aea53-a231-5743-b3c7-2e203554906f-sql;09c83b98-73c4-5969-bb10-6217ba0cc214-sql;3658aec1-bae4-5034-9bf6-a362440e78b4-sql;d0feb92f-6c89-55d7-a7dd-6d584c3eb42c-sql;0975f712-4c74-5187-b542-54f304f1d17a-sql,e32bf41a-4810-5cde-9a8d-ee065ec84ed7-sql;5edfbd20-52e1-53ba-a9c5-566411862a87-sql;f33a80fc-7e9f-5f21-a406-97686654333d-sql;3c016477-207a-5b36-8600-77ecf31a1ed7-sql;a2ca386f-5b32-5dad-8e4b-2523418c4732-sql
sakila,"Сформировать список клиентов для AML-проверки: найти по каждому клиенту календарные дни, когда было не менее 3 платежей, дневная сумма платежей превысила среднюю дневную сумму этого клиента за предыдущие 30 дней минимум в 3 раза, а операции в этот день проводились более чем одним сотрудником или магазином; вывести клиента, его страну и город, дату, количество платежей, дневную сумму, среднюю сумму за предыдущие 30 дней, отклонение от среднего и ранг риска среди всех таких дней по убыванию отклонения.",hard,2093d79f-7907-47e6-8b31-7b92959495ff,"Скрипт для формирования списка клиентов AML-проверки с выявлением календарных дней, когда при не менее чем 3 платежах дневная сумма превышает среднюю дневную сумму клиента за предыдущие 30 дней минимум в 3 раза и операции выполнялись более чем одним сотрудником или магазином, с выводом страны, города, даты, числа платежей, суммы, среднего за 30 дней, отклонения и ранга риска по убыванию отклонения.","Скрипт для формирования списка клиентов, по которым требуется AML-мониторинг: выявление календарных дней, когда у клиента было не менее трёх платежей, совокупная дневная сумма превышала среднюю дневную сумму этого клиента за предыдущие 30 дней минимум в три раза, а операции в этот день проводились более чем одним сотрудником или в более чем одном магазине; для таких дней рассчитываются клиент, его страна и город, дата, количество платежей, дневная сумма, средняя сумма за предыдущие 30 дней, отклонение от среднего и риск-ранг по убыванию величины отклонения среди всех найденных случаев.","Скрипт для формирования списка клиентов для AML-проверки: по каждому клиенту выявляются календарные дни, в которые было не менее 3 платежей, суммарная дневная сумма платежей превышала среднюю дневную сумму этого же клиента за предыдущие 30 дней как минимум в 3 раза, а сами операции в этот день были выполнены более чем одним сотрудником или в более чем одном магазине; результат включает клиента, его страну и город, дату, количество платежей, дневную сумму, среднюю сумму за предыдущие 30 дней, отклонение от среднего и ранг риска среди всех таких дней по убыванию отклонения.","Скрипт для выявления клиентов с подозрительной активностью: для каждого клиента найти календарные дни, в которые было не менее 3 платежей, дневная сумма платежей превысила среднюю дневную сумму этого клиента за предыдущие 30 дней как минимум в 4 раза, а платежи в этот день проводились в разных магазинах; вывести клиента, его страну, город, дату, количество платежей, дневную сумму, среднюю за предыдущие 30 дней, отклонение от среднего и ранг риска среди всех таких дней по убыванию отклонения.","Сформировать отчёт мониторинга для выявления клиентов с аномальной платёжной активностью: отобрать дни, когда клиент совершил не менее 5 платежей, дневная сумма превысила среднюю дневную сумму этого клиента за предыдущие 60 дней более чем в 4 раза, а платежи в этот день были обработаны как минимум двумя разными сотрудниками или двумя разными магазинами; вывести идентификатор клиента, его страну и город, дату, количество платежей, дневную сумму, среднюю сумму за 60 дней, коэффициент превышения и ранг события по убыванию этого коэффициента среди всех выявленных дней.","Разработать скрипт для выявления клиентов с аномальными платежами: для каждого клиента найти все дни, когда количество платежей превышало 5, дневная сумма платежей превышала среднюю дневную сумму этого клиента за предыдущие 60 дней не менее чем в 4 раза, при этом платежи в этот день были проведены не менее чем двумя разными сотрудниками. Для каждого такого дня вывести идентификатор клиента, название страны и города клиента, дату, количество платежей за день, общую сумму платежей за день, среднюю дневную сумму клиента за предыдущие 60 дней, процент отклонения дневной суммы от среднего, а также ранг клиента по величине отклонения (наибольшему отклонению соответствует ранг 1). Результат отсортировать по дате и рангу.",2,5edfbd20-52e1-53ba-a9c5-566411862a87-sql,e32bf41a-4810-5cde-9a8d-ee065ec84ed7-sql;f33a80fc-7e9f-5f21-a406-97686654333d-sql;6f799c69-ea1c-5283-be79-c4a77fe793e8-sql;65e519b5-5d33-5a1f-b195-4c7c96ad1205-sql;09c83b98-73c4-5969-bb10-6217ba0cc214-sql,f0beccbb-786e-544c-819d-1a939769636d-sql;f33a80fc-7e9f-5f21-a406-97686654333d-sql;5edfbd20-52e1-53ba-a9c5-566411862a87-sql;65e519b5-5d33-5a1f-b195-4c7c96ad1205-sql;09c83b98-73c4-5969-bb10-6217ba0cc214-sql,65e519b5-5d33-5a1f-b195-4c7c96ad1205-sql;5b709a9e-4bc2-5925-873e-2a6c1c390e46-sql;6f799c69-ea1c-5283-be79-c4a77fe793e8-sql;e32bf41a-4810-5cde-9a8d-ee065ec84ed7-sql;09c83b98-73c4-5969-bb10-6217ba0cc214-sql
sakila,"Выявить клиентов для банковского мониторинга транзакций: за весь период платежей найти дни, когда клиент совершил не менее 3 платежей, дневная сумма превысила его среднюю дневную сумму более чем в 3 раза, а не менее 70% суммы за день прошло через одного сотрудника; для таких случаев вывести клиента, email, город и страну, дату, сумму и количество платежей, число уникальных арендованных фильмов, доминирующего сотрудника, магазин, наиболее частую категорию фильмов в этих операциях и ранг этого дня по сумме среди всех дней клиента.",hard,e5895894-a92a-4770-91e1-bb0e254c7179,"Скрипт для выявления клиентов и подозрительных дней по платежам, когда за день было не менее 3 операций, сумма превысила среднюю дневную сумму клиента более чем в 3 раза и не менее 70% оборота прошло через одного сотрудника, с выводом клиента, email, города и страны, даты, суммы, числа платежей, уникальных арендованных фильмов, доминирующего сотрудника, магазина, наиболее частой категории и ранга дня по сумме среди всех дней клиента.","Скрипт для выявления дней с аномальной платежной активностью клиентов в рамках банковского мониторинга: за весь период платежей определяются дни, когда клиент совершил не менее 3 платежей, дневная сумма превысила его среднюю дневную сумму более чем в 3 раза, а не менее 70% суммы дня было проведено через одного сотрудника; для таких случаев формируется список клиента, его email, города и страны, даты, суммы и количества платежей, числа уникальных арендованных фильмов, доминирующего сотрудника, магазина, наиболее частой категории фильмов в этих операциях и ранга дня по сумме среди всех дней клиента.","Скрипт для выявления клиентов, у которых в отдельные дни за весь период платежей было не менее 3 операций, дневная сумма превышала их среднюю дневную сумму более чем в 3 раза, и не менее 70% этой суммы приходилось на одного сотрудника; для таких дней формируется результат с клиентом, email, городом и страной, датой, суммой и количеством платежей, числом уникальных арендованных фильмов, доминирующим сотрудником, магазином, наиболее частой категорией фильмов в этих операциях и рангом дня по сумме среди всех дней данного клиента, с учетом группировки по клиенту и дате, последующей агрегации, определения доминирующего сотрудника и категории, а также ранжирования дней по убыванию суммы.","Скрипт для выявления клиентов с днями, когда количество платежей не менее 5, дневная сумма превышает среднюю дневную сумму клиента более чем в 2 раза, а не менее 80% суммы за день прошло через одного сотрудника; вывод клиента, email, города и страны, даты, суммы, числа платежей, количества уникальных арендованных фильмов, доминирующего сотрудника, магазина, наиболее частой категории фильмов и ранга дня по сумме среди всех дней клиента.","Выявить клиентов, у которых в течение одного дня было зафиксировано не менее 4 платежей, дневная сумма превышала его среднюю дневную сумму за последние 3 месяца более чем в 2 раза, и все платежи дня были приняты одним сотрудником; для таких случаев вывести клиента, его email, город и страну, дату, общую сумму и количество платежей, число уникальных арендованных фильмов за этот день, имя доминирующего сотрудника, магазин, наиболее частую категорию фильмов среди этих операций и ранг этого дня по сумме среди всех дней клиента.","Для каждого клиента рассчитать среднюю дневную сумму платежей за весь период наблюдений. Из всех дней с платежами клиента отобрать те, где количество платежей за день не менее 2, дневная сумма превышает его среднюю дневную сумму более чем в 2,5 раза, и не менее 80% дневной суммы проведено через одного сотрудника. Для отобранных дней определить: идентификатор клиента, email, город и страну по адресу клиента, дату, сумму и количество платежей, количество уникальных фильмов, взятых в аренду в этот день, идентификатор и имя доминирующего сотрудника, номер его магазина, наиболее часто встречающуюся категорию фильмов среди арендованных в этот день, а также ранг данного дня по сумме платежей среди всех дней этого клиента (по убыванию суммы). Вывести только дни с рангом не выше 3.",0,6f799c69-ea1c-5283-be79-c4a77fe793e8-sql,6f799c69-ea1c-5283-be79-c4a77fe793e8-sql;f33a80fc-7e9f-5f21-a406-97686654333d-sql;5edfbd20-52e1-53ba-a9c5-566411862a87-sql;e32bf41a-4810-5cde-9a8d-ee065ec84ed7-sql;cd51bd24-0f7e-5f7f-96a3-927d7dcc56ba-sql,6f799c69-ea1c-5283-be79-c4a77fe793e8-sql;f33a80fc-7e9f-5f21-a406-97686654333d-sql;5edfbd20-52e1-53ba-a9c5-566411862a87-sql;a2ca386f-5b32-5dad-8e4b-2523418c4732-sql;cd51bd24-0f7e-5f7f-96a3-927d7dcc56ba-sql,6f799c69-ea1c-5283-be79-c4a77fe793e8-sql;f33a80fc-7e9f-5f21-a406-97686654333d-sql;e32bf41a-4810-5cde-9a8d-ee065ec84ed7-sql;65e519b5-5d33-5a1f-b195-4c7c96ad1205-sql;5edfbd20-52e1-53ba-a9c5-566411862a87-sql
sakila,"Выявить клиентов для банковского мониторинга транзакций: за весь период платежей найти дни, когда клиент совершил не менее 3 платежей, дневная сумма превысила его среднюю дневную сумму более чем в 3 раза, а не менее 70% суммы за день прошло через одного сотрудника; для таких случаев вывести клиента, email, город и страну, дату, сумму и количество платежей, число уникальных арендованных фильмов, доминирующего сотрудника, магазин, наиболее частую категорию фильмов в этих операциях и ранг этого дня по сумме среди всех дней клиента.",hard,e5895894-a92a-4770-91e1-bb0e254c7179,"Скрипт для выявления клиентов и подозрительных дней по платежам, когда за день было не менее 3 операций, сумма превысила среднюю дневную сумму клиента более чем в 3 раза и не менее 70% оборота прошло через одного сотрудника, с выводом клиента, email, города и страны, даты, суммы, числа платежей, уникальных арендованных фильмов, доминирующего сотрудника, магазина, наиболее частой категории и ранга дня по сумме среди всех дней клиента.","Скрипт для выявления дней с аномальной платежной активностью клиентов в рамках банковского мониторинга: за весь период платежей определяются дни, когда клиент совершил не менее 3 платежей, дневная сумма превысила его среднюю дневную сумму более чем в 3 раза, а не менее 70% суммы дня было проведено через одного сотрудника; для таких случаев формируется список клиента, его email, города и страны, даты, суммы и количества платежей, числа уникальных арендованных фильмов, доминирующего сотрудника, магазина, наиболее частой категории фильмов в этих операциях и ранга дня по сумме среди всех дней клиента.","Скрипт для выявления клиентов, у которых в отдельные дни за весь период платежей было не менее 3 операций, дневная сумма превышала их среднюю дневную сумму более чем в 3 раза, и не менее 70% этой суммы приходилось на одного сотрудника; для таких дней формируется результат с клиентом, email, городом и страной, датой, суммой и количеством платежей, числом уникальных арендованных фильмов, доминирующим сотрудником, магазином, наиболее частой категорией фильмов в этих операциях и рангом дня по сумме среди всех дней данного клиента, с учетом группировки по клиенту и дате, последующей агрегации, определения доминирующего сотрудника и категории, а также ранжирования дней по убыванию суммы.","Скрипт для выявления аномальных дней активности клиентов: найти дни, когда клиент совершил более 5 платежей, дневное количество платежей превышает его среднее дневное количество более чем в 2 раза, и не менее 80% платежей за день обработано одним сотрудником; для каждого такого случая вывести клиента, email, город, страну, дату, сумму платежей, количество платежей, количество уникальных фильмов, доминирующего сотрудника, магазин, наиболее частую категорию фильмов и ранг дня по количеству платежей среди всех дней клиента.","Выявить клиентов для банковского мониторинга транзакций: за весь период платежей найти дни, когда клиент совершил не менее 4 платежей, дневная сумма превышает его среднюю дневную сумму более чем в 2,5 раза, и не менее 80% суммы за день обработано одним сотрудником; для таких случаев вывести клиента, email, город и страну, дату, сумму и количество платежей, число уникальных фильмов, доминирующего сотрудника, магазин, наиболее частую категорию фильмов в этих операциях и ранг этого дня по сумме среди всех дней клиента.","Выявить для каждого клиента дни, в которых количество платежей не менее 4, дневная сумма превышает его среднюю дневную сумму более чем в 2.5 раза, а доля суммы, обработанная одним сотрудником, составляет не менее 90% от дневной суммы; для таких дней вывести идентификатор клиента, email, название города и страны через цепочку адресов, дату, общую сумму и количество платежей, количество уникальных фильмов, арендованных в этот день (через связи pay–ren–inv–flm), идентификатор и магазин доминирующего сотрудника, наиболее часто встречающуюся категорию фильмов среди соответствующих аренд (соединение flc и cat), а также ранг данного дня по общей сумме среди всех дней клиента с использованием оконной функции.",1,6f799c69-ea1c-5283-be79-c4a77fe793e8-sql,6f799c69-ea1c-5283-be79-c4a77fe793e8-sql;f33a80fc-7e9f-5f21-a406-97686654333d-sql;65e519b5-5d33-5a1f-b195-4c7c96ad1205-sql;e32bf41a-4810-5cde-9a8d-ee065ec84ed7-sql;09c83b98-73c4-5969-bb10-6217ba0cc214-sql,6f799c69-ea1c-5283-be79-c4a77fe793e8-sql;cd51bd24-0f7e-5f7f-96a3-927d7dcc56ba-sql;5edfbd20-52e1-53ba-a9c5-566411862a87-sql;f33a80fc-7e9f-5f21-a406-97686654333d-sql;e32bf41a-4810-5cde-9a8d-ee065ec84ed7-sql,6f799c69-ea1c-5283-be79-c4a77fe793e8-sql;f33a80fc-7e9f-5f21-a406-97686654333d-sql;5edfbd20-52e1-53ba-a9c5-566411862a87-sql;cd51bd24-0f7e-5f7f-96a3-927d7dcc56ba-sql;65e519b5-5d33-5a1f-b195-4c7c96ad1205-sql
sakila,"Выявить клиентов для банковского мониторинга транзакций: за весь период платежей найти дни, когда клиент совершил не менее 3 платежей, дневная сумма превысила его среднюю дневную сумму более чем в 3 раза, а не менее 70% суммы за день прошло через одного сотрудника; для таких случаев вывести клиента, email, город и страну, дату, сумму и количество платежей, число уникальных арендованных фильмов, доминирующего сотрудника, магазин, наиболее частую категорию фильмов в этих операциях и ранг этого дня по сумме среди всех дней клиента.",hard,e5895894-a92a-4770-91e1-bb0e254c7179,"Скрипт для выявления клиентов и подозрительных дней по платежам, когда за день было не менее 3 операций, сумма превысила среднюю дневную сумму клиента более чем в 3 раза и не менее 70% оборота прошло через одного сотрудника, с выводом клиента, email, города и страны, даты, суммы, числа платежей, уникальных арендованных фильмов, доминирующего сотрудника, магазина, наиболее частой категории и ранга дня по сумме среди всех дней клиента.","Скрипт для выявления дней с аномальной платежной активностью клиентов в рамках банковского мониторинга: за весь период платежей определяются дни, когда клиент совершил не менее 3 платежей, дневная сумма превысила его среднюю дневную сумму более чем в 3 раза, а не менее 70% суммы дня было проведено через одного сотрудника; для таких случаев формируется список клиента, его email, города и страны, даты, суммы и количества платежей, числа уникальных арендованных фильмов, доминирующего сотрудника, магазина, наиболее частой категории фильмов в этих операциях и ранга дня по сумме среди всех дней клиента.","Скрипт для выявления клиентов, у которых в отдельные дни за весь период платежей было не менее 3 операций, дневная сумма превышала их среднюю дневную сумму более чем в 3 раза, и не менее 70% этой суммы приходилось на одного сотрудника; для таких дней формируется результат с клиентом, email, городом и страной, датой, суммой и количеством платежей, числом уникальных арендованных фильмов, доминирующим сотрудником, магазином, наиболее частой категорией фильмов в этих операциях и рангом дня по сумме среди всех дней данного клиента, с учетом группировки по клиенту и дате, последующей агрегации, определения доминирующего сотрудника и категории, а также ранжирования дней по убыванию суммы.","Скрипт для выявления критических дней транзакций клиента: найти дни, когда клиент совершил не менее 4 платежей, дневная сумма превысила его среднюю дневную сумму более чем в 2.5 раза, и один сотрудник обработал более 75% суммы; вывести клиента, email, город и страну, дату, общую сумму, количество платежей, количество уникальных арендованных фильмов, доминирующего сотрудника, магазин, наиболее частую категорию фильмов и ранг дня по сумме среди дней клиента.","Для анализа подозрительной активности клиентов по данным платежей: за весь период наблюдения найти даты, когда у клиента зафиксировано 4 и более транзакций, дневная сумма которых превышает его среднюю дневную сумму в 2,5 раза, при этом не менее 75% дневного оборота проведено через одного сотрудника. Вывести идентификатор клиента, email, город, страну, дату, сумму, количество платежей, число уникальных арендованных фильмов, доминирующего сотрудника, магазин, самую часто встречающуюся категорию фильмов среди аренд за этот день и ранг даты по сумме среди всех дней этого клиента.","Для каждого магазина выявить дни, когда дневная сумма платежей превышала среднюю дневную выручку этого магазина более чем в 2,5 раза, а также не менее 60% от общей суммы за день было проведено одним сотрудником; для каждого такого случая вывести магазин (идентификатор и адрес с городом и страной), дату, общую сумму и количество платежей, идентификатор и имя доминирующего сотрудника, наиболее часто встречающуюся категорию фильмов среди оплаченных в этот день аренд, а также ранг этого дня по общей сумме среди всех дней указанного магазина.",2,6f799c69-ea1c-5283-be79-c4a77fe793e8-sql,6f799c69-ea1c-5283-be79-c4a77fe793e8-sql;f33a80fc-7e9f-5f21-a406-97686654333d-sql;e32bf41a-4810-5cde-9a8d-ee065ec84ed7-sql;5edfbd20-52e1-53ba-a9c5-566411862a87-sql;cd51bd24-0f7e-5f7f-96a3-927d7dcc56ba-sql,6f799c69-ea1c-5283-be79-c4a77fe793e8-sql;f33a80fc-7e9f-5f21-a406-97686654333d-sql;e32bf41a-4810-5cde-9a8d-ee065ec84ed7-sql;5edfbd20-52e1-53ba-a9c5-566411862a87-sql;a37e8fe3-b54f-5f10-ac0b-c708ab653597-sql,6f799c69-ea1c-5283-be79-c4a77fe793e8-sql;f33a80fc-7e9f-5f21-a406-97686654333d-sql;cd51bd24-0f7e-5f7f-96a3-927d7dcc56ba-sql;5edfbd20-52e1-53ba-a9c5-566411862a87-sql;297ddd3c-632b-5a12-862e-43c68a88950c-sql
sakila,"Выявить клиентов с подозрительной платежной активностью: для каждого клиента и календарного дня рассчитать количество и сумму платежей, сравнить их со средними значениями клиента за предыдущие 30 дней, оставить случаи, где дневная сумма превышает историческое среднее более чем в 3 раза или было не менее 5 платежей за день, дополнительно показать страну и город клиента, магазин и сотрудника, принявшего последний платеж за этот день, количество связанных аренд, долю возвратов с просрочкой и ранг клиента по дневной сумме платежей внутри его страны.",hard,33cc3fa4-2896-43d8-91c2-c8ca3004acb5,"Скрипт для выявления клиентов с подозрительной платежной активностью по дням на основе сравнения дневных сумм и количества платежей со средними значениями за предыдущие 30 дней, с выводом страны, города, магазина, сотрудника последнего платежа, числа связанных аренд, доли просроченных возвратов и ранга клиента по дневной сумме в пределах страны.","Скрипт для выявления клиентов с подозрительной платежной активностью на дневном уровне: для каждого клиента и календарного дня рассчитываются количество и сумма платежей, затем эти показатели сравниваются со средними значениями клиента за предыдущие 30 дней; в результат включаются случаи, где дневная сумма превышает историческое среднее более чем в 3 раза или за день зафиксировано не менее 5 платежей, а также дополнительно определяются страна и город клиента, магазин и сотрудник, принявший последний платеж в этот день, количество связанных аренд, доля возвратов с просрочкой и ранг клиента по дневной сумме платежей внутри его страны.","Скрипт для выявления клиентов с подозрительной платежной активностью: по каждому клиенту и календарному дню агрегировать количество и сумму платежей, сравнивать дневные показатели со средними значениями этого же клиента за предыдущие 30 дней, отбирать случаи, где дневная сумма превышает историческое среднее более чем в 3 раза либо за день зафиксировано не менее 5 платежей, и дополнительно формировать итог по стране и городу клиента, магазину и сотруднику, принявшему последний платеж за день, количеству связанных аренд, доле возвратов с просрочкой и месту клиента в ранжировании по дневной сумме платежей внутри его страны.","Скрипт для выявления клиентов с аномальной частотой аренд: для каждого клиента и дня рассчитать количество аренд, сравнить с его средним за предыдущие 30 дней, выбрать дни с количеством аренд более чем в 2 раза выше среднего или не менее 3 аренд за день, дополнительно показать страну и город, фильмы, арендованные в этот день, сумму платежей, магазин и сотрудника, принявшего последнюю аренду, а также ранг клиента по дневному количеству аренд в своей стране.","Для операционного мониторинга подозрительной активности клиентов в сети проката разработать скрипт, который для каждого клиента и календарного дня вычисляет количество и сумму платежей, сравнивает их с медианными значениями за предыдущие 21 день и оставляет случаи, где дневная сумма превышает медиану более чем в 3,5 раза или количество платежей за день не менее 4; дополнительно по каждому такому дню выводится страна и город клиента, магазин и сотрудник, обработавший последний платёж дня, общее количество аренд, приходящихся на этот день, доля возвратов с опозданием среди них, а также ранг клиента по сумме платежей внутри его страны за данный день.","Для каждого клиента и календарного дня на основе таблицы ren вычислить количество выданных аренд; сравнить его со скользящим средним за предшествующие 30 дней по данному клиенту; оставить дни, где дневное количество аренд превышает историческое среднее более чем в 3 раза либо составляет 5 и более аренд. Для каждого такого дня извлечь страну и город клиента через цепочку cus → adr → cty → cnt, магазин, к которому относится последняя аренда дня (по дате выдачи) через inv.n03, сотрудника, оформившего эту последнюю аренду (ren.q06), общее количество платежей (pay), ссылающихся на аренды данного дня (через pay.p04 = ren.q01), долю просроченных возвратов среди аренд дня (возврат позже даты выдачи плюс длительность аренды из flm.i07; учитываются только возвращённые аренды), а также ранг клиента по дневному количеству аренд с разбивкой по стране (оконная функция rank() по убыванию количества аренд в разбивке cnt.c02).",0,e32bf41a-4810-5cde-9a8d-ee065ec84ed7-sql,3c016477-207a-5b36-8600-77ecf31a1ed7-sql;e32bf41a-4810-5cde-9a8d-ee065ec84ed7-sql;cd51bd24-0f7e-5f7f-96a3-927d7dcc56ba-sql;f33a80fc-7e9f-5f21-a406-97686654333d-sql;65e519b5-5d33-5a1f-b195-4c7c96ad1205-sql,e32bf41a-4810-5cde-9a8d-ee065ec84ed7-sql;f33a80fc-7e9f-5f21-a406-97686654333d-sql;6f799c69-ea1c-5283-be79-c4a77fe793e8-sql;09c83b98-73c4-5969-bb10-6217ba0cc214-sql;65e519b5-5d33-5a1f-b195-4c7c96ad1205-sql,e32bf41a-4810-5cde-9a8d-ee065ec84ed7-sql;3c016477-207a-5b36-8600-77ecf31a1ed7-sql;cd51bd24-0f7e-5f7f-96a3-927d7dcc56ba-sql;f33a80fc-7e9f-5f21-a406-97686654333d-sql;5edfbd20-52e1-53ba-a9c5-566411862a87-sql
sakila,"Выявить клиентов с подозрительной платежной активностью: для каждого клиента и календарного дня рассчитать количество и сумму платежей, сравнить их со средними значениями клиента за предыдущие 30 дней, оставить случаи, где дневная сумма превышает историческое среднее более чем в 3 раза или было не менее 5 платежей за день, дополнительно показать страну и город клиента, магазин и сотрудника, принявшего последний платеж за этот день, количество связанных аренд, долю возвратов с просрочкой и ранг клиента по дневной сумме платежей внутри его страны.",hard,33cc3fa4-2896-43d8-91c2-c8ca3004acb5,"Скрипт для выявления клиентов с подозрительной платежной активностью по дням на основе сравнения дневных сумм и количества платежей со средними значениями за предыдущие 30 дней, с выводом страны, города, магазина, сотрудника последнего платежа, числа связанных аренд, доли просроченных возвратов и ранга клиента по дневной сумме в пределах страны.","Скрипт для выявления клиентов с подозрительной платежной активностью на дневном уровне: для каждого клиента и календарного дня рассчитываются количество и сумма платежей, затем эти показатели сравниваются со средними значениями клиента за предыдущие 30 дней; в результат включаются случаи, где дневная сумма превышает историческое среднее более чем в 3 раза или за день зафиксировано не менее 5 платежей, а также дополнительно определяются страна и город клиента, магазин и сотрудник, принявший последний платеж в этот день, количество связанных аренд, доля возвратов с просрочкой и ранг клиента по дневной сумме платежей внутри его страны.","Скрипт для выявления клиентов с подозрительной платежной активностью: по каждому клиенту и календарному дню агрегировать количество и сумму платежей, сравнивать дневные показатели со средними значениями этого же клиента за предыдущие 30 дней, отбирать случаи, где дневная сумма превышает историческое среднее более чем в 3 раза либо за день зафиксировано не менее 5 платежей, и дополнительно формировать итог по стране и городу клиента, магазину и сотруднику, принявшему последний платеж за день, количеству связанных аренд, доле возвратов с просрочкой и месту клиента в ранжировании по дневной сумме платежей внутри его страны.","Скрипт для выявления клиентов с аномальной платежной активностью: для каждого клиента и дня рассчитать количество и сумму платежей, сравнить со средними за предыдущие 7 дней, оставить случаи, где дневная сумма превышает среднее более чем в 2 раза или было не менее 4 платежей за день, дополнительно показать страну и город клиента, магазин и сотрудника, принявшего последний платеж за этот день, и ранг клиента по дневной сумме внутри страны.","Для каждого клиента и календарного дня рассчитать совокупную сумму и количество платежей; сравнить эти показатели с медианными значениями клиента за предыдущие 30 дней; отобрать случаи, где дневная сумма платежей превышает медиану клиента более чем в 2,5 раза или количество транзакций за день не менее 4; дополнительно вывести страну, город клиента, идентификатор магазина и фамилию сотрудника, оформившего последний платеж дня, количество аренд, совершённых клиентом в этот день, долю возвратов с задержкой от общего числа аренд за день, а также ранг клиента по сумме платежей за этот день в разрезе страны.","Для каждого клиента и календарного дня рассчитать количество и сумму платежей, а также среднюю сумму платежа за последние 7 дней для этого клиента. Оставить случаи, где дневная сумма превышает среднюю за 7 дней более чем в 2 раза или количество платежей за день превышает 10. Для каждого такого дня дополнительно показать: магазин и сотрудника, обработавшего первый платеж за день, количество фильмов, арендованных этим клиентом в этот день, минимальную стоимость замены среди этих фильмов, и ранг клиента по дневной сумме платежа внутри его страны. Вывести итоговые строки, отсортированные по убыванию суммы платежа.",1,e32bf41a-4810-5cde-9a8d-ee065ec84ed7-sql,e32bf41a-4810-5cde-9a8d-ee065ec84ed7-sql;09c83b98-73c4-5969-bb10-6217ba0cc214-sql;65e519b5-5d33-5a1f-b195-4c7c96ad1205-sql;5b709a9e-4bc2-5925-873e-2a6c1c390e46-sql;f33a80fc-7e9f-5f21-a406-97686654333d-sql,e32bf41a-4810-5cde-9a8d-ee065ec84ed7-sql;cd51bd24-0f7e-5f7f-96a3-927d7dcc56ba-sql;5edfbd20-52e1-53ba-a9c5-566411862a87-sql;f33a80fc-7e9f-5f21-a406-97686654333d-sql;6f799c69-ea1c-5283-be79-c4a77fe793e8-sql,6f799c69-ea1c-5283-be79-c4a77fe793e8-sql;f33a80fc-7e9f-5f21-a406-97686654333d-sql;a2ca386f-5b32-5dad-8e4b-2523418c4732-sql;5edfbd20-52e1-53ba-a9c5-566411862a87-sql;e32bf41a-4810-5cde-9a8d-ee065ec84ed7-sql
sakila,"Выявить клиентов с подозрительной платежной активностью: для каждого клиента и календарного дня рассчитать количество и сумму платежей, сравнить их со средними значениями клиента за предыдущие 30 дней, оставить случаи, где дневная сумма превышает историческое среднее более чем в 3 раза или было не менее 5 платежей за день, дополнительно показать страну и город клиента, магазин и сотрудника, принявшего последний платеж за этот день, количество связанных аренд, долю возвратов с просрочкой и ранг клиента по дневной сумме платежей внутри его страны.",hard,33cc3fa4-2896-43d8-91c2-c8ca3004acb5,"Скрипт для выявления клиентов с подозрительной платежной активностью по дням на основе сравнения дневных сумм и количества платежей со средними значениями за предыдущие 30 дней, с выводом страны, города, магазина, сотрудника последнего платежа, числа связанных аренд, доли просроченных возвратов и ранга клиента по дневной сумме в пределах страны.","Скрипт для выявления клиентов с подозрительной платежной активностью на дневном уровне: для каждого клиента и календарного дня рассчитываются количество и сумма платежей, затем эти показатели сравниваются со средними значениями клиента за предыдущие 30 дней; в результат включаются случаи, где дневная сумма превышает историческое среднее более чем в 3 раза или за день зафиксировано не менее 5 платежей, а также дополнительно определяются страна и город клиента, магазин и сотрудник, принявший последний платеж в этот день, количество связанных аренд, доля возвратов с просрочкой и ранг клиента по дневной сумме платежей внутри его страны.","Скрипт для выявления клиентов с подозрительной платежной активностью: по каждому клиенту и календарному дню агрегировать количество и сумму платежей, сравнивать дневные показатели со средними значениями этого же клиента за предыдущие 30 дней, отбирать случаи, где дневная сумма превышает историческое среднее более чем в 3 раза либо за день зафиксировано не менее 5 платежей, и дополнительно формировать итог по стране и городу клиента, магазину и сотруднику, принявшему последний платеж за день, количеству связанных аренд, доле возвратов с просрочкой и месту клиента в ранжировании по дневной сумме платежей внутри его страны.","Скрипт для выявления клиентов с аномально высокой частотой просрочек возвратов фильмов: для каждого клиента и дня рассчитываются количество аренд и доля просрочек, сравниваются со средними за предыдущие 14 дней, отбираются превышения, добавляются страна и город клиента, сотрудник последней аренды за день и ранг по доле просрочек внутри страны.","Провести анализ экстремальной транзакционной активности клиентов: для каждого клиента и календарного дня вычислить совокупную сумму и количество платежей, сопоставить с их средними значениями за предыдущие 7 дней, отфильтровать дни, где сумма превышает историческое среднее более чем в 4 раза или совершено не менее 10 платежей, включить страну и город клиента, а также магазин и сотрудника, оформившего максимальный платеж за этот день, количество уникальных фильмов, арендованных клиентом в течение дня, долю аренд с просрочкой возврата среди всех его активных аренд и ранг клиента по дневной сумме платежей в разрезе его страны.","Для каждого клиента и календарного дня рассчитать количество аренд и количество различных арендованных фильмов; сравнить эти показатели со средними значениями для того же клиента за предыдущие 30 дней; отфильтровать дни, в которых количество аренд превышает среднее более чем в 2 раза или количество различных фильмов больше 5; дополнительно вывести страну и город клиента, идентификатор магазина, где была совершена первая аренда в этот день, общее количество связанных платежей за день, долю аренд, возвращённых без просрочки, и ранг клиента по количеству аренд за день среди клиентов из той же страны.",2,e32bf41a-4810-5cde-9a8d-ee065ec84ed7-sql,e32bf41a-4810-5cde-9a8d-ee065ec84ed7-sql;3c016477-207a-5b36-8600-77ecf31a1ed7-sql;09c83b98-73c4-5969-bb10-6217ba0cc214-sql;5b709a9e-4bc2-5925-873e-2a6c1c390e46-sql;65e519b5-5d33-5a1f-b195-4c7c96ad1205-sql,e32bf41a-4810-5cde-9a8d-ee065ec84ed7-sql;65e519b5-5d33-5a1f-b195-4c7c96ad1205-sql;f33a80fc-7e9f-5f21-a406-97686654333d-sql;09c83b98-73c4-5969-bb10-6217ba0cc214-sql;cd51bd24-0f7e-5f7f-96a3-927d7dcc56ba-sql,e32bf41a-4810-5cde-9a8d-ee065ec84ed7-sql;3c016477-207a-5b36-8600-77ecf31a1ed7-sql;f33a80fc-7e9f-5f21-a406-97686654333d-sql;6f799c69-ea1c-5283-be79-c4a77fe793e8-sql;cd51bd24-0f7e-5f7f-96a3-927d7dcc56ba-sql
sakila,"Найти клиентов, у которых в течение любого календарного месяца сумма платежей по арендам превышала их среднюю месячную сумму за предыдущие 3 месяца минимум в 3 раза и одновременно входила в верхние 5% по сумме платежей среди клиентов той же страны; для таких клиентов показать страну и город, количество платежей, общую сумму, средний чек, долю платежей, проведённых одним и тем же сотрудником, количество разных магазинов и категорий фильмов, а также присвоить ранг риска внутри страны по убыванию месячной суммы платежей.",hard,4b2fdb69-4eb6-4e00-8350-c65c47f3d628,"Скрипт для выявления клиентов, у которых в любой календарный месяц сумма платежей по арендам более чем в 3 раза превышает их среднюю месячную сумму за предыдущие 3 месяца и входит в верхние 5% среди клиентов той же страны, с выводом страны, города, количества платежей, общей суммы, среднего чека, доли платежей одного сотрудника, числа разных магазинов и категорий фильмов, а также ранга риска внутри страны по убыванию месячной суммы платежей.","Скрипт для выявления клиентов с аномальным ростом ежемесячных платежей по аренде: в рамках любого календарного месяца он ищет тех, у кого сумма платежей минимум в 3 раза превышает их среднюю месячную сумму за предыдущие 3 месяца и одновременно входит в верхние 5% по объему платежей среди клиентов той же страны; для найденных клиентов формируется сводка по стране и городу, количеству платежей, общей сумме, среднему чеку, доле платежей, проведённых одним и тем же сотрудником, числу разных магазинов и категорий фильмов, а также рассчитывается риск-ранг внутри страны по убыванию месячной суммы платежей.","Скрипт для формирования списка клиентов, у которых в пределах любого календарного месяца сумма платежей по арендам превышает их среднюю месячную сумму за предыдущие 3 месяца минимум в 3 раза и одновременно входит в верхние 5% по сумме платежей среди клиентов той же страны; для отобранных клиентов выполняется агрегирование по стране и городу, рассчитываются количество платежей, общая сумма, средний чек, доля платежей, проведённых одним и тем же сотрудником, количество разных магазинов и категорий фильмов, а также присваивается ранг риска внутри страны по убыванию месячной суммы платежей.","Скрипт для нахождения клиентов, у которых сумма платежей за любой месяц превышала среднемесячную сумму за предыдущие 6 месяцев не менее чем в 2.5 раза и одновременно входила в верхние 10% по сумме среди клиентов того же города; для таких клиентов отобразить город и страну, количество оплат, общую выручку, средний чек, долю платежей, совершённых одним сотрудником, число уникальных магазинов и категорий фильмов, а также ранг по убыванию месячной суммы внутри города.","Выявить клиентов, у которых в любом календарном месяце сумма платежей превысила их среднемесячную сумму за предыдущие 3 месяца более чем в 4 раза и при этом входила в верхние 3% по сумме платежей среди клиентов той же страны. Для таких клиентов указать страну и город, общее количество платежей, итоговую сумму, средний чек, долю платежей, принятых одним сотрудником, число различных магазинов и категорий фильмов, а также присвоить ранг риска внутри страны по убыванию аномальной месячной суммы.","Для каждого календарного месяца определить клиентов, у которых общая сумма платежей за месяц превышает медианную сумму платежей всех клиентов из того же города за этот месяц как минимум на 50% и составляет не менее 100 единиц валюты; для таких клиентов за указанный месяц вывести страну, город, количество аренд, общую сумму платежей, средний чек, количество уникальных сотрудников, оформивших аренды, долю платежей за фильмы с рейтингом PG-13, и присвоить ранг внутри города по убыванию общей суммы платежей, оставив только клиентов с рангом не выше 10.",0,3c016477-207a-5b36-8600-77ecf31a1ed7-sql,3c016477-207a-5b36-8600-77ecf31a1ed7-sql;a2ca386f-5b32-5dad-8e4b-2523418c4732-sql;297ddd3c-632b-5a12-862e-43c68a88950c-sql;04810e06-3d2c-5877-ad0e-681a0b440fe0-sql;cd51bd24-0f7e-5f7f-96a3-927d7dcc56ba-sql,3c016477-207a-5b36-8600-77ecf31a1ed7-sql;04810e06-3d2c-5877-ad0e-681a0b440fe0-sql;297ddd3c-632b-5a12-862e-43c68a88950c-sql;a2ca386f-5b32-5dad-8e4b-2523418c4732-sql;f0beccbb-786e-544c-819d-1a939769636d-sql,3c016477-207a-5b36-8600-77ecf31a1ed7-sql;04810e06-3d2c-5877-ad0e-681a0b440fe0-sql;a2ca386f-5b32-5dad-8e4b-2523418c4732-sql;297ddd3c-632b-5a12-862e-43c68a88950c-sql;cd51bd24-0f7e-5f7f-96a3-927d7dcc56ba-sql
sakila,"Найти клиентов, у которых в течение любого календарного месяца сумма платежей по арендам превышала их среднюю месячную сумму за предыдущие 3 месяца минимум в 3 раза и одновременно входила в верхние 5% по сумме платежей среди клиентов той же страны; для таких клиентов показать страну и город, количество платежей, общую сумму, средний чек, долю платежей, проведённых одним и тем же сотрудником, количество разных магазинов и категорий фильмов, а также присвоить ранг риска внутри страны по убыванию месячной суммы платежей.",hard,4b2fdb69-4eb6-4e00-8350-c65c47f3d628,"Скрипт для выявления клиентов, у которых в любой календарный месяц сумма платежей по арендам более чем в 3 раза превышает их среднюю месячную сумму за предыдущие 3 месяца и входит в верхние 5% среди клиентов той же страны, с выводом страны, города, количества платежей, общей суммы, среднего чека, доли платежей одного сотрудника, числа разных магазинов и категорий фильмов, а также ранга риска внутри страны по убыванию месячной суммы платежей.","Скрипт для выявления клиентов с аномальным ростом ежемесячных платежей по аренде: в рамках любого календарного месяца он ищет тех, у кого сумма платежей минимум в 3 раза превышает их среднюю месячную сумму за предыдущие 3 месяца и одновременно входит в верхние 5% по объему платежей среди клиентов той же страны; для найденных клиентов формируется сводка по стране и городу, количеству платежей, общей сумме, среднему чеку, доле платежей, проведённых одним и тем же сотрудником, числу разных магазинов и категорий фильмов, а также рассчитывается риск-ранг внутри страны по убыванию месячной суммы платежей.","Скрипт для формирования списка клиентов, у которых в пределах любого календарного месяца сумма платежей по арендам превышает их среднюю месячную сумму за предыдущие 3 месяца минимум в 3 раза и одновременно входит в верхние 5% по сумме платежей среди клиентов той же страны; для отобранных клиентов выполняется агрегирование по стране и городу, рассчитываются количество платежей, общая сумма, средний чек, доля платежей, проведённых одним и тем же сотрудником, количество разных магазинов и категорий фильмов, а также присваивается ранг риска внутри страны по убыванию месячной суммы платежей.","Скрипт для выявления клиентов, чьи ежемесячные платежи превышали среднемесячный платеж за предыдущие полгода не менее чем в 2,5 раза и входили в верхние 10% по сумме среди клиентов того же города, с выводом количества аренд, общей суммы, среднего чека, доли платежей от одного сотрудника, числа различных магазинов и категорий фильмов, а также ранга внутри города по убыванию суммы.","Определить клиентов, у которых сумма платежей за любой календарный квартал превышала среднюю квартальную сумму за предыдущие два квартала более чем в 2,5 раза и одновременно входила в верхние 10% по сумме платежей среди клиентов того же города; для таких клиентов показать страну, количество уникальных магазинов, где они брали фильмы, общее количество платежей, среднюю сумму платежа, долю платежей, проведённых одним и тем же сотрудником, а также присвоить ранг риска внутри страны по убыванию квартальной суммы платежей.","Для каждого клиента за каждый квартал (сгруппировав по году и кварталу) рассчитать количество аренд и общую сумму платежей. Вычислить среднее квартальное количество аренд за предыдущие 4 квартала (исключая текущий). Отобрать кварталы, где количество аренд превышает это среднее минимум в 2 раза. Среди таких кварталов отфильтровать те, где средняя стоимость аренды (сумма платежей / количество аренд) попадает в верхние 10% среди всех клиентов из того же города за тот же квартал. Для отобранных клиентов и кварталов вывести страну, город, общее количество аренд за квартал, общую сумму платежей, среднюю стоимость аренды, долю аренд, оформленных одним и тем же сотрудником, количество различных магазинов, где брались фильмы, и количество различных категорий фильмов в этих арендах. Присвоить ранг в пределах города по убыванию общей суммы платежей за квартал.",1,3c016477-207a-5b36-8600-77ecf31a1ed7-sql,3c016477-207a-5b36-8600-77ecf31a1ed7-sql;297ddd3c-632b-5a12-862e-43c68a88950c-sql;04810e06-3d2c-5877-ad0e-681a0b440fe0-sql;a2ca386f-5b32-5dad-8e4b-2523418c4732-sql;cd51bd24-0f7e-5f7f-96a3-927d7dcc56ba-sql,3c016477-207a-5b36-8600-77ecf31a1ed7-sql;a2ca386f-5b32-5dad-8e4b-2523418c4732-sql;cd51bd24-0f7e-5f7f-96a3-927d7dcc56ba-sql;04810e06-3d2c-5877-ad0e-681a0b440fe0-sql;5b709a9e-4bc2-5925-873e-2a6c1c390e46-sql,3c016477-207a-5b36-8600-77ecf31a1ed7-sql;a2ca386f-5b32-5dad-8e4b-2523418c4732-sql;e32bf41a-4810-5cde-9a8d-ee065ec84ed7-sql;04810e06-3d2c-5877-ad0e-681a0b440fe0-sql;297ddd3c-632b-5a12-862e-43c68a88950c-sql
sakila,"Найти клиентов, у которых в течение любого календарного месяца сумма платежей по арендам превышала их среднюю месячную сумму за предыдущие 3 месяца минимум в 3 раза и одновременно входила в верхние 5% по сумме платежей среди клиентов той же страны; для таких клиентов показать страну и город, количество платежей, общую сумму, средний чек, долю платежей, проведённых одним и тем же сотрудником, количество разных магазинов и категорий фильмов, а также присвоить ранг риска внутри страны по убыванию месячной суммы платежей.",hard,4b2fdb69-4eb6-4e00-8350-c65c47f3d628,"Скрипт для выявления клиентов, у которых в любой календарный месяц сумма платежей по арендам более чем в 3 раза превышает их среднюю месячную сумму за предыдущие 3 месяца и входит в верхние 5% среди клиентов той же страны, с выводом страны, города, количества платежей, общей суммы, среднего чека, доли платежей одного сотрудника, числа разных магазинов и категорий фильмов, а также ранга риска внутри страны по убыванию месячной суммы платежей.","Скрипт для выявления клиентов с аномальным ростом ежемесячных платежей по аренде: в рамках любого календарного месяца он ищет тех, у кого сумма платежей минимум в 3 раза превышает их среднюю месячную сумму за предыдущие 3 месяца и одновременно входит в верхние 5% по объему платежей среди клиентов той же страны; для найденных клиентов формируется сводка по стране и городу, количеству платежей, общей сумме, среднему чеку, доле платежей, проведённых одним и тем же сотрудником, числу разных магазинов и категорий фильмов, а также рассчитывается риск-ранг внутри страны по убыванию месячной суммы платежей.","Скрипт для формирования списка клиентов, у которых в пределах любого календарного месяца сумма платежей по арендам превышает их среднюю месячную сумму за предыдущие 3 месяца минимум в 3 раза и одновременно входит в верхние 5% по сумме платежей среди клиентов той же страны; для отобранных клиентов выполняется агрегирование по стране и городу, рассчитываются количество платежей, общая сумма, средний чек, доля платежей, проведённых одним и тем же сотрудником, количество разных магазинов и категорий фильмов, а также присваивается ранг риска внутри страны по убыванию месячной суммы платежей.","Скрипт для поиска клиентов, у которых в любом месяце сумма платежей превышала их среднюю сумму за предыдущие 6 месяцев минимум в 5 раз и входила в верхние 3% среди клиентов того же города; вывести страну, город, количество платежей, общую сумму, средний чек, долю платежей, проведённых одним сотрудником, количество разных магазинов и категорий фильмов, а также ранг по убыванию суммы внутри города.","Определить клиентов, у которых в любом календарном месяце сумма платежей превысила их среднемесячную сумму за предыдущие 6 месяцев в 4 раза или более и одновременно входила в верхние 3% по сумме среди клиентов из той же страны; для каждого такого клиента вывести страну, город, количество платежей, общую сумму, средний размер платежа, долю платежей, обработанных одним сотрудником, количество уникальных магазинов и категорий фильмов, а также присвоить ранг риска внутри страны по убыванию суммы.","Для каждого клиента определить все календарные месяцы, в которых общая сумма его платежей по арендам превышает его среднемесячную сумму за предыдущие 6 полных месяцев не менее чем в 2,5 раза, и одновременно эта месячная сумма входит в верхние 10% среди месячных сумм платежей всех клиентов, проживающих в том же городе (город определяется по адресу клиента). Для каждого такого сочетания клиента и месяца вывести: название страны, название города, количество платежей за месяц, общую сумму платежей, средний чек (сумма платежей, делённая на количество платежей), долю платежей, проведённых тем сотрудником, который оформил наибольшее число платежей данного клиента в этом месяце (отдельно указать идентификатор такого сотрудника), количество различных магазинов, где клиент брал фильмы в этом месяце, количество различных категорий фильмов среди взятых напрокат, а также ранг клиента внутри города по убыванию месячной суммы платежей. Итоговый результат включает только клиентов, для которых найден хотя бы один такой месяц, и упорядочен по стране, городу и рангу.",2,3c016477-207a-5b36-8600-77ecf31a1ed7-sql,3c016477-207a-5b36-8600-77ecf31a1ed7-sql;297ddd3c-632b-5a12-862e-43c68a88950c-sql;04810e06-3d2c-5877-ad0e-681a0b440fe0-sql;a2ca386f-5b32-5dad-8e4b-2523418c4732-sql;cd51bd24-0f7e-5f7f-96a3-927d7dcc56ba-sql,3c016477-207a-5b36-8600-77ecf31a1ed7-sql;04810e06-3d2c-5877-ad0e-681a0b440fe0-sql;a2ca386f-5b32-5dad-8e4b-2523418c4732-sql;297ddd3c-632b-5a12-862e-43c68a88950c-sql;cd51bd24-0f7e-5f7f-96a3-927d7dcc56ba-sql,3c016477-207a-5b36-8600-77ecf31a1ed7-sql;04810e06-3d2c-5877-ad0e-681a0b440fe0-sql;a2ca386f-5b32-5dad-8e4b-2523418c4732-sql;297ddd3c-632b-5a12-862e-43c68a88950c-sql;cd51bd24-0f7e-5f7f-96a3-927d7dcc56ba-sql
sakila,"Выявить клиентов, у которых в течение любого 7-дневного окна сумма платежей существенно превышала их обычный уровень и средний уровень по стране: рассчитать по каждому клиенту дневные суммы транзакций, скользящую 7-дневную сумму, медианное или среднее значение за предыдущие периоды, сравнить результат с 95-м перцентилем по стране клиента, дополнительно отметить случаи, когда платежи за этот период проводились через разных сотрудников или магазины, и вывести клиента, страну, город, период окна, сумму, количество платежей, число сотрудников, число магазинов и ранг подозрительности.",hard,cbc003d5-8ff3-4d6d-9e84-8e3e1b5c1457,"Скрипт для выявления клиентов с аномально высокими суммами платежей в любом 7-дневном окне на основе сравнения с их обычным уровнем и 95-м перцентилем по стране, с учетом различий по сотрудникам и магазинам, и с выводом клиента, страны, города, периода, суммы, числа платежей, сотрудников, магазинов и ранга подозрительности.","Скрипт для выявления клиентов, у которых в любом 7-дневном окне сумма платежей заметно превышает их обычный уровень и средний показатель по стране проживания, с расчетом дневных сумм операций, скользящей 7-дневной суммы, базового среднего или медианы по предыдущим периодам, сравнением с 95-м перцентилем по стране клиента и дополнительной фиксацией случаев, когда в рамках окна платежи проводились через разных сотрудников или в разных магазинах; результат включает клиента, страну, город, период окна, сумму, количество платежей, число сотрудников, число магазинов и ранг подозрительности.","Скрипт для формирования списка клиентов, у которых в любом скользящем 7-дневном окне сумма платежей заметно превышает их типичный уровень и средний показатель по стране: по датам платежей рассчитываются дневные суммы транзакций, затем скользящая сумма за 7 дней, базовый уровень по предыдущим периодам на основе среднего или медианы, после чего результат сравнивается с 95-м перцентилем по стране клиента; дополнительно определяется, проводились ли платежи в пределах окна разными сотрудниками или через разные магазины, и в итоговую выборку выводятся клиент, страна, город, границы окна, сумма платежей, количество платежей, число сотрудников, число магазинов и ранг подозрительности, с упорядочиванием по степени аномальности.","Скрипт для обнаружения клиентов, чья сумма платежей за любую непрерывную неделю превышает их персональный 90-й перцентиль и 80-й перцентиль по стране, с разбивкой по количеству задействованных магазинов и сотрудников.","Провести кредитный мониторинг клиентов на предмет аномального роста платежей в любом последовательном 14-дневном интервале. Для каждого клиента по дневным транзакциям вычислить скользящую 14-дневную сумму, сравнить её с медианным значением дневных сумм за предыдущие 30 дней и с 90-м перцентилем по стране клиента. Если обе величины превышены и платежи в окне обрабатывались более чем одним сотрудником или проходили через разные магазины, зафиксировать подозрительную активность. Вывести идентификатор клиента, страну, город, даты начала и конца интервала, сумму платежей, количество транзакций, число участвовавших сотрудников и магазинов, а также уровень аномальности (высокий/средний/низкий) на основе величины отклонения от нормы.","Для каждого клиента рассчитать дневные суммы платежей. Используя скользящее 14-дневное окно, вычислить среднюю дневную сумму за период. Сравнить её с медианным значением средних дневных сумм за предыдущие 90 дней по данному клиенту. Если отношение превышает 2, дополнительно проверить, превышает ли эта средняя 90-й перцентиль средних дневных сумм за тот же период по стране клиента. Для таких окон подсчитать количество уникальных сотрудников и магазинов, через которые прошли платежи. Результат: идентификатор клиента, страна, город, даты начала и конца окна, средняя дневная сумма, количество платежей, количество сотрудников, количество магазинов, ранг подозрительности (по величине отклонения).",0,5b709a9e-4bc2-5925-873e-2a6c1c390e46-sql,5b709a9e-4bc2-5925-873e-2a6c1c390e46-sql;cd51bd24-0f7e-5f7f-96a3-927d7dcc56ba-sql;297ddd3c-632b-5a12-862e-43c68a88950c-sql;65e519b5-5d33-5a1f-b195-4c7c96ad1205-sql;04810e06-3d2c-5877-ad0e-681a0b440fe0-sql,09c83b98-73c4-5969-bb10-6217ba0cc214-sql;5b709a9e-4bc2-5925-873e-2a6c1c390e46-sql;65e519b5-5d33-5a1f-b195-4c7c96ad1205-sql;f33a80fc-7e9f-5f21-a406-97686654333d-sql;5edfbd20-52e1-53ba-a9c5-566411862a87-sql,297ddd3c-632b-5a12-862e-43c68a88950c-sql;5b709a9e-4bc2-5925-873e-2a6c1c390e46-sql;09c83b98-73c4-5969-bb10-6217ba0cc214-sql;65e519b5-5d33-5a1f-b195-4c7c96ad1205-sql;e32bf41a-4810-5cde-9a8d-ee065ec84ed7-sql
sakila,"Выявить клиентов, у которых в течение любого 7-дневного окна сумма платежей существенно превышала их обычный уровень и средний уровень по стране: рассчитать по каждому клиенту дневные суммы транзакций, скользящую 7-дневную сумму, медианное или среднее значение за предыдущие периоды, сравнить результат с 95-м перцентилем по стране клиента, дополнительно отметить случаи, когда платежи за этот период проводились через разных сотрудников или магазины, и вывести клиента, страну, город, период окна, сумму, количество платежей, число сотрудников, число магазинов и ранг подозрительности.",hard,cbc003d5-8ff3-4d6d-9e84-8e3e1b5c1457,"Скрипт для выявления клиентов с аномально высокими суммами платежей в любом 7-дневном окне на основе сравнения с их обычным уровнем и 95-м перцентилем по стране, с учетом различий по сотрудникам и магазинам, и с выводом клиента, страны, города, периода, суммы, числа платежей, сотрудников, магазинов и ранга подозрительности.","Скрипт для выявления клиентов, у которых в любом 7-дневном окне сумма платежей заметно превышает их обычный уровень и средний показатель по стране проживания, с расчетом дневных сумм операций, скользящей 7-дневной суммы, базового среднего или медианы по предыдущим периодам, сравнением с 95-м перцентилем по стране клиента и дополнительной фиксацией случаев, когда в рамках окна платежи проводились через разных сотрудников или в разных магазинах; результат включает клиента, страну, город, период окна, сумму, количество платежей, число сотрудников, число магазинов и ранг подозрительности.","Скрипт для формирования списка клиентов, у которых в любом скользящем 7-дневном окне сумма платежей заметно превышает их типичный уровень и средний показатель по стране: по датам платежей рассчитываются дневные суммы транзакций, затем скользящая сумма за 7 дней, базовый уровень по предыдущим периодам на основе среднего или медианы, после чего результат сравнивается с 95-м перцентилем по стране клиента; дополнительно определяется, проводились ли платежи в пределах окна разными сотрудниками или через разные магазины, и в итоговую выборку выводятся клиент, страна, город, границы окна, сумма платежей, количество платежей, число сотрудников, число магазинов и ранг подозрительности, с упорядочиванием по степени аномальности.","Скрипт для поиска клиентов, у которых за любой 30-дневный период сумма платежей превышает 95-й перцентиль по стране клиента, с вычислением скользящего среднего за предыдущие 60 дней и ранжированием по степени отклонения, а также подсчётом количества уникальных сотрудников и магазинов, участвовавших в этих платежах.","Провести мониторинг транзакционной активности клиентов проката: для каждого клиента за любой 14-дневный скользящий период вычислить общую сумму платежей, сравнить её с 95-м перцентилем дневных сумм самого клиента за последние 6 месяцев и с 90-м перцентилем по стране проживания, дополнительно зафиксировать количество уникальных сотрудников и магазинов, участвовавших в этих платежах, и вывести в порядке убывания степени отклонения список клиентов, их город и страну, период, сумму, число транзакций, число сотрудников, число магазинов и ранговый показатель подозрительности.","Для каждого клиента выполнить дневную агрегацию платежей, вычислив сумму за день. Затем для каждого дня, начиная с 14-го в истории клиента, рассчитать скользящую сумму платежей за последние 14 дней (включая текущий день). Для каждого такого 14-дневного окна определить 95-й перцентиль всех 14-дневных скользящих сумм по стране клиента. Отобрать только те окна, где сумма окна превышает указанный перцентиль. Дополнительно в каждом окне подсчитать количество уникальных сотрудников и уникальных магазинов, обслуживавших платежи. Если число сотрудников или магазинов больше одного, пометить окно как подозрительное. Вывести идентификатор клиента, название страны, название города, дату начала окна (первый день периода), общую сумму окна, количество платежей в окне, количество уникальных сотрудников, количество уникальных магазинов, а также ранг каждого окна в пределах страны по убыванию суммы окна. Упорядочить результат по возрастанию ранга.",1,5b709a9e-4bc2-5925-873e-2a6c1c390e46-sql,cd51bd24-0f7e-5f7f-96a3-927d7dcc56ba-sql;5b709a9e-4bc2-5925-873e-2a6c1c390e46-sql;09c83b98-73c4-5969-bb10-6217ba0cc214-sql;65e519b5-5d33-5a1f-b195-4c7c96ad1205-sql;e32bf41a-4810-5cde-9a8d-ee065ec84ed7-sql,e32bf41a-4810-5cde-9a8d-ee065ec84ed7-sql;65e519b5-5d33-5a1f-b195-4c7c96ad1205-sql;09c83b98-73c4-5969-bb10-6217ba0cc214-sql;bc541f34-969b-561e-a311-3871325045fb-sql;f33a80fc-7e9f-5f21-a406-97686654333d-sql,e32bf41a-4810-5cde-9a8d-ee065ec84ed7-sql;5edfbd20-52e1-53ba-a9c5-566411862a87-sql;09c83b98-73c4-5969-bb10-6217ba0cc214-sql;297ddd3c-632b-5a12-862e-43c68a88950c-sql;6f799c69-ea1c-5283-be79-c4a77fe793e8-sql
sakila,"Выявить клиентов, у которых в течение любого 7-дневного окна сумма платежей существенно превышала их обычный уровень и средний уровень по стране: рассчитать по каждому клиенту дневные суммы транзакций, скользящую 7-дневную сумму, медианное или среднее значение за предыдущие периоды, сравнить результат с 95-м перцентилем по стране клиента, дополнительно отметить случаи, когда платежи за этот период проводились через разных сотрудников или магазины, и вывести клиента, страну, город, период окна, сумму, количество платежей, число сотрудников, число магазинов и ранг подозрительности.",hard,cbc003d5-8ff3-4d6d-9e84-8e3e1b5c1457,"Скрипт для выявления клиентов с аномально высокими суммами платежей в любом 7-дневном окне на основе сравнения с их обычным уровнем и 95-м перцентилем по стране, с учетом различий по сотрудникам и магазинам, и с выводом клиента, страны, города, периода, суммы, числа платежей, сотрудников, магазинов и ранга подозрительности.","Скрипт для выявления клиентов, у которых в любом 7-дневном окне сумма платежей заметно превышает их обычный уровень и средний показатель по стране проживания, с расчетом дневных сумм операций, скользящей 7-дневной суммы, базового среднего или медианы по предыдущим периодам, сравнением с 95-м перцентилем по стране клиента и дополнительной фиксацией случаев, когда в рамках окна платежи проводились через разных сотрудников или в разных магазинах; результат включает клиента, страну, город, период окна, сумму, количество платежей, число сотрудников, число магазинов и ранг подозрительности.","Скрипт для формирования списка клиентов, у которых в любом скользящем 7-дневном окне сумма платежей заметно превышает их типичный уровень и средний показатель по стране: по датам платежей рассчитываются дневные суммы транзакций, затем скользящая сумма за 7 дней, базовый уровень по предыдущим периодам на основе среднего или медианы, после чего результат сравнивается с 95-м перцентилем по стране клиента; дополнительно определяется, проводились ли платежи в пределах окна разными сотрудниками или через разные магазины, и в итоговую выборку выводятся клиент, страна, город, границы окна, сумма платежей, количество платежей, число сотрудников, число магазинов и ранг подозрительности, с упорядочиванием по степени аномальности.","Скрипт для поиска клиентов, у которых в любом 14-дневном окне сумма платежей превышает 99-й перцентиль по стране и более чем в 3 раза их медиану за предыдущие 30 дней, с выводом периода, числа платежей, количества различных сотрудников и магазинов, а также ранга подозрительности.","В рамках системы мониторинга финансовых операций необходимо реализовать отчет, который выявляет клиентов, чья суммарная платежная активность за любой последовательный 7-дневный период существенно превышает их типичный уровень, определяемый как медианная сумма за аналогичные 7-дневные окна в предшествующие 90 дней, а также превышает 95-й перцентиль по стране проживания клиента. Для каждого такого эпизода требуется подсчитать общую сумму и количество платежей, число уникальных сотрудников и магазинов, участвовавших в обработке платежей, и присвоить ранг подозрительности на основе величины отклонения. Итоговый набор полей: клиент, страна, город, дата начала окна, сумма, количество платежей, количество сотрудников, количество магазинов, ранг.","Для каждого клиента рассчитать ежедневные суммы платежей, затем на основе этих значений построить скользящую 14-дневную сумму и скользящую 14-дневную медиану для каждого дня. Для каждого клиента выделить те 14-дневные окна, где скользящая сумма превышает утроенную скользящую медиану, и дополнительно проверить, что в этих окнах платежи были проведены через разных сотрудников (хотя бы два различных значения). Вывести идентификатор клиента, страну, город, даты начала и конца окна, общую сумму платежей в окне, количество платежей, количество уникальных сотрудников, а также ранг окна в порядке убывания отношения суммы к медиане среди всех окон того же клиента.",2,5b709a9e-4bc2-5925-873e-2a6c1c390e46-sql,5b709a9e-4bc2-5925-873e-2a6c1c390e46-sql;297ddd3c-632b-5a12-862e-43c68a88950c-sql;cd51bd24-0f7e-5f7f-96a3-927d7dcc56ba-sql;e32bf41a-4810-5cde-9a8d-ee065ec84ed7-sql;3c016477-207a-5b36-8600-77ecf31a1ed7-sql,5b709a9e-4bc2-5925-873e-2a6c1c390e46-sql;f33a80fc-7e9f-5f21-a406-97686654333d-sql;09c83b98-73c4-5969-bb10-6217ba0cc214-sql;297ddd3c-632b-5a12-862e-43c68a88950c-sql;e32bf41a-4810-5cde-9a8d-ee065ec84ed7-sql,297ddd3c-632b-5a12-862e-43c68a88950c-sql;09c83b98-73c4-5969-bb10-6217ba0cc214-sql;65e519b5-5d33-5a1f-b195-4c7c96ad1205-sql;5edfbd20-52e1-53ba-a9c5-566411862a87-sql;e32bf41a-4810-5cde-9a8d-ee065ec84ed7-sql
