customer_name,country,city,window_end,window_amount,window_count,window_films_count,global_rank
TOMMY COLLAZO,Iran,Qomsheh,2005-08-01,96.84,16,16,1
PATRICIA JOHNSON,United States,San Bernardino,2005-08-02,83.82999999999998,17,17,2
ANA BRADLEY,United States,Memphis,2005-08-01,82.86000000000001,14,14,3
ANA BRADLEY,United States,Memphis,2005-08-02,78.86000000000001,14,14,4
ELEANOR HUNT,Runion,Saint-Denis,2005-08-02,78.85,15,15,5
ARNOLD HAVENS,Philippines,Santa Rosa,2005-08-01,74.86,14,14,6
TOMMY COLLAZO,Iran,Qomsheh,2005-07-31,73.88000000000001,12,12,7
MICHELLE CLARK,Bangladesh,Tangail,2005-08-22,72.86,14,14,8
TANYA GILBERT,South Korea,Naju,2005-08-02,71.85000000000001,15,15,9
RHONDA KENNEDY,Netherlands,Apeldoorn,2005-08-02,69.87,13,13,10
ELEANOR HUNT,Runion,Saint-Denis,2005-08-23,69.83999999999999,16,16,11
MICHELLE CLARK,Bangladesh,Tangail,2005-08-21,67.87,13,13,12
MIKE WAY,India,Valparai,2005-08-02,67.86999999999999,13,13,13
HELEN HARRIS,India,Bhopal,2005-08-23,67.86,14,14,14
ELEANOR HUNT,Runion,Saint-Denis,2005-08-01,67.86,14,14,14
HECTOR POINDEXTER,Russian Federation,Pjatigorsk,2005-08-02,67.85,15,15,16
PATRICIA JOHNSON,United States,San Bernardino,2005-08-01,66.86999999999999,13,13,17
ARTHUR SIMPKINS,Russian Federation,Maikop,2005-08-02,66.86,14,14,18
PATRICIA JOHNSON,United States,San Bernardino,2005-07-31,65.88,12,12,19
ELSIE KELLEY,Nigeria,Ikerre,2005-08-23,65.86,14,14,20
CLARA SHAW,Belarus,Molodetno,2005-08-02,65.84,16,16,21
LINDA WILLIAMS,Greece,Athenai,2005-08-01,64.88,12,12,22
BRITTANY RILEY,Ukraine,Sumy,2005-08-23,63.91000000000001,9,9,23
JAMIE WAUGH,Japan,Kuwana,2005-08-02,63.88,12,12,24
PATRICIA JOHNSON,United States,San Bernardino,2005-07-30,62.89,11,11,25
LENA JENSEN,India,Halisahar,2005-08-23,62.88,12,12,26
HELEN HARRIS,India,Bhopal,2005-08-22,62.870000000000005,13,13,27
STEPHEN QUALLS,Bangladesh,Dhaka,2005-08-02,62.870000000000005,13,13,27
TAMMY SANDERS,Taiwan,Changhwa,2005-08-02,62.860000000000014,14,14,29
DANIELLE DANIELS,Mexico,Hidalgo,2005-08-21,62.86000000000001,14,14,30
SHERRY MARSHALL,Egypt,Shubra al-Khayma,2005-08-23,62.86,14,14,31
KARL SEAL,United States,Cape Coral,2005-08-22,61.890000000000015,11,11,32
MICHELLE CLARK,Bangladesh,Tangail,2005-08-20,61.89000000000001,11,11,33
TONYA CHAPMAN,India,Bhilwara,2005-08-01,61.88000000000001,12,12,34
STEVE MACKENZIE,Indonesia,Probolinggo,2005-08-02,61.88000000000001,12,12,34
MILTON HOWLAND,India,Vijayawada,2005-08-02,61.879999999999995,12,12,36
JOSEPHINE GOMEZ,India,Etawah,2005-08-23,61.87000000000001,13,13,37
ELEANOR HUNT,Runion,Saint-Denis,2005-08-22,61.85999999999999,14,14,38
CASEY MENA,Turkey,Tokat,2005-08-02,61.84000000000001,16,16,39
TOMMY COLLAZO,Iran,Qomsheh,2005-07-30,60.91000000000001,9,9,40
KARL SEAL,United States,Cape Coral,2005-08-23,60.890000000000015,11,11,41
RHONDA KENNEDY,Netherlands,Apeldoorn,2005-08-01,60.89,11,11,42
MILTON HOWLAND,India,Vijayawada,2005-08-01,60.88999999999999,11,11,43
RUBY WASHINGTON,China,Meixian,2005-08-02,60.88,12,12,44
STEPHANIE MITCHELL,Armenia,Yerevan,2005-08-02,60.870000000000005,13,13,45
ELEANOR HUNT,Runion,Saint-Denis,2005-07-31,60.870000000000005,13,13,45
ELSIE KELLEY,Nigeria,Ikerre,2005-08-22,60.870000000000005,13,13,45
TIM CARY,India,Bijapur,2005-08-23,60.87,13,13,48
HAROLD MARTINO,Brazil,Boa Vista,2005-08-23,60.86,14,14,49
NICHOLAS BARFIELD,Brazil,Belm,2005-08-22,59.900000000000006,10,10,50
DUANE TUBBS,Nauru,Yangor,2005-08-23,59.89000000000001,11,11,51
GUY BROWNLEE,China,Zhoushan,2005-08-23,59.889999999999986,11,11,52
SHAWN HEATON,Thailand,Nakhon Sawan,2005-08-22,59.88000000000001,12,12,53
NAOMI JENNINGS,India,Karnal,2005-08-23,59.88,12,12,54
CURTIS IRBY,Canada,Richmond Hill,2005-08-23,59.879999999999995,12,12,55
JOANNE ROBERTSON,Japan,Urawa,2005-08-23,59.870000000000005,13,13,56
MAE FLETCHER,Spain,Donostia-San Sebastin,2005-08-23,58.90000000000002,10,10,57
JIMMIE EGGLESTON,Poland,Wroclaw,2005-07-12,58.89000000000001,11,11,58
LINDA WILLIAMS,Greece,Athenai,2005-07-31,58.89,11,11,59
DAISY BATES,Russian Federation,Kolpino,2005-08-02,58.88999999999999,11,11,60
JOSEPHINE GOMEZ,India,Etawah,2005-08-22,58.88000000000001,12,12,61
TROY QUIGLEY,Canada,Vancouver,2005-08-23,58.88,12,12,62
MARSHA DOUGLAS,Mozambique,Beira,2005-08-02,58.860000000000014,14,14,63
CASEY MENA,Turkey,Tokat,2005-08-01,58.85000000000001,15,15,64
ALFRED CASILLAS,Egypt,Sawhaj,2005-08-02,57.890000000000015,11,11,65
LOUIS LEONE,Philippines,Tanauan,2005-08-22,57.879999999999995,12,12,66
DAVE GARDINER,China,Leshan,2005-08-23,57.87000000000002,13,13,67
DIANE COLLINS,Sudan,Omdurman,2005-08-02,57.87,13,13,68
RAMON CHOATE,Ecuador,Robamba,2005-08-02,57.87,13,13,68
TINA SIMMONS,Brazil,Goinia,2005-07-11,56.900000000000006,10,10,70
TAMMY SANDERS,Taiwan,Changhwa,2005-08-01,56.88000000000001,12,12,71
STEPHEN QUALLS,Bangladesh,Dhaka,2005-08-01,56.88,12,12,72
DIANNE SHELTON,Iran,Tabriz,2005-08-23,56.879999999999995,12,12,73
ANA BRADLEY,United States,Memphis,2005-07-31,55.910000000000004,9,9,74
ARNOLD HAVENS,Philippines,Santa Rosa,2005-07-31,55.9,10,10,75
DALE RATCLIFF,South Africa,Rustenburg,2005-08-02,55.89000000000001,11,11,76
RUBY WASHINGTON,China,Meixian,2005-08-01,55.89,11,11,77
NAOMI JENNINGS,India,Karnal,2005-08-22,55.89,11,11,77
FRANCIS SIKES,Mexico,San Juan Bautista Tuxtepec,2005-07-12,55.89,11,11,77
JORDAN ARCHULETA,Argentina,Avellaneda,2005-08-02,55.89,11,11,77
LOUIS LEONE,Philippines,Tanauan,2005-08-02,55.88000000000001,12,12,81
SHERRY MARSHALL,Egypt,Shubra al-Khayma,2005-08-22,55.88,12,12,82
ALEXANDER FENNELL,Italy,Bergamo,2005-08-23,55.879999999999995,12,12,83
ANGELA HERNANDEZ,Japan,Shimonoseki,2005-08-22,55.870000000000005,13,13,84
CONSTANCE REID,Nigeria,Zaria,2005-08-01,55.870000000000005,13,13,84
BRANDON HUEY,Turkey,Balikesir,2005-08-02,55.870000000000005,13,13,84
COURTNEY DAY,South Korea,Uijongbu,2005-08-02,55.860000000000014,14,14,87
NATHAN RUNYON,"Virgin Islands, U.S.",Charlotte Amalie,2005-08-01,55.860000000000014,14,14,87
ETHEL WEBB,South Africa,Boksburg,2005-08-02,55.86000000000001,14,14,89
CLARA SHAW,Belarus,Molodetno,2005-07-12,54.92,8,8,90
ANDY VANHORN,Mexico,Huejutla de Reyes,2005-08-02,54.910000000000004,9,9,91
ALFRED CASILLAS,Egypt,Sawhaj,2005-08-01,54.90000000000001,10,10,92
LAURA RODRIGUEZ,Morocco,Sal,2005-08-23,54.900000000000006,10,10,93
CHARLENE ALVAREZ,Tanzania,Zanzibar,2005-08-02,54.900000000000006,10,10,93
STEPHEN QUALLS,Bangladesh,Dhaka,2005-07-31,54.900000000000006,10,10,93
MIGUEL BETANCOURT,Germany,Erlangen,2005-08-23,54.900000000000006,10,10,93
LORI WOOD,India,Rae Bareli,2005-08-02,54.9,10,10,97
STANLEY SCROGGINS,Japan,Omiya,2005-08-22,54.89999999999999,10,10,98
ANDREA HENDERSON,Madagascar,Mahajanga,2005-08-23,54.89,11,11,99
RHONDA KENNEDY,Netherlands,Apeldoorn,2005-08-23,54.89,11,11,99
CLIFTON MALCOLM,Taiwan,Tanshui,2005-08-02,54.89,11,11,99
CURTIS IRBY,Canada,Richmond Hill,2005-08-22,54.88999999999999,11,11,102
STEPHANIE MITCHELL,Armenia,Yerevan,2005-08-01,54.88,12,12,103
TANYA GILBERT,South Korea,Naju,2005-07-31,54.870000000000005,13,13,104
HOLLY FOX,India,Haldia,2005-08-23,54.87,13,13,105
HECTOR POINDEXTER,Russian Federation,Pjatigorsk,2005-08-01,54.86,14,14,106
HAZEL WARREN,China,Hohhot,2005-08-02,54.85,15,15,107
RUTH MARTINEZ,South Africa,Kimberley,2005-08-22,53.92000000000001,8,8,108
KARL SEAL,United States,Cape Coral,2005-08-21,53.91000000000001,9,9,109
JOHN FARNSWORTH,India,Parbhani,2005-08-23,53.90000000000002,10,10,110
DUANE TUBBS,Nauru,Yangor,2005-08-22,53.900000000000006,10,10,111
DAISY BATES,Russian Federation,Kolpino,2005-08-01,53.89999999999999,10,10,112
ROSA REYNOLDS,United States,Lancaster,2005-08-23,53.89,11,11,113
TROY QUIGLEY,Canada,Vancouver,2005-08-20,53.89,11,11,113
WARREN SHERROD,Russian Federation,Usolje-Sibirskoje,2005-08-23,53.89,11,11,113
CECIL VINES,United Kingdom,London,2005-08-23,53.89,11,11,113
ARTHUR SIMPKINS,Russian Federation,Maikop,2005-08-01,53.88999999999999,11,11,117
MARION SNYDER,Brazil,Santa Brbara dOeste,2005-08-02,53.88000000000002,12,12,118
DEBRA NELSON,Brazil,Vila Velha,2005-08-01,53.88000000000001,12,12,119
DIANE COLLINS,Sudan,Omdurman,2005-08-01,53.879999999999995,12,12,120
HOLLY FOX,India,Haldia,2005-08-22,53.879999999999995,12,12,120
RAMON CHOATE,Ecuador,Robamba,2005-08-01,53.879999999999995,12,12,120
NATHAN RUNYON,"Virgin Islands, U.S.",Charlotte Amalie,2005-07-31,53.87000000000001,13,13,123
JAVIER ELROD,Chad,NDjamna,2005-08-23,53.87,13,13,124
BRITTANY RILEY,Ukraine,Sumy,2005-08-22,52.93000000000001,7,7,125
GORDON ALLARD,Yemen,Hodeida,2005-08-01,52.910000000000004,9,9,126
MAURICE CRAWLEY,Mexico,Coatzacoalcos,2005-07-12,52.91,9,9,127
JENNIE TERRY,Czech Republic,Olomouc,2005-07-12,52.900000000000006,10,10,128
OLGA JIMENEZ,Nigeria,Ogbomosho,2005-08-22,52.900000000000006,10,10,128
ALEX GRESHAM,Mexico,Uruapan,2005-06-21,52.900000000000006,10,10,128
NEIL RENNER,Vietnam,Cam Ranh,2005-07-12,52.900000000000006,10,10,128
FRANCIS SIKES,Mexico,San Juan Bautista Tuxtepec,2005-07-11,52.9,10,10,132
COURTNEY DAY,South Korea,Uijongbu,2005-07-31,52.890000000000015,11,11,133
CRYSTAL FORD,Israel,Ashdod,2005-07-12,52.89000000000001,11,11,134
HELEN HARRIS,India,Bhopal,2005-08-21,52.89,11,11,135
LARRY THRASHER,Turkey,Adana,2005-08-23,52.89,11,11,135
WESLEY BULL,Spain,Ourense (Orense),2005-08-01,52.88000000000002,12,12,137
MARCIA DEAN,Philippines,Tanza,2005-08-02,52.88000000000001,12,12,138
MARSHA DOUGLAS,Mozambique,Beira,2005-07-31,52.88000000000001,12,12,138
LOUIS LEONE,Philippines,Tanauan,2005-08-01,52.88000000000001,12,12,138
KARL SEAL,United States,Cape Coral,2005-08-02,52.88000000000001,12,12,138
ARLENE HARVEY,India,Ambattur,2005-08-02,52.88,12,12,142
KYLE SPURLOCK,China,Shanwei,2005-08-02,52.879999999999995,12,12,143
JAVIER ELROD,Chad,NDjamna,2005-08-22,52.879999999999995,12,12,143
ELLA OLIVER,Yemen,Aden,2005-07-12,52.870000000000005,13,13,145
NICHOLAS BARFIELD,Brazil,Belm,2005-08-21,51.92,8,8,146
GORDON ALLARD,Yemen,Hodeida,2005-07-31,51.92,8,8,146
ELLA OLIVER,Yemen,Aden,2005-08-23,51.91000000000001,9,9,148
ALFRED CASILLAS,Egypt,Sawhaj,2005-07-30,51.91000000000001,9,9,148
BRADLEY MOTLEY,India,Purnea (Purnia),2005-08-02,51.910000000000004,9,9,150
ERIC ROBERT,Argentina,Santa F,2005-07-10,51.91,9,9,151
GLADYS HAMILTON,Nigeria,Ilorin,2005-08-23,51.900000000000006,10,10,152
RANDY GAITHER,Russian Federation,Kurgan,2005-07-12,51.9,10,10,153
MILTON HOWLAND,India,Vijayawada,2005-07-31,51.89999999999999,10,10,154
DAVE GARDINER,China,Leshan,2005-08-22,51.890000000000015,11,11,155
JORGE OLIVARES,Indonesia,Lhokseumawe,2005-08-02,51.89,11,11,156
REGINA BERRY,China,Jinchang,2005-08-23,51.88,12,12,157
HAROLD MARTINO,Brazil,Boa Vista,2005-08-21,51.879999999999995,12,12,158
TERRENCE GUNDERSON,China,Jinzhou,2005-08-02,51.870000000000005,13,13,159
RUTH MARTINEZ,South Africa,Kimberley,2005-08-21,50.93000000000001,7,7,160
TOMMY COLLAZO,Iran,Qomsheh,2005-07-29,50.93000000000001,7,7,160
ROBIN HAYES,Russian Federation,Jelets,2005-07-12,50.92,8,8,162
ANA BRADLEY,United States,Memphis,2005-07-30,50.92,8,8,162
BRADLEY MOTLEY,India,Purnea (Purnia),2005-08-01,50.92,8,8,162
LINDA WILLIAMS,Greece,Athenai,2005-07-30,50.91,9,9,165
TRACEY BARRETT,Nigeria,Owo,2005-08-23,50.91,9,9,165
CRAIG MORRELL,Philippines,Cavite,2005-08-23,50.89000000000001,11,11,167
JORDAN ARCHULETA,Argentina,Avellaneda,2005-08-01,50.89,11,11,168
CURTIS IRBY,Canada,Richmond Hill,2005-08-02,50.88999999999999,11,11,169
FRANK WAGGONER,Bangladesh,Jamalpur,2005-08-02,50.88000000000001,12,12,170
RALPH MADRIGAL,Puerto Rico,Arecibo,2005-08-02,50.88000000000001,12,12,170
ELLA OLIVER,Yemen,Aden,2005-07-11,50.88,12,12,172
SHELLY WATTS,United States,Dayton,2005-08-02,50.870000000000005,13,13,173
CLARA SHAW,Belarus,Molodetno,2005-08-01,50.87,13,13,174
CAROLE BARNETT,United States,Peoria,2005-08-23,50.86000000000001,14,14,175
DARLENE ROSE,North Korea,Pyongyang,2005-08-02,50.85000000000001,15,15,176
RHONDA KENNEDY,Netherlands,Apeldoorn,2005-07-31,49.910000000000004,9,9,177
MIGUEL BETANCOURT,Germany,Erlangen,2005-08-22,49.910000000000004,9,9,177
FRANCIS SIKES,Mexico,San Juan Bautista Tuxtepec,2005-07-09,49.91,9,9,179
TIM CARY,India,Bijapur,2005-08-21,49.91,9,9,179
ARNOLD HAVENS,Philippines,Santa Rosa,2005-07-30,49.91,9,9,179
WESLEY BULL,Spain,Ourense (Orense),2005-08-23,49.90000000000002,10,10,182
JOSEPHINE GOMEZ,India,Etawah,2005-08-21,49.900000000000006,10,10,183
MARC OUTLAW,Italy,Brindisi,2005-08-22,49.900000000000006,10,10,183
MARC OUTLAW,Italy,Brindisi,2005-08-23,49.900000000000006,10,10,183
RAMON CHOATE,Ecuador,Robamba,2005-07-31,49.9,10,10,186
CARRIE PORTER,China,Liaocheng,2005-08-01,49.89000000000001,11,11,187
DANA HART,Russian Federation,Kirovo-Tepetsk,2005-08-02,49.89000000000001,11,11,187
STEPHANIE MITCHELL,Armenia,Yerevan,2005-07-31,49.89,11,11,189
DIANNE SHELTON,Iran,Tabriz,2005-08-22,49.89,11,11,189
WESLEY BULL,Spain,Ourense (Orense),2005-08-02,49.88000000000002,12,12,191
ALICE STEWART,United States,Fontana,2005-08-22,49.88,12,12,192
JUANITA MASON,India,Pune,2005-08-02,49.88,12,12,192
CATHERINE CAMPBELL,Russian Federation,Moscow,2005-08-23,49.870000000000005,13,13,194
NORA HERRERA,Austria,Salzburg,2005-08-22,49.87,13,13,195
BRADLEY MOTLEY,India,Purnea (Purnia),2005-07-31,48.93,7,7,196
ALFRED CASILLAS,Egypt,Sawhaj,2005-07-29,48.92000000000001,8,8,197
JACQUELINE LONG,Thailand,Songkhla,2005-08-01,48.92,8,8,198
TINA SIMMONS,Brazil,Goinia,2005-07-10,48.92,8,8,198
STEPHEN QUALLS,Bangladesh,Dhaka,2005-07-30,48.92,8,8,198
DAISY BATES,Russian Federation,Kolpino,2005-07-31,48.91999999999999,8,8,201
SERGIO STANFIELD,Mexico,Celaya,2005-08-02,48.91000000000001,9,9,202
LENA JENSEN,India,Halisahar,2005-08-02,48.910000000000004,9,9,203
EDDIE TOMLIN,Philippines,Ozamis,2005-08-22,48.91,9,9,204
DEAN SAUER,South Africa,Johannesburg,2005-08-23,48.90000000000001,10,10,205
ANDRE RAPP,Chile,Coquimbo,2005-08-22,48.90000000000001,10,10,205
KAREN JACKSON,Turkey,Osmaniye,2005-08-02,48.900000000000006,10,10,207
JANICE WARD,Sweden,Malm,2005-07-11,48.900000000000006,10,10,207
ROSA REYNOLDS,United States,Lancaster,2005-08-02,48.900000000000006,10,10,207
ELEANOR HUNT,Runion,Saint-Denis,2005-07-30,48.900000000000006,10,10,207
ERIN DUNN,Russian Federation,Ljubertsy,2005-08-23,48.900000000000006,10,10,207
DANA HART,Russian Federation,Kirovo-Tepetsk,2005-08-01,48.900000000000006,10,10,207
CHARLIE BESS,China,Baiyin,2005-08-01,48.900000000000006,10,10,207
DEBBIE REYES,Japan,Fukuyama,2005-08-02,48.89,11,11,214
REGINA BERRY,China,Jinchang,2005-08-22,48.89,11,11,214
ELSIE KELLEY,Nigeria,Ikerre,2005-08-21,48.89,11,11,214
THEODORE CULP,India,Uluberia,2005-08-02,48.88999999999999,11,11,217
CAROLYN PEREZ,Thailand,Pak Kret,2005-08-02,48.88000000000001,12,12,218
CONSTANCE REID,Nigeria,Zaria,2005-07-31,48.88,12,12,219
TERRENCE GUNDERSON,China,Jinzhou,2005-08-01,48.88,12,12,219
MAX PITT,Yugoslavia,Novi Sad,2005-07-12,48.879999999999995,12,12,221
CASEY MENA,Turkey,Tokat,2005-07-31,48.870000000000005,13,13,222
MITCHELL WESTMORELAND,Vietnam,Nha Trang,2005-08-23,48.86999999999999,13,13,223
HILDA HOPKINS,Philippines,Mandaluyong,2005-08-23,47.92,8,8,224
GILBERT SLEDGE,United Kingdom,York,2005-08-01,47.92,8,8,224
JOHN FARNSWORTH,India,Parbhani,2005-08-22,47.91000000000002,9,9,226
JANET PHILLIPS,Chile,Antofagasta,2005-08-02,47.910000000000004,9,9,227
MARILYN ROSS,Nigeria,Ife,2005-07-12,47.910000000000004,9,9,227
PRISCILLA LOWE,Mexico,Salamanca,2005-07-12,47.91,9,9,229
ALEXANDER FENNELL,Italy,Bergamo,2005-08-22,47.91,9,9,229
ANDREW PURDY,Azerbaijan,Baku,2005-08-01,47.90000000000001,10,10,231
CONNIE WALLACE,Russian Federation,Ivanovo,2005-08-02,47.900000000000006,10,10,232
DANIELLE DANIELS,Mexico,Hidalgo,2005-08-20,47.900000000000006,10,10,232
ALVIN DELOACH,Mexico,Cuauhtmoc,2005-08-02,47.900000000000006,10,10,232
SAM MCDUFFIE,Colombia,Sogamoso,2005-07-12,47.900000000000006,10,10,232
KENT ARSENAULT,Brazil,Juiz de Fora,2005-08-01,47.890000000000015,11,11,236
GERALD FULTZ,India,Satna,2005-08-23,47.89000000000001,11,11,237
STEVE MACKENZIE,Indonesia,Probolinggo,2005-08-23,47.89000000000001,11,11,237
RUSSELL BRINSON,Poland,Tychy,2005-08-02,47.89000000000001,11,11,237
KARL SEAL,United States,Cape Coral,2005-08-01,47.89000000000001,11,11,237
ROGER QUINTANILLA,Taiwan,Hsichuh,2005-08-02,47.89,11,11,241
DEREK BLAKELY,Philippines,Gingoog,2005-08-23,47.89,11,11,241
WARREN SHERROD,Russian Federation,Usolje-Sibirskoje,2005-08-01,47.89,11,11,241
MAX PITT,Yugoslavia,Novi Sad,2005-07-11,47.89,11,11,241
HAZEL WARREN,China,Hohhot,2005-08-01,47.88,12,12,245
SIDNEY BURLESON,Poland,Czestochowa,2005-08-02,47.88,12,12,245
ETHEL WEBB,South Africa,Boksburg,2005-08-01,47.870000000000005,13,13,247
BRETT CORNWELL,India,Siliguri (Shiliguri),2005-08-02,47.870000000000005,13,13,247
ZACHARY HITE,United States,Akron,2005-08-02,46.920000000000016,8,8,249
MARLENE WELCH,Japan,Iwaki,2005-08-01,46.92000000000001,8,8,250
NAOMI JENNINGS,India,Karnal,2005-08-21,46.92,8,8,251
WARREN SHERROD,Russian Federation,Usolje-Sibirskoje,2005-08-20,46.92,8,8,251
ANDY VANHORN,Mexico,Huejutla de Reyes,2005-07-31,46.92,8,8,251
MIRIAM MCKINNEY,Japan,Otsu,2005-08-01,46.919999999999995,8,8,254
GLADYS HAMILTON,Nigeria,Ilorin,2005-07-12,46.91000000000001,9,9,255
TONYA CHAPMAN,India,Bhilwara,2005-07-31,46.91000000000001,9,9,255
DEAN SAUER,South Africa,Johannesburg,2005-08-22,46.91000000000001,9,9,255
PERRY SWAFFORD,Argentina,Quilmes,2005-08-02,46.91000000000001,9,9,255
HELEN HARRIS,India,Bhopal,2005-08-20,46.910000000000004,9,9,259
CONNIE WALLACE,Russian Federation,Ivanovo,2005-08-01,46.910000000000004,9,9,259
ALAN KAHN,China,Emeishan,2005-08-02,46.910000000000004,9,9,259
TERRI VASQUEZ,Brazil,Blumenau,2005-08-23,46.91,9,9,262
SALVADOR TEEL,Gambia,Banjul,2005-08-22,46.91,9,9,262
TAMMY SANDERS,Taiwan,Changhwa,2005-07-31,46.90000000000001,10,10,264
MISTY LAMBERT,United Arab Emirates,Sharja,2005-08-02,46.90000000000001,10,10,264
STEVE MACKENZIE,Indonesia,Probolinggo,2005-07-30,46.90000000000001,10,10,264
CRYSTAL FORD,Israel,Ashdod,2005-07-10,46.900000000000006,10,10,267
RHONDA KENNEDY,Netherlands,Apeldoorn,2005-07-11,46.900000000000006,10,10,267
BERNICE WILLIS,Turkey,Batman,2005-08-23,46.900000000000006,10,10,267
CHARLES KOWALSKI,Malaysia,Sungai Petani,2005-08-23,46.900000000000006,10,10,267
LOUIS LEONE,Philippines,Tanauan,2005-08-20,46.9,10,10,271
KYLE SPURLOCK,China,Shanwei,2005-08-01,46.9,10,10,271
MARION SNYDER,Brazil,Santa Brbara dOeste,2005-08-01,46.890000000000015,11,11,273
ERIK GUILLEN,India,Bhimavaram,2005-08-22,46.890000000000015,11,11,273
JEFF EAST,Dominican Republic,San Felipe de Puerto Plata,2005-08-02,46.89000000000001,11,11,275
STACEY MONTGOMERY,China,Fuyu,2005-07-12,46.89,11,11,276
VIOLET RODRIQUEZ,Hong Kong,Kowloon and New Kowloon,2005-08-22,46.89,11,11,276
BRANDON HUEY,Turkey,Balikesir,2005-08-01,46.89,11,11,276
CHARLES KOWALSKI,Malaysia,Sungai Petani,2005-08-02,46.88,12,12,279
MARTHA GONZALEZ,Moldova,Chisinau,2005-08-02,46.870000000000005,13,13,280
CAROLE BARNETT,United States,Peoria,2005-08-22,46.870000000000005,13,13,280
JOSE ANDREW,Saint Vincent and the Grenadines,Kingstown,2005-08-02,46.86000000000001,14,14,282
RUTH MARTINEZ,South Africa,Kimberley,2005-08-20,45.940000000000005,6,6,283
ROBIN HAYES,Russian Federation,Jelets,2005-07-09,45.93,7,7,284
RICK MATTOX,Egypt,Mit Ghamr,2005-08-02,45.920000000000016,8,8,285
RUTH MARTINEZ,South Africa,Kimberley,2005-08-23,45.92000000000001,8,8,286
JEAN BELL,Malaysia,Kuching,2005-08-22,45.92000000000001,8,8,286
TONYA CHAPMAN,India,Bhilwara,2005-07-30,45.92000000000001,8,8,286
MARILYN ROSS,Nigeria,Ife,2005-07-11,45.92,8,8,289
JOE GILLILAND,Philippines,Imus,2005-08-23,45.92,8,8,289
JESSICA HALL,Holy See (Vatican City State),Citt del Vaticano,2005-08-23,45.919999999999995,8,8,291
EDUARDO HIATT,China,Jining,2005-08-01,45.919999999999995,8,8,291
JUNE CARROLL,Algeria,Skikda,2005-08-23,45.91000000000002,9,9,293
RALPH MADRIGAL,Puerto Rico,Arecibo,2005-08-22,45.91000000000001,9,9,294
MARIA MILLER,Yugoslavia,Kragujevac,2005-07-12,45.910000000000004,9,9,295
ROSA REYNOLDS,United States,Lancaster,2005-08-01,45.910000000000004,9,9,295
MICHELE GRANT,China,Yuncheng,2005-08-02,45.910000000000004,9,9,295
MARION SNYDER,Brazil,Santa Brbara dOeste,2005-07-12,45.910000000000004,9,9,295
LENA JENSEN,India,Halisahar,2005-08-22,45.910000000000004,9,9,295
RICARDO MEADOR,Japan,Okayama,2005-08-23,45.910000000000004,9,9,295
MARC OUTLAW,Italy,Brindisi,2005-08-20,45.910000000000004,9,9,295
CLIFTON MALCOLM,Taiwan,Tanshui,2005-08-01,45.910000000000004,9,9,295
JAMIE RICE,United States,Sterling Heights,2005-08-23,45.91,9,9,303
MARGIE WADE,China,Lengshuijiang,2005-08-23,45.91,9,9,303
MIKE WAY,India,Valparai,2005-08-01,45.91,9,9,303
CALVIN MARTEL,Venezuela,Maracabo,2005-08-23,45.90000000000001,10,10,306
SARA PERRY,Mexico,Atlixco,2005-08-02,45.900000000000006,10,10,307
JOY GEORGE,Romania,Botosani,2005-08-02,45.900000000000006,10,10,307
MABEL HOLLAND,Myanmar,Monywa,2005-08-23,45.900000000000006,10,10,307
RAMONA HALE,India,Patiala,2005-08-23,45.900000000000006,10,10,307
MICHAEL SILVERMAN,China,Tiefa,2005-08-01,45.900000000000006,10,10,307
MICHEAL FORMAN,Argentina,Escobar,2005-08-23,45.900000000000006,10,10,307
CLARA SHAW,Belarus,Molodetno,2005-08-23,45.9,10,10,313
JOE GILLILAND,Philippines,Imus,2005-08-02,45.9,10,10,313
NATHANIEL ADAM,United States,Joliet,2005-08-23,45.9,10,10,313
HARRY ARCE,Iran,Najafabad,2005-08-23,45.89000000000001,11,11,316
ELLA OLIVER,Yemen,Aden,2005-07-10,45.89,11,11,317
STACEY MONTGOMERY,China,Fuyu,2005-08-23,45.89,11,11,317
CONSTANCE REID,Nigeria,Zaria,2005-07-30,45.89,11,11,317
JEFFERY PINSON,Pakistan,Dadu,2005-08-02,45.89,11,11,317
TERRENCE GUNDERSON,China,Jinzhou,2005-07-31,45.89,11,11,317
GEORGE LINTON,Brazil,Sorocaba,2005-08-23,45.88999999999999,11,11,322
JULIA FLORES,Argentina,La Plata,2005-08-02,45.88,12,12,323
CHARLENE ALVAREZ,Tanzania,Zanzibar,2005-08-01,44.93000000000001,7,7,324
ADAM GOOCH,India,Adoni,2005-08-21,44.93000000000001,7,7,324
LINDA WILLIAMS,Greece,Athenai,2005-07-29,44.93,7,7,326
MAE FLETCHER,Spain,Donostia-San Sebastin,2005-08-22,44.920000000000016,8,8,327
JOHN FARNSWORTH,India,Parbhani,2005-08-21,44.920000000000016,8,8,327
KENT ARSENAULT,Brazil,Juiz de Fora,2005-08-20,44.920000000000016,8,8,327
ALEX GRESHAM,Mexico,Uruapan,2005-06-19,44.92000000000001,8,8,330
DAN PAINE,United Kingdom,Stockport,2005-08-02,44.92000000000001,8,8,330
MARION SNYDER,Brazil,Santa Brbara dOeste,2005-06-20,44.92,8,8,332
LENA JENSEN,India,Halisahar,2005-08-01,44.92,8,8,332
RYAN SALISBURY,Latvia,Daugavpils,2005-08-23,44.92,8,8,332
MARSHALL THORN,United Kingdom,Southampton,2005-07-12,44.92,8,8,332
CURTIS IRBY,Canada,Richmond Hill,2005-08-21,44.919999999999995,8,8,336
SALVADOR TEEL,Gambia,Banjul,2005-08-21,44.919999999999995,8,8,336
GREG ROBINS,Vietnam,Nam Dinh,2005-08-22,44.91999999999999,8,8,338
MARION SNYDER,Brazil,Santa Brbara dOeste,2005-08-22,44.910000000000025,9,9,339
LISA ANDERSON,Japan,Sagamihara,2005-08-02,44.910000000000004,9,9,340
MICHAEL SILVERMAN,China,Tiefa,2005-07-31,44.910000000000004,9,9,340
ALVIN DELOACH,Mexico,Cuauhtmoc,2005-08-01,44.910000000000004,9,9,340
GORDON ALLARD,Yemen,Hodeida,2005-07-12,44.910000000000004,9,9,340
WANDA PATTERSON,Colombia,Sincelejo,2005-08-01,44.91,9,9,344
HOLLY FOX,India,Haldia,2005-08-21,44.91,9,9,344
TRACY HERRMANN,Ecuador,Loja,2005-08-23,44.91,9,9,344
BESSIE MORRISON,Italy,Syrakusa,2005-08-22,44.90000000000001,10,10,347
AMANDA CARTER,Morocco,Nador,2005-08-22,44.900000000000006,10,10,348
ALMA AUSTIN,Germany,Mannheim,2005-08-02,44.900000000000006,10,10,348
ARLENE HARVEY,India,Ambattur,2005-07-12,44.900000000000006,10,10,348
MICHAEL SILVERMAN,China,Tiefa,2005-08-23,44.900000000000006,10,10,348
THOMAS GRIGSBY,United States,Kansas City,2005-08-23,44.900000000000006,10,10,348
STEVE MACKENZIE,Indonesia,Probolinggo,2005-08-22,44.900000000000006,10,10,348
CRAIG MORRELL,Philippines,Cavite,2005-08-22,44.900000000000006,10,10,348
MICHEAL FORMAN,Argentina,Escobar,2005-08-02,44.900000000000006,10,10,348
KARL SEAL,United States,Cape Coral,2005-07-31,44.900000000000006,10,10,348
LORI WOOD,India,Rae Bareli,2005-08-23,44.9,10,10,357
ELLA OLIVER,Yemen,Aden,2005-07-09,44.9,10,10,357
PRISCILLA LOWE,Mexico,Salamanca,2005-08-02,44.9,10,10,357
WARREN SHERROD,Russian Federation,Usolje-Sibirskoje,2005-07-31,44.9,10,10,357
PEDRO CHESTNUT,Ukraine,ostka,2005-08-02,44.9,10,10,357
MAX PITT,Yugoslavia,Novi Sad,2005-07-08,44.9,10,10,357
THEODORE CULP,India,Uluberia,2005-07-30,44.89999999999999,10,10,363
ALEX GRESHAM,Mexico,Uruapan,2005-08-23,44.89000000000001,11,11,364
ALICE STEWART,United States,Fontana,2005-08-21,44.89,11,11,365
SHELLY WATTS,United States,Dayton,2005-08-01,44.89,11,11,365
DARREN WINDHAM,Italy,Livorno,2005-08-23,44.89,11,11,365
NATHAN RUNYON,"Virgin Islands, U.S.",Charlotte Amalie,2005-07-30,44.88000000000001,12,12,368
SUE PETERS,China,Changzhou,2005-08-02,44.88,12,12,369
DEBBIE REYES,Japan,Fukuyama,2005-08-23,44.87999999999999,12,12,370
GORDON ALLARD,Yemen,Hodeida,2005-07-30,43.94,6,6,371
DAN PAINE,United Kingdom,Stockport,2005-08-01,43.93000000000001,7,7,372
ASHLEY RICHARDSON,United States,Lincoln,2005-07-12,43.93,7,7,373
ERIC ROBERT,Argentina,Santa F,2005-07-09,43.93,7,7,373
NEIL RENNER,Vietnam,Cam Ranh,2005-07-11,43.92000000000001,8,8,375
KAREN JACKSON,Turkey,Osmaniye,2005-08-22,43.92,8,8,376
ALVIN DELOACH,Mexico,Cuauhtmoc,2005-07-29,43.92,8,8,376
RAMON CHOATE,Ecuador,Robamba,2005-08-22,43.92,8,8,376
GUY BROWNLEE,China,Zhoushan,2005-08-21,43.91999999999999,8,8,379
ANDRE RAPP,Chile,Coquimbo,2005-08-21,43.91000000000001,9,9,380
CYNTHIA YOUNG,India,Munger (Monghyr),2005-08-02,43.910000000000004,9,9,381
TANYA GILBERT,South Korea,Naju,2005-07-30,43.910000000000004,9,9,381
TANYA GILBERT,South Korea,Naju,2005-08-23,43.910000000000004,9,9,381
VIOLA HANSON,Philippines,Lapu-Lapu,2005-08-02,43.910000000000004,9,9,381
ROY WHITING,Kenya,Nyeri,2005-08-01,43.910000000000004,9,9,381
STEVE MACKENZIE,Indonesia,Probolinggo,2005-08-21,43.910000000000004,9,9,381
HOWARD FORTNER,Iran,Kermanshah,2005-08-02,43.910000000000004,9,9,381
FRANCISCO SKIDMORE,Brazil,So Leopoldo,2005-08-02,43.910000000000004,9,9,381
BILL GAVIN,United States,Rockford,2005-08-22,43.910000000000004,9,9,381
BRETT CORNWELL,India,Siliguri (Shiliguri),2005-08-01,43.910000000000004,9,9,381
NEIL RENNER,Vietnam,Cam Ranh,2005-08-02,43.910000000000004,9,9,381
LORI WOOD,India,Rae Bareli,2005-08-01,43.91,9,9,392
RONALD WEINER,Mexico,San Felipe del Progreso,2005-07-12,43.91,9,9,392
LOUIS LEONE,Philippines,Tanauan,2005-08-19,43.91,9,9,392
SEAN DOUGLASS,Ethiopia,Addis Abeba,2005-08-21,43.91,9,9,392
EARL SHANKS,Japan,Iwatsuki,2005-08-22,43.91,9,9,392
CECIL VINES,United Kingdom,London,2005-08-22,43.91,9,9,392
HUGH WALDROP,China,Haining,2005-08-02,43.91,9,9,392
WESLEY BULL,Spain,Ourense (Orense),2005-07-12,43.90000000000001,10,10,399
AMBER DIXON,Taiwan,Touliu,2005-08-23,43.900000000000006,10,10,400
PATSY DAVIDSON,Ecuador,Portoviejo,2005-08-23,43.900000000000006,10,10,400
SHERRI RHODES,India,Ahmadnagar,2005-08-23,43.900000000000006,10,10,400
FRANK WAGGONER,Bangladesh,Jamalpur,2005-08-01,43.900000000000006,10,10,400
RUSSELL BRINSON,Poland,Tychy,2005-08-01,43.900000000000006,10,10,400
DUANE TUBBS,Nauru,Yangor,2005-08-02,43.900000000000006,10,10,400
BRANDON HUEY,Turkey,Balikesir,2005-07-12,43.9,10,10,406
BOB PFEIFFER,China,Xintai,2005-08-01,43.9,10,10,406
TRACEY BARRETT,Nigeria,Owo,2005-08-02,43.89000000000001,11,11,408
JUANITA MASON,India,Pune,2005-08-01,43.89,11,11,409
ROGER QUINTANILLA,Taiwan,Hsichuh,2005-08-23,43.89,11,11,409
CARLOS COUGHLIN,India,Bhavnagar,2005-08-23,43.89,11,11,409
MANUEL MURRELL,Sri Lanka,Jaffna,2005-08-23,43.89,11,11,409
ROSS GREY,Philippines,Iligan,2005-08-02,43.89,11,11,409
CAROLYN PEREZ,Thailand,Pak Kret,2005-08-01,43.88000000000001,12,12,414
MATTHEW MAHAN,Mexico,Cuautla,2005-08-02,43.88000000000001,12,12,414
CAROLE BARNETT,United States,Peoria,2005-08-21,43.88,12,12,416
CRYSTAL FORD,Israel,Ashdod,2005-08-02,43.870000000000005,13,13,417
ANGEL BARCLAY,Japan,Ueda,2005-08-23,43.870000000000005,13,13,417
KEVIN SCHULER,Nepal,Birgunj,2005-08-23,42.93000000000001,7,7,419
BERNICE WILLIS,Turkey,Batman,2005-08-22,42.92000000000001,8,8,420
JUNE CARROLL,Algeria,Skikda,2005-06-20,42.92000000000001,8,8,420
MARCIA DEAN,Philippines,Tanza,2005-08-21,42.92000000000001,8,8,420
KEVIN SCHULER,Nepal,Birgunj,2005-07-12,42.92000000000001,8,8,420
RALPH MADRIGAL,Puerto Rico,Arecibo,2005-08-21,42.92000000000001,8,8,420
GORDON ALLARD,Yemen,Hodeida,2005-08-21,42.92000000000001,8,8,420
FERNANDO CHURCHILL,South Korea,Tonghae,2005-08-02,42.92000000000001,8,8,420
JIMMIE EGGLESTON,Poland,Wroclaw,2005-07-11,42.92000000000001,8,8,420
WILLARD LUMPKIN,Mexico,Carmen,2005-08-02,42.92000000000001,8,8,420
KAREN JACKSON,Turkey,Osmaniye,2005-07-31,42.92,8,8,429
LENA JENSEN,India,Halisahar,2005-08-21,42.92,8,8,429
JERRY JORDON,Japan,Onomichi,2005-08-22,42.92,8,8,429
JESUS MCCARTNEY,Brazil,Guaruj,2005-08-01,42.92,8,8,429
DON BONE,Mozambique,Naala-Porto,2005-08-23,42.92,8,8,429
TROY QUIGLEY,Canada,Vancouver,2005-08-02,42.92,8,8,429
ARTHUR SIMPKINS,Russian Federation,Maikop,2005-07-31,42.919999999999995,8,8,435
CLIFFORD BOWENS,Russian Federation,Nabereznyje Telny,2005-08-02,42.919999999999995,8,8,435
CHERYL MURPHY,India,Mysore,2005-08-23,42.91000000000001,9,9,437
ANDREW PURDY,Azerbaijan,Baku,2005-07-31,42.91000000000001,9,9,437
GORDON ALLARD,Yemen,Hodeida,2005-08-02,42.91000000000001,9,9,437
ZACHARY HITE,United States,Akron,2005-07-12,42.91000000000001,9,9,437
JOYCE EDWARDS,Saudi Arabia,Jedda,2005-08-01,42.910000000000004,9,9,441
LYNN PAYNE,Malawi,Lilongwe,2005-08-23,42.910000000000004,9,9,441
JOSEPH JOY,Brazil,Angra dos Reis,2005-08-02,42.910000000000004,9,9,441
STEVEN CURLEY,India,Miraj,2005-08-01,42.910000000000004,9,9,441
NEIL RENNER,Vietnam,Cam Ranh,2005-08-23,42.910000000000004,9,9,441
CATHY SPENCER,Japan,Kakamigahara,2005-08-23,42.91,9,9,446
GEORGE LINTON,Brazil,Sorocaba,2005-07-30,42.91,9,9,446
TERESA ROGERS,Japan,Iwakuni,2005-08-23,42.90000000000001,10,10,448
KENT ARSENAULT,Brazil,Juiz de Fora,2005-07-31,42.90000000000001,10,10,448
BERNICE WILLIS,Turkey,Batman,2005-08-01,42.900000000000006,10,10,450
MARSHA DOUGLAS,Mozambique,Beira,2005-07-30,42.900000000000006,10,10,450
HARRY ARCE,Iran,Najafabad,2005-08-22,42.900000000000006,10,10,450
MARIO CHEATHAM,Algeria,Batna,2005-08-01,42.900000000000006,10,10,450
ALEX GRESHAM,Mexico,Uruapan,2005-08-22,42.900000000000006,10,10,450
CLYDE TOBIAS,China,Shaoguan,2005-08-02,42.9,10,10,455
DARREN WINDHAM,Italy,Livorno,2005-08-22,42.9,10,10,455
MORRIS MCCARTER,Taiwan,Fengshan,2005-08-01,42.9,10,10,455
DARYL LARUE,Iraq,Mosul,2005-08-02,42.9,10,10,455
PHYLLIS FOSTER,China,Zalantun,2005-08-23,42.89,11,11,459
BOBBY BOUDREAU,Anguilla,South Hill,2005-08-23,42.89,11,11,459
MELVIN ELLINGTON,China,Laohekou,2005-08-22,42.89,11,11,459
TERRANCE ROUSH,Hungary,Szkesfehrvr,2005-08-02,42.89,11,11,459
JEANNE LAWSON,Turkmenistan,Ashgabat,2005-08-23,41.940000000000005,6,6,463
LINDA WILLIAMS,Greece,Athenai,2005-07-28,41.94,6,6,464
ZACHARY HITE,United States,Akron,2005-08-01,41.930000000000014,7,7,465
ELAINE STEVENS,Russian Federation,Smolensk,2005-08-02,41.93000000000001,7,7,466
GERTRUDE CASTILLO,Greenland,Nuuk,2005-08-23,41.93000000000001,7,7,466
ELLA OLIVER,Yemen,Aden,2005-08-22,41.93000000000001,7,7,466
CHRISTOPHER GRECO,Italy,Brescia,2005-07-12,41.93000000000001,7,7,466
SANDRA MARTIN,United Kingdom,Southend-on-Sea,2005-08-21,41.93,7,7,470
JESSICA HALL,Holy See (Vatican City State),Citt del Vaticano,2005-06-19,41.93,7,7,470
FRANCIS SIKES,Mexico,San Juan Bautista Tuxtepec,2005-07-08,41.93,7,7,470
TROY QUIGLEY,Canada,Vancouver,2005-08-01,41.93,7,7,470
SARAH LEWIS,Latvia,Liepaja,2005-08-02,41.92000000000001,8,8,474
LORETTA CARPENTER,Canada,Oshawa,2005-08-02,41.92000000000001,8,8,474
MARIA MILLER,Yugoslavia,Kragujevac,2005-07-11,41.92,8,8,476
TANYA GILBERT,South Korea,Naju,2005-08-22,41.92,8,8,476
TRACEY BARRETT,Nigeria,Owo,2005-08-22,41.92,8,8,476
VELMA LUCAS,Nigeria,Effon-Alaiye,2005-07-12,41.92,8,8,476
OSCAR AQUINO,Iran,Sirjan,2005-08-01,41.92,8,8,476
MARC OUTLAW,Italy,Brindisi,2005-08-19,41.92,8,8,476
JESSIE MILAM,China,Binzhou,2005-08-23,41.92,8,8,476
MARSHALL THORN,United Kingdom,Southampton,2005-08-02,41.92,8,8,476
COURTNEY DAY,South Korea,Uijongbu,2005-07-30,41.91000000000001,9,9,484
MISTY LAMBERT,United Arab Emirates,Sharja,2005-07-31,41.91000000000001,9,9,484
KARL SEAL,United States,Cape Coral,2005-06-21,41.91000000000001,9,9,484
KARL SEAL,United States,Cape Coral,2005-07-12,41.91000000000001,9,9,484
KENT ARSENAULT,Brazil,Juiz de Fora,2005-07-29,41.91000000000001,9,9,484
AMANDA CARTER,Morocco,Nador,2005-08-21,41.910000000000004,9,9,489
SHANNON FREEMAN,India,Varanasi (Benares),2005-08-01,41.910000000000004,9,9,489
DANIELLE DANIELS,Mexico,Hidalgo,2005-08-19,41.910000000000004,9,9,489
REGINA BERRY,China,Jinchang,2005-08-21,41.910000000000004,9,9,489
ALMA AUSTIN,Germany,Mannheim,2005-08-01,41.910000000000004,9,9,489
JEREMY HURTADO,Brazil,Vitria de Santo Anto,2005-08-22,41.910000000000004,9,9,489
RUSSELL BRINSON,Poland,Tychy,2005-07-31,41.910000000000004,9,9,489
LORI WOOD,India,Rae Bareli,2005-08-22,41.91,9,9,496
GLENDA FRAZIER,China,Qinhuangdao,2005-08-02,41.91,9,9,496
BRANDY GRAVES,United States,Warren,2005-08-23,41.91,9,9,496
BILLY POULIN,Philippines,Cabuyao,2005-08-23,41.91,9,9,496
KYLE SPURLOCK,China,Shanwei,2005-07-31,41.91,9,9,496
GABRIEL HARDER,Turkey,Sivas,2005-08-02,41.90000000000001,10,10,501
MARCIA DEAN,Philippines,Tanza,2005-07-31,41.900000000000006,10,10,502
EDWARD BAUGH,Faroe Islands,Trshavn,2005-08-22,41.900000000000006,10,10,502
LOUIS LEONE,Philippines,Tanauan,2005-07-31,41.900000000000006,10,10,502
BRAD MCCURDY,Taiwan,Chungho,2005-07-12,41.900000000000006,10,10,502
SALVADOR TEEL,Gambia,Banjul,2005-08-02,41.900000000000006,10,10,502
VIOLET RODRIQUEZ,Hong Kong,Kowloon and New Kowloon,2005-08-21,41.9,10,10,507
LEON BOSTIC,Colombia,Florencia,2005-08-23,41.9,10,10,507
DWAYNE OLVERA,India,Rajkot,2005-08-23,41.9,10,10,507
VIRGIL WOFFORD,Mexico,Jos Azueta,2005-07-10,41.9,10,10,507
GEORGE LINTON,Brazil,Sorocaba,2005-08-22,41.89999999999999,10,10,511
EMILY DIAZ,South Korea,Kimchon,2005-07-12,41.89000000000001,11,11,512
ANGELA HERNANDEZ,Japan,Shimonoseki,2005-08-21,41.89,11,11,513
JULIA FLORES,Argentina,La Plata,2005-08-01,41.89,11,11,513
ETHEL WEBB,South Africa,Boksburg,2005-07-31,41.89,11,11,513
CASEY MENA,Turkey,Tokat,2005-07-30,41.89,11,11,513
JUSTIN NGO,Brazil,Santo Andr,2005-08-01,41.88999999999999,11,11,517
DEBBIE REYES,Japan,Fukuyama,2005-08-22,41.889999999999986,11,11,518
KATHLEEN ADAMS,Iran,Arak,2005-08-02,41.88000000000001,12,12,519
MARSHA DOUGLAS,Mozambique,Beira,2005-08-23,41.88000000000001,12,12,519
CHRISTOPHER GRECO,Italy,Brescia,2005-08-01,41.88000000000001,12,12,519
ERIC ROBERT,Argentina,Santa F,2005-07-07,40.94,6,6,522
DEBRA NELSON,Brazil,Vila Velha,2005-07-11,40.93000000000001,7,7,523
JEAN BELL,Malaysia,Kuching,2005-08-21,40.93000000000001,7,7,523
NELLIE GARRETT,India,Shimoga,2005-08-01,40.93000000000001,7,7,523
CARL ARTIS,Paraguay,San Lorenzo,2005-08-02,40.93000000000001,7,7,523
SERGIO STANFIELD,Mexico,Celaya,2005-08-01,40.93000000000001,7,7,523
MARIA MILLER,Yugoslavia,Kragujevac,2005-08-02,40.93,7,7,528
KATHRYN COLEMAN,Ukraine,Simferopol,2005-08-02,40.93,7,7,528
SYLVIA ORTIZ,Colombia,Dos Quebradas,2005-08-22,40.93,7,7,528
JASON MORRISSEY,Argentina,Baha Blanca,2005-06-21,40.93,7,7,528
ARTHUR SIMPKINS,Russian Federation,Maikop,2005-07-12,40.93,7,7,528
JESSIE MILAM,China,Binzhou,2005-08-22,40.93,7,7,528
JAIME NETTLES,Peru,Hunuco,2005-08-02,40.93,7,7,528
MARGIE WADE,China,Lengshuijiang,2005-08-22,40.92999999999999,7,7,535
JUNE CARROLL,Algeria,Skikda,2005-08-22,40.920000000000016,8,8,536
SONIA GREGORY,Nigeria,Benin City,2005-08-01,40.92000000000001,8,8,537
CYNTHIA YOUNG,India,Munger (Monghyr),2005-08-01,40.92,8,8,538
ROSA REYNOLDS,United States,Lancaster,2005-08-22,40.92,8,8,538
LYNN PAYNE,Malawi,Lilongwe,2005-08-22,40.92,8,8,538
HOWARD FORTNER,Iran,Kermanshah,2005-08-01,40.92,8,8,538
JESUS MCCARTNEY,Brazil,Guaruj,2005-08-02,40.92,8,8,538
RICARDO MEADOR,Japan,Okayama,2005-08-22,40.92,8,8,538
ARNOLD HAVENS,Philippines,Santa Rosa,2005-07-10,40.92,8,8,538
RENE MCALISTER,United States,Garden Grove,2005-08-02,40.92,8,8,538
TERRENCE GUNDERSON,China,Jinzhou,2005-07-12,40.92,8,8,538
RON DELUCA,Japan,Isesaki,2005-08-01,40.919999999999995,8,8,547
CODY NOLEN,Brazil,So Bernardo do Campo,2005-08-23,40.919999999999995,8,8,547
STEVE MACKENZIE,Indonesia,Probolinggo,2005-07-29,40.91000000000001,9,9,549
SHAWN HEATON,Thailand,Nakhon Sawan,2005-08-20,40.91000000000001,9,9,549
RODNEY MOELLER,Nigeria,Deba Habe,2005-07-12,40.91000000000001,9,9,549
CALVIN MARTEL,Venezuela,Maracabo,2005-08-22,40.91000000000001,9,9,549
BRUCE SCHWARZ,Japan,Okinawa,2005-08-01,40.910000000000004,9,9,553
MARIO CHEATHAM,Algeria,Batna,2005-07-31,40.910000000000004,9,9,553
LUCILLE HOLMES,South Africa,Soshanguve,2005-08-21,40.91,9,9,555
ELLA OLIVER,Yemen,Aden,2005-07-08,40.91,9,9,555
RONALD WEINER,Mexico,San Felipe del Progreso,2005-08-22,40.91,9,9,555
SALVADOR TEEL,Gambia,Banjul,2005-08-23,40.91,9,9,555
GERALD FULTZ,India,Satna,2005-08-02,40.900000000000006,10,10,559
RALPH MADRIGAL,Puerto Rico,Arecibo,2005-07-31,40.900000000000006,10,10,559
LEE HAWKS,India,Pudukkottai,2005-08-02,40.900000000000006,10,10,559
JESSIE MILAM,China,Binzhou,2005-08-01,40.900000000000006,10,10,559
DIANE COLLINS,Sudan,Omdurman,2005-07-31,40.9,10,10,563
ELLEN SIMPSON,Brazil,Po,2005-08-23,40.9,10,10,563
NORA HERRERA,Austria,Salzburg,2005-08-21,40.9,10,10,563
RYAN SALISBURY,Latvia,Daugavpils,2005-07-31,40.9,10,10,563
BYRON BOX,Kazakstan,Zhezqazghan,2005-07-12,40.9,10,10,563
MELISSA KING,Taiwan,Lungtan,2005-08-01,40.89,11,11,568
VIRGINIA GREEN,France,Toulouse,2005-07-12,40.89,11,11,568
MARJORIE TUCKER,Poland,Jastrzebie-Zdrj,2005-08-23,40.89,11,11,568
MONICA HICKS,Ukraine,Mukateve,2005-08-23,40.89,11,11,568
DARLENE ROSE,North Korea,Pyongyang,2005-08-01,40.870000000000005,13,13,572
GERTRUDE CASTILLO,Greenland,Nuuk,2005-08-20,39.940000000000005,6,6,573
CHARLENE ALVAREZ,Tanzania,Zanzibar,2005-07-31,39.940000000000005,6,6,573
GUY BROWNLEE,China,Zhoushan,2005-06-21,39.94,6,6,575
DIANE COLLINS,Sudan,Omdurman,2005-07-12,39.93000000000001,7,7,576
BRITTANY RILEY,Ukraine,Sumy,2005-07-12,39.93000000000001,7,7,576
FERNANDO CHURCHILL,South Korea,Tonghae,2005-08-23,39.93000000000001,7,7,576
ANDREA HENDERSON,Madagascar,Mahajanga,2005-08-22,39.93,7,7,579
SARA PERRY,Mexico,Atlixco,2005-07-11,39.93,7,7,579
HILDA HOPKINS,Philippines,Mandaluyong,2005-08-22,39.93,7,7,579
ROY WHITING,Kenya,Nyeri,2005-08-22,39.93,7,7,579
EDDIE TOMLIN,Philippines,Ozamis,2005-08-21,39.93,7,7,579
TROY QUIGLEY,Canada,Vancouver,2005-08-19,39.93,7,7,579
RICARDO MEADOR,Japan,Okayama,2005-08-21,39.93,7,7,579
GILBERT SLEDGE,United Kingdom,York,2005-07-31,39.93,7,7,579
BEN EASTER,Russian Federation,Kamyin,2005-08-01,39.93,7,7,579
MILTON HOWLAND,India,Vijayawada,2005-07-28,39.92999999999999,7,7,588
MARION SNYDER,Brazil,Santa Brbara dOeste,2005-08-21,39.92000000000002,8,8,589
GLORIA COOK,French Polynesia,Papeete,2005-08-23,39.92000000000001,8,8,590
CALVIN MARTEL,Venezuela,Maracabo,2005-08-21,39.92000000000001,8,8,590
ROSA REYNOLDS,United States,Lancaster,2005-07-31,39.92,8,8,592
APRIL BURNS,United Kingdom,Dundee,2005-08-02,39.92,8,8,592
ELEANOR HUNT,Runion,Saint-Denis,2005-07-29,39.92,8,8,592
MICHELE GRANT,China,Yuncheng,2005-08-01,39.92,8,8,592
DANA HART,Russian Federation,Kirovo-Tepetsk,2005-07-31,39.92,8,8,592
YOLANDA WEAVER,Tanzania,Tabora,2005-08-02,39.92,8,8,592
VANESSA SIMS,Germany,Siegen,2005-08-02,39.92,8,8,592
JENNIE TERRY,Czech Republic,Olomouc,2005-07-11,39.92,8,8,592
RAYMOND MCWHORTER,Azerbaijan,Sumqayit,2005-07-12,39.92,8,8,592
TERRY GRISSOM,Japan,Matsue,2005-07-12,39.92,8,8,592
MIGUEL BETANCOURT,Germany,Erlangen,2005-08-21,39.92,8,8,592
BILL GAVIN,United States,Rockford,2005-08-21,39.92,8,8,592
GORDON ALLARD,Yemen,Hodeida,2005-07-11,39.92,8,8,592
HERMAN DEVORE,Tanzania,Mwanza,2005-08-02,39.92,8,8,592
EVERETT BANDA,Egypt,Bilbays,2005-08-23,39.92,8,8,592
ISAAC OGLESBY,Mexico,Cuernavaca,2005-08-23,39.92,8,8,592
MARION SNYDER,Brazil,Santa Brbara dOeste,2005-07-31,39.91000000000001,9,9,608
VIVIAN RUIZ,Netherlands,s-Hertogenbosch,2005-08-23,39.91000000000001,9,9,608
DAVE GARDINER,China,Leshan,2005-08-21,39.91000000000001,9,9,608
BETTY WHITE,United States,Citrus Heights,2005-08-02,39.910000000000004,9,9,611
JEAN BELL,Malaysia,Kuching,2005-08-02,39.910000000000004,9,9,611
ASHLEY RICHARDSON,United States,Lincoln,2005-08-22,39.910000000000004,9,9,611
SHERRY MARSHALL,Egypt,Shubra al-Khayma,2005-08-21,39.910000000000004,9,9,611
DEBBIE REYES,Japan,Fukuyama,2005-08-01,39.910000000000004,9,9,611
ELEANOR HUNT,Runion,Saint-Denis,2005-07-12,39.910000000000004,9,9,611
ELSIE KELLEY,Nigeria,Ikerre,2005-08-20,39.910000000000004,9,9,611
ROSEMARY SCHMIDT,Turkey,Usak,2005-08-22,39.910000000000004,9,9,611
JOSHUA MARK,India,Rampur,2005-08-23,39.910000000000004,9,9,611
HARRY ARCE,Iran,Najafabad,2005-08-21,39.910000000000004,9,9,611
TODD TAN,Ukraine,Kamjanets-Podilskyi,2005-07-12,39.910000000000004,9,9,611
JULIAN VEST,Japan,Akishima,2005-07-12,39.910000000000004,9,9,611
ELIZABETH BROWN,Taiwan,Nantou,2005-07-12,39.91,9,9,623
MELISSA KING,Taiwan,Lungtan,2005-07-11,39.91,9,9,623
WANDA PATTERSON,Colombia,Sincelejo,2005-08-23,39.91,9,9,623
GEORGIA JACOBS,India,Uttarpara-Kotrung,2005-08-22,39.91,9,9,623
PRISCILLA LOWE,Mexico,Salamanca,2005-08-01,39.91,9,9,623
ANA BRADLEY,United States,Memphis,2005-08-23,39.90000000000002,10,10,628
CATHERINE CAMPBELL,Russian Federation,Moscow,2005-08-22,39.900000000000006,10,10,629
GRACE ELLIS,Germany,Duisburg,2005-08-23,39.900000000000006,10,10,629
THELMA MURRAY,Peru,Lima,2005-08-02,39.900000000000006,10,10,629
SALLY PIERCE,India,Chandrapur,2005-08-23,39.900000000000006,10,10,629
NAOMI JENNINGS,India,Karnal,2005-08-02,39.900000000000006,10,10,629
CHARLES KOWALSKI,Malaysia,Sungai Petani,2005-08-01,39.900000000000006,10,10,629
LESLIE SEWARD,Indonesia,Pontianak,2005-08-23,39.900000000000006,10,10,629
ISAAC OGLESBY,Mexico,Cuernavaca,2005-08-02,39.900000000000006,10,10,629
JAVIER ELROD,Chad,NDjamna,2005-08-21,39.9,10,10,637
JESSICA HALL,Holy See (Vatican City State),Citt del Vaticano,2005-07-11,39.89999999999999,10,10,638
MARTHA GONZALEZ,Moldova,Chisinau,2005-08-01,39.89000000000001,11,11,639
ESTHER CRAWFORD,South Africa,Botshabelo,2005-07-11,39.89000000000001,11,11,639
MATTHEW MAHAN,Mexico,Cuautla,2005-08-01,39.89000000000001,11,11,639
RUSSELL BRINSON,Poland,Tychy,2005-08-23,39.89000000000001,11,11,639
PATRICK NEWSOM,Vietnam,Hanoi,2005-08-02,39.89,11,11,643
BRITTANY RILEY,Ukraine,Sumy,2005-08-20,38.95,5,5,644
DAN PAINE,United Kingdom,Stockport,2005-07-30,38.940000000000005,6,6,645
SARAH LEWIS,Latvia,Liepaja,2005-07-31,38.93000000000001,7,7,646
TARA RYAN,Indonesia,Gorontalo,2005-08-01,38.93000000000001,7,7,646
TONYA CHAPMAN,India,Bhilwara,2005-07-29,38.93000000000001,7,7,646
MARLENE WELCH,Japan,Iwaki,2005-07-30,38.93000000000001,7,7,646
ALAN KAHN,China,Emeishan,2005-08-23,38.93000000000001,7,7,646
ALFRED CASILLAS,Egypt,Sawhaj,2005-07-28,38.93000000000001,7,7,646
ANDRE RAPP,Chile,Coquimbo,2005-08-20,38.93000000000001,7,7,646
KARL SEAL,United States,Cape Coral,2005-08-20,38.93000000000001,7,7,646
KAREN JACKSON,Turkey,Osmaniye,2005-08-21,38.93,7,7,654
ROSE HOWARD,French Guiana,Cayenne,2005-08-02,38.93,7,7,654
LAURIE LAWRENCE,India,Firozabad,2005-08-23,38.93,7,7,654
VELMA LUCAS,Nigeria,Effon-Alaiye,2005-07-10,38.93,7,7,654
WARREN SHERROD,Russian Federation,Usolje-Sibirskoje,2005-08-19,38.93,7,7,654
MAURICE CRAWLEY,Mexico,Coatzacoalcos,2005-07-11,38.93,7,7,654
MITCHELL WESTMORELAND,Vietnam,Nha Trang,2005-07-11,38.93,7,7,654
ROBERTO VU,China,Yinchuan,2005-07-31,38.92999999999999,7,7,661
RHONDA KENNEDY,Netherlands,Apeldoorn,2005-07-10,38.92000000000001,8,8,662
DARLENE ROSE,North Korea,Pyongyang,2005-08-22,38.92000000000001,8,8,662
VIVIAN RUIZ,Netherlands,s-Hertogenbosch,2005-08-22,38.92000000000001,8,8,662
GARY COY,China,Yuzhou,2005-08-22,38.92000000000001,8,8,662
AMBER DIXON,Taiwan,Touliu,2005-08-22,38.92,8,8,666
REGINA BERRY,China,Jinchang,2005-08-20,38.92,8,8,666
STACEY MONTGOMERY,China,Fuyu,2005-07-10,38.92,8,8,666
ARLENE HARVEY,India,Ambattur,2005-08-01,38.92,8,8,666
MICHAEL SILVERMAN,China,Tiefa,2005-07-30,38.92,8,8,666
FRANCISCO SKIDMORE,Brazil,So Leopoldo,2005-08-01,38.92,8,8,666
COREY HAUSER,Turkey,Gaziantep,2005-08-02,38.92,8,8,666
ROBERTO VU,China,Yinchuan,2005-07-12,38.92,8,8,666
BRETT CORNWELL,India,Siliguri (Shiliguri),2005-07-31,38.92,8,8,666
JAMIE RICE,United States,Sterling Heights,2005-08-21,38.919999999999995,8,8,675
ALLEN BUTTERFIELD,India,Hoshiarpur,2005-08-02,38.919999999999995,8,8,675
TONI HOLT,United States,Roanoke,2005-08-02,38.91000000000001,9,9,677
WESLEY BULL,Spain,Ourense (Orense),2005-07-11,38.91000000000001,9,9,677
BARBARA JONES,Myanmar,Myingyan,2005-08-23,38.910000000000004,9,9,679
JENNIFER DAVIS,United States,Laredo,2005-08-23,38.910000000000004,9,9,679
STEPHANIE MITCHELL,Armenia,Yerevan,2005-07-30,38.910000000000004,9,9,679
PEGGY MYERS,Saudi Arabia,Abha,2005-08-01,38.910000000000004,9,9,679
BETH FRANKLIN,Vietnam,Haiphong,2005-08-02,38.910000000000004,9,9,679
CRAIG MORRELL,Philippines,Cavite,2005-08-21,38.910000000000004,9,9,679
WADE DELVALLE,Switzerland,Lausanne,2005-07-12,38.910000000000004,9,9,679
LUCILLE HOLMES,South Africa,Soshanguve,2005-07-11,38.91,9,9,686
MARGIE WADE,China,Lengshuijiang,2005-06-20,38.91,9,9,686
DIANNE SHELTON,Iran,Tabriz,2005-08-21,38.91,9,9,686
HAROLD MARTINO,Brazil,Boa Vista,2005-08-20,38.91,9,9,686
BRANDON HUEY,Turkey,Balikesir,2005-07-30,38.91,9,9,686
LEON BOSTIC,Colombia,Florencia,2005-08-22,38.91,9,9,686
PEDRO CHESTNUT,Ukraine,ostka,2005-08-01,38.91,9,9,686
CLYDE TOBIAS,China,Shaoguan,2005-08-01,38.91,9,9,686
MORRIS MCCARTER,Taiwan,Fengshan,2005-07-31,38.91,9,9,686
DARYL LARUE,Iraq,Mosul,2005-07-31,38.91,9,9,686
GENE SANBORN,Oman,Salala,2005-08-02,38.90999999999999,9,9,696
JANICE WARD,Sweden,Malm,2005-08-23,38.900000000000006,10,10,697
JOANNE ROBERTSON,Japan,Urawa,2005-08-22,38.900000000000006,10,10,697
LYNN PAYNE,Malawi,Lilongwe,2005-07-12,38.900000000000006,10,10,697
TRACEY BARRETT,Nigeria,Owo,2005-08-01,38.900000000000006,10,10,697
MATTHEW MAHAN,Mexico,Cuautla,2005-07-31,38.900000000000006,10,10,697
MARIO CHEATHAM,Algeria,Batna,2005-08-02,38.900000000000006,10,10,697
ROLAND SOUTH,China,Yingkou,2005-08-22,38.900000000000006,10,10,697
CLARA SHAW,Belarus,Molodetno,2005-07-31,38.9,10,10,704
BRANDY GRAVES,United States,Warren,2005-08-02,38.9,10,10,704
DAISY BATES,Russian Federation,Kolpino,2005-07-11,38.9,10,10,704
PATRICK NEWSOM,Vietnam,Hanoi,2005-08-01,38.9,10,10,704
ELEANOR HUNT,Runion,Saint-Denis,2005-08-21,38.89999999999999,10,10,708
ALICE STEWART,United States,Fontana,2005-08-02,38.89,11,11,709
ALLISON STANLEY,Cambodia,Phnom Penh,2005-07-11,38.89,11,11,709
DEBRA NELSON,Brazil,Vila Velha,2005-07-10,37.940000000000005,6,6,711
JANET PHILLIPS,Chile,Antofagasta,2005-08-23,37.94,6,6,712
LENA JENSEN,India,Halisahar,2005-07-30,37.94,6,6,712
VIOLET RODRIQUEZ,Hong Kong,Kowloon and New Kowloon,2005-06-20,37.94,6,6,712
BRADLEY MOTLEY,India,Purnea (Purnia),2005-07-30,37.94,6,6,712
TROY QUIGLEY,Canada,Vancouver,2005-07-31,37.94,6,6,712
LAURA RODRIGUEZ,Morocco,Sal,2005-08-22,37.93000000000001,7,7,717
LOUISE JENKINS,South Africa,Springs,2005-08-23,37.93000000000001,7,7,717
BERNICE WILLIS,Turkey,Batman,2005-08-20,37.93000000000001,7,7,717
JUNE CARROLL,Algeria,Skikda,2005-06-18,37.93000000000001,7,7,717
JENNIE TERRY,Czech Republic,Olomouc,2005-08-22,37.93000000000001,7,7,717
PETER MENARD,Netherlands,Ede,2005-06-21,37.93000000000001,7,7,717
RALPH MADRIGAL,Puerto Rico,Arecibo,2005-08-20,37.93000000000001,7,7,717
LEO EBERT,China,Dongying,2005-08-23,37.93000000000001,7,7,717
GORDON ALLARD,Yemen,Hodeida,2005-08-20,37.93000000000001,7,7,717
DEAN SAUER,South Africa,Johannesburg,2005-08-21,37.93000000000001,7,7,717
YVONNE WATKINS,Venezuela,Ocumare del Tuy,2005-08-01,37.93,7,7,727
LENA JENSEN,India,Halisahar,2005-08-20,37.93,7,7,727
FRANCISCO SKIDMORE,Brazil,So Leopoldo,2005-07-31,37.93,7,7,727
MARSHALL THORN,United Kingdom,Southampton,2005-07-10,37.93,7,7,727
TRACY HERRMANN,Ecuador,Loja,2005-08-21,37.93,7,7,727
JESSICA HALL,Holy See (Vatican City State),Citt del Vaticano,2005-08-22,37.92999999999999,7,7,732
VIRGINIA GREEN,France,Toulouse,2005-08-02,37.92999999999999,7,7,732
BILLY POULIN,Philippines,Cabuyao,2005-08-21,37.92999999999999,7,7,732
TIM CARY,India,Bijapur,2005-08-02,37.92999999999999,7,7,732
SHARON ROBINSON,Pakistan,Mardan,2005-08-02,37.92000000000001,8,8,736
TERRY CARLSON,Japan,Miyakonojo,2005-08-22,37.92000000000001,8,8,736
TONI HOLT,United States,Roanoke,2005-08-01,37.92000000000001,8,8,736
JERRY JORDON,Japan,Onomichi,2005-07-12,37.92000000000001,8,8,736
DALE RATCLIFF,South Africa,Rustenburg,2005-08-01,37.92000000000001,8,8,736
RODNEY MOELLER,Nigeria,Deba Habe,2005-07-11,37.92000000000001,8,8,736
LISA ANDERSON,Japan,Sagamihara,2005-08-01,37.92,8,8,742
RUBY WASHINGTON,China,Meixian,2005-07-30,37.92,8,8,742
CRYSTAL FORD,Israel,Ashdod,2005-07-09,37.92,8,8,742
BERNICE WILLIS,Turkey,Batman,2005-07-30,37.92,8,8,742
TERRI VASQUEZ,Brazil,Blumenau,2005-07-11,37.92,8,8,742
ARLENE HARVEY,India,Ambattur,2005-07-11,37.92,8,8,742
MARCIA DEAN,Philippines,Tanza,2005-06-21,37.92,8,8,742
TANYA GILBERT,South Korea,Naju,2005-07-29,37.92,8,8,742
BRUCE SCHWARZ,Japan,Okinawa,2005-07-31,37.92,8,8,742
DON BONE,Mozambique,Naala-Porto,2005-07-12,37.92,8,8,742
PEDRO CHESTNUT,Ukraine,ostka,2005-07-11,37.92,8,8,742
CHARLIE BESS,China,Baiyin,2005-07-31,37.92,8,8,742
JAIME NETTLES,Peru,Hunuco,2005-08-20,37.92,8,8,742
FLORENCE WOODS,Argentina,Merlo,2005-08-01,37.919999999999995,8,8,755
TERESA ROGERS,Japan,Iwakuni,2005-08-22,37.91000000000001,9,9,756
VICKI FIELDS,Germany,Witten,2005-08-23,37.91000000000001,9,9,756
JOHN FARNSWORTH,India,Parbhani,2005-08-02,37.91000000000001,9,9,756
GABRIEL HARDER,Turkey,Sivas,2005-08-01,37.91000000000001,9,9,756
ERIK GUILLEN,India,Bhimavaram,2005-08-21,37.91000000000001,9,9,756
ELIZABETH BROWN,Taiwan,Nantou,2005-08-22,37.910000000000004,9,9,761
AGNES BISHOP,India,Sambhal,2005-08-02,37.910000000000004,9,9,761
WILLIE HOWELL,Argentina,Vicente Lpez,2005-07-12,37.910000000000004,9,9,761
RAMONA HALE,India,Patiala,2005-08-22,37.910000000000004,9,9,761
CHRISTIAN JUNG,India,Amroha,2005-08-02,37.910000000000004,9,9,761
ANGELA HERNANDEZ,Japan,Shimonoseki,2005-08-02,37.91,9,9,766
CLARA SHAW,Belarus,Molodetno,2005-07-30,37.91,9,9,766
CLARA SHAW,Belarus,Molodetno,2005-08-22,37.91,9,9,766
GLENDA FRAZIER,China,Qinhuangdao,2005-08-22,37.91,9,9,766
NORA HERRERA,Austria,Salzburg,2005-08-20,37.91,9,9,766
ROGER QUINTANILLA,Taiwan,Hsichuh,2005-08-22,37.91,9,9,766
MARSHA DOUGLAS,Mozambique,Beira,2005-08-22,37.90000000000001,10,10,772
JEFFREY SPEAR,Indonesia,Ciparay,2005-08-23,37.90000000000001,10,10,772
CAROLYN PEREZ,Thailand,Pak Kret,2005-07-31,37.900000000000006,10,10,774
CARLA GUTIERREZ,India,Bhusawal,2005-08-02,37.900000000000006,10,10,774
MAUREEN LITTLE,Paraguay,Asuncin,2005-08-23,37.900000000000006,10,10,774
BRANDON HUEY,Turkey,Balikesir,2005-08-23,37.900000000000006,10,10,774
JIMMY SCHRADER,Russian Federation,Atinsk,2005-08-22,37.900000000000006,10,10,774
BOBBY BOUDREAU,Anguilla,South Hill,2005-08-22,37.9,10,10,779
LOIS BUTLER,Brunei,Bandar Seri Begawan,2005-07-12,37.89000000000001,11,11,780
GERTRUDE CASTILLO,Greenland,Nuuk,2005-07-12,37.89,11,11,781
HECTOR POINDEXTER,Russian Federation,Pjatigorsk,2005-07-31,37.89,11,11,781
CHARLENE ALVAREZ,Tanzania,Zanzibar,2005-07-30,36.95,5,5,783
ZACHARY HITE,United States,Akron,2005-07-31,36.94000000000001,6,6,784
MARIA MILLER,Yugoslavia,Kragujevac,2005-07-10,36.940000000000005,6,6,785
CLARA SHAW,Belarus,Molodetno,2005-07-10,36.940000000000005,6,6,785
BRITTANY RILEY,Ukraine,Sumy,2005-07-11,36.940000000000005,6,6,785
ELLA OLIVER,Yemen,Aden,2005-08-21,36.940000000000005,6,6,785
CHRISTOPHER GRECO,Italy,Brescia,2005-07-11,36.940000000000005,6,6,785
MARIA MILLER,Yugoslavia,Kragujevac,2005-08-01,36.94,6,6,790
RYAN SALISBURY,Latvia,Daugavpils,2005-08-22,36.94,6,6,790
ERIN DUNN,Russian Federation,Ljubertsy,2005-08-22,36.93000000000001,7,7,792
KEVIN SCHULER,Nepal,Birgunj,2005-07-11,36.93000000000001,7,7,792
MARILYN ROSS,Nigeria,Ife,2005-08-02,36.93,7,7,794
JACQUELINE LONG,Thailand,Songkhla,2005-07-12,36.93,7,7,794
LOUIS LEONE,Philippines,Tanauan,2005-08-18,36.93,7,7,794
MARC OUTLAW,Italy,Brindisi,2005-08-18,36.93,7,7,794
ANDY VANHORN,Mexico,Huejutla de Reyes,2005-07-29,36.93,7,7,794
MARSHALL THORN,United Kingdom,Southampton,2005-08-01,36.93,7,7,794
EDUARDO HIATT,China,Jining,2005-07-31,36.92999999999999,7,7,800
BRADLEY MOTLEY,India,Purnea (Purnia),2005-08-22,36.920000000000016,8,8,801
WESLEY BULL,Spain,Ourense (Orense),2005-07-31,36.920000000000016,8,8,801
KATHERINE RIVERA,Switzerland,Basel,2005-08-02,36.92000000000001,8,8,803
CLAUDIA FULLER,Kuwait,Jalib al-Shuyukh,2005-06-21,36.92000000000001,8,8,803
NINA SOTO,India,Palghat (Palakkad),2005-07-12,36.92000000000001,8,8,803
PERRY SWAFFORD,Argentina,Quilmes,2005-08-01,36.92000000000001,8,8,803
BARBARA JONES,Myanmar,Myingyan,2005-08-22,36.92,8,8,807
ELIZABETH BROWN,Taiwan,Nantou,2005-08-21,36.92,8,8,807
NANCY THOMAS,India,Yamuna Nagar,2005-08-01,36.92,8,8,807
PHYLLIS FOSTER,China,Zalantun,2005-08-22,36.92,8,8,807
RHONDA KENNEDY,Netherlands,Apeldoorn,2005-08-22,36.92,8,8,807
AMBER DIXON,Taiwan,Touliu,2005-07-12,36.92,8,8,807
LAURIE LAWRENCE,India,Firozabad,2005-08-02,36.92,8,8,807
ALMA AUSTIN,Germany,Mannheim,2005-07-31,36.92,8,8,807
JOY GEORGE,Romania,Botosani,2005-07-31,36.92,8,8,807
THOMAS GRIGSBY,United States,Kansas City,2005-08-22,36.92,8,8,807
JOSHUA MARK,India,Rampur,2005-08-22,36.92,8,8,807
ROGER QUINTANILLA,Taiwan,Hsichuh,2005-07-10,36.92,8,8,807
ROY WHITING,Kenya,Nyeri,2005-07-31,36.92,8,8,807
HERBERT KRUGER,Russian Federation,Syktyvkar,2005-08-02,36.92,8,8,807
JAMIE WAUGH,Japan,Kuwana,2005-07-30,36.92,8,8,807
NEIL RENNER,Vietnam,Cam Ranh,2005-08-22,36.92,8,8,807
JULIAN VEST,Japan,Akishima,2005-07-10,36.92,8,8,807
KATHY JAMES,Philippines,Baybay,2005-07-12,36.919999999999995,8,8,824
GLENDA FRAZIER,China,Qinhuangdao,2005-08-21,36.919999999999995,8,8,824
RONALD WEINER,Mexico,San Felipe del Progreso,2005-07-11,36.919999999999995,8,8,824
JEFFERY PINSON,Pakistan,Dadu,2005-08-23,36.919999999999995,8,8,824
REBECCA SCOTT,Japan,Kurashiki,2005-08-21,36.91000000000001,9,9,828
TAMMY SANDERS,Taiwan,Changhwa,2005-07-30,36.91000000000001,9,9,828
MARSHA DOUGLAS,Mozambique,Beira,2005-08-21,36.91000000000001,9,9,828
JEFFREY SPEAR,Indonesia,Ciparay,2005-08-22,36.91000000000001,9,9,828
BEVERLY BROOKS,Taiwan,Chiayi,2005-08-02,36.910000000000004,9,9,832
SUZANNE NICHOLS,Indonesia,Jakarta,2005-08-23,36.910000000000004,9,9,832
JESSE SCHILLING,"Congo, The Democratic Republic of the",Lubumbashi,2005-08-22,36.910000000000004,9,9,832
DEREK BLAKELY,Philippines,Gingoog,2005-08-22,36.910000000000004,9,9,832
TED BREAUX,China,Baicheng,2005-08-02,36.910000000000004,9,9,832
JENNY CASTRO,Puerto Rico,Ponce,2005-08-02,36.91,9,9,837
VIOLET RODRIQUEZ,Hong Kong,Kowloon and New Kowloon,2005-08-20,36.91,9,9,837
DWAYNE OLVERA,India,Rajkot,2005-08-21,36.91,9,9,837
MAURICE CRAWLEY,Mexico,Coatzacoalcos,2005-08-23,36.90999999999998,9,9,840
JUNE CARROLL,Algeria,Skikda,2005-08-02,36.90000000000001,10,10,841
PAMELA BAKER,China,Nanyang,2005-08-23,36.900000000000006,10,10,842
EMILY DIAZ,South Korea,Kimchon,2005-07-11,36.900000000000006,10,10,842
GREGORY MAULDIN,Tunisia,Sousse,2005-07-12,36.900000000000006,10,10,842
LEROY BUSTAMANTE,China,Tongliao,2005-08-01,36.900000000000006,10,10,842
JULIA FLORES,Argentina,La Plata,2005-07-31,36.9,10,10,846
KRISTIN JOHNSTON,United States,Sunnyvale,2005-08-23,36.9,10,10,846
ALLISON STANLEY,Cambodia,Phnom Penh,2005-07-10,36.9,10,10,846
HECTOR POINDEXTER,Russian Federation,Pjatigorsk,2005-07-30,36.9,10,10,846
CLAYTON BARBEE,Brazil,Alvorada,2005-08-22,36.9,10,10,846
MITCHELL WESTMORELAND,Vietnam,Nha Trang,2005-08-21,36.89999999999999,10,10,851
KEN PREWITT,Romania,Bucuresti,2005-07-11,36.89000000000001,11,11,852
CLYDE TOBIAS,China,Shaoguan,2005-07-12,36.89,11,11,853
FRANKLIN TROUTMAN,China,Zaoyang,2005-08-23,36.89,11,11,853
BRENDA WRIGHT,India,Kamarhati,2005-07-12,35.94000000000001,6,6,855
JOYCE EDWARDS,Saudi Arabia,Jedda,2005-07-31,35.940000000000005,6,6,856
KATIE ELLIOTT,Kenya,Kisumu,2005-06-21,35.940000000000005,6,6,856
MARSHA DOUGLAS,Mozambique,Beira,2005-07-12,35.940000000000005,6,6,856
KAY CALDWELL,China,Yantai,2005-08-02,35.940000000000005,6,6,856
CARL ARTIS,Paraguay,San Lorenzo,2005-08-01,35.940000000000005,6,6,856
ALAN KAHN,China,Emeishan,2005-08-01,35.940000000000005,6,6,856
HECTOR POINDEXTER,Russian Federation,Pjatigorsk,2005-08-23,35.940000000000005,6,6,856
MARIE TURNER,Russian Federation,Lipetsk,2005-07-10,35.94,6,6,863
KATHRYN COLEMAN,Ukraine,Simferopol,2005-07-30,35.94,6,6,863
LAURIE LAWRENCE,India,Firozabad,2005-08-21,35.94,6,6,863
PAUL TROUT,Russian Federation,Kursk,2005-08-01,35.94,6,6,863
MIKE WAY,India,Valparai,2005-06-21,35.94,6,6,863
HERMAN DEVORE,Tanzania,Mwanza,2005-07-31,35.94,6,6,863
MITCHELL WESTMORELAND,Vietnam,Nha Trang,2005-07-10,35.94,6,6,863
JESSIE MILAM,China,Binzhou,2005-08-21,35.94,6,6,863
GREG ROBINS,Vietnam,Nam Dinh,2005-08-21,35.93999999999999,6,6,871
JUNE CARROLL,Algeria,Skikda,2005-08-21,35.930000000000014,7,7,872
SHARON ROBINSON,Pakistan,Mardan,2005-08-01,35.93000000000001,7,7,873
RHONDA KENNEDY,Netherlands,Apeldoorn,2005-07-09,35.93000000000001,7,7,873
BEATRICE ARNOLD,India,Udaipur,2005-08-23,35.93000000000001,7,7,873
COURTNEY DAY,South Korea,Uijongbu,2005-07-29,35.93000000000001,7,7,873
MAE FLETCHER,Spain,Donostia-San Sebastin,2005-06-21,35.93000000000001,7,7,873
STEVEN CURLEY,India,Miraj,2005-06-21,35.93000000000001,7,7,873
JOEL FRANCISCO,Bolivia,Sucre,2005-06-21,35.93000000000001,7,7,873
BARRY LOVELACE,Zambia,Kitwe,2005-08-23,35.93000000000001,7,7,873
GLEN TALBERT,Mexico,Acua,2005-07-11,35.93000000000001,7,7,873
NEIL RENNER,Vietnam,Cam Ranh,2005-07-10,35.93000000000001,7,7,873
FERNANDO CHURCHILL,South Korea,Tonghae,2005-07-31,35.93000000000001,7,7,873
DWIGHT LOMBARDI,South Africa,Chatsworth,2005-08-02,35.93000000000001,7,7,873
PERRY SWAFFORD,Argentina,Quilmes,2005-07-31,35.93000000000001,7,7,873
GRACE ELLIS,Germany,Duisburg,2005-07-31,35.93,7,7,886
ARLENE HARVEY,India,Ambattur,2005-07-31,35.93,7,7,886
GLENDA FRAZIER,China,Qinhuangdao,2005-08-01,35.93,7,7,886
MARGIE WADE,China,Lengshuijiang,2005-06-19,35.93,7,7,886
ROGER QUINTANILLA,Taiwan,Hsichuh,2005-07-09,35.93,7,7,886
GREG ROBINS,Vietnam,Nam Dinh,2005-07-12,35.93,7,7,886
RENE MCALISTER,United States,Garden Grove,2005-08-01,35.93,7,7,886
JAMIE RICE,United States,Sterling Heights,2005-08-20,35.92999999999999,7,7,893
GLENDA FRAZIER,China,Qinhuangdao,2005-08-20,35.92999999999999,7,7,893
FLOYD GANDY,Mexico,Zapopan,2005-08-23,35.92999999999999,7,7,893
RON DELUCA,Japan,Isesaki,2005-07-31,35.92999999999999,7,7,893
CODY NOLEN,Brazil,So Bernardo do Campo,2005-08-22,35.92999999999999,7,7,893
CATHERINE CAMPBELL,Russian Federation,Moscow,2005-08-01,35.92000000000001,8,8,898
JULIE SANCHEZ,Spain,A Corua (La Corua),2005-08-23,35.92000000000001,8,8,898
TONYA CHAPMAN,India,Bhilwara,2005-07-11,35.92000000000001,8,8,898
MARSHA DOUGLAS,Mozambique,Beira,2005-08-20,35.92000000000001,8,8,898
SAM MCDUFFIE,Colombia,Sogamoso,2005-07-11,35.92000000000001,8,8,898
GABRIEL HARDER,Turkey,Sivas,2005-08-23,35.92000000000001,8,8,898
SHIRLEY ALLEN,Philippines,Davao,2005-08-02,35.92,8,8,904
JUANITA MASON,India,Pune,2005-07-31,35.92,8,8,904
BETH FRANKLIN,Vietnam,Haiphong,2005-08-01,35.92,8,8,904
WILLIE HOWELL,Argentina,Vicente Lpez,2005-07-11,35.92,8,8,904
JACKIE LYNCH,Colombia,Buenaventura,2005-07-12,35.92,8,8,904
DEANNA BYRD,Philippines,Tuguegarao,2005-08-22,35.92,8,8,904
OLGA JIMENEZ,Nigeria,Ogbomosho,2005-08-21,35.92,8,8,904
MIRIAM MCKINNEY,Japan,Otsu,2005-07-12,35.92,8,8,904
SHERRI RHODES,India,Ahmadnagar,2005-08-21,35.92,8,8,904
JAMES GANNON,Japan,Hiroshima,2005-08-22,35.92,8,8,904
CHARLES KOWALSKI,Malaysia,Sungai Petani,2005-08-20,35.92,8,8,904
RAYMOND MCWHORTER,Azerbaijan,Sumqayit,2005-08-02,35.92,8,8,904
PATRICK NEWSOM,Vietnam,Hanoi,2005-06-21,35.92,8,8,904
JESSE SCHILLING,"Congo, The Democratic Republic of the",Lubumbashi,2005-08-21,35.92,8,8,904
ANTONIO MEEK,Brazil,Bag,2005-08-02,35.92,8,8,904
LUIS YANEZ,France,Brest,2005-07-11,35.92,8,8,904
MICHEAL FORMAN,Argentina,Escobar,2005-08-22,35.92,8,8,904
RONNIE RICKETTS,Senegal,Ziguinchor,2005-08-23,35.92,8,8,904
BRAD MCCURDY,Taiwan,Chungho,2005-07-11,35.92,8,8,904
JULIO NOLAND,Ukraine,Konotop,2005-08-23,35.92,8,8,904
JAIME NETTLES,Peru,Hunuco,2005-08-23,35.92,8,8,904
CLARA SHAW,Belarus,Molodetno,2005-08-21,35.919999999999995,8,8,925
VIOLET RODRIQUEZ,Hong Kong,Kowloon and New Kowloon,2005-07-12,35.919999999999995,8,8,925
BESSIE MORRISON,Italy,Syrakusa,2005-08-21,35.91000000000001,9,9,927
HEIDI LARSON,China,Xiangfan,2005-08-23,35.91000000000001,9,9,927
MARJORIE TUCKER,Poland,Jastrzebie-Zdrj,2005-08-01,35.910000000000004,9,9,929
LYNN PAYNE,Malawi,Lilongwe,2005-07-11,35.910000000000004,9,9,929
REGINA BERRY,China,Jinchang,2005-08-01,35.910000000000004,9,9,929
KATIE ELLIOTT,Kenya,Kisumu,2005-08-23,35.910000000000004,9,9,929
GERTRUDE CASTILLO,Greenland,Nuuk,2005-08-02,35.910000000000004,9,9,929
GINA WILLIAMSON,Yemen,Taizz,2005-06-21,35.910000000000004,9,9,929
MARSHA DOUGLAS,Mozambique,Beira,2005-07-29,35.910000000000004,9,9,929
GERALD FULTZ,India,Satna,2005-08-01,35.910000000000004,9,9,929
KURT EMMONS,Japan,Kanazawa,2005-08-02,35.910000000000004,9,9,929
ANDY VANHORN,Mexico,Huejutla de Reyes,2005-08-23,35.910000000000004,9,9,929
ANGELA HERNANDEZ,Japan,Shimonoseki,2005-08-20,35.91,9,9,939
REGINA BERRY,China,Jinchang,2005-07-12,35.91,9,9,939
ALLISON STANLEY,Cambodia,Phnom Penh,2005-07-09,35.91,9,9,939
PATSY DAVIDSON,Ecuador,Portoviejo,2005-07-12,35.91,9,9,939
BRANDY GRAVES,United States,Warren,2005-08-01,35.91,9,9,939
AARON SELBY,"Congo, The Democratic Republic of the",Mwene-Ditu,2005-08-02,35.91,9,9,939
DEBBIE REYES,Japan,Fukuyama,2005-08-21,35.90999999999999,9,9,945
JACQUELINE LONG,Thailand,Songkhla,2005-08-23,35.900000000000006,10,10,946
KEITH RICO,Slovakia,Bratislava,2005-08-02,35.900000000000006,10,10,946
JUDITH COX,China,Daxian,2005-08-02,35.9,10,10,948
LILLIAN GRIFFIN,United Arab Emirates,al-Ayn,2005-08-02,35.9,10,10,948
GUY BROWNLEE,China,Zhoushan,2005-08-02,35.89999999999999,10,10,950
BRENDA WRIGHT,India,Kamarhati,2005-06-21,35.89000000000001,11,11,951
ELIZABETH BROWN,Taiwan,Nantou,2005-08-02,35.89,11,11,952
DARLENE ROSE,North Korea,Pyongyang,2005-07-31,35.88,12,12,953
VERONICA STONE,United States,Greensboro,2005-08-02,35.88,12,12,953
DEBRA NELSON,Brazil,Vila Velha,2005-07-09,34.95,5,5,955
JANE BENNETT,Brazil,Araatuba,2005-08-22,34.940000000000005,6,6,956
CARRIE PORTER,China,Liaocheng,2005-07-31,34.940000000000005,6,6,956
RHONDA KENNEDY,Netherlands,Apeldoorn,2005-07-30,34.940000000000005,6,6,956
NELLIE GARRETT,India,Shimoga,2005-07-31,34.940000000000005,6,6,956
JENNIE TERRY,Czech Republic,Olomouc,2005-08-21,34.940000000000005,6,6,956
JIM REA,Mexico,El Fuerte,2005-07-10,34.940000000000005,6,6,956
CLIFTON MALCOLM,Taiwan,Tanshui,2005-07-29,34.940000000000005,6,6,956
PERRY SWAFFORD,Argentina,Quilmes,2005-07-12,34.940000000000005,6,6,956
DIANE COLLINS,Sudan,Omdurman,2005-08-23,34.94,6,6,964
ROSA REYNOLDS,United States,Lancaster,2005-08-20,34.94,6,6,964
HILDA HOPKINS,Philippines,Mandaluyong,2005-08-21,34.94,6,6,964
EDDIE TOMLIN,Philippines,Ozamis,2005-08-19,34.94,6,6,964
GILBERT SLEDGE,United Kingdom,York,2005-07-30,34.94,6,6,964
JIMMIE EGGLESTON,Poland,Wroclaw,2005-08-21,34.94,6,6,964
JESSICA HALL,Holy See (Vatican City State),Citt del Vaticano,2005-08-21,34.93999999999999,6,6,970
BILLY POULIN,Philippines,Cabuyao,2005-08-02,34.93999999999999,6,6,970
BILLY POULIN,Philippines,Cabuyao,2005-08-20,34.93999999999999,6,6,970
VICTORIA GIBSON,Indonesia,Pemalang,2005-08-22,34.930000000000014,7,7,973
KENT ARSENAULT,Brazil,Juiz de Fora,2005-08-19,34.930000000000014,7,7,973
KATHLEEN ADAMS,Iran,Arak,2005-08-23,34.93000000000001,7,7,975
CHERYL MURPHY,India,Mysore,2005-08-22,34.93000000000001,7,7,975
LORETTA CARPENTER,Canada,Oshawa,2005-08-01,34.93000000000001,7,7,975
TONYA CHAPMAN,India,Bhilwara,2005-07-09,34.93000000000001,7,7,975
TERRY CARLSON,Japan,Miyakonojo,2005-08-21,34.93000000000001,7,7,975
NINA SOTO,India,Palghat (Palakkad),2005-07-11,34.93000000000001,7,7,975
ANDREW PURDY,Azerbaijan,Baku,2005-07-30,34.93000000000001,7,7,975
JERRY JORDON,Japan,Onomichi,2005-07-11,34.93000000000001,7,7,975
PHILIP CAUSEY,Russian Federation,Korolev,2005-07-12,34.93000000000001,7,7,975
JEFF EAST,Dominican Republic,San Felipe de Puerto Plata,2005-08-01,34.93000000000001,7,7,975
ALEX GRESHAM,Mexico,Uruapan,2005-06-18,34.93000000000001,7,7,975
DARRELL POWER,Canada,Halifax,2005-08-22,34.93000000000001,7,7,975
BRETT CORNWELL,India,Siliguri (Shiliguri),2005-07-12,34.93000000000001,7,7,975
KARL SEAL,United States,Cape Coral,2005-07-11,34.93000000000001,7,7,975
JIMMIE EGGLESTON,Poland,Wroclaw,2005-07-10,34.93000000000001,7,7,975
WILLARD LUMPKIN,Mexico,Carmen,2005-08-01,34.93000000000001,7,7,975
CHERYL MURPHY,India,Mysore,2005-07-10,34.93,7,7,991
WANDA PATTERSON,Colombia,Sincelejo,2005-07-30,34.93,7,7,991
MARION SNYDER,Brazil,Santa Brbara dOeste,2005-06-19,34.93,7,7,991
HOLLY FOX,India,Haldia,2005-08-20,34.93,7,7,991
MIRIAM MCKINNEY,Japan,Otsu,2005-07-11,34.93,7,7,991
DENNIS GILMAN,South Africa,Paarl,2005-06-21,34.93,7,7,991
BRUCE SCHWARZ,Japan,Okinawa,2005-07-30,34.93,7,7,991
ERNEST STEPP,China,Huaian,2005-06-20,34.93,7,7,991
DERRICK BOURQUE,Canada,Gatineau,2005-08-01,34.93,7,7,991
JAVIER ELROD,Chad,NDjamna,2005-07-12,34.93,7,7,991
MAX PITT,Yugoslavia,Novi Sad,2005-07-07,34.93,7,7,991
MIRIAM MCKINNEY,Japan,Otsu,2005-08-23,34.92999999999999,7,7,1002
PAMELA BAKER,China,Nanyang,2005-08-22,34.92000000000001,8,8,1003
KARL SEAL,United States,Cape Coral,2005-06-20,34.92000000000001,8,8,1003
BETTY WHITE,United States,Citrus Heights,2005-08-01,34.92,8,8,1005
CAROL GARCIA,Nigeria,Kaduna,2005-08-02,34.92,8,8,1005
AMANDA CARTER,Morocco,Nador,2005-08-20,34.92,8,8,1005
LYNN PAYNE,Malawi,Lilongwe,2005-07-10,34.92,8,8,1005
REGINA BERRY,China,Jinchang,2005-07-31,34.92,8,8,1005
AGNES BISHOP,India,Sambhal,2005-08-01,34.92,8,8,1005
MAXINE SILVA,Brazil,Poos de Caldas,2005-07-10,34.92,8,8,1005
CHRISTY VARGAS,China,Datong,2005-06-20,34.92,8,8,1005
NINA SOTO,India,Palghat (Palakkad),2005-08-22,34.92,8,8,1005
RAMONA HALE,India,Patiala,2005-08-21,34.92,8,8,1005
RICHARD MCCRARY,United States,Arlington,2005-07-12,34.92,8,8,1005
JOSEPH JOY,Brazil,Angra dos Reis,2005-08-01,34.92,8,8,1005
STEVEN CURLEY,India,Miraj,2005-07-31,34.92,8,8,1005
FRANK WAGGONER,Bangladesh,Jamalpur,2005-07-31,34.92,8,8,1005
ROGER QUINTANILLA,Taiwan,Hsichuh,2005-07-12,34.92,8,8,1005
TODD TAN,Ukraine,Kamjanets-Podilskyi,2005-07-11,34.92,8,8,1005
MANUEL MURRELL,Sri Lanka,Jaffna,2005-08-02,34.92,8,8,1005
JACOB LANCE,United States,El Monte,2005-07-12,34.92,8,8,1005
BARRY LOVELACE,Zambia,Kitwe,2005-07-12,34.92,8,8,1005
ERIK GUILLEN,India,Bhimavaram,2005-07-12,34.92,8,8,1005
BYRON BOX,Kazakstan,Zhezqazghan,2005-08-02,34.92,8,8,1005
JESSICA HALL,Holy See (Vatican City State),Citt del Vaticano,2005-07-09,34.919999999999995,8,8,1026
SUE PETERS,China,Changzhou,2005-08-23,34.919999999999995,8,8,1026
BECKY MILES,India,Tambaram,2005-08-02,34.919999999999995,8,8,1026
DAVID ROYAL,Peru,Callao,2005-07-12,34.919999999999995,8,8,1026
ANA BRADLEY,United States,Memphis,2005-08-22,34.91000000000002,9,9,1030
CHRISTOPHER GRECO,Italy,Brescia,2005-07-31,34.91000000000001,9,9,1031
IVAN CROMWELL,Mexico,Monclova,2005-08-02,34.91000000000001,9,9,1031
CATHERINE CAMPBELL,Russian Federation,Moscow,2005-08-21,34.910000000000004,9,9,1033
SHERRY MARSHALL,Egypt,Shubra al-Khayma,2005-08-02,34.910000000000004,9,9,1033
MONICA HICKS,Ukraine,Mukateve,2005-08-19,34.910000000000004,9,9,1033
ANNETTE OLSON,India,Allappuzha (Alleppey),2005-08-02,34.910000000000004,9,9,1033
BRANDON HUEY,Turkey,Balikesir,2005-08-22,34.910000000000004,9,9,1033
CARLOS COUGHLIN,India,Bhavnagar,2005-08-22,34.910000000000004,9,9,1033
ALICE STEWART,United States,Fontana,2005-08-01,34.91,9,9,1039
MARGIE WADE,China,Lengshuijiang,2005-08-02,34.91,9,9,1039
VELMA LUCAS,Nigeria,Effon-Alaiye,2005-07-31,34.91,9,9,1039
PATRICK NEWSOM,Vietnam,Hanoi,2005-08-22,34.91,9,9,1039
JAVIER ELROD,Chad,NDjamna,2005-08-20,34.91,9,9,1039
BRENDA WRIGHT,India,Kamarhati,2005-06-20,34.900000000000006,10,10,1044
LOIS BUTLER,Brunei,Bandar Seri Begawan,2005-07-11,34.900000000000006,10,10,1044
LAWRENCE LAWTON,Cameroon,Yaound,2005-08-02,34.900000000000006,10,10,1044
VINCENT RALSTON,Mexico,Allende,2005-08-23,34.9,10,10,1047
JUSTIN NGO,Brazil,Santo Andr,2005-07-30,34.89999999999999,10,10,1048
DENISE KELLY,Brazil,Rio Claro,2005-08-23,34.89,11,11,1049
FELICIA SUTTON,China,Korla,2005-07-12,34.89,11,11,1049
PHILIP CAUSEY,Russian Federation,Korolev,2005-08-23,34.89,11,11,1049
TERRANCE ROUSH,Hungary,Szkesfehrvr,2005-08-01,34.89,11,11,1049
JUDITH COX,China,Daxian,2005-07-12,34.88,12,12,1053
JUNE CARROLL,Algeria,Skikda,2005-08-20,33.94000000000001,6,6,1054
RICK MATTOX,Egypt,Mit Ghamr,2005-07-31,33.94000000000001,6,6,1054
DEBORAH WALKER,Pakistan,Shikarpur,2005-06-21,33.940000000000005,6,6,1056
TRACY COLE,Mexico,Huixquilucan,2005-08-02,33.940000000000005,6,6,1056
NAOMI JENNINGS,India,Karnal,2005-08-20,33.940000000000005,6,6,1056
KEVIN SCHULER,Nepal,Birgunj,2005-07-10,33.940000000000005,6,6,1056
STEVE MACKENZIE,Indonesia,Probolinggo,2005-08-20,33.940000000000005,6,6,1056
PHILIP CAUSEY,Russian Federation,Korolev,2005-07-11,33.940000000000005,6,6,1056
BRENT HARKINS,Turkey,Sultanbeyli,2005-08-02,33.940000000000005,6,6,1056
ANDRE RAPP,Chile,Coquimbo,2005-08-19,33.940000000000005,6,6,1056
NEIL RENNER,Vietnam,Cam Ranh,2005-08-20,33.940000000000005,6,6,1056
ISAAC OGLESBY,Mexico,Cuernavaca,2005-08-22,33.940000000000005,6,6,1056
DONNA THOMPSON,Russian Federation,Elista,2005-07-30,33.94,6,6,1066
ANDREA HENDERSON,Madagascar,Mahajanga,2005-08-21,33.94,6,6,1066
SYLVIA ORTIZ,Colombia,Dos Quebradas,2005-08-21,33.94,6,6,1066
DANA HART,Russian Federation,Kirovo-Tepetsk,2005-07-30,33.94,6,6,1066
TRACEY BARRETT,Nigeria,Owo,2005-08-20,33.94,6,6,1066
VELMA LUCAS,Nigeria,Effon-Alaiye,2005-07-08,33.94,6,6,1066
RAUL FORTIER,India,Chapra,2005-08-02,33.94,6,6,1066
MISTY LAMBERT,United Arab Emirates,Sharja,2005-07-30,33.930000000000014,7,7,1073
BRADLEY MOTLEY,India,Purnea (Purnia),2005-08-21,33.930000000000014,7,7,1073
JOYCE EDWARDS,Saudi Arabia,Jedda,2005-07-12,33.93000000000001,7,7,1075
KATHERINE RIVERA,Switzerland,Basel,2005-08-01,33.93000000000001,7,7,1075
GLADYS HAMILTON,Nigeria,Ilorin,2005-07-09,33.93000000000001,7,7,1075
DARLENE ROSE,North Korea,Pyongyang,2005-08-20,33.93000000000001,7,7,1075
MARION SNYDER,Brazil,Santa Brbara dOeste,2005-07-30,33.93000000000001,7,7,1075
RENEE LANE,United States,Compton,2005-08-22,33.93000000000001,7,7,1075
BETH FRANKLIN,Vietnam,Haiphong,2005-07-12,33.93000000000001,7,7,1075
ROSEMARY SCHMIDT,Turkey,Usak,2005-08-02,33.93000000000001,7,7,1075
GARY COY,China,Yuzhou,2005-08-21,33.93000000000001,7,7,1075
DOUGLAS GRAF,Mexico,Mexicali,2005-08-02,33.93000000000001,7,7,1075
DUANE TUBBS,Nauru,Yangor,2005-07-31,33.93000000000001,7,7,1075
MATHEW BOLIN,Venezuela,Valencia,2005-08-02,33.93000000000001,7,7,1075
DAVE GARDINER,China,Leshan,2005-08-20,33.93000000000001,7,7,1075
BARBARA JONES,Myanmar,Myingyan,2005-08-21,33.93,7,7,1088
CYNTHIA YOUNG,India,Munger (Monghyr),2005-07-31,33.93,7,7,1088
JUDY GRAY,Algeria,Bchar,2005-07-12,33.93,7,7,1088
VALERIE BLACK,United States,Brockton,2005-07-11,33.93,7,7,1088
TERRI VASQUEZ,Brazil,Blumenau,2005-08-21,33.93,7,7,1088
SHERRI RHODES,India,Ahmadnagar,2005-07-11,33.93,7,7,1088
ROBERT BAUGHMAN,Russian Federation,Kaliningrad,2005-07-12,33.93,7,7,1088
RICHARD MCCRARY,United States,Arlington,2005-07-11,33.93,7,7,1088
EARL SHANKS,Japan,Iwatsuki,2005-08-21,33.93,7,7,1088
HERBERT KRUGER,Russian Federation,Syktyvkar,2005-08-01,33.93,7,7,1088
LEON BOSTIC,Colombia,Florencia,2005-08-20,33.93,7,7,1088
TYLER WREN,China,Rizhao,2005-08-23,33.93,7,7,1088
BRETT CORNWELL,India,Siliguri (Shiliguri),2005-07-30,33.93,7,7,1088
CLAUDE HERZOG,Angola,Benguela,2005-08-02,33.93,7,7,1088
NELSON CHRISTENSON,Spain,Santiago de Compostela,2005-08-01,33.93,7,7,1088
IAN STILL,United States,Garland,2005-08-02,33.93,7,7,1088
BOB PFEIFFER,China,Xintai,2005-07-31,33.93,7,7,1088
JULIAN VEST,Japan,Akishima,2005-07-09,33.93,7,7,1088
MORRIS MCCARTER,Taiwan,Fengshan,2005-06-21,33.93,7,7,1088
TERRENCE GUNDERSON,China,Jinzhou,2005-07-11,33.93,7,7,1088
ALLEN BUTTERFIELD,India,Hoshiarpur,2005-08-01,33.92999999999999,7,7,1108
PEDRO CHESTNUT,Ukraine,ostka,2005-07-31,33.92999999999999,7,7,1108
ELAINE STEVENS,Russian Federation,Smolensk,2005-08-23,33.920000000000016,8,8,1110
MONICA HICKS,Ukraine,Mukateve,2005-08-02,33.92000000000001,8,8,1111
MARCIA DEAN,Philippines,Tanza,2005-07-30,33.92000000000001,8,8,1111
GERALD FULTZ,India,Satna,2005-08-20,33.92000000000001,8,8,1111
CHRISTINA RAMIREZ,Saudi Arabia,al-Hawiya,2005-08-23,33.92,8,8,1114
DIANA ALEXANDER,United States,Augusta-Richmond County,2005-08-23,33.92,8,8,1114
ANNETTE OLSON,India,Allappuzha (Alleppey),2005-08-01,33.92,8,8,1114
ELSIE KELLEY,Nigeria,Ikerre,2005-08-19,33.92,8,8,1114
CHARLENE ALVAREZ,Tanzania,Zanzibar,2005-08-23,33.92,8,8,1114
EDWARD BAUGH,Faroe Islands,Trshavn,2005-08-01,33.92,8,8,1114
ROGER QUINTANILLA,Taiwan,Hsichuh,2005-08-01,33.92,8,8,1114
RALPH MADRIGAL,Puerto Rico,Arecibo,2005-07-30,33.92,8,8,1114
BEN EASTER,Russian Federation,Kamyin,2005-06-21,33.92,8,8,1114
DWIGHT LOMBARDI,South Africa,Chatsworth,2005-08-22,33.92,8,8,1114
WALLACE SLONE,Nigeria,Sokoto,2005-08-23,33.92,8,8,1114
SIDNEY BURLESON,Poland,Czestochowa,2005-08-01,33.92,8,8,1114
LUCILLE HOLMES,South Africa,Soshanguve,2005-08-20,33.919999999999995,8,8,1126
MYRTLE FLEMING,Dominican Republic,Santiago de los Caballeros,2005-08-01,33.919999999999995,8,8,1126
MARGIE WADE,China,Lengshuijiang,2005-08-01,33.919999999999995,8,8,1126
JENNY CASTRO,Puerto Rico,Ponce,2005-07-31,33.919999999999995,8,8,1126
DEBORAH WALKER,Pakistan,Shikarpur,2005-08-02,33.91000000000001,9,9,1130
JUNE CARROLL,Algeria,Skikda,2005-08-01,33.91000000000001,9,9,1130
HEATHER MORRIS,Japan,Nagareyama,2005-08-22,33.910000000000004,9,9,1132
IAN STILL,United States,Garland,2005-06-21,33.910000000000004,9,9,1132
KRISTIN JOHNSTON,United States,Sunnyvale,2005-08-21,33.91,9,9,1134
MINNIE ROMERO,Indonesia,Ciomas,2005-08-02,33.91,9,9,1134
WALTER PERRYMAN,China,Xinxiang,2005-08-21,33.91,9,9,1134
VINCENT RALSTON,Mexico,Allende,2005-08-22,33.91,9,9,1134
HERMAN DEVORE,Tanzania,Mwanza,2005-08-21,33.91,9,9,1134
KATHLEEN ADAMS,Iran,Arak,2005-08-01,33.900000000000006,10,10,1139
JULIE SANCHEZ,Spain,A Corua (La Corua),2005-08-02,33.900000000000006,10,10,1139
NICHOLAS BARFIELD,Brazil,Belm,2005-08-01,33.900000000000006,10,10,1139
MARCUS HIDALGO,Estonia,Tartu,2005-08-23,33.900000000000006,10,10,1139
KEN PREWITT,Romania,Bucuresti,2005-07-09,33.900000000000006,10,10,1139
MELISSA KING,Taiwan,Lungtan,2005-07-31,33.9,10,10,1144
KATHY JAMES,Philippines,Baybay,2005-07-30,33.9,10,10,1144
MARILYN ROSS,Nigeria,Ife,2005-08-23,33.89999999999999,10,10,1146
CRYSTAL FORD,Israel,Ashdod,2005-08-01,33.89000000000001,11,11,1147
JEFF EAST,Dominican Republic,San Felipe de Puerto Plata,2005-08-23,33.89,11,11,1148
ELAINE STEVENS,Russian Federation,Smolensk,2005-08-01,32.95,5,5,1149
BRITTANY RILEY,Ukraine,Sumy,2005-07-10,32.95,5,5,1149
KAY CALDWELL,China,Yantai,2005-08-01,32.95,5,5,1149
HECTOR POINDEXTER,Russian Federation,Pjatigorsk,2005-08-20,32.95,5,5,1149
SERGIO STANFIELD,Mexico,Celaya,2005-07-31,32.95,5,5,1149
KENT ARSENAULT,Brazil,Juiz de Fora,2005-07-10,32.95,5,5,1149
MARGIE WADE,China,Lengshuijiang,2005-08-21,32.949999999999996,5,5,1155
MIRIAM MCKINNEY,Japan,Otsu,2005-07-29,32.949999999999996,5,5,1155
LEE HAWKS,India,Pudukkottai,2005-08-22,32.94000000000001,6,6,1157
AMY LOPEZ,India,Jhansi,2005-08-21,32.940000000000005,6,6,1158
KATHERINE RIVERA,Switzerland,Basel,2005-07-31,32.940000000000005,6,6,1158
REGINA BERRY,China,Jinchang,2005-08-19,32.940000000000005,6,6,1158
BERNICE WILLIS,Turkey,Batman,2005-08-19,32.940000000000005,6,6,1158
MARLENE WELCH,Japan,Iwaki,2005-07-29,32.940000000000005,6,6,1158
STELLA MORENO,Mexico,Coacalco de Berriozbal,2005-08-23,32.940000000000005,6,6,1158
SONIA GREGORY,Nigeria,Benin City,2005-07-11,32.940000000000005,6,6,1158
JERRY JORDON,Japan,Onomichi,2005-08-21,32.940000000000005,6,6,1158
DOUGLAS GRAF,Mexico,Mexicali,2005-08-01,32.940000000000005,6,6,1158
JOE GILLILAND,Philippines,Imus,2005-08-22,32.940000000000005,6,6,1158
GORDON ALLARD,Yemen,Hodeida,2005-07-09,32.940000000000005,6,6,1158
TYRONE ASHER,Bulgaria,Ruse,2005-08-02,32.940000000000005,6,6,1158
JOHNNIE CHISHOLM,Poland,Plock,2005-06-20,32.940000000000005,6,6,1158
SANDRA MARTIN,United Kingdom,Southend-on-Sea,2005-08-20,32.94,6,6,1171
MARILYN ROSS,Nigeria,Ife,2005-07-09,32.94,6,6,1171
LUCILLE HOLMES,South Africa,Soshanguve,2005-07-08,32.94,6,6,1171
BERNICE WILLIS,Turkey,Batman,2005-07-12,32.94,6,6,1171
TERRI VASQUEZ,Brazil,Blumenau,2005-08-20,32.94,6,6,1171
MIKE WAY,India,Valparai,2005-07-31,32.94,6,6,1171
MIGUEL BETANCOURT,Germany,Erlangen,2005-08-20,32.94,6,6,1171
GREG ROBINS,Vietnam,Nam Dinh,2005-07-11,32.94,6,6,1171
BRETT CORNWELL,India,Siliguri (Shiliguri),2005-07-28,32.94,6,6,1171
NELSON CHRISTENSON,Spain,Santiago de Compostela,2005-07-31,32.94,6,6,1171
CHRISTINE ROBERTS,French Polynesia,Faaa,2005-08-23,32.93000000000001,7,7,1181
KELLY TORRES,China,Xiangtan,2005-08-22,32.93000000000001,7,7,1181
ANNETTE OLSON,India,Allappuzha (Alleppey),2005-08-22,32.93000000000001,7,7,1181
VIVIAN RUIZ,Netherlands,s-Hertogenbosch,2005-08-21,32.93000000000001,7,7,1181
CARLA GUTIERREZ,India,Bhusawal,2005-08-23,32.93000000000001,7,7,1181
KRISTIN JOHNSTON,United States,Sunnyvale,2005-08-02,32.93000000000001,7,7,1181
TONI HOLT,United States,Roanoke,2005-07-31,32.93000000000001,7,7,1181
MISTY LAMBERT,United Arab Emirates,Sharja,2005-07-12,32.93000000000001,7,7,1181
RAMONA HALE,India,Patiala,2005-07-11,32.93000000000001,7,7,1181
ALBERT CROUSE,Cameroon,Bamenda,2005-07-30,32.93000000000001,7,7,1181
HARRY ARCE,Iran,Najafabad,2005-08-01,32.93000000000001,7,7,1181
CHRIS BROTHERS,Spain,Gijn,2005-07-11,32.93000000000001,7,7,1181
NATHAN RUNYON,"Virgin Islands, U.S.",Charlotte Amalie,2005-07-29,32.93000000000001,7,7,1181
DALE RATCLIFF,South Africa,Rustenburg,2005-07-29,32.93000000000001,7,7,1181
RODNEY MOELLER,Nigeria,Deba Habe,2005-07-10,32.93000000000001,7,7,1181
WESLEY BULL,Spain,Ourense (Orense),2005-07-10,32.93000000000001,7,7,1181
ZACHARY HITE,United States,Akron,2005-07-11,32.93000000000001,7,7,1181
SAM MCDUFFIE,Colombia,Sogamoso,2005-07-10,32.93000000000001,7,7,1181
IVAN CROMWELL,Mexico,Monclova,2005-06-20,32.93000000000001,7,7,1181
LISA ANDERSON,Japan,Sagamihara,2005-07-30,32.93,7,7,1200
AMY LOPEZ,India,Jhansi,2005-08-02,32.93,7,7,1200
THERESA WATSON,Philippines,Taguig,2005-08-02,32.93,7,7,1200
VALERIE BLACK,United States,Brockton,2005-06-19,32.93,7,7,1200
DOLORES WAGNER,Malaysia,Ipoh,2005-06-21,32.93,7,7,1200
GEORGIA JACOBS,India,Uttarpara-Kotrung,2005-08-21,32.93,7,7,1200
CASSANDRA WALTERS,United States,Salinas,2005-08-23,32.93,7,7,1200
LEAH CURTIS,Poland,Kalisz,2005-08-02,32.93,7,7,1200
ROY WHITING,Kenya,Nyeri,2005-07-12,32.93,7,7,1200
RANDY GAITHER,Russian Federation,Kurgan,2005-07-10,32.93,7,7,1200
DON BONE,Mozambique,Naala-Porto,2005-08-01,32.93,7,7,1200
ALEXANDER FENNELL,Italy,Bergamo,2005-08-21,32.93,7,7,1200
PEDRO CHESTNUT,Ukraine,ostka,2005-07-09,32.93,7,7,1200
MARIA MILLER,Yugoslavia,Kragujevac,2005-08-21,32.92999999999999,7,7,1213
DOROTHY TAYLOR,Iran,Esfahan,2005-08-02,32.92999999999999,7,7,1213
FLORENCE WOODS,Argentina,Merlo,2005-07-30,32.92999999999999,7,7,1213
CLARA SHAW,Belarus,Molodetno,2005-08-20,32.92999999999999,7,7,1213
CATHY SPENCER,Japan,Kakamigahara,2005-08-21,32.92999999999999,7,7,1213
ANDREW PURDY,Azerbaijan,Baku,2005-08-22,32.920000000000016,8,8,1218
DEBRA NELSON,Brazil,Vila Velha,2005-07-31,32.92000000000001,8,8,1219
THELMA MURRAY,Peru,Lima,2005-08-01,32.92000000000001,8,8,1219
JOHN FARNSWORTH,India,Parbhani,2005-07-31,32.92000000000001,8,8,1219
MARTHA GONZALEZ,Moldova,Chisinau,2005-07-12,32.92,8,8,1222
STEPHANIE MITCHELL,Armenia,Yerevan,2005-07-29,32.92,8,8,1222
HEATHER MORRIS,Japan,Nagareyama,2005-08-21,32.92,8,8,1222
JEAN BELL,Malaysia,Kuching,2005-08-01,32.92,8,8,1222
SHANNON FREEMAN,India,Varanasi (Benares),2005-07-31,32.92,8,8,1222
ETHEL WEBB,South Africa,Boksburg,2005-07-30,32.92,8,8,1222
MARJORIE TUCKER,Poland,Jastrzebie-Zdrj,2005-07-12,32.92,8,8,1222
MARJORIE TUCKER,Poland,Jastrzebie-Zdrj,2005-07-31,32.92,8,8,1222
LORRAINE STEPHENS,China,Hami,2005-07-11,32.92,8,8,1222
BEATRICE ARNOLD,India,Udaipur,2005-07-10,32.92,8,8,1222
DOLORES WAGNER,Malaysia,Ipoh,2005-08-23,32.92,8,8,1222
STACEY MONTGOMERY,China,Fuyu,2005-08-02,32.92,8,8,1222
PRISCILLA LOWE,Mexico,Salamanca,2005-08-23,32.92,8,8,1222
WALTER PERRYMAN,China,Xinxiang,2005-07-12,32.92,8,8,1222
LEE HAWKS,India,Pudukkottai,2005-08-01,32.92,8,8,1222
KARL SEAL,United States,Cape Coral,2005-07-29,32.92,8,8,1222
JORDAN ARCHULETA,Argentina,Avellaneda,2005-07-31,32.92,8,8,1222
IAN STILL,United States,Garland,2005-06-20,32.92,8,8,1222
FREDDIE DUGGAN,Peru,Sullana,2005-08-02,32.92,8,8,1222
OLGA JIMENEZ,Nigeria,Ogbomosho,2005-07-12,32.919999999999995,8,8,1241
DEBBIE REYES,Japan,Fukuyama,2005-08-20,32.91999999999999,8,8,1242
HEIDI LARSON,China,Xiangfan,2005-08-02,32.91000000000001,9,9,1243
TERRY CARLSON,Japan,Miyakonojo,2005-08-02,32.91000000000001,9,9,1243
HELEN HARRIS,India,Bhopal,2005-08-02,32.910000000000004,9,9,1245
JULIE SANCHEZ,Spain,A Corua (La Corua),2005-08-01,32.910000000000004,9,9,1245
JUDY GRAY,Algeria,Bchar,2005-08-23,32.910000000000004,9,9,1245
HAZEL WARREN,China,Hohhot,2005-07-31,32.910000000000004,9,9,1245
CARLA GUTIERREZ,India,Bhusawal,2005-08-01,32.910000000000004,9,9,1245
STACEY MONTGOMERY,China,Fuyu,2005-08-22,32.910000000000004,9,9,1245
CHRISTY VARGAS,China,Datong,2005-08-21,32.910000000000004,9,9,1245
CHARLES KOWALSKI,Malaysia,Sungai Petani,2005-07-31,32.910000000000004,9,9,1245
KEITH RICO,Slovakia,Bratislava,2005-08-01,32.910000000000004,9,9,1245
JEFFERY PINSON,Pakistan,Dadu,2005-08-01,32.910000000000004,9,9,1245
ALVIN DELOACH,Mexico,Cuauhtmoc,2005-08-23,32.910000000000004,9,9,1245
TED BREAUX,China,Baicheng,2005-08-01,32.910000000000004,9,9,1245
KEN PREWITT,Romania,Bucuresti,2005-07-08,32.910000000000004,9,9,1245
KEN PREWITT,Romania,Bucuresti,2005-08-23,32.910000000000004,9,9,1245
MARION OCAMPO,China,Weifang,2005-08-01,32.910000000000004,9,9,1245
ENRIQUE FORSYTHE,Greece,Patras,2005-08-23,32.910000000000004,9,9,1245
KATHY JAMES,Philippines,Baybay,2005-07-29,32.91,9,9,1261
SYLVIA ORTIZ,Colombia,Dos Quebradas,2005-08-02,32.91,9,9,1261
ELLEN SIMPSON,Brazil,Po,2005-07-12,32.91,9,9,1261
DAISY BATES,Russian Federation,Kolpino,2005-06-21,32.91,9,9,1261
JUSTIN NGO,Brazil,Santo Andr,2005-07-12,32.91,9,9,1261
BOBBY BOUDREAU,Anguilla,South Hill,2005-08-21,32.91,9,9,1261
CHAD CARBONE,India,Katihar,2005-08-02,32.91,9,9,1261
DUSTIN GILLETTE,Netherlands,Emmen,2005-08-23,32.91,9,9,1261
BYRON BOX,Kazakstan,Zhezqazghan,2005-07-10,32.91,9,9,1261
MARTHA GONZALEZ,Moldova,Chisinau,2005-07-31,32.900000000000006,10,10,1270
ESTHER CRAWFORD,South Africa,Botshabelo,2005-07-10,32.900000000000006,10,10,1270
JOSE ANDREW,Saint Vincent and the Grenadines,Kingstown,2005-08-01,32.900000000000006,10,10,1270
PEARL GARZA,India,Jodhpur,2005-08-23,32.9,10,10,1273
DARLENE ROSE,North Korea,Pyongyang,2005-07-30,32.89,11,11,1274
FRED WHEAT,Mexico,Jurez,2005-08-02,32.89,11,11,1274
THERESA WATSON,Philippines,Taguig,2005-08-22,32.870000000000005,13,13,1276
MICHELLE CLARK,Bangladesh,Tangail,2005-06-21,31.950000000000003,5,5,1277
ALICE STEWART,United States,Fontana,2005-07-10,31.950000000000003,5,5,1277
JANE BENNETT,Brazil,Araatuba,2005-08-21,31.950000000000003,5,5,1277
TARA RYAN,Indonesia,Gorontalo,2005-07-30,31.950000000000003,5,5,1277
DORA MEDINA,China,Tianjin,2005-07-12,31.950000000000003,5,5,1277
CHRISTOPHER GRECO,Italy,Brescia,2005-07-09,31.950000000000003,5,5,1277
DOUGLAS GRAF,Mexico,Mexicali,2005-07-31,31.950000000000003,5,5,1277
RYAN SALISBURY,Latvia,Daugavpils,2005-06-21,31.950000000000003,5,5,1277
JESSICA HALL,Holy See (Vatican City State),Citt del Vaticano,2005-06-18,31.95,5,5,1285
JAMIE RICE,United States,Sterling Heights,2005-07-11,31.949999999999996,5,5,1286
HERMAN DEVORE,Tanzania,Mwanza,2005-07-30,31.949999999999996,5,5,1286
VICTORIA GIBSON,Indonesia,Pemalang,2005-08-21,31.940000000000012,6,6,1288
HELEN HARRIS,India,Bhopal,2005-08-19,31.940000000000005,6,6,1289
ROSEMARY SCHMIDT,Turkey,Usak,2005-06-19,31.940000000000005,6,6,1289
CASSANDRA WALTERS,United States,Salinas,2005-07-12,31.940000000000005,6,6,1289
PETER MENARD,Netherlands,Ede,2005-06-20,31.940000000000005,6,6,1289
NICHOLAS BARFIELD,Brazil,Belm,2005-07-12,31.940000000000005,6,6,1289
JIM REA,Mexico,El Fuerte,2005-08-02,31.940000000000005,6,6,1289
ALFREDO MCADAMS,Russian Federation,Serpuhov,2005-08-01,31.940000000000005,6,6,1289
PATRICK NEWSOM,Vietnam,Hanoi,2005-06-19,31.94,6,6,1296
ARTHUR SIMPKINS,Russian Federation,Maikop,2005-07-11,31.94,6,6,1296
TERRY GRISSOM,Japan,Matsue,2005-07-11,31.94,6,6,1296
DON BONE,Mozambique,Naala-Porto,2005-08-21,31.94,6,6,1296
JORGE OLIVARES,Indonesia,Lhokseumawe,2005-07-30,31.94,6,6,1296
BEN EASTER,Russian Federation,Kamyin,2005-07-31,31.94,6,6,1296
JAVIER ELROD,Chad,NDjamna,2005-07-10,31.94,6,6,1296
VALERIE BLACK,United States,Brockton,2005-06-18,31.939999999999998,6,6,1303
LYNN PAYNE,Malawi,Lilongwe,2005-08-21,31.939999999999998,6,6,1303
JASON MORRISSEY,Argentina,Baha Blanca,2005-06-20,31.939999999999998,6,6,1303
LEWIS LYMAN,Israel,Ashqelon,2005-06-21,31.939999999999998,6,6,1303
COREY HAUSER,Turkey,Gaziantep,2005-08-01,31.939999999999998,6,6,1303
MYRTLE FLEMING,Dominican Republic,Santiago de los Caballeros,2005-08-22,31.93999999999999,6,6,1308
WESLEY BULL,Spain,Ourense (Orense),2005-08-21,31.930000000000017,7,7,1309
WESLEY BULL,Spain,Ourense (Orense),2005-07-30,31.930000000000014,7,7,1310
GLORIA COOK,French Polynesia,Papeete,2005-08-21,31.93000000000001,7,7,1311
MARLENE WELCH,Japan,Iwaki,2005-08-23,31.93000000000001,7,7,1311
JOHN FARNSWORTH,India,Parbhani,2005-07-30,31.93000000000001,7,7,1311
ERIK GUILLEN,India,Bhimavaram,2005-08-20,31.93000000000001,7,7,1311
TRACY COLE,Mexico,Huixquilucan,2005-08-23,31.930000000000007,7,7,1315
MONICA HICKS,Ukraine,Mukateve,2005-08-01,31.930000000000007,7,7,1315
PAULINE HENRY,Mexico,Torren,2005-07-12,31.930000000000007,7,7,1315
AUDREY RAY,Austria,Graz,2005-08-01,31.930000000000007,7,7,1315
CLAUDIA FULLER,Kuwait,Jalib al-Shuyukh,2005-06-20,31.930000000000007,7,7,1315
CLAUDIA FULLER,Kuwait,Jalib al-Shuyukh,2005-08-02,31.930000000000007,7,7,1315
RICK MATTOX,Egypt,Mit Ghamr,2005-06-21,31.930000000000007,7,7,1315
JENNIFER DAVIS,United States,Laredo,2005-08-21,31.930000000000003,7,7,1322
KIM CRUZ,United States,Grand Prairie,2005-07-31,31.930000000000003,7,7,1322
LORRAINE STEPHENS,China,Hami,2005-07-10,31.930000000000003,7,7,1322
DOLORES WAGNER,Malaysia,Ipoh,2005-08-21,31.930000000000003,7,7,1322
LAURIE LAWRENCE,India,Firozabad,2005-08-01,31.930000000000003,7,7,1322
NAOMI JENNINGS,India,Karnal,2005-08-01,31.930000000000003,7,7,1322
JOSEPH JOY,Brazil,Angra dos Reis,2005-07-11,31.930000000000003,7,7,1322
ADAM GOOCH,India,Adoni,2005-07-12,31.930000000000003,7,7,1322
ROBERTO VU,China,Yinchuan,2005-07-11,31.930000000000003,7,7,1322
TYRONE ASHER,Bulgaria,Ruse,2005-07-12,31.930000000000003,7,7,1322
JOHNNIE CHISHOLM,Poland,Plock,2005-08-02,31.930000000000003,7,7,1322
MARY SMITH,Japan,Sasebo,2005-06-21,31.93,7,7,1333
ANNE POWELL,United Kingdom,Bradford,2005-08-02,31.93,7,7,1333
BONNIE HUGHES,South Korea,Cheju,2005-08-02,31.93,7,7,1333
JULIA FLORES,Argentina,La Plata,2005-07-12,31.93,7,7,1333
ANITA MORALES,India,Hubli-Dharwad,2005-08-23,31.93,7,7,1333
STACY CUNNINGHAM,Colombia,Pereira,2005-08-02,31.93,7,7,1333
JEANNE LAWSON,Turkmenistan,Ashgabat,2005-06-20,31.93,7,7,1333
MYRTLE FLEMING,Dominican Republic,Santiago de los Caballeros,2005-07-11,31.93,7,7,1333
BRANDY GRAVES,United States,Warren,2005-07-31,31.93,7,7,1333
DIANNE SHELTON,Iran,Tabriz,2005-08-20,31.93,7,7,1333
JAMES GANNON,Japan,Hiroshima,2005-06-21,31.93,7,7,1333
MARK RINEHART,Saudi Arabia,Tabuk,2005-08-02,31.93,7,7,1333
GEORGE LINTON,Brazil,Sorocaba,2005-07-29,31.93,7,7,1333
MANUEL MURRELL,Sri Lanka,Jaffna,2005-07-31,31.93,7,7,1333
JACOB LANCE,United States,El Monte,2005-08-02,31.93,7,7,1333
VERNON CHAPA,Turkey,Denizli,2005-08-02,31.93,7,7,1333
JESSICA HALL,Holy See (Vatican City State),Citt del Vaticano,2005-07-08,31.929999999999996,7,7,1349
SHIRLEY ALLEN,Philippines,Davao,2005-08-22,31.929999999999996,7,7,1349
KATHY JAMES,Philippines,Baybay,2005-08-23,31.929999999999996,7,7,1349
PAULA BRYANT,India,Pathankot,2005-08-01,31.929999999999996,7,7,1349
WANDA PATTERSON,Colombia,Sincelejo,2005-08-21,31.929999999999993,7,7,1353
CINDY FISHER,Venezuela,Cuman,2005-08-23,31.929999999999993,7,7,1353
ETHEL WEBB,South Africa,Boksburg,2005-08-22,31.920000000000016,8,8,1355
GABRIEL HARDER,Turkey,Sivas,2005-07-29,31.92000000000001,8,8,1356
MARTHA GONZALEZ,Moldova,Chisinau,2005-08-23,31.920000000000005,8,8,1357
GLORIA COOK,French Polynesia,Papeete,2005-08-02,31.920000000000005,8,8,1357
GERALD FULTZ,India,Satna,2005-07-31,31.920000000000005,8,8,1357
HARRY ARCE,Iran,Najafabad,2005-08-20,31.920000000000005,8,8,1357
LEROY BUSTAMANTE,China,Tongliao,2005-07-12,31.920000000000005,8,8,1357
AMANDA CARTER,Morocco,Nador,2005-08-01,31.92,8,8,1362
IRENE PRICE,Kazakstan,Pavlodar,2005-08-02,31.92,8,8,1362
LILLIAN GRIFFIN,United Arab Emirates,al-Ayn,2005-08-01,31.92,8,8,1362
SHERRY MARSHALL,Egypt,Shubra al-Khayma,2005-08-01,31.92,8,8,1362
JOSEPHINE GOMEZ,India,Etawah,2005-08-01,31.92,8,8,1362
AUDREY RAY,Austria,Graz,2005-07-11,31.92,8,8,1362
SUE PETERS,China,Changzhou,2005-06-19,31.92,8,8,1362
CHARLES KOWALSKI,Malaysia,Sungai Petani,2005-07-30,31.92,8,8,1362
STANLEY SCROGGINS,Japan,Omiya,2005-07-12,31.92,8,8,1362
LEONARD SCHOFIELD,Argentina,Tandil,2005-08-02,31.92,8,8,1362
MANUEL MURRELL,Sri Lanka,Jaffna,2005-08-21,31.92,8,8,1362
BARRY LOVELACE,Zambia,Kitwe,2005-08-01,31.92,8,8,1362
CHRISTIAN JUNG,India,Amroha,2005-08-01,31.92,8,8,1362
SALVADOR TEEL,Gambia,Banjul,2005-07-31,31.92,8,8,1362
ALMA AUSTIN,Germany,Mannheim,2005-06-21,31.919999999999998,8,8,1376
ROBERTO VU,China,Yinchuan,2005-08-23,31.919999999999998,8,8,1376
NATHANIEL ADAM,United States,Joliet,2005-08-01,31.919999999999998,8,8,1376
NATHANIEL ADAM,United States,Joliet,2005-08-22,31.919999999999998,8,8,1376
RAYMOND MCWHORTER,Azerbaijan,Sumqayit,2005-08-23,31.919999999999995,8,8,1380
CURTIS IRBY,Canada,Richmond Hill,2005-08-01,31.919999999999995,8,8,1380
TIM CARY,India,Bijapur,2005-07-12,31.919999999999995,8,8,1380
GUY BROWNLEE,China,Zhoushan,2005-07-31,31.919999999999995,8,8,1380
SETH HANNON,Bahrain,al-Manama,2005-07-12,31.919999999999995,8,8,1380
GENE SANBORN,Oman,Salala,2005-08-01,31.91999999999999,8,8,1385
VERONICA STONE,United States,Greensboro,2005-08-23,31.910000000000004,9,9,1386
GERALDINE PERKINS,Israel,Tel Aviv-Jaffa,2005-08-02,31.910000000000004,9,9,1386
LUCY WHEELER,India,Balurghat,2005-08-02,31.910000000000004,9,9,1386
CHRISTY VARGAS,China,Datong,2005-08-02,31.910000000000004,9,9,1386
BILLIE HORTON,Turkey,Inegl,2005-08-02,31.910000000000004,9,9,1386
JOSE ANDREW,Saint Vincent and the Grenadines,Kingstown,2005-07-31,31.910000000000004,9,9,1386
BOB PFEIFFER,China,Xintai,2005-08-22,31.910000000000004,9,9,1386
CASEY MENA,Turkey,Tokat,2005-07-29,31.910000000000004,9,9,1386
VIOLA HANSON,Philippines,Lapu-Lapu,2005-07-12,31.91,9,9,1394
JACK FOUST,Russian Federation,Zeleznogorsk,2005-07-12,31.91,9,9,1394
TRAVIS ESTEP,Saudi Arabia,al-Qatif,2005-08-23,31.91,9,9,1394
VICKIE BREWER,Germany,Halle/Saale,2005-08-23,31.909999999999997,9,9,1397
ANTHONY SCHWAB,American Samoa,Tafuna,2005-08-02,31.909999999999997,9,9,1397
DARRYL ASHCRAFT,Argentina,Ezeiza,2005-08-02,31.909999999999997,9,9,1397
CRYSTAL FORD,Israel,Ashdod,2005-07-31,31.90000000000001,10,10,1400
MARCIA DEAN,Philippines,Tanza,2005-07-11,31.900000000000006,10,10,1401
MARJORIE TUCKER,Poland,Jastrzebie-Zdrj,2005-08-22,31.9,10,10,1402
MAXINE SILVA,Brazil,Poos de Caldas,2005-08-23,31.899999999999995,10,10,1403
JIM REA,Mexico,El Fuerte,2005-08-23,31.89,11,11,1404
BRENDA WRIGHT,India,Kamarhati,2005-07-11,30.95000000000001,5,5,1405
JOHNNIE CHISHOLM,Poland,Plock,2005-07-12,30.950000000000006,5,5,1406
CHERYL MURPHY,India,Mysore,2005-08-02,30.950000000000003,5,5,1407
MARIAN MENDOZA,Brazil,Maring,2005-05-31,30.950000000000003,5,5,1407
ALAN KAHN,China,Emeishan,2005-07-30,30.950000000000003,5,5,1407
PHILIP CAUSEY,Russian Federation,Korolev,2005-07-09,30.950000000000003,5,5,1407
BEN EASTER,Russian Federation,Kamyin,2005-07-30,30.950000000000003,5,5,1407
ISAAC OGLESBY,Mexico,Cuernavaca,2005-08-20,30.950000000000003,5,5,1407
TRACY HERRMANN,Ecuador,Loja,2005-06-20,30.950000000000003,5,5,1407
SETH HANNON,Bahrain,al-Manama,2005-06-20,30.950000000000003,5,5,1407
ASHLEY RICHARDSON,United States,Lincoln,2005-07-10,30.95,5,5,1415
JULIA FLORES,Argentina,La Plata,2005-06-19,30.95,5,5,1415
ANA BRADLEY,United States,Memphis,2005-07-29,30.95,5,5,1415
PAUL TROUT,Russian Federation,Kursk,2005-07-31,30.95,5,5,1415
CURTIS IRBY,Canada,Richmond Hill,2005-08-20,30.949999999999996,5,5,1419
NATHANIEL ADAM,United States,Joliet,2005-07-09,30.949999999999996,5,5,1419
MARLENE WELCH,Japan,Iwaki,2005-08-21,30.940000000000012,6,6,1421
MAE FLETCHER,Spain,Donostia-San Sebastin,2005-07-12,30.940000000000012,6,6,1421
MAE FLETCHER,Spain,Donostia-San Sebastin,2005-08-21,30.940000000000012,6,6,1421
DAWN SULLIVAN,Tuvalu,Funafuti,2005-08-01,30.940000000000005,6,6,1424
GRACE ELLIS,Germany,Duisburg,2005-08-22,30.940000000000005,6,6,1424
NINA SOTO,India,Palghat (Palakkad),2005-07-10,30.940000000000005,6,6,1424
JOSEPH JOY,Brazil,Angra dos Reis,2005-07-31,30.940000000000005,6,6,1424
GARY COY,China,Yuzhou,2005-08-01,30.940000000000005,6,6,1424
LARRY THRASHER,Turkey,Adana,2005-06-19,30.940000000000005,6,6,1424
HARRY ARCE,Iran,Najafabad,2005-06-21,30.940000000000005,6,6,1424
STEVE MACKENZIE,Indonesia,Probolinggo,2005-07-12,30.940000000000005,6,6,1424
PHILLIP HOLM,Japan,Tama,2005-08-23,30.940000000000005,6,6,1424
EDWIN BURK,South Africa,Newcastle,2005-07-11,30.940000000000005,6,6,1424
GLEN TALBERT,Mexico,Acua,2005-07-09,30.940000000000005,6,6,1424
JIMMIE EGGLESTON,Poland,Wroclaw,2005-07-09,30.940000000000005,6,6,1424
TERRANCE ROUSH,Hungary,Szkesfehrvr,2005-07-08,30.940000000000005,6,6,1424
MARILYN ROSS,Nigeria,Ife,2005-08-01,30.94,6,6,1437
BEATRICE ARNOLD,India,Udaipur,2005-08-02,30.94,6,6,1437
NINA SOTO,India,Palghat (Palakkad),2005-08-21,30.94,6,6,1437
ROGER QUINTANILLA,Taiwan,Hsichuh,2005-07-08,30.94,6,6,1437
TYLER WREN,China,Rizhao,2005-08-21,30.94,6,6,1437
CLAUDE HERZOG,Angola,Benguela,2005-08-01,30.94,6,6,1437
JAMIE WAUGH,Japan,Kuwana,2005-07-29,30.94,6,6,1437
SHIRLEY ALLEN,Philippines,Davao,2005-08-20,30.939999999999998,6,6,1444
PAULA BRYANT,India,Pathankot,2005-07-31,30.939999999999998,6,6,1444
GRACE ELLIS,Germany,Duisburg,2005-07-29,30.939999999999998,6,6,1444
NORA HERRERA,Austria,Salzburg,2005-08-02,30.939999999999998,6,6,1444
SHELLY WATTS,United States,Dayton,2005-08-23,30.939999999999998,6,6,1444
BYRON BOX,Kazakstan,Zhezqazghan,2005-08-01,30.939999999999998,6,6,1444
SEAN DOUGLASS,Ethiopia,Addis Abeba,2005-08-20,30.939999999999994,6,6,1450
GABRIEL HARDER,Turkey,Sivas,2005-08-22,30.93000000000001,7,7,1451
PAMELA BAKER,China,Nanyang,2005-08-21,30.930000000000007,7,7,1452
THELMA MURRAY,Peru,Lima,2005-07-31,30.930000000000007,7,7,1452
AUDREY RAY,Austria,Graz,2005-08-23,30.930000000000007,7,7,1452
LILLIE KIM,Egypt,Idfu,2005-07-12,30.930000000000007,7,7,1452
CHRISTOPHER GRECO,Italy,Brescia,2005-07-30,30.930000000000007,7,7,1452
KELLY KNOTT,China,Sanya,2005-08-23,30.930000000000007,7,7,1452
JULIE SANCHEZ,Spain,A Corua (La Corua),2005-07-31,30.930000000000003,7,7,1458
PHYLLIS FOSTER,China,Zalantun,2005-08-21,30.930000000000003,7,7,1458
JUANITA MASON,India,Pune,2005-07-30,30.930000000000003,7,7,1458
JACKIE LYNCH,Colombia,Buenaventura,2005-07-11,30.930000000000003,7,7,1458
MABEL HOLLAND,Myanmar,Monywa,2005-06-19,30.930000000000003,7,7,1458
EDWARD BAUGH,Faroe Islands,Trshavn,2005-07-31,30.930000000000003,7,7,1458
DOUGLAS GRAF,Mexico,Mexicali,2005-06-21,30.930000000000003,7,7,1458
STANLEY SCROGGINS,Japan,Omiya,2005-07-11,30.930000000000003,7,7,1458
RICKY SHELBY,China,Junan,2005-08-02,30.930000000000003,7,7,1458
BRENT HARKINS,Turkey,Sultanbeyli,2005-08-23,30.930000000000003,7,7,1458
ROSS GREY,Philippines,Iligan,2005-08-23,30.930000000000003,7,7,1458
ELIZABETH BROWN,Taiwan,Nantou,2005-07-11,30.93,7,7,1469
ANGELA HERNANDEZ,Japan,Shimonoseki,2005-08-01,30.93,7,7,1469
EMMA BOYD,Egypt,Qalyub,2005-08-02,30.93,7,7,1469
LAUREN HUDSON,France,Le Mans,2005-08-02,30.93,7,7,1469
REGINA BERRY,China,Jinchang,2005-07-11,30.93,7,7,1469
IRMA PEARSON,Philippines,Hagonoy,2005-08-21,30.93,7,7,1469
DEANNA BYRD,Philippines,Tuguegarao,2005-08-20,30.93,7,7,1469
JENNY CASTRO,Puerto Rico,Ponce,2005-07-10,30.93,7,7,1469
PETER MENARD,Netherlands,Ede,2005-08-23,30.93,7,7,1469
ROGER QUINTANILLA,Taiwan,Hsichuh,2005-07-30,30.93,7,7,1469
ANTONIO MEEK,Brazil,Bag,2005-08-01,30.93,7,7,1469
STANLEY SCROGGINS,Japan,Omiya,2005-08-01,30.93,7,7,1469
RAMON CHOATE,Ecuador,Robamba,2005-07-30,30.93,7,7,1469
KATHY JAMES,Philippines,Baybay,2005-07-11,30.929999999999996,7,7,1482
LORI WOOD,India,Rae Bareli,2005-08-21,30.929999999999996,7,7,1482
MARGIE WADE,China,Lengshuijiang,2005-07-31,30.929999999999996,7,7,1482
JASON MORRISSEY,Argentina,Baha Blanca,2005-08-02,30.929999999999996,7,7,1482
JORDAN ARCHULETA,Argentina,Avellaneda,2005-08-22,30.929999999999996,7,7,1482
GENE SANBORN,Oman,Salala,2005-07-31,30.929999999999993,7,7,1487
MAURICE CRAWLEY,Mexico,Coatzacoalcos,2005-08-22,30.929999999999986,7,7,1488
RACHEL BARNES,Japan,Kamakura,2005-07-11,30.92000000000001,8,8,1489
HEIDI LARSON,China,Xiangfan,2005-08-01,30.92000000000001,8,8,1489
RUSSELL BRINSON,Poland,Tychy,2005-08-22,30.92000000000001,8,8,1489
IVAN CROMWELL,Mexico,Monclova,2005-07-31,30.92000000000001,8,8,1489
RUSSELL BRINSON,Poland,Tychy,2005-07-30,30.920000000000005,8,8,1493
ISAAC OGLESBY,Mexico,Cuernavaca,2005-08-01,30.920000000000005,8,8,1493
SHIRLEY ALLEN,Philippines,Davao,2005-06-21,30.92,8,8,1495
EVELYN MORGAN,Liechtenstein,Vaduz,2005-07-12,30.92,8,8,1495
MILDRED BAILEY,India,Jaipur,2005-08-02,30.92,8,8,1495
THELMA MURRAY,Peru,Lima,2005-07-12,30.92,8,8,1495
MELANIE ARMSTRONG,Philippines,Bayugan,2005-08-02,30.92,8,8,1495
CONSTANCE REID,Nigeria,Zaria,2005-07-29,30.92,8,8,1495
PRISCILLA LOWE,Mexico,Salamanca,2005-08-22,30.92,8,8,1495
ERIKA PENA,Finland,Oulu,2005-08-23,30.92,8,8,1495
RANDY GAITHER,Russian Federation,Kurgan,2005-08-02,30.92,8,8,1495
TRAVIS ESTEP,Saudi Arabia,al-Qatif,2005-08-22,30.92,8,8,1495
BERNARD COLBY,India,Dhule (Dhulia),2005-08-23,30.92,8,8,1495
RAMON CHOATE,Ecuador,Robamba,2005-07-09,30.92,8,8,1495
ROLAND SOUTH,China,Yingkou,2005-08-21,30.92,8,8,1495
JESSIE MILAM,China,Binzhou,2005-07-31,30.92,8,8,1495
LANCE PEMBERTON,Morocco,Beni-Mellal,2005-08-02,30.92,8,8,1495
ANTHONY SCHWAB,American Samoa,Tafuna,2005-07-31,30.919999999999998,8,8,1510
JON WILES,Bolivia,El Alto,2005-08-23,30.919999999999998,8,8,1510
DARRYL ASHCRAFT,Argentina,Ezeiza,2005-08-01,30.919999999999998,8,8,1510
GEORGE LINTON,Brazil,Sorocaba,2005-08-21,30.919999999999995,8,8,1513
JUSTIN NGO,Brazil,Santo Andr,2005-07-29,30.919999999999995,8,8,1513
CURTIS IRBY,Canada,Richmond Hill,2005-07-11,30.919999999999995,8,8,1513
MITCHELL WESTMORELAND,Vietnam,Nha Trang,2005-08-20,30.91999999999999,8,8,1516
AMY LOPEZ,India,Jhansi,2005-07-12,30.910000000000004,9,9,1517
VIRGINIA GREEN,France,Toulouse,2005-07-11,30.910000000000004,9,9,1517
CAROLYN PEREZ,Thailand,Pak Kret,2005-07-30,30.910000000000004,9,9,1517
JUDITH COX,China,Daxian,2005-07-11,30.910000000000004,9,9,1517
TRACY COLE,Mexico,Huixquilucan,2005-07-12,30.910000000000004,9,9,1517
GLENN PULLEN,Netherlands,Amersfoort,2005-08-02,30.910000000000004,9,9,1517
ANGEL BARCLAY,Japan,Ueda,2005-08-22,30.910000000000004,9,9,1517
ROSS GREY,Philippines,Iligan,2005-08-01,30.910000000000004,9,9,1517
TERRANCE ROUSH,Hungary,Szkesfehrvr,2005-07-31,30.910000000000004,9,9,1517
JUDITH COX,China,Daxian,2005-08-01,30.91,9,9,1526
WENDY HARRISON,Mexico,Nezahualcyotl,2005-08-02,30.91,9,9,1526
GERTRUDE CASTILLO,Greenland,Nuuk,2005-07-10,30.91,9,9,1526
PEARL GARZA,India,Jodhpur,2005-08-22,30.91,9,9,1526
WAYNE TRUONG,India,Gulbarga,2005-08-23,30.91,9,9,1526
BILL GAVIN,United States,Rockford,2005-06-20,30.91,9,9,1526
MAXINE SILVA,Brazil,Poos de Caldas,2005-08-21,30.909999999999997,9,9,1532
JORGE OLIVARES,Indonesia,Lhokseumawe,2005-08-23,30.90999999999999,9,9,1533
MARY SMITH,Japan,Sasebo,2005-08-02,30.90000000000001,10,10,1534
SHARON ROBINSON,Pakistan,Mardan,2005-08-23,30.900000000000006,10,10,1535
ALICIA MILLS,India,Nagaon,2005-08-21,30.900000000000006,10,10,1535
ERIN DUNN,Russian Federation,Ljubertsy,2005-08-02,30.9,10,10,1537
ELSIE KELLEY,Nigeria,Ikerre,2005-08-02,30.9,10,10,1537
TONYA CHAPMAN,India,Bhilwara,2005-08-23,29.95000000000001,5,5,1539
KEVIN SCHULER,Nepal,Birgunj,2005-08-20,29.95000000000001,5,5,1539
FERNANDO CHURCHILL,South Korea,Tonghae,2005-08-22,29.95000000000001,5,5,1539
MARY SMITH,Japan,Sasebo,2005-07-11,29.950000000000003,5,5,1542
DIANE COLLINS,Sudan,Omdurman,2005-07-10,29.950000000000003,5,5,1542
TAMMY SANDERS,Taiwan,Changhwa,2005-06-21,29.950000000000003,5,5,1542
BEATRICE ARNOLD,India,Udaipur,2005-08-01,29.950000000000003,5,5,1542
MARSHA DOUGLAS,Mozambique,Beira,2005-07-11,29.950000000000003,5,5,1542
TOMMY COLLAZO,Iran,Qomsheh,2005-07-28,29.950000000000003,5,5,1542
DAN PAINE,United Kingdom,Stockport,2005-07-29,29.950000000000003,5,5,1542
CLAUDE HERZOG,Angola,Benguela,2005-07-31,29.950000000000003,5,5,1542
LONNIE TIRADO,Indonesia,Pangkal Pinang,2005-07-12,29.950000000000003,5,5,1542
DIANE COLLINS,Sudan,Omdurman,2005-08-22,29.95,5,5,1551
MIKE WAY,India,Valparai,2005-06-20,29.95,5,5,1551
TRAVIS ESTEP,Saudi Arabia,al-Qatif,2005-07-11,29.95,5,5,1551
LEE HAWKS,India,Pudukkottai,2005-07-11,29.95,5,5,1551
COREY HAUSER,Turkey,Gaziantep,2005-07-30,29.95,5,5,1551
BYRON BOX,Kazakstan,Zhezqazghan,2005-07-31,29.95,5,5,1551
JASON MORRISSEY,Argentina,Baha Blanca,2005-08-23,29.949999999999996,5,5,1557
ALLEN BUTTERFIELD,India,Hoshiarpur,2005-08-23,29.949999999999996,5,5,1557
CLIFFORD BOWENS,Russian Federation,Nabereznyje Telny,2005-08-01,29.949999999999996,5,5,1557
CECIL VINES,United Kingdom,London,2005-08-21,29.949999999999996,5,5,1557
DAISY BATES,Russian Federation,Kolpino,2005-07-30,29.949999999999992,5,5,1561
ARTHUR SIMPKINS,Russian Federation,Maikop,2005-07-29,29.949999999999992,5,5,1561
BILLY POULIN,Philippines,Cabuyao,2005-08-19,29.94999999999999,5,5,1563
GABRIEL HARDER,Turkey,Sivas,2005-08-21,29.940000000000012,6,6,1564
ERIK GUILLEN,India,Bhimavaram,2005-08-01,29.940000000000012,6,6,1564
CHRISTOPHER GRECO,Italy,Brescia,2005-08-22,29.94000000000001,6,6,1566
LAURA RODRIGUEZ,Morocco,Sal,2005-08-21,29.940000000000005,6,6,1567
KATHLEEN ADAMS,Iran,Arak,2005-08-21,29.940000000000005,6,6,1567
CHRISTINA RAMIREZ,Saudi Arabia,al-Hawiya,2005-08-02,29.940000000000005,6,6,1567
DIANA ALEXANDER,United States,Augusta-Richmond County,2005-07-31,29.940000000000005,6,6,1567
PEGGY MYERS,Saudi Arabia,Abha,2005-07-31,29.940000000000005,6,6,1567
KIM CRUZ,United States,Grand Prairie,2005-07-30,29.940000000000005,6,6,1567
SYLVIA ORTIZ,Colombia,Dos Quebradas,2005-06-20,29.940000000000005,6,6,1567
ANNETTE OLSON,India,Allappuzha (Alleppey),2005-08-21,29.940000000000005,6,6,1567
GLENDA FRAZIER,China,Qinhuangdao,2005-06-20,29.940000000000005,6,6,1567
VIOLA HANSON,Philippines,Lapu-Lapu,2005-08-01,29.940000000000005,6,6,1567
TERRY CARLSON,Japan,Miyakonojo,2005-06-19,29.940000000000005,6,6,1567
JENNIE TERRY,Czech Republic,Olomouc,2005-07-10,29.940000000000005,6,6,1567
NAOMI JENNINGS,India,Karnal,2005-07-31,29.940000000000005,6,6,1567
FRANK WAGGONER,Bangladesh,Jamalpur,2005-08-22,29.940000000000005,6,6,1567
DOUGLAS GRAF,Mexico,Mexicali,2005-06-20,29.940000000000005,6,6,1567
RALPH MADRIGAL,Puerto Rico,Arecibo,2005-08-19,29.940000000000005,6,6,1567
BARRY LOVELACE,Zambia,Kitwe,2005-08-21,29.940000000000005,6,6,1567
CALVIN MARTEL,Venezuela,Maracabo,2005-07-12,29.940000000000005,6,6,1567
LEO EBERT,China,Dongying,2005-08-22,29.940000000000005,6,6,1567
CORY MEEHAN,Belarus,Mogiljov,2005-08-23,29.940000000000005,6,6,1567
MATHEW BOLIN,Venezuela,Valencia,2005-07-31,29.940000000000005,6,6,1567
IVAN CROMWELL,Mexico,Monclova,2005-06-18,29.940000000000005,6,6,1567
CHERYL MURPHY,India,Mysore,2005-07-09,29.94,6,6,1589
RITA GRAHAM,France,Toulon,2005-07-09,29.94,6,6,1589
LAUREN HUDSON,France,Le Mans,2005-07-31,29.94,6,6,1589
CATHY SPENCER,Japan,Kakamigahara,2005-06-20,29.94,6,6,1589
MARION SNYDER,Brazil,Santa Brbara dOeste,2005-07-11,29.94,6,6,1589
DELORES HANSEN,Russian Federation,Jaroslavl,2005-07-12,29.94,6,6,1589
MARCIA DEAN,Philippines,Tanza,2005-06-19,29.94,6,6,1589
CASSANDRA WALTERS,United States,Salinas,2005-08-21,29.94,6,6,1589
ERIKA PENA,Finland,Oulu,2005-08-02,29.94,6,6,1589
ALEX GRESHAM,Mexico,Uruapan,2005-08-20,29.94,6,6,1589
MAURICE CRAWLEY,Mexico,Coatzacoalcos,2005-07-10,29.94,6,6,1589
NEIL RENNER,Vietnam,Cam Ranh,2005-08-01,29.94,6,6,1589
MAX PITT,Yugoslavia,Novi Sad,2005-07-06,29.94,6,6,1589
EVERETT BANDA,Egypt,Bilbays,2005-08-21,29.94,6,6,1589
MARSHALL THORN,United Kingdom,Southampton,2005-06-21,29.94,6,6,1589
MARSHALL THORN,United Kingdom,Southampton,2005-07-09,29.94,6,6,1589
SHIRLEY ALLEN,Philippines,Davao,2005-08-01,29.939999999999998,6,6,1605
KATHY JAMES,Philippines,Baybay,2005-07-10,29.939999999999998,6,6,1605
CHRISTY VARGAS,China,Datong,2005-06-19,29.939999999999998,6,6,1605
LEAH CURTIS,Poland,Kalisz,2005-08-01,29.939999999999998,6,6,1605
BRANDY GRAVES,United States,Warren,2005-08-20,29.939999999999998,6,6,1605
PAUL TROUT,Russian Federation,Kursk,2005-08-23,29.939999999999998,6,6,1605
WARREN SHERROD,Russian Federation,Usolje-Sibirskoje,2005-07-12,29.939999999999998,6,6,1605
ALVIN DELOACH,Mexico,Cuauhtmoc,2005-07-28,29.939999999999998,6,6,1605
JULIO NOLAND,Ukraine,Konotop,2005-08-20,29.939999999999998,6,6,1605
CLARA SHAW,Belarus,Molodetno,2005-08-19,29.939999999999994,6,6,1614
LINDA WILLIAMS,Greece,Athenai,2005-08-23,29.939999999999984,6,6,1615
JULIE SANCHEZ,Spain,A Corua (La Corua),2005-08-22,29.930000000000007,7,7,1616
EMILY DIAZ,South Korea,Kimchon,2005-08-02,29.930000000000007,7,7,1616
JUNE CARROLL,Algeria,Skikda,2005-07-30,29.930000000000007,7,7,1616
WILLIE HOWELL,Argentina,Vicente Lpez,2005-08-02,29.930000000000007,7,7,1616
BESSIE MORRISON,Italy,Syrakusa,2005-07-31,29.930000000000007,7,7,1616
MABEL HOLLAND,Myanmar,Monywa,2005-08-21,29.930000000000007,7,7,1616
MARSHA DOUGLAS,Mozambique,Beira,2005-08-19,29.930000000000007,7,7,1616
JERRY JORDON,Japan,Onomichi,2005-08-02,29.930000000000007,7,7,1616
HARRY ARCE,Iran,Najafabad,2005-07-12,29.930000000000007,7,7,1616
JULIAN VEST,Japan,Akishima,2005-08-01,29.930000000000007,7,7,1616
JANICE WARD,Sweden,Malm,2005-06-21,29.930000000000003,7,7,1626
JANICE WARD,Sweden,Malm,2005-07-10,29.930000000000003,7,7,1626
CHRISTINA RAMIREZ,Saudi Arabia,al-Hawiya,2005-08-22,29.930000000000003,7,7,1626
THELMA MURRAY,Peru,Lima,2005-07-11,29.930000000000003,7,7,1626
TERRI VASQUEZ,Brazil,Blumenau,2005-08-02,29.930000000000003,7,7,1626
WILMA RICHARDS,United States,Bellevue,2005-08-23,29.930000000000003,7,7,1626
GINA WILLIAMSON,Yemen,Taizz,2005-06-20,29.930000000000003,7,7,1626
SHERRI RHODES,India,Ahmadnagar,2005-08-20,29.930000000000003,7,7,1626
SHAWN HEATON,Thailand,Nakhon Sawan,2005-07-31,29.930000000000003,7,7,1626
ANNA HILL,Italy,Alessandria,2005-08-22,29.93,7,7,1635
STEPHANIE MITCHELL,Armenia,Yerevan,2005-07-28,29.93,7,7,1635
NATALIE MEYER,Brazil,Aparecida de Goinia,2005-08-23,29.93,7,7,1635
LILLIE KIM,Egypt,Idfu,2005-08-01,29.93,7,7,1635
HILDA HOPKINS,Philippines,Mandaluyong,2005-08-02,29.93,7,7,1635
PENNY NEAL,India,Kumbakonam,2005-08-02,29.93,7,7,1635
ANTHONY SCHWAB,American Samoa,Tafuna,2005-07-29,29.93,7,7,1635
BRANDON HUEY,Turkey,Balikesir,2005-07-11,29.93,7,7,1635
JESSE SCHILLING,"Congo, The Democratic Republic of the",Lubumbashi,2005-08-20,29.93,7,7,1635
BRAD MCCURDY,Taiwan,Chungho,2005-07-09,29.93,7,7,1635
TRACY HERRMANN,Ecuador,Loja,2005-08-01,29.93,7,7,1635
SETH HANNON,Bahrain,al-Manama,2005-08-01,29.93,7,7,1635
FREDDIE DUGGAN,Peru,Sullana,2005-08-23,29.93,7,7,1635
TINA SIMMONS,Brazil,Goinia,2005-08-02,29.929999999999996,7,7,1648
BECKY MILES,India,Tambaram,2005-08-01,29.929999999999996,7,7,1648
DAVID ROYAL,Peru,Callao,2005-07-11,29.929999999999996,7,7,1648
RONALD WEINER,Mexico,San Felipe del Progreso,2005-08-20,29.929999999999993,7,7,1651
THEODORE CULP,India,Uluberia,2005-07-29,29.929999999999993,7,7,1651
TRACY COLE,Mexico,Huixquilucan,2005-07-10,29.920000000000005,8,8,1653
MEGAN PALMER,China,Laiwu,2005-08-23,29.920000000000005,8,8,1653
TAMARA NGUYEN,Brazil,Anpolis,2005-07-12,29.920000000000005,8,8,1653
FRANCISCO SKIDMORE,Brazil,So Leopoldo,2005-08-23,29.920000000000005,8,8,1653
JUDY GRAY,Algeria,Bchar,2005-08-21,29.92,8,8,1657
EMILY DIAZ,South Korea,Kimchon,2005-07-10,29.92,8,8,1657
WENDY HARRISON,Mexico,Nezahualcyotl,2005-08-01,29.92,8,8,1657
KATIE ELLIOTT,Kenya,Kisumu,2005-08-22,29.92,8,8,1657
CARLA GUTIERREZ,India,Bhusawal,2005-07-31,29.92,8,8,1657
GERTRUDE CASTILLO,Greenland,Nuuk,2005-07-09,29.92,8,8,1657
JOY GEORGE,Romania,Botosani,2005-08-21,29.92,8,8,1657
LOUIS LEONE,Philippines,Tanauan,2005-07-30,29.92,8,8,1657
TODD TAN,Ukraine,Kamjanets-Podilskyi,2005-08-02,29.92,8,8,1657
BRYAN HARDISON,United States,Dallas,2005-08-01,29.92,8,8,1657
ALVIN DELOACH,Mexico,Cuauhtmoc,2005-08-22,29.92,8,8,1657
KRISTINA CHAMBERS,Venezuela,Valle de la Pascua,2005-08-01,29.919999999999998,8,8,1668
ROGER QUINTANILLA,Taiwan,Hsichuh,2005-08-20,29.919999999999995,8,8,1669
JANICE WARD,Sweden,Malm,2005-08-22,29.910000000000004,9,9,1670
HEIDI LARSON,China,Xiangfan,2005-07-11,29.910000000000004,9,9,1670
NICHOLAS BARFIELD,Brazil,Belm,2005-07-31,29.910000000000004,9,9,1670
PHILLIP HOLM,Japan,Tama,2005-08-01,29.910000000000004,9,9,1670
PHILIP CAUSEY,Russian Federation,Korolev,2005-08-22,29.910000000000004,9,9,1670
SHANE MILLARD,Mexico,La Paz,2005-08-01,29.910000000000004,9,9,1670
DAVE GARDINER,China,Leshan,2005-08-02,29.910000000000004,9,9,1670
MELISSA KING,Taiwan,Lungtan,2005-08-23,29.900000000000002,10,10,1677
FELICIA SUTTON,China,Korla,2005-07-11,29.900000000000002,10,10,1677
BESSIE MORRISON,Italy,Syrakusa,2005-07-10,28.95000000000001,5,5,1679
LEE HAWKS,India,Pudukkottai,2005-08-21,28.95000000000001,5,5,1679
MARIA MILLER,Yugoslavia,Kragujevac,2005-07-09,28.950000000000003,5,5,1681
DEBORAH WALKER,Pakistan,Shikarpur,2005-06-20,28.950000000000003,5,5,1681
ANN EVANS,Russian Federation,Niznekamsk,2005-08-01,28.950000000000003,5,5,1681
KATHRYN COLEMAN,Ukraine,Simferopol,2005-07-12,28.950000000000003,5,5,1681
RHONDA KENNEDY,Netherlands,Apeldoorn,2005-07-08,28.950000000000003,5,5,1681
LESLIE GORDON,Turkey,Kilis,2005-07-11,28.950000000000003,5,5,1681
CLARA SHAW,Belarus,Molodetno,2005-07-09,28.950000000000003,5,5,1681
VALERIE BLACK,United States,Brockton,2005-08-01,28.950000000000003,5,5,1681
ERIN DUNN,Russian Federation,Ljubertsy,2005-08-19,28.950000000000003,5,5,1681
ARLENE HARVEY,India,Ambattur,2005-07-09,28.950000000000003,5,5,1681
MINNIE ROMERO,Indonesia,Ciomas,2005-05-31,28.950000000000003,5,5,1681
MARLENE WELCH,Japan,Iwaki,2005-07-28,28.950000000000003,5,5,1681
MAE FLETCHER,Spain,Donostia-San Sebastin,2005-06-20,28.950000000000003,5,5,1681
CARL ARTIS,Paraguay,San Lorenzo,2005-08-23,28.950000000000003,5,5,1681
BRYAN HARDISON,United States,Dallas,2005-07-12,28.950000000000003,5,5,1681
NATHAN RUNYON,"Virgin Islands, U.S.",Charlotte Amalie,2005-07-28,28.950000000000003,5,5,1681
DALE RATCLIFF,South Africa,Rustenburg,2005-07-28,28.950000000000003,5,5,1681
CHESTER BENNER,China,Suihua,2005-08-22,28.950000000000003,5,5,1681
KARL SEAL,United States,Cape Coral,2005-08-19,28.950000000000003,5,5,1681
NEIL RENNER,Vietnam,Cam Ranh,2005-08-19,28.950000000000003,5,5,1681
MARSHALL THORN,United Kingdom,Southampton,2005-06-20,28.950000000000003,5,5,1681
KAREN JACKSON,Turkey,Osmaniye,2005-07-30,28.95,5,5,1702
DANA HART,Russian Federation,Kirovo-Tepetsk,2005-07-29,28.95,5,5,1702
VERA MCCOY,Afghanistan,Kabul,2005-07-31,28.95,5,5,1702
TRACEY BARRETT,Nigeria,Owo,2005-08-19,28.95,5,5,1702
MIGUEL BETANCOURT,Germany,Erlangen,2005-08-19,28.95,5,5,1702
LEO EBERT,China,Dongying,2005-06-21,28.95,5,5,1702
RAFAEL ABNEY,Philippines,Talavera,2005-07-12,28.95,5,5,1702
DOROTHY TAYLOR,Iran,Esfahan,2005-08-01,28.949999999999996,5,5,1709
GLENDA FRAZIER,China,Qinhuangdao,2005-08-19,28.94999999999999,5,5,1710
WESLEY BULL,Spain,Ourense (Orense),2005-07-29,28.940000000000012,6,6,1711
BESSIE MORRISON,Italy,Syrakusa,2005-07-30,28.94000000000001,6,6,1712
SONIA GREGORY,Nigeria,Benin City,2005-08-22,28.94000000000001,6,6,1712
JANICE WARD,Sweden,Malm,2005-07-08,28.940000000000005,6,6,1714
CHRISTINA RAMIREZ,Saudi Arabia,al-Hawiya,2005-08-20,28.940000000000005,6,6,1714
GLADYS HAMILTON,Nigeria,Ilorin,2005-07-08,28.940000000000005,6,6,1714
JEANNE LAWSON,Turkmenistan,Ashgabat,2005-08-02,28.940000000000005,6,6,1714
COURTNEY DAY,South Korea,Uijongbu,2005-05-30,28.940000000000005,6,6,1714
STELLA MORENO,Mexico,Coacalco de Berriozbal,2005-08-20,28.940000000000005,6,6,1714
THOMAS GRIGSBY,United States,Kansas City,2005-08-20,28.940000000000005,6,6,1714
LUIS YANEZ,France,Brest,2005-07-09,28.940000000000005,6,6,1714
STANLEY SCROGGINS,Japan,Omiya,2005-07-10,28.940000000000005,6,6,1714
BERNARD COLBY,India,Dhule (Dhulia),2005-07-31,28.940000000000005,6,6,1714
BRETT CORNWELL,India,Siliguri (Shiliguri),2005-08-23,28.940000000000005,6,6,1714
BARBARA JONES,Myanmar,Myingyan,2005-08-20,28.94,6,6,1725
EVELYN MORGAN,Liechtenstein,Vaduz,2005-08-23,28.94,6,6,1725
DEBBIE REYES,Japan,Fukuyama,2005-07-31,28.94,6,6,1725
DANA HART,Russian Federation,Kirovo-Tepetsk,2005-07-12,28.94,6,6,1725
MELINDA FERNANDEZ,Pakistan,Mandi Bahauddin,2005-08-23,28.94,6,6,1725
PATSY DAVIDSON,Ecuador,Portoviejo,2005-08-22,28.94,6,6,1725
RAYMOND MCWHORTER,Azerbaijan,Sumqayit,2005-07-10,28.94,6,6,1725
DENNIS GILMAN,South Africa,Paarl,2005-06-18,28.94,6,6,1725
GLENN PULLEN,Netherlands,Amersfoort,2005-08-23,28.94,6,6,1725
HERBERT KRUGER,Russian Federation,Syktyvkar,2005-07-31,28.94,6,6,1725
RONNIE RICKETTS,Senegal,Ziguinchor,2005-08-21,28.94,6,6,1725
DUANE TUBBS,Nauru,Yangor,2005-08-20,28.94,6,6,1725
LORI WOOD,India,Rae Bareli,2005-07-30,28.939999999999998,6,6,1737
JACQUELINE LONG,Thailand,Songkhla,2005-07-10,28.939999999999998,6,6,1737
JULIA FLORES,Argentina,La Plata,2005-07-09,28.939999999999998,6,6,1737
AMBER DIXON,Taiwan,Touliu,2005-07-10,28.939999999999998,6,6,1737
VALERIE BLACK,United States,Brockton,2005-07-09,28.939999999999998,6,6,1737
DAVID ROYAL,Peru,Callao,2005-07-10,28.939999999999998,6,6,1737
RICHARD MCCRARY,United States,Arlington,2005-08-02,28.939999999999998,6,6,1737
MIKE WAY,India,Valparai,2005-07-11,28.939999999999998,6,6,1737
COREY HAUSER,Turkey,Gaziantep,2005-08-23,28.939999999999998,6,6,1737
HUGH WALDROP,China,Haining,2005-07-30,28.939999999999998,6,6,1737
EVERETT BANDA,Egypt,Bilbays,2005-07-12,28.939999999999998,6,6,1737
WALLACE SLONE,Nigeria,Sokoto,2005-08-22,28.939999999999998,6,6,1737
ALFREDO MCADAMS,Russian Federation,Serpuhov,2005-08-23,28.939999999999998,6,6,1737
ETHEL WEBB,South Africa,Boksburg,2005-08-21,28.930000000000014,7,7,1750
CASEY MENA,Turkey,Tokat,2005-08-21,28.93000000000001,7,7,1751
MICHELLE CLARK,Bangladesh,Tangail,2005-08-19,28.930000000000007,7,7,1752
DANA HART,Russian Federation,Kirovo-Tepetsk,2005-08-23,28.930000000000007,7,7,1752
VICKI FIELDS,Germany,Witten,2005-08-22,28.930000000000007,7,7,1752
JEFFREY SPEAR,Indonesia,Ciparay,2005-08-21,28.930000000000007,7,7,1752
FRANCISCO SKIDMORE,Brazil,So Leopoldo,2005-08-22,28.930000000000007,7,7,1752
GABRIEL HARDER,Turkey,Sivas,2005-07-28,28.930000000000007,7,7,1752
SALLY PIERCE,India,Chandrapur,2005-08-22,28.930000000000003,7,7,1758
LUCY WHEELER,India,Balurghat,2005-07-12,28.930000000000003,7,7,1758
EDWARD BAUGH,Faroe Islands,Trshavn,2005-08-21,28.930000000000003,7,7,1758
RALPH MADRIGAL,Puerto Rico,Arecibo,2005-07-12,28.930000000000003,7,7,1758
EDDIE TOMLIN,Philippines,Ozamis,2005-06-20,28.930000000000003,7,7,1758
ALEXANDER FENNELL,Italy,Bergamo,2005-07-12,28.930000000000003,7,7,1758
TED BREAUX,China,Baicheng,2005-07-11,28.930000000000003,7,7,1758
MELISSA KING,Taiwan,Lungtan,2005-07-30,28.93,7,7,1765
AMANDA CARTER,Morocco,Nador,2005-07-31,28.93,7,7,1765
DIANA ALEXANDER,United States,Augusta-Richmond County,2005-08-21,28.93,7,7,1765
FLORENCE WOODS,Argentina,Merlo,2005-07-12,28.93,7,7,1765
STACY CUNNINGHAM,Colombia,Pereira,2005-08-22,28.93,7,7,1765
CHARLENE ALVAREZ,Tanzania,Zanzibar,2005-08-20,28.93,7,7,1765
OLGA JIMENEZ,Nigeria,Ogbomosho,2005-06-21,28.93,7,7,1765
MARK RINEHART,Saudi Arabia,Tabuk,2005-08-23,28.93,7,7,1765
WALTER PERRYMAN,China,Xinxiang,2005-08-02,28.93,7,7,1765
RYAN SALISBURY,Latvia,Daugavpils,2005-07-30,28.93,7,7,1765
VICTOR BARKLEY,United States,Manchester,2005-08-01,28.93,7,7,1765
JON WILES,Bolivia,El Alto,2005-08-21,28.93,7,7,1765
LESLIE SEWARD,Indonesia,Pontianak,2005-05-31,28.93,7,7,1765
JAVIER ELROD,Chad,NDjamna,2005-08-18,28.93,7,7,1765
JAIME NETTLES,Peru,Hunuco,2005-08-19,28.93,7,7,1765
SIDNEY BURLESON,Poland,Czestochowa,2005-07-31,28.93,7,7,1765
ANGELA HERNANDEZ,Japan,Shimonoseki,2005-08-19,28.929999999999996,7,7,1781
VIOLET RODRIQUEZ,Hong Kong,Kowloon and New Kowloon,2005-08-19,28.929999999999996,7,7,1781
DENNIS GILMAN,South Africa,Paarl,2005-08-22,28.929999999999996,7,7,1781
BRANDON HUEY,Turkey,Balikesir,2005-07-29,28.929999999999996,7,7,1781
CLINTON BUFORD,United States,Aurora,2005-08-23,28.929999999999993,7,7,1785
ESTHER CRAWFORD,South Africa,Botshabelo,2005-08-02,28.92000000000001,8,8,1786
LUCY WHEELER,India,Balurghat,2005-08-01,28.920000000000005,8,8,1787
CLARENCE GAMEZ,Japan,Izumisano,2005-08-02,28.920000000000005,8,8,1787
GLENN PULLEN,Netherlands,Amersfoort,2005-08-01,28.920000000000005,8,8,1787
LEROY BUSTAMANTE,China,Tongliao,2005-07-31,28.920000000000005,8,8,1787
SUSAN WILSON,New Zealand,Hamilton,2005-07-11,28.92,8,8,1791
MEGAN PALMER,China,Laiwu,2005-08-01,28.92,8,8,1791
MATTHEW MAHAN,Mexico,Cuautla,2005-07-30,28.92,8,8,1791
LARRY THRASHER,Turkey,Adana,2005-08-22,28.92,8,8,1791
ALEXANDER FENNELL,Italy,Bergamo,2005-08-02,28.92,8,8,1791
ADRIAN CLARY,Italy,Udine,2005-08-02,28.92,8,8,1791
ERICA MATTHEWS,China,Pingxiang,2005-08-23,28.919999999999998,8,8,1797
MINNIE ROMERO,Indonesia,Ciomas,2005-08-20,28.919999999999998,8,8,1797
JUAN FRALEY,Russian Federation,Teboksary,2005-08-23,28.919999999999998,8,8,1797
CLIFFORD BOWENS,Russian Federation,Nabereznyje Telny,2005-08-23,28.919999999999995,8,8,1800
LOIS BUTLER,Brunei,Bandar Seri Begawan,2005-08-23,28.910000000000007,9,9,1801
WENDY HARRISON,Mexico,Nezahualcyotl,2005-07-12,28.910000000000004,9,9,1802
ROSEMARY SCHMIDT,Turkey,Usak,2005-07-12,28.910000000000004,9,9,1802
TRACEY BARRETT,Nigeria,Owo,2005-07-30,28.910000000000004,9,9,1802
FRANK WAGGONER,Bangladesh,Jamalpur,2005-06-21,28.910000000000004,9,9,1802
SCOTT SHELLEY,United States,Aurora,2005-07-12,28.910000000000004,9,9,1802
DUSTIN GILLETTE,Netherlands,Emmen,2005-07-12,28.909999999999997,9,9,1807
HAROLD MARTINO,Brazil,Boa Vista,2005-08-02,28.900000000000002,10,10,1808
EDGAR RHOADS,Turkey,Eskisehir,2005-07-12,28.9,10,10,1809
EVERETT BANDA,Egypt,Bilbays,2005-08-02,28.899999999999995,10,10,1810
THERESA WATSON,Philippines,Taguig,2005-08-20,28.89,11,11,1811
WESLEY BULL,Spain,Ourense (Orense),2005-07-28,27.950000000000014,5,5,1812
MARLENE WELCH,Japan,Iwaki,2005-08-20,27.95000000000001,5,5,1813
JOHN FARNSWORTH,India,Parbhani,2005-07-29,27.95000000000001,5,5,1813
JEAN BELL,Malaysia,Kuching,2005-08-20,27.950000000000006,5,5,1815
SARAH LEWIS,Latvia,Liepaja,2005-07-30,27.950000000000003,5,5,1816
JACQUELINE LONG,Thailand,Songkhla,2005-07-30,27.950000000000003,5,5,1816
RITA GRAHAM,France,Toulon,2005-07-08,27.950000000000003,5,5,1816
THELMA MURRAY,Peru,Lima,2005-07-09,27.950000000000003,5,5,1816
GAIL KNIGHT,Switzerland,Bern,2005-06-21,27.950000000000003,5,5,1816
MARIAN MENDOZA,Brazil,Maring,2005-08-23,27.950000000000003,5,5,1816
GARY COY,China,Yuzhou,2005-07-31,27.950000000000003,5,5,1816
JOE GILLILAND,Philippines,Imus,2005-08-21,27.950000000000003,5,5,1816
GLENN PULLEN,Netherlands,Amersfoort,2005-08-22,27.950000000000003,5,5,1816
JEFF EAST,Dominican Republic,San Felipe de Puerto Plata,2005-07-31,27.950000000000003,5,5,1816
ALFRED CASILLAS,Egypt,Sawhaj,2005-06-20,27.950000000000003,5,5,1816
GORDON ALLARD,Yemen,Hodeida,2005-07-08,27.950000000000003,5,5,1816
GORDON ALLARD,Yemen,Hodeida,2005-08-18,27.950000000000003,5,5,1816
SAM MCDUFFIE,Colombia,Sogamoso,2005-08-02,27.950000000000003,5,5,1816
ANDRE RAPP,Chile,Coquimbo,2005-08-18,27.950000000000003,5,5,1816
ARNOLD HAVENS,Philippines,Santa Rosa,2005-07-09,27.950000000000003,5,5,1816
JARED ELY,Indonesia,Purwakarta,2005-07-12,27.950000000000003,5,5,1816
JESSIE MILAM,China,Binzhou,2005-07-12,27.950000000000003,5,5,1816
JIMMIE EGGLESTON,Poland,Wroclaw,2005-06-21,27.950000000000003,5,5,1816
WALLACE SLONE,Nigeria,Sokoto,2005-07-12,27.950000000000003,5,5,1816
CLIFTON MALCOLM,Taiwan,Tanshui,2005-07-28,27.950000000000003,5,5,1816
PERRY SWAFFORD,Argentina,Quilmes,2005-07-10,27.950000000000003,5,5,1816
TERRANCE ROUSH,Hungary,Szkesfehrvr,2005-07-07,27.950000000000003,5,5,1816
MARK RINEHART,Saudi Arabia,Tabuk,2005-07-30,27.95,5,5,1839
LEON BOSTIC,Colombia,Florencia,2005-07-12,27.95,5,5,1839
VIRGINIA GREEN,France,Toulouse,2005-07-31,27.949999999999996,5,5,1841
PRISCILLA LOWE,Mexico,Salamanca,2005-07-10,27.949999999999996,5,5,1841
LESLIE SEWARD,Indonesia,Pontianak,2005-06-19,27.949999999999996,5,5,1841
RAUL FORTIER,India,Chapra,2005-08-01,27.949999999999996,5,5,1841
SALVADOR TEEL,Gambia,Banjul,2005-08-19,27.949999999999996,5,5,1841
JEFFERY PINSON,Pakistan,Dadu,2005-08-22,27.949999999999992,5,5,1846
SONIA GREGORY,Nigeria,Benin City,2005-07-31,27.94000000000001,6,6,1847
PAMELA BAKER,China,Nanyang,2005-08-20,27.940000000000005,6,6,1848
CATHERINE CAMPBELL,Russian Federation,Moscow,2005-06-21,27.940000000000005,6,6,1848
PAULINE HENRY,Mexico,Torren,2005-07-11,27.940000000000005,6,6,1848
GERALDINE PERKINS,Israel,Tel Aviv-Jaffa,2005-07-12,27.940000000000005,6,6,1848
BEATRICE ARNOLD,India,Udaipur,2005-08-21,27.940000000000005,6,6,1848
VIVIAN RUIZ,Netherlands,s-Hertogenbosch,2005-08-19,27.940000000000005,6,6,1848
CARLA GUTIERREZ,India,Bhusawal,2005-08-22,27.940000000000005,6,6,1848
WILLIE HOWELL,Argentina,Vicente Lpez,2005-07-10,27.940000000000005,6,6,1848
LILLIE KIM,Egypt,Idfu,2005-07-11,27.940000000000005,6,6,1848
STELLA MORENO,Mexico,Coacalco de Berriozbal,2005-07-10,27.940000000000005,6,6,1848
MICHAEL SILVERMAN,China,Tiefa,2005-08-21,27.940000000000005,6,6,1848
CHRISTOPHER GRECO,Italy,Brescia,2005-07-29,27.940000000000005,6,6,1848
DANIEL CABRAL,Brazil,Ibirit,2005-06-19,27.940000000000005,6,6,1848
RALPH MADRIGAL,Puerto Rico,Arecibo,2005-07-29,27.940000000000005,6,6,1848
MARTIN BALES,Angola,Namibe,2005-06-20,27.940000000000005,6,6,1848
CHRIS BROTHERS,Spain,Gijn,2005-07-10,27.940000000000005,6,6,1848
GLEN TALBERT,Mexico,Acua,2005-08-02,27.940000000000005,6,6,1848
RICK MATTOX,Egypt,Mit Ghamr,2005-06-20,27.940000000000005,6,6,1848
ANGEL BARCLAY,Japan,Ueda,2005-07-12,27.940000000000005,6,6,1848
MARY SMITH,Japan,Sasebo,2005-06-18,27.94,6,6,1867
CATHERINE CAMPBELL,Russian Federation,Moscow,2005-06-20,27.94,6,6,1867
KIM CRUZ,United States,Grand Prairie,2005-08-23,27.94,6,6,1867
JEANNE LAWSON,Turkmenistan,Ashgabat,2005-06-19,27.94,6,6,1867
CASSANDRA WALTERS,United States,Salinas,2005-08-02,27.94,6,6,1867
FRED WHEAT,Mexico,Jurez,2005-07-10,27.94,6,6,1867
RANDY GAITHER,Russian Federation,Kurgan,2005-07-08,27.94,6,6,1867
HOWARD FORTNER,Iran,Kermanshah,2005-07-31,27.94,6,6,1867
LEON BOSTIC,Colombia,Florencia,2005-08-19,27.94,6,6,1867
JAMIE WAUGH,Japan,Kuwana,2005-07-12,27.94,6,6,1867
MELISSA KING,Taiwan,Lungtan,2005-07-09,27.939999999999998,6,6,1877
AMY LOPEZ,India,Jhansi,2005-07-30,27.939999999999998,6,6,1877
CINDY FISHER,Venezuela,Cuman,2005-06-20,27.939999999999998,6,6,1877
APRIL BURNS,United Kingdom,Dundee,2005-07-30,27.939999999999998,6,6,1877
MICHELE GRANT,China,Yuncheng,2005-07-30,27.939999999999998,6,6,1877
MARION SNYDER,Brazil,Santa Brbara dOeste,2005-06-18,27.939999999999998,6,6,1877
GINA WILLIAMSON,Yemen,Taizz,2005-07-12,27.939999999999998,6,6,1877
GEORGIA JACOBS,India,Uttarpara-Kotrung,2005-08-20,27.939999999999998,6,6,1877
GWENDOLYN MAY,Japan,Higashiosaka,2005-08-01,27.939999999999998,6,6,1877
JOSHUA MARK,India,Rampur,2005-07-31,27.939999999999998,6,6,1877
ROGER QUINTANILLA,Taiwan,Hsichuh,2005-07-29,27.939999999999998,6,6,1877
ANTONIO MEEK,Brazil,Bag,2005-07-31,27.939999999999998,6,6,1877
STANLEY SCROGGINS,Japan,Omiya,2005-07-31,27.939999999999998,6,6,1877
CHARLIE BESS,China,Baiyin,2005-07-30,27.939999999999998,6,6,1877
EDUARDO HIATT,China,Jining,2005-07-12,27.939999999999998,6,6,1877
FRANCES PARKER,Brazil,Juazeiro do Norte,2005-08-02,27.939999999999994,6,6,1892
ESTHER CRAWFORD,South Africa,Botshabelo,2005-08-01,27.93000000000001,7,7,1893
HEIDI LARSON,China,Xiangfan,2005-08-22,27.93000000000001,7,7,1893
KIMBERLY LEE,Argentina,Crdoba,2005-08-22,27.930000000000007,7,7,1895
DEBORAH WALKER,Pakistan,Shikarpur,2005-08-01,27.930000000000007,7,7,1895
MICHELE GRANT,China,Yuncheng,2005-08-23,27.930000000000007,7,7,1895
JEANETTE GREENE,Russian Federation,Novoterkassk,2005-08-01,27.930000000000007,7,7,1895
MARCIA DEAN,Philippines,Tanza,2005-07-29,27.930000000000007,7,7,1895
CLARENCE GAMEZ,Japan,Izumisano,2005-07-12,27.930000000000007,7,7,1895
SHANE MILLARD,Mexico,La Paz,2005-08-23,27.930000000000007,7,7,1895
KARL SEAL,United States,Cape Coral,2005-06-19,27.930000000000007,7,7,1895
JOAN COOPER,United States,Saint Louis,2005-08-23,27.930000000000003,7,7,1903
TAMARA NGUYEN,Brazil,Anpolis,2005-08-23,27.930000000000003,7,7,1903
CLAUDIA FULLER,Kuwait,Jalib al-Shuyukh,2005-08-22,27.930000000000003,7,7,1903
FRANK WAGGONER,Bangladesh,Jamalpur,2005-07-30,27.930000000000003,7,7,1903
JIMMY SCHRADER,Russian Federation,Atinsk,2005-07-11,27.930000000000003,7,7,1903
BRYAN HARDISON,United States,Dallas,2005-08-23,27.930000000000003,7,7,1903
NORMAN CURRIER,Indonesia,Cianjur,2005-08-23,27.930000000000003,7,7,1903
LEE HAWKS,India,Pudukkottai,2005-07-31,27.930000000000003,7,7,1903
GILBERT SLEDGE,United Kingdom,York,2005-07-09,27.930000000000003,7,7,1903
CECIL VINES,United Kingdom,London,2005-08-01,27.930000000000003,7,7,1903
KATHRYN COLEMAN,Ukraine,Simferopol,2005-08-23,27.93,7,7,1913
LILLIAN GRIFFIN,United Arab Emirates,al-Ayn,2005-07-31,27.93,7,7,1913
EDNA WEST,South Africa,Klerksdorp,2005-05-31,27.93,7,7,1913
SYLVIA ORTIZ,Colombia,Dos Quebradas,2005-08-01,27.93,7,7,1913
SHANNON FREEMAN,India,Varanasi (Benares),2005-08-23,27.93,7,7,1913
GERALDINE PERKINS,Israel,Tel Aviv-Jaffa,2005-08-22,27.93,7,7,1913
MELANIE ARMSTRONG,Philippines,Bayugan,2005-08-01,27.93,7,7,1913
ELSIE KELLEY,Nigeria,Ikerre,2005-08-18,27.93,7,7,1913
KRISTIN JOHNSTON,United States,Sunnyvale,2005-08-20,27.93,7,7,1913
MINNIE ROMERO,Indonesia,Ciomas,2005-08-01,27.93,7,7,1913
KRISTINA CHAMBERS,Venezuela,Valle de la Pascua,2005-07-31,27.93,7,7,1913
TIMOTHY BUNN,Brazil,Braslia,2005-08-01,27.93,7,7,1913
TRAVIS ESTEP,Saudi Arabia,al-Qatif,2005-08-21,27.93,7,7,1913
MELVIN ELLINGTON,China,Laohekou,2005-08-20,27.93,7,7,1913
HERMAN DEVORE,Tanzania,Mwanza,2005-08-20,27.93,7,7,1913
KELLY KNOTT,China,Sanya,2005-07-12,27.93,7,7,1913
MORRIS MCCARTER,Taiwan,Fengshan,2005-08-23,27.93,7,7,1913
AUSTIN CINTRON,China,Tieli,2005-08-23,27.93,7,7,1913
SARA PERRY,Mexico,Atlixco,2005-08-22,27.929999999999996,7,7,1931
ALLISON STANLEY,Cambodia,Phnom Penh,2005-07-08,27.929999999999996,7,7,1931
DENNIS GILMAN,South Africa,Paarl,2005-07-11,27.929999999999996,7,7,1931
LUCILLE HOLMES,South Africa,Soshanguve,2005-08-19,27.929999999999993,7,7,1934
VIOLET RODRIQUEZ,Hong Kong,Kowloon and New Kowloon,2005-07-11,27.929999999999993,7,7,1934
COLLEEN BURTON,Germany,Saarbrcken,2005-08-02,27.92000000000001,8,8,1936
MATTHEW MAHAN,Mexico,Cuautla,2005-08-23,27.920000000000005,8,8,1937
BENJAMIN VARNEY,Mexico,Guadalajara,2005-08-22,27.920000000000005,8,8,1937
BRANDON HUEY,Turkey,Balikesir,2005-08-21,27.920000000000005,8,8,1937
DARRELL POWER,Canada,Halifax,2005-08-01,27.920000000000005,8,8,1937
MARION OCAMPO,China,Weifang,2005-07-30,27.920000000000005,8,8,1937
AMY LOPEZ,India,Jhansi,2005-07-11,27.92,8,8,1942
KATHLEEN ADAMS,Iran,Arak,2005-07-31,27.92,8,8,1942
CHRISTINE ROBERTS,French Polynesia,Faaa,2005-07-12,27.92,8,8,1942
ALICE STEWART,United States,Fontana,2005-08-20,27.92,8,8,1942
ASHLEY RICHARDSON,United States,Lincoln,2005-08-01,27.92,8,8,1942
JUDITH COX,China,Daxian,2005-07-09,27.92,8,8,1942
JACQUELINE LONG,Thailand,Songkhla,2005-08-22,27.92,8,8,1942
DAWN SULLIVAN,Tuvalu,Funafuti,2005-08-23,27.92,8,8,1942
BERTHA FERGUSON,Nigeria,Ondo,2005-08-22,27.92,8,8,1942
KRISTINA CHAMBERS,Venezuela,Valle de la Pascua,2005-08-02,27.92,8,8,1942
GREGORY MAULDIN,Tunisia,Sousse,2005-07-10,27.92,8,8,1942
RUSSELL BRINSON,Poland,Tychy,2005-06-21,27.92,8,8,1942
CRAIG MORRELL,Philippines,Cavite,2005-08-19,27.92,8,8,1942
MARCUS HIDALGO,Estonia,Tartu,2005-08-22,27.92,8,8,1942
MIGUEL BETANCOURT,Germany,Erlangen,2005-07-11,27.92,8,8,1942
LESLIE SEWARD,Indonesia,Pontianak,2005-08-22,27.92,8,8,1942
DARYL LARUE,Iraq,Mosul,2005-08-23,27.92,8,8,1942
DENISE KELLY,Brazil,Rio Claro,2005-08-22,27.919999999999998,8,8,1959
ELLEN SIMPSON,Brazil,Po,2005-08-21,27.919999999999998,8,8,1959
MICHELE GRANT,China,Yuncheng,2005-07-11,27.919999999999998,8,8,1959
JUSTIN NGO,Brazil,Santo Andr,2005-07-11,27.919999999999998,8,8,1959
BOBBY BOUDREAU,Anguilla,South Hill,2005-08-20,27.919999999999998,8,8,1959
LESLIE SEWARD,Indonesia,Pontianak,2005-08-02,27.919999999999998,8,8,1959
JAY ROBB,Indonesia,Surakarta,2005-08-22,27.919999999999995,8,8,1965
CINDY FISHER,Venezuela,Cuman,2005-07-12,27.91999999999999,8,8,1966
DALE RATCLIFF,South Africa,Rustenburg,2005-08-22,27.910000000000007,9,9,1967
SHARON ROBINSON,Pakistan,Mardan,2005-08-22,27.910000000000004,9,9,1968
PHILLIP HOLM,Japan,Tama,2005-08-02,27.910000000000004,9,9,1968
EARL SHANKS,Japan,Iwatsuki,2005-08-01,27.910000000000004,9,9,1968
FRANKLIN TROUTMAN,China,Zaoyang,2005-08-21,27.909999999999997,9,9,1971
GLORIA COOK,French Polynesia,Papeete,2005-08-20,26.95000000000001,5,5,1972
SONIA GREGORY,Nigeria,Benin City,2005-07-30,26.95000000000001,5,5,1972
RICK MATTOX,Egypt,Mit Ghamr,2005-07-11,26.95000000000001,5,5,1972
TERESA ROGERS,Japan,Iwakuni,2005-08-02,26.950000000000006,5,5,1975
CARLA GUTIERREZ,India,Bhusawal,2005-08-20,26.950000000000006,5,5,1975
TONYA CHAPMAN,India,Bhilwara,2005-07-28,26.950000000000006,5,5,1975
DUANE TUBBS,Nauru,Yangor,2005-07-29,26.950000000000006,5,5,1975
AMY LOPEZ,India,Jhansi,2005-08-20,26.950000000000003,5,5,1979
LOUISE JENKINS,South Africa,Springs,2005-08-20,26.950000000000003,5,5,1979
KIM CRUZ,United States,Grand Prairie,2005-08-22,26.950000000000003,5,5,1979
SYLVIA ORTIZ,Colombia,Dos Quebradas,2005-06-19,26.950000000000003,5,5,1979
SHEILA WELLS,Turkey,Ktahya,2005-08-02,26.950000000000003,5,5,1979
EVA RAMOS,United States,Clarksville,2005-08-23,26.950000000000003,5,5,1979
ERICA MATTHEWS,China,Pingxiang,2005-07-12,26.950000000000003,5,5,1979
KATIE ELLIOTT,Kenya,Kisumu,2005-06-20,26.950000000000003,5,5,1979
ROSEMARY SCHMIDT,Turkey,Usak,2005-06-18,26.950000000000003,5,5,1979
NELLIE GARRETT,India,Shimoga,2005-07-30,26.950000000000003,5,5,1979
SONIA GREGORY,Nigeria,Benin City,2005-07-09,26.950000000000003,5,5,1979
PAUL TROUT,Russian Federation,Kursk,2005-05-31,26.950000000000003,5,5,1979
LARRY THRASHER,Turkey,Adana,2005-06-18,26.950000000000003,5,5,1979
JERRY JORDON,Japan,Onomichi,2005-08-20,26.950000000000003,5,5,1979
CARL ARTIS,Paraguay,San Lorenzo,2005-07-30,26.950000000000003,5,5,1979
NICHOLAS BARFIELD,Brazil,Belm,2005-07-11,26.950000000000003,5,5,1979
BENJAMIN VARNEY,Mexico,Guadalajara,2005-07-10,26.950000000000003,5,5,1979
BRUCE SCHWARZ,Japan,Okinawa,2005-08-21,26.950000000000003,5,5,1979
ADAM GOOCH,India,Adoni,2005-08-19,26.950000000000003,5,5,1979
CRAIG MORRELL,Philippines,Cavite,2005-06-20,26.950000000000003,5,5,1979
JESUS MCCARTNEY,Brazil,Guaruj,2005-07-31,26.950000000000003,5,5,1979
FREDERICK ISBELL,Japan,Tsuyama,2005-05-30,26.950000000000003,5,5,1979
JON WILES,Bolivia,El Alto,2005-07-12,26.950000000000003,5,5,1979
JEROME KENYON,Chile,Rancagua,2005-07-12,26.950000000000003,5,5,1979
DERRICK BOURQUE,Canada,Gatineau,2005-07-11,26.950000000000003,5,5,1979
SAM MCDUFFIE,Colombia,Sogamoso,2005-07-09,26.950000000000003,5,5,1979
FERNANDO CHURCHILL,South Korea,Tonghae,2005-07-30,26.950000000000003,5,5,1979
DWIGHT LOMBARDI,South Africa,Chatsworth,2005-07-31,26.950000000000003,5,5,1979
BERNICE WILLIS,Turkey,Batman,2005-07-11,26.95,5,5,2007
DIANNE SHELTON,Iran,Tabriz,2005-07-11,26.95,5,5,2007
JOSHUA MARK,India,Rampur,2005-07-30,26.95,5,5,2007
BRUCE SCHWARZ,Japan,Okinawa,2005-07-29,26.95,5,5,2007
LEON BOSTIC,Colombia,Florencia,2005-08-02,26.95,5,5,2007
LEWIS LYMAN,Israel,Ashqelon,2005-06-19,26.95,5,5,2007
ADRIAN CLARY,Italy,Udine,2005-07-12,26.95,5,5,2007
DARYL LARUE,Iraq,Mosul,2005-07-12,26.95,5,5,2007
CHAD CARBONE,India,Katihar,2005-08-23,26.949999999999996,5,5,2015
FLOYD GANDY,Mexico,Zapopan,2005-08-19,26.949999999999996,5,5,2015
RUBEN GEARY,Poland,Lublin,2005-07-11,26.949999999999996,5,5,2015
FLORENCE WOODS,Argentina,Merlo,2005-07-29,26.949999999999992,5,5,2018
CINDY FISHER,Venezuela,Cuman,2005-08-19,26.949999999999992,5,5,2018
STANLEY SCROGGINS,Japan,Omiya,2005-08-21,26.949999999999992,5,5,2018
GUY BROWNLEE,China,Zhoushan,2005-08-20,26.94999999999999,5,5,2021
JOHN FARNSWORTH,India,Parbhani,2005-08-20,26.940000000000012,6,6,2022
BRADLEY MOTLEY,India,Purnea (Purnia),2005-08-20,26.940000000000012,6,6,2022
JERRY JORDON,Japan,Onomichi,2005-08-01,26.94000000000001,6,6,2024
RUTH MARTINEZ,South Africa,Kimberley,2005-05-29,26.940000000000005,6,6,2025
DEBRA NELSON,Brazil,Vila Velha,2005-06-20,26.940000000000005,6,6,2025
HEATHER MORRIS,Japan,Nagareyama,2005-05-31,26.940000000000005,6,6,2025
DORIS REED,Russian Federation,Balaiha,2005-08-22,26.940000000000005,6,6,2025
ASHLEY RICHARDSON,United States,Lincoln,2005-08-20,26.940000000000005,6,6,2025
MONICA HICKS,Ukraine,Mukateve,2005-07-31,26.940000000000005,6,6,2025
GAIL KNIGHT,Switzerland,Bern,2005-08-02,26.940000000000005,6,6,2025
VANESSA SIMS,Germany,Siegen,2005-07-31,26.940000000000005,6,6,2025
ALMA AUSTIN,Germany,Mannheim,2005-07-12,26.940000000000005,6,6,2025
TERRI VASQUEZ,Brazil,Blumenau,2005-07-08,26.940000000000005,6,6,2025
LUCY WHEELER,India,Balurghat,2005-07-11,26.940000000000005,6,6,2025
WILLIE HOWELL,Argentina,Vicente Lpez,2005-07-31,26.940000000000005,6,6,2025
JOHN FARNSWORTH,India,Parbhani,2005-07-12,26.940000000000005,6,6,2025
DONALD MAHON,China,Ezhou,2005-08-02,26.940000000000005,6,6,2025
STEVEN CURLEY,India,Miraj,2005-06-19,26.940000000000005,6,6,2025
HARRY ARCE,Iran,Najafabad,2005-07-11,26.940000000000005,6,6,2025
NORMAN CURRIER,Indonesia,Cianjur,2005-08-22,26.940000000000005,6,6,2025
LEE HAWKS,India,Pudukkottai,2005-07-30,26.940000000000005,6,6,2025
DUANE TUBBS,Nauru,Yangor,2005-07-11,26.940000000000005,6,6,2025
JORDAN ARCHULETA,Argentina,Avellaneda,2005-07-11,26.940000000000005,6,6,2025
ELIZABETH BROWN,Taiwan,Nantou,2005-08-20,26.94,6,6,2045
NANCY THOMAS,India,Yamuna Nagar,2005-06-21,26.94,6,6,2045
JEAN BELL,Malaysia,Kuching,2005-07-31,26.94,6,6,2045
JUDY GRAY,Algeria,Bchar,2005-07-11,26.94,6,6,2045
ANITA MORALES,India,Hubli-Dharwad,2005-08-21,26.94,6,6,2045
MINNIE ROMERO,Indonesia,Ciomas,2005-07-31,26.94,6,6,2045
IRMA PEARSON,Philippines,Hagonoy,2005-08-20,26.94,6,6,2045
MYRTLE FLEMING,Dominican Republic,Santiago de los Caballeros,2005-07-10,26.94,6,6,2045
HILDA HOPKINS,Philippines,Mandaluyong,2005-08-01,26.94,6,6,2045
PENNY NEAL,India,Kumbakonam,2005-08-01,26.94,6,6,2045
DIANNE SHELTON,Iran,Tabriz,2005-08-19,26.94,6,6,2045
ROBERT BAUGHMAN,Russian Federation,Kaliningrad,2005-07-10,26.94,6,6,2045
LOUIS LEONE,Philippines,Tanauan,2005-07-11,26.94,6,6,2045
LEONARD SCHOFIELD,Argentina,Tandil,2005-06-21,26.94,6,6,2045
MANUEL MURRELL,Sri Lanka,Jaffna,2005-07-30,26.94,6,6,2045
RANDALL NEUMANN,Dominican Republic,La Romana,2005-07-10,26.94,6,6,2045
ALEXANDER FENNELL,Italy,Bergamo,2005-08-19,26.94,6,6,2045
ALEX GRESHAM,Mexico,Uruapan,2005-07-12,26.94,6,6,2045
CLAUDE HERZOG,Angola,Benguela,2005-07-12,26.94,6,6,2045
MORRIS MCCARTER,Taiwan,Fengshan,2005-06-19,26.94,6,6,2045
TERRENCE GUNDERSON,China,Jinzhou,2005-07-10,26.94,6,6,2045
FRANCES PARKER,Brazil,Juazeiro do Norte,2005-07-11,26.939999999999998,6,6,2066
ROSE HOWARD,French Guiana,Cayenne,2005-08-21,26.939999999999998,6,6,2066
DAISY BATES,Russian Federation,Kolpino,2005-08-21,26.939999999999998,6,6,2066
BRANDON HUEY,Turkey,Balikesir,2005-07-28,26.939999999999998,6,6,2066
MARTIN BALES,Angola,Namibe,2005-08-23,26.939999999999998,6,6,2066
NATHANIEL ADAM,United States,Joliet,2005-07-29,26.939999999999998,6,6,2066
TIM CARY,India,Bijapur,2005-07-31,26.939999999999994,6,6,2072
VICTORIA GIBSON,Indonesia,Pemalang,2005-08-02,26.930000000000007,7,7,2073
MATTHEW MAHAN,Mexico,Cuautla,2005-08-22,26.930000000000007,7,7,2073
GERALD FULTZ,India,Satna,2005-08-19,26.930000000000007,7,7,2073
BENJAMIN VARNEY,Mexico,Guadalajara,2005-08-21,26.930000000000007,7,7,2073
JIMMY SCHRADER,Russian Federation,Atinsk,2005-07-12,26.930000000000007,7,7,2073
SHIRLEY ALLEN,Philippines,Davao,2005-06-20,26.930000000000003,7,7,2078
KATHLEEN ADAMS,Iran,Arak,2005-07-30,26.930000000000003,7,7,2078
CHARLOTTE HUNTER,Brazil,guas Lindas de Gois,2005-08-01,26.930000000000003,7,7,2078
SUZANNE NICHOLS,Indonesia,Jakarta,2005-08-22,26.930000000000003,7,7,2078
ELSIE KELLEY,Nigeria,Ikerre,2005-07-12,26.930000000000003,7,7,2078
TRACEY BARRETT,Nigeria,Owo,2005-07-29,26.930000000000003,7,7,2078
RAMONA HALE,India,Patiala,2005-08-20,26.930000000000003,7,7,2078
SHAWN HEATON,Thailand,Nakhon Sawan,2005-07-12,26.930000000000003,7,7,2078
JORDAN ARCHULETA,Argentina,Avellaneda,2005-07-30,26.930000000000003,7,7,2078
MARTHA GONZALEZ,Moldova,Chisinau,2005-07-10,26.93,7,7,2087
ALICE STEWART,United States,Fontana,2005-07-31,26.93,7,7,2087
EMILY DIAZ,South Korea,Kimchon,2005-07-09,26.93,7,7,2087
MICHELE GRANT,China,Yuncheng,2005-07-10,26.93,7,7,2087
JILL HAWKINS,Austria,Linz,2005-08-02,26.93,7,7,2087
AUDREY RAY,Austria,Graz,2005-07-10,26.93,7,7,2087
PEARL GARZA,India,Jodhpur,2005-08-21,26.93,7,7,2087
JACKIE LYNCH,Colombia,Buenaventura,2005-07-31,26.93,7,7,2087
GWENDOLYN MAY,Japan,Higashiosaka,2005-07-12,26.93,7,7,2087
GWENDOLYN MAY,Japan,Higashiosaka,2005-08-23,26.93,7,7,2087
JOE GILLILAND,Philippines,Imus,2005-07-31,26.93,7,7,2087
JUSTIN NGO,Brazil,Santo Andr,2005-07-10,26.93,7,7,2087
TODD TAN,Ukraine,Kamjanets-Podilskyi,2005-08-01,26.93,7,7,2087
NATHAN RUNYON,"Virgin Islands, U.S.",Charlotte Amalie,2005-06-21,26.93,7,7,2087
MANUEL MURRELL,Sri Lanka,Jaffna,2005-08-20,26.93,7,7,2087
THEODORE CULP,India,Uluberia,2005-07-12,26.93,7,7,2087
LLOYD DOWD,Indonesia,Tegal,2005-07-12,26.93,7,7,2087
DWIGHT LOMBARDI,South Africa,Chatsworth,2005-08-19,26.93,7,7,2087
MAXINE SILVA,Brazil,Poos de Caldas,2005-08-02,26.929999999999996,7,7,2105
DAISY BATES,Russian Federation,Kolpino,2005-07-09,26.929999999999996,7,7,2105
JUAN FRALEY,Russian Federation,Teboksary,2005-08-19,26.929999999999996,7,7,2105
JUSTIN NGO,Brazil,Santo Andr,2005-08-23,26.929999999999996,7,7,2105
CLYDE TOBIAS,China,Shaoguan,2005-07-31,26.929999999999996,7,7,2105
SETH HANNON,Bahrain,al-Manama,2005-07-11,26.929999999999996,7,7,2105
CINDY FISHER,Venezuela,Cuman,2005-07-11,26.929999999999993,7,7,2111
GINA WILLIAMSON,Yemen,Taizz,2005-08-01,26.929999999999993,7,7,2111
TERESA ROGERS,Japan,Iwakuni,2005-08-21,26.92000000000001,8,8,2113
NINA SOTO,India,Palghat (Palakkad),2005-06-21,26.920000000000005,8,8,2114
ROSS GREY,Philippines,Iligan,2005-07-31,26.920000000000005,8,8,2114
WADE DELVALLE,Switzerland,Lausanne,2005-08-02,26.920000000000005,8,8,2114
CAROLYN PEREZ,Thailand,Pak Kret,2005-07-29,26.92,8,8,2117
LOIS BUTLER,Brunei,Bandar Seri Begawan,2005-07-10,26.92,8,8,2117
SALLY PIERCE,India,Chandrapur,2005-08-01,26.92,8,8,2117
SUE PETERS,China,Changzhou,2005-08-01,26.92,8,8,2117
MARVIN YEE,India,Berhampore (Baharampur),2005-08-23,26.92,8,8,2117
MICHEAL FORMAN,Argentina,Escobar,2005-08-01,26.92,8,8,2117
CORY MEEHAN,Belarus,Mogiljov,2005-08-02,26.92,8,8,2117
TERRENCE GUNDERSON,China,Jinzhou,2005-07-30,26.92,8,8,2117
CYNTHIA YOUNG,India,Munger (Monghyr),2005-08-23,26.919999999999998,8,8,2125
HAZEL WARREN,China,Hohhot,2005-08-23,26.919999999999998,8,8,2125
GEORGIA JACOBS,India,Uttarpara-Kotrung,2005-07-12,26.919999999999998,8,8,2125
VINCENT RALSTON,Mexico,Allende,2005-08-20,26.919999999999998,8,8,2125
MITCHELL WESTMORELAND,Vietnam,Nha Trang,2005-08-01,26.919999999999995,8,8,2129
CLYDE TOBIAS,China,Shaoguan,2005-07-10,26.910000000000004,9,9,2130
ELSIE KELLEY,Nigeria,Ikerre,2005-08-01,26.91,9,9,2131
HILDA HOPKINS,Philippines,Mandaluyong,2005-07-12,26.91,9,9,2131
TOM MILNER,United Arab Emirates,Abu Dhabi,2005-07-09,26.909999999999997,9,9,2133
JIM REA,Mexico,El Fuerte,2005-08-21,26.9,10,10,2134
JUNE CARROLL,Algeria,Skikda,2005-08-19,25.95000000000001,5,5,2135
NANCY THOMAS,India,Yamuna Nagar,2005-06-20,25.950000000000003,5,5,2136
KELLY TORRES,China,Xiangtan,2005-08-02,25.950000000000003,5,5,2136
NICOLE PETERSON,India,Shivapuri,2005-06-19,25.950000000000003,5,5,2136
BEVERLY BROOKS,Taiwan,Chiayi,2005-07-12,25.950000000000003,5,5,2136
WANDA PATTERSON,Colombia,Sincelejo,2005-06-20,25.950000000000003,5,5,2136
GLADYS HAMILTON,Nigeria,Ilorin,2005-08-22,25.950000000000003,5,5,2136
DAWN SULLIVAN,Tuvalu,Funafuti,2005-07-30,25.950000000000003,5,5,2136
EDNA WEST,South Africa,Klerksdorp,2005-06-20,25.950000000000003,5,5,2136
GRACE ELLIS,Germany,Duisburg,2005-08-21,25.950000000000003,5,5,2136
LESLIE GORDON,Turkey,Kilis,2005-08-23,25.950000000000003,5,5,2136
VERONICA STONE,United States,Greensboro,2005-07-12,25.950000000000003,5,5,2136
BETH FRANKLIN,Vietnam,Haiphong,2005-07-10,25.950000000000003,5,5,2136
VICKI FIELDS,Germany,Witten,2005-06-21,25.950000000000003,5,5,2136
MAUREEN LITTLE,Paraguay,Asuncin,2005-07-12,25.950000000000003,5,5,2136
JOSEPH JOY,Brazil,Angra dos Reis,2005-07-29,25.950000000000003,5,5,2136
THOMAS GRIGSBY,United States,Kansas City,2005-08-19,25.950000000000003,5,5,2136
DANIEL CABRAL,Brazil,Ibirit,2005-08-02,25.950000000000003,5,5,2136
JERRY JORDON,Japan,Onomichi,2005-07-09,25.950000000000003,5,5,2136
WALTER PERRYMAN,China,Xinxiang,2005-06-21,25.950000000000003,5,5,2136
HARRY ARCE,Iran,Najafabad,2005-06-19,25.950000000000003,5,5,2136
STEVE MACKENZIE,Indonesia,Probolinggo,2005-07-10,25.950000000000003,5,5,2136
SHAWN HEATON,Thailand,Nakhon Sawan,2005-06-20,25.950000000000003,5,5,2136
EDWIN BURK,South Africa,Newcastle,2005-07-10,25.950000000000003,5,5,2136
DON BONE,Mozambique,Naala-Porto,2005-07-11,25.950000000000003,5,5,2136
JIM REA,Mexico,El Fuerte,2005-07-09,25.950000000000003,5,5,2136
REGINALD KINDER,Indonesia,Madiun,2005-06-20,25.950000000000003,5,5,2136
RAUL FORTIER,India,Chapra,2005-08-23,25.950000000000003,5,5,2136
CORY MEEHAN,Belarus,Mogiljov,2005-08-22,25.950000000000003,5,5,2136
CLAUDE HERZOG,Angola,Benguela,2005-07-09,25.950000000000003,5,5,2136
ALLAN CORNISH,Philippines,Tarlac,2005-08-21,25.950000000000003,5,5,2136
ARMANDO GRUBER,United Kingdom,Southport,2005-06-21,25.950000000000003,5,5,2136
IVAN CROMWELL,Mexico,Monclova,2005-06-17,25.950000000000003,5,5,2136
HAROLD MARTINO,Brazil,Boa Vista,2005-07-12,25.95,5,5,2168
ANTONIO MEEK,Brazil,Bag,2005-07-30,25.95,5,5,2168
RAY HOULE,Russian Federation,Dzerzinsk,2005-07-11,25.95,5,5,2168
WALLACE SLONE,Nigeria,Sokoto,2005-08-20,25.95,5,5,2168
SANDRA MARTIN,United Kingdom,Southend-on-Sea,2005-08-19,25.949999999999996,5,5,2172
KATHY JAMES,Philippines,Baybay,2005-08-22,25.949999999999996,5,5,2172
ELLEN SIMPSON,Brazil,Po,2005-08-02,25.949999999999996,5,5,2172
KRISTINA CHAMBERS,Venezuela,Valle de la Pascua,2005-06-20,25.949999999999996,5,5,2172
EVERETT BANDA,Egypt,Bilbays,2005-07-11,25.949999999999996,5,5,2172
CODY NOLEN,Brazil,So Bernardo do Campo,2005-08-21,25.949999999999992,5,5,2177
RACHEL BARNES,Japan,Kamakura,2005-08-01,25.940000000000012,6,6,2178
ETHEL WEBB,South Africa,Boksburg,2005-08-19,25.940000000000012,6,6,2178
BETTY WHITE,United States,Citrus Heights,2005-07-10,25.940000000000005,6,6,2180
BEVERLY BROOKS,Taiwan,Chiayi,2005-08-01,25.940000000000005,6,6,2180
DENISE KELLY,Brazil,Rio Claro,2005-07-12,25.940000000000005,6,6,2180
LILLIAN GRIFFIN,United Arab Emirates,al-Ayn,2005-06-21,25.940000000000005,6,6,2180
CONNIE WALLACE,Russian Federation,Ivanovo,2005-07-31,25.940000000000005,6,6,2180
THELMA MURRAY,Peru,Lima,2005-07-29,25.940000000000005,6,6,2180
BERTHA FERGUSON,Nigeria,Ondo,2005-08-02,25.940000000000005,6,6,2180
AUDREY RAY,Austria,Graz,2005-07-31,25.940000000000005,6,6,2180
VICKI FIELDS,Germany,Witten,2005-08-21,25.940000000000005,6,6,2180
ROSEMARY SCHMIDT,Turkey,Usak,2005-08-01,25.940000000000005,6,6,2180
ELLA OLIVER,Yemen,Aden,2005-08-02,25.940000000000005,6,6,2180
MISTY LAMBERT,United Arab Emirates,Sharja,2005-07-11,25.940000000000005,6,6,2180
VICTOR BARKLEY,United States,Manchester,2005-08-23,25.940000000000005,6,6,2180
SHAWN HEATON,Thailand,Nakhon Sawan,2005-07-11,25.940000000000005,6,6,2180
PHILIP CAUSEY,Russian Federation,Korolev,2005-07-31,25.940000000000005,6,6,2180
EDWIN BURK,South Africa,Newcastle,2005-07-31,25.940000000000005,6,6,2180
BARRY LOVELACE,Zambia,Kitwe,2005-07-11,25.940000000000005,6,6,2180
WESLEY BULL,Spain,Ourense (Orense),2005-07-09,25.940000000000005,6,6,2180
LEWIS LYMAN,Israel,Ashqelon,2005-08-23,25.940000000000005,6,6,2180
ANDRE RAPP,Chile,Coquimbo,2005-06-20,25.940000000000005,6,6,2180
MATHEW BOLIN,Venezuela,Valencia,2005-07-12,25.940000000000005,6,6,2180
KELLY KNOTT,China,Sanya,2005-08-22,25.940000000000005,6,6,2180
AMANDA CARTER,Morocco,Nador,2005-08-19,25.94,6,6,2202
DORIS REED,Russian Federation,Balaiha,2005-08-02,25.94,6,6,2202
SARA PERRY,Mexico,Atlixco,2005-08-01,25.94,6,6,2202
DOLORES WAGNER,Malaysia,Ipoh,2005-06-19,25.94,6,6,2202
HOLLY FOX,India,Haldia,2005-06-20,25.94,6,6,2202
VANESSA SIMS,Germany,Siegen,2005-08-23,25.94,6,6,2202
GERTRUDE CASTILLO,Greenland,Nuuk,2005-08-01,25.94,6,6,2202
GWENDOLYN MAY,Japan,Higashiosaka,2005-07-11,25.94,6,6,2202
BRANDY GRAVES,United States,Warren,2005-07-30,25.94,6,6,2202
BILLY POULIN,Philippines,Cabuyao,2005-05-29,25.94,6,6,2202
TONY CARRANZA,Japan,Koriyama,2005-07-31,25.94,6,6,2202
MARCUS HIDALGO,Estonia,Tartu,2005-06-21,25.94,6,6,2202
MAXINE SILVA,Brazil,Poos de Caldas,2005-08-01,25.939999999999998,6,6,2214
OLGA JIMENEZ,Nigeria,Ogbomosho,2005-08-20,25.939999999999998,6,6,2214
RICHARD MCCRARY,United States,Arlington,2005-07-10,25.939999999999998,6,6,2214
RAYMOND MCWHORTER,Azerbaijan,Sumqayit,2005-08-01,25.939999999999998,6,6,2214
HAROLD MARTINO,Brazil,Boa Vista,2005-08-19,25.939999999999998,6,6,2214
JUAN FRALEY,Russian Federation,Teboksary,2005-08-18,25.939999999999998,6,6,2214
JUSTIN NGO,Brazil,Santo Andr,2005-08-22,25.939999999999998,6,6,2214
JACOB LANCE,United States,El Monte,2005-08-01,25.939999999999998,6,6,2214
RUBEN GEARY,Poland,Lublin,2005-08-23,25.939999999999998,6,6,2214
CINDY FISHER,Venezuela,Cuman,2005-07-10,25.939999999999994,6,6,2223
GENE SANBORN,Oman,Salala,2005-07-30,25.939999999999994,6,6,2223
DARRYL ASHCRAFT,Argentina,Ezeiza,2005-08-22,25.939999999999994,6,6,2223
DAVID ROYAL,Peru,Callao,2005-08-22,25.93999999999999,6,6,2226
RONALD WEINER,Mexico,San Felipe del Progreso,2005-08-18,25.93999999999999,6,6,2226
KYLE SPURLOCK,China,Shanwei,2005-08-23,25.93999999999999,6,6,2226
PAULINE HENRY,Mexico,Torren,2005-08-23,25.930000000000007,7,7,2229
LYDIA BURKE,Argentina,San Miguel de Tucumn,2005-07-31,25.930000000000007,7,7,2229
WADE DELVALLE,Switzerland,Lausanne,2005-07-31,25.930000000000007,7,7,2229
BARBARA JONES,Myanmar,Myingyan,2005-08-02,25.930000000000003,7,7,2232
NANCY THOMAS,India,Yamuna Nagar,2005-07-31,25.930000000000003,7,7,2232
LOIS BUTLER,Brunei,Bandar Seri Begawan,2005-07-09,25.930000000000003,7,7,2232
THELMA MURRAY,Peru,Lima,2005-06-19,25.930000000000003,7,7,2232
JOANNE ROBERTSON,Japan,Urawa,2005-08-21,25.930000000000003,7,7,2232
MATTHEW MAHAN,Mexico,Cuautla,2005-07-29,25.930000000000003,7,7,2232
ERIC ROBERT,Argentina,Santa F,2005-08-23,25.930000000000003,7,7,2232
BERNARD COLBY,India,Dhule (Dhulia),2005-08-22,25.930000000000003,7,7,2232
JORGE OLIVARES,Indonesia,Lhokseumawe,2005-07-12,25.930000000000003,7,7,2232
DOROTHY TAYLOR,Iran,Esfahan,2005-07-10,25.93,7,7,2241
MILDRED BAILEY,India,Jaipur,2005-08-23,25.93,7,7,2241
SYLVIA ORTIZ,Colombia,Dos Quebradas,2005-07-12,25.93,7,7,2241
JOSEPHINE GOMEZ,India,Etawah,2005-07-30,25.93,7,7,2241
JAMIE RICE,United States,Sterling Heights,2005-06-20,25.93,7,7,2241
SUZANNE NICHOLS,Indonesia,Jakarta,2005-07-12,25.93,7,7,2241
ANNETTE OLSON,India,Allappuzha (Alleppey),2005-07-31,25.93,7,7,2241
VIOLA HANSON,Philippines,Lapu-Lapu,2005-07-11,25.93,7,7,2241
ERIKA PENA,Finland,Oulu,2005-08-22,25.93,7,7,2241
JOSHUA MARK,India,Rampur,2005-08-21,25.93,7,7,2241
RONNIE RICKETTS,Senegal,Ziguinchor,2005-06-19,25.93,7,7,2241
TOMMY COLLAZO,Iran,Qomsheh,2005-06-21,25.93,7,7,2241
ADRIAN CLARY,Italy,Udine,2005-08-01,25.93,7,7,2241
SUE PETERS,China,Changzhou,2005-08-22,25.929999999999993,7,7,2254
BECKY MILES,India,Tambaram,2005-08-23,25.929999999999993,7,7,2254
MARY SMITH,Japan,Sasebo,2005-08-01,25.92000000000001,8,8,2256
RUBY WASHINGTON,China,Meixian,2005-08-23,25.92000000000001,8,8,2256
TERRY CARLSON,Japan,Miyakonojo,2005-08-01,25.92000000000001,8,8,2256
WILLIAM SATTERFIELD,Yemen,Sanaa,2005-08-23,25.92000000000001,8,8,2256
JIMMY SCHRADER,Russian Federation,Atinsk,2005-08-01,25.92000000000001,8,8,2256
MICHELLE CLARK,Bangladesh,Tangail,2005-08-01,25.920000000000005,8,8,2261
ANNIE RUSSELL,Mozambique,Tete,2005-07-12,25.920000000000005,8,8,2261
JOSHUA MARK,India,Rampur,2005-06-21,25.920000000000005,8,8,2261
SALLY PIERCE,India,Chandrapur,2005-07-11,25.92,8,8,2264
ELSIE KELLEY,Nigeria,Ikerre,2005-07-31,25.92,8,8,2264
JENNIE TERRY,Czech Republic,Olomouc,2005-08-02,25.92,8,8,2264
BILLIE HORTON,Turkey,Inegl,2005-08-01,25.92,8,8,2264
LAWRENCE LAWTON,Cameroon,Yaound,2005-08-23,25.92,8,8,2264
MARIO CHEATHAM,Algeria,Batna,2005-07-12,25.92,8,8,2264
ENRIQUE FORSYTHE,Greece,Patras,2005-08-22,25.92,8,8,2264
ROBERTA HARPER,Iran,Shahr-e Kord,2005-08-02,25.919999999999998,8,8,2271
FRANKLIN TROUTMAN,China,Zaoyang,2005-08-20,25.919999999999998,8,8,2271
MAXINE SILVA,Brazil,Poos de Caldas,2005-08-19,25.919999999999995,8,8,2273
TOM MILNER,United Arab Emirates,Abu Dhabi,2005-08-23,25.919999999999995,8,8,2273
DUSTIN GILLETTE,Netherlands,Emmen,2005-08-22,25.919999999999995,8,8,2273
EVERETT BANDA,Egypt,Bilbays,2005-08-01,25.919999999999995,8,8,2273
FRED WHEAT,Mexico,Jurez,2005-08-01,25.910000000000004,9,9,2277
TONY CARRANZA,Japan,Koriyama,2005-08-23,25.910000000000004,9,9,2277
LEONARD SCHOFIELD,Argentina,Tandil,2005-08-23,25.910000000000004,9,9,2277
JOANNE ROBERTSON,Japan,Urawa,2005-07-12,25.91,9,9,2280
EDGAR RHOADS,Turkey,Eskisehir,2005-07-11,25.91,9,9,2280
ELIZABETH BROWN,Taiwan,Nantou,2005-08-01,25.909999999999997,9,9,2282
MARCIA DEAN,Philippines,Tanza,2005-08-19,24.95000000000001,5,5,2283
GABRIEL HARDER,Turkey,Sivas,2005-08-20,24.95000000000001,5,5,2283
ALFRED CASILLAS,Egypt,Sawhaj,2005-07-27,24.950000000000006,5,5,2285
KIMBERLY LEE,Argentina,Crdoba,2005-06-20,24.950000000000003,5,5,2286
DIANE COLLINS,Sudan,Omdurman,2005-05-31,24.950000000000003,5,5,2286
HEATHER MORRIS,Japan,Nagareyama,2005-08-01,24.950000000000003,5,5,2286
GLORIA COOK,French Polynesia,Papeete,2005-07-09,24.950000000000003,5,5,2286
KELLY TORRES,China,Xiangtan,2005-08-20,24.950000000000003,5,5,2286
PHYLLIS FOSTER,China,Zalantun,2005-08-20,24.950000000000003,5,5,2286
TRACY COLE,Mexico,Huixquilucan,2005-06-20,24.950000000000003,5,5,2286
KIM CRUZ,United States,Grand Prairie,2005-07-29,24.950000000000003,5,5,2286
SHERRY MARSHALL,Egypt,Shubra al-Khayma,2005-08-20,24.950000000000003,5,5,2286
BEATRICE ARNOLD,India,Udaipur,2005-08-20,24.950000000000003,5,5,2286
ANNETTE OLSON,India,Allappuzha (Alleppey),2005-08-20,24.950000000000003,5,5,2286
RENEE LANE,United States,Compton,2005-08-21,24.950000000000003,5,5,2286
TONYA CHAPMAN,India,Bhilwara,2005-07-08,24.950000000000003,5,5,2286
KRISTIN JOHNSTON,United States,Sunnyvale,2005-08-01,24.950000000000003,5,5,2286
GLENDA FRAZIER,China,Qinhuangdao,2005-06-19,24.950000000000003,5,5,2286
TERRY CARLSON,Japan,Miyakonojo,2005-06-18,24.950000000000003,5,5,2286
NINA SOTO,India,Palghat (Palakkad),2005-08-02,24.950000000000003,5,5,2286
DANIEL CABRAL,Brazil,Ibirit,2005-06-18,24.950000000000003,5,5,2286
KENNETH GOODEN,Israel,Bat Yam,2005-07-12,24.950000000000003,5,5,2286
EDWARD BAUGH,Faroe Islands,Trshavn,2005-08-20,24.950000000000003,5,5,2286
KEVIN SCHULER,Nepal,Birgunj,2005-07-09,24.950000000000003,5,5,2286
RALPH MADRIGAL,Puerto Rico,Arecibo,2005-07-28,24.950000000000003,5,5,2286
ADAM GOOCH,India,Adoni,2005-07-11,24.950000000000003,5,5,2286
MARTIN BALES,Angola,Namibe,2005-06-19,24.950000000000003,5,5,2286
PHILLIP HOLM,Japan,Tama,2005-07-12,24.950000000000003,5,5,2286
CLARENCE GAMEZ,Japan,Izumisano,2005-05-30,24.950000000000003,5,5,2286
STANLEY SCROGGINS,Japan,Omiya,2005-07-08,24.950000000000003,5,5,2286
MELVIN ELLINGTON,China,Laohekou,2005-08-02,24.950000000000003,5,5,2286
MIGUEL BETANCOURT,Germany,Erlangen,2005-06-21,24.950000000000003,5,5,2286
CALVIN MARTEL,Venezuela,Maracabo,2005-07-09,24.950000000000003,5,5,2286
LEO EBERT,China,Dongying,2005-08-21,24.950000000000003,5,5,2286
ANGEL BARCLAY,Japan,Ueda,2005-07-11,24.950000000000003,5,5,2286
TED BREAUX,China,Baicheng,2005-07-10,24.950000000000003,5,5,2286
PERRY SWAFFORD,Argentina,Quilmes,2005-07-30,24.950000000000003,5,5,2286
MARION OCAMPO,China,Weifang,2005-06-20,24.950000000000003,5,5,2286
TERRANCE ROUSH,Hungary,Szkesfehrvr,2005-06-20,24.950000000000003,5,5,2286
AMY LOPEZ,India,Jhansi,2005-07-29,24.95,5,5,2322
SHERRY MARSHALL,Egypt,Shubra al-Khayma,2005-07-11,24.95,5,5,2322
GINA WILLIAMSON,Yemen,Taizz,2005-07-09,24.95,5,5,2322
STANLEY SCROGGINS,Japan,Omiya,2005-07-30,24.95,5,5,2322
VINCENT RALSTON,Mexico,Allende,2005-07-12,24.95,5,5,2322
FREDERICK ISBELL,Japan,Tsuyama,2005-07-28,24.95,5,5,2322
JEROME KENYON,Chile,Rancagua,2005-08-23,24.95,5,5,2322
ANGELA HERNANDEZ,Japan,Shimonoseki,2005-08-18,24.949999999999996,5,5,2329
LILLIAN GRIFFIN,United Arab Emirates,al-Ayn,2005-08-23,24.949999999999996,5,5,2329
MICHELE GRANT,China,Yuncheng,2005-07-29,24.949999999999996,5,5,2329
GWENDOLYN MAY,Japan,Higashiosaka,2005-07-31,24.949999999999996,5,5,2329
BRANDY GRAVES,United States,Warren,2005-08-18,24.949999999999996,5,5,2329
SHELLY WATTS,United States,Dayton,2005-08-21,24.949999999999996,5,5,2329
JASON MORRISSEY,Argentina,Baha Blanca,2005-07-30,24.949999999999996,5,5,2329
ALLEN BUTTERFIELD,India,Hoshiarpur,2005-07-31,24.949999999999996,5,5,2329
ROBERTO VU,China,Yinchuan,2005-07-30,24.949999999999996,5,5,2329
GENE SANBORN,Oman,Salala,2005-07-29,24.949999999999996,5,5,2329
EDGAR RHOADS,Turkey,Eskisehir,2005-08-22,24.949999999999996,5,5,2329
CLAUDE HERZOG,Angola,Benguela,2005-08-23,24.949999999999996,5,5,2329
DARRYL ASHCRAFT,Argentina,Ezeiza,2005-08-21,24.949999999999996,5,5,2329
JULIO NOLAND,Ukraine,Konotop,2005-08-19,24.949999999999996,5,5,2329
MAURICE CRAWLEY,Mexico,Coatzacoalcos,2005-08-01,24.94999999999999,5,5,2343
MISTY LAMBERT,United Arab Emirates,Sharja,2005-07-29,24.940000000000012,6,6,2344
CHARLOTTE HUNTER,Brazil,guas Lindas de Gois,2005-08-23,24.94000000000001,6,6,2345
BETTY WHITE,United States,Citrus Heights,2005-07-31,24.940000000000005,6,6,2346
SHIRLEY ALLEN,Philippines,Davao,2005-06-19,24.940000000000005,6,6,2346
ANNA HILL,Italy,Alessandria,2005-08-02,24.940000000000005,6,6,2346
EMILY DIAZ,South Korea,Kimchon,2005-08-01,24.940000000000005,6,6,2346
MICHELE GRANT,China,Yuncheng,2005-08-22,24.940000000000005,6,6,2346
LORRAINE STEPHENS,China,Hami,2005-08-02,24.940000000000005,6,6,2346
LORETTA CARPENTER,Canada,Oshawa,2005-07-31,24.940000000000005,6,6,2346
JEANETTE GREENE,Russian Federation,Novoterkassk,2005-07-31,24.940000000000005,6,6,2346
CLAUDIA FULLER,Kuwait,Jalib al-Shuyukh,2005-06-18,24.940000000000005,6,6,2346
MARCIA DEAN,Philippines,Tanza,2005-07-28,24.940000000000005,6,6,2346
JO FOWLER,Nigeria,Oyo,2005-08-22,24.940000000000005,6,6,2346
TONI HOLT,United States,Roanoke,2005-07-30,24.940000000000005,6,6,2346
JOSHUA MARK,India,Rampur,2005-07-11,24.940000000000005,6,6,2346
CLARENCE GAMEZ,Japan,Izumisano,2005-07-11,24.940000000000005,6,6,2346
BRYAN HARDISON,United States,Dallas,2005-08-21,24.940000000000005,6,6,2346
MARIO CHEATHAM,Algeria,Batna,2005-07-29,24.940000000000005,6,6,2346
SHANE MILLARD,Mexico,La Paz,2005-08-22,24.940000000000005,6,6,2346
MARC OUTLAW,Italy,Brindisi,2005-07-12,24.940000000000005,6,6,2346
KARL SEAL,United States,Cape Coral,2005-06-18,24.940000000000005,6,6,2346
JULIAN VEST,Japan,Akishima,2005-07-31,24.940000000000005,6,6,2346
MARION OCAMPO,China,Weifang,2005-07-11,24.940000000000005,6,6,2346
CAROL GARCIA,Nigeria,Kaduna,2005-08-01,24.94,6,6,2367
RUBY WASHINGTON,China,Meixian,2005-07-29,24.94,6,6,2367
DIANA ALEXANDER,United States,Augusta-Richmond County,2005-08-20,24.94,6,6,2367
LILLIAN GRIFFIN,United Arab Emirates,al-Ayn,2005-07-29,24.94,6,6,2367
SYLVIA ORTIZ,Colombia,Dos Quebradas,2005-07-09,24.94,6,6,2367
NATALIE MEYER,Brazil,Aparecida de Goinia,2005-08-22,24.94,6,6,2367
LILLIE KIM,Egypt,Idfu,2005-07-31,24.94,6,6,2367
PRISCILLA LOWE,Mexico,Salamanca,2005-08-21,24.94,6,6,2367
JAMES GANNON,Japan,Hiroshima,2005-08-01,24.94,6,6,2367
JOSE ANDREW,Saint Vincent and the Grenadines,Kingstown,2005-07-29,24.94,6,6,2367
JACOB LANCE,United States,El Monte,2005-07-11,24.94,6,6,2367
VERNON CHAPA,Turkey,Denizli,2005-08-01,24.94,6,6,2367
ANGELA HERNANDEZ,Japan,Shimonoseki,2005-07-31,24.939999999999998,6,6,2379
CATHY SPENCER,Japan,Kakamigahara,2005-07-12,24.939999999999998,6,6,2379
REGINA BERRY,China,Jinchang,2005-07-10,24.939999999999998,6,6,2379
VICKIE BREWER,Germany,Halle/Saale,2005-07-11,24.939999999999998,6,6,2379
VICKIE BREWER,Germany,Halle/Saale,2005-08-01,24.939999999999998,6,6,2379
VICTOR BARKLEY,United States,Manchester,2005-07-31,24.939999999999998,6,6,2379
GREG ROBINS,Vietnam,Nam Dinh,2005-06-21,24.939999999999998,6,6,2379
MORRIS MCCARTER,Taiwan,Fengshan,2005-07-10,24.939999999999998,6,6,2379
DARYL LARUE,Iraq,Mosul,2005-07-30,24.939999999999998,6,6,2379
TRACY HERRMANN,Ecuador,Loja,2005-07-30,24.939999999999998,6,6,2379
SETH HANNON,Bahrain,al-Manama,2005-07-31,24.939999999999998,6,6,2379
FREDDIE DUGGAN,Peru,Sullana,2005-08-22,24.939999999999998,6,6,2379
TIMOTHY BUNN,Brazil,Braslia,2005-08-22,24.939999999999994,6,6,2391
RACHEL BARNES,Japan,Kamakura,2005-07-10,24.930000000000007,7,7,2392
NINA SOTO,India,Palghat (Palakkad),2005-06-20,24.930000000000007,7,7,2392
WILLIAM SATTERFIELD,Yemen,Sanaa,2005-08-02,24.930000000000007,7,7,2392
DONALD MAHON,China,Ezhou,2005-08-23,24.930000000000007,7,7,2392
DALE RATCLIFF,South Africa,Rustenburg,2005-08-21,24.930000000000007,7,7,2392
SHIRLEY ALLEN,Philippines,Davao,2005-07-12,24.930000000000003,7,7,2397
TERESA ROGERS,Japan,Iwakuni,2005-07-12,24.930000000000003,7,7,2397
JOAN COOPER,United States,Saint Louis,2005-06-21,24.930000000000003,7,7,2397
JACQUELINE LONG,Thailand,Songkhla,2005-06-21,24.930000000000003,7,7,2397
ALMA AUSTIN,Germany,Mannheim,2005-08-23,24.930000000000003,7,7,2397
CARLA GUTIERREZ,India,Bhusawal,2005-07-30,24.930000000000003,7,7,2397
WALTER PERRYMAN,China,Xinxiang,2005-07-11,24.930000000000003,7,7,2397
RANDY GAITHER,Russian Federation,Kurgan,2005-08-22,24.930000000000003,7,7,2397
CARLOS COUGHLIN,India,Bhavnagar,2005-08-21,24.930000000000003,7,7,2397
MIGUEL BETANCOURT,Germany,Erlangen,2005-07-08,24.930000000000003,7,7,2397
REGINALD KINDER,Indonesia,Madiun,2005-08-02,24.930000000000003,7,7,2397
ENRIQUE FORSYTHE,Greece,Patras,2005-08-21,24.930000000000003,7,7,2397
JUDITH COX,China,Daxian,2005-07-31,24.93,7,7,2409
FLORENCE WOODS,Argentina,Merlo,2005-06-20,24.93,7,7,2409
EDITH MCDONALD,India,Gandhinagar,2005-08-23,24.93,7,7,2409
ROBERTA HARPER,Iran,Shahr-e Kord,2005-07-30,24.93,7,7,2409
GREGORY MAULDIN,Tunisia,Sousse,2005-07-09,24.93,7,7,2409
BILL GAVIN,United States,Rockford,2005-06-19,24.93,7,7,2409
LLOYD DOWD,Indonesia,Tegal,2005-08-23,24.93,7,7,2409
FRANKLIN TROUTMAN,China,Zaoyang,2005-08-19,24.93,7,7,2409
VIRGIL WOFFORD,Mexico,Jos Azueta,2005-08-23,24.93,7,7,2409
MARION OCAMPO,China,Weifang,2005-08-22,24.93,7,7,2409
ELLEN SIMPSON,Brazil,Po,2005-07-10,24.929999999999996,7,7,2419
VERA MCCOY,Afghanistan,Kabul,2005-08-23,24.929999999999996,7,7,2419
WALTER PERRYMAN,China,Xinxiang,2005-08-20,24.929999999999996,7,7,2419
RYAN SALISBURY,Latvia,Daugavpils,2005-07-11,24.929999999999996,7,7,2419
TOM MILNER,United Arab Emirates,Abu Dhabi,2005-08-21,24.929999999999996,7,7,2419
VELMA LUCAS,Nigeria,Effon-Alaiye,2005-07-30,24.929999999999993,7,7,2424
MICHELLE CLARK,Bangladesh,Tangail,2005-08-02,24.920000000000005,8,8,2425
ALICIA MILLS,India,Nagaon,2005-08-20,24.920000000000005,8,8,2425
MARTHA GONZALEZ,Moldova,Chisinau,2005-07-30,24.92,8,8,2427
JANICE WARD,Sweden,Malm,2005-08-21,24.92,8,8,2427
HAROLD MARTINO,Brazil,Boa Vista,2005-08-01,24.92,8,8,2427
NICHOLAS BARFIELD,Brazil,Belm,2005-07-29,24.92,8,8,2427
DARLENE ROSE,North Korea,Pyongyang,2005-07-29,24.910000000000004,9,9,2431
SAMANTHA DUNCAN,Mexico,Matamoros,2005-08-02,24.91,9,9,2432
GEORGE LINTON,Brazil,Sorocaba,2005-07-12,24.91,9,9,2432
JESSIE BANKS,Bulgaria,Stara Zagora,2005-08-23,24.900000000000006,10,10,2434
HEIDI LARSON,China,Xiangfan,2005-08-21,23.95000000000001,5,5,2435
MAE FLETCHER,Spain,Donostia-San Sebastin,2005-08-20,23.95000000000001,5,5,2435
RODNEY MOELLER,Nigeria,Deba Habe,2005-08-21,23.950000000000006,5,5,2437
DARRELL POWER,Canada,Halifax,2005-08-21,23.950000000000006,5,5,2437
KEN PREWITT,Romania,Bucuresti,2005-07-29,23.950000000000006,5,5,2437
RUTH MARTINEZ,South Africa,Kimberley,2005-05-28,23.950000000000003,5,5,2440
PAMELA BAKER,China,Nanyang,2005-08-02,23.950000000000003,5,5,2440
HEATHER MORRIS,Japan,Nagareyama,2005-05-30,23.950000000000003,5,5,2440
DORIS REED,Russian Federation,Balaiha,2005-07-31,23.950000000000003,5,5,2440
RUBY WASHINGTON,China,Meixian,2005-07-28,23.950000000000003,5,5,2440
GLADYS HAMILTON,Nigeria,Ilorin,2005-07-07,23.950000000000003,5,5,2440
THELMA MURRAY,Peru,Lima,2005-08-21,23.950000000000003,5,5,2440
MONICA HICKS,Ukraine,Mukateve,2005-07-30,23.950000000000003,5,5,2440
JOANNE ROBERTSON,Japan,Urawa,2005-08-20,23.950000000000003,5,5,2440
DARLENE ROSE,North Korea,Pyongyang,2005-08-19,23.950000000000003,5,5,2440
SALLY PIERCE,India,Chandrapur,2005-08-20,23.950000000000003,5,5,2440
BESSIE MORRISON,Italy,Syrakusa,2005-06-21,23.950000000000003,5,5,2440
LILLIE KIM,Egypt,Idfu,2005-07-29,23.950000000000003,5,5,2440
STELLA MORENO,Mexico,Coacalco de Berriozbal,2005-08-19,23.950000000000003,5,5,2440
JOSEPH JOY,Brazil,Angra dos Reis,2005-07-10,23.950000000000003,5,5,2440
ANTHONY SCHWAB,American Samoa,Tafuna,2005-06-20,23.950000000000003,5,5,2440
MATTHEW MAHAN,Mexico,Cuautla,2005-07-28,23.950000000000003,5,5,2440
PETER MENARD,Netherlands,Ede,2005-06-19,23.950000000000003,5,5,2440
PETER MENARD,Netherlands,Ede,2005-08-02,23.950000000000003,5,5,2440
PHILLIP HOLM,Japan,Tama,2005-08-19,23.950000000000003,5,5,2440
LUIS YANEZ,France,Brest,2005-07-08,23.950000000000003,5,5,2440
NORMAN CURRIER,Indonesia,Cianjur,2005-08-21,23.950000000000003,5,5,2440
BARRY LOVELACE,Zambia,Kitwe,2005-08-19,23.950000000000003,5,5,2440
BERNARD COLBY,India,Dhule (Dhulia),2005-07-30,23.950000000000003,5,5,2440
GABRIEL HARDER,Turkey,Sivas,2005-07-12,23.950000000000003,5,5,2440
NEIL RENNER,Vietnam,Cam Ranh,2005-07-09,23.950000000000003,5,5,2440
TYRONE ASHER,Bulgaria,Ruse,2005-07-11,23.950000000000003,5,5,2440
ALLAN CORNISH,Philippines,Tarlac,2005-07-12,23.950000000000003,5,5,2440
JIMMIE EGGLESTON,Poland,Wroclaw,2005-07-08,23.950000000000003,5,5,2440
ALFREDO MCADAMS,Russian Federation,Serpuhov,2005-07-30,23.950000000000003,5,5,2440
WILLARD LUMPKIN,Mexico,Carmen,2005-07-31,23.950000000000003,5,5,2440
WADE DELVALLE,Switzerland,Lausanne,2005-07-10,23.950000000000003,5,5,2440
ETHEL WEBB,South Africa,Boksburg,2005-07-11,23.95,5,5,2472
VALERIE BLACK,United States,Brockton,2005-08-02,23.95,5,5,2472
TANYA GILBERT,South Korea,Naju,2005-07-28,23.95,5,5,2472
SHERRI RHODES,India,Ahmadnagar,2005-06-18,23.95,5,5,2472
VICTOR BARKLEY,United States,Manchester,2005-07-30,23.95,5,5,2472
JESSE SCHILLING,"Congo, The Democratic Republic of the",Lubumbashi,2005-08-19,23.95,5,5,2472
GREG ROBINS,Vietnam,Nam Dinh,2005-06-20,23.95,5,5,2472
DARREN WINDHAM,Italy,Livorno,2005-08-20,23.95,5,5,2472
BOB PFEIFFER,China,Xintai,2005-07-30,23.95,5,5,2472
RONALD WEINER,Mexico,San Felipe del Progreso,2005-07-10,23.949999999999996,5,5,2481
TIMOTHY BUNN,Brazil,Braslia,2005-08-21,23.949999999999996,5,5,2481
AARON SELBY,"Congo, The Democratic Republic of the",Mwene-Ditu,2005-08-23,23.949999999999996,5,5,2481
COREY HAUSER,Turkey,Gaziantep,2005-08-22,23.949999999999996,5,5,2481
CODY NOLEN,Brazil,So Bernardo do Campo,2005-08-02,23.949999999999996,5,5,2481
BILLY POULIN,Philippines,Cabuyao,2005-07-31,23.949999999999992,5,5,2486
RANDALL NEUMANN,Dominican Republic,La Romana,2005-08-22,23.949999999999992,5,5,2486
HEIDI LARSON,China,Xiangfan,2005-07-31,23.94000000000001,6,6,2488
CAROLYN PEREZ,Thailand,Pak Kret,2005-07-12,23.940000000000005,6,6,2489
LOUISE JENKINS,South Africa,Springs,2005-07-12,23.940000000000005,6,6,2489
ANNIE RUSSELL,Mozambique,Tete,2005-07-09,23.940000000000005,6,6,2489
VICTORIA GIBSON,Indonesia,Pemalang,2005-07-12,23.940000000000005,6,6,2489
MEGAN PALMER,China,Laiwu,2005-08-22,23.940000000000005,6,6,2489
KATIE ELLIOTT,Kenya,Kisumu,2005-08-01,23.940000000000005,6,6,2489
ALMA AUSTIN,Germany,Mannheim,2005-08-21,23.940000000000005,6,6,2489
JEANNE LAWSON,Turkmenistan,Ashgabat,2005-08-01,23.940000000000005,6,6,2489
KRISTINA CHAMBERS,Venezuela,Valle de la Pascua,2005-08-20,23.940000000000005,6,6,2489
GREGORY MAULDIN,Tunisia,Sousse,2005-08-01,23.940000000000005,6,6,2489
ERNEST STEPP,China,Huaian,2005-08-22,23.940000000000005,6,6,2489
ALEXANDER FENNELL,Italy,Bergamo,2005-06-21,23.940000000000005,6,6,2489
ZACHARY HITE,United States,Akron,2005-06-19,23.940000000000005,6,6,2489
DAVE GARDINER,China,Leshan,2005-08-19,23.940000000000005,6,6,2489
ENRIQUE FORSYTHE,Greece,Patras,2005-08-20,23.940000000000005,6,6,2489
BRENDA WRIGHT,India,Kamarhati,2005-06-18,23.94,6,6,2504
MARTHA GONZALEZ,Moldova,Chisinau,2005-07-09,23.94,6,6,2504
ALICE STEWART,United States,Fontana,2005-08-19,23.94,6,6,2504
EMILY DIAZ,South Korea,Kimchon,2005-07-08,23.94,6,6,2504
MICHELE GRANT,China,Yuncheng,2005-07-09,23.94,6,6,2504
LYNN PAYNE,Malawi,Lilongwe,2005-07-09,23.94,6,6,2504
SUE PETERS,China,Changzhou,2005-06-17,23.94,6,6,2504
JESSIE BANKS,Bulgaria,Stara Zagora,2005-06-20,23.94,6,6,2504
JENNY CASTRO,Puerto Rico,Ponce,2005-07-09,23.94,6,6,2504
KRISTINA CHAMBERS,Venezuela,Valle de la Pascua,2005-07-30,23.94,6,6,2504
SHELLY WATTS,United States,Dayton,2005-07-31,23.94,6,6,2504
JAMES GANNON,Japan,Hiroshima,2005-08-21,23.94,6,6,2504
PETER MENARD,Netherlands,Ede,2005-08-22,23.94,6,6,2504
RICKY SHELBY,China,Junan,2005-07-31,23.94,6,6,2504
MICHEAL FORMAN,Argentina,Escobar,2005-07-31,23.94,6,6,2504
TYLER WREN,China,Rizhao,2005-07-10,23.94,6,6,2504
CHESTER BENNER,China,Suihua,2005-08-01,23.94,6,6,2504
KATHRYN COLEMAN,Ukraine,Simferopol,2005-08-22,23.939999999999998,6,6,2521
IDA ANDREWS,Brazil,Luzinia,2005-08-02,23.939999999999998,6,6,2521
VERA MCCOY,Afghanistan,Kabul,2005-08-22,23.939999999999998,6,6,2521
GEORGIA JACOBS,India,Uttarpara-Kotrung,2005-07-10,23.939999999999998,6,6,2521
DEANNA BYRD,Philippines,Tuguegarao,2005-06-21,23.939999999999998,6,6,2521
RICHARD MCCRARY,United States,Arlington,2005-08-23,23.939999999999998,6,6,2521
WALTER PERRYMAN,China,Xinxiang,2005-08-01,23.939999999999998,6,6,2521
RYAN SALISBURY,Latvia,Daugavpils,2005-07-29,23.939999999999998,6,6,2521
BOBBY BOUDREAU,Anguilla,South Hill,2005-08-19,23.939999999999998,6,6,2521
MARCUS HIDALGO,Estonia,Tartu,2005-08-02,23.939999999999998,6,6,2521
TOM MILNER,United Arab Emirates,Abu Dhabi,2005-08-20,23.939999999999998,6,6,2521
LESTER KRAUS,India,Kanchrapara,2005-07-11,23.939999999999998,6,6,2521
JAVIER ELROD,Chad,NDjamna,2005-08-01,23.939999999999998,6,6,2521
TED BREAUX,China,Baicheng,2005-08-22,23.939999999999998,6,6,2521
JULIO NOLAND,Ukraine,Konotop,2005-08-02,23.939999999999998,6,6,2521
EDUARDO HIATT,China,Jining,2005-06-21,23.939999999999998,6,6,2521
GINA WILLIAMSON,Yemen,Taizz,2005-07-30,23.939999999999994,6,6,2537
OLGA JIMENEZ,Nigeria,Ogbomosho,2005-07-10,23.939999999999994,6,6,2537
TIM CARY,India,Bijapur,2005-06-19,23.939999999999994,6,6,2537
CINDY FISHER,Venezuela,Cuman,2005-08-01,23.93999999999999,6,6,2540
ESTHER CRAWFORD,South Africa,Botshabelo,2005-07-09,23.930000000000007,7,7,2541
MELANIE ARMSTRONG,Philippines,Bayugan,2005-08-23,23.930000000000007,7,7,2541
COLLEEN BURTON,Germany,Saarbrcken,2005-07-31,23.930000000000007,7,7,2541
SUSAN WILSON,New Zealand,Hamilton,2005-07-09,23.930000000000003,7,7,2544
AMY LOPEZ,India,Jhansi,2005-07-10,23.930000000000003,7,7,2544
GERALDINE PERKINS,Israel,Tel Aviv-Jaffa,2005-08-01,23.930000000000003,7,7,2544
TONY CARRANZA,Japan,Koriyama,2005-08-21,23.930000000000003,7,7,2544
LEONARD SCHOFIELD,Argentina,Tandil,2005-08-01,23.930000000000003,7,7,2544
IRENE PRICE,Kazakstan,Pavlodar,2005-08-01,23.93,7,7,2549
BRITTANY RILEY,Ukraine,Sumy,2005-06-21,23.93,7,7,2549
KRISTINA CHAMBERS,Venezuela,Valle de la Pascua,2005-07-12,23.93,7,7,2549
JAMES GANNON,Japan,Hiroshima,2005-07-12,23.93,7,7,2549
WAYNE TRUONG,India,Gulbarga,2005-08-01,23.93,7,7,2549
MARVIN YEE,India,Berhampore (Baharampur),2005-08-21,23.93,7,7,2549
VICKIE BREWER,Germany,Halle/Saale,2005-08-21,23.929999999999996,7,7,2555
JENNY CASTRO,Puerto Rico,Ponce,2005-07-30,23.929999999999996,7,7,2555
KEITH RICO,Slovakia,Bratislava,2005-07-12,23.929999999999996,7,7,2555
BILLY POULIN,Philippines,Cabuyao,2005-06-21,23.929999999999996,7,7,2555
CLIFFORD BOWENS,Russian Federation,Nabereznyje Telny,2005-07-12,23.929999999999996,7,7,2555
TOM MILNER,United Arab Emirates,Abu Dhabi,2005-07-08,23.929999999999996,7,7,2555
CRYSTAL FORD,Israel,Ashdod,2005-07-30,23.92000000000001,8,8,2561
JIMMY SCHRADER,Russian Federation,Atinsk,2005-08-21,23.92000000000001,8,8,2561
DARRELL POWER,Canada,Halifax,2005-08-02,23.92000000000001,8,8,2561
TERRANCE ROUSH,Hungary,Szkesfehrvr,2005-07-30,23.920000000000005,8,8,2564
RENEE LANE,United States,Compton,2005-07-10,23.92,8,8,2565
CAROLE BARNETT,United States,Peoria,2005-08-20,23.92,8,8,2565
FRANK WAGGONER,Bangladesh,Jamalpur,2005-06-20,23.92,8,8,2565
SUSAN WILSON,New Zealand,Hamilton,2005-07-12,23.919999999999998,8,8,2568
LORI WOOD,India,Rae Bareli,2005-07-11,23.919999999999998,8,8,2568
RITA GRAHAM,France,Toulon,2005-08-22,23.919999999999998,8,8,2568
SANDRA MARTIN,United Kingdom,Southend-on-Sea,2005-08-02,23.919999999999995,8,8,2571
JANE BENNETT,Brazil,Araatuba,2005-08-02,23.910000000000004,9,9,2572
CHAD CARBONE,India,Katihar,2005-07-12,23.909999999999997,9,9,2573
TAMMY SANDERS,Taiwan,Changhwa,2005-07-12,23.900000000000006,10,10,2574
DEREK BLAKELY,Philippines,Gingoog,2005-08-02,23.900000000000002,10,10,2575
MISTY LAMBERT,United Arab Emirates,Sharja,2005-08-22,22.950000000000017,5,5,2576
RACHEL BARNES,Japan,Kamakura,2005-07-31,22.95000000000001,5,5,2577
DANA HART,Russian Federation,Kirovo-Tepetsk,2005-08-20,22.950000000000006,5,5,2578
MABEL HOLLAND,Myanmar,Monywa,2005-08-20,22.950000000000006,5,5,2578
FRANCISCO SKIDMORE,Brazil,So Leopoldo,2005-08-21,22.950000000000006,5,5,2578
SHARON ROBINSON,Pakistan,Mardan,2005-07-30,22.950000000000003,5,5,2581
LAURA RODRIGUEZ,Morocco,Sal,2005-08-20,22.950000000000003,5,5,2581
REBECCA SCOTT,Japan,Kurashiki,2005-07-10,22.950000000000003,5,5,2581
CHRISTINE ROBERTS,French Polynesia,Faaa,2005-08-22,22.950000000000003,5,5,2581
CHERYL MURPHY,India,Mysore,2005-08-21,22.950000000000003,5,5,2581
JANICE WARD,Sweden,Malm,2005-07-07,22.950000000000003,5,5,2581
DENISE KELLY,Brazil,Rio Claro,2005-07-11,22.950000000000003,5,5,2581
DAWN SULLIVAN,Tuvalu,Funafuti,2005-07-12,22.950000000000003,5,5,2581
CARMEN OWENS,Venezuela,Caracas,2005-07-12,22.950000000000003,5,5,2581
SYLVIA ORTIZ,Colombia,Dos Quebradas,2005-07-08,22.950000000000003,5,5,2581
MARJORIE TUCKER,Poland,Jastrzebie-Zdrj,2005-07-30,22.950000000000003,5,5,2581
PAULINE HENRY,Mexico,Torren,2005-07-09,22.950000000000003,5,5,2581
ELEANOR HUNT,Runion,Saint-Denis,2005-06-19,22.950000000000003,5,5,2581
MICHELE GRANT,China,Yuncheng,2005-07-08,22.950000000000003,5,5,2581
BERTHA FERGUSON,Nigeria,Ondo,2005-08-01,22.950000000000003,5,5,2581
GERALDINE PERKINS,Israel,Tel Aviv-Jaffa,2005-07-09,22.950000000000003,5,5,2581
AUDREY RAY,Austria,Graz,2005-07-30,22.950000000000003,5,5,2581
LAURIE LAWRENCE,India,Firozabad,2005-07-31,22.950000000000003,5,5,2581
KRISTEN CHAVEZ,Japan,Hino,2005-08-23,22.950000000000003,5,5,2581
VICKI FIELDS,Germany,Witten,2005-08-20,22.950000000000003,5,5,2581
CARLA GUTIERREZ,India,Bhusawal,2005-07-10,22.950000000000003,5,5,2581
GERTRUDE CASTILLO,Greenland,Nuuk,2005-07-08,22.950000000000003,5,5,2581
LILLIE KIM,Egypt,Idfu,2005-07-10,22.950000000000003,5,5,2581
JACKIE LYNCH,Colombia,Buenaventura,2005-07-10,22.950000000000003,5,5,2581
VIOLA HANSON,Philippines,Lapu-Lapu,2005-07-31,22.950000000000003,5,5,2581
STELLA MORENO,Mexico,Coacalco de Berriozbal,2005-07-09,22.950000000000003,5,5,2581
KAY CALDWELL,China,Yantai,2005-08-20,22.950000000000003,5,5,2581
DIANNE SHELTON,Iran,Tabriz,2005-08-02,22.950000000000003,5,5,2581
SHERRI RHODES,India,Ahmadnagar,2005-08-19,22.950000000000003,5,5,2581
PETER MENARD,Netherlands,Ede,2005-08-21,22.950000000000003,5,5,2581
CARL ARTIS,Paraguay,San Lorenzo,2005-07-11,22.950000000000003,5,5,2581
JACK FOUST,Russian Federation,Zeleznogorsk,2005-08-23,22.950000000000003,5,5,2581
ROY WHITING,Kenya,Nyeri,2005-06-21,22.950000000000003,5,5,2581
CHRIS BROTHERS,Spain,Gijn,2005-07-09,22.950000000000003,5,5,2581
JESUS MCCARTNEY,Brazil,Guaruj,2005-07-12,22.950000000000003,5,5,2581
JOEL FRANCISCO,Bolivia,Sucre,2005-08-02,22.950000000000003,5,5,2581
EDWIN BURK,South Africa,Newcastle,2005-08-23,22.950000000000003,5,5,2581
EDDIE TOMLIN,Philippines,Ozamis,2005-06-18,22.950000000000003,5,5,2581
ALEXANDER FENNELL,Italy,Bergamo,2005-07-10,22.950000000000003,5,5,2581
ZACHARY HITE,United States,Akron,2005-07-10,22.950000000000003,5,5,2581
ROBERTO VU,China,Yinchuan,2005-07-10,22.950000000000003,5,5,2581
GLEN TALBERT,Mexico,Acua,2005-07-31,22.950000000000003,5,5,2581
RICK MATTOX,Egypt,Mit Ghamr,2005-06-18,22.950000000000003,5,5,2581
BRETT CORNWELL,India,Siliguri (Shiliguri),2005-07-11,22.950000000000003,5,5,2581
HARVEY GUAJARDO,Vietnam,Vinh,2005-07-12,22.950000000000003,5,5,2581
CASEY MENA,Turkey,Tokat,2005-07-11,22.950000000000003,5,5,2581
DENISE KELLY,Brazil,Rio Claro,2005-08-01,22.95,5,5,2627
CATHY SPENCER,Japan,Kakamigahara,2005-07-11,22.95,5,5,2627
DEANNA BYRD,Philippines,Tuguegarao,2005-06-18,22.95,5,5,2627
DANNY ISOM,Pakistan,Okara,2005-08-02,22.95,5,5,2627
BRAD MCCURDY,Taiwan,Chungho,2005-06-20,22.95,5,5,2627
JOANN GARDNER,Turkey,Tarsus,2005-08-02,22.949999999999996,5,5,2632
MARGIE WADE,China,Lengshuijiang,2005-07-30,22.949999999999996,5,5,2632
TIM CARY,India,Bijapur,2005-06-18,22.949999999999996,5,5,2632
CLYDE TOBIAS,China,Shaoguan,2005-07-30,22.949999999999996,5,5,2632
GUY BROWNLEE,China,Zhoushan,2005-07-30,22.949999999999996,5,5,2632
JULIAN VEST,Japan,Akishima,2005-08-22,22.94000000000001,6,6,2637
KIMBERLY LEE,Argentina,Crdoba,2005-08-19,22.940000000000005,6,6,2638
MARTHA GONZALEZ,Moldova,Chisinau,2005-08-22,22.940000000000005,6,6,2638
CARMEN OWENS,Venezuela,Caracas,2005-06-21,22.940000000000005,6,6,2638
CLARA SHAW,Belarus,Molodetno,2005-06-21,22.940000000000005,6,6,2638
ALICIA MILLS,India,Nagaon,2005-08-19,22.940000000000005,6,6,2638
WILLIE HOWELL,Argentina,Vicente Lpez,2005-08-22,22.940000000000005,6,6,2638
JOSEPH JOY,Brazil,Angra dos Reis,2005-06-21,22.940000000000005,6,6,2638
JEFFREY SPEAR,Indonesia,Ciparay,2005-08-02,22.940000000000005,6,6,2638
WILLIE MARKHAM,Argentina,Almirante Brown,2005-08-02,22.940000000000005,6,6,2638
DARRELL POWER,Canada,Halifax,2005-07-31,22.940000000000005,6,6,2638
REGINALD KINDER,Indonesia,Madiun,2005-07-12,22.940000000000005,6,6,2638
KEN PREWITT,Romania,Bucuresti,2005-08-21,22.940000000000005,6,6,2638
DOROTHY TAYLOR,Iran,Esfahan,2005-07-09,22.94,6,6,2650
CHRISTINE ROBERTS,French Polynesia,Faaa,2005-07-10,22.94,6,6,2650
ANNE POWELL,United Kingdom,Bradford,2005-08-01,22.94,6,6,2650
MARJORIE TUCKER,Poland,Jastrzebie-Zdrj,2005-07-11,22.94,6,6,2650
ELLA OLIVER,Yemen,Aden,2005-07-07,22.94,6,6,2650
CAROLE BARNETT,United States,Peoria,2005-08-02,22.94,6,6,2650
MICHAEL SILVERMAN,China,Tiefa,2005-07-12,22.94,6,6,2650
JACK FOUST,Russian Federation,Zeleznogorsk,2005-08-02,22.94,6,6,2650
TODD TAN,Ukraine,Kamjanets-Podilskyi,2005-08-23,22.94,6,6,2650
TRAVIS ESTEP,Saudi Arabia,al-Qatif,2005-08-02,22.94,6,6,2650
FRANCIS SIKES,Mexico,San Juan Bautista Tuxtepec,2005-08-23,22.94,6,6,2650
JOEL FRANCISCO,Bolivia,Sucre,2005-08-23,22.94,6,6,2650
RONNIE RICKETTS,Senegal,Ziguinchor,2005-06-18,22.94,6,6,2650
RAMON CHOATE,Ecuador,Robamba,2005-07-08,22.94,6,6,2650
IAN STILL,United States,Garland,2005-06-19,22.94,6,6,2650
SALVADOR TEEL,Gambia,Banjul,2005-07-30,22.94,6,6,2650
ENRIQUE FORSYTHE,Greece,Patras,2005-05-30,22.94,6,6,2650
FLORENCE WOODS,Argentina,Merlo,2005-07-11,22.939999999999998,6,6,2667
SYLVIA ORTIZ,Colombia,Dos Quebradas,2005-07-31,22.939999999999998,6,6,2667
HAZEL WARREN,China,Hohhot,2005-08-22,22.939999999999998,6,6,2667
JOANNE ROBERTSON,Japan,Urawa,2005-08-01,22.939999999999998,6,6,2667
REGINA BERRY,China,Jinchang,2005-07-30,22.939999999999998,6,6,2667
ERICA MATTHEWS,China,Pingxiang,2005-08-22,22.939999999999998,6,6,2667
STACY CUNNINGHAM,Colombia,Pereira,2005-08-01,22.939999999999998,6,6,2667
ELSIE KELLEY,Nigeria,Ikerre,2005-08-17,22.939999999999998,6,6,2667
MINNIE ROMERO,Indonesia,Ciomas,2005-08-19,22.939999999999998,6,6,2667
VICKIE BREWER,Germany,Halle/Saale,2005-08-19,22.939999999999998,6,6,2667
OLGA JIMENEZ,Nigeria,Ogbomosho,2005-08-02,22.939999999999998,6,6,2667
RYAN SALISBURY,Latvia,Daugavpils,2005-07-10,22.939999999999998,6,6,2667
KEITH RICO,Slovakia,Bratislava,2005-07-11,22.939999999999998,6,6,2667
ROY WHITING,Kenya,Nyeri,2005-07-29,22.939999999999998,6,6,2667
BILLY POULIN,Philippines,Cabuyao,2005-06-20,22.939999999999998,6,6,2667
CURTIS IRBY,Canada,Richmond Hill,2005-06-21,22.939999999999998,6,6,2667
RANDALL NEUMANN,Dominican Republic,La Romana,2005-08-02,22.939999999999998,6,6,2667
TOM MILNER,United Arab Emirates,Abu Dhabi,2005-07-07,22.939999999999998,6,6,2667
ADRIAN CLARY,Italy,Udine,2005-07-31,22.939999999999998,6,6,2667
SIDNEY BURLESON,Poland,Czestochowa,2005-07-30,22.939999999999998,6,6,2667
JAMIE RICE,United States,Sterling Heights,2005-08-02,22.939999999999994,6,6,2687
BECKY MILES,India,Tambaram,2005-08-22,22.93999999999999,6,6,2688
SARAH LEWIS,Latvia,Liepaja,2005-08-21,22.930000000000007,7,7,2689
REBECCA SCOTT,Japan,Kurashiki,2005-08-20,22.930000000000007,7,7,2689
CARMEN OWENS,Venezuela,Caracas,2005-08-02,22.930000000000003,7,7,2691
MARCIA DEAN,Philippines,Tanza,2005-07-10,22.930000000000003,7,7,2691
WILLIE MARKHAM,Argentina,Almirante Brown,2005-08-23,22.930000000000003,7,7,2691
CRAIG MORRELL,Philippines,Cavite,2005-08-18,22.930000000000003,7,7,2691
PHILIP CAUSEY,Russian Federation,Korolev,2005-08-20,22.930000000000003,7,7,2691
REGINALD KINDER,Indonesia,Madiun,2005-08-23,22.930000000000003,7,7,2691
TED BREAUX,China,Baicheng,2005-07-31,22.930000000000003,7,7,2691
ROSS GREY,Philippines,Iligan,2005-07-11,22.930000000000003,7,7,2691
PEGGY MYERS,Saudi Arabia,Abha,2005-08-22,22.93,7,7,2699
RITA GRAHAM,France,Toulon,2005-08-21,22.93,7,7,2699
SALLY PIERCE,India,Chandrapur,2005-07-31,22.93,7,7,2699
GARY COY,China,Yuzhou,2005-07-11,22.93,7,7,2699
JONATHAN SCARBOROUGH,Mexico,Pachuca de Soto,2005-08-23,22.93,7,7,2699
MARCUS HIDALGO,Estonia,Tartu,2005-08-20,22.93,7,7,2699
JAY ROBB,Indonesia,Surakarta,2005-06-20,22.93,7,7,2699
JIM REA,Mexico,El Fuerte,2005-06-21,22.93,7,7,2699
TOM MILNER,United Arab Emirates,Abu Dhabi,2005-06-19,22.93,7,7,2699
SANDRA MARTIN,United Kingdom,Southend-on-Sea,2005-08-01,22.929999999999996,7,7,2708
BILLY POULIN,Philippines,Cabuyao,2005-07-12,22.929999999999996,7,7,2708
SEAN DOUGLASS,Ethiopia,Addis Abeba,2005-08-02,22.929999999999996,7,7,2708
CHRISTY VARGAS,China,Datong,2005-07-30,22.92,8,8,2711
LEAH CURTIS,Poland,Kalisz,2005-08-23,22.92,8,8,2711
MARC OUTLAW,Italy,Brindisi,2005-08-01,22.92,8,8,2711
BOB PFEIFFER,China,Xintai,2005-08-21,22.92,8,8,2711
RENE MCALISTER,United States,Garden Grove,2005-07-12,22.92,8,8,2711
HOLLY FOX,India,Haldia,2005-08-02,22.919999999999998,8,8,2716
LOIS BUTLER,Brunei,Bandar Seri Begawan,2005-08-02,22.910000000000007,9,9,2717
RICKY SHELBY,China,Junan,2005-08-22,22.910000000000007,9,9,2717
BOBBY BOUDREAU,Anguilla,South Hill,2005-08-01,22.910000000000004,9,9,2719
JEFF EAST,Dominican Republic,San Felipe de Puerto Plata,2005-08-22,22.909999999999997,9,9,2720
HARRY ARCE,Iran,Najafabad,2005-07-31,21.950000000000006,5,5,2721
KARL SEAL,United States,Cape Coral,2005-07-09,21.950000000000006,5,5,2721
IVAN CROMWELL,Mexico,Monclova,2005-07-30,21.950000000000006,5,5,2721
BARBARA JONES,Myanmar,Myingyan,2005-07-30,21.950000000000003,5,5,2724
BETTY WHITE,United States,Citrus Heights,2005-07-30,21.950000000000003,5,5,2724
DEBRA NELSON,Brazil,Vila Velha,2005-06-19,21.950000000000003,5,5,2724
JULIE SANCHEZ,Spain,A Corua (La Corua),2005-07-30,21.950000000000003,5,5,2724
DORIS REED,Russian Federation,Balaiha,2005-08-21,21.950000000000003,5,5,2724
CONNIE WALLACE,Russian Federation,Ivanovo,2005-08-22,21.950000000000003,5,5,2724
CARMEN OWENS,Venezuela,Caracas,2005-07-07,21.950000000000003,5,5,2724
GAIL KNIGHT,Switzerland,Bern,2005-07-31,21.950000000000003,5,5,2724
LORRAINE STEPHENS,China,Hami,2005-08-01,21.950000000000003,5,5,2724
JUNE CARROLL,Algeria,Skikda,2005-05-31,21.950000000000003,5,5,2724
ALMA AUSTIN,Germany,Mannheim,2005-07-10,21.950000000000003,5,5,2724
TERRI VASQUEZ,Brazil,Blumenau,2005-07-07,21.950000000000003,5,5,2724
WILLIE HOWELL,Argentina,Vicente Lpez,2005-07-29,21.950000000000003,5,5,2724
MARIAN MENDOZA,Brazil,Maring,2005-07-12,21.950000000000003,5,5,2724
RAMONA HALE,India,Patiala,2005-07-10,21.950000000000003,5,5,2724
RAMONA HALE,India,Patiala,2005-07-30,21.950000000000003,5,5,2724
STEVEN CURLEY,India,Miraj,2005-06-18,21.950000000000003,5,5,2724
JACK FOUST,Russian Federation,Zeleznogorsk,2005-08-01,21.950000000000003,5,5,2724
RALPH MADRIGAL,Puerto Rico,Arecibo,2005-07-11,21.950000000000003,5,5,2724
TODD TAN,Ukraine,Kamjanets-Podilskyi,2005-08-20,21.950000000000003,5,5,2724
CHRIS BROTHERS,Spain,Gijn,2005-08-21,21.950000000000003,5,5,2724
JIMMY SCHRADER,Russian Federation,Atinsk,2005-07-10,21.950000000000003,5,5,2724
BRYAN HARDISON,United States,Dallas,2005-08-20,21.950000000000003,5,5,2724
RODNEY MOELLER,Nigeria,Deba Habe,2005-07-09,21.950000000000003,5,5,2724
LEE HAWKS,India,Pudukkottai,2005-07-29,21.950000000000003,5,5,2724
DEAN SAUER,South Africa,Johannesburg,2005-07-12,21.950000000000003,5,5,2724
DUANE TUBBS,Nauru,Yangor,2005-07-10,21.950000000000003,5,5,2724
LANCE PEMBERTON,Morocco,Beni-Mellal,2005-06-21,21.950000000000003,5,5,2724
JORDAN ARCHULETA,Argentina,Avellaneda,2005-07-09,21.950000000000003,5,5,2724
IAN STILL,United States,Garland,2005-06-18,21.950000000000003,5,5,2724
JOHNNIE CHISHOLM,Poland,Plock,2005-06-18,21.950000000000003,5,5,2724
SIDNEY BURLESON,Poland,Czestochowa,2005-08-20,21.950000000000003,5,5,2724
SHIRLEY ALLEN,Philippines,Davao,2005-07-31,21.95,5,5,2756
ANGELA HERNANDEZ,Japan,Shimonoseki,2005-07-10,21.95,5,5,2756
JUDY GRAY,Algeria,Bchar,2005-08-19,21.95,5,5,2756
JANE BENNETT,Brazil,Araatuba,2005-06-21,21.95,5,5,2756
AMBER DIXON,Taiwan,Touliu,2005-07-09,21.95,5,5,2756
TIMOTHY BUNN,Brazil,Braslia,2005-07-31,21.95,5,5,2756
JEFFREY SPEAR,Indonesia,Ciparay,2005-06-21,21.95,5,5,2756
DARREN WINDHAM,Italy,Livorno,2005-08-02,21.95,5,5,2756
EDUARDO HIATT,China,Jining,2005-06-19,21.95,5,5,2756
CATHY SPENCER,Japan,Kakamigahara,2005-08-20,21.949999999999996,5,5,2765
ALLISON STANLEY,Cambodia,Phnom Penh,2005-07-07,21.949999999999996,5,5,2765
PRISCILLA LOWE,Mexico,Salamanca,2005-06-21,21.949999999999996,5,5,2765
BECKY MILES,India,Tambaram,2005-07-31,21.949999999999996,5,5,2765
VIOLET RODRIQUEZ,Hong Kong,Kowloon and New Kowloon,2005-08-01,21.949999999999996,5,5,2765
RAYMOND MCWHORTER,Azerbaijan,Sumqayit,2005-08-22,21.949999999999996,5,5,2765
SARAH LEWIS,Latvia,Liepaja,2005-07-12,21.940000000000005,6,6,2771
DEBORAH WALKER,Pakistan,Shikarpur,2005-07-31,21.940000000000005,6,6,2771
CATHERINE CAMPBELL,Russian Federation,Moscow,2005-08-18,21.940000000000005,6,6,2771
JANICE WARD,Sweden,Malm,2005-08-02,21.940000000000005,6,6,2771
NICOLE PETERSON,India,Shivapuri,2005-08-23,21.940000000000005,6,6,2771
RACHEL BARNES,Japan,Kamakura,2005-07-09,21.940000000000005,6,6,2771
VICTORIA GIBSON,Indonesia,Pemalang,2005-08-01,21.940000000000005,6,6,2771
ROSEMARY SCHMIDT,Turkey,Usak,2005-08-21,21.940000000000005,6,6,2771
STACEY MONTGOMERY,China,Fuyu,2005-08-20,21.940000000000005,6,6,2771
TAMARA NGUYEN,Brazil,Anpolis,2005-07-11,21.940000000000005,6,6,2771
BENJAMIN VARNEY,Mexico,Guadalajara,2005-08-20,21.940000000000005,6,6,2771
HARRY ARCE,Iran,Najafabad,2005-08-19,21.940000000000005,6,6,2771
BILL GAVIN,United States,Rockford,2005-08-20,21.940000000000005,6,6,2771
ELIZABETH BROWN,Taiwan,Nantou,2005-07-10,21.94,6,6,2784
WENDY HARRISON,Mexico,Nezahualcyotl,2005-07-31,21.94,6,6,2784
CHARLOTTE HUNTER,Brazil,guas Lindas de Gois,2005-06-20,21.94,6,6,2784
JUANITA MASON,India,Pune,2005-07-12,21.94,6,6,2784
JILL HAWKINS,Austria,Linz,2005-07-31,21.94,6,6,2784
AGNES BISHOP,India,Sambhal,2005-07-31,21.94,6,6,2784
AGNES BISHOP,India,Sambhal,2005-08-22,21.94,6,6,2784
MINNIE ROMERO,Indonesia,Ciomas,2005-07-12,21.94,6,6,2784
CHARLES KOWALSKI,Malaysia,Sungai Petani,2005-07-29,21.94,6,6,2784
JEREMY HURTADO,Brazil,Vitria de Santo Anto,2005-07-11,21.94,6,6,2784
NATHAN RUNYON,"Virgin Islands, U.S.",Charlotte Amalie,2005-06-20,21.94,6,6,2784
TOM MILNER,United Arab Emirates,Abu Dhabi,2005-06-18,21.94,6,6,2784
WILLARD LUMPKIN,Mexico,Carmen,2005-07-12,21.94,6,6,2784
SUSAN WILSON,New Zealand,Hamilton,2005-08-02,21.939999999999998,6,6,2797
ELLEN SIMPSON,Brazil,Po,2005-08-19,21.939999999999998,6,6,2797
JUANITA MASON,India,Pune,2005-08-23,21.939999999999998,6,6,2797
GWENDOLYN MAY,Japan,Higashiosaka,2005-08-20,21.939999999999998,6,6,2797
MARK RINEHART,Saudi Arabia,Tabuk,2005-08-22,21.939999999999998,6,6,2797
RONALD WEINER,Mexico,San Felipe del Progreso,2005-06-21,21.939999999999998,6,6,2797
PATRICK NEWSOM,Vietnam,Hanoi,2005-07-31,21.939999999999998,6,6,2797
SEAN DOUGLASS,Ethiopia,Addis Abeba,2005-08-01,21.939999999999998,6,6,2797
DANNY ISOM,Pakistan,Okara,2005-07-12,21.939999999999998,6,6,2797
LESLIE SEWARD,Indonesia,Pontianak,2005-08-01,21.939999999999998,6,6,2797
DARRYL ASHCRAFT,Argentina,Ezeiza,2005-07-31,21.939999999999998,6,6,2797
EDUARDO HIATT,China,Jining,2005-07-09,21.939999999999998,6,6,2797
DENNIS GILMAN,South Africa,Paarl,2005-08-02,21.939999999999994,6,6,2809
VIRGINIA GREEN,France,Toulouse,2005-08-21,21.93999999999999,6,6,2810
MITCHELL WESTMORELAND,Vietnam,Nha Trang,2005-08-19,21.93999999999999,6,6,2810
LOIS BUTLER,Brunei,Bandar Seri Begawan,2005-08-22,21.930000000000007,7,7,2812
WILLIAM SATTERFIELD,Yemen,Sanaa,2005-08-22,21.930000000000007,7,7,2812
DIANA ALEXANDER,United States,Augusta-Richmond County,2005-06-21,21.930000000000003,7,7,2814
JOY GEORGE,Romania,Botosani,2005-07-11,21.930000000000003,7,7,2814
ANGELA HERNANDEZ,Japan,Shimonoseki,2005-06-21,21.93,7,7,2816
HOLLY FOX,India,Haldia,2005-07-31,21.93,7,7,2816
HILDA HOPKINS,Philippines,Mandaluyong,2005-07-11,21.93,7,7,2816
JENNIE TERRY,Czech Republic,Olomouc,2005-08-01,21.93,7,7,2816
DAISY BATES,Russian Federation,Kolpino,2005-06-20,21.93,7,7,2816
RAY HOULE,Russian Federation,Dzerzinsk,2005-08-22,21.93,7,7,2816
LEO EBERT,China,Dongying,2005-08-02,21.93,7,7,2816
HECTOR POINDEXTER,Russian Federation,Pjatigorsk,2005-07-29,21.93,7,7,2816
LESLIE SEWARD,Indonesia,Pontianak,2005-08-21,21.93,7,7,2816
CLAYTON BARBEE,Brazil,Alvorada,2005-08-21,21.93,7,7,2816
HERMAN DEVORE,Tanzania,Mwanza,2005-07-11,21.929999999999996,7,7,2826
MITCHELL WESTMORELAND,Vietnam,Nha Trang,2005-07-31,21.929999999999996,7,7,2826
LUCILLE HOLMES,South Africa,Soshanguve,2005-08-01,21.929999999999993,7,7,2828
MARY SMITH,Japan,Sasebo,2005-08-22,21.92000000000001,8,8,2829
LOIS BUTLER,Brunei,Bandar Seri Begawan,2005-07-31,21.92000000000001,8,8,2829
MELISSA KING,Taiwan,Lungtan,2005-08-22,21.92,8,8,2831
DEREK BLAKELY,Philippines,Gingoog,2005-08-01,21.92,8,8,2831
CLYDE TOBIAS,China,Shaoguan,2005-07-09,21.92,8,8,2831
THERESA WATSON,Philippines,Taguig,2005-08-19,21.919999999999998,8,8,2834
MARTIN BALES,Angola,Namibe,2005-08-02,21.910000000000004,9,9,2835
SHERRI RHODES,India,Ahmadnagar,2005-08-02,21.91,9,9,2836
WESLEY BULL,Spain,Ourense (Orense),2005-08-20,20.950000000000017,5,5,2837
MAE FLETCHER,Spain,Donostia-San Sebastin,2005-07-10,20.95000000000001,5,5,2838
KATHERINE RIVERA,Switzerland,Basel,2005-08-23,20.950000000000006,5,5,2839
JEFFREY SPEAR,Indonesia,Ciparay,2005-08-20,20.950000000000006,5,5,2839
BILL GAVIN,United States,Rockford,2005-08-19,20.950000000000006,5,5,2839
ELIZABETH BROWN,Taiwan,Nantou,2005-07-09,20.950000000000003,5,5,2842
MARIA MILLER,Yugoslavia,Kragujevac,2005-05-31,20.950000000000003,5,5,2842
HELEN HARRIS,India,Bhopal,2005-07-31,20.950000000000003,5,5,2842
CAROLYN PEREZ,Thailand,Pak Kret,2005-07-11,20.950000000000003,5,5,2842
JOYCE EDWARDS,Saudi Arabia,Jedda,2005-07-11,20.950000000000003,5,5,2842
TERESA ROGERS,Japan,Iwakuni,2005-07-11,20.950000000000003,5,5,2842
BEVERLY BROOKS,Taiwan,Chiayi,2005-07-31,20.950000000000003,5,5,2842
LILLIAN GRIFFIN,United Arab Emirates,al-Ayn,2005-06-19,20.950000000000003,5,5,2842
CARMEN OWENS,Venezuela,Caracas,2005-08-22,20.950000000000003,5,5,2842
SUZANNE NICHOLS,Indonesia,Jakarta,2005-08-21,20.950000000000003,5,5,2842
GAIL KNIGHT,Switzerland,Bern,2005-07-12,20.950000000000003,5,5,2842
RENEE LANE,United States,Compton,2005-08-02,20.950000000000003,5,5,2842
MELANIE ARMSTRONG,Philippines,Bayugan,2005-07-12,20.950000000000003,5,5,2842
KATIE ELLIOTT,Kenya,Kisumu,2005-07-31,20.950000000000003,5,5,2842
VANESSA SIMS,Germany,Siegen,2005-07-11,20.950000000000003,5,5,2842
JEANNE LAWSON,Turkmenistan,Ashgabat,2005-07-31,20.950000000000003,5,5,2842
COLLEEN BURTON,Germany,Saarbrcken,2005-07-09,20.950000000000003,5,5,2842
ALLISON STANLEY,Cambodia,Phnom Penh,2005-08-01,20.950000000000003,5,5,2842
MINNIE ROMERO,Indonesia,Ciomas,2005-07-10,20.950000000000003,5,5,2842
STELLA MORENO,Mexico,Coacalco de Berriozbal,2005-08-02,20.950000000000003,5,5,2842
MABEL HOLLAND,Myanmar,Monywa,2005-06-18,20.950000000000003,5,5,2842
CAROLE BARNETT,United States,Peoria,2005-08-01,20.950000000000003,5,5,2842
KRISTINA CHAMBERS,Venezuela,Valle de la Pascua,2005-08-19,20.950000000000003,5,5,2842
JOHN FARNSWORTH,India,Parbhani,2005-07-11,20.950000000000003,5,5,2842
CHARLES KOWALSKI,Malaysia,Sungai Petani,2005-07-12,20.950000000000003,5,5,2842
DOUGLAS GRAF,Mexico,Mexicali,2005-06-18,20.950000000000003,5,5,2842
ALBERT CROUSE,Cameroon,Bamenda,2005-06-21,20.950000000000003,5,5,2842
JEREMY HURTADO,Brazil,Vitria de Santo Anto,2005-07-10,20.950000000000003,5,5,2842
JEREMY HURTADO,Brazil,Vitria de Santo Anto,2005-08-21,20.950000000000003,5,5,2842
CARLOS COUGHLIN,India,Bhavnagar,2005-08-20,20.950000000000003,5,5,2842
SHAWN HEATON,Thailand,Nakhon Sawan,2005-07-08,20.950000000000003,5,5,2842
CLARENCE GAMEZ,Japan,Izumisano,2005-07-10,20.950000000000003,5,5,2842
GLENN PULLEN,Netherlands,Amersfoort,2005-07-12,20.950000000000003,5,5,2842
HERBERT KRUGER,Russian Federation,Syktyvkar,2005-07-12,20.950000000000003,5,5,2842
BARRY LOVELACE,Zambia,Kitwe,2005-07-10,20.950000000000003,5,5,2842
DEAN SAUER,South Africa,Johannesburg,2005-06-20,20.950000000000003,5,5,2842
LEWIS LYMAN,Israel,Ashqelon,2005-08-22,20.950000000000003,5,5,2842
SAM MCDUFFIE,Colombia,Sogamoso,2005-08-23,20.950000000000003,5,5,2842
KURT EMMONS,Japan,Kanazawa,2005-07-29,20.950000000000003,5,5,2842
CLAYTON BARBEE,Brazil,Alvorada,2005-05-31,20.950000000000003,5,5,2842
JORDAN ARCHULETA,Argentina,Avellaneda,2005-07-29,20.950000000000003,5,5,2842
BETTY WHITE,United States,Citrus Heights,2005-05-29,20.95,5,5,2883
HEATHER MORRIS,Japan,Nagareyama,2005-08-20,20.95,5,5,2883
KATHRYN COLEMAN,Ukraine,Simferopol,2005-06-21,20.95,5,5,2883
STACY CUNNINGHAM,Colombia,Pereira,2005-08-21,20.95,5,5,2883
NATALIE MEYER,Brazil,Aparecida de Goinia,2005-08-02,20.95,5,5,2883
JON WILES,Bolivia,El Alto,2005-08-20,20.95,5,5,2883
LESLIE SEWARD,Indonesia,Pontianak,2005-05-30,20.95,5,5,2883
IDA ANDREWS,Brazil,Luzinia,2005-08-01,20.949999999999996,5,5,2890
GEORGIA JACOBS,India,Uttarpara-Kotrung,2005-08-02,20.949999999999996,5,5,2890
DENNIS GILMAN,South Africa,Paarl,2005-08-21,20.949999999999996,5,5,2890
CLIFFORD BOWENS,Russian Federation,Nabereznyje Telny,2005-07-11,20.949999999999996,5,5,2890
TIM CARY,India,Bijapur,2005-05-28,20.949999999999996,5,5,2890
EDGAR RHOADS,Turkey,Eskisehir,2005-07-30,20.949999999999996,5,5,2890
CLINTON BUFORD,United States,Aurora,2005-07-31,20.949999999999996,5,5,2890
TAMMY SANDERS,Taiwan,Changhwa,2005-07-29,20.94000000000001,6,6,2897
MARGARET MOORE,Oman,Masqat,2005-08-02,20.940000000000005,6,6,2898
GLORIA COOK,French Polynesia,Papeete,2005-08-01,20.940000000000005,6,6,2898
ESTHER CRAWFORD,South Africa,Botshabelo,2005-07-08,20.940000000000005,6,6,2898
TARA RYAN,Indonesia,Gorontalo,2005-08-23,20.940000000000005,6,6,2898
COLLEEN BURTON,Germany,Saarbrcken,2005-07-30,20.940000000000005,6,6,2898
NINA SOTO,India,Palghat (Palakkad),2005-06-19,20.940000000000005,6,6,2898
GERALD FULTZ,India,Satna,2005-07-30,20.940000000000005,6,6,2898
WILLIE MARKHAM,Argentina,Almirante Brown,2005-08-22,20.940000000000005,6,6,2898
CLARENCE GAMEZ,Japan,Izumisano,2005-08-01,20.940000000000005,6,6,2898
PHILIP CAUSEY,Russian Federation,Korolev,2005-08-19,20.940000000000005,6,6,2898
ROSS GREY,Philippines,Iligan,2005-07-30,20.940000000000005,6,6,2898
BETTY WHITE,United States,Citrus Heights,2005-08-23,20.94,6,6,2909
JANET PHILLIPS,Chile,Antofagasta,2005-07-11,20.94,6,6,2909
TINA SIMMONS,Brazil,Goinia,2005-08-22,20.94,6,6,2909
VICTORIA GIBSON,Indonesia,Pemalang,2005-06-19,20.94,6,6,2909
HAZEL WARREN,China,Hohhot,2005-07-30,20.94,6,6,2909
JAMIE RICE,United States,Sterling Heights,2005-06-19,20.94,6,6,2909
MEGAN PALMER,China,Laiwu,2005-07-31,20.94,6,6,2909
ANNETTE OLSON,India,Allappuzha (Alleppey),2005-07-29,20.94,6,6,2909
BRITTANY RILEY,Ukraine,Sumy,2005-06-19,20.94,6,6,2909
JOY GEORGE,Romania,Botosani,2005-06-19,20.94,6,6,2909
JACKIE LYNCH,Colombia,Buenaventura,2005-08-22,20.94,6,6,2909
MARK RINEHART,Saudi Arabia,Tabuk,2005-07-12,20.94,6,6,2909
EUGENE CULPEPPER,China,Shenzhen,2005-08-02,20.94,6,6,2909
MARVIN YEE,India,Berhampore (Baharampur),2005-08-20,20.94,6,6,2909
THEODORE CULP,India,Uluberia,2005-06-20,20.94,6,6,2909
FRANKLIN TROUTMAN,China,Zaoyang,2005-08-18,20.94,6,6,2909
HARVEY GUAJARDO,Vietnam,Vinh,2005-08-01,20.94,6,6,2909
ALMA AUSTIN,Germany,Mannheim,2005-06-20,20.939999999999998,6,6,2926
VIOLA HANSON,Philippines,Lapu-Lapu,2005-07-10,20.939999999999998,6,6,2926
KYLE SPURLOCK,China,Shanwei,2005-07-30,20.939999999999998,6,6,2926
EDDIE TOMLIN,Philippines,Ozamis,2005-08-02,20.939999999999998,6,6,2926
HERMAN DEVORE,Tanzania,Mwanza,2005-07-10,20.939999999999998,6,6,2926
TIM CARY,India,Bijapur,2005-07-11,20.939999999999994,6,6,2931
BOBBY BOUDREAU,Anguilla,South Hill,2005-07-31,20.930000000000003,7,7,2932
CRAIG MORRELL,Philippines,Cavite,2005-07-31,20.930000000000003,7,7,2932
GRACE ELLIS,Germany,Duisburg,2005-07-11,20.93,7,7,2934
GRACE ELLIS,Germany,Duisburg,2005-07-12,20.93,7,7,2934
SALLY PIERCE,India,Chandrapur,2005-07-10,20.93,7,7,2934
RENEE LANE,United States,Compton,2005-07-08,20.93,7,7,2934
JACK FOUST,Russian Federation,Zeleznogorsk,2005-07-11,20.93,7,7,2934
LANCE PEMBERTON,Morocco,Beni-Mellal,2005-08-01,20.93,7,7,2934
DUSTIN GILLETTE,Netherlands,Emmen,2005-08-21,20.929999999999996,7,7,2940
SUE PETERS,China,Changzhou,2005-05-30,20.92,8,8,2941
LEONARD SCHOFIELD,Argentina,Tandil,2005-08-22,20.92,8,8,2941
GENE SANBORN,Oman,Salala,2005-07-11,20.919999999999998,8,8,2943
CARRIE PORTER,China,Liaocheng,2005-07-09,20.910000000000004,9,9,2944
VICTORIA GIBSON,Indonesia,Pemalang,2005-08-20,19.95000000000001,5,5,2945
MISTY LAMBERT,United Arab Emirates,Sharja,2005-07-28,19.95000000000001,5,5,2945
KATHLEEN ADAMS,Iran,Arak,2005-08-20,19.950000000000006,5,5,2947
CATHERINE CAMPBELL,Russian Federation,Moscow,2005-07-31,19.950000000000006,5,5,2947
ELIZABETH BROWN,Taiwan,Nantou,2005-06-20,19.950000000000003,5,5,2949
MARGARET MOORE,Oman,Masqat,2005-08-21,19.950000000000003,5,5,2949
BETTY WHITE,United States,Citrus Heights,2005-08-22,19.950000000000003,5,5,2949
SHARON ROBINSON,Pakistan,Mardan,2005-07-11,19.950000000000003,5,5,2949
SHIRLEY ALLEN,Philippines,Davao,2005-06-18,19.950000000000003,5,5,2949
AMY LOPEZ,India,Jhansi,2005-07-09,19.950000000000003,5,5,2949
ANNA HILL,Italy,Alessandria,2005-08-01,19.950000000000003,5,5,2949
JOAN COOPER,United States,Saint Louis,2005-06-20,19.950000000000003,5,5,2949
JOAN COOPER,United States,Saint Louis,2005-08-22,19.950000000000003,5,5,2949
JUDITH COX,China,Daxian,2005-07-08,19.950000000000003,5,5,2949
CHRISTINA RAMIREZ,Saudi Arabia,al-Hawiya,2005-07-29,19.950000000000003,5,5,2949
NORMA GONZALES,Philippines,Bislig,2005-06-19,19.950000000000003,5,5,2949
CARMEN OWENS,Venezuela,Caracas,2005-06-20,19.950000000000003,5,5,2949
THELMA MURRAY,Peru,Lima,2005-07-28,19.950000000000003,5,5,2949
CLARA SHAW,Belarus,Molodetno,2005-06-20,19.950000000000003,5,5,2949
JAMIE RICE,United States,Sterling Heights,2005-06-18,19.950000000000003,5,5,2949
VALERIE BLACK,United States,Brockton,2005-08-23,19.950000000000003,5,5,2949
ALICIA MILLS,India,Nagaon,2005-07-12,19.950000000000003,5,5,2949
LORRAINE STEPHENS,China,Hami,2005-07-09,19.950000000000003,5,5,2949
DOLORES WAGNER,Malaysia,Ipoh,2005-08-19,19.950000000000003,5,5,2949
LORETTA CARPENTER,Canada,Oshawa,2005-07-30,19.950000000000003,5,5,2949
YOLANDA WEAVER,Tanzania,Tabora,2005-06-21,19.950000000000003,5,5,2949
ROSEMARY SCHMIDT,Turkey,Usak,2005-07-31,19.950000000000003,5,5,2949
LUCY WHEELER,India,Balurghat,2005-07-10,19.950000000000003,5,5,2949
GINA WILLIAMSON,Yemen,Taizz,2005-06-19,19.950000000000003,5,5,2949
KRISTIN JOHNSTON,United States,Sunnyvale,2005-07-12,19.950000000000003,5,5,2949
WILLIE HOWELL,Argentina,Vicente Lpez,2005-07-09,19.950000000000003,5,5,2949
TAMARA NGUYEN,Brazil,Anpolis,2005-07-31,19.950000000000003,5,5,2949
COURTNEY DAY,South Korea,Uijongbu,2005-05-29,19.950000000000003,5,5,2949
COURTNEY DAY,South Korea,Uijongbu,2005-07-12,19.950000000000003,5,5,2949
DORA MEDINA,China,Tianjin,2005-06-20,19.950000000000003,5,5,2949
JENNIE TERRY,Czech Republic,Olomouc,2005-07-09,19.950000000000003,5,5,2949
TONI HOLT,United States,Roanoke,2005-07-12,19.950000000000003,5,5,2949
THOMAS GRIGSBY,United States,Kansas City,2005-06-18,19.950000000000003,5,5,2949
EDWARD BAUGH,Faroe Islands,Trshavn,2005-07-10,19.950000000000003,5,5,2949
MATTHEW MAHAN,Mexico,Cuautla,2005-07-12,19.950000000000003,5,5,2949
JEFFREY SPEAR,Indonesia,Ciparay,2005-07-31,19.950000000000003,5,5,2949
BENJAMIN VARNEY,Mexico,Guadalajara,2005-06-20,19.950000000000003,5,5,2949
JEREMY HURTADO,Brazil,Vitria de Santo Anto,2005-08-01,19.950000000000003,5,5,2949
SHAWN HEATON,Thailand,Nakhon Sawan,2005-07-30,19.950000000000003,5,5,2949
PHILIP CAUSEY,Russian Federation,Korolev,2005-06-20,19.950000000000003,5,5,2949
EARL SHANKS,Japan,Iwatsuki,2005-07-12,19.950000000000003,5,5,2949
DANNY ISOM,Pakistan,Okara,2005-08-23,19.950000000000003,5,5,2949
JOEL FRANCISCO,Bolivia,Sucre,2005-06-19,19.950000000000003,5,5,2949
MICHEAL FORMAN,Argentina,Escobar,2005-08-21,19.950000000000003,5,5,2949
DARRELL POWER,Canada,Halifax,2005-07-30,19.950000000000003,5,5,2949
MARC OUTLAW,Italy,Brindisi,2005-07-10,19.950000000000003,5,5,2949
ROLAND SOUTH,China,Yingkou,2005-08-20,19.950000000000003,5,5,2949
KARL SEAL,United States,Cape Coral,2005-06-17,19.950000000000003,5,5,2949
SUSAN WILSON,New Zealand,Hamilton,2005-08-23,19.95,5,5,2998
ANGELA HERNANDEZ,Japan,Shimonoseki,2005-07-30,19.95,5,5,2998
THERESA WATSON,Philippines,Taguig,2005-08-01,19.95,5,5,2998
JACQUELINE LONG,Thailand,Songkhla,2005-07-09,19.95,5,5,2998
GEORGE LINTON,Brazil,Sorocaba,2005-07-28,19.95,5,5,2998
TIMOTHY BUNN,Brazil,Braslia,2005-07-12,19.95,5,5,2998
JOE GILLILAND,Philippines,Imus,2005-07-30,19.95,5,5,2998
MARTIN BALES,Angola,Namibe,2005-08-22,19.95,5,5,2998
JON WILES,Bolivia,El Alto,2005-08-01,19.95,5,5,2998
RUBEN GEARY,Poland,Lublin,2005-08-22,19.95,5,5,2998
CLAYTON BARBEE,Brazil,Alvorada,2005-08-02,19.95,5,5,2998
TRACY HERRMANN,Ecuador,Loja,2005-07-29,19.95,5,5,2998
DOROTHY TAYLOR,Iran,Esfahan,2005-08-22,19.949999999999996,5,5,3010
DENNIS GILMAN,South Africa,Paarl,2005-07-09,19.949999999999996,5,5,3010
WALTER PERRYMAN,China,Xinxiang,2005-07-31,19.949999999999996,5,5,3010
BILLY POULIN,Philippines,Cabuyao,2005-07-11,19.949999999999996,5,5,3010
BRADLEY MOTLEY,India,Purnea (Purnia),2005-06-21,19.949999999999996,5,5,3010
TIM CARY,India,Bijapur,2005-07-09,19.949999999999996,5,5,3010
ELMER NOE,Cambodia,Battambang,2005-06-20,19.949999999999996,5,5,3010
SETH HANNON,Bahrain,al-Manama,2005-07-30,19.949999999999996,5,5,3010
MICHELLE CLARK,Bangladesh,Tangail,2005-07-31,19.940000000000005,6,6,3018
REBECCA SCOTT,Japan,Kurashiki,2005-08-19,19.940000000000005,6,6,3018
DIANA ALEXANDER,United States,Augusta-Richmond County,2005-07-10,19.940000000000005,6,6,3018
LYDIA BURKE,Argentina,San Miguel de Tucumn,2005-07-12,19.940000000000005,6,6,3018
JOSHUA MARK,India,Rampur,2005-06-20,19.940000000000005,6,6,3018
PHILLIP HOLM,Japan,Tama,2005-07-31,19.940000000000005,6,6,3018
GLENN PULLEN,Netherlands,Amersfoort,2005-07-31,19.940000000000005,6,6,3018
GLEN TALBERT,Mexico,Acua,2005-08-21,19.940000000000005,6,6,3018
MARION OCAMPO,China,Weifang,2005-07-29,19.940000000000005,6,6,3018
JENNIFER DAVIS,United States,Laredo,2005-07-12,19.94,6,6,3027
MARGARET MOORE,Oman,Masqat,2005-07-11,19.94,6,6,3027
ANNE POWELL,United Kingdom,Bradford,2005-06-21,19.94,6,6,3027
CARRIE PORTER,China,Liaocheng,2005-06-21,19.94,6,6,3027
ESTHER CRAWFORD,South Africa,Botshabelo,2005-06-20,19.94,6,6,3027
HOLLY FOX,India,Haldia,2005-07-30,19.94,6,6,3027
CHARLENE ALVAREZ,Tanzania,Zanzibar,2005-07-12,19.94,6,6,3027
VICKIE BREWER,Germany,Halle/Saale,2005-05-31,19.94,6,6,3027
ALAN KAHN,China,Emeishan,2005-07-12,19.94,6,6,3027
ROLAND SOUTH,China,Yingkou,2005-07-10,19.94,6,6,3027
JASON MORRISSEY,Argentina,Baha Blanca,2005-07-12,19.939999999999998,6,6,3037
HENRY BILLINGSLEY,Tonga,Nukualofa,2005-08-22,19.939999999999998,6,6,3037
LLOYD DOWD,Indonesia,Tegal,2005-08-21,19.939999999999998,6,6,3037
DUSTIN GILLETTE,Netherlands,Emmen,2005-08-18,19.939999999999998,6,6,3037
GENE SANBORN,Oman,Salala,2005-06-21,19.939999999999998,6,6,3037
RUBEN GEARY,Poland,Lublin,2005-08-02,19.939999999999998,6,6,3037
NATHANIEL ADAM,United States,Joliet,2005-08-20,19.939999999999998,6,6,3037
VIRGIL WOFFORD,Mexico,Jos Azueta,2005-08-22,19.939999999999998,6,6,3037
NORA HERRERA,Austria,Salzburg,2005-08-18,19.939999999999994,6,6,3045
CURTIS IRBY,Canada,Richmond Hill,2005-07-09,19.939999999999994,6,6,3045
CLINTON BUFORD,United States,Aurora,2005-08-22,19.93999999999999,6,6,3047
JIMMY SCHRADER,Russian Federation,Atinsk,2005-08-18,19.930000000000007,7,7,3048
VIRGINIA GREEN,France,Toulouse,2005-07-10,19.930000000000003,7,7,3049
EARL SHANKS,Japan,Iwatsuki,2005-07-31,19.930000000000003,7,7,3049
IDA ANDREWS,Brazil,Luzinia,2005-07-12,19.93,7,7,3051
SHERRI RHODES,India,Ahmadnagar,2005-08-01,19.93,7,7,3051
HAROLD MARTINO,Brazil,Boa Vista,2005-07-31,19.93,7,7,3051
JUAN FRALEY,Russian Federation,Teboksary,2005-07-11,19.93,7,7,3051
WAYNE TRUONG,India,Gulbarga,2005-08-22,19.93,7,7,3051
DUSTIN GILLETTE,Netherlands,Emmen,2005-07-08,19.93,7,7,3051
BYRON BOX,Kazakstan,Zhezqazghan,2005-07-09,19.93,7,7,3051
RENE MCALISTER,United States,Garden Grove,2005-07-11,19.93,7,7,3051
ELIZABETH BROWN,Taiwan,Nantou,2005-07-31,19.929999999999996,7,7,3059
VELMA LUCAS,Nigeria,Effon-Alaiye,2005-08-23,19.929999999999996,7,7,3059
CLINTON BUFORD,United States,Aurora,2005-07-12,19.929999999999996,7,7,3059
VERONICA STONE,United States,Greensboro,2005-07-31,19.92,8,8,3062
NORMAN CURRIER,Indonesia,Cianjur,2005-08-02,19.92,8,8,3062
ALBERTO HENNING,Venezuela,Barcelona,2005-08-02,19.92,8,8,3062
KIRK STCLAIR,Taiwan,Tsaotun,2005-08-23,19.92,8,8,3062
CHAD CARBONE,India,Katihar,2005-07-11,19.919999999999998,8,8,3066
BOBBIE CRAIG,Mexico,Valle de Santiago,2005-08-22,19.91,9,9,3067
JENNIFER DAVIS,United States,Laredo,2005-07-11,18.950000000000003,5,5,3068
JENNIFER DAVIS,United States,Laredo,2005-08-20,18.950000000000003,5,5,3068
KATHLEEN ADAMS,Iran,Arak,2005-07-29,18.950000000000003,5,5,3068
DORIS REED,Russian Federation,Balaiha,2005-06-20,18.950000000000003,5,5,3068
JANICE WARD,Sweden,Malm,2005-06-19,18.950000000000003,5,5,3068
RACHEL BARNES,Japan,Kamakura,2005-07-08,18.950000000000003,5,5,3068
JACQUELINE LONG,Thailand,Songkhla,2005-06-19,18.950000000000003,5,5,3068
LOIS BUTLER,Brunei,Bandar Seri Begawan,2005-07-08,18.950000000000003,5,5,3068
ANNIE RUSSELL,Mozambique,Tete,2005-07-08,18.950000000000003,5,5,3068
VICTORIA GIBSON,Indonesia,Pemalang,2005-07-09,18.950000000000003,5,5,3068
THELMA MURRAY,Peru,Lima,2005-06-18,18.950000000000003,5,5,3068
HAZEL WARREN,China,Hohhot,2005-07-29,18.950000000000003,5,5,3068
BERTHA FERGUSON,Nigeria,Ondo,2005-07-12,18.950000000000003,5,5,3068
VIVIAN RUIZ,Netherlands,s-Hertogenbosch,2005-07-12,18.950000000000003,5,5,3068
EILEEN CARR,Paraguay,Ciudad del Este,2005-08-21,18.950000000000003,5,5,3068
CLAUDIA FULLER,Kuwait,Jalib al-Shuyukh,2005-06-17,18.950000000000003,5,5,3068
GLENDA FRAZIER,China,Qinhuangdao,2005-07-10,18.950000000000003,5,5,3068
JO FOWLER,Nigeria,Oyo,2005-05-31,18.950000000000003,5,5,3068
DONALD MAHON,China,Ezhou,2005-08-01,18.950000000000003,5,5,3068
ERIC ROBERT,Argentina,Santa F,2005-08-22,18.950000000000003,5,5,3068
ANDREW PURDY,Azerbaijan,Baku,2005-07-29,18.950000000000003,5,5,3068
DOUGLAS GRAF,Mexico,Mexicali,2005-08-23,18.950000000000003,5,5,3068
GERALD FULTZ,India,Satna,2005-07-12,18.950000000000003,5,5,3068
KEITH RICO,Slovakia,Bratislava,2005-07-30,18.950000000000003,5,5,3068
ALEX GRESHAM,Mexico,Uruapan,2005-07-31,18.950000000000003,5,5,3068
WESLEY BULL,Spain,Ourense (Orense),2005-05-31,18.950000000000003,5,5,3068
LEWIS LYMAN,Israel,Ashqelon,2005-07-31,18.950000000000003,5,5,3068
REGINALD KINDER,Indonesia,Madiun,2005-07-11,18.950000000000003,5,5,3068
ANGEL BARCLAY,Japan,Ueda,2005-08-20,18.950000000000003,5,5,3068
RAUL FORTIER,India,Chapra,2005-07-12,18.950000000000003,5,5,3068
CECIL VINES,United Kingdom,London,2005-07-30,18.950000000000003,5,5,3068
ANDRE RAPP,Chile,Coquimbo,2005-08-02,18.950000000000003,5,5,3068
HARVEY GUAJARDO,Vietnam,Vinh,2005-07-31,18.950000000000003,5,5,3068
HARVEY GUAJARDO,Vietnam,Vinh,2005-08-22,18.950000000000003,5,5,3068
TYRONE ASHER,Bulgaria,Ruse,2005-06-21,18.950000000000003,5,5,3068
KELLY KNOTT,China,Sanya,2005-08-02,18.950000000000003,5,5,3068
ROSS GREY,Philippines,Iligan,2005-08-22,18.950000000000003,5,5,3068
EVELYN MORGAN,Liechtenstein,Vaduz,2005-07-10,18.95,5,5,3105
ROSE HOWARD,French Guiana,Cayenne,2005-07-12,18.95,5,5,3105
JUANITA MASON,India,Pune,2005-08-21,18.95,5,5,3105
REGINA BERRY,China,Jinchang,2005-07-09,18.95,5,5,3105
VERA MCCOY,Afghanistan,Kabul,2005-08-20,18.95,5,5,3105
CAROLE BARNETT,United States,Peoria,2005-07-12,18.95,5,5,3105
GREGORY MAULDIN,Tunisia,Sousse,2005-07-07,18.95,5,5,3105
JOE GILLILAND,Philippines,Imus,2005-07-09,18.95,5,5,3105
JESUS MCCARTNEY,Brazil,Guaruj,2005-06-18,18.95,5,5,3105
GENE SANBORN,Oman,Salala,2005-06-20,18.95,5,5,3105
PATRICK NEWSOM,Vietnam,Hanoi,2005-07-29,18.949999999999996,5,5,3115
CHAD CARBONE,India,Katihar,2005-08-01,18.949999999999996,5,5,3115
EDUARDO HIATT,China,Jining,2005-07-07,18.949999999999996,5,5,3115
DEBORAH WALKER,Pakistan,Shikarpur,2005-08-23,18.940000000000012,6,6,3118
TRACY COLE,Mexico,Huixquilucan,2005-07-09,18.940000000000005,6,6,3119
PAULINE HENRY,Mexico,Torren,2005-08-22,18.940000000000005,6,6,3119
DOLORES WAGNER,Malaysia,Ipoh,2005-07-12,18.940000000000005,6,6,3119
IRENE PRICE,Kazakstan,Pavlodar,2005-07-31,18.94,6,6,3122
RITA GRAHAM,France,Toulon,2005-08-19,18.94,6,6,3122
SAMUEL MARLOW,India,Ranchi,2005-06-21,18.94,6,6,3122
SAMUEL MARLOW,India,Ranchi,2005-08-02,18.94,6,6,3122
LAWRENCE LAWTON,Cameroon,Yaound,2005-08-01,18.94,6,6,3122
BERNARD COLBY,India,Dhule (Dhulia),2005-07-10,18.94,6,6,3122
JESSIE MILAM,China,Binzhou,2005-06-20,18.94,6,6,3122
JOANN GARDNER,Turkey,Tarsus,2005-07-12,18.939999999999998,6,6,3129
BECKY MILES,India,Tambaram,2005-07-11,18.939999999999998,6,6,3129
DAISY BATES,Russian Federation,Kolpino,2005-06-19,18.939999999999998,6,6,3129
WAYNE TRUONG,India,Gulbarga,2005-07-31,18.939999999999998,6,6,3129
VINCENT RALSTON,Mexico,Allende,2005-08-19,18.939999999999998,6,6,3129
BEN EASTER,Russian Federation,Kamyin,2005-06-19,18.939999999999998,6,6,3129
CLINTON BUFORD,United States,Aurora,2005-07-11,18.939999999999998,6,6,3129
LYDIA BURKE,Argentina,San Miguel de Tucumn,2005-08-21,18.930000000000007,7,7,3136
RICKY SHELBY,China,Junan,2005-08-21,18.930000000000007,7,7,3136
TAMMY SANDERS,Taiwan,Changhwa,2005-07-11,18.930000000000003,7,7,3138
EVELYN MORGAN,Liechtenstein,Vaduz,2005-07-31,18.93,7,7,3139
CHAD CARBONE,India,Katihar,2005-07-10,18.93,7,7,3139
DEREK BLAKELY,Philippines,Gingoog,2005-07-31,18.93,7,7,3139
FELIX GAFFNEY,Lithuania,Vilnius,2005-08-23,18.93,7,7,3139
JAIME NETTLES,Peru,Hunuco,2005-07-12,18.93,7,7,3139
MATTIE HOFFMAN,United Kingdom,London,2005-08-01,18.92,8,8,3144
MARILYN ROSS,Nigeria,Ife,2005-08-22,18.919999999999995,8,8,3145
MAE FLETCHER,Spain,Donostia-San Sebastin,2005-08-02,17.95000000000001,5,5,3146
JIMMY SCHRADER,Russian Federation,Atinsk,2005-07-31,17.95000000000001,5,5,3146
PAULINE HENRY,Mexico,Torren,2005-08-20,17.950000000000006,5,5,3148
MATTHEW MAHAN,Mexico,Cuautla,2005-08-21,17.950000000000006,5,5,3148
SUSAN WILSON,New Zealand,Hamilton,2005-07-08,17.950000000000003,5,5,3150
BETTY WHITE,United States,Citrus Heights,2005-07-09,17.950000000000003,5,5,3150
KIMBERLY LEE,Argentina,Crdoba,2005-07-12,17.950000000000003,5,5,3150
JANET PHILLIPS,Chile,Antofagasta,2005-06-21,17.950000000000003,5,5,3150
JULIE SANCHEZ,Spain,A Corua (La Corua),2005-07-11,17.950000000000003,5,5,3150
IRENE PRICE,Kazakstan,Pavlodar,2005-07-30,17.950000000000003,5,5,3150
ANNIE RUSSELL,Mozambique,Tete,2005-08-01,17.950000000000003,5,5,3150
CHARLOTTE HUNTER,Brazil,guas Lindas de Gois,2005-07-31,17.950000000000003,5,5,3150
WILLIE HOWELL,Argentina,Vicente Lpez,2005-08-21,17.950000000000003,5,5,3150
COLLEEN BURTON,Germany,Saarbrcken,2005-07-29,17.950000000000003,5,5,3150
COURTNEY DAY,South Korea,Uijongbu,2005-07-27,17.950000000000003,5,5,3150
NINA SOTO,India,Palghat (Palakkad),2005-06-18,17.950000000000003,5,5,3150
FELICIA SUTTON,China,Korla,2005-06-19,17.950000000000003,5,5,3150
JOSEPH JOY,Brazil,Angra dos Reis,2005-06-20,17.950000000000003,5,5,3150
FRANK WAGGONER,Bangladesh,Jamalpur,2005-07-08,17.950000000000003,5,5,3150
WILLIE MARKHAM,Argentina,Almirante Brown,2005-07-31,17.950000000000003,5,5,3150
LAWRENCE LAWTON,Cameroon,Yaound,2005-07-31,17.950000000000003,5,5,3150
VICTOR BARKLEY,United States,Manchester,2005-08-21,17.950000000000003,5,5,3150
JEFF EAST,Dominican Republic,San Felipe de Puerto Plata,2005-07-11,17.950000000000003,5,5,3150
JORGE OLIVARES,Indonesia,Lhokseumawe,2005-07-09,17.950000000000003,5,5,3150
RAFAEL ABNEY,Philippines,Talavera,2005-08-23,17.950000000000003,5,5,3150
CLAUDE HERZOG,Angola,Benguela,2005-05-29,17.950000000000003,5,5,3150
JESSIE MILAM,China,Binzhou,2005-06-19,17.950000000000003,5,5,3150
CHRISTIAN JUNG,India,Amroha,2005-07-30,17.950000000000003,5,5,3150
ALBERTO HENNING,Venezuela,Barcelona,2005-06-21,17.950000000000003,5,5,3150
ENRIQUE FORSYTHE,Greece,Patras,2005-07-12,17.950000000000003,5,5,3150
GEORGIA JACOBS,India,Uttarpara-Kotrung,2005-07-09,17.95,5,5,3176
BOBBIE CRAIG,Mexico,Valle de Santiago,2005-08-02,17.95,5,5,3176
RONALD WEINER,Mexico,San Felipe del Progreso,2005-06-20,17.95,5,5,3176
JUSTIN NGO,Brazil,Santo Andr,2005-07-09,17.95,5,5,3176
BRUCE SCHWARZ,Japan,Okinawa,2005-06-20,17.95,5,5,3176
BRANDON HUEY,Turkey,Balikesir,2005-07-09,17.95,5,5,3176
CURTIS IRBY,Canada,Richmond Hill,2005-06-20,17.95,5,5,3176
HERMAN DEVORE,Tanzania,Mwanza,2005-07-08,17.95,5,5,3176
CHARLIE BESS,China,Baiyin,2005-07-29,17.95,5,5,3176
ALFREDO MCADAMS,Russian Federation,Serpuhov,2005-08-22,17.95,5,5,3176
BEVERLY BROOKS,Taiwan,Chiayi,2005-08-23,17.949999999999996,5,5,3186
WALTER PERRYMAN,China,Xinxiang,2005-08-19,17.949999999999996,5,5,3186
ELMER NOE,Cambodia,Battambang,2005-06-21,17.949999999999996,5,5,3186
LUCY WHEELER,India,Balurghat,2005-07-31,17.940000000000005,6,6,3189
FELICIA SUTTON,China,Korla,2005-08-23,17.940000000000005,6,6,3189
DONALD MAHON,China,Ezhou,2005-08-22,17.940000000000005,6,6,3189
ISAAC OGLESBY,Mexico,Cuernavaca,2005-07-31,17.940000000000005,6,6,3189
VIRGINIA GREEN,France,Toulouse,2005-06-20,17.94,6,6,3193
THERESA WATSON,Philippines,Taguig,2005-07-11,17.94,6,6,3193
NORMA GONZALES,Philippines,Bislig,2005-08-23,17.94,6,6,3193
ETHEL WEBB,South Africa,Boksburg,2005-07-29,17.94,6,6,3193
SALLY PIERCE,India,Chandrapur,2005-07-09,17.94,6,6,3193
SALLY PIERCE,India,Chandrapur,2005-07-29,17.94,6,6,3193
SAMANTHA DUNCAN,Mexico,Matamoros,2005-08-22,17.94,6,6,3193
JEANETTE GREENE,Russian Federation,Novoterkassk,2005-06-19,17.94,6,6,3193
ROSEMARY SCHMIDT,Turkey,Usak,2005-07-11,17.94,6,6,3193
GERTRUDE CASTILLO,Greenland,Nuuk,2005-05-31,17.94,6,6,3193
FRED WHEAT,Mexico,Jurez,2005-07-31,17.94,6,6,3193
BARRY LOVELACE,Zambia,Kitwe,2005-06-21,17.94,6,6,3193
MARIO CHEATHAM,Algeria,Batna,2005-07-10,17.94,6,6,3193
JAY ROBB,Indonesia,Surakarta,2005-06-19,17.94,6,6,3193
CORY MEEHAN,Belarus,Mogiljov,2005-08-01,17.94,6,6,3193
DENISE KELLY,Brazil,Rio Claro,2005-08-20,17.939999999999998,6,6,3208
LORI WOOD,India,Rae Bareli,2005-07-10,17.939999999999998,6,6,3208
GRACE ELLIS,Germany,Duisburg,2005-07-10,17.939999999999998,6,6,3208
CYNTHIA YOUNG,India,Munger (Monghyr),2005-07-12,17.93,7,7,3211
JOANNE ROBERTSON,Japan,Urawa,2005-07-11,17.93,7,7,3211
SAMANTHA DUNCAN,Mexico,Matamoros,2005-08-01,17.93,7,7,3211
GEORGE LINTON,Brazil,Sorocaba,2005-07-11,17.93,7,7,3211
CHESTER BENNER,China,Suihua,2005-07-11,17.93,7,7,3211
BILLIE HORTON,Turkey,Inegl,2005-08-23,17.92,8,8,3216
BRAD MCCURDY,Taiwan,Chungho,2005-08-23,16.95000000000001,5,5,3217
SARAH LEWIS,Latvia,Liepaja,2005-06-21,16.950000000000003,5,5,3218
THERESA WATSON,Philippines,Taguig,2005-07-10,16.950000000000003,5,5,3218
NORMA GONZALES,Philippines,Bislig,2005-08-22,16.950000000000003,5,5,3218
LESLIE GORDON,Turkey,Kilis,2005-06-19,16.950000000000003,5,5,3218
DARLENE ROSE,North Korea,Pyongyang,2005-07-10,16.950000000000003,5,5,3218
AUDREY RAY,Austria,Graz,2005-06-21,16.950000000000003,5,5,3218
ELSIE KELLEY,Nigeria,Ikerre,2005-05-31,16.950000000000003,5,5,3218
LYDIA BURKE,Argentina,San Miguel de Tucumn,2005-07-11,16.950000000000003,5,5,3218
CASSANDRA WALTERS,United States,Salinas,2005-05-31,16.950000000000003,5,5,3218
DIANNE SHELTON,Iran,Tabriz,2005-06-21,16.950000000000003,5,5,3218
MISTY LAMBERT,United Arab Emirates,Sharja,2005-07-10,16.950000000000003,5,5,3218
JOSHUA MARK,India,Rampur,2005-06-19,16.950000000000003,5,5,3218
WALTER PERRYMAN,China,Xinxiang,2005-07-10,16.950000000000003,5,5,3218
BOBBY BOUDREAU,Anguilla,South Hill,2005-06-21,16.950000000000003,5,5,3218
ALEXANDER FENNELL,Italy,Bergamo,2005-06-20,16.950000000000003,5,5,3218
REGINALD KINDER,Indonesia,Madiun,2005-08-22,16.950000000000003,5,5,3218
ANDRE RAPP,Chile,Coquimbo,2005-07-10,16.950000000000003,5,5,3218
ISAAC OGLESBY,Mexico,Cuernavaca,2005-05-29,16.950000000000003,5,5,3218
ROSS GREY,Philippines,Iligan,2005-07-10,16.950000000000003,5,5,3218
LORI WOOD,India,Rae Bareli,2005-07-09,16.95,5,5,3237
BEATRICE ARNOLD,India,Udaipur,2005-07-09,16.95,5,5,3237
IDA ANDREWS,Brazil,Luzinia,2005-08-20,16.95,5,5,3237
LARRY THRASHER,Turkey,Adana,2005-08-20,16.95,5,5,3237
DANNY ISOM,Pakistan,Okara,2005-07-11,16.95,5,5,3237
RONNIE RICKETTS,Senegal,Ziguinchor,2005-07-11,16.95,5,5,3237
SANDRA MARTIN,United Kingdom,Southend-on-Sea,2005-07-31,16.949999999999996,5,5,3243
VICKIE BREWER,Germany,Halle/Saale,2005-07-31,16.949999999999996,5,5,3243
RICHARD MCCRARY,United States,Arlington,2005-08-22,16.949999999999996,5,5,3243
JAY ROBB,Indonesia,Surakarta,2005-08-21,16.949999999999996,5,5,3243
RONALD WEINER,Mexico,San Felipe del Progreso,2005-08-17,16.949999999999992,5,5,3247
JENNIFER DAVIS,United States,Laredo,2005-08-02,16.940000000000005,6,6,3248
BARBARA JONES,Myanmar,Myingyan,2005-06-19,16.94,6,6,3249
CYNTHIA YOUNG,India,Munger (Monghyr),2005-07-11,16.94,6,6,3249
MILDRED BAILEY,India,Jaipur,2005-08-01,16.94,6,6,3249
JOANNE ROBERTSON,Japan,Urawa,2005-07-10,16.94,6,6,3249
VERONICA STONE,United States,Greensboro,2005-08-20,16.94,6,6,3249
CHRISTY VARGAS,China,Datong,2005-07-29,16.94,6,6,3249
ERIKA PENA,Finland,Oulu,2005-07-09,16.94,6,6,3249
ERIKA PENA,Finland,Oulu,2005-07-12,16.94,6,6,3249
FRANK WAGGONER,Bangladesh,Jamalpur,2005-06-19,16.94,6,6,3249
JACK FOUST,Russian Federation,Zeleznogorsk,2005-07-10,16.94,6,6,3249
AARON SELBY,"Congo, The Democratic Republic of the",Mwene-Ditu,2005-08-01,16.94,6,6,3249
ALFREDO MCADAMS,Russian Federation,Serpuhov,2005-07-12,16.94,6,6,3249
CATHY SPENCER,Japan,Kakamigahara,2005-08-01,16.939999999999998,6,6,3261
RAY HOULE,Russian Federation,Dzerzinsk,2005-08-20,16.939999999999998,6,6,3261
JAY ROBB,Indonesia,Surakarta,2005-08-02,16.939999999999998,6,6,3261
LOIS BUTLER,Brunei,Bandar Seri Begawan,2005-07-30,16.930000000000007,7,7,3264
BOBBY BOUDREAU,Anguilla,South Hill,2005-07-12,16.930000000000003,7,7,3265
ERIN DUNN,Russian Federation,Ljubertsy,2005-08-01,16.93,7,7,3266
NORMAN CURRIER,Indonesia,Cianjur,2005-07-31,16.93,7,7,3266
KYLE SPURLOCK,China,Shanwei,2005-07-12,16.93,7,7,3266
EDGAR RHOADS,Turkey,Eskisehir,2005-07-10,16.93,7,7,3266
MONICA HICKS,Ukraine,Mukateve,2005-08-18,15.950000000000008,5,5,3270
CAROLYN PEREZ,Thailand,Pak Kret,2005-07-28,15.950000000000003,5,5,3271
JUANITA MASON,India,Pune,2005-07-29,15.950000000000003,5,5,3271
JO FOWLER,Nigeria,Oyo,2005-07-11,15.950000000000003,5,5,3271
EARL SHANKS,Japan,Iwatsuki,2005-07-30,15.950000000000003,5,5,3271
DOROTHY TAYLOR,Iran,Esfahan,2005-06-20,15.950000000000001,5,5,3275
CYNTHIA YOUNG,India,Munger (Monghyr),2005-07-10,15.950000000000001,5,5,3275
ANGELA HERNANDEZ,Japan,Shimonoseki,2005-06-19,15.950000000000001,5,5,3275
MARTHA GONZALEZ,Moldova,Chisinau,2005-06-21,15.950000000000001,5,5,3275
MILDRED BAILEY,India,Jaipur,2005-07-31,15.950000000000001,5,5,3275
JANE BENNETT,Brazil,Araatuba,2005-08-01,15.950000000000001,5,5,3275
NATALIE MEYER,Brazil,Aparecida de Goinia,2005-06-21,15.950000000000001,5,5,3275
CASSANDRA WALTERS,United States,Salinas,2005-05-29,15.950000000000001,5,5,3275
SAMUEL MARLOW,India,Ranchi,2005-06-19,15.950000000000001,5,5,3275
ALAN KAHN,China,Emeishan,2005-07-11,15.950000000000001,5,5,3275
NORMAN CURRIER,Indonesia,Cianjur,2005-07-10,15.950000000000001,5,5,3275
LEO EBERT,China,Dongying,2005-08-01,15.950000000000001,5,5,3275
CHRISTIAN JUNG,India,Amroha,2005-06-21,15.950000000000001,5,5,3275
FERNANDO CHURCHILL,South Korea,Tonghae,2005-07-11,15.950000000000001,5,5,3275
LONNIE TIRADO,Indonesia,Pangkal Pinang,2005-08-22,15.950000000000001,5,5,3275
ALFREDO MCADAMS,Russian Federation,Serpuhov,2005-07-11,15.950000000000001,5,5,3275
JULIAN VEST,Japan,Akishima,2005-06-21,15.950000000000001,5,5,3275
SERGIO STANFIELD,Mexico,Celaya,2005-07-12,15.950000000000001,5,5,3275
BILLIE HORTON,Turkey,Inegl,2005-07-30,15.95,5,5,3293
CATHY SPENCER,Japan,Kakamigahara,2005-07-29,15.949999999999998,5,5,3294
VICKI FIELDS,Germany,Witten,2005-08-02,15.940000000000003,6,6,3295
LEONARD SCHOFIELD,Argentina,Tandil,2005-08-21,15.940000000000003,6,6,3295
ALBERTO HENNING,Venezuela,Barcelona,2005-08-01,15.940000000000003,6,6,3295
SUZANNE NICHOLS,Indonesia,Jakarta,2005-07-10,15.940000000000001,6,6,3298
SUE PETERS,China,Changzhou,2005-05-29,15.940000000000001,6,6,3298
JUAN FRALEY,Russian Federation,Teboksary,2005-07-10,15.940000000000001,6,6,3298
JOHNNY TURPIN,Sudan,al-Qadarif,2005-06-21,15.940000000000001,6,6,3298
NORMAN CURRIER,Indonesia,Cianjur,2005-07-29,15.940000000000001,6,6,3298
JIM REA,Mexico,El Fuerte,2005-06-20,15.940000000000001,6,6,3298
TOMMY COLLAZO,Iran,Qomsheh,2005-07-12,15.940000000000001,6,6,3298
RON DELUCA,Japan,Isesaki,2005-07-12,15.94,6,6,3305
JAIME NETTLES,Peru,Hunuco,2005-07-11,15.94,6,6,3305
GENE SANBORN,Oman,Salala,2005-07-10,15.939999999999998,6,6,3307
WENDY HARRISON,Mexico,Nezahualcyotl,2005-07-11,15.930000000000001,7,7,3308
MARGARET MOORE,Oman,Masqat,2005-08-01,14.950000000000003,5,5,3309
REBECCA SCOTT,Japan,Kurashiki,2005-08-18,14.950000000000003,5,5,3309
FELICIA SUTTON,China,Korla,2005-08-19,14.950000000000003,5,5,3309
JANE BENNETT,Brazil,Araatuba,2005-05-29,14.950000000000001,5,5,3312
SHANNON FREEMAN,India,Varanasi (Benares),2005-06-19,14.950000000000001,5,5,3312
CHARLOTTE HUNTER,Brazil,guas Lindas de Gois,2005-06-19,14.950000000000001,5,5,3312
JEANETTE GREENE,Russian Federation,Novoterkassk,2005-06-17,14.950000000000001,5,5,3312
MABEL HOLLAND,Myanmar,Monywa,2005-05-31,14.950000000000001,5,5,3312
MICHAEL SILVERMAN,China,Tiefa,2005-07-10,14.950000000000001,5,5,3312
GARY COY,China,Yuzhou,2005-07-10,14.950000000000001,5,5,3312
NICHOLAS BARFIELD,Brazil,Belm,2005-06-21,14.950000000000001,5,5,3312
HOWARD FORTNER,Iran,Kermanshah,2005-06-21,14.950000000000001,5,5,3312
HERBERT KRUGER,Russian Federation,Syktyvkar,2005-06-21,14.950000000000001,5,5,3312
JAY ROBB,Indonesia,Surakarta,2005-06-18,14.950000000000001,5,5,3312
RAMON CHOATE,Ecuador,Robamba,2005-07-07,14.950000000000001,5,5,3312
LANCE PEMBERTON,Morocco,Beni-Mellal,2005-07-31,14.950000000000001,5,5,3312
BOBBIE CRAIG,Mexico,Valle de Santiago,2005-07-12,14.95,5,5,3325
NATHAN RUNYON,"Virgin Islands, U.S.",Charlotte Amalie,2005-07-12,14.95,5,5,3325
LLOYD DOWD,Indonesia,Tegal,2005-08-20,14.949999999999998,5,5,3327
GENE SANBORN,Oman,Salala,2005-07-09,14.949999999999998,5,5,3327
RUBEN GEARY,Poland,Lublin,2005-08-01,14.949999999999996,5,5,3329
DEAN SAUER,South Africa,Johannesburg,2005-08-01,14.940000000000007,6,6,3330
KIMBERLY LEE,Argentina,Crdoba,2005-08-02,14.940000000000003,6,6,3331
JESSIE BANKS,Bulgaria,Stara Zagora,2005-08-22,14.940000000000003,6,6,3331
HEIDI LARSON,China,Xiangfan,2005-07-10,14.940000000000001,6,6,3333
MATTIE HOFFMAN,United Kingdom,London,2005-07-30,14.940000000000001,6,6,3333
MARTIN BALES,Angola,Namibe,2005-08-01,14.940000000000001,6,6,3333
FRANKLIN TROUTMAN,China,Zaoyang,2005-06-21,14.940000000000001,6,6,3333
KIRK STCLAIR,Taiwan,Tsaotun,2005-08-21,14.940000000000001,6,6,3333
JESSE SCHILLING,"Congo, The Democratic Republic of the",Lubumbashi,2005-06-21,14.94,6,6,3338
TAMMY SANDERS,Taiwan,Changhwa,2005-07-28,13.950000000000008,5,5,3339
NANCY THOMAS,India,Yamuna Nagar,2005-07-30,13.950000000000003,5,5,3340
SHIRLEY ALLEN,Philippines,Davao,2005-07-11,13.950000000000003,5,5,3340
LEONARD SCHOFIELD,Argentina,Tandil,2005-07-31,13.950000000000003,5,5,3340
CYNTHIA YOUNG,India,Munger (Monghyr),2005-06-21,13.950000000000001,5,5,3343
JOSEPHINE GOMEZ,India,Etawah,2005-07-29,13.950000000000001,5,5,3343
GERTRUDE CASTILLO,Greenland,Nuuk,2005-05-30,13.950000000000001,5,5,3343
MATTIE HOFFMAN,United Kingdom,London,2005-07-29,13.950000000000001,5,5,3343
JUAN FRALEY,Russian Federation,Teboksary,2005-07-09,13.950000000000001,5,5,3343
NATHAN RUNYON,"Virgin Islands, U.S.",Charlotte Amalie,2005-06-19,13.950000000000001,5,5,3343
MANUEL MURRELL,Sri Lanka,Jaffna,2005-07-12,13.950000000000001,5,5,3343
FRANKLIN TROUTMAN,China,Zaoyang,2005-06-20,13.950000000000001,5,5,3343
CORY MEEHAN,Belarus,Mogiljov,2005-07-11,13.950000000000001,5,5,3343
ERIK GUILLEN,India,Bhimavaram,2005-07-11,13.950000000000001,5,5,3343
HOWARD FORTNER,Iran,Kermanshah,2005-07-12,13.95,5,5,3353
IVAN CROMWELL,Mexico,Monclova,2005-07-12,13.940000000000007,6,6,3354
EDNA WEST,South Africa,Klerksdorp,2005-08-02,13.940000000000001,6,6,3355
MARVIN YEE,India,Berhampore (Baharampur),2005-08-02,13.940000000000001,6,6,3355
VIRGINIA GREEN,France,Toulouse,2005-07-09,12.950000000000003,5,5,3357
LUCY WHEELER,India,Balurghat,2005-07-30,12.950000000000003,5,5,3357
BOBBY BOUDREAU,Anguilla,South Hill,2005-07-30,12.950000000000003,5,5,3357
VIRGINIA GREEN,France,Toulouse,2005-06-19,12.950000000000001,5,5,3360
KATHLEEN ADAMS,Iran,Arak,2005-07-11,12.950000000000001,5,5,3360
MARIE TURNER,Russian Federation,Lipetsk,2005-05-30,12.950000000000001,5,5,3360
LAUREN HUDSON,France,Le Mans,2005-06-20,12.950000000000001,5,5,3360
LAURIE LAWRENCE,India,Firozabad,2005-07-12,12.950000000000001,5,5,3360
TANYA GILBERT,South Korea,Naju,2005-06-20,12.950000000000001,5,5,3360
CAROLINE BOWMAN,United States,Tallahassee,2005-07-12,12.950000000000001,5,5,3360
PENNY NEAL,India,Kumbakonam,2005-07-11,12.950000000000001,5,5,3360
SAMUEL MARLOW,India,Ranchi,2005-08-01,12.950000000000001,5,5,3360
JEFFERY PINSON,Pakistan,Dadu,2005-06-16,12.950000000000001,5,5,3360
DEREK BLAKELY,Philippines,Gingoog,2005-07-30,12.950000000000001,5,5,3360
WAYNE TRUONG,India,Gulbarga,2005-08-21,12.95,5,5,3371
JAIME NETTLES,Peru,Hunuco,2005-07-09,12.95,5,5,3371
WENDY HARRISON,Mexico,Nezahualcyotl,2005-08-23,12.949999999999998,5,5,3373
IRENE PRICE,Kazakstan,Pavlodar,2005-06-21,12.940000000000001,6,6,3374
EVERETT BANDA,Egypt,Bilbays,2005-07-31,12.939999999999994,6,6,3375
KIMBERLY LEE,Argentina,Crdoba,2005-08-01,11.950000000000003,5,5,3376
IRENE PRICE,Kazakstan,Pavlodar,2005-06-20,11.950000000000001,5,5,3377
HAZEL WARREN,China,Hohhot,2005-07-12,11.950000000000001,5,5,3377
LAWRENCE LAWTON,Cameroon,Yaound,2005-07-12,11.950000000000001,5,5,3377
CHARLENE ALVAREZ,Tanzania,Zanzibar,2005-07-11,10.950000000000001,5,5,3380
HEIDI LARSON,China,Xiangfan,2005-07-09,10.950000000000001,5,5,3380
