customer_name,country,city,payment_date,rolling_7d_amount,rolling_7d_count,rolling_7d_films,staff_ids,store_ids,global_suspicious_rank
TOMMY COLLAZO,Iran,Qomsheh,2005-08-01,96.84,16,16,"1,2","1,2",1
PATRICIA JOHNSON,United States,San Bernardino,2005-08-02,83.82999999999998,17,17,"1,2","1,2",2
ANA BRADLEY,United States,Memphis,2005-08-01,82.86000000000001,14,14,"2,1","2,1",3
ANA BRADLEY,United States,Memphis,2005-08-02,78.86000000000001,14,14,2,2,4
ELEANOR HUNT,Runion,Saint-Denis,2005-08-02,78.85,15,15,1,1,5
ARNOLD HAVENS,Philippines,Santa Rosa,2005-08-01,74.86,14,14,"2,1","2,1",6
TOMMY COLLAZO,Iran,Qomsheh,2005-07-31,73.88000000000001,12,12,"2,1","2,1",7
MICHELLE CLARK,Bangladesh,Tangail,2005-08-22,72.86,14,14,1,1,8
TANYA GILBERT,South Korea,Naju,2005-08-02,71.85000000000001,15,15,2,2,9
RHONDA KENNEDY,Netherlands,Apeldoorn,2005-08-02,69.87,13,13,"2,1","2,1",10
ELEANOR HUNT,Runion,Saint-Denis,2005-08-23,69.83999999999999,16,16,"1,2","1,2",11
MICHELLE CLARK,Bangladesh,Tangail,2005-08-21,67.87,13,13,2,2,12
MIKE WAY,India,Valparai,2005-08-02,67.86999999999999,13,13,"1,2","1,2",13
HELEN HARRIS,India,Bhopal,2005-08-23,67.86,14,14,1,1,14
ELEANOR HUNT,Runion,Saint-Denis,2005-08-01,67.86,14,14,2,2,14
HECTOR POINDEXTER,Russian Federation,Pjatigorsk,2005-08-02,67.85,15,15,"2,1","2,1",16
PATRICIA JOHNSON,United States,San Bernardino,2005-08-01,66.86999999999999,13,13,1,1,17
ARTHUR SIMPKINS,Russian Federation,Maikop,2005-08-02,66.86,14,14,"2,1","2,1",18
PATRICIA JOHNSON,United States,San Bernardino,2005-07-31,65.88,12,12,1,1,19
ELSIE KELLEY,Nigeria,Ikerre,2005-08-23,65.86,14,14,1,1,20
CLARA SHAW,Belarus,Molodetno,2005-08-02,65.84,16,16,"1,2","1,2",21
LINDA WILLIAMS,Greece,Athenai,2005-08-01,64.88,12,12,2,2,22
LENA JENSEN,India,Halisahar,2005-08-23,64.87,13,12,"1,2","1,2",23
BRITTANY RILEY,Ukraine,Sumy,2005-08-23,63.91000000000001,9,9,2,2,24
JAMIE WAUGH,Japan,Kuwana,2005-08-02,63.88,12,12,"2,1","2,1",25
PATRICIA JOHNSON,United States,San Bernardino,2005-07-30,62.89,11,11,"1,2","1,2",26
HELEN HARRIS,India,Bhopal,2005-08-22,62.870000000000005,13,13,"2,1","2,1",27
STEPHEN QUALLS,Bangladesh,Dhaka,2005-08-02,62.870000000000005,13,13,1,1,27
TAMMY SANDERS,Taiwan,Changhwa,2005-08-02,62.860000000000014,14,14,1,1,29
DANIELLE DANIELS,Mexico,Hidalgo,2005-08-21,62.86000000000001,14,14,"2,1","2,1",30
SHERRY MARSHALL,Egypt,Shubra al-Khayma,2005-08-23,62.86,14,14,"1,2","1,2",31
KARL SEAL,United States,Cape Coral,2005-08-22,61.890000000000015,11,11,1,1,32
MICHELLE CLARK,Bangladesh,Tangail,2005-08-20,61.89000000000001,11,11,"1,2","1,2",33
TONYA CHAPMAN,India,Bhilwara,2005-08-01,61.88000000000001,12,12,"2,1","2,1",34
STEVE MACKENZIE,Indonesia,Probolinggo,2005-08-02,61.88000000000001,12,12,2,2,34
MILTON HOWLAND,India,Vijayawada,2005-08-02,61.879999999999995,12,12,"1,2","1,2",36
JOSEPHINE GOMEZ,India,Etawah,2005-08-23,61.87000000000001,13,13,1,1,37
ELEANOR HUNT,Runion,Saint-Denis,2005-08-22,61.85999999999999,14,14,2,2,38
CASEY MENA,Turkey,Tokat,2005-08-02,61.84000000000001,16,16,2,2,39
TOMMY COLLAZO,Iran,Qomsheh,2005-07-30,60.91000000000001,9,9,1,1,40
KARL SEAL,United States,Cape Coral,2005-08-23,60.890000000000015,11,11,1,1,41
RHONDA KENNEDY,Netherlands,Apeldoorn,2005-08-01,60.89,11,11,2,2,42
MILTON HOWLAND,India,Vijayawada,2005-08-01,60.88999999999999,11,11,1,1,43
RUBY WASHINGTON,China,Meixian,2005-08-02,60.88,12,12,2,2,44
STEPHANIE MITCHELL,Armenia,Yerevan,2005-08-02,60.870000000000005,13,13,1,1,45
ELEANOR HUNT,Runion,Saint-Denis,2005-07-31,60.870000000000005,13,13,"1,2","1,2",45
ELSIE KELLEY,Nigeria,Ikerre,2005-08-22,60.870000000000005,13,13,"2,1","2,1",45
TIM CARY,India,Bijapur,2005-08-23,60.87,13,13,"2,1","2,1",48
HAROLD MARTINO,Brazil,Boa Vista,2005-08-23,60.86,14,14,1,1,49
NICHOLAS BARFIELD,Brazil,Belm,2005-08-22,59.900000000000006,10,10,1,1,50
DUANE TUBBS,Nauru,Yangor,2005-08-23,59.89000000000001,11,11,2,2,51
GUY BROWNLEE,China,Zhoushan,2005-08-23,59.889999999999986,11,11,"2,1","2,1",52
SHAWN HEATON,Thailand,Nakhon Sawan,2005-08-22,59.88000000000001,12,12,2,2,53
NAOMI JENNINGS,India,Karnal,2005-08-23,59.88,12,12,2,2,54
CURTIS IRBY,Canada,Richmond Hill,2005-08-23,59.879999999999995,12,12,1,1,55
JOANNE ROBERTSON,Japan,Urawa,2005-08-23,59.870000000000005,13,13,"2,1","2,1",56
MAE FLETCHER,Spain,Donostia-San Sebastin,2005-08-23,58.90000000000002,10,10,"1,2","1,2",57
JIMMIE EGGLESTON,Poland,Wroclaw,2005-07-12,58.89000000000001,11,11,"2,1","2,1",58
LINDA WILLIAMS,Greece,Athenai,2005-07-31,58.89,11,11,"1,2","1,2",59
DAISY BATES,Russian Federation,Kolpino,2005-08-02,58.88999999999999,11,11,2,2,60
JOSEPHINE GOMEZ,India,Etawah,2005-08-22,58.88000000000001,12,12,"2,1","2,1",61
TROY QUIGLEY,Canada,Vancouver,2005-08-23,58.88,12,12,2,2,62
MARSHA DOUGLAS,Mozambique,Beira,2005-08-02,58.860000000000014,14,14,1,1,63
CASEY MENA,Turkey,Tokat,2005-08-01,58.85000000000001,15,15,2,2,64
ALFRED CASILLAS,Egypt,Sawhaj,2005-08-02,57.890000000000015,11,11,1,1,65
LOUIS LEONE,Philippines,Tanauan,2005-08-22,57.879999999999995,12,12,"2,1","2,1",66
DAVE GARDINER,China,Leshan,2005-08-23,57.87000000000002,13,13,2,2,67
DIANE COLLINS,Sudan,Omdurman,2005-08-02,57.87,13,13,2,2,68
RAMON CHOATE,Ecuador,Robamba,2005-08-02,57.87,13,13,2,2,68
TINA SIMMONS,Brazil,Goinia,2005-07-11,56.900000000000006,10,10,"1,2","1,2",70
TAMMY SANDERS,Taiwan,Changhwa,2005-08-01,56.88000000000001,12,12,"2,1","2,1",71
STEPHEN QUALLS,Bangladesh,Dhaka,2005-08-01,56.88,12,12,"1,2","1,2",72
DIANNE SHELTON,Iran,Tabriz,2005-08-23,56.879999999999995,12,12,"2,1","2,1",73
ANA BRADLEY,United States,Memphis,2005-07-31,55.910000000000004,9,9,1,1,74
ARNOLD HAVENS,Philippines,Santa Rosa,2005-07-31,55.9,10,10,2,2,75
DALE RATCLIFF,South Africa,Rustenburg,2005-08-02,55.89000000000001,11,11,"1,2","1,2",76
RUBY WASHINGTON,China,Meixian,2005-08-01,55.89,11,11,"2,1","2,1",77
NAOMI JENNINGS,India,Karnal,2005-08-22,55.89,11,11,"2,1","2,1",77
FRANCIS SIKES,Mexico,San Juan Bautista Tuxtepec,2005-07-12,55.89,11,11,1,1,77
JORDAN ARCHULETA,Argentina,Avellaneda,2005-08-02,55.89,11,11,1,1,77
LOUIS LEONE,Philippines,Tanauan,2005-08-02,55.88000000000001,12,12,2,2,81
SHERRY MARSHALL,Egypt,Shubra al-Khayma,2005-08-22,55.88,12,12,"1,2","1,2",82
ALEXANDER FENNELL,Italy,Bergamo,2005-08-23,55.879999999999995,12,12,"2,1","2,1",83
ANGELA HERNANDEZ,Japan,Shimonoseki,2005-08-22,55.870000000000005,13,13,1,1,84
CONSTANCE REID,Nigeria,Zaria,2005-08-01,55.870000000000005,13,13,1,1,84
BRANDON HUEY,Turkey,Balikesir,2005-08-02,55.870000000000005,13,13,2,2,84
COURTNEY DAY,South Korea,Uijongbu,2005-08-02,55.860000000000014,14,14,"2,1","2,1",87
NATHAN RUNYON,"Virgin Islands, U.S.",Charlotte Amalie,2005-08-01,55.860000000000014,14,14,1,1,87
ETHEL WEBB,South Africa,Boksburg,2005-08-02,55.86000000000001,14,14,2,2,89
CLARA SHAW,Belarus,Molodetno,2005-07-12,54.92,8,8,2,2,90
ANDY VANHORN,Mexico,Huejutla de Reyes,2005-08-02,54.910000000000004,9,9,2,2,91
ALFRED CASILLAS,Egypt,Sawhaj,2005-08-01,54.90000000000001,10,10,1,1,92
LAURA RODRIGUEZ,Morocco,Sal,2005-08-23,54.900000000000006,10,10,1,1,93
CHARLENE ALVAREZ,Tanzania,Zanzibar,2005-08-02,54.900000000000006,10,10,1,1,93
STEPHEN QUALLS,Bangladesh,Dhaka,2005-07-31,54.900000000000006,10,10,1,1,93
MIGUEL BETANCOURT,Germany,Erlangen,2005-08-23,54.900000000000006,10,10,1,1,93
LORI WOOD,India,Rae Bareli,2005-08-02,54.9,10,10,1,1,97
STANLEY SCROGGINS,Japan,Omiya,2005-08-22,54.89999999999999,10,10,2,2,98
ANDREA HENDERSON,Madagascar,Mahajanga,2005-08-23,54.89,11,11,"1,2","1,2",99
RHONDA KENNEDY,Netherlands,Apeldoorn,2005-08-23,54.89,11,11,"2,1","2,1",99
CLIFTON MALCOLM,Taiwan,Tanshui,2005-08-02,54.89,11,11,"1,2","1,2",99
CURTIS IRBY,Canada,Richmond Hill,2005-08-22,54.88999999999999,11,11,"2,1","2,1",102
STEPHANIE MITCHELL,Armenia,Yerevan,2005-08-01,54.88,12,12,2,2,103
TANYA GILBERT,South Korea,Naju,2005-07-31,54.870000000000005,13,13,"1,2","1,2",104
HOLLY FOX,India,Haldia,2005-08-23,54.87,13,13,1,1,105
HECTOR POINDEXTER,Russian Federation,Pjatigorsk,2005-08-01,54.86,14,14,"2,1","2,1",106
HAZEL WARREN,China,Hohhot,2005-08-02,54.85,15,15,1,1,107
RUTH MARTINEZ,South Africa,Kimberley,2005-08-22,53.92000000000001,8,8,1,1,108
KARL SEAL,United States,Cape Coral,2005-08-21,53.91000000000001,9,9,"2,1","2,1",109
JOHN FARNSWORTH,India,Parbhani,2005-08-23,53.90000000000002,10,10,2,2,110
DUANE TUBBS,Nauru,Yangor,2005-08-22,53.900000000000006,10,10,"2,1","2,1",111
DAISY BATES,Russian Federation,Kolpino,2005-08-01,53.89999999999999,10,10,"2,1","2,1",112
ROSA REYNOLDS,United States,Lancaster,2005-08-23,53.89,11,11,1,1,113
TROY QUIGLEY,Canada,Vancouver,2005-08-20,53.89,11,11,"1,2","1,2",113
WARREN SHERROD,Russian Federation,Usolje-Sibirskoje,2005-08-23,53.89,11,11,"2,1","2,1",113
CECIL VINES,United Kingdom,London,2005-08-23,53.89,11,11,2,2,113
ARTHUR SIMPKINS,Russian Federation,Maikop,2005-08-01,53.88999999999999,11,11,"1,2","1,2",117
MARION SNYDER,Brazil,Santa Brbara dOeste,2005-08-02,53.88000000000002,12,12,2,2,118
DEBRA NELSON,Brazil,Vila Velha,2005-08-01,53.88000000000001,12,12,"1,2","1,2",119
DIANE COLLINS,Sudan,Omdurman,2005-08-01,53.879999999999995,12,12,2,2,120
HOLLY FOX,India,Haldia,2005-08-22,53.879999999999995,12,12,2,2,120
RAMON CHOATE,Ecuador,Robamba,2005-08-01,53.879999999999995,12,12,1,1,120
NATHAN RUNYON,"Virgin Islands, U.S.",Charlotte Amalie,2005-07-31,53.87000000000001,13,13,1,1,123
JAVIER ELROD,Chad,NDjamna,2005-08-23,53.87,13,13,1,1,124
BRITTANY RILEY,Ukraine,Sumy,2005-08-22,52.93000000000001,7,7,2,2,125
GORDON ALLARD,Yemen,Hodeida,2005-08-01,52.910000000000004,9,9,1,1,126
MAURICE CRAWLEY,Mexico,Coatzacoalcos,2005-07-12,52.91,9,9,2,2,127
JENNIE TERRY,Czech Republic,Olomouc,2005-07-12,52.900000000000006,10,10,2,2,128
OLGA JIMENEZ,Nigeria,Ogbomosho,2005-08-22,52.900000000000006,10,10,1,1,128
ALEX GRESHAM,Mexico,Uruapan,2005-06-21,52.900000000000006,10,10,1,1,128
NEIL RENNER,Vietnam,Cam Ranh,2005-07-12,52.900000000000006,10,10,"2,1","2,1",128
FRANCIS SIKES,Mexico,San Juan Bautista Tuxtepec,2005-07-11,52.9,10,10,2,2,132
COURTNEY DAY,South Korea,Uijongbu,2005-07-31,52.890000000000015,11,11,1,1,133
CRYSTAL FORD,Israel,Ashdod,2005-07-12,52.89000000000001,11,11,2,2,134
HELEN HARRIS,India,Bhopal,2005-08-21,52.89,11,11,2,2,135
LARRY THRASHER,Turkey,Adana,2005-08-23,52.89,11,11,"1,2","1,2",135
WESLEY BULL,Spain,Ourense (Orense),2005-08-01,52.88000000000002,12,12,1,1,137
MARCIA DEAN,Philippines,Tanza,2005-08-02,52.88000000000001,12,12,2,2,138
MARSHA DOUGLAS,Mozambique,Beira,2005-07-31,52.88000000000001,12,12,"1,2","1,2",138
LOUIS LEONE,Philippines,Tanauan,2005-08-01,52.88000000000001,12,12,1,1,138
KARL SEAL,United States,Cape Coral,2005-08-02,52.88000000000001,12,12,2,2,138
ARLENE HARVEY,India,Ambattur,2005-08-02,52.88,12,12,2,2,142
KYLE SPURLOCK,China,Shanwei,2005-08-02,52.879999999999995,12,12,"1,2","1,2",143
JAVIER ELROD,Chad,NDjamna,2005-08-22,52.879999999999995,12,12,"2,1","2,1",143
ELLA OLIVER,Yemen,Aden,2005-07-12,52.870000000000005,13,13,1,1,145
NICHOLAS BARFIELD,Brazil,Belm,2005-08-21,51.92,8,8,"2,1","2,1",146
GORDON ALLARD,Yemen,Hodeida,2005-07-31,51.92,8,8,1,1,146
ELLA OLIVER,Yemen,Aden,2005-08-23,51.91000000000001,9,9,2,2,148
ALFRED CASILLAS,Egypt,Sawhaj,2005-07-30,51.91000000000001,9,9,2,2,148
BRADLEY MOTLEY,India,Purnea (Purnia),2005-08-02,51.910000000000004,9,9,2,2,150
ERIC ROBERT,Argentina,Santa F,2005-07-10,51.91,9,9,1,1,151
GLADYS HAMILTON,Nigeria,Ilorin,2005-08-23,51.900000000000006,10,10,"1,2","1,2",152
RANDY GAITHER,Russian Federation,Kurgan,2005-07-12,51.9,10,10,"1,2","1,2",153
MILTON HOWLAND,India,Vijayawada,2005-07-31,51.89999999999999,10,10,"2,1","2,1",154
DAVE GARDINER,China,Leshan,2005-08-22,51.890000000000015,11,11,1,1,155
JORGE OLIVARES,Indonesia,Lhokseumawe,2005-08-02,51.89,11,11,"1,2","1,2",156
REGINA BERRY,China,Jinchang,2005-08-23,51.88,12,12,2,2,157
HAROLD MARTINO,Brazil,Boa Vista,2005-08-21,51.879999999999995,12,12,2,2,158
TERRENCE GUNDERSON,China,Jinzhou,2005-08-02,51.870000000000005,13,13,1,1,159
RUTH MARTINEZ,South Africa,Kimberley,2005-08-21,50.93000000000001,7,7,1,1,160
TOMMY COLLAZO,Iran,Qomsheh,2005-07-29,50.93000000000001,7,7,"1,2","1,2",160
ROBIN HAYES,Russian Federation,Jelets,2005-07-12,50.92,8,8,1,1,162
ANA BRADLEY,United States,Memphis,2005-07-30,50.92,8,8,"2,1","2,1",162
BRADLEY MOTLEY,India,Purnea (Purnia),2005-08-01,50.92,8,8,1,1,162
LINDA WILLIAMS,Greece,Athenai,2005-07-30,50.91,9,9,"1,2","1,2",165
TRACEY BARRETT,Nigeria,Owo,2005-08-23,50.91,9,9,2,2,165
CRAIG MORRELL,Philippines,Cavite,2005-08-23,50.89000000000001,11,11,2,2,167
JORDAN ARCHULETA,Argentina,Avellaneda,2005-08-01,50.89,11,11,"2,1","2,1",168
CURTIS IRBY,Canada,Richmond Hill,2005-08-02,50.88999999999999,11,11,1,1,169
FRANK WAGGONER,Bangladesh,Jamalpur,2005-08-02,50.88000000000001,12,12,"1,2","1,2",170
RALPH MADRIGAL,Puerto Rico,Arecibo,2005-08-02,50.88000000000001,12,12,2,2,170
ELLA OLIVER,Yemen,Aden,2005-07-11,50.88,12,12,2,2,172
SHELLY WATTS,United States,Dayton,2005-08-02,50.870000000000005,13,13,"2,1","2,1",173
CLARA SHAW,Belarus,Molodetno,2005-08-01,50.87,13,13,1,1,174
CAROLE BARNETT,United States,Peoria,2005-08-23,50.86000000000001,14,14,2,2,175
DARLENE ROSE,North Korea,Pyongyang,2005-08-02,50.85000000000001,15,15,2,2,176
RHONDA KENNEDY,Netherlands,Apeldoorn,2005-07-31,49.910000000000004,9,9,1,1,177
MIGUEL BETANCOURT,Germany,Erlangen,2005-08-22,49.910000000000004,9,9,2,2,177
FRANCIS SIKES,Mexico,San Juan Bautista Tuxtepec,2005-07-09,49.91,9,9,"2,1","2,1",179
TIM CARY,India,Bijapur,2005-08-21,49.91,9,9,"2,1","2,1",179
ARNOLD HAVENS,Philippines,Santa Rosa,2005-07-30,49.91,9,9,"1,2","1,2",179
WESLEY BULL,Spain,Ourense (Orense),2005-08-23,49.90000000000002,10,10,1,1,182
JOSEPHINE GOMEZ,India,Etawah,2005-08-21,49.900000000000006,10,10,"1,2","1,2",183
MARC OUTLAW,Italy,Brindisi,2005-08-22,49.900000000000006,10,10,1,1,183
MARC OUTLAW,Italy,Brindisi,2005-08-23,49.900000000000006,10,10,1,1,183
RAMON CHOATE,Ecuador,Robamba,2005-07-31,49.9,10,10,"2,1","2,1",186
CARRIE PORTER,China,Liaocheng,2005-08-01,49.89000000000001,11,11,"2,1","2,1",187
DANA HART,Russian Federation,Kirovo-Tepetsk,2005-08-02,49.89000000000001,11,11,1,1,187
STEPHANIE MITCHELL,Armenia,Yerevan,2005-07-31,49.89,11,11,1,1,189
DIANNE SHELTON,Iran,Tabriz,2005-08-22,49.89,11,11,1,1,189
WESLEY BULL,Spain,Ourense (Orense),2005-08-02,49.88000000000002,12,12,2,2,191
ALICE STEWART,United States,Fontana,2005-08-22,49.88,12,12,1,1,192
JUANITA MASON,India,Pune,2005-08-02,49.88,12,12,2,2,192
CATHERINE CAMPBELL,Russian Federation,Moscow,2005-08-23,49.870000000000005,13,13,1,1,194
NORA HERRERA,Austria,Salzburg,2005-08-22,49.87,13,13,1,1,195
BRADLEY MOTLEY,India,Purnea (Purnia),2005-07-31,48.93,7,7,2,2,196
ALFRED CASILLAS,Egypt,Sawhaj,2005-07-29,48.92000000000001,8,8,2,2,197
JACQUELINE LONG,Thailand,Songkhla,2005-08-01,48.92,8,8,2,2,198
TINA SIMMONS,Brazil,Goinia,2005-07-10,48.92,8,8,"2,1","2,1",198
STEPHEN QUALLS,Bangladesh,Dhaka,2005-07-30,48.92,8,8,1,1,198
DAISY BATES,Russian Federation,Kolpino,2005-07-31,48.91999999999999,8,8,2,2,201
SERGIO STANFIELD,Mexico,Celaya,2005-08-02,48.91000000000001,9,9,"1,2","1,2",202
LENA JENSEN,India,Halisahar,2005-08-02,48.910000000000004,9,9,1,1,203
EDDIE TOMLIN,Philippines,Ozamis,2005-08-22,48.91,9,9,2,2,204
DEAN SAUER,South Africa,Johannesburg,2005-08-23,48.90000000000001,10,10,1,1,205
ANDRE RAPP,Chile,Coquimbo,2005-08-22,48.90000000000001,10,10,2,2,205
KAREN JACKSON,Turkey,Osmaniye,2005-08-02,48.900000000000006,10,10,"1,2","1,2",207
JANICE WARD,Sweden,Malm,2005-07-11,48.900000000000006,10,10,"1,2","1,2",207
ROSA REYNOLDS,United States,Lancaster,2005-08-02,48.900000000000006,10,10,1,1,207
ELEANOR HUNT,Runion,Saint-Denis,2005-07-30,48.900000000000006,10,10,1,1,207
ERIN DUNN,Russian Federation,Ljubertsy,2005-08-23,48.900000000000006,10,10,"2,1","2,1",207
DANA HART,Russian Federation,Kirovo-Tepetsk,2005-08-01,48.900000000000006,10,10,"1,2","1,2",207
CHARLIE BESS,China,Baiyin,2005-08-01,48.900000000000006,10,10,"2,1","2,1",207
DEBBIE REYES,Japan,Fukuyama,2005-08-02,48.89,11,11,1,1,214
REGINA BERRY,China,Jinchang,2005-08-22,48.89,11,11,1,1,214
ELSIE KELLEY,Nigeria,Ikerre,2005-08-21,48.89,11,11,"1,2","1,2",214
THEODORE CULP,India,Uluberia,2005-08-02,48.88999999999999,11,11,1,1,217
CAROLYN PEREZ,Thailand,Pak Kret,2005-08-02,48.88000000000001,12,12,1,1,218
CONSTANCE REID,Nigeria,Zaria,2005-07-31,48.88,12,12,2,2,219
TERRENCE GUNDERSON,China,Jinzhou,2005-08-01,48.88,12,12,1,1,219
MAX PITT,Yugoslavia,Novi Sad,2005-07-12,48.879999999999995,12,12,"2,1","2,1",221
CASEY MENA,Turkey,Tokat,2005-07-31,48.870000000000005,13,13,"1,2","1,2",222
MITCHELL WESTMORELAND,Vietnam,Nha Trang,2005-08-23,48.86999999999999,13,13,"1,2","1,2",223
HILDA HOPKINS,Philippines,Mandaluyong,2005-08-23,47.92,8,8,2,2,224
GILBERT SLEDGE,United Kingdom,York,2005-08-01,47.92,8,8,2,2,224
JOHN FARNSWORTH,India,Parbhani,2005-08-22,47.91000000000002,9,9,2,2,226
JANET PHILLIPS,Chile,Antofagasta,2005-08-02,47.910000000000004,9,9,"2,1","2,1",227
MARILYN ROSS,Nigeria,Ife,2005-07-12,47.910000000000004,9,9,2,2,227
PRISCILLA LOWE,Mexico,Salamanca,2005-07-12,47.91,9,9,"1,2","1,2",229
ALEXANDER FENNELL,Italy,Bergamo,2005-08-22,47.91,9,9,2,2,229
ANDREW PURDY,Azerbaijan,Baku,2005-08-01,47.90000000000001,10,10,2,2,231
CONNIE WALLACE,Russian Federation,Ivanovo,2005-08-02,47.900000000000006,10,10,2,2,232
DANIELLE DANIELS,Mexico,Hidalgo,2005-08-20,47.900000000000006,10,10,2,2,232
ALVIN DELOACH,Mexico,Cuauhtmoc,2005-08-02,47.900000000000006,10,10,2,2,232
SAM MCDUFFIE,Colombia,Sogamoso,2005-07-12,47.900000000000006,10,10,"1,2","1,2",232
KENT ARSENAULT,Brazil,Juiz de Fora,2005-08-01,47.890000000000015,11,11,1,1,236
GERALD FULTZ,India,Satna,2005-08-23,47.89000000000001,11,11,"1,2","1,2",237
STEVE MACKENZIE,Indonesia,Probolinggo,2005-08-23,47.89000000000001,11,11,1,1,237
RUSSELL BRINSON,Poland,Tychy,2005-08-02,47.89000000000001,11,11,1,1,237
KARL SEAL,United States,Cape Coral,2005-08-01,47.89000000000001,11,11,2,2,237
ROGER QUINTANILLA,Taiwan,Hsichuh,2005-08-02,47.89,11,11,"2,1","2,1",241
DEREK BLAKELY,Philippines,Gingoog,2005-08-23,47.89,11,11,2,2,241
WARREN SHERROD,Russian Federation,Usolje-Sibirskoje,2005-08-01,47.89,11,11,1,1,241
MAX PITT,Yugoslavia,Novi Sad,2005-07-11,47.89,11,11,1,1,241
HAZEL WARREN,China,Hohhot,2005-08-01,47.88,12,12,"2,1","2,1",245
SIDNEY BURLESON,Poland,Czestochowa,2005-08-02,47.88,12,12,"1,2","1,2",245
ETHEL WEBB,South Africa,Boksburg,2005-08-01,47.870000000000005,13,13,1,1,247
BRETT CORNWELL,India,Siliguri (Shiliguri),2005-08-02,47.870000000000005,13,13,"1,2","1,2",247
ZACHARY HITE,United States,Akron,2005-08-02,46.920000000000016,8,8,2,2,249
MARLENE WELCH,Japan,Iwaki,2005-08-01,46.92000000000001,8,8,1,1,250
NAOMI JENNINGS,India,Karnal,2005-08-21,46.92,8,8,"2,1","2,1",251
WARREN SHERROD,Russian Federation,Usolje-Sibirskoje,2005-08-20,46.92,8,8,1,1,251
ANDY VANHORN,Mexico,Huejutla de Reyes,2005-07-31,46.92,8,8,1,1,251
MIRIAM MCKINNEY,Japan,Otsu,2005-08-01,46.919999999999995,8,8,"1,2","1,2",254
GLADYS HAMILTON,Nigeria,Ilorin,2005-07-12,46.91000000000001,9,9,"1,2","1,2",255
TONYA CHAPMAN,India,Bhilwara,2005-07-31,46.91000000000001,9,9,1,1,255
DEAN SAUER,South Africa,Johannesburg,2005-08-22,46.91000000000001,9,9,2,2,255
PERRY SWAFFORD,Argentina,Quilmes,2005-08-02,46.91000000000001,9,9,1,1,255
HELEN HARRIS,India,Bhopal,2005-08-20,46.910000000000004,9,9,"2,1","2,1",259
CONNIE WALLACE,Russian Federation,Ivanovo,2005-08-01,46.910000000000004,9,9,"2,1","2,1",259
ALAN KAHN,China,Emeishan,2005-08-02,46.910000000000004,9,9,"1,2","1,2",259
TERRI VASQUEZ,Brazil,Blumenau,2005-08-23,46.91,9,9,"2,1","2,1",262
SALVADOR TEEL,Gambia,Banjul,2005-08-22,46.91,9,9,1,1,262
TAMMY SANDERS,Taiwan,Changhwa,2005-07-31,46.90000000000001,10,10,1,1,264
MISTY LAMBERT,United Arab Emirates,Sharja,2005-08-02,46.90000000000001,10,10,1,1,264
STEVE MACKENZIE,Indonesia,Probolinggo,2005-07-30,46.90000000000001,10,10,1,1,264
CRYSTAL FORD,Israel,Ashdod,2005-07-10,46.900000000000006,10,10,"2,1","2,1",267
RHONDA KENNEDY,Netherlands,Apeldoorn,2005-07-11,46.900000000000006,10,10,"1,2","1,2",267
BERNICE WILLIS,Turkey,Batman,2005-08-23,46.900000000000006,10,10,"2,1","2,1",267
CHARLES KOWALSKI,Malaysia,Sungai Petani,2005-08-23,46.900000000000006,10,10,"1,2","1,2",267
LOUIS LEONE,Philippines,Tanauan,2005-08-20,46.9,10,10,2,2,271
KYLE SPURLOCK,China,Shanwei,2005-08-01,46.9,10,10,2,2,271
MARION SNYDER,Brazil,Santa Brbara dOeste,2005-08-01,46.890000000000015,11,11,"2,1","2,1",273
ERIK GUILLEN,India,Bhimavaram,2005-08-22,46.890000000000015,11,11,"1,2","1,2",273
JEFF EAST,Dominican Republic,San Felipe de Puerto Plata,2005-08-02,46.89000000000001,11,11,"2,1","2,1",275
STACEY MONTGOMERY,China,Fuyu,2005-07-12,46.89,11,11,"2,1","2,1",276
VIOLET RODRIQUEZ,Hong Kong,Kowloon and New Kowloon,2005-08-22,46.89,11,11,2,2,276
BRANDON HUEY,Turkey,Balikesir,2005-08-01,46.89,11,11,1,1,276
CHARLES KOWALSKI,Malaysia,Sungai Petani,2005-08-02,46.88,12,12,"2,1","2,1",279
MARTHA GONZALEZ,Moldova,Chisinau,2005-08-02,46.870000000000005,13,13,"2,1","2,1",280
CAROLE BARNETT,United States,Peoria,2005-08-22,46.870000000000005,13,13,2,2,280
JOSE ANDREW,Saint Vincent and the Grenadines,Kingstown,2005-08-02,46.86000000000001,14,14,2,2,282
RUTH MARTINEZ,South Africa,Kimberley,2005-08-20,45.940000000000005,6,6,"1,2","1,2",283
ROBIN HAYES,Russian Federation,Jelets,2005-07-09,45.93,7,7,2,2,284
RICK MATTOX,Egypt,Mit Ghamr,2005-08-02,45.920000000000016,8,8,"2,1","2,1",285
RUTH MARTINEZ,South Africa,Kimberley,2005-08-23,45.92000000000001,8,8,2,2,286
JEAN BELL,Malaysia,Kuching,2005-08-22,45.92000000000001,8,8,1,1,286
TONYA CHAPMAN,India,Bhilwara,2005-07-30,45.92000000000001,8,8,2,2,286
MARILYN ROSS,Nigeria,Ife,2005-07-11,45.92,8,8,"1,2","1,2",289
JOE GILLILAND,Philippines,Imus,2005-08-23,45.92,8,8,1,1,289
JESSICA HALL,Holy See (Vatican City State),Citt del Vaticano,2005-08-23,45.919999999999995,8,8,1,1,291
EDUARDO HIATT,China,Jining,2005-08-01,45.919999999999995,8,8,2,2,291
JUNE CARROLL,Algeria,Skikda,2005-08-23,45.91000000000002,9,9,1,1,293
RALPH MADRIGAL,Puerto Rico,Arecibo,2005-08-22,45.91000000000001,9,9,1,1,294
MARIA MILLER,Yugoslavia,Kragujevac,2005-07-12,45.910000000000004,9,9,2,2,295
ROSA REYNOLDS,United States,Lancaster,2005-08-01,45.910000000000004,9,9,2,2,295
MICHELE GRANT,China,Yuncheng,2005-08-02,45.910000000000004,9,9,1,1,295
MARION SNYDER,Brazil,Santa Brbara dOeste,2005-07-12,45.910000000000004,9,9,"1,2","1,2",295
LENA JENSEN,India,Halisahar,2005-08-22,45.910000000000004,9,9,2,2,295
RICARDO MEADOR,Japan,Okayama,2005-08-23,45.910000000000004,9,9,1,1,295
MARC OUTLAW,Italy,Brindisi,2005-08-20,45.910000000000004,9,9,2,2,295
CLIFTON MALCOLM,Taiwan,Tanshui,2005-08-01,45.910000000000004,9,9,"2,1","2,1",295
JAMIE RICE,United States,Sterling Heights,2005-08-23,45.91,9,9,1,1,303
MARGIE WADE,China,Lengshuijiang,2005-08-23,45.91,9,9,1,1,303
MIKE WAY,India,Valparai,2005-08-01,45.91,9,9,"1,2","1,2",303
CALVIN MARTEL,Venezuela,Maracabo,2005-08-23,45.90000000000001,10,10,2,2,306
SARA PERRY,Mexico,Atlixco,2005-08-02,45.900000000000006,10,10,"1,2","1,2",307
JOY GEORGE,Romania,Botosani,2005-08-02,45.900000000000006,10,10,2,2,307
MABEL HOLLAND,Myanmar,Monywa,2005-08-23,45.900000000000006,10,10,"2,1","2,1",307
RAMONA HALE,India,Patiala,2005-08-23,45.900000000000006,10,10,2,2,307
MICHAEL SILVERMAN,China,Tiefa,2005-08-01,45.900000000000006,10,10,2,2,307
MICHEAL FORMAN,Argentina,Escobar,2005-08-23,45.900000000000006,10,10,"1,2","1,2",307
CLARA SHAW,Belarus,Molodetno,2005-08-23,45.9,10,10,1,1,313
JOE GILLILAND,Philippines,Imus,2005-08-02,45.9,10,10,"1,2","1,2",313
NATHANIEL ADAM,United States,Joliet,2005-08-23,45.9,10,10,"1,2","1,2",313
HARRY ARCE,Iran,Najafabad,2005-08-23,45.89000000000001,11,11,1,1,316
ELLA OLIVER,Yemen,Aden,2005-07-10,45.89,11,11,2,2,317
STACEY MONTGOMERY,China,Fuyu,2005-08-23,45.89,11,11,2,2,317
CONSTANCE REID,Nigeria,Zaria,2005-07-30,45.89,11,11,2,2,317
JEFFERY PINSON,Pakistan,Dadu,2005-08-02,45.89,11,11,"1,2","1,2",317
TERRENCE GUNDERSON,China,Jinzhou,2005-07-31,45.89,11,11,"2,1","2,1",317
GEORGE LINTON,Brazil,Sorocaba,2005-08-23,45.88999999999999,11,11,2,2,322
JULIA FLORES,Argentina,La Plata,2005-08-02,45.88,12,12,1,1,323
CHARLENE ALVAREZ,Tanzania,Zanzibar,2005-08-01,44.93000000000001,7,7,2,2,324
ADAM GOOCH,India,Adoni,2005-08-21,44.93000000000001,7,7,1,1,324
LINDA WILLIAMS,Greece,Athenai,2005-07-29,44.93,7,7,1,1,326
MAE FLETCHER,Spain,Donostia-San Sebastin,2005-08-22,44.920000000000016,8,8,1,1,327
JOHN FARNSWORTH,India,Parbhani,2005-08-21,44.920000000000016,8,8,1,1,327
KENT ARSENAULT,Brazil,Juiz de Fora,2005-08-20,44.920000000000016,8,8,1,1,327
ALEX GRESHAM,Mexico,Uruapan,2005-06-19,44.92000000000001,8,8,2,2,330
DAN PAINE,United Kingdom,Stockport,2005-08-02,44.92000000000001,8,8,2,2,330
MARION SNYDER,Brazil,Santa Brbara dOeste,2005-06-20,44.92,8,8,1,1,332
LENA JENSEN,India,Halisahar,2005-08-01,44.92,8,8,1,1,332
RYAN SALISBURY,Latvia,Daugavpils,2005-08-23,44.92,8,8,2,2,332
MARSHALL THORN,United Kingdom,Southampton,2005-07-12,44.92,8,8,2,2,332
CURTIS IRBY,Canada,Richmond Hill,2005-08-21,44.919999999999995,8,8,"1,2","1,2",336
SALVADOR TEEL,Gambia,Banjul,2005-08-21,44.919999999999995,8,8,2,2,336
GREG ROBINS,Vietnam,Nam Dinh,2005-08-22,44.91999999999999,8,8,2,2,338
MARION SNYDER,Brazil,Santa Brbara dOeste,2005-08-22,44.910000000000025,9,9,1,1,339
LISA ANDERSON,Japan,Sagamihara,2005-08-02,44.910000000000004,9,9,2,2,340
MICHAEL SILVERMAN,China,Tiefa,2005-07-31,44.910000000000004,9,9,2,2,340
ALVIN DELOACH,Mexico,Cuauhtmoc,2005-08-01,44.910000000000004,9,9,2,2,340
GORDON ALLARD,Yemen,Hodeida,2005-07-12,44.910000000000004,9,9,2,2,340
WANDA PATTERSON,Colombia,Sincelejo,2005-08-01,44.91,9,9,"2,1","2,1",344
HOLLY FOX,India,Haldia,2005-08-21,44.91,9,9,2,2,344
TRACY HERRMANN,Ecuador,Loja,2005-08-23,44.91,9,9,2,2,344
BESSIE MORRISON,Italy,Syrakusa,2005-08-22,44.90000000000001,10,10,1,1,347
AMANDA CARTER,Morocco,Nador,2005-08-22,44.900000000000006,10,10,1,1,348
ALMA AUSTIN,Germany,Mannheim,2005-08-02,44.900000000000006,10,10,1,1,348
ARLENE HARVEY,India,Ambattur,2005-07-12,44.900000000000006,10,10,"1,2","1,2",348
MICHAEL SILVERMAN,China,Tiefa,2005-08-23,44.900000000000006,10,10,"2,1","2,1",348
THOMAS GRIGSBY,United States,Kansas City,2005-08-23,44.900000000000006,10,10,2,2,348
STEVE MACKENZIE,Indonesia,Probolinggo,2005-08-22,44.900000000000006,10,10,2,2,348
CRAIG MORRELL,Philippines,Cavite,2005-08-22,44.900000000000006,10,10,2,2,348
MICHEAL FORMAN,Argentina,Escobar,2005-08-02,44.900000000000006,10,10,"2,1","2,1",348
KARL SEAL,United States,Cape Coral,2005-07-31,44.900000000000006,10,10,2,2,348
LORI WOOD,India,Rae Bareli,2005-08-23,44.9,10,10,2,2,357
ELLA OLIVER,Yemen,Aden,2005-07-09,44.9,10,10,1,1,357
PRISCILLA LOWE,Mexico,Salamanca,2005-08-02,44.9,10,10,1,1,357
WARREN SHERROD,Russian Federation,Usolje-Sibirskoje,2005-07-31,44.9,10,10,1,1,357
PEDRO CHESTNUT,Ukraine,ostka,2005-08-02,44.9,10,10,1,1,357
MAX PITT,Yugoslavia,Novi Sad,2005-07-08,44.9,10,10,2,2,357
THEODORE CULP,India,Uluberia,2005-07-30,44.89999999999999,10,10,"2,1","2,1",363
ALEX GRESHAM,Mexico,Uruapan,2005-08-23,44.89000000000001,11,11,2,2,364
ALICE STEWART,United States,Fontana,2005-08-21,44.89,11,11,"2,1","2,1",365
SHELLY WATTS,United States,Dayton,2005-08-01,44.89,11,11,"2,1","2,1",365
DARREN WINDHAM,Italy,Livorno,2005-08-23,44.89,11,11,2,2,365
NATHAN RUNYON,"Virgin Islands, U.S.",Charlotte Amalie,2005-07-30,44.88000000000001,12,12,"1,2","1,2",368
SUE PETERS,China,Changzhou,2005-08-02,44.88,12,12,1,1,369
DEBBIE REYES,Japan,Fukuyama,2005-08-23,44.87999999999999,12,12,1,1,370
GORDON ALLARD,Yemen,Hodeida,2005-07-30,43.94,6,6,1,1,371
DAN PAINE,United Kingdom,Stockport,2005-08-01,43.93000000000001,7,7,1,1,372
ASHLEY RICHARDSON,United States,Lincoln,2005-07-12,43.93,7,7,2,2,373
ERIC ROBERT,Argentina,Santa F,2005-07-09,43.93,7,7,1,1,373
NEIL RENNER,Vietnam,Cam Ranh,2005-07-11,43.92000000000001,8,8,2,2,375
KAREN JACKSON,Turkey,Osmaniye,2005-08-22,43.92,8,8,1,1,376
ALVIN DELOACH,Mexico,Cuauhtmoc,2005-07-29,43.92,8,8,"2,1","2,1",376
RAMON CHOATE,Ecuador,Robamba,2005-08-22,43.92,8,8,"1,2","1,2",376
GUY BROWNLEE,China,Zhoushan,2005-08-21,43.91999999999999,8,8,"2,1","2,1",379
ANDRE RAPP,Chile,Coquimbo,2005-08-21,43.91000000000001,9,9,2,2,380
CYNTHIA YOUNG,India,Munger (Monghyr),2005-08-02,43.910000000000004,9,9,1,1,381
TANYA GILBERT,South Korea,Naju,2005-07-30,43.910000000000004,9,9,1,1,381
TANYA GILBERT,South Korea,Naju,2005-08-23,43.910000000000004,9,9,2,2,381
VIOLA HANSON,Philippines,Lapu-Lapu,2005-08-02,43.910000000000004,9,9,"2,1","2,1",381
ROY WHITING,Kenya,Nyeri,2005-08-01,43.910000000000004,9,9,1,1,381
STEVE MACKENZIE,Indonesia,Probolinggo,2005-08-21,43.910000000000004,9,9,1,1,381
HOWARD FORTNER,Iran,Kermanshah,2005-08-02,43.910000000000004,9,9,1,1,381
FRANCISCO SKIDMORE,Brazil,So Leopoldo,2005-08-02,43.910000000000004,9,9,1,1,381
BILL GAVIN,United States,Rockford,2005-08-22,43.910000000000004,9,9,1,1,381
BRETT CORNWELL,India,Siliguri (Shiliguri),2005-08-01,43.910000000000004,9,9,2,2,381
NEIL RENNER,Vietnam,Cam Ranh,2005-08-02,43.910000000000004,9,9,"1,2","1,2",381
LORI WOOD,India,Rae Bareli,2005-08-01,43.91,9,9,"2,1","2,1",392
RONALD WEINER,Mexico,San Felipe del Progreso,2005-07-12,43.91,9,9,1,1,392
LOUIS LEONE,Philippines,Tanauan,2005-08-19,43.91,9,9,"2,1","2,1",392
SEAN DOUGLASS,Ethiopia,Addis Abeba,2005-08-21,43.91,9,9,"1,2","1,2",392
EARL SHANKS,Japan,Iwatsuki,2005-08-22,43.91,9,9,"1,2","1,2",392
CECIL VINES,United Kingdom,London,2005-08-22,43.91,9,9,"1,2","1,2",392
HUGH WALDROP,China,Haining,2005-08-02,43.91,9,9,"1,2","1,2",392
WESLEY BULL,Spain,Ourense (Orense),2005-07-12,43.90000000000001,10,10,1,1,399
AMBER DIXON,Taiwan,Touliu,2005-08-23,43.900000000000006,10,10,1,1,400
PATSY DAVIDSON,Ecuador,Portoviejo,2005-08-23,43.900000000000006,10,10,"1,2","1,2",400
SHERRI RHODES,India,Ahmadnagar,2005-08-23,43.900000000000006,10,10,"2,1","2,1",400
FRANK WAGGONER,Bangladesh,Jamalpur,2005-08-01,43.900000000000006,10,10,"1,2","1,2",400
RUSSELL BRINSON,Poland,Tychy,2005-08-01,43.900000000000006,10,10,2,2,400
DUANE TUBBS,Nauru,Yangor,2005-08-02,43.900000000000006,10,10,"2,1","2,1",400
BRANDON HUEY,Turkey,Balikesir,2005-07-12,43.9,10,10,"2,1","2,1",406
BOB PFEIFFER,China,Xintai,2005-08-01,43.9,10,10,"2,1","2,1",406
TRACEY BARRETT,Nigeria,Owo,2005-08-02,43.89000000000001,11,11,1,1,408
JUANITA MASON,India,Pune,2005-08-01,43.89,11,11,"2,1","2,1",409
ROGER QUINTANILLA,Taiwan,Hsichuh,2005-08-23,43.89,11,11,"2,1","2,1",409
CARLOS COUGHLIN,India,Bhavnagar,2005-08-23,43.89,11,11,"1,2","1,2",409
MANUEL MURRELL,Sri Lanka,Jaffna,2005-08-23,43.89,11,11,"1,2","1,2",409
ROSS GREY,Philippines,Iligan,2005-08-02,43.89,11,11,"2,1","2,1",409
CAROLYN PEREZ,Thailand,Pak Kret,2005-08-01,43.88000000000001,12,12,2,2,414
MATTHEW MAHAN,Mexico,Cuautla,2005-08-02,43.88000000000001,12,12,1,1,414
CAROLE BARNETT,United States,Peoria,2005-08-21,43.88,12,12,"1,2","1,2",416
CRYSTAL FORD,Israel,Ashdod,2005-08-02,43.870000000000005,13,13,"2,1","2,1",417
ANGEL BARCLAY,Japan,Ueda,2005-08-23,43.870000000000005,13,13,1,1,417
KEVIN SCHULER,Nepal,Birgunj,2005-08-23,42.93000000000001,7,7,"1,2","1,2",419
BERNICE WILLIS,Turkey,Batman,2005-08-22,42.92000000000001,8,8,1,1,420
JUNE CARROLL,Algeria,Skikda,2005-06-20,42.92000000000001,8,8,1,1,420
MARCIA DEAN,Philippines,Tanza,2005-08-21,42.92000000000001,8,8,"2,1","2,1",420
KEVIN SCHULER,Nepal,Birgunj,2005-07-12,42.92000000000001,8,8,1,1,420
RALPH MADRIGAL,Puerto Rico,Arecibo,2005-08-21,42.92000000000001,8,8,1,1,420
GORDON ALLARD,Yemen,Hodeida,2005-08-21,42.92000000000001,8,8,2,2,420
FERNANDO CHURCHILL,South Korea,Tonghae,2005-08-02,42.92000000000001,8,8,1,1,420
JIMMIE EGGLESTON,Poland,Wroclaw,2005-07-11,42.92000000000001,8,8,2,2,420
WILLARD LUMPKIN,Mexico,Carmen,2005-08-02,42.92000000000001,8,8,1,1,420
KAREN JACKSON,Turkey,Osmaniye,2005-07-31,42.92,8,8,1,1,429
LENA JENSEN,India,Halisahar,2005-08-21,42.92,8,8,2,2,429
JERRY JORDON,Japan,Onomichi,2005-08-22,42.92,8,8,"2,1","2,1",429
JESUS MCCARTNEY,Brazil,Guaruj,2005-08-01,42.92,8,8,"1,2","1,2",429
DON BONE,Mozambique,Naala-Porto,2005-08-23,42.92,8,8,"2,1","2,1",429
TROY QUIGLEY,Canada,Vancouver,2005-08-02,42.92,8,8,2,2,429
ARTHUR SIMPKINS,Russian Federation,Maikop,2005-07-31,42.919999999999995,8,8,"2,1","2,1",435
CLIFFORD BOWENS,Russian Federation,Nabereznyje Telny,2005-08-02,42.919999999999995,8,8,"2,1","2,1",435
CHERYL MURPHY,India,Mysore,2005-08-23,42.91000000000001,9,9,2,2,437
ANDREW PURDY,Azerbaijan,Baku,2005-07-31,42.91000000000001,9,9,"2,1","2,1",437
GORDON ALLARD,Yemen,Hodeida,2005-08-02,42.91000000000001,9,9,2,2,437
ZACHARY HITE,United States,Akron,2005-07-12,42.91000000000001,9,9,"1,2","1,2",437
JOYCE EDWARDS,Saudi Arabia,Jedda,2005-08-01,42.910000000000004,9,9,1,1,441
LYNN PAYNE,Malawi,Lilongwe,2005-08-23,42.910000000000004,9,9,2,2,441
JOSEPH JOY,Brazil,Angra dos Reis,2005-08-02,42.910000000000004,9,9,1,1,441
STEVEN CURLEY,India,Miraj,2005-08-01,42.910000000000004,9,9,1,1,441
NEIL RENNER,Vietnam,Cam Ranh,2005-08-23,42.910000000000004,9,9,1,1,441
CATHY SPENCER,Japan,Kakamigahara,2005-08-23,42.91,9,9,1,1,446
GEORGE LINTON,Brazil,Sorocaba,2005-07-30,42.91,9,9,2,2,446
TERESA ROGERS,Japan,Iwakuni,2005-08-23,42.90000000000001,10,10,1,1,448
KENT ARSENAULT,Brazil,Juiz de Fora,2005-07-31,42.90000000000001,10,10,1,1,448
BERNICE WILLIS,Turkey,Batman,2005-08-01,42.900000000000006,10,10,"1,2","1,2",450
MARSHA DOUGLAS,Mozambique,Beira,2005-07-30,42.900000000000006,10,10,2,2,450
HARRY ARCE,Iran,Najafabad,2005-08-22,42.900000000000006,10,10,1,1,450
MARIO CHEATHAM,Algeria,Batna,2005-08-01,42.900000000000006,10,10,1,1,450
ALEX GRESHAM,Mexico,Uruapan,2005-08-22,42.900000000000006,10,10,"1,2","1,2",450
CLYDE TOBIAS,China,Shaoguan,2005-08-02,42.9,10,10,2,2,455
DARREN WINDHAM,Italy,Livorno,2005-08-22,42.9,10,10,"2,1","2,1",455
MORRIS MCCARTER,Taiwan,Fengshan,2005-08-01,42.9,10,10,2,2,455
DARYL LARUE,Iraq,Mosul,2005-08-02,42.9,10,10,1,1,455
PHYLLIS FOSTER,China,Zalantun,2005-08-23,42.89,11,11,"2,1","2,1",459
BOBBY BOUDREAU,Anguilla,South Hill,2005-08-23,42.89,11,11,1,1,459
MELVIN ELLINGTON,China,Laohekou,2005-08-22,42.89,11,11,"1,2","1,2",459
TERRANCE ROUSH,Hungary,Szkesfehrvr,2005-08-02,42.89,11,11,1,1,459
JEANNE LAWSON,Turkmenistan,Ashgabat,2005-08-23,41.940000000000005,6,6,"2,1","2,1",463
LINDA WILLIAMS,Greece,Athenai,2005-07-28,41.94,6,6,"2,1","2,1",464
ZACHARY HITE,United States,Akron,2005-08-01,41.930000000000014,7,7,2,2,465
SANDRA MARTIN,United Kingdom,Southend-on-Sea,2005-08-21,41.93000000000001,7,7,1,1,466
ELAINE STEVENS,Russian Federation,Smolensk,2005-08-02,41.93000000000001,7,7,1,1,466
GERTRUDE CASTILLO,Greenland,Nuuk,2005-08-23,41.93000000000001,7,7,1,1,466
ELLA OLIVER,Yemen,Aden,2005-08-22,41.93000000000001,7,7,2,2,466
CHRISTOPHER GRECO,Italy,Brescia,2005-07-12,41.93000000000001,7,7,2,2,466
JESSICA HALL,Holy See (Vatican City State),Citt del Vaticano,2005-06-19,41.93,7,7,1,1,471
FRANCIS SIKES,Mexico,San Juan Bautista Tuxtepec,2005-07-08,41.93,7,7,"2,1","2,1",471
TROY QUIGLEY,Canada,Vancouver,2005-08-01,41.93,7,7,2,2,471
SARAH LEWIS,Latvia,Liepaja,2005-08-02,41.92000000000001,8,8,1,1,474
LORETTA CARPENTER,Canada,Oshawa,2005-08-02,41.92000000000001,8,8,2,2,474
MARIA MILLER,Yugoslavia,Kragujevac,2005-07-11,41.92,8,8,1,1,476
TANYA GILBERT,South Korea,Naju,2005-08-22,41.92,8,8,"2,1","2,1",476
TRACEY BARRETT,Nigeria,Owo,2005-08-22,41.92,8,8,"2,1","2,1",476
VELMA LUCAS,Nigeria,Effon-Alaiye,2005-07-12,41.92,8,8,2,2,476
OSCAR AQUINO,Iran,Sirjan,2005-08-01,41.92,8,8,"2,1","2,1",476
MARC OUTLAW,Italy,Brindisi,2005-08-19,41.92,8,8,2,2,476
JESSIE MILAM,China,Binzhou,2005-08-23,41.92,8,8,2,2,476
MARSHALL THORN,United Kingdom,Southampton,2005-08-02,41.92,8,8,2,2,476
COURTNEY DAY,South Korea,Uijongbu,2005-07-30,41.91000000000001,9,9,2,2,484
MISTY LAMBERT,United Arab Emirates,Sharja,2005-07-31,41.91000000000001,9,9,"1,2","1,2",484
KARL SEAL,United States,Cape Coral,2005-06-21,41.91000000000001,9,9,1,1,484
KARL SEAL,United States,Cape Coral,2005-07-12,41.91000000000001,9,9,"2,1","2,1",484
KENT ARSENAULT,Brazil,Juiz de Fora,2005-07-29,41.91000000000001,9,9,2,2,484
AMANDA CARTER,Morocco,Nador,2005-08-21,41.910000000000004,9,9,1,1,489
SHANNON FREEMAN,India,Varanasi (Benares),2005-08-01,41.910000000000004,9,9,2,2,489
DANIELLE DANIELS,Mexico,Hidalgo,2005-08-19,41.910000000000004,9,9,"1,2","1,2",489
REGINA BERRY,China,Jinchang,2005-08-21,41.910000000000004,9,9,1,1,489
ALMA AUSTIN,Germany,Mannheim,2005-08-01,41.910000000000004,9,9,1,1,489
JEREMY HURTADO,Brazil,Vitria de Santo Anto,2005-08-22,41.910000000000004,9,9,"2,1","2,1",489
RUSSELL BRINSON,Poland,Tychy,2005-07-31,41.910000000000004,9,9,1,1,489
LORI WOOD,India,Rae Bareli,2005-08-22,41.91,9,9,"1,2","1,2",496
GLENDA FRAZIER,China,Qinhuangdao,2005-08-02,41.91,9,9,"2,1","2,1",496
BRANDY GRAVES,United States,Warren,2005-08-23,41.91,9,9,"2,1","2,1",496
BILLY POULIN,Philippines,Cabuyao,2005-08-23,41.91,9,9,1,1,496
KYLE SPURLOCK,China,Shanwei,2005-07-31,41.91,9,9,"1,2","1,2",496
GABRIEL HARDER,Turkey,Sivas,2005-08-02,41.90000000000001,10,10,2,2,501
MARCIA DEAN,Philippines,Tanza,2005-07-31,41.900000000000006,10,10,"1,2","1,2",502
EDWARD BAUGH,Faroe Islands,Trshavn,2005-08-22,41.900000000000006,10,10,1,1,502
LOUIS LEONE,Philippines,Tanauan,2005-07-31,41.900000000000006,10,10,1,1,502
BRAD MCCURDY,Taiwan,Chungho,2005-07-12,41.900000000000006,10,10,2,2,502
SALVADOR TEEL,Gambia,Banjul,2005-08-02,41.900000000000006,10,10,"1,2","1,2",502
VIOLET RODRIQUEZ,Hong Kong,Kowloon and New Kowloon,2005-08-21,41.9,10,10,2,2,507
LEON BOSTIC,Colombia,Florencia,2005-08-23,41.9,10,10,2,2,507
DWAYNE OLVERA,India,Rajkot,2005-08-23,41.9,10,10,2,2,507
VIRGIL WOFFORD,Mexico,Jos Azueta,2005-07-10,41.9,10,10,"1,2","1,2",507
GEORGE LINTON,Brazil,Sorocaba,2005-08-22,41.89999999999999,10,10,2,2,511
EMILY DIAZ,South Korea,Kimchon,2005-07-12,41.89000000000001,11,11,2,2,512
ANGELA HERNANDEZ,Japan,Shimonoseki,2005-08-21,41.89,11,11,1,1,513
JULIA FLORES,Argentina,La Plata,2005-08-01,41.89,11,11,2,2,513
ETHEL WEBB,South Africa,Boksburg,2005-07-31,41.89,11,11,"2,1","2,1",513
CASEY MENA,Turkey,Tokat,2005-07-30,41.89,11,11,2,2,513
JUSTIN NGO,Brazil,Santo Andr,2005-08-01,41.88999999999999,11,11,1,1,517
DEBBIE REYES,Japan,Fukuyama,2005-08-22,41.889999999999986,11,11,1,1,518
KATHLEEN ADAMS,Iran,Arak,2005-08-02,41.88000000000001,12,12,"1,2","1,2",519
MARSHA DOUGLAS,Mozambique,Beira,2005-08-23,41.88000000000001,12,12,"1,2","1,2",519
CHRISTOPHER GRECO,Italy,Brescia,2005-08-01,41.88000000000001,12,12,1,1,519
ERIC ROBERT,Argentina,Santa F,2005-07-07,40.94,6,6,"1,2","1,2",522
DEBRA NELSON,Brazil,Vila Velha,2005-07-11,40.93000000000001,7,7,1,1,523
JEAN BELL,Malaysia,Kuching,2005-08-21,40.93000000000001,7,7,"2,1","2,1",523
NELLIE GARRETT,India,Shimoga,2005-08-01,40.93000000000001,7,7,1,1,523
CARL ARTIS,Paraguay,San Lorenzo,2005-08-02,40.93000000000001,7,7,2,2,523
SERGIO STANFIELD,Mexico,Celaya,2005-08-01,40.93000000000001,7,7,"2,1","2,1",523
MARIA MILLER,Yugoslavia,Kragujevac,2005-08-02,40.93,7,7,2,2,528
KATHRYN COLEMAN,Ukraine,Simferopol,2005-08-02,40.93,7,7,1,1,528
SYLVIA ORTIZ,Colombia,Dos Quebradas,2005-08-22,40.93,7,7,2,2,528
JASON MORRISSEY,Argentina,Baha Blanca,2005-06-21,40.93,7,7,2,2,528
ARTHUR SIMPKINS,Russian Federation,Maikop,2005-07-12,40.93,7,7,2,2,528
JESSIE MILAM,China,Binzhou,2005-08-22,40.93,7,7,1,1,528
JAIME NETTLES,Peru,Hunuco,2005-08-02,40.93,7,7,"2,1","2,1",528
MARGIE WADE,China,Lengshuijiang,2005-08-22,40.92999999999999,7,7,"2,1","2,1",535
JUNE CARROLL,Algeria,Skikda,2005-08-22,40.920000000000016,8,8,2,2,536
SONIA GREGORY,Nigeria,Benin City,2005-08-01,40.92000000000001,8,8,1,1,537
CYNTHIA YOUNG,India,Munger (Monghyr),2005-08-01,40.92,8,8,2,2,538
ROSA REYNOLDS,United States,Lancaster,2005-08-22,40.92,8,8,2,2,538
LYNN PAYNE,Malawi,Lilongwe,2005-08-22,40.92,8,8,"1,2","1,2",538
HOWARD FORTNER,Iran,Kermanshah,2005-08-01,40.92,8,8,1,1,538
JESUS MCCARTNEY,Brazil,Guaruj,2005-08-02,40.92,8,8,1,1,538
RICARDO MEADOR,Japan,Okayama,2005-08-22,40.92,8,8,1,1,538
ARNOLD HAVENS,Philippines,Santa Rosa,2005-07-10,40.92,8,8,2,2,538
RENE MCALISTER,United States,Garden Grove,2005-08-02,40.92,8,8,2,2,538
TERRENCE GUNDERSON,China,Jinzhou,2005-07-12,40.92,8,8,1,1,538
RON DELUCA,Japan,Isesaki,2005-08-01,40.919999999999995,8,8,2,2,547
CODY NOLEN,Brazil,So Bernardo do Campo,2005-08-23,40.919999999999995,8,8,1,1,547
STEVE MACKENZIE,Indonesia,Probolinggo,2005-07-29,40.91000000000001,9,9,"1,2","1,2",549
SHAWN HEATON,Thailand,Nakhon Sawan,2005-08-20,40.91000000000001,9,9,"1,2","1,2",549
RODNEY MOELLER,Nigeria,Deba Habe,2005-07-12,40.91000000000001,9,9,1,1,549
CALVIN MARTEL,Venezuela,Maracabo,2005-08-22,40.91000000000001,9,9,1,1,549
BRUCE SCHWARZ,Japan,Okinawa,2005-08-01,40.910000000000004,9,9,2,2,553
MARIO CHEATHAM,Algeria,Batna,2005-07-31,40.910000000000004,9,9,2,2,553
LUCILLE HOLMES,South Africa,Soshanguve,2005-08-21,40.91,9,9,2,2,555
ELLA OLIVER,Yemen,Aden,2005-07-08,40.91,9,9,1,1,555
RONALD WEINER,Mexico,San Felipe del Progreso,2005-08-22,40.91,9,9,2,2,555
SALVADOR TEEL,Gambia,Banjul,2005-08-23,40.91,9,9,1,1,555
GERALD FULTZ,India,Satna,2005-08-02,40.900000000000006,10,10,1,1,559
RALPH MADRIGAL,Puerto Rico,Arecibo,2005-07-31,40.900000000000006,10,10,"1,2","1,2",559
LEE HAWKS,India,Pudukkottai,2005-08-02,40.900000000000006,10,10,"2,1","2,1",559
JESSIE MILAM,China,Binzhou,2005-08-01,40.900000000000006,10,10,1,1,559
DIANE COLLINS,Sudan,Omdurman,2005-07-31,40.9,10,10,"1,2","1,2",563
ELLEN SIMPSON,Brazil,Po,2005-08-23,40.9,10,10,"2,1","2,1",563
NORA HERRERA,Austria,Salzburg,2005-08-21,40.9,10,10,1,1,563
RYAN SALISBURY,Latvia,Daugavpils,2005-07-31,40.9,10,10,1,1,563
BYRON BOX,Kazakstan,Zhezqazghan,2005-07-12,40.9,10,10,1,1,563
MELISSA KING,Taiwan,Lungtan,2005-08-01,40.89,11,11,1,1,568
VIRGINIA GREEN,France,Toulouse,2005-07-12,40.89,11,11,1,1,568
MARJORIE TUCKER,Poland,Jastrzebie-Zdrj,2005-08-23,40.89,11,11,1,1,568
MONICA HICKS,Ukraine,Mukateve,2005-08-23,40.89,11,11,"2,1","2,1",568
DARLENE ROSE,North Korea,Pyongyang,2005-08-01,40.870000000000005,13,13,1,1,572
GERTRUDE CASTILLO,Greenland,Nuuk,2005-08-20,39.940000000000005,6,6,2,2,573
CHARLENE ALVAREZ,Tanzania,Zanzibar,2005-07-31,39.940000000000005,6,6,1,1,573
GUY BROWNLEE,China,Zhoushan,2005-06-21,39.94,6,6,"2,1","2,1",575
DIANE COLLINS,Sudan,Omdurman,2005-07-12,39.93000000000001,7,7,"2,1","2,1",576
BRITTANY RILEY,Ukraine,Sumy,2005-07-12,39.93000000000001,7,7,2,2,576
FERNANDO CHURCHILL,South Korea,Tonghae,2005-08-23,39.93000000000001,7,7,1,1,576
ANDREA HENDERSON,Madagascar,Mahajanga,2005-08-22,39.93,7,7,1,1,579
SARA PERRY,Mexico,Atlixco,2005-07-11,39.93,7,7,"1,2","1,2",579
HILDA HOPKINS,Philippines,Mandaluyong,2005-08-22,39.93,7,7,1,1,579
ROY WHITING,Kenya,Nyeri,2005-08-22,39.93,7,7,"1,2","1,2",579
EDDIE TOMLIN,Philippines,Ozamis,2005-08-21,39.93,7,7,2,2,579
TROY QUIGLEY,Canada,Vancouver,2005-08-19,39.93,7,7,2,2,579
RICARDO MEADOR,Japan,Okayama,2005-08-21,39.93,7,7,2,2,579
GILBERT SLEDGE,United Kingdom,York,2005-07-31,39.93,7,7,2,2,579
BEN EASTER,Russian Federation,Kamyin,2005-08-01,39.93,7,7,2,2,579
MILTON HOWLAND,India,Vijayawada,2005-07-28,39.92999999999999,7,7,2,2,588
MARION SNYDER,Brazil,Santa Brbara dOeste,2005-08-21,39.92000000000002,8,8,"1,2","1,2",589
GLORIA COOK,French Polynesia,Papeete,2005-08-23,39.92000000000001,8,8,2,2,590
CALVIN MARTEL,Venezuela,Maracabo,2005-08-21,39.92000000000001,8,8,"1,2","1,2",590
ROSA REYNOLDS,United States,Lancaster,2005-07-31,39.92,8,8,"2,1","2,1",592
APRIL BURNS,United Kingdom,Dundee,2005-08-02,39.92,8,8,2,2,592
ELEANOR HUNT,Runion,Saint-Denis,2005-07-29,39.92,8,8,"2,1","2,1",592
MICHELE GRANT,China,Yuncheng,2005-08-01,39.92,8,8,1,1,592
DANA HART,Russian Federation,Kirovo-Tepetsk,2005-07-31,39.92,8,8,"2,1","2,1",592
YOLANDA WEAVER,Tanzania,Tabora,2005-08-02,39.92,8,8,"1,2","1,2",592
VANESSA SIMS,Germany,Siegen,2005-08-02,39.92,8,8,"2,1","2,1",592
JENNIE TERRY,Czech Republic,Olomouc,2005-07-11,39.92,8,8,"1,2","1,2",592
RAYMOND MCWHORTER,Azerbaijan,Sumqayit,2005-07-12,39.92,8,8,2,2,592
TERRY GRISSOM,Japan,Matsue,2005-07-12,39.92,8,8,"1,2","1,2",592
MIGUEL BETANCOURT,Germany,Erlangen,2005-08-21,39.92,8,8,1,1,592
BILL GAVIN,United States,Rockford,2005-08-21,39.92,8,8,"2,1","2,1",592
GORDON ALLARD,Yemen,Hodeida,2005-07-11,39.92,8,8,1,1,592
HERMAN DEVORE,Tanzania,Mwanza,2005-08-02,39.92,8,8,2,2,592
EVERETT BANDA,Egypt,Bilbays,2005-08-23,39.92,8,8,"2,1","2,1",592
ISAAC OGLESBY,Mexico,Cuernavaca,2005-08-23,39.92,8,8,2,2,592
MARION SNYDER,Brazil,Santa Brbara dOeste,2005-07-31,39.91000000000001,9,9,2,2,608
VIVIAN RUIZ,Netherlands,s-Hertogenbosch,2005-08-23,39.91000000000001,9,9,2,2,608
DAVE GARDINER,China,Leshan,2005-08-21,39.91000000000001,9,9,2,2,608
BETTY WHITE,United States,Citrus Heights,2005-08-02,39.910000000000004,9,9,1,1,611
JEAN BELL,Malaysia,Kuching,2005-08-02,39.910000000000004,9,9,1,1,611
ASHLEY RICHARDSON,United States,Lincoln,2005-08-22,39.910000000000004,9,9,1,1,611
SHERRY MARSHALL,Egypt,Shubra al-Khayma,2005-08-21,39.910000000000004,9,9,2,2,611
DEBBIE REYES,Japan,Fukuyama,2005-08-01,39.910000000000004,9,9,1,1,611
ELEANOR HUNT,Runion,Saint-Denis,2005-07-12,39.910000000000004,9,9,"1,2","1,2",611
ELSIE KELLEY,Nigeria,Ikerre,2005-08-20,39.910000000000004,9,9,1,1,611
ROSEMARY SCHMIDT,Turkey,Usak,2005-08-22,39.910000000000004,9,9,"1,2","1,2",611
JOSHUA MARK,India,Rampur,2005-08-23,39.910000000000004,9,9,2,2,611
HARRY ARCE,Iran,Najafabad,2005-08-21,39.910000000000004,9,9,1,1,611
TODD TAN,Ukraine,Kamjanets-Podilskyi,2005-07-12,39.910000000000004,9,9,2,2,611
JULIAN VEST,Japan,Akishima,2005-07-12,39.910000000000004,9,9,1,1,611
ELIZABETH BROWN,Taiwan,Nantou,2005-07-12,39.91,9,9,"1,2","1,2",623
MELISSA KING,Taiwan,Lungtan,2005-07-11,39.91,9,9,"2,1","2,1",623
WANDA PATTERSON,Colombia,Sincelejo,2005-08-23,39.91,9,9,"1,2","1,2",623
GEORGIA JACOBS,India,Uttarpara-Kotrung,2005-08-22,39.91,9,9,"2,1","2,1",623
PRISCILLA LOWE,Mexico,Salamanca,2005-08-01,39.91,9,9,1,1,623
ANA BRADLEY,United States,Memphis,2005-08-23,39.90000000000002,10,10,2,2,628
CATHERINE CAMPBELL,Russian Federation,Moscow,2005-08-22,39.900000000000006,10,10,1,1,629
GRACE ELLIS,Germany,Duisburg,2005-08-23,39.900000000000006,10,10,"1,2","1,2",629
THELMA MURRAY,Peru,Lima,2005-08-02,39.900000000000006,10,10,2,2,629
SALLY PIERCE,India,Chandrapur,2005-08-23,39.900000000000006,10,10,2,2,629
NAOMI JENNINGS,India,Karnal,2005-08-02,39.900000000000006,10,10,"2,1","2,1",629
CHARLES KOWALSKI,Malaysia,Sungai Petani,2005-08-01,39.900000000000006,10,10,1,1,629
LESLIE SEWARD,Indonesia,Pontianak,2005-08-23,39.900000000000006,10,10,"2,1","2,1",629
ISAAC OGLESBY,Mexico,Cuernavaca,2005-08-02,39.900000000000006,10,10,1,1,629
JAVIER ELROD,Chad,NDjamna,2005-08-21,39.9,10,10,1,1,637
JESSICA HALL,Holy See (Vatican City State),Citt del Vaticano,2005-07-11,39.89999999999999,10,10,"1,2","1,2",638
MARTHA GONZALEZ,Moldova,Chisinau,2005-08-01,39.89000000000001,11,11,2,2,639
ESTHER CRAWFORD,South Africa,Botshabelo,2005-07-11,39.89000000000001,11,11,1,1,639
MATTHEW MAHAN,Mexico,Cuautla,2005-08-01,39.89000000000001,11,11,1,1,639
RUSSELL BRINSON,Poland,Tychy,2005-08-23,39.89000000000001,11,11,"2,1","2,1",639
PATRICK NEWSOM,Vietnam,Hanoi,2005-08-02,39.89,11,11,1,1,643
BRITTANY RILEY,Ukraine,Sumy,2005-08-20,38.95,5,5,2,2,644
DAN PAINE,United Kingdom,Stockport,2005-07-30,38.940000000000005,6,6,2,2,645
SARAH LEWIS,Latvia,Liepaja,2005-07-31,38.93000000000001,7,7,"2,1","2,1",646
TARA RYAN,Indonesia,Gorontalo,2005-08-01,38.93000000000001,7,7,2,2,646
TONYA CHAPMAN,India,Bhilwara,2005-07-29,38.93000000000001,7,7,2,2,646
MARLENE WELCH,Japan,Iwaki,2005-07-30,38.93000000000001,7,7,2,2,646
ALAN KAHN,China,Emeishan,2005-08-23,38.93000000000001,7,7,"1,2","1,2",646
ALFRED CASILLAS,Egypt,Sawhaj,2005-07-28,38.93000000000001,7,7,"1,2","1,2",646
ANDRE RAPP,Chile,Coquimbo,2005-08-20,38.93000000000001,7,7,2,2,646
KARL SEAL,United States,Cape Coral,2005-08-20,38.93000000000001,7,7,"2,1","2,1",646
KAREN JACKSON,Turkey,Osmaniye,2005-08-21,38.93,7,7,"1,2","1,2",654
ROSE HOWARD,French Guiana,Cayenne,2005-08-02,38.93,7,7,"2,1","2,1",654
LAURIE LAWRENCE,India,Firozabad,2005-08-23,38.93,7,7,2,2,654
VELMA LUCAS,Nigeria,Effon-Alaiye,2005-07-10,38.93,7,7,1,1,654
WARREN SHERROD,Russian Federation,Usolje-Sibirskoje,2005-08-19,38.93,7,7,"1,2","1,2",654
MAURICE CRAWLEY,Mexico,Coatzacoalcos,2005-07-11,38.93,7,7,1,1,654
MITCHELL WESTMORELAND,Vietnam,Nha Trang,2005-07-11,38.93,7,7,1,1,654
ROBERTO VU,China,Yinchuan,2005-07-31,38.92999999999999,7,7,"1,2","1,2",661
RHONDA KENNEDY,Netherlands,Apeldoorn,2005-07-10,38.92000000000001,8,8,1,1,662
DARLENE ROSE,North Korea,Pyongyang,2005-08-22,38.92000000000001,8,8,2,2,662
VIVIAN RUIZ,Netherlands,s-Hertogenbosch,2005-08-22,38.92000000000001,8,8,1,1,662
GARY COY,China,Yuzhou,2005-08-22,38.92000000000001,8,8,1,1,662
AMBER DIXON,Taiwan,Touliu,2005-08-22,38.92,8,8,"1,2","1,2",666
REGINA BERRY,China,Jinchang,2005-08-20,38.92,8,8,2,2,666
STACEY MONTGOMERY,China,Fuyu,2005-07-10,38.92,8,8,"1,2","1,2",666
ARLENE HARVEY,India,Ambattur,2005-08-01,38.92,8,8,1,1,666
MICHAEL SILVERMAN,China,Tiefa,2005-07-30,38.92,8,8,"1,2","1,2",666
FRANCISCO SKIDMORE,Brazil,So Leopoldo,2005-08-01,38.92,8,8,2,2,666
COREY HAUSER,Turkey,Gaziantep,2005-08-02,38.92,8,8,"2,1","2,1",666
ROBERTO VU,China,Yinchuan,2005-07-12,38.92,8,8,1,1,666
BRETT CORNWELL,India,Siliguri (Shiliguri),2005-07-31,38.92,8,8,1,1,666
JAMIE RICE,United States,Sterling Heights,2005-08-21,38.919999999999995,8,8,2,2,675
ALLEN BUTTERFIELD,India,Hoshiarpur,2005-08-02,38.919999999999995,8,8,2,2,675
TONI HOLT,United States,Roanoke,2005-08-02,38.91000000000001,9,9,2,2,677
WESLEY BULL,Spain,Ourense (Orense),2005-07-11,38.91000000000001,9,9,2,2,677
BARBARA JONES,Myanmar,Myingyan,2005-08-23,38.910000000000004,9,9,2,2,679
JENNIFER DAVIS,United States,Laredo,2005-08-23,38.910000000000004,9,9,"1,2","1,2",679
STEPHANIE MITCHELL,Armenia,Yerevan,2005-07-30,38.910000000000004,9,9,2,2,679
PEGGY MYERS,Saudi Arabia,Abha,2005-08-01,38.910000000000004,9,9,"2,1","2,1",679
BETH FRANKLIN,Vietnam,Haiphong,2005-08-02,38.910000000000004,9,9,1,1,679
CRAIG MORRELL,Philippines,Cavite,2005-08-21,38.910000000000004,9,9,1,1,679
WADE DELVALLE,Switzerland,Lausanne,2005-07-12,38.910000000000004,9,9,"1,2","1,2",679
LUCILLE HOLMES,South Africa,Soshanguve,2005-07-11,38.91,9,9,"2,1","2,1",686
MARGIE WADE,China,Lengshuijiang,2005-06-20,38.91,9,9,"1,2","1,2",686
DIANNE SHELTON,Iran,Tabriz,2005-08-21,38.91,9,9,"2,1","2,1",686
HAROLD MARTINO,Brazil,Boa Vista,2005-08-20,38.91,9,9,"2,1","2,1",686
BRANDON HUEY,Turkey,Balikesir,2005-07-30,38.91,9,9,"2,1","2,1",686
LEON BOSTIC,Colombia,Florencia,2005-08-22,38.91,9,9,"2,1","2,1",686
PEDRO CHESTNUT,Ukraine,ostka,2005-08-01,38.91,9,9,1,1,686
CLYDE TOBIAS,China,Shaoguan,2005-08-01,38.91,9,9,"1,2","1,2",686
MORRIS MCCARTER,Taiwan,Fengshan,2005-07-31,38.91,9,9,"2,1","2,1",686
DARYL LARUE,Iraq,Mosul,2005-07-31,38.91,9,9,2,2,686
GENE SANBORN,Oman,Salala,2005-08-02,38.90999999999999,9,9,1,1,696
JANICE WARD,Sweden,Malm,2005-08-23,38.900000000000006,10,10,1,1,697
JOANNE ROBERTSON,Japan,Urawa,2005-08-22,38.900000000000006,10,10,"2,1","2,1",697
LYNN PAYNE,Malawi,Lilongwe,2005-07-12,38.900000000000006,10,10,2,2,697
TRACEY BARRETT,Nigeria,Owo,2005-08-01,38.900000000000006,10,10,1,1,697
MATTHEW MAHAN,Mexico,Cuautla,2005-07-31,38.900000000000006,10,10,"2,1","2,1",697
MARIO CHEATHAM,Algeria,Batna,2005-08-02,38.900000000000006,10,10,2,2,697
ROLAND SOUTH,China,Yingkou,2005-08-22,38.900000000000006,10,10,2,2,697
CLARA SHAW,Belarus,Molodetno,2005-07-31,38.9,10,10,2,2,704
BRANDY GRAVES,United States,Warren,2005-08-02,38.9,10,10,2,2,704
DAISY BATES,Russian Federation,Kolpino,2005-07-11,38.9,10,10,"2,1","2,1",704
PATRICK NEWSOM,Vietnam,Hanoi,2005-08-01,38.9,10,10,"1,2","1,2",704
ELEANOR HUNT,Runion,Saint-Denis,2005-08-21,38.89999999999999,10,10,"1,2","1,2",708
ALICE STEWART,United States,Fontana,2005-08-02,38.89,11,11,1,1,709
ALLISON STANLEY,Cambodia,Phnom Penh,2005-07-11,38.89,11,11,2,2,709
DEBRA NELSON,Brazil,Vila Velha,2005-07-10,37.940000000000005,6,6,2,2,711
JANET PHILLIPS,Chile,Antofagasta,2005-08-23,37.94,6,6,"1,2","1,2",712
LENA JENSEN,India,Halisahar,2005-07-30,37.94,6,6,"2,1","2,1",712
VIOLET RODRIQUEZ,Hong Kong,Kowloon and New Kowloon,2005-06-20,37.94,6,6,2,2,712
BRADLEY MOTLEY,India,Purnea (Purnia),2005-07-30,37.94,6,6,"1,2","1,2",712
TROY QUIGLEY,Canada,Vancouver,2005-07-31,37.94,6,6,1,1,712
LAURA RODRIGUEZ,Morocco,Sal,2005-08-22,37.93000000000001,7,7,1,1,717
LOUISE JENKINS,South Africa,Springs,2005-08-23,37.93000000000001,7,7,2,2,717
BERNICE WILLIS,Turkey,Batman,2005-08-20,37.93000000000001,7,7,2,2,717
JUNE CARROLL,Algeria,Skikda,2005-06-18,37.93000000000001,7,7,"1,2","1,2",717
JENNIE TERRY,Czech Republic,Olomouc,2005-08-22,37.93000000000001,7,7,1,1,717
PETER MENARD,Netherlands,Ede,2005-06-21,37.93000000000001,7,7,1,1,717
RALPH MADRIGAL,Puerto Rico,Arecibo,2005-08-20,37.93000000000001,7,7,2,2,717
LEO EBERT,China,Dongying,2005-08-23,37.93000000000001,7,7,1,1,717
GORDON ALLARD,Yemen,Hodeida,2005-08-20,37.93000000000001,7,7,"2,1","2,1",717
DEAN SAUER,South Africa,Johannesburg,2005-08-21,37.93000000000001,7,7,"1,2","1,2",717
YVONNE WATKINS,Venezuela,Ocumare del Tuy,2005-08-01,37.93,7,7,"1,2","1,2",727
LENA JENSEN,India,Halisahar,2005-08-20,37.93,7,7,"1,2","1,2",727
FRANCISCO SKIDMORE,Brazil,So Leopoldo,2005-07-31,37.93,7,7,"2,1","2,1",727
MARSHALL THORN,United Kingdom,Southampton,2005-07-10,37.93,7,7,2,2,727
TRACY HERRMANN,Ecuador,Loja,2005-08-21,37.93,7,7,"1,2","1,2",727
JESSICA HALL,Holy See (Vatican City State),Citt del Vaticano,2005-08-22,37.92999999999999,7,7,1,1,732
VIRGINIA GREEN,France,Toulouse,2005-08-02,37.92999999999999,7,7,1,1,732
BILLY POULIN,Philippines,Cabuyao,2005-08-21,37.92999999999999,7,7,1,1,732
TIM CARY,India,Bijapur,2005-08-02,37.92999999999999,7,7,2,2,732
SHARON ROBINSON,Pakistan,Mardan,2005-08-02,37.92000000000001,8,8,1,1,736
TERRY CARLSON,Japan,Miyakonojo,2005-08-22,37.92000000000001,8,8,2,2,736
TONI HOLT,United States,Roanoke,2005-08-01,37.92000000000001,8,8,1,1,736
JERRY JORDON,Japan,Onomichi,2005-07-12,37.92000000000001,8,8,1,1,736
DALE RATCLIFF,South Africa,Rustenburg,2005-08-01,37.92000000000001,8,8,2,2,736
RODNEY MOELLER,Nigeria,Deba Habe,2005-07-11,37.92000000000001,8,8,2,2,736
LISA ANDERSON,Japan,Sagamihara,2005-08-01,37.92,8,8,1,1,742
RUBY WASHINGTON,China,Meixian,2005-07-30,37.92,8,8,2,2,742
CRYSTAL FORD,Israel,Ashdod,2005-07-09,37.92,8,8,1,1,742
BERNICE WILLIS,Turkey,Batman,2005-07-30,37.92,8,8,"2,1","2,1",742
TERRI VASQUEZ,Brazil,Blumenau,2005-07-11,37.92,8,8,1,1,742
ARLENE HARVEY,India,Ambattur,2005-07-11,37.92,8,8,"1,2","1,2",742
MARCIA DEAN,Philippines,Tanza,2005-06-21,37.92,8,8,"1,2","1,2",742
TANYA GILBERT,South Korea,Naju,2005-07-29,37.92,8,8,"2,1","2,1",742
BRUCE SCHWARZ,Japan,Okinawa,2005-07-31,37.92,8,8,2,2,742
DON BONE,Mozambique,Naala-Porto,2005-07-12,37.92,8,8,1,1,742
PEDRO CHESTNUT,Ukraine,ostka,2005-07-11,37.92,8,8,1,1,742
CHARLIE BESS,China,Baiyin,2005-07-31,37.92,8,8,"1,2","1,2",742
JAIME NETTLES,Peru,Hunuco,2005-08-20,37.92,8,8,1,1,742
FLORENCE WOODS,Argentina,Merlo,2005-08-01,37.919999999999995,8,8,1,1,755
TERESA ROGERS,Japan,Iwakuni,2005-08-22,37.91000000000001,9,9,1,1,756
VICKI FIELDS,Germany,Witten,2005-08-23,37.91000000000001,9,9,"1,2","1,2",756
JOHN FARNSWORTH,India,Parbhani,2005-08-02,37.91000000000001,9,9,1,1,756
GABRIEL HARDER,Turkey,Sivas,2005-08-01,37.91000000000001,9,9,1,1,756
ERIK GUILLEN,India,Bhimavaram,2005-08-21,37.91000000000001,9,9,2,2,756
ELIZABETH BROWN,Taiwan,Nantou,2005-08-22,37.910000000000004,9,9,2,2,761
AGNES BISHOP,India,Sambhal,2005-08-02,37.910000000000004,9,9,1,1,761
WILLIE HOWELL,Argentina,Vicente Lpez,2005-07-12,37.910000000000004,9,9,2,2,761
RAMONA HALE,India,Patiala,2005-08-22,37.910000000000004,9,9,2,2,761
CHRISTIAN JUNG,India,Amroha,2005-08-02,37.910000000000004,9,9,2,2,761
ANGELA HERNANDEZ,Japan,Shimonoseki,2005-08-02,37.91,9,9,"2,1","2,1",766
CLARA SHAW,Belarus,Molodetno,2005-07-30,37.91,9,9,"1,2","1,2",766
CLARA SHAW,Belarus,Molodetno,2005-08-22,37.91,9,9,1,1,766
GLENDA FRAZIER,China,Qinhuangdao,2005-08-22,37.91,9,9,1,1,766
NORA HERRERA,Austria,Salzburg,2005-08-20,37.91,9,9,1,1,766
ROGER QUINTANILLA,Taiwan,Hsichuh,2005-08-22,37.91,9,9,2,2,766
MARSHA DOUGLAS,Mozambique,Beira,2005-08-22,37.90000000000001,10,10,1,1,772
JEFFREY SPEAR,Indonesia,Ciparay,2005-08-23,37.90000000000001,10,10,1,1,772
CAROLYN PEREZ,Thailand,Pak Kret,2005-07-31,37.900000000000006,10,10,2,2,774
CARLA GUTIERREZ,India,Bhusawal,2005-08-02,37.900000000000006,10,10,1,1,774
MAUREEN LITTLE,Paraguay,Asuncin,2005-08-23,37.900000000000006,10,10,"2,1","2,1",774
BRANDON HUEY,Turkey,Balikesir,2005-08-23,37.900000000000006,10,10,1,1,774
JIMMY SCHRADER,Russian Federation,Atinsk,2005-08-22,37.900000000000006,10,10,1,1,774
BOBBY BOUDREAU,Anguilla,South Hill,2005-08-22,37.9,10,10,2,2,779
LOIS BUTLER,Brunei,Bandar Seri Begawan,2005-07-12,37.89000000000001,11,11,2,2,780
GERTRUDE CASTILLO,Greenland,Nuuk,2005-07-12,37.89,11,11,"2,1","2,1",781
HECTOR POINDEXTER,Russian Federation,Pjatigorsk,2005-07-31,37.89,11,11,2,2,781
CHARLENE ALVAREZ,Tanzania,Zanzibar,2005-07-30,36.95,5,5,2,2,783
ZACHARY HITE,United States,Akron,2005-07-31,36.94000000000001,6,6,2,2,784
MARIA MILLER,Yugoslavia,Kragujevac,2005-07-10,36.940000000000005,6,6,1,1,785
CLARA SHAW,Belarus,Molodetno,2005-07-10,36.940000000000005,6,6,2,2,785
BRITTANY RILEY,Ukraine,Sumy,2005-07-11,36.940000000000005,6,6,1,1,785
ELLA OLIVER,Yemen,Aden,2005-08-21,36.940000000000005,6,6,"1,2","1,2",785
CHRISTOPHER GRECO,Italy,Brescia,2005-07-11,36.940000000000005,6,6,1,1,785
MARIA MILLER,Yugoslavia,Kragujevac,2005-08-01,36.94,6,6,"2,1","2,1",790
RYAN SALISBURY,Latvia,Daugavpils,2005-08-22,36.94,6,6,2,2,790
ERIN DUNN,Russian Federation,Ljubertsy,2005-08-22,36.93000000000001,7,7,1,1,792
KEVIN SCHULER,Nepal,Birgunj,2005-07-11,36.93000000000001,7,7,2,2,792
MARILYN ROSS,Nigeria,Ife,2005-08-02,36.93,7,7,2,2,794
JACQUELINE LONG,Thailand,Songkhla,2005-07-12,36.93,7,7,2,2,794
LOUIS LEONE,Philippines,Tanauan,2005-08-18,36.93,7,7,"1,2","1,2",794
MARC OUTLAW,Italy,Brindisi,2005-08-18,36.93,7,7,1,1,794
ANDY VANHORN,Mexico,Huejutla de Reyes,2005-07-29,36.93,7,7,"2,1","2,1",794
MARSHALL THORN,United Kingdom,Southampton,2005-08-01,36.93,7,7,2,2,794
EDUARDO HIATT,China,Jining,2005-07-31,36.92999999999999,7,7,"1,2","1,2",800
BRADLEY MOTLEY,India,Purnea (Purnia),2005-08-22,36.920000000000016,8,8,2,2,801
WESLEY BULL,Spain,Ourense (Orense),2005-07-31,36.920000000000016,8,8,2,2,801
KATHERINE RIVERA,Switzerland,Basel,2005-08-02,36.92000000000001,8,8,2,2,803
CLAUDIA FULLER,Kuwait,Jalib al-Shuyukh,2005-06-21,36.92000000000001,8,8,2,2,803
NINA SOTO,India,Palghat (Palakkad),2005-07-12,36.92000000000001,8,8,2,2,803
PERRY SWAFFORD,Argentina,Quilmes,2005-08-01,36.92000000000001,8,8,2,2,803
BARBARA JONES,Myanmar,Myingyan,2005-08-22,36.92,8,8,1,1,807
ELIZABETH BROWN,Taiwan,Nantou,2005-08-21,36.92,8,8,"1,2","1,2",807
NANCY THOMAS,India,Yamuna Nagar,2005-08-01,36.92,8,8,2,2,807
PHYLLIS FOSTER,China,Zalantun,2005-08-22,36.92,8,8,2,2,807
RHONDA KENNEDY,Netherlands,Apeldoorn,2005-08-22,36.92,8,8,"2,1","2,1",807
AMBER DIXON,Taiwan,Touliu,2005-07-12,36.92,8,8,"1,2","1,2",807
LAURIE LAWRENCE,India,Firozabad,2005-08-02,36.92,8,8,1,1,807
ALMA AUSTIN,Germany,Mannheim,2005-07-31,36.92,8,8,"1,2","1,2",807
JOY GEORGE,Romania,Botosani,2005-07-31,36.92,8,8,"2,1","2,1",807
THOMAS GRIGSBY,United States,Kansas City,2005-08-22,36.92,8,8,"2,1","2,1",807
JOSHUA MARK,India,Rampur,2005-08-22,36.92,8,8,1,1,807
ROGER QUINTANILLA,Taiwan,Hsichuh,2005-07-10,36.92,8,8,2,2,807
ROY WHITING,Kenya,Nyeri,2005-07-31,36.92,8,8,1,1,807
HERBERT KRUGER,Russian Federation,Syktyvkar,2005-08-02,36.92,8,8,2,2,807
JAMIE WAUGH,Japan,Kuwana,2005-07-30,36.92,8,8,2,2,807
NEIL RENNER,Vietnam,Cam Ranh,2005-08-22,36.92,8,8,2,2,807
JULIAN VEST,Japan,Akishima,2005-07-10,36.92,8,8,1,1,807
KATHY JAMES,Philippines,Baybay,2005-07-12,36.919999999999995,8,8,1,1,824
GLENDA FRAZIER,China,Qinhuangdao,2005-08-21,36.919999999999995,8,8,1,1,824
RONALD WEINER,Mexico,San Felipe del Progreso,2005-07-11,36.919999999999995,8,8,"2,1","2,1",824
JEFFERY PINSON,Pakistan,Dadu,2005-08-23,36.919999999999995,8,8,"2,1","2,1",824
REBECCA SCOTT,Japan,Kurashiki,2005-08-21,36.91000000000001,9,9,"1,2","1,2",828
TAMMY SANDERS,Taiwan,Changhwa,2005-07-30,36.91000000000001,9,9,2,2,828
MARSHA DOUGLAS,Mozambique,Beira,2005-08-21,36.91000000000001,9,9,2,2,828
JEFFREY SPEAR,Indonesia,Ciparay,2005-08-22,36.91000000000001,9,9,"2,1","2,1",828
BEVERLY BROOKS,Taiwan,Chiayi,2005-08-02,36.910000000000004,9,9,"1,2","1,2",832
SUZANNE NICHOLS,Indonesia,Jakarta,2005-08-23,36.910000000000004,9,9,"2,1","2,1",832
JESSE SCHILLING,"Congo, The Democratic Republic of the",Lubumbashi,2005-08-22,36.910000000000004,9,9,2,2,832
DEREK BLAKELY,Philippines,Gingoog,2005-08-22,36.910000000000004,9,9,"1,2","1,2",832
TED BREAUX,China,Baicheng,2005-08-02,36.910000000000004,9,9,1,1,832
JENNY CASTRO,Puerto Rico,Ponce,2005-08-02,36.91,9,9,2,2,837
VIOLET RODRIQUEZ,Hong Kong,Kowloon and New Kowloon,2005-08-20,36.91,9,9,"2,1","2,1",837
DWAYNE OLVERA,India,Rajkot,2005-08-21,36.91,9,9,1,1,837
MAURICE CRAWLEY,Mexico,Coatzacoalcos,2005-08-23,36.90999999999998,9,9,"1,2","1,2",840
JUNE CARROLL,Algeria,Skikda,2005-08-02,36.90000000000001,10,10,1,1,841
PAMELA BAKER,China,Nanyang,2005-08-23,36.900000000000006,10,10,"1,2","1,2",842
EMILY DIAZ,South Korea,Kimchon,2005-07-11,36.900000000000006,10,10,1,1,842
GREGORY MAULDIN,Tunisia,Sousse,2005-07-12,36.900000000000006,10,10,1,1,842
LEROY BUSTAMANTE,China,Tongliao,2005-08-01,36.900000000000006,10,10,2,2,842
JULIA FLORES,Argentina,La Plata,2005-07-31,36.9,10,10,2,2,846
KRISTIN JOHNSTON,United States,Sunnyvale,2005-08-23,36.9,10,10,2,2,846
ALLISON STANLEY,Cambodia,Phnom Penh,2005-07-10,36.9,10,10,2,2,846
HECTOR POINDEXTER,Russian Federation,Pjatigorsk,2005-07-30,36.9,10,10,"1,2","1,2",846
CLAYTON BARBEE,Brazil,Alvorada,2005-08-22,36.9,10,10,"1,2","1,2",846
MITCHELL WESTMORELAND,Vietnam,Nha Trang,2005-08-21,36.89999999999999,10,10,1,1,851
KEN PREWITT,Romania,Bucuresti,2005-07-11,36.89000000000001,11,11,2,2,852
CLYDE TOBIAS,China,Shaoguan,2005-07-12,36.89,11,11,2,2,853
FRANKLIN TROUTMAN,China,Zaoyang,2005-08-23,36.89,11,11,1,1,853
BRENDA WRIGHT,India,Kamarhati,2005-07-12,35.94000000000001,6,6,2,2,855
JOYCE EDWARDS,Saudi Arabia,Jedda,2005-07-31,35.940000000000005,6,6,1,1,856
KATIE ELLIOTT,Kenya,Kisumu,2005-06-21,35.940000000000005,6,6,1,1,856
MARSHA DOUGLAS,Mozambique,Beira,2005-07-12,35.940000000000005,6,6,2,2,856
KAY CALDWELL,China,Yantai,2005-08-02,35.940000000000005,6,6,2,2,856
CARL ARTIS,Paraguay,San Lorenzo,2005-08-01,35.940000000000005,6,6,2,2,856
ALAN KAHN,China,Emeishan,2005-08-01,35.940000000000005,6,6,1,1,856
HECTOR POINDEXTER,Russian Federation,Pjatigorsk,2005-08-23,35.940000000000005,6,6,2,2,856
MARIE TURNER,Russian Federation,Lipetsk,2005-07-10,35.94,6,6,"1,2","1,2",863
KATHRYN COLEMAN,Ukraine,Simferopol,2005-07-30,35.94,6,6,"2,1","2,1",863
LAURIE LAWRENCE,India,Firozabad,2005-08-21,35.94,6,6,"2,1","2,1",863
PAUL TROUT,Russian Federation,Kursk,2005-08-01,35.94,6,6,2,2,863
MIKE WAY,India,Valparai,2005-06-21,35.94,6,6,1,1,863
HERMAN DEVORE,Tanzania,Mwanza,2005-07-31,35.94,6,6,1,1,863
MITCHELL WESTMORELAND,Vietnam,Nha Trang,2005-07-10,35.94,6,6,"2,1","2,1",863
JESSIE MILAM,China,Binzhou,2005-08-21,35.94,6,6,1,1,863
GREG ROBINS,Vietnam,Nam Dinh,2005-08-21,35.93999999999999,6,6,"1,2","1,2",871
JUNE CARROLL,Algeria,Skikda,2005-08-21,35.930000000000014,7,7,2,2,872
SHARON ROBINSON,Pakistan,Mardan,2005-08-01,35.93000000000001,7,7,"2,1","2,1",873
RHONDA KENNEDY,Netherlands,Apeldoorn,2005-07-09,35.93000000000001,7,7,1,1,873
BEATRICE ARNOLD,India,Udaipur,2005-08-23,35.93000000000001,7,7,1,1,873
COURTNEY DAY,South Korea,Uijongbu,2005-07-29,35.93000000000001,7,7,"2,1","2,1",873
MAE FLETCHER,Spain,Donostia-San Sebastin,2005-06-21,35.93000000000001,7,7,"1,2","1,2",873
STEVEN CURLEY,India,Miraj,2005-06-21,35.93000000000001,7,7,2,2,873
JOEL FRANCISCO,Bolivia,Sucre,2005-06-21,35.93000000000001,7,7,2,2,873
BARRY LOVELACE,Zambia,Kitwe,2005-08-23,35.93000000000001,7,7,2,2,873
GLEN TALBERT,Mexico,Acua,2005-07-11,35.93000000000001,7,7,2,2,873
NEIL RENNER,Vietnam,Cam Ranh,2005-07-10,35.93000000000001,7,7,"2,1","2,1",873
FERNANDO CHURCHILL,South Korea,Tonghae,2005-07-31,35.93000000000001,7,7,"1,2","1,2",873
DWIGHT LOMBARDI,South Africa,Chatsworth,2005-08-02,35.93000000000001,7,7,1,1,873
PERRY SWAFFORD,Argentina,Quilmes,2005-07-31,35.93000000000001,7,7,1,1,873
GRACE ELLIS,Germany,Duisburg,2005-07-31,35.93,7,7,1,1,886
ARLENE HARVEY,India,Ambattur,2005-07-31,35.93,7,7,"1,2","1,2",886
GLENDA FRAZIER,China,Qinhuangdao,2005-08-01,35.93,7,7,2,2,886
MARGIE WADE,China,Lengshuijiang,2005-06-19,35.93,7,7,"2,1","2,1",886
ROGER QUINTANILLA,Taiwan,Hsichuh,2005-07-09,35.93,7,7,1,1,886
GREG ROBINS,Vietnam,Nam Dinh,2005-07-12,35.93,7,7,1,1,886
RENE MCALISTER,United States,Garden Grove,2005-08-01,35.93,7,7,"1,2","1,2",886
JAMIE RICE,United States,Sterling Heights,2005-08-20,35.92999999999999,7,7,"1,2","1,2",893
GLENDA FRAZIER,China,Qinhuangdao,2005-08-20,35.92999999999999,7,7,2,2,893
FLOYD GANDY,Mexico,Zapopan,2005-08-23,35.92999999999999,7,7,"1,2","1,2",893
RON DELUCA,Japan,Isesaki,2005-07-31,35.92999999999999,7,7,"2,1","2,1",893
CODY NOLEN,Brazil,So Bernardo do Campo,2005-08-22,35.92999999999999,7,7,1,1,893
CATHERINE CAMPBELL,Russian Federation,Moscow,2005-08-01,35.92000000000001,8,8,"2,1","2,1",898
JULIE SANCHEZ,Spain,A Corua (La Corua),2005-08-23,35.92000000000001,8,8,2,2,898
TONYA CHAPMAN,India,Bhilwara,2005-07-11,35.92000000000001,8,8,1,1,898
MARSHA DOUGLAS,Mozambique,Beira,2005-08-20,35.92000000000001,8,8,2,2,898
SAM MCDUFFIE,Colombia,Sogamoso,2005-07-11,35.92000000000001,8,8,2,2,898
GABRIEL HARDER,Turkey,Sivas,2005-08-23,35.92000000000001,8,8,2,2,898
SHIRLEY ALLEN,Philippines,Davao,2005-08-02,35.92,8,8,1,1,904
JUANITA MASON,India,Pune,2005-07-31,35.92,8,8,2,2,904
BETH FRANKLIN,Vietnam,Haiphong,2005-08-01,35.92,8,8,"1,2","1,2",904
WILLIE HOWELL,Argentina,Vicente Lpez,2005-07-11,35.92,8,8,"2,1","2,1",904
JACKIE LYNCH,Colombia,Buenaventura,2005-07-12,35.92,8,8,2,2,904
DEANNA BYRD,Philippines,Tuguegarao,2005-08-22,35.92,8,8,2,2,904
OLGA JIMENEZ,Nigeria,Ogbomosho,2005-08-21,35.92,8,8,2,2,904
MIRIAM MCKINNEY,Japan,Otsu,2005-07-12,35.92,8,8,2,2,904
SHERRI RHODES,India,Ahmadnagar,2005-08-21,35.92,8,8,1,1,904
JAMES GANNON,Japan,Hiroshima,2005-08-22,35.92,8,8,2,2,904
CHARLES KOWALSKI,Malaysia,Sungai Petani,2005-08-20,35.92,8,8,"1,2","1,2",904
RAYMOND MCWHORTER,Azerbaijan,Sumqayit,2005-08-02,35.92,8,8,"1,2","1,2",904
PATRICK NEWSOM,Vietnam,Hanoi,2005-06-21,35.92,8,8,1,1,904
JESSE SCHILLING,"Congo, The Democratic Republic of the",Lubumbashi,2005-08-21,35.92,8,8,2,2,904
ANTONIO MEEK,Brazil,Bag,2005-08-02,35.92,8,8,2,2,904
LUIS YANEZ,France,Brest,2005-07-11,35.92,8,8,"2,1","2,1",904
MICHEAL FORMAN,Argentina,Escobar,2005-08-22,35.92,8,8,1,1,904
RONNIE RICKETTS,Senegal,Ziguinchor,2005-08-23,35.92,8,8,1,1,904
BRAD MCCURDY,Taiwan,Chungho,2005-07-11,35.92,8,8,2,2,904
JULIO NOLAND,Ukraine,Konotop,2005-08-23,35.92,8,8,"1,2","1,2",904
JAIME NETTLES,Peru,Hunuco,2005-08-23,35.92,8,8,1,1,904
CLARA SHAW,Belarus,Molodetno,2005-08-21,35.919999999999995,8,8,2,2,925
VIOLET RODRIQUEZ,Hong Kong,Kowloon and New Kowloon,2005-07-12,35.919999999999995,8,8,2,2,925
BESSIE MORRISON,Italy,Syrakusa,2005-08-21,35.91000000000001,9,9,"2,1","2,1",927
HEIDI LARSON,China,Xiangfan,2005-08-23,35.91000000000001,9,9,1,1,927
MARJORIE TUCKER,Poland,Jastrzebie-Zdrj,2005-08-01,35.910000000000004,9,9,1,1,929
LYNN PAYNE,Malawi,Lilongwe,2005-07-11,35.910000000000004,9,9,2,2,929
REGINA BERRY,China,Jinchang,2005-08-01,35.910000000000004,9,9,2,2,929
KATIE ELLIOTT,Kenya,Kisumu,2005-08-23,35.910000000000004,9,9,2,2,929
GERTRUDE CASTILLO,Greenland,Nuuk,2005-08-02,35.910000000000004,9,9,"1,2","1,2",929
GINA WILLIAMSON,Yemen,Taizz,2005-06-21,35.910000000000004,9,9,1,1,929
MARSHA DOUGLAS,Mozambique,Beira,2005-07-29,35.910000000000004,9,9,"2,1","2,1",929
GERALD FULTZ,India,Satna,2005-08-01,35.910000000000004,9,9,1,1,929
KURT EMMONS,Japan,Kanazawa,2005-08-02,35.910000000000004,9,9,"1,2","1,2",929
ANDY VANHORN,Mexico,Huejutla de Reyes,2005-08-23,35.910000000000004,9,9,"1,2","1,2",929
ANGELA HERNANDEZ,Japan,Shimonoseki,2005-08-20,35.91,9,9,"2,1","2,1",939
REGINA BERRY,China,Jinchang,2005-07-12,35.91,9,9,2,2,939
ALLISON STANLEY,Cambodia,Phnom Penh,2005-07-09,35.91,9,9,1,1,939
PATSY DAVIDSON,Ecuador,Portoviejo,2005-07-12,35.91,9,9,"2,1","2,1",939
BRANDY GRAVES,United States,Warren,2005-08-01,35.91,9,9,"2,1","2,1",939
AARON SELBY,"Congo, The Democratic Republic of the",Mwene-Ditu,2005-08-02,35.91,9,9,"1,2","1,2",939
DEBBIE REYES,Japan,Fukuyama,2005-08-21,35.90999999999999,9,9,1,1,945
JACQUELINE LONG,Thailand,Songkhla,2005-08-23,35.900000000000006,10,10,"1,2","1,2",946
KEITH RICO,Slovakia,Bratislava,2005-08-02,35.900000000000006,10,10,2,2,946
JUDITH COX,China,Daxian,2005-08-02,35.9,10,10,1,1,948
LILLIAN GRIFFIN,United Arab Emirates,al-Ayn,2005-08-02,35.9,10,10,"1,2","1,2",948
GUY BROWNLEE,China,Zhoushan,2005-08-02,35.89999999999999,10,10,"1,2","1,2",950
BRENDA WRIGHT,India,Kamarhati,2005-06-21,35.89000000000001,11,11,1,1,951
ELIZABETH BROWN,Taiwan,Nantou,2005-08-02,35.89,11,11,"2,1","2,1",952
DARLENE ROSE,North Korea,Pyongyang,2005-07-31,35.88,12,12,1,1,953
VERONICA STONE,United States,Greensboro,2005-08-02,35.88,12,12,"2,1","2,1",953
DEBRA NELSON,Brazil,Vila Velha,2005-07-09,34.95,5,5,1,1,955
JANE BENNETT,Brazil,Araatuba,2005-08-22,34.940000000000005,6,6,2,2,956
CARRIE PORTER,China,Liaocheng,2005-07-31,34.940000000000005,6,6,"2,1","2,1",956
RHONDA KENNEDY,Netherlands,Apeldoorn,2005-07-30,34.940000000000005,6,6,"2,1","2,1",956
NELLIE GARRETT,India,Shimoga,2005-07-31,34.940000000000005,6,6,2,2,956
JENNIE TERRY,Czech Republic,Olomouc,2005-08-21,34.940000000000005,6,6,"2,1","2,1",956
JIM REA,Mexico,El Fuerte,2005-07-10,34.940000000000005,6,6,2,2,956
CLIFTON MALCOLM,Taiwan,Tanshui,2005-07-29,34.940000000000005,6,6,2,2,956
PERRY SWAFFORD,Argentina,Quilmes,2005-07-12,34.940000000000005,6,6,2,2,956
DIANE COLLINS,Sudan,Omdurman,2005-08-23,34.94,6,6,1,1,964
ROSA REYNOLDS,United States,Lancaster,2005-08-20,34.94,6,6,2,2,964
HILDA HOPKINS,Philippines,Mandaluyong,2005-08-21,34.94,6,6,"1,2","1,2",964
EDDIE TOMLIN,Philippines,Ozamis,2005-08-19,34.94,6,6,"2,1","2,1",964
GILBERT SLEDGE,United Kingdom,York,2005-07-30,34.94,6,6,"2,1","2,1",964
JIMMIE EGGLESTON,Poland,Wroclaw,2005-08-21,34.94,6,6,"2,1","2,1",964
JESSICA HALL,Holy See (Vatican City State),Citt del Vaticano,2005-08-21,34.93999999999999,6,6,"2,1","2,1",970
BILLY POULIN,Philippines,Cabuyao,2005-08-02,34.93999999999999,6,6,1,1,970
BILLY POULIN,Philippines,Cabuyao,2005-08-20,34.93999999999999,6,6,2,2,970
VICTORIA GIBSON,Indonesia,Pemalang,2005-08-22,34.930000000000014,7,7,1,1,973
KENT ARSENAULT,Brazil,Juiz de Fora,2005-08-19,34.930000000000014,7,7,"1,2","1,2",973
KATHLEEN ADAMS,Iran,Arak,2005-08-23,34.93000000000001,7,7,2,2,975
CHERYL MURPHY,India,Mysore,2005-08-22,34.93000000000001,7,7,"1,2","1,2",975
LORETTA CARPENTER,Canada,Oshawa,2005-08-01,34.93000000000001,7,7,1,1,975
TONYA CHAPMAN,India,Bhilwara,2005-07-09,34.93000000000001,7,7,2,2,975
TERRY CARLSON,Japan,Miyakonojo,2005-08-21,34.93000000000001,7,7,"2,1","2,1",975
NINA SOTO,India,Palghat (Palakkad),2005-07-11,34.93000000000001,7,7,1,1,975
ANDREW PURDY,Azerbaijan,Baku,2005-07-30,34.93000000000001,7,7,2,2,975
JERRY JORDON,Japan,Onomichi,2005-07-11,34.93000000000001,7,7,"1,2","1,2",975
PHILIP CAUSEY,Russian Federation,Korolev,2005-07-12,34.93000000000001,7,7,2,2,975
JEFF EAST,Dominican Republic,San Felipe de Puerto Plata,2005-08-01,34.93000000000001,7,7,"2,1","2,1",975
ALEX GRESHAM,Mexico,Uruapan,2005-06-18,34.93000000000001,7,7,"2,1","2,1",975
DARRELL POWER,Canada,Halifax,2005-08-22,34.93000000000001,7,7,"1,2","1,2",975
BRETT CORNWELL,India,Siliguri (Shiliguri),2005-07-12,34.93000000000001,7,7,"1,2","1,2",975
KARL SEAL,United States,Cape Coral,2005-07-11,34.93000000000001,7,7,1,1,975
JIMMIE EGGLESTON,Poland,Wroclaw,2005-07-10,34.93000000000001,7,7,1,1,975
WILLARD LUMPKIN,Mexico,Carmen,2005-08-01,34.93000000000001,7,7,"2,1","2,1",975
CHERYL MURPHY,India,Mysore,2005-07-10,34.93,7,7,1,1,991
WANDA PATTERSON,Colombia,Sincelejo,2005-07-30,34.93,7,7,"2,1","2,1",991
MARION SNYDER,Brazil,Santa Brbara dOeste,2005-06-19,34.93,7,7,2,2,991
HOLLY FOX,India,Haldia,2005-08-20,34.93,7,7,"2,1","2,1",991
MIRIAM MCKINNEY,Japan,Otsu,2005-07-11,34.93,7,7,"1,2","1,2",991
DENNIS GILMAN,South Africa,Paarl,2005-06-21,34.93,7,7,1,1,991
BRUCE SCHWARZ,Japan,Okinawa,2005-07-30,34.93,7,7,"1,2","1,2",991
ERNEST STEPP,China,Huaian,2005-06-20,34.93,7,7,"2,1","2,1",991
DERRICK BOURQUE,Canada,Gatineau,2005-08-01,34.93,7,7,1,1,991
JAVIER ELROD,Chad,NDjamna,2005-07-12,34.93,7,7,1,1,991
MAX PITT,Yugoslavia,Novi Sad,2005-07-07,34.93,7,7,1,1,991
MIRIAM MCKINNEY,Japan,Otsu,2005-08-23,34.92999999999999,7,7,1,1,1002
PAMELA BAKER,China,Nanyang,2005-08-22,34.92000000000001,8,8,1,1,1003
KARL SEAL,United States,Cape Coral,2005-06-20,34.92000000000001,8,8,2,2,1003
BETTY WHITE,United States,Citrus Heights,2005-08-01,34.92,8,8,"1,2","1,2",1005
CAROL GARCIA,Nigeria,Kaduna,2005-08-02,34.92,8,8,2,2,1005
AMANDA CARTER,Morocco,Nador,2005-08-20,34.92,8,8,1,1,1005
LYNN PAYNE,Malawi,Lilongwe,2005-07-10,34.92,8,8,1,1,1005
REGINA BERRY,China,Jinchang,2005-07-31,34.92,8,8,2,2,1005
AGNES BISHOP,India,Sambhal,2005-08-01,34.92,8,8,1,1,1005
MAXINE SILVA,Brazil,Poos de Caldas,2005-07-10,34.92,8,8,"1,2","1,2",1005
CHRISTY VARGAS,China,Datong,2005-06-20,34.92,8,8,"2,1","2,1",1005
NINA SOTO,India,Palghat (Palakkad),2005-08-22,34.92,8,8,"1,2","1,2",1005
RAMONA HALE,India,Patiala,2005-08-21,34.92,8,8,2,2,1005
RICHARD MCCRARY,United States,Arlington,2005-07-12,34.92,8,8,2,2,1005
JOSEPH JOY,Brazil,Angra dos Reis,2005-08-01,34.92,8,8,1,1,1005
STEVEN CURLEY,India,Miraj,2005-07-31,34.92,8,8,"1,2","1,2",1005
FRANK WAGGONER,Bangladesh,Jamalpur,2005-07-31,34.92,8,8,1,1,1005
ROGER QUINTANILLA,Taiwan,Hsichuh,2005-07-12,34.92,8,8,2,2,1005
TODD TAN,Ukraine,Kamjanets-Podilskyi,2005-07-11,34.92,8,8,"1,2","1,2",1005
MANUEL MURRELL,Sri Lanka,Jaffna,2005-08-02,34.92,8,8,2,2,1005
JACOB LANCE,United States,El Monte,2005-07-12,34.92,8,8,"2,1","2,1",1005
BARRY LOVELACE,Zambia,Kitwe,2005-07-12,34.92,8,8,"1,2","1,2",1005
ERIK GUILLEN,India,Bhimavaram,2005-07-12,34.92,8,8,"2,1","2,1",1005
BYRON BOX,Kazakstan,Zhezqazghan,2005-08-02,34.92,8,8,1,1,1005
JESSICA HALL,Holy See (Vatican City State),Citt del Vaticano,2005-07-09,34.919999999999995,8,8,1,1,1026
SUE PETERS,China,Changzhou,2005-08-23,34.919999999999995,8,8,1,1,1026
BECKY MILES,India,Tambaram,2005-08-02,34.919999999999995,8,8,2,2,1026
DAVID ROYAL,Peru,Callao,2005-07-12,34.919999999999995,8,8,1,1,1026
ANA BRADLEY,United States,Memphis,2005-08-22,34.91000000000002,9,9,2,2,1030
CHRISTOPHER GRECO,Italy,Brescia,2005-07-31,34.91000000000001,9,9,"2,1","2,1",1031
IVAN CROMWELL,Mexico,Monclova,2005-08-02,34.91000000000001,9,9,1,1,1031
CATHERINE CAMPBELL,Russian Federation,Moscow,2005-08-21,34.910000000000004,9,9,2,2,1033
SHERRY MARSHALL,Egypt,Shubra al-Khayma,2005-08-02,34.910000000000004,9,9,2,2,1033
MONICA HICKS,Ukraine,Mukateve,2005-08-19,34.910000000000004,9,9,"2,1","2,1",1033
ANNETTE OLSON,India,Allappuzha (Alleppey),2005-08-02,34.910000000000004,9,9,1,1,1033
BRANDON HUEY,Turkey,Balikesir,2005-08-22,34.910000000000004,9,9,1,1,1033
CARLOS COUGHLIN,India,Bhavnagar,2005-08-22,34.910000000000004,9,9,"1,2","1,2",1033
ALICE STEWART,United States,Fontana,2005-08-01,34.91,9,9,"2,1","2,1",1039
MARGIE WADE,China,Lengshuijiang,2005-08-02,34.91,9,9,2,2,1039
VELMA LUCAS,Nigeria,Effon-Alaiye,2005-07-31,34.91,9,9,"1,2","1,2",1039
PATRICK NEWSOM,Vietnam,Hanoi,2005-08-22,34.91,9,9,"1,2","1,2",1039
JAVIER ELROD,Chad,NDjamna,2005-08-20,34.91,9,9,1,1,1039
BRENDA WRIGHT,India,Kamarhati,2005-06-20,34.900000000000006,10,10,2,2,1044
LOIS BUTLER,Brunei,Bandar Seri Begawan,2005-07-11,34.900000000000006,10,10,1,1,1044
LAWRENCE LAWTON,Cameroon,Yaound,2005-08-02,34.900000000000006,10,10,"2,1","2,1",1044
VINCENT RALSTON,Mexico,Allende,2005-08-23,34.9,10,10,2,2,1047
JUSTIN NGO,Brazil,Santo Andr,2005-07-30,34.89999999999999,10,10,"2,1","2,1",1048
DENISE KELLY,Brazil,Rio Claro,2005-08-23,34.89,11,11,"2,1","2,1",1049
FELICIA SUTTON,China,Korla,2005-07-12,34.89,11,11,1,1,1049
PHILIP CAUSEY,Russian Federation,Korolev,2005-08-23,34.89,11,11,2,2,1049
TERRANCE ROUSH,Hungary,Szkesfehrvr,2005-08-01,34.89,11,11,2,2,1049
JUDITH COX,China,Daxian,2005-07-12,34.88,12,12,2,2,1053
JUNE CARROLL,Algeria,Skikda,2005-08-20,33.94000000000001,6,6,1,1,1054
RICK MATTOX,Egypt,Mit Ghamr,2005-07-31,33.94000000000001,6,6,2,2,1054
DEBORAH WALKER,Pakistan,Shikarpur,2005-06-21,33.940000000000005,6,6,1,1,1056
TRACY COLE,Mexico,Huixquilucan,2005-08-02,33.940000000000005,6,6,"1,2","1,2",1056
NAOMI JENNINGS,India,Karnal,2005-08-20,33.940000000000005,6,6,1,1,1056
KEVIN SCHULER,Nepal,Birgunj,2005-07-10,33.940000000000005,6,6,2,2,1056
STEVE MACKENZIE,Indonesia,Probolinggo,2005-08-20,33.940000000000005,6,6,2,2,1056
PHILIP CAUSEY,Russian Federation,Korolev,2005-07-11,33.940000000000005,6,6,1,1,1056
BRENT HARKINS,Turkey,Sultanbeyli,2005-08-02,33.940000000000005,6,6,2,2,1056
ANDRE RAPP,Chile,Coquimbo,2005-08-19,33.940000000000005,6,6,1,1,1056
NEIL RENNER,Vietnam,Cam Ranh,2005-08-20,33.940000000000005,6,6,1,1,1056
ISAAC OGLESBY,Mexico,Cuernavaca,2005-08-22,33.940000000000005,6,6,2,2,1056
DONNA THOMPSON,Russian Federation,Elista,2005-07-30,33.94,6,6,"2,1","2,1",1066
ANDREA HENDERSON,Madagascar,Mahajanga,2005-08-21,33.94,6,6,"1,2","1,2",1066
SYLVIA ORTIZ,Colombia,Dos Quebradas,2005-08-21,33.94,6,6,"1,2","1,2",1066
DANA HART,Russian Federation,Kirovo-Tepetsk,2005-07-30,33.94,6,6,2,2,1066
TRACEY BARRETT,Nigeria,Owo,2005-08-20,33.94,6,6,1,1,1066
VELMA LUCAS,Nigeria,Effon-Alaiye,2005-07-08,33.94,6,6,1,1,1066
RAUL FORTIER,India,Chapra,2005-08-02,33.94,6,6,2,2,1066
MISTY LAMBERT,United Arab Emirates,Sharja,2005-07-30,33.930000000000014,7,7,1,1,1073
BRADLEY MOTLEY,India,Purnea (Purnia),2005-08-21,33.930000000000014,7,7,2,2,1073
JOYCE EDWARDS,Saudi Arabia,Jedda,2005-07-12,33.93000000000001,7,7,"1,2","1,2",1075
KATHERINE RIVERA,Switzerland,Basel,2005-08-01,33.93000000000001,7,7,2,2,1075
GLADYS HAMILTON,Nigeria,Ilorin,2005-07-09,33.93000000000001,7,7,2,2,1075
DARLENE ROSE,North Korea,Pyongyang,2005-08-20,33.93000000000001,7,7,1,1,1075
MARION SNYDER,Brazil,Santa Brbara dOeste,2005-07-30,33.93000000000001,7,7,"2,1","2,1",1075
RENEE LANE,United States,Compton,2005-08-22,33.93000000000001,7,7,1,1,1075
BETH FRANKLIN,Vietnam,Haiphong,2005-07-12,33.93000000000001,7,7,2,2,1075
ROSEMARY SCHMIDT,Turkey,Usak,2005-08-02,33.93000000000001,7,7,1,1,1075
GARY COY,China,Yuzhou,2005-08-21,33.93000000000001,7,7,"1,2","1,2",1075
DOUGLAS GRAF,Mexico,Mexicali,2005-08-02,33.93000000000001,7,7,1,1,1075
DUANE TUBBS,Nauru,Yangor,2005-07-31,33.93000000000001,7,7,"2,1","2,1",1075
MATHEW BOLIN,Venezuela,Valencia,2005-08-02,33.93000000000001,7,7,2,2,1075
DAVE GARDINER,China,Leshan,2005-08-20,33.93000000000001,7,7,2,2,1075
BARBARA JONES,Myanmar,Myingyan,2005-08-21,33.93,7,7,2,2,1088
CYNTHIA YOUNG,India,Munger (Monghyr),2005-07-31,33.93,7,7,2,2,1088
JUDY GRAY,Algeria,Bchar,2005-07-12,33.93,7,7,2,2,1088
VALERIE BLACK,United States,Brockton,2005-07-11,33.93,7,7,1,1,1088
TERRI VASQUEZ,Brazil,Blumenau,2005-08-21,33.93,7,7,2,2,1088
SHERRI RHODES,India,Ahmadnagar,2005-07-11,33.93,7,7,"2,1","2,1",1088
ROBERT BAUGHMAN,Russian Federation,Kaliningrad,2005-07-12,33.93,7,7,2,2,1088
RICHARD MCCRARY,United States,Arlington,2005-07-11,33.93,7,7,1,1,1088
EARL SHANKS,Japan,Iwatsuki,2005-08-21,33.93,7,7,"1,2","1,2",1088
HERBERT KRUGER,Russian Federation,Syktyvkar,2005-08-01,33.93,7,7,2,2,1088
LEON BOSTIC,Colombia,Florencia,2005-08-20,33.93,7,7,2,2,1088
TYLER WREN,China,Rizhao,2005-08-23,33.93,7,7,2,2,1088
BRETT CORNWELL,India,Siliguri (Shiliguri),2005-07-30,33.93,7,7,2,2,1088
CLAUDE HERZOG,Angola,Benguela,2005-08-02,33.93,7,7,1,1,1088
NELSON CHRISTENSON,Spain,Santiago de Compostela,2005-08-01,33.93,7,7,2,2,1088
IAN STILL,United States,Garland,2005-08-02,33.93,7,7,"1,2","1,2",1088
BOB PFEIFFER,China,Xintai,2005-07-31,33.93,7,7,"2,1","2,1",1088
JULIAN VEST,Japan,Akishima,2005-07-09,33.93,7,7,"2,1","2,1",1088
MORRIS MCCARTER,Taiwan,Fengshan,2005-06-21,33.93,7,7,2,2,1088
TERRENCE GUNDERSON,China,Jinzhou,2005-07-11,33.93,7,7,1,1,1088
ALLEN BUTTERFIELD,India,Hoshiarpur,2005-08-01,33.92999999999999,7,7,"2,1","2,1",1108
PEDRO CHESTNUT,Ukraine,ostka,2005-07-31,33.92999999999999,7,7,"1,2","1,2",1108
ELAINE STEVENS,Russian Federation,Smolensk,2005-08-23,33.920000000000016,8,8,"1,2","1,2",1110
MONICA HICKS,Ukraine,Mukateve,2005-08-02,33.92000000000001,8,8,1,1,1111
MARCIA DEAN,Philippines,Tanza,2005-07-30,33.92000000000001,8,8,1,1,1111
GERALD FULTZ,India,Satna,2005-08-20,33.92000000000001,8,8,2,2,1111
CHRISTINA RAMIREZ,Saudi Arabia,al-Hawiya,2005-08-23,33.92,8,8,1,1,1114
DIANA ALEXANDER,United States,Augusta-Richmond County,2005-08-23,33.92,8,8,2,2,1114
ANNETTE OLSON,India,Allappuzha (Alleppey),2005-08-01,33.92,8,8,2,2,1114
ELSIE KELLEY,Nigeria,Ikerre,2005-08-19,33.92,8,8,1,1,1114
CHARLENE ALVAREZ,Tanzania,Zanzibar,2005-08-23,33.92,8,8,2,2,1114
EDWARD BAUGH,Faroe Islands,Trshavn,2005-08-01,33.92,8,8,1,1,1114
ROGER QUINTANILLA,Taiwan,Hsichuh,2005-08-01,33.92,8,8,1,1,1114
RALPH MADRIGAL,Puerto Rico,Arecibo,2005-07-30,33.92,8,8,"1,2","1,2",1114
BEN EASTER,Russian Federation,Kamyin,2005-06-21,33.92,8,8,2,2,1114
DWIGHT LOMBARDI,South Africa,Chatsworth,2005-08-22,33.92,8,8,2,2,1114
WALLACE SLONE,Nigeria,Sokoto,2005-08-23,33.92,8,8,"2,1","2,1",1114
SIDNEY BURLESON,Poland,Czestochowa,2005-08-01,33.92,8,8,2,2,1114
LUCILLE HOLMES,South Africa,Soshanguve,2005-08-20,33.919999999999995,8,8,2,2,1126
MYRTLE FLEMING,Dominican Republic,Santiago de los Caballeros,2005-08-01,33.919999999999995,8,8,"2,1","2,1",1126
MARGIE WADE,China,Lengshuijiang,2005-08-01,33.919999999999995,8,8,1,1,1126
JENNY CASTRO,Puerto Rico,Ponce,2005-07-31,33.919999999999995,8,8,2,2,1126
DEBORAH WALKER,Pakistan,Shikarpur,2005-08-02,33.91000000000001,9,9,"2,1","2,1",1130
JUNE CARROLL,Algeria,Skikda,2005-08-01,33.91000000000001,9,9,"1,2","1,2",1130
HEATHER MORRIS,Japan,Nagareyama,2005-08-22,33.910000000000004,9,9,2,2,1132
IAN STILL,United States,Garland,2005-06-21,33.910000000000004,9,9,1,1,1132
KRISTIN JOHNSTON,United States,Sunnyvale,2005-08-21,33.91,9,9,"2,1","2,1",1134
MINNIE ROMERO,Indonesia,Ciomas,2005-08-02,33.91,9,9,"2,1","2,1",1134
WALTER PERRYMAN,China,Xinxiang,2005-08-21,33.91,9,9,"1,2","1,2",1134
VINCENT RALSTON,Mexico,Allende,2005-08-22,33.91,9,9,1,1,1134
HERMAN DEVORE,Tanzania,Mwanza,2005-08-21,33.91,9,9,2,2,1134
KATHLEEN ADAMS,Iran,Arak,2005-08-01,33.900000000000006,10,10,2,2,1139
JULIE SANCHEZ,Spain,A Corua (La Corua),2005-08-02,33.900000000000006,10,10,1,1,1139
NICHOLAS BARFIELD,Brazil,Belm,2005-08-01,33.900000000000006,10,10,2,2,1139
MARCUS HIDALGO,Estonia,Tartu,2005-08-23,33.900000000000006,10,10,"1,2","1,2",1139
KEN PREWITT,Romania,Bucuresti,2005-07-09,33.900000000000006,10,10,1,1,1139
MELISSA KING,Taiwan,Lungtan,2005-07-31,33.9,10,10,"2,1","2,1",1144
KATHY JAMES,Philippines,Baybay,2005-07-30,33.9,10,10,1,1,1144
MARILYN ROSS,Nigeria,Ife,2005-08-23,33.89999999999999,10,10,1,1,1146
CRYSTAL FORD,Israel,Ashdod,2005-08-01,33.89000000000001,11,11,2,2,1147
JEFF EAST,Dominican Republic,San Felipe de Puerto Plata,2005-08-23,33.89,11,11,"1,2","1,2",1148
ELAINE STEVENS,Russian Federation,Smolensk,2005-08-01,32.95,5,5,1,1,1149
BRITTANY RILEY,Ukraine,Sumy,2005-07-10,32.95,5,5,"1,2","1,2",1149
KAY CALDWELL,China,Yantai,2005-08-01,32.95,5,5,1,1,1149
HECTOR POINDEXTER,Russian Federation,Pjatigorsk,2005-08-20,32.95,5,5,1,1,1149
SERGIO STANFIELD,Mexico,Celaya,2005-07-31,32.95,5,5,2,2,1149
KENT ARSENAULT,Brazil,Juiz de Fora,2005-07-10,32.95,5,5,1,1,1149
MARGIE WADE,China,Lengshuijiang,2005-08-21,32.949999999999996,5,5,1,1,1155
MIRIAM MCKINNEY,Japan,Otsu,2005-07-29,32.949999999999996,5,5,2,2,1155
LEE HAWKS,India,Pudukkottai,2005-08-22,32.94000000000001,6,6,1,1,1157
SANDRA MARTIN,United Kingdom,Southend-on-Sea,2005-08-20,32.940000000000005,6,6,1,1,1158
AMY LOPEZ,India,Jhansi,2005-08-21,32.940000000000005,6,6,2,2,1158
KATHERINE RIVERA,Switzerland,Basel,2005-07-31,32.940000000000005,6,6,2,2,1158
REGINA BERRY,China,Jinchang,2005-08-19,32.940000000000005,6,6,1,1,1158
BERNICE WILLIS,Turkey,Batman,2005-08-19,32.940000000000005,6,6,"2,1","2,1",1158
MARLENE WELCH,Japan,Iwaki,2005-07-29,32.940000000000005,6,6,2,2,1158
STELLA MORENO,Mexico,Coacalco de Berriozbal,2005-08-23,32.940000000000005,6,6,1,1,1158
SONIA GREGORY,Nigeria,Benin City,2005-07-11,32.940000000000005,6,6,1,1,1158
JERRY JORDON,Japan,Onomichi,2005-08-21,32.940000000000005,6,6,2,2,1158
DOUGLAS GRAF,Mexico,Mexicali,2005-08-01,32.940000000000005,6,6,1,1,1158
JOE GILLILAND,Philippines,Imus,2005-08-22,32.940000000000005,6,6,2,2,1158
GORDON ALLARD,Yemen,Hodeida,2005-07-09,32.940000000000005,6,6,2,2,1158
TYRONE ASHER,Bulgaria,Ruse,2005-08-02,32.940000000000005,6,6,"1,2","1,2",1158
JOHNNIE CHISHOLM,Poland,Plock,2005-06-20,32.940000000000005,6,6,1,1,1158
MARILYN ROSS,Nigeria,Ife,2005-07-09,32.94,6,6,2,2,1172
LUCILLE HOLMES,South Africa,Soshanguve,2005-07-08,32.94,6,6,"1,2","1,2",1172
BERNICE WILLIS,Turkey,Batman,2005-07-12,32.94,6,6,1,1,1172
TERRI VASQUEZ,Brazil,Blumenau,2005-08-20,32.94,6,6,2,2,1172
MIKE WAY,India,Valparai,2005-07-31,32.94,6,6,2,2,1172
MIGUEL BETANCOURT,Germany,Erlangen,2005-08-20,32.94,6,6,1,1,1172
GREG ROBINS,Vietnam,Nam Dinh,2005-07-11,32.94,6,6,"1,2","1,2",1172
BRETT CORNWELL,India,Siliguri (Shiliguri),2005-07-28,32.94,6,6,"1,2","1,2",1172
NELSON CHRISTENSON,Spain,Santiago de Compostela,2005-07-31,32.94,6,6,2,2,1172
CHRISTINE ROBERTS,French Polynesia,Faaa,2005-08-23,32.93000000000001,7,7,2,2,1181
KELLY TORRES,China,Xiangtan,2005-08-22,32.93000000000001,7,7,2,2,1181
ANNETTE OLSON,India,Allappuzha (Alleppey),2005-08-22,32.93000000000001,7,7,2,2,1181
VIVIAN RUIZ,Netherlands,s-Hertogenbosch,2005-08-21,32.93000000000001,7,7,2,2,1181
CARLA GUTIERREZ,India,Bhusawal,2005-08-23,32.93000000000001,7,7,2,2,1181
KRISTIN JOHNSTON,United States,Sunnyvale,2005-08-02,32.93000000000001,7,7,2,2,1181
TONI HOLT,United States,Roanoke,2005-07-31,32.93000000000001,7,7,2,2,1181
MISTY LAMBERT,United Arab Emirates,Sharja,2005-07-12,32.93000000000001,7,7,1,1,1181
RAMONA HALE,India,Patiala,2005-07-11,32.93000000000001,7,7,"2,1","2,1",1181
ALBERT CROUSE,Cameroon,Bamenda,2005-07-30,32.93000000000001,7,7,1,1,1181
HARRY ARCE,Iran,Najafabad,2005-08-01,32.93000000000001,7,7,2,2,1181
CHRIS BROTHERS,Spain,Gijn,2005-07-11,32.93000000000001,7,7,2,2,1181
NATHAN RUNYON,"Virgin Islands, U.S.",Charlotte Amalie,2005-07-29,32.93000000000001,7,7,2,2,1181
DALE RATCLIFF,South Africa,Rustenburg,2005-07-29,32.93000000000001,7,7,"2,1","2,1",1181
RODNEY MOELLER,Nigeria,Deba Habe,2005-07-10,32.93000000000001,7,7,1,1,1181
WESLEY BULL,Spain,Ourense (Orense),2005-07-10,32.93000000000001,7,7,2,2,1181
ZACHARY HITE,United States,Akron,2005-07-11,32.93000000000001,7,7,"2,1","2,1",1181
SAM MCDUFFIE,Colombia,Sogamoso,2005-07-10,32.93000000000001,7,7,"2,1","2,1",1181
IVAN CROMWELL,Mexico,Monclova,2005-06-20,32.93000000000001,7,7,2,2,1181
LISA ANDERSON,Japan,Sagamihara,2005-07-30,32.93,7,7,"1,2","1,2",1200
AMY LOPEZ,India,Jhansi,2005-08-02,32.93,7,7,1,1,1200
THERESA WATSON,Philippines,Taguig,2005-08-02,32.93,7,7,2,2,1200
VALERIE BLACK,United States,Brockton,2005-06-19,32.93,7,7,1,1,1200
DOLORES WAGNER,Malaysia,Ipoh,2005-06-21,32.93,7,7,2,2,1200
GEORGIA JACOBS,India,Uttarpara-Kotrung,2005-08-21,32.93,7,7,1,1,1200
CASSANDRA WALTERS,United States,Salinas,2005-08-23,32.93,7,7,2,2,1200
LEAH CURTIS,Poland,Kalisz,2005-08-02,32.93,7,7,1,1,1200
ROY WHITING,Kenya,Nyeri,2005-07-12,32.93,7,7,2,2,1200
RANDY GAITHER,Russian Federation,Kurgan,2005-07-10,32.93,7,7,1,1,1200
DON BONE,Mozambique,Naala-Porto,2005-08-01,32.93,7,7,1,1,1200
ALEXANDER FENNELL,Italy,Bergamo,2005-08-21,32.93,7,7,2,2,1200
PEDRO CHESTNUT,Ukraine,ostka,2005-07-09,32.93,7,7,"2,1","2,1",1200
MARIA MILLER,Yugoslavia,Kragujevac,2005-08-21,32.92999999999999,7,7,1,1,1213
DOROTHY TAYLOR,Iran,Esfahan,2005-08-02,32.92999999999999,7,7,"2,1","2,1",1213
FLORENCE WOODS,Argentina,Merlo,2005-07-30,32.92999999999999,7,7,"1,2","1,2",1213
CLARA SHAW,Belarus,Molodetno,2005-08-20,32.92999999999999,7,7,2,2,1213
CATHY SPENCER,Japan,Kakamigahara,2005-08-21,32.92999999999999,7,7,2,2,1213
ANDREW PURDY,Azerbaijan,Baku,2005-08-22,32.920000000000016,8,8,"2,1","2,1",1218
DEBRA NELSON,Brazil,Vila Velha,2005-07-31,32.92000000000001,8,8,"1,2","1,2",1219
THELMA MURRAY,Peru,Lima,2005-08-01,32.92000000000001,8,8,1,1,1219
JOHN FARNSWORTH,India,Parbhani,2005-07-31,32.92000000000001,8,8,2,2,1219
MARTHA GONZALEZ,Moldova,Chisinau,2005-07-12,32.92,8,8,1,1,1222
STEPHANIE MITCHELL,Armenia,Yerevan,2005-07-29,32.92,8,8,1,1,1222
HEATHER MORRIS,Japan,Nagareyama,2005-08-21,32.92,8,8,"2,1","2,1",1222
JEAN BELL,Malaysia,Kuching,2005-08-01,32.92,8,8,"2,1","2,1",1222
SHANNON FREEMAN,India,Varanasi (Benares),2005-07-31,32.92,8,8,"2,1","2,1",1222
ETHEL WEBB,South Africa,Boksburg,2005-07-30,32.92,8,8,1,1,1222
MARJORIE TUCKER,Poland,Jastrzebie-Zdrj,2005-07-12,32.92,8,8,2,2,1222
MARJORIE TUCKER,Poland,Jastrzebie-Zdrj,2005-07-31,32.92,8,8,"2,1","2,1",1222
LORRAINE STEPHENS,China,Hami,2005-07-11,32.92,8,8,1,1,1222
BEATRICE ARNOLD,India,Udaipur,2005-07-10,32.92,8,8,"1,2","1,2",1222
DOLORES WAGNER,Malaysia,Ipoh,2005-08-23,32.92,8,8,2,2,1222
STACEY MONTGOMERY,China,Fuyu,2005-08-02,32.92,8,8,2,2,1222
PRISCILLA LOWE,Mexico,Salamanca,2005-08-23,32.92,8,8,1,1,1222
WALTER PERRYMAN,China,Xinxiang,2005-07-12,32.92,8,8,2,2,1222
LEE HAWKS,India,Pudukkottai,2005-08-01,32.92,8,8,1,1,1222
KARL SEAL,United States,Cape Coral,2005-07-29,32.92,8,8,1,1,1222
JORDAN ARCHULETA,Argentina,Avellaneda,2005-07-31,32.92,8,8,2,2,1222
IAN STILL,United States,Garland,2005-06-20,32.92,8,8,1,1,1222
FREDDIE DUGGAN,Peru,Sullana,2005-08-02,32.92,8,8,"2,1","2,1",1222
OLGA JIMENEZ,Nigeria,Ogbomosho,2005-07-12,32.919999999999995,8,8,"2,1","2,1",1241
DEBBIE REYES,Japan,Fukuyama,2005-08-20,32.91999999999999,8,8,2,2,1242
HEIDI LARSON,China,Xiangfan,2005-08-02,32.91000000000001,9,9,1,1,1243
TERRY CARLSON,Japan,Miyakonojo,2005-08-02,32.91000000000001,9,9,2,2,1243
HELEN HARRIS,India,Bhopal,2005-08-02,32.910000000000004,9,9,"1,2","1,2",1245
JULIE SANCHEZ,Spain,A Corua (La Corua),2005-08-01,32.910000000000004,9,9,"2,1","2,1",1245
JUDY GRAY,Algeria,Bchar,2005-08-23,32.910000000000004,9,9,1,1,1245
HAZEL WARREN,China,Hohhot,2005-07-31,32.910000000000004,9,9,1,1,1245
CARLA GUTIERREZ,India,Bhusawal,2005-08-01,32.910000000000004,9,9,1,1,1245
STACEY MONTGOMERY,China,Fuyu,2005-08-22,32.910000000000004,9,9,"2,1","2,1",1245
CHRISTY VARGAS,China,Datong,2005-08-21,32.910000000000004,9,9,"2,1","2,1",1245
CHARLES KOWALSKI,Malaysia,Sungai Petani,2005-07-31,32.910000000000004,9,9,1,1,1245
KEITH RICO,Slovakia,Bratislava,2005-08-01,32.910000000000004,9,9,"2,1","2,1",1245
JEFFERY PINSON,Pakistan,Dadu,2005-08-01,32.910000000000004,9,9,1,1,1245
ALVIN DELOACH,Mexico,Cuauhtmoc,2005-08-23,32.910000000000004,9,9,2,2,1245
TED BREAUX,China,Baicheng,2005-08-01,32.910000000000004,9,9,"2,1","2,1",1245
KEN PREWITT,Romania,Bucuresti,2005-07-08,32.910000000000004,9,9,"1,2","1,2",1245
KEN PREWITT,Romania,Bucuresti,2005-08-23,32.910000000000004,9,9,"2,1","2,1",1245
MARION OCAMPO,China,Weifang,2005-08-01,32.910000000000004,9,9,2,2,1245
ENRIQUE FORSYTHE,Greece,Patras,2005-08-23,32.910000000000004,9,9,1,1,1245
KATHY JAMES,Philippines,Baybay,2005-07-29,32.91,9,9,1,1,1261
SYLVIA ORTIZ,Colombia,Dos Quebradas,2005-08-02,32.91,9,9,"1,2","1,2",1261
ELLEN SIMPSON,Brazil,Po,2005-07-12,32.91,9,9,"1,2","1,2",1261
DAISY BATES,Russian Federation,Kolpino,2005-06-21,32.91,9,9,"1,2","1,2",1261
JUSTIN NGO,Brazil,Santo Andr,2005-07-12,32.91,9,9,1,1,1261
BOBBY BOUDREAU,Anguilla,South Hill,2005-08-21,32.91,9,9,1,1,1261
CHAD CARBONE,India,Katihar,2005-08-02,32.91,9,9,"2,1","2,1",1261
DUSTIN GILLETTE,Netherlands,Emmen,2005-08-23,32.91,9,9,1,1,1261
BYRON BOX,Kazakstan,Zhezqazghan,2005-07-10,32.91,9,9,2,2,1261
MARTHA GONZALEZ,Moldova,Chisinau,2005-07-31,32.900000000000006,10,10,"1,2","1,2",1270
ESTHER CRAWFORD,South Africa,Botshabelo,2005-07-10,32.900000000000006,10,10,"2,1","2,1",1270
JOSE ANDREW,Saint Vincent and the Grenadines,Kingstown,2005-08-01,32.900000000000006,10,10,2,2,1270
PEARL GARZA,India,Jodhpur,2005-08-23,32.9,10,10,1,1,1273
DARLENE ROSE,North Korea,Pyongyang,2005-07-30,32.89,11,11,2,2,1274
FRED WHEAT,Mexico,Jurez,2005-08-02,32.89,11,11,"1,2","1,2",1274
THERESA WATSON,Philippines,Taguig,2005-08-22,32.870000000000005,13,13,2,2,1276
MICHELLE CLARK,Bangladesh,Tangail,2005-06-21,31.950000000000003,5,5,1,1,1277
ALICE STEWART,United States,Fontana,2005-07-10,31.950000000000003,5,5,1,1,1277
JANE BENNETT,Brazil,Araatuba,2005-08-21,31.950000000000003,5,5,2,2,1277
TARA RYAN,Indonesia,Gorontalo,2005-07-30,31.950000000000003,5,5,2,2,1277
DORA MEDINA,China,Tianjin,2005-07-12,31.950000000000003,5,5,2,2,1277
CHRISTOPHER GRECO,Italy,Brescia,2005-07-09,31.950000000000003,5,5,2,2,1277
DOUGLAS GRAF,Mexico,Mexicali,2005-07-31,31.950000000000003,5,5,2,2,1277
RYAN SALISBURY,Latvia,Daugavpils,2005-06-21,31.950000000000003,5,5,1,1,1277
JESSICA HALL,Holy See (Vatican City State),Citt del Vaticano,2005-06-18,31.95,5,5,2,2,1285
JAMIE RICE,United States,Sterling Heights,2005-07-11,31.949999999999996,5,5,"1,2","1,2",1286
HERMAN DEVORE,Tanzania,Mwanza,2005-07-30,31.949999999999996,5,5,1,1,1286
VICTORIA GIBSON,Indonesia,Pemalang,2005-08-21,31.940000000000012,6,6,2,2,1288
HELEN HARRIS,India,Bhopal,2005-08-19,31.940000000000005,6,6,"2,1","2,1",1289
ROSEMARY SCHMIDT,Turkey,Usak,2005-06-19,31.940000000000005,6,6,2,2,1289
CASSANDRA WALTERS,United States,Salinas,2005-07-12,31.940000000000005,6,6,"1,2","1,2",1289
PETER MENARD,Netherlands,Ede,2005-06-20,31.940000000000005,6,6,2,2,1289
NICHOLAS BARFIELD,Brazil,Belm,2005-07-12,31.940000000000005,6,6,2,2,1289
JIM REA,Mexico,El Fuerte,2005-08-02,31.940000000000005,6,6,"1,2","1,2",1289
ALFREDO MCADAMS,Russian Federation,Serpuhov,2005-08-01,31.940000000000005,6,6,2,2,1289
PATRICK NEWSOM,Vietnam,Hanoi,2005-06-19,31.94,6,6,"2,1","2,1",1296
ARTHUR SIMPKINS,Russian Federation,Maikop,2005-07-11,31.94,6,6,2,2,1296
TERRY GRISSOM,Japan,Matsue,2005-07-11,31.94,6,6,"1,2","1,2",1296
DON BONE,Mozambique,Naala-Porto,2005-08-21,31.94,6,6,"2,1","2,1",1296
JORGE OLIVARES,Indonesia,Lhokseumawe,2005-07-30,31.94,6,6,"1,2","1,2",1296
BEN EASTER,Russian Federation,Kamyin,2005-07-31,31.94,6,6,1,1,1296
JAVIER ELROD,Chad,NDjamna,2005-07-10,31.94,6,6,"1,2","1,2",1296
VALERIE BLACK,United States,Brockton,2005-06-18,31.939999999999998,6,6,"2,1","2,1",1303
LYNN PAYNE,Malawi,Lilongwe,2005-08-21,31.939999999999998,6,6,2,2,1303
JASON MORRISSEY,Argentina,Baha Blanca,2005-06-20,31.939999999999998,6,6,"1,2","1,2",1303
LEWIS LYMAN,Israel,Ashqelon,2005-06-21,31.939999999999998,6,6,2,2,1303
COREY HAUSER,Turkey,Gaziantep,2005-08-01,31.939999999999998,6,6,2,2,1303
MYRTLE FLEMING,Dominican Republic,Santiago de los Caballeros,2005-08-22,31.93999999999999,6,6,2,2,1308
WESLEY BULL,Spain,Ourense (Orense),2005-08-21,31.930000000000017,7,7,2,2,1309
WESLEY BULL,Spain,Ourense (Orense),2005-07-30,31.930000000000014,7,7,1,1,1310
GLORIA COOK,French Polynesia,Papeete,2005-08-21,31.93000000000001,7,7,2,2,1311
MARLENE WELCH,Japan,Iwaki,2005-08-23,31.93000000000001,7,7,2,2,1311
JOHN FARNSWORTH,India,Parbhani,2005-07-30,31.93000000000001,7,7,"1,2","1,2",1311
ERIK GUILLEN,India,Bhimavaram,2005-08-20,31.93000000000001,7,7,"1,2","1,2",1311
TRACY COLE,Mexico,Huixquilucan,2005-08-23,31.930000000000007,7,7,"2,1","2,1",1315
MONICA HICKS,Ukraine,Mukateve,2005-08-01,31.930000000000007,7,7,1,1,1315
PAULINE HENRY,Mexico,Torren,2005-07-12,31.930000000000007,7,7,1,1,1315
AUDREY RAY,Austria,Graz,2005-08-01,31.930000000000007,7,7,1,1,1315
CLAUDIA FULLER,Kuwait,Jalib al-Shuyukh,2005-06-20,31.930000000000007,7,7,2,2,1315
CLAUDIA FULLER,Kuwait,Jalib al-Shuyukh,2005-08-02,31.930000000000007,7,7,"2,1","2,1",1315
RICK MATTOX,Egypt,Mit Ghamr,2005-06-21,31.930000000000007,7,7,1,1,1315
JENNIFER DAVIS,United States,Laredo,2005-08-21,31.930000000000003,7,7,1,1,1322
KIM CRUZ,United States,Grand Prairie,2005-07-31,31.930000000000003,7,7,2,2,1322
LORRAINE STEPHENS,China,Hami,2005-07-10,31.930000000000003,7,7,2,2,1322
DOLORES WAGNER,Malaysia,Ipoh,2005-08-21,31.930000000000003,7,7,"1,2","1,2",1322
LAURIE LAWRENCE,India,Firozabad,2005-08-01,31.930000000000003,7,7,"2,1","2,1",1322
NAOMI JENNINGS,India,Karnal,2005-08-01,31.930000000000003,7,7,1,1,1322
JOSEPH JOY,Brazil,Angra dos Reis,2005-07-11,31.930000000000003,7,7,"2,1","2,1",1322
ADAM GOOCH,India,Adoni,2005-07-12,31.930000000000003,7,7,"1,2","1,2",1322
ROBERTO VU,China,Yinchuan,2005-07-11,31.930000000000003,7,7,2,2,1322
TYRONE ASHER,Bulgaria,Ruse,2005-07-12,31.930000000000003,7,7,1,1,1322
JOHNNIE CHISHOLM,Poland,Plock,2005-08-02,31.930000000000003,7,7,2,2,1322
MARY SMITH,Japan,Sasebo,2005-06-21,31.93,7,7,1,1,1333
ANNE POWELL,United Kingdom,Bradford,2005-08-02,31.93,7,7,2,2,1333
BONNIE HUGHES,South Korea,Cheju,2005-08-02,31.93,7,7,1,1,1333
JULIA FLORES,Argentina,La Plata,2005-07-12,31.93,7,7,1,1,1333
ANITA MORALES,India,Hubli-Dharwad,2005-08-23,31.93,7,7,1,1,1333
STACY CUNNINGHAM,Colombia,Pereira,2005-08-02,31.93,7,7,1,1,1333
JEANNE LAWSON,Turkmenistan,Ashgabat,2005-06-20,31.93,7,7,1,1,1333
MYRTLE FLEMING,Dominican Republic,Santiago de los Caballeros,2005-07-11,31.93,7,7,2,2,1333
BRANDY GRAVES,United States,Warren,2005-07-31,31.93,7,7,2,2,1333
DIANNE SHELTON,Iran,Tabriz,2005-08-20,31.93,7,7,2,2,1333
JAMES GANNON,Japan,Hiroshima,2005-06-21,31.93,7,7,"2,1","2,1",1333
MARK RINEHART,Saudi Arabia,Tabuk,2005-08-02,31.93,7,7,2,2,1333
GEORGE LINTON,Brazil,Sorocaba,2005-07-29,31.93,7,7,2,2,1333
MANUEL MURRELL,Sri Lanka,Jaffna,2005-07-31,31.93,7,7,2,2,1333
JACOB LANCE,United States,El Monte,2005-08-02,31.93,7,7,2,2,1333
VERNON CHAPA,Turkey,Denizli,2005-08-02,31.93,7,7,1,1,1333
JESSICA HALL,Holy See (Vatican City State),Citt del Vaticano,2005-07-08,31.929999999999996,7,7,1,1,1349
SHIRLEY ALLEN,Philippines,Davao,2005-08-22,31.929999999999996,7,7,1,1,1349
KATHY JAMES,Philippines,Baybay,2005-08-23,31.929999999999996,7,7,1,1,1349
PAULA BRYANT,India,Pathankot,2005-08-01,31.929999999999996,7,7,2,2,1349
WANDA PATTERSON,Colombia,Sincelejo,2005-08-21,31.929999999999993,7,7,1,1,1353
CINDY FISHER,Venezuela,Cuman,2005-08-23,31.929999999999993,7,7,1,1,1353
ETHEL WEBB,South Africa,Boksburg,2005-08-22,31.920000000000016,8,8,1,1,1355
GABRIEL HARDER,Turkey,Sivas,2005-07-29,31.92000000000001,8,8,1,1,1356
MARTHA GONZALEZ,Moldova,Chisinau,2005-08-23,31.920000000000005,8,8,1,1,1357
GLORIA COOK,French Polynesia,Papeete,2005-08-02,31.920000000000005,8,8,1,1,1357
GERALD FULTZ,India,Satna,2005-07-31,31.920000000000005,8,8,2,2,1357
HARRY ARCE,Iran,Najafabad,2005-08-20,31.920000000000005,8,8,2,2,1357
LEROY BUSTAMANTE,China,Tongliao,2005-07-12,31.920000000000005,8,8,2,2,1357
AMANDA CARTER,Morocco,Nador,2005-08-01,31.92,8,8,1,1,1362
IRENE PRICE,Kazakstan,Pavlodar,2005-08-02,31.92,8,8,2,2,1362
LILLIAN GRIFFIN,United Arab Emirates,al-Ayn,2005-08-01,31.92,8,8,2,2,1362
SHERRY MARSHALL,Egypt,Shubra al-Khayma,2005-08-01,31.92,8,8,"1,2","1,2",1362
JOSEPHINE GOMEZ,India,Etawah,2005-08-01,31.92,8,8,2,2,1362
AUDREY RAY,Austria,Graz,2005-07-11,31.92,8,8,2,2,1362
SUE PETERS,China,Changzhou,2005-06-19,31.92,8,8,"1,2","1,2",1362
CHARLES KOWALSKI,Malaysia,Sungai Petani,2005-07-30,31.92,8,8,2,2,1362
STANLEY SCROGGINS,Japan,Omiya,2005-07-12,31.92,8,8,2,2,1362
LEONARD SCHOFIELD,Argentina,Tandil,2005-08-02,31.92,8,8,1,1,1362
MANUEL MURRELL,Sri Lanka,Jaffna,2005-08-21,31.92,8,8,2,2,1362
BARRY LOVELACE,Zambia,Kitwe,2005-08-01,31.92,8,8,1,1,1362
CHRISTIAN JUNG,India,Amroha,2005-08-01,31.92,8,8,"2,1","2,1",1362
SALVADOR TEEL,Gambia,Banjul,2005-07-31,31.92,8,8,"1,2","1,2",1362
ALMA AUSTIN,Germany,Mannheim,2005-06-21,31.919999999999998,8,8,2,2,1376
ROBERTO VU,China,Yinchuan,2005-08-23,31.919999999999998,8,8,1,1,1376
NATHANIEL ADAM,United States,Joliet,2005-08-01,31.919999999999998,8,8,2,2,1376
NATHANIEL ADAM,United States,Joliet,2005-08-22,31.919999999999998,8,8,"2,1","2,1",1376
RAYMOND MCWHORTER,Azerbaijan,Sumqayit,2005-08-23,31.919999999999995,8,8,"2,1","2,1",1380
CURTIS IRBY,Canada,Richmond Hill,2005-08-01,31.919999999999995,8,8,1,1,1380
TIM CARY,India,Bijapur,2005-07-12,31.919999999999995,8,8,"1,2","1,2",1380
GUY BROWNLEE,China,Zhoushan,2005-07-31,31.919999999999995,8,8,"1,2","1,2",1380
SETH HANNON,Bahrain,al-Manama,2005-07-12,31.919999999999995,8,8,2,2,1380
GENE SANBORN,Oman,Salala,2005-08-01,31.91999999999999,8,8,1,1,1385
VERONICA STONE,United States,Greensboro,2005-08-23,31.910000000000004,9,9,1,1,1386
GERALDINE PERKINS,Israel,Tel Aviv-Jaffa,2005-08-02,31.910000000000004,9,9,"1,2","1,2",1386
LUCY WHEELER,India,Balurghat,2005-08-02,31.910000000000004,9,9,2,2,1386
CHRISTY VARGAS,China,Datong,2005-08-02,31.910000000000004,9,9,2,2,1386
BILLIE HORTON,Turkey,Inegl,2005-08-02,31.910000000000004,9,9,1,1,1386
JOSE ANDREW,Saint Vincent and the Grenadines,Kingstown,2005-07-31,31.910000000000004,9,9,"2,1","2,1",1386
BOB PFEIFFER,China,Xintai,2005-08-22,31.910000000000004,9,9,2,2,1386
CASEY MENA,Turkey,Tokat,2005-07-29,31.910000000000004,9,9,"1,2","1,2",1386
VIOLA HANSON,Philippines,Lapu-Lapu,2005-07-12,31.91,9,9,2,2,1394
JACK FOUST,Russian Federation,Zeleznogorsk,2005-07-12,31.91,9,9,"1,2","1,2",1394
TRAVIS ESTEP,Saudi Arabia,al-Qatif,2005-08-23,31.91,9,9,1,1,1394
VICKIE BREWER,Germany,Halle/Saale,2005-08-23,31.909999999999997,9,9,2,2,1397
ANTHONY SCHWAB,American Samoa,Tafuna,2005-08-02,31.909999999999997,9,9,1,1,1397
DARRYL ASHCRAFT,Argentina,Ezeiza,2005-08-02,31.909999999999997,9,9,1,1,1397
CRYSTAL FORD,Israel,Ashdod,2005-07-31,31.90000000000001,10,10,"2,1","2,1",1400
MARCIA DEAN,Philippines,Tanza,2005-07-11,31.900000000000006,10,10,"2,1","2,1",1401
MARJORIE TUCKER,Poland,Jastrzebie-Zdrj,2005-08-22,31.9,10,10,1,1,1402
MAXINE SILVA,Brazil,Poos de Caldas,2005-08-23,31.899999999999995,10,10,1,1,1403
JIM REA,Mexico,El Fuerte,2005-08-23,31.89,11,11,1,1,1404
BRENDA WRIGHT,India,Kamarhati,2005-07-11,30.95000000000001,5,5,1,1,1405
JOHNNIE CHISHOLM,Poland,Plock,2005-07-12,30.950000000000006,5,5,"2,1","2,1",1406
CHERYL MURPHY,India,Mysore,2005-08-02,30.950000000000003,5,5,2,2,1407
MARIAN MENDOZA,Brazil,Maring,2005-05-31,30.950000000000003,5,5,1,1,1407
ALAN KAHN,China,Emeishan,2005-07-30,30.950000000000003,5,5,1,1,1407
PHILIP CAUSEY,Russian Federation,Korolev,2005-07-09,30.950000000000003,5,5,1,1,1407
BEN EASTER,Russian Federation,Kamyin,2005-07-30,30.950000000000003,5,5,1,1,1407
ISAAC OGLESBY,Mexico,Cuernavaca,2005-08-20,30.950000000000003,5,5,2,2,1407
TRACY HERRMANN,Ecuador,Loja,2005-06-20,30.950000000000003,5,5,1,1,1407
SETH HANNON,Bahrain,al-Manama,2005-06-20,30.950000000000003,5,5,1,1,1407
ASHLEY RICHARDSON,United States,Lincoln,2005-07-10,30.95,5,5,"1,2","1,2",1415
JULIA FLORES,Argentina,La Plata,2005-06-19,30.95,5,5,1,1,1415
ANA BRADLEY,United States,Memphis,2005-07-29,30.95,5,5,1,1,1415
PAUL TROUT,Russian Federation,Kursk,2005-07-31,30.95,5,5,"1,2","1,2",1415
CURTIS IRBY,Canada,Richmond Hill,2005-08-20,30.949999999999996,5,5,"1,2","1,2",1419
NATHANIEL ADAM,United States,Joliet,2005-07-09,30.949999999999996,5,5,2,2,1419
MARLENE WELCH,Japan,Iwaki,2005-08-21,30.940000000000012,6,6,2,2,1421
MAE FLETCHER,Spain,Donostia-San Sebastin,2005-07-12,30.940000000000012,6,6,1,1,1421
MAE FLETCHER,Spain,Donostia-San Sebastin,2005-08-21,30.940000000000012,6,6,1,1,1421
DAWN SULLIVAN,Tuvalu,Funafuti,2005-08-01,30.940000000000005,6,6,1,1,1424
GRACE ELLIS,Germany,Duisburg,2005-08-22,30.940000000000005,6,6,1,1,1424
NINA SOTO,India,Palghat (Palakkad),2005-07-10,30.940000000000005,6,6,2,2,1424
JOSEPH JOY,Brazil,Angra dos Reis,2005-07-31,30.940000000000005,6,6,1,1,1424
GARY COY,China,Yuzhou,2005-08-01,30.940000000000005,6,6,2,2,1424
LARRY THRASHER,Turkey,Adana,2005-06-19,30.940000000000005,6,6,2,2,1424
HARRY ARCE,Iran,Najafabad,2005-06-21,30.940000000000005,6,6,2,2,1424
STEVE MACKENZIE,Indonesia,Probolinggo,2005-07-12,30.940000000000005,6,6,2,2,1424
PHILLIP HOLM,Japan,Tama,2005-08-23,30.940000000000005,6,6,1,1,1424
EDWIN BURK,South Africa,Newcastle,2005-07-11,30.940000000000005,6,6,1,1,1424
GLEN TALBERT,Mexico,Acua,2005-07-09,30.940000000000005,6,6,2,2,1424
JIMMIE EGGLESTON,Poland,Wroclaw,2005-07-09,30.940000000000005,6,6,2,2,1424
TERRANCE ROUSH,Hungary,Szkesfehrvr,2005-07-08,30.940000000000005,6,6,1,1,1424
MARILYN ROSS,Nigeria,Ife,2005-08-01,30.94,6,6,1,1,1437
BEATRICE ARNOLD,India,Udaipur,2005-08-02,30.94,6,6,1,1,1437
NINA SOTO,India,Palghat (Palakkad),2005-08-21,30.94,6,6,2,2,1437
ROGER QUINTANILLA,Taiwan,Hsichuh,2005-07-08,30.94,6,6,"2,1","2,1",1437
TYLER WREN,China,Rizhao,2005-08-21,30.94,6,6,1,1,1437
CLAUDE HERZOG,Angola,Benguela,2005-08-01,30.94,6,6,1,1,1437
JAMIE WAUGH,Japan,Kuwana,2005-07-29,30.94,6,6,2,2,1437
SHIRLEY ALLEN,Philippines,Davao,2005-08-20,30.939999999999998,6,6,2,2,1444
PAULA BRYANT,India,Pathankot,2005-07-31,30.939999999999998,6,6,1,1,1444
GRACE ELLIS,Germany,Duisburg,2005-07-29,30.939999999999998,6,6,"2,1","2,1",1444
NORA HERRERA,Austria,Salzburg,2005-08-02,30.939999999999998,6,6,"2,1","2,1",1444
SHELLY WATTS,United States,Dayton,2005-08-23,30.939999999999998,6,6,1,1,1444
BYRON BOX,Kazakstan,Zhezqazghan,2005-08-01,30.939999999999998,6,6,1,1,1444
SEAN DOUGLASS,Ethiopia,Addis Abeba,2005-08-20,30.939999999999994,6,6,"1,2","1,2",1450
GABRIEL HARDER,Turkey,Sivas,2005-08-22,30.93000000000001,7,7,2,2,1451
PAMELA BAKER,China,Nanyang,2005-08-21,30.930000000000007,7,7,2,2,1452
THELMA MURRAY,Peru,Lima,2005-07-31,30.930000000000007,7,7,2,2,1452
AUDREY RAY,Austria,Graz,2005-08-23,30.930000000000007,7,7,"2,1","2,1",1452
LILLIE KIM,Egypt,Idfu,2005-07-12,30.930000000000007,7,7,1,1,1452
CHRISTOPHER GRECO,Italy,Brescia,2005-07-30,30.930000000000007,7,7,1,1,1452
JULIE SANCHEZ,Spain,A Corua (La Corua),2005-07-31,30.930000000000003,7,7,2,2,1457
PHYLLIS FOSTER,China,Zalantun,2005-08-21,30.930000000000003,7,7,"1,2","1,2",1457
JUANITA MASON,India,Pune,2005-07-30,30.930000000000003,7,7,"2,1","2,1",1457
JACKIE LYNCH,Colombia,Buenaventura,2005-07-11,30.930000000000003,7,7,"1,2","1,2",1457
MABEL HOLLAND,Myanmar,Monywa,2005-06-19,30.930000000000003,7,7,"2,1","2,1",1457
EDWARD BAUGH,Faroe Islands,Trshavn,2005-07-31,30.930000000000003,7,7,"2,1","2,1",1457
DOUGLAS GRAF,Mexico,Mexicali,2005-06-21,30.930000000000003,7,7,1,1,1457
STANLEY SCROGGINS,Japan,Omiya,2005-07-11,30.930000000000003,7,7,1,1,1457
RICKY SHELBY,China,Junan,2005-08-02,30.930000000000003,7,7,1,1,1457
BRENT HARKINS,Turkey,Sultanbeyli,2005-08-23,30.930000000000003,7,7,"1,2","1,2",1457
ROSS GREY,Philippines,Iligan,2005-08-23,30.930000000000003,7,7,1,1,1457
ELIZABETH BROWN,Taiwan,Nantou,2005-07-11,30.93,7,7,1,1,1468
ANGELA HERNANDEZ,Japan,Shimonoseki,2005-08-01,30.93,7,7,1,1,1468
EMMA BOYD,Egypt,Qalyub,2005-08-02,30.93,7,7,"1,2","1,2",1468
LAUREN HUDSON,France,Le Mans,2005-08-02,30.93,7,7,2,2,1468
REGINA BERRY,China,Jinchang,2005-07-11,30.93,7,7,1,1,1468
IRMA PEARSON,Philippines,Hagonoy,2005-08-21,30.93,7,7,2,2,1468
DEANNA BYRD,Philippines,Tuguegarao,2005-08-20,30.93,7,7,"2,1","2,1",1468
JENNY CASTRO,Puerto Rico,Ponce,2005-07-10,30.93,7,7,1,1,1468
PETER MENARD,Netherlands,Ede,2005-08-23,30.93,7,7,2,2,1468
ROGER QUINTANILLA,Taiwan,Hsichuh,2005-07-30,30.93,7,7,2,2,1468
ANTONIO MEEK,Brazil,Bag,2005-08-01,30.93,7,7,1,1,1468
STANLEY SCROGGINS,Japan,Omiya,2005-08-01,30.93,7,7,1,1,1468
RAMON CHOATE,Ecuador,Robamba,2005-07-30,30.93,7,7,"2,1","2,1",1468
KELLY KNOTT,China,Sanya,2005-08-23,30.93,7,7,2,2,1468
KATHY JAMES,Philippines,Baybay,2005-07-11,30.929999999999996,7,7,2,2,1482
LORI WOOD,India,Rae Bareli,2005-08-21,30.929999999999996,7,7,"2,1","2,1",1482
MARGIE WADE,China,Lengshuijiang,2005-07-31,30.929999999999996,7,7,2,2,1482
JASON MORRISSEY,Argentina,Baha Blanca,2005-08-02,30.929999999999996,7,7,2,2,1482
JORDAN ARCHULETA,Argentina,Avellaneda,2005-08-22,30.929999999999996,7,7,"2,1","2,1",1482
GENE SANBORN,Oman,Salala,2005-07-31,30.929999999999993,7,7,2,2,1487
MAURICE CRAWLEY,Mexico,Coatzacoalcos,2005-08-22,30.929999999999986,7,7,"2,1","2,1",1488
RACHEL BARNES,Japan,Kamakura,2005-07-11,30.92000000000001,8,8,2,2,1489
HEIDI LARSON,China,Xiangfan,2005-08-01,30.92000000000001,8,8,"2,1","2,1",1489
RUSSELL BRINSON,Poland,Tychy,2005-08-22,30.92000000000001,8,8,"1,2","1,2",1489
IVAN CROMWELL,Mexico,Monclova,2005-07-31,30.92000000000001,8,8,"1,2","1,2",1489
RUSSELL BRINSON,Poland,Tychy,2005-07-30,30.920000000000005,8,8,1,1,1493
ISAAC OGLESBY,Mexico,Cuernavaca,2005-08-01,30.920000000000005,8,8,"1,2","1,2",1493
SHIRLEY ALLEN,Philippines,Davao,2005-06-21,30.92,8,8,2,2,1495
EVELYN MORGAN,Liechtenstein,Vaduz,2005-07-12,30.92,8,8,"2,1","2,1",1495
MILDRED BAILEY,India,Jaipur,2005-08-02,30.92,8,8,1,1,1495
THELMA MURRAY,Peru,Lima,2005-07-12,30.92,8,8,1,1,1495
MELANIE ARMSTRONG,Philippines,Bayugan,2005-08-02,30.92,8,8,2,2,1495
CONSTANCE REID,Nigeria,Zaria,2005-07-29,30.92,8,8,"1,2","1,2",1495
PRISCILLA LOWE,Mexico,Salamanca,2005-08-22,30.92,8,8,2,2,1495
ERIKA PENA,Finland,Oulu,2005-08-23,30.92,8,8,1,1,1495
RANDY GAITHER,Russian Federation,Kurgan,2005-08-02,30.92,8,8,1,1,1495
TRAVIS ESTEP,Saudi Arabia,al-Qatif,2005-08-22,30.92,8,8,2,2,1495
BERNARD COLBY,India,Dhule (Dhulia),2005-08-23,30.92,8,8,1,1,1495
RAMON CHOATE,Ecuador,Robamba,2005-07-09,30.92,8,8,"2,1","2,1",1495
ROLAND SOUTH,China,Yingkou,2005-08-21,30.92,8,8,"1,2","1,2",1495
JESSIE MILAM,China,Binzhou,2005-07-31,30.92,8,8,2,2,1495
LANCE PEMBERTON,Morocco,Beni-Mellal,2005-08-02,30.92,8,8,2,2,1495
ANTHONY SCHWAB,American Samoa,Tafuna,2005-07-31,30.919999999999998,8,8,1,1,1510
JON WILES,Bolivia,El Alto,2005-08-23,30.919999999999998,8,8,1,1,1510
DARRYL ASHCRAFT,Argentina,Ezeiza,2005-08-01,30.919999999999998,8,8,2,2,1510
GEORGE LINTON,Brazil,Sorocaba,2005-08-21,30.919999999999995,8,8,"2,1","2,1",1513
JUSTIN NGO,Brazil,Santo Andr,2005-07-29,30.919999999999995,8,8,"2,1","2,1",1513
CURTIS IRBY,Canada,Richmond Hill,2005-07-11,30.919999999999995,8,8,"1,2","1,2",1513
MITCHELL WESTMORELAND,Vietnam,Nha Trang,2005-08-20,30.91999999999999,8,8,2,2,1516
AMY LOPEZ,India,Jhansi,2005-07-12,30.910000000000004,9,9,2,2,1517
VIRGINIA GREEN,France,Toulouse,2005-07-11,30.910000000000004,9,9,1,1,1517
CAROLYN PEREZ,Thailand,Pak Kret,2005-07-30,30.910000000000004,9,9,2,2,1517
JUDITH COX,China,Daxian,2005-07-11,30.910000000000004,9,9,2,2,1517
TRACY COLE,Mexico,Huixquilucan,2005-07-12,30.910000000000004,9,9,1,1,1517
GLENN PULLEN,Netherlands,Amersfoort,2005-08-02,30.910000000000004,9,9,2,2,1517
ANGEL BARCLAY,Japan,Ueda,2005-08-22,30.910000000000004,9,9,"1,2","1,2",1517
ROSS GREY,Philippines,Iligan,2005-08-01,30.910000000000004,9,9,1,1,1517
TERRANCE ROUSH,Hungary,Szkesfehrvr,2005-07-31,30.910000000000004,9,9,2,2,1517
JUDITH COX,China,Daxian,2005-08-01,30.91,9,9,2,2,1526
WENDY HARRISON,Mexico,Nezahualcyotl,2005-08-02,30.91,9,9,2,2,1526
GERTRUDE CASTILLO,Greenland,Nuuk,2005-07-10,30.91,9,9,2,2,1526
PEARL GARZA,India,Jodhpur,2005-08-22,30.91,9,9,"2,1","2,1",1526
WAYNE TRUONG,India,Gulbarga,2005-08-23,30.91,9,9,1,1,1526
BILL GAVIN,United States,Rockford,2005-06-20,30.91,9,9,2,2,1526
MAXINE SILVA,Brazil,Poos de Caldas,2005-08-21,30.909999999999997,9,9,2,2,1532
JORGE OLIVARES,Indonesia,Lhokseumawe,2005-08-23,30.90999999999999,9,9,2,2,1533
MARY SMITH,Japan,Sasebo,2005-08-02,30.90000000000001,10,10,"2,1","2,1",1534
SHARON ROBINSON,Pakistan,Mardan,2005-08-23,30.900000000000006,10,10,1,1,1535
ALICIA MILLS,India,Nagaon,2005-08-21,30.900000000000006,10,10,"1,2","1,2",1535
ERIN DUNN,Russian Federation,Ljubertsy,2005-08-02,30.9,10,10,2,2,1537
ELSIE KELLEY,Nigeria,Ikerre,2005-08-02,30.9,10,10,1,1,1537
TONYA CHAPMAN,India,Bhilwara,2005-08-23,29.95000000000001,5,5,2,2,1539
KEVIN SCHULER,Nepal,Birgunj,2005-08-20,29.95000000000001,5,5,2,2,1539
FERNANDO CHURCHILL,South Korea,Tonghae,2005-08-22,29.95000000000001,5,5,1,1,1539
MARY SMITH,Japan,Sasebo,2005-07-11,29.950000000000003,5,5,1,1,1542
DIANE COLLINS,Sudan,Omdurman,2005-07-10,29.950000000000003,5,5,"2,1","2,1",1542
TAMMY SANDERS,Taiwan,Changhwa,2005-06-21,29.950000000000003,5,5,1,1,1542
BEATRICE ARNOLD,India,Udaipur,2005-08-01,29.950000000000003,5,5,2,2,1542
MARSHA DOUGLAS,Mozambique,Beira,2005-07-11,29.950000000000003,5,5,1,1,1542
TOMMY COLLAZO,Iran,Qomsheh,2005-07-28,29.950000000000003,5,5,"1,2","1,2",1542
DAN PAINE,United Kingdom,Stockport,2005-07-29,29.950000000000003,5,5,"1,2","1,2",1542
CLAUDE HERZOG,Angola,Benguela,2005-07-31,29.950000000000003,5,5,1,1,1542
LONNIE TIRADO,Indonesia,Pangkal Pinang,2005-07-12,29.950000000000003,5,5,1,1,1542
DIANE COLLINS,Sudan,Omdurman,2005-08-22,29.95,5,5,2,2,1551
MIKE WAY,India,Valparai,2005-06-20,29.95,5,5,"1,2","1,2",1551
TRAVIS ESTEP,Saudi Arabia,al-Qatif,2005-07-11,29.95,5,5,"2,1","2,1",1551
LEE HAWKS,India,Pudukkottai,2005-07-11,29.95,5,5,1,1,1551
COREY HAUSER,Turkey,Gaziantep,2005-07-30,29.95,5,5,"1,2","1,2",1551
BYRON BOX,Kazakstan,Zhezqazghan,2005-07-31,29.95,5,5,2,2,1551
JASON MORRISSEY,Argentina,Baha Blanca,2005-08-23,29.949999999999996,5,5,"1,2","1,2",1557
ALLEN BUTTERFIELD,India,Hoshiarpur,2005-08-23,29.949999999999996,5,5,"2,1","2,1",1557
CLIFFORD BOWENS,Russian Federation,Nabereznyje Telny,2005-08-01,29.949999999999996,5,5,1,1,1557
CECIL VINES,United Kingdom,London,2005-08-21,29.949999999999996,5,5,1,1,1557
DAISY BATES,Russian Federation,Kolpino,2005-07-30,29.949999999999992,5,5,"2,1","2,1",1561
ARTHUR SIMPKINS,Russian Federation,Maikop,2005-07-29,29.949999999999992,5,5,"2,1","2,1",1561
BILLY POULIN,Philippines,Cabuyao,2005-08-19,29.94999999999999,5,5,"1,2","1,2",1563
GABRIEL HARDER,Turkey,Sivas,2005-08-21,29.940000000000012,6,6,1,1,1564
ERIK GUILLEN,India,Bhimavaram,2005-08-01,29.940000000000012,6,6,2,2,1564
CHRISTOPHER GRECO,Italy,Brescia,2005-08-22,29.94000000000001,6,6,2,2,1566
LAURA RODRIGUEZ,Morocco,Sal,2005-08-21,29.940000000000005,6,6,1,1,1567
KATHLEEN ADAMS,Iran,Arak,2005-08-21,29.940000000000005,6,6,1,1,1567
CHRISTINA RAMIREZ,Saudi Arabia,al-Hawiya,2005-08-02,29.940000000000005,6,6,1,1,1567
DIANA ALEXANDER,United States,Augusta-Richmond County,2005-07-31,29.940000000000005,6,6,"1,2","1,2",1567
PEGGY MYERS,Saudi Arabia,Abha,2005-07-31,29.940000000000005,6,6,2,2,1567
KIM CRUZ,United States,Grand Prairie,2005-07-30,29.940000000000005,6,6,1,1,1567
SYLVIA ORTIZ,Colombia,Dos Quebradas,2005-06-20,29.940000000000005,6,6,1,1,1567
ANNETTE OLSON,India,Allappuzha (Alleppey),2005-08-21,29.940000000000005,6,6,2,2,1567
GLENDA FRAZIER,China,Qinhuangdao,2005-06-20,29.940000000000005,6,6,2,2,1567
VIOLA HANSON,Philippines,Lapu-Lapu,2005-08-01,29.940000000000005,6,6,2,2,1567
TERRY CARLSON,Japan,Miyakonojo,2005-06-19,29.940000000000005,6,6,2,2,1567
JENNIE TERRY,Czech Republic,Olomouc,2005-07-10,29.940000000000005,6,6,1,1,1567
NAOMI JENNINGS,India,Karnal,2005-07-31,29.940000000000005,6,6,"1,2","1,2",1567
FRANK WAGGONER,Bangladesh,Jamalpur,2005-08-22,29.940000000000005,6,6,"1,2","1,2",1567
DOUGLAS GRAF,Mexico,Mexicali,2005-06-20,29.940000000000005,6,6,1,1,1567
RALPH MADRIGAL,Puerto Rico,Arecibo,2005-08-19,29.940000000000005,6,6,"2,1","2,1",1567
BARRY LOVELACE,Zambia,Kitwe,2005-08-21,29.940000000000005,6,6,2,2,1567
CALVIN MARTEL,Venezuela,Maracabo,2005-07-12,29.940000000000005,6,6,1,1,1567
LEO EBERT,China,Dongying,2005-08-22,29.940000000000005,6,6,2,2,1567
CORY MEEHAN,Belarus,Mogiljov,2005-08-23,29.940000000000005,6,6,1,1,1567
MATHEW BOLIN,Venezuela,Valencia,2005-07-31,29.940000000000005,6,6,1,1,1567
IVAN CROMWELL,Mexico,Monclova,2005-06-18,29.940000000000005,6,6,2,2,1567
CHERYL MURPHY,India,Mysore,2005-07-09,29.94,6,6,"2,1","2,1",1589
RITA GRAHAM,France,Toulon,2005-07-09,29.94,6,6,1,1,1589
LAUREN HUDSON,France,Le Mans,2005-07-31,29.94,6,6,"1,2","1,2",1589
CATHY SPENCER,Japan,Kakamigahara,2005-06-20,29.94,6,6,1,1,1589
MARION SNYDER,Brazil,Santa Brbara dOeste,2005-07-11,29.94,6,6,"1,2","1,2",1589
DELORES HANSEN,Russian Federation,Jaroslavl,2005-07-12,29.94,6,6,1,1,1589
MARCIA DEAN,Philippines,Tanza,2005-06-19,29.94,6,6,"1,2","1,2",1589
CASSANDRA WALTERS,United States,Salinas,2005-08-21,29.94,6,6,"1,2","1,2",1589
ERIKA PENA,Finland,Oulu,2005-08-02,29.94,6,6,"1,2","1,2",1589
ALEX GRESHAM,Mexico,Uruapan,2005-08-20,29.94,6,6,"2,1","2,1",1589
MAURICE CRAWLEY,Mexico,Coatzacoalcos,2005-07-10,29.94,6,6,2,2,1589
NEIL RENNER,Vietnam,Cam Ranh,2005-08-01,29.94,6,6,2,2,1589
MAX PITT,Yugoslavia,Novi Sad,2005-07-06,29.94,6,6,"2,1","2,1",1589
EVERETT BANDA,Egypt,Bilbays,2005-08-21,29.94,6,6,"1,2","1,2",1589
MARSHALL THORN,United Kingdom,Southampton,2005-06-21,29.94,6,6,1,1,1589
MARSHALL THORN,United Kingdom,Southampton,2005-07-09,29.94,6,6,1,1,1589
SHIRLEY ALLEN,Philippines,Davao,2005-08-01,29.939999999999998,6,6,1,1,1605
KATHY JAMES,Philippines,Baybay,2005-07-10,29.939999999999998,6,6,"1,2","1,2",1605
CHRISTY VARGAS,China,Datong,2005-06-19,29.939999999999998,6,6,1,1,1605
LEAH CURTIS,Poland,Kalisz,2005-08-01,29.939999999999998,6,6,"1,2","1,2",1605
BRANDY GRAVES,United States,Warren,2005-08-20,29.939999999999998,6,6,1,1,1605
PAUL TROUT,Russian Federation,Kursk,2005-08-23,29.939999999999998,6,6,"2,1","2,1",1605
WARREN SHERROD,Russian Federation,Usolje-Sibirskoje,2005-07-12,29.939999999999998,6,6,1,1,1605
ALVIN DELOACH,Mexico,Cuauhtmoc,2005-07-28,29.939999999999998,6,6,"1,2","1,2",1605
JULIO NOLAND,Ukraine,Konotop,2005-08-20,29.939999999999998,6,6,1,1,1605
CLARA SHAW,Belarus,Molodetno,2005-08-19,29.939999999999994,6,6,"1,2","1,2",1614
LINDA WILLIAMS,Greece,Athenai,2005-08-23,29.939999999999984,6,6,1,1,1615
JULIE SANCHEZ,Spain,A Corua (La Corua),2005-08-22,29.930000000000007,7,7,"2,1","2,1",1616
EMILY DIAZ,South Korea,Kimchon,2005-08-02,29.930000000000007,7,7,2,2,1616
JUNE CARROLL,Algeria,Skikda,2005-07-30,29.930000000000007,7,7,2,2,1616
WILLIE HOWELL,Argentina,Vicente Lpez,2005-08-02,29.930000000000007,7,7,1,1,1616
BESSIE MORRISON,Italy,Syrakusa,2005-07-31,29.930000000000007,7,7,2,2,1616
MABEL HOLLAND,Myanmar,Monywa,2005-08-21,29.930000000000007,7,7,2,2,1616
MARSHA DOUGLAS,Mozambique,Beira,2005-08-19,29.930000000000007,7,7,"2,1","2,1",1616
JERRY JORDON,Japan,Onomichi,2005-08-02,29.930000000000007,7,7,2,2,1616
HARRY ARCE,Iran,Najafabad,2005-07-12,29.930000000000007,7,7,1,1,1616
JULIAN VEST,Japan,Akishima,2005-08-01,29.930000000000007,7,7,1,1,1616
JANICE WARD,Sweden,Malm,2005-06-21,29.930000000000003,7,7,"1,2","1,2",1626
JANICE WARD,Sweden,Malm,2005-07-10,29.930000000000003,7,7,2,2,1626
CHRISTINA RAMIREZ,Saudi Arabia,al-Hawiya,2005-08-22,29.930000000000003,7,7,2,2,1626
THELMA MURRAY,Peru,Lima,2005-07-11,29.930000000000003,7,7,"2,1","2,1",1626
TERRI VASQUEZ,Brazil,Blumenau,2005-08-02,29.930000000000003,7,7,"2,1","2,1",1626
WILMA RICHARDS,United States,Bellevue,2005-08-23,29.930000000000003,7,7,"1,2","1,2",1626
GINA WILLIAMSON,Yemen,Taizz,2005-06-20,29.930000000000003,7,7,"1,2","1,2",1626
SHERRI RHODES,India,Ahmadnagar,2005-08-20,29.930000000000003,7,7,"2,1","2,1",1626
SHAWN HEATON,Thailand,Nakhon Sawan,2005-07-31,29.930000000000003,7,7,1,1,1626
ANNA HILL,Italy,Alessandria,2005-08-22,29.93,7,7,"1,2","1,2",1635
STEPHANIE MITCHELL,Armenia,Yerevan,2005-07-28,29.93,7,7,"2,1","2,1",1635
NATALIE MEYER,Brazil,Aparecida de Goinia,2005-08-23,29.93,7,7,2,2,1635
LILLIE KIM,Egypt,Idfu,2005-08-01,29.93,7,7,1,1,1635
HILDA HOPKINS,Philippines,Mandaluyong,2005-08-02,29.93,7,7,1,1,1635
PENNY NEAL,India,Kumbakonam,2005-08-02,29.93,7,7,1,1,1635
ANTHONY SCHWAB,American Samoa,Tafuna,2005-07-29,29.93,7,7,"2,1","2,1",1635
BRANDON HUEY,Turkey,Balikesir,2005-07-11,29.93,7,7,1,1,1635
JESSE SCHILLING,"Congo, The Democratic Republic of the",Lubumbashi,2005-08-20,29.93,7,7,2,2,1635
BRAD MCCURDY,Taiwan,Chungho,2005-07-09,29.93,7,7,1,1,1635
TRACY HERRMANN,Ecuador,Loja,2005-08-01,29.93,7,7,2,2,1635
SETH HANNON,Bahrain,al-Manama,2005-08-01,29.93,7,7,1,1,1635
FREDDIE DUGGAN,Peru,Sullana,2005-08-23,29.93,7,7,1,1,1635
TINA SIMMONS,Brazil,Goinia,2005-08-02,29.929999999999996,7,7,2,2,1648
BECKY MILES,India,Tambaram,2005-08-01,29.929999999999996,7,7,2,2,1648
DAVID ROYAL,Peru,Callao,2005-07-11,29.929999999999996,7,7,2,2,1648
RONALD WEINER,Mexico,San Felipe del Progreso,2005-08-20,29.929999999999993,7,7,1,1,1651
THEODORE CULP,India,Uluberia,2005-07-29,29.929999999999993,7,7,"2,1","2,1",1651
TRACY COLE,Mexico,Huixquilucan,2005-07-10,29.920000000000005,8,8,"1,2","1,2",1653
MEGAN PALMER,China,Laiwu,2005-08-23,29.920000000000005,8,8,"1,2","1,2",1653
TAMARA NGUYEN,Brazil,Anpolis,2005-07-12,29.920000000000005,8,8,"2,1","2,1",1653
FRANCISCO SKIDMORE,Brazil,So Leopoldo,2005-08-23,29.920000000000005,8,8,1,1,1653
JUDY GRAY,Algeria,Bchar,2005-08-21,29.92,8,8,2,2,1657
EMILY DIAZ,South Korea,Kimchon,2005-07-10,29.92,8,8,1,1,1657
WENDY HARRISON,Mexico,Nezahualcyotl,2005-08-01,29.92,8,8,2,2,1657
KATIE ELLIOTT,Kenya,Kisumu,2005-08-22,29.92,8,8,"1,2","1,2",1657
CARLA GUTIERREZ,India,Bhusawal,2005-07-31,29.92,8,8,2,2,1657
GERTRUDE CASTILLO,Greenland,Nuuk,2005-07-09,29.92,8,8,"2,1","2,1",1657
JOY GEORGE,Romania,Botosani,2005-08-21,29.92,8,8,1,1,1657
LOUIS LEONE,Philippines,Tanauan,2005-07-30,29.92,8,8,"2,1","2,1",1657
TODD TAN,Ukraine,Kamjanets-Podilskyi,2005-08-02,29.92,8,8,2,2,1657
BRYAN HARDISON,United States,Dallas,2005-08-01,29.92,8,8,"1,2","1,2",1657
ALVIN DELOACH,Mexico,Cuauhtmoc,2005-08-22,29.92,8,8,1,1,1657
KRISTINA CHAMBERS,Venezuela,Valle de la Pascua,2005-08-01,29.919999999999998,8,8,1,1,1668
ROGER QUINTANILLA,Taiwan,Hsichuh,2005-08-20,29.919999999999995,8,8,"2,1","2,1",1669
JANICE WARD,Sweden,Malm,2005-08-22,29.910000000000004,9,9,2,2,1670
HEIDI LARSON,China,Xiangfan,2005-07-11,29.910000000000004,9,9,"1,2","1,2",1670
NICHOLAS BARFIELD,Brazil,Belm,2005-07-31,29.910000000000004,9,9,1,1,1670
PHILLIP HOLM,Japan,Tama,2005-08-01,29.910000000000004,9,9,1,1,1670
PHILIP CAUSEY,Russian Federation,Korolev,2005-08-22,29.910000000000004,9,9,"1,2","1,2",1670
SHANE MILLARD,Mexico,La Paz,2005-08-01,29.910000000000004,9,9,"2,1","2,1",1670
DAVE GARDINER,China,Leshan,2005-08-02,29.910000000000004,9,9,"2,1","2,1",1670
MELISSA KING,Taiwan,Lungtan,2005-08-23,29.900000000000002,10,10,"1,2","1,2",1677
FELICIA SUTTON,China,Korla,2005-07-11,29.900000000000002,10,10,"2,1","2,1",1677
BESSIE MORRISON,Italy,Syrakusa,2005-07-10,28.95000000000001,5,5,2,2,1679
LEE HAWKS,India,Pudukkottai,2005-08-21,28.95000000000001,5,5,1,1,1679
MARIA MILLER,Yugoslavia,Kragujevac,2005-07-09,28.950000000000003,5,5,1,1,1681
DEBORAH WALKER,Pakistan,Shikarpur,2005-06-20,28.950000000000003,5,5,1,1,1681
ANN EVANS,Russian Federation,Niznekamsk,2005-08-01,28.950000000000003,5,5,2,2,1681
KATHRYN COLEMAN,Ukraine,Simferopol,2005-07-12,28.950000000000003,5,5,2,2,1681
RHONDA KENNEDY,Netherlands,Apeldoorn,2005-07-08,28.950000000000003,5,5,2,2,1681
LESLIE GORDON,Turkey,Kilis,2005-07-11,28.950000000000003,5,5,2,2,1681
CLARA SHAW,Belarus,Molodetno,2005-07-09,28.950000000000003,5,5,2,2,1681
VALERIE BLACK,United States,Brockton,2005-08-01,28.950000000000003,5,5,2,2,1681
ERIN DUNN,Russian Federation,Ljubertsy,2005-08-19,28.950000000000003,5,5,2,2,1681
ARLENE HARVEY,India,Ambattur,2005-07-09,28.950000000000003,5,5,1,1,1681
MINNIE ROMERO,Indonesia,Ciomas,2005-05-31,28.950000000000003,5,5,"1,2","1,2",1681
MARLENE WELCH,Japan,Iwaki,2005-07-28,28.950000000000003,5,5,1,1,1681
MAE FLETCHER,Spain,Donostia-San Sebastin,2005-06-20,28.950000000000003,5,5,2,2,1681
CARL ARTIS,Paraguay,San Lorenzo,2005-08-23,28.950000000000003,5,5,1,1,1681
BRYAN HARDISON,United States,Dallas,2005-07-12,28.950000000000003,5,5,2,2,1681
NATHAN RUNYON,"Virgin Islands, U.S.",Charlotte Amalie,2005-07-28,28.950000000000003,5,5,2,2,1681
DALE RATCLIFF,South Africa,Rustenburg,2005-07-28,28.950000000000003,5,5,"2,1","2,1",1681
CHESTER BENNER,China,Suihua,2005-08-22,28.950000000000003,5,5,1,1,1681
KARL SEAL,United States,Cape Coral,2005-08-19,28.950000000000003,5,5,2,2,1681
NEIL RENNER,Vietnam,Cam Ranh,2005-08-19,28.950000000000003,5,5,"2,1","2,1",1681
MARSHALL THORN,United Kingdom,Southampton,2005-06-20,28.950000000000003,5,5,2,2,1681
KAREN JACKSON,Turkey,Osmaniye,2005-07-30,28.95,5,5,2,2,1702
DANA HART,Russian Federation,Kirovo-Tepetsk,2005-07-29,28.95,5,5,1,1,1702
VERA MCCOY,Afghanistan,Kabul,2005-07-31,28.95,5,5,"2,1","2,1",1702
TRACEY BARRETT,Nigeria,Owo,2005-08-19,28.95,5,5,"1,2","1,2",1702
MIGUEL BETANCOURT,Germany,Erlangen,2005-08-19,28.95,5,5,"1,2","1,2",1702
LEO EBERT,China,Dongying,2005-06-21,28.95,5,5,2,2,1702
RAFAEL ABNEY,Philippines,Talavera,2005-07-12,28.95,5,5,1,1,1702
DOROTHY TAYLOR,Iran,Esfahan,2005-08-01,28.949999999999996,5,5,2,2,1709
GLENDA FRAZIER,China,Qinhuangdao,2005-08-19,28.94999999999999,5,5,1,1,1710
WESLEY BULL,Spain,Ourense (Orense),2005-07-29,28.940000000000012,6,6,2,2,1711
BESSIE MORRISON,Italy,Syrakusa,2005-07-30,28.94000000000001,6,6,1,1,1712
SONIA GREGORY,Nigeria,Benin City,2005-08-22,28.94000000000001,6,6,"1,2","1,2",1712
JANICE WARD,Sweden,Malm,2005-07-08,28.940000000000005,6,6,2,2,1714
CHRISTINA RAMIREZ,Saudi Arabia,al-Hawiya,2005-08-20,28.940000000000005,6,6,2,2,1714
GLADYS HAMILTON,Nigeria,Ilorin,2005-07-08,28.940000000000005,6,6,2,2,1714
JEANNE LAWSON,Turkmenistan,Ashgabat,2005-08-02,28.940000000000005,6,6,1,1,1714
COURTNEY DAY,South Korea,Uijongbu,2005-05-30,28.940000000000005,6,6,2,2,1714
STELLA MORENO,Mexico,Coacalco de Berriozbal,2005-08-20,28.940000000000005,6,6,1,1,1714
THOMAS GRIGSBY,United States,Kansas City,2005-08-20,28.940000000000005,6,6,1,1,1714
LUIS YANEZ,France,Brest,2005-07-09,28.940000000000005,6,6,2,2,1714
STANLEY SCROGGINS,Japan,Omiya,2005-07-10,28.940000000000005,6,6,1,1,1714
BERNARD COLBY,India,Dhule (Dhulia),2005-07-31,28.940000000000005,6,6,1,1,1714
BRETT CORNWELL,India,Siliguri (Shiliguri),2005-08-23,28.940000000000005,6,6,1,1,1714
BARBARA JONES,Myanmar,Myingyan,2005-08-20,28.94,6,6,1,1,1725
EVELYN MORGAN,Liechtenstein,Vaduz,2005-08-23,28.94,6,6,2,2,1725
DEBBIE REYES,Japan,Fukuyama,2005-07-31,28.94,6,6,"1,2","1,2",1725
DANA HART,Russian Federation,Kirovo-Tepetsk,2005-07-12,28.94,6,6,1,1,1725
MELINDA FERNANDEZ,Pakistan,Mandi Bahauddin,2005-08-23,28.94,6,6,"2,1","2,1",1725
PATSY DAVIDSON,Ecuador,Portoviejo,2005-08-22,28.94,6,6,2,2,1725
RAYMOND MCWHORTER,Azerbaijan,Sumqayit,2005-07-10,28.94,6,6,"2,1","2,1",1725
DENNIS GILMAN,South Africa,Paarl,2005-06-18,28.94,6,6,1,1,1725
GLENN PULLEN,Netherlands,Amersfoort,2005-08-23,28.94,6,6,1,1,1725
HERBERT KRUGER,Russian Federation,Syktyvkar,2005-07-31,28.94,6,6,"1,2","1,2",1725
RONNIE RICKETTS,Senegal,Ziguinchor,2005-08-21,28.94,6,6,2,2,1725
DUANE TUBBS,Nauru,Yangor,2005-08-20,28.94,6,6,1,1,1725
LORI WOOD,India,Rae Bareli,2005-07-30,28.939999999999998,6,6,"2,1","2,1",1737
JACQUELINE LONG,Thailand,Songkhla,2005-07-10,28.939999999999998,6,6,1,1,1737
JULIA FLORES,Argentina,La Plata,2005-07-09,28.939999999999998,6,6,"2,1","2,1",1737
AMBER DIXON,Taiwan,Touliu,2005-07-10,28.939999999999998,6,6,1,1,1737
VALERIE BLACK,United States,Brockton,2005-07-09,28.939999999999998,6,6,1,1,1737
DAVID ROYAL,Peru,Callao,2005-07-10,28.939999999999998,6,6,"1,2","1,2",1737
RICHARD MCCRARY,United States,Arlington,2005-08-02,28.939999999999998,6,6,"2,1","2,1",1737
MIKE WAY,India,Valparai,2005-07-11,28.939999999999998,6,6,"1,2","1,2",1737
COREY HAUSER,Turkey,Gaziantep,2005-08-23,28.939999999999998,6,6,2,2,1737
HUGH WALDROP,China,Haining,2005-07-30,28.939999999999998,6,6,"2,1","2,1",1737
EVERETT BANDA,Egypt,Bilbays,2005-07-12,28.939999999999998,6,6,1,1,1737
WALLACE SLONE,Nigeria,Sokoto,2005-08-22,28.939999999999998,6,6,1,1,1737
ALFREDO MCADAMS,Russian Federation,Serpuhov,2005-08-23,28.939999999999998,6,6,2,2,1737
ETHEL WEBB,South Africa,Boksburg,2005-08-21,28.930000000000014,7,7,2,2,1750
CASEY MENA,Turkey,Tokat,2005-08-21,28.93000000000001,7,7,1,1,1751
MICHELLE CLARK,Bangladesh,Tangail,2005-08-19,28.930000000000007,7,7,"1,2","1,2",1752
DANA HART,Russian Federation,Kirovo-Tepetsk,2005-08-23,28.930000000000007,7,7,1,1,1752
VICKI FIELDS,Germany,Witten,2005-08-22,28.930000000000007,7,7,1,1,1752
JEFFREY SPEAR,Indonesia,Ciparay,2005-08-21,28.930000000000007,7,7,"2,1","2,1",1752
FRANCISCO SKIDMORE,Brazil,So Leopoldo,2005-08-22,28.930000000000007,7,7,"1,2","1,2",1752
GABRIEL HARDER,Turkey,Sivas,2005-07-28,28.930000000000007,7,7,"1,2","1,2",1752
SALLY PIERCE,India,Chandrapur,2005-08-22,28.930000000000003,7,7,1,1,1758
LUCY WHEELER,India,Balurghat,2005-07-12,28.930000000000003,7,7,1,1,1758
EDWARD BAUGH,Faroe Islands,Trshavn,2005-08-21,28.930000000000003,7,7,2,2,1758
RALPH MADRIGAL,Puerto Rico,Arecibo,2005-07-12,28.930000000000003,7,7,"1,2","1,2",1758
EDDIE TOMLIN,Philippines,Ozamis,2005-06-20,28.930000000000003,7,7,"1,2","1,2",1758
ALEXANDER FENNELL,Italy,Bergamo,2005-07-12,28.930000000000003,7,7,"1,2","1,2",1758
TED BREAUX,China,Baicheng,2005-07-11,28.930000000000003,7,7,"2,1","2,1",1758
MELISSA KING,Taiwan,Lungtan,2005-07-30,28.93,7,7,2,2,1765
AMANDA CARTER,Morocco,Nador,2005-07-31,28.93,7,7,"2,1","2,1",1765
DIANA ALEXANDER,United States,Augusta-Richmond County,2005-08-21,28.93,7,7,1,1,1765
FLORENCE WOODS,Argentina,Merlo,2005-07-12,28.93,7,7,1,1,1765
STACY CUNNINGHAM,Colombia,Pereira,2005-08-22,28.93,7,7,1,1,1765
CHARLENE ALVAREZ,Tanzania,Zanzibar,2005-08-20,28.93,7,7,2,2,1765
OLGA JIMENEZ,Nigeria,Ogbomosho,2005-06-21,28.93,7,7,"1,2","1,2",1765
MARK RINEHART,Saudi Arabia,Tabuk,2005-08-23,28.93,7,7,1,1,1765
WALTER PERRYMAN,China,Xinxiang,2005-08-02,28.93,7,7,2,2,1765
RYAN SALISBURY,Latvia,Daugavpils,2005-07-30,28.93,7,7,1,1,1765
VICTOR BARKLEY,United States,Manchester,2005-08-01,28.93,7,7,2,2,1765
JON WILES,Bolivia,El Alto,2005-08-21,28.93,7,7,"1,2","1,2",1765
LESLIE SEWARD,Indonesia,Pontianak,2005-05-31,28.93,7,7,"1,2","1,2",1765
JAVIER ELROD,Chad,NDjamna,2005-08-18,28.93,7,7,"2,1","2,1",1765
JAIME NETTLES,Peru,Hunuco,2005-08-19,28.93,7,7,"2,1","2,1",1765
SIDNEY BURLESON,Poland,Czestochowa,2005-07-31,28.93,7,7,2,2,1765
ANGELA HERNANDEZ,Japan,Shimonoseki,2005-08-19,28.929999999999996,7,7,"2,1","2,1",1781
VIOLET RODRIQUEZ,Hong Kong,Kowloon and New Kowloon,2005-08-19,28.929999999999996,7,7,2,2,1781
DENNIS GILMAN,South Africa,Paarl,2005-08-22,28.929999999999996,7,7,2,2,1781
BRANDON HUEY,Turkey,Balikesir,2005-07-29,28.929999999999996,7,7,2,2,1781
CLINTON BUFORD,United States,Aurora,2005-08-23,28.929999999999993,7,7,1,1,1785
ESTHER CRAWFORD,South Africa,Botshabelo,2005-08-02,28.92000000000001,8,8,2,2,1786
LUCY WHEELER,India,Balurghat,2005-08-01,28.920000000000005,8,8,2,2,1787
CLARENCE GAMEZ,Japan,Izumisano,2005-08-02,28.920000000000005,8,8,"1,2","1,2",1787
GLENN PULLEN,Netherlands,Amersfoort,2005-08-01,28.920000000000005,8,8,1,1,1787
LEROY BUSTAMANTE,China,Tongliao,2005-07-31,28.920000000000005,8,8,"2,1","2,1",1787
SUSAN WILSON,New Zealand,Hamilton,2005-07-11,28.92,8,8,1,1,1791
MEGAN PALMER,China,Laiwu,2005-08-01,28.92,8,8,1,1,1791
MATTHEW MAHAN,Mexico,Cuautla,2005-07-30,28.92,8,8,1,1,1791
LARRY THRASHER,Turkey,Adana,2005-08-22,28.92,8,8,"1,2","1,2",1791
ALEXANDER FENNELL,Italy,Bergamo,2005-08-02,28.92,8,8,"1,2","1,2",1791
ADRIAN CLARY,Italy,Udine,2005-08-02,28.92,8,8,2,2,1791
ERICA MATTHEWS,China,Pingxiang,2005-08-23,28.919999999999998,8,8,2,2,1797
MINNIE ROMERO,Indonesia,Ciomas,2005-08-20,28.919999999999998,8,8,2,2,1797
JUAN FRALEY,Russian Federation,Teboksary,2005-08-23,28.919999999999998,8,8,"2,1","2,1",1797
CLIFFORD BOWENS,Russian Federation,Nabereznyje Telny,2005-08-23,28.919999999999995,8,8,"1,2","1,2",1800
LOIS BUTLER,Brunei,Bandar Seri Begawan,2005-08-23,28.910000000000007,9,9,"1,2","1,2",1801
WENDY HARRISON,Mexico,Nezahualcyotl,2005-07-12,28.910000000000004,9,9,1,1,1802
ROSEMARY SCHMIDT,Turkey,Usak,2005-07-12,28.910000000000004,9,9,"2,1","2,1",1802
TRACEY BARRETT,Nigeria,Owo,2005-07-30,28.910000000000004,9,9,"1,2","1,2",1802
FRANK WAGGONER,Bangladesh,Jamalpur,2005-06-21,28.910000000000004,9,9,2,2,1802
SCOTT SHELLEY,United States,Aurora,2005-07-12,28.910000000000004,9,9,"1,2","1,2",1802
DUSTIN GILLETTE,Netherlands,Emmen,2005-07-12,28.909999999999997,9,9,1,1,1807
HAROLD MARTINO,Brazil,Boa Vista,2005-08-02,28.900000000000002,10,10,2,2,1808
EDGAR RHOADS,Turkey,Eskisehir,2005-07-12,28.9,10,10,1,1,1809
EVERETT BANDA,Egypt,Bilbays,2005-08-02,28.899999999999995,10,10,2,2,1810
THERESA WATSON,Philippines,Taguig,2005-08-20,28.89,11,11,"2,1","2,1",1811
WESLEY BULL,Spain,Ourense (Orense),2005-07-28,27.950000000000014,5,5,"2,1","2,1",1812
MARLENE WELCH,Japan,Iwaki,2005-08-20,27.95000000000001,5,5,1,1,1813
JOHN FARNSWORTH,India,Parbhani,2005-07-29,27.95000000000001,5,5,1,1,1813
JEAN BELL,Malaysia,Kuching,2005-08-20,27.950000000000006,5,5,"1,2","1,2",1815
SARAH LEWIS,Latvia,Liepaja,2005-07-30,27.950000000000003,5,5,2,2,1816
JACQUELINE LONG,Thailand,Songkhla,2005-07-30,27.950000000000003,5,5,2,2,1816
RITA GRAHAM,France,Toulon,2005-07-08,27.950000000000003,5,5,"2,1","2,1",1816
THELMA MURRAY,Peru,Lima,2005-07-09,27.950000000000003,5,5,2,2,1816
GAIL KNIGHT,Switzerland,Bern,2005-06-21,27.950000000000003,5,5,2,2,1816
MARIAN MENDOZA,Brazil,Maring,2005-08-23,27.950000000000003,5,5,1,1,1816
GARY COY,China,Yuzhou,2005-07-31,27.950000000000003,5,5,1,1,1816
JOE GILLILAND,Philippines,Imus,2005-08-21,27.950000000000003,5,5,2,2,1816
GLENN PULLEN,Netherlands,Amersfoort,2005-08-22,27.950000000000003,5,5,"1,2","1,2",1816
JEFF EAST,Dominican Republic,San Felipe de Puerto Plata,2005-07-31,27.950000000000003,5,5,1,1,1816
ALFRED CASILLAS,Egypt,Sawhaj,2005-06-20,27.950000000000003,5,5,1,1,1816
GORDON ALLARD,Yemen,Hodeida,2005-07-08,27.950000000000003,5,5,2,2,1816
GORDON ALLARD,Yemen,Hodeida,2005-08-18,27.950000000000003,5,5,"2,1","2,1",1816
SAM MCDUFFIE,Colombia,Sogamoso,2005-08-02,27.950000000000003,5,5,1,1,1816
ANDRE RAPP,Chile,Coquimbo,2005-08-18,27.950000000000003,5,5,"2,1","2,1",1816
ARNOLD HAVENS,Philippines,Santa Rosa,2005-07-09,27.950000000000003,5,5,2,2,1816
JARED ELY,Indonesia,Purwakarta,2005-07-12,27.950000000000003,5,5,2,2,1816
JESSIE MILAM,China,Binzhou,2005-07-12,27.950000000000003,5,5,2,2,1816
JIMMIE EGGLESTON,Poland,Wroclaw,2005-06-21,27.950000000000003,5,5,2,2,1816
WALLACE SLONE,Nigeria,Sokoto,2005-07-12,27.950000000000003,5,5,1,1,1816
CLIFTON MALCOLM,Taiwan,Tanshui,2005-07-28,27.950000000000003,5,5,"2,1","2,1",1816
PERRY SWAFFORD,Argentina,Quilmes,2005-07-10,27.950000000000003,5,5,2,2,1816
TERRANCE ROUSH,Hungary,Szkesfehrvr,2005-07-07,27.950000000000003,5,5,1,1,1816
MARK RINEHART,Saudi Arabia,Tabuk,2005-07-30,27.95,5,5,1,1,1839
LEON BOSTIC,Colombia,Florencia,2005-07-12,27.95,5,5,1,1,1839
VIRGINIA GREEN,France,Toulouse,2005-07-31,27.949999999999996,5,5,1,1,1841
PRISCILLA LOWE,Mexico,Salamanca,2005-07-10,27.949999999999996,5,5,1,1,1841
LESLIE SEWARD,Indonesia,Pontianak,2005-06-19,27.949999999999996,5,5,"1,2","1,2",1841
RAUL FORTIER,India,Chapra,2005-08-01,27.949999999999996,5,5,1,1,1841
SALVADOR TEEL,Gambia,Banjul,2005-08-19,27.949999999999996,5,5,1,1,1841
JEFFERY PINSON,Pakistan,Dadu,2005-08-22,27.949999999999992,5,5,1,1,1846
SONIA GREGORY,Nigeria,Benin City,2005-07-31,27.94000000000001,6,6,1,1,1847
PAMELA BAKER,China,Nanyang,2005-08-20,27.940000000000005,6,6,"2,1","2,1",1848
CATHERINE CAMPBELL,Russian Federation,Moscow,2005-06-21,27.940000000000005,6,6,2,2,1848
PAULINE HENRY,Mexico,Torren,2005-07-11,27.940000000000005,6,6,1,1,1848
GERALDINE PERKINS,Israel,Tel Aviv-Jaffa,2005-07-12,27.940000000000005,6,6,2,2,1848
BEATRICE ARNOLD,India,Udaipur,2005-08-21,27.940000000000005,6,6,2,2,1848
VIVIAN RUIZ,Netherlands,s-Hertogenbosch,2005-08-19,27.940000000000005,6,6,1,1,1848
CARLA GUTIERREZ,India,Bhusawal,2005-08-22,27.940000000000005,6,6,1,1,1848
WILLIE HOWELL,Argentina,Vicente Lpez,2005-07-10,27.940000000000005,6,6,2,2,1848
LILLIE KIM,Egypt,Idfu,2005-07-11,27.940000000000005,6,6,1,1,1848
STELLA MORENO,Mexico,Coacalco de Berriozbal,2005-07-10,27.940000000000005,6,6,1,1,1848
MICHAEL SILVERMAN,China,Tiefa,2005-08-21,27.940000000000005,6,6,"1,2","1,2",1848
CHRISTOPHER GRECO,Italy,Brescia,2005-07-29,27.940000000000005,6,6,1,1,1848
DANIEL CABRAL,Brazil,Ibirit,2005-06-19,27.940000000000005,6,6,1,1,1848
RALPH MADRIGAL,Puerto Rico,Arecibo,2005-07-29,27.940000000000005,6,6,2,2,1848
MARTIN BALES,Angola,Namibe,2005-06-20,27.940000000000005,6,6,1,1,1848
CHRIS BROTHERS,Spain,Gijn,2005-07-10,27.940000000000005,6,6,1,1,1848
GLEN TALBERT,Mexico,Acua,2005-08-02,27.940000000000005,6,6,2,2,1848
RICK MATTOX,Egypt,Mit Ghamr,2005-06-20,27.940000000000005,6,6,2,2,1848
ANGEL BARCLAY,Japan,Ueda,2005-07-12,27.940000000000005,6,6,1,1,1848
MARY SMITH,Japan,Sasebo,2005-06-18,27.94,6,6,"1,2","1,2",1867
CATHERINE CAMPBELL,Russian Federation,Moscow,2005-06-20,27.94,6,6,2,2,1867
KIM CRUZ,United States,Grand Prairie,2005-08-23,27.94,6,6,1,1,1867
JEANNE LAWSON,Turkmenistan,Ashgabat,2005-06-19,27.94,6,6,2,2,1867
CASSANDRA WALTERS,United States,Salinas,2005-08-02,27.94,6,6,1,1,1867
FRED WHEAT,Mexico,Jurez,2005-07-10,27.94,6,6,2,2,1867
RANDY GAITHER,Russian Federation,Kurgan,2005-07-08,27.94,6,6,1,1,1867
HOWARD FORTNER,Iran,Kermanshah,2005-07-31,27.94,6,6,1,1,1867
LEON BOSTIC,Colombia,Florencia,2005-08-19,27.94,6,6,"1,2","1,2",1867
JAMIE WAUGH,Japan,Kuwana,2005-07-12,27.94,6,6,1,1,1867
MELISSA KING,Taiwan,Lungtan,2005-07-09,27.939999999999998,6,6,"2,1","2,1",1877
AMY LOPEZ,India,Jhansi,2005-07-30,27.939999999999998,6,6,2,2,1877
CINDY FISHER,Venezuela,Cuman,2005-06-20,27.939999999999998,6,6,"2,1","2,1",1877
APRIL BURNS,United Kingdom,Dundee,2005-07-30,27.939999999999998,6,6,1,1,1877
MICHELE GRANT,China,Yuncheng,2005-07-30,27.939999999999998,6,6,2,2,1877
MARION SNYDER,Brazil,Santa Brbara dOeste,2005-06-18,27.939999999999998,6,6,1,1,1877
GINA WILLIAMSON,Yemen,Taizz,2005-07-12,27.939999999999998,6,6,2,2,1877
GEORGIA JACOBS,India,Uttarpara-Kotrung,2005-08-20,27.939999999999998,6,6,"2,1","2,1",1877
GWENDOLYN MAY,Japan,Higashiosaka,2005-08-01,27.939999999999998,6,6,2,2,1877
JOSHUA MARK,India,Rampur,2005-07-31,27.939999999999998,6,6,1,1,1877
ROGER QUINTANILLA,Taiwan,Hsichuh,2005-07-29,27.939999999999998,6,6,"1,2","1,2",1877
ANTONIO MEEK,Brazil,Bag,2005-07-31,27.939999999999998,6,6,1,1,1877
STANLEY SCROGGINS,Japan,Omiya,2005-07-31,27.939999999999998,6,6,2,2,1877
CHARLIE BESS,China,Baiyin,2005-07-30,27.939999999999998,6,6,1,1,1877
EDUARDO HIATT,China,Jining,2005-07-12,27.939999999999998,6,6,1,1,1877
FRANCES PARKER,Brazil,Juazeiro do Norte,2005-08-02,27.939999999999994,6,6,"1,2","1,2",1892
ESTHER CRAWFORD,South Africa,Botshabelo,2005-08-01,27.93000000000001,7,7,"2,1","2,1",1893
HEIDI LARSON,China,Xiangfan,2005-08-22,27.93000000000001,7,7,"1,2","1,2",1893
KIMBERLY LEE,Argentina,Crdoba,2005-08-22,27.930000000000007,7,7,2,2,1895
DEBORAH WALKER,Pakistan,Shikarpur,2005-08-01,27.930000000000007,7,7,1,1,1895
MICHELE GRANT,China,Yuncheng,2005-08-23,27.930000000000007,7,7,1,1,1895
JEANETTE GREENE,Russian Federation,Novoterkassk,2005-08-01,27.930000000000007,7,7,2,2,1895
MARCIA DEAN,Philippines,Tanza,2005-07-29,27.930000000000007,7,7,1,1,1895
CLARENCE GAMEZ,Japan,Izumisano,2005-07-12,27.930000000000007,7,7,1,1,1895
SHANE MILLARD,Mexico,La Paz,2005-08-23,27.930000000000007,7,7,2,2,1895
KARL SEAL,United States,Cape Coral,2005-06-19,27.930000000000007,7,7,1,1,1895
JOAN COOPER,United States,Saint Louis,2005-08-23,27.930000000000003,7,7,1,1,1903
TAMARA NGUYEN,Brazil,Anpolis,2005-08-23,27.930000000000003,7,7,"1,2","1,2",1903
CLAUDIA FULLER,Kuwait,Jalib al-Shuyukh,2005-08-22,27.930000000000003,7,7,"2,1","2,1",1903
FRANK WAGGONER,Bangladesh,Jamalpur,2005-07-30,27.930000000000003,7,7,"2,1","2,1",1903
JIMMY SCHRADER,Russian Federation,Atinsk,2005-07-11,27.930000000000003,7,7,2,2,1903
BRYAN HARDISON,United States,Dallas,2005-08-23,27.930000000000003,7,7,2,2,1903
NORMAN CURRIER,Indonesia,Cianjur,2005-08-23,27.930000000000003,7,7,1,1,1903
LEE HAWKS,India,Pudukkottai,2005-07-31,27.930000000000003,7,7,2,2,1903
GILBERT SLEDGE,United Kingdom,York,2005-07-09,27.930000000000003,7,7,1,1,1903
CECIL VINES,United Kingdom,London,2005-08-01,27.930000000000003,7,7,2,2,1903
KATHRYN COLEMAN,Ukraine,Simferopol,2005-08-23,27.93,7,7,2,2,1913
LILLIAN GRIFFIN,United Arab Emirates,al-Ayn,2005-07-31,27.93,7,7,1,1,1913
EDNA WEST,South Africa,Klerksdorp,2005-05-31,27.93,7,7,1,1,1913
SYLVIA ORTIZ,Colombia,Dos Quebradas,2005-08-01,27.93,7,7,2,2,1913
SHANNON FREEMAN,India,Varanasi (Benares),2005-08-23,27.93,7,7,"2,1","2,1",1913
GERALDINE PERKINS,Israel,Tel Aviv-Jaffa,2005-08-22,27.93,7,7,"1,2","1,2",1913
MELANIE ARMSTRONG,Philippines,Bayugan,2005-08-01,27.93,7,7,"2,1","2,1",1913
ELSIE KELLEY,Nigeria,Ikerre,2005-08-18,27.93,7,7,2,2,1913
KRISTIN JOHNSTON,United States,Sunnyvale,2005-08-20,27.93,7,7,1,1,1913
MINNIE ROMERO,Indonesia,Ciomas,2005-08-01,27.93,7,7,1,1,1913
KRISTINA CHAMBERS,Venezuela,Valle de la Pascua,2005-07-31,27.93,7,7,2,2,1913
TIMOTHY BUNN,Brazil,Braslia,2005-08-01,27.93,7,7,"2,1","2,1",1913
TRAVIS ESTEP,Saudi Arabia,al-Qatif,2005-08-21,27.93,7,7,"2,1","2,1",1913
MELVIN ELLINGTON,China,Laohekou,2005-08-20,27.93,7,7,2,2,1913
HERMAN DEVORE,Tanzania,Mwanza,2005-08-20,27.93,7,7,"2,1","2,1",1913
KELLY KNOTT,China,Sanya,2005-07-12,27.93,7,7,"2,1","2,1",1913
MORRIS MCCARTER,Taiwan,Fengshan,2005-08-23,27.93,7,7,1,1,1913
AUSTIN CINTRON,China,Tieli,2005-08-23,27.93,7,7,2,2,1913
SARA PERRY,Mexico,Atlixco,2005-08-22,27.929999999999996,7,7,1,1,1931
ALLISON STANLEY,Cambodia,Phnom Penh,2005-07-08,27.929999999999996,7,7,1,1,1931
DENNIS GILMAN,South Africa,Paarl,2005-07-11,27.929999999999996,7,7,1,1,1931
LUCILLE HOLMES,South Africa,Soshanguve,2005-08-19,27.929999999999993,7,7,"2,1","2,1",1934
VIOLET RODRIQUEZ,Hong Kong,Kowloon and New Kowloon,2005-07-11,27.929999999999993,7,7,2,2,1934
COLLEEN BURTON,Germany,Saarbrcken,2005-08-02,27.92000000000001,8,8,2,2,1936
MATTHEW MAHAN,Mexico,Cuautla,2005-08-23,27.920000000000005,8,8,1,1,1937
BENJAMIN VARNEY,Mexico,Guadalajara,2005-08-22,27.920000000000005,8,8,1,1,1937
BRANDON HUEY,Turkey,Balikesir,2005-08-21,27.920000000000005,8,8,1,1,1937
DARRELL POWER,Canada,Halifax,2005-08-01,27.920000000000005,8,8,"1,2","1,2",1937
MARION OCAMPO,China,Weifang,2005-07-30,27.920000000000005,8,8,2,2,1937
AMY LOPEZ,India,Jhansi,2005-07-11,27.92,8,8,1,1,1942
KATHLEEN ADAMS,Iran,Arak,2005-07-31,27.92,8,8,2,2,1942
CHRISTINE ROBERTS,French Polynesia,Faaa,2005-07-12,27.92,8,8,"1,2","1,2",1942
ALICE STEWART,United States,Fontana,2005-08-20,27.92,8,8,"1,2","1,2",1942
ASHLEY RICHARDSON,United States,Lincoln,2005-08-01,27.92,8,8,1,1,1942
JUDITH COX,China,Daxian,2005-07-09,27.92,8,8,"1,2","1,2",1942
JACQUELINE LONG,Thailand,Songkhla,2005-08-22,27.92,8,8,2,2,1942
DAWN SULLIVAN,Tuvalu,Funafuti,2005-08-23,27.92,8,8,2,2,1942
BERTHA FERGUSON,Nigeria,Ondo,2005-08-22,27.92,8,8,"1,2","1,2",1942
KRISTINA CHAMBERS,Venezuela,Valle de la Pascua,2005-08-02,27.92,8,8,1,1,1942
GREGORY MAULDIN,Tunisia,Sousse,2005-07-10,27.92,8,8,2,2,1942
RUSSELL BRINSON,Poland,Tychy,2005-06-21,27.92,8,8,1,1,1942
CRAIG MORRELL,Philippines,Cavite,2005-08-19,27.92,8,8,1,1,1942
MARCUS HIDALGO,Estonia,Tartu,2005-08-22,27.92,8,8,1,1,1942
MIGUEL BETANCOURT,Germany,Erlangen,2005-07-11,27.92,8,8,2,2,1942
LESLIE SEWARD,Indonesia,Pontianak,2005-08-22,27.92,8,8,2,2,1942
DARYL LARUE,Iraq,Mosul,2005-08-23,27.92,8,8,"2,1","2,1",1942
DENISE KELLY,Brazil,Rio Claro,2005-08-22,27.919999999999998,8,8,"1,2","1,2",1959
ELLEN SIMPSON,Brazil,Po,2005-08-21,27.919999999999998,8,8,2,2,1959
MICHELE GRANT,China,Yuncheng,2005-07-11,27.919999999999998,8,8,1,1,1959
JUSTIN NGO,Brazil,Santo Andr,2005-07-11,27.919999999999998,8,8,1,1,1959
BOBBY BOUDREAU,Anguilla,South Hill,2005-08-20,27.919999999999998,8,8,"1,2","1,2",1959
LESLIE SEWARD,Indonesia,Pontianak,2005-08-02,27.919999999999998,8,8,"1,2","1,2",1959
JAY ROBB,Indonesia,Surakarta,2005-08-22,27.919999999999995,8,8,"2,1","2,1",1965
CINDY FISHER,Venezuela,Cuman,2005-07-12,27.91999999999999,8,8,1,1,1966
DALE RATCLIFF,South Africa,Rustenburg,2005-08-22,27.910000000000007,9,9,2,2,1967
SHARON ROBINSON,Pakistan,Mardan,2005-08-22,27.910000000000004,9,9,"2,1","2,1",1968
PHILLIP HOLM,Japan,Tama,2005-08-02,27.910000000000004,9,9,1,1,1968
EARL SHANKS,Japan,Iwatsuki,2005-08-01,27.910000000000004,9,9,2,2,1968
FRANKLIN TROUTMAN,China,Zaoyang,2005-08-21,27.909999999999997,9,9,1,1,1971
GLORIA COOK,French Polynesia,Papeete,2005-08-20,26.95000000000001,5,5,"2,1","2,1",1972
SONIA GREGORY,Nigeria,Benin City,2005-07-30,26.95000000000001,5,5,1,1,1972
RICK MATTOX,Egypt,Mit Ghamr,2005-07-11,26.95000000000001,5,5,2,2,1972
TERESA ROGERS,Japan,Iwakuni,2005-08-02,26.950000000000006,5,5,"2,1","2,1",1975
CARLA GUTIERREZ,India,Bhusawal,2005-08-20,26.950000000000006,5,5,1,1,1975
TONYA CHAPMAN,India,Bhilwara,2005-07-28,26.950000000000006,5,5,"2,1","2,1",1975
DUANE TUBBS,Nauru,Yangor,2005-07-29,26.950000000000006,5,5,"2,1","2,1",1975
AMY LOPEZ,India,Jhansi,2005-08-20,26.950000000000003,5,5,1,1,1979
LOUISE JENKINS,South Africa,Springs,2005-08-20,26.950000000000003,5,5,1,1,1979
KIM CRUZ,United States,Grand Prairie,2005-08-22,26.950000000000003,5,5,1,1,1979
SYLVIA ORTIZ,Colombia,Dos Quebradas,2005-06-19,26.950000000000003,5,5,1,1,1979
SHEILA WELLS,Turkey,Ktahya,2005-08-02,26.950000000000003,5,5,2,2,1979
EVA RAMOS,United States,Clarksville,2005-08-23,26.950000000000003,5,5,1,1,1979
ERICA MATTHEWS,China,Pingxiang,2005-07-12,26.950000000000003,5,5,2,2,1979
KATIE ELLIOTT,Kenya,Kisumu,2005-06-20,26.950000000000003,5,5,2,2,1979
ROSEMARY SCHMIDT,Turkey,Usak,2005-06-18,26.950000000000003,5,5,2,2,1979
NELLIE GARRETT,India,Shimoga,2005-07-30,26.950000000000003,5,5,1,1,1979
SONIA GREGORY,Nigeria,Benin City,2005-07-09,26.950000000000003,5,5,1,1,1979
PAUL TROUT,Russian Federation,Kursk,2005-05-31,26.950000000000003,5,5,2,2,1979
LARRY THRASHER,Turkey,Adana,2005-06-18,26.950000000000003,5,5,"1,2","1,2",1979
JERRY JORDON,Japan,Onomichi,2005-08-20,26.950000000000003,5,5,"1,2","1,2",1979
CARL ARTIS,Paraguay,San Lorenzo,2005-07-30,26.950000000000003,5,5,"1,2","1,2",1979
NICHOLAS BARFIELD,Brazil,Belm,2005-07-11,26.950000000000003,5,5,1,1,1979
BENJAMIN VARNEY,Mexico,Guadalajara,2005-07-10,26.950000000000003,5,5,1,1,1979
BRUCE SCHWARZ,Japan,Okinawa,2005-08-21,26.950000000000003,5,5,2,2,1979
ADAM GOOCH,India,Adoni,2005-08-19,26.950000000000003,5,5,2,2,1979
CRAIG MORRELL,Philippines,Cavite,2005-06-20,26.950000000000003,5,5,2,2,1979
JESUS MCCARTNEY,Brazil,Guaruj,2005-07-31,26.950000000000003,5,5,2,2,1979
FREDERICK ISBELL,Japan,Tsuyama,2005-05-30,26.950000000000003,5,5,2,2,1979
JON WILES,Bolivia,El Alto,2005-07-12,26.950000000000003,5,5,2,2,1979
JEROME KENYON,Chile,Rancagua,2005-07-12,26.950000000000003,5,5,2,2,1979
DERRICK BOURQUE,Canada,Gatineau,2005-07-11,26.950000000000003,5,5,1,1,1979
SAM MCDUFFIE,Colombia,Sogamoso,2005-07-09,26.950000000000003,5,5,2,2,1979
FERNANDO CHURCHILL,South Korea,Tonghae,2005-07-30,26.950000000000003,5,5,1,1,1979
DWIGHT LOMBARDI,South Africa,Chatsworth,2005-07-31,26.950000000000003,5,5,2,2,1979
BERNICE WILLIS,Turkey,Batman,2005-07-11,26.95,5,5,"2,1","2,1",2007
DIANNE SHELTON,Iran,Tabriz,2005-07-11,26.95,5,5,1,1,2007
JOSHUA MARK,India,Rampur,2005-07-30,26.95,5,5,2,2,2007
BRUCE SCHWARZ,Japan,Okinawa,2005-07-29,26.95,5,5,"2,1","2,1",2007
LEON BOSTIC,Colombia,Florencia,2005-08-02,26.95,5,5,1,1,2007
LEWIS LYMAN,Israel,Ashqelon,2005-06-19,26.95,5,5,"1,2","1,2",2007
ADRIAN CLARY,Italy,Udine,2005-07-12,26.95,5,5,1,1,2007
DARYL LARUE,Iraq,Mosul,2005-07-12,26.95,5,5,2,2,2007
CHAD CARBONE,India,Katihar,2005-08-23,26.949999999999996,5,5,2,2,2015
FLOYD GANDY,Mexico,Zapopan,2005-08-19,26.949999999999996,5,5,1,1,2015
RUBEN GEARY,Poland,Lublin,2005-07-11,26.949999999999996,5,5,2,2,2015
FLORENCE WOODS,Argentina,Merlo,2005-07-29,26.949999999999992,5,5,2,2,2018
CINDY FISHER,Venezuela,Cuman,2005-08-19,26.949999999999992,5,5,2,2,2018
STANLEY SCROGGINS,Japan,Omiya,2005-08-21,26.949999999999992,5,5,1,1,2018
GUY BROWNLEE,China,Zhoushan,2005-08-20,26.94999999999999,5,5,2,2,2021
JOHN FARNSWORTH,India,Parbhani,2005-08-20,26.940000000000012,6,6,"2,1","2,1",2022
BRADLEY MOTLEY,India,Purnea (Purnia),2005-08-20,26.940000000000012,6,6,2,2,2022
JERRY JORDON,Japan,Onomichi,2005-08-01,26.94000000000001,6,6,"1,2","1,2",2024
RUTH MARTINEZ,South Africa,Kimberley,2005-05-29,26.940000000000005,6,6,2,2,2025
DEBRA NELSON,Brazil,Vila Velha,2005-06-20,26.940000000000005,6,6,1,1,2025
HEATHER MORRIS,Japan,Nagareyama,2005-05-31,26.940000000000005,6,6,1,1,2025
DORIS REED,Russian Federation,Balaiha,2005-08-22,26.940000000000005,6,6,1,1,2025
ASHLEY RICHARDSON,United States,Lincoln,2005-08-20,26.940000000000005,6,6,1,1,2025
MONICA HICKS,Ukraine,Mukateve,2005-07-31,26.940000000000005,6,6,1,1,2025
GAIL KNIGHT,Switzerland,Bern,2005-08-02,26.940000000000005,6,6,1,1,2025
VANESSA SIMS,Germany,Siegen,2005-07-31,26.940000000000005,6,6,1,1,2025
ALMA AUSTIN,Germany,Mannheim,2005-07-12,26.940000000000005,6,6,2,2,2025
TERRI VASQUEZ,Brazil,Blumenau,2005-07-08,26.940000000000005,6,6,2,2,2025
LUCY WHEELER,India,Balurghat,2005-07-11,26.940000000000005,6,6,2,2,2025
WILLIE HOWELL,Argentina,Vicente Lpez,2005-07-31,26.940000000000005,6,6,1,1,2025
JOHN FARNSWORTH,India,Parbhani,2005-07-12,26.940000000000005,6,6,1,1,2025
DONALD MAHON,China,Ezhou,2005-08-02,26.940000000000005,6,6,2,2,2025
STEVEN CURLEY,India,Miraj,2005-06-19,26.940000000000005,6,6,1,1,2025
HARRY ARCE,Iran,Najafabad,2005-07-11,26.940000000000005,6,6,1,1,2025
NORMAN CURRIER,Indonesia,Cianjur,2005-08-22,26.940000000000005,6,6,2,2,2025
LEE HAWKS,India,Pudukkottai,2005-07-30,26.940000000000005,6,6,2,2,2025
DUANE TUBBS,Nauru,Yangor,2005-07-11,26.940000000000005,6,6,1,1,2025
JORDAN ARCHULETA,Argentina,Avellaneda,2005-07-11,26.940000000000005,6,6,1,1,2025
ELIZABETH BROWN,Taiwan,Nantou,2005-08-20,26.94,6,6,2,2,2045
NANCY THOMAS,India,Yamuna Nagar,2005-06-21,26.94,6,6,1,1,2045
JEAN BELL,Malaysia,Kuching,2005-07-31,26.94,6,6,"2,1","2,1",2045
JUDY GRAY,Algeria,Bchar,2005-07-11,26.94,6,6,"2,1","2,1",2045
ANITA MORALES,India,Hubli-Dharwad,2005-08-21,26.94,6,6,"2,1","2,1",2045
MINNIE ROMERO,Indonesia,Ciomas,2005-07-31,26.94,6,6,"2,1","2,1",2045
IRMA PEARSON,Philippines,Hagonoy,2005-08-20,26.94,6,6,"2,1","2,1",2045
MYRTLE FLEMING,Dominican Republic,Santiago de los Caballeros,2005-07-10,26.94,6,6,1,1,2045
HILDA HOPKINS,Philippines,Mandaluyong,2005-08-01,26.94,6,6,1,1,2045
PENNY NEAL,India,Kumbakonam,2005-08-01,26.94,6,6,"2,1","2,1",2045
DIANNE SHELTON,Iran,Tabriz,2005-08-19,26.94,6,6,"2,1","2,1",2045
ROBERT BAUGHMAN,Russian Federation,Kaliningrad,2005-07-10,26.94,6,6,2,2,2045
LOUIS LEONE,Philippines,Tanauan,2005-07-11,26.94,6,6,"1,2","1,2",2045
LEONARD SCHOFIELD,Argentina,Tandil,2005-06-21,26.94,6,6,1,1,2045
MANUEL MURRELL,Sri Lanka,Jaffna,2005-07-30,26.94,6,6,"2,1","2,1",2045
RANDALL NEUMANN,Dominican Republic,La Romana,2005-07-10,26.94,6,6,2,2,2045
ALEXANDER FENNELL,Italy,Bergamo,2005-08-19,26.94,6,6,2,2,2045
ALEX GRESHAM,Mexico,Uruapan,2005-07-12,26.94,6,6,2,2,2045
CLAUDE HERZOG,Angola,Benguela,2005-07-12,26.94,6,6,2,2,2045
MORRIS MCCARTER,Taiwan,Fengshan,2005-06-19,26.94,6,6,"1,2","1,2",2045
TERRENCE GUNDERSON,China,Jinzhou,2005-07-10,26.94,6,6,1,1,2045
FRANCES PARKER,Brazil,Juazeiro do Norte,2005-07-11,26.939999999999998,6,6,"2,1","2,1",2066
ROSE HOWARD,French Guiana,Cayenne,2005-08-21,26.939999999999998,6,6,"2,1","2,1",2066
DAISY BATES,Russian Federation,Kolpino,2005-08-21,26.939999999999998,6,6,1,1,2066
BRANDON HUEY,Turkey,Balikesir,2005-07-28,26.939999999999998,6,6,"1,2","1,2",2066
MARTIN BALES,Angola,Namibe,2005-08-23,26.939999999999998,6,6,1,1,2066
NATHANIEL ADAM,United States,Joliet,2005-07-29,26.939999999999998,6,6,1,1,2066
TIM CARY,India,Bijapur,2005-07-31,26.939999999999994,6,6,1,1,2072
VICTORIA GIBSON,Indonesia,Pemalang,2005-08-02,26.930000000000007,7,7,2,2,2073
MATTHEW MAHAN,Mexico,Cuautla,2005-08-22,26.930000000000007,7,7,1,1,2073
GERALD FULTZ,India,Satna,2005-08-19,26.930000000000007,7,7,"2,1","2,1",2073
BENJAMIN VARNEY,Mexico,Guadalajara,2005-08-21,26.930000000000007,7,7,2,2,2073
JIMMY SCHRADER,Russian Federation,Atinsk,2005-07-12,26.930000000000007,7,7,1,1,2073
SHIRLEY ALLEN,Philippines,Davao,2005-06-20,26.930000000000003,7,7,1,1,2078
KATHLEEN ADAMS,Iran,Arak,2005-07-30,26.930000000000003,7,7,1,1,2078
CHARLOTTE HUNTER,Brazil,guas Lindas de Gois,2005-08-01,26.930000000000003,7,7,2,2,2078
SUZANNE NICHOLS,Indonesia,Jakarta,2005-08-22,26.930000000000003,7,7,"1,2","1,2",2078
ELSIE KELLEY,Nigeria,Ikerre,2005-07-12,26.930000000000003,7,7,"2,1","2,1",2078
TRACEY BARRETT,Nigeria,Owo,2005-07-29,26.930000000000003,7,7,"2,1","2,1",2078
RAMONA HALE,India,Patiala,2005-08-20,26.930000000000003,7,7,"2,1","2,1",2078
SHAWN HEATON,Thailand,Nakhon Sawan,2005-07-12,26.930000000000003,7,7,1,1,2078
JORDAN ARCHULETA,Argentina,Avellaneda,2005-07-30,26.930000000000003,7,7,"2,1","2,1",2078
MARTHA GONZALEZ,Moldova,Chisinau,2005-07-10,26.93,7,7,1,1,2087
ALICE STEWART,United States,Fontana,2005-07-31,26.93,7,7,2,2,2087
EMILY DIAZ,South Korea,Kimchon,2005-07-09,26.93,7,7,2,2,2087
MICHELE GRANT,China,Yuncheng,2005-07-10,26.93,7,7,2,2,2087
JILL HAWKINS,Austria,Linz,2005-08-02,26.93,7,7,2,2,2087
AUDREY RAY,Austria,Graz,2005-07-10,26.93,7,7,"1,2","1,2",2087
PEARL GARZA,India,Jodhpur,2005-08-21,26.93,7,7,2,2,2087
JACKIE LYNCH,Colombia,Buenaventura,2005-07-31,26.93,7,7,"2,1","2,1",2087
GWENDOLYN MAY,Japan,Higashiosaka,2005-07-12,26.93,7,7,1,1,2087
GWENDOLYN MAY,Japan,Higashiosaka,2005-08-23,26.93,7,7,1,1,2087
JOE GILLILAND,Philippines,Imus,2005-07-31,26.93,7,7,1,1,2087
JUSTIN NGO,Brazil,Santo Andr,2005-07-10,26.93,7,7,"2,1","2,1",2087
TODD TAN,Ukraine,Kamjanets-Podilskyi,2005-08-01,26.93,7,7,"1,2","1,2",2087
NATHAN RUNYON,"Virgin Islands, U.S.",Charlotte Amalie,2005-06-21,26.93,7,7,1,1,2087
MANUEL MURRELL,Sri Lanka,Jaffna,2005-08-20,26.93,7,7,"1,2","1,2",2087
THEODORE CULP,India,Uluberia,2005-07-12,26.93,7,7,"2,1","2,1",2087
LLOYD DOWD,Indonesia,Tegal,2005-07-12,26.93,7,7,"1,2","1,2",2087
DWIGHT LOMBARDI,South Africa,Chatsworth,2005-08-19,26.93,7,7,1,1,2087
MAXINE SILVA,Brazil,Poos de Caldas,2005-08-02,26.929999999999996,7,7,1,1,2105
DAISY BATES,Russian Federation,Kolpino,2005-07-09,26.929999999999996,7,7,"1,2","1,2",2105
JUAN FRALEY,Russian Federation,Teboksary,2005-08-19,26.929999999999996,7,7,2,2,2105
JUSTIN NGO,Brazil,Santo Andr,2005-08-23,26.929999999999996,7,7,2,2,2105
CLYDE TOBIAS,China,Shaoguan,2005-07-31,26.929999999999996,7,7,1,1,2105
SETH HANNON,Bahrain,al-Manama,2005-07-11,26.929999999999996,7,7,"1,2","1,2",2105
CINDY FISHER,Venezuela,Cuman,2005-07-11,26.929999999999993,7,7,1,1,2111
GINA WILLIAMSON,Yemen,Taizz,2005-08-01,26.929999999999993,7,7,1,1,2111
TERESA ROGERS,Japan,Iwakuni,2005-08-21,26.92000000000001,8,8,1,1,2113
NINA SOTO,India,Palghat (Palakkad),2005-06-21,26.920000000000005,8,8,1,1,2114
ROSS GREY,Philippines,Iligan,2005-07-31,26.920000000000005,8,8,2,2,2114
WADE DELVALLE,Switzerland,Lausanne,2005-08-02,26.920000000000005,8,8,2,2,2114
CAROLYN PEREZ,Thailand,Pak Kret,2005-07-29,26.92,8,8,"1,2","1,2",2117
LOIS BUTLER,Brunei,Bandar Seri Begawan,2005-07-10,26.92,8,8,2,2,2117
SALLY PIERCE,India,Chandrapur,2005-08-01,26.92,8,8,2,2,2117
SUE PETERS,China,Changzhou,2005-08-01,26.92,8,8,"2,1","2,1",2117
MARVIN YEE,India,Berhampore (Baharampur),2005-08-23,26.92,8,8,1,1,2117
MICHEAL FORMAN,Argentina,Escobar,2005-08-01,26.92,8,8,2,2,2117
CORY MEEHAN,Belarus,Mogiljov,2005-08-02,26.92,8,8,1,1,2117
TERRENCE GUNDERSON,China,Jinzhou,2005-07-30,26.92,8,8,"1,2","1,2",2117
CYNTHIA YOUNG,India,Munger (Monghyr),2005-08-23,26.919999999999998,8,8,1,1,2125
HAZEL WARREN,China,Hohhot,2005-08-23,26.919999999999998,8,8,1,1,2125
GEORGIA JACOBS,India,Uttarpara-Kotrung,2005-07-12,26.919999999999998,8,8,1,1,2125
VINCENT RALSTON,Mexico,Allende,2005-08-20,26.919999999999998,8,8,2,2,2125
MITCHELL WESTMORELAND,Vietnam,Nha Trang,2005-08-01,26.919999999999995,8,8,2,2,2129
CLYDE TOBIAS,China,Shaoguan,2005-07-10,26.910000000000004,9,9,1,1,2130
ELSIE KELLEY,Nigeria,Ikerre,2005-08-01,26.91,9,9,1,1,2131
HILDA HOPKINS,Philippines,Mandaluyong,2005-07-12,26.91,9,9,1,1,2131
TOM MILNER,United Arab Emirates,Abu Dhabi,2005-07-09,26.909999999999997,9,9,"1,2","1,2",2133
JIM REA,Mexico,El Fuerte,2005-08-21,26.9,10,10,2,2,2134
JUNE CARROLL,Algeria,Skikda,2005-08-19,25.95000000000001,5,5,"1,2","1,2",2135
NANCY THOMAS,India,Yamuna Nagar,2005-06-20,25.950000000000003,5,5,2,2,2136
SANDRA MARTIN,United Kingdom,Southend-on-Sea,2005-08-19,25.950000000000003,5,5,"2,1","2,1",2136
KELLY TORRES,China,Xiangtan,2005-08-02,25.950000000000003,5,5,1,1,2136
NICOLE PETERSON,India,Shivapuri,2005-06-19,25.950000000000003,5,5,"2,1","2,1",2136
BEVERLY BROOKS,Taiwan,Chiayi,2005-07-12,25.950000000000003,5,5,1,1,2136
WANDA PATTERSON,Colombia,Sincelejo,2005-06-20,25.950000000000003,5,5,2,2,2136
GLADYS HAMILTON,Nigeria,Ilorin,2005-08-22,25.950000000000003,5,5,2,2,2136
DAWN SULLIVAN,Tuvalu,Funafuti,2005-07-30,25.950000000000003,5,5,2,2,2136
EDNA WEST,South Africa,Klerksdorp,2005-06-20,25.950000000000003,5,5,2,2,2136
GRACE ELLIS,Germany,Duisburg,2005-08-21,25.950000000000003,5,5,2,2,2136
LESLIE GORDON,Turkey,Kilis,2005-08-23,25.950000000000003,5,5,1,1,2136
VERONICA STONE,United States,Greensboro,2005-07-12,25.950000000000003,5,5,2,2,2136
BETH FRANKLIN,Vietnam,Haiphong,2005-07-10,25.950000000000003,5,5,2,2,2136
VICKI FIELDS,Germany,Witten,2005-06-21,25.950000000000003,5,5,1,1,2136
MAUREEN LITTLE,Paraguay,Asuncin,2005-07-12,25.950000000000003,5,5,1,1,2136
JOSEPH JOY,Brazil,Angra dos Reis,2005-07-29,25.950000000000003,5,5,1,1,2136
THOMAS GRIGSBY,United States,Kansas City,2005-08-19,25.950000000000003,5,5,2,2,2136
DANIEL CABRAL,Brazil,Ibirit,2005-08-02,25.950000000000003,5,5,2,2,2136
JERRY JORDON,Japan,Onomichi,2005-07-09,25.950000000000003,5,5,1,1,2136
WALTER PERRYMAN,China,Xinxiang,2005-06-21,25.950000000000003,5,5,1,1,2136
HARRY ARCE,Iran,Najafabad,2005-06-19,25.950000000000003,5,5,1,1,2136
STEVE MACKENZIE,Indonesia,Probolinggo,2005-07-10,25.950000000000003,5,5,"1,2","1,2",2136
SHAWN HEATON,Thailand,Nakhon Sawan,2005-06-20,25.950000000000003,5,5,1,1,2136
EDWIN BURK,South Africa,Newcastle,2005-07-10,25.950000000000003,5,5,1,1,2136
DON BONE,Mozambique,Naala-Porto,2005-07-11,25.950000000000003,5,5,1,1,2136
JIM REA,Mexico,El Fuerte,2005-07-09,25.950000000000003,5,5,1,1,2136
REGINALD KINDER,Indonesia,Madiun,2005-06-20,25.950000000000003,5,5,1,1,2136
RAUL FORTIER,India,Chapra,2005-08-23,25.950000000000003,5,5,1,1,2136
CORY MEEHAN,Belarus,Mogiljov,2005-08-22,25.950000000000003,5,5,1,1,2136
CLAUDE HERZOG,Angola,Benguela,2005-07-09,25.950000000000003,5,5,2,2,2136
ALLAN CORNISH,Philippines,Tarlac,2005-08-21,25.950000000000003,5,5,2,2,2136
ARMANDO GRUBER,United Kingdom,Southport,2005-06-21,25.950000000000003,5,5,2,2,2136
IVAN CROMWELL,Mexico,Monclova,2005-06-17,25.950000000000003,5,5,2,2,2136
SANDRA MARTIN,United Kingdom,Southend-on-Sea,2005-06-21,25.95,5,4,2,2,2169
HAROLD MARTINO,Brazil,Boa Vista,2005-07-12,25.95,5,5,"2,1","2,1",2169
ANTONIO MEEK,Brazil,Bag,2005-07-30,25.95,5,5,"1,2","1,2",2169
RAY HOULE,Russian Federation,Dzerzinsk,2005-07-11,25.95,5,5,2,2,2169
WALLACE SLONE,Nigeria,Sokoto,2005-08-20,25.95,5,5,2,2,2169
KATHY JAMES,Philippines,Baybay,2005-08-22,25.949999999999996,5,5,2,2,2174
ELLEN SIMPSON,Brazil,Po,2005-08-02,25.949999999999996,5,5,1,1,2174
KRISTINA CHAMBERS,Venezuela,Valle de la Pascua,2005-06-20,25.949999999999996,5,5,1,1,2174
EVERETT BANDA,Egypt,Bilbays,2005-07-11,25.949999999999996,5,5,1,1,2174
CODY NOLEN,Brazil,So Bernardo do Campo,2005-08-21,25.949999999999992,5,5,"2,1","2,1",2178
RACHEL BARNES,Japan,Kamakura,2005-08-01,25.940000000000012,6,6,1,1,2179
ETHEL WEBB,South Africa,Boksburg,2005-08-19,25.940000000000012,6,6,2,2,2179
BETTY WHITE,United States,Citrus Heights,2005-07-10,25.940000000000005,6,6,1,1,2181
BEVERLY BROOKS,Taiwan,Chiayi,2005-08-01,25.940000000000005,6,6,2,2,2181
DENISE KELLY,Brazil,Rio Claro,2005-07-12,25.940000000000005,6,6,1,1,2181
LILLIAN GRIFFIN,United Arab Emirates,al-Ayn,2005-06-21,25.940000000000005,6,6,2,2,2181
CONNIE WALLACE,Russian Federation,Ivanovo,2005-07-31,25.940000000000005,6,6,2,2,2181
THELMA MURRAY,Peru,Lima,2005-07-29,25.940000000000005,6,6,1,1,2181
BERTHA FERGUSON,Nigeria,Ondo,2005-08-02,25.940000000000005,6,6,2,2,2181
AUDREY RAY,Austria,Graz,2005-07-31,25.940000000000005,6,6,2,2,2181
VICKI FIELDS,Germany,Witten,2005-08-21,25.940000000000005,6,6,2,2,2181
ROSEMARY SCHMIDT,Turkey,Usak,2005-08-01,25.940000000000005,6,6,2,2,2181
ELLA OLIVER,Yemen,Aden,2005-08-02,25.940000000000005,6,6,2,2,2181
MISTY LAMBERT,United Arab Emirates,Sharja,2005-07-11,25.940000000000005,6,6,1,1,2181
VICTOR BARKLEY,United States,Manchester,2005-08-23,25.940000000000005,6,6,2,2,2181
SHAWN HEATON,Thailand,Nakhon Sawan,2005-07-11,25.940000000000005,6,6,1,1,2181
PHILIP CAUSEY,Russian Federation,Korolev,2005-07-31,25.940000000000005,6,6,"2,1","2,1",2181
EDWIN BURK,South Africa,Newcastle,2005-07-31,25.940000000000005,6,6,2,2,2181
BARRY LOVELACE,Zambia,Kitwe,2005-07-11,25.940000000000005,6,6,2,2,2181
WESLEY BULL,Spain,Ourense (Orense),2005-07-09,25.940000000000005,6,6,1,1,2181
LEWIS LYMAN,Israel,Ashqelon,2005-08-23,25.940000000000005,6,6,1,1,2181
ANDRE RAPP,Chile,Coquimbo,2005-06-20,25.940000000000005,6,6,2,2,2181
MATHEW BOLIN,Venezuela,Valencia,2005-07-12,25.940000000000005,6,6,2,2,2181
AMANDA CARTER,Morocco,Nador,2005-08-19,25.94,6,6,"2,1","2,1",2202
DORIS REED,Russian Federation,Balaiha,2005-08-02,25.94,6,6,2,2,2202
SARA PERRY,Mexico,Atlixco,2005-08-01,25.94,6,6,2,2,2202
DOLORES WAGNER,Malaysia,Ipoh,2005-06-19,25.94,6,6,2,2,2202
HOLLY FOX,India,Haldia,2005-06-20,25.94,6,6,"2,1","2,1",2202
VANESSA SIMS,Germany,Siegen,2005-08-23,25.94,6,6,2,2,2202
GERTRUDE CASTILLO,Greenland,Nuuk,2005-08-01,25.94,6,6,2,2,2202
GWENDOLYN MAY,Japan,Higashiosaka,2005-07-11,25.94,6,6,"1,2","1,2",2202
BRANDY GRAVES,United States,Warren,2005-07-30,25.94,6,6,1,1,2202
BILLY POULIN,Philippines,Cabuyao,2005-05-29,25.94,6,6,1,1,2202
TONY CARRANZA,Japan,Koriyama,2005-07-31,25.94,6,6,2,2,2202
MARCUS HIDALGO,Estonia,Tartu,2005-06-21,25.94,6,6,2,2,2202
MAXINE SILVA,Brazil,Poos de Caldas,2005-08-01,25.939999999999998,6,6,1,1,2214
OLGA JIMENEZ,Nigeria,Ogbomosho,2005-08-20,25.939999999999998,6,6,"2,1","2,1",2214
RICHARD MCCRARY,United States,Arlington,2005-07-10,25.939999999999998,6,6,"2,1","2,1",2214
RAYMOND MCWHORTER,Azerbaijan,Sumqayit,2005-08-01,25.939999999999998,6,6,1,1,2214
HAROLD MARTINO,Brazil,Boa Vista,2005-08-19,25.939999999999998,6,6,2,2,2214
JUAN FRALEY,Russian Federation,Teboksary,2005-08-18,25.939999999999998,6,6,2,2,2214
JUSTIN NGO,Brazil,Santo Andr,2005-08-22,25.939999999999998,6,6,1,1,2214
JACOB LANCE,United States,El Monte,2005-08-01,25.939999999999998,6,6,"2,1","2,1",2214
RUBEN GEARY,Poland,Lublin,2005-08-23,25.939999999999998,6,6,1,1,2214
KELLY KNOTT,China,Sanya,2005-08-22,25.939999999999998,6,6,1,1,2214
CINDY FISHER,Venezuela,Cuman,2005-07-10,25.939999999999994,6,6,"2,1","2,1",2224
GENE SANBORN,Oman,Salala,2005-07-30,25.939999999999994,6,6,2,2,2224
DARRYL ASHCRAFT,Argentina,Ezeiza,2005-08-22,25.939999999999994,6,6,2,2,2224
DAVID ROYAL,Peru,Callao,2005-08-22,25.93999999999999,6,6,1,1,2227
RONALD WEINER,Mexico,San Felipe del Progreso,2005-08-18,25.93999999999999,6,6,2,2,2227
KYLE SPURLOCK,China,Shanwei,2005-08-23,25.93999999999999,6,6,2,2,2227
PAULINE HENRY,Mexico,Torren,2005-08-23,25.930000000000007,7,7,1,1,2230
LYDIA BURKE,Argentina,San Miguel de Tucumn,2005-07-31,25.930000000000007,7,7,2,2,2230
WADE DELVALLE,Switzerland,Lausanne,2005-07-31,25.930000000000007,7,7,1,1,2230
BARBARA JONES,Myanmar,Myingyan,2005-08-02,25.930000000000003,7,7,"2,1","2,1",2233
NANCY THOMAS,India,Yamuna Nagar,2005-07-31,25.930000000000003,7,7,"1,2","1,2",2233
LOIS BUTLER,Brunei,Bandar Seri Begawan,2005-07-09,25.930000000000003,7,7,2,2,2233
THELMA MURRAY,Peru,Lima,2005-06-19,25.930000000000003,7,7,2,2,2233
JOANNE ROBERTSON,Japan,Urawa,2005-08-21,25.930000000000003,7,7,"1,2","1,2",2233
MATTHEW MAHAN,Mexico,Cuautla,2005-07-29,25.930000000000003,7,7,"2,1","2,1",2233
ERIC ROBERT,Argentina,Santa F,2005-08-23,25.930000000000003,7,7,"2,1","2,1",2233
BERNARD COLBY,India,Dhule (Dhulia),2005-08-22,25.930000000000003,7,7,2,2,2233
JORGE OLIVARES,Indonesia,Lhokseumawe,2005-07-12,25.930000000000003,7,7,"1,2","1,2",2233
DOROTHY TAYLOR,Iran,Esfahan,2005-07-10,25.93,7,7,1,1,2242
MILDRED BAILEY,India,Jaipur,2005-08-23,25.93,7,7,1,1,2242
SYLVIA ORTIZ,Colombia,Dos Quebradas,2005-07-12,25.93,7,7,2,2,2242
JOSEPHINE GOMEZ,India,Etawah,2005-07-30,25.93,7,7,2,2,2242
JAMIE RICE,United States,Sterling Heights,2005-06-20,25.93,7,7,1,1,2242
SUZANNE NICHOLS,Indonesia,Jakarta,2005-07-12,25.93,7,7,2,2,2242
ANNETTE OLSON,India,Allappuzha (Alleppey),2005-07-31,25.93,7,7,2,2,2242
VIOLA HANSON,Philippines,Lapu-Lapu,2005-07-11,25.93,7,7,2,2,2242
ERIKA PENA,Finland,Oulu,2005-08-22,25.93,7,7,"1,2","1,2",2242
JOSHUA MARK,India,Rampur,2005-08-21,25.93,7,7,1,1,2242
RONNIE RICKETTS,Senegal,Ziguinchor,2005-06-19,25.93,7,7,1,1,2242
TOMMY COLLAZO,Iran,Qomsheh,2005-06-21,25.93,7,7,2,2,2242
ADRIAN CLARY,Italy,Udine,2005-08-01,25.93,7,7,1,1,2242
SUE PETERS,China,Changzhou,2005-08-22,25.929999999999993,7,7,"2,1","2,1",2255
BECKY MILES,India,Tambaram,2005-08-23,25.929999999999993,7,7,1,1,2255
MARY SMITH,Japan,Sasebo,2005-08-01,25.92000000000001,8,8,2,2,2257
RUBY WASHINGTON,China,Meixian,2005-08-23,25.92000000000001,8,8,1,1,2257
TERRY CARLSON,Japan,Miyakonojo,2005-08-01,25.92000000000001,8,8,"2,1","2,1",2257
WILLIAM SATTERFIELD,Yemen,Sanaa,2005-08-23,25.92000000000001,8,8,1,1,2257
JIMMY SCHRADER,Russian Federation,Atinsk,2005-08-01,25.92000000000001,8,8,"1,2","1,2",2257
MICHELLE CLARK,Bangladesh,Tangail,2005-08-01,25.920000000000005,8,8,"2,1","2,1",2262
ANNIE RUSSELL,Mozambique,Tete,2005-07-12,25.920000000000005,8,8,1,1,2262
JOSHUA MARK,India,Rampur,2005-06-21,25.920000000000005,8,8,2,2,2262
SALLY PIERCE,India,Chandrapur,2005-07-11,25.92,8,8,2,2,2265
ELSIE KELLEY,Nigeria,Ikerre,2005-07-31,25.92,8,8,1,1,2265
JENNIE TERRY,Czech Republic,Olomouc,2005-08-02,25.92,8,8,2,2,2265
BILLIE HORTON,Turkey,Inegl,2005-08-01,25.92,8,8,"1,2","1,2",2265
LAWRENCE LAWTON,Cameroon,Yaound,2005-08-23,25.92,8,8,"1,2","1,2",2265
MARIO CHEATHAM,Algeria,Batna,2005-07-12,25.92,8,8,"2,1","2,1",2265
ENRIQUE FORSYTHE,Greece,Patras,2005-08-22,25.92,8,8,1,1,2265
ROBERTA HARPER,Iran,Shahr-e Kord,2005-08-02,25.919999999999998,8,8,2,2,2272
FRANKLIN TROUTMAN,China,Zaoyang,2005-08-20,25.919999999999998,8,8,1,1,2272
MAXINE SILVA,Brazil,Poos de Caldas,2005-08-19,25.919999999999995,8,8,"1,2","1,2",2274
TOM MILNER,United Arab Emirates,Abu Dhabi,2005-08-23,25.919999999999995,8,8,1,1,2274
DUSTIN GILLETTE,Netherlands,Emmen,2005-08-22,25.919999999999995,8,8,2,2,2274
EVERETT BANDA,Egypt,Bilbays,2005-08-01,25.919999999999995,8,8,1,1,2274
FRED WHEAT,Mexico,Jurez,2005-08-01,25.910000000000004,9,9,"1,2","1,2",2278
TONY CARRANZA,Japan,Koriyama,2005-08-23,25.910000000000004,9,9,1,1,2278
LEONARD SCHOFIELD,Argentina,Tandil,2005-08-23,25.910000000000004,9,9,1,1,2278
JOANNE ROBERTSON,Japan,Urawa,2005-07-12,25.91,9,9,2,2,2281
EDGAR RHOADS,Turkey,Eskisehir,2005-07-11,25.91,9,9,1,1,2281
ELIZABETH BROWN,Taiwan,Nantou,2005-08-01,25.909999999999997,9,9,"2,1","2,1",2283
MARCIA DEAN,Philippines,Tanza,2005-08-19,24.95000000000001,5,5,1,1,2284
GABRIEL HARDER,Turkey,Sivas,2005-08-20,24.95000000000001,5,5,1,1,2284
ALFRED CASILLAS,Egypt,Sawhaj,2005-07-27,24.950000000000006,5,5,"1,2","1,2",2286
KIMBERLY LEE,Argentina,Crdoba,2005-06-20,24.950000000000003,5,5,2,2,2287
DIANE COLLINS,Sudan,Omdurman,2005-05-31,24.950000000000003,5,5,"1,2","1,2",2287
HEATHER MORRIS,Japan,Nagareyama,2005-08-01,24.950000000000003,5,5,1,1,2287
GLORIA COOK,French Polynesia,Papeete,2005-07-09,24.950000000000003,5,5,1,1,2287
KELLY TORRES,China,Xiangtan,2005-08-20,24.950000000000003,5,5,"1,2","1,2",2287
PHYLLIS FOSTER,China,Zalantun,2005-08-20,24.950000000000003,5,5,"1,2","1,2",2287
TRACY COLE,Mexico,Huixquilucan,2005-06-20,24.950000000000003,5,5,2,2,2287
KIM CRUZ,United States,Grand Prairie,2005-07-29,24.950000000000003,5,5,"1,2","1,2",2287
SHERRY MARSHALL,Egypt,Shubra al-Khayma,2005-08-20,24.950000000000003,5,5,1,1,2287
BEATRICE ARNOLD,India,Udaipur,2005-08-20,24.950000000000003,5,5,2,2,2287
ANNETTE OLSON,India,Allappuzha (Alleppey),2005-08-20,24.950000000000003,5,5,2,2,2287
RENEE LANE,United States,Compton,2005-08-21,24.950000000000003,5,5,1,1,2287
TONYA CHAPMAN,India,Bhilwara,2005-07-08,24.950000000000003,5,5,"2,1","2,1",2287
KRISTIN JOHNSTON,United States,Sunnyvale,2005-08-01,24.950000000000003,5,5,"1,2","1,2",2287
GLENDA FRAZIER,China,Qinhuangdao,2005-06-19,24.950000000000003,5,5,1,1,2287
TERRY CARLSON,Japan,Miyakonojo,2005-06-18,24.950000000000003,5,5,1,1,2287
NINA SOTO,India,Palghat (Palakkad),2005-08-02,24.950000000000003,5,5,2,2,2287
DANIEL CABRAL,Brazil,Ibirit,2005-06-18,24.950000000000003,5,5,1,1,2287
KENNETH GOODEN,Israel,Bat Yam,2005-07-12,24.950000000000003,5,5,1,1,2287
EDWARD BAUGH,Faroe Islands,Trshavn,2005-08-20,24.950000000000003,5,5,1,1,2287
KEVIN SCHULER,Nepal,Birgunj,2005-07-09,24.950000000000003,5,5,2,2,2287
RALPH MADRIGAL,Puerto Rico,Arecibo,2005-07-28,24.950000000000003,5,5,"1,2","1,2",2287
ADAM GOOCH,India,Adoni,2005-07-11,24.950000000000003,5,5,2,2,2287
MARTIN BALES,Angola,Namibe,2005-06-19,24.950000000000003,5,5,1,1,2287
PHILLIP HOLM,Japan,Tama,2005-07-12,24.950000000000003,5,5,1,1,2287
CLARENCE GAMEZ,Japan,Izumisano,2005-05-30,24.950000000000003,5,5,"2,1","2,1",2287
STANLEY SCROGGINS,Japan,Omiya,2005-07-08,24.950000000000003,5,5,"1,2","1,2",2287
MELVIN ELLINGTON,China,Laohekou,2005-08-02,24.950000000000003,5,5,2,2,2287
MIGUEL BETANCOURT,Germany,Erlangen,2005-06-21,24.950000000000003,5,5,2,2,2287
CALVIN MARTEL,Venezuela,Maracabo,2005-07-09,24.950000000000003,5,5,2,2,2287
LEO EBERT,China,Dongying,2005-08-21,24.950000000000003,5,5,2,2,2287
ANGEL BARCLAY,Japan,Ueda,2005-07-11,24.950000000000003,5,5,1,1,2287
TED BREAUX,China,Baicheng,2005-07-10,24.950000000000003,5,5,1,1,2287
PERRY SWAFFORD,Argentina,Quilmes,2005-07-30,24.950000000000003,5,5,2,2,2287
MARION OCAMPO,China,Weifang,2005-06-20,24.950000000000003,5,5,2,2,2287
TERRANCE ROUSH,Hungary,Szkesfehrvr,2005-06-20,24.950000000000003,5,5,1,1,2287
AMY LOPEZ,India,Jhansi,2005-07-29,24.95,5,5,2,2,2323
SHERRY MARSHALL,Egypt,Shubra al-Khayma,2005-07-11,24.95,5,5,"1,2","1,2",2323
GINA WILLIAMSON,Yemen,Taizz,2005-07-09,24.95,5,5,"2,1","2,1",2323
STANLEY SCROGGINS,Japan,Omiya,2005-07-30,24.95,5,5,1,1,2323
VINCENT RALSTON,Mexico,Allende,2005-07-12,24.95,5,5,2,2,2323
FREDERICK ISBELL,Japan,Tsuyama,2005-07-28,24.95,5,5,2,2,2323
JEROME KENYON,Chile,Rancagua,2005-08-23,24.95,5,5,"2,1","2,1",2323
ANGELA HERNANDEZ,Japan,Shimonoseki,2005-08-18,24.949999999999996,5,5,"1,2","1,2",2330
LILLIAN GRIFFIN,United Arab Emirates,al-Ayn,2005-08-23,24.949999999999996,5,5,1,1,2330
MICHELE GRANT,China,Yuncheng,2005-07-29,24.949999999999996,5,5,2,2,2330
GWENDOLYN MAY,Japan,Higashiosaka,2005-07-31,24.949999999999996,5,5,"2,1","2,1",2330
BRANDY GRAVES,United States,Warren,2005-08-18,24.949999999999996,5,5,"2,1","2,1",2330
SHELLY WATTS,United States,Dayton,2005-08-21,24.949999999999996,5,5,"1,2","1,2",2330
JASON MORRISSEY,Argentina,Baha Blanca,2005-07-30,24.949999999999996,5,5,1,1,2330
ALLEN BUTTERFIELD,India,Hoshiarpur,2005-07-31,24.949999999999996,5,5,1,1,2330
ROBERTO VU,China,Yinchuan,2005-07-30,24.949999999999996,5,5,2,2,2330
GENE SANBORN,Oman,Salala,2005-07-29,24.949999999999996,5,5,1,1,2330
EDGAR RHOADS,Turkey,Eskisehir,2005-08-22,24.949999999999996,5,5,1,1,2330
CLAUDE HERZOG,Angola,Benguela,2005-08-23,24.949999999999996,5,5,2,2,2330
DARRYL ASHCRAFT,Argentina,Ezeiza,2005-08-21,24.949999999999996,5,5,2,2,2330
JULIO NOLAND,Ukraine,Konotop,2005-08-19,24.949999999999996,5,5,1,1,2330
MAURICE CRAWLEY,Mexico,Coatzacoalcos,2005-08-01,24.94999999999999,5,5,2,2,2344
MISTY LAMBERT,United Arab Emirates,Sharja,2005-07-29,24.940000000000012,6,6,2,2,2345
CHARLOTTE HUNTER,Brazil,guas Lindas de Gois,2005-08-23,24.94000000000001,6,6,"2,1","2,1",2346
BETTY WHITE,United States,Citrus Heights,2005-07-31,24.940000000000005,6,6,1,1,2347
SHIRLEY ALLEN,Philippines,Davao,2005-06-19,24.940000000000005,6,6,1,1,2347
ANNA HILL,Italy,Alessandria,2005-08-02,24.940000000000005,6,6,1,1,2347
EMILY DIAZ,South Korea,Kimchon,2005-08-01,24.940000000000005,6,6,"2,1","2,1",2347
MICHELE GRANT,China,Yuncheng,2005-08-22,24.940000000000005,6,6,"2,1","2,1",2347
LORRAINE STEPHENS,China,Hami,2005-08-02,24.940000000000005,6,6,1,1,2347
LORETTA CARPENTER,Canada,Oshawa,2005-07-31,24.940000000000005,6,6,1,1,2347
JEANETTE GREENE,Russian Federation,Novoterkassk,2005-07-31,24.940000000000005,6,6,1,1,2347
CLAUDIA FULLER,Kuwait,Jalib al-Shuyukh,2005-06-18,24.940000000000005,6,6,2,2,2347
MARCIA DEAN,Philippines,Tanza,2005-07-28,24.940000000000005,6,6,"1,2","1,2",2347
JO FOWLER,Nigeria,Oyo,2005-08-22,24.940000000000005,6,6,2,2,2347
TONI HOLT,United States,Roanoke,2005-07-30,24.940000000000005,6,6,"1,2","1,2",2347
JOSHUA MARK,India,Rampur,2005-07-11,24.940000000000005,6,6,2,2,2347
CLARENCE GAMEZ,Japan,Izumisano,2005-07-11,24.940000000000005,6,6,1,1,2347
BRYAN HARDISON,United States,Dallas,2005-08-21,24.940000000000005,6,6,1,1,2347
MARIO CHEATHAM,Algeria,Batna,2005-07-29,24.940000000000005,6,6,"2,1","2,1",2347
SHANE MILLARD,Mexico,La Paz,2005-08-22,24.940000000000005,6,6,"2,1","2,1",2347
MARC OUTLAW,Italy,Brindisi,2005-07-12,24.940000000000005,6,6,2,2,2347
KARL SEAL,United States,Cape Coral,2005-06-18,24.940000000000005,6,6,2,2,2347
JULIAN VEST,Japan,Akishima,2005-07-31,24.940000000000005,6,6,1,1,2347
MARION OCAMPO,China,Weifang,2005-07-11,24.940000000000005,6,6,1,1,2347
CAROL GARCIA,Nigeria,Kaduna,2005-08-01,24.94,6,6,"1,2","1,2",2368
RUBY WASHINGTON,China,Meixian,2005-07-29,24.94,6,6,1,1,2368
DIANA ALEXANDER,United States,Augusta-Richmond County,2005-08-20,24.94,6,6,1,1,2368
LILLIAN GRIFFIN,United Arab Emirates,al-Ayn,2005-07-29,24.94,6,6,"1,2","1,2",2368
SYLVIA ORTIZ,Colombia,Dos Quebradas,2005-07-09,24.94,6,6,2,2,2368
NATALIE MEYER,Brazil,Aparecida de Goinia,2005-08-22,24.94,6,6,"1,2","1,2",2368
LILLIE KIM,Egypt,Idfu,2005-07-31,24.94,6,6,1,1,2368
PRISCILLA LOWE,Mexico,Salamanca,2005-08-21,24.94,6,6,2,2,2368
JAMES GANNON,Japan,Hiroshima,2005-08-01,24.94,6,6,"1,2","1,2",2368
JOSE ANDREW,Saint Vincent and the Grenadines,Kingstown,2005-07-29,24.94,6,6,"1,2","1,2",2368
JACOB LANCE,United States,El Monte,2005-07-11,24.94,6,6,2,2,2368
VERNON CHAPA,Turkey,Denizli,2005-08-01,24.94,6,6,2,2,2368
ANGELA HERNANDEZ,Japan,Shimonoseki,2005-07-31,24.939999999999998,6,6,1,1,2380
CATHY SPENCER,Japan,Kakamigahara,2005-07-12,24.939999999999998,6,6,1,1,2380
REGINA BERRY,China,Jinchang,2005-07-10,24.939999999999998,6,6,1,1,2380
VICKIE BREWER,Germany,Halle/Saale,2005-07-11,24.939999999999998,6,6,2,2,2380
VICKIE BREWER,Germany,Halle/Saale,2005-08-01,24.939999999999998,6,6,1,1,2380
VICTOR BARKLEY,United States,Manchester,2005-07-31,24.939999999999998,6,6,2,2,2380
GREG ROBINS,Vietnam,Nam Dinh,2005-06-21,24.939999999999998,6,6,1,1,2380
MORRIS MCCARTER,Taiwan,Fengshan,2005-07-10,24.939999999999998,6,6,"2,1","2,1",2380
DARYL LARUE,Iraq,Mosul,2005-07-30,24.939999999999998,6,6,"1,2","1,2",2380
TRACY HERRMANN,Ecuador,Loja,2005-07-30,24.939999999999998,6,6,1,1,2380
SETH HANNON,Bahrain,al-Manama,2005-07-31,24.939999999999998,6,6,1,1,2380
FREDDIE DUGGAN,Peru,Sullana,2005-08-22,24.939999999999998,6,6,2,2,2380
TIMOTHY BUNN,Brazil,Braslia,2005-08-22,24.939999999999994,6,6,2,2,2392
RACHEL BARNES,Japan,Kamakura,2005-07-10,24.930000000000007,7,7,1,1,2393
NINA SOTO,India,Palghat (Palakkad),2005-06-20,24.930000000000007,7,7,1,1,2393
WILLIAM SATTERFIELD,Yemen,Sanaa,2005-08-02,24.930000000000007,7,7,1,1,2393
DONALD MAHON,China,Ezhou,2005-08-23,24.930000000000007,7,7,2,2,2393
DALE RATCLIFF,South Africa,Rustenburg,2005-08-21,24.930000000000007,7,7,2,2,2393
SHIRLEY ALLEN,Philippines,Davao,2005-07-12,24.930000000000003,7,7,2,2,2398
TERESA ROGERS,Japan,Iwakuni,2005-07-12,24.930000000000003,7,7,"2,1","2,1",2398
JOAN COOPER,United States,Saint Louis,2005-06-21,24.930000000000003,7,7,1,1,2398
JACQUELINE LONG,Thailand,Songkhla,2005-06-21,24.930000000000003,7,7,"1,2","1,2",2398
ALMA AUSTIN,Germany,Mannheim,2005-08-23,24.930000000000003,7,7,2,2,2398
CARLA GUTIERREZ,India,Bhusawal,2005-07-30,24.930000000000003,7,7,2,2,2398
WALTER PERRYMAN,China,Xinxiang,2005-07-11,24.930000000000003,7,7,1,1,2398
RANDY GAITHER,Russian Federation,Kurgan,2005-08-22,24.930000000000003,7,7,1,1,2398
CARLOS COUGHLIN,India,Bhavnagar,2005-08-21,24.930000000000003,7,7,"2,1","2,1",2398
MIGUEL BETANCOURT,Germany,Erlangen,2005-07-08,24.930000000000003,7,7,2,2,2398
REGINALD KINDER,Indonesia,Madiun,2005-08-02,24.930000000000003,7,7,"1,2","1,2",2398
ENRIQUE FORSYTHE,Greece,Patras,2005-08-21,24.930000000000003,7,7,1,1,2398
JUDITH COX,China,Daxian,2005-07-31,24.93,7,7,1,1,2410
FLORENCE WOODS,Argentina,Merlo,2005-06-20,24.93,7,7,"2,1","2,1",2410
EDITH MCDONALD,India,Gandhinagar,2005-08-23,24.93,7,7,1,1,2410
ROBERTA HARPER,Iran,Shahr-e Kord,2005-07-30,24.93,7,7,2,2,2410
GREGORY MAULDIN,Tunisia,Sousse,2005-07-09,24.93,7,7,1,1,2410
BILL GAVIN,United States,Rockford,2005-06-19,24.93,7,7,1,1,2410
LLOYD DOWD,Indonesia,Tegal,2005-08-23,24.93,7,7,1,1,2410
FRANKLIN TROUTMAN,China,Zaoyang,2005-08-19,24.93,7,7,2,2,2410
VIRGIL WOFFORD,Mexico,Jos Azueta,2005-08-23,24.93,7,7,2,2,2410
MARION OCAMPO,China,Weifang,2005-08-22,24.93,7,7,1,1,2410
ELLEN SIMPSON,Brazil,Po,2005-07-10,24.929999999999996,7,7,1,1,2420
VERA MCCOY,Afghanistan,Kabul,2005-08-23,24.929999999999996,7,7,2,2,2420
WALTER PERRYMAN,China,Xinxiang,2005-08-20,24.929999999999996,7,7,1,1,2420
RYAN SALISBURY,Latvia,Daugavpils,2005-07-11,24.929999999999996,7,7,2,2,2420
TOM MILNER,United Arab Emirates,Abu Dhabi,2005-08-21,24.929999999999996,7,7,1,1,2420
VELMA LUCAS,Nigeria,Effon-Alaiye,2005-07-30,24.929999999999993,7,7,2,2,2425
MICHELLE CLARK,Bangladesh,Tangail,2005-08-02,24.920000000000005,8,8,2,2,2426
ALICIA MILLS,India,Nagaon,2005-08-20,24.920000000000005,8,8,"2,1","2,1",2426
MARTHA GONZALEZ,Moldova,Chisinau,2005-07-30,24.92,8,8,"2,1","2,1",2428
JANICE WARD,Sweden,Malm,2005-08-21,24.92,8,8,"2,1","2,1",2428
HAROLD MARTINO,Brazil,Boa Vista,2005-08-01,24.92,8,8,1,1,2428
NICHOLAS BARFIELD,Brazil,Belm,2005-07-29,24.92,8,8,"2,1","2,1",2428
DARLENE ROSE,North Korea,Pyongyang,2005-07-29,24.910000000000004,9,9,"2,1","2,1",2432
SAMANTHA DUNCAN,Mexico,Matamoros,2005-08-02,24.91,9,9,1,1,2433
GEORGE LINTON,Brazil,Sorocaba,2005-07-12,24.91,9,9,1,1,2433
JESSIE BANKS,Bulgaria,Stara Zagora,2005-08-23,24.900000000000006,10,10,"1,2","1,2",2435
HEIDI LARSON,China,Xiangfan,2005-08-21,23.95000000000001,5,5,2,2,2436
MAE FLETCHER,Spain,Donostia-San Sebastin,2005-08-20,23.95000000000001,5,5,"2,1","2,1",2436
RODNEY MOELLER,Nigeria,Deba Habe,2005-08-21,23.950000000000006,5,5,1,1,2438
DARRELL POWER,Canada,Halifax,2005-08-21,23.950000000000006,5,5,1,1,2438
KEN PREWITT,Romania,Bucuresti,2005-07-29,23.950000000000006,5,5,"1,2","1,2",2438
RUTH MARTINEZ,South Africa,Kimberley,2005-05-28,23.950000000000003,5,5,2,2,2441
PAMELA BAKER,China,Nanyang,2005-08-02,23.950000000000003,5,5,1,1,2441
HEATHER MORRIS,Japan,Nagareyama,2005-05-30,23.950000000000003,5,5,2,2,2441
DORIS REED,Russian Federation,Balaiha,2005-07-31,23.950000000000003,5,5,2,2,2441
RUBY WASHINGTON,China,Meixian,2005-07-28,23.950000000000003,5,5,1,1,2441
GLADYS HAMILTON,Nigeria,Ilorin,2005-07-07,23.950000000000003,5,5,"2,1","2,1",2441
THELMA MURRAY,Peru,Lima,2005-08-21,23.950000000000003,5,5,2,2,2441
MONICA HICKS,Ukraine,Mukateve,2005-07-30,23.950000000000003,5,5,1,1,2441
JOANNE ROBERTSON,Japan,Urawa,2005-08-20,23.950000000000003,5,5,2,2,2441
DARLENE ROSE,North Korea,Pyongyang,2005-08-19,23.950000000000003,5,5,1,1,2441
SALLY PIERCE,India,Chandrapur,2005-08-20,23.950000000000003,5,5,1,1,2441
BESSIE MORRISON,Italy,Syrakusa,2005-06-21,23.950000000000003,5,5,1,1,2441
LILLIE KIM,Egypt,Idfu,2005-07-29,23.950000000000003,5,5,2,2,2441
STELLA MORENO,Mexico,Coacalco de Berriozbal,2005-08-19,23.950000000000003,5,5,1,1,2441
JOSEPH JOY,Brazil,Angra dos Reis,2005-07-10,23.950000000000003,5,5,1,1,2441
ANTHONY SCHWAB,American Samoa,Tafuna,2005-06-20,23.950000000000003,5,5,2,2,2441
MATTHEW MAHAN,Mexico,Cuautla,2005-07-28,23.950000000000003,5,5,"2,1","2,1",2441
PETER MENARD,Netherlands,Ede,2005-06-19,23.950000000000003,5,5,2,2,2441
PETER MENARD,Netherlands,Ede,2005-08-02,23.950000000000003,5,5,1,1,2441
PHILLIP HOLM,Japan,Tama,2005-08-19,23.950000000000003,5,5,"2,1","2,1",2441
LUIS YANEZ,France,Brest,2005-07-08,23.950000000000003,5,5,2,2,2441
NORMAN CURRIER,Indonesia,Cianjur,2005-08-21,23.950000000000003,5,5,"2,1","2,1",2441
BARRY LOVELACE,Zambia,Kitwe,2005-08-19,23.950000000000003,5,5,"2,1","2,1",2441
BERNARD COLBY,India,Dhule (Dhulia),2005-07-30,23.950000000000003,5,5,1,1,2441
GABRIEL HARDER,Turkey,Sivas,2005-07-12,23.950000000000003,5,5,1,1,2441
NEIL RENNER,Vietnam,Cam Ranh,2005-07-09,23.950000000000003,5,5,"2,1","2,1",2441
TYRONE ASHER,Bulgaria,Ruse,2005-07-11,23.950000000000003,5,5,"1,2","1,2",2441
ALLAN CORNISH,Philippines,Tarlac,2005-07-12,23.950000000000003,5,5,2,2,2441
JIMMIE EGGLESTON,Poland,Wroclaw,2005-07-08,23.950000000000003,5,5,1,1,2441
ALFREDO MCADAMS,Russian Federation,Serpuhov,2005-07-30,23.950000000000003,5,5,1,1,2441
WILLARD LUMPKIN,Mexico,Carmen,2005-07-31,23.950000000000003,5,5,"2,1","2,1",2441
WADE DELVALLE,Switzerland,Lausanne,2005-07-10,23.950000000000003,5,5,2,2,2441
ETHEL WEBB,South Africa,Boksburg,2005-07-11,23.95,5,5,"1,2","1,2",2473
VALERIE BLACK,United States,Brockton,2005-08-02,23.95,5,5,2,2,2473
TANYA GILBERT,South Korea,Naju,2005-07-28,23.95,5,5,"1,2","1,2",2473
SHERRI RHODES,India,Ahmadnagar,2005-06-18,23.95,5,5,"1,2","1,2",2473
VICTOR BARKLEY,United States,Manchester,2005-07-30,23.95,5,5,1,1,2473
JESSE SCHILLING,"Congo, The Democratic Republic of the",Lubumbashi,2005-08-19,23.95,5,5,"1,2","1,2",2473
GREG ROBINS,Vietnam,Nam Dinh,2005-06-20,23.95,5,5,1,1,2473
DARREN WINDHAM,Italy,Livorno,2005-08-20,23.95,5,5,2,2,2473
BOB PFEIFFER,China,Xintai,2005-07-30,23.95,5,5,"1,2","1,2",2473
RONALD WEINER,Mexico,San Felipe del Progreso,2005-07-10,23.949999999999996,5,5,1,1,2482
TIMOTHY BUNN,Brazil,Braslia,2005-08-21,23.949999999999996,5,5,"2,1","2,1",2482
AARON SELBY,"Congo, The Democratic Republic of the",Mwene-Ditu,2005-08-23,23.949999999999996,5,5,1,1,2482
COREY HAUSER,Turkey,Gaziantep,2005-08-22,23.949999999999996,5,5,2,2,2482
CODY NOLEN,Brazil,So Bernardo do Campo,2005-08-02,23.949999999999996,5,5,1,1,2482
BILLY POULIN,Philippines,Cabuyao,2005-07-31,23.949999999999992,5,5,1,1,2487
RANDALL NEUMANN,Dominican Republic,La Romana,2005-08-22,23.949999999999992,5,5,1,1,2487
HEIDI LARSON,China,Xiangfan,2005-07-31,23.94000000000001,6,6,1,1,2489
CAROLYN PEREZ,Thailand,Pak Kret,2005-07-12,23.940000000000005,6,6,1,1,2490
LOUISE JENKINS,South Africa,Springs,2005-07-12,23.940000000000005,6,6,2,2,2490
ANNIE RUSSELL,Mozambique,Tete,2005-07-09,23.940000000000005,6,6,2,2,2490
VICTORIA GIBSON,Indonesia,Pemalang,2005-07-12,23.940000000000005,6,6,1,1,2490
MEGAN PALMER,China,Laiwu,2005-08-22,23.940000000000005,6,6,"1,2","1,2",2490
KATIE ELLIOTT,Kenya,Kisumu,2005-08-01,23.940000000000005,6,6,2,2,2490
ALMA AUSTIN,Germany,Mannheim,2005-08-21,23.940000000000005,6,6,"2,1","2,1",2490
JEANNE LAWSON,Turkmenistan,Ashgabat,2005-08-01,23.940000000000005,6,6,1,1,2490
KRISTINA CHAMBERS,Venezuela,Valle de la Pascua,2005-08-20,23.940000000000005,6,6,2,2,2490
GREGORY MAULDIN,Tunisia,Sousse,2005-08-01,23.940000000000005,6,6,2,2,2490
ERNEST STEPP,China,Huaian,2005-08-22,23.940000000000005,6,6,"1,2","1,2",2490
ALEXANDER FENNELL,Italy,Bergamo,2005-06-21,23.940000000000005,6,6,1,1,2490
ZACHARY HITE,United States,Akron,2005-06-19,23.940000000000005,6,6,2,2,2490
DAVE GARDINER,China,Leshan,2005-08-19,23.940000000000005,6,6,"2,1","2,1",2490
ENRIQUE FORSYTHE,Greece,Patras,2005-08-20,23.940000000000005,6,6,1,1,2490
BRENDA WRIGHT,India,Kamarhati,2005-06-18,23.94,6,6,"1,2","1,2",2505
MARTHA GONZALEZ,Moldova,Chisinau,2005-07-09,23.94,6,6,"1,2","1,2",2505
ALICE STEWART,United States,Fontana,2005-08-19,23.94,6,6,"2,1","2,1",2505
EMILY DIAZ,South Korea,Kimchon,2005-07-08,23.94,6,6,"1,2","1,2",2505
MICHELE GRANT,China,Yuncheng,2005-07-09,23.94,6,6,1,1,2505
LYNN PAYNE,Malawi,Lilongwe,2005-07-09,23.94,6,6,"1,2","1,2",2505
SUE PETERS,China,Changzhou,2005-06-17,23.94,6,6,"2,1","2,1",2505
JESSIE BANKS,Bulgaria,Stara Zagora,2005-06-20,23.94,6,6,"2,1","2,1",2505
JENNY CASTRO,Puerto Rico,Ponce,2005-07-09,23.94,6,6,"1,2","1,2",2505
KRISTINA CHAMBERS,Venezuela,Valle de la Pascua,2005-07-30,23.94,6,6,1,1,2505
SHELLY WATTS,United States,Dayton,2005-07-31,23.94,6,6,"1,2","1,2",2505
JAMES GANNON,Japan,Hiroshima,2005-08-21,23.94,6,6,"2,1","2,1",2505
PETER MENARD,Netherlands,Ede,2005-08-22,23.94,6,6,2,2,2505
RICKY SHELBY,China,Junan,2005-07-31,23.94,6,6,"1,2","1,2",2505
MICHEAL FORMAN,Argentina,Escobar,2005-07-31,23.94,6,6,"2,1","2,1",2505
TYLER WREN,China,Rizhao,2005-07-10,23.94,6,6,"1,2","1,2",2505
CHESTER BENNER,China,Suihua,2005-08-01,23.94,6,6,"1,2","1,2",2505
KATHRYN COLEMAN,Ukraine,Simferopol,2005-08-22,23.939999999999998,6,6,2,2,2522
IDA ANDREWS,Brazil,Luzinia,2005-08-02,23.939999999999998,6,6,2,2,2522
VERA MCCOY,Afghanistan,Kabul,2005-08-22,23.939999999999998,6,6,2,2,2522
GEORGIA JACOBS,India,Uttarpara-Kotrung,2005-07-10,23.939999999999998,6,6,1,1,2522
DEANNA BYRD,Philippines,Tuguegarao,2005-06-21,23.939999999999998,6,6,1,1,2522
RICHARD MCCRARY,United States,Arlington,2005-08-23,23.939999999999998,6,6,1,1,2522
WALTER PERRYMAN,China,Xinxiang,2005-08-01,23.939999999999998,6,6,2,2,2522
RYAN SALISBURY,Latvia,Daugavpils,2005-07-29,23.939999999999998,6,6,2,2,2522
BOBBY BOUDREAU,Anguilla,South Hill,2005-08-19,23.939999999999998,6,6,2,2,2522
MARCUS HIDALGO,Estonia,Tartu,2005-08-02,23.939999999999998,6,6,2,2,2522
TOM MILNER,United Arab Emirates,Abu Dhabi,2005-08-20,23.939999999999998,6,6,1,1,2522
LESTER KRAUS,India,Kanchrapara,2005-07-11,23.939999999999998,6,6,1,1,2522
JAVIER ELROD,Chad,NDjamna,2005-08-01,23.939999999999998,6,6,2,2,2522
TED BREAUX,China,Baicheng,2005-08-22,23.939999999999998,6,6,1,1,2522
JULIO NOLAND,Ukraine,Konotop,2005-08-02,23.939999999999998,6,6,2,2,2522
EDUARDO HIATT,China,Jining,2005-06-21,23.939999999999998,6,6,2,2,2522
GINA WILLIAMSON,Yemen,Taizz,2005-07-30,23.939999999999994,6,6,"2,1","2,1",2538
OLGA JIMENEZ,Nigeria,Ogbomosho,2005-07-10,23.939999999999994,6,6,1,1,2538
TIM CARY,India,Bijapur,2005-06-19,23.939999999999994,6,6,1,1,2538
CINDY FISHER,Venezuela,Cuman,2005-08-01,23.93999999999999,6,6,"2,1","2,1",2541
ESTHER CRAWFORD,South Africa,Botshabelo,2005-07-09,23.930000000000007,7,7,1,1,2542
MELANIE ARMSTRONG,Philippines,Bayugan,2005-08-23,23.930000000000007,7,7,2,2,2542
COLLEEN BURTON,Germany,Saarbrcken,2005-07-31,23.930000000000007,7,7,2,2,2542
SUSAN WILSON,New Zealand,Hamilton,2005-07-09,23.930000000000003,7,7,"1,2","1,2",2545
AMY LOPEZ,India,Jhansi,2005-07-10,23.930000000000003,7,7,1,1,2545
GERALDINE PERKINS,Israel,Tel Aviv-Jaffa,2005-08-01,23.930000000000003,7,7,1,1,2545
TONY CARRANZA,Japan,Koriyama,2005-08-21,23.930000000000003,7,7,"1,2","1,2",2545
LEONARD SCHOFIELD,Argentina,Tandil,2005-08-01,23.930000000000003,7,7,"1,2","1,2",2545
IRENE PRICE,Kazakstan,Pavlodar,2005-08-01,23.93,7,7,2,2,2550
BRITTANY RILEY,Ukraine,Sumy,2005-06-21,23.93,7,7,1,1,2550
KRISTINA CHAMBERS,Venezuela,Valle de la Pascua,2005-07-12,23.93,7,7,2,2,2550
JAMES GANNON,Japan,Hiroshima,2005-07-12,23.93,7,7,"2,1","2,1",2550
WAYNE TRUONG,India,Gulbarga,2005-08-01,23.93,7,7,1,1,2550
MARVIN YEE,India,Berhampore (Baharampur),2005-08-21,23.93,7,7,1,1,2550
VICKIE BREWER,Germany,Halle/Saale,2005-08-21,23.929999999999996,7,7,1,1,2556
JENNY CASTRO,Puerto Rico,Ponce,2005-07-30,23.929999999999996,7,7,2,2,2556
KEITH RICO,Slovakia,Bratislava,2005-07-12,23.929999999999996,7,7,1,1,2556
BILLY POULIN,Philippines,Cabuyao,2005-06-21,23.929999999999996,7,7,2,2,2556
CLIFFORD BOWENS,Russian Federation,Nabereznyje Telny,2005-07-12,23.929999999999996,7,7,1,1,2556
TOM MILNER,United Arab Emirates,Abu Dhabi,2005-07-08,23.929999999999996,7,7,1,1,2556
CRYSTAL FORD,Israel,Ashdod,2005-07-30,23.92000000000001,8,8,"2,1","2,1",2562
JIMMY SCHRADER,Russian Federation,Atinsk,2005-08-21,23.92000000000001,8,8,2,2,2562
DARRELL POWER,Canada,Halifax,2005-08-02,23.92000000000001,8,8,2,2,2562
TERRANCE ROUSH,Hungary,Szkesfehrvr,2005-07-30,23.920000000000005,8,8,1,1,2565
SANDRA MARTIN,United Kingdom,Southend-on-Sea,2005-08-02,23.92,8,8,2,2,2566
RENEE LANE,United States,Compton,2005-07-10,23.92,8,8,1,1,2566
CAROLE BARNETT,United States,Peoria,2005-08-20,23.92,8,8,2,2,2566
FRANK WAGGONER,Bangladesh,Jamalpur,2005-06-20,23.92,8,8,"1,2","1,2",2566
SUSAN WILSON,New Zealand,Hamilton,2005-07-12,23.919999999999998,8,8,1,1,2570
LORI WOOD,India,Rae Bareli,2005-07-11,23.919999999999998,8,8,1,1,2570
RITA GRAHAM,France,Toulon,2005-08-22,23.919999999999998,8,8,2,2,2570
JANE BENNETT,Brazil,Araatuba,2005-08-02,23.910000000000004,9,9,"1,2","1,2",2573
CHAD CARBONE,India,Katihar,2005-07-12,23.909999999999997,9,9,2,2,2574
TAMMY SANDERS,Taiwan,Changhwa,2005-07-12,23.900000000000006,10,10,"1,2","1,2",2575
DEREK BLAKELY,Philippines,Gingoog,2005-08-02,23.900000000000002,10,10,2,2,2576
MISTY LAMBERT,United Arab Emirates,Sharja,2005-08-22,22.950000000000017,5,5,"2,1","2,1",2577
RACHEL BARNES,Japan,Kamakura,2005-07-31,22.95000000000001,5,5,"1,2","1,2",2578
DANA HART,Russian Federation,Kirovo-Tepetsk,2005-08-20,22.950000000000006,5,5,2,2,2579
MABEL HOLLAND,Myanmar,Monywa,2005-08-20,22.950000000000006,5,5,"2,1","2,1",2579
FRANCISCO SKIDMORE,Brazil,So Leopoldo,2005-08-21,22.950000000000006,5,5,"1,2","1,2",2579
SHARON ROBINSON,Pakistan,Mardan,2005-07-30,22.950000000000003,5,5,2,2,2582
LAURA RODRIGUEZ,Morocco,Sal,2005-08-20,22.950000000000003,5,5,1,1,2582
REBECCA SCOTT,Japan,Kurashiki,2005-07-10,22.950000000000003,5,5,2,2,2582
CHRISTINE ROBERTS,French Polynesia,Faaa,2005-08-22,22.950000000000003,5,5,2,2,2582
CHERYL MURPHY,India,Mysore,2005-08-21,22.950000000000003,5,5,1,1,2582
JANICE WARD,Sweden,Malm,2005-07-07,22.950000000000003,5,5,"2,1","2,1",2582
DENISE KELLY,Brazil,Rio Claro,2005-07-11,22.950000000000003,5,5,1,1,2582
DAWN SULLIVAN,Tuvalu,Funafuti,2005-07-12,22.950000000000003,5,5,2,2,2582
CARMEN OWENS,Venezuela,Caracas,2005-07-12,22.950000000000003,5,5,1,1,2582
SYLVIA ORTIZ,Colombia,Dos Quebradas,2005-07-08,22.950000000000003,5,5,"2,1","2,1",2582
MARJORIE TUCKER,Poland,Jastrzebie-Zdrj,2005-07-30,22.950000000000003,5,5,"2,1","2,1",2582
PAULINE HENRY,Mexico,Torren,2005-07-09,22.950000000000003,5,5,2,2,2582
ELEANOR HUNT,Runion,Saint-Denis,2005-06-19,22.950000000000003,5,5,2,2,2582
MICHELE GRANT,China,Yuncheng,2005-07-08,22.950000000000003,5,5,1,1,2582
BERTHA FERGUSON,Nigeria,Ondo,2005-08-01,22.950000000000003,5,5,2,2,2582
GERALDINE PERKINS,Israel,Tel Aviv-Jaffa,2005-07-09,22.950000000000003,5,5,2,2,2582
AUDREY RAY,Austria,Graz,2005-07-30,22.950000000000003,5,5,1,1,2582
LAURIE LAWRENCE,India,Firozabad,2005-07-31,22.950000000000003,5,5,1,1,2582
KRISTEN CHAVEZ,Japan,Hino,2005-08-23,22.950000000000003,5,5,2,2,2582
VICKI FIELDS,Germany,Witten,2005-08-20,22.950000000000003,5,5,2,2,2582
CARLA GUTIERREZ,India,Bhusawal,2005-07-10,22.950000000000003,5,5,2,2,2582
GERTRUDE CASTILLO,Greenland,Nuuk,2005-07-08,22.950000000000003,5,5,"2,1","2,1",2582
LILLIE KIM,Egypt,Idfu,2005-07-10,22.950000000000003,5,5,1,1,2582
JACKIE LYNCH,Colombia,Buenaventura,2005-07-10,22.950000000000003,5,5,1,1,2582
VIOLA HANSON,Philippines,Lapu-Lapu,2005-07-31,22.950000000000003,5,5,"1,2","1,2",2582
STELLA MORENO,Mexico,Coacalco de Berriozbal,2005-07-09,22.950000000000003,5,5,"2,1","2,1",2582
KAY CALDWELL,China,Yantai,2005-08-20,22.950000000000003,5,5,1,1,2582
DIANNE SHELTON,Iran,Tabriz,2005-08-02,22.950000000000003,5,5,2,2,2582
SHERRI RHODES,India,Ahmadnagar,2005-08-19,22.950000000000003,5,5,1,1,2582
PETER MENARD,Netherlands,Ede,2005-08-21,22.950000000000003,5,5,2,2,2582
CARL ARTIS,Paraguay,San Lorenzo,2005-07-11,22.950000000000003,5,5,1,1,2582
JACK FOUST,Russian Federation,Zeleznogorsk,2005-08-23,22.950000000000003,5,5,"1,2","1,2",2582
ROY WHITING,Kenya,Nyeri,2005-06-21,22.950000000000003,5,5,2,2,2582
CHRIS BROTHERS,Spain,Gijn,2005-07-09,22.950000000000003,5,5,2,2,2582
JESUS MCCARTNEY,Brazil,Guaruj,2005-07-12,22.950000000000003,5,5,1,1,2582
JOEL FRANCISCO,Bolivia,Sucre,2005-08-02,22.950000000000003,5,5,2,2,2582
EDWIN BURK,South Africa,Newcastle,2005-08-23,22.950000000000003,5,5,1,1,2582
EDDIE TOMLIN,Philippines,Ozamis,2005-06-18,22.950000000000003,5,5,"2,1","2,1",2582
ALEXANDER FENNELL,Italy,Bergamo,2005-07-10,22.950000000000003,5,5,"2,1","2,1",2582
ZACHARY HITE,United States,Akron,2005-07-10,22.950000000000003,5,5,1,1,2582
ROBERTO VU,China,Yinchuan,2005-07-10,22.950000000000003,5,5,"2,1","2,1",2582
GLEN TALBERT,Mexico,Acua,2005-07-31,22.950000000000003,5,5,1,1,2582
RICK MATTOX,Egypt,Mit Ghamr,2005-06-18,22.950000000000003,5,5,"1,2","1,2",2582
BRETT CORNWELL,India,Siliguri (Shiliguri),2005-07-11,22.950000000000003,5,5,2,2,2582
HARVEY GUAJARDO,Vietnam,Vinh,2005-07-12,22.950000000000003,5,5,2,2,2582
CASEY MENA,Turkey,Tokat,2005-07-11,22.950000000000003,5,5,2,2,2582
DENISE KELLY,Brazil,Rio Claro,2005-08-01,22.95,5,5,1,1,2628
CATHY SPENCER,Japan,Kakamigahara,2005-07-11,22.95,5,5,1,1,2628
DEANNA BYRD,Philippines,Tuguegarao,2005-06-18,22.95,5,5,2,2,2628
DANNY ISOM,Pakistan,Okara,2005-08-02,22.95,5,5,"2,1","2,1",2628
BRAD MCCURDY,Taiwan,Chungho,2005-06-20,22.95,5,5,1,1,2628
JOANN GARDNER,Turkey,Tarsus,2005-08-02,22.949999999999996,5,5,2,2,2633
MARGIE WADE,China,Lengshuijiang,2005-07-30,22.949999999999996,5,5,"2,1","2,1",2633
TIM CARY,India,Bijapur,2005-06-18,22.949999999999996,5,5,2,2,2633
CLYDE TOBIAS,China,Shaoguan,2005-07-30,22.949999999999996,5,5,"2,1","2,1",2633
GUY BROWNLEE,China,Zhoushan,2005-07-30,22.949999999999996,5,5,1,1,2633
JULIAN VEST,Japan,Akishima,2005-08-22,22.94000000000001,6,6,2,2,2638
KIMBERLY LEE,Argentina,Crdoba,2005-08-19,22.940000000000005,6,6,"1,2","1,2",2639
MARTHA GONZALEZ,Moldova,Chisinau,2005-08-22,22.940000000000005,6,6,1,1,2639
CARMEN OWENS,Venezuela,Caracas,2005-06-21,22.940000000000005,6,6,2,2,2639
CLARA SHAW,Belarus,Molodetno,2005-06-21,22.940000000000005,6,6,1,1,2639
ALICIA MILLS,India,Nagaon,2005-08-19,22.940000000000005,6,6,"1,2","1,2",2639
WILLIE HOWELL,Argentina,Vicente Lpez,2005-08-22,22.940000000000005,6,6,1,1,2639
JOSEPH JOY,Brazil,Angra dos Reis,2005-06-21,22.940000000000005,6,6,1,1,2639
JEFFREY SPEAR,Indonesia,Ciparay,2005-08-02,22.940000000000005,6,6,1,1,2639
WILLIE MARKHAM,Argentina,Almirante Brown,2005-08-02,22.940000000000005,6,6,1,1,2639
DARRELL POWER,Canada,Halifax,2005-07-31,22.940000000000005,6,6,1,1,2639
REGINALD KINDER,Indonesia,Madiun,2005-07-12,22.940000000000005,6,6,2,2,2639
KEN PREWITT,Romania,Bucuresti,2005-08-21,22.940000000000005,6,6,2,2,2639
DOROTHY TAYLOR,Iran,Esfahan,2005-07-09,22.94,6,6,"1,2","1,2",2651
CHRISTINE ROBERTS,French Polynesia,Faaa,2005-07-10,22.94,6,6,"1,2","1,2",2651
ANNE POWELL,United Kingdom,Bradford,2005-08-01,22.94,6,6,1,1,2651
MARJORIE TUCKER,Poland,Jastrzebie-Zdrj,2005-07-11,22.94,6,6,2,2,2651
ELLA OLIVER,Yemen,Aden,2005-07-07,22.94,6,6,"2,1","2,1",2651
CAROLE BARNETT,United States,Peoria,2005-08-02,22.94,6,6,2,2,2651
MICHAEL SILVERMAN,China,Tiefa,2005-07-12,22.94,6,6,2,2,2651
JACK FOUST,Russian Federation,Zeleznogorsk,2005-08-02,22.94,6,6,2,2,2651
TODD TAN,Ukraine,Kamjanets-Podilskyi,2005-08-23,22.94,6,6,1,1,2651
TRAVIS ESTEP,Saudi Arabia,al-Qatif,2005-08-02,22.94,6,6,"1,2","1,2",2651
FRANCIS SIKES,Mexico,San Juan Bautista Tuxtepec,2005-08-23,22.94,6,6,2,2,2651
JOEL FRANCISCO,Bolivia,Sucre,2005-08-23,22.94,6,6,1,1,2651
RONNIE RICKETTS,Senegal,Ziguinchor,2005-06-18,22.94,6,6,1,1,2651
RAMON CHOATE,Ecuador,Robamba,2005-07-08,22.94,6,6,2,2,2651
IAN STILL,United States,Garland,2005-06-19,22.94,6,6,1,1,2651
SALVADOR TEEL,Gambia,Banjul,2005-07-30,22.94,6,6,2,2,2651
ENRIQUE FORSYTHE,Greece,Patras,2005-05-30,22.94,6,6,1,1,2651
FLORENCE WOODS,Argentina,Merlo,2005-07-11,22.939999999999998,6,6,2,2,2668
SYLVIA ORTIZ,Colombia,Dos Quebradas,2005-07-31,22.939999999999998,6,6,2,2,2668
HAZEL WARREN,China,Hohhot,2005-08-22,22.939999999999998,6,6,1,1,2668
JOANNE ROBERTSON,Japan,Urawa,2005-08-01,22.939999999999998,6,6,"1,2","1,2",2668
REGINA BERRY,China,Jinchang,2005-07-30,22.939999999999998,6,6,"2,1","2,1",2668
ERICA MATTHEWS,China,Pingxiang,2005-08-22,22.939999999999998,6,6,2,2,2668
STACY CUNNINGHAM,Colombia,Pereira,2005-08-01,22.939999999999998,6,6,1,1,2668
ELSIE KELLEY,Nigeria,Ikerre,2005-08-17,22.939999999999998,6,6,"1,2","1,2",2668
MINNIE ROMERO,Indonesia,Ciomas,2005-08-19,22.939999999999998,6,6,"1,2","1,2",2668
VICKIE BREWER,Germany,Halle/Saale,2005-08-19,22.939999999999998,6,6,"2,1","2,1",2668
OLGA JIMENEZ,Nigeria,Ogbomosho,2005-08-02,22.939999999999998,6,6,2,2,2668
RYAN SALISBURY,Latvia,Daugavpils,2005-07-10,22.939999999999998,6,6,1,1,2668
KEITH RICO,Slovakia,Bratislava,2005-07-11,22.939999999999998,6,6,"1,2","1,2",2668
ROY WHITING,Kenya,Nyeri,2005-07-29,22.939999999999998,6,6,2,2,2668
BILLY POULIN,Philippines,Cabuyao,2005-06-20,22.939999999999998,6,6,1,1,2668
CURTIS IRBY,Canada,Richmond Hill,2005-06-21,22.939999999999998,6,6,1,1,2668
RANDALL NEUMANN,Dominican Republic,La Romana,2005-08-02,22.939999999999998,6,6,2,2,2668
TOM MILNER,United Arab Emirates,Abu Dhabi,2005-07-07,22.939999999999998,6,6,"1,2","1,2",2668
ADRIAN CLARY,Italy,Udine,2005-07-31,22.939999999999998,6,6,"2,1","2,1",2668
KELLY KNOTT,China,Sanya,2005-08-02,22.939999999999998,6,5,2,2,2668
SIDNEY BURLESON,Poland,Czestochowa,2005-07-30,22.939999999999998,6,6,1,1,2668
JAMIE RICE,United States,Sterling Heights,2005-08-02,22.939999999999994,6,6,"2,1","2,1",2689
BECKY MILES,India,Tambaram,2005-08-22,22.93999999999999,6,6,"2,1","2,1",2690
SARAH LEWIS,Latvia,Liepaja,2005-08-21,22.930000000000007,7,7,2,2,2691
REBECCA SCOTT,Japan,Kurashiki,2005-08-20,22.930000000000007,7,7,2,2,2691
SANDRA MARTIN,United Kingdom,Southend-on-Sea,2005-08-01,22.930000000000003,7,7,2,2,2693
CARMEN OWENS,Venezuela,Caracas,2005-08-02,22.930000000000003,7,7,"1,2","1,2",2693
MARCIA DEAN,Philippines,Tanza,2005-07-10,22.930000000000003,7,7,"1,2","1,2",2693
WILLIE MARKHAM,Argentina,Almirante Brown,2005-08-23,22.930000000000003,7,7,1,1,2693
CRAIG MORRELL,Philippines,Cavite,2005-08-18,22.930000000000003,7,7,"2,1","2,1",2693
PHILIP CAUSEY,Russian Federation,Korolev,2005-08-20,22.930000000000003,7,7,2,2,2693
REGINALD KINDER,Indonesia,Madiun,2005-08-23,22.930000000000003,7,7,1,1,2693
TED BREAUX,China,Baicheng,2005-07-31,22.930000000000003,7,7,"1,2","1,2",2693
ROSS GREY,Philippines,Iligan,2005-07-11,22.930000000000003,7,7,"1,2","1,2",2693
PEGGY MYERS,Saudi Arabia,Abha,2005-08-22,22.93,7,7,2,2,2702
RITA GRAHAM,France,Toulon,2005-08-21,22.93,7,7,1,1,2702
SALLY PIERCE,India,Chandrapur,2005-07-31,22.93,7,7,2,2,2702
GARY COY,China,Yuzhou,2005-07-11,22.93,7,7,"1,2","1,2",2702
JONATHAN SCARBOROUGH,Mexico,Pachuca de Soto,2005-08-23,22.93,7,7,"1,2","1,2",2702
MARCUS HIDALGO,Estonia,Tartu,2005-08-20,22.93,7,7,"1,2","1,2",2702
JAY ROBB,Indonesia,Surakarta,2005-06-20,22.93,7,7,1,1,2702
JIM REA,Mexico,El Fuerte,2005-06-21,22.93,7,7,1,1,2702
TOM MILNER,United Arab Emirates,Abu Dhabi,2005-06-19,22.93,7,7,2,2,2702
BILLY POULIN,Philippines,Cabuyao,2005-07-12,22.929999999999996,7,7,1,1,2711
SEAN DOUGLASS,Ethiopia,Addis Abeba,2005-08-02,22.929999999999996,7,7,1,1,2711
CHRISTY VARGAS,China,Datong,2005-07-30,22.92,8,8,"1,2","1,2",2713
LEAH CURTIS,Poland,Kalisz,2005-08-23,22.92,8,8,2,2,2713
MARC OUTLAW,Italy,Brindisi,2005-08-01,22.92,8,8,2,2,2713
BOB PFEIFFER,China,Xintai,2005-08-21,22.92,8,8,"2,1","2,1",2713
RENE MCALISTER,United States,Garden Grove,2005-07-12,22.92,8,8,1,1,2713
HOLLY FOX,India,Haldia,2005-08-02,22.919999999999998,8,8,1,1,2718
LOIS BUTLER,Brunei,Bandar Seri Begawan,2005-08-02,22.910000000000007,9,9,2,2,2719
RICKY SHELBY,China,Junan,2005-08-22,22.910000000000007,9,9,1,1,2719
BOBBY BOUDREAU,Anguilla,South Hill,2005-08-01,22.910000000000004,9,9,"1,2","1,2",2721
JEFF EAST,Dominican Republic,San Felipe de Puerto Plata,2005-08-22,22.909999999999997,9,9,"1,2","1,2",2722
HARRY ARCE,Iran,Najafabad,2005-07-31,21.950000000000006,5,5,1,1,2723
KARL SEAL,United States,Cape Coral,2005-07-09,21.950000000000006,5,5,2,2,2723
IVAN CROMWELL,Mexico,Monclova,2005-07-30,21.950000000000006,5,5,"1,2","1,2",2723
BARBARA JONES,Myanmar,Myingyan,2005-07-30,21.950000000000003,5,5,1,1,2726
BETTY WHITE,United States,Citrus Heights,2005-07-30,21.950000000000003,5,5,2,2,2726
DEBRA NELSON,Brazil,Vila Velha,2005-06-19,21.950000000000003,5,5,1,1,2726
JULIE SANCHEZ,Spain,A Corua (La Corua),2005-07-30,21.950000000000003,5,5,1,1,2726
DORIS REED,Russian Federation,Balaiha,2005-08-21,21.950000000000003,5,5,1,1,2726
CONNIE WALLACE,Russian Federation,Ivanovo,2005-08-22,21.950000000000003,5,5,1,1,2726
CARMEN OWENS,Venezuela,Caracas,2005-07-07,21.950000000000003,5,5,"1,2","1,2",2726
GAIL KNIGHT,Switzerland,Bern,2005-07-31,21.950000000000003,5,5,"2,1","2,1",2726
LORRAINE STEPHENS,China,Hami,2005-08-01,21.950000000000003,5,5,1,1,2726
JUNE CARROLL,Algeria,Skikda,2005-05-31,21.950000000000003,5,5,1,1,2726
ALMA AUSTIN,Germany,Mannheim,2005-07-10,21.950000000000003,5,5,2,2,2726
TERRI VASQUEZ,Brazil,Blumenau,2005-07-07,21.950000000000003,5,5,2,2,2726
WILLIE HOWELL,Argentina,Vicente Lpez,2005-07-29,21.950000000000003,5,5,"1,2","1,2",2726
MARIAN MENDOZA,Brazil,Maring,2005-07-12,21.950000000000003,5,5,1,1,2726
RAMONA HALE,India,Patiala,2005-07-10,21.950000000000003,5,5,1,1,2726
RAMONA HALE,India,Patiala,2005-07-30,21.950000000000003,5,5,1,1,2726
STEVEN CURLEY,India,Miraj,2005-06-18,21.950000000000003,5,5,2,2,2726
JACK FOUST,Russian Federation,Zeleznogorsk,2005-08-01,21.950000000000003,5,5,2,2,2726
RALPH MADRIGAL,Puerto Rico,Arecibo,2005-07-11,21.950000000000003,5,5,1,1,2726
TODD TAN,Ukraine,Kamjanets-Podilskyi,2005-08-20,21.950000000000003,5,5,"1,2","1,2",2726
CHRIS BROTHERS,Spain,Gijn,2005-08-21,21.950000000000003,5,5,1,1,2726
JIMMY SCHRADER,Russian Federation,Atinsk,2005-07-10,21.950000000000003,5,5,2,2,2726
BRYAN HARDISON,United States,Dallas,2005-08-20,21.950000000000003,5,5,2,2,2726
RODNEY MOELLER,Nigeria,Deba Habe,2005-07-09,21.950000000000003,5,5,"1,2","1,2",2726
LEE HAWKS,India,Pudukkottai,2005-07-29,21.950000000000003,5,5,1,1,2726
DEAN SAUER,South Africa,Johannesburg,2005-07-12,21.950000000000003,5,5,1,1,2726
DUANE TUBBS,Nauru,Yangor,2005-07-10,21.950000000000003,5,5,1,1,2726
LANCE PEMBERTON,Morocco,Beni-Mellal,2005-06-21,21.950000000000003,5,5,2,2,2726
JORDAN ARCHULETA,Argentina,Avellaneda,2005-07-09,21.950000000000003,5,5,2,2,2726
IAN STILL,United States,Garland,2005-06-18,21.950000000000003,5,5,1,1,2726
JOHNNIE CHISHOLM,Poland,Plock,2005-06-18,21.950000000000003,5,5,1,1,2726
SIDNEY BURLESON,Poland,Czestochowa,2005-08-20,21.950000000000003,5,5,"2,1","2,1",2726
SHIRLEY ALLEN,Philippines,Davao,2005-07-31,21.95,5,5,"2,1","2,1",2758
ANGELA HERNANDEZ,Japan,Shimonoseki,2005-07-10,21.95,5,5,1,1,2758
JUDY GRAY,Algeria,Bchar,2005-08-19,21.95,5,5,1,1,2758
JANE BENNETT,Brazil,Araatuba,2005-06-21,21.95,5,5,2,2,2758
AMBER DIXON,Taiwan,Touliu,2005-07-09,21.95,5,5,"2,1","2,1",2758
TIMOTHY BUNN,Brazil,Braslia,2005-07-31,21.95,5,5,"2,1","2,1",2758
JEFFREY SPEAR,Indonesia,Ciparay,2005-06-21,21.95,5,5,1,1,2758
DARREN WINDHAM,Italy,Livorno,2005-08-02,21.95,5,5,2,2,2758
EDUARDO HIATT,China,Jining,2005-06-19,21.95,5,5,2,2,2758
CATHY SPENCER,Japan,Kakamigahara,2005-08-20,21.949999999999996,5,5,2,2,2767
ALLISON STANLEY,Cambodia,Phnom Penh,2005-07-07,21.949999999999996,5,5,1,1,2767
PRISCILLA LOWE,Mexico,Salamanca,2005-06-21,21.949999999999996,5,5,1,1,2767
BECKY MILES,India,Tambaram,2005-07-31,21.949999999999996,5,5,"2,1","2,1",2767
VIOLET RODRIQUEZ,Hong Kong,Kowloon and New Kowloon,2005-08-01,21.949999999999996,5,5,2,2,2767
RAYMOND MCWHORTER,Azerbaijan,Sumqayit,2005-08-22,21.949999999999996,5,5,1,1,2767
SARAH LEWIS,Latvia,Liepaja,2005-07-12,21.940000000000005,6,6,2,2,2773
DEBORAH WALKER,Pakistan,Shikarpur,2005-07-31,21.940000000000005,6,6,2,2,2773
CATHERINE CAMPBELL,Russian Federation,Moscow,2005-08-18,21.940000000000005,6,6,"2,1","2,1",2773
JANICE WARD,Sweden,Malm,2005-08-02,21.940000000000005,6,6,2,2,2773
NICOLE PETERSON,India,Shivapuri,2005-08-23,21.940000000000005,6,6,1,1,2773
RACHEL BARNES,Japan,Kamakura,2005-07-09,21.940000000000005,6,6,2,2,2773
VICTORIA GIBSON,Indonesia,Pemalang,2005-08-01,21.940000000000005,6,6,"2,1","2,1",2773
ROSEMARY SCHMIDT,Turkey,Usak,2005-08-21,21.940000000000005,6,6,2,2,2773
STACEY MONTGOMERY,China,Fuyu,2005-08-20,21.940000000000005,6,6,"2,1","2,1",2773
TAMARA NGUYEN,Brazil,Anpolis,2005-07-11,21.940000000000005,6,6,2,2,2773
BENJAMIN VARNEY,Mexico,Guadalajara,2005-08-20,21.940000000000005,6,6,"1,2","1,2",2773
HARRY ARCE,Iran,Najafabad,2005-08-19,21.940000000000005,6,6,"1,2","1,2",2773
BILL GAVIN,United States,Rockford,2005-08-20,21.940000000000005,6,6,2,2,2773
ELIZABETH BROWN,Taiwan,Nantou,2005-07-10,21.94,6,6,2,2,2786
WENDY HARRISON,Mexico,Nezahualcyotl,2005-07-31,21.94,6,6,2,2,2786
CHARLOTTE HUNTER,Brazil,guas Lindas de Gois,2005-06-20,21.94,6,6,1,1,2786
JUANITA MASON,India,Pune,2005-07-12,21.94,6,6,1,1,2786
JILL HAWKINS,Austria,Linz,2005-07-31,21.94,6,6,1,1,2786
AGNES BISHOP,India,Sambhal,2005-07-31,21.94,6,6,2,2,2786
AGNES BISHOP,India,Sambhal,2005-08-22,21.94,6,6,2,2,2786
MINNIE ROMERO,Indonesia,Ciomas,2005-07-12,21.94,6,6,1,1,2786
CHARLES KOWALSKI,Malaysia,Sungai Petani,2005-07-29,21.94,6,6,"2,1","2,1",2786
JEREMY HURTADO,Brazil,Vitria de Santo Anto,2005-07-11,21.94,6,6,2,2,2786
NATHAN RUNYON,"Virgin Islands, U.S.",Charlotte Amalie,2005-06-20,21.94,6,6,1,1,2786
TOM MILNER,United Arab Emirates,Abu Dhabi,2005-06-18,21.94,6,6,"1,2","1,2",2786
WILLARD LUMPKIN,Mexico,Carmen,2005-07-12,21.94,6,6,1,1,2786
SUSAN WILSON,New Zealand,Hamilton,2005-08-02,21.939999999999998,6,6,"1,2","1,2",2799
ELLEN SIMPSON,Brazil,Po,2005-08-19,21.939999999999998,6,6,2,2,2799
JUANITA MASON,India,Pune,2005-08-23,21.939999999999998,6,6,2,2,2799
GWENDOLYN MAY,Japan,Higashiosaka,2005-08-20,21.939999999999998,6,6,"2,1","2,1",2799
MARK RINEHART,Saudi Arabia,Tabuk,2005-08-22,21.939999999999998,6,6,1,1,2799
RONALD WEINER,Mexico,San Felipe del Progreso,2005-06-21,21.939999999999998,6,6,2,2,2799
PATRICK NEWSOM,Vietnam,Hanoi,2005-07-31,21.939999999999998,6,6,1,1,2799
SEAN DOUGLASS,Ethiopia,Addis Abeba,2005-08-01,21.939999999999998,6,6,1,1,2799
DANNY ISOM,Pakistan,Okara,2005-07-12,21.939999999999998,6,6,2,2,2799
LESLIE SEWARD,Indonesia,Pontianak,2005-08-01,21.939999999999998,6,6,1,1,2799
DARRYL ASHCRAFT,Argentina,Ezeiza,2005-07-31,21.939999999999998,6,6,1,1,2799
EDUARDO HIATT,China,Jining,2005-07-09,21.939999999999998,6,6,2,2,2799
DENNIS GILMAN,South Africa,Paarl,2005-08-02,21.939999999999994,6,6,"1,2","1,2",2811
VIRGINIA GREEN,France,Toulouse,2005-08-21,21.93999999999999,6,6,"1,2","1,2",2812
MITCHELL WESTMORELAND,Vietnam,Nha Trang,2005-08-19,21.93999999999999,6,6,"1,2","1,2",2812
LOIS BUTLER,Brunei,Bandar Seri Begawan,2005-08-22,21.930000000000007,7,7,"2,1","2,1",2814
WILLIAM SATTERFIELD,Yemen,Sanaa,2005-08-22,21.930000000000007,7,7,2,2,2814
DIANA ALEXANDER,United States,Augusta-Richmond County,2005-06-21,21.930000000000003,7,7,"1,2","1,2",2816
JOY GEORGE,Romania,Botosani,2005-07-11,21.930000000000003,7,7,"2,1","2,1",2816
ANGELA HERNANDEZ,Japan,Shimonoseki,2005-06-21,21.93,7,7,1,1,2818
HOLLY FOX,India,Haldia,2005-07-31,21.93,7,7,1,1,2818
HILDA HOPKINS,Philippines,Mandaluyong,2005-07-11,21.93,7,7,2,2,2818
JENNIE TERRY,Czech Republic,Olomouc,2005-08-01,21.93,7,7,2,2,2818
DAISY BATES,Russian Federation,Kolpino,2005-06-20,21.93,7,7,1,1,2818
RAY HOULE,Russian Federation,Dzerzinsk,2005-08-22,21.93,7,7,1,1,2818
LEO EBERT,China,Dongying,2005-08-02,21.93,7,7,"2,1","2,1",2818
HECTOR POINDEXTER,Russian Federation,Pjatigorsk,2005-07-29,21.93,7,7,"2,1","2,1",2818
LESLIE SEWARD,Indonesia,Pontianak,2005-08-21,21.93,7,7,"1,2","1,2",2818
CLAYTON BARBEE,Brazil,Alvorada,2005-08-21,21.93,7,7,"1,2","1,2",2818
HERMAN DEVORE,Tanzania,Mwanza,2005-07-11,21.929999999999996,7,7,1,1,2828
MITCHELL WESTMORELAND,Vietnam,Nha Trang,2005-07-31,21.929999999999996,7,7,1,1,2828
LUCILLE HOLMES,South Africa,Soshanguve,2005-08-01,21.929999999999993,7,7,2,2,2830
MARY SMITH,Japan,Sasebo,2005-08-22,21.92000000000001,8,8,"1,2","1,2",2831
LOIS BUTLER,Brunei,Bandar Seri Begawan,2005-07-31,21.92000000000001,8,8,2,2,2831
MELISSA KING,Taiwan,Lungtan,2005-08-22,21.92,8,8,1,1,2833
DEREK BLAKELY,Philippines,Gingoog,2005-08-01,21.92,8,8,1,1,2833
CLYDE TOBIAS,China,Shaoguan,2005-07-09,21.92,8,8,1,1,2833
THERESA WATSON,Philippines,Taguig,2005-08-19,21.919999999999998,8,8,"1,2","1,2",2836
MARTIN BALES,Angola,Namibe,2005-08-02,21.910000000000004,9,9,"1,2","1,2",2837
SHERRI RHODES,India,Ahmadnagar,2005-08-02,21.91,9,9,2,2,2838
WESLEY BULL,Spain,Ourense (Orense),2005-08-20,20.950000000000017,5,5,1,1,2839
MAE FLETCHER,Spain,Donostia-San Sebastin,2005-07-10,20.95000000000001,5,5,2,2,2840
KATHERINE RIVERA,Switzerland,Basel,2005-08-23,20.950000000000006,5,5,1,1,2841
JEFFREY SPEAR,Indonesia,Ciparay,2005-08-20,20.950000000000006,5,5,"1,2","1,2",2841
BILL GAVIN,United States,Rockford,2005-08-19,20.950000000000006,5,5,1,1,2841
ELIZABETH BROWN,Taiwan,Nantou,2005-07-09,20.950000000000003,5,5,"1,2","1,2",2844
MARIA MILLER,Yugoslavia,Kragujevac,2005-05-31,20.950000000000003,5,5,1,1,2844
HELEN HARRIS,India,Bhopal,2005-07-31,20.950000000000003,5,5,1,1,2844
CAROLYN PEREZ,Thailand,Pak Kret,2005-07-11,20.950000000000003,5,5,1,1,2844
JOYCE EDWARDS,Saudi Arabia,Jedda,2005-07-11,20.950000000000003,5,5,1,1,2844
TERESA ROGERS,Japan,Iwakuni,2005-07-11,20.950000000000003,5,5,1,1,2844
BEVERLY BROOKS,Taiwan,Chiayi,2005-07-31,20.950000000000003,5,5,1,1,2844
LILLIAN GRIFFIN,United Arab Emirates,al-Ayn,2005-06-19,20.950000000000003,5,5,2,2,2844
CARMEN OWENS,Venezuela,Caracas,2005-08-22,20.950000000000003,5,5,"1,2","1,2",2844
SUZANNE NICHOLS,Indonesia,Jakarta,2005-08-21,20.950000000000003,5,5,1,1,2844
GAIL KNIGHT,Switzerland,Bern,2005-07-12,20.950000000000003,5,5,1,1,2844
RENEE LANE,United States,Compton,2005-08-02,20.950000000000003,5,5,1,1,2844
MELANIE ARMSTRONG,Philippines,Bayugan,2005-07-12,20.950000000000003,5,5,2,2,2844
KATIE ELLIOTT,Kenya,Kisumu,2005-07-31,20.950000000000003,5,5,1,1,2844
VANESSA SIMS,Germany,Siegen,2005-07-11,20.950000000000003,5,5,2,2,2844
JEANNE LAWSON,Turkmenistan,Ashgabat,2005-07-31,20.950000000000003,5,5,1,1,2844
COLLEEN BURTON,Germany,Saarbrcken,2005-07-09,20.950000000000003,5,5,1,1,2844
ALLISON STANLEY,Cambodia,Phnom Penh,2005-08-01,20.950000000000003,5,5,1,1,2844
MINNIE ROMERO,Indonesia,Ciomas,2005-07-10,20.950000000000003,5,5,"2,1","2,1",2844
STELLA MORENO,Mexico,Coacalco de Berriozbal,2005-08-02,20.950000000000003,5,5,2,2,2844
MABEL HOLLAND,Myanmar,Monywa,2005-06-18,20.950000000000003,5,5,"2,1","2,1",2844
CAROLE BARNETT,United States,Peoria,2005-08-01,20.950000000000003,5,5,1,1,2844
KRISTINA CHAMBERS,Venezuela,Valle de la Pascua,2005-08-19,20.950000000000003,5,5,"2,1","2,1",2844
JOHN FARNSWORTH,India,Parbhani,2005-07-11,20.950000000000003,5,5,2,2,2844
CHARLES KOWALSKI,Malaysia,Sungai Petani,2005-07-12,20.950000000000003,5,5,2,2,2844
DOUGLAS GRAF,Mexico,Mexicali,2005-06-18,20.950000000000003,5,5,2,2,2844
ALBERT CROUSE,Cameroon,Bamenda,2005-06-21,20.950000000000003,5,5,2,2,2844
JEREMY HURTADO,Brazil,Vitria de Santo Anto,2005-07-10,20.950000000000003,5,5,"1,2","1,2",2844
JEREMY HURTADO,Brazil,Vitria de Santo Anto,2005-08-21,20.950000000000003,5,5,2,2,2844
CARLOS COUGHLIN,India,Bhavnagar,2005-08-20,20.950000000000003,5,5,1,1,2844
SHAWN HEATON,Thailand,Nakhon Sawan,2005-07-08,20.950000000000003,5,5,1,1,2844
CLARENCE GAMEZ,Japan,Izumisano,2005-07-10,20.950000000000003,5,5,"2,1","2,1",2844
GLENN PULLEN,Netherlands,Amersfoort,2005-07-12,20.950000000000003,5,5,"2,1","2,1",2844
HERBERT KRUGER,Russian Federation,Syktyvkar,2005-07-12,20.950000000000003,5,5,1,1,2844
BARRY LOVELACE,Zambia,Kitwe,2005-07-10,20.950000000000003,5,5,1,1,2844
DEAN SAUER,South Africa,Johannesburg,2005-06-20,20.950000000000003,5,5,2,2,2844
LEWIS LYMAN,Israel,Ashqelon,2005-08-22,20.950000000000003,5,5,"1,2","1,2",2844
SAM MCDUFFIE,Colombia,Sogamoso,2005-08-23,20.950000000000003,5,5,1,1,2844
KURT EMMONS,Japan,Kanazawa,2005-07-29,20.950000000000003,5,5,1,1,2844
CLAYTON BARBEE,Brazil,Alvorada,2005-05-31,20.950000000000003,5,5,2,2,2844
JORDAN ARCHULETA,Argentina,Avellaneda,2005-07-29,20.950000000000003,5,5,"1,2","1,2",2844
BETTY WHITE,United States,Citrus Heights,2005-05-29,20.95,5,5,2,2,2885
HEATHER MORRIS,Japan,Nagareyama,2005-08-20,20.95,5,5,"2,1","2,1",2885
KATHRYN COLEMAN,Ukraine,Simferopol,2005-06-21,20.95,5,5,2,2,2885
STACY CUNNINGHAM,Colombia,Pereira,2005-08-21,20.95,5,5,1,1,2885
NATALIE MEYER,Brazil,Aparecida de Goinia,2005-08-02,20.95,5,5,1,1,2885
JON WILES,Bolivia,El Alto,2005-08-20,20.95,5,5,2,2,2885
LESLIE SEWARD,Indonesia,Pontianak,2005-05-30,20.95,5,5,2,2,2885
IDA ANDREWS,Brazil,Luzinia,2005-08-01,20.949999999999996,5,5,2,2,2892
GEORGIA JACOBS,India,Uttarpara-Kotrung,2005-08-02,20.949999999999996,5,5,"2,1","2,1",2892
DENNIS GILMAN,South Africa,Paarl,2005-08-21,20.949999999999996,5,5,1,1,2892
CLIFFORD BOWENS,Russian Federation,Nabereznyje Telny,2005-07-11,20.949999999999996,5,5,2,2,2892
TIM CARY,India,Bijapur,2005-05-28,20.949999999999996,5,5,1,1,2892
EDGAR RHOADS,Turkey,Eskisehir,2005-07-30,20.949999999999996,5,5,"2,1","2,1",2892
CLINTON BUFORD,United States,Aurora,2005-07-31,20.949999999999996,5,5,1,1,2892
TAMMY SANDERS,Taiwan,Changhwa,2005-07-29,20.94000000000001,6,6,1,1,2899
MARGARET MOORE,Oman,Masqat,2005-08-02,20.940000000000005,6,6,2,2,2900
GLORIA COOK,French Polynesia,Papeete,2005-08-01,20.940000000000005,6,6,2,2,2900
ESTHER CRAWFORD,South Africa,Botshabelo,2005-07-08,20.940000000000005,6,6,"1,2","1,2",2900
TARA RYAN,Indonesia,Gorontalo,2005-08-23,20.940000000000005,6,6,2,2,2900
COLLEEN BURTON,Germany,Saarbrcken,2005-07-30,20.940000000000005,6,6,1,1,2900
NINA SOTO,India,Palghat (Palakkad),2005-06-19,20.940000000000005,6,6,2,2,2900
GERALD FULTZ,India,Satna,2005-07-30,20.940000000000005,6,6,"1,2","1,2",2900
WILLIE MARKHAM,Argentina,Almirante Brown,2005-08-22,20.940000000000005,6,6,1,1,2900
CLARENCE GAMEZ,Japan,Izumisano,2005-08-01,20.940000000000005,6,6,"1,2","1,2",2900
PHILIP CAUSEY,Russian Federation,Korolev,2005-08-19,20.940000000000005,6,6,"1,2","1,2",2900
ROSS GREY,Philippines,Iligan,2005-07-30,20.940000000000005,6,6,1,1,2900
BETTY WHITE,United States,Citrus Heights,2005-08-23,20.94,6,6,1,1,2911
JANET PHILLIPS,Chile,Antofagasta,2005-07-11,20.94,6,6,2,2,2911
TINA SIMMONS,Brazil,Goinia,2005-08-22,20.94,6,6,"1,2","1,2",2911
VICTORIA GIBSON,Indonesia,Pemalang,2005-06-19,20.94,6,6,1,1,2911
HAZEL WARREN,China,Hohhot,2005-07-30,20.94,6,6,2,2,2911
JAMIE RICE,United States,Sterling Heights,2005-06-19,20.94,6,6,1,1,2911
MEGAN PALMER,China,Laiwu,2005-07-31,20.94,6,6,1,1,2911
ANNETTE OLSON,India,Allappuzha (Alleppey),2005-07-29,20.94,6,6,1,1,2911
BRITTANY RILEY,Ukraine,Sumy,2005-06-19,20.94,6,6,"2,1","2,1",2911
JOY GEORGE,Romania,Botosani,2005-06-19,20.94,6,6,"2,1","2,1",2911
JACKIE LYNCH,Colombia,Buenaventura,2005-08-22,20.94,6,6,1,1,2911
MARK RINEHART,Saudi Arabia,Tabuk,2005-07-12,20.94,6,6,"2,1","2,1",2911
EUGENE CULPEPPER,China,Shenzhen,2005-08-02,20.94,6,6,1,1,2911
MARVIN YEE,India,Berhampore (Baharampur),2005-08-20,20.94,6,6,2,2,2911
THEODORE CULP,India,Uluberia,2005-06-20,20.94,6,6,"1,2","1,2",2911
FRANKLIN TROUTMAN,China,Zaoyang,2005-08-18,20.94,6,6,"1,2","1,2",2911
HARVEY GUAJARDO,Vietnam,Vinh,2005-08-01,20.94,6,6,2,2,2911
ALMA AUSTIN,Germany,Mannheim,2005-06-20,20.939999999999998,6,6,"2,1","2,1",2928
VIOLA HANSON,Philippines,Lapu-Lapu,2005-07-10,20.939999999999998,6,6,"2,1","2,1",2928
KYLE SPURLOCK,China,Shanwei,2005-07-30,20.939999999999998,6,6,"1,2","1,2",2928
EDDIE TOMLIN,Philippines,Ozamis,2005-08-02,20.939999999999998,6,6,1,1,2928
HERMAN DEVORE,Tanzania,Mwanza,2005-07-10,20.939999999999998,6,6,2,2,2928
TIM CARY,India,Bijapur,2005-07-11,20.939999999999994,6,6,1,1,2933
BOBBY BOUDREAU,Anguilla,South Hill,2005-07-31,20.930000000000003,7,7,"1,2","1,2",2934
CRAIG MORRELL,Philippines,Cavite,2005-07-31,20.930000000000003,7,7,2,2,2934
GRACE ELLIS,Germany,Duisburg,2005-07-11,20.93,7,7,1,1,2936
GRACE ELLIS,Germany,Duisburg,2005-07-12,20.93,7,7,1,1,2936
SALLY PIERCE,India,Chandrapur,2005-07-10,20.93,7,7,1,1,2936
RENEE LANE,United States,Compton,2005-07-08,20.93,7,7,2,2,2936
JACK FOUST,Russian Federation,Zeleznogorsk,2005-07-11,20.93,7,7,2,2,2936
LANCE PEMBERTON,Morocco,Beni-Mellal,2005-08-01,20.93,7,7,"2,1","2,1",2936
DUSTIN GILLETTE,Netherlands,Emmen,2005-08-21,20.929999999999996,7,7,1,1,2942
SUE PETERS,China,Changzhou,2005-05-30,20.92,8,8,1,1,2943
LEONARD SCHOFIELD,Argentina,Tandil,2005-08-22,20.92,8,8,"1,2","1,2",2943
GENE SANBORN,Oman,Salala,2005-07-11,20.919999999999998,8,8,1,1,2945
CARRIE PORTER,China,Liaocheng,2005-07-09,20.910000000000004,9,9,"1,2","1,2",2946
VICTORIA GIBSON,Indonesia,Pemalang,2005-08-20,19.95000000000001,5,5,1,1,2947
MISTY LAMBERT,United Arab Emirates,Sharja,2005-07-28,19.95000000000001,5,5,1,1,2947
KATHLEEN ADAMS,Iran,Arak,2005-08-20,19.950000000000006,5,5,"2,1","2,1",2949
CATHERINE CAMPBELL,Russian Federation,Moscow,2005-07-31,19.950000000000006,5,5,"2,1","2,1",2949
ELIZABETH BROWN,Taiwan,Nantou,2005-06-20,19.950000000000003,5,5,2,2,2951
MARGARET MOORE,Oman,Masqat,2005-08-21,19.950000000000003,5,5,2,2,2951
BETTY WHITE,United States,Citrus Heights,2005-08-22,19.950000000000003,5,5,"2,1","2,1",2951
SHARON ROBINSON,Pakistan,Mardan,2005-07-11,19.950000000000003,5,5,"1,2","1,2",2951
SHIRLEY ALLEN,Philippines,Davao,2005-06-18,19.950000000000003,5,5,2,2,2951
AMY LOPEZ,India,Jhansi,2005-07-09,19.950000000000003,5,5,1,1,2951
ANNA HILL,Italy,Alessandria,2005-08-01,19.950000000000003,5,5,2,2,2951
JOAN COOPER,United States,Saint Louis,2005-06-20,19.950000000000003,5,5,"2,1","2,1",2951
JOAN COOPER,United States,Saint Louis,2005-08-22,19.950000000000003,5,5,2,2,2951
JUDITH COX,China,Daxian,2005-07-08,19.950000000000003,5,5,"1,2","1,2",2951
CHRISTINA RAMIREZ,Saudi Arabia,al-Hawiya,2005-07-29,19.950000000000003,5,5,"2,1","2,1",2951
NORMA GONZALES,Philippines,Bislig,2005-06-19,19.950000000000003,5,5,"2,1","2,1",2951
CARMEN OWENS,Venezuela,Caracas,2005-06-20,19.950000000000003,5,5,2,2,2951
THELMA MURRAY,Peru,Lima,2005-07-28,19.950000000000003,5,5,"2,1","2,1",2951
CLARA SHAW,Belarus,Molodetno,2005-06-20,19.950000000000003,5,5,"2,1","2,1",2951
JAMIE RICE,United States,Sterling Heights,2005-06-18,19.950000000000003,5,5,1,1,2951
VALERIE BLACK,United States,Brockton,2005-08-23,19.950000000000003,5,5,2,2,2951
ALICIA MILLS,India,Nagaon,2005-07-12,19.950000000000003,5,5,1,1,2951
LORRAINE STEPHENS,China,Hami,2005-07-09,19.950000000000003,5,5,1,1,2951
DOLORES WAGNER,Malaysia,Ipoh,2005-08-19,19.950000000000003,5,5,"1,2","1,2",2951
LORETTA CARPENTER,Canada,Oshawa,2005-07-30,19.950000000000003,5,5,2,2,2951
YOLANDA WEAVER,Tanzania,Tabora,2005-06-21,19.950000000000003,5,5,1,1,2951
ROSEMARY SCHMIDT,Turkey,Usak,2005-07-31,19.950000000000003,5,5,2,2,2951
LUCY WHEELER,India,Balurghat,2005-07-10,19.950000000000003,5,5,2,2,2951
GINA WILLIAMSON,Yemen,Taizz,2005-06-19,19.950000000000003,5,5,2,2,2951
KRISTIN JOHNSTON,United States,Sunnyvale,2005-07-12,19.950000000000003,5,5,1,1,2951
WILLIE HOWELL,Argentina,Vicente Lpez,2005-07-09,19.950000000000003,5,5,2,2,2951
TAMARA NGUYEN,Brazil,Anpolis,2005-07-31,19.950000000000003,5,5,2,2,2951
COURTNEY DAY,South Korea,Uijongbu,2005-05-29,19.950000000000003,5,5,"1,2","1,2",2951
COURTNEY DAY,South Korea,Uijongbu,2005-07-12,19.950000000000003,5,5,1,1,2951
DORA MEDINA,China,Tianjin,2005-06-20,19.950000000000003,5,5,2,2,2951
JENNIE TERRY,Czech Republic,Olomouc,2005-07-09,19.950000000000003,5,5,"2,1","2,1",2951
TONI HOLT,United States,Roanoke,2005-07-12,19.950000000000003,5,5,"2,1","2,1",2951
THOMAS GRIGSBY,United States,Kansas City,2005-06-18,19.950000000000003,5,5,"1,2","1,2",2951
EDWARD BAUGH,Faroe Islands,Trshavn,2005-07-10,19.950000000000003,5,5,"1,2","1,2",2951
MATTHEW MAHAN,Mexico,Cuautla,2005-07-12,19.950000000000003,5,5,1,1,2951
JEFFREY SPEAR,Indonesia,Ciparay,2005-07-31,19.950000000000003,5,5,"2,1","2,1",2951
BENJAMIN VARNEY,Mexico,Guadalajara,2005-06-20,19.950000000000003,5,5,2,2,2951
JEREMY HURTADO,Brazil,Vitria de Santo Anto,2005-08-01,19.950000000000003,5,5,1,1,2951
SHAWN HEATON,Thailand,Nakhon Sawan,2005-07-30,19.950000000000003,5,5,"1,2","1,2",2951
PHILIP CAUSEY,Russian Federation,Korolev,2005-06-20,19.950000000000003,5,5,2,2,2951
EARL SHANKS,Japan,Iwatsuki,2005-07-12,19.950000000000003,5,5,2,2,2951
DANNY ISOM,Pakistan,Okara,2005-08-23,19.950000000000003,5,5,1,1,2951
JOEL FRANCISCO,Bolivia,Sucre,2005-06-19,19.950000000000003,5,5,2,2,2951
MICHEAL FORMAN,Argentina,Escobar,2005-08-21,19.950000000000003,5,5,"1,2","1,2",2951
DARRELL POWER,Canada,Halifax,2005-07-30,19.950000000000003,5,5,2,2,2951
MARC OUTLAW,Italy,Brindisi,2005-07-10,19.950000000000003,5,5,1,1,2951
ROLAND SOUTH,China,Yingkou,2005-08-20,19.950000000000003,5,5,1,1,2951
KARL SEAL,United States,Cape Coral,2005-06-17,19.950000000000003,5,5,"2,1","2,1",2951
SUSAN WILSON,New Zealand,Hamilton,2005-08-23,19.95,5,5,1,1,3000
ANGELA HERNANDEZ,Japan,Shimonoseki,2005-07-30,19.95,5,5,2,2,3000
THERESA WATSON,Philippines,Taguig,2005-08-01,19.95,5,5,2,2,3000
JACQUELINE LONG,Thailand,Songkhla,2005-07-09,19.95,5,5,2,2,3000
GEORGE LINTON,Brazil,Sorocaba,2005-07-28,19.95,5,5,"2,1","2,1",3000
TIMOTHY BUNN,Brazil,Braslia,2005-07-12,19.95,5,5,2,2,3000
JOE GILLILAND,Philippines,Imus,2005-07-30,19.95,5,5,1,1,3000
MARTIN BALES,Angola,Namibe,2005-08-22,19.95,5,5,1,1,3000
JON WILES,Bolivia,El Alto,2005-08-01,19.95,5,5,1,1,3000
RUBEN GEARY,Poland,Lublin,2005-08-22,19.95,5,5,1,1,3000
CLAYTON BARBEE,Brazil,Alvorada,2005-08-02,19.95,5,5,2,2,3000
TRACY HERRMANN,Ecuador,Loja,2005-07-29,19.95,5,5,1,1,3000
DOROTHY TAYLOR,Iran,Esfahan,2005-08-22,19.949999999999996,5,5,1,1,3012
DENNIS GILMAN,South Africa,Paarl,2005-07-09,19.949999999999996,5,5,1,1,3012
WALTER PERRYMAN,China,Xinxiang,2005-07-31,19.949999999999996,5,5,1,1,3012
BILLY POULIN,Philippines,Cabuyao,2005-07-11,19.949999999999996,5,5,1,1,3012
BRADLEY MOTLEY,India,Purnea (Purnia),2005-06-21,19.949999999999996,5,5,1,1,3012
TIM CARY,India,Bijapur,2005-07-09,19.949999999999996,5,5,1,1,3012
ELMER NOE,Cambodia,Battambang,2005-06-20,19.949999999999996,5,5,2,2,3012
SETH HANNON,Bahrain,al-Manama,2005-07-30,19.949999999999996,5,5,2,2,3012
MICHELLE CLARK,Bangladesh,Tangail,2005-07-31,19.940000000000005,6,6,1,1,3020
REBECCA SCOTT,Japan,Kurashiki,2005-08-19,19.940000000000005,6,6,1,1,3020
DIANA ALEXANDER,United States,Augusta-Richmond County,2005-07-10,19.940000000000005,6,6,1,1,3020
LYDIA BURKE,Argentina,San Miguel de Tucumn,2005-07-12,19.940000000000005,6,6,2,2,3020
JOSHUA MARK,India,Rampur,2005-06-20,19.940000000000005,6,6,1,1,3020
PHILLIP HOLM,Japan,Tama,2005-07-31,19.940000000000005,6,6,1,1,3020
GLENN PULLEN,Netherlands,Amersfoort,2005-07-31,19.940000000000005,6,6,"2,1","2,1",3020
GLEN TALBERT,Mexico,Acua,2005-08-21,19.940000000000005,6,6,2,2,3020
MARION OCAMPO,China,Weifang,2005-07-29,19.940000000000005,6,6,"1,2","1,2",3020
JENNIFER DAVIS,United States,Laredo,2005-07-12,19.94,6,6,2,2,3029
MARGARET MOORE,Oman,Masqat,2005-07-11,19.94,6,6,"2,1","2,1",3029
ANNE POWELL,United Kingdom,Bradford,2005-06-21,19.94,6,6,"1,2","1,2",3029
CARRIE PORTER,China,Liaocheng,2005-06-21,19.94,6,6,1,1,3029
ESTHER CRAWFORD,South Africa,Botshabelo,2005-06-20,19.94,6,6,"2,1","2,1",3029
HOLLY FOX,India,Haldia,2005-07-30,19.94,6,6,2,2,3029
CHARLENE ALVAREZ,Tanzania,Zanzibar,2005-07-12,19.94,6,6,2,2,3029
VICKIE BREWER,Germany,Halle/Saale,2005-05-31,19.94,6,6,"2,1","2,1",3029
ALAN KAHN,China,Emeishan,2005-07-12,19.94,6,6,1,1,3029
ROLAND SOUTH,China,Yingkou,2005-07-10,19.94,6,6,2,2,3029
JASON MORRISSEY,Argentina,Baha Blanca,2005-07-12,19.939999999999998,6,6,"1,2","1,2",3039
HENRY BILLINGSLEY,Tonga,Nukualofa,2005-08-22,19.939999999999998,6,6,1,1,3039
LLOYD DOWD,Indonesia,Tegal,2005-08-21,19.939999999999998,6,6,2,2,3039
DUSTIN GILLETTE,Netherlands,Emmen,2005-08-18,19.939999999999998,6,6,"1,2","1,2",3039
GENE SANBORN,Oman,Salala,2005-06-21,19.939999999999998,6,6,2,2,3039
RUBEN GEARY,Poland,Lublin,2005-08-02,19.939999999999998,6,6,2,2,3039
NATHANIEL ADAM,United States,Joliet,2005-08-20,19.939999999999998,6,6,2,2,3039
VIRGIL WOFFORD,Mexico,Jos Azueta,2005-08-22,19.939999999999998,6,6,1,1,3039
NORA HERRERA,Austria,Salzburg,2005-08-18,19.939999999999994,6,6,"1,2","1,2",3047
CURTIS IRBY,Canada,Richmond Hill,2005-07-09,19.939999999999994,6,6,"1,2","1,2",3047
CLINTON BUFORD,United States,Aurora,2005-08-22,19.93999999999999,6,6,1,1,3049
JIMMY SCHRADER,Russian Federation,Atinsk,2005-08-18,19.930000000000007,7,7,"2,1","2,1",3050
VIRGINIA GREEN,France,Toulouse,2005-07-10,19.930000000000003,7,7,1,1,3051
EARL SHANKS,Japan,Iwatsuki,2005-07-31,19.930000000000003,7,7,2,2,3051
IDA ANDREWS,Brazil,Luzinia,2005-07-12,19.93,7,7,1,1,3053
SHERRI RHODES,India,Ahmadnagar,2005-08-01,19.93,7,7,2,2,3053
HAROLD MARTINO,Brazil,Boa Vista,2005-07-31,19.93,7,7,"1,2","1,2",3053
JUAN FRALEY,Russian Federation,Teboksary,2005-07-11,19.93,7,7,2,2,3053
WAYNE TRUONG,India,Gulbarga,2005-08-22,19.93,7,7,2,2,3053
DUSTIN GILLETTE,Netherlands,Emmen,2005-07-08,19.93,7,7,"1,2","1,2",3053
BYRON BOX,Kazakstan,Zhezqazghan,2005-07-09,19.93,7,7,1,1,3053
RENE MCALISTER,United States,Garden Grove,2005-07-11,19.93,7,7,1,1,3053
ELIZABETH BROWN,Taiwan,Nantou,2005-07-31,19.929999999999996,7,7,1,1,3061
VELMA LUCAS,Nigeria,Effon-Alaiye,2005-08-23,19.929999999999996,7,7,2,2,3061
CLINTON BUFORD,United States,Aurora,2005-07-12,19.929999999999996,7,7,1,1,3061
VERONICA STONE,United States,Greensboro,2005-07-31,19.92,8,8,1,1,3064
NORMAN CURRIER,Indonesia,Cianjur,2005-08-02,19.92,8,8,2,2,3064
ALBERTO HENNING,Venezuela,Barcelona,2005-08-02,19.92,8,8,"2,1","2,1",3064
KIRK STCLAIR,Taiwan,Tsaotun,2005-08-23,19.92,8,8,"1,2","1,2",3064
CHAD CARBONE,India,Katihar,2005-07-11,19.919999999999998,8,8,2,2,3068
BOBBIE CRAIG,Mexico,Valle de Santiago,2005-08-22,19.91,9,9,"2,1","2,1",3069
JENNIFER DAVIS,United States,Laredo,2005-07-11,18.950000000000003,5,5,"2,1","2,1",3070
JENNIFER DAVIS,United States,Laredo,2005-08-20,18.950000000000003,5,5,2,2,3070
KATHLEEN ADAMS,Iran,Arak,2005-07-29,18.950000000000003,5,5,1,1,3070
DORIS REED,Russian Federation,Balaiha,2005-06-20,18.950000000000003,5,5,1,1,3070
JANICE WARD,Sweden,Malm,2005-06-19,18.950000000000003,5,5,"2,1","2,1",3070
RACHEL BARNES,Japan,Kamakura,2005-07-08,18.950000000000003,5,5,"1,2","1,2",3070
JACQUELINE LONG,Thailand,Songkhla,2005-06-19,18.950000000000003,5,5,1,1,3070
LOIS BUTLER,Brunei,Bandar Seri Begawan,2005-07-08,18.950000000000003,5,5,1,1,3070
ANNIE RUSSELL,Mozambique,Tete,2005-07-08,18.950000000000003,5,5,1,1,3070
VICTORIA GIBSON,Indonesia,Pemalang,2005-07-09,18.950000000000003,5,5,2,2,3070
THELMA MURRAY,Peru,Lima,2005-06-18,18.950000000000003,5,5,"2,1","2,1",3070
HAZEL WARREN,China,Hohhot,2005-07-29,18.950000000000003,5,5,1,1,3070
BERTHA FERGUSON,Nigeria,Ondo,2005-07-12,18.950000000000003,5,5,2,2,3070
VIVIAN RUIZ,Netherlands,s-Hertogenbosch,2005-07-12,18.950000000000003,5,5,2,2,3070
EILEEN CARR,Paraguay,Ciudad del Este,2005-08-21,18.950000000000003,5,5,"1,2","1,2",3070
CLAUDIA FULLER,Kuwait,Jalib al-Shuyukh,2005-06-17,18.950000000000003,5,5,"2,1","2,1",3070
GLENDA FRAZIER,China,Qinhuangdao,2005-07-10,18.950000000000003,5,5,2,2,3070
JO FOWLER,Nigeria,Oyo,2005-05-31,18.950000000000003,5,5,1,1,3070
DONALD MAHON,China,Ezhou,2005-08-01,18.950000000000003,5,5,2,2,3070
ERIC ROBERT,Argentina,Santa F,2005-08-22,18.950000000000003,5,5,1,1,3070
ANDREW PURDY,Azerbaijan,Baku,2005-07-29,18.950000000000003,5,5,1,1,3070
DOUGLAS GRAF,Mexico,Mexicali,2005-08-23,18.950000000000003,5,5,2,2,3070
GERALD FULTZ,India,Satna,2005-07-12,18.950000000000003,5,5,1,1,3070
KEITH RICO,Slovakia,Bratislava,2005-07-30,18.950000000000003,5,5,2,2,3070
ALEX GRESHAM,Mexico,Uruapan,2005-07-31,18.950000000000003,5,5,1,1,3070
WESLEY BULL,Spain,Ourense (Orense),2005-05-31,18.950000000000003,5,5,1,1,3070
LEWIS LYMAN,Israel,Ashqelon,2005-07-31,18.950000000000003,5,5,"1,2","1,2",3070
REGINALD KINDER,Indonesia,Madiun,2005-07-11,18.950000000000003,5,5,2,2,3070
ANGEL BARCLAY,Japan,Ueda,2005-08-20,18.950000000000003,5,5,1,1,3070
RAUL FORTIER,India,Chapra,2005-07-12,18.950000000000003,5,5,1,1,3070
CECIL VINES,United Kingdom,London,2005-07-30,18.950000000000003,5,5,"2,1","2,1",3070
ANDRE RAPP,Chile,Coquimbo,2005-08-02,18.950000000000003,5,5,1,1,3070
HARVEY GUAJARDO,Vietnam,Vinh,2005-07-31,18.950000000000003,5,5,2,2,3070
HARVEY GUAJARDO,Vietnam,Vinh,2005-08-22,18.950000000000003,5,5,1,1,3070
TYRONE ASHER,Bulgaria,Ruse,2005-06-21,18.950000000000003,5,5,1,1,3070
ROSS GREY,Philippines,Iligan,2005-08-22,18.950000000000003,5,5,"2,1","2,1",3070
EVELYN MORGAN,Liechtenstein,Vaduz,2005-07-10,18.95,5,5,"1,2","1,2",3106
ROSE HOWARD,French Guiana,Cayenne,2005-07-12,18.95,5,5,2,2,3106
JUANITA MASON,India,Pune,2005-08-21,18.95,5,5,2,2,3106
REGINA BERRY,China,Jinchang,2005-07-09,18.95,5,5,1,1,3106
VERA MCCOY,Afghanistan,Kabul,2005-08-20,18.95,5,5,2,2,3106
CAROLE BARNETT,United States,Peoria,2005-07-12,18.95,5,5,2,2,3106
GREGORY MAULDIN,Tunisia,Sousse,2005-07-07,18.95,5,5,"2,1","2,1",3106
JOE GILLILAND,Philippines,Imus,2005-07-09,18.95,5,5,1,1,3106
JESUS MCCARTNEY,Brazil,Guaruj,2005-06-18,18.95,5,5,2,2,3106
GENE SANBORN,Oman,Salala,2005-06-20,18.95,5,5,1,1,3106
PATRICK NEWSOM,Vietnam,Hanoi,2005-07-29,18.949999999999996,5,5,"2,1","2,1",3116
CHAD CARBONE,India,Katihar,2005-08-01,18.949999999999996,5,5,1,1,3116
EDUARDO HIATT,China,Jining,2005-07-07,18.949999999999996,5,5,1,1,3116
DEBORAH WALKER,Pakistan,Shikarpur,2005-08-23,18.940000000000012,6,6,1,1,3119
TRACY COLE,Mexico,Huixquilucan,2005-07-09,18.940000000000005,6,6,2,2,3120
PAULINE HENRY,Mexico,Torren,2005-08-22,18.940000000000005,6,6,2,2,3120
DOLORES WAGNER,Malaysia,Ipoh,2005-07-12,18.940000000000005,6,6,"1,2","1,2",3120
IRENE PRICE,Kazakstan,Pavlodar,2005-07-31,18.94,6,6,2,2,3123
RITA GRAHAM,France,Toulon,2005-08-19,18.94,6,6,1,1,3123
SAMUEL MARLOW,India,Ranchi,2005-06-21,18.94,6,6,1,1,3123
SAMUEL MARLOW,India,Ranchi,2005-08-02,18.94,6,6,2,2,3123
LAWRENCE LAWTON,Cameroon,Yaound,2005-08-01,18.94,6,6,1,1,3123
BERNARD COLBY,India,Dhule (Dhulia),2005-07-10,18.94,6,6,2,2,3123
JESSIE MILAM,China,Binzhou,2005-06-20,18.94,6,6,1,1,3123
JOANN GARDNER,Turkey,Tarsus,2005-07-12,18.939999999999998,6,6,"2,1","2,1",3130
BECKY MILES,India,Tambaram,2005-07-11,18.939999999999998,6,6,"2,1","2,1",3130
DAISY BATES,Russian Federation,Kolpino,2005-06-19,18.939999999999998,6,6,1,1,3130
WAYNE TRUONG,India,Gulbarga,2005-07-31,18.939999999999998,6,6,2,2,3130
VINCENT RALSTON,Mexico,Allende,2005-08-19,18.939999999999998,6,6,"2,1","2,1",3130
BEN EASTER,Russian Federation,Kamyin,2005-06-19,18.939999999999998,6,6,"1,2","1,2",3130
CLINTON BUFORD,United States,Aurora,2005-07-11,18.939999999999998,6,6,"2,1","2,1",3130
LYDIA BURKE,Argentina,San Miguel de Tucumn,2005-08-21,18.930000000000007,7,7,"1,2","1,2",3137
RICKY SHELBY,China,Junan,2005-08-21,18.930000000000007,7,7,1,1,3137
TAMMY SANDERS,Taiwan,Changhwa,2005-07-11,18.930000000000003,7,7,"2,1","2,1",3139
EVELYN MORGAN,Liechtenstein,Vaduz,2005-07-31,18.93,7,7,"1,2","1,2",3140
CHAD CARBONE,India,Katihar,2005-07-10,18.93,7,7,"2,1","2,1",3140
DEREK BLAKELY,Philippines,Gingoog,2005-07-31,18.93,7,7,"1,2","1,2",3140
FELIX GAFFNEY,Lithuania,Vilnius,2005-08-23,18.93,7,7,2,2,3140
JAIME NETTLES,Peru,Hunuco,2005-07-12,18.93,7,7,1,1,3140
MATTIE HOFFMAN,United Kingdom,London,2005-08-01,18.92,8,8,2,2,3145
MARILYN ROSS,Nigeria,Ife,2005-08-22,18.919999999999995,8,8,1,1,3146
MAE FLETCHER,Spain,Donostia-San Sebastin,2005-08-02,17.95000000000001,5,5,2,2,3147
JIMMY SCHRADER,Russian Federation,Atinsk,2005-07-31,17.95000000000001,5,5,2,2,3147
PAULINE HENRY,Mexico,Torren,2005-08-20,17.950000000000006,5,5,"1,2","1,2",3149
MATTHEW MAHAN,Mexico,Cuautla,2005-08-21,17.950000000000006,5,5,1,1,3149
SUSAN WILSON,New Zealand,Hamilton,2005-07-08,17.950000000000003,5,5,1,1,3151
BETTY WHITE,United States,Citrus Heights,2005-07-09,17.950000000000003,5,5,"1,2","1,2",3151
KIMBERLY LEE,Argentina,Crdoba,2005-07-12,17.950000000000003,5,5,1,1,3151
JANET PHILLIPS,Chile,Antofagasta,2005-06-21,17.950000000000003,5,5,"1,2","1,2",3151
JULIE SANCHEZ,Spain,A Corua (La Corua),2005-07-11,17.950000000000003,5,5,1,1,3151
IRENE PRICE,Kazakstan,Pavlodar,2005-07-30,17.950000000000003,5,5,"1,2","1,2",3151
ANNIE RUSSELL,Mozambique,Tete,2005-08-01,17.950000000000003,5,5,1,1,3151
CHARLOTTE HUNTER,Brazil,guas Lindas de Gois,2005-07-31,17.950000000000003,5,5,2,2,3151
WILLIE HOWELL,Argentina,Vicente Lpez,2005-08-21,17.950000000000003,5,5,1,1,3151
COLLEEN BURTON,Germany,Saarbrcken,2005-07-29,17.950000000000003,5,5,"1,2","1,2",3151
COURTNEY DAY,South Korea,Uijongbu,2005-07-27,17.950000000000003,5,5,"2,1","2,1",3151
NINA SOTO,India,Palghat (Palakkad),2005-06-18,17.950000000000003,5,5,2,2,3151
FELICIA SUTTON,China,Korla,2005-06-19,17.950000000000003,5,5,"1,2","1,2",3151
JOSEPH JOY,Brazil,Angra dos Reis,2005-06-20,17.950000000000003,5,5,"1,2","1,2",3151
FRANK WAGGONER,Bangladesh,Jamalpur,2005-07-08,17.950000000000003,5,5,"1,2","1,2",3151
WILLIE MARKHAM,Argentina,Almirante Brown,2005-07-31,17.950000000000003,5,5,"1,2","1,2",3151
LAWRENCE LAWTON,Cameroon,Yaound,2005-07-31,17.950000000000003,5,5,1,1,3151
VICTOR BARKLEY,United States,Manchester,2005-08-21,17.950000000000003,5,5,2,2,3151
JEFF EAST,Dominican Republic,San Felipe de Puerto Plata,2005-07-11,17.950000000000003,5,5,1,1,3151
JORGE OLIVARES,Indonesia,Lhokseumawe,2005-07-09,17.950000000000003,5,5,2,2,3151
RAFAEL ABNEY,Philippines,Talavera,2005-08-23,17.950000000000003,5,5,1,1,3151
CLAUDE HERZOG,Angola,Benguela,2005-05-29,17.950000000000003,5,5,2,2,3151
JESSIE MILAM,China,Binzhou,2005-06-19,17.950000000000003,5,5,2,2,3151
CHRISTIAN JUNG,India,Amroha,2005-07-30,17.950000000000003,5,5,"1,2","1,2",3151
ALBERTO HENNING,Venezuela,Barcelona,2005-06-21,17.950000000000003,5,5,"1,2","1,2",3151
ENRIQUE FORSYTHE,Greece,Patras,2005-07-12,17.950000000000003,5,5,2,2,3151
SANDRA MARTIN,United Kingdom,Southend-on-Sea,2005-07-11,17.95,5,5,1,1,3177
GEORGIA JACOBS,India,Uttarpara-Kotrung,2005-07-09,17.95,5,5,1,1,3177
BOBBIE CRAIG,Mexico,Valle de Santiago,2005-08-02,17.95,5,5,1,1,3177
RONALD WEINER,Mexico,San Felipe del Progreso,2005-06-20,17.95,5,5,2,2,3177
JUSTIN NGO,Brazil,Santo Andr,2005-07-09,17.95,5,5,1,1,3177
BRUCE SCHWARZ,Japan,Okinawa,2005-06-20,17.95,5,5,2,2,3177
BRANDON HUEY,Turkey,Balikesir,2005-07-09,17.95,5,5,2,2,3177
CURTIS IRBY,Canada,Richmond Hill,2005-06-20,17.95,5,5,2,2,3177
HERMAN DEVORE,Tanzania,Mwanza,2005-07-08,17.95,5,5,1,1,3177
CHARLIE BESS,China,Baiyin,2005-07-29,17.95,5,5,1,1,3177
ALFREDO MCADAMS,Russian Federation,Serpuhov,2005-08-22,17.95,5,5,2,2,3177
BEVERLY BROOKS,Taiwan,Chiayi,2005-08-23,17.949999999999996,5,5,"1,2","1,2",3188
WALTER PERRYMAN,China,Xinxiang,2005-08-19,17.949999999999996,5,5,1,1,3188
ELMER NOE,Cambodia,Battambang,2005-06-21,17.949999999999996,5,5,1,1,3188
LUCY WHEELER,India,Balurghat,2005-07-31,17.940000000000005,6,6,1,1,3191
FELICIA SUTTON,China,Korla,2005-08-23,17.940000000000005,6,6,1,1,3191
DONALD MAHON,China,Ezhou,2005-08-22,17.940000000000005,6,6,"2,1","2,1",3191
ISAAC OGLESBY,Mexico,Cuernavaca,2005-07-31,17.940000000000005,6,6,1,1,3191
VIRGINIA GREEN,France,Toulouse,2005-06-20,17.94,6,6,2,2,3195
THERESA WATSON,Philippines,Taguig,2005-07-11,17.94,6,6,2,2,3195
NORMA GONZALES,Philippines,Bislig,2005-08-23,17.94,6,6,1,1,3195
ETHEL WEBB,South Africa,Boksburg,2005-07-29,17.94,6,6,"2,1","2,1",3195
SALLY PIERCE,India,Chandrapur,2005-07-09,17.94,6,6,"2,1","2,1",3195
SALLY PIERCE,India,Chandrapur,2005-07-29,17.94,6,6,"2,1","2,1",3195
SAMANTHA DUNCAN,Mexico,Matamoros,2005-08-22,17.94,6,6,2,2,3195
JEANETTE GREENE,Russian Federation,Novoterkassk,2005-06-19,17.94,6,6,2,2,3195
ROSEMARY SCHMIDT,Turkey,Usak,2005-07-11,17.94,6,6,2,2,3195
GERTRUDE CASTILLO,Greenland,Nuuk,2005-05-31,17.94,6,6,2,2,3195
FRED WHEAT,Mexico,Jurez,2005-07-31,17.94,6,6,"2,1","2,1",3195
BARRY LOVELACE,Zambia,Kitwe,2005-06-21,17.94,6,6,"1,2","1,2",3195
MARIO CHEATHAM,Algeria,Batna,2005-07-10,17.94,6,6,1,1,3195
JAY ROBB,Indonesia,Surakarta,2005-06-19,17.94,6,6,1,1,3195
CORY MEEHAN,Belarus,Mogiljov,2005-08-01,17.94,6,6,2,2,3195
DENISE KELLY,Brazil,Rio Claro,2005-08-20,17.939999999999998,6,6,"2,1","2,1",3210
LORI WOOD,India,Rae Bareli,2005-07-10,17.939999999999998,6,6,2,2,3210
GRACE ELLIS,Germany,Duisburg,2005-07-10,17.939999999999998,6,6,"2,1","2,1",3210
CYNTHIA YOUNG,India,Munger (Monghyr),2005-07-12,17.93,7,7,2,2,3213
JOANNE ROBERTSON,Japan,Urawa,2005-07-11,17.93,7,7,2,2,3213
SAMANTHA DUNCAN,Mexico,Matamoros,2005-08-01,17.93,7,7,"2,1","2,1",3213
GEORGE LINTON,Brazil,Sorocaba,2005-07-11,17.93,7,7,1,1,3213
CHESTER BENNER,China,Suihua,2005-07-11,17.93,7,7,"2,1","2,1",3213
BILLIE HORTON,Turkey,Inegl,2005-08-23,17.92,8,8,1,1,3218
BRAD MCCURDY,Taiwan,Chungho,2005-08-23,16.95000000000001,5,5,1,1,3219
SANDRA MARTIN,United Kingdom,Southend-on-Sea,2005-07-31,16.950000000000003,5,5,2,2,3220
SARAH LEWIS,Latvia,Liepaja,2005-06-21,16.950000000000003,5,5,1,1,3220
THERESA WATSON,Philippines,Taguig,2005-07-10,16.950000000000003,5,5,1,1,3220
NORMA GONZALES,Philippines,Bislig,2005-08-22,16.950000000000003,5,5,"2,1","2,1",3220
LESLIE GORDON,Turkey,Kilis,2005-06-19,16.950000000000003,5,5,1,1,3220
DARLENE ROSE,North Korea,Pyongyang,2005-07-10,16.950000000000003,5,5,1,1,3220
AUDREY RAY,Austria,Graz,2005-06-21,16.950000000000003,5,5,"2,1","2,1",3220
ELSIE KELLEY,Nigeria,Ikerre,2005-05-31,16.950000000000003,5,5,2,2,3220
LYDIA BURKE,Argentina,San Miguel de Tucumn,2005-07-11,16.950000000000003,5,5,2,2,3220
CASSANDRA WALTERS,United States,Salinas,2005-05-31,16.950000000000003,5,5,2,2,3220
DIANNE SHELTON,Iran,Tabriz,2005-06-21,16.950000000000003,5,5,1,1,3220
MISTY LAMBERT,United Arab Emirates,Sharja,2005-07-10,16.950000000000003,5,5,1,1,3220
JOSHUA MARK,India,Rampur,2005-06-19,16.950000000000003,5,5,"1,2","1,2",3220
WALTER PERRYMAN,China,Xinxiang,2005-07-10,16.950000000000003,5,5,1,1,3220
BOBBY BOUDREAU,Anguilla,South Hill,2005-06-21,16.950000000000003,5,5,2,2,3220
ALEXANDER FENNELL,Italy,Bergamo,2005-06-20,16.950000000000003,5,5,1,1,3220
REGINALD KINDER,Indonesia,Madiun,2005-08-22,16.950000000000003,5,5,1,1,3220
ANDRE RAPP,Chile,Coquimbo,2005-07-10,16.950000000000003,5,5,2,2,3220
ISAAC OGLESBY,Mexico,Cuernavaca,2005-05-29,16.950000000000003,5,5,"2,1","2,1",3220
ROSS GREY,Philippines,Iligan,2005-07-10,16.950000000000003,5,5,1,1,3220
LORI WOOD,India,Rae Bareli,2005-07-09,16.95,5,5,1,1,3240
BEATRICE ARNOLD,India,Udaipur,2005-07-09,16.95,5,5,2,2,3240
IDA ANDREWS,Brazil,Luzinia,2005-08-20,16.95,5,5,1,1,3240
LARRY THRASHER,Turkey,Adana,2005-08-20,16.95,5,5,1,1,3240
DANNY ISOM,Pakistan,Okara,2005-07-11,16.95,5,5,2,2,3240
RONNIE RICKETTS,Senegal,Ziguinchor,2005-07-11,16.95,5,5,2,2,3240
VICKIE BREWER,Germany,Halle/Saale,2005-07-31,16.949999999999996,5,5,1,1,3246
RICHARD MCCRARY,United States,Arlington,2005-08-22,16.949999999999996,5,5,2,2,3246
JAY ROBB,Indonesia,Surakarta,2005-08-21,16.949999999999996,5,5,1,1,3246
RONALD WEINER,Mexico,San Felipe del Progreso,2005-08-17,16.949999999999992,5,5,"1,2","1,2",3249
JENNIFER DAVIS,United States,Laredo,2005-08-02,16.940000000000005,6,6,1,1,3250
BARBARA JONES,Myanmar,Myingyan,2005-06-19,16.94,6,6,1,1,3251
CYNTHIA YOUNG,India,Munger (Monghyr),2005-07-11,16.94,6,6,2,2,3251
MILDRED BAILEY,India,Jaipur,2005-08-01,16.94,6,6,2,2,3251
JOANNE ROBERTSON,Japan,Urawa,2005-07-10,16.94,6,6,1,1,3251
VERONICA STONE,United States,Greensboro,2005-08-20,16.94,6,6,"2,1","2,1",3251
CHRISTY VARGAS,China,Datong,2005-07-29,16.94,6,6,1,1,3251
ERIKA PENA,Finland,Oulu,2005-07-09,16.94,6,6,"2,1","2,1",3251
ERIKA PENA,Finland,Oulu,2005-07-12,16.94,6,6,2,2,3251
FRANK WAGGONER,Bangladesh,Jamalpur,2005-06-19,16.94,6,6,2,2,3251
JACK FOUST,Russian Federation,Zeleznogorsk,2005-07-10,16.94,6,6,1,1,3251
AARON SELBY,"Congo, The Democratic Republic of the",Mwene-Ditu,2005-08-01,16.94,6,6,"1,2","1,2",3251
ALFREDO MCADAMS,Russian Federation,Serpuhov,2005-07-12,16.94,6,6,2,2,3251
CATHY SPENCER,Japan,Kakamigahara,2005-08-01,16.939999999999998,6,6,2,2,3263
RAY HOULE,Russian Federation,Dzerzinsk,2005-08-20,16.939999999999998,6,6,"2,1","2,1",3263
JAY ROBB,Indonesia,Surakarta,2005-08-02,16.939999999999998,6,6,1,1,3263
LOIS BUTLER,Brunei,Bandar Seri Begawan,2005-07-30,16.930000000000007,7,7,2,2,3266
BOBBY BOUDREAU,Anguilla,South Hill,2005-07-12,16.930000000000003,7,7,2,2,3267
ERIN DUNN,Russian Federation,Ljubertsy,2005-08-01,16.93,7,7,"1,2","1,2",3268
NORMAN CURRIER,Indonesia,Cianjur,2005-07-31,16.93,7,7,2,2,3268
KYLE SPURLOCK,China,Shanwei,2005-07-12,16.93,7,7,1,1,3268
EDGAR RHOADS,Turkey,Eskisehir,2005-07-10,16.93,7,7,1,1,3268
MONICA HICKS,Ukraine,Mukateve,2005-08-18,15.950000000000008,5,5,"1,2","1,2",3272
CAROLYN PEREZ,Thailand,Pak Kret,2005-07-28,15.950000000000003,5,5,1,1,3273
JUANITA MASON,India,Pune,2005-07-29,15.950000000000003,5,5,1,1,3273
JO FOWLER,Nigeria,Oyo,2005-07-11,15.950000000000003,5,5,1,1,3273
EARL SHANKS,Japan,Iwatsuki,2005-07-30,15.950000000000003,5,5,1,1,3273
DOROTHY TAYLOR,Iran,Esfahan,2005-06-20,15.950000000000001,5,5,1,1,3277
CYNTHIA YOUNG,India,Munger (Monghyr),2005-07-10,15.950000000000001,5,5,"2,1","2,1",3277
ANGELA HERNANDEZ,Japan,Shimonoseki,2005-06-19,15.950000000000001,5,5,"1,2","1,2",3277
MARTHA GONZALEZ,Moldova,Chisinau,2005-06-21,15.950000000000001,5,5,2,2,3277
MILDRED BAILEY,India,Jaipur,2005-07-31,15.950000000000001,5,5,1,1,3277
JANE BENNETT,Brazil,Araatuba,2005-08-01,15.950000000000001,5,5,2,2,3277
NATALIE MEYER,Brazil,Aparecida de Goinia,2005-06-21,15.950000000000001,5,5,1,1,3277
CASSANDRA WALTERS,United States,Salinas,2005-05-29,15.950000000000001,5,5,"2,1","2,1",3277
SAMUEL MARLOW,India,Ranchi,2005-06-19,15.950000000000001,5,5,1,1,3277
ALAN KAHN,China,Emeishan,2005-07-11,15.950000000000001,5,5,2,2,3277
NORMAN CURRIER,Indonesia,Cianjur,2005-07-10,15.950000000000001,5,5,1,1,3277
LEO EBERT,China,Dongying,2005-08-01,15.950000000000001,5,5,1,1,3277
CHRISTIAN JUNG,India,Amroha,2005-06-21,15.950000000000001,5,5,"2,1","2,1",3277
FERNANDO CHURCHILL,South Korea,Tonghae,2005-07-11,15.950000000000001,5,5,1,1,3277
LONNIE TIRADO,Indonesia,Pangkal Pinang,2005-08-22,15.950000000000001,5,5,2,2,3277
ALFREDO MCADAMS,Russian Federation,Serpuhov,2005-07-11,15.950000000000001,5,5,2,2,3277
JULIAN VEST,Japan,Akishima,2005-06-21,15.950000000000001,5,5,1,1,3277
SERGIO STANFIELD,Mexico,Celaya,2005-07-12,15.950000000000001,5,5,"1,2","1,2",3277
BILLIE HORTON,Turkey,Inegl,2005-07-30,15.95,5,5,"1,2","1,2",3295
CATHY SPENCER,Japan,Kakamigahara,2005-07-29,15.949999999999998,5,5,2,2,3296
VICKI FIELDS,Germany,Witten,2005-08-02,15.940000000000003,6,6,"2,1","2,1",3297
LEONARD SCHOFIELD,Argentina,Tandil,2005-08-21,15.940000000000003,6,6,"1,2","1,2",3297
ALBERTO HENNING,Venezuela,Barcelona,2005-08-01,15.940000000000003,6,6,"1,2","1,2",3297
SUZANNE NICHOLS,Indonesia,Jakarta,2005-07-10,15.940000000000001,6,6,2,2,3300
SUE PETERS,China,Changzhou,2005-05-29,15.940000000000001,6,6,"1,2","1,2",3300
JUAN FRALEY,Russian Federation,Teboksary,2005-07-10,15.940000000000001,6,6,1,1,3300
JOHNNY TURPIN,Sudan,al-Qadarif,2005-06-21,15.940000000000001,6,6,1,1,3300
NORMAN CURRIER,Indonesia,Cianjur,2005-07-29,15.940000000000001,6,6,2,2,3300
JIM REA,Mexico,El Fuerte,2005-06-20,15.940000000000001,6,6,"1,2","1,2",3300
TOMMY COLLAZO,Iran,Qomsheh,2005-07-12,15.940000000000001,6,6,2,2,3300
RON DELUCA,Japan,Isesaki,2005-07-12,15.94,6,6,1,1,3307
JAIME NETTLES,Peru,Hunuco,2005-07-11,15.94,6,6,1,1,3307
GENE SANBORN,Oman,Salala,2005-07-10,15.939999999999998,6,6,2,2,3309
WENDY HARRISON,Mexico,Nezahualcyotl,2005-07-11,15.930000000000001,7,7,"1,2","1,2",3310
MARGARET MOORE,Oman,Masqat,2005-08-01,14.950000000000003,5,5,1,1,3311
REBECCA SCOTT,Japan,Kurashiki,2005-08-18,14.950000000000003,5,5,"2,1","2,1",3311
FELICIA SUTTON,China,Korla,2005-08-19,14.950000000000003,5,5,1,1,3311
JANE BENNETT,Brazil,Araatuba,2005-05-29,14.950000000000001,5,5,1,1,3314
SHANNON FREEMAN,India,Varanasi (Benares),2005-06-19,14.950000000000001,5,5,1,1,3314
CHARLOTTE HUNTER,Brazil,guas Lindas de Gois,2005-06-19,14.950000000000001,5,5,1,1,3314
JEANETTE GREENE,Russian Federation,Novoterkassk,2005-06-17,14.950000000000001,5,5,"2,1","2,1",3314
MABEL HOLLAND,Myanmar,Monywa,2005-05-31,14.950000000000001,5,5,1,1,3314
MICHAEL SILVERMAN,China,Tiefa,2005-07-10,14.950000000000001,5,5,2,2,3314
GARY COY,China,Yuzhou,2005-07-10,14.950000000000001,5,5,"2,1","2,1",3314
NICHOLAS BARFIELD,Brazil,Belm,2005-06-21,14.950000000000001,5,5,2,2,3314
HOWARD FORTNER,Iran,Kermanshah,2005-06-21,14.950000000000001,5,5,2,2,3314
HERBERT KRUGER,Russian Federation,Syktyvkar,2005-06-21,14.950000000000001,5,5,2,2,3314
JAY ROBB,Indonesia,Surakarta,2005-06-18,14.950000000000001,5,5,"2,1","2,1",3314
RAMON CHOATE,Ecuador,Robamba,2005-07-07,14.950000000000001,5,5,"1,2","1,2",3314
LANCE PEMBERTON,Morocco,Beni-Mellal,2005-07-31,14.950000000000001,5,5,1,1,3314
BOBBIE CRAIG,Mexico,Valle de Santiago,2005-07-12,14.95,5,5,2,2,3327
NATHAN RUNYON,"Virgin Islands, U.S.",Charlotte Amalie,2005-07-12,14.95,5,5,2,2,3327
LLOYD DOWD,Indonesia,Tegal,2005-08-20,14.949999999999998,5,5,2,2,3329
GENE SANBORN,Oman,Salala,2005-07-09,14.949999999999998,5,5,1,1,3329
RUBEN GEARY,Poland,Lublin,2005-08-01,14.949999999999996,5,5,1,1,3331
DEAN SAUER,South Africa,Johannesburg,2005-08-01,14.940000000000007,6,6,"1,2","1,2",3332
KIMBERLY LEE,Argentina,Crdoba,2005-08-02,14.940000000000003,6,6,1,1,3333
JESSIE BANKS,Bulgaria,Stara Zagora,2005-08-22,14.940000000000003,6,6,2,2,3333
HEIDI LARSON,China,Xiangfan,2005-07-10,14.940000000000001,6,6,2,2,3335
MATTIE HOFFMAN,United Kingdom,London,2005-07-30,14.940000000000001,6,6,1,1,3335
MARTIN BALES,Angola,Namibe,2005-08-01,14.940000000000001,6,6,2,2,3335
FRANKLIN TROUTMAN,China,Zaoyang,2005-06-21,14.940000000000001,6,6,1,1,3335
KIRK STCLAIR,Taiwan,Tsaotun,2005-08-21,14.940000000000001,6,6,"1,2","1,2",3335
JESSE SCHILLING,"Congo, The Democratic Republic of the",Lubumbashi,2005-06-21,14.94,6,6,2,2,3340
TAMMY SANDERS,Taiwan,Changhwa,2005-07-28,13.950000000000008,5,5,"1,2","1,2",3341
NANCY THOMAS,India,Yamuna Nagar,2005-07-30,13.950000000000003,5,5,2,2,3342
SHIRLEY ALLEN,Philippines,Davao,2005-07-11,13.950000000000003,5,5,2,2,3342
LEONARD SCHOFIELD,Argentina,Tandil,2005-07-31,13.950000000000003,5,5,1,1,3342
CYNTHIA YOUNG,India,Munger (Monghyr),2005-06-21,13.950000000000001,5,5,1,1,3345
JOSEPHINE GOMEZ,India,Etawah,2005-07-29,13.950000000000001,5,5,"1,2","1,2",3345
GERTRUDE CASTILLO,Greenland,Nuuk,2005-05-30,13.950000000000001,5,5,2,2,3345
MATTIE HOFFMAN,United Kingdom,London,2005-07-29,13.950000000000001,5,5,1,1,3345
JUAN FRALEY,Russian Federation,Teboksary,2005-07-09,13.950000000000001,5,5,1,1,3345
NATHAN RUNYON,"Virgin Islands, U.S.",Charlotte Amalie,2005-06-19,13.950000000000001,5,5,2,2,3345
MANUEL MURRELL,Sri Lanka,Jaffna,2005-07-12,13.950000000000001,5,5,2,2,3345
FRANKLIN TROUTMAN,China,Zaoyang,2005-06-20,13.950000000000001,5,5,2,2,3345
CORY MEEHAN,Belarus,Mogiljov,2005-07-11,13.950000000000001,5,5,"2,1","2,1",3345
ERIK GUILLEN,India,Bhimavaram,2005-07-11,13.950000000000001,5,5,1,1,3345
HOWARD FORTNER,Iran,Kermanshah,2005-07-12,13.95,5,5,2,2,3355
IVAN CROMWELL,Mexico,Monclova,2005-07-12,13.940000000000007,6,6,1,1,3356
EDNA WEST,South Africa,Klerksdorp,2005-08-02,13.940000000000001,6,6,2,2,3357
MARVIN YEE,India,Berhampore (Baharampur),2005-08-02,13.940000000000001,6,6,"1,2","1,2",3357
VIRGINIA GREEN,France,Toulouse,2005-07-09,12.950000000000003,5,5,"2,1","2,1",3359
LUCY WHEELER,India,Balurghat,2005-07-30,12.950000000000003,5,5,2,2,3359
BOBBY BOUDREAU,Anguilla,South Hill,2005-07-30,12.950000000000003,5,5,2,2,3359
VIRGINIA GREEN,France,Toulouse,2005-06-19,12.950000000000001,5,5,1,1,3362
KATHLEEN ADAMS,Iran,Arak,2005-07-11,12.950000000000001,5,5,2,2,3362
MARIE TURNER,Russian Federation,Lipetsk,2005-05-30,12.950000000000001,5,5,1,1,3362
LAUREN HUDSON,France,Le Mans,2005-06-20,12.950000000000001,5,5,"1,2","1,2",3362
LAURIE LAWRENCE,India,Firozabad,2005-07-12,12.950000000000001,5,5,2,2,3362
TANYA GILBERT,South Korea,Naju,2005-06-20,12.950000000000001,5,5,2,2,3362
CAROLINE BOWMAN,United States,Tallahassee,2005-07-12,12.950000000000001,5,5,2,2,3362
PENNY NEAL,India,Kumbakonam,2005-07-11,12.950000000000001,5,5,1,1,3362
SAMUEL MARLOW,India,Ranchi,2005-08-01,12.950000000000001,5,5,1,1,3362
JEFFERY PINSON,Pakistan,Dadu,2005-06-16,12.950000000000001,5,5,2,2,3362
DEREK BLAKELY,Philippines,Gingoog,2005-07-30,12.950000000000001,5,5,2,2,3362
WAYNE TRUONG,India,Gulbarga,2005-08-21,12.95,5,5,1,1,3373
JAIME NETTLES,Peru,Hunuco,2005-07-09,12.95,5,5,"2,1","2,1",3373
WENDY HARRISON,Mexico,Nezahualcyotl,2005-08-23,12.949999999999998,5,5,2,2,3375
IRENE PRICE,Kazakstan,Pavlodar,2005-06-21,12.940000000000001,6,6,2,2,3376
EVERETT BANDA,Egypt,Bilbays,2005-07-31,12.939999999999994,6,6,"1,2","1,2",3377
KIMBERLY LEE,Argentina,Crdoba,2005-08-01,11.950000000000003,5,5,2,2,3378
IRENE PRICE,Kazakstan,Pavlodar,2005-06-20,11.950000000000001,5,5,1,1,3379
HAZEL WARREN,China,Hohhot,2005-07-12,11.950000000000001,5,5,1,1,3379
LAWRENCE LAWTON,Cameroon,Yaound,2005-07-12,11.950000000000001,5,5,"2,1","2,1",3379
CHARLENE ALVAREZ,Tanzania,Zanzibar,2005-07-11,10.950000000000001,5,5,2,2,3382
HEIDI LARSON,China,Xiangfan,2005-07-09,10.950000000000001,5,5,"2,1","2,1",3382
