amount_z_score,avg_payment_amount_30d,avg_payment_count_30d,count_z_score,customer_city,customer_country,customer_home_store_id,customer_id,customer_name,history_days,history_payment_count,main_category_id,main_category_name,main_category_payment_count,most_frequent_staff_id,most_frequent_staff_name,most_frequent_staff_payment_count,off_home_staff_payment_count,off_home_staff_payment_share,payment_amount,payment_count,payment_day,risk_rank,risk_score,stddev_payment_amount_30d,stddev_payment_count_30d
-0.002,10.98,2.0,1.5275,Bijapur,India,1,468,TIM CARY,8,16,2,Animation,1,2,Jon Stephens,2,2,0.5,10.96,4,2005-08-23,734,55.83,9.7714,1.3093
-0.0046,6.99,1.45,2.1856,Brescia,Italy,1,309,CHRISTOPHER GRECO,11,16,3,Children,3,1,Mike Hillyer,3,0,0.0,6.97,3,2005-08-01,729,65.57,3.372,0.7071
-0.0062,4.99,1.38,3.0401,Santo Andr,Brazil,2,354,JUSTIN NGO,8,11,3,Children,1,2,Jon Stephens,3,0,0.0,4.97,3,2005-07-27,712,91.2,2.6143,0.5345
-0.1345,5.43,1.33,3.3333,Changhwa,Taiwan,2,75,TAMMY SANDERS,9,12,4,Classics,1,2,Jon Stephens,2,1,0.3333,4.97,3,2005-07-12,685,106.67,3.4287,0.5
-0.1515,7.41,1.43,2.7218,Dallas,United States,2,400,BRYAN HARDISON,7,10,3,Children,1,1,Mike Hillyer,2,2,0.6667,6.97,3,2005-08-01,705,94.99,2.932,0.5774
-0.1887,7.76,1.44,2.5402,Jedda,Saudi Arabia,2,49,JOYCE EDWARDS,9,13,9,Foreign,1,1,Mike Hillyer,3,3,1.0,6.97,3,2005-08-01,702,96.21,4.2035,0.6124
-0.2279,8.49,1.5,1.5,York,United Kingdom,2,497,GILBERT SLEDGE,4,6,5,Comedy,2,1,Mike Hillyer,2,2,0.6667,6.97,3,2005-07-08,733,58.33,6.6488,1.0
-0.3067,5.99,1.43,2.7218,Tartu,Estonia,2,444,MARCUS HIDALGO,7,10,16,Travel,1,1,Mike Hillyer,2,2,0.6667,4.97,3,2005-08-20,706,94.99,3.3116,0.5774
-0.359,7.59,1.4,2.2627,Erlangen,Germany,1,448,MIGUEL BETANCOURT,5,7,4,Classics,1,2,Jon Stephens,2,2,0.6667,5.97,3,2005-07-07,719,81.22,4.5012,0.7071
-0.3697,8.99,1.5,1.5,Kursk,Russian Federation,2,311,PAUL TROUT,4,6,12,Music,2,2,Jon Stephens,2,1,0.3333,5.97,3,2005-08-19,735,51.67,8.1552,1.0
-0.4582,8.49,1.25,3.0311,La Paz,Mexico,2,488,SHANE MILLARD,4,5,7,Drama,1,2,Jon Stephens,2,1,0.3333,6.97,3,2005-07-28,701,97.6,3.3121,0.5774
-0.5003,6.19,1.4,1.6,Mannheim,Germany,1,196,ALMA AUSTIN,5,7,2,Animation,2,2,Jon Stephens,3,3,1.0,3.97,3,2005-07-29,727,68.0,4.4297,1.0
-0.747,6.15,1.5,1.6771,Vaduz,Liechtenstein,2,57,EVELYN MORGAN,6,9,8,Family,2,1,Mike Hillyer,2,2,0.6667,3.97,3,2005-07-30,731,63.65,2.9204,0.8944
-1.1806,4.49,1.5,1.5,Kermanshah,Iran,1,377,HOWARD FORTNER,4,6,8,Family,2,1,Mike Hillyer,2,1,0.3333,2.97,3,2005-07-07,736,51.67,1.2833,1.0
0.0269,6.84,1.43,1.3609,Munger (Monghyr),India,1,28,CYNTHIA YOUNG,7,10,5,Comedy,1,1,Mike Hillyer,2,1,0.3333,6.97,3,2005-08-18,737,48.57,4.7313,1.1547
0.0489,4.85,1.14,4.5491,Poos de Caldas,Brazil,2,254,MAXINE SILVA,7,8,2,Animation,1,1,Mike Hillyer,2,2,0.6667,4.97,3,2005-08-18,582,151.76,2.5441,0.4082
0.0523,6.74,1.5,2.5981,Nuuk,Greenland,1,207,GERTRUDE CASTILLO,4,6,13,New,2,1,Mike Hillyer,2,1,0.3333,6.97,3,2005-07-09,716,86.7,4.4952,0.5774
0.0545,8.58,1.8,1.663,El Fuerte,Mexico,1,451,JIM REA,5,9,7,Drama,1,2,Jon Stephens,4,4,1.0,8.96,4,2005-08-19,726,72.07,6.9377,1.3229
0.0701,6.65,1.5,1.6771,Kingstown,Saint Vincent and the Grenadines,1,326,JOSE ANDREW,6,9,5,Comedy,1,2,Jon Stephens,2,2,0.6667,6.97,3,2005-07-31,728,66.45,4.539,0.8944
0.0947,7.58,1.6,3.3941,Jamalpur,Bangladesh,2,329,FRANK WAGGONER,5,8,2,Animation,2,2,Jon Stephens,3,1,0.25,7.96,4,2005-07-30,681,110.61,3.9717,0.7071
0.1018,6.79,1.2,3.6,Shikarpur,Pakistan,1,25,DEBORAH WALKER,5,6,7,Drama,1,1,Mike Hillyer,2,1,0.3333,6.97,3,2005-07-07,666,118.74,1.7872,0.5
0.1121,6.41,1.43,1.9246,al-Ayn,United Arab Emirates,1,98,LILLIAN GRIFFIN,7,10,15,Sports,2,2,Jon Stephens,2,2,0.6667,6.97,3,2005-08-02,724,75.56,4.9551,0.8165
0.1465,6.39,1.2,3.6,Osmaniye,Turkey,2,13,KAREN JACKSON,5,6,4,Classics,1,1,Mike Hillyer,3,3,1.0,6.97,3,2005-07-12,634,133.86,3.9714,0.5
0.1999,7.49,1.5,2.3717,Laohekou,China,1,422,MELVIN ELLINGTON,6,9,16,Travel,1,2,Jon Stephens,3,3,1.0,7.97,3,2005-08-20,698,99.15,2.4261,0.6325
0.2014,6.99,1.5,1.5,Higashiosaka,Japan,1,264,GWENDOLYN MAY,4,6,11,Horror,1,1,Mike Hillyer,2,1,0.3333,7.97,3,2005-08-17,732,59.72,4.8908,1.0
0.2407,8.98,1.6,2.4,Binzhou,China,1,533,JESSIE MILAM,5,8,2,Animation,1,1,Mike Hillyer,2,2,0.5,9.96,4,2005-07-29,710,91.63,4.054,1.0
0.2585,4.99,1.4,2.2627,Datong,China,1,260,CHRISTY VARGAS,5,7,1,Action,2,1,Mike Hillyer,3,0,0.0,5.97,3,2005-07-29,722,78.22,3.8059,0.7071
0.2772,3.99,1.5,2.5981,Korla,China,1,283,FELICIA SUTTON,4,6,7,Drama,1,2,Jon Stephens,2,2,0.6667,4.97,3,2005-08-17,694,102.36,3.5534,0.5774
0.2939,8.38,1.6,3.3941,Effon-Alaiye,Nigeria,1,286,VELMA LUCAS,5,8,4,Classics,1,1,Mike Hillyer,4,0,0.0,9.96,4,2005-07-27,676,113.58,5.3625,0.7071
0.3034,6.19,1.4,2.2627,Garden Grove,United States,2,593,RENE MCALISTER,5,7,1,Action,1,2,Jon Stephens,3,0,0.0,6.97,3,2005-07-08,720,80.02,2.584,0.7071
0.344,5.74,1.5,2.5981,Abu Dhabi,United Arab Emirates,1,452,TOM MILNER,4,6,15,Sports,1,1,Mike Hillyer,2,1,0.3333,6.97,3,2005-06-18,700,98.37,3.5898,0.5774
0.3828,8.98,1.83,2.1667,Naju,South Korea,1,237,TANYA GILBERT,6,11,10,Games,1,2,Jon Stephens,3,3,0.75,10.96,4,2005-07-31,704,95.31,5.1676,1.0
0.4073,5.65,1.44,1.9676,Rio Claro,Brazil,1,74,DENISE KELLY,9,13,4,Classics,2,2,Jon Stephens,2,2,0.6667,6.97,3,2005-08-23,715,88.66,3.2352,0.7906
0.4087,5.79,1.4,2.1466,Pune,India,2,135,JUANITA MASON,10,14,16,Travel,1,1,Mike Hillyer,2,2,0.6667,7.97,3,2005-08-01,708,94.08,5.3442,0.7454
0.4103,7.59,1.4,2.2627,Joliet,United States,1,504,NATHANIEL ADAM,5,7,15,Sports,1,2,Jon Stephens,3,3,1.0,9.97,3,2005-07-28,690,104.3,5.81,0.7071
0.4369,6.99,1.5,2.5981,Kansas City,United States,1,308,THOMAS GRIGSBY,4,6,6,Documentary,1,1,Mike Hillyer,2,1,0.3333,8.97,3,2005-08-01,695,102.08,4.5439,0.5774
0.4372,7.43,1.44,3.2326,Duisburg,Germany,2,114,GRACE ELLIS,9,13,1,Action,1,1,Mike Hillyer,3,3,0.75,8.96,4,2005-08-23,645,129.46,3.4996,0.7906
0.4508,5.99,1.38,2.1497,Karnal,India,1,274,NAOMI JENNINGS,8,11,13,New,1,2,Jon Stephens,2,2,0.6667,7.97,3,2005-08-02,703,95.86,4.4007,0.7559
0.48,5.16,1.17,6.3355,Yamuna Nagar,India,1,12,NANCY THOMAS,6,7,7,Drama,2,2,Jon Stephens,2,2,0.5,6.96,4,2005-07-09,351,219.27,3.7602,0.4472
0.4809,8.82,1.33,2.6352,Cabuyao,Philippines,1,371,BILLY POULIN,6,8,8,Family,1,1,Mike Hillyer,2,1,0.3333,11.97,3,2005-08-19,688,104.96,6.5505,0.6325
0.4853,7.21,1.44,1.9676,Zanzibar,Tanzania,2,220,CHARLENE ALVAREZ,9,13,1,Action,1,1,Mike Hillyer,3,3,1.0,9.97,3,2005-08-02,699,98.44,5.6923,0.7906
0.5318,4.99,1.5,1.5,Liaocheng,China,1,129,CARRIE PORTER,4,6,3,Children,1,2,Jon Stephens,2,2,0.6667,6.97,3,2005-07-06,721,79.61,3.7328,1.0
0.5752,11.09,2.0,1.4142,Memphis,United States,2,181,ANA BRADLEY,9,18,4,Classics,1,2,Jon Stephens,4,0,0.0,15.96,4,2005-08-19,730,65.44,8.4641,1.4142
0.5807,7.24,1.5,2.8062,Olomouc,Czech Republic,2,265,JENNIE TERRY,8,12,16,Travel,1,2,Jon Stephens,2,1,0.3333,9.97,3,2005-07-29,675,114.08,4.7099,0.5345
0.5902,4.79,1.4,1.6,Daxian,China,2,64,JUDITH COX,5,7,2,Animation,1,1,Mike Hillyer,2,2,0.6667,7.97,3,2005-07-09,717,84.94,5.3952,1.0
0.6308,8.18,1.6,4.8083,NDjamna,Chad,1,535,JAVIER ELROD,5,8,16,Travel,1,2,Jon Stephens,3,3,0.6,11.95,5,2005-08-18,430,191.48,5.9706,0.7071
0.6312,7.39,1.2,3.6,Ambattur,India,1,225,ARLENE HARVEY,5,6,13,New,1,1,Mike Hillyer,2,1,0.3333,8.97,3,2005-07-11,623,139.91,2.5064,0.5
0.6367,9.31,2.5,2.2822,Liaocheng,China,1,129,CARRIE PORTER,6,15,9,Foreign,1,2,Jon Stephens,3,3,0.6,14.95,5,2005-08-01,672,115.93,8.8611,1.0954
0.6396,6.82,1.5,1.6771,Deba Habe,Nigeria,2,409,RODNEY MOELLER,6,9,2,Animation,1,2,Jon Stephens,2,1,0.3333,8.97,3,2005-07-28,718,82.56,3.364,0.8944
0.6475,7.27,1.43,2.7218,Toulouse,France,2,35,VIRGINIA GREEN,7,10,1,Action,1,2,Jon Stephens,2,1,0.3333,8.97,3,2005-08-21,674,114.22,2.6232,0.5774
0.6616,6.84,1.71,2.8455,Charlotte Amalie,"Virgin Islands, U.S.",1,406,NATHAN RUNYON,7,12,4,Classics,2,2,Jon Stephens,3,3,0.6,11.95,5,2005-07-30,635,133.83,7.7234,1.1547
0.6827,4.86,1.25,3.274,Gijn,Spain,2,394,CHRIS BROTHERS,8,10,13,New,1,1,Mike Hillyer,3,3,1.0,6.97,3,2005-08-01,605,145.53,3.0871,0.5345
0.6858,5.49,1.38,3.0401,Cuman,Venezuela,2,113,CINDY FISHER,8,11,7,Drama,1,2,Jon Stephens,2,1,0.3333,7.97,3,2005-08-01,653,125.3,3.6216,0.5345
0.6904,8.86,1.5,1.4031,Maikop,Russian Federation,1,346,ARTHUR SIMPKINS,8,12,8,Family,2,1,Mike Hillyer,2,1,0.3333,12.97,3,2005-07-31,723,76.38,5.9527,1.069
0.6908,6.99,1.25,3.0311,Sokoto,Nigeria,1,562,WALLACE SLONE,4,5,10,Games,1,2,Jon Stephens,2,2,0.6667,9.97,3,2005-07-27,638,131.9,4.3174,0.5774
0.6968,4.24,1.5,1.5,Laiwu,China,2,151,MEGAN PALMER,4,6,1,Action,3,2,Jon Stephens,3,0,0.0,5.97,3,2005-07-12,725,72.87,2.49,1.0
0.6969,6.66,1.17,4.0995,Callao,Peru,2,304,DAVID ROYAL,6,7,15,Sports,2,2,Jon Stephens,2,1,0.3333,9.97,3,2005-07-10,563,157.52,4.757,0.4472
0.7043,6.99,1.4,2.1466,Avellaneda,Argentina,1,560,JORDAN ARCHULETA,10,14,9,Foreign,1,1,Mike Hillyer,2,1,0.3333,9.97,3,2005-08-21,697,99.24,4.2366,0.7454
0.7057,5.32,1.17,4.0995,Saarbrcken,Germany,1,227,COLLEEN BURTON,6,7,6,Documentary,1,1,Mike Hillyer,2,1,0.3333,6.97,3,2005-07-29,561,157.88,2.3358,0.4472
0.7092,4.59,1.4,2.2627,Valle de Santiago,Mexico,1,288,BOBBIE CRAIG,5,7,3,Children,1,1,Mike Hillyer,2,1,0.3333,6.97,3,2005-08-19,693,102.91,3.3617,0.7071
0.7445,3.7,1.14,4.5491,Toulouse,France,2,35,VIRGINIA GREEN,7,8,11,Horror,1,2,Jon Stephens,2,1,0.3333,4.97,3,2005-07-09,494,172.92,1.7021,0.4082
0.7477,8.19,1.4,1.6,Shimoga,India,1,238,NELLIE GARRETT,5,7,3,Children,2,2,Jon Stephens,2,2,0.6667,11.97,3,2005-08-17,711,91.24,5.0608,1.0
0.7874,5.09,1.3,2.9445,Atinsk,Russian Federation,1,397,JIMMY SCHRADER,10,13,3,Children,1,1,Mike Hillyer,2,1,0.3333,7.97,3,2005-08-01,651,126.5,3.6613,0.5774
0.7932,7.74,1.25,3.0311,al-Manama,Bahrain,2,590,SETH HANNON,4,5,4,Classics,1,2,Jon Stephens,2,1,0.3333,12.97,3,2005-07-08,646,129.32,6.5971,0.5774
0.7938,4.61,1.25,3.274,Garland,United States,2,561,IAN STILL,8,10,13,New,1,1,Mike Hillyer,3,3,1.0,6.97,3,2005-07-12,594,149.97,2.9699,0.5345
0.8103,3.99,1.25,3.0311,Katihar,India,1,419,CHAD CARBONE,4,5,2,Animation,2,2,Jon Stephens,2,2,0.6667,5.97,3,2005-07-10,630,136.68,2.4468,0.5774
0.8122,6.99,1.5,2.5981,Sanaa,Yemen,2,303,WILLIAM SATTERFIELD,4,6,16,Travel,1,2,Jon Stephens,2,1,0.3333,8.97,3,2005-07-29,670,117.1,2.444,0.5774
0.825,5.74,1.5,2.8062,Jurez,Mexico,2,369,FRED WHEAT,8,12,16,Travel,1,2,Jon Stephens,2,1,0.3333,7.97,3,2005-08-01,657,123.85,2.7092,0.5345
0.8259,9.21,1.67,3.2998,Vancouver,Canada,1,436,TROY QUIGLEY,9,15,2,Animation,2,1,Mike Hillyer,3,1,0.25,13.96,4,2005-08-20,629,137.03,5.7568,0.7071
0.8264,4.99,1.25,5.1448,Peoria,United States,2,275,CAROLE BARNETT,8,10,2,Animation,1,2,Jon Stephens,4,0,0.0,6.96,4,2005-08-20,447,187.4,2.3869,0.5345
0.8359,6.58,1.6,2.4,Boa Vista,Brazil,1,342,HAROLD MARTINO,5,8,8,Family,1,2,Jon Stephens,2,2,0.5,12.96,4,2005-07-31,673,115.44,7.6275,1.0
0.8388,5.99,1.43,2.7218,Lima,Peru,1,122,THELMA MURRAY,7,10,11,Horror,2,2,Jon Stephens,2,2,0.6667,8.97,3,2005-07-28,649,128.54,3.5576,0.5774
0.8547,6.74,1.25,4.7631,Merlo,Argentina,1,107,FLORENCE WOODS,4,5,13,New,1,2,Jon Stephens,3,3,0.75,9.96,4,2005-06-20,428,192.08,3.7703,0.5774
0.8758,5.84,1.43,1.3609,Bhopal,India,1,15,HELEN HARRIS,7,10,8,Family,1,2,Jon Stephens,2,2,0.6667,8.97,3,2005-08-18,714,89.19,3.5705,1.1547
0.8926,7.19,1.0,10.0,Allende,Mexico,1,414,VINCENT RALSTON,5,5,16,Travel,1,2,Jon Stephens,3,3,1.0,9.97,3,2005-07-12,143,355.7,3.1145,0.0
0.9025,6.48,1.67,2.13,Jastrzebie-Zdrj,Poland,1,128,MARJORIE TUCKER,6,10,12,Music,1,2,Jon Stephens,4,4,1.0,10.96,4,2005-08-19,664,120.0,4.9603,1.0954
0.9089,4.59,1.4,2.2627,Matamoros,Mexico,2,177,SAMANTHA DUNCAN,5,7,14,Sci-Fi,1,1,Mike Hillyer,2,2,0.6667,8.97,3,2005-08-01,667,117.57,4.8235,0.7071
0.9253,4.39,1.2,3.6,Ljubertsy,Russian Federation,2,160,ERIN DUNN,5,6,1,Action,1,2,Jon Stephens,2,1,0.3333,6.97,3,2005-07-31,584,151.68,2.7905,0.5
0.9432,4.27,1.14,4.5491,Pachuca de Soto,Mexico,1,353,JONATHAN SCARBOROUGH,7,8,13,New,1,2,Jon Stephens,2,2,0.6667,5.97,3,2005-08-23,445,187.53,1.7979,0.4082
0.9454,8.49,1.5,3.9131,Lincoln,United States,1,63,ASHLEY RICHARDSON,6,9,9,Foreign,1,2,Jon Stephens,3,3,0.6,13.95,5,2005-07-31,479,177.21,5.7805,0.8944
0.9463,8.11,1.88,2.125,Hsichuh,Taiwan,2,348,ROGER QUINTANILLA,8,15,6,Documentary,1,2,Jon Stephens,3,1,0.25,12.96,4,2005-08-20,686,106.6,5.1294,1.0
0.9534,4.82,1.33,2.6352,Izumisano,Japan,1,391,CLARENCE GAMEZ,6,8,13,New,1,1,Mike Hillyer,2,1,0.3333,8.97,3,2005-07-30,656,123.86,4.3526,0.6325
0.959,10.98,2.0,2.0,Batman,Turkey,1,172,BERNICE WILLIS,3,6,3,Children,1,1,Mike Hillyer,3,1,0.25,16.96,4,2005-07-27,692,103.36,6.2354,1.0
0.9657,8.24,1.5,4.3301,Sasebo,Japan,1,1,MARY SMITH,4,6,2,Animation,1,1,Mike Hillyer,2,2,0.5,11.96,4,2005-07-28,473,178.53,3.8575,0.5774
0.9666,5.77,1.22,3.5556,Baha Blanca,Argentina,1,322,JASON MORRISSEY,9,11,11,Horror,1,2,Jon Stephens,2,2,0.6667,9.97,3,2005-07-12,558,158.66,4.3498,0.5
0.9705,5.59,1.2,3.6,Kuching,Malaysia,1,58,JEAN BELL,5,6,5,Comedy,1,2,Jon Stephens,2,2,0.6667,10.97,3,2005-07-31,554,160.15,5.5455,0.5
0.976,7.98,1.71,1.9795,Jinzhou,China,1,595,TERRENCE GUNDERSON,7,12,6,Documentary,2,1,Mike Hillyer,2,2,0.5,11.96,4,2005-07-30,683,108.43,4.0747,1.1547
0.9802,6.86,1.5,1.4031,Hsichuh,Taiwan,2,348,ROGER QUINTANILLA,8,12,7,Drama,2,1,Mike Hillyer,2,2,0.6667,12.97,3,2005-07-29,707,94.64,6.2332,1.069
0.9908,6.43,1.33,3.3333,Mwanza,Tanzania,1,481,HERMAN DEVORE,9,12,15,Sports,1,2,Jon Stephens,2,2,0.6667,9.97,3,2005-08-20,580,152.97,3.5716,0.5
0.9976,7.99,1.4,2.2627,Szkesfehrvr,Hungary,1,592,TERRANCE ROUSH,5,7,6,Documentary,1,1,Mike Hillyer,3,0,0.0,12.97,3,2005-07-07,684,107.79,4.996,0.7071
1.0018,4.19,1.2,3.6,Berhampore (Baharampur),India,2,413,MARVIN YEE,5,6,2,Animation,2,1,Mike Hillyer,2,2,0.6667,6.97,3,2005-08-02,547,161.41,2.7769,0.5
1.0111,7.49,1.5,1.6771,Santa Rosa,Philippines,2,522,ARNOLD HAVENS,6,9,7,Drama,1,2,Jon Stephens,3,0,0.0,12.97,3,2005-07-10,713,90.76,5.4246,0.8944
1.0123,7.19,1.4,2.2627,Chatsworth,South Africa,1,555,DWIGHT LOMBARDI,5,7,9,Foreign,1,2,Jon Stephens,2,2,0.6667,12.97,3,2005-08-17,661,121.71,5.7138,0.7071
1.0173,4.99,1.25,3.0311,Ondo,Nigeria,1,156,BERTHA FERGUSON,4,5,8,Family,1,2,Jon Stephens,2,2,0.6667,8.97,3,2005-07-10,608,144.96,3.9149,0.5774
1.0328,6.54,1.22,3.5556,Loja,Ecuador,1,589,TRACY HERRMANN,9,11,13,New,1,1,Mike Hillyer,2,1,0.3333,8.97,3,2005-08-21,570,154.64,2.3496,0.5
1.0335,5.86,1.5,1.9843,Jaipur,India,1,60,MILDRED BAILEY,8,12,9,Foreign,1,1,Mike Hillyer,3,0,0.0,9.97,3,2005-08-23,696,100.87,3.9768,0.7559
1.0346,8.65,1.5,2.3717,Valparai,India,1,403,MIKE WAY,6,9,7,Drama,1,1,Mike Hillyer,2,1,0.3333,12.97,3,2005-07-11,665,119.2,4.1741,0.6325
1.0435,4.27,1.29,2.9692,Crdoba,Argentina,2,24,KIMBERLY LEE,7,9,9,Foreign,1,1,Mike Hillyer,2,2,0.6667,7.97,3,2005-08-19,610,144.15,3.5431,0.5774
1.0476,4.56,1.0,10.0,Ondo,Nigeria,1,156,BERTHA FERGUSON,7,7,3,Children,1,2,Jon Stephens,3,3,1.0,6.97,3,2005-08-20,138,361.91,2.2991,0.0
1.0578,5.54,1.22,3.5556,Tambaram,India,2,287,BECKY MILES,9,11,5,Comedy,2,2,Jon Stephens,2,1,0.3333,7.97,3,2005-08-22,567,155.64,2.2941,0.5
1.0729,4.39,1.2,3.6,Satna,India,2,356,GERALD FULTZ,5,6,15,Sports,1,1,Mike Hillyer,3,3,1.0,6.97,3,2005-07-28,503,170.91,2.4067,0.5
1.0733,8.61,1.5,1.9843,Southampton,United Kingdom,1,583,MARSHALL THORN,8,12,9,Foreign,1,2,Jon Stephens,3,3,1.0,12.97,3,2005-08-01,658,122.46,4.0621,0.7559
1.0831,5.99,1.33,2.6352,Kowloon and New Kowloon,Hong Kong,1,289,VIOLET RODRIQUEZ,6,8,9,Foreign,2,1,Mike Hillyer,2,1,0.3333,10.97,3,2005-07-27,647,129.05,4.6009,0.6325
1.0893,7.73,1.75,1.4882,Hidalgo,Mexico,2,150,DANIELLE DANIELS,8,14,1,Action,2,2,Jon Stephens,3,1,0.25,14.96,4,2005-08-21,709,93.22,6.6349,1.5119
1.0966,4.59,1.5,2.0125,Bandar Seri Begawan,Brunei,2,91,LOIS BUTLER,10,15,5,Comedy,1,2,Jon Stephens,3,0,0.0,8.97,3,2005-07-30,691,104.24,3.9989,0.7454
1.1135,5.65,1.67,1.8447,Chandrapur,India,2,167,SALLY PIERCE,6,10,4,Classics,1,2,Jon Stephens,2,2,0.5,9.96,4,2005-07-29,682,109.88,3.8706,1.2649
1.1273,7.36,1.25,3.274,Brescia,Italy,1,309,CHRISTOPHER GRECO,8,10,1,Action,1,1,Mike Hillyer,3,0,0.0,10.97,3,2005-07-29,614,143.31,3.2002,0.5345
1.1303,4.98,1.67,3.2998,Vilnius,Lithuania,1,557,FELIX GAFFNEY,3,5,12,Music,2,2,Jon Stephens,3,3,0.75,10.96,4,2005-07-12,555,159.21,5.2877,0.7071
1.1361,9.68,1.8,1.65,Santa Rosa,Philippines,2,522,ARNOLD HAVENS,10,18,10,Games,2,1,Mike Hillyer,2,2,0.5,18.96,4,2005-08-01,689,104.94,8.1668,1.3333
1.1684,5.13,1.14,4.5491,Zhoushan,China,2,550,GUY BROWNLEE,7,8,3,Children,1,1,Mike Hillyer,2,2,0.6667,8.97,3,2005-07-31,416,196.54,3.2853,0.4082
1.1752,3.99,1.2,3.6,Arak,Iran,2,36,KATHLEEN ADAMS,5,6,12,Music,1,2,Jon Stephens,2,1,0.3333,8.97,3,2005-07-28,545,161.68,4.2391,0.5
1.1791,5.79,1.3,2.2808,Sumqayit,Azerbaijan,2,334,RAYMOND MCWHORTER,10,13,11,Horror,1,2,Jon Stephens,2,1,0.3333,9.97,3,2005-08-23,659,122.25,3.5476,0.7454
1.1846,8.7,1.86,1.9839,Saint-Denis,Runion,1,148,ELEANOR HUNT,7,13,5,Comedy,2,2,Jon Stephens,3,3,0.75,18.96,4,2005-07-29,660,121.9,8.665,1.0801
1.2001,3.19,1.0,10.0,Dadu,Pakistan,2,416,JEFFERY PINSON,5,5,14,Sci-Fi,1,2,Jon Stephens,3,0,0.0,4.97,3,2005-06-16,150,348.0,1.4832,0.0
1.2035,5.61,1.13,4.9608,Idfu,Egypt,2,233,LILLIE KIM,8,9,14,Sci-Fi,1,2,Jon Stephens,3,0,0.0,9.97,3,2005-07-29,415,196.96,3.6195,0.378
1.2312,4.32,1.5,1.6771,Kurashiki,Japan,2,34,REBECCA SCOTT,6,9,4,Classics,1,1,Mike Hillyer,2,2,0.6667,6.97,3,2005-08-18,677,112.89,2.1538,0.8944
1.2325,6.24,1.38,2.1497,Graz,Austria,1,173,AUDREY RAY,8,11,2,Animation,2,1,Mike Hillyer,2,1,0.3333,12.97,3,2005-08-23,662,120.46,5.4636,0.7559
1.233,4.99,1.43,3.1493,San Miguel de Tucumn,Argentina,1,243,LYDIA BURKE,7,10,6,Documentary,2,1,Mike Hillyer,2,2,0.5,9.96,4,2005-08-21,573,153.8,4.0344,0.8165
1.2364,6.24,1.5,2.5981,Anpolis,Brazil,1,229,TAMARA NGUYEN,4,6,3,Children,1,2,Jon Stephens,2,2,0.6667,8.97,3,2005-08-19,622,140.73,2.2121,0.5774
1.2386,5.82,1.5,1.6771,Yingkou,China,2,521,ROLAND SOUTH,6,9,13,New,1,2,Jon Stephens,2,1,0.3333,10.97,3,2005-08-21,687,106.52,4.1594,0.8944
1.2443,6.19,1.4,2.2627,Jaroslavl,Russian Federation,2,222,DELORES HANSEN,5,7,15,Sports,1,1,Mike Hillyer,2,2,0.6667,13.97,3,2005-07-29,639,130.99,6.2556,0.7071
1.271,7.18,1.6,3.3941,Patiala,India,2,296,RAMONA HALE,5,8,13,New,2,1,Mike Hillyer,3,3,0.75,12.96,4,2005-08-20,514,167.66,4.5446,0.7071
1.2765,6.99,1.2,3.6,Quilmes,Argentina,1,585,PERRY SWAFFORD,5,6,4,Classics,1,1,Mike Hillyer,2,1,0.3333,12.97,3,2005-07-27,529,165.73,4.6862,0.5
1.2771,8.65,1.67,3.2998,Skikda,Algeria,1,176,JUNE CARROLL,3,5,2,Animation,2,1,Mike Hillyer,3,1,0.25,13.96,4,2005-07-27,568,155.08,4.1577,0.7071
1.2813,5.49,1.33,2.6352,Urawa,Japan,2,147,JOANNE ROBERTSON,6,8,6,Documentary,2,2,Jon Stephens,3,0,0.0,13.97,3,2005-08-20,641,130.31,6.6209,0.6325
1.2836,5.74,1.5,1.9843,Haldia,India,2,186,HOLLY FOX,8,12,7,Drama,2,1,Mike Hillyer,2,2,0.6667,11.97,3,2005-08-20,654,124.21,4.8574,0.7559
1.2861,5.61,1.5,2.8062,Banjul,Gambia,2,584,SALVADOR TEEL,8,12,5,Comedy,1,1,Mike Hillyer,2,2,0.6667,10.97,3,2005-08-02,598,148.97,4.1677,0.5345
1.2866,12.14,2.5,1.9764,Maikop,Russian Federation,1,346,ARTHUR SIMPKINS,6,15,8,Family,2,1,Mike Hillyer,3,2,0.4,19.95,5,2005-08-23,648,128.76,6.069,1.2649
1.2944,7.15,1.33,2.6352,Vancouver,Canada,1,436,TROY QUIGLEY,6,8,16,Travel,1,2,Jon Stephens,2,2,0.6667,13.97,3,2005-08-17,609,144.17,5.2661,0.6325
1.3076,6.32,1.33,2.6352,Jining,China,1,594,EDUARDO HIATT,6,8,10,Games,2,1,Mike Hillyer,2,1,0.3333,10.97,3,2005-07-29,627,138.03,3.556,0.6325
1.3086,5.27,1.29,2.9692,Fuyu,China,1,211,STACEY MONTGOMERY,7,9,2,Animation,1,2,Jon Stephens,3,3,1.0,11.97,3,2005-08-18,546,161.42,5.1176,0.5774
1.3147,6.49,1.25,3.0311,Po,Brazil,1,126,ELLEN SIMPSON,4,5,9,Foreign,1,1,Mike Hillyer,2,1,0.3333,9.97,3,2005-08-17,591,150.19,2.6489,0.5774
1.3202,8.19,1.4,2.6,Vila Velha,Brazil,1,39,DEBRA NELSON,5,7,8,Family,1,2,Jon Stephens,3,3,0.75,19.96,4,2005-07-29,604,145.81,8.9186,1.0
1.3332,6.84,1.29,2.9692,Jhansi,India,1,32,AMY LOPEZ,7,9,7,Drama,1,1,Mike Hillyer,3,0,0.0,11.97,3,2005-08-20,618,142.4,3.8447,0.5774
1.3358,6.36,1.5,1.9843,Buenaventura,Colombia,1,235,JACKIE LYNCH,8,12,8,Family,1,2,Jon Stephens,2,2,0.6667,11.97,3,2005-07-31,652,126.3,4.1998,0.7559
1.3472,7.15,1.5,1.6771,Ahmadnagar,India,1,297,SHERRI RHODES,6,9,3,Children,2,1,Mike Hillyer,2,1,0.3333,14.97,3,2005-07-11,680,110.86,5.8035,0.8944
1.3522,5.49,1.25,3.0311,Shimonoseki,Japan,2,29,ANGELA HERNANDEZ,4,5,15,Sports,1,1,Mike Hillyer,2,2,0.6667,11.97,3,2005-07-27,560,158.35,4.7941,0.5774
1.3602,10.7,1.86,3.0305,Molodetno,Belarus,1,144,CLARA SHAW,7,13,10,Games,3,1,Mike Hillyer,3,1,0.25,17.96,4,2005-07-30,590,150.32,5.3406,0.7071
1.3709,5.99,1.33,2.357,Nabereznyje Telny,Russian Federation,1,447,CLIFFORD BOWENS,9,12,7,Drama,1,2,Jon Stephens,2,2,0.6667,12.97,3,2005-08-02,626,138.88,5.0939,0.7071
1.3741,7.18,1.6,3.3941,Changzhou,China,2,197,SUE PETERS,5,8,4,Classics,1,2,Jon Stephens,3,1,0.25,12.96,4,2005-08-01,544,161.79,4.2033,0.7071
1.3839,3.99,1.22,2.5142,Monclova,Mexico,2,570,IVAN CROMWELL,9,11,11,Horror,1,1,Mike Hillyer,2,2,0.6667,8.97,3,2005-07-31,611,144.12,3.6,0.7071
1.3948,5.79,1.4,1.6,Allende,Mexico,1,414,VINCENT RALSTON,5,7,15,Sports,1,2,Jon Stephens,2,2,0.6667,11.97,3,2005-07-31,669,117.12,4.4337,1.0
1.3959,9.23,1.88,1.6952,Vila Velha,Brazil,1,39,DEBRA NELSON,8,15,10,Games,3,1,Mike Hillyer,2,2,0.5,20.96,4,2005-08-01,671,116.69,8.4023,1.2536
1.4018,3.99,1.25,3.0311,Cianjur,Indonesia,1,411,NORMAN CURRIER,4,5,2,Animation,2,1,Mike Hillyer,2,1,0.3333,5.97,3,2005-07-27,575,153.67,1.4142,0.5774
1.4018,4.99,1.25,3.0311,Brindisi,Italy,2,499,MARC OUTLAW,4,5,11,Horror,1,2,Jon Stephens,2,1,0.3333,9.97,3,2005-07-09,574,153.67,3.5543,0.5774
1.4051,3.99,1.4,2.2627,Nezahualcyotl,Mexico,1,115,WENDY HARRISON,5,7,4,Classics,1,1,Mike Hillyer,2,1,0.3333,6.97,3,2005-07-11,640,130.75,2.1237,0.7071
1.4226,9.48,1.8,2.3335,Halisahar,India,2,259,LENA JENSEN,10,18,15,Sports,1,1,Mike Hillyer,3,3,0.75,18.96,4,2005-08-23,620,141.91,6.6625,0.9428
1.4366,7.39,1.4,2.6,Sterling Heights,United States,1,146,JAMIE RICE,5,7,12,Music,1,2,Jon Stephens,3,3,0.75,17.96,4,2005-08-02,588,150.47,7.3603,1.0
1.4384,8.98,1.8,1.65,Qomsheh,Iran,1,459,TOMMY COLLAZO,10,18,4,Classics,1,1,Mike Hillyer,3,1,0.25,22.96,4,2005-08-01,678,112.04,9.7177,1.3333
1.4506,5.49,1.33,1.8634,Garland,United States,2,561,IAN STILL,6,8,11,Horror,1,1,Mike Hillyer,2,2,0.6667,10.97,3,2005-08-02,650,127.26,3.78,0.8944
1.4536,6.59,1.2,3.6,Benin City,Nigeria,1,284,SONIA GREGORY,5,6,4,Classics,1,1,Mike Hillyer,2,1,0.3333,14.97,3,2005-07-27,495,172.81,5.7665,0.5
1.46,5.74,1.25,3.0311,Kimchon,South Korea,2,99,EMILY DIAZ,4,5,14,Sci-Fi,1,2,Jon Stephens,2,1,0.3333,8.97,3,2005-07-08,565,156.0,2.214,0.5774
1.4635,6.79,1.4,2.2627,Fengshan,Taiwan,2,576,MORRIS MCCARTER,5,7,10,Games,2,2,Jon Stephens,2,1,0.3333,10.97,3,2005-07-06,636,133.09,2.8589,0.7071
1.47,5.49,1.5,1.5,Patras,Greece,1,596,ENRIQUE FORSYTHE,4,6,14,Sci-Fi,1,2,Jon Stephens,2,2,0.6667,8.97,3,2005-08-01,668,117.14,2.3707,1.0
1.4771,5.54,1.33,3.3333,Usak,Turkey,1,204,ROSEMARY SCHMIDT,9,12,5,Comedy,1,2,Jon Stephens,2,2,0.6667,10.97,3,2005-07-12,498,172.42,3.6745,0.5
1.5069,5.49,1.25,3.274,Kamakura,Japan,1,79,RACHEL BARNES,8,10,11,Horror,1,1,Mike Hillyer,2,1,0.3333,9.97,3,2005-07-31,532,165.16,2.9747,0.5345
1.5074,5.43,1.44,2.5402,Kolpino,Russian Federation,1,295,DAISY BATES,9,13,16,Travel,1,2,Jon Stephens,2,2,0.6667,10.97,3,2005-07-09,595,149.84,3.6752,0.6124
1.512,6.61,1.5,3.3072,San Felipe de Puerto Plata,Dominican Republic,2,418,JEFF EAST,8,12,4,Classics,1,2,Jon Stephens,3,1,0.25,11.96,4,2005-08-02,533,164.69,3.5385,0.7559
1.5168,7.32,1.67,2.6087,Balikesir,Turkey,1,366,BRANDON HUEY,6,10,3,Children,1,2,Jon Stephens,2,2,0.5,14.96,4,2005-07-27,599,148.94,5.0391,0.8944
1.5194,5.19,1.2,3.6,Bhusawal,India,2,202,CARLA GUTIERREZ,5,6,2,Animation,1,1,Mike Hillyer,3,3,1.0,8.97,3,2005-07-29,443,188.78,2.4892,0.5
1.534,4.59,1.0,10.0,Rockford,United States,2,457,BILL GAVIN,5,5,7,Drama,1,1,Mike Hillyer,3,3,1.0,9.97,3,2005-06-19,124,381.36,3.5071,0.0
1.5356,4.74,1.25,3.274,Mukateve,Ukraine,2,131,MONICA HICKS,8,10,10,Games,1,1,Mike Hillyer,2,2,0.6667,11.97,3,2005-08-18,492,172.97,4.71,0.5345
1.5385,6.59,1.4,1.6,Alessandria,Italy,2,33,ANNA HILL,5,7,15,Sports,1,1,Mike Hillyer,3,3,1.0,11.97,3,2005-08-20,644,129.54,3.4994,1.0
1.5415,6.57,1.33,5.4385,Siliguri (Shiliguri),India,1,502,BRETT CORNWELL,12,16,6,Documentary,2,1,Mike Hillyer,4,1,0.2,12.95,5,2005-08-02,290,238.82,4.1388,0.6742
1.5433,5.7,1.43,2.7218,Mardan,Pakistan,2,20,SHARON ROBINSON,7,10,7,Drama,1,2,Jon Stephens,2,1,0.3333,12.97,3,2005-08-19,593,150.05,4.7108,0.5774
1.5447,5.61,1.38,3.0401,Tama,Japan,1,385,PHILLIP HOLM,8,11,10,Games,1,1,Mike Hillyer,3,0,0.0,9.97,3,2005-08-01,579,152.99,2.8217,0.5345
1.5452,6.41,1.43,2.7218,Shubra al-Khayma,Egypt,1,119,SHERRY MARSHALL,7,10,13,New,1,1,Mike Hillyer,2,1,0.3333,11.97,3,2005-08-01,592,150.13,3.5954,0.5774
1.5509,6.08,1.45,2.1856,Jaffna,Sri Lanka,1,408,MANUEL MURRELL,11,16,5,Comedy,1,1,Mike Hillyer,2,1,0.3333,11.97,3,2005-08-23,633,134.27,3.8002,0.7071
1.5511,4.7,1.29,2.9692,Alvorada,Brazil,2,551,CLAYTON BARBEE,7,9,2,Animation,1,2,Jon Stephens,2,1,0.3333,8.97,3,2005-08-21,562,157.79,2.7519,0.5774
1.5624,6.86,1.5,1.4031,Rustenburg,South Africa,1,407,DALE RATCLIFF,8,12,10,Games,2,1,Mike Hillyer,2,1,0.3333,17.97,3,2005-08-02,679,111.25,7.111,1.069
1.5635,7.65,1.67,1.9052,Tokat,Turkey,1,566,CASEY MENA,3,5,14,Sci-Fi,2,1,Mike Hillyer,2,2,0.5,13.96,4,2005-07-28,642,129.7,4.0357,1.2247
1.5643,6.42,1.29,2.9692,Liepaja,Latvia,2,23,SARAH LEWIS,7,9,11,Horror,1,2,Jon Stephens,3,0,0.0,14.97,3,2005-08-19,585,151.65,5.4686,0.5774
1.5726,7.24,1.5,2.5981,Najafabad,Iran,1,368,HARRY ARCE,4,6,16,Travel,2,1,Mike Hillyer,3,0,0.0,14.97,3,2005-06-19,621,140.85,4.9187,0.5774
1.5727,5.36,1.5,3.3072,Bratislava,Slovakia,1,357,KEITH RICO,8,12,7,Drama,1,1,Mike Hillyer,2,2,0.5,13.96,4,2005-08-01,499,172.12,5.4684,0.7559
1.5776,4.24,1.25,3.0311,Pyongyang,North Korea,2,157,DARLENE ROSE,4,5,12,Music,2,2,Jon Stephens,2,1,0.3333,10.97,3,2005-07-27,551,160.7,4.2675,0.5774
1.5809,5.86,1.5,1.9843,Jinchang,China,1,168,REGINA BERRY,8,12,7,Drama,1,2,Jon Stephens,2,2,0.6667,11.97,3,2005-07-30,632,136.1,3.865,0.7559
1.5864,6.82,1.5,1.6771,Udaipur,India,1,170,BEATRICE ARNOLD,6,9,3,Children,1,1,Mike Hillyer,2,1,0.3333,15.97,3,2005-07-31,663,120.43,5.7689,0.8944
1.5906,5.7,1.29,2.9692,Ashgabat,Turkmenistan,2,200,JEANNE LAWSON,7,9,9,Foreign,1,1,Mike Hillyer,2,2,0.6667,8.97,3,2005-07-11,526,166.03,2.055,0.5774
1.5989,4.56,1.14,4.5491,Rio Claro,Brazil,1,74,DENISE KELLY,7,8,15,Sports,1,2,Jon Stephens,2,2,0.6667,8.97,3,2005-08-20,366,213.76,2.7582,0.4082
1.6005,5.99,1.29,2.9692,Arecibo,Puerto Rico,2,360,RALPH MADRIGAL,7,9,13,New,1,1,Mike Hillyer,2,2,0.6667,11.97,3,2005-07-28,523,166.43,3.7381,0.5774
1.6102,3.49,1.33,2.6352,Changzhou,China,2,197,SUE PETERS,6,8,4,Classics,1,1,Mike Hillyer,2,2,0.6667,6.97,3,2005-06-15,564,156.8,2.1633,0.6325
1.6164,5.42,1.29,2.9692,Inegl,Turkey,2,278,BILLIE HORTON,7,9,14,Sci-Fi,1,1,Mike Hillyer,2,2,0.6667,9.97,3,2005-08-01,520,167.07,2.8176,0.5774
1.6186,6.59,1.4,3.677,Taguig,Philippines,2,72,THERESA WATSON,5,7,6,Documentary,2,1,Mike Hillyer,3,3,0.75,13.96,4,2005-08-17,441,190.05,4.5559,0.7071
1.6195,5.7,1.0,10.0,Xiangtan,China,1,67,KELLY TORRES,7,7,6,Documentary,1,2,Jon Stephens,2,2,0.6667,10.97,3,2005-08-20,127,378.12,3.2514,0.0
1.6545,5.08,1.09,6.0371,Emeishan,China,1,389,ALAN KAHN,11,12,1,Action,1,2,Jon Stephens,2,2,0.6667,10.97,3,2005-08-02,248,260.63,3.5599,0.3162
1.6549,5.13,1.29,2.9692,Jinchang,China,1,168,REGINA BERRY,7,9,2,Animation,1,2,Jon Stephens,2,2,0.6667,10.97,3,2005-07-29,511,168.61,3.529,0.5774
1.6562,8.38,1.8,2.6944,Ambattur,India,1,225,ARLENE HARVEY,10,18,13,New,1,2,Jon Stephens,4,4,1.0,13.96,4,2005-08-02,519,167.08,3.3679,0.8165
1.6629,6.74,1.38,3.0401,Sumqayit,Azerbaijan,2,334,RAYMOND MCWHORTER,8,11,9,Foreign,1,1,Mike Hillyer,3,3,1.0,11.97,3,2005-08-01,478,177.72,3.1475,0.5345
1.6658,3.99,1.2,3.6,Ilorin,Nigeria,1,103,GLADYS HAMILTON,5,6,15,Sports,1,1,Mike Hillyer,2,1,0.3333,11.97,3,2005-07-07,462,181.3,4.7917,0.5
1.6719,4.99,1.38,2.1497,Pak Kret,Thailand,2,42,CAROLYN PEREZ,8,11,14,Sci-Fi,2,2,Jon Stephens,2,1,0.3333,10.97,3,2005-07-29,627,138.03,3.5789,0.7559
1.6754,5.56,1.29,2.0996,Higashiosaka,Japan,1,264,GWENDOLYN MAY,7,9,14,Sci-Fi,2,1,Mike Hillyer,2,1,0.3333,12.97,3,2005-07-31,631,136.67,4.4238,0.8165
1.6813,4.49,1.0,10.0,Tarsus,Turkey,2,164,JOANN GARDNER,6,6,14,Sci-Fi,1,2,Jon Stephens,2,1,0.3333,8.97,3,2005-07-12,131,373.92,2.6646,0.0
1.6859,7.24,1.5,4.6771,London,United Kingdom,1,512,CECIL VINES,8,12,3,Children,2,1,Mike Hillyer,3,1,0.25,13.96,4,2005-08-22,369,212.75,3.9889,0.5345
1.6925,6.24,1.5,2.5981,Hiroshima,Japan,2,299,JAMES GANNON,4,6,7,Drama,1,1,Mike Hillyer,3,3,1.0,13.97,3,2005-08-17,530,165.64,4.5702,0.5774
1.6951,7.99,1.25,3.0311,Tsuyama,Japan,2,429,FREDERICK ISBELL,4,5,8,Family,2,2,Jon Stephens,3,0,0.0,12.97,3,2005-07-28,557,158.74,2.9394,0.5774
1.7098,5.99,1.2,3.6,Dos Quebradas,Colombia,2,120,SYLVIA ORTIZ,5,6,4,Classics,1,2,Jon Stephens,2,1,0.3333,10.97,3,2005-07-07,457,183.06,2.9138,0.5
1.7213,7.19,1.2,5.6,Kamarhati,India,2,31,BRENDA WRIGHT,5,6,9,Foreign,4,2,Jon Stephens,3,1,0.25,11.96,4,2005-07-27,283,241.85,2.7724,0.5
1.7229,4.24,1.5,2.5981,Laredo,United States,2,6,JENNIFER DAVIS,4,6,5,Comedy,1,1,Mike Hillyer,3,3,1.0,8.97,3,2005-08-17,521,166.86,2.7483,0.5774
1.7238,6.65,1.5,2.3717,Haiphong,Vietnam,2,199,BETH FRANKLIN,6,9,5,Comedy,1,1,Mike Hillyer,2,2,0.6667,12.97,3,2005-07-31,577,153.44,3.6653,0.6325
1.7243,4.56,1.43,2.7218,Namibe,Angola,1,383,MARTIN BALES,7,10,4,Classics,2,2,Jon Stephens,2,2,0.6667,6.97,3,2005-08-02,537,163.96,1.3993,0.5774
1.7323,8.23,1.88,3.6975,Changhwa,Taiwan,2,75,TAMMY SANDERS,8,15,4,Classics,1,1,Mike Hillyer,4,4,0.8,14.95,5,2005-08-18,386,206.22,3.8784,0.8452
1.7458,4.82,1.5,3.9131,Pyongyang,North Korea,2,157,DARLENE ROSE,6,9,6,Documentary,2,2,Jon Stephens,3,2,0.4,12.95,5,2005-07-29,392,205.22,4.658,0.8944
1.7492,5.82,1.5,2.3717,Mannheim,Germany,1,196,ALMA AUSTIN,6,9,3,Children,1,2,Jon Stephens,3,3,1.0,13.97,3,2005-07-09,549,161.12,4.6601,0.6325
1.7492,6.98,1.67,2.6087,Moscow,Russian Federation,2,46,CATHERINE CAMPBELL,6,10,7,Drama,1,2,Jon Stephens,3,1,0.25,15.96,4,2005-08-18,578,153.23,5.1319,0.8944
1.7527,5.49,1.25,4.7631,Chandrapur,India,2,167,SALLY PIERCE,4,5,9,Foreign,1,1,Mike Hillyer,3,3,0.75,11.96,4,2005-07-09,322,228.0,3.6928,0.5774
1.7758,7.38,1.6,2.7213,Tiefa,China,1,302,MICHAEL SILVERMAN,10,16,15,Sports,2,2,Jon Stephens,3,3,0.75,16.96,4,2005-08-23,513,167.67,5.3925,0.8819
1.7789,2.74,1.25,3.0311,Gingoog,Philippines,1,461,DEREK BLAKELY,4,5,7,Drama,2,2,Jon Stephens,3,3,1.0,4.97,3,2005-07-28,458,182.09,1.255,0.5774
1.7933,7.24,1.25,3.0311,Syrakusa,Italy,1,221,BESSIE MORRISON,4,5,5,Comedy,1,1,Mike Hillyer,2,1,0.3333,12.97,3,2005-07-27,507,169.33,3.1966,0.5774
1.808,5.99,1.25,4.7631,Sivas,Turkey,1,518,GABRIEL HARDER,4,5,7,Drama,1,2,Jon Stephens,3,3,0.75,14.96,4,2005-07-27,314,230.22,4.9625,0.5774
1.8208,6.49,1.5,2.5981,Escobar,Argentina,1,445,MICHEAL FORMAN,10,15,14,Sci-Fi,2,1,Mike Hillyer,3,0,0.0,15.97,3,2005-08-22,587,150.77,5.2093,0.5774
1.8244,5.53,1.36,2.9876,Sungai Petani,Malaysia,1,306,CHARLES KOWALSKI,11,15,5,Comedy,1,2,Jon Stephens,2,2,0.6667,11.97,3,2005-08-02,483,175.94,3.5289,0.5477
1.8299,3.49,1.25,3.0311,Baku,Azerbaijan,2,333,ANDREW PURDY,4,5,15,Sports,1,2,Jon Stephens,3,0,0.0,8.97,3,2005-07-27,535,164.13,2.9961,0.5774
1.8395,6.39,1.2,3.6,Belm,Brazil,1,362,NICHOLAS BARFIELD,5,6,13,New,1,1,Mike Hillyer,3,0,0.0,9.97,3,2005-07-27,461,181.58,1.9473,0.5
1.8396,5.98,1.63,2.5653,Kingstown,Saint Vincent and the Grenadines,1,326,JOSE ANDREW,8,13,10,Games,1,2,Jon Stephens,4,4,1.0,13.96,4,2005-08-02,505,170.54,4.3359,0.9258
1.8495,4.99,1.43,2.7218,Caracas,Venezuela,1,111,CARMEN OWENS,7,10,1,Action,1,2,Jon Stephens,2,2,0.6667,12.97,3,2005-08-02,510,168.97,4.317,0.5774
1.8579,7.98,1.6,2.4,La Plata,Argentina,1,89,JULIA FLORES,5,8,1,Action,1,2,Jon Stephens,3,3,0.75,15.96,4,2005-07-28,548,161.32,4.293,1.0
1.8776,5.32,1.5,1.6771,Ezeiza,Argentina,2,530,DARRYL ASHCRAFT,6,9,6,Documentary,2,1,Mike Hillyer,3,3,1.0,12.97,3,2005-08-18,606,145.42,4.0751,0.8944
1.8821,7.98,2.0,2.4495,Boksburg,South Africa,1,125,ETHEL WEBB,7,14,5,Comedy,1,1,Mike Hillyer,4,0,0.0,15.96,4,2005-08-17,601,148.77,4.2399,0.8165
1.8903,6.58,1.6,2.4,Salzburg,Austria,2,266,NORA HERRERA,5,8,12,Music,1,1,Mike Hillyer,3,3,0.75,17.96,4,2005-08-18,540,162.61,6.0182,1.0
1.8953,6.74,1.5,2.5,Lausanne,Switzerland,1,598,WADE DELVALLE,4,6,5,Comedy,2,2,Jon Stephens,3,3,0.75,14.96,4,2005-07-12,527,165.81,4.3398,1.0
1.9104,7.19,1.4,2.2627,Newcastle,South Africa,1,432,EDWIN BURK,5,7,14,Sci-Fi,1,2,Jon Stephens,3,3,1.0,12.97,3,2005-07-28,534,164.3,3.0277,0.7071
1.912,9.23,2.25,1.8003,Tokat,Turkey,1,566,CASEY MENA,4,9,13,New,1,1,Mike Hillyer,3,2,0.4,17.95,5,2005-07-29,602,148.49,4.562,1.5275
1.9198,4.84,1.29,2.9692,Graz,Austria,1,173,AUDREY RAY,7,9,10,Games,1,1,Mike Hillyer,2,1,0.3333,9.97,3,2005-07-10,496,172.53,2.6699,0.5774
1.9263,5.71,1.36,2.9876,Trshavn,Faroe Islands,2,317,EDWARD BAUGH,11,15,2,Animation,1,1,Mike Hillyer,3,3,1.0,12.97,3,2005-08-22,451,186.68,3.767,0.5477
1.9293,6.65,1.5,3.9528,Saint-Denis,Runion,1,148,ELEANOR HUNT,6,9,11,Horror,1,1,Mike Hillyer,2,2,0.5,20.96,4,2005-07-28,388,205.76,7.4164,0.6325
1.9428,6.16,1.17,6.3355,Nanyang,China,1,37,PAMELA BAKER,6,7,12,Music,2,2,Jon Stephens,3,3,0.75,14.96,4,2005-08-20,215,282.78,4.532,0.4472
1.9495,6.18,1.8,1.663,Hanoi,Vietnam,1,340,PATRICK NEWSOM,5,9,5,Comedy,1,1,Mike Hillyer,3,1,0.25,16.96,4,2005-08-01,637,132.87,5.5285,1.3229
1.9676,7.32,1.33,2.6352,Sincelejo,Colombia,1,87,WANDA PATTERSON,6,8,14,Sci-Fi,1,2,Jon Stephens,2,2,0.6667,12.97,3,2005-07-30,501,171.1,2.8715,0.6325
1.9752,8.58,2.0,2.0,Lungtan,Taiwan,1,30,MELISSA KING,5,10,1,Action,1,1,Mike Hillyer,2,2,0.5,19.96,4,2005-07-28,597,149.01,5.7615,1.0
1.9789,5.49,1.25,3.0311,Balaiha,Russian Federation,2,55,DORIS REED,4,5,1,Action,1,1,Mike Hillyer,3,3,1.0,12.97,3,2005-06-20,440,190.09,3.7811,0.5774
1.9857,6.19,1.4,2.2627,Cuautla,Mexico,2,323,MATTHEW MAHAN,5,7,16,Travel,2,2,Jon Stephens,2,1,0.3333,12.97,3,2005-07-28,572,153.98,3.4164,0.7071
1.9865,5.65,1.22,3.9284,Mahajanga,Madagascar,1,81,ANDREA HENDERSON,9,11,15,Sports,2,1,Mike Hillyer,3,1,0.25,14.96,4,2005-08-23,400,202.31,4.6844,0.7071
1.9865,7.55,1.86,2.3474,Satna,India,2,356,GERALD FULTZ,7,13,9,Foreign,1,2,Jon Stephens,3,1,0.25,14.96,4,2005-08-19,569,154.88,3.7288,0.9129
1.9902,6.15,1.5,1.6771,Akishima,Japan,2,574,JULIAN VEST,6,9,9,Foreign,1,1,Mike Hillyer,2,2,0.6667,12.97,3,2005-07-09,615,143.25,3.4259,0.8944
1.9967,5.19,1.1,5.7,Chiayi,Taiwan,2,73,BEVERLY BROOKS,10,11,7,Drama,1,2,Jon Stephens,2,1,0.3333,10.97,3,2005-08-02,254,257.53,2.8953,0.3333
1.9967,5.98,1.67,3.2998,Asuncin,Paraguay,2,226,MAUREEN LITTLE,3,5,14,Sci-Fi,1,1,Mike Hillyer,3,3,0.75,13.96,4,2005-08-21,425,193.86,3.995,0.7071
10.0,2.99,1.0,0.0,Uijongbu,South Korea,1,245,COURTNEY DAY,5,5,4,Classics,1,1,Mike Hillyer,1,0,0.0,4.99,1,2005-07-10,115,400.0,0.0,0.0
10.0,4.99,1.0,10.0,Faaa,French Polynesia,2,43,CHRISTINE ROBERTS,5,5,6,Documentary,1,1,Mike Hillyer,2,2,1.0,7.98,2,2005-08-21,11,720.0,0.0,0.0
10.1066,4.99,1.0,10.0,Kursk,Russian Federation,2,311,PAUL TROUT,5,5,11,Horror,1,1,Mike Hillyer,2,2,0.6667,20.97,3,2005-07-31,12,717.6,1.5811,0.0
10.4108,5.32,1.11,10.9994,Dayton,United States,2,294,SHELLY WATTS,9,10,2,Animation,1,2,Jon Stephens,4,1,0.2,20.95,5,2005-08-01,8,760.41,1.5011,0.3536
11.0011,3.99,1.25,3.0311,Chisinau,Moldova,1,38,MARTHA GONZALEZ,4,5,3,Children,1,1,Mike Hillyer,2,1,0.3333,12.97,3,2005-07-07,42,537.64,0.8165,0.5774
11.1126,3.16,1.0,10.0,Qalyub,Egypt,1,134,EMMA BOYD,6,6,2,Animation,2,1,Mike Hillyer,3,1,0.25,20.96,4,2005-08-02,10,749.5,1.6021,0.0
11.1188,4.79,1.0,10.0,Baicheng,China,2,538,TED BREAUX,5,5,1,Action,1,1,Mike Hillyer,2,2,0.6667,16.97,3,2005-07-09,9,758.08,1.0954,0.0
11.4353,4.99,1.2,3.6,Baybay,Philippines,1,71,KATHY JAMES,5,6,1,Action,1,1,Mike Hillyer,2,1,0.3333,18.97,3,2005-07-10,31,572.08,1.2227,0.5
11.471,3.59,1.0,10.0,Kamyin,Russian Federation,2,510,BEN EASTER,5,5,14,Sci-Fi,1,2,Jon Stephens,1,1,0.5,18.98,2,2005-07-28,7,768.84,1.3416,0.0
11.7013,2.19,1.0,10.0,El Alto,Bolivia,2,455,JON WILES,5,5,10,Games,1,1,Mike Hillyer,2,2,1.0,11.98,2,2005-07-08,6,788.05,0.8367,0.0
12.347,5.65,1.5,0.7906,Carmen,Mexico,2,578,WILLARD LUMPKIN,6,9,9,Foreign,1,1,Mike Hillyer,1,1,0.5,11.98,2,2005-07-31,46,527.6,0.5125,0.6325
12.6735,4.21,1.56,4.3569,Gingoog,Philippines,1,461,DEREK BLAKELY,9,14,10,Games,2,1,Mike Hillyer,3,2,0.4,22.95,5,2005-08-22,18,655.65,1.4789,0.7906
16.5869,3.79,1.0,10.0,Omiya,Japan,2,404,STANLEY SCROGGINS,5,5,13,New,1,1,Mike Hillyer,3,3,0.75,21.96,4,2005-07-08,4,978.47,1.0954,0.0
17.9818,3.99,1.2,3.6,Omdurman,Sudan,1,50,DIANE COLLINS,5,6,9,Foreign,1,2,Jon Stephens,2,2,0.6667,21.97,3,2005-07-10,5,840.61,1.0,0.5
19.9767,2.66,1.0,10.0,Qomsheh,Iran,1,459,TOMMY COLLAZO,6,6,5,Comedy,3,1,Mike Hillyer,4,1,0.2,29.95,5,2005-07-28,2,1113.07,1.3663,0.0
2.0039,6.15,1.5,2.7951,Kamjanets-Podilskyi,Ukraine,1,386,TODD TAN,6,9,12,Music,1,1,Mike Hillyer,3,1,0.25,14.96,4,2005-07-11,509,169.01,4.3955,0.8944
2.0099,4.66,1.0,10.0,Kamyin,Russian Federation,2,510,BEN EASTER,6,6,14,Sci-Fi,1,2,Jon Stephens,2,1,0.3333,10.97,3,2005-06-19,121,387.06,3.1411,0.0
2.0251,5.56,1.43,2.7218,Johannesburg,South Africa,1,471,DEAN SAUER,7,10,15,Sports,1,1,Mike Hillyer,2,1,0.3333,13.97,3,2005-08-21,508,169.32,4.1543,0.5774
2.0446,2.79,1.4,1.6,Xiangfan,China,2,241,HEIDI LARSON,5,7,13,New,1,1,Mike Hillyer,2,2,0.6667,8.97,3,2005-07-09,616,143.12,3.0246,1.0
2.0568,7.38,2.0,1.633,Asuncin,Paraguay,2,226,MAUREEN LITTLE,5,10,4,Classics,1,1,Mike Hillyer,3,3,0.75,16.96,4,2005-08-23,603,146.26,4.6578,1.2247
2.0678,7.99,1.25,3.0311,Vijayawada,India,2,508,MILTON HOWLAND,4,5,6,Documentary,2,2,Jon Stephens,2,1,0.3333,17.97,3,2005-07-27,467,180.31,4.8277,0.5774
2.0724,5.74,1.38,3.0401,San Felipe del Progreso,Mexico,2,319,RONALD WEINER,8,11,13,New,1,1,Mike Hillyer,2,2,0.6667,12.97,3,2005-07-11,446,187.43,3.4905,0.5345
2.0788,6.1,1.33,2.357,Yuncheng,China,2,154,MICHELE GRANT,9,12,13,New,1,1,Mike Hillyer,2,2,0.6667,15.97,3,2005-08-22,517,167.2,4.7489,0.7071
2.0821,6.74,1.5,4.7871,Ourense (Orense),Spain,2,469,WESLEY BULL,12,18,10,Games,2,1,Mike Hillyer,4,4,1.0,15.96,4,2005-08-01,270,246.9,4.4307,0.5222
2.0835,6.99,1.5,1.9843,Coatzacoalcos,Mexico,1,482,MAURICE CRAWLEY,8,12,8,Family,2,1,Mike Hillyer,2,1,0.3333,12.97,3,2005-08-23,596,149.54,2.8725,0.7559
2.0924,7.27,1.71,4.0242,Baybay,Philippines,1,71,KATHY JAMES,7,12,16,Travel,2,1,Mike Hillyer,5,0,0.0,18.95,5,2005-07-29,363,214.42,5.5827,0.8165
2.1084,9.11,2.0,1.8708,Yangor,Nauru,2,513,DUANE TUBBS,8,16,11,Horror,2,2,Jon Stephens,2,2,0.5,24.96,4,2005-08-22,589,150.46,7.52,1.069
2.1099,4.13,1.14,4.5491,Cavite,Philippines,2,388,CRAIG MORRELL,7,8,8,Family,2,2,Jon Stephens,3,0,0.0,6.97,3,2005-07-31,347,220.87,1.3454,0.4082
2.1113,3.7,1.14,4.5491,Duisburg,Germany,2,114,GRACE ELLIS,7,8,2,Animation,1,2,Jon Stephens,3,0,0.0,8.97,3,2005-07-27,346,220.92,2.4948,0.4082
2.1259,3.82,1.5,1.6771,Bandar Seri Begawan,Brunei,2,91,LOIS BUTLER,6,9,6,Documentary,2,2,Jon Stephens,2,1,0.3333,10.97,3,2005-08-19,619,142.01,3.364,0.8944
2.1321,5.74,1.25,4.7631,Chungho,Taiwan,2,517,BRAD MCCURDY,4,5,10,Games,2,1,Mike Hillyer,2,2,0.5,17.96,4,2005-07-07,291,238.18,5.7325,0.5774
2.1397,4.49,1.5,1.9843,Hohhot,China,1,138,HAZEL WARREN,8,12,15,Sports,2,1,Mike Hillyer,3,0,0.0,11.97,3,2005-07-31,607,145.12,3.4982,0.7559
2.1416,8.15,1.5,1.6771,Haining,China,2,552,HUGH WALDROP,6,9,11,Horror,1,2,Jon Stephens,2,1,0.3333,14.97,3,2005-08-02,617,142.64,3.1838,0.8944
2.1603,6.41,1.43,3.1493,Belm,Brazil,1,362,NICHOLAS BARFIELD,7,10,2,Animation,1,2,Jon Stephens,2,2,0.5,11.96,4,2005-07-29,435,190.89,2.5671,0.8165
2.1638,7.15,1.33,4.2164,Skikda,Algeria,1,176,JUNE CARROLL,6,8,15,Sports,2,1,Mike Hillyer,2,2,0.5,16.96,4,2005-06-18,340,223.04,4.5321,0.6325
2.1789,5.98,1.83,2.7972,Datong,China,1,260,CHRISTY VARGAS,6,11,15,Sports,1,1,Mike Hillyer,2,2,0.5,10.96,4,2005-08-20,464,181.07,2.2847,0.7746
2.1808,4.19,1.5,1.5,Sasebo,Japan,1,1,MARY SMITH,10,15,5,Comedy,2,1,Mike Hillyer,2,1,0.3333,10.97,3,2005-08-22,625,138.9,3.1113,1.0
2.1941,5.61,1.5,1.9843,Garden Grove,United States,2,593,RENE MCALISTER,8,12,5,Comedy,1,1,Mike Hillyer,2,2,0.6667,13.97,3,2005-08-01,552,160.63,3.8102,0.7559
2.2051,4.24,1.38,2.1497,Surakarta,Indonesia,1,450,JAY ROBB,8,11,4,Classics,1,2,Jon Stephens,2,2,0.6667,10.97,3,2005-08-22,525,166.03,3.0537,0.7559
2.2113,8.15,2.0,1.8257,Changzhou,China,2,197,SUE PETERS,6,12,13,New,1,1,Mike Hillyer,4,4,1.0,17.96,4,2005-08-02,539,163.22,4.4379,1.0954
2.2135,6.32,1.33,4.2164,Maracabo,Venezuela,1,453,CALVIN MARTEL,6,8,12,Music,1,2,Jon Stephens,2,2,0.5,18.96,4,2005-08-21,332,225.03,5.7105,0.6325
2.2302,5.79,1.2,3.6,Nakhon Sawan,Thailand,1,390,SHAWN HEATON,5,6,11,Horror,1,2,Jon Stephens,2,2,0.6667,11.97,3,2005-07-07,374,210.54,2.772,0.5
2.231,6.49,1.5,1.9843,Meixian,China,2,90,RUBY WASHINGTON,8,12,7,Drama,1,1,Mike Hillyer,2,2,0.6667,17.97,3,2005-08-01,542,162.11,5.1478,0.7559
2.2324,4.7,1.43,2.7218,Iligan,Philippines,1,580,ROSS GREY,7,10,8,Family,1,1,Mike Hillyer,3,0,0.0,10.97,3,2005-07-30,502,170.95,2.8087,0.5774
2.2347,4.7,1.29,2.9692,Balikesir,Turkey,1,366,BRANDON HUEY,7,9,4,Classics,2,2,Jon Stephens,2,2,0.6667,13.97,3,2005-07-12,429,191.8,4.1476,0.5774
2.2469,9.69,2.29,1.9193,Beira,Mozambique,2,257,MARSHA DOUGLAS,7,16,8,Family,2,2,Jon Stephens,3,2,0.4,20.95,5,2005-08-19,531,165.46,5.0106,1.4142
2.2616,4.76,1.44,2.5402,Tangail,Bangladesh,1,21,MICHELLE CLARK,9,13,14,Sci-Fi,2,1,Mike Hillyer,2,1,0.3333,12.97,3,2005-08-19,490,173.34,3.6287,0.6124
2.2706,8.7,1.71,2.7994,Apeldoorn,Netherlands,2,137,RHONDA KENNEDY,7,12,15,Sports,1,2,Jon Stephens,3,1,0.25,20.96,4,2005-07-30,468,179.81,5.4006,0.8165
2.2717,5.39,1.2,3.6,Uttarpara-Kotrung,India,1,231,GEORGIA JACOBS,5,6,11,Horror,1,1,Mike Hillyer,2,1,0.3333,13.97,3,2005-08-18,390,205.53,3.7778,0.5
2.277,7.49,1.33,2.6352,Okayama,Japan,1,489,RICARDO MEADOR,6,8,10,Games,1,2,Jon Stephens,3,3,1.0,15.97,3,2005-08-21,439,190.14,3.7256,0.6325
2.2926,5.54,1.22,3.5556,Arlington,United States,1,305,RICHARD MCCRARY,9,11,7,Drama,1,2,Jon Stephens,2,2,0.6667,13.97,3,2005-08-02,372,211.7,3.6757,0.5
2.3144,8.24,1.25,4.7631,Juiz de Fora,Brazil,1,591,KENT ARSENAULT,4,5,5,Comedy,2,1,Mike Hillyer,3,1,0.25,20.96,4,2005-07-27,286,240.47,5.4971,0.5774
2.3189,4.99,1.14,4.5491,Zeleznogorsk,Russian Federation,1,351,JACK FOUST,7,8,8,Family,1,1,Mike Hillyer,2,1,0.3333,10.97,3,2005-08-23,297,235.89,2.5794,0.4082
2.3341,4.13,1.43,2.7218,Bilbays,Egypt,2,559,EVERETT BANDA,7,10,15,Sports,1,2,Jon Stephens,2,1,0.3333,13.97,3,2005-08-19,460,181.68,4.2164,0.5774
2.3395,4.82,1.5,2.3717,Botshabelo,South Africa,2,132,ESTHER CRAWFORD,6,9,5,Comedy,1,1,Mike Hillyer,2,2,0.6667,11.97,3,2005-07-08,476,178.07,3.0569,0.6325
2.3421,5.15,1.33,2.6352,Boksburg,South Africa,1,125,ETHEL WEBB,6,8,16,Travel,1,1,Mike Hillyer,2,1,0.3333,10.97,3,2005-07-29,471,179.41,2.4836,0.6325
2.3421,5.32,1.17,4.0995,La Romana,Dominican Republic,2,437,RANDALL NEUMANN,6,7,13,New,1,1,Mike Hillyer,2,2,0.6667,12.97,3,2005-08-20,315,230.0,3.2656,0.4472
2.3462,4.49,1.25,3.0311,Jodhpur,India,2,224,PEARL GARZA,4,5,6,Documentary,2,2,Jon Stephens,2,1,0.3333,8.97,3,2005-07-29,431,191.45,1.9105,0.5774
2.3522,5.15,1.5,5.0312,Atinsk,Russian Federation,1,397,JIMMY SCHRADER,6,9,15,Sports,1,2,Jon Stephens,4,4,0.6667,14.94,6,2005-08-18,237,268.36,4.1613,0.8944
2.3586,7.82,1.33,2.9814,El Fuerte,Mexico,1,451,JIM REA,6,8,8,Family,2,2,Jon Stephens,3,3,0.75,19.96,4,2005-08-02,411,198.79,5.1472,0.8944
2.3649,7.74,1.5,2.5981,Pathankot,India,2,95,PAULA BRYANT,4,6,5,Comedy,1,1,Mike Hillyer,3,3,1.0,12.97,3,2005-07-31,426,192.54,2.2136,0.5774
2.3775,7.15,1.5,1.6771,Jedda,Saudi Arabia,2,49,JOYCE EDWARDS,6,9,2,Animation,2,1,Mike Hillyer,2,2,0.6667,15.97,3,2005-08-21,556,158.75,3.709,0.8944
2.3882,7.11,1.25,3.274,Ashgabat,Turkmenistan,2,200,JEANNE LAWSON,8,10,16,Travel,1,2,Jon Stephens,2,1,0.3333,17.97,3,2005-08-23,407,200.41,4.5463,0.5345
2.3909,6.88,1.33,3.3333,Ife,Nigeria,1,80,MARILYN ROSS,9,12,8,Family,1,1,Mike Hillyer,3,0,0.0,16.97,3,2005-08-01,418,195.64,4.222,0.5
2.3994,4.13,1.14,4.5491,Pak Kret,Thailand,2,42,CAROLYN PEREZ,7,8,6,Documentary,1,1,Mike Hillyer,3,3,1.0,10.97,3,2005-07-28,264,252.45,2.8501,0.4082
2.4037,7.15,1.67,3.6893,Portoviejo,Ecuador,2,262,PATSY DAVIDSON,6,10,7,Drama,1,1,Mike Hillyer,3,3,0.75,14.96,4,2005-08-23,343,221.83,3.2492,0.6325
2.4091,5.49,1.5,2.5981,Ciomas,Indonesia,2,239,MINNIE ROMERO,4,6,9,Foreign,1,2,Jon Stephens,2,1,0.3333,12.97,3,2005-07-27,465,180.97,3.107,0.5774
2.4106,6.49,1.33,2.6352,Gaziantep,Turkey,1,480,COREY HAUSER,6,8,13,New,1,2,Jon Stephens,3,3,1.0,15.97,3,2005-08-19,419,195.48,3.934,0.6325
2.414,5.82,1.5,1.6771,Kurgan,Russian Federation,1,376,RANDY GAITHER,6,9,14,Sci-Fi,1,1,Mike Hillyer,2,1,0.3333,18.97,3,2005-07-12,576,153.54,5.448,0.8944
2.4244,5.76,1.33,5.3333,Czestochowa,Poland,1,572,SIDNEY BURLESON,9,12,1,Action,1,1,Mike Hillyer,3,1,0.25,13.96,4,2005-08-02,247,261.97,3.3805,0.5
2.4329,5.49,1.17,4.0995,Sharja,United Arab Emirates,2,292,MISTY LAMBERT,6,7,13,New,1,1,Mike Hillyer,2,2,0.6667,11.97,3,2005-07-27,306,233.63,2.6642,0.4472
2.446,6.61,1.25,3.274,Siliguri (Shiliguri),India,1,502,BRETT CORNWELL,8,10,3,Children,1,1,Mike Hillyer,2,1,0.3333,14.97,3,2005-07-28,398,202.73,3.4168,0.5345
2.4649,4.49,1.5,1.6771,Jodhpur,India,2,224,PEARL GARZA,6,9,5,Comedy,1,2,Jon Stephens,3,0,0.0,12.97,3,2005-08-21,600,148.91,3.4424,0.8944
2.4722,5.85,1.14,4.5491,Florencia,Colombia,1,460,LEON BOSTIC,7,8,7,Drama,1,1,Mike Hillyer,2,1,0.3333,13.97,3,2005-08-19,281,242.03,3.2862,0.4082
2.5062,7.32,1.44,3.2326,Atlixco,Mexico,2,84,SARA PERRY,9,13,5,Comedy,1,2,Jon Stephens,3,1,0.25,19.96,4,2005-08-02,401,202.23,5.0439,0.7906
2.5216,8.23,1.75,3.8971,Lancaster,United States,2,112,ROSA REYNOLDS,4,7,4,Classics,2,1,Mike Hillyer,2,2,0.5,17.96,4,2005-07-31,323,227.78,3.8577,0.5774
2.5227,8.23,1.75,2.25,Yerevan,Armenia,1,41,STEPHANIE MITCHELL,4,7,14,Sci-Fi,1,2,Jon Stephens,2,2,0.5,17.96,4,2005-07-28,474,178.41,3.856,1.0
2.5283,6.79,1.2,3.6,Stockport,United Kingdom,1,477,DAN PAINE,5,6,2,Animation,1,1,Mike Hillyer,2,1,0.3333,15.97,3,2005-07-29,361,215.8,3.6317,0.5
2.5428,6.44,1.18,2.8748,Wroclaw,Poland,1,558,JIMMIE EGGLESTON,11,13,5,Comedy,2,2,Jon Stephens,2,2,0.6667,15.97,3,2005-07-12,404,201.29,3.7468,0.6325
2.5494,5.54,1.67,2.3333,Ueda,Japan,1,503,ANGEL BARCLAY,9,15,7,Drama,1,1,Mike Hillyer,4,0,0.0,12.96,4,2005-08-23,500,171.97,2.911,1.0
2.5512,5.16,1.17,4.0995,So Bernardo do Campo,Brazil,2,544,CODY NOLEN,6,7,12,Music,1,2,Jon Stephens,2,1,0.3333,18.97,3,2005-08-21,312,231.7,5.4151,0.4472
2.5547,5.65,1.67,3.2998,Tychy,Poland,1,380,RUSSELL BRINSON,3,5,13,New,1,2,Jon Stephens,4,4,1.0,15.96,4,2005-07-27,345,221.18,4.0357,0.7071
2.5549,6.49,1.25,3.0311,Southport,United Kingdom,2,556,ARMANDO GRUBER,4,5,6,Documentary,1,2,Jon Stephens,2,1,0.3333,7.97,3,2005-07-08,409,199.8,0.5803,0.5774
2.5589,4.82,1.33,2.6352,Ciparay,Indonesia,2,328,JEFFREY SPEAR,6,8,7,Drama,1,1,Mike Hillyer,2,2,0.6667,14.97,3,2005-08-20,420,194.75,3.9665,0.6325
2.5842,8.23,2.0,1.7321,Kowloon and New Kowloon,Hong Kong,1,289,VIOLET RODRIQUEZ,4,8,10,Games,2,2,Jon Stephens,4,4,1.0,17.96,4,2005-08-19,485,175.33,3.7652,1.1547
2.592,4.19,1.2,3.6,Toulon,France,1,104,RITA GRAHAM,5,6,2,Animation,1,1,Mike Hillyer,2,1,0.3333,15.97,3,2005-07-08,355,218.35,4.5454,0.5
2.5949,5.99,1.4,3.4883,Shubra al-Khayma,Egypt,1,119,SHERRY MARSHALL,10,14,12,Music,1,2,Jon Stephens,4,4,1.0,14.96,4,2005-08-21,320,228.44,3.4583,0.7454
2.5974,2.99,1.14,6.9985,Araatuba,Brazil,2,77,JANE BENNETT,7,8,7,Drama,1,1,Mike Hillyer,3,3,0.75,7.96,4,2005-08-02,164,328.85,1.914,0.4082
2.5981,3.84,1.29,2.9692,Adana,Turkey,2,327,LARRY THRASHER,7,9,5,Comedy,2,1,Mike Hillyer,2,2,0.6667,11.97,3,2005-08-22,385,206.33,3.1276,0.5774
2.5987,6.24,1.25,5.1448,Salamanca,Mexico,2,273,PRISCILLA LOWE,8,10,1,Action,2,1,Mike Hillyer,3,3,0.75,19.96,4,2005-07-12,231,273.29,5.2806,0.5345
2.6116,4.59,1.0,10.0,Mwene-Ditu,"Congo, The Democratic Republic of the",2,375,AARON SELBY,5,5,11,Horror,1,1,Mike Hillyer,3,3,0.75,8.96,4,2005-08-01,108,419.46,1.6733,0.0
2.6163,4.24,1.5,3.5,Allende,Mexico,1,414,VINCENT RALSTON,4,6,8,Family,1,1,Mike Hillyer,4,1,0.2,17.95,5,2005-08-19,338,223.65,5.2421,1.0
2.6284,6.19,1.4,2.2627,Kalisz,Poland,1,270,LEAH CURTIS,5,7,7,Drama,1,2,Jon Stephens,2,2,0.6667,18.97,3,2005-08-01,452,186.35,4.8638,0.7071
2.6312,5.99,1.43,4.4538,Kanazawa,Japan,1,547,KURT EMMONS,7,10,16,Travel,1,1,Mike Hillyer,2,2,0.5,14.96,4,2005-08-02,267,248.86,3.4108,0.5774
2.633,6.39,1.2,3.6,Salinas,United States,1,269,CASSANDRA WALTERS,5,6,11,Horror,1,1,Mike Hillyer,2,1,0.3333,13.97,3,2005-07-12,349,219.99,2.8796,0.5
2.6347,4.65,1.22,3.5556,Fukuyama,Japan,1,141,DEBBIE REYES,9,11,16,Travel,1,1,Mike Hillyer,3,0,0.0,10.97,3,2005-08-01,371,212.06,2.3971,0.5
2.6396,5.82,1.5,1.6771,Bhusawal,India,2,202,CARLA GUTIERREZ,6,9,2,Animation,2,2,Jon Stephens,3,0,0.0,12.97,3,2005-07-30,566,155.9,2.7094,0.8944
2.6649,6.24,1.5,2.5981,Rampur,India,1,336,JOSHUA MARK,4,6,10,Games,2,2,Jon Stephens,2,2,0.6667,16.97,3,2005-07-29,414,197.87,4.0282,0.5774
2.6719,5.54,1.44,3.2326,Mukateve,Ukraine,2,131,MONICA HICKS,9,13,1,Action,1,2,Jon Stephens,3,1,0.25,18.96,4,2005-08-19,379,208.85,5.0223,0.7906
2.6777,6.44,1.55,3.4713,Sungai Petani,Malaysia,1,306,CHARLES KOWALSKI,11,17,9,Foreign,1,1,Mike Hillyer,3,1,0.25,16.96,4,2005-08-20,359,216.24,3.9292,0.7071
2.6948,4.49,1.25,3.0311,Bislig,Philippines,1,94,NORMA GONZALES,4,5,7,Drama,1,1,Mike Hillyer,2,1,0.3333,7.97,3,2005-08-22,391,205.39,1.2923,0.5774
2.7046,3.65,1.5,2.3717,Ahmadnagar,India,1,297,SHERRI RHODES,6,9,14,Sci-Fi,1,1,Mike Hillyer,2,1,0.3333,8.97,3,2005-08-17,455,186.0,1.9664,0.6325
2.7047,5.24,1.25,3.274,Tel Aviv-Jaffa,Israel,1,161,GERALDINE PERKINS,8,10,11,Horror,1,1,Mike Hillyer,3,0,0.0,9.97,3,2005-08-01,384,206.41,1.7497,0.5345
2.7141,3.39,1.0,10.0,Rio Claro,Brazil,1,74,DENISE KELLY,5,5,8,Family,1,2,Jon Stephens,2,2,0.6667,10.97,3,2005-07-10,107,421.9,2.7928,0.0
2.7242,5.49,1.5,2.5981,Dadu,Pakistan,2,416,JEFFERY PINSON,4,6,10,Games,1,2,Jon Stephens,3,0,0.0,11.97,3,2005-07-29,450,186.91,2.3805,0.5774
2.7287,6.24,1.25,4.7631,Ipoh,Malaysia,2,171,DOLORES WAGNER,4,5,10,Games,1,2,Jon Stephens,3,1,0.25,14.96,4,2005-08-19,255,257.04,3.1966,0.5774
2.7341,4.39,1.2,3.6,Pune,India,2,135,JUANITA MASON,5,6,3,Children,1,1,Mike Hillyer,2,2,0.6667,13.97,3,2005-07-27,313,230.7,3.5046,0.5
2.7366,4.11,1.38,2.1497,Baicheng,China,2,538,TED BREAUX,8,11,6,Documentary,1,2,Jon Stephens,2,1,0.3333,18.97,3,2005-07-31,466,180.62,5.4296,0.7559
2.7422,3.39,1.2,3.6,Yaound,Cameroon,2,361,LAWRENCE LAWTON,5,6,1,Action,1,2,Jon Stephens,2,1,0.3333,7.97,3,2005-07-12,337,224.35,1.6709,0.5
2.7464,4.49,1.17,4.0995,Udaipur,India,1,170,BEATRICE ARNOLD,6,7,13,New,1,2,Jon Stephens,2,2,0.6667,15.97,3,2005-07-10,272,246.17,4.1807,0.4472
2.7498,5.98,1.67,3.2998,Korla,China,1,283,FELICIA SUTTON,3,5,2,Animation,2,1,Mike Hillyer,2,2,0.5,17.96,4,2005-07-06,353,218.99,4.3555,0.7071
2.7578,4.32,1.17,4.0995,Amroha,India,1,534,CHRISTIAN JUNG,6,7,12,Music,1,2,Jon Stephens,2,2,0.6667,13.97,3,2005-08-01,271,246.63,3.4986,0.4472
2.7733,5.99,1.25,3.0311,Nagaon,India,1,152,ALICIA MILLS,4,5,1,Action,1,1,Mike Hillyer,2,1,0.3333,11.97,3,2005-08-19,380,208.53,2.1572,0.5774
2.7813,6.82,1.33,4.2164,Jinzhou,China,1,595,TERRENCE GUNDERSON,6,8,3,Children,1,1,Mike Hillyer,2,2,0.5,14.96,4,2005-07-27,269,247.74,2.9267,0.6325
2.7876,5.99,1.2,3.6,Southampton,United Kingdom,1,583,MARSHALL THORN,5,6,5,Comedy,1,1,Mike Hillyer,2,1,0.3333,17.97,3,2005-07-06,330,226.17,4.2983,0.5
2.791,6.85,1.14,4.5491,Memphis,United States,2,181,ANA BRADLEY,7,8,11,Horror,1,2,Jon Stephens,2,1,0.3333,19.97,3,2005-07-30,258,254.78,4.7024,0.4082
2.8151,3.74,1.25,3.0311,Dzerzinsk,Russian Federation,1,430,RAY HOULE,4,5,14,Sci-Fi,1,2,Jon Stephens,2,2,0.6667,9.97,3,2005-08-20,357,216.87,2.214,0.5774
2.8218,5.19,1.2,3.6,Kingstown,Saint Vincent and the Grenadines,1,326,JOSE ANDREW,5,6,6,Documentary,1,1,Mike Hillyer,2,1,0.3333,13.97,3,2005-07-29,324,227.54,3.1122,0.5
2.8263,7.99,1.4,3.677,Goinia,Brazil,2,92,TINA SIMMONS,5,7,11,Horror,2,2,Jon Stephens,3,1,0.25,23.96,4,2005-07-10,321,228.36,5.652,0.7071
2.8371,5.15,1.5,2.3717,Huixquilucan,Mexico,1,108,TRACY COLE,6,9,13,New,1,2,Jon Stephens,2,2,0.6667,15.97,3,2005-07-29,413,197.97,3.8132,0.6325
2.8542,5.59,1.0,10.0,Wroclaw,Poland,1,558,JIMMIE EGGLESTON,5,5,15,Sports,1,1,Mike Hillyer,3,0,0.0,14.97,3,2005-07-06,110,414.17,3.2863,0.0
2.8612,5.74,1.25,7.0156,Livorno,Italy,2,541,DARREN WINDHAM,8,10,13,New,1,1,Mike Hillyer,3,3,0.6,18.95,5,2005-08-22,152,346.92,4.6178,0.5345
2.8689,5.32,1.17,4.0995,Parbhani,India,1,300,JOHN FARNSWORTH,6,7,1,Action,1,1,Mike Hillyer,3,0,0.0,18.97,3,2005-07-28,294,237.74,4.7573,0.4472
2.871,3.99,1.25,3.0311,Koriyama,Japan,2,401,TONY CARRANZA,4,5,3,Children,1,1,Mike Hillyer,2,2,0.6667,14.97,3,2005-07-29,352,219.11,3.8254,0.5774
2.8763,4.61,1.13,4.9608,Sanya,China,1,546,KELLY KNOTT,8,9,13,New,2,1,Mike Hillyer,3,0,0.0,11.97,3,2005-08-22,243,263.87,2.5576,0.378
2.8815,8.99,1.5,6.0622,Beira,Mozambique,2,257,MARSHA DOUGLAS,4,6,6,Documentary,1,2,Jon Stephens,3,2,0.4,18.95,5,2005-07-27,174,315.12,3.4583,0.5774
2.8824,4.99,1.29,2.9692,Halle/Saale,Germany,2,251,VICKIE BREWER,7,9,1,Action,1,2,Jon Stephens,2,1,0.3333,12.97,3,2005-08-19,373,211.04,2.7695,0.5774
2.8828,5.99,1.25,4.7631,Ciudad del Este,Paraguay,2,205,EILEEN CARR,4,5,12,Music,1,2,Jon Stephens,2,2,0.5,15.96,4,2005-08-21,238,268.21,3.4593,0.5774
2.9124,7.32,1.67,3.2998,Elista,Russian Federation,1,17,DONNA THOMPSON,3,5,3,Children,2,2,Jon Stephens,2,2,0.5,21.96,4,2005-07-30,331,225.49,5.0279,0.7071
2.9227,4.59,1.0,10.0,Baiyin,China,2,495,CHARLIE BESS,5,5,7,Drama,1,1,Mike Hillyer,3,3,1.0,13.97,3,2005-07-29,97,436.91,3.2094,0.0
2.9307,6.84,1.29,2.9692,Santa Brbara dOeste,Brazil,2,178,MARION SNYDER,7,9,6,Documentary,1,1,Mike Hillyer,3,3,1.0,18.97,3,2005-07-09,329,226.31,4.1375,0.5774
2.9493,4.65,1.33,2.6352,Yuncheng,China,2,154,MICHELE GRANT,6,8,5,Comedy,2,1,Mike Hillyer,2,2,0.6667,14.97,3,2005-07-27,375,210.36,3.498,0.6325
2.9495,6.74,1.5,4.6301,Omdurman,Sudan,1,50,DIANE COLLINS,8,12,6,Documentary,1,2,Jon Stephens,4,4,0.8,26.95,5,2005-07-31,213,282.88,6.8538,0.7559
2.9577,5.49,1.17,4.0995,Ocumare del Tuy,Venezuela,2,174,YVONNE WATKINS,6,7,6,Documentary,2,1,Mike Hillyer,2,2,0.6667,16.97,3,2005-08-01,259,254.62,3.882,0.4472
2.9897,5.39,1.2,3.6,Yinchuan,China,1,484,ROBERTO VU,5,6,6,Documentary,1,2,Jon Stephens,2,2,0.6667,14.97,3,2005-07-10,285,240.92,3.205,0.5
25.7424,5.24,1.25,1.299,Loja,Ecuador,1,589,TRACY HERRMANN,4,5,7,Drama,1,1,Mike Hillyer,1,1,0.5,17.98,2,2005-06-19,3,1078.67,0.495,0.5774
3.0002,5.49,1.5,1.6771,Graz,Austria,1,173,AUDREY RAY,6,9,13,New,1,2,Jon Stephens,3,3,1.0,16.97,3,2005-07-29,438,190.32,3.8281,0.8944
3.0066,4.39,1.2,1.6,Masqat,Oman,2,9,MARGARET MOORE,5,6,5,Comedy,1,1,Mike Hillyer,1,1,0.5,10.98,2,2005-07-11,475,178.26,2.1925,0.5
3.0089,4.65,1.33,2.6352,Huaian,China,2,384,ERNEST STEPP,6,8,6,Documentary,1,2,Jon Stephens,2,1,0.3333,18.97,3,2005-06-20,387,206.08,4.7582,0.6325
3.0117,6.13,1.29,1.2372,Miraj,India,1,316,STEVEN CURLEY,7,9,10,Games,1,2,Jon Stephens,1,1,0.5,13.98,2,2005-07-10,515,167.58,2.6065,0.5774
3.0147,6.58,1.6,2.4,Chisinau,Moldova,1,38,MARTHA GONZALEZ,5,8,7,Drama,2,2,Jon Stephens,3,3,0.75,17.96,4,2005-07-27,382,207.59,3.7735,1.0
3.0231,4.79,1.4,0.6,Dhule (Dhulia),India,1,440,BERNARD COLBY,5,7,10,Games,2,1,Mike Hillyer,2,0,0.0,10.98,2,2005-07-28,624,138.92,2.0489,1.0
3.0279,5.7,1.43,0.9897,Pontianak,Indonesia,2,506,LESLIE SEWARD,7,10,1,Action,1,1,Mike Hillyer,1,1,0.5,16.98,2,2005-06-19,550,160.81,3.7254,0.5774
3.0315,4.79,1.2,1.6,Baha Blanca,Argentina,1,322,JASON MORRISSEY,5,6,14,Sci-Fi,1,1,Mike Hillyer,1,1,0.5,13.98,2,2005-06-20,472,179.26,3.0322,0.5
3.0331,5.38,1.8,0.4,Mandaluyong,Philippines,1,263,HILDA HOPKINS,5,9,13,New,1,1,Mike Hillyer,1,1,0.5,9.98,2,2005-07-27,613,143.33,1.5159,0.5
3.052,4.24,1.25,5.1448,Soshanguve,South Africa,1,145,LUCILLE HOLMES,8,10,14,Sci-Fi,2,2,Jon Stephens,3,3,0.75,15.96,4,2005-08-19,202,291.42,3.8409,0.5345
3.0603,4.99,1.25,3.0311,Adoni,India,1,367,ADAM GOOCH,4,5,9,Foreign,1,2,Jon Stephens,2,2,0.6667,14.97,3,2005-08-18,328,226.68,3.2619,0.5774
3.0683,5.1,1.33,3.3333,Hunuco,Peru,2,565,JAIME NETTLES,9,12,5,Comedy,1,2,Jon Stephens,2,1,0.3333,14.97,3,2005-08-02,316,229.4,3.2174,0.5
3.0685,3.59,1.0,10.0,Jurez,Mexico,2,369,FRED WHEAT,5,5,6,Documentary,1,2,Jon Stephens,2,0,0.0,10.98,2,2005-07-10,106,422.74,2.4083,0.0
3.0776,4.74,1.25,1.299,Imus,Philippines,2,349,JOE GILLILAND,4,5,7,Drama,1,1,Mike Hillyer,2,2,1.0,9.98,2,2005-07-27,459,182.08,1.7034,0.5774
3.093,2.32,1.0,10.0,Shenzhen,China,1,378,EUGENE CULPEPPER,6,6,1,Action,1,2,Jon Stephens,1,1,0.5,6.98,2,2005-07-31,100,433.72,1.5055,0.0
3.0951,3.49,1.33,2.6352,Luzinia,Brazil,2,183,IDA ANDREWS,6,8,6,Documentary,2,2,Jon Stephens,2,1,0.3333,13.97,3,2005-07-31,378,209.53,3.387,0.6325
3.0997,2.32,1.0,0.0,Klerksdorp,South Africa,2,109,EDNA WEST,6,6,1,Action,1,2,Jon Stephens,1,0,0.0,6.99,1,2005-08-17,655,123.99,1.5055,0.0
3.1024,6.24,1.5,2.5,Brindisi,Italy,2,499,MARC OUTLAW,4,6,3,Children,1,1,Mike Hillyer,3,3,0.75,13.96,4,2005-07-28,365,214.1,2.49,1.0
3.104,4.74,1.25,1.299,Quilmes,Argentina,1,585,PERRY SWAFFORD,4,5,9,Foreign,1,1,Mike Hillyer,1,1,0.5,14.98,2,2005-07-08,491,173.13,3.2998,0.5774
3.1042,4.65,1.33,2.9814,Leshan,China,2,569,DAVE GARDINER,6,8,12,Music,1,1,Mike Hillyer,2,2,0.5,14.96,4,2005-08-02,339,223.61,3.3203,0.8944
3.1051,4.7,1.14,4.5491,Binzhou,China,1,533,JESSIE MILAM,7,8,13,New,1,2,Jon Stephens,3,3,1.0,13.97,3,2005-07-12,218,280.68,2.9845,0.4082
3.1085,8.1,1.33,5.1854,Memphis,United States,2,181,ANA BRADLEY,9,12,4,Classics,1,2,Jon Stephens,3,2,0.4,26.95,5,2005-08-01,194,297.9,6.0648,0.7071
3.1093,8.58,1.6,1.9799,Tonghae,South Korea,2,536,FERNANDO CHURCHILL,5,8,12,Music,1,2,Jon Stephens,2,1,0.3333,16.97,3,2005-08-17,436,190.44,2.697,0.7071
3.113,6.54,1.56,0.7258,Ogbomosho,Nigeria,2,277,OLGA JIMENEZ,9,14,3,Children,1,1,Mike Hillyer,2,2,1.0,16.98,2,2005-08-22,524,166.29,3.3537,0.6124
3.1308,2.99,1.14,2.0996,Shenzhen,China,1,378,EUGENE CULPEPPER,7,8,12,Music,1,1,Mike Hillyer,2,0,0.0,9.98,2,2005-08-02,444,188.22,2.2331,0.4082
3.1367,7.98,1.63,2.5724,Hodeida,Yemen,1,470,GORDON ALLARD,8,13,1,Action,2,2,Jon Stephens,2,2,0.6667,23.97,3,2005-08-18,360,215.97,5.0965,0.5345
3.1417,3.86,1.38,1.1693,Tangail,Bangladesh,1,21,MICHELLE CLARK,8,11,16,Travel,1,1,Mike Hillyer,1,1,0.5,11.98,2,2005-08-18,504,170.74,2.5842,0.5345
3.1465,6.49,1.25,1.299,Okayama,Japan,1,489,RICARDO MEADOR,4,5,9,Foreign,1,1,Mike Hillyer,1,1,0.5,13.98,2,2005-08-18,487,174.83,2.3812,0.5774
3.1491,5.15,1.5,1.6771,Baha Blanca,Argentina,1,322,JASON MORRISSEY,6,9,7,Drama,1,1,Mike Hillyer,3,0,0.0,14.97,3,2005-07-30,482,176.28,3.1178,0.8944
3.1506,6.98,1.75,2.25,Tabora,Tanzania,2,190,YOLANDA WEAVER,4,7,2,Animation,1,2,Jon Stephens,3,1,0.25,24.96,4,2005-08-02,412,198.52,5.7061,1.0
3.1515,4.99,1.4,2.2627,Dundee,United Kingdom,1,142,APRIL BURNS,5,7,3,Children,1,1,Mike Hillyer,3,0,0.0,16.97,3,2005-07-30,423,193.94,3.8026,0.7071
3.1599,3.99,1.25,3.274,San Miguel de Tucumn,Argentina,1,243,LYDIA BURKE,8,10,10,Games,1,2,Jon Stephens,3,3,1.0,13.97,3,2005-07-31,277,244.61,3.1591,0.5345
3.1632,2.99,1.17,1.8634,Oulu,Finland,1,298,ERIKA PENA,6,7,1,Action,1,1,Mike Hillyer,1,1,0.5,8.98,2,2005-07-28,427,192.43,1.8942,0.4472
3.1646,5.99,1.33,1.0541,Kakamigahara,Japan,1,163,CATHY SPENCER,6,8,1,Action,1,1,Mike Hillyer,1,1,0.5,15.98,2,2005-07-10,512,168.21,3.1579,0.6325
3.1666,4.49,1.25,5.1448,Munger (Monghyr),India,1,28,CYNTHIA YOUNG,8,10,1,Action,2,2,Jon Stephens,4,4,1.0,15.96,4,2005-07-31,191,301.01,3.6229,0.5345
3.1685,5.49,1.5,0.5,Osmaniye,Turkey,2,13,KAREN JACKSON,4,6,7,Drama,1,2,Jon Stephens,1,1,0.5,14.98,2,2005-07-29,583,151.74,2.9967,1.0
3.1697,5.99,1.0,10.0,Yantai,China,1,272,KAY CALDWELL,6,6,6,Documentary,2,2,Jon Stephens,2,2,0.6667,16.97,3,2005-08-17,95,440.12,3.4641,0.0
3.1773,4.39,1.4,2.2627,Masqat,Oman,2,9,MARGARET MOORE,5,7,9,Foreign,1,1,Mike Hillyer,2,2,0.6667,10.97,3,2005-08-18,381,208.31,2.0722,0.7071
3.1809,3.99,1.5,0.559,Haldia,India,2,186,HOLLY FOX,6,9,5,Comedy,1,1,Mike Hillyer,2,2,1.0,14.98,2,2005-08-18,536,164.01,3.4566,0.8944
3.1855,6.99,1.5,0.866,Juazeiro do Norte,Brazil,1,47,FRANCES PARKER,4,6,2,Animation,1,1,Mike Hillyer,1,1,0.5,15.98,2,2005-08-18,538,163.4,2.8237,0.5774
3.1905,5.99,1.0,10.0,Lilongwe,Malawi,1,166,LYNN PAYNE,6,6,14,Sci-Fi,1,2,Jon Stephens,2,2,1.0,12.98,2,2005-08-20,85,447.62,2.1909,0.0
3.1914,5.36,1.13,4.9608,Nyeri,Kenya,2,363,ROY WHITING,8,9,1,Action,1,2,Jon Stephens,3,0,0.0,12.97,3,2005-07-12,227,276.48,2.3834,0.378
3.1918,7.68,1.6,3.2199,Tanauan,Philippines,1,373,LOUIS LEONE,10,16,2,Animation,2,1,Mike Hillyer,2,2,0.5,20.96,4,2005-08-18,303,234.27,4.1594,0.7454
3.2021,7.38,1.6,2.4,Sirjan,Iran,2,449,OSCAR AQUINO,5,8,6,Documentary,2,1,Mike Hillyer,2,2,0.5,21.96,4,2005-08-01,376,210.08,4.552,1.0
3.2252,4.82,1.17,1.8634,La Romana,Dominican Republic,2,437,RANDALL NEUMANN,6,7,9,Foreign,1,2,Jon Stephens,2,0,0.0,9.98,2,2005-07-10,456,184.91,1.5994,0.4472
3.2368,5.54,1.33,1.3333,Pudukkottai,India,1,421,LEE HAWKS,9,12,6,Documentary,1,2,Jon Stephens,1,1,0.5,14.98,2,2005-08-20,469,179.47,2.9158,0.5
3.2423,2.19,1.0,0.0,Bradford,United Kingdom,2,85,ANNE POWELL,5,5,1,Action,1,2,Jon Stephens,1,0,0.0,7.99,1,2005-07-30,643,129.69,1.7889,0.0
3.2458,6.74,1.25,3.0311,Sumy,Ukraine,2,187,BRITTANY RILEY,4,5,4,Classics,1,2,Jon Stephens,2,1,0.3333,26.97,3,2005-08-18,325,227.43,6.2334,0.5774
3.2552,5.99,1.38,1.1693,Yuzhou,China,2,324,GARY COY,8,11,11,Horror,1,1,Mike Hillyer,1,1,0.5,16.98,2,2005-08-21,486,175.29,3.3772,0.5345
3.2578,4.99,1.0,10.0,Nukualofa,Tonga,1,344,HENRY BILLINGSLEY,5,5,15,Sports,1,2,Jon Stephens,1,1,0.5,8.98,2,2005-08-19,94,440.31,1.2247,0.0
3.2629,4.16,1.17,1.8634,Johannesburg,South Africa,1,471,DEAN SAUER,6,7,7,Drama,1,1,Mike Hillyer,1,1,0.5,11.98,2,2005-07-11,417,196.42,2.3982,0.4472
3.2798,5.41,1.86,0.9331,Shanwei,China,2,424,KYLE SPURLOCK,7,13,7,Drama,1,1,Mike Hillyer,2,2,0.6667,20.97,3,2005-07-31,497,172.52,4.7442,1.2247
3.2875,5.24,1.5,1.9843,Alvorada,Brazil,2,551,CLAYTON BARBEE,8,12,6,Documentary,1,1,Mike Hillyer,2,2,0.6667,14.97,3,2005-08-22,393,204.36,2.9612,0.7559
3.2912,8.38,1.8,4.4,Cape Coral,United States,2,526,KARL SEAL,5,9,14,Sci-Fi,2,2,Jon Stephens,4,0,0.0,16.96,4,2005-07-27,244,263.65,2.6063,0.5
3.2939,3.84,1.57,1.4286,Xiangfan,China,2,241,HEIDI LARSON,7,11,9,Foreign,1,2,Jon Stephens,2,1,0.3333,14.97,3,2005-07-11,463,181.28,3.3785,1.0
3.3046,7.13,1.71,1.5747,Banjul,Gambia,2,584,SALVADOR TEEL,7,12,14,Sci-Fi,2,2,Jon Stephens,3,0,0.0,17.97,3,2005-08-18,470,179.42,3.2816,0.8165
3.3067,4.55,1.0,10.0,Bhopal,India,1,15,HELEN HARRIS,9,9,16,Travel,2,1,Mike Hillyer,2,2,0.5,11.96,4,2005-08-02,92,442.27,2.2423,0.0
3.3121,3.99,1.13,-0.3307,Sharja,United Arab Emirates,2,292,MISTY LAMBERT,8,9,1,Action,1,1,Mike Hillyer,1,1,1.0,8.99,1,2005-07-11,581,152.49,1.51,0.378
3.3125,6.73,1.75,1.25,Shivapuri,India,1,68,NICOLE PETERSON,4,7,15,Sports,1,1,Mike Hillyer,2,1,0.3333,16.97,3,2005-07-31,481,176.66,3.0906,1.0
3.3141,6.78,1.8,4.4,Uluberia,India,2,446,THEODORE CULP,5,9,9,Foreign,2,1,Mike Hillyer,3,3,0.75,13.96,4,2005-07-12,221,279.57,2.1659,0.5
3.3325,7.55,1.71,2.7994,Laohekou,China,1,422,MELVIN ELLINGTON,7,12,3,Children,1,1,Mike Hillyer,3,1,0.25,14.96,4,2005-08-22,342,222.28,2.2223,0.8165
3.3378,4.16,1.0,10.0,Kaliningrad,Russian Federation,2,301,ROBERT BAUGHMAN,6,6,11,Horror,1,2,Jon Stephens,3,0,0.0,10.97,3,2005-07-10,101,433.51,2.0412,0.0
3.3427,7.23,1.63,6.314,Lhokseumawe,Indonesia,2,473,JORGE OLIVARES,8,13,9,Foreign,2,1,Mike Hillyer,3,3,0.6,19.95,5,2005-08-02,153,345.13,3.8042,0.5345
3.345,6.32,1.0,10.0,Otsu,Japan,1,285,MIRIAM MCKINNEY,6,6,6,Documentary,2,2,Jon Stephens,2,2,0.5,14.96,4,2005-07-11,89,443.8,2.582,0.0
3.3586,5.19,1.2,-0.4,al-Ayn,United Arab Emirates,1,98,LILLIAN GRIFFIN,5,6,15,Sports,1,2,Jon Stephens,1,1,1.0,7.99,1,2005-07-06,571,154.34,0.8343,0.5
3.365,2.79,1.2,1.6,Wroclaw,Poland,1,558,JIMMIE EGGLESTON,5,6,14,Sci-Fi,1,2,Jon Stephens,2,2,1.0,12.98,2,2005-08-17,399,202.6,3.0289,0.5
3.374,4.99,1.25,3.274,Vaduz,Liechtenstein,2,57,EVELYN MORGAN,8,10,11,Horror,1,2,Jon Stephens,2,1,0.3333,11.97,3,2005-07-12,287,239.84,2.0695,0.5345
3.3757,4.98,1.75,0.25,Vancouver,Canada,1,436,TROY QUIGLEY,4,7,10,Games,1,2,Jon Stephens,2,2,1.0,15.98,2,2005-07-28,541,162.53,3.2578,1.0
3.3808,5.49,1.25,1.299,Ziguinchor,Senegal,2,456,RONNIE RICKETTS,4,5,8,Family,1,1,Mike Hillyer,2,2,1.0,13.98,2,2005-08-19,421,194.2,2.512,0.5774
3.3831,8.18,2.0,0.8165,Binzhou,China,1,533,JESSIE MILAM,5,10,11,Horror,1,1,Mike Hillyer,2,1,0.3333,19.97,3,2005-08-17,522,166.48,3.485,1.2247
3.3965,4.99,1.43,0.9897,Rockford,United States,2,457,BILL GAVIN,7,10,15,Sports,1,2,Jon Stephens,1,1,0.5,17.98,2,2005-08-21,484,175.55,3.8258,0.5774
3.4,4.11,1.25,5.1448,Malm,Sweden,2,66,JANICE WARD,8,10,10,Games,1,2,Jon Stephens,3,1,0.25,13.96,4,2005-08-21,197,295.34,2.8963,0.5345
3.4025,6.23,1.63,1.819,Miyakonojo,Japan,1,253,TERRY CARLSON,8,13,3,Children,1,2,Jon Stephens,2,2,0.6667,17.97,3,2005-08-21,394,204.0,3.4493,0.7559
3.4059,3.32,1.17,1.8634,Kragujevac,Yugoslavia,1,7,MARIA MILLER,6,7,5,Comedy,1,2,Jon Stephens,1,1,0.5,10.98,2,2005-07-08,402,202.14,2.2486,0.4472
3.4136,6.32,1.22,3.5556,Sal,Morocco,1,22,LAURA RODRIGUEZ,9,11,15,Sports,2,1,Mike Hillyer,3,0,0.0,16.97,3,2005-08-23,280,243.21,3.1196,0.5
3.4152,4.42,1.29,1.2372,Jhansi,India,1,32,AMY LOPEZ,7,9,7,Drama,1,1,Mike Hillyer,2,0,0.0,12.98,2,2005-07-27,489,173.72,2.5077,0.5774
3.4257,5.54,1.11,5.3426,Guaruj,Brazil,2,427,JESUS MCCARTNEY,9,10,15,Sports,1,1,Mike Hillyer,2,2,0.6667,15.97,3,2005-08-01,180,310.64,3.0433,0.3536
3.444,5.16,1.17,4.0995,Balaiha,Russian Federation,2,55,DORIS REED,6,7,15,Sports,1,1,Mike Hillyer,2,2,0.6667,13.97,3,2005-08-19,230,274.08,2.5596,0.4472
3.448,4.99,1.33,2.6352,Dongying,China,1,466,LEO EBERT,6,8,6,Documentary,1,1,Mike Hillyer,3,0,0.0,13.97,3,2005-08-20,356,216.98,2.6054,0.6325
3.4554,6.27,1.71,2.7994,Tel Aviv-Jaffa,Israel,1,161,GERALDINE PERKINS,7,12,13,New,2,2,Jon Stephens,2,2,0.5,15.96,4,2005-08-22,311,232.2,2.8047,0.8165
3.4649,5.65,1.33,2.6352,Molodetno,Belarus,1,144,CLARA SHAW,6,8,1,Action,1,2,Jon Stephens,3,3,1.0,17.97,3,2005-07-09,295,237.65,3.5547,0.6325
3.4766,5.59,1.2,1.6,Skikda,Algeria,1,176,JUNE CARROLL,5,6,5,Comedy,1,1,Mike Hillyer,2,0,0.0,14.98,2,2005-06-16,449,187.06,2.7015,0.5
3.4794,5.27,1.29,1.2372,Cuernavaca,Mexico,2,575,ISAAC OGLESBY,7,9,11,Horror,1,2,Jon Stephens,1,1,0.5,12.98,2,2005-08-01,454,186.29,2.2151,0.5774
3.4796,3.59,1.0,10.0,Alessandria,Italy,2,33,ANNA HILL,5,5,12,Music,1,1,Mike Hillyer,2,2,0.6667,11.97,3,2005-07-30,82,452.52,2.4083,0.0
3.4807,5.49,1.5,0.7906,Roanoke,United States,1,291,TONI HOLT,6,9,7,Drama,1,1,Mike Hillyer,1,1,0.5,11.98,2,2005-07-30,493,172.94,1.866,0.6325
3.495,4.99,1.0,10.0,Guaruj,Brazil,2,427,JESUS MCCARTNEY,7,7,3,Children,1,1,Mike Hillyer,1,1,0.5,11.98,2,2005-07-29,84,449.8,2.0,0.0
3.5021,5.98,1.67,1.8856,Bellevue,United States,2,212,WILMA RICHARDS,3,5,13,New,1,2,Jon Stephens,2,1,0.3333,12.97,3,2005-08-18,395,203.32,1.995,0.7071
3.504,5.84,1.43,2.7218,Jastrzebie-Zdrj,Poland,1,128,MARJORIE TUCKER,7,10,2,Animation,1,2,Jon Stephens,2,2,0.6667,14.97,3,2005-07-30,300,235.15,2.6048,0.5774
3.5055,7.48,1.7,2.608,Robamba,Ecuador,2,494,RAMON CHOATE,10,17,15,Sports,1,2,Jon Stephens,2,2,0.5,26.96,4,2005-08-22,319,228.46,5.5561,0.8819
3.5074,4.79,1.4,0.8485,Sambhal,India,2,217,AGNES BISHOP,5,7,7,Drama,1,2,Jon Stephens,2,0,0.0,9.98,2,2005-07-31,528,165.75,1.4809,0.7071
3.5245,4.82,1.17,1.8634,Arecibo,Puerto Rico,2,360,RALPH MADRIGAL,6,7,12,Music,2,2,Jon Stephens,1,1,0.5,12.98,2,2005-07-27,383,206.88,2.3147,0.4472
3.5268,5.27,1.29,2.9692,Taizz,Yemen,1,213,GINA WILLIAMSON,7,9,8,Family,1,2,Jon Stephens,2,2,0.6667,14.97,3,2005-07-30,278,243.48,2.7495,0.5774
3.5284,3.24,1.25,5.1448,Stara Zagora,Bulgaria,2,215,JESSIE BANKS,8,10,3,Children,1,2,Jon Stephens,2,2,0.5,9.96,4,2005-08-23,183,305.48,1.9053,0.5345
3.5315,4.59,1.2,5.6,Warren,United States,1,276,BRANDY GRAVES,5,6,7,Drama,1,1,Mike Hillyer,4,0,0.0,16.96,4,2005-07-30,182,309.26,3.5033,0.5
3.532,4.99,1.0,10.0,Denizli,Turkey,2,483,VERNON CHAPA,5,5,15,Sports,1,2,Jon Stephens,2,0,0.0,14.98,2,2005-07-12,93,441.28,2.8284,0.0
3.5387,2.99,1.2,1.6,Tegal,Indonesia,1,458,LLOYD DOWD,5,6,5,Comedy,1,2,Jon Stephens,2,2,1.0,7.98,2,2005-08-20,377,209.55,1.4107,0.5
3.5431,4.65,1.5,0.559,Baku,Azerbaijan,2,333,ANDREW PURDY,6,9,5,Comedy,2,2,Jon Stephens,2,0,0.0,15.98,2,2005-07-30,559,158.49,3.1973,0.8944
3.5536,3.99,1.0,10.0,Usak,Turkey,1,204,ROSEMARY SCHMIDT,6,6,16,Travel,1,2,Jon Stephens,1,1,0.5,12.98,2,2005-06-17,83,452.14,2.5298,0.0
3.5907,3.28,1.0,0.0,Uijongbu,South Korea,1,245,COURTNEY DAY,7,7,2,Animation,1,1,Mike Hillyer,1,0,0.0,5.99,1,2005-07-12,612,143.63,0.7559,0.0
3.5933,5.19,1.0,10.0,Ibirit,Brazil,2,310,DANIEL CABRAL,5,5,9,Foreign,1,2,Jon Stephens,2,0,0.0,12.98,2,2005-08-18,90,443.73,2.1679,0.0
3.6388,5.99,1.4,2.1466,Avellaneda,Argentina,1,560,JORDAN ARCHULETA,10,14,8,Family,1,1,Mike Hillyer,2,1,0.3333,17.97,3,2005-08-01,358,216.61,3.2934,0.7454
3.6414,5.49,1.33,2.6352,Moscow,Russian Federation,2,46,CATHERINE CAMPBELL,6,8,2,Animation,1,1,Mike Hillyer,2,2,0.6667,15.97,3,2005-08-01,292,238.05,2.8789,0.6325
3.6451,5.21,1.33,3.3333,Jaffna,Sri Lanka,1,408,MANUEL MURRELL,9,12,4,Classics,1,1,Mike Hillyer,2,1,0.3333,14.97,3,2005-08-20,263,252.47,2.6779,0.5
3.6495,9.36,1.88,2.5143,Valparai,India,1,403,MIKE WAY,8,15,5,Comedy,1,2,Jon Stephens,3,3,0.75,21.96,4,2005-08-02,296,236.41,3.4535,0.8452
3.6571,4.21,1.44,0.7027,Toulouse,France,2,35,VIRGINIA GREEN,9,13,5,Comedy,1,1,Mike Hillyer,2,2,1.0,10.98,2,2005-07-11,448,187.36,1.8518,0.7906
3.6613,5.73,1.75,0.433,Yuzhou,China,2,324,GARY COY,4,7,5,Comedy,1,1,Mike Hillyer,1,1,0.5,11.98,2,2005-07-27,506,169.44,1.7064,0.5774
3.6684,4.41,1.57,2.9744,Yaound,Cameroon,2,361,LAWRENCE LAWTON,7,11,3,Children,1,2,Jon Stephens,3,1,0.25,15.96,4,2005-08-02,284,240.97,3.1477,0.8165
3.6712,6.38,1.6,0.5657,Konotop,Ukraine,2,545,JULIO NOLAND,5,8,1,Action,1,2,Jon Stephens,1,1,0.5,13.98,2,2005-08-18,488,173.82,2.0691,0.7071
3.6797,5.49,1.17,1.8634,Faaa,French Polynesia,2,43,CHRISTINE ROBERTS,6,7,1,Action,1,2,Jon Stephens,2,0,0.0,9.98,2,2005-08-22,397,203.09,1.2207,0.4472
3.6801,5.61,1.5,1.9843,La Paz,Mexico,2,488,SHANE MILLARD,8,12,9,Foreign,1,2,Jon Stephens,2,1,0.3333,9.97,3,2005-08-22,367,213.4,1.1847,0.7559
3.6828,4.79,1.0,10.0,Monywa,Myanmar,2,256,MABEL HOLLAND,5,5,13,New,2,1,Mike Hillyer,2,2,0.5,13.96,4,2005-08-20,81,457.31,2.49,0.0
3.6852,2.42,1.0,0.0,Firozabad,India,1,192,LAURIE LAWRENCE,7,7,5,Comedy,1,2,Jon Stephens,1,1,1.0,7.99,1,2005-07-29,516,167.41,1.5119,0.0
3.6861,2.49,1.0,10.0,Zaoyang,China,2,514,FRANKLIN TROUTMAN,6,6,4,Classics,1,2,Jon Stephens,2,0,0.0,8.98,2,2005-07-06,86,447.44,1.7607,0.0
3.7086,3.85,1.14,4.5491,Esfahan,Iran,1,10,DOROTHY TAYLOR,7,8,15,Sports,1,1,Mike Hillyer,2,1,0.3333,11.97,3,2005-07-09,201,291.48,2.1907,0.4082
3.7172,3.98,2.0,0.7071,Yamuna Nagar,India,1,12,NANCY THOMAS,4,8,11,Horror,1,2,Jon Stephens,3,3,1.0,11.97,3,2005-07-30,442,189.9,2.1495,1.4142
3.7182,4.7,1.57,1.7496,Ljubertsy,Russian Federation,2,160,ERIN DUNN,7,11,6,Documentary,1,2,Jon Stephens,3,0,0.0,13.97,3,2005-08-02,405,201.22,2.4935,0.8165
3.7268,5.13,1.29,2.9692,Iwakuni,Japan,1,54,TERESA ROGERS,7,9,14,Sci-Fi,1,1,Mike Hillyer,2,1,0.3333,15.97,3,2005-08-02,276,244.81,2.9087,0.5774
3.7275,5.16,1.17,1.8634,Omiya,Japan,2,404,STANLEY SCROGGINS,6,7,6,Documentary,1,1,Mike Hillyer,2,2,1.0,14.98,2,2005-08-18,333,225.0,2.6358,0.4472
3.734,4.49,1.1,5.7,Palghat (Palakkad),India,1,268,NINA SOTO,10,11,3,Children,1,2,Jon Stephens,3,3,1.0,12.97,3,2005-07-10,158,340.36,2.2713,0.3333
3.7376,5.98,1.63,2.5724,Iwatsuki,Japan,1,396,EARL SHANKS,8,13,13,New,1,1,Mike Hillyer,2,1,0.3333,13.97,3,2005-08-21,307,233.34,2.1368,0.5345
3.7438,5.98,1.75,1.25,Lungtan,Taiwan,1,30,MELISSA KING,4,7,10,Games,1,1,Mike Hillyer,2,1,0.3333,16.97,3,2005-07-09,424,193.92,2.9349,1.0
3.7572,3.32,1.0,10.0,Lublin,Poland,1,501,RUBEN GEARY,6,6,11,Horror,1,2,Jon Stephens,1,1,0.5,8.98,2,2005-08-17,78,460.29,1.5055,0.0
3.7653,4.48,1.67,0.3727,Nezahualcyotl,Mexico,1,115,WENDY HARRISON,6,10,7,Drama,1,1,Mike Hillyer,2,0,0.0,12.98,2,2005-07-12,543,161.79,2.2566,0.8944
3.7689,5.49,1.5,2.5981,Coacalco de Berriozbal,Mexico,1,247,STELLA MORENO,4,6,7,Drama,1,1,Mike Hillyer,2,1,0.3333,17.97,3,2005-08-18,298,235.37,3.3126,0.5774
3.7749,3.24,1.25,-0.433,Maring,Brazil,1,246,MARIAN MENDOZA,4,5,1,Action,1,1,Mike Hillyer,1,0,0.0,7.99,1,2005-07-07,586,151.0,1.259,0.5774
3.777,6.15,1.5,0.559,Dallas,United States,2,400,BRYAN HARDISON,6,9,9,Foreign,1,1,Mike Hillyer,1,1,0.5,8.98,2,2005-08-17,477,177.85,0.7488,0.8944
3.7838,4.86,1.5,0.9354,Rampur,India,1,336,JOSHUA MARK,8,12,6,Documentary,1,2,Jon Stephens,2,2,1.0,11.98,2,2005-07-11,410,199.42,1.8817,0.5345
3.791,3.59,1.0,10.0,Touliu,Taiwan,1,139,AMBER DIXON,5,5,16,Travel,1,1,Mike Hillyer,1,1,0.5,10.98,2,2005-08-19,77,461.64,1.9494,0.0
3.7927,3.49,1.0,10.0,guas Lindas de Gois,Brazil,1,130,CHARLOTTE HUNTER,6,6,14,Sci-Fi,1,2,Jon Stephens,2,2,1.0,10.98,2,2005-07-31,72,471.71,1.9748,0.0
3.7938,5.98,1.71,2.2857,Shaoguan,China,1,485,CLYDE TOBIAS,7,12,16,Travel,2,2,Jon Stephens,3,3,0.75,17.96,4,2005-07-30,299,235.32,3.157,1.0
3.8343,3.59,1.4,2.2627,Hohhot,China,1,138,HAZEL WARREN,5,7,15,Sports,1,2,Jon Stephens,2,2,0.6667,11.97,3,2005-07-28,301,234.59,2.1866,0.7071
3.8348,4.41,1.43,1.9246,Pjatigorsk,Russian Federation,2,487,HECTOR POINDEXTER,7,10,9,Foreign,1,1,Mike Hillyer,2,2,0.6667,14.97,3,2005-07-30,335,224.47,2.7526,0.8165
3.837,4.15,1.33,4.2164,Richmond Hill,Canada,2,410,CURTIS IRBY,6,8,10,Games,1,1,Mike Hillyer,3,3,0.75,17.96,4,2005-07-09,198,294.97,3.5983,0.6325
3.8462,5.59,1.2,3.6,Lapu-Lapu,Philippines,2,244,VIOLA HANSON,5,6,13,New,1,1,Mike Hillyer,2,2,0.6667,9.97,3,2005-07-10,229,275.18,1.1393,0.5
3.8623,4.86,1.38,3.4725,Poos de Caldas,Brazil,2,254,MAXINE SILVA,8,11,12,Music,1,2,Jon Stephens,2,2,0.5,13.96,4,2005-08-19,236,268.67,2.3558,0.7559
3.8623,5.84,1.43,6.1859,Antofagasta,Chile,1,45,JANET PHILLIPS,7,10,14,Sci-Fi,1,2,Jon Stephens,3,3,0.6,27.95,5,2005-08-02,137,362.07,5.7238,0.5774
3.8869,3.19,1.3,1.2124,Urawa,Japan,2,147,JOANNE ROBERTSON,10,13,5,Comedy,1,2,Jon Stephens,1,1,0.5,16.98,2,2005-08-01,403,201.85,3.5486,0.5774
3.8976,4.99,1.38,3.0401,El Monte,United States,1,420,JACOB LANCE,8,11,10,Games,1,2,Jon Stephens,2,2,0.6667,20.97,3,2005-08-01,249,260.44,4.1009,0.5345
3.9163,3.99,1.29,2.9692,Davao,Philippines,2,27,SHIRLEY ALLEN,7,9,16,Travel,1,1,Mike Hillyer,2,2,0.6667,18.97,3,2005-07-31,252,259.06,3.8258,0.5774
3.9183,4.39,1.2,3.6,Jos Azueta,Mexico,1,581,VIRGIL WOFFORD,5,6,9,Foreign,2,2,Jon Stephens,3,3,1.0,12.97,3,2005-08-20,209,284.73,2.1902,0.5
3.9287,7.65,1.67,0.4714,So Leopoldo,Brazil,2,443,FRANCISCO SKIDMORE,3,5,11,Horror,2,1,Mike Hillyer,2,2,1.0,18.98,2,2005-07-28,432,191.29,2.8839,0.7071
3.9383,3.39,1.0,10.0,Zhoushan,China,2,550,GUY BROWNLEE,5,5,7,Drama,1,1,Mike Hillyer,1,1,0.5,9.98,2,2005-07-29,75,467.53,1.6733,0.0
3.9541,4.61,1.13,7.6065,Najafabad,Iran,1,368,HARRY ARCE,8,9,3,Children,1,2,Jon Stephens,3,3,0.75,17.96,4,2005-08-19,113,401.36,3.3753,0.378
3.9831,4.32,1.44,0.7027,Hamilton,New Zealand,2,8,SUSAN WILSON,9,13,13,New,1,1,Mike Hillyer,1,1,0.5,12.98,2,2005-08-02,437,190.4,2.1745,0.7906
3.99,3.99,1.0,10.0,Aurora,United States,1,330,SCOTT SHELLEY,5,5,12,Music,1,1,Mike Hillyer,2,0,0.0,7.98,2,2005-08-18,79,459.6,1.0,0.0
33.8548,5.49,1.17,4.0995,Vila Velha,Brazil,1,39,DEBRA NELSON,6,7,8,Family,1,2,Jon Stephens,3,3,1.0,23.97,3,2005-07-08,1,1497.18,0.5459,0.4472
4.0066,2.98,1.67,-0.9428,Nezahualcyotl,Mexico,1,115,WENDY HARRISON,3,5,9,Foreign,1,1,Mike Hillyer,1,0,0.0,6.99,1,2005-06-21,553,160.26,1.0,0.7071
4.0088,5.32,1.0,10.0,Memphis,United States,2,181,ANA BRADLEY,6,6,8,Family,1,1,Mike Hillyer,2,2,1.0,15.98,2,2005-07-29,68,480.35,2.6583,0.0
4.0146,6.69,2.14,0.7936,Datong,China,1,260,CHRISTY VARGAS,7,15,13,New,1,1,Mike Hillyer,2,1,0.3333,17.97,3,2005-08-21,433,191.06,2.809,1.0801
4.0169,5.59,1.4,2.6,Yangor,Nauru,2,513,DUANE TUBBS,5,7,12,Music,2,2,Jon Stephens,2,2,0.5,25.96,4,2005-07-29,268,248.68,5.0721,1.0
4.0314,3.84,1.29,1.2372,Southend-on-Sea,United Kingdom,2,16,SANDRA MARTIN,7,9,15,Sports,1,1,Mike Hillyer,2,2,1.0,12.98,2,2005-08-18,354,218.37,2.2661,0.5774
4.0335,5.32,1.17,4.0995,Halisahar,India,2,259,LENA JENSEN,6,7,13,New,1,1,Mike Hillyer,2,2,0.6667,21.97,3,2005-07-30,195,297.66,4.1275,0.4472
4.0446,4.54,1.33,0.9428,Duisburg,Germany,2,114,GRACE ELLIS,9,12,13,New,1,1,Mike Hillyer,1,1,0.5,15.98,2,2005-07-29,408,200.07,2.8279,0.7071
4.0572,3.19,1.2,1.6,Isesaki,Japan,2,519,RON DELUCA,5,6,13,New,1,1,Mike Hillyer,1,1,0.5,11.98,2,2005-07-30,348,220.29,2.167,0.5
4.0779,3.99,1.13,2.315,Cabuyao,Philippines,1,371,BILLY POULIN,8,9,6,Documentary,1,1,Mike Hillyer,2,0,0.0,13.98,2,2005-07-30,310,232.57,2.4501,0.378
4.0849,6.13,1.29,2.9692,Coatzacoalcos,Mexico,1,482,MAURICE CRAWLEY,7,9,11,Horror,1,2,Jon Stephens,2,2,0.6667,12.97,3,2005-08-22,242,265.81,1.6745,0.5774
4.0881,8.32,1.83,2.7972,Nuuk,Greenland,1,207,GERTRUDE CASTILLO,6,11,10,Games,2,2,Jon Stephens,4,4,1.0,25.96,4,2005-08-20,239,267.44,4.3162,0.7746
4.0914,6.48,1.75,1.25,Tieli,China,2,599,AUSTIN CINTRON,4,7,11,Horror,1,2,Jon Stephens,3,0,0.0,14.97,3,2005-08-23,406,201.16,2.0745,1.0
4.092,4.99,1.0,10.0,Bern,Switzerland,1,155,GAIL KNIGHT,6,6,3,Children,1,1,Mike Hillyer,2,1,0.3333,15.97,3,2005-07-11,74,470.35,2.6833,0.0
4.0968,4.16,1.17,1.8634,Moscow,Russian Federation,2,46,CATHERINE CAMPBELL,6,7,9,Foreign,1,2,Jon Stephens,2,0,0.0,13.98,2,2005-06-20,350,219.77,2.3982,0.4472
4.1021,5.32,1.5,5.534,Batna,Algeria,1,441,MARIO CHEATHAM,6,9,3,Children,1,1,Mike Hillyer,3,2,0.4,18.95,5,2005-07-29,149,348.11,3.3231,0.6325
4.1113,3.99,1.5,0.3953,Araatuba,Brazil,2,77,JANE BENNETT,6,9,16,Travel,1,2,Jon Stephens,1,1,0.5,14.98,2,2005-08-17,453,186.31,2.6744,1.2649
4.1278,3.82,1.17,4.0995,Bratislava,Slovakia,1,357,KEITH RICO,6,7,8,Family,1,2,Jon Stephens,2,2,0.6667,16.97,3,2005-07-11,189,301.43,3.1853,0.4472
4.131,4.74,1.38,4.9109,Ueda,Japan,1,503,ANGEL BARCLAY,8,11,10,Games,1,2,Jon Stephens,2,2,0.5,11.96,4,2005-08-22,169,322.57,1.7487,0.5345
4.1517,5.65,1.33,4.0995,Hidalgo,Mexico,2,150,DANIELLE DANIELS,6,8,14,Sci-Fi,2,1,Mike Hillyer,3,3,0.6,21.95,5,2005-08-19,179,311.05,3.9253,0.8944
4.1518,4.27,1.29,4.7013,Portoviejo,Ecuador,2,262,PATSY DAVIDSON,7,9,2,Animation,1,2,Jon Stephens,2,2,0.5,26.96,4,2005-07-12,173,317.11,5.4644,0.5774
4.1546,6.39,1.4,1.6,Ashdod,Israel,1,102,CRYSTAL FORD,5,7,15,Sports,1,1,Mike Hillyer,3,0,0.0,17.97,3,2005-07-09,364,214.19,2.7882,1.0
4.1599,3.85,1.0,10.0,Higashiosaka,Japan,1,264,GWENDOLYN MAY,7,7,16,Travel,1,1,Mike Hillyer,2,1,0.3333,12.97,3,2005-07-11,70,473.06,2.1931,0.0
4.1776,2.79,1.2,-0.4,Escobar,Argentina,1,445,MICHEAL FORMAN,5,6,3,Children,1,1,Mike Hillyer,1,0,0.0,8.99,1,2005-07-29,518,167.1,1.4846,0.5
4.1851,4.79,1.2,1.6,Tandil,Argentina,1,405,LEONARD SCHOFIELD,5,6,11,Horror,1,1,Mike Hillyer,2,0,0.0,10.98,2,2005-06-21,362,215.4,1.4795,0.5
4.1923,4.29,1.4,3.4883,Katihar,India,1,419,CHAD CARBONE,10,14,4,Classics,2,2,Jon Stephens,2,2,0.5,13.96,4,2005-08-02,217,282.34,2.3076,0.7454
4.2,2.99,1.0,10.0,Monclova,Mexico,2,570,IVAN CROMWELL,8,8,6,Documentary,2,1,Mike Hillyer,2,2,0.6667,11.97,3,2005-07-30,67,481.33,2.1381,0.0
4.2285,2.99,1.0,10.0,Pjatigorsk,Russian Federation,2,487,HECTOR POINDEXTER,5,5,2,Animation,1,2,Jon Stephens,1,1,0.5,5.98,2,2005-07-28,69,479.14,0.7071,0.0
4.2502,6.49,1.25,1.299,Witten,Germany,1,201,VICKI FIELDS,4,5,2,Animation,1,2,Jon Stephens,2,2,1.0,11.98,2,2005-07-06,318,228.98,1.2923,0.5774
4.2508,6.49,1.2,3.8184,Songkhla,Thailand,2,86,JACQUELINE LONG,10,12,15,Sports,1,2,Jon Stephens,3,0,0.0,20.97,3,2005-08-01,210,284.58,3.4069,0.4714
4.2533,5.1,1.11,5.3426,Nagareyama,Japan,1,53,HEATHER MORRIS,9,10,13,New,1,2,Jon Stephens,2,2,0.6667,11.97,3,2005-08-21,154,343.74,1.6152,0.3536
4.275,4.49,1.25,-0.433,Okayama,Japan,1,489,RICARDO MEADOR,4,5,5,Comedy,1,2,Jon Stephens,1,1,1.0,9.99,1,2005-08-02,434,191.0,1.2871,0.5774
4.3118,3.42,1.14,2.0996,Monywa,Myanmar,2,256,MABEL HOLLAND,7,8,1,Action,1,1,Mike Hillyer,1,1,0.5,11.98,2,2005-06-18,274,245.46,1.9859,0.4082
4.3241,5.15,1.33,4.2164,Weifang,China,1,588,MARION OCAMPO,6,8,4,Classics,2,1,Mike Hillyer,3,1,0.25,13.96,4,2005-07-29,186,304.45,2.0367,0.6325
4.325,5.24,1.38,3.0401,Tanauan,Philippines,1,373,LOUIS LEONE,8,11,13,New,2,2,Jon Stephens,2,2,0.6667,14.97,3,2005-07-30,225,277.54,2.2506,0.5345
4.3499,5.74,1.13,2.315,Plock,Poland,2,571,JOHNNIE CHISHOLM,8,9,8,Family,1,1,Mike Hillyer,1,1,0.5,17.98,2,2005-07-12,262,253.45,2.8141,0.378
4.3502,5.11,1.38,1.1693,Zhezqazghan,Kazakstan,1,573,BYRON BOX,8,11,6,Documentary,1,2,Jon Stephens,2,2,1.0,12.98,2,2005-07-10,317,229.09,1.8088,0.5345
4.3519,3.39,1.0,0.0,Lipetsk,Russian Federation,1,44,MARIE TURNER,5,5,10,Games,1,2,Jon Stephens,1,1,1.0,9.99,1,2005-07-08,422,194.08,1.5166,0.0
4.3593,4.74,1.25,1.299,Bilbays,Egypt,2,559,EVERETT BANDA,4,5,2,Animation,1,1,Mike Hillyer,2,2,1.0,12.98,2,2005-07-07,308,233.34,1.8908,0.5774
4.3757,4.59,1.2,1.6,Sucre,Bolivia,2,431,JOEL FRANCISCO,5,6,3,Children,1,2,Jon Stephens,2,0,0.0,15.98,2,2005-06-21,341,223.03,2.6035,0.5
4.3795,4.84,1.29,1.2372,Liepaja,Latvia,2,23,SARAH LEWIS,7,9,14,Sci-Fi,1,2,Jon Stephens,2,0,0.0,15.98,2,2005-07-30,370,212.3,2.5427,0.5774
4.3803,3.59,1.4,0.6,Gijn,Spain,2,394,CHRIS BROTHERS,5,7,6,Documentary,2,2,Jon Stephens,1,1,0.5,14.98,2,2005-08-18,396,203.21,2.6012,1.0
4.386,6.65,1.67,2.1082,Cuernavaca,Mexico,2,575,ISAAC OGLESBY,6,10,7,Drama,1,2,Jon Stephens,2,1,0.3333,22.97,3,2005-08-18,275,245.35,3.7209,0.6325
4.4045,4.86,1.25,3.6379,Ondo,Nigeria,1,156,BERTHA FERGUSON,8,10,11,Horror,1,1,Mike Hillyer,3,1,0.25,14.96,4,2005-08-22,204,290.32,2.2925,0.7559
4.4272,2.99,1.0,0.0,Jedda,Saudi Arabia,2,49,JOYCE EDWARDS,5,5,8,Family,1,2,Jon Stephens,1,0,0.0,9.99,1,2005-06-15,480,177.09,1.5811,0.0
4.4411,6.99,1.4,0.6,Haining,China,2,552,HUGH WALDROP,5,7,15,Sports,2,1,Mike Hillyer,1,1,0.5,13.98,2,2005-07-30,389,205.64,1.5748,1.0
4.464,5.24,1.25,3.0311,Boa Vista,Brazil,1,342,HAROLD MARTINO,4,5,5,Comedy,2,2,Jon Stephens,2,2,0.6667,19.97,3,2005-07-12,214,282.83,3.3003,0.5774
4.4985,6.81,2.0,1.5811,Botosani,Romania,2,230,JOY GEORGE,6,12,15,Sports,1,2,Jon Stephens,2,1,0.3333,17.97,3,2005-07-31,305,234.04,2.4801,0.6325
4.5087,3.7,1.14,2.0996,Linz,Austria,1,159,JILL HAWKINS,7,8,13,New,1,1,Mike Hillyer,2,0,0.0,12.98,2,2005-07-31,279,243.33,2.0576,0.4082
4.5119,4.65,1.33,2.6352,El Fuerte,Mexico,1,451,JIM REA,6,8,4,Classics,1,1,Mike Hillyer,2,1,0.3333,16.97,3,2005-07-08,240,266.2,2.7298,0.6325
4.5574,4.82,1.0,10.0,Pingxiang,China,2,169,ERICA MATTHEWS,6,6,2,Animation,1,2,Jon Stephens,2,0,0.0,14.98,2,2005-07-12,66,482.3,2.2286,0.0
4.5679,5.24,1.38,2.1497,Olomouc,Czech Republic,2,265,JENNIE TERRY,8,11,9,Foreign,1,2,Jon Stephens,2,1,0.3333,18.97,3,2005-08-21,261,253.87,3.0065,0.7559
4.5783,2.79,1.0,10.0,Peoria,United States,2,275,CAROLE BARNETT,5,5,10,Games,1,2,Jon Stephens,1,1,0.5,10.98,2,2005-07-08,65,493.13,1.7889,0.0
4.5806,5.49,1.17,1.8634,Ashgabat,Turkmenistan,2,200,JEANNE LAWSON,6,7,15,Sports,1,1,Mike Hillyer,2,2,1.0,16.98,2,2005-08-20,251,259.12,2.5088,0.4472
4.5887,7.48,1.75,1.8825,Belm,Brazil,1,362,NICHOLAS BARFIELD,8,14,13,New,1,1,Mike Hillyer,2,2,0.5,25.96,4,2005-08-21,266,250.02,4.0267,1.1952
4.6144,4.74,1.5,2.5981,Touliu,Taiwan,1,139,AMBER DIXON,4,6,7,Drama,1,2,Jon Stephens,2,2,0.6667,17.97,3,2005-07-09,228,275.85,2.8682,0.5774
4.6163,5.84,1.57,1.4286,Mannheim,Germany,1,196,ALMA AUSTIN,7,11,10,Games,2,1,Mike Hillyer,2,1,0.3333,22.97,3,2005-07-31,304,234.17,3.7105,1.0
4.6311,7.98,1.8,2.5403,Ruse,Bulgaria,1,540,TYRONE ASHER,5,9,6,Documentary,1,1,Mike Hillyer,2,2,0.5,24.96,4,2005-08-02,233,271.45,3.6661,0.866
4.655,3.82,1.5,2.7951,Shanwei,China,2,424,KYLE SPURLOCK,6,9,7,Drama,2,1,Mike Hillyer,2,2,0.5,14.96,4,2005-07-30,220,280.05,2.3935,0.8944
4.6568,8.39,1.4,5.0912,Citt del Vaticano,Holy See (Vatican City State),2,26,JESSICA HALL,5,7,6,Documentary,2,1,Mike Hillyer,4,4,0.8,20.95,5,2005-07-07,134,365.01,2.698,0.7071
4.685,4.86,1.5,1.9843,Adana,Turkey,2,327,LARRY THRASHER,8,12,5,Comedy,1,1,Mike Hillyer,2,2,0.6667,23.97,3,2005-08-23,250,260.26,4.079,0.7559
4.6974,6.43,1.33,7.3333,Omiya,Japan,2,404,STANLEY SCROGGINS,9,12,9,Foreign,2,2,Jon Stephens,5,0,0.0,27.95,5,2005-08-22,109,417.89,4.5811,0.5
4.7147,3.49,1.17,4.0995,Pjatigorsk,Russian Federation,2,487,HECTOR POINDEXTER,6,7,1,Action,1,2,Jon Stephens,2,1,0.3333,9.97,3,2005-07-29,171,318.24,1.3748,0.4472
4.7157,13.97,2.67,3.2998,San Bernardino,United States,1,2,PATRICIA JOHNSON,3,8,16,Travel,2,2,Jon Stephens,4,4,0.8,30.95,5,2005-07-30,176,313.62,3.6,0.7071
4.7201,4.54,1.56,0.4751,Kurashiki,Japan,2,34,REBECCA SCOTT,9,14,11,Horror,1,2,Jon Stephens,1,1,0.5,13.98,2,2005-08-21,368,213.06,1.9999,0.9354
4.7273,2.59,1.0,10.0,South Hill,Anguilla,2,381,BOBBY BOUDREAU,5,5,5,Comedy,1,1,Mike Hillyer,1,1,0.5,7.98,2,2005-06-18,62,499.09,1.1402,0.0
4.7305,4.65,1.33,5.7975,Isesaki,Japan,2,519,RON DELUCA,6,8,3,Children,1,2,Jon Stephens,3,2,0.4,23.95,5,2005-07-31,125,381.14,4.0792,0.6325
4.7361,5.15,1.67,4.8448,Ikerre,Nigeria,2,198,ELSIE KELLEY,6,10,8,Family,2,1,Mike Hillyer,4,4,0.6667,22.94,6,2005-08-17,141,358.12,3.7562,0.8944
4.7381,6.59,1.4,0.8485,Laohekou,China,1,422,MELVIN ELLINGTON,5,7,10,Games,1,1,Mike Hillyer,1,1,0.5,11.98,2,2005-08-19,334,224.98,1.1384,0.7071
4.7408,4.19,1.0,10.0,Purwakarta,Indonesia,1,524,JARED ELY,5,5,8,Family,1,1,Mike Hillyer,1,1,0.5,11.98,2,2005-07-11,60,499.63,1.6432,0.0
4.746,5.21,1.33,3.3333,Dos Quebradas,Colombia,2,120,SYLVIA ORTIZ,9,12,15,Sports,1,1,Mike Hillyer,2,2,0.6667,19.97,3,2005-08-21,188,303.17,3.1102,0.5
4.75,5.99,1.33,1.0541,Suihua,China,1,511,CHESTER BENNER,6,8,12,Music,1,1,Mike Hillyer,2,0,0.0,11.98,2,2005-08-21,344,221.62,1.2618,0.6325
4.7566,4.16,1.17,6.3355,Daugavpils,Latvia,2,347,RYAN SALISBURY,6,7,4,Classics,1,2,Jon Stephens,3,1,0.25,15.96,4,2005-07-28,122,385.33,2.4818,0.4472
4.7578,4.99,1.0,10.0,Juazeiro do Norte,Brazil,1,47,FRANCES PARKER,6,6,1,Action,1,2,Jon Stephens,2,2,0.6667,14.97,3,2005-07-11,58,503.65,2.0976,0.0
4.7777,3.79,1.0,10.0,Halisahar,India,2,259,LENA JENSEN,5,5,15,Sports,1,2,Jon Stephens,1,1,0.5,12.98,2,2005-07-28,59,501.11,1.9235,0.0
4.7938,3.99,1.4,0.8485,Lubumbashi,"Congo, The Democratic Republic of the",2,387,JESSE SCHILLING,5,7,16,Travel,1,2,Jon Stephens,1,1,0.5,12.98,2,2005-07-12,326,227.21,1.8762,0.7071
4.8,2.99,1.0,10.0,Huaian,China,2,384,ERNEST STEPP,5,5,15,Sports,2,1,Mike Hillyer,2,2,0.6667,11.97,3,2005-08-22,56,505.33,1.8708,0.0
4.8034,4.98,1.78,1.4113,Changhwa,Taiwan,2,75,TAMMY SANDERS,9,16,5,Comedy,1,2,Jon Stephens,3,0,0.0,15.97,3,2005-07-30,302,234.48,2.2875,0.866
4.8088,4.16,1.0,10.0,Kaliningrad,Russian Federation,2,301,ROBERT BAUGHMAN,6,6,6,Documentary,1,1,Mike Hillyer,2,2,1.0,12.98,2,2005-08-22,53,512.35,1.8348,0.0
4.8202,4.15,1.33,1.0541,Johannesburg,South Africa,1,471,DEAN SAUER,6,8,12,Music,1,1,Mike Hillyer,2,0,0.0,13.98,2,2005-08-20,336,224.43,2.0386,0.6325
4.8209,2.32,1.17,1.8634,Laredo,United States,2,6,JENNIFER DAVIS,6,7,13,New,1,1,Mike Hillyer,1,1,0.5,13.98,2,2005-07-11,253,258.74,2.4183,0.4472
4.8477,3.56,1.0,10.0,Emeishan,China,1,389,ALAN KAHN,7,7,8,Family,1,1,Mike Hillyer,1,1,0.5,13.98,2,2005-07-28,57,503.91,2.1492,0.0
4.8481,4.99,1.13,4.9608,Gatineau,Canada,1,476,DERRICK BOURQUE,8,9,8,Family,1,1,Mike Hillyer,3,0,0.0,21.97,3,2005-08-01,155,342.75,3.5027,0.378
4.8508,4.16,1.0,10.0,Allappuzha (Alleppey),India,1,175,ANNETTE OLSON,6,6,10,Games,1,1,Mike Hillyer,4,0,0.0,16.96,4,2005-07-29,64,494.03,2.6394,0.0
4.8551,5.13,1.43,2.7218,Atlixco,Mexico,2,84,SARA PERRY,7,10,9,Foreign,1,2,Jon Stephens,2,1,0.3333,18.97,3,2005-07-11,216,282.52,2.8509,0.5774
4.8578,4.59,1.0,10.0,Rustenburg,South Africa,1,407,DALE RATCLIFF,5,5,7,Drama,1,1,Mike Hillyer,3,1,0.25,22.96,4,2005-07-28,61,499.31,3.7815,0.0
4.866,4.79,1.4,2.7713,A Corua (La Corua),Spain,1,52,JULIE SANCHEZ,10,14,12,Music,1,2,Jon Stephens,2,2,0.6667,15.97,3,2005-08-22,203,291.11,2.2984,0.5774
4.8682,8.38,2.0,4.2426,Fengshan,Taiwan,2,576,MORRIS MCCARTER,5,10,2,Animation,1,2,Jon Stephens,3,2,0.4,21.95,5,2005-07-31,159,340.01,2.7875,0.7071
4.9082,4.19,1.0,10.0,Hidalgo,Mexico,2,150,DANIELLE DANIELS,5,5,14,Sci-Fi,1,2,Jon Stephens,3,0,0.0,12.97,3,2005-08-18,63,496.33,1.7889,0.0
4.9108,3.79,1.2,1.6,Aparecida de Goinia,Brazil,1,216,NATALIE MEYER,5,6,16,Travel,1,2,Jon Stephens,1,1,0.5,14.98,2,2005-07-11,260,254.43,2.279,0.5
4.9138,2.19,1.0,10.0,Oyo,Nigeria,2,250,JO FOWLER,5,5,11,Horror,1,1,Mike Hillyer,1,1,0.5,10.98,2,2005-08-21,55,506.55,1.7889,0.0
4.9143,4.99,1.25,1.299,Tabora,Tanzania,2,190,YOLANDA WEAVER,4,5,11,Horror,1,2,Jon Stephens,1,1,0.5,8.98,2,2005-07-07,273,245.54,0.8124,0.5774
4.9291,5.1,1.44,4.1732,Greensboro,United States,1,158,VERONICA STONE,9,13,3,Children,1,1,Mike Hillyer,3,1,0.25,15.96,4,2005-08-02,165,327.36,2.2039,0.6124
4.9294,4.7,1.14,4.5491,Nabereznyje Telny,Russian Federation,1,447,CLIFFORD BOWENS,7,8,1,Action,1,2,Jon Stephens,2,2,0.6667,17.97,3,2005-07-30,151,346.98,2.6914,0.4082
4.9313,5.49,1.33,2.6352,Blumenau,Brazil,1,206,TERRI VASQUEZ,6,8,3,Children,1,2,Jon Stephens,2,2,0.6667,18.97,3,2005-08-19,206,289.64,2.7342,0.6325
4.9322,7.99,1.4,2.2627,Fuyu,China,1,211,STACEY MONTGOMERY,5,7,14,Sci-Fi,1,2,Jon Stephens,2,2,0.6667,14.97,3,2005-07-10,224,278.51,1.416,0.7071
4.9687,7.61,1.5,4.6301,Santa Rosa,Philippines,2,522,ARNOLD HAVENS,8,12,4,Classics,1,1,Mike Hillyer,4,4,0.8,29.95,5,2005-07-30,135,363.65,4.4961,0.7559
4.9859,4.73,1.75,1.25,Laiwu,China,2,151,MEGAN PALMER,4,7,1,Action,1,1,Mike Hillyer,3,3,1.0,10.97,3,2005-07-31,257,256.93,1.251,1.0
5.0221,5.61,1.75,2.4303,Botshabelo,South Africa,2,132,ESTHER CRAWFORD,8,14,4,Classics,2,1,Mike Hillyer,2,2,0.5,22.96,4,2005-08-01,211,283.79,3.4552,0.9258
5.0438,7.98,1.75,2.25,Cuauhtmoc,Mexico,2,467,ALVIN DELOACH,4,7,11,Horror,1,1,Mike Hillyer,2,2,0.5,20.96,4,2005-07-28,222,279.25,2.573,1.0
5.0462,4.41,1.43,0.6999,Garden Grove,United States,2,593,RENE MCALISTER,7,10,1,Action,1,1,Mike Hillyer,1,1,0.5,13.98,2,2005-07-30,309,232.84,1.8956,0.8165
5.0581,8.38,2.2,0.6047,Tiefa,China,1,302,MICHAEL SILVERMAN,5,11,1,Action,1,1,Mike Hillyer,2,1,0.3333,19.97,3,2005-07-30,327,227.13,2.2918,1.3229
5.0604,4.61,1.38,3.0401,Kisumu,Kenya,2,193,KATIE ELLIOTT,8,11,8,Family,1,2,Jon Stephens,2,1,0.3333,16.97,3,2005-08-22,192,300.28,2.4423,0.5345
5.0906,6.48,1.83,1.5062,Lapu-Lapu,Philippines,2,244,VIOLA HANSON,6,11,5,Comedy,1,1,Mike Hillyer,2,2,0.6667,15.97,3,2005-07-31,246,262.14,1.8639,0.7746
5.1348,2.59,1.0,10.0,Benin City,Nigeria,1,284,SONIA GREGORY,5,5,5,Comedy,1,1,Mike Hillyer,1,1,0.5,15.98,2,2005-07-08,52,515.39,2.6077,0.0
5.1374,3.79,1.0,10.0,Chiayi,Taiwan,2,73,BEVERLY BROOKS,5,5,8,Family,1,1,Mike Hillyer,2,2,1.0,12.98,2,2005-07-12,47,525.49,1.7889,0.0
5.1666,6.19,1.4,2.2627,Celaya,Mexico,1,587,SERGIO STANFIELD,5,7,12,Music,1,2,Jon Stephens,3,3,1.0,17.97,3,2005-07-31,199,294.55,2.2808,0.7071
5.248,5.84,1.43,3.1493,Shimonoseki,Japan,2,29,ANGELA HERNANDEZ,7,10,7,Drama,1,2,Jon Stephens,2,2,0.5,21.96,4,2005-08-18,175,314.4,3.0711,0.8165
5.2816,4.99,1.14,9.448,Touliu,Taiwan,1,139,AMBER DIXON,7,8,11,Horror,1,1,Mike Hillyer,4,1,0.2,21.95,5,2005-08-22,54,508.7,3.2114,0.4082
5.2924,4.13,1.29,0.8748,Jaipur,India,1,60,MILDRED BAILEY,7,9,14,Sci-Fi,1,1,Mike Hillyer,2,0,0.0,13.98,2,2005-08-02,293,237.94,1.8611,0.8165
5.3081,6.49,1.5,4.3301,Funafuti,Tuvalu,1,105,DAWN SULLIVAN,4,6,12,Music,1,2,Jon Stephens,4,4,1.0,22.96,4,2005-07-30,136,362.23,3.1038,0.5774
5.3227,4.82,1.17,4.0995,Ruse,Bulgaria,1,540,TYRONE ASHER,6,7,2,Animation,1,2,Jon Stephens,2,2,0.6667,13.97,3,2005-07-11,147,349.23,1.7187,0.4472
5.3573,4.16,1.17,1.8634,Caracas,Venezuela,1,111,CARMEN OWENS,6,7,11,Horror,1,2,Jon Stephens,1,1,0.5,13.98,2,2005-07-06,219,280.19,1.8339,0.4472
5.3666,3.49,1.0,10.0,Roanoke,United States,1,291,TONI HOLT,6,6,4,Classics,1,2,Jon Stephens,1,1,0.5,7.98,2,2005-07-12,49,524.66,0.8367,0.0
5.4123,6.42,1.14,4.5491,Simferopol,Ukraine,1,82,KATHRYN COLEMAN,7,8,1,Action,1,1,Mike Hillyer,2,1,0.3333,19.97,3,2005-07-30,139,359.63,2.5041,0.4082
5.4214,6.74,1.25,1.299,Zhoushan,China,2,550,GUY BROWNLEE,4,5,2,Animation,1,1,Mike Hillyer,1,1,0.5,20.98,2,2005-06-21,241,265.83,2.6271,0.5774
5.4772,3.99,1.0,0.0,Sincelejo,Colombia,1,87,WANDA PATTERSON,6,6,10,Games,1,2,Jon Stephens,1,1,1.0,9.99,1,2005-06-20,289,239.09,1.0954,0.0
5.4776,4.74,1.5,2.5981,Poos de Caldas,Brazil,2,254,MAXINE SILVA,4,6,1,Action,1,2,Jon Stephens,2,1,0.3333,9.97,3,2005-07-09,187,303.71,0.9557,0.5774
5.4952,5.32,1.17,-0.3727,Clarksville,United States,1,140,EVA RAMOS,6,7,5,Comedy,1,2,Jon Stephens,1,1,1.0,10.99,1,2005-08-19,288,239.81,1.0315,0.4472
5.5096,5.1,1.33,3.3333,Imus,Philippines,2,349,JOE GILLILAND,9,12,12,Music,1,2,Jon Stephens,2,1,0.3333,18.97,3,2005-08-02,166,327.05,2.5178,0.5
5.5143,3.65,1.33,1.3333,Escobar,Argentina,1,445,MICHEAL FORMAN,9,12,15,Sports,1,2,Jon Stephens,1,1,0.5,17.98,2,2005-08-02,234,270.57,2.5981,0.5
5.5183,4.59,1.0,10.0,Hsichuh,Taiwan,2,348,ROGER QUINTANILLA,5,5,2,Animation,1,2,Jon Stephens,2,2,0.5,20.96,4,2005-07-08,44,530.73,2.9665,0.0
5.5218,5.99,1.33,1.0541,Merlo,Argentina,1,107,FLORENCE WOODS,6,8,5,Comedy,1,1,Mike Hillyer,1,1,0.5,12.98,2,2005-07-27,245,262.49,1.2665,0.6325
5.5262,6.32,1.33,2.6352,Sunnyvale,United States,1,214,KRISTIN JOHNSTON,6,8,7,Drama,1,2,Jon Stephens,2,2,0.6667,15.97,3,2005-08-19,177,313.44,1.7462,0.6325
5.5451,6.59,1.4,2.2627,Bern,Switzerland,1,155,GAIL KNIGHT,5,7,2,Animation,1,1,Mike Hillyer,2,1,0.3333,14.97,3,2005-08-21,196,296.35,1.512,0.7071
5.5804,5.59,1.3,2.9445,Usak,Turkey,1,204,ROSEMARY SCHMIDT,10,13,1,Action,2,1,Mike Hillyer,2,1,0.3333,17.97,3,2005-08-22,172,318.22,2.219,0.5774
5.5808,6.15,1.5,0.7906,Sagamihara,Japan,2,11,LISA ANDERSON,6,9,7,Drama,1,1,Mike Hillyer,1,1,0.5,16.98,2,2005-07-30,256,256.95,1.9403,0.6325
5.6268,4.09,1.0,10.0,Vitria de Santo Anto,Brazil,2,374,JEREMY HURTADO,10,10,14,Sci-Fi,1,2,Jon Stephens,3,1,0.25,20.96,4,2005-08-22,45,530.07,2.9981,0.0
5.6382,2.99,1.17,4.0995,Surakarta,Indonesia,1,450,JAY ROBB,6,7,7,Drama,1,1,Mike Hillyer,2,1,0.3333,10.97,3,2005-08-20,145,355.18,1.4156,0.4472
5.6495,6.99,1.17,4.0995,Nam Dinh,Vietnam,1,472,GREG ROBINS,6,7,6,Documentary,1,1,Mike Hillyer,2,1,0.3333,14.97,3,2005-08-21,144,355.63,1.4128,0.4472
5.6498,2.99,1.0,10.0,Amroha,India,1,534,CHRISTIAN JUNG,5,5,13,New,1,1,Mike Hillyer,1,1,0.5,10.98,2,2005-07-30,43,535.99,1.4142,0.0
5.6646,7.49,1.25,4.7631,Usolje-Sibirskoje,Russian Federation,2,462,WARREN SHERROD,4,5,2,Animation,2,1,Mike Hillyer,4,4,1.0,20.96,4,2005-07-12,120,389.48,2.3784,0.5774
5.677,5.99,1.43,1.9246,Ivanovo,Russian Federation,1,106,CONNIE WALLACE,7,10,13,New,1,1,Mike Hillyer,2,1,0.3333,20.97,3,2005-08-01,200,291.49,2.6395,0.8165
5.687,3.99,1.2,1.6,Araatuba,Brazil,2,77,JANE BENNETT,5,6,10,Games,1,2,Jon Stephens,1,1,0.5,12.98,2,2005-06-18,207,285.48,1.5811,0.5
5.69,5.24,1.25,3.0311,al-Ayn,United Arab Emirates,1,98,LILLIAN GRIFFIN,4,5,8,Family,1,2,Jon Stephens,2,2,0.6667,16.97,3,2005-07-29,163,331.87,2.062,0.5774
5.6908,2.79,1.0,10.0,Bandar Seri Begawan,Brunei,2,91,LOIS BUTLER,5,5,7,Drama,1,1,Mike Hillyer,2,2,0.6667,12.97,3,2005-07-07,41,540.97,1.7889,0.0
5.6926,7.84,1.57,5.9385,Bijapur,India,1,468,TIM CARY,7,11,6,Documentary,1,1,Mike Hillyer,3,2,0.4,32.95,5,2005-08-21,105,423.86,4.4107,0.5774
5.7,3.66,1.0,10.0,Lengshuijiang,China,1,267,MARGIE WADE,6,6,8,Family,1,2,Jon Stephens,2,2,0.6667,15.97,3,2005-07-30,40,541.33,2.1602,0.0
5.7039,3.15,1.33,1.0541,Izumisano,Japan,1,391,CLARENCE GAMEZ,6,8,6,Documentary,2,2,Jon Stephens,1,1,0.5,12.98,2,2005-07-10,235,269.78,1.7228,0.6325
5.7095,3.24,1.25,1.299,Ezhou,China,2,313,DONALD MAHON,4,5,13,New,1,1,Mike Hillyer,1,1,0.5,12.98,2,2005-06-19,226,277.35,1.7064,0.5774
5.7097,5.78,1.8,2.5403,Poos de Caldas,Brazil,2,254,MAXINE SILVA,5,9,10,Games,2,1,Mike Hillyer,3,3,0.75,19.96,4,2005-07-10,170,319.6,2.4832,0.866
5.7191,4.98,1.56,1.8271,Santo Andr,Brazil,2,354,JUSTIN NGO,9,14,10,Games,1,2,Jon Stephens,2,1,0.3333,18.97,3,2005-07-29,205,290.24,2.4454,0.7906
5.7216,8.65,1.67,1.8856,Naala-Porto,Mozambique,1,433,DON BONE,3,5,10,Games,2,1,Mike Hillyer,3,0,0.0,11.97,3,2005-07-12,208,285.43,0.5803,0.7071
5.7251,4.39,1.0,10.0,Ogbomosho,Nigeria,2,277,OLGA JIMENEZ,5,5,5,Comedy,1,1,Mike Hillyer,2,2,0.6667,13.97,3,2005-06-21,39,542.34,1.6733,0.0
5.7564,5.16,1.17,6.3355,Tabriz,Iran,2,279,DIANNE SHELTON,6,7,5,Comedy,1,1,Mike Hillyer,3,3,0.75,18.96,4,2005-08-19,98,435.32,2.3982,0.4472
5.7589,5.23,1.75,3.8971,Uruapan,Mexico,2,454,ALEX GRESHAM,4,7,15,Sports,2,2,Jon Stephens,3,1,0.25,27.96,4,2005-08-20,146,352.27,3.9465,0.5774
5.8345,6.56,1.57,4.2064,Zhezqazghan,Kazakstan,1,573,BYRON BOX,7,11,11,Horror,2,2,Jon Stephens,4,4,1.0,24.96,4,2005-07-31,126,379.57,3.1544,0.5774
5.8435,4.24,1.25,1.299,Ede,Netherlands,1,341,PETER MENARD,4,5,13,New,1,1,Mike Hillyer,2,0,0.0,12.98,2,2005-07-29,232,272.71,1.4961,0.5774
5.8624,5.32,1.5,1.1859,Mwene-Ditu,"Congo, The Democratic Republic of the",2,375,AARON SELBY,6,9,10,Games,1,1,Mike Hillyer,2,2,0.6667,18.97,3,2005-08-02,212,283.4,2.3287,1.2649
5.9108,4.82,1.0,10.0,Nha Trang,Vietnam,2,520,MITCHELL WESTMORELAND,6,6,8,Family,1,1,Mike Hillyer,2,2,0.6667,19.97,3,2005-07-10,36,549.77,2.5626,0.0
5.9655,3.7,1.29,2.9692,Rae Bareli,India,1,78,LORI WOOD,7,9,3,Children,1,2,Jon Stephens,2,2,0.6667,15.97,3,2005-07-28,157,341.03,2.0566,0.5774
5.9723,3.74,1.25,4.7631,Mwanza,Tanzania,1,481,HERMAN DEVORE,4,5,3,Children,2,1,Mike Hillyer,4,0,0.0,16.96,4,2005-07-08,123,381.79,2.214,0.5774
5.9771,4.74,1.13,4.9608,Sterling Heights,United States,1,146,JAMIE RICE,8,9,5,Comedy,2,1,Mike Hillyer,2,1,0.3333,19.97,3,2005-07-11,116,394.58,2.5483,0.378
6.0,5.61,1.25,7.0156,Santiago de los Caballeros,Dominican Republic,1,258,MYRTLE FLEMING,8,10,8,Family,3,2,Jon Stephens,3,3,0.6,20.95,5,2005-08-01,71,472.47,2.5562,0.5345
6.0086,3.99,1.0,10.0,Mahajanga,Madagascar,1,81,ANDREA HENDERSON,7,7,14,Sci-Fi,1,1,Mike Hillyer,2,1,0.3333,16.97,3,2005-08-21,37,547.01,2.1602,0.0
6.0299,7.98,2.0,0.0,Cuman,Venezuela,2,113,CINDY FISHER,3,6,3,Children,1,2,Jon Stephens,1,1,0.5,13.98,2,2005-08-17,265,251.2,0.995,1.0
6.0484,3.27,1.29,-0.4949,Valle de Santiago,Mexico,1,288,BOBBIE CRAIG,7,9,7,Drama,1,1,Mike Hillyer,1,0,0.0,9.99,1,2005-08-02,282,241.94,1.1106,0.5774
6.0579,9.27,2.0,2.4495,Kuwana,Japan,2,531,JAMIE WAUGH,7,14,13,New,1,1,Mike Hillyer,2,2,0.5,26.96,4,2005-08-02,167,325.8,2.9209,0.8165
6.0683,7.15,1.67,6.8516,Nakhon Sawan,Thailand,1,390,SHAWN HEATON,6,10,12,Music,2,2,Jon Stephens,4,4,0.6667,27.94,6,2005-08-20,73,471.62,3.426,0.6325
6.0774,3.66,1.0,10.0,Toulon,France,1,104,RITA GRAHAM,6,6,9,Foreign,2,1,Mike Hillyer,4,0,0.0,11.96,4,2005-08-19,38,543.1,1.3663,0.0
6.1455,4.82,1.17,4.0995,Xinxiang,China,2,339,WALTER PERRYMAN,6,7,11,Horror,1,2,Jon Stephens,2,1,0.3333,12.97,3,2005-08-17,129,375.47,1.3259,0.4472
6.1545,4.74,1.5,4.3301,Emmen,Netherlands,2,474,DUSTIN GILLETTE,4,6,5,Comedy,2,1,Mike Hillyer,3,3,0.75,13.96,4,2005-08-18,118,391.08,1.4989,0.5774
6.1583,3.24,1.13,2.315,Serpuhov,Russian Federation,2,567,ALFREDO MCADAMS,8,9,2,Animation,1,1,Mike Hillyer,2,2,1.0,14.98,2,2005-07-30,161,335.78,1.9066,0.378
6.1759,5.49,1.5,1.5,Tabriz,Iran,2,279,DIANNE SHELTON,4,6,5,Comedy,1,1,Mike Hillyer,2,2,0.6667,20.97,3,2005-07-09,185,305.37,2.5073,1.0
6.1812,4.49,1.33,1.0541,Surakarta,Indonesia,1,450,JAY ROBB,6,8,9,Foreign,1,1,Mike Hillyer,2,0,0.0,12.98,2,2005-07-11,223,278.87,1.3741,0.6325
6.2196,2.99,1.33,1.8634,Bhimavaram,India,2,529,ERIK GUILLEN,6,8,4,Classics,1,2,Jon Stephens,2,1,0.3333,20.97,3,2005-07-12,178,311.35,2.8914,0.8944
6.2254,4.32,1.0,10.0,Qinhuangdao,China,1,242,GLENDA FRAZIER,9,9,1,Action,1,2,Jon Stephens,3,3,1.0,15.97,3,2005-08-01,33,569.02,1.8708,0.0
6.2624,3.79,1.2,1.6,Antofagasta,Chile,1,45,JANET PHILLIPS,5,6,12,Music,1,1,Mike Hillyer,2,0,0.0,14.98,2,2005-07-09,193,298.49,1.7872,0.5
6.2709,4.65,1.5,2.3717,Nha Trang,Vietnam,2,520,MITCHELL WESTMORELAND,6,9,6,Documentary,1,1,Mike Hillyer,3,3,1.0,16.97,3,2005-08-18,156,341.99,1.9644,0.6325
6.3142,3.13,1.14,4.5491,Witten,Germany,1,201,VICKI FIELDS,7,8,11,Horror,1,2,Jon Stephens,3,3,1.0,16.97,3,2005-08-20,112,409.04,2.1917,0.4082
6.3387,5.21,1.56,2.3046,Peoria,United States,2,275,CAROLE BARNETT,9,14,10,Games,2,2,Jon Stephens,2,2,0.5,19.96,4,2005-08-21,162,332.69,2.3275,1.0607
6.3619,3.59,1.2,3.6,Lubumbashi,"Congo, The Democratic Republic of the",2,387,JESSE SCHILLING,5,6,6,Documentary,1,1,Mike Hillyer,2,2,0.6667,15.97,3,2005-08-19,128,375.81,1.9463,0.5
6.3753,5.58,1.6,3.2199,Tangail,Bangladesh,1,21,MICHELLE CLARK,10,16,6,Documentary,2,1,Mike Hillyer,3,1,0.25,32.96,4,2005-08-20,142,356.61,4.2941,0.7454
6.3988,6.65,1.22,5.5556,Kragujevac,Yugoslavia,1,7,MARIA MILLER,9,11,2,Animation,2,2,Jon Stephens,2,2,0.5,22.96,4,2005-08-01,102,432.62,2.5482,0.5
6.424,5.99,1.2,5.6,Lengshuijiang,China,1,267,MARGIE WADE,5,6,14,Sci-Fi,1,2,Jon Stephens,3,3,0.75,22.96,4,2005-06-19,96,439.96,2.642,0.5
6.4314,4.32,1.0,10.0,Salzburg,Austria,2,266,NORA HERRERA,6,6,1,Action,1,2,Jon Stephens,2,1,0.3333,16.97,3,2005-08-02,34,563.92,1.9664,0.0
6.5378,5.98,1.75,2.1651,Tanshui,Taiwan,2,577,CLIFTON MALCOLM,4,7,8,Family,1,1,Mike Hillyer,2,2,0.6667,21.97,3,2005-07-28,160,339.8,2.4454,0.5774
6.598,7.49,1.25,1.299,Mexicali,Mexico,1,343,DOUGLAS GRAF,4,5,5,Comedy,1,2,Jon Stephens,2,2,1.0,15.98,2,2005-07-28,168,322.89,1.2871,0.5774
6.6993,3.99,1.0,10.0,Tuguegarao,Philippines,1,261,DEANNA BYRD,5,5,6,Documentary,1,2,Jon Stephens,2,2,0.6667,18.97,3,2005-06-17,29,581.3,2.2361,0.0
6.7192,4.86,1.13,4.9608,Nam Dinh,Vietnam,1,472,GREG ROBINS,8,9,5,Comedy,2,1,Mike Hillyer,2,1,0.3333,18.97,3,2005-07-11,104,424.26,2.0994,0.378
6.7737,7.65,1.67,3.2998,Jalib al-Shuyukh,Kuwait,1,234,CLAUDIA FULLER,3,5,15,Sports,1,1,Mike Hillyer,3,1,0.25,17.96,4,2005-08-02,130,374.94,1.5221,0.7071
6.7857,4.49,1.0,10.0,Lipetsk,Russian Federation,1,44,MARIE TURNER,6,6,2,Animation,1,1,Mike Hillyer,2,2,0.5,24.96,4,2005-07-10,28,581.43,3.0166,0.0
6.8114,4.59,1.2,3.6,Korolev,Russian Federation,1,393,PHILIP CAUSEY,5,6,9,Foreign,1,2,Jon Stephens,3,3,1.0,22.97,3,2005-07-08,114,400.46,2.6987,0.5
6.8411,2.99,1.0,10.0,Tegal,Indonesia,1,458,LLOYD DOWD,6,6,12,Music,1,1,Mike Hillyer,2,1,0.3333,15.97,3,2005-07-12,30,580.31,1.8974,0.0
6.8429,4.42,1.0,10.0,Idfu,Egypt,2,233,LILLIE KIM,7,7,8,Family,1,1,Mike Hillyer,1,1,0.5,13.98,2,2005-07-27,27,583.72,1.3973,0.0
6.8757,3.24,1.25,3.0311,Ikerre,Nigeria,2,198,ELSIE KELLEY,4,5,6,Documentary,1,2,Jon Stephens,2,1,0.3333,14.97,3,2005-07-12,132,372.63,1.7064,0.5774
7.0318,3.98,1.67,0.4714,Addis Abeba,Ethiopia,2,392,SEAN DOUGLASS,3,5,7,Drama,1,2,Jon Stephens,1,1,0.5,10.98,2,2005-07-29,184,305.41,0.995,0.7071
7.0793,2.99,1.17,1.8634,Kumbakonam,India,1,271,PENNY NEAL,6,7,15,Sports,1,2,Jon Stephens,1,1,0.5,12.98,2,2005-07-31,148,349.07,1.4114,0.4472
7.0917,4.99,1.13,4.9608,Sogamoso,Colombia,1,490,SAM MCDUFFIE,8,9,1,Action,1,2,Jon Stephens,2,2,0.6667,16.97,3,2005-07-12,87,445.83,1.6895,0.378
7.1219,4.59,1.4,0.8485,Ipoh,Malaysia,2,171,DOLORES WAGNER,5,7,10,Games,1,2,Jon Stephens,2,0,0.0,10.98,2,2005-07-30,181,310.33,0.8978,0.7071
7.1875,4.74,1.13,4.9608,Cayenne,French Guiana,2,65,ROSE HOWARD,8,9,12,Music,1,2,Jon Stephens,2,1,0.3333,19.97,3,2005-08-02,91,442.99,2.1191,0.378
7.2757,7.98,2.0,0.0,Changzhou,China,2,197,SUE PETERS,4,8,8,Family,1,1,Mike Hillyer,1,1,0.5,13.98,2,2005-07-08,190,301.03,0.8247,0.8165
7.2938,2.99,1.0,10.0,Iwaki,Japan,1,240,MARLENE WELCH,6,6,13,New,2,1,Mike Hillyer,2,1,0.3333,18.97,3,2005-07-27,25,598.42,2.1909,0.0
7.2979,5.32,1.11,8.171,Firozabad,India,1,192,LAURIE LAWRENCE,9,10,11,Horror,2,2,Jon Stephens,3,3,0.75,24.96,4,2005-08-21,35,552.05,2.6909,0.3536
7.3462,3.16,1.0,10.0,Vitria de Santo Anto,Brazil,2,374,JEREMY HURTADO,6,6,8,Family,2,2,Jon Stephens,2,1,0.3333,13.97,3,2005-07-10,24,600.51,1.472,0.0
7.4125,3.79,1.0,10.0,Coquimbo,Chile,1,515,ANDRE RAPP,5,5,7,Drama,1,2,Jon Stephens,2,2,0.6667,15.97,3,2005-08-17,23,609.83,1.6432,0.0
7.4974,3.99,1.14,6.9985,Sullana,Peru,1,597,FREDDIE DUGGAN,7,8,16,Travel,2,2,Jon Stephens,3,3,0.75,16.96,4,2005-08-02,48,524.85,1.7301,0.4082
7.5388,2.79,1.2,1.6,Huaian,China,2,384,ERNEST STEPP,5,6,10,Games,1,1,Mike Hillyer,1,1,0.5,13.98,2,2005-06-18,140,359.55,1.4846,0.5
7.6943,4.27,1.29,3.3243,Citt del Vaticano,Holy See (Vatican City State),2,26,JESSICA HALL,7,9,1,Action,2,2,Jon Stephens,3,1,0.25,23.96,4,2005-08-21,111,412.5,2.5587,0.8165
7.757,4.49,1.0,10.0,Nyeri,Kenya,2,363,ROY WHITING,6,6,9,Foreign,1,1,Mike Hillyer,1,1,0.5,10.98,2,2005-07-10,21,620.28,0.8367,0.0
7.7807,7.98,2.0,2.4495,Etawah,India,1,121,JOSEPHINE GOMEZ,7,14,3,Children,1,1,Mike Hillyer,3,1,0.25,25.96,4,2005-08-21,119,389.71,2.3109,0.8165
8.1377,5.19,1.4,0.8485,Tabuk,Saudi Arabia,2,312,MARK RINEHART,5,7,1,Action,1,1,Mike Hillyer,2,2,1.0,11.98,2,2005-07-29,133,370.96,0.8349,0.7071
8.1945,2.99,1.17,1.8634,Crdoba,Argentina,2,24,KIMBERLY LEE,6,7,2,Animation,1,2,Jon Stephens,1,1,0.5,11.98,2,2005-08-18,117,393.68,1.0973,0.4472
8.3738,4.74,1.25,3.0311,Chapra,India,1,509,RAUL FORTIER,4,5,14,Sci-Fi,1,1,Mike Hillyer,3,0,0.0,21.97,3,2005-07-28,103,425.88,2.0579,0.5774
8.3818,6.32,1.0,10.0,Talavera,Philippines,1,505,RAFAEL ABNEY,6,6,14,Sci-Fi,1,2,Jon Stephens,2,2,1.0,14.98,2,2005-07-11,19,655.27,1.0328,0.0
8.5937,2.59,1.0,10.0,Cuman,Venezuela,2,113,CINDY FISHER,5,5,6,Documentary,2,1,Mike Hillyer,2,2,0.6667,16.97,3,2005-06-20,17,657.08,1.6733,0.0
8.5937,3.79,1.0,10.0,Yinchuan,China,1,484,ROBERTO VU,5,5,11,Horror,1,1,Mike Hillyer,2,0,0.0,10.98,2,2005-06-17,20,643.75,0.8367,0.0
8.6476,6.85,1.14,6.9985,Maikop,Russian Federation,1,346,ARTHUR SIMPKINS,7,8,1,Action,1,2,Jon Stephens,3,3,0.75,22.96,4,2005-07-29,32,570.86,1.8634,0.4082
8.8006,3.49,1.33,2.6352,Sanya,China,1,546,KELLY KNOTT,6,8,2,Animation,1,2,Jon Stephens,2,2,0.6667,19.97,3,2005-07-12,88,444.42,1.873,0.6325
8.9061,3.49,1.33,2.6352,Salala,Oman,1,498,GENE SANBORN,6,8,6,Documentary,1,1,Mike Hillyer,3,0,0.0,16.97,3,2005-07-27,99,435.3,1.5139,0.6325
8.98,3.99,1.0,10.0,Nantou,Taiwan,1,5,ELIZABETH BROWN,7,7,8,Family,1,2,Jon Stephens,2,2,0.6667,12.97,3,2005-07-09,16,672.53,1.0,0.0
9.134,3.74,1.25,4.7631,Charlotte Amalie,"Virgin Islands, U.S.",1,406,NATHAN RUNYON,4,5,5,Comedy,1,2,Jon Stephens,2,2,0.5,23.96,4,2005-07-27,51,518.25,2.214,0.5774
9.3372,5.99,1.38,6.7818,Ilorin,Nigeria,1,103,GLADYS HAMILTON,8,11,11,Horror,2,1,Mike Hillyer,3,2,0.4,25.95,5,2005-08-23,26,594.94,2.1381,0.5345
9.3799,2.82,1.0,10.0,Manchester,United States,2,382,VICTOR BARKLEY,6,6,6,Documentary,2,1,Mike Hillyer,3,3,1.0,21.97,3,2005-07-30,15,695.2,2.0412,0.0
9.7595,4.56,1.14,6.9985,Bayugan,Philippines,1,188,MELANIE ARMSTRONG,7,8,11,Horror,1,2,Jon Stephens,3,3,0.75,16.96,4,2005-08-01,22,615.34,1.2706,0.4082
9.7889,1.79,1.0,10.0,Grand Prairie,United States,1,118,KIM CRUZ,5,5,6,Documentary,1,1,Mike Hillyer,1,1,0.5,9.98,2,2005-07-28,14,701.56,0.8367,0.0
9.7976,5.78,2.2,2.0785,Liaocheng,China,1,129,CARRIE PORTER,5,11,3,Children,1,1,Mike Hillyer,2,2,0.5,26.96,4,2005-07-31,76,464.26,2.162,0.866
9.8305,5.18,2.0,2.0,Cavite,Philippines,2,388,CRAIG MORRELL,5,10,10,Games,1,2,Jon Stephens,3,1,0.25,17.96,4,2005-08-18,80,458.22,1.3,1.0
9.8712,3.99,1.0,10.0,Uijongbu,South Korea,1,245,COURTNEY DAY,5,5,3,Children,1,2,Jon Stephens,3,3,0.6,17.95,5,2005-07-27,13,716.85,1.4142,0.0
9.9819,1.99,1.2,3.6,Mogiljov,Belarus,1,527,CORY MEEHAN,5,6,15,Sports,1,2,Jon Stephens,2,2,0.6667,11.97,3,2005-07-11,50,520.61,1.0,0.5
