country_id,store_id,customer_id,staff_id,month,monthly_amount,payment_count,prev_month_amount,deviation_from_prev_month,country_avg_monthly_amount,deviation_from_country_avg,ratio_to_country_avg,staff_rank_in_country_month_store
1,1,218,1,2005-06-01,4.97,3,,,4.97,0.0,1.0,1
1,1,218,2,2005-07-01,19.96,4,4.97,14.99,18.96,1.0,1.0527,1
1,1,218,2,2005-08-01,20.95,5,19.96,0.99,12.47,8.49,1.6807,1
2,1,176,1,2005-05-01,14.96,4,,,8.48,6.48,1.7642,1
2,1,441,1,2005-05-01,4.99,1,,,8.48,-3.49,0.5884,2
2,2,69,2,2005-05-01,6.98,2,,,8.48,-1.5,0.8231,1
2,1,176,1,2005-06-01,37.94,6,14.96,22.98,12.18,25.76,3.116,1
2,1,441,1,2005-06-01,4.99,1,4.99,0.0,12.18,-7.19,0.4098,2
2,1,441,2,2005-06-01,4.99,1,4.99,0.0,12.18,-7.19,0.4098,2
2,2,69,1,2005-06-01,7.98,2,6.98,1.0,12.18,-4.2,0.6554,1
2,1,176,1,2005-07-01,34.92,8,37.94,-3.02,28.43,6.49,1.2281,1
2,1,441,2,2005-07-01,34.9,10,4.99,29.91,28.43,6.47,1.2274,2
2,2,69,2,2005-07-01,26.94,6,7.98,18.96,28.43,-1.49,0.9475,1
2,1,176,1,2005-08-01,38.92,8,34.92,4.0,18.62,20.3,2.0902,1
2,1,441,2,2005-08-01,18.95,5,34.9,-15.95,18.62,0.33,1.0177,2
2,2,69,1,2005-08-01,24.94,6,26.94,-2.0,18.62,6.32,1.3394,1
3,2,320,2,2005-06-01,18.96,4,,,11.98,6.99,1.5833,1
3,2,320,2,2005-07-01,37.91,9,18.96,18.95,19.95,17.97,1.9007,1
3,2,320,1,2005-08-01,3.98,2,37.91,-33.93,3.98,0.0,1.0,1
3,2,320,2,2005-08-01,3.98,2,3.98,0.0,3.98,0.0,1.0,1
4,1,528,2,2005-05-01,10.97,3,,,6.98,3.99,1.5711,1
4,1,383,1,2005-05-01,8.99,1,,,6.98,2.01,1.2875,2
4,1,383,1,2005-06-01,21.96,4,8.99,12.97,8.98,12.98,2.4454,1
4,1,528,1,2005-06-01,4.99,1,10.97,-5.98,8.98,-3.99,0.5557,2
4,1,528,2,2005-07-01,33.94,6,4.99,28.95,20.95,12.99,1.62,1
4,1,383,2,2005-07-01,14.96,4,21.96,-7.0,20.95,-5.99,0.7141,2
4,1,383,1,2005-08-01,21.95,5,14.96,6.99,16.96,4.99,1.2944,1
4,1,528,1,2005-08-01,15.96,4,33.94,-17.98,16.96,-1.0,0.9412,2
5,2,381,2,2005-05-01,3.98,2,,,3.49,0.5,1.142,1
5,2,381,1,2005-06-01,10.97,3,3.98,6.99,8.48,2.49,1.2944,1
5,2,381,2,2005-07-01,27.9,10,10.97,16.93,18.93,8.97,1.4739,1
5,2,381,2,2005-08-01,29.92,8,27.9,2.02,22.44,7.49,1.3336,1
6,1,107,1,2005-05-01,11.98,2,,,4.81,7.17,2.4903,1
6,1,89,1,2005-05-01,5.99,1,,,4.81,1.18,1.2452,2
6,1,445,1,2005-05-01,5.98,2,,,4.81,1.17,1.2431,3
6,1,243,1,2005-05-01,4.99,1,,,4.81,0.18,1.0373,4
6,1,322,1,2005-05-01,4.99,1,,,4.81,0.18,1.0373,4
6,1,405,2,2005-05-01,4.99,1,,,4.81,0.18,1.0373,4
6,1,331,1,2005-05-01,2.99,1,,,4.81,-1.82,0.6215,5
6,1,560,1,2005-05-01,2.99,1,,,4.81,-1.82,0.6215,5
6,2,359,1,2005-05-01,12.98,2,,,4.81,8.17,2.6982,1
6,2,24,2,2005-05-01,9.98,2,,,4.81,5.17,2.0746,2
6,2,219,1,2005-05-01,0.99,1,,,4.81,-3.82,0.2058,3
6,2,530,1,2005-05-01,0.99,1,,,4.81,-3.82,0.2058,3
6,1,89,1,2005-06-01,22.96,4,5.99,16.97,9.54,13.42,2.4059,1
6,1,322,1,2005-06-01,20.96,4,4.99,15.97,9.54,11.42,2.1964,2
6,1,107,2,2005-06-01,20.94,6,11.98,8.96,9.54,11.4,2.1943,3
6,1,405,2,2005-06-01,14.97,3,4.99,9.98,9.54,5.43,1.5687,4
6,1,585,2,2005-06-01,7.99,1,,,9.54,-1.55,0.8373,5
6,1,331,2,2005-06-01,6.99,1,2.99,4.0,9.54,-2.55,0.7325,6
6,1,243,1,2005-06-01,6.98,2,4.99,1.99,9.54,-2.56,0.7314,7
6,1,560,1,2005-06-01,4.99,1,2.99,2.0,9.54,-4.55,0.5229,8
6,2,24,2,2005-06-01,12.98,2,9.98,3.0,9.54,3.44,1.3602,1
6,2,359,2,2005-06-01,6.98,2,12.98,-6.0,9.54,-2.56,0.7314,2
6,2,219,2,2005-06-01,4.98,2,0.99,3.99,9.54,-4.56,0.5218,3
6,2,530,1,2005-06-01,3.98,2,0.99,2.99,9.54,-5.56,0.4171,4
6,1,89,2,2005-07-01,46.89,11,22.96,23.93,24.59,22.3,1.9066,1
6,1,331,1,2005-07-01,43.91,9,6.99,36.92,24.59,19.32,1.7855,2
6,1,585,2,2005-07-01,41.92,8,7.99,33.93,24.59,17.33,1.7045,3
6,1,107,2,2005-07-01,39.9,10,20.94,18.96,24.59,15.31,1.6224,4
6,1,560,2,2005-07-01,34.94,6,4.99,29.95,24.59,10.35,1.4207,5
6,1,243,2,2005-07-01,33.91,9,6.98,26.93,24.59,9.32,1.3788,6
6,1,322,1,2005-07-01,29.93,7,20.96,8.97,24.59,5.34,1.217,7
6,1,445,2,2005-07-01,16.95,5,5.98,10.97,24.59,-7.64,0.6892,8
6,1,405,2,2005-07-01,14.95,5,14.97,-0.02,24.59,-9.64,0.6079,9
6,2,219,2,2005-07-01,42.9,10,4.98,37.92,24.59,18.31,1.7444,1
6,2,359,2,2005-07-01,25.95,5,6.98,18.97,24.59,1.36,1.0552,2
6,2,530,2,2005-07-01,15.95,5,3.98,11.97,24.59,-8.64,0.6486,3
6,2,24,1,2005-07-01,13.95,5,12.98,0.97,24.59,-10.64,0.5672,4
6,1,445,1,2005-08-01,46.92,8,16.95,29.97,17.96,28.96,2.6129,1
6,1,560,1,2005-08-01,37.93,7,34.94,2.99,17.96,19.97,2.1123,2
6,1,405,1,2005-08-01,28.92,8,14.95,13.97,17.96,10.96,1.6105,3
6,1,331,1,2005-08-01,25.93,7,43.91,-17.98,17.96,7.97,1.444,4
6,1,322,2,2005-08-01,24.95,5,29.93,-4.98,17.96,6.99,1.3894,5
6,1,585,1,2005-08-01,21.97,3,41.92,-19.95,17.96,4.01,1.2235,6
6,1,107,1,2005-08-01,20.96,4,39.9,-18.94,17.96,3.0,1.1672,7
6,1,89,1,2005-08-01,16.95,5,46.89,-29.94,17.96,-1.01,0.9439,8
6,1,243,1,2005-08-01,13.95,5,33.91,-19.96,17.96,-4.01,0.7769,9
6,2,24,2,2005-08-01,24.95,5,13.95,11.0,17.96,6.99,1.3894,1
6,2,219,1,2005-08-01,23.95,5,42.9,-18.95,17.96,5.99,1.3337,2
6,2,530,1,2005-08-01,19.95,5,15.95,4.0,17.96,1.99,1.111,3
6,2,359,1,2005-08-01,18.94,6,25.95,-7.01,17.96,0.98,1.0547,4
7,1,41,2,2005-06-01,7.99,1,,,6.49,1.5,1.2311,1
7,1,41,1,2005-07-01,36.91,9,7.99,28.92,35.43,1.48,1.0419,1
7,1,41,2,2005-08-01,25.94,6,36.91,-10.97,15.97,9.98,1.6248,1
9,1,173,1,2005-05-01,4.99,1,,,3.82,1.17,1.3063,1
9,1,159,1,2005-05-01,4.98,2,,,3.82,1.16,1.3037,2
9,1,159,2,2005-05-01,4.98,2,4.98,0.0,3.82,1.16,1.3037,2
9,2,266,2,2005-05-01,2.99,1,,,3.82,-0.83,0.7827,1
9,1,173,2,2005-06-01,8.97,3,4.99,3.98,7.98,0.99,1.1243,1
9,1,159,1,2005-06-01,1.98,2,4.98,-3.0,7.98,-6.0,0.2482,2
9,2,266,2,2005-06-01,15.97,3,2.99,12.98,7.98,7.99,2.0018,1
9,1,173,2,2005-07-01,36.91,9,8.97,27.94,19.62,17.29,1.8814,1
9,1,159,2,2005-07-01,24.93,7,1.98,22.95,19.62,5.31,1.2708,2
9,2,266,2,2005-07-01,12.97,3,15.97,-3.0,19.62,-6.65,0.6611,1
9,1,173,1,2005-08-01,27.95,5,36.91,-8.96,21.12,6.83,1.3236,1
9,1,159,2,2005-08-01,15.97,3,24.93,-8.96,21.12,-5.15,0.7563,2
9,2,266,1,2005-08-01,52.88,12,12.97,39.91,21.12,31.76,2.5042,1
10,2,334,1,2005-05-01,15.98,2,,,10.49,5.5,1.5241,1
10,2,333,1,2005-05-01,4.99,1,,,10.49,-5.5,0.4759,2
10,2,333,1,2005-06-01,14.96,4,4.99,9.97,8.64,6.32,1.7308,1
10,2,334,2,2005-06-01,5.98,2,15.98,-10.0,8.64,-2.66,0.6919,2
10,2,333,2,2005-07-01,41.9,10,14.96,26.94,26.44,15.46,1.5847,1
10,2,334,1,2005-07-01,30.94,6,5.98,24.96,26.44,4.5,1.1702,2
10,2,334,1,2005-08-01,29.92,8,30.94,-1.02,22.95,6.98,1.304,1
10,2,333,1,2005-08-01,23.95,5,41.9,-17.95,22.95,1.01,1.0438,2
11,2,590,1,2005-05-01,3.99,1,,,3.99,0.0,1.0,1
11,2,590,1,2005-06-01,16.98,2,3.99,12.99,15.48,1.5,1.0973,1
11,2,590,1,2005-07-01,32.92,8,16.98,15.94,28.43,4.49,1.1579,1
11,2,590,2,2005-08-01,9.98,2,32.92,-22.94,8.98,1.0,1.1114,1
12,1,332,1,2005-05-01,6.99,1,,,4.99,2.0,1.4015,1
12,1,21,1,2005-05-01,4.98,2,,,4.99,-0.01,0.9985,2
12,1,21,1,2005-06-01,18.97,3,4.98,13.99,15.22,3.75,1.2468,1
12,2,329,1,2005-06-01,18.95,5,,,15.22,3.74,1.2455,1
12,1,332,2,2005-07-01,47.91,9,6.99,40.92,27.27,20.64,1.757,1
12,1,21,2,2005-07-01,17.95,5,18.97,-1.02,27.27,-9.32,0.6583,2
12,2,329,1,2005-07-01,26.94,6,18.95,7.99,27.27,-0.33,0.988,1
12,1,21,1,2005-08-01,44.92,8,17.95,26.97,25.77,19.15,1.7429,1
12,1,332,2,2005-08-01,17.94,6,47.91,-29.97,25.77,-7.83,0.6961,2
12,2,329,1,2005-08-01,34.94,6,26.94,8.0,25.77,9.17,1.3557,1
13,1,144,1,2005-05-01,2.99,1,,,2.99,0.0,1.0,1
13,1,144,2,2005-05-01,2.99,1,2.99,0.0,2.99,0.0,1.0,1
13,1,144,1,2005-06-01,17.95,5,2.99,14.96,7.73,10.23,2.3236,1
13,1,527,1,2005-06-01,6.97,3,,,7.73,-0.76,0.9023,2
13,1,144,2,2005-07-01,68.88,12,17.95,50.93,30.18,38.7,2.2821,1
13,1,527,1,2005-07-01,14.95,5,6.97,7.98,30.18,-15.23,0.4953,2
13,1,144,1,2005-08-01,46.9,10,68.88,-21.98,29.19,17.72,1.607,1
13,1,527,1,2005-08-01,38.92,8,14.95,23.97,29.19,9.74,1.3336,2
14,2,431,2,2005-05-01,2.99,1,,,2.49,0.51,1.2032,1
14,2,455,2,2005-05-01,1.98,2,,,2.49,-0.51,0.7968,2
14,2,431,2,2005-06-01,26.95,5,2.99,23.96,10.97,15.98,2.4561,1
14,2,455,1,2005-06-01,4.98,2,1.98,3.0,10.97,-5.99,0.4539,2
14,2,455,1,2005-07-01,23.96,4,4.98,18.98,15.97,8.0,1.5008,1
14,2,431,2,2005-07-01,9.98,2,26.95,-16.97,15.97,-5.99,0.6251,2
14,2,431,1,2005-08-01,22.95,5,9.98,12.97,16.96,6.0,1.3536,1
14,2,455,1,2005-08-01,18.94,6,23.96,-5.02,16.96,1.99,1.1171,2
15,1,246,1,2005-05-01,15.97,3,,,7.02,8.95,2.276,1
15,1,314,1,2005-05-01,10.98,2,,,7.02,3.96,1.5648,2
15,1,126,1,2005-05-01,9.98,2,,,7.02,2.96,1.4223,3
15,1,47,2,2005-05-01,8.98,2,,,7.02,1.96,1.2798,4
15,1,74,2,2005-05-01,6.99,1,,,7.02,-0.03,0.9962,5
15,1,325,1,2005-05-01,5.99,1,,,7.02,-1.03,0.8537,6
15,1,130,1,2005-05-01,5.98,2,,,7.02,-1.04,0.8523,7
15,1,216,1,2005-05-01,4.99,1,,,7.02,-2.03,0.7112,8
15,1,362,2,2005-05-01,4.99,1,,,7.02,-2.03,0.7112,8
15,1,398,1,2005-05-01,4.99,1,,,7.02,-2.03,0.7112,8
15,2,551,2,2005-05-01,16.97,3,,,7.02,9.95,2.4185,1
15,2,307,1,2005-05-01,13.97,3,,,7.02,6.95,1.991,2
15,2,92,1,2005-05-01,10.98,2,,,7.02,3.96,1.5648,3
15,2,254,1,2005-05-01,8.98,2,,,7.02,1.96,1.2798,4
15,2,77,1,2005-05-01,8.97,3,,,7.02,1.95,1.2784,5
15,2,427,2,2005-05-01,6.99,1,,,7.02,-0.03,0.9962,6
15,2,544,1,2005-05-01,5.98,2,,,7.02,-1.04,0.8523,7
15,2,443,2,2005-05-01,4.99,1,,,7.02,-2.03,0.7112,8
15,2,374,2,2005-05-01,3.98,2,,,7.02,-3.04,0.5672,9
15,2,354,2,2005-05-01,2.98,2,,,7.02,-4.04,0.4247,10
15,2,183,1,2005-05-01,0.99,1,,,7.02,-6.03,0.1411,11
15,2,310,2,2005-05-01,0.99,1,,,7.02,-6.03,0.1411,11
15,1,39,1,2005-06-01,20.96,4,,,9.1,11.86,2.304,1
15,1,229,1,2005-06-01,13.97,3,,,9.1,4.87,1.5356,2
15,1,398,2,2005-06-01,12.98,2,4.99,7.99,9.1,3.88,1.4268,3
15,1,130,1,2005-06-01,12.97,3,5.98,6.99,9.1,3.87,1.4257,4
15,1,325,2,2005-06-01,12.97,3,5.99,6.98,9.1,3.87,1.4257,4
15,1,47,1,2005-06-01,11.98,2,8.98,3.0,9.1,2.88,1.3169,5
15,1,206,2,2005-06-01,11.97,3,,,9.1,2.87,1.3158,6
15,1,74,2,2005-06-01,8.98,2,6.99,1.99,9.1,-0.12,0.9871,7
15,1,342,1,2005-06-01,8.98,2,,,9.1,-0.12,0.9871,7
15,1,246,1,2005-06-01,8.97,3,15.97,-7.0,9.1,-0.13,0.986,8
15,1,362,1,2005-06-01,8.97,3,4.99,3.98,9.1,-0.13,0.986,8
15,1,216,2,2005-06-01,7.98,2,4.99,2.99,9.1,-1.12,0.8772,9
15,1,591,2,2005-06-01,7.98,2,,,9.1,-1.12,0.8772,9
15,1,314,1,2005-06-01,6.98,2,10.98,-4.0,9.1,-2.12,0.7673,10
15,1,126,1,2005-06-01,2.99,1,9.98,-6.99,9.1,-6.11,0.3287,11
15,2,178,2,2005-06-01,22.95,5,,,9.1,13.85,2.5227,1
15,2,310,2,2005-06-01,18.96,4,0.99,17.97,9.1,9.86,2.0841,2
15,2,354,1,2005-06-01,15.96,4,2.98,12.98,9.1,6.86,1.7543,3
15,2,427,1,2005-06-01,13.97,3,6.99,6.98,9.1,4.87,1.5356,4
15,2,307,1,2005-06-01,13.96,4,13.97,-0.01,9.1,4.86,1.5345,5
15,2,77,1,2005-06-01,11.97,3,8.97,3.0,9.1,2.87,1.3158,6
15,2,544,2,2005-06-01,10.99,1,5.98,5.01,9.1,1.89,1.208,7
15,2,92,1,2005-06-01,9.98,2,10.98,-1.0,9.1,0.88,1.097,8
15,2,374,2,2005-06-01,9.97,3,3.98,5.99,9.1,0.87,1.0959,9
15,2,254,1,2005-06-01,8.97,3,8.98,-0.01,9.1,-0.13,0.986,10
15,2,183,2,2005-06-01,7.98,2,0.99,6.99,9.1,-1.12,0.8772,11
15,2,551,2,2005-06-01,4.99,1,16.97,-11.98,9.1,-4.11,0.5485,12
15,2,443,1,2005-06-01,2.99,1,4.99,-2.0,9.1,-6.11,0.3287,13
15,1,39,2,2005-07-01,48.92,8,20.96,27.96,24.93,23.99,1.9627,1
15,1,591,1,2005-07-01,46.9,10,7.98,38.92,24.93,21.97,1.8816,2
15,1,314,2,2005-07-01,42.9,10,6.98,35.92,24.93,17.97,1.7212,3
15,1,229,2,2005-07-01,38.9,10,13.97,24.93,24.93,13.97,1.5607,4
15,1,206,1,2005-07-01,36.93,7,11.97,24.96,24.93,12.0,1.4816,5
15,1,342,2,2005-07-01,36.93,7,8.98,27.95,24.93,12.0,1.4816,6
15,1,47,2,2005-07-01,33.94,6,11.98,21.96,24.93,9.01,1.3617,7
15,1,362,1,2005-07-01,31.91,9,8.97,22.94,24.93,6.98,1.2802,8
15,1,74,2,2005-07-01,26.94,6,8.98,17.96,24.93,2.01,1.0808,9
15,1,126,1,2005-07-01,26.92,8,2.99,23.93,24.93,1.99,1.08,10
15,1,325,2,2005-07-01,25.93,7,12.97,12.96,24.93,1.0,1.0403,11
15,1,130,2,2005-07-01,20.96,4,12.97,7.99,24.93,-3.97,0.8409,12
15,1,398,2,2005-07-01,20.96,4,12.98,7.98,24.93,-3.97,0.8409,12
15,1,216,2,2005-07-01,19.97,3,7.98,11.99,24.93,-4.96,0.8012,13
15,1,246,2,2005-07-01,14.96,4,8.97,5.99,24.93,-9.97,0.6002,14
15,2,307,1,2005-07-01,55.88,12,13.96,41.92,24.93,30.95,2.2419,1
15,2,178,1,2005-07-01,54.9,10,22.95,31.95,24.93,29.97,2.2026,2
15,2,92,2,2005-07-01,45.93,7,9.98,35.95,24.93,21.0,1.8427,3
15,2,354,1,2005-07-01,35.91,9,15.96,19.95,24.93,10.98,1.4407,4
15,2,443,1,2005-07-01,31.95,5,2.99,28.96,24.93,7.02,1.2818,5
15,2,427,2,2005-07-01,29.94,6,13.97,15.97,24.93,5.01,1.2012,6
15,2,254,1,2005-07-01,28.94,6,8.97,19.97,24.93,4.01,1.1611,7
15,2,310,1,2005-07-01,23.95,5,18.96,4.99,24.93,-0.98,0.9609,8
15,2,551,2,2005-07-01,21.96,4,4.99,16.97,24.93,-2.97,0.881,9
15,2,374,1,2005-07-01,20.96,4,9.97,10.99,24.93,-3.97,0.8409,10
15,2,544,1,2005-07-01,19.96,4,10.99,8.97,24.93,-4.97,0.8008,11
15,2,183,1,2005-07-01,19.95,5,7.98,11.97,24.93,-4.98,0.8004,12
15,2,77,2,2005-07-01,9.96,4,11.97,-2.01,24.93,-14.97,0.3996,13
15,1,206,2,2005-08-01,40.92,8,36.93,3.99,19.94,20.98,2.0526,1
15,1,362,1,2005-08-01,39.94,6,31.91,8.03,19.94,20.0,2.0034,2
15,1,314,2,2005-08-01,36.92,8,42.9,-5.98,19.94,16.98,1.8519,3
15,1,342,2,2005-08-01,36.91,9,36.93,-0.02,19.94,16.97,1.8514,4
15,1,591,1,2005-08-01,31.95,5,46.9,-14.95,19.94,12.01,1.6026,5
15,1,126,2,2005-08-01,27.93,7,26.92,1.01,19.94,7.99,1.401,6
15,1,74,2,2005-08-01,26.92,8,26.94,-0.02,19.94,6.98,1.3503,7
15,1,39,2,2005-08-01,25.94,6,48.92,-22.98,19.94,6.0,1.3012,8
15,1,216,2,2005-08-01,24.94,6,19.97,4.97,19.94,5.0,1.251,9
15,1,246,1,2005-08-01,21.96,4,14.96,7.0,19.94,2.02,1.1015,10
15,1,325,2,2005-08-01,19.95,5,25.93,-5.98,19.94,0.01,1.0007,11
15,1,229,1,2005-08-01,18.96,4,38.9,-19.94,19.94,-0.98,0.951,12
15,1,130,1,2005-08-01,17.96,4,20.96,-3.0,19.94,-1.98,0.9009,13
15,1,47,2,2005-08-01,16.97,3,33.94,-16.97,19.94,-2.97,0.8512,14
15,1,398,2,2005-08-01,12.97,3,20.96,-7.99,19.94,-6.97,0.6506,15
15,2,374,2,2005-08-01,34.94,6,20.96,13.98,19.94,15.0,1.7526,1
15,2,77,2,2005-08-01,33.93,7,9.96,23.97,19.94,13.99,1.702,2
15,2,178,2,2005-08-01,31.93,7,54.9,-22.97,19.94,11.99,1.6016,3
15,2,427,1,2005-08-01,26.94,6,29.94,-3.0,19.94,7.0,1.3513,4
15,2,544,1,2005-08-01,24.94,6,19.96,4.98,19.94,5.0,1.251,5
15,2,551,2,2005-08-01,24.93,7,21.96,2.97,19.94,4.99,1.2505,6
15,2,254,1,2005-08-01,23.92,8,28.94,-5.02,19.94,3.98,1.1998,7
15,2,354,1,2005-08-01,21.96,4,35.91,-13.95,19.94,2.02,1.1015,8
15,2,92,2,2005-08-01,18.96,4,45.93,-26.97,19.94,-0.98,0.951,9
15,2,443,2,2005-08-01,17.96,4,31.95,-13.99,19.94,-1.98,0.9009,10
15,2,183,2,2005-08-01,17.95,5,19.95,-2.0,19.94,-1.99,0.9004,11
15,2,307,2,2005-08-01,16.97,3,55.88,-38.91,19.94,-2.97,0.8512,12
15,2,310,2,2005-08-01,15.97,3,23.95,-7.98,19.94,-3.97,0.8011,13
16,2,91,2,2005-05-01,5.99,1,,,5.99,0.0,1.0,1
16,2,91,1,2005-06-01,9.97,3,5.99,3.98,6.48,3.49,1.5386,1
16,2,91,2,2005-07-01,30.88,12,9.97,20.91,29.91,0.98,1.0326,1
16,2,91,2,2005-08-01,18.95,5,30.88,-11.93,14.95,4.0,1.2676,1
17,2,215,1,2005-05-01,4.99,1,,,4.99,0.0,1.0,1
17,2,215,2,2005-05-01,4.99,1,4.99,0.0,4.99,0.0,1.0,1
17,1,540,2,2005-06-01,10.97,3,,,10.72,0.25,1.0231,1
17,2,215,2,2005-06-01,20.95,5,4.99,15.96,10.72,10.23,1.9538,1
17,1,540,2,2005-07-01,28.94,6,10.97,17.97,17.96,10.98,1.6114,1
17,2,215,2,2005-07-01,25.96,4,20.95,5.01,17.96,8.0,1.4454,1
17,1,540,2,2005-08-01,33.93,7,28.94,4.99,19.7,14.23,1.7223,1
17,2,215,2,2005-08-01,15.94,6,25.96,-10.02,19.7,-3.76,0.8091,1
18,2,228,2,2005-05-01,5.98,2,,,3.99,1.99,1.5,1
18,2,516,2,2005-05-01,3.99,1,,,3.99,0.0,1.0008,2
18,2,516,1,2005-06-01,16.96,4,3.99,12.97,12.3,4.66,1.3789,1
18,2,228,2,2005-06-01,13.96,4,5.98,7.98,12.3,1.66,1.135,2
18,2,228,1,2005-07-01,31.91,9,13.96,17.95,25.44,6.47,1.2543,1
18,2,516,2,2005-07-01,29.94,6,16.96,12.98,25.44,4.5,1.1769,2
18,2,516,1,2005-08-01,13.95,5,29.94,-15.99,7.72,6.23,1.8064,1
18,2,228,2,2005-08-01,7.98,2,31.91,-23.93,7.72,0.26,1.0333,2
19,1,352,1,2005-05-01,2.99,1,,,4.66,-1.67,0.6421,1
19,2,361,1,2005-05-01,5.99,1,,,4.66,1.33,1.2863,1
19,1,352,1,2005-06-01,15.96,4,2.99,12.97,8.48,7.48,1.8826,1
19,2,361,2,2005-06-01,9.97,3,5.99,3.98,8.48,1.49,1.1761,1
19,1,352,1,2005-07-01,25.94,6,15.96,9.98,18.45,7.49,1.4058,1
19,2,361,2,2005-07-01,16.95,5,9.97,6.98,18.45,-1.5,0.9186,1
19,1,352,1,2005-08-01,20.96,4,25.94,-4.98,17.95,3.01,1.1677,1
19,2,361,2,2005-08-01,25.93,7,16.95,8.98,17.95,7.98,1.4446,1
20,1,436,1,2005-05-01,17.97,3,,,8.48,9.49,2.1185,1
20,1,476,1,2005-05-01,7.98,2,,,8.48,-0.5,0.9408,2
20,1,189,2,2005-05-01,5.99,1,,,8.48,-2.49,0.7062,3
20,2,463,1,2005-05-01,1.99,1,,,8.48,-6.49,0.2346,1
20,1,189,1,2005-06-01,11.96,4,5.99,5.97,8.42,3.54,1.4201,1
20,1,436,1,2005-06-01,9.99,1,17.97,-7.98,8.42,1.57,1.1861,2
20,1,476,2,2005-06-01,7.98,2,7.98,0.0,8.42,-0.44,0.9475,3
20,2,410,1,2005-06-01,15.96,4,,,8.42,7.54,1.895,1
20,2,463,1,2005-06-01,10.97,3,1.99,8.98,8.42,2.55,1.3025,2
20,1,476,2,2005-07-01,28.95,5,7.98,20.97,21.65,7.31,1.3375,1
20,1,436,1,2005-07-01,27.94,6,9.99,17.95,21.65,6.29,1.2908,2
20,1,189,1,2005-07-01,21.95,5,11.96,9.99,21.65,0.3,1.0141,3
20,2,410,2,2005-07-01,27.94,6,15.96,11.98,21.65,6.3,1.2908,1
20,2,463,1,2005-07-01,21.92,8,10.97,10.95,21.65,0.27,1.0127,2
20,1,436,2,2005-08-01,49.9,10,27.94,21.96,26.35,23.55,1.894,1
20,1,476,1,2005-08-01,27.95,5,28.95,-1.0,26.35,1.6,1.0608,2
20,1,189,1,2005-08-01,21.96,4,21.95,0.01,26.35,-4.39,0.8335,3
20,2,410,1,2005-08-01,55.89,11,27.94,27.95,26.35,29.54,2.1213,1
20,2,463,2,2005-08-01,31.94,6,21.92,10.02,26.35,5.59,1.2123,2
21,1,535,2,2005-05-01,7.98,2,,,6.48,1.5,1.2315,1
21,1,535,1,2005-06-01,9.98,2,7.98,2.0,9.98,0.0,1.0,1
21,1,535,1,2005-07-01,31.92,8,9.98,21.94,24.45,7.48,1.3058,1
21,1,535,2,2005-08-01,34.93,7,31.92,3.01,31.93,3.01,1.0941,1
22,1,515,2,2005-05-01,15.98,2,,,6.24,9.74,2.5619,1
22,1,464,1,2005-05-01,3.99,1,,,6.24,-2.25,0.6397,2
22,1,45,2,2005-05-01,2.99,1,,,6.24,-3.25,0.4794,3
22,1,515,2,2005-06-01,20.95,5,15.98,4.97,8.65,12.31,2.4234,1
22,1,45,1,2005-06-01,8.98,2,2.99,5.99,8.65,0.33,1.0388,2
22,1,464,2,2005-06-01,4.99,1,3.99,1.0,8.65,-3.66,0.5772,3
22,1,45,1,2005-07-01,33.93,7,8.98,24.95,16.96,16.97,2.0004,1
22,1,464,1,2005-07-01,21.96,4,4.99,16.97,16.96,5.0,1.2947,2
22,1,515,2,2005-07-01,20.94,6,20.95,-0.01,16.96,3.98,1.2345,3
22,1,45,1,2005-08-01,41.93,7,33.93,8.0,24.95,16.98,1.6806,1
22,1,515,2,2005-08-01,30.92,8,20.94,9.98,24.95,5.97,1.2393,2
22,1,464,1,2005-08-01,20.97,3,21.96,-0.99,24.95,-3.98,0.8405,3
23,1,594,1,2005-05-01,20.97,3,,,7.01,13.96,2.9897,1
23,1,272,1,2005-05-01,15.96,4,,,7.01,8.95,2.2754,2
23,1,546,1,2005-05-01,12.98,2,,,7.01,5.97,1.8506,3
23,1,267,2,2005-05-01,11.98,2,,,7.01,4.97,1.708,4
23,1,302,2,2005-05-01,10.98,2,,,7.01,3.97,1.5654,5
23,1,484,2,2005-05-01,10.97,3,,,7.01,3.96,1.564,6
23,1,67,2,2005-05-01,9.99,1,,,7.01,2.98,1.4243,7
23,1,93,2,2005-05-01,9.98,2,,,7.01,2.97,1.4229,8
23,1,260,1,2005-05-01,8.99,1,,,7.01,1.98,1.2817,9
23,1,242,2,2005-05-01,8.98,2,,,7.01,1.97,1.2803,10
23,1,442,2,2005-05-01,7.98,2,,,7.01,0.97,1.1377,11
23,1,588,1,2005-05-01,7.98,2,,,7.01,0.97,1.1377,11
23,1,595,1,2005-05-01,6.99,1,,,7.01,-0.02,0.9966,12
23,1,511,1,2005-05-01,6.98,2,,,7.01,-0.03,0.9952,13
23,1,533,1,2005-05-01,6.98,2,,,7.01,-0.03,0.9952,13
23,1,168,1,2005-05-01,4.99,1,,,7.01,-2.02,0.7114,14
23,1,211,1,2005-05-01,4.99,1,,,7.01,-2.02,0.7114,14
23,1,389,1,2005-05-01,4.99,1,,,7.01,-2.02,0.7114,14
23,1,37,1,2005-05-01,3.98,2,,,7.01,-3.03,0.5674,15
23,1,138,1,2005-05-01,3.98,2,,,7.01,-3.03,0.5674,15
23,1,466,2,2005-05-01,2.99,1,,,7.01,-4.02,0.4263,16
23,1,485,1,2005-05-01,2.99,1,,,7.01,-4.02,0.4263,16
23,1,378,1,2005-05-01,0.99,1,,,7.01,-6.02,0.1411,17
23,1,422,1,2005-05-01,0.99,1,,,7.01,-6.02,0.1411,17
23,2,154,2,2005-05-01,13.98,2,,,7.01,6.97,1.9932,1
23,2,435,1,2005-05-01,12.98,2,,,7.01,5.97,1.8506,2
23,2,241,1,2005-05-01,11.98,2,,,7.01,4.97,1.708,3
23,2,569,1,2005-05-01,11.97,3,,,7.01,4.96,1.7066,4
23,2,197,1,2005-05-01,11.95,5,,,7.01,4.94,1.7037,5
23,2,151,2,2005-05-01,10.98,2,,,7.01,3.97,1.5654,6
23,2,249,1,2005-05-01,10.98,2,,,7.01,3.97,1.5654,6
23,2,384,2,2005-05-01,10.97,3,,,7.01,3.96,1.564,7
23,2,495,2,2005-05-01,9.98,2,,,7.01,2.97,1.4229,8
23,2,313,2,2005-05-01,9.96,4,,,7.01,2.95,1.42,9
23,2,64,1,2005-05-01,8.97,3,,,7.01,1.96,1.2789,10
23,2,110,1,2005-05-01,7.99,1,,,7.01,0.98,1.1392,11
23,2,550,2,2005-05-01,7.99,1,,,7.01,0.98,1.1392,11
23,2,538,2,2005-05-01,7.98,2,,,7.01,0.97,1.1377,12
23,2,339,1,2005-05-01,5.99,1,,,7.01,-1.02,0.854,13
23,2,564,2,2005-05-01,5.99,1,,,7.01,-1.02,0.854,13
23,2,281,2,2005-05-01,5.98,2,,,7.01,-1.03,0.8526,14
23,2,496,2,2005-05-01,5.98,2,,,7.01,-1.03,0.8526,14
23,2,165,2,2005-05-01,4.99,1,,,7.01,-2.02,0.7114,15
23,2,169,1,2005-05-01,4.99,1,,,7.01,-2.02,0.7114,15
23,2,514,2,2005-05-01,4.99,1,,,7.01,-2.02,0.7114,15
23,2,599,2,2005-05-01,4.99,1,,,7.01,-2.02,0.7114,15
23,2,324,2,2005-05-01,3.99,1,,,7.01,-3.02,0.5689,16
23,2,424,2,2005-05-01,0.99,1,,,7.01,-6.02,0.1411,17
23,2,552,2,2005-05-01,0.99,1,,,7.01,-6.02,0.1411,17
23,1,267,2,2005-06-01,29.93,7,11.98,17.95,8.93,21.0,3.3532,1
23,1,466,2,2005-06-01,24.96,4,2.99,21.97,8.93,16.03,2.7964,2
23,1,260,1,2005-06-01,24.95,5,8.99,15.96,8.93,16.02,2.7953,3
23,1,588,2,2005-06-01,21.96,4,7.98,13.98,8.93,13.03,2.4603,4
23,1,511,2,2005-06-01,18.97,3,6.98,11.99,8.93,10.04,2.1253,5
23,1,378,2,2005-06-01,17.97,3,0.99,16.98,8.93,9.04,2.0133,6
23,1,211,2,2005-06-01,15.98,2,4.99,10.99,8.93,7.05,1.7903,7
23,1,242,1,2005-06-01,14.97,3,8.98,5.99,8.93,6.04,1.6772,8
23,1,242,2,2005-06-01,14.97,3,14.97,0.0,8.93,6.04,1.6772,8
23,1,484,1,2005-06-01,14.97,3,10.97,4.0,8.93,6.04,1.6772,8
23,1,594,1,2005-06-01,14.97,3,20.97,-6.0,8.93,6.04,1.6772,8
23,1,283,2,2005-06-01,13.97,3,,,8.93,5.04,1.5651,9
23,1,389,1,2005-06-01,13.97,3,4.99,8.98,8.93,5.04,1.5651,9
23,1,67,1,2005-06-01,12.97,3,9.99,2.98,8.93,4.04,1.4531,10
23,1,129,1,2005-06-01,12.97,3,,,8.93,4.04,1.4531,10
23,1,422,1,2005-06-01,11.97,3,0.99,10.98,8.93,3.04,1.3411,11
23,1,546,1,2005-06-01,11.97,3,12.98,-1.01,8.93,3.04,1.3411,11
23,1,533,1,2005-06-01,11.95,5,6.98,4.97,8.93,3.02,1.3388,12
23,1,272,2,2005-06-01,10.98,2,15.96,-4.98,8.93,2.05,1.2301,13
23,1,442,2,2005-06-01,9.98,2,7.98,2.0,8.93,1.05,1.1181,14
23,1,485,1,2005-06-01,8.99,1,2.99,6.0,8.93,0.06,1.0072,15
23,1,138,1,2005-06-01,7.99,1,3.98,4.01,8.93,-0.94,0.8952,16
23,1,595,2,2005-06-01,7.98,2,6.99,0.99,8.93,-0.95,0.894,17
23,1,37,2,2005-06-01,5.98,2,3.98,2.0,8.93,-2.95,0.67,18
23,1,93,2,2005-06-01,4.99,1,9.98,-4.99,8.93,-3.94,0.5591,19
23,1,168,2,2005-06-01,4.99,1,4.99,0.0,8.93,-3.94,0.5591,19
23,1,302,1,2005-06-01,2.99,1,10.98,-7.99,8.93,-5.94,0.335,20
23,2,550,1,2005-06-01,24.96,4,7.99,16.97,8.93,16.03,2.7964,1
23,2,197,2,2005-06-01,19.96,4,11.95,8.01,8.93,11.03,2.2362,2
23,2,384,1,2005-06-01,18.97,3,10.97,8.0,8.93,10.04,2.1253,3
23,2,339,1,2005-06-01,16.97,3,5.99,10.98,8.93,8.04,1.9012,4
23,2,495,1,2005-06-01,16.97,3,9.98,6.99,8.93,8.04,1.9012,4
23,2,538,1,2005-06-01,15.97,3,7.98,7.99,8.93,7.04,1.7892,5
23,2,249,2,2005-06-01,12.97,3,10.98,1.99,8.93,4.04,1.4531,6
23,2,599,2,2005-06-01,11.98,2,4.99,6.99,8.93,3.05,1.3422,7
23,2,241,2,2005-06-01,10.96,4,11.98,-1.02,8.93,2.03,1.2279,8
23,2,151,2,2005-06-01,9.96,4,10.98,-1.02,8.93,1.03,1.1159,9
23,2,110,2,2005-06-01,8.99,1,7.99,1.0,8.93,0.06,1.0072,10
23,2,90,2,2005-06-01,8.97,3,,,8.93,0.04,1.005,11
23,2,154,1,2005-06-01,8.97,3,13.98,-5.01,8.93,0.04,1.005,11
23,2,514,2,2005-06-01,8.97,3,4.99,3.98,8.93,0.04,1.005,11
23,2,313,1,2005-06-01,7.99,1,9.96,-1.97,8.93,-0.94,0.8952,12
23,2,169,1,2005-06-01,7.98,2,4.99,2.99,8.93,-0.95,0.894,13
23,2,424,1,2005-06-01,6.99,1,0.99,6.0,8.93,-1.94,0.7831,14
23,2,569,1,2005-06-01,6.99,1,11.97,-4.98,8.93,-1.94,0.7831,14
23,2,281,1,2005-06-01,5.99,1,5.98,0.01,8.93,-2.94,0.6711,15
23,2,281,2,2005-06-01,5.99,1,5.99,0.0,8.93,-2.94,0.6711,15
23,2,552,2,2005-06-01,5.98,2,0.99,4.99,8.93,-2.95,0.67,16
23,2,165,1,2005-06-01,3.99,1,4.99,-1.0,8.93,-4.94,0.447,17
23,2,64,1,2005-06-01,2.99,1,8.97,-5.98,8.93,-5.94,0.335,18
23,2,324,2,2005-06-01,2.99,1,3.99,-1.0,8.93,-5.94,0.335,18
23,2,496,1,2005-06-01,2.99,1,5.98,-2.99,8.93,-5.94,0.335,18
23,2,564,2,2005-06-01,2.99,1,5.99,-3.0,8.93,-5.94,0.335,18
23,2,435,1,2005-06-01,0.99,1,12.98,-11.99,8.93,-7.94,0.1109,19
23,2,435,2,2005-06-01,0.99,1,0.99,0.0,8.93,-7.94,0.1109,19
23,2,521,1,2005-06-01,0.99,1,,,8.93,-7.94,0.1109,19
23,2,521,2,2005-06-01,0.99,1,0.99,0.0,8.93,-7.94,0.1109,19
23,1,595,1,2005-07-01,58.88,12,7.98,50.9,22.45,36.43,2.6223,1
23,1,484,2,2005-07-01,56.9,10,14.97,41.93,22.45,34.45,2.5341,2
23,1,594,1,2005-07-01,47.91,9,14.97,32.94,22.45,25.46,2.1338,3
23,1,168,2,2005-07-01,41.9,10,4.99,36.91,22.45,19.45,1.8661,4
23,1,211,2,2005-07-01,38.91,9,15.98,22.93,22.45,16.46,1.7329,5
23,1,389,1,2005-07-01,37.93,7,13.97,23.96,22.45,15.48,1.6893,6
23,1,302,1,2005-07-01,34.94,6,2.99,31.95,22.45,12.49,1.5561,7
23,1,138,1,2005-07-01,33.89,11,7.99,25.9,22.45,11.44,1.5094,8
23,1,485,1,2005-07-01,32.9,10,8.99,23.91,22.45,10.45,1.4653,9
23,1,442,1,2005-07-01,31.91,9,9.98,21.93,22.45,9.46,1.4212,10
23,1,533,2,2005-07-01,30.92,8,11.95,18.97,22.45,8.47,1.3771,11
23,1,129,1,2005-07-01,30.91,9,12.97,17.94,22.45,8.46,1.3766,12
23,1,272,2,2005-07-01,28.95,5,10.98,17.97,22.45,6.5,1.2893,13
23,1,267,1,2005-07-01,28.93,7,29.93,-1.0,22.45,6.48,1.2885,14
23,1,283,2,2005-07-01,28.9,10,13.97,14.93,22.45,6.45,1.2871,15
23,1,37,1,2005-07-01,27.96,4,5.98,21.98,22.45,5.51,1.2453,16
23,1,588,1,2005-07-01,26.93,7,21.96,4.97,22.45,4.48,1.1994,17
23,1,242,1,2005-07-01,25.95,5,14.97,10.98,22.45,3.5,1.1557,18
23,1,511,1,2005-07-01,25.92,8,18.97,6.95,22.45,3.47,1.1544,19
23,1,546,1,2005-07-01,23.93,7,11.97,11.96,22.45,1.48,1.0658,20
23,1,67,2,2005-07-01,19.94,6,12.97,6.97,22.45,-2.51,0.8881,21
23,1,260,1,2005-07-01,19.93,7,24.95,-5.02,22.45,-2.52,0.8876,22
23,1,466,1,2005-07-01,18.96,4,24.96,-6.0,22.45,-3.49,0.8444,23
23,1,422,2,2005-07-01,14.95,5,11.97,2.98,22.45,-7.5,0.6658,24
23,1,93,1,2005-07-01,11.96,4,4.99,6.97,22.45,-10.49,0.5327,25
23,1,378,1,2005-07-01,10.96,4,17.97,-7.01,22.45,-11.49,0.4881,26
23,2,424,1,2005-07-01,36.92,8,6.99,29.93,22.45,14.47,1.6443,1
23,2,241,1,2005-07-01,35.9,10,10.96,24.94,22.45,13.45,1.5989,2
23,2,90,2,2005-07-01,34.92,8,8.97,25.95,22.45,12.47,1.5552,3
23,2,154,2,2005-07-01,34.92,8,8.97,25.95,22.45,12.47,1.5552,3
23,2,165,2,2005-07-01,33.93,7,3.99,29.94,22.45,11.48,1.5111,4
23,2,550,1,2005-07-01,33.92,8,24.96,8.96,22.45,11.47,1.5107,5
23,2,538,2,2005-07-01,31.94,6,15.97,15.97,22.45,9.49,1.4225,6
23,2,249,1,2005-07-01,30.95,5,12.97,17.98,22.45,8.5,1.3784,7
23,2,64,1,2005-07-01,30.91,9,2.99,27.92,22.45,8.46,1.3766,8
23,2,552,1,2005-07-01,29.95,5,5.98,23.97,22.45,7.5,1.3339,9
23,2,495,1,2005-07-01,29.94,6,16.97,12.97,22.45,7.49,1.3334,10
23,2,339,2,2005-07-01,28.94,6,16.97,11.97,22.45,6.49,1.2889,11
23,2,169,2,2005-07-01,27.95,5,7.98,19.97,22.45,5.5,1.2448,12
23,2,324,1,2005-07-01,26.93,7,2.99,23.94,22.45,4.48,1.1994,13
23,2,564,2,2005-07-01,23.95,5,2.99,20.96,22.45,1.5,1.0667,14
23,2,197,2,2005-07-01,22.95,5,19.96,2.99,22.45,0.5,1.0221,15
23,2,435,1,2005-07-01,22.95,5,0.99,21.96,22.45,0.5,1.0221,15
23,2,281,2,2005-07-01,22.94,6,5.99,16.95,22.45,0.49,1.0217,16
23,2,151,1,2005-07-01,19.94,6,9.96,9.98,22.45,-2.51,0.8881,17
23,2,599,2,2005-07-01,18.96,4,11.98,6.98,22.45,-3.49,0.8444,18
23,2,521,2,2005-07-01,18.94,6,0.99,17.95,22.45,-3.51,0.8435,19
23,2,496,1,2005-07-01,17.95,5,2.99,14.96,22.45,-4.5,0.7994,20
23,2,110,1,2005-07-01,16.95,5,8.99,7.96,22.45,-5.5,0.7549,21
23,2,569,1,2005-07-01,13.97,3,6.99,6.98,22.45,-8.48,0.6222,22
23,2,313,1,2005-07-01,12.97,3,7.99,4.98,22.45,-9.48,0.5776,23
23,2,384,2,2005-07-01,11.94,6,18.97,-7.03,22.45,-10.51,0.5318,24
23,2,514,1,2005-07-01,8.98,2,8.97,0.01,22.45,-13.47,0.3999,25
23,2,514,2,2005-07-01,8.98,2,8.98,0.0,22.45,-13.47,0.3999,25
23,1,211,2,2005-08-01,48.89,11,38.91,9.98,19.88,29.01,2.4599,1
23,1,533,1,2005-08-01,42.92,8,30.92,12.0,19.88,23.04,2.1595,2
23,1,168,1,2005-08-01,42.91,9,41.9,1.01,19.88,23.03,2.159,3
23,1,466,1,2005-08-01,39.93,7,18.96,20.97,19.88,20.05,2.0091,4
23,1,389,2,2005-08-01,34.94,6,37.93,-2.99,19.88,15.06,1.758,5
23,1,267,1,2005-08-01,34.92,8,28.93,5.99,19.88,15.04,1.757,6
23,1,129,2,2005-08-01,32.93,7,30.91,2.02,19.88,13.05,1.6569,7
23,1,242,2,2005-08-01,32.92,8,25.95,6.97,19.88,13.04,1.6563,8
23,1,422,1,2005-08-01,29.94,6,14.95,14.99,19.88,10.06,1.5064,9
23,1,138,1,2005-08-01,27.91,9,33.89,-5.98,19.88,8.03,1.4043,10
23,1,302,1,2005-08-01,24.95,5,34.94,-9.99,19.88,5.07,1.2553,11
23,1,511,1,2005-08-01,24.95,5,25.92,-0.97,19.88,5.07,1.2553,11
23,1,93,2,2005-08-01,24.94,6,11.96,12.98,19.88,5.06,1.2548,12
23,1,485,2,2005-08-01,23.95,5,32.9,-8.95,19.88,4.07,1.205,13
23,1,260,1,2005-08-01,22.95,5,19.93,3.02,19.88,3.07,1.1547,14
23,1,37,2,2005-08-01,22.94,6,27.96,-5.02,19.88,3.06,1.1542,15
23,1,272,2,2005-08-01,21.96,4,28.95,-6.99,19.88,2.08,1.1049,16
23,1,484,1,2005-08-01,21.95,5,56.9,-34.95,19.88,2.07,1.1044,17
23,1,67,1,2005-08-01,20.97,3,19.94,1.03,19.88,1.09,1.0551,18
23,1,378,1,2005-08-01,20.95,5,10.96,9.99,19.88,1.07,1.0541,19
23,1,546,2,2005-08-01,20.95,5,23.93,-2.98,19.88,1.07,1.0541,19
23,1,588,1,2005-08-01,19.94,6,26.93,-6.99,19.88,0.06,1.0033,20
23,1,594,2,2005-08-01,13.98,2,47.91,-33.93,19.88,-5.9,0.7034,21
23,1,283,1,2005-08-01,13.96,4,28.9,-14.94,19.88,-5.92,0.7024,22
23,1,442,2,2005-08-01,12.95,5,31.91,-18.96,19.88,-6.93,0.6516,23
23,1,595,1,2005-08-01,7.96,4,58.88,-50.92,19.88,-11.92,0.4005,24
23,1,595,2,2005-08-01,7.96,4,7.96,0.0,19.88,-11.92,0.4005,24
23,2,197,1,2005-08-01,45.9,10,22.95,22.95,19.88,26.02,2.3094,1
23,2,569,1,2005-08-01,40.92,8,13.97,26.95,19.88,21.04,2.0589,2
23,2,564,2,2005-08-01,36.91,9,23.95,12.96,19.88,17.03,1.8571,3
23,2,550,2,2005-08-01,35.93,7,33.92,2.01,19.88,16.05,1.8078,4
23,2,90,1,2005-08-01,33.92,8,34.92,-1.0,19.88,14.04,1.7067,5
23,2,424,2,2005-08-01,33.92,8,36.92,-3.0,19.88,14.04,1.7067,6
23,2,313,2,2005-08-01,32.93,7,12.97,19.96,19.88,13.05,1.6569,7
23,2,552,2,2005-08-01,31.93,7,29.95,1.98,19.88,12.05,1.6065,8
23,2,435,1,2005-08-01,30.91,9,22.95,7.96,19.88,11.03,1.5552,9
23,2,154,1,2005-08-01,29.93,7,34.92,-4.99,19.88,10.05,1.5059,10
23,2,324,1,2005-08-01,26.95,5,26.93,0.02,19.88,7.07,1.356,11
23,2,496,1,2005-08-01,26.95,5,17.95,9.0,19.88,7.07,1.356,12
23,2,151,1,2005-08-01,26.94,6,19.94,7.0,19.88,7.06,1.3555,13
23,2,514,1,2005-08-01,26.92,8,8.98,17.94,19.88,7.04,1.3545,14
23,2,241,2,2005-08-01,25.94,6,35.9,-9.96,19.88,6.06,1.3052,15
23,2,521,2,2005-08-01,25.94,6,18.94,7.0,19.88,6.06,1.3052,15
23,2,339,2,2005-08-01,22.95,5,28.94,-5.99,19.88,3.07,1.1547,16
23,2,169,2,2005-08-01,22.93,7,27.95,-5.02,19.88,3.05,1.1537,17
23,2,538,1,2005-08-01,20.95,5,31.94,-10.99,19.88,1.07,1.0541,18
23,2,599,2,2005-08-01,18.96,4,18.96,0.0,19.88,-0.92,0.954,19
23,2,495,2,2005-08-01,18.95,5,29.94,-10.99,19.88,-0.93,0.9535,20
23,2,384,2,2005-08-01,16.96,4,11.94,5.02,19.88,-2.92,0.8533,21
23,2,64,1,2005-08-01,15.95,5,30.91,-14.96,19.88,-3.93,0.8025,22
23,2,249,1,2005-08-01,13.97,3,30.95,-16.98,19.88,-5.91,0.7029,23
23,2,165,2,2005-08-01,12.97,3,33.93,-20.96,19.88,-6.91,0.6526,24
23,2,110,1,2005-08-01,10.98,2,16.95,-5.97,19.88,-8.9,0.5525,25
23,2,281,1,2005-08-01,4.98,2,22.94,-17.96,19.88,-14.9,0.2506,26
24,1,490,2,2005-05-01,11.98,2,,,5.32,6.66,2.2524,1
24,1,460,1,2005-05-01,5.98,2,,,5.32,0.66,1.1243,2
24,1,460,2,2005-05-01,5.98,2,5.98,0.0,5.32,0.66,1.1243,2
24,1,87,2,2005-05-01,4.99,1,,,5.32,-0.33,0.9382,3
24,1,235,2,2005-05-01,2.99,1,,,5.32,-2.33,0.5621,4
24,2,120,2,2005-05-01,8.98,2,,,5.32,3.66,1.6883,1
24,2,180,1,2005-05-01,2.99,1,,,5.32,-2.33,0.5621,2
24,1,87,2,2005-06-01,17.97,3,4.99,12.98,7.28,10.69,2.4674,1
24,1,235,1,2005-06-01,4.99,1,2.99,2.0,7.28,-2.29,0.6852,2
24,1,490,1,2005-06-01,3.99,1,11.98,-7.99,7.28,-3.29,0.5479,3
24,1,460,2,2005-06-01,0.99,1,5.98,-4.99,7.28,-6.29,0.1359,4
24,2,120,1,2005-06-01,26.95,5,8.98,17.97,7.28,19.67,3.7004,1
24,2,180,1,2005-06-01,2.99,1,2.99,0.0,7.28,-4.29,0.4105,2
24,2,180,2,2005-06-01,2.99,1,2.99,0.0,7.28,-4.29,0.4105,2
24,1,490,2,2005-07-01,33.93,7,3.99,29.94,26.36,7.57,1.2873,1
24,1,235,2,2005-07-01,31.92,8,4.99,26.93,26.36,5.56,1.211,2
24,1,87,2,2005-07-01,30.94,6,17.97,12.97,26.36,4.58,1.1739,3
24,1,460,1,2005-07-01,29.95,5,0.99,28.96,26.36,3.59,1.1363,4
24,2,120,2,2005-07-01,28.91,9,26.95,1.96,26.36,2.55,1.0968,1
24,2,180,2,2005-07-01,22.94,6,2.99,19.95,26.36,-3.42,0.8703,2
24,1,460,2,2005-08-01,37.93,7,29.95,7.98,21.45,16.48,1.768,1
24,1,87,1,2005-08-01,28.92,8,30.94,-2.02,21.45,7.47,1.348,2
24,1,490,1,2005-08-01,18.97,3,33.93,-14.96,21.45,-2.48,0.8842,3
24,1,235,1,2005-08-01,12.97,3,31.92,-18.95,21.45,-8.48,0.6045,4
24,2,180,1,2005-08-01,38.92,8,22.94,15.98,21.45,17.47,1.8141,1
24,2,120,2,2005-08-01,33.94,6,28.91,5.03,21.45,12.49,1.582,2
25,2,387,1,2005-05-01,16.97,3,,,10.98,5.99,1.5455,1
25,2,375,2,2005-05-01,13.98,2,,,10.98,3.0,1.2732,2
25,2,387,2,2005-06-01,12.96,4,16.97,-4.01,7.23,5.73,1.7932,1
25,2,375,1,2005-06-01,10.98,2,13.98,-3.0,7.23,3.75,1.5192,2
25,2,375,1,2005-07-01,11.98,2,10.98,1.0,11.23,0.75,1.0673,1
25,2,387,2,2005-07-01,11.98,2,12.96,-0.98,11.23,0.75,1.0673,1
25,2,375,1,2005-08-01,32.92,8,11.98,20.94,23.69,9.23,1.3895,1
25,2,387,2,2005-08-01,23.93,7,11.98,11.95,23.69,0.24,1.01,2
26,2,265,2,2005-05-01,0.99,1,,,0.99,0.0,1.0,1
26,2,265,2,2005-06-01,12.98,2,0.99,11.99,7.99,5.0,1.6255,1
26,2,265,1,2005-07-01,38.91,9,12.98,25.93,35.42,3.49,1.0985,1
26,2,265,2,2005-08-01,33.94,6,38.91,-4.97,22.96,10.99,1.4785,1
27,2,437,1,2005-05-01,8.98,2,,,6.99,2.0,1.2856,1
27,1,258,2,2005-06-01,9.98,2,,,5.65,4.33,1.7659,1
27,2,437,2,2005-06-01,8.98,2,8.98,0.0,5.65,3.33,1.5889,1
27,2,418,2,2005-06-01,5.98,2,,,5.65,0.33,1.0581,2
27,1,258,1,2005-07-01,24.95,5,9.98,14.97,22.62,2.33,1.1032,1
27,2,437,2,2005-07-01,37.92,8,8.98,28.94,22.62,15.3,1.6766,1
27,2,418,2,2005-07-01,25.96,4,5.98,19.98,22.62,3.34,1.1478,2
27,1,258,2,2005-08-01,27.94,6,24.95,2.99,22.44,5.5,1.245,1
27,2,418,1,2005-08-01,27.9,10,25.96,1.94,22.44,5.46,1.2432,1
27,2,437,1,2005-08-01,15.96,4,37.92,-21.96,22.44,-6.48,0.7112,2
28,1,589,1,2005-05-01,10.97,3,,,6.98,3.99,1.5709,1
28,2,262,2,2005-05-01,4.99,1,,,6.98,-1.99,0.7146,1
28,2,494,1,2005-05-01,4.99,1,,,6.98,-1.99,0.7146,1
28,1,589,1,2005-06-01,16.97,3,10.97,6.0,10.98,5.99,1.5455,1
28,2,262,1,2005-06-01,11.97,3,4.99,6.98,10.98,0.99,1.0902,1
28,2,494,1,2005-06-01,2.99,1,4.99,-2.0,10.98,-7.99,0.2723,2
28,1,589,2,2005-07-01,27.93,7,16.97,10.96,27.77,0.16,1.0058,1
28,2,494,2,2005-07-01,64.87,13,2.99,61.88,27.77,37.1,2.3361,1
28,2,262,1,2005-07-01,30.92,8,11.97,18.95,27.77,3.15,1.1135,2
28,1,589,1,2005-08-01,27.95,5,27.93,0.02,24.61,3.34,1.1356,1
28,2,494,2,2005-08-01,29.94,6,64.87,-34.93,24.61,5.33,1.2165,1
28,2,262,2,2005-08-01,24.93,7,30.92,-5.99,24.61,0.32,1.0129,2
29,1,134,1,2005-05-01,10.98,2,,,5.82,5.16,1.8871,1
29,1,119,2,2005-05-01,7.98,2,,,5.82,2.16,1.3715,2
29,2,491,1,2005-05-01,2.99,1,,,5.82,-2.83,0.5139,1
29,1,134,1,2005-06-01,15.98,2,10.98,5.0,10.14,5.84,1.5753,1
29,1,119,2,2005-06-01,8.98,2,7.98,1.0,10.14,-1.16,0.8852,2
29,2,423,1,2005-06-01,19.97,3,,,10.14,9.83,1.9686,1
29,2,491,2,2005-06-01,17.96,4,2.99,14.97,10.14,7.82,1.7705,2
29,2,233,2,2005-06-01,10.97,3,,,10.14,0.83,1.0814,3
29,2,559,2,2005-06-01,9.98,2,,,10.14,-0.16,0.9838,4
29,1,119,1,2005-07-01,26.94,6,8.98,17.96,23.45,3.49,1.149,1
29,1,134,2,2005-07-01,12.96,4,15.98,-3.02,23.45,-10.49,0.5528,2
29,2,491,2,2005-07-01,36.93,7,17.96,18.97,23.45,13.48,1.5751,1
29,2,559,1,2005-07-01,35.91,9,9.98,25.93,23.45,12.46,1.5316,2
29,2,233,1,2005-07-01,34.92,8,10.97,23.95,23.45,11.47,1.4894,3
29,2,423,2,2005-07-01,30.94,6,19.97,10.97,23.45,7.49,1.3196,4
29,1,119,2,2005-08-01,49.88,12,26.94,22.94,21.37,28.51,2.3345,1
29,1,134,1,2005-08-01,23.96,4,12.96,11.0,21.37,2.59,1.1214,2
29,2,559,1,2005-08-01,30.94,6,35.91,-4.97,21.37,9.57,1.448,1
29,2,423,2,2005-08-01,21.96,4,30.94,-8.98,21.37,0.59,1.0278,2
29,2,491,2,2005-08-01,15.97,3,36.93,-20.96,21.37,-5.4,0.7474,3
29,2,233,1,2005-08-01,12.97,3,34.92,-21.95,21.37,-8.4,0.607,4
30,2,444,1,2005-05-01,9.98,2,,,9.98,0.0,1.0,1
30,2,444,2,2005-06-01,19.96,4,9.98,9.98,12.97,6.99,1.5389,1
30,2,444,2,2005-07-01,23.94,6,19.96,3.98,13.96,9.98,1.7149,1
30,2,444,1,2005-08-01,29.92,8,23.94,5.98,25.93,3.99,1.1539,1
31,2,392,2,2005-06-01,17.96,4,,,17.96,0.0,1.0,1
31,2,392,2,2005-07-01,14.96,4,17.96,-3.0,11.96,3.0,1.2508,1
31,2,392,1,2005-08-01,26.94,6,14.96,11.98,24.95,2.0,1.08,1
32,2,317,1,2005-05-01,6.99,1,,,6.99,0.0,1.0,1
32,2,317,2,2005-06-01,9.98,2,6.99,2.99,5.49,4.5,1.8195,1
32,2,317,1,2005-07-01,33.92,8,9.98,23.94,25.44,8.48,1.3333,1
32,2,317,1,2005-08-01,26.94,6,33.92,-6.98,22.45,4.5,1.2003,1
33,1,298,1,2005-05-01,3.99,1,,,3.99,0.0,1.0,1
33,1,298,2,2005-06-01,18.96,4,3.99,14.97,18.96,0.0,1.0,1
33,1,298,1,2005-07-01,17.96,4,18.96,-1.0,16.45,1.51,1.0918,1
33,1,298,1,2005-08-01,24.94,6,17.96,6.98,22.95,2.0,1.0869,1
34,1,104,1,2005-05-01,10.99,1,,,6.65,4.34,1.6518,1
34,1,402,2,2005-05-01,1.99,1,,,6.65,-4.66,0.2991,2
34,2,162,1,2005-05-01,11.97,3,,,6.65,5.32,1.7991,1
34,2,35,1,2005-05-01,6.99,1,,,6.65,0.34,1.0506,2
34,1,402,2,2005-06-01,12.97,3,1.99,10.98,7.55,5.42,1.7189,1
34,1,104,2,2005-06-01,7.97,3,10.99,-3.02,7.55,0.42,1.0562,2
34,2,35,1,2005-06-01,12.95,5,6.99,5.96,7.55,5.4,1.7162,1
34,2,162,1,2005-06-01,6.97,3,11.97,-5.0,7.55,-0.58,0.9237,2
34,1,402,2,2005-07-01,37.92,8,12.97,24.95,24.94,12.98,1.5202,1
34,1,104,2,2005-07-01,25.95,5,7.97,17.98,24.94,1.01,1.0403,2
34,2,35,1,2005-07-01,55.89,11,12.95,42.94,24.94,30.95,2.2406,1
34,2,162,2,2005-07-01,18.96,4,6.97,11.99,24.94,-5.98,0.7601,2
34,1,104,1,2005-08-01,22.93,7,25.95,-3.02,10.1,12.84,2.2714,1
34,1,402,2,2005-08-01,6.97,3,37.92,-30.95,10.1,-3.13,0.6904,2
34,2,35,1,2005-08-01,23.94,6,55.89,-31.95,10.1,13.85,2.3715,1
34,2,162,1,2005-08-01,9.98,2,18.96,-8.98,10.1,-0.12,0.9886,2
35,2,65,1,2005-05-01,4.99,1,,,2.99,2.0,1.6689,1
35,2,65,1,2005-06-01,12.98,2,4.99,7.99,12.98,0.0,1.0,1
35,2,65,1,2005-07-01,24.95,5,12.98,11.97,18.96,6.0,1.3163,1
35,2,65,1,2005-08-01,24.96,4,24.95,0.01,23.46,1.5,1.0642,1
36,1,56,1,2005-05-01,19.96,4,,,9.98,9.98,2.0,1
36,2,43,1,2005-05-01,4.99,1,,,9.98,-4.99,0.5,1
36,2,43,2,2005-05-01,4.99,1,4.99,0.0,9.98,-4.99,0.5,1
36,1,56,2,2005-06-01,6.99,1,19.96,-12.97,6.32,0.67,1.1066,1
36,2,43,2,2005-06-01,4.99,1,4.99,0.0,6.32,-1.33,0.79,1
36,1,56,1,2005-07-01,28.94,6,6.99,21.95,21.45,7.49,1.3493,1
36,2,43,1,2005-07-01,29.93,7,4.99,24.94,21.45,8.48,1.3955,1
36,1,56,2,2005-08-01,36.92,8,28.94,7.98,22.95,13.97,1.6085,1
36,2,43,2,2005-08-01,19.96,4,29.93,-9.97,22.95,-2.99,0.8696,1
37,2,584,1,2005-05-01,9.98,2,,,7.49,2.5,1.3333,1
37,2,584,2,2005-06-01,10.98,2,9.98,1.0,10.98,0.0,1.0,1
37,2,584,2,2005-07-01,23.94,6,10.98,12.96,22.44,1.5,1.0668,1
37,2,584,2,2005-08-01,42.92,8,23.94,18.98,29.44,13.49,1.4581,1
38,1,196,2,2005-05-01,20.97,3,,,8.16,12.81,2.5687,1
38,1,201,1,2005-05-01,10.98,2,,,8.16,2.82,1.345,2
38,1,227,1,2005-05-01,8.98,2,,,8.16,0.82,1.1,3
38,1,448,1,2005-05-01,4.99,1,,,8.16,-3.17,0.6112,4
38,2,114,1,2005-05-01,9.98,2,,,8.16,1.82,1.2225,1
38,2,251,1,2005-05-01,9.97,3,,,8.16,1.81,1.2213,2
38,2,251,2,2005-05-01,9.97,3,9.97,0.0,8.16,1.81,1.2213,2
38,1,201,1,2005-06-01,18.96,4,10.98,7.98,11.14,7.82,1.7016,1
38,1,448,2,2005-06-01,18.96,4,4.99,13.97,11.14,7.82,1.7016,1
38,1,196,2,2005-06-01,16.96,4,20.97,-4.01,11.14,5.82,1.5221,2
38,1,227,1,2005-06-01,9.98,2,8.98,1.0,11.14,-1.16,0.8957,3
38,2,114,2,2005-06-01,13.98,2,9.98,4.0,11.14,2.84,1.2547,1
38,2,251,1,2005-06-01,9.98,2,9.97,0.01,11.14,-1.16,0.8957,2
38,1,196,2,2005-07-01,42.9,10,16.96,25.94,22.94,19.96,1.8697,1
38,1,448,2,2005-07-01,30.92,8,18.96,11.96,22.94,7.98,1.3476,2
38,1,195,1,2005-07-01,29.93,7,,,22.94,6.99,1.3045,3
38,1,227,1,2005-07-01,28.92,8,9.98,18.94,22.94,5.98,1.2604,4
38,1,201,2,2005-07-01,15.96,4,18.96,-3.0,22.94,-6.98,0.6956,5
38,2,114,1,2005-07-01,36.91,9,13.98,22.93,22.94,13.97,1.6087,1
38,2,251,2,2005-07-01,32.92,8,9.98,22.94,22.94,9.98,1.4348,2
38,1,201,2,2005-08-01,41.91,9,15.96,25.95,20.87,21.04,2.0078,1
38,1,448,1,2005-08-01,31.93,7,30.92,1.01,20.87,11.06,1.5297,2
38,1,195,2,2005-08-01,30.93,7,29.93,1.0,20.87,10.06,1.4818,3
38,1,196,1,2005-08-01,22.96,4,42.9,-19.94,20.87,2.09,1.0999,4
38,1,227,2,2005-08-01,15.95,5,28.92,-12.97,20.87,-4.92,0.7641,5
38,2,251,2,2005-08-01,26.94,6,32.92,-5.98,20.87,6.07,1.2906,1
38,2,114,1,2005-08-01,21.94,6,36.91,-14.97,20.87,1.07,1.0511,2
39,1,596,2,2005-05-01,12.96,4,,,9.31,3.65,1.3926,1
39,1,3,1,2005-05-01,4.98,2,,,9.31,-4.33,0.5351,2
39,1,3,1,2005-06-01,18.97,3,4.98,13.99,9.98,8.99,1.9008,1
39,1,596,1,2005-06-01,3.98,2,12.96,-8.98,9.98,-6.0,0.3988,2
39,1,3,2,2005-07-01,39.94,6,18.97,20.97,22.7,17.24,1.7593,1
39,1,596,1,2005-07-01,12.96,4,3.98,8.98,22.7,-9.74,0.5709,2
39,1,596,1,2005-08-01,26.92,8,12.96,13.96,20.7,6.22,1.3005,1
39,1,3,2,2005-08-01,23.95,5,39.94,-15.99,20.7,3.25,1.157,2
40,1,207,2,2005-05-01,14.97,3,,,8.97,6.0,1.6689,1
40,1,207,2,2005-06-01,3.99,1,14.97,-10.98,3.99,0.0,1.0,1
40,1,207,2,2005-07-01,35.92,8,3.99,31.93,29.43,6.5,1.2207,1
40,1,207,2,2005-08-01,44.91,9,35.92,8.99,28.44,16.47,1.5791,1
41,2,26,1,2005-05-01,2.99,1,,,2.99,0.0,1.0,1
41,2,26,2,2005-05-01,2.99,1,2.99,0.0,2.99,0.0,1.0,1
41,2,26,1,2005-06-01,25.96,4,2.99,22.97,20.97,5.0,1.2383,1
41,2,26,1,2005-07-01,41.9,10,25.96,15.94,23.44,18.47,1.7879,1
41,2,26,1,2005-08-01,33.93,7,41.9,-7.97,28.94,4.99,1.1724,1
42,1,289,2,2005-06-01,19.96,4,,,18.97,0.99,1.0522,1
42,1,289,2,2005-07-01,28.93,7,19.96,8.97,24.94,3.99,1.16,1
42,1,289,2,2005-08-01,50.91,9,28.93,21.98,27.44,23.47,1.8553,1
43,1,592,2,2005-06-01,12.98,2,,,12.48,0.5,1.0405,1
43,1,592,1,2005-07-01,44.9,10,12.98,31.92,30.93,13.98,1.4519,1
43,1,592,1,2005-08-01,13.97,3,44.9,-30.93,11.96,2.01,1.1681,1
44,1,231,1,2005-05-01,21.97,3,,,5.97,16.0,3.6796,1
44,1,274,1,2005-05-01,18.96,4,,,5.97,12.99,3.1755,2
44,1,316,1,2005-05-01,15.97,3,,,5.97,10.0,2.6747,3
44,1,32,2,2005-05-01,14.97,3,,,5.97,9.0,2.5072,4
44,1,468,2,2005-05-01,14.97,3,,,5.97,9.0,2.5072,4
44,1,509,1,2005-05-01,13.98,2,,,5.97,8.01,2.3414,5
44,1,12,1,2005-05-01,9.98,2,,,5.97,4.01,1.6715,6
44,1,271,1,2005-05-01,8.99,1,,,5.97,3.02,1.5057,7
44,1,170,1,2005-05-01,8.98,2,,,5.97,3.01,1.504,8
44,1,225,1,2005-05-01,8.98,2,,,5.97,3.01,1.504,8
44,1,300,1,2005-05-01,8.98,2,,,5.97,3.01,1.504,8
44,1,59,2,2005-05-01,7.98,2,,,5.97,2.01,1.3365,9
44,1,534,2,2005-05-01,6.98,2,,,5.97,1.01,1.169,10
44,1,554,1,2005-05-01,5.98,2,,,5.97,0.01,1.0016,11
44,1,60,1,2005-05-01,4.99,1,,,5.97,-0.98,0.8357,12
44,1,121,1,2005-05-01,4.99,1,,,5.97,-0.98,0.8357,12
44,1,152,1,2005-05-01,4.99,1,,,5.97,-0.98,0.8357,12
44,1,152,2,2005-05-01,4.99,1,4.99,0.0,5.97,-0.98,0.8357,12
44,1,208,1,2005-05-01,4.99,1,,,5.97,-0.98,0.8357,12
44,1,238,2,2005-05-01,4.99,1,,,5.97,-0.98,0.8357,12
44,1,379,1,2005-05-01,4.99,1,,,5.97,-0.98,0.8357,12
44,1,379,2,2005-05-01,4.99,1,4.99,0.0,5.97,-0.98,0.8357,12
44,1,440,2,2005-05-01,4.99,1,,,5.97,-0.98,0.8357,12
44,1,297,1,2005-05-01,3.99,1,,,5.97,-1.98,0.6683,13
44,1,367,1,2005-05-01,3.98,2,,,5.97,-1.99,0.6666,14
44,1,403,1,2005-05-01,3.98,2,,,5.97,-1.99,0.6666,14
44,1,502,1,2005-05-01,3.98,2,,,5.97,-1.99,0.6666,14
44,1,502,2,2005-05-01,3.98,2,3.98,0.0,5.97,-1.99,0.6666,14
44,1,28,1,2005-05-01,2.99,1,,,5.97,-2.98,0.5008,15
44,1,28,2,2005-05-01,2.99,1,2.99,0.0,5.97,-2.98,0.5008,15
44,1,419,1,2005-05-01,2.99,1,,,5.97,-2.98,0.5008,15
44,1,192,1,2005-05-01,1.99,1,,,5.97,-3.98,0.3333,16
44,1,421,1,2005-05-01,1.98,2,,,5.97,-3.99,0.3316,17
44,1,117,1,2005-05-01,0.99,1,,,5.97,-4.98,0.1658,18
44,1,117,2,2005-05-01,0.99,1,0.99,0.0,5.97,-4.98,0.1658,18
44,1,426,2,2005-05-01,0.99,1,,,5.97,-4.98,0.1658,18
44,2,209,2,2005-05-01,12.98,2,,,5.97,7.01,2.174,1
44,2,217,2,2005-05-01,11.98,2,,,5.97,6.01,2.0065,2
44,2,296,1,2005-05-01,10.98,2,,,5.97,5.01,1.839,3
44,2,167,1,2005-05-01,10.97,3,,,5.97,5.0,1.8373,4
44,2,259,2,2005-05-01,9.98,2,,,5.97,4.01,1.6715,5
44,2,413,1,2005-05-01,9.98,2,,,5.97,4.01,1.6715,5
44,2,135,1,2005-05-01,5.99,1,,,5.97,0.02,1.0032,6
44,2,412,1,2005-05-01,5.98,2,,,5.97,0.01,1.0016,7
44,2,446,1,2005-05-01,5.98,2,,,5.97,0.01,1.0016,7
44,2,95,1,2005-05-01,4.99,1,,,5.97,-0.98,0.8357,8
44,2,356,2,2005-05-01,4.99,1,,,5.97,-0.98,0.8357,8
44,2,358,2,2005-05-01,4.99,1,,,5.97,-0.98,0.8357,8
44,2,287,2,2005-05-01,3.98,2,,,5.97,-1.99,0.6666,9
44,2,123,1,2005-05-01,2.99,1,,,5.97,-2.98,0.5008,10
44,2,136,2,2005-05-01,2.99,1,,,5.97,-2.98,0.5008,10
44,2,492,1,2005-05-01,2.99,1,,,5.97,-2.98,0.5008,10
44,2,508,1,2005-05-01,2.99,1,,,5.97,-2.98,0.5008,10
44,2,508,2,2005-05-01,2.99,1,2.99,0.0,5.97,-2.98,0.5008,10
44,2,529,1,2005-05-01,2.99,1,,,5.97,-2.98,0.5008,10
44,2,186,1,2005-05-01,1.99,1,,,5.97,-3.98,0.3333,11
44,1,12,2,2005-06-01,25.95,5,9.98,15.97,8.96,16.99,2.8975,1
44,1,68,2,2005-06-01,22.96,4,,,8.96,14.0,2.5636,2
44,1,316,2,2005-06-01,20.96,4,15.97,4.99,8.96,12.0,2.3403,3
44,1,403,1,2005-06-01,19.97,3,3.98,15.99,8.96,11.01,2.2298,4
44,1,426,1,2005-06-01,19.95,5,0.99,18.96,8.96,10.99,2.2275,5
44,1,554,1,2005-06-01,18.97,3,5.98,12.99,8.96,10.01,2.1181,6
44,1,297,1,2005-06-01,18.96,4,3.99,14.97,8.96,10.0,2.117,7
44,1,379,1,2005-06-01,17.97,3,4.99,12.98,8.96,9.01,2.0064,8
44,1,268,2,2005-06-01,16.96,4,,,8.96,8.0,1.8937,9
44,1,336,2,2005-06-01,16.95,5,,,8.96,7.99,1.8926,10
44,1,32,2,2005-06-01,15.96,4,14.97,0.99,8.96,7.0,1.782,11
44,1,468,1,2005-06-01,15.96,4,14.97,0.99,8.96,7.0,1.782,11
44,1,78,2,2005-06-01,14.98,2,,,8.96,6.02,1.6726,12
44,1,534,1,2005-06-01,13.96,4,6.98,6.98,8.96,5.0,1.5587,13
44,1,59,1,2005-06-01,10.97,3,7.98,2.99,8.96,2.01,1.2249,14
44,1,238,1,2005-06-01,10.97,3,4.99,5.98,8.96,2.01,1.2249,14
44,1,274,2,2005-06-01,9.99,1,18.96,-8.97,8.96,1.03,1.1154,15
44,1,60,2,2005-06-01,9.98,2,4.99,4.99,8.96,1.02,1.1143,16
44,1,170,2,2005-06-01,9.98,2,8.98,1.0,8.96,1.02,1.1143,16
44,1,421,1,2005-06-01,9.98,2,1.98,8.0,8.96,1.02,1.1143,16
44,1,208,1,2005-06-01,9.97,3,4.99,4.98,8.96,1.01,1.1132,17
44,1,15,1,2005-06-01,8.98,2,,,8.96,0.02,1.0027,18
44,1,502,2,2005-06-01,8.98,2,3.98,5.0,8.96,0.02,1.0027,18
44,1,225,2,2005-06-01,7.99,1,8.98,-0.99,8.96,-0.97,0.8921,19
44,1,28,2,2005-06-01,7.97,3,2.99,4.98,8.96,-0.99,0.8899,20
44,1,175,2,2005-06-01,5.98,2,,,8.96,-2.98,0.6677,21
44,1,152,1,2005-06-01,4.99,1,4.99,0.0,8.96,-3.97,0.5572,22
44,1,509,2,2005-06-01,4.99,1,13.98,-8.99,8.96,-3.97,0.5572,22
44,1,121,1,2005-06-01,4.98,2,4.99,-0.01,8.96,-3.98,0.556,23
44,1,192,1,2005-06-01,3.99,1,1.99,2.0,8.96,-4.97,0.4455,24
44,1,117,1,2005-06-01,2.99,1,0.99,2.0,8.96,-5.97,0.3338,25
44,1,117,2,2005-06-01,2.99,1,2.99,0.0,8.96,-5.97,0.3338,25
44,1,271,2,2005-06-01,2.99,1,8.99,-6.0,8.96,-5.97,0.3338,25
44,1,300,1,2005-06-01,2.99,1,8.98,-5.99,8.96,-5.97,0.3338,25
44,1,419,2,2005-06-01,2.99,1,2.99,0.0,8.96,-5.97,0.3338,25
44,1,231,2,2005-06-01,0.99,1,21.97,-20.98,8.96,-7.97,0.1105,26
44,1,367,1,2005-06-01,0.99,1,3.98,-2.99,8.96,-7.97,0.1105,26
44,2,31,2,2005-06-01,22.94,6,,,8.96,13.98,2.5614,1
44,2,287,2,2005-06-01,19.97,3,3.98,15.99,8.96,11.01,2.2298,2
44,2,358,1,2005-06-01,17.95,5,4.99,12.96,8.96,8.99,2.0042,3
44,2,259,2,2005-06-01,16.97,3,9.98,6.99,8.96,8.01,1.8948,4
44,2,186,1,2005-06-01,15.96,4,1.99,13.97,8.96,7.0,1.782,5
44,2,209,1,2005-06-01,14.97,3,12.98,1.99,8.96,6.01,1.6715,6
44,2,217,1,2005-06-01,14.97,3,11.98,2.99,8.96,6.01,1.6715,6
44,2,446,2,2005-06-01,12.96,4,5.98,6.98,8.96,4.0,1.4471,7
44,2,492,2,2005-06-01,11.97,3,2.99,8.98,8.96,3.01,1.3365,8
44,2,224,1,2005-06-01,10.98,2,,,8.96,2.02,1.226,9
44,2,413,2,2005-06-01,10.98,2,9.98,1.0,8.96,2.02,1.226,9
44,2,123,2,2005-06-01,10.97,3,2.99,7.98,8.96,2.01,1.2249,10
44,2,167,1,2005-06-01,9.98,2,10.97,-0.99,8.96,1.02,1.1143,11
44,2,202,1,2005-06-01,8.97,3,,,8.96,0.01,1.0015,12
44,2,356,1,2005-06-01,8.97,3,4.99,3.98,8.96,0.01,1.0015,12
44,2,95,2,2005-06-01,8.96,4,4.99,3.97,8.96,0.0,1.0004,13
44,2,370,2,2005-06-01,6.99,1,,,8.96,-1.97,0.7805,14
44,2,296,2,2005-06-01,5.98,2,10.98,-5.0,8.96,-2.98,0.6677,15
44,2,135,2,2005-06-01,5.97,3,5.99,-0.02,8.96,-2.99,0.6666,16
44,2,508,2,2005-06-01,4.99,1,2.99,2.0,8.96,-3.97,0.5572,17
44,2,136,2,2005-06-01,2.99,1,2.99,0.0,8.96,-5.97,0.3338,18
44,2,412,1,2005-06-01,2.99,1,5.98,-2.99,8.96,-5.97,0.3338,18
44,2,529,1,2005-06-01,1.99,1,2.99,-1.0,8.96,-6.97,0.2222,19
44,1,225,1,2005-07-01,50.91,9,7.99,42.92,22.87,28.04,2.226,1
44,1,300,1,2005-07-01,47.9,10,2.99,44.91,22.87,25.03,2.0944,2
44,1,426,1,2005-07-01,41.93,7,19.95,21.98,22.87,19.06,1.8333,3
44,1,336,2,2005-07-01,41.91,9,16.95,24.96,22.87,19.04,1.8325,4
44,1,502,2,2005-07-01,41.91,9,8.98,32.93,22.87,19.04,1.8325,4
44,1,32,1,2005-07-01,39.91,9,15.96,23.95,22.87,17.04,1.745,5
44,1,59,1,2005-07-01,36.93,7,10.97,25.96,22.87,14.06,1.6147,6
44,1,403,2,2005-07-01,36.93,7,19.97,16.96,22.87,14.06,1.6147,6
44,1,268,2,2005-07-01,36.92,8,16.96,19.96,22.87,14.05,1.6143,7
44,1,440,1,2005-07-01,34.93,7,4.99,29.94,22.87,12.06,1.5273,8
44,1,468,2,2005-07-01,34.93,7,15.96,18.97,22.87,12.06,1.5273,8
44,1,274,2,2005-07-01,32.93,7,9.99,22.94,22.87,10.06,1.4398,9
44,1,297,1,2005-07-01,32.92,8,18.96,13.96,22.87,10.05,1.4394,10
44,1,170,1,2005-07-01,30.95,5,9.98,20.97,22.87,8.08,1.3533,11
44,1,316,2,2005-07-01,29.94,6,20.96,8.98,22.87,7.07,1.3091,12
44,1,421,2,2005-07-01,29.93,7,9.98,19.95,22.87,7.06,1.3087,13
44,1,238,1,2005-07-01,28.94,6,10.97,17.97,22.87,6.07,1.2654,14
44,1,509,1,2005-07-01,27.96,4,4.99,22.97,22.87,5.09,1.2225,15
44,1,175,1,2005-07-01,27.92,8,5.98,21.94,22.87,5.05,1.2208,16
44,1,78,2,2005-07-01,26.92,8,14.98,11.94,22.87,4.05,1.177,17
44,1,419,1,2005-07-01,26.92,8,2.99,23.93,22.87,4.05,1.177,17
44,1,28,2,2005-07-01,26.91,9,7.97,18.94,22.87,4.04,1.1766,18
44,1,15,1,2005-07-01,25.94,6,8.98,16.96,22.87,3.07,1.1342,19
44,1,208,2,2005-07-01,24.94,6,9.97,14.97,22.87,2.07,1.0905,20
44,1,12,2,2005-07-01,24.92,8,25.95,-1.03,22.87,2.05,1.0896,21
44,1,367,1,2005-07-01,23.95,5,0.99,22.96,22.87,1.08,1.0472,22
44,1,60,1,2005-07-01,23.94,6,9.98,13.96,22.87,1.07,1.0468,23
44,1,121,2,2005-07-01,23.93,7,4.98,18.95,22.87,1.06,1.0463,24
44,1,379,1,2005-07-01,22.96,4,17.97,4.99,22.87,0.09,1.0039,25
44,1,152,1,2005-07-01,22.95,5,4.99,17.96,22.87,0.08,1.0035,26
44,1,68,1,2005-07-01,22.94,6,22.96,-0.02,22.87,0.07,1.003,27
44,1,192,1,2005-07-01,21.95,5,3.99,17.96,22.87,-0.92,0.9597,28
44,1,117,1,2005-07-01,20.96,4,2.99,17.97,22.87,-1.91,0.9165,29
44,1,231,2,2005-07-01,20.95,5,0.99,19.96,22.87,-1.92,0.916,30
44,1,271,1,2005-07-01,17.94,6,2.99,14.95,22.87,-4.93,0.7844,31
44,1,534,2,2005-07-01,13.96,4,13.96,0.0,22.87,-8.91,0.6104,32
44,1,554,1,2005-07-01,11.97,3,18.97,-7.0,22.87,-10.9,0.5234,33
44,2,508,2,2005-07-01,60.89,11,4.99,55.9,22.87,38.02,2.6624,1
44,2,209,2,2005-07-01,48.91,9,14.97,33.94,22.87,26.04,2.1385,2
44,2,446,2,2005-07-01,37.91,9,12.96,24.95,22.87,15.04,1.6576,3
44,2,296,1,2005-07-01,34.93,7,5.98,28.95,22.87,12.06,1.5273,4
44,2,259,2,2005-07-01,32.94,6,16.97,15.97,22.87,10.07,1.4403,5
44,2,95,1,2005-07-01,32.93,7,8.96,23.97,22.87,10.06,1.4398,6
44,2,217,2,2005-07-01,32.92,8,14.97,17.95,22.87,10.05,1.4394,7
44,2,135,1,2005-07-01,31.9,10,5.97,25.93,22.87,9.03,1.3948,8
44,2,31,2,2005-07-01,30.93,7,22.94,7.99,22.87,8.06,1.3524,9
44,2,123,1,2005-07-01,29.94,6,10.97,18.97,22.87,7.07,1.3091,10
44,2,529,2,2005-07-01,29.92,8,1.99,27.93,22.87,7.05,1.3082,11
44,2,202,2,2005-07-01,28.93,7,8.97,19.96,22.87,6.06,1.2649,12
44,2,356,2,2005-07-01,27.95,5,8.97,18.98,22.87,5.08,1.2221,13
44,2,287,2,2005-07-01,26.92,8,19.97,6.95,22.87,4.05,1.177,14
44,2,167,1,2005-07-01,25.92,8,9.98,15.94,22.87,3.05,1.1333,15
44,2,492,2,2005-07-01,19.96,4,11.97,7.99,22.87,-2.91,0.8727,16
44,2,370,2,2005-07-01,19.94,6,6.99,12.95,22.87,-2.93,0.8719,17
44,2,224,1,2005-07-01,16.95,5,10.98,5.97,22.87,-5.92,0.7411,18
44,2,412,1,2005-07-01,15.96,4,2.99,12.97,22.87,-6.91,0.6978,19
44,2,186,2,2005-07-01,15.95,5,15.96,-0.01,22.87,-6.92,0.6974,20
44,2,136,1,2005-07-01,13.97,3,2.99,10.98,22.87,-8.9,0.6108,21
44,2,413,1,2005-07-01,13.97,3,10.98,2.99,22.87,-8.9,0.6108,21
44,2,358,1,2005-07-01,12.95,5,17.95,-5.0,22.87,-9.92,0.5662,22
44,1,15,2,2005-08-01,45.9,10,25.94,19.96,21.7,24.2,2.1155,1
44,1,78,2,2005-08-01,43.92,8,26.92,17.0,21.7,22.22,2.0243,2
44,1,468,2,2005-08-01,42.92,8,34.93,7.99,21.7,21.22,1.9782,3
44,1,268,2,2005-08-01,41.92,8,36.92,5.0,21.7,20.22,1.9321,4
44,1,121,2,2005-08-01,41.92,8,23.93,17.99,21.7,20.22,1.9321,5
44,1,274,1,2005-08-01,38.91,9,32.93,5.98,21.7,17.21,1.7934,6
44,1,502,1,2005-08-01,36.9,10,41.91,-5.01,21.7,15.2,1.7007,7
44,1,403,1,2005-08-01,35.92,8,36.93,-1.01,21.7,14.22,1.6556,8
44,1,175,2,2005-08-01,34.94,6,27.92,7.02,21.7,13.24,1.6104,9
44,1,421,1,2005-08-01,32.93,7,29.93,3.0,21.7,11.23,1.5177,10
44,1,426,2,2005-08-01,32.92,8,41.93,-9.01,21.7,11.22,1.5173,11
44,1,60,1,2005-08-01,31.92,8,23.94,7.98,21.7,10.22,1.4712,12
44,1,554,2,2005-08-01,30.95,5,11.97,18.98,21.7,9.25,1.4265,13
44,1,297,1,2005-08-01,30.93,7,32.92,-1.99,21.7,9.23,1.4256,14
44,1,300,1,2005-08-01,29.95,5,47.9,-17.95,21.7,8.25,1.3804,15
44,1,534,2,2005-08-01,29.93,7,13.96,15.97,21.7,8.23,1.3795,16
44,1,170,2,2005-08-01,28.95,5,30.95,-2.0,21.7,7.25,1.3343,17
44,1,192,1,2005-08-01,28.95,5,21.95,7.0,21.7,7.25,1.3343,17
44,1,231,1,2005-08-01,28.93,7,20.95,7.98,21.7,7.23,1.3334,18
44,1,367,2,2005-08-01,26.95,5,23.95,3.0,21.7,5.25,1.2421,19
44,1,59,2,2005-08-01,26.94,6,36.93,-9.99,21.7,5.24,1.2417,20
44,1,117,1,2005-08-01,26.93,7,20.96,5.97,21.7,5.23,1.2412,21
44,1,379,2,2005-08-01,23.95,5,22.96,0.99,21.7,2.25,1.1039,22
44,1,238,1,2005-08-01,23.95,5,28.94,-4.99,21.7,2.25,1.1039,23
44,1,440,2,2005-08-01,23.95,5,34.93,-10.98,21.7,2.25,1.1039,23
44,1,336,1,2005-08-01,22.97,3,41.91,-18.94,21.7,1.27,1.0587,24
44,1,419,1,2005-08-01,22.95,5,26.92,-3.97,21.7,1.25,1.0578,25
44,1,509,2,2005-08-01,21.96,4,27.96,-6.0,21.7,0.26,1.0121,26
44,1,208,2,2005-08-01,21.95,5,24.94,-2.99,21.7,0.25,1.0117,27
44,1,152,1,2005-08-01,21.94,6,22.95,-1.01,21.7,0.24,1.0112,28
44,1,32,2,2005-08-01,20.97,3,39.91,-18.94,21.7,-0.73,0.9665,29
44,1,12,2,2005-08-01,20.95,5,24.92,-3.97,21.7,-0.75,0.9656,30
44,1,225,2,2005-08-01,19.95,5,50.91,-30.96,21.7,-1.75,0.9195,31
44,1,28,1,2005-08-01,18.94,6,26.91,-7.97,21.7,-2.76,0.8729,32
44,1,68,2,2005-08-01,14.96,4,22.94,-7.98,21.7,-6.74,0.6895,33
44,1,271,1,2005-08-01,14.96,4,17.94,-2.98,21.7,-6.74,0.6895,33
44,1,316,2,2005-08-01,12.96,4,29.94,-16.98,21.7,-8.74,0.5973,34
44,2,259,1,2005-08-01,38.92,8,32.94,5.98,21.7,17.22,1.7938,1
44,2,529,2,2005-08-01,36.93,7,29.92,7.01,21.7,15.23,1.7021,2
44,2,296,2,2005-08-01,35.93,7,34.93,1.0,21.7,14.23,1.656,3
44,2,356,2,2005-08-01,34.93,7,27.95,6.98,21.7,13.23,1.6099,4
44,2,186,1,2005-08-01,31.92,8,15.95,15.97,21.7,10.22,1.4712,5
44,2,508,1,2005-08-01,30.95,5,60.89,-29.94,21.7,9.25,1.4265,6
44,2,217,1,2005-08-01,28.94,6,32.92,-3.98,21.7,7.24,1.3338,7
44,2,370,1,2005-08-01,27.93,7,19.94,7.99,21.7,6.23,1.2873,8
44,2,209,2,2005-08-01,26.96,4,48.91,-21.95,21.7,5.26,1.2426,9
44,2,412,1,2005-08-01,25.96,4,15.96,10.0,21.7,4.26,1.1965,10
44,2,358,1,2005-08-01,25.95,5,12.95,13.0,21.7,4.25,1.196,11
44,2,287,2,2005-08-01,25.93,7,26.92,-0.99,21.7,4.23,1.1951,12
44,2,123,2,2005-08-01,24.96,4,29.94,-4.98,21.7,3.26,1.1504,13
44,2,167,1,2005-08-01,23.94,6,25.92,-1.98,21.7,2.24,1.1034,14
44,2,202,1,2005-08-01,21.94,6,28.93,-6.99,21.7,0.24,1.0112,15
44,2,224,2,2005-08-01,20.95,5,16.95,4.0,21.7,-0.75,0.9656,16
44,2,95,2,2005-08-01,19.96,4,32.93,-12.97,21.7,-1.74,0.92,17
44,2,135,1,2005-08-01,19.94,6,31.9,-11.96,21.7,-1.76,0.919,18
44,2,31,2,2005-08-01,18.97,3,30.93,-11.96,21.7,-2.73,0.8743,19
44,2,136,2,2005-08-01,17.96,4,13.97,3.99,21.7,-3.74,0.8278,20
44,2,413,1,2005-08-01,17.93,7,13.97,3.96,21.7,-3.77,0.8264,21
44,2,446,2,2005-08-01,10.97,3,37.91,-26.94,21.7,-10.73,0.5056,22
44,2,492,1,2005-08-01,7.98,2,19.96,-11.98,21.7,-13.72,0.3678,23
45,1,500,1,2005-05-01,18.97,3,,,7.98,10.99,2.3767,1
45,1,411,2,2005-05-01,6.98,2,,,7.98,-1.0,0.8745,2
45,1,116,1,2005-05-01,4.99,1,,,7.98,-2.99,0.6252,3
45,1,524,1,2005-05-01,4.99,1,,,7.98,-2.99,0.6252,3
45,1,450,2,2005-05-01,3.99,1,,,7.98,-3.99,0.4999,4
45,1,203,1,2005-05-01,0.99,1,,,7.98,-6.99,0.124,5
45,2,239,1,2005-05-01,22.96,4,,,7.98,14.98,2.8766,1
45,2,506,1,2005-05-01,15.97,3,,,7.98,7.99,2.0008,2
45,2,473,2,2005-05-01,6.98,2,,,7.98,-1.0,0.8745,3
45,2,372,1,2005-05-01,5.98,2,,,7.98,-2.0,0.7492,4
45,2,542,1,2005-05-01,4.99,1,,,7.98,-2.99,0.6252,5
45,2,542,2,2005-05-01,4.99,1,4.99,0.0,7.98,-2.99,0.6252,5
45,2,328,2,2005-05-01,2.99,1,,,7.98,-4.99,0.3746,6
45,1,500,2,2005-06-01,16.97,3,18.97,-2.0,9.58,7.39,1.772,1
45,1,450,1,2005-06-01,13.96,4,3.99,9.97,9.58,4.38,1.4577,2
45,1,116,2,2005-06-01,11.96,4,4.99,6.97,9.58,2.38,1.2489,3
45,1,203,2,2005-06-01,10.98,2,0.99,9.99,9.58,1.4,1.1465,4
45,1,524,2,2005-06-01,7.98,2,4.99,2.99,9.58,-1.6,0.8333,5
45,1,458,2,2005-06-01,6.98,2,,,9.58,-2.6,0.7288,6
45,1,411,2,2005-06-01,3.98,2,6.98,-3.0,9.58,-5.6,0.4156,7
45,2,506,1,2005-06-01,19.97,3,15.97,4.0,9.58,10.39,2.0852,1
45,2,239,1,2005-06-01,15.97,3,22.96,-6.99,9.58,6.39,1.6676,2
45,2,328,2,2005-06-01,15.97,3,2.99,12.98,9.58,6.39,1.6676,2
45,2,153,1,2005-06-01,12.96,4,,,9.58,3.38,1.3533,3
45,2,372,1,2005-06-01,11.97,3,5.98,5.99,9.58,2.39,1.2499,4
45,2,542,2,2005-06-01,10.99,1,4.99,6.0,9.58,1.41,1.1476,5
45,2,473,2,2005-06-01,10.97,3,6.98,3.99,9.58,1.39,1.1455,6
45,1,116,2,2005-07-01,30.94,6,11.96,18.98,21.66,9.28,1.4281,1
45,1,203,2,2005-07-01,26.96,4,10.98,15.98,21.66,5.3,1.2444,2
45,1,500,2,2005-07-01,25.94,6,16.97,8.97,21.66,4.28,1.1973,3
45,1,524,1,2005-07-01,24.96,4,7.98,16.98,21.66,3.3,1.1521,4
45,1,458,2,2005-07-01,18.96,4,6.98,11.98,21.66,-2.7,0.8752,5
45,1,450,1,2005-07-01,18.95,5,13.96,4.99,21.66,-2.71,0.8747,6
45,1,411,1,2005-07-01,17.93,7,3.98,13.95,21.66,-3.73,0.8276,7
45,2,506,2,2005-07-01,42.92,8,19.97,22.95,21.66,21.26,1.9811,1
45,2,372,2,2005-07-01,40.94,6,11.97,28.97,21.66,19.28,1.8897,2
45,2,473,2,2005-07-01,39.93,7,10.97,28.96,21.66,18.27,1.8431,3
45,2,153,2,2005-07-01,31.93,7,12.96,18.97,21.66,10.27,1.4738,4
45,2,239,2,2005-07-01,26.94,6,15.97,10.97,21.66,5.28,1.2435,5
45,2,542,2,2005-07-01,25.95,5,10.99,14.96,21.66,4.29,1.1978,6
45,2,328,1,2005-07-01,16.96,4,15.97,0.99,21.66,-4.7,0.7828,7
45,1,116,2,2005-08-01,29.95,5,30.94,-0.99,18.67,11.28,1.6046,1
45,1,203,2,2005-08-01,23.94,6,26.96,-3.02,18.67,5.27,1.2826,2
45,1,458,2,2005-08-01,22.93,7,18.96,3.97,18.67,4.26,1.2285,3
45,1,500,1,2005-08-01,21.94,6,25.94,-4.0,18.67,3.27,1.1754,4
45,1,450,1,2005-08-01,19.95,5,18.95,1.0,18.67,1.28,1.0688,5
45,1,411,2,2005-08-01,17.95,5,17.93,0.02,18.67,-0.72,0.9617,6
45,1,524,2,2005-08-01,16.96,4,24.96,-8.0,18.67,-1.71,0.9086,7
45,2,372,2,2005-08-01,44.93,7,40.94,3.99,18.67,26.26,2.4071,1
45,2,473,2,2005-08-01,35.91,9,39.93,-4.02,18.67,17.24,1.9239,2
45,2,153,1,2005-08-01,27.93,7,31.93,-4.0,18.67,9.26,1.4964,3
45,2,328,1,2005-08-01,24.93,7,16.96,7.97,18.67,6.26,1.3356,4
45,2,506,2,2005-08-01,24.93,7,42.92,-17.99,18.67,6.26,1.3356,4
45,2,239,2,2005-08-01,18.95,5,26.94,-7.99,18.67,0.28,1.0152,5
45,2,542,2,2005-08-01,13.97,3,25.95,-11.98,18.67,-4.7,0.7484,6
46,1,368,1,2005-05-01,17.96,4,,,5.58,12.38,3.2163,1
46,1,10,2,2005-05-01,4.99,1,,,5.58,-0.59,0.8936,2
46,1,185,2,2005-05-01,3.98,2,,,5.58,-1.6,0.7128,3
46,1,459,2,2005-05-01,2.99,1,,,5.58,-2.59,0.5355,4
46,2,449,2,2005-05-01,10.98,2,,,5.58,5.4,1.9663,1
46,2,279,1,2005-05-01,2.99,1,,,5.58,-2.59,0.5355,2
46,2,36,1,2005-05-01,1.98,2,,,5.58,-3.6,0.3546,3
46,1,368,1,2005-06-01,25.95,5,17.96,7.99,9.97,15.98,2.602,1
46,1,459,2,2005-06-01,24.94,6,2.99,21.95,9.97,14.97,2.5007,2
46,1,185,1,2005-06-01,14.97,3,3.98,10.99,9.97,5.0,1.501,3
46,1,377,2,2005-06-01,12.96,4,,,9.97,2.99,1.2995,4
46,1,10,1,2005-06-01,11.96,4,4.99,6.97,9.97,1.99,1.1992,5
46,2,279,1,2005-06-01,16.95,5,2.99,13.96,9.97,6.98,1.6996,1
46,2,449,2,2005-06-01,7.98,2,10.98,-3.0,9.97,-1.99,0.8002,2
46,2,36,2,2005-06-01,0.99,1,1.98,-0.99,9.97,-8.98,0.0993,3
46,1,459,1,2005-07-01,58.88,12,24.94,33.94,25.07,33.81,2.349,1
46,1,185,1,2005-07-01,34.93,7,14.97,19.96,25.07,9.86,1.3935,2
46,1,377,2,2005-07-01,28.95,5,12.96,15.99,25.07,3.88,1.1549,3
46,1,368,1,2005-07-01,28.93,7,25.95,2.98,25.07,3.86,1.1541,4
46,1,10,2,2005-07-01,23.95,5,11.96,11.99,25.07,-1.12,0.9555,5
46,2,279,1,2005-07-01,26.95,5,16.95,10.0,25.07,1.88,1.0752,1
46,2,449,2,2005-07-01,23.95,5,7.98,15.97,25.07,-1.12,0.9555,2
46,2,36,2,2005-07-01,20.93,7,0.99,19.94,25.07,-4.14,0.835,3
46,1,459,1,2005-08-01,48.91,9,58.88,-9.97,22.45,26.46,2.1786,1
46,1,368,2,2005-08-01,36.92,8,28.93,7.99,22.45,14.47,1.6445,2
46,1,377,1,2005-08-01,35.91,9,28.95,6.96,22.45,13.46,1.5995,3
46,1,10,2,2005-08-01,25.94,6,23.95,1.99,22.45,3.49,1.1554,4
46,1,185,1,2005-08-01,9.97,3,34.93,-24.96,22.45,-12.48,0.4441,5
46,2,279,1,2005-08-01,41.91,9,26.95,14.96,22.45,19.46,1.8668,1
46,2,36,2,2005-08-01,27.93,7,20.93,7.0,22.45,5.48,1.2441,2
46,2,449,2,2005-08-01,17.97,3,23.95,-5.98,22.45,-4.48,0.8004,3
47,2,579,1,2005-06-01,6.98,2,,,6.49,0.5,1.0763,1
47,2,579,2,2005-07-01,44.92,8,6.98,37.94,32.93,11.99,1.3641,1
47,2,579,2,2005-08-01,19.95,5,44.92,-24.97,15.96,4.0,1.2504,1
48,1,161,1,2005-05-01,9.97,3,,,7.98,1.99,1.2497,1
48,1,102,1,2005-05-01,5.98,2,,,7.98,-2.0,0.7496,2
48,2,315,1,2005-05-01,13.98,2,,,7.98,6.0,1.7523,1
48,1,478,2,2005-06-01,23.96,4,,,10.78,13.18,2.223,1
48,1,102,2,2005-06-01,11.98,2,5.98,6.0,10.78,1.2,1.1115,2
48,1,161,1,2005-06-01,6.98,2,9.97,-2.99,10.78,-3.8,0.6476,3
48,2,315,1,2005-06-01,2.99,1,13.98,-10.99,10.78,-7.79,0.2774,1
48,1,102,1,2005-07-01,42.91,9,11.98,30.93,25.44,17.47,1.6865,1
48,1,161,2,2005-07-01,25.94,6,6.98,18.96,25.44,0.5,1.0196,2
48,1,478,1,2005-07-01,17.96,4,23.96,-6.0,25.44,-7.48,0.7059,3
48,2,315,2,2005-07-01,23.97,3,2.99,20.98,25.44,-1.47,0.9421,1
48,1,161,1,2005-08-01,34.92,8,25.94,8.98,15.21,19.71,2.2955,1
48,1,102,1,2005-08-01,16.97,3,42.91,-25.94,15.21,1.76,1.1155,2
48,1,478,1,2005-08-01,12.97,3,17.96,-4.99,15.21,-2.24,0.8526,3
48,1,478,2,2005-08-01,12.97,3,12.97,0.0,15.21,-2.24,0.8526,3
48,2,315,1,2005-08-01,9.98,2,23.97,-13.99,15.21,-5.23,0.656,1
49,1,309,2,2005-05-01,7.98,2,,,6.49,1.49,1.2303,1
49,1,221,2,2005-05-01,4.99,1,,,6.49,-1.5,0.7693,2
49,2,439,1,2005-05-01,12.98,2,,,6.49,6.49,2.0012,1
49,2,541,1,2005-05-01,12.98,2,,,6.49,6.49,2.0012,1
49,2,525,1,2005-05-01,5.99,1,,,6.49,-0.5,0.9235,2
49,2,33,1,2005-05-01,2.99,1,,,6.49,-3.5,0.461,3
49,2,499,2,2005-05-01,2.99,1,,,6.49,-3.5,0.461,3
49,1,309,2,2005-06-01,20.97,3,7.98,12.99,9.37,11.6,2.2389,1
49,1,221,1,2005-06-01,20.96,4,4.99,15.97,9.37,11.59,2.2378,2
49,2,439,1,2005-06-01,17.96,4,12.98,4.98,9.37,8.59,1.9175,1
49,2,499,2,2005-06-01,11.97,3,2.99,8.98,9.37,2.6,1.278,2
49,2,33,1,2005-06-01,10.99,1,2.99,8.0,9.37,1.62,1.1734,3
49,2,541,1,2005-06-01,6.99,1,12.98,-5.99,9.37,-2.38,0.7463,4
49,2,525,2,2005-06-01,2.99,1,5.99,-3.0,9.37,-6.38,0.3192,5
49,1,309,2,2005-07-01,45.92,8,20.97,24.95,24.23,21.69,1.8952,1
49,1,221,1,2005-07-01,36.93,7,20.96,15.97,24.23,12.7,1.5241,2
49,2,525,2,2005-07-01,30.95,5,2.99,27.96,24.23,6.72,1.2773,1
49,2,439,1,2005-07-01,27.92,8,17.96,9.96,24.23,3.69,1.1523,2
49,2,499,1,2005-07-01,26.92,8,11.97,14.95,24.23,2.69,1.111,3
49,2,33,1,2005-07-01,23.94,6,10.99,12.95,24.23,-0.29,0.988,4
49,2,541,1,2005-07-01,16.97,3,6.99,9.98,24.23,-7.26,0.7004,5
49,1,309,2,2005-08-01,29.94,6,45.92,-15.98,22.45,7.49,1.3338,1
49,1,221,1,2005-08-01,25.95,5,36.93,-10.98,22.45,3.5,1.156,2
49,2,439,2,2005-08-01,55.9,10,27.92,27.98,22.45,33.45,2.4903,1
49,2,499,1,2005-08-01,42.93,7,26.92,16.01,22.45,20.48,1.9125,2
49,2,33,1,2005-08-01,31.93,7,23.94,7.99,22.45,9.48,1.4225,3
49,2,541,1,2005-08-01,26.94,6,16.97,9.97,22.45,4.49,1.2002,4
49,2,525,2,2005-08-01,6.98,2,30.95,-23.97,22.45,-15.47,0.311,5
50,1,337,1,2005-05-01,20.97,3,,,8.24,12.73,2.5453,1
50,1,391,1,2005-05-01,16.97,3,,,8.24,8.73,2.0598,2
50,1,53,2,2005-05-01,15.98,2,,,8.24,7.74,1.9397,3
50,1,54,2,2005-05-01,13.97,3,,,8.24,5.73,1.6957,4
50,1,503,1,2005-05-01,13.97,3,,,8.24,5.73,1.6957,4
50,1,547,2,2005-05-01,10.98,2,,,8.24,2.74,1.3328,5
50,1,79,1,2005-05-01,10.97,3,,,8.24,2.73,1.3315,6
50,1,240,1,2005-05-01,10.97,3,,,8.24,2.73,1.3315,6
50,1,253,1,2005-05-01,10.97,3,,,8.24,2.73,1.3315,6
50,1,396,2,2005-05-01,5.99,1,,,8.24,-2.25,0.7271,7
50,1,385,2,2005-05-01,4.99,1,,,8.24,-3.25,0.6057,8
50,1,489,1,2005-05-01,4.99,1,,,8.24,-3.25,0.6057,8
50,1,1,1,2005-05-01,3.98,2,,,8.24,-4.26,0.4831,9
50,1,141,2,2005-05-01,2.99,1,,,8.24,-5.25,0.3629,10
50,2,429,2,2005-05-01,26.95,5,,,8.24,18.71,3.2712,1
50,2,194,2,2005-05-01,12.98,2,,,8.24,4.74,1.5755,2
50,2,401,2,2005-05-01,11.97,3,,,8.24,3.73,1.4529,3
50,2,299,2,2005-05-01,8.99,1,,,8.24,0.75,1.0912,4
50,2,531,1,2005-05-01,7.98,2,,,8.24,-0.26,0.9686,5
50,2,11,1,2005-05-01,6.99,1,,,8.24,-1.25,0.8484,6
50,2,365,2,2005-05-01,5.99,1,,,8.24,-2.25,0.7271,7
50,2,404,2,2005-05-01,5.99,1,,,8.24,-2.25,0.7271,7
50,2,355,1,2005-05-01,3.99,1,,,8.24,-4.25,0.4843,8
50,2,519,1,2005-05-01,3.99,1,,,8.24,-4.25,0.4843,8
50,2,29,2,2005-05-01,1.99,1,,,8.24,-6.25,0.2415,9
50,2,147,1,2005-05-01,1.98,2,,,8.24,-6.26,0.2403,10
50,2,574,2,2005-05-01,0.99,1,,,8.24,-7.25,0.1202,11
50,1,163,2,2005-06-01,21.96,4,,,9.22,12.74,2.381,1
50,1,1,1,2005-06-01,19.96,4,3.98,15.98,9.22,10.74,2.1641,2
50,1,253,2,2005-06-01,19.96,4,10.97,8.99,9.22,10.74,2.1641,2
50,1,141,2,2005-06-01,15.98,2,2.99,12.99,9.22,6.76,1.7326,3
50,1,396,2,2005-06-01,13.97,3,5.99,7.98,9.22,4.75,1.5147,4
50,1,489,1,2005-06-01,13.97,3,4.99,8.98,9.22,4.75,1.5147,4
50,1,54,1,2005-06-01,12.97,3,13.97,-1.0,9.22,3.75,1.4062,5
50,1,285,2,2005-06-01,11.98,2,,,9.22,2.76,1.2989,6
50,1,240,2,2005-06-01,9.98,2,10.97,-0.99,9.22,0.76,1.0821,7
50,1,264,1,2005-06-01,9.97,3,,,9.22,0.75,1.081,8
50,1,547,2,2005-06-01,8.99,1,10.98,-1.99,9.22,-0.23,0.9747,9
50,1,79,2,2005-06-01,7.98,2,10.97,-2.99,9.22,-1.24,0.8652,10
50,1,53,1,2005-06-01,6.97,3,15.98,-9.01,9.22,-2.25,0.7557,11
50,1,337,1,2005-06-01,5.99,1,20.97,-14.98,9.22,-3.23,0.6494,12
50,1,391,1,2005-06-01,5.98,2,16.97,-10.99,9.22,-3.24,0.6484,13
50,1,503,2,2005-06-01,5.98,2,13.97,-7.99,9.22,-3.24,0.6484,13
50,1,385,1,2005-06-01,4.97,3,4.99,-0.02,9.22,-4.25,0.5389,14
50,2,194,1,2005-06-01,19.95,5,12.98,6.97,9.22,10.73,2.163,1
50,2,299,1,2005-06-01,18.96,4,8.99,9.97,9.22,9.74,2.0557,2
50,2,429,2,2005-06-01,16.97,3,26.95,-9.98,9.22,7.75,1.8399,3
50,2,365,1,2005-06-01,16.96,4,5.99,10.97,9.22,7.74,1.8388,4
50,2,11,1,2005-06-01,15.97,3,6.99,8.98,9.22,6.75,1.7315,5
50,2,29,1,2005-06-01,15.95,5,1.99,13.96,9.22,6.73,1.7293,6
50,2,519,2,2005-06-01,14.98,2,3.99,10.99,9.22,5.76,1.6242,7
50,2,574,1,2005-06-01,9.96,4,0.99,8.97,9.22,0.74,1.0799,8
50,2,147,2,2005-06-01,8.98,2,1.98,7.0,9.22,-0.24,0.9736,9
50,2,404,1,2005-06-01,7.98,2,5.99,1.99,9.22,-1.24,0.8652,10
50,2,404,2,2005-06-01,7.98,2,7.98,0.0,9.22,-1.24,0.8652,10
50,2,34,2,2005-06-01,5.99,1,,,9.22,-3.23,0.6494,11
50,2,355,1,2005-06-01,2.99,1,3.99,-1.0,9.22,-6.23,0.3242,12
50,2,531,2,2005-06-01,2.99,1,7.98,-4.99,9.22,-6.23,0.3242,12
50,1,285,1,2005-07-01,47.93,7,11.98,35.95,22.62,25.31,2.1186,1
50,1,264,1,2005-07-01,46.91,9,9.97,36.94,22.62,24.29,2.0735,2
50,1,337,2,2005-07-01,32.95,5,5.99,26.96,22.62,10.33,1.4565,3
50,1,396,2,2005-07-01,31.9,10,13.97,17.93,22.62,9.28,1.41,4
50,1,1,1,2005-07-01,29.94,6,19.96,9.98,22.62,7.32,1.3234,5
50,1,385,1,2005-07-01,28.93,7,4.97,23.96,22.62,6.31,1.2788,6
50,1,79,1,2005-07-01,27.92,8,7.98,19.94,22.62,5.3,1.2341,7
50,1,240,1,2005-07-01,25.94,6,9.98,15.96,22.62,3.32,1.1466,8
50,1,240,2,2005-07-01,25.94,6,25.94,0.0,22.62,3.32,1.1466,8
50,1,547,2,2005-07-01,23.95,5,8.99,14.96,22.62,1.33,1.0586,9
50,1,503,1,2005-07-01,22.95,5,5.98,16.97,22.62,0.33,1.0144,10
50,1,141,2,2005-07-01,22.94,6,15.98,6.96,22.62,0.32,1.014,11
50,1,163,1,2005-07-01,20.94,6,21.96,-1.02,22.62,-1.68,0.9256,12
50,1,391,1,2005-07-01,20.93,7,5.98,14.95,22.62,-1.69,0.9251,13
50,1,53,1,2005-07-01,17.97,3,6.97,11.0,22.62,-4.65,0.7943,14
50,1,253,2,2005-07-01,17.94,6,19.96,-2.02,22.62,-4.68,0.793,15
50,1,54,1,2005-07-01,14.96,4,12.97,1.99,22.62,-7.66,0.6613,16
50,1,54,2,2005-07-01,14.96,4,14.96,0.0,22.62,-7.66,0.6613,16
50,1,489,1,2005-07-01,13.97,3,13.97,0.0,22.62,-8.65,0.6175,17
50,2,574,1,2005-07-01,56.87,13,9.96,46.91,22.62,34.25,2.5138,1
50,2,404,1,2005-07-01,46.89,11,7.98,38.91,22.62,24.27,2.0726,2
50,2,531,2,2005-07-01,41.9,10,2.99,38.91,22.62,19.28,1.8521,3
50,2,429,2,2005-07-01,37.93,7,16.97,20.96,22.62,15.31,1.6766,4
50,2,519,2,2005-07-01,33.91,9,14.98,18.93,22.62,11.29,1.4989,5
50,2,29,2,2005-07-01,30.94,6,15.95,14.99,22.62,8.32,1.3676,6
50,2,11,2,2005-07-01,27.94,6,15.97,11.97,22.62,5.32,1.235,7
50,2,355,1,2005-07-01,27.94,6,2.99,24.95,22.62,5.32,1.235,7
50,2,365,1,2005-07-01,26.94,6,16.96,9.98,22.62,4.32,1.1908,8
50,2,299,1,2005-07-01,24.94,6,18.96,5.98,22.62,2.32,1.1024,9
50,2,147,2,2005-07-01,23.91,9,8.98,14.93,22.62,1.29,1.0569,10
50,2,401,2,2005-07-01,22.94,6,11.97,10.97,22.62,0.32,1.014,11
50,2,34,2,2005-07-01,20.95,5,5.99,14.96,22.62,-1.67,0.926,12
50,2,194,2,2005-07-01,14.97,3,19.95,-4.98,22.62,-7.65,0.6617,13
50,1,141,1,2005-08-01,41.88,12,22.94,18.94,20.47,21.41,2.0461,1
50,1,54,1,2005-08-01,39.92,8,14.96,24.96,20.47,19.45,1.9504,2
50,1,253,2,2005-08-01,34.93,7,17.94,16.99,20.47,14.46,1.7066,3
50,1,489,2,2005-08-01,32.95,5,13.97,18.98,20.47,12.48,1.6099,4
50,1,396,2,2005-08-01,32.94,6,31.9,1.04,20.47,12.47,1.6094,5
50,1,163,2,2005-08-01,30.93,7,20.94,9.99,20.47,10.46,1.5112,6
50,1,503,1,2005-08-01,29.9,10,22.95,6.95,20.47,9.43,1.4608,7
50,1,53,1,2005-08-01,26.94,6,17.97,8.97,20.47,6.47,1.3162,8
50,1,285,1,2005-08-01,26.94,6,47.93,-20.99,20.47,6.47,1.3162,9
50,1,337,2,2005-08-01,25.94,6,32.95,-7.01,20.47,5.47,1.2674,10
50,1,391,1,2005-08-01,24.93,7,20.93,4.0,20.47,4.46,1.218,11
50,1,385,1,2005-08-01,23.93,7,28.93,-5.0,20.47,3.46,1.1692,12
50,1,264,1,2005-08-01,22.95,5,46.91,-23.96,20.47,2.48,1.1213,13
50,1,240,1,2005-08-01,20.97,3,25.94,-4.97,20.47,0.5,1.0245,14
50,1,1,2,2005-08-01,20.94,6,29.94,-9.0,20.47,0.47,1.0231,15
50,1,547,1,2005-08-01,18.96,4,23.95,-4.99,20.47,-1.51,0.9263,16
50,1,79,2,2005-08-01,7.98,2,27.92,-19.94,20.47,-12.49,0.3899,17
50,2,147,2,2005-08-01,45.91,9,23.91,22.0,20.47,25.44,2.243,1
50,2,29,1,2005-08-01,43.9,10,30.94,12.96,20.47,23.43,2.1448,2
50,2,404,2,2005-08-01,33.94,6,46.89,-12.95,20.47,13.47,1.6582,3
50,2,299,1,2005-08-01,23.94,6,24.94,-1.0,20.47,3.47,1.1696,4
50,2,34,1,2005-08-01,23.93,7,20.95,2.98,20.47,3.46,1.1692,5
50,2,194,2,2005-08-01,22.96,4,14.97,7.99,20.47,2.49,1.1218,6
50,2,531,1,2005-08-01,22.96,4,41.9,-18.94,20.47,2.49,1.1218,6
50,2,519,2,2005-08-01,18.96,4,33.91,-14.95,20.47,-1.51,0.9263,7
50,2,401,1,2005-08-01,18.93,7,22.94,-4.01,20.47,-1.54,0.9249,8
50,2,365,2,2005-08-01,17.96,4,26.94,-8.98,20.47,-2.51,0.8775,9
50,2,574,1,2005-08-01,17.96,4,56.87,-38.91,20.47,-2.51,0.8775,9
50,2,11,2,2005-08-01,17.95,5,27.94,-9.99,20.47,-2.52,0.877,10
50,2,429,1,2005-08-01,7.98,2,37.93,-29.95,20.47,-12.49,0.3899,11
50,2,355,2,2005-08-01,5.97,3,27.94,-21.97,20.47,-14.5,0.2917,12
51,1,573,2,2005-05-01,2.99,1,,,1.99,1.0,1.5025,1
51,2,76,2,2005-05-01,1.99,1,,,1.99,-0.0,1.0,1
51,1,573,1,2005-06-01,14.97,3,2.99,11.98,8.48,6.5,1.7664,1
51,2,76,1,2005-06-01,7.98,2,1.99,5.99,8.48,-0.49,0.9416,1
51,1,573,2,2005-07-01,43.92,8,14.97,28.95,24.19,19.73,1.8156,1
51,2,76,2,2005-07-01,24.92,8,7.98,16.94,24.19,0.73,1.0302,1
51,1,573,1,2005-08-01,16.93,7,43.92,-26.99,15.46,1.47,1.0949,1
51,2,76,2,2005-08-01,21.96,4,24.92,-2.96,15.46,6.5,1.4202,1
52,2,363,1,2005-05-01,3.99,1,,,3.99,0.0,1.0013,1
52,2,193,2,2005-05-01,3.98,2,,,3.99,-0.0,0.9987,2
52,2,193,2,2005-06-01,21.96,4,3.98,17.98,14.72,7.24,1.4916,1
52,2,363,2,2005-06-01,12.97,3,3.99,8.98,14.72,-1.75,0.881,2
52,2,363,2,2005-07-01,41.9,10,12.97,28.93,32.6,9.3,1.2854,1
52,2,193,1,2005-07-01,27.94,6,21.96,5.98,32.6,-4.66,0.8571,2
52,2,363,1,2005-08-01,30.95,5,41.9,-10.95,21.46,9.5,1.4426,1
52,2,193,2,2005-08-01,26.94,6,27.94,-1.0,21.46,5.49,1.2557,2
53,1,234,2,2005-05-01,4.99,1,,,4.99,0.0,1.0,1
53,1,234,2,2005-06-01,28.94,6,4.99,23.95,18.46,10.48,1.5677,1
53,1,234,1,2005-07-01,7.99,1,28.94,-20.95,7.49,0.51,1.0675,1
53,1,234,2,2005-08-01,29.94,6,7.99,21.95,26.94,3.01,1.1116,1
54,2,23,1,2005-05-01,11.98,2,,,6.49,5.5,1.8473,1
54,2,347,1,2005-06-01,21.97,3,,,16.3,5.67,1.3479,1
54,2,23,1,2005-06-01,16.95,5,11.98,4.97,16.3,0.65,1.0399,2
54,2,23,2,2005-07-01,36.92,8,16.95,19.97,31.68,5.24,1.1656,1
54,2,347,1,2005-07-01,33.92,8,21.97,11.95,31.68,2.25,1.0709,2
54,2,347,2,2005-08-01,41.93,7,33.92,8.01,17.71,24.22,2.3676,1
54,2,23,2,2005-08-01,22.93,7,36.92,-13.99,17.71,5.22,1.2947,2
55,2,57,2,2005-05-01,14.98,2,,,14.98,0.0,1.0,1
55,2,57,1,2005-06-01,12.96,4,14.98,-2.02,10.48,2.49,1.2372,1
55,2,57,2,2005-07-01,32.92,8,12.96,19.96,24.93,8.0,1.3208,1
55,2,57,2,2005-08-01,28.94,6,32.92,-3.98,28.94,0.0,1.0,1
56,1,557,1,2005-05-01,4.99,1,,,4.99,0.0,1.0,1
56,1,557,2,2005-05-01,4.99,1,4.99,0.0,4.99,0.0,1.0,1
56,1,557,2,2005-06-01,6.99,1,4.99,2.0,5.99,1.01,1.1679,1
56,1,557,2,2005-07-01,18.95,5,6.99,11.96,13.45,5.5,1.4089,1
56,1,557,2,2005-08-01,10.96,4,18.95,-7.99,9.96,1.0,1.1004,1
57,1,81,1,2005-05-01,0.99,1,,,0.99,0.0,1.0,1
57,1,81,1,2005-06-01,12.97,3,0.99,11.98,12.97,0.0,1.0,1
57,1,81,2,2005-07-01,18.97,3,12.97,6.0,11.97,7.0,1.5848,1
57,1,81,1,2005-08-01,33.93,7,18.97,14.96,27.94,5.99,1.2144,1
58,1,166,1,2005-05-01,1.99,1,,,1.99,0.0,1.0,1
58,1,166,1,2005-06-01,10.97,3,1.99,8.98,6.98,3.99,1.5716,1
58,1,166,1,2005-07-01,37.92,8,10.97,26.95,28.44,9.49,1.3336,1
58,1,166,2,2005-08-01,39.92,8,37.92,2.0,25.45,14.47,1.5686,1
59,1,306,2,2005-05-01,10.98,2,,,7.74,3.25,1.4195,1
59,1,58,2,2005-05-01,8.98,2,,,7.74,1.24,1.161,2
59,2,171,2,2005-05-01,9.99,1,,,7.74,2.25,1.2915,1
59,1,306,2,2005-06-01,7.98,2,10.98,-3.0,9.58,-1.6,0.8333,1
59,1,58,1,2005-06-01,5.98,2,8.98,-3.0,9.58,-3.6,0.6245,2
59,2,171,2,2005-06-01,27.94,6,9.99,17.95,9.58,18.36,2.9177,1
59,1,306,2,2005-07-01,27.92,8,7.98,19.94,21.11,6.81,1.3224,1
59,1,58,1,2005-07-01,20.96,4,5.98,14.98,21.11,-0.15,0.9927,2
59,2,171,1,2005-07-01,18.95,5,27.94,-8.99,21.11,-2.16,0.8975,1
59,1,58,1,2005-08-01,33.93,7,20.96,12.97,27.11,6.82,1.2516,1
59,1,306,2,2005-08-01,32.94,6,27.92,5.02,27.11,5.83,1.215,2
59,2,171,2,2005-08-01,24.94,6,18.95,5.99,27.11,-2.17,0.92,1
60,1,288,2,2005-05-01,16.97,3,,,6.75,10.22,2.5129,1
60,1,247,1,2005-05-01,11.98,2,,,6.75,5.23,1.774,2
60,1,581,1,2005-05-01,9.98,2,,,6.75,3.23,1.4778,3
60,1,482,1,2005-05-01,8.99,1,,,6.75,2.24,1.3312,4
60,1,486,1,2005-05-01,8.99,1,,,6.75,2.24,1.3312,4
60,1,414,1,2005-05-01,8.98,2,,,6.75,2.23,1.3298,5
60,1,133,1,2005-05-01,6.99,1,,,6.75,0.24,1.0351,6
60,1,353,2,2005-05-01,6.99,1,,,6.75,0.24,1.0351,6
60,1,451,2,2005-05-01,6.97,3,,,6.75,0.22,1.0321,7
60,1,364,1,2005-05-01,5.99,1,,,6.75,-0.76,0.887,8
60,1,587,1,2005-05-01,5.98,2,,,6.75,-0.77,0.8855,9
60,1,108,1,2005-05-01,4.99,1,,,6.75,-1.76,0.7389,10
60,1,115,1,2005-05-01,4.97,3,,,6.75,-1.78,0.736,11
60,1,343,1,2005-05-01,3.99,1,,,6.75,-2.76,0.5908,12
60,1,343,2,2005-05-01,3.99,1,3.99,0.0,6.75,-2.76,0.5908,12
60,1,465,2,2005-05-01,0.99,1,,,6.75,-5.76,0.1466,13
60,2,319,1,2005-05-01,16.97,3,,,6.75,10.22,2.5129,1
60,2,84,1,2005-05-01,11.98,2,,,6.75,5.23,1.774,2
60,2,323,1,2005-05-01,10.98,2,,,6.75,4.23,1.6259,3
60,2,150,1,2005-05-01,10.97,3,,,6.75,4.22,1.6244,4
60,2,369,1,2005-05-01,9.98,2,,,6.75,3.23,1.4778,5
60,2,575,1,2005-05-01,8.97,3,,,6.75,2.22,1.3283,6
60,2,454,1,2005-05-01,7.99,1,,,6.75,1.24,1.1832,7
60,2,570,2,2005-05-01,7.99,1,,,6.75,1.24,1.1832,7
60,2,425,2,2005-05-01,5.99,1,,,6.75,-0.76,0.887,8
60,2,467,2,2005-05-01,4.99,1,,,6.75,-1.76,0.7389,9
60,2,273,2,2005-05-01,4.98,2,,,6.75,-1.77,0.7374,10
60,2,578,2,2005-05-01,0.99,1,,,6.75,-5.76,0.1466,11
60,2,582,1,2005-05-01,0.99,1,,,6.75,-5.76,0.1466,11
60,1,451,1,2005-06-01,21.94,6,6.97,14.97,9.71,12.23,2.2599,1
60,1,414,1,2005-06-01,20.97,3,8.98,11.99,9.71,11.26,2.16,2
60,1,353,2,2005-06-01,17.97,3,6.99,10.98,9.71,8.26,1.851,3
60,1,343,1,2005-06-01,16.97,3,3.99,12.98,9.71,7.26,1.748,4
60,1,465,1,2005-06-01,16.97,3,0.99,15.98,9.71,7.26,1.748,4
60,1,364,2,2005-06-01,16.96,4,5.99,10.97,9.71,7.25,1.747,5
60,1,108,1,2005-06-01,14.97,3,4.99,9.98,9.71,5.26,1.542,6
60,1,133,2,2005-06-01,12.97,3,6.99,5.98,9.71,3.26,1.336,7
60,1,486,1,2005-06-01,10.98,2,8.99,1.99,9.71,1.27,1.131,8
60,1,587,1,2005-06-01,7.98,2,5.98,2.0,9.71,-1.73,0.822,9
60,1,587,2,2005-06-01,7.98,2,7.98,0.0,9.71,-1.73,0.822,9
60,1,115,1,2005-06-01,6.99,1,4.97,2.02,9.71,-2.72,0.72,10
60,1,581,2,2005-06-01,6.98,2,9.98,-3.0,9.71,-2.73,0.719,11
60,1,247,1,2005-06-01,5.99,1,11.98,-5.99,9.71,-3.72,0.617,12
60,1,288,1,2005-06-01,5.99,1,16.97,-10.98,9.71,-3.72,0.617,12
60,1,482,2,2005-06-01,3.98,2,8.99,-5.01,9.71,-5.73,0.41,13
60,2,454,2,2005-06-01,34.95,5,7.99,26.96,9.71,25.24,3.6,1
60,2,570,2,2005-06-01,27.94,6,7.99,19.95,9.71,18.23,2.878,2
60,2,273,2,2005-06-01,18.97,3,4.98,13.99,9.71,9.26,1.954,3
60,2,467,1,2005-06-01,15.98,2,4.99,10.99,9.71,6.27,1.646,4
60,2,319,2,2005-06-01,13.96,4,16.97,-3.01,9.71,4.25,1.4379,5
60,2,578,2,2005-06-01,11.98,2,0.99,10.99,9.71,2.27,1.234,6
60,2,582,1,2005-06-01,10.98,2,0.99,9.99,9.71,1.27,1.131,7
60,2,488,2,2005-06-01,9.98,2,,,9.71,0.27,1.028,8
60,2,84,2,2005-06-01,8.95,5,11.98,-3.03,9.71,-0.76,0.9219,9
60,2,177,2,2005-06-01,7.98,2,,,9.71,-1.73,0.822,10
60,2,575,2,2005-06-01,7.98,2,8.97,-0.99,9.71,-1.73,0.822,10
60,2,425,1,2005-06-01,6.99,1,5.99,1.0,9.71,-2.72,0.72,11
60,2,150,1,2005-06-01,5.99,1,10.97,-4.98,9.71,-3.72,0.617,12
60,2,323,1,2005-06-01,4.99,1,10.98,-5.99,9.71,-4.72,0.514,13
60,2,369,1,2005-06-01,0.99,1,9.98,-8.99,9.71,-8.72,0.102,14
60,1,482,2,2005-07-01,45.92,8,3.98,41.94,23.06,22.86,1.991,1
60,1,581,1,2005-07-01,39.91,9,6.98,32.93,23.06,16.85,1.7305,2
60,1,587,2,2005-07-01,38.92,8,7.98,30.94,23.06,15.86,1.6875,3
60,1,486,2,2005-07-01,34.93,7,10.98,23.95,23.06,11.87,1.5145,4
60,1,115,1,2005-07-01,34.91,9,6.99,27.92,23.06,11.85,1.5137,5
60,1,108,2,2005-07-01,30.94,6,14.97,15.97,23.06,7.88,1.3415,6
60,1,343,2,2005-07-01,29.95,5,16.97,12.98,23.06,6.89,1.2986,7
60,1,133,2,2005-07-01,26.93,7,12.97,13.96,23.06,3.87,1.1677,8
60,1,414,1,2005-07-01,21.95,5,20.97,0.98,23.06,-1.11,0.9517,9
60,1,247,1,2005-07-01,20.96,4,5.99,14.97,23.06,-2.1,0.9088,10
60,1,364,1,2005-07-01,20.95,5,16.96,3.99,23.06,-2.11,0.9084,11
60,1,451,2,2005-07-01,18.97,3,21.94,-2.97,23.06,-4.09,0.8225,12
60,1,353,2,2005-07-01,14.96,4,17.97,-3.01,23.06,-8.1,0.6486,13
60,1,288,2,2005-07-01,11.95,5,5.99,5.96,23.06,-11.11,0.5181,14
60,1,465,2,2005-07-01,6.98,2,16.97,-9.99,23.06,-16.08,0.3026,15
60,2,467,2,2005-07-01,44.92,8,15.98,28.94,23.06,21.86,1.9477,1
60,2,323,2,2005-07-01,43.9,10,4.99,38.91,23.06,20.84,1.9035,2
60,2,273,1,2005-07-01,41.92,8,18.97,22.95,23.06,18.86,1.8176,3
60,2,84,2,2005-07-01,39.93,7,8.95,30.98,23.06,16.87,1.7313,4
60,2,425,1,2005-07-01,39.9,10,6.99,32.91,23.06,16.84,1.73,5
60,2,319,1,2005-07-01,33.94,6,13.96,19.98,23.06,10.88,1.4716,6
60,2,582,2,2005-07-01,29.95,5,10.98,18.97,23.06,6.89,1.2986,7
60,2,488,2,2005-07-01,28.94,6,9.98,18.96,23.06,5.88,1.2548,8
60,2,369,2,2005-07-01,27.93,7,0.99,26.94,23.06,4.87,1.211,9
60,2,578,1,2005-07-01,24.93,7,11.98,12.95,23.06,1.87,1.0809,10
60,2,454,1,2005-07-01,22.96,4,34.95,-11.99,23.06,-0.1,0.9955,11
60,2,570,1,2005-07-01,22.92,8,27.94,-5.02,23.06,-0.14,0.9938,12
60,2,575,2,2005-07-01,20.95,5,7.98,12.97,23.06,-2.11,0.9084,13
60,2,177,2,2005-07-01,13.97,3,7.98,5.99,23.06,-9.09,0.6057,14
60,2,150,1,2005-07-01,12.97,3,5.99,6.98,23.06,-10.09,0.5624,15
60,1,451,2,2005-08-01,38.9,10,18.97,19.93,19.02,19.88,2.0454,1
60,1,247,1,2005-08-01,37.92,8,20.96,16.96,19.02,18.9,1.9939,2
60,1,482,2,2005-08-01,35.92,8,45.92,-10.0,19.02,16.9,1.8887,3
60,1,108,2,2005-08-01,32.94,6,30.94,2.0,19.02,13.92,1.732,4
60,1,587,2,2005-08-01,30.93,7,38.92,-7.99,19.02,11.91,1.6263,5
60,1,465,1,2005-08-01,25.94,6,6.98,18.96,19.02,6.92,1.3639,6
60,1,581,2,2005-08-01,23.94,6,39.91,-15.97,19.02,4.92,1.2588,7
60,1,364,2,2005-08-01,20.95,5,20.95,0.0,19.02,1.93,1.1016,8
60,1,414,1,2005-08-01,20.94,6,21.95,-1.01,19.02,1.92,1.101,9
60,1,133,1,2005-08-01,19.95,5,26.93,-6.98,19.02,0.93,1.049,10
60,1,288,1,2005-08-01,18.95,5,11.95,7.0,19.02,-0.07,0.9964,11
60,1,343,2,2005-08-01,18.95,5,29.95,-11.0,19.02,-0.07,0.9964,11
60,1,486,2,2005-08-01,18.95,5,34.93,-15.98,19.02,-0.07,0.9964,11
60,1,353,2,2005-08-01,14.95,5,14.96,-0.01,19.02,-4.07,0.7861,12
60,1,115,2,2005-08-01,11.94,6,34.91,-22.97,19.02,-7.08,0.6278,13
60,2,150,2,2005-08-01,52.89,11,12.97,39.92,19.02,33.87,2.781,1
60,2,575,2,2005-08-01,39.92,8,20.95,18.97,19.02,20.9,2.099,2
60,2,273,1,2005-08-01,38.93,7,41.92,-2.99,19.02,19.91,2.047,3
60,2,454,2,2005-08-01,31.93,7,22.96,8.97,19.02,12.91,1.6789,4
60,2,84,2,2005-08-01,31.92,8,39.93,-8.01,19.02,12.9,1.6784,5
60,2,323,1,2005-08-01,31.91,9,43.9,-11.99,19.02,12.89,1.6779,6
60,2,467,1,2005-08-01,29.92,8,44.92,-15.0,19.02,10.9,1.5732,7
60,2,488,2,2005-08-01,26.94,6,28.94,-2.0,19.02,7.92,1.4165,8
60,2,582,1,2005-08-01,24.93,7,29.95,-5.02,19.02,5.91,1.3108,9
60,2,319,2,2005-08-01,23.95,5,33.94,-9.99,19.02,4.93,1.2593,10
60,2,425,2,2005-08-01,21.95,5,39.9,-17.95,19.02,2.93,1.1541,11
60,2,578,2,2005-08-01,17.96,4,24.93,-6.97,19.02,-1.06,0.9444,12
60,2,177,2,2005-08-01,17.94,6,13.97,3.97,19.02,-1.08,0.9433,13
60,2,369,2,2005-08-01,14.96,4,27.93,-12.97,19.02,-4.06,0.7866,14
60,2,570,2,2005-08-01,8.98,2,22.92,-13.94,19.02,-10.04,0.4722,15
61,1,38,2,2005-06-01,13.96,4,,,7.98,5.99,1.7505,1
61,1,38,2,2005-07-01,34.91,9,13.96,20.95,32.91,2.0,1.0608,1
61,1,38,1,2005-08-01,28.94,6,34.91,-5.97,22.95,6.0,1.2613,1
62,1,22,1,2005-05-01,9.98,2,,,6.59,3.39,1.5149,1
62,1,543,1,2005-05-01,6.99,1,,,6.59,0.4,1.061,2
62,2,40,1,2005-05-01,4.99,1,,,6.59,-1.6,0.7574,1
62,1,543,2,2005-06-01,15.97,3,6.99,8.98,8.38,7.59,1.9057,1
62,1,22,1,2005-06-01,2.99,1,9.98,-6.99,8.38,-5.39,0.3568,2
62,2,40,2,2005-06-01,10.98,2,4.99,5.99,8.38,2.6,1.3103,1
62,1,22,1,2005-07-01,27.95,5,2.99,24.96,16.79,11.16,1.6647,1
62,1,543,2,2005-07-01,17.96,4,15.97,1.99,16.79,1.17,1.0697,2
62,2,40,2,2005-07-01,22.93,7,10.98,11.95,16.79,6.14,1.3657,1
62,1,22,1,2005-08-01,43.92,8,27.95,15.97,21.12,22.8,2.0795,1
62,1,543,2,2005-08-01,12.97,3,17.96,-4.99,21.12,-8.15,0.6141,2
62,2,40,1,2005-08-01,29.93,7,22.93,7.0,21.12,8.81,1.4171,1
63,1,433,1,2005-05-01,10.99,1,,,9.65,1.34,1.1389,1
63,2,257,2,2005-05-01,8.97,3,,,9.65,-0.68,0.9295,1
63,2,97,2,2005-06-01,7.98,2,,,3.74,4.24,2.1351,1
63,2,257,2,2005-06-01,4.99,1,8.97,-3.98,3.74,1.25,1.3351,2
63,1,433,1,2005-07-01,38.92,8,10.99,27.93,32.59,6.33,1.1941,1
63,2,257,2,2005-07-01,50.9,10,4.99,45.91,32.59,18.31,1.5617,1
63,2,97,2,2005-07-01,25.93,7,7.98,17.95,32.59,-6.66,0.7956,2
63,1,433,1,2005-08-01,25.95,5,38.92,-12.97,17.46,8.49,1.4865,1
63,2,257,2,2005-08-01,28.92,8,50.9,-21.98,17.46,11.46,1.6567,1
63,2,97,2,2005-08-01,4.99,1,25.93,-20.94,17.46,-12.47,0.2859,2
64,2,256,1,2005-05-01,9.96,4,,,7.48,2.49,1.3324,1
64,2,256,2,2005-06-01,15.96,4,9.96,6.0,11.97,3.99,1.3336,1
64,2,4,1,2005-06-01,11.97,3,,,11.97,0.0,1.0002,2
64,2,4,1,2005-07-01,18.96,4,11.97,6.99,8.72,10.24,2.1737,1
64,2,256,1,2005-07-01,8.96,4,15.96,-7.0,8.72,0.24,1.0272,2
64,2,256,2,2005-08-01,37.91,9,8.96,28.95,24.19,13.72,1.567,1
64,2,4,2,2005-08-01,23.94,6,18.96,4.98,24.19,-0.25,0.9896,2
65,2,513,2,2005-05-01,4.99,1,,,4.99,0.0,1.0,1
65,2,513,2,2005-06-01,9.98,2,4.99,4.99,6.49,3.5,1.5389,1
65,2,513,2,2005-07-01,31.93,7,9.98,21.95,30.44,1.5,1.0491,1
65,2,513,1,2005-08-01,37.92,8,31.93,5.99,34.93,2.99,1.0856,1
66,1,321,2,2005-05-01,9.98,2,,,7.99,2.0,1.2498,1
66,1,321,2,2005-06-01,5.99,1,9.98,-3.99,3.49,2.5,1.7163,1
66,1,321,2,2005-07-01,32.94,6,5.99,26.95,25.45,7.49,1.2943,1
66,1,321,1,2005-08-01,21.96,4,32.94,-10.98,21.47,0.5,1.0231,1
67,1,184,2,2005-05-01,4.99,1,,,5.19,-0.2,0.9618,1
67,1,415,2,2005-05-01,4.99,1,,,5.19,-0.2,0.9618,1
67,2,474,1,2005-05-01,7.99,1,,,5.19,2.8,1.5401,1
67,2,137,1,2005-05-01,2.99,1,,,5.19,-2.2,0.5763,2
67,1,341,2,2005-06-01,18.97,3,,,8.68,10.29,2.1847,1
67,1,415,2,2005-06-01,4.99,1,4.99,0.0,8.68,-3.69,0.5747,2
67,1,184,2,2005-06-01,2.99,1,4.99,-2.0,8.68,-5.69,0.3444,3
67,2,137,1,2005-06-01,15.97,3,2.99,12.98,8.68,7.29,1.8392,1
67,2,474,1,2005-06-01,8.99,1,7.99,1.0,8.68,0.31,1.0354,2
67,1,184,2,2005-07-01,28.95,5,2.99,25.96,23.64,5.31,1.2244,1
67,1,415,2,2005-07-01,23.93,7,4.99,18.94,23.64,0.29,1.0121,2
67,1,341,1,2005-07-01,15.97,3,18.97,-3.0,23.64,-7.67,0.6754,3
67,2,137,1,2005-07-01,57.89,11,15.97,41.92,23.64,34.25,2.4484,1
67,2,474,1,2005-07-01,18.94,6,8.99,9.95,23.64,-4.7,0.801,2
67,1,341,2,2005-08-01,28.93,7,15.97,12.96,23.65,5.28,1.2235,1
67,1,415,2,2005-08-01,24.95,5,23.93,1.02,23.65,1.3,1.0551,2
67,1,184,1,2005-08-01,20.95,5,28.95,-8.0,23.65,-2.7,0.886,3
67,2,137,1,2005-08-01,38.92,8,57.89,-18.97,23.65,15.27,1.6459,1
67,2,474,1,2005-08-01,24.93,7,18.94,5.99,23.65,1.28,1.0543,2
68,2,8,2,2005-05-01,6.99,1,,,6.99,0.0,1.0,1
68,2,8,2,2005-06-01,7.98,2,6.99,0.99,6.99,1.0,1.1424,1
68,2,8,1,2005-07-01,21.93,7,7.98,13.95,17.94,3.99,1.2224,1
68,2,8,1,2005-08-01,29.94,6,21.93,8.01,17.96,11.98,1.667,1
69,1,103,1,2005-05-01,17.98,2,,,7.92,10.06,2.269,1
69,1,562,1,2005-05-01,8.98,2,,,7.92,1.06,1.1332,2
69,1,156,2,2005-05-01,6.99,1,,,7.92,-0.93,0.8821,3
69,1,284,1,2005-05-01,6.99,1,,,7.92,-0.93,0.8821,3
69,1,286,2,2005-05-01,6.99,1,,,7.92,-0.93,0.8821,3
69,2,250,1,2005-05-01,17.96,4,,,7.92,10.04,2.2665,1
69,2,18,1,2005-05-01,12.97,3,,,7.92,5.05,1.6368,2
69,2,232,1,2005-05-01,8.98,2,,,7.92,1.06,1.1332,3
69,2,198,1,2005-05-01,8.97,3,,,7.92,1.05,1.132,4
69,2,277,2,2005-05-01,6.99,1,,,7.92,-0.93,0.8821,5
69,2,409,1,2005-05-01,6.99,1,,,7.92,-0.93,0.8821,5
69,2,280,1,2005-05-01,4.99,1,,,7.92,-2.93,0.6297,6
69,1,286,1,2005-06-01,13.98,2,6.99,6.99,8.07,5.91,1.7318,1
69,1,562,1,2005-06-01,12.97,3,8.98,3.99,8.07,4.9,1.6066,2
69,1,156,2,2005-06-01,10.98,2,6.99,3.99,8.07,2.91,1.3601,3
69,1,80,2,2005-06-01,8.99,1,,,8.07,0.92,1.1136,4
69,1,284,2,2005-06-01,7.98,2,6.99,0.99,8.07,-0.09,0.9885,5
69,1,103,2,2005-06-01,4.99,1,17.98,-12.99,8.07,-3.08,0.6181,6
69,2,18,2,2005-06-01,16.97,3,12.97,4.0,8.07,8.9,2.1021,1
69,2,277,2,2005-06-01,16.96,4,6.99,9.97,8.07,8.89,2.1009,2
69,2,409,2,2005-06-01,14.98,2,6.99,7.99,8.07,6.91,1.8556,3
69,2,232,1,2005-06-01,8.99,1,8.98,0.01,8.07,0.92,1.1136,4
69,2,280,2,2005-06-01,5.98,2,4.99,0.99,8.07,-2.09,0.7408,5
69,2,250,1,2005-06-01,4.99,1,17.96,-12.97,8.07,-3.08,0.6181,6
69,2,198,2,2005-06-01,0.99,1,8.97,-7.98,8.07,-7.08,0.1226,7
69,1,103,2,2005-07-01,45.92,8,4.99,40.93,24.9,21.02,1.8441,1
69,1,286,2,2005-07-01,42.92,8,13.98,28.94,24.9,18.02,1.7236,2
69,1,284,1,2005-07-01,37.92,8,7.98,29.94,24.9,13.02,1.5228,3
69,1,80,2,2005-07-01,36.92,8,8.99,27.93,24.9,12.02,1.4827,4
69,1,156,2,2005-07-01,23.94,6,10.98,12.96,24.9,-0.96,0.9614,5
69,1,562,2,2005-07-01,21.94,6,12.97,8.97,24.9,-2.96,0.8811,6
69,2,232,2,2005-07-01,39.91,9,8.99,30.92,24.9,15.01,1.6027,1
69,2,409,1,2005-07-01,31.92,8,14.98,16.94,24.9,7.02,1.2819,2
69,2,277,2,2005-07-01,30.93,7,16.96,13.97,24.9,6.03,1.2421,3
69,2,198,1,2005-07-01,28.93,7,0.99,27.94,24.9,4.03,1.1618,4
69,2,18,2,2005-07-01,22.94,6,16.97,5.97,24.9,-1.96,0.9212,5
69,2,280,1,2005-07-01,19.95,5,5.98,13.97,24.9,-4.95,0.8012,6
69,2,250,1,2005-07-01,18.94,6,4.99,13.95,24.9,-5.96,0.7606,7
69,1,80,1,2005-08-01,44.91,9,36.92,7.99,20.88,24.03,2.1513,1
69,1,103,2,2005-08-01,34.94,6,45.92,-10.98,20.88,14.06,1.6737,2
69,1,562,2,2005-08-01,29.94,6,21.94,8.0,20.88,9.06,1.4342,3
69,1,284,1,2005-08-01,28.95,5,37.92,-8.97,20.88,8.07,1.3868,4
69,1,156,2,2005-08-01,21.94,6,23.94,-2.0,20.88,1.06,1.051,5
69,1,286,2,2005-08-01,12.96,4,42.92,-29.96,20.88,-7.92,0.6208,6
69,2,198,1,2005-08-01,51.89,11,28.93,22.96,20.88,31.01,2.4857,1
69,2,280,1,2005-08-01,43.92,8,19.95,23.97,20.88,23.04,2.1039,2
69,2,277,1,2005-08-01,32.95,5,30.93,2.02,20.88,12.07,1.5784,3
69,2,250,2,2005-08-01,21.96,4,18.94,3.02,20.88,1.08,1.0519,4
69,2,409,1,2005-08-01,15.97,3,31.92,-15.95,20.88,-4.91,0.765,5
69,2,18,2,2005-08-01,13.95,5,22.94,-8.99,20.88,-6.93,0.6682,6
69,2,232,2,2005-08-01,11.94,6,39.91,-27.97,20.88,-8.94,0.572,7
70,2,157,1,2005-05-01,4.99,1,,,2.99,2.0,1.6689,1
70,2,157,2,2005-06-01,0.99,1,4.99,-4.0,0.99,0.0,1.0,1
70,2,157,2,2005-07-01,27.91,9,0.99,26.92,26.42,1.5,1.0566,1
70,2,157,1,2005-08-01,38.92,8,27.91,11.01,26.95,11.98,1.4444,1
71,1,498,1,2005-05-01,8.99,1,,,8.65,0.34,1.0397,1
71,2,9,2,2005-05-01,10.97,3,,,8.65,2.32,1.2687,1
71,1,498,1,2005-06-01,18.95,5,8.99,9.96,10.97,7.98,1.7269,1
71,2,9,2,2005-06-01,12.98,2,10.97,2.01,10.97,2.01,1.1829,1
71,1,498,1,2005-07-01,32.92,8,18.95,13.97,20.19,12.73,1.6305,1
71,2,9,1,2005-07-01,21.94,6,12.98,8.96,20.19,1.75,1.0867,1
71,1,498,1,2005-08-01,10.97,3,32.92,-21.95,14.3,-3.33,0.7673,1
71,2,9,2,2005-08-01,18.97,3,21.94,-2.97,14.3,4.67,1.3269,1
72,1,399,2,2005-05-01,17.97,3,,,8.65,9.32,2.0783,1
72,1,25,1,2005-05-01,7.99,1,,,8.65,-0.66,0.9241,2
72,1,223,2,2005-05-01,2.99,1,,,8.65,-5.66,0.3458,3
72,2,20,2,2005-05-01,11.97,3,,,8.65,3.32,1.3843,1
72,2,416,2,2005-05-01,7.97,3,,,8.65,-0.68,0.9217,2
72,1,25,1,2005-06-01,17.96,4,7.99,9.97,8.18,9.78,2.1953,1
72,1,223,2,2005-06-01,5.99,1,2.99,3.0,8.18,-2.19,0.7322,2
72,1,399,1,2005-06-01,5.99,1,17.97,-11.98,8.18,-2.19,0.7322,2
72,2,20,2,2005-06-01,9.97,3,11.97,-2.0,8.18,1.79,1.2187,1
72,2,416,2,2005-06-01,7.96,4,7.97,-0.01,8.18,-0.22,0.973,2
72,1,399,2,2005-07-01,29.93,7,5.99,23.94,18.35,11.58,1.6308,1
72,1,223,2,2005-07-01,20.96,4,5.99,14.97,18.35,2.61,1.142,2
72,1,25,1,2005-07-01,20.95,5,17.96,2.99,18.35,2.6,1.1415,3
72,2,20,2,2005-07-01,33.93,7,9.97,23.96,18.35,15.58,1.8487,1
72,2,416,1,2005-07-01,21.94,6,7.96,13.98,18.35,3.59,1.1954,2
72,1,25,1,2005-08-01,27.92,8,20.95,6.97,20.85,7.07,1.3391,1
72,1,399,1,2005-08-01,19.95,5,29.93,-9.98,20.85,-0.9,0.9568,2
72,1,223,1,2005-08-01,17.96,4,20.96,-3.0,20.85,-2.89,0.8614,3
72,2,416,1,2005-08-01,51.9,10,21.94,29.96,20.85,31.05,2.4892,1
72,2,20,2,2005-08-01,23.94,6,33.93,-9.99,20.85,3.09,1.1482,2
73,1,345,1,2005-05-01,1.98,2,,,1.98,0.0,1.0,1
73,1,345,2,2005-06-01,6.97,3,1.98,4.99,5.82,1.15,1.1983,1
73,2,205,1,2005-06-01,8.97,3,,,5.82,3.15,1.5421,1
73,2,226,1,2005-06-01,4.99,1,,,5.82,-0.83,0.8579,2
73,1,345,2,2005-07-01,26.94,6,6.97,19.97,22.96,3.99,1.1736,1
73,2,226,1,2005-07-01,32.93,7,4.99,27.94,22.96,9.98,1.4345,1
73,2,205,2,2005-07-01,29.95,5,8.97,20.98,22.96,7.0,1.3047,2
73,1,345,1,2005-08-01,23.96,4,26.94,-2.98,16.8,7.17,1.4266,1
73,2,226,1,2005-08-01,28.93,7,32.93,-4.0,16.8,12.14,1.7225,1
73,2,205,2,2005-08-01,12.97,3,29.95,-16.98,16.8,-3.83,0.7723,2
74,1,597,2,2005-05-01,11.98,2,,,8.18,3.8,1.4642,1
74,1,122,2,2005-05-01,5.98,2,,,8.18,-2.2,0.7309,2
74,2,304,1,2005-05-01,11.98,2,,,8.18,3.8,1.4642,1
74,2,565,1,2005-05-01,7.98,2,,,8.18,-0.2,0.9753,2
74,1,122,2,2005-06-01,18.96,4,5.98,12.98,10.26,8.7,1.8477,1
74,1,597,1,2005-06-01,7.97,3,11.98,-4.01,10.26,-2.29,0.7767,2
74,2,565,1,2005-06-01,11.98,2,7.98,4.0,10.26,1.72,1.1675,1
74,2,304,1,2005-06-01,10.98,2,11.98,-1.0,10.26,0.72,1.07,2
74,1,122,2,2005-07-01,31.93,7,18.96,12.97,22.07,9.86,1.4468,1
74,1,597,2,2005-07-01,17.96,4,7.97,9.99,22.07,-4.11,0.8138,2
74,2,304,1,2005-07-01,27.94,6,10.98,16.96,22.07,5.87,1.266,1
74,2,565,1,2005-07-01,26.92,8,11.98,14.94,22.07,4.85,1.2198,2
74,1,597,1,2005-08-01,27.93,7,17.96,9.97,21.83,6.1,1.2797,1
74,1,122,2,2005-08-01,22.95,5,31.93,-8.98,21.83,1.13,1.0515,2
74,2,565,2,2005-08-01,42.93,7,26.92,16.01,21.83,21.11,1.967,1
74,2,304,1,2005-08-01,17.95,5,27.94,-9.99,21.83,-3.88,0.8225,2
75,1,371,1,2005-05-01,13.96,4,,,6.73,7.23,2.073,1
75,1,71,1,2005-05-01,12.98,2,,,6.73,6.25,1.9275,2
75,1,261,2,2005-05-01,10.98,2,,,6.73,4.25,1.6305,3
75,1,548,2,2005-05-01,10.98,2,,,6.73,4.25,1.6305,3
75,1,461,1,2005-05-01,6.99,1,,,6.73,0.26,1.038,4
75,1,434,2,2005-05-01,5.99,1,,,6.73,-0.74,0.8895,5
75,1,236,2,2005-05-01,5.98,2,,,6.73,-0.75,0.888,6
75,1,263,1,2005-05-01,5.98,2,,,6.73,-0.75,0.888,6
75,1,505,1,2005-05-01,5.98,2,,,6.73,-0.75,0.888,6
75,1,94,2,2005-05-01,4.99,1,,,6.73,-1.74,0.741,7
75,1,373,2,2005-05-01,4.99,1,,,6.73,-1.74,0.741,7
75,1,580,1,2005-05-01,0.99,1,,,6.73,-5.74,0.147,8
75,2,72,2,2005-05-01,10.97,3,,,6.73,4.24,1.629,1
75,2,388,2,2005-05-01,9.98,2,,,6.73,3.25,1.482,2
75,2,522,2,2005-05-01,5.99,1,,,6.73,-0.74,0.8895,3
75,2,244,2,2005-05-01,4.99,1,,,6.73,-1.74,0.741,4
75,2,349,1,2005-05-01,4.99,1,,,6.73,-1.74,0.741,4
75,2,27,2,2005-05-01,2.99,1,,,6.73,-3.74,0.444,5
75,1,236,2,2005-06-01,28.95,5,5.98,22.97,10.26,18.69,2.8211,1
75,1,434,2,2005-06-01,16.97,3,5.99,10.98,10.26,6.71,1.6537,2
75,1,505,1,2005-06-01,13.98,2,5.98,8.0,10.26,3.72,1.3623,3
75,1,261,2,2005-06-01,13.97,3,10.98,2.99,10.26,3.71,1.3613,4
75,1,371,1,2005-06-01,12.97,3,13.96,-0.99,10.26,2.71,1.2639,5
75,1,94,2,2005-06-01,11.97,3,4.99,6.98,10.26,1.71,1.1664,6
75,1,263,2,2005-06-01,10.98,2,5.98,5.0,10.26,0.72,1.07,7
75,1,461,2,2005-06-01,10.98,2,6.99,3.99,10.26,0.72,1.07,7
75,1,373,1,2005-06-01,9.98,2,4.99,4.99,10.26,-0.28,0.9725,8
75,1,71,2,2005-06-01,8.98,2,12.98,-4.0,10.26,-1.28,0.8751,9
75,1,188,2,2005-06-01,8.97,3,,,10.26,-1.29,0.8741,10
75,1,548,1,2005-06-01,4.98,2,10.98,-6.0,10.26,-5.28,0.4853,11
75,1,580,1,2005-06-01,0.99,1,0.99,0.0,10.26,-9.27,0.0965,12
75,2,27,2,2005-06-01,18.95,5,2.99,15.96,10.26,8.69,1.8466,1
75,2,388,2,2005-06-01,14.98,2,9.98,5.0,10.26,4.72,1.4598,2
75,2,349,1,2005-06-01,12.97,3,4.99,7.98,10.26,2.71,1.2639,3
75,2,244,2,2005-06-01,10.98,2,4.99,5.99,10.26,0.72,1.07,4
75,2,255,1,2005-06-01,9.98,2,,,10.26,-0.28,0.9725,5
75,2,522,2,2005-06-01,9.98,2,5.99,3.99,10.26,-0.28,0.9725,5
75,2,72,2,2005-06-01,4.99,1,10.97,-5.98,10.26,-5.27,0.4863,6
75,1,373,1,2005-07-01,45.9,10,9.98,35.92,22.92,22.98,2.0029,1
75,1,71,1,2005-07-01,44.9,10,8.98,35.92,22.92,21.98,1.9592,2
75,1,236,2,2005-07-01,38.9,10,28.95,9.95,22.92,15.98,1.6974,3
75,1,371,1,2005-07-01,36.9,10,12.97,23.93,22.92,13.98,1.6102,4
75,1,188,2,2005-07-01,26.93,7,8.97,17.96,22.92,4.01,1.1751,5
75,1,580,1,2005-07-01,25.93,7,0.99,24.94,22.92,3.01,1.1315,6
75,1,434,2,2005-07-01,24.95,5,16.97,7.98,22.92,2.03,1.0887,7
75,1,263,2,2005-07-01,23.92,8,10.98,12.94,22.92,1.0,1.0438,8
75,1,461,2,2005-07-01,21.92,8,10.98,10.94,22.92,-1.0,0.9565,9
75,1,505,2,2005-07-01,20.97,3,13.98,6.99,22.92,-1.95,0.915,10
75,1,261,1,2005-07-01,20.95,5,13.97,6.98,22.92,-1.97,0.9142,11
75,1,548,1,2005-07-01,16.97,3,4.98,11.99,22.92,-5.95,0.7405,12
75,1,94,2,2005-07-01,14.95,5,11.97,2.98,22.92,-7.97,0.6524,13
75,2,522,2,2005-07-01,63.89,11,9.98,53.91,22.92,40.97,2.7879,1
75,2,388,2,2005-07-01,32.9,10,14.98,17.92,22.92,9.98,1.4356,2
75,2,244,2,2005-07-01,29.91,9,10.98,18.93,22.92,6.99,1.3051,3
75,2,349,1,2005-07-01,27.92,8,12.97,14.95,22.92,5.0,1.2183,4
75,2,27,1,2005-07-01,26.94,6,18.95,7.99,22.92,4.02,1.1755,5
75,2,72,2,2005-07-01,21.95,5,4.99,16.96,22.92,-0.97,0.9578,6
75,2,255,1,2005-07-01,14.94,6,9.98,4.96,22.92,-7.98,0.6519,7
75,1,373,2,2005-08-01,43.91,9,45.9,-1.99,22.95,20.96,1.9134,1
75,1,263,2,2005-08-01,37.95,5,23.92,14.03,22.95,15.0,1.6537,2
75,1,434,2,2005-08-01,37.93,7,24.95,12.98,22.95,14.98,1.6528,3
75,1,580,1,2005-08-01,31.95,5,25.93,6.02,22.95,9.0,1.3922,4
75,1,188,2,2005-08-01,30.92,8,26.93,3.99,22.95,7.97,1.3474,5
75,1,461,1,2005-08-01,28.93,7,21.92,7.01,22.95,5.98,1.2606,6
75,1,371,2,2005-08-01,26.96,4,36.9,-9.94,22.95,4.01,1.1748,7
75,1,236,1,2005-08-01,26.95,5,38.9,-11.95,22.95,4.0,1.1744,8
75,1,236,2,2005-08-01,26.95,5,26.95,0.0,22.95,4.0,1.1744,8
75,1,71,1,2005-08-01,22.95,5,44.9,-21.95,22.95,0.0,1.0001,9
75,1,261,2,2005-08-01,20.95,5,20.95,0.0,22.95,-2.0,0.9129,10
75,1,505,1,2005-08-01,17.94,6,20.97,-3.03,22.95,-5.01,0.7817,11
75,1,548,2,2005-08-01,16.96,4,16.97,-0.01,22.95,-5.99,0.739,12
75,1,94,1,2005-08-01,15.95,5,14.95,1.0,22.95,-7.0,0.695,13
75,2,349,2,2005-08-01,37.94,6,27.92,10.02,22.95,14.99,1.6532,1
75,2,244,1,2005-08-01,32.93,7,29.91,3.02,22.95,9.98,1.4349,2
75,2,72,2,2005-08-01,32.9,10,21.95,10.95,22.95,9.95,1.4336,3
75,2,388,2,2005-08-01,28.93,7,32.9,-3.97,22.95,5.98,1.2606,4
75,2,522,2,2005-08-01,28.93,7,63.89,-34.96,22.95,5.98,1.2606,4
75,2,27,1,2005-08-01,26.94,6,26.94,-0.0,22.95,3.99,1.1739,5
75,2,255,2,2005-08-01,20.95,5,14.94,6.01,22.95,-2.0,0.9129,6
76,1,318,1,2005-05-01,9.99,1,,,6.86,3.13,1.456,1
76,1,128,2,2005-05-01,8.98,2,,,6.86,2.12,1.3088,2
76,1,572,2,2005-05-01,7.99,1,,,6.86,1.13,1.1645,3
76,1,270,1,2005-05-01,6.98,2,,,6.86,0.12,1.0173,4
76,1,380,1,2005-05-01,3.99,1,,,6.86,-2.87,0.5815,5
76,1,501,1,2005-05-01,2.98,2,,,6.86,-3.88,0.4343,6
76,2,571,1,2005-05-01,9.99,1,,,6.86,3.13,1.456,1
76,1,558,2,2005-06-01,25.96,4,,,10.1,15.86,2.5693,1
76,1,380,1,2005-06-01,23.94,6,3.99,19.95,10.1,13.84,2.3694,2
76,1,270,1,2005-06-01,15.97,3,6.98,8.99,10.1,5.87,1.5806,3
76,1,572,2,2005-06-01,10.99,1,7.99,3.0,10.1,0.89,1.0877,4
76,1,318,2,2005-06-01,8.98,2,9.99,-1.01,10.1,-1.12,0.8888,5
76,1,128,2,2005-06-01,7.99,1,8.98,-0.99,10.1,-2.11,0.7908,6
76,1,501,1,2005-06-01,7.99,1,2.98,5.01,10.1,-2.11,0.7908,6
76,2,571,1,2005-06-01,23.96,4,9.99,13.97,10.1,13.86,2.3714,1
76,1,128,2,2005-07-01,43.9,10,7.99,35.91,24.01,19.89,1.8285,1
76,1,558,1,2005-07-01,40.89,11,25.96,14.93,24.01,16.88,1.7032,2
76,1,380,1,2005-07-01,36.92,8,23.94,12.98,24.01,12.91,1.5378,3
76,1,501,2,2005-07-01,29.94,6,7.99,21.95,24.01,5.93,1.2471,4
76,1,572,1,2005-07-01,29.93,7,10.99,18.94,24.01,5.92,1.2467,5
76,1,270,1,2005-07-01,20.96,4,15.97,4.99,24.01,-3.05,0.873,6
76,1,318,1,2005-07-01,14.97,3,8.98,5.99,24.01,-9.04,0.6235,7
76,2,571,1,2005-07-01,29.95,5,23.96,5.99,24.01,5.94,1.2475,1
76,1,380,1,2005-08-01,30.92,8,36.92,-6.0,18.49,12.43,1.6726,1
76,1,558,2,2005-08-01,27.95,5,40.89,-12.94,18.49,9.46,1.512,2
76,1,128,1,2005-08-01,25.95,5,43.9,-17.95,18.49,7.46,1.4038,3
76,1,572,1,2005-08-01,23.94,6,29.93,-5.99,18.49,5.45,1.295,4
76,1,270,2,2005-08-01,22.95,5,20.96,1.99,18.49,4.46,1.2415,5
76,1,501,1,2005-08-01,22.95,5,29.94,-6.99,18.49,4.46,1.2415,5
76,1,318,1,2005-08-01,2.99,1,14.97,-11.98,18.49,-15.5,0.1617,6
76,2,571,2,2005-08-01,13.97,3,29.95,-15.98,18.49,-4.52,0.7557,1
77,2,282,2,2005-05-01,9.97,3,,,5.32,4.65,1.8752,1
77,2,360,2,2005-05-01,4.99,1,,,5.32,-0.33,0.9386,2
77,2,360,2,2005-06-01,18.96,4,4.99,13.97,10.97,7.99,1.7278,1
77,2,282,2,2005-06-01,7.98,2,9.97,-1.99,10.97,-2.99,0.7272,2
77,2,282,2,2005-07-01,40.91,9,7.98,32.93,33.67,7.24,1.215,1
77,2,360,1,2005-07-01,38.9,10,18.96,19.94,33.67,5.23,1.1553,2
77,2,360,2,2005-08-01,29.94,6,38.9,-8.96,17.46,12.48,1.7145,1
77,2,282,2,2005-08-01,10.97,3,40.91,-29.94,17.46,-6.49,0.6282,2
78,2,563,2,2005-05-01,5.99,1,,,5.65,0.34,1.0596,1
78,2,230,1,2005-05-01,5.98,2,,,5.65,0.33,1.0578,2
78,2,230,2,2005-06-01,14.96,4,5.98,8.98,8.97,5.99,1.6672,1
78,2,563,2,2005-06-01,5.98,2,5.99,-0.01,8.97,-2.99,0.6664,2
78,2,563,2,2005-07-01,44.9,10,5.98,38.92,29.92,14.98,1.5005,1
78,2,230,2,2005-07-01,31.92,8,14.96,16.96,29.92,2.0,1.0668,2
78,2,230,2,2005-08-01,21.94,6,31.92,-9.98,17.95,3.99,1.2221,1
78,2,563,2,2005-08-01,20.95,5,44.9,-23.95,17.95,3.0,1.167,2
79,1,148,1,2005-05-01,4.99,1,,,4.99,0.0,1.0,1
79,1,148,2,2005-06-01,20.96,4,4.99,15.97,11.48,9.49,1.8266,1
79,1,148,1,2005-07-01,60.85,15,20.96,39.89,50.39,10.46,1.2076,1
79,1,148,2,2005-08-01,49.89,11,60.85,-10.96,43.91,5.98,1.1362,1
80,1,179,1,2005-05-01,12.97,3,,,6.09,6.88,2.1291,1
80,1,44,1,2005-05-01,11.96,4,,,6.09,5.87,1.9633,2
80,1,346,1,2005-05-01,9.98,2,,,6.09,3.89,1.6382,3
80,1,350,1,2005-05-01,9.98,2,,,6.09,3.89,1.6382,3
80,1,17,2,2005-05-01,7.98,2,,,6.09,1.89,1.3099,4
80,1,48,1,2005-05-01,7.98,2,,,6.09,1.89,1.3099,4
80,1,191,2,2005-05-01,4.99,1,,,6.09,-1.1,0.8191,5
80,1,393,1,2005-05-01,4.99,1,,,6.09,-1.1,0.8191,5
80,1,430,1,2005-05-01,4.99,1,,,6.09,-1.1,0.8191,5
80,1,106,2,2005-05-01,4.98,2,,,6.09,-1.11,0.8175,6
80,1,295,2,2005-05-01,3.99,1,,,6.09,-2.1,0.655,7
80,1,447,1,2005-05-01,2.99,1,,,6.09,-3.1,0.4908,8
80,1,351,1,2005-05-01,1.99,1,,,6.09,-4.1,0.3267,9
80,1,100,1,2005-05-01,0.99,1,,,6.09,-5.1,0.1625,10
80,1,376,1,2005-05-01,0.99,1,,,6.09,-5.1,0.1625,10
80,1,397,2,2005-05-01,0.99,1,,,6.09,-5.1,0.1625,10
80,2,311,2,2005-05-01,23.96,4,,,6.09,17.87,3.9331,1
80,2,55,1,2005-05-01,15.97,3,,,6.09,9.88,2.6215,2
80,2,510,1,2005-05-01,14.98,2,,,6.09,8.89,2.459,3
80,2,222,1,2005-05-01,11.98,2,,,6.09,5.89,1.9665,4
80,2,301,2,2005-05-01,10.98,2,,,6.09,4.89,1.8024,5
80,2,46,2,2005-05-01,7.98,2,,,6.09,1.89,1.3099,6
80,2,462,2,2005-05-01,6.98,2,,,6.09,0.89,1.1458,7
80,2,428,2,2005-05-01,4.99,1,,,6.09,-1.1,0.8191,8
80,2,127,1,2005-05-01,1.98,2,,,6.09,-4.11,0.325,9
80,1,295,1,2005-06-01,20.93,7,3.99,16.94,8.04,12.89,2.6043,1
80,1,430,1,2005-06-01,12.97,3,4.99,7.98,8.04,4.93,1.6139,2
80,1,17,2,2005-06-01,11.98,2,7.98,4.0,8.04,3.94,1.4907,3
80,1,100,2,2005-06-01,11.98,2,0.99,10.99,8.04,3.94,1.4907,3
80,1,393,1,2005-06-01,11.98,2,4.99,6.99,8.04,3.94,1.4907,3
80,1,48,2,2005-06-01,10.98,2,7.98,3.0,8.04,2.94,1.3662,4
80,1,44,1,2005-06-01,10.97,3,11.96,-0.99,8.04,2.93,1.365,5
80,1,106,1,2005-06-01,9.98,2,4.98,5.0,8.04,1.94,1.2418,6
80,1,346,1,2005-06-01,8.98,2,9.98,-1.0,8.04,0.94,1.1174,7
80,1,191,1,2005-06-01,8.97,3,4.99,3.98,8.04,0.93,1.1161,8
80,1,191,2,2005-06-01,8.97,3,8.97,0.0,8.04,0.93,1.1161,8
80,1,447,2,2005-06-01,8.97,3,2.99,5.98,8.04,0.93,1.1161,8
80,1,179,2,2005-06-01,7.99,1,12.97,-4.98,8.04,-0.05,0.9942,9
80,1,351,2,2005-06-01,5.99,1,1.99,4.0,8.04,-2.05,0.7453,10
80,1,397,1,2005-06-01,5.99,1,0.99,5.0,8.04,-2.05,0.7453,10
80,1,350,2,2005-06-01,4.98,2,9.98,-5.0,8.04,-3.06,0.6197,11
80,1,376,1,2005-06-01,0.99,1,0.99,0.0,8.04,-7.05,0.1232,12
80,1,376,2,2005-06-01,0.99,1,0.99,0.0,8.04,-7.05,0.1232,12
80,2,46,2,2005-06-01,24.95,5,7.98,16.97,8.04,16.91,3.1045,1
80,2,510,2,2005-06-01,24.93,7,14.98,9.95,8.04,16.89,3.1021,2
80,2,462,2,2005-06-01,15.98,2,6.98,9.0,8.04,7.94,1.9884,3
80,2,55,1,2005-06-01,12.97,3,15.97,-3.0,8.04,4.93,1.6139,4
80,2,428,1,2005-06-01,10.97,3,4.99,5.98,8.04,2.93,1.365,5
80,2,222,1,2005-06-01,8.99,1,11.98,-2.99,8.04,0.95,1.1186,6
80,2,160,2,2005-06-01,7.98,2,,,8.04,-0.06,0.993,7
80,2,311,2,2005-06-01,7.98,2,23.96,-15.98,8.04,-0.06,0.993,7
80,2,127,2,2005-06-01,6.98,2,1.98,5.0,8.04,-1.06,0.8685,8
80,2,301,1,2005-06-01,5.98,2,10.98,-5.0,8.04,-2.06,0.7441,9
80,2,567,2,2005-06-01,4.99,1,,,8.04,-3.05,0.6209,10
80,2,487,2,2005-06-01,3.99,1,,,8.04,-4.05,0.4965,11
80,1,179,1,2005-07-01,55.89,11,7.99,47.9,25.25,30.64,2.2136,1
80,1,346,2,2005-07-01,54.9,10,8.98,45.92,25.25,29.65,2.1744,2
80,1,376,1,2005-07-01,54.88,12,0.99,53.89,25.25,29.63,2.1736,3
80,1,295,1,2005-07-01,45.92,8,20.93,24.99,25.25,20.67,1.8187,4
80,1,393,2,2005-07-01,41.91,9,11.98,29.93,25.25,16.66,1.6599,5
80,1,100,2,2005-07-01,36.93,7,11.98,24.95,25.25,11.68,1.4627,6
80,1,44,2,2005-07-01,34.94,6,10.97,23.97,25.25,9.69,1.3838,7
80,1,191,1,2005-07-01,32.93,7,8.97,23.96,25.25,7.68,1.3042,8
80,1,447,1,2005-07-01,31.93,7,8.97,22.96,25.25,6.68,1.2646,9
80,1,397,2,2005-07-01,30.92,8,5.99,24.93,25.25,5.67,1.2246,10
80,1,17,2,2005-07-01,28.96,4,11.98,16.98,25.25,3.71,1.147,11
80,1,351,2,2005-07-01,26.94,6,5.99,20.95,25.25,1.69,1.067,12
80,1,48,2,2005-07-01,23.96,4,10.98,12.98,25.25,-1.29,0.949,13
80,1,430,1,2005-07-01,22.96,4,12.97,9.99,25.25,-2.29,0.9094,14
80,1,106,1,2005-07-01,22.95,5,9.98,12.97,25.25,-2.3,0.909,15
80,1,350,1,2005-07-01,15.94,6,4.98,10.96,25.25,-9.31,0.6313,16
80,2,462,1,2005-07-01,55.88,12,15.98,39.9,25.25,30.63,2.2132,1
80,2,301,2,2005-07-01,41.91,9,5.98,35.93,25.25,16.66,1.6599,2
80,2,428,1,2005-07-01,36.92,8,10.97,25.95,25.25,11.67,1.4623,3
80,2,222,2,2005-07-01,34.93,7,8.99,25.94,25.25,9.68,1.3834,4
80,2,567,1,2005-07-01,31.94,6,4.99,26.95,25.25,6.69,1.265,5
80,2,311,2,2005-07-01,30.95,5,7.98,22.97,25.25,5.7,1.2258,6
80,2,55,2,2005-07-01,28.95,5,12.97,15.98,25.25,3.7,1.1466,7
80,2,487,1,2005-07-01,27.93,7,3.99,23.94,25.25,2.68,1.1062,8
80,2,510,1,2005-07-01,24.94,6,24.93,0.01,25.25,-0.31,0.9878,9
80,2,46,2,2005-07-01,23.95,5,24.95,-1.0,25.25,-1.3,0.9486,10
80,2,127,2,2005-07-01,18.96,4,6.98,11.98,25.25,-6.29,0.7509,11
80,2,160,2,2005-07-01,15.95,5,7.98,7.97,25.25,-9.3,0.6317,12
80,1,106,1,2005-08-01,30.94,6,22.95,7.99,18.01,12.93,1.7177,1
80,1,346,1,2005-08-01,27.94,6,54.9,-26.96,18.01,9.93,1.5512,2
80,1,350,2,2005-08-01,27.93,7,15.94,11.99,18.01,9.92,1.5506,3
80,1,447,1,2005-08-01,24.94,6,31.93,-6.99,18.01,6.93,1.3846,4
80,1,376,1,2005-08-01,23.93,7,54.88,-30.95,18.01,5.92,1.3286,5
80,1,397,1,2005-08-01,22.94,6,30.92,-7.98,18.01,4.93,1.2736,6
80,1,179,2,2005-08-01,21.95,5,55.89,-33.94,18.01,3.94,1.2186,7
80,1,295,1,2005-08-01,19.95,5,45.92,-25.97,18.01,1.94,1.1076,8
80,1,393,2,2005-08-01,18.94,6,41.91,-22.97,18.01,0.93,1.0515,9
80,1,430,1,2005-08-01,17.95,5,22.96,-5.01,18.01,-0.06,0.9966,10
80,1,44,1,2005-08-01,14.97,3,34.94,-19.97,18.01,-3.04,0.8311,11
80,1,351,1,2005-08-01,14.97,3,26.94,-11.97,18.01,-3.04,0.8311,11
80,1,17,2,2005-08-01,13.97,3,28.96,-14.99,18.01,-4.04,0.7756,12
80,1,100,2,2005-08-01,8.98,2,36.93,-27.95,18.01,-9.03,0.4986,13
80,1,191,2,2005-08-01,7.98,2,32.93,-24.95,18.01,-10.03,0.443,14
80,1,48,2,2005-08-01,7.97,3,23.96,-15.99,18.01,-10.04,0.4425,15
80,2,487,1,2005-08-01,38.95,5,27.93,11.02,18.01,20.94,2.1624,1
80,2,160,1,2005-08-01,38.92,8,15.95,22.97,18.01,20.91,2.1608,2
80,2,462,1,2005-08-01,36.92,8,55.88,-18.96,18.01,18.91,2.0497,3
80,2,46,2,2005-08-01,34.93,7,23.95,10.98,18.01,16.92,1.9393,4
80,2,127,1,2005-08-01,34.93,7,18.96,15.97,18.01,16.92,1.9393,5
80,2,567,2,2005-08-01,33.94,6,31.94,2.0,18.01,15.93,1.8843,6
80,2,55,1,2005-08-01,24.95,5,28.95,-4.0,18.01,6.94,1.3852,7
80,2,311,2,2005-08-01,22.95,5,30.95,-8.0,18.01,4.94,1.2741,8
80,2,510,2,2005-08-01,15.97,3,24.94,-8.97,18.01,-2.04,0.8866,9
80,2,301,1,2005-08-01,13.97,3,41.91,-27.94,18.01,-4.04,0.7756,10
80,2,428,2,2005-08-01,8.97,3,36.92,-27.95,18.01,-9.04,0.498,11
80,2,222,2,2005-08-01,5.98,2,34.93,-28.95,18.01,-12.03,0.332,12
81,1,326,2,2005-05-01,8.98,2,,,7.99,1.0,1.1246,1
81,1,326,1,2005-06-01,9.98,2,8.98,1.0,7.98,2.0,1.2506,1
81,1,326,1,2005-07-01,28.94,6,9.98,18.96,23.44,5.5,1.2346,1
81,1,326,2,2005-08-01,17.94,6,28.94,-11.0,17.94,0.0,1.0,1
82,1,417,2,2005-05-01,13.98,2,,,8.23,5.75,1.6979,1
82,1,101,1,2005-05-01,9.99,1,,,8.23,1.76,1.2133,2
82,2,312,2,2005-05-01,16.97,3,,,8.23,8.74,2.061,1
82,2,49,2,2005-05-01,9.97,3,,,8.23,1.74,1.2109,2
82,2,70,2,2005-05-01,4.99,1,,,8.23,-3.24,0.606,3
82,1,417,1,2005-06-01,3.99,1,13.98,-9.99,7.58,-3.59,0.5262,1
82,2,49,2,2005-06-01,22.96,4,9.97,12.99,7.58,15.38,3.0282,1
82,2,70,1,2005-06-01,4.99,1,4.99,0.0,7.58,-2.59,0.6581,2
82,2,312,2,2005-06-01,4.98,2,16.97,-11.99,7.58,-2.6,0.6568,3
82,1,101,2,2005-07-01,40.92,8,9.99,30.93,23.55,17.37,1.7376,1
82,1,417,1,2005-07-01,25.95,5,3.99,21.96,23.55,2.4,1.1019,2
82,2,312,1,2005-07-01,45.9,10,4.98,40.92,23.55,22.35,1.949,1
82,2,49,2,2005-07-01,36.93,7,22.96,13.97,23.55,13.38,1.5682,2
82,2,70,2,2005-07-01,13.97,3,4.99,8.98,23.55,-9.58,0.5932,3
82,1,417,1,2005-08-01,33.92,8,25.95,7.97,18.05,15.87,1.8789,1
82,1,101,2,2005-08-01,17.94,6,40.92,-22.98,18.05,-0.11,0.9937,2
82,2,70,1,2005-08-01,32.94,6,13.97,18.97,18.05,14.89,1.8246,1
82,2,312,1,2005-08-01,19.95,5,45.9,-25.95,18.05,1.9,1.1051,2
82,2,49,1,2005-08-01,16.95,5,36.93,-19.98,18.05,-1.1,0.9389,3
83,2,456,2,2005-05-01,4.99,1,,,4.99,0.0,1.0,1
83,2,456,2,2005-06-01,12.98,2,4.99,7.99,12.97,0.02,1.0012,1
83,2,456,1,2005-07-01,16.97,3,12.98,3.99,12.47,4.51,1.3614,1
83,2,456,1,2005-08-01,33.93,7,16.97,16.96,22.45,11.48,1.5114,1
84,1,357,1,2005-05-01,7.98,2,,,4.49,3.5,1.7793,1
84,1,357,2,2005-06-01,14.97,3,7.98,6.99,8.48,6.49,1.7653,1
84,1,357,1,2005-07-01,27.92,8,14.97,12.95,21.44,6.48,1.3022,1
84,1,357,1,2005-08-01,10.97,3,27.92,-16.95,10.47,0.51,1.0483,1
85,1,19,2,2005-05-01,16.96,4,,,8.31,8.65,2.0401,1
85,1,432,1,2005-05-01,14.98,2,,,8.31,6.67,1.8019,2
85,1,407,1,2005-05-01,7.99,1,,,8.31,-0.32,0.9611,3
85,1,83,2,2005-05-01,4.97,3,,,8.31,-3.34,0.5978,4
85,1,125,2,2005-05-01,3.99,1,,,8.31,-4.32,0.48,5
85,1,471,1,2005-05-01,2.99,1,,,8.31,-5.32,0.3597,6
85,1,145,1,2005-05-01,0.99,1,,,8.31,-7.32,0.1191,7
85,1,338,1,2005-05-01,0.99,1,,,8.31,-7.32,0.1191,7
85,2,109,1,2005-05-01,23.94,6,,,8.31,15.63,2.8797,1
85,1,338,1,2005-06-01,24.95,5,0.99,23.96,10.45,14.5,2.3885,1
85,1,125,1,2005-06-01,19.96,4,3.99,15.97,10.45,9.51,1.9108,2
85,1,471,2,2005-06-01,15.96,4,2.99,12.97,10.45,5.51,1.5279,3
85,1,432,2,2005-06-01,13.97,3,14.98,-1.01,10.45,3.52,1.3374,4
85,1,83,1,2005-06-01,11.98,2,4.97,7.01,10.45,1.53,1.1469,5
85,1,19,1,2005-06-01,5.98,2,16.96,-10.98,10.45,-4.47,0.5725,6
85,1,145,2,2005-06-01,5.98,2,0.99,4.99,10.45,-4.47,0.5725,6
85,1,407,1,2005-06-01,2.99,1,7.99,-5.0,10.45,-7.46,0.2862,7
85,1,555,2,2005-06-01,1.99,1,,,10.45,-8.46,0.1905,8
85,2,109,2,2005-06-01,25.95,5,23.94,2.01,10.45,15.5,2.4842,1
85,2,132,1,2005-06-01,11.96,4,,,10.45,1.51,1.1449,2
85,1,125,1,2005-07-01,41.91,9,19.96,21.95,21.27,20.64,1.9708,1
85,1,407,1,2005-07-01,33.92,8,2.99,30.93,21.27,12.65,1.5951,2
85,1,432,1,2005-07-01,30.94,6,13.97,16.97,21.27,9.67,1.4549,3
85,1,145,1,2005-07-01,27.93,7,5.98,21.95,21.27,6.66,1.3134,4
85,1,83,2,2005-07-01,25.94,6,11.98,13.96,21.27,4.67,1.2198,5
85,1,471,1,2005-07-01,23.93,7,15.96,7.97,21.27,2.66,1.1253,6
85,1,338,1,2005-07-01,22.94,6,24.95,-2.01,21.27,1.67,1.0787,7
85,1,19,2,2005-07-01,19.97,3,5.98,13.99,21.27,-1.3,0.9391,8
85,1,555,2,2005-07-01,18.97,3,1.99,16.98,21.27,-2.3,0.8921,9
85,2,132,1,2005-07-01,31.91,9,11.96,19.95,21.27,10.64,1.5006,1
85,2,109,1,2005-07-01,15.95,5,25.95,-10.0,21.27,-5.32,0.75,2
85,1,145,2,2005-08-01,38.92,8,27.93,10.99,20.64,18.28,1.8861,1
85,1,407,2,2005-08-01,36.91,9,33.92,2.99,20.64,16.27,1.7887,2
85,1,471,1,2005-08-01,34.93,7,23.93,11.0,20.64,14.29,1.6927,3
85,1,19,1,2005-08-01,32.95,5,19.97,12.98,20.64,12.31,1.5968,4
85,1,338,2,2005-08-01,26.94,6,22.94,4.0,20.64,6.3,1.3055,5
85,1,125,1,2005-08-01,24.93,7,41.91,-16.98,20.64,4.29,1.2081,6
85,1,83,2,2005-08-01,21.96,4,25.94,-3.98,20.64,1.32,1.0642,7
85,1,432,1,2005-08-01,21.96,4,30.94,-8.98,20.64,1.32,1.0642,7
85,1,555,1,2005-08-01,21.95,5,18.97,2.98,20.64,1.31,1.0637,8
85,2,109,2,2005-08-01,22.95,5,15.95,7.0,20.64,2.31,1.1122,1
85,2,132,1,2005-08-01,18.97,3,31.91,-12.94,20.64,-1.67,0.9193,2
86,1,245,2,2005-05-01,16.97,3,,,6.7,10.27,2.5339,1
86,1,237,1,2005-05-01,4.99,1,,,6.7,-1.71,0.7451,2
86,2,536,1,2005-05-01,7.98,2,,,6.7,1.28,1.1916,1
86,2,88,2,2005-05-01,2.99,1,,,6.7,-3.71,0.4465,2
86,2,99,2,2005-05-01,0.99,1,,,6.7,-5.71,0.1478,3
86,1,237,1,2005-06-01,8.97,3,4.99,3.98,7.83,1.14,1.145,1
86,1,245,1,2005-06-01,8.97,3,16.97,-8.0,7.83,1.14,1.145,1
86,2,88,1,2005-06-01,13.97,3,2.99,10.98,7.83,6.14,1.7832,1
86,2,99,1,2005-06-01,7.98,2,0.99,6.99,7.83,0.15,1.0186,2
86,2,536,2,2005-06-01,5.98,2,7.98,-2.0,7.83,-1.85,0.7633,3
86,1,245,1,2005-07-01,41.92,8,8.97,32.95,29.13,12.79,1.439,1
86,1,237,2,2005-07-01,36.91,9,8.97,27.94,29.13,7.78,1.267,2
86,2,536,1,2005-07-01,41.91,9,5.98,35.93,29.13,12.78,1.4387,1
86,2,99,2,2005-07-01,39.91,9,7.98,31.93,29.13,10.78,1.37,2
86,2,88,1,2005-07-01,33.93,7,13.97,19.96,29.13,4.8,1.1647,3
86,1,237,2,2005-08-01,58.91,9,36.91,22.0,17.76,41.15,3.3163,1
86,1,245,1,2005-08-01,17.95,5,41.92,-23.97,17.76,0.19,1.0105,2
86,2,536,1,2005-08-01,27.95,5,41.91,-13.96,17.76,10.19,1.5734,1
86,2,99,2,2005-08-01,22.96,4,39.91,-16.95,17.76,5.2,1.2925,2
86,2,88,1,2005-08-01,12.97,3,33.93,-20.96,17.76,-4.79,0.7301,3
86,2,88,2,2005-08-01,12.97,3,12.97,0.0,17.76,-4.79,0.7301,3
87,1,549,2,2005-05-01,9.98,2,,,7.11,2.87,1.4044,1
87,1,52,1,2005-05-01,0.99,1,,,7.11,-6.12,0.1393,2
87,2,469,2,2005-05-01,14.97,3,,,7.11,7.86,2.1066,1
87,2,293,2,2005-05-01,9.98,2,,,7.11,2.87,1.4044,2
87,2,394,1,2005-05-01,6.98,2,,,7.11,-0.13,0.9822,3
87,1,52,1,2005-06-01,7.98,2,0.99,6.99,8.61,-0.63,0.9272,1
87,1,549,1,2005-06-01,2.99,1,9.98,-6.99,8.61,-5.62,0.3474,2
87,2,293,1,2005-06-01,22.96,4,9.98,12.98,8.61,14.35,2.6678,1
87,2,469,1,2005-06-01,9.99,1,14.97,-4.98,8.61,1.38,1.1608,2
87,2,394,2,2005-06-01,4.99,1,6.98,-1.99,8.61,-3.62,0.5798,3
87,1,549,2,2005-07-01,27.94,6,2.99,24.95,25.74,2.2,1.0854,1
87,1,52,2,2005-07-01,24.94,6,7.98,16.96,25.74,-0.8,0.9689,2
87,2,469,2,2005-07-01,47.89,11,9.99,37.9,25.74,22.15,1.8605,1
87,2,293,2,2005-07-01,24.94,6,22.96,1.98,25.74,-0.8,0.9689,2
87,2,394,1,2005-07-01,19.96,4,4.99,14.97,25.74,-5.78,0.7754,3
87,1,52,2,2005-08-01,26.93,7,24.94,1.99,21.35,5.58,1.2614,1
87,1,549,2,2005-08-01,16.95,5,27.94,-10.99,21.35,-4.4,0.7939,2
87,2,469,1,2005-08-01,53.89,11,47.89,6.0,21.35,32.54,2.5242,1
87,2,293,1,2005-08-01,39.93,7,24.94,14.99,21.35,18.58,1.8703,2
87,2,394,1,2005-08-01,17.94,6,19.96,-2.02,21.35,-3.41,0.8403,3
88,1,408,2,2005-05-01,9.98,2,,,6.49,3.5,1.5389,1
88,1,408,2,2005-06-01,7.98,2,9.98,-2.0,5.49,2.5,1.4549,1
88,1,408,2,2005-07-01,38.91,9,7.98,30.93,22.94,15.97,1.6962,1
88,1,408,1,2005-08-01,31.93,7,38.91,-6.98,23.44,8.49,1.3622,1
89,1,50,1,2005-05-01,19.96,4,,,12.48,7.49,1.6,1
89,1,50,1,2005-06-01,7.98,2,19.96,-11.98,6.98,1.01,1.1441,1
89,2,395,1,2005-06-01,14.95,5,,,6.98,7.98,2.1434,1
89,1,50,2,2005-07-01,46.9,10,7.98,38.92,26.44,20.46,1.7738,1
89,2,395,1,2005-07-01,14.96,4,14.95,0.01,26.44,-11.48,0.5658,1
89,1,50,2,2005-08-01,34.94,6,46.9,-11.96,17.21,17.73,2.0299,1
89,2,395,1,2005-08-01,15.95,5,14.96,0.99,17.21,-1.26,0.9267,1
90,2,66,2,2005-05-01,4.99,1,,,4.99,0.0,1.0,1
90,2,66,1,2005-06-01,19.95,5,4.99,14.96,14.97,4.99,1.3331,1
90,2,66,1,2005-07-01,34.93,7,19.95,14.98,30.44,4.5,1.1477,1
90,2,66,1,2005-08-01,27.93,7,34.93,-7.0,24.44,3.49,1.143,1
91,1,155,1,2005-05-01,2.99,1,,,1.99,1.0,1.5025,1
91,2,61,1,2005-05-01,0.99,1,,,1.99,-1.0,0.4975,1
91,1,155,1,2005-06-01,20.97,3,2.99,17.98,10.31,10.66,2.0333,1
91,1,598,1,2005-06-01,2.99,1,,,10.31,-7.32,0.2899,2
91,1,598,1,2005-07-01,32.92,8,2.99,29.93,23.45,9.47,1.404,1
91,1,155,1,2005-07-01,23.93,7,20.97,2.96,23.45,0.48,1.0206,2
91,2,61,2,2005-07-01,20.96,4,0.99,19.97,23.45,-2.49,0.8939,1
91,1,155,1,2005-08-01,17.96,4,23.93,-5.97,11.47,6.49,1.5661,1
91,1,598,1,2005-08-01,7.99,1,32.92,-24.93,11.47,-3.48,0.6967,2
91,2,61,1,2005-08-01,13.96,4,20.96,-7.0,11.47,2.49,1.2173,1
92,1,586,1,2005-05-01,13.98,2,,,5.08,8.9,2.7539,1
92,1,5,1,2005-05-01,9.97,3,,,5.08,4.89,1.964,2
92,2,577,2,2005-05-01,6.98,2,,,5.08,1.9,1.375,1
92,2,73,2,2005-05-01,4.99,1,,,5.08,-0.09,0.983,2
92,2,75,1,2005-05-01,4.99,1,,,5.08,-0.09,0.983,2
92,2,517,2,2005-05-01,4.99,1,,,5.08,-0.09,0.983,2
92,2,576,2,2005-05-01,2.99,1,,,5.08,-2.09,0.589,3
92,2,348,2,2005-05-01,1.98,2,,,5.08,-3.1,0.39,4
92,1,5,2,2005-06-01,15.96,4,9.97,5.99,9.53,6.43,1.6741,1
92,1,30,2,2005-06-01,12.96,4,,,9.53,3.43,1.3594,2
92,1,139,2,2005-06-01,10.98,2,,,9.53,1.45,1.1517,3
92,1,586,1,2005-06-01,2.99,1,13.98,-10.99,9.53,-6.54,0.3136,4
92,2,576,2,2005-06-01,23.96,4,2.99,20.97,9.53,14.43,2.5133,1
92,2,75,1,2005-06-01,17.97,3,4.99,12.98,9.53,8.44,1.885,2
92,2,517,1,2005-06-01,14.97,3,4.99,9.98,9.53,5.44,1.5703,3
92,2,577,2,2005-06-01,13.97,3,6.98,6.99,9.53,4.44,1.4654,4
92,2,348,1,2005-06-01,11.98,2,1.98,10.0,9.53,2.45,1.2566,5
92,2,73,2,2005-06-01,4.99,1,4.99,0.0,9.53,-4.54,0.5234,6
92,1,30,2,2005-07-01,39.9,10,12.96,26.94,28.28,11.62,1.4108,1
92,1,5,1,2005-07-01,31.93,7,15.96,15.97,28.28,3.65,1.129,2
92,1,139,2,2005-07-01,29.92,8,10.98,18.94,28.28,1.64,1.0579,3
92,1,586,2,2005-07-01,20.95,5,2.99,17.96,28.28,-7.33,0.7408,4
92,2,348,2,2005-07-01,40.9,10,11.98,28.92,28.28,12.62,1.4462,1
92,2,73,1,2005-07-01,38.92,8,4.99,33.93,28.28,10.64,1.3762,2
92,2,75,1,2005-07-01,37.91,9,17.97,19.94,28.28,9.63,1.3405,3
92,2,576,1,2005-07-01,35.92,8,23.96,11.96,28.28,7.64,1.2701,4
92,2,577,1,2005-07-01,31.94,6,13.97,17.97,28.28,3.66,1.1294,5
92,2,517,1,2005-07-01,25.95,5,14.97,10.98,28.28,-2.33,0.9176,6
92,1,139,1,2005-08-01,33.92,8,29.92,4.0,19.95,13.97,1.7005,1
92,1,30,1,2005-08-01,32.91,9,39.9,-6.99,19.95,12.96,1.6499,2
92,1,5,1,2005-08-01,27.94,6,31.93,-3.99,19.95,7.99,1.4007,3
92,1,586,1,2005-08-01,15.94,6,20.95,-5.01,19.95,-4.01,0.7991,4
92,2,348,2,2005-08-01,39.9,10,40.9,-1.0,19.95,19.95,2.0003,1
92,2,75,1,2005-08-01,26.92,8,37.91,-10.99,19.95,6.97,1.3496,2
92,2,577,2,2005-08-01,25.92,8,31.94,-6.02,19.95,5.97,1.2994,3
92,2,73,2,2005-08-01,22.94,6,38.92,-15.98,19.95,2.99,1.15,4
92,2,576,1,2005-08-01,21.94,6,35.92,-13.98,19.95,1.99,1.0999,5
92,2,517,2,2005-08-01,15.96,4,25.95,-9.99,19.95,-3.99,0.8001,6
93,1,481,2,2005-05-01,5.99,1,,,3.79,2.2,1.5805,1
93,2,190,2,2005-05-01,4.99,1,,,3.79,1.2,1.3166,1
93,2,220,1,2005-05-01,3.99,1,,,3.79,0.2,1.0528,2
93,1,481,2,2005-06-01,13.96,4,5.99,7.97,11.63,2.33,1.2,1
93,2,190,1,2005-06-01,19.95,5,4.99,14.96,11.63,8.32,1.7149,1
93,2,220,1,2005-06-01,0.99,1,3.99,-3.0,11.63,-10.64,0.0851,2
93,1,481,1,2005-07-01,39.9,10,13.96,25.94,24.28,15.62,1.6433,1
93,2,220,2,2005-07-01,48.91,9,0.99,47.92,24.28,24.63,2.0144,1
93,2,190,1,2005-07-01,14.96,4,19.95,-4.99,24.28,-9.32,0.6161,2
93,1,481,2,2005-08-01,20.93,7,39.9,-18.97,22.78,-1.85,0.919,1
93,2,190,2,2005-08-01,40.9,10,14.96,25.94,22.78,18.12,1.7958,1
93,2,220,1,2005-08-01,27.93,7,48.91,-20.98,22.78,5.16,1.2263,2
94,1,390,1,2005-05-01,4.99,1,,,4.49,0.5,1.1114,1
94,1,390,2,2005-05-01,4.99,1,4.99,0.0,4.49,0.5,1.1114,1
94,2,42,1,2005-05-01,5.99,1,,,4.49,1.5,1.3341,1
94,2,86,1,2005-05-01,1.99,1,,,4.49,-2.5,0.4432,2
94,1,390,1,2005-06-01,13.98,2,4.99,8.99,10.64,3.34,1.3139,1
94,2,86,2,2005-06-01,13.96,4,1.99,11.97,10.64,3.32,1.312,1
94,2,42,1,2005-06-01,8.98,2,5.99,2.99,10.64,-1.66,0.844,2
94,1,390,1,2005-07-01,42.9,10,13.98,28.92,30.6,12.3,1.4021,1
94,2,86,1,2005-07-01,39.93,7,13.96,25.97,30.6,9.33,1.305,1
94,2,42,2,2005-07-01,35.92,8,8.98,26.94,30.6,5.32,1.174,2
94,1,390,2,2005-08-01,43.92,8,42.9,1.02,24.61,19.31,1.7844,1
94,2,86,2,2005-08-01,43.91,9,39.93,3.98,24.61,19.3,1.784,1
94,2,42,1,2005-08-01,21.96,4,35.92,-13.96,24.61,-2.65,0.8922,2
95,1,344,2,2005-05-01,8.98,2,,,8.98,0.0,1.0,1
95,1,344,2,2005-06-01,4.99,1,8.98,-3.99,4.99,0.0,1.001,1
95,1,344,2,2005-07-01,28.94,6,4.99,23.95,28.94,0.0,1.0,1
95,1,344,2,2005-08-01,17.96,4,28.94,-10.98,12.97,4.99,1.3853,1
96,1,335,1,2005-06-01,4.99,1,,,4.99,0.0,1.0,1
96,1,335,1,2005-07-01,39.9,10,4.99,34.91,27.93,11.98,1.4288,1
96,1,335,2,2005-08-01,11.96,4,39.9,-27.94,8.47,3.49,1.412,1
97,1,124,2,2005-05-01,14.97,3,,,6.35,8.62,2.3559,1
97,1,566,2,2005-05-01,10.98,2,,,6.35,4.63,1.728,2
97,1,204,2,2005-05-01,10.97,3,,,6.35,4.62,1.7264,3
97,1,480,2,2005-05-01,9.99,1,,,6.35,3.64,1.5722,4
97,1,493,1,2005-05-01,7.99,1,,,6.35,1.64,1.2574,5
97,1,172,1,2005-05-01,7.98,2,,,6.35,1.63,1.2559,6
97,1,366,2,2005-05-01,6.99,1,,,6.35,0.64,1.1001,7
97,1,143,1,2005-05-01,5.98,2,,,6.35,-0.37,0.9411,8
97,1,518,1,2005-05-01,2.99,1,,,6.35,-3.36,0.4706,9
97,2,327,1,2005-05-01,6.99,1,,,6.35,0.64,1.1001,1
97,2,483,2,2005-05-01,6.99,1,,,6.35,0.64,1.1001,1
97,2,278,1,2005-05-01,4.99,1,,,6.35,-1.36,0.7853,2
97,2,507,2,2005-05-01,4.99,1,,,6.35,-1.36,0.7853,2
97,2,164,2,2005-05-01,1.99,1,,,6.35,-4.36,0.3132,3
97,1,204,1,2005-06-01,15.97,3,10.97,5.0,8.26,7.71,1.9336,1
97,1,204,2,2005-06-01,15.97,3,15.97,0.0,8.26,7.71,1.9336,1
97,1,566,1,2005-06-01,11.97,3,10.98,0.99,8.26,3.71,1.4493,2
97,1,143,1,2005-06-01,10.97,3,5.98,4.99,8.26,2.71,1.3282,3
97,1,493,1,2005-06-01,8.97,3,7.99,0.98,8.26,0.71,1.0861,4
97,1,518,2,2005-06-01,6.98,2,2.99,3.99,8.26,-1.28,0.8451,5
97,1,172,2,2005-06-01,2.98,2,7.98,-5.0,8.26,-5.28,0.3608,6
97,1,366,2,2005-06-01,2.98,2,6.99,-4.01,8.26,-5.28,0.3608,6
97,1,124,2,2005-06-01,1.99,1,14.97,-12.98,8.26,-6.27,0.2409,7
97,1,480,1,2005-06-01,1.98,2,9.99,-8.01,8.26,-6.28,0.2397,8
97,2,327,2,2005-06-01,20.96,4,6.99,13.97,8.26,12.7,2.5378,1
97,2,13,1,2005-06-01,19.96,4,,,8.26,11.7,2.4167,2
97,2,483,1,2005-06-01,13.98,2,6.99,6.99,8.26,5.72,1.6927,3
97,2,507,2,2005-06-01,9.98,2,4.99,4.99,8.26,1.72,1.2083,4
97,2,164,1,2005-06-01,8.99,1,1.99,7.0,8.26,0.73,1.0885,5
97,2,278,1,2005-06-01,5.98,2,4.99,0.99,8.26,-2.28,0.724,6
97,2,278,2,2005-06-01,5.98,2,5.98,0.0,8.26,-2.28,0.724,6
97,1,366,2,2005-07-01,41.9,10,2.98,38.92,24.64,17.26,1.7003,1
97,1,172,1,2005-07-01,39.91,9,2.98,36.93,24.64,15.27,1.6195,2
97,1,518,2,2005-07-01,38.93,7,6.98,31.95,24.64,14.29,1.5798,3
97,1,566,1,2005-07-01,37.91,9,11.97,25.94,24.64,13.27,1.5384,4
97,1,480,2,2005-07-01,30.95,5,1.98,28.97,24.64,6.31,1.256,5
97,1,493,1,2005-07-01,29.94,6,8.97,20.97,24.64,5.3,1.215,6
97,1,204,1,2005-07-01,26.94,6,15.97,10.97,24.64,2.3,1.0932,7
97,1,124,1,2005-07-01,24.95,5,1.99,22.96,24.64,0.31,1.0125,8
97,1,143,1,2005-07-01,18.95,5,10.97,7.98,24.64,-5.69,0.769,9
97,2,13,1,2005-07-01,35.91,9,19.96,15.95,24.64,11.27,1.4572,1
97,2,507,1,2005-07-01,29.92,8,9.98,19.94,24.64,5.28,1.2142,2
97,2,483,1,2005-07-01,27.95,5,13.98,13.97,24.64,3.31,1.1342,3
97,2,278,2,2005-07-01,23.95,5,5.98,17.97,24.64,-0.69,0.9719,4
97,2,164,1,2005-07-01,20.95,5,8.99,11.96,24.64,-3.69,0.8502,5
97,2,327,1,2005-07-01,8.97,3,20.96,-11.99,24.64,-15.67,0.364,6
97,1,172,2,2005-08-01,44.91,9,39.91,5.0,20.16,24.75,2.2276,1
97,1,366,1,2005-08-01,41.9,10,41.9,0.0,20.16,21.74,2.0783,2
97,1,566,2,2005-08-01,31.94,6,37.91,-5.97,20.16,11.78,1.5843,3
97,1,518,1,2005-08-01,29.95,5,38.93,-8.98,20.16,9.79,1.4856,4
97,1,204,2,2005-08-01,26.95,5,26.94,0.01,20.16,6.79,1.3368,5
97,1,480,2,2005-08-01,26.93,7,30.95,-4.02,20.16,6.77,1.3358,6
97,1,493,2,2005-08-01,22.96,4,29.94,-6.98,20.16,2.8,1.1388,7
97,1,143,1,2005-08-01,20.96,4,18.95,2.01,20.16,0.8,1.0396,8
97,1,124,2,2005-08-01,12.96,4,24.95,-11.99,20.16,-7.2,0.6428,9
97,2,327,1,2005-08-01,36.91,9,8.97,27.94,20.16,16.75,1.8308,1
97,2,13,2,2005-08-01,28.94,6,35.91,-6.97,20.16,8.78,1.4355,2
97,2,278,1,2005-08-01,26.92,8,23.95,2.97,20.16,6.76,1.3353,3
97,2,507,2,2005-08-01,16.97,3,29.92,-12.95,20.16,-3.19,0.8417,4
97,2,483,2,2005-08-01,10.96,4,27.95,-16.99,20.16,-9.2,0.5436,5
97,2,164,2,2005-08-01,8.98,2,20.95,-11.97,20.16,-11.18,0.4454,6
98,2,200,2,2005-05-01,9.99,1,,,9.99,0.0,1.0,1
98,2,200,2,2005-06-01,22.95,5,9.99,12.96,15.97,6.99,1.4375,1
98,2,200,1,2005-07-01,27.93,7,22.95,4.98,18.95,8.98,1.4739,1
98,2,200,1,2005-08-01,35.95,5,27.93,8.02,26.96,8.99,1.3335,1
99,1,105,1,2005-05-01,18.97,3,,,13.48,5.49,1.4073,1
99,1,105,2,2005-06-01,11.97,3,18.97,-7.0,11.97,0.0,1.0,1
99,1,105,2,2005-07-01,40.92,8,11.97,28.95,24.45,16.47,1.6736,1
99,1,105,2,2005-08-01,16.95,5,40.92,-23.97,16.46,0.5,1.0301,1
100,1,82,2,2005-05-01,11.98,2,,,6.86,5.12,1.746,1
100,1,386,1,2005-05-01,7.99,1,,,6.86,1.13,1.1645,2
100,2,131,2,2005-05-01,10.98,2,,,6.86,4.12,1.6003,1
100,2,187,1,2005-05-01,7.99,1,,,6.86,1.13,1.1645,2
100,2,475,2,2005-05-01,4.99,1,,,6.86,-1.87,0.7273,3
100,2,545,2,2005-05-01,4.98,2,,,6.86,-1.88,0.7258,4
100,1,82,1,2005-06-01,18.97,3,11.98,6.99,8.87,10.1,2.1395,1
100,1,386,2,2005-06-01,9.98,2,7.99,1.99,8.87,1.11,1.1256,2
100,2,187,2,2005-06-01,14.95,5,7.99,6.96,8.87,6.08,1.6861,1
100,2,131,1,2005-06-01,9.99,1,10.98,-0.99,8.87,1.12,1.1267,2
100,2,545,1,2005-06-01,2.99,1,4.98,-1.99,8.87,-5.88,0.3372,3
100,1,82,2,2005-07-01,33.94,6,18.97,14.97,29.02,4.92,1.1694,1
100,1,386,1,2005-07-01,33.92,8,9.98,23.94,29.02,4.9,1.1687,2
100,2,131,1,2005-07-01,45.9,10,9.99,35.91,29.02,16.88,1.5814,1
100,2,187,2,2005-07-01,42.93,7,14.95,27.98,29.02,13.91,1.4791,2
100,2,475,1,2005-07-01,41.91,9,4.99,36.92,29.02,12.89,1.444,3
100,2,545,2,2005-07-01,23.95,5,2.99,20.96,29.02,-5.07,0.8252,4
100,1,82,2,2005-08-01,22.95,5,33.94,-10.99,20.62,2.33,1.113,1
100,1,386,2,2005-08-01,21.95,5,33.92,-11.97,20.62,1.33,1.0645,2
100,2,187,2,2005-08-01,52.93,7,42.93,10.0,20.62,32.31,2.5669,1
100,2,131,1,2005-08-01,24.93,7,45.9,-20.97,20.62,4.31,1.209,2
100,2,475,1,2005-08-01,22.94,6,41.91,-18.97,20.62,2.32,1.1125,3
100,2,545,2,2005-08-01,21.96,4,23.95,-1.99,20.62,1.34,1.065,4
101,1,452,1,2005-05-01,4.98,2,,,3.24,1.74,1.5382,1
101,1,98,2,2005-05-01,3.99,1,,,3.24,0.75,1.2324,2
101,2,292,1,2005-05-01,0.99,1,,,3.24,-2.25,0.3058,1
101,1,98,2,2005-06-01,15.97,3,3.99,11.98,10.64,5.33,1.5012,1
101,1,452,1,2005-06-01,11.96,4,4.98,6.98,10.64,1.32,1.1242,2
101,2,292,1,2005-06-01,7.98,2,0.99,6.99,10.64,-2.66,0.7501,1
101,1,452,2,2005-07-01,36.92,8,11.96,24.96,26.94,9.98,1.3706,1
101,1,98,2,2005-07-01,25.95,5,15.97,9.98,26.94,-0.99,0.9634,2
101,2,292,1,2005-07-01,54.9,10,7.98,46.92,26.94,27.96,2.0381,1
101,1,452,1,2005-08-01,20.93,7,36.92,-15.99,14.96,5.97,1.3989,1
101,1,98,1,2005-08-01,19.96,4,25.95,-5.99,14.96,5.0,1.3341,2
101,2,292,1,2005-08-01,22.95,5,54.9,-31.95,14.96,7.99,1.5339,1
102,1,142,1,2005-05-01,10.98,2,,,6.71,4.27,1.6357,1
102,1,477,1,2005-05-01,2.99,1,,,6.71,-3.72,0.4454,2
102,2,85,1,2005-05-01,9.99,1,,,6.71,3.28,1.4882,1
102,2,16,1,2005-05-01,9.97,3,,,6.71,3.26,1.4852,2
102,2,497,1,2005-05-01,7.99,1,,,6.71,1.28,1.1903,3
102,2,556,2,2005-05-01,5.99,1,,,6.71,-0.72,0.8923,4
102,2,252,1,2005-05-01,5.98,2,,,6.71,-0.73,0.8908,5
102,1,477,1,2005-06-01,20.97,3,2.99,17.98,10.74,10.23,1.9521,1
102,1,583,1,2005-06-01,14.97,3,,,10.74,4.23,1.3935,2
102,1,583,2,2005-06-01,14.97,3,14.97,0.0,10.74,4.23,1.3935,2
102,1,512,1,2005-06-01,9.98,2,,,10.74,-0.76,0.929,3
102,1,142,1,2005-06-01,4.98,2,10.98,-6.0,10.74,-5.76,0.4636,4
102,2,16,1,2005-06-01,17.97,3,9.97,8.0,10.74,7.23,1.6728,1
102,2,85,1,2005-06-01,14.96,4,9.99,4.97,10.74,4.22,1.3926,2
102,2,497,2,2005-06-01,13.98,2,7.99,5.99,10.74,3.24,1.3014,3
102,2,556,2,2005-06-01,13.97,3,5.99,7.98,10.74,3.23,1.3005,4
102,2,252,1,2005-06-01,6.98,2,5.98,1.0,10.74,-3.76,0.6498,5
102,1,477,2,2005-07-01,42.93,7,20.97,21.96,21.12,21.81,2.033,1
102,1,583,2,2005-07-01,34.95,5,14.97,19.98,21.12,13.83,1.6551,2
102,1,512,1,2005-07-01,27.93,7,9.98,17.95,21.12,6.81,1.3227,3
102,1,142,1,2005-07-01,25.94,6,4.98,20.96,21.12,4.82,1.2284,4
102,2,497,1,2005-07-01,35.93,7,13.98,21.95,21.12,14.81,1.7015,1
102,2,16,2,2005-07-01,28.92,8,17.97,10.95,21.12,7.8,1.3695,2
102,2,556,2,2005-07-01,15.95,5,13.97,1.98,21.12,-5.17,0.7553,3
102,2,85,2,2005-07-01,14.96,4,14.96,0.0,21.12,-6.16,0.7084,4
102,2,252,1,2005-07-01,13.95,5,6.98,6.97,21.12,-7.17,0.6606,5
102,1,512,2,2005-08-01,47.91,9,27.93,19.98,15.35,32.56,3.1214,1
102,1,142,2,2005-08-01,21.94,6,25.94,-4.0,15.35,6.59,1.4294,2
102,1,583,2,2005-08-01,17.96,4,34.95,-16.99,15.35,2.61,1.1701,3
102,1,477,2,2005-08-01,12.96,4,42.93,-29.97,15.35,-2.39,0.8444,4
102,2,16,1,2005-08-01,33.95,5,28.92,5.03,15.35,18.6,2.2119,1
102,2,497,1,2005-08-01,15.95,5,35.93,-19.98,15.35,0.6,1.0392,2
102,2,85,1,2005-08-01,14.96,4,14.96,0.0,15.35,-0.39,0.9747,3
102,2,556,1,2005-08-01,12.96,4,15.95,-2.99,15.35,-2.39,0.8444,4
102,2,252,2,2005-08-01,10.96,4,13.95,-2.99,15.35,-4.39,0.7141,5
103,1,276,1,2005-05-01,14.98,2,,,6.19,8.79,2.4216,1
103,1,269,2,2005-05-01,12.96,4,,,6.19,6.77,2.0951,2
103,1,504,2,2005-05-01,10.98,2,,,6.19,4.79,1.775,3
103,1,51,2,2005-05-01,9.98,2,,,6.19,3.79,1.6133,4
103,1,214,1,2005-05-01,8.97,3,,,6.19,2.78,1.45,5
103,1,146,2,2005-05-01,7.99,1,,,6.19,1.8,1.2916,6
103,1,248,2,2005-05-01,7.99,1,,,6.19,1.8,1.2916,6
103,1,330,2,2005-05-01,7.99,1,,,6.19,1.8,1.2916,6
103,1,479,1,2005-05-01,7.99,1,,,6.19,1.8,1.2916,6
103,1,291,1,2005-05-01,7.98,2,,,6.19,1.79,1.29,7
103,1,118,2,2005-05-01,5.99,1,,,6.19,-0.2,0.9683,8
103,1,158,1,2005-05-01,5.99,1,,,6.19,-0.2,0.9683,8
103,1,2,1,2005-05-01,4.99,1,,,6.19,-1.2,0.8067,9
103,1,62,1,2005-05-01,4.99,1,,,6.19,-1.2,0.8067,9
103,1,149,1,2005-05-01,4.99,1,,,6.19,-1.2,0.8067,9
103,1,420,2,2005-05-01,4.99,1,,,6.19,-1.2,0.8067,9
103,1,182,2,2005-05-01,4.98,2,,,6.19,-1.21,0.805,10
103,1,308,2,2005-05-01,3.99,1,,,6.19,-2.2,0.645,11
103,1,305,2,2005-05-01,2.99,1,,,6.19,-3.2,0.4833,12
103,2,14,1,2005-05-01,19.96,4,,,6.19,13.77,3.2266,1
103,2,400,2,2005-05-01,14.97,3,,,6.19,8.78,2.42,2
103,2,593,1,2005-05-01,11.98,2,,,6.19,5.79,1.9366,3
103,2,457,2,2005-05-01,7.99,1,,,6.19,1.8,1.2916,4
103,2,526,2,2005-05-01,7.98,2,,,6.19,1.79,1.29,5
103,2,181,2,2005-05-01,6.99,1,,,6.19,0.8,1.13,6
103,2,6,2,2005-05-01,5.98,2,,,6.19,-0.21,0.9667,7
103,2,537,2,2005-05-01,4.99,1,,,6.19,-1.2,0.8067,8
103,2,561,1,2005-05-01,4.99,1,,,6.19,-1.2,0.8067,8
103,2,561,2,2005-05-01,4.99,1,4.99,0.0,6.19,-1.2,0.8067,8
103,2,112,2,2005-05-01,2.99,1,,,6.19,-3.2,0.4833,9
103,2,275,2,2005-05-01,2.99,1,,,6.19,-3.2,0.4833,9
103,2,382,1,2005-05-01,2.99,1,,,6.19,-3.2,0.4833,9
103,2,382,2,2005-05-01,2.99,1,2.99,0.0,6.19,-3.2,0.4833,9
103,2,294,1,2005-05-01,1.99,1,,,6.19,-4.2,0.3217,10
103,1,149,2,2005-06-01,22.96,4,4.99,17.97,8.81,14.15,2.6052,1
103,1,158,2,2005-06-01,20.97,3,5.99,14.98,8.81,12.16,2.3794,2
103,1,479,2,2005-06-01,20.95,5,7.99,12.96,8.81,12.14,2.3771,3
103,1,305,1,2005-06-01,17.97,3,2.99,14.98,8.81,9.16,2.039,4
103,1,96,2,2005-06-01,15.96,4,,,8.81,7.15,1.8109,5
103,1,146,2,2005-06-01,12.97,3,7.99,4.98,8.81,4.16,1.4717,6
103,1,62,1,2005-06-01,12.95,5,4.99,7.96,8.81,4.14,1.4694,7
103,1,276,2,2005-06-01,11.98,2,14.98,-3.0,8.81,3.17,1.3593,8
103,1,330,1,2005-06-01,11.98,2,7.99,3.99,8.81,3.17,1.3593,8
103,1,214,2,2005-06-01,10.97,3,8.97,2.0,8.81,2.16,1.2447,9
103,1,182,2,2005-06-01,9.98,2,4.98,5.0,8.81,1.17,1.1324,10
103,1,269,2,2005-06-01,9.98,2,12.96,-2.98,8.81,1.17,1.1324,10
103,1,308,2,2005-06-01,9.98,2,3.99,5.99,8.81,1.17,1.1324,10
103,1,504,1,2005-06-01,8.98,2,10.98,-2.0,8.81,0.17,1.0189,11
103,1,140,1,2005-06-01,7.98,2,,,8.81,-0.83,0.9055,12
103,1,140,2,2005-06-01,7.98,2,7.98,0.0,8.81,-0.83,0.9055,12
103,1,118,2,2005-06-01,5.98,2,5.99,-0.01,8.81,-2.83,0.6785,13
103,1,291,1,2005-06-01,5.98,2,7.98,-2.0,8.81,-2.83,0.6785,13
103,1,248,1,2005-06-01,3.99,1,7.99,-4.0,8.81,-4.82,0.4527,14
103,1,420,2,2005-06-01,3.99,1,4.99,-1.0,8.81,-4.82,0.4527,14
103,1,2,1,2005-06-01,2.99,1,4.99,-2.0,8.81,-5.82,0.3393,15
103,1,51,2,2005-06-01,1.99,1,9.98,-7.99,8.81,-6.82,0.2258,16
103,1,63,2,2005-06-01,0.99,1,,,8.81,-7.82,0.1123,17
103,2,526,2,2005-06-01,23.95,5,7.98,15.97,8.81,15.14,2.7175,1
103,2,561,1,2005-06-01,22.94,6,4.99,17.95,8.81,14.13,2.6029,2
103,2,457,1,2005-06-01,18.95,5,7.99,10.96,8.81,10.14,2.1502,3
103,2,537,1,2005-06-01,11.98,2,4.99,6.99,8.81,3.17,1.3593,4
103,2,537,2,2005-06-01,11.98,2,11.98,0.0,8.81,3.17,1.3593,4
103,2,181,2,2005-06-01,10.98,2,6.99,3.99,8.81,2.17,1.2459,5
103,2,212,2,2005-06-01,10.98,2,,,8.81,2.17,1.2459,5
103,2,593,2,2005-06-01,10.98,2,11.98,-1.0,8.81,2.17,1.2459,5
103,2,382,1,2005-06-01,10.96,4,2.99,7.97,8.81,2.15,1.2436,6
103,2,112,1,2005-06-01,9.98,2,2.99,6.99,8.81,1.17,1.1324,7
103,2,275,1,2005-06-01,7.98,2,2.99,4.99,8.81,-0.83,0.9055,8
103,2,400,2,2005-06-01,7.98,2,14.97,-6.99,8.81,-0.83,0.9055,8
103,2,6,1,2005-06-01,5.97,3,5.98,-0.01,8.81,-2.84,0.6774,9
103,2,14,2,2005-06-01,4.99,1,19.96,-14.97,8.81,-3.82,0.5662,10
103,2,294,1,2005-06-01,2.99,1,1.99,1.0,8.81,-5.82,0.3393,11
103,2,294,2,2005-06-01,2.99,1,2.99,0.0,8.81,-5.82,0.3393,11
103,1,51,1,2005-07-01,51.9,10,1.99,49.91,23.24,28.66,2.2329,1
103,1,2,2,2005-07-01,48.92,8,2.99,45.93,23.24,25.68,2.1047,2
103,1,479,2,2005-07-01,46.93,7,20.95,25.98,23.24,23.69,2.0191,3
103,1,63,2,2005-07-01,46.9,10,0.99,45.91,23.24,23.66,2.0178,4
103,1,149,1,2005-07-01,40.92,8,22.96,17.96,23.24,17.68,1.7605,5
103,1,291,2,2005-07-01,36.92,8,5.98,30.94,23.24,13.68,1.5884,6
103,1,269,1,2005-07-01,33.94,6,9.98,23.96,23.24,10.7,1.4602,7
103,1,158,1,2005-07-01,33.9,10,20.97,12.93,23.24,10.66,1.4585,8
103,1,96,1,2005-07-01,32.92,8,15.96,16.96,23.24,9.68,1.4164,9
103,1,504,2,2005-07-01,30.94,6,8.98,21.96,23.24,7.7,1.3312,10
103,1,140,1,2005-07-01,28.94,6,7.98,20.96,23.24,5.7,1.2451,11
103,1,276,2,2005-07-01,27.94,6,11.98,15.96,23.24,4.7,1.2021,12
103,1,308,1,2005-07-01,26.95,5,9.98,16.97,23.24,3.71,1.1595,13
103,1,330,2,2005-07-01,24.93,7,11.98,12.95,23.24,1.69,1.0726,14
103,1,420,2,2005-07-01,23.93,7,3.99,19.94,23.24,0.69,1.0296,15
103,1,305,1,2005-07-01,22.96,4,17.97,4.99,23.24,-0.28,0.9878,16
103,1,182,2,2005-07-01,22.93,7,9.98,12.95,23.24,-0.31,0.9865,17
103,1,118,1,2005-07-01,22.92,8,5.98,16.94,23.24,-0.32,0.9861,18
103,1,146,1,2005-07-01,20.96,4,12.97,7.99,23.24,-2.28,0.9018,19
103,1,214,2,2005-07-01,18.95,5,10.97,7.98,23.24,-4.29,0.8153,20
103,1,62,2,2005-07-01,16.95,5,12.95,4.0,23.24,-6.29,0.7293,21
103,1,248,2,2005-07-01,13.97,3,3.99,9.98,23.24,-9.27,0.601,22
103,2,181,1,2005-07-01,51.92,8,10.98,40.94,23.24,28.68,2.2338,1
103,2,526,2,2005-07-01,47.89,11,23.95,23.94,23.24,24.65,2.0604,2
103,2,400,2,2005-07-01,35.93,7,7.98,27.95,23.24,12.69,1.5459,3
103,2,14,1,2005-07-01,32.91,9,4.99,27.92,23.24,9.67,1.4159,4
103,2,212,2,2005-07-01,29.95,5,10.98,18.97,23.24,6.71,1.2886,5
103,2,112,2,2005-07-01,28.94,6,9.98,18.96,23.24,5.7,1.2451,6
103,2,593,2,2005-07-01,28.92,8,10.98,17.94,23.24,5.68,1.2443,7
103,2,382,1,2005-07-01,27.95,5,10.96,16.99,23.24,4.71,1.2025,8
103,2,294,2,2005-07-01,26.94,6,2.99,23.95,23.24,3.7,1.1591,9
103,2,275,2,2005-07-01,25.94,6,7.98,17.96,23.24,2.7,1.116,10
103,2,537,2,2005-07-01,24.94,6,11.98,12.96,23.24,1.7,1.073,11
103,2,561,1,2005-07-01,18.95,5,22.94,-3.99,23.24,-4.29,0.8153,12
103,2,457,1,2005-07-01,16.95,5,18.95,-2.0,23.24,-6.29,0.7293,13
103,2,6,2,2005-07-01,16.94,6,5.97,10.97,23.24,-6.3,0.7288,14
103,1,63,1,2005-08-01,42.92,8,46.9,-3.98,21.27,21.65,2.0179,1
103,1,146,1,2005-08-01,40.92,8,20.96,19.96,21.27,19.65,1.9239,2
103,1,214,2,2005-08-01,38.92,8,18.95,19.97,21.27,17.65,1.8298,3
103,1,51,2,2005-08-01,34.93,7,51.9,-16.97,21.27,13.66,1.6423,4
103,1,182,1,2005-08-01,34.93,7,22.93,12.0,21.27,13.66,1.6423,4
103,1,308,1,2005-08-01,30.93,7,26.95,3.98,21.27,9.66,1.4542,5
103,1,504,2,2005-08-01,29.92,8,30.94,-1.02,21.27,8.65,1.4067,6
103,1,158,1,2005-08-01,28.93,7,33.9,-4.97,21.27,7.66,1.3602,7
103,1,305,2,2005-08-01,27.93,7,22.96,4.97,21.27,6.66,1.3131,8
103,1,479,2,2005-08-01,26.94,6,46.93,-19.99,21.27,5.67,1.2666,9
103,1,276,2,2005-08-01,26.93,7,27.94,-1.01,21.27,5.66,1.2661,10
103,1,2,1,2005-08-01,25.93,7,48.92,-22.99,21.27,4.66,1.2191,11
103,1,118,2,2005-08-01,23.96,4,22.92,1.04,21.27,2.69,1.1265,12
103,1,269,1,2005-08-01,23.95,5,33.94,-9.99,21.27,2.68,1.126,13
103,1,420,2,2005-08-01,23.95,5,23.93,0.02,21.27,2.68,1.126,14
103,1,140,1,2005-08-01,22.95,5,28.94,-5.99,21.27,1.68,1.079,15
103,1,62,2,2005-08-01,18.96,4,16.95,2.01,21.27,-2.31,0.8914,16
103,1,96,1,2005-08-01,18.95,5,32.92,-13.97,21.27,-2.32,0.8909,17
103,1,149,2,2005-08-01,16.96,4,40.92,-23.96,21.27,-4.31,0.7974,18
103,1,248,2,2005-08-01,11.97,3,13.97,-2.0,21.27,-9.3,0.5628,19
103,1,330,1,2005-08-01,11.96,4,24.93,-12.97,21.27,-9.31,0.5623,20
103,1,291,1,2005-08-01,10.98,2,36.92,-25.94,21.27,-10.29,0.5162,21
103,2,526,1,2005-08-01,49.92,8,47.89,2.03,21.27,28.65,2.347,1
103,2,181,2,2005-08-01,47.89,11,51.92,-4.03,21.27,26.62,2.2516,2
103,2,112,2,2005-08-01,37.93,7,28.94,8.99,21.27,16.66,1.7833,3
103,2,6,1,2005-08-01,37.91,9,16.94,20.97,21.27,16.64,1.7824,4
103,2,294,2,2005-08-01,32.92,8,26.94,5.98,21.27,11.65,1.5478,5
103,2,275,2,2005-08-01,32.9,10,25.94,6.96,21.27,11.63,1.5468,6
103,2,400,2,2005-08-01,25.94,6,35.93,-9.99,21.27,4.67,1.2196,7
103,2,382,2,2005-08-01,24.94,6,27.95,-3.01,21.27,3.67,1.1726,8
103,2,457,1,2005-08-01,24.94,6,16.95,7.99,21.27,3.67,1.1726,8
103,2,593,1,2005-08-01,23.95,5,28.92,-4.97,21.27,2.68,1.126,9
103,2,212,2,2005-08-01,19.94,6,29.95,-10.01,21.27,-1.33,0.9375,10
103,2,14,2,2005-08-01,17.97,3,32.91,-14.94,21.27,-3.3,0.8449,11
103,2,537,1,2005-08-01,17.96,4,24.94,-6.98,21.27,-3.31,0.8444,12
103,2,561,1,2005-08-01,11.96,4,18.95,-6.99,21.27,-9.31,0.5623,13
104,1,539,2,2005-05-01,4.99,1,,,3.12,1.88,1.6019,1
104,1,111,2,2005-05-01,2.99,1,,,3.12,-0.13,0.9599,2
104,1,290,1,2005-05-01,2.99,1,,,3.12,-0.13,0.9599,2
104,2,174,1,2005-05-01,5.99,1,,,3.12,2.88,1.923,1
104,2,113,1,2005-05-01,0.99,1,,,3.12,-2.13,0.3178,2
104,2,113,2,2005-05-01,0.99,1,0.99,0.0,3.12,-2.13,0.3178,2
104,1,111,2,2005-06-01,15.95,5,2.99,12.96,10.05,5.9,1.5873,1
104,1,290,2,2005-06-01,14.97,3,2.99,11.98,10.05,4.92,1.4898,2
104,1,453,2,2005-06-01,10.98,2,,,10.05,0.93,1.0927,3
104,1,539,2,2005-06-01,8.98,2,4.99,3.99,10.05,-1.07,0.8937,4
104,2,113,1,2005-06-01,21.96,4,0.99,20.97,10.05,11.91,2.1854,1
104,2,568,2,2005-06-01,12.96,4,,,10.05,2.91,1.2897,2
104,2,174,2,2005-06-01,9.98,2,5.99,3.99,10.05,-0.07,0.9932,3
104,1,453,2,2005-07-01,35.93,7,10.98,24.95,20.38,15.55,1.7632,1
104,1,539,2,2005-07-01,35.93,7,8.98,26.95,20.38,15.55,1.7632,1
104,1,290,2,2005-07-01,26.93,7,14.97,11.96,20.38,6.55,1.3215,2
104,1,111,2,2005-07-01,17.94,6,15.95,1.99,20.38,-2.44,0.8804,3
104,2,113,2,2005-07-01,32.93,7,21.96,10.97,20.38,12.55,1.616,1
104,2,174,1,2005-07-01,17.96,4,9.98,7.98,20.38,-2.42,0.8813,2
104,2,568,2,2005-07-01,13.96,4,12.96,1.0,20.38,-6.42,0.6851,3
104,1,111,2,2005-08-01,32.93,7,17.94,14.99,16.17,16.76,2.036,1
104,1,453,1,2005-08-01,29.93,7,35.93,-6.0,16.17,13.76,1.8505,2
104,1,290,1,2005-08-01,14.96,4,26.93,-11.97,16.17,-1.21,0.925,3
104,1,539,2,2005-08-01,12.97,3,35.93,-22.96,16.17,-3.2,0.8019,4
104,2,113,2,2005-08-01,21.95,5,32.93,-10.98,16.17,5.78,1.3572,1
104,2,174,1,2005-08-01,20.94,6,17.96,2.98,16.17,4.77,1.2947,2
104,2,568,1,2005-08-01,13.96,4,13.96,0.0,16.17,-2.21,0.8631,3
105,1,472,2,2005-05-01,9.96,4,,,5.65,4.31,1.7623,1
105,1,523,1,2005-05-01,4.99,1,,,5.65,-0.66,0.8829,2
105,2,199,1,2005-05-01,7.99,1,,,5.65,2.34,1.4137,1
105,2,520,1,2005-05-01,6.99,1,,,5.65,1.34,1.2368,2
105,2,532,1,2005-05-01,2.99,1,,,5.65,-2.66,0.529,3
105,1,340,1,2005-06-01,19.95,5,,,10.61,9.34,1.8798,1
105,1,472,1,2005-06-01,17.95,5,9.96,7.99,10.61,7.34,1.6914,2
105,1,523,1,2005-06-01,16.98,2,4.99,11.99,10.61,6.37,1.6,3
105,2,199,1,2005-06-01,8.97,3,7.99,0.98,10.61,-1.64,0.8452,1
105,2,520,2,2005-06-01,6.99,1,6.99,0.0,10.61,-3.62,0.6586,2
105,2,532,1,2005-06-01,4.99,1,2.99,2.0,10.61,-5.62,0.4702,3
105,1,472,2,2005-07-01,28.95,5,17.95,11.0,25.44,3.51,1.1378,1
105,1,523,1,2005-07-01,20.96,4,16.98,3.98,25.44,-4.48,0.8238,2
105,1,340,2,2005-07-01,20.95,5,19.95,1.0,25.44,-4.49,0.8234,3
105,2,520,1,2005-07-01,38.91,9,6.99,31.92,25.44,13.47,1.5293,1
105,2,532,2,2005-07-01,37.93,7,4.99,32.94,25.44,12.49,1.4908,2
105,2,199,2,2005-07-01,30.94,6,8.97,21.97,25.44,5.5,1.216,3
105,1,340,1,2005-08-01,34.92,8,20.95,13.97,23.45,11.48,1.4894,1
105,1,472,2,2005-08-01,27.95,5,28.95,-1.0,23.45,4.51,1.1922,2
105,1,523,1,2005-08-01,18.95,5,20.96,-2.01,23.45,-4.5,0.8083,3
105,2,532,2,2005-08-01,38.91,9,37.93,0.98,23.45,15.47,1.6596,1
105,2,520,1,2005-08-01,33.91,9,38.91,-5.0,23.45,10.46,1.4464,2
105,2,199,1,2005-08-01,15.96,4,30.94,-14.98,23.45,-7.49,0.6807,3
106,1,406,1,2005-05-01,0.99,1,,,0.99,0.0,1.0,1
106,1,406,1,2005-06-01,20.96,4,0.99,19.97,13.47,7.5,1.5566,1
106,1,406,2,2005-07-01,42.88,12,20.96,21.92,34.41,8.47,1.2461,1
106,1,406,2,2005-08-01,18.96,4,42.88,-23.92,12.97,5.99,1.4618,1
107,1,470,2,2005-05-01,2.99,1,,,3.19,-0.2,0.9379,1
107,1,213,2,2005-05-01,0.99,1,,,3.19,-2.2,0.3105,2
107,2,303,2,2005-05-01,4.99,1,,,3.19,1.8,1.5652,1
107,2,210,1,2005-05-01,2.99,1,,,3.19,-0.2,0.9379,2
107,1,213,1,2005-06-01,18.94,6,0.99,17.95,10.12,8.82,1.8721,1
107,1,470,2,2005-06-01,8.98,2,2.99,5.99,10.12,-1.14,0.8876,2
107,2,303,1,2005-06-01,15.97,3,4.99,10.98,10.12,5.85,1.5785,1
107,2,210,2,2005-06-01,3.98,2,2.99,0.99,10.12,-6.14,0.3934,2
107,1,470,1,2005-07-01,70.87,13,8.98,61.89,32.43,38.44,2.1853,1
107,1,213,2,2005-07-01,36.91,9,18.94,17.97,32.43,4.48,1.1381,2
107,2,210,2,2005-07-01,39.9,10,3.98,35.92,32.43,7.47,1.2303,1
107,2,303,1,2005-07-01,20.95,5,15.97,4.98,32.43,-11.48,0.646,2
107,1,470,2,2005-08-01,32.93,7,70.87,-37.94,20.21,12.73,1.6298,1
107,1,213,1,2005-08-01,14.97,3,36.91,-21.94,20.21,-5.24,0.7409,2
107,2,210,2,2005-08-01,43.92,8,39.9,4.02,20.21,23.72,2.1737,1
107,2,303,2,2005-08-01,17.94,6,20.95,-3.01,20.21,-2.27,0.8879,2
108,1,7,1,2005-05-01,10.98,2,,,8.65,2.33,1.2699,1
108,1,553,2,2005-05-01,4.99,1,,,8.65,-3.66,0.5771,2
108,1,553,2,2005-06-01,10.98,2,4.99,5.99,7.73,3.25,1.4204,1
108,1,7,1,2005-06-01,9.96,4,10.98,-1.02,7.73,2.23,1.2885,2
108,1,553,2,2005-07-01,36.9,10,10.98,25.92,32.18,4.72,1.1466,1
108,1,7,2,2005-07-01,32.94,6,9.96,22.98,32.18,0.76,1.0235,2
108,1,7,1,2005-08-01,32.93,7,32.94,-0.01,18.46,14.47,1.7839,1
108,1,553,1,2005-08-01,8.97,3,36.9,-27.93,18.46,-9.49,0.4859,2
109,1,438,1,2005-05-01,6.99,1,,,6.49,0.51,1.0779,1
109,1,438,1,2005-06-01,14.97,3,6.99,7.98,8.97,6.0,1.6689,1
109,1,438,2,2005-07-01,37.91,9,14.97,22.94,27.43,10.48,1.3821,1
109,1,438,2,2005-08-01,30.94,6,37.91,-6.97,23.96,6.99,1.2916,1
